duration_sec,packet_count,total_bytes,median_pkt_size,p10_size,p25_size,p75_size,p90_size,size_variance,up_down_ratio,pct_packets_under_100b,packets_smaller_equal_66b_per_min
0.12,153,46079,96.0,66.0,71.0,154.0,315.00000000000006,474763.8142594728,0.6498910675381263,0.5163398692810458,14500.0
1.16,1684,808269,114.0,66.0,73.0,293.0,1408.0,719513.8619094199,0.6982402220790165,0.4412114014251782,11896.551724137933
2.66,3785,1527688,112.0,66.0,72.0,191.0,1322.0,588418.5048835963,0.6280805484147386,0.4472919418758256,14187.969924812029
6.13,8872,4775337,112.0,66.0,71.0,494.0,1679.0,1150447.6146266258,0.5884355988707728,0.4558160504959423,15543.230016313213
1.84,2258,1002560,106.5,66.0,73.0,247.25,1393.0,676450.6811211942,0.7112643503959383,0.4574844995571302,10891.304347826086
3.42,4918,1948896,103.0,66.0,70.0,158.0,1322.0,611646.7164446083,0.7137953032316275,0.4758031720211468,16947.36842105263
5.43,7532,3110103,103.0,66.0,72.0,201.0,1322.0,611802.5028027522,0.7214224162693169,0.469198088157196,14441.988950276243
1.45,2725,1015994,103.0,66.0,70.0,147.0,1322.0,540179.2575525966,0.7048675017991224,0.4910091743119266,25903.44827586207
0.75,1235,457717,103.0,66.0,72.0,152.0,1322.0,548387.5778563818,0.6872275771034141,0.47692307692307695,18880.0
0.03,43,12170,96.0,66.0,72.0,161.0,557.2000000000019,302674.2087614927,1.013922227556409,0.5348837209302325,18000.0
0.63,895,275598,103.0,66.0,67.0,147.0,1294.0,389889.4946424893,0.6706521945748665,0.4949720670391061,20952.38095238095
4.94,7154,2787472,100.0,66.0,70.0,164.0,1322.0,583686.1808465682,0.7518861737332472,0.4984623986580934,18753.036437246963
3.28,4608,1989729,103.0,66.0,71.0,195.0,1322.0,662673.9745038351,0.7444211621113167,0.482421875,16609.756097560978
7.34,10016,3840005,103.0,66.0,68.0,174.0,1322.0,544295.5375687139,0.7267358854474141,0.4866214057507987,19536.784741144413
8.87,13970,5209661,101.0,66.0,66.0,147.0,1322.0,533876.606621147,0.7196044102471622,0.4914101646385111,23783.540022547917
8.74,15756,5495787,103.0,66.0,67.0,147.0,1322.0,506527.6367020062,0.6851536455933609,0.47797664381822796,26711.6704805492
3.19,5432,2011142,104.0,66.0,70.0,149.25,1322.0,547335.909411392,0.6826089399074924,0.47091310751104565,23416.92789968652
4.8,8187,3034699,103.0,66.0,70.0,156.0,1322.0,542952.1377813161,0.6954752460702218,0.47526566507878343,23650.0
3.31,5530,1800970,100.0,66.0,69.0,147.0,1322.0,423244.7887119084,0.7116209662376423,0.49602169981916816,24054.380664652566
7.25,12103,4160574,103.0,66.0,69.0,147.0,1322.0,475773.2994391846,0.6738662579156797,0.4845905973725523,23031.724137931033
4.88,7045,2852293,103.0,66.0,71.0,195.0,1322.0,555085.4675235596,0.6823641348092157,0.4679914833215046,17409.83606557377
4.3,5612,2104457,103.0,66.0,70.0,158.0,1322.0,548374.8725357319,0.6963776789349464,0.48129009265858874,17888.372093023256
8.38,11828,4727120,103.0,66.0,70.0,162.0,1322.0,595291.6985650713,0.7541064433541508,0.48486641866756847,18501.193317422432
5.69,8140,3346372,103.0,66.0,70.0,183.75,1322.0,588129.4082260682,0.7682708817959911,0.4837837837837838,17546.572934973636
4.69,5375,2037966,100.0,66.0,69.0,153.5,1322.0,548556.3634256441,0.7251258581235698,0.49209302325581394,15530.916844349678
4.39,4738,1873984,100.0,66.0,69.0,159.0,1322.0,570130.0692640499,0.764408228389082,0.4989447024060785,14200.455580865606
8.43,10651,3968352,100.0,66.0,68.0,153.0,1322.0,510933.5792128297,0.7421754780351384,0.4976997465026758,17644.128113879004
0.97,1099,397994,103.0,66.0,67.0,174.0,1322.0,440187.4666571728,0.708387787557669,0.4767970882620564,16639.17525773196
2.98,3607,1510428,108.0,66.0,71.0,242.0,1322.0,580870.9880605965,0.71837833972877,0.4543942334349875,13993.288590604028
9.09,12509,4825002,100.0,66.0,70.0,162.0,1322.0,570579.3377816881,0.7395546840514753,0.49092653289631466,16706.270627062706
9.69,13299,4643335,100.0,66.0,69.0,148.0,1322.0,468031.79727939295,0.7236590810032624,0.49432288141965564,18860.681114551084
7.38,9338,3406379,99.0,66.0,69.0,154.0,1322.0,521180.9163085555,0.7249266873259356,0.5001070893124866,17430.89430894309
9.1,10964,4341517,100.0,66.0,67.0,154.0,1322.0,594998.6992247505,0.7797287963063947,0.4846771251368114,17703.296703296703
2.25,2582,1126242,103.0,66.0,67.0,189.75,1393.0,672907.2831177652,0.7551781219218562,0.46630518977536795,16666.666666666668
3.96,4908,2213349,103.0,66.0,70.0,183.0,1408.0,734993.7815503305,0.7608598994349997,0.46943765281173594,16515.151515151516
4.43,7196,2750397,96.0,66.0,68.0,149.0,1322.0,569306.7439990246,0.7487435301177706,0.513201778765981,23539.503386004515
1.89,2561,884790,103.0,66.0,66.0,147.0,1322.0,467981.94836310303,0.6585290664497806,0.4810620851229988,20539.68253968254
8.33,11102,3911145,103.0,66.0,67.0,147.0,1322.0,499834.1144709847,0.7166048908802578,0.4910826878039993,19699.87995198079
9.79,13788,5765704,103.0,66.0,70.0,183.0,1391.0,640360.0810582798,0.7404280193965875,0.47541340295909484,17926.455566905006
9.98,13625,5514620,100.0,66.0,69.0,166.0,1386.0,593462.7632548101,0.7329999263212729,0.48858715596330277,18565.13026052104
5.87,8409,3750233,104.0,66.0,70.0,183.0,1408.0,720487.2445123148,0.7364163385990266,0.46355095730764656,18858.603066439522
0.62,1099,503176,110.0,66.0,70.0,147.0,1435.8000000000009,897710.0335999059,0.7372402551157675,0.44767970882620567,22548.387096774193
1.54,2052,901370,108.5,66.0,70.0,195.0,1393.0,685945.2411501735,0.6741741618634549,0.46539961013645226,17844.155844155845
0.29,470,144313,103.0,66.0,66.0,155.0,1322.0,355066.2210095065,0.6369363629928506,0.4765957446808511,25448.275862068967
8.48,12364,4877114,103.0,66.0,70.0,157.0,1322.0,616007.0074452752,0.7322545466437089,0.48487544483985767,19627.358490566035
7.98,10985,4114763,103.0,66.0,71.0,163.0,1322.0,538260.4418455837,0.689134549742444,0.4691852526172053,15714.285714285714
0.69,986,386080,110.0,66.0,71.0,187.0,1322.0,548032.889174611,0.743756499057086,0.4513184584178499,17391.304347826088
5.25,7276,3091942,104.0,66.0,71.0,170.0,1322.0,713146.6875186058,0.7123564246630852,0.468389224848818,15600.000000000002
9.05,12946,4563695,103.0,66.0,69.0,151.0,1322.0,484527.4156043408,0.7019265187496327,0.4893403367835625,19882.872928176796
8.15,9661,3573357,103.0,66.0,70.0,156.0,1322.0,492807.37736260577,0.7012928937351536,0.48142014284235585,15879.754601226994
5.36,8041,3156311,100.0,66.0,71.0,154.0,1322.0,566401.6000886268,0.7353641543047642,0.48439248849645566,17037.31343283582
2.28,2546,1166720,103.0,66.0,72.0,154.0,1408.0,807092.0656051203,0.7563280057151662,0.47172034564022,11973.684210526317
3.02,4562,2062557,103.0,66.0,71.0,189.0,1408.0,703732.9835000205,0.7123228951311572,0.47194213064445417,17304.635761589405
8.15,11543,4785547,103.0,66.0,71.0,158.0,1322.0,637016.569318903,0.77141324785392,0.4808975136446331,15386.503067484662
9.36,14076,5310320,103.0,66.0,71.0,153.0,1322.0,564326.5054115356,0.7224356704987982,0.48117362887183857,18429.48717948718
6.06,51400,23000653,206.0,76.0,156.0,353.0,1472.0,1077126.506070868,0.11752048032556738,0.18268482490272372,29504.950495049507
8.94,12510,4458816,103.0,66.0,71.0,155.0,1322.0,464022.6449019777,0.6905164218635806,0.48257394084732214,16093.959731543624
0.11,234,98811,111.5,66.0,73.0,241.25,1322.0,648469.367685733,0.7314319231615221,0.44017094017094016,14727.272727272728
2.57,3369,1398230,103.0,66.0,72.0,193.0,1322.0,611775.0229507758,0.7206406153877967,0.4817453250222618,12887.159533073931
6.63,8427,3237229,103.0,66.0,70.0,158.0,1322.0,540060.9735737981,0.7302139724042614,0.48297140144772754,15339.366515837104
9.1,10186,3840937,100.0,66.0,69.0,155.0,1322.0,510375.4048488512,0.7386575350112692,0.4941095621441194,14848.351648351649
5.56,5776,2503584,103.0,66.0,73.0,245.5,1393.0,606350.151860598,0.7517010436730943,0.46814404432132967,10154.676258992806
3.55,3881,1444356,103.0,66.0,70.0,147.0,1322.0,524604.3560090747,0.7052912580185794,0.49111053852099973,13622.535211267606
1.75,2032,726910,96.0,66.0,69.0,147.0,1322.0,478561.10004398134,0.8467342384932491,0.5359251968503937,14468.571428571428
4.38,6621,2930216,104.0,66.0,72.0,243.0,1393.0,616580.7811752919,0.667764306364552,0.45808790212958767,17095.890410958906
8.05,63627,14351221,206.0,66.0,158.0,206.0,206.0,151862.51689076071,0.15230318656082553,0.2079148789036101,66454.65838509316
1.58,1906,611821,100.0,66.0,71.0,149.0,1238.5,398881.56924810255,0.6990983984590481,0.49055613850996854,14506.32911392405
6.75,59351,14053330,206.0,66.0,206.0,206.0,206.0,176672.38870167243,0.11492950672634307,0.16484979191589022,60080.0
8.86,13140,4551580,103.0,66.0,71.0,158.0,1322.0,429218.4381564651,0.6754293408250853,0.4813546423135464,17512.415349887135
0.95,1177,456957,105.0,66.0,72.0,178.0,1322.0,540057.4986519448,0.7180110658124635,0.43840271877655057,12694.736842105265
2.4,3117,1189003,104.0,66.0,72.0,195.0,1322.0,493384.76664022484,0.6790532326992377,0.465832531280077,12925.0
5.07,6669,2341722,103.0,66.0,70.0,149.0,1322.0,465913.36253283016,0.711987915029508,0.47998200629779575,17207.100591715975
2.63,2591,1091006,98.0,66.0,71.0,244.0,1386.0,572647.0753856424,0.8572035730249804,0.500578927055191,9741.444866920154
4.05,4093,1877310,103.0,66.0,72.0,297.0,1394.0,681073.1927042701,0.7896380048595278,0.4822868311751771,8844.444444444445
9.47,10869,4475078,103.0,66.0,71.0,195.0,1322.0,580206.0295637469,0.7534652232196996,0.485509246480817,13298.838437170009
6.12,6989,2718271,100.0,66.0,70.0,183.0,1322.0,536043.7343004575,0.7303287035048399,0.49449134353984836,13245.098039215685
1.29,1519,644786,103.0,66.0,73.0,234.5,1322.0,575812.4313213234,0.7035356485017297,0.467412771560237,11162.790697674418
6.53,7076,2812269,103.0,66.0,72.0,178.25,1322.0,554983.9394453652,0.7148424200710806,0.4792255511588468,11531.393568147014
7.93,8501,3301643,103.0,66.0,71.0,159.0,1322.0,533102.839039301,0.7368533659039168,0.4880602282084461,10834.804539722574
1.28,1448,580873,100.0,66.0,71.0,183.0,1391.6,549713.0967113145,0.7410229440829705,0.4889502762430939,13031.25
9.31,71052,16026538,206.0,66.0,131.0,206.0,206.0,164985.94780320855,0.16935353760998798,0.22812869447728423,79585.39205155746
9.49,12658,4713596,103.0,66.0,70.0,170.0,1322.0,514630.42128356476,0.7049219333295045,0.48570074261336704,16748.155953635403
0.78,1104,387138,103.0,66.0,67.75,147.0,1322.0,478002.19987594517,0.6658985821159193,0.4882246376811594,20461.53846153846
0.02,31,9164,103.0,66.0,74.0,147.0,1322.0,199911.91467221652,0.7248707639287766,0.4838709677419355,15000.0
3.34,4940,1830660,100.0,66.0,70.0,174.0,1322.0,466470.5061154912,0.777436752196372,0.4902834008097166,18970.05988023952
2.33,2469,939960,103.0,66.0,71.0,183.0,1322.0,485134.65603667736,0.7213093846317356,0.4844066423653301,11433.476394849784
3.46,4606,1760207,103.0,66.0,71.0,153.0,1322.0,533913.2318734046,0.7024734982332156,0.47351280937907075,15919.075144508672
2.77,5042,1862610,100.0,66.0,69.0,156.0,1322.0,489047.6876879196,0.7227714174563037,0.48829829432764776,24043.32129963899
1.26,2337,1015434,101.0,66.0,73.0,326.0,1322.0,516369.0852485797,0.8466025564921446,0.43859649122807015,17190.47619047619
3.76,6387,2941004,104.0,66.0,74.0,646.5,1322.0,488078.6707183639,0.7341486792574069,0.4181932049475497,14473.40425531915
2.85,4006,1758852,108.0,66.0,72.0,250.0,1390.0,641087.5721759348,0.7521750166299058,0.46155766350474287,14000.0
5.67,8381,3461127,103.0,66.0,72.0,242.0,1322.0,560671.5267755328,0.7734136263173068,0.47500298293759696,16116.402116402116
8.65,18357,7537105,100.0,66.0,71.0,226.0,1322.0,522504.35840679414,0.7941223994551829,0.4624938715476385,23403.468208092487
0.98,2254,978691,103.0,66.0,73.0,553.25,1322.0,442002.9818776282,0.782557193736131,0.4454303460514641,22897.959183673473
6.66,11198,4220644,100.0,66.0,70.0,158.0,1322.0,466611.38134852424,0.7523130798646438,0.47928201464547243,20918.91891891892
0.51,794,307090,103.0,66.0,70.0,201.0,1322.0,465108.3595543402,0.682512586702392,0.4924433249370277,20117.647058823528
6.05,10387,3511284,103.0,66.0,68.0,147.0,1322.0,434673.94608673226,0.6943079242297573,0.4832001540387022,24347.10743801653
1.06,1579,608061,103.0,66.0,71.0,167.0,1322.0,477967.8318558054,0.6830505923584682,0.4616846105129829,16641.509433962263
6.98,13496,5104288,100.0,66.0,71.0,170.0,1322.0,441690.1669448086,0.7603108474927751,0.4770302311796088,22581.661891117477
7.41,10793,3966441,101.0,66.0,71.0,162.0,1322.0,483316.5018283252,0.7176207925837843,0.48420272398776987,16825.91093117409
5.63,8204,3330516,103.0,66.0,71.0,183.0,1322.0,571701.6741146831,0.719038104177835,0.4683081423695758,17008.880994671403
2.24,3046,1149779,96.0,66.0,69.0,155.0,1322.0,553563.4901746217,0.7657353904807291,0.5068942875902823,15830.357142857141
3.65,4998,1763871,103.0,66.0,70.0,147.0,1322.0,451920.887795094,0.6920505760352882,0.4677871148459384,18953.424657534248
4.58,7058,2624832,103.0,66.0,70.0,149.0,1322.0,512533.40005288325,0.681579377046976,0.46174553697931425,20148.471615720522
7.23,8767,3868874,103.0,66.0,71.0,183.0,1394.0,698365.30920827,0.781291891032195,0.48214896771985855,13402.489626556015
9.04,14824,8412246,116.0,66.0,71.0,1322.0,1679.0,649324.0357908945,0.5679294356882288,0.42566109012412306,18869.469026548675
2.56,2886,1139180,103.0,66.0,71.0,164.0,1322.0,568049.8724009471,0.7042491013939645,0.47955647955647956,13171.875
1.33,1952,894961,103.0,66.0,71.0,270.5,1408.0,679173.541755986,0.8214443079865376,0.4451844262295082,15699.248120300752
5.54,8311,3308062,103.0,66.0,70.0,195.0,1322.0,532899.8558892156,0.7519875550681857,0.4651666466129226,18833.935018050543
9.92,13604,5546732,103.0,66.0,71.0,245.0,1322.0,556447.2793059637,0.7042993381361794,0.4703763598941488,15066.532258064517
3.92,4773,1899441,103.0,66.0,72.0,174.0,1322.0,569078.5525863519,0.7270243881032572,0.4783155248271527,12489.795918367348
0.15,192,57874,113.0,66.0,72.5,147.0,1322.0,322792.55718315975,0.646531667384748,0.4583333333333333,16800.0
0.23,278,99966,104.5,66.0,72.0,237.5,1322.0,406955.6232079085,0.5215906587354042,0.4676258992805755,10695.652173913042
1.03,1286,436843,114.0,66.0,71.0,161.0,1322.0,410455.0034544769,0.6308530498723663,0.4572317262830482,14796.116504854368
8.4,11654,4614702,103.0,66.0,72.0,195.0,1322.0,537561.4602004675,0.7500333786473758,0.47580229963960874,14142.857142857141
4.87,6568,2671851,103.0,66.0,71.0,195.0,1322.0,567576.2864951604,0.7782708748755448,0.4805115712545676,14266.94045174538
5.66,7168,2859392,103.0,66.0,72.0,195.0,1322.0,576040.0740593112,0.7176009147862995,0.4833984375,13134.275618374557
7.89,10430,3975579,102.0,66.0,71.0,158.0,1322.0,539289.8931650348,0.7325207675721711,0.48168744007670183,15657.794676806083
2.86,3770,1193891,110.0,66.0,73.0,147.0,1294.0,408900.0991176326,0.5967922830569261,0.46684350132625996,14601.398601398603
7.54,9560,3651544,103.0,66.0,73.0,183.0,1322.0,509251.4141434849,0.6939381161849153,0.475836820083682,11872.679045092837
6.09,7969,3226032,103.0,66.0,71.0,201.0,1322.0,579757.1944356915,0.7508611227613039,0.48851800727820305,14059.113300492612
9.17,12060,4975140,103.0,66.0,71.0,191.5,1378.0,585552.9336971856,0.7477767916443807,0.4806799336650083,14388.222464558343
3.91,4700,2195092,103.0,66.0,71.0,317.0,1393.0,652365.2319482118,0.7959276087557179,0.4623404255319149,12521.739130434784
6.63,8471,3561335,100.0,66.0,70.0,179.0,1393.0,658232.0449141718,0.7787770709374303,0.4922677369850077,14995.475113122171
9.28,11121,4706133,103.0,66.0,71.0,195.0,1386.0,628240.8646775748,0.7633186481961703,0.4763960075532776,13745.689655172415
1.81,1952,839264,103.0,66.0,71.0,195.0,1322.0,672101.5467616231,0.776891397899218,0.49026639344262296,12994.475138121546
6.02,6648,2851741,103.0,66.0,70.0,220.5,1393.0,625841.5008308237,0.7475200944118398,0.4721720818291215,14102.990033222592
3.05,3660,1540585,96.0,66.0,70.0,203.25,1322.0,569938.0842451999,0.8336473547757784,0.507103825136612,13475.409836065575
7.68,8752,3598200,100.0,66.0,70.0,183.0,1376.2000000000098,609358.6033612792,0.7740440300483156,0.49748628884826324,14203.125
3.8,4996,2327860,103.0,66.0,73.0,269.0,1393.0,716142.378453283,0.7954661759742169,0.47738190552441956,11305.263157894738
1.47,1913,827740,103.0,66.0,73.0,333.0,1322.0,576034.9041561998,0.7438163193997462,0.47882906429691585,10571.42857142857
5.38,7356,2759970,100.0,66.0,71.0,158.0,1322.0,535428.3760521758,0.741008789370814,0.48776508972267535,15925.65055762082
2.97,3495,1208401,103.0,66.0,71.0,165.5,1322.0,433589.721010313,0.6736556784316369,0.463519313304721,14585.858585858585
6.7,9970,3805373,100.0,66.0,70.0,183.0,1322.0,539244.3748237792,0.738516804611213,0.49247743229689067,19244.776119402984
5.36,6771,2758703,105.0,66.0,71.0,311.0,1322.0,515237.58422587265,0.6817439561617608,0.4604932801654113,14619.402985074626
9.02,8235,4017128,100.0,66.0,72.0,408.0,1408.0,717999.5664242947,0.8579421087735302,0.4880388585306618,7443.458980044346
0.74,744,337084,100.0,66.0,71.0,362.0,1393.7,571227.5058677304,0.8372868510799545,0.4879032258064516,11513.513513513513
1.18,1373,661533,98.0,66.0,71.0,501.0,1431.0,623225.5938675815,0.7789609466521001,0.5010924981791697,12711.864406779661
9.27,9917,4330305,103.0,66.0,71.0,245.0,1393.0,613495.2985590626,0.7811115894547126,0.48089139860845015,10724.919093851133
9.38,10413,4165625,101.0,66.0,70.0,195.0,1322.0,556974.3894798708,0.7749073266179463,0.49063670411985016,13029.850746268656
7.26,8669,3430821,101.0,66.0,70.0,189.0,1322.0,537074.0826896197,0.751927682631754,0.49244434190794784,15644.628099173555
7.18,8790,3140493,103.0,66.0,71.0,158.0,1322.0,465332.5853078079,0.6930699452761883,0.48111490329920364,15108.635097493037
3.33,4134,1374241,100.0,66.0,69.0,155.0,1322.0,417667.62158925395,0.7203475216667378,0.49758103531688436,16342.342342342343
3.37,4792,1805958,103.0,66.0,70.0,220.0,1354.0,468670.4270081118,0.6432008709098095,0.47996661101836396,17946.587537091986
3.95,4955,1674803,96.0,66.0,69.0,149.0,1322.0,436828.94065911055,0.731234466213227,0.5083753784056508,16815.18987341772
4.16,4171,1622485,103.0,66.0,71.0,195.0,1322.0,508278.31065040716,0.7263577269867897,0.482378326540398,13110.576923076924
1.1,1340,530493,100.0,66.0,70.0,159.0,1322.0,646534.3931894631,0.7861441681871408,0.49701492537313435,15272.727272727272
5.42,7265,2657183,100.0,66.0,70.0,170.0,1322.0,492444.88307649305,0.7306030087309526,0.4931865106675843,18276.752767527676
5.94,7702,2944588,103.0,66.0,70.0,183.0,1322.0,525242.9814477228,0.7063420722407333,0.48883406907296806,17181.81818181818
1.81,2467,949744,103.0,66.0,70.0,177.0,1322.0,563313.8864798066,0.7149798597222613,0.47709768950141873,18364.6408839779
8.8,12824,4660703,101.0,66.0,70.0,158.0,1322.0,507913.83791633643,0.7279281282295154,0.4896288209606987,19718.18181818182
8.68,11428,4124927,98.0,66.0,70.0,157.0,1322.0,476469.48367710324,0.7541042359613438,0.502187609380469,16721.19815668203
9.43,11221,4352895,103.0,66.0,71.0,195.0,1322.0,524884.722587692,0.7174395197275807,0.48427056412084485,13584.305408271475
7.7,8770,3232541,100.0,66.0,70.0,158.0,1322.0,467923.5172465087,0.7593664860578289,0.488369441277081,14968.83116883117
3.23,3309,1437294,103.0,66.0,72.0,288.0,1390.2000000000003,576088.2657852003,0.7374355926537153,0.4738591719552735,10495.356037151703
6.49,7507,2945197,100.0,66.0,70.0,155.0,1322.0,547164.3609236148,0.759487333053842,0.4962035433595311,14468.412942989213
7.15,7524,3102339,103.0,66.0,71.0,226.0,1322.0,564505.7581829057,0.7585953779124834,0.47993088782562465,12218.181818181818
2.84,3620,1432926,101.0,66.0,71.0,183.0,1322.0,553025.2117490309,0.7581152193622137,0.4850828729281768,14746.478873239437
7.61,9006,3781060,100.0,66.0,70.0,178.0,1383.5,648113.754531795,0.7702462040868597,0.49133910726182545,15169.513797634692
7.38,8472,3395208,103.0,66.0,69.0,174.0,1322.0,552071.4824310443,0.7408230949758731,0.4840651558073654,16000.0
8.5,12219,4433841,101.0,66.0,70.0,154.0,1322.0,498011.11887780397,0.7173288908353442,0.48948359112857026,19044.70588235294
5.32,7096,2239243,96.0,66.0,66.0,147.0,1296.0,407421.0612774961,0.7110476384273884,0.5090191657271702,20030.075187969924
4.86,6002,2178264,103.0,66.0,71.0,158.0,1322.0,485319.4902428947,0.6931880888050207,0.48200599800066646,14567.9012345679
9.12,10337,4118799,100.0,66.0,70.0,199.0,1322.0,539549.0829542811,0.7718036815399668,0.490664602882848,14065.789473684212
2.97,2541,1128982,104.0,66.0,70.0,226.0,1408.0,688452.069969695,0.7459523578296037,0.4769775678866588,11030.30303030303
7.6,6430,2934984,100.0,66.0,72.0,328.0,1408.0,631399.0205999772,0.8261099549080818,0.48942457231726283,6947.368421052633
9.35,9719,3885244,101.0,66.0,71.0,204.0,1322.0,539316.8664345992,0.7796715716527002,0.4845148677847515,10844.919786096258
0.3,389,134096,103.0,66.0,72.0,151.0,1322.0,431007.9549038137,0.7410374796306355,0.4781491002570694,14200.0
4.03,5147,1876524,100.0,66.0,70.0,164.0,1322.0,498701.55949236616,0.7545532211664197,0.49970856809792114,15096.774193548386
0.15,140,50969,103.0,66.0,72.75,168.75,1322.0,520554.5315816327,0.6002096191918016,0.4928571428571429,9600.0
1.5,1602,576904,103.0,66.0,71.0,183.0,1322.0,502183.6147730443,0.7147777082028804,0.4818976279650437,13520.0
6.93,9302,3781973,103.0,66.0,71.0,226.0,1322.0,571305.3729635942,0.6952288825787125,0.4700064502257579,14839.826839826841
9.18,11497,4423107,103.0,66.0,73.0,199.0,1322.0,523664.1760506155,0.716822703423556,0.4805601461250761,10954.248366013073
7.34,9018,3510066,103.0,66.0,71.0,158.0,1322.0,576508.6415614103,0.7276910733134175,0.48358837879795963,13455.040871934605
6.68,9211,3227100,104.0,66.0,71.0,154.0,1322.0,495062.63416276843,0.6525294510252918,0.46563890999891433,15637.724550898205
5.7,7092,2513809,98.0,66.0,67.0,147.0,1322.0,480023.4740387912,0.7482487992848738,0.5026790750141004,18400.0
1.66,2022,647261,101.0,66.0,68.0,147.0,1322.0,391883.798637588,0.6882721819077885,0.480217606330366,17566.265060240963
6.18,8350,2979711,102.0,66.0,67.0,155.0,1322.0,483328.11223391304,0.7100810866829831,0.49077844311377244,19640.776699029127
9.18,12075,4327874,103.0,66.0,69.0,157.0,1322.0,479549.70697168924,0.7006982665850852,0.48795031055900623,18562.091503267973
9.68,15340,5138211,103.0,66.0,66.0,147.0,1322.0,443470.2470699733,0.6835901354854663,0.49315514993481097,24948.347107438018
0.56,934,235547,90.0,66.0,66.0,147.0,527.9000000000008,255078.01359192806,0.6335274542429284,0.5203426124197003,31178.571428571428
2.11,2878,961256,103.0,66.0,66.0,147.0,1294.0,501023.7442649203,0.6659063511948378,0.48992355802640725,21270.142180094786
6.64,8734,3282215,100.0,66.0,70.0,157.0,1322.0,529195.7557480617,0.7224870065355262,0.49496221662468515,15451.807228915663
4.2,4905,2053384,103.0,66.0,72.0,252.0,1356.2000000000025,569014.5917128396,0.7702053744763462,0.48705402650356777,12042.857142857141
2.12,2212,919507,96.0,66.0,69.0,183.75,1322.0,599202.7725465486,0.8455366098294884,0.5257685352622061,11886.792452830188
1.96,2087,950715,103.0,66.0,72.0,220.0,1408.0,727538.8405198037,0.7772069408407969,0.48203162434115954,10867.346938775512
4.13,4805,1912318,103.0,66.0,71.0,178.0,1322.0,574859.4270387355,0.7171533045502246,0.47762747138397504,14208.232445520582
9.72,12117,4807672,100.0,66.0,70.0,179.0,1322.0,572166.2298061562,0.7509873145927899,0.49566724436741766,15364.197530864198
3.04,3854,1652901,103.0,66.0,71.0,221.25,1393.0,647444.0412288407,0.7451784135824239,0.47197716658017647,14940.789473684212
5.57,6792,2414784,100.0,66.0,71.0,158.0,1322.0,468395.63314874703,0.7000495456611792,0.499263839811543,13044.88330341113
9.12,11099,4173098,103.0,66.0,72.0,199.0,1322.0,500207.19475354545,0.6899776467947595,0.4757185332011893,12197.368421052632
0.62,518,211693,114.0,66.0,73.0,328.0,1322.0,510043.49394388864,0.6653004162297843,0.44015444015444016,7354.8387096774195
7.77,8723,3473419,103.0,66.0,72.0,201.0,1322.0,558462.6483083373,0.7481128141495713,0.4826321219763843,10471.04247104247
3.14,3025,1255076,103.0,66.0,72.0,226.0,1322.0,583852.4963457688,0.7550435828955478,0.47966942148760333,8980.891719745223
5.43,6311,2667127,102.0,66.0,71.0,183.0,1393.0,617678.8726708549,0.8066658900958095,0.47963872603390906,12762.43093922652
9.98,13965,6253254,110.0,66.0,70.0,293.0,1483.0,570744.1783647088,0.6188453245468292,0.4656641604010025,17717.434869739478
2.12,2847,1163798,103.0,66.0,71.0,244.0,1322.0,564366.0118700982,0.7534504548469037,0.47804706708816297,16301.88679245283
2.5,3244,1220753,103.0,66.0,70.0,165.0,1322.0,518927.4929608261,0.7013313357983765,0.48304562268803947,16272.0
3.54,4455,1711905,104.0,66.0,70.0,190.5,1322.0,541423.2008525209,0.6759026124206761,0.47586980920314254,16355.93220338983
6.18,9292,3627367,103.0,66.0,71.0,204.0,1322.0,515928.56569488026,0.7609263340744057,0.48869995695221696,17514.56310679612
0.53,543,214647,104.0,66.0,71.0,160.5,1404.8000000000002,576629.6089659453,0.7297817097797865,0.4861878453038674,12792.452830188678
9.98,13191,4790830,100.0,66.0,70.0,159.0,1322.0,474414.83817212936,0.7232841452535209,0.48517928890910467,16629.258517034068
8.25,10429,3845483,103.0,66.0,72.0,164.0,1322.0,484024.7234206202,0.7170103127145705,0.4811583085626618,13221.81818181818
4.96,11539,6798987,201.0,66.0,76.0,1322.0,1329.0,432000.1242224988,0.32504535099561255,0.3126787416587226,15435.483870967742
0.51,683,229539,110.0,66.0,66.0,148.5,1322.0,430714.60496603354,0.6496490418478129,0.4612005856515373,20588.235294117647
2.11,3556,1453443,100.0,66.0,73.0,244.0,1322.0,472298.040858319,0.9064264121095231,0.4642857142857143,17317.535545023697
0.6,761,342383,103.0,66.0,72.0,405.0,1322.0,513173.64402257913,0.9254040927832444,0.4336399474375821,15500.0
4.54,5695,2531839,103.0,66.0,73.0,379.0,1322.0,531051.4546122048,0.8111867670281416,0.44073748902546095,10599.118942731277
9.4,13123,5103933,100.0,66.0,71.0,174.5,1322.0,509107.10907117894,0.7825842222674008,0.48426426884096624,16595.74468085106
9.47,13085,5064123,102.0,66.0,70.0,201.0,1322.0,477264.9714961564,0.7659700064906227,0.47046236148261367,18038.014783526924
6.66,9103,3713055,100.0,66.0,70.0,252.0,1322.0,504730.68063841347,0.7857115745355823,0.48192903438426893,16693.693693693695
3.24,2430,1398440,103.0,66.0,73.0,1294.0,1451.0,813111.2729394232,0.8650431409373244,0.4617283950617284,4648.148148148148
8.53,7148,3548487,100.0,66.0,73.0,494.0,1408.0,736977.7225407358,0.8431873021553391,0.4923055400111919,5725.67409144197
7.37,7532,3456621,103.0,66.0,73.0,341.0,1408.0,621610.8091233291,0.8326270297486679,0.482607541157727,8246.947082767978
3.25,4182,1713864,103.0,66.0,73.0,183.0,1322.0,577128.6177269941,0.7484915335334742,0.48230511716881874,11852.307692307691
8.85,11143,4764059,103.0,66.0,72.0,236.0,1393.0,627539.0059611996,0.7384870545319376,0.47599389751413446,11783.050847457627
2.0,1890,814598,103.0,66.0,72.0,285.5,1408.0,596624.9650614484,0.7164458988665925,0.4708994708994709,8340.0
4.29,4980,2145053,107.0,66.0,72.0,245.0,1408.0,565335.8625300801,0.7040196640495996,0.4642570281124498,11566.433566433567
0.93,1469,682887,96.0,66.0,70.0,316.0,1444.0,615692.986597997,0.8725637377126222,0.5071477195371,13806.451612903224
3.83,5291,2099527,103.0,66.0,73.0,205.5,1322.0,528606.1634851277,0.7367712396245828,0.474957474957475,12313.315926892948
6.71,8855,3186045,101.0,66.0,71.0,158.0,1322.0,474802.0401096657,0.6923401803821735,0.48921513269339356,14459.016393442624
3.12,4399,1762961,103.0,66.0,72.0,183.0,1322.0,551770.9172699928,0.7200318284415487,0.4714707888156399,14346.153846153846
4.82,6478,2289153,102.0,66.0,71.0,157.0,1322.0,486835.5701918079,0.687450097219238,0.48564371719666566,16331.950207468879
5.77,7942,3113859,103.0,66.0,73.0,279.0,1322.0,508768.329693238,0.6850372208965854,0.46789221858473934,12873.483535528596
2.11,2961,1089246,101.0,66.0,71.0,158.0,1322.0,517002.7110511626,0.717016858770926,0.4927389395474502,16834.123222748814
7.56,9319,3930920,103.0,66.0,72.0,220.0,1381.2000000000044,578941.8337386148,0.7753144741937534,0.4796652001287692,12238.095238095239
9.9,13512,5171163,103.0,66.0,70.0,158.0,1322.0,547016.3946272645,0.72572731508354,0.490748963883955,17206.060606060604
9.34,13420,4881083,103.0,66.0,68.0,155.0,1322.0,496041.34356872767,0.7181081313235168,0.4816691505216095,20306.209850107065
9.18,11513,4461827,100.0,66.0,69.0,174.0,1322.0,539365.5282696944,0.7494572600003722,0.49457135412142794,16915.032679738564
2.09,1993,834997,103.0,66.0,71.0,226.0,1358.799999999998,579008.0619876542,0.736905078436586,0.4932262920220773,11425.837320574163
4.46,6050,2469271,103.0,66.0,71.0,199.0,1344.800000000003,543551.8624140153,0.7328949845757238,0.47603305785123967,15269.058295964125
2.05,3059,1148973,96.0,66.0,70.0,154.0,1322.0,528121.3944387384,0.8332259423558276,0.5214122262177182,15541.463414634147
7.83,11332,4321372,103.0,66.0,72.0,168.0,1322.0,523282.3834728464,0.7001905055888197,0.47229085774797036,14337.164750957854
5.28,7216,2728176,104.0,66.0,73.0,168.25,1322.0,497906.71498972474,0.7016914887084509,0.459950110864745,12329.545454545454
7.54,10212,4540474,110.0,66.0,72.0,788.5,1322.0,515166.94305053283,0.6325407648600635,0.45397571484528004,12167.10875331565
8.46,11702,4267946,103.0,66.0,70.0,156.0,1322.0,495291.76417638606,0.6868053684987176,0.48547256879165956,17219.858156028367
2.21,2308,809120,103.0,66.0,71.0,156.0,1322.0,431458.6607715158,0.6865776580470404,0.48180242634315423,12841.628959276017
2.07,2188,862703,103.0,66.0,70.0,251.0,1322.0,498211.3569584721,0.7046600192784792,0.4844606946983547,14318.840579710146
5.57,5043,2357778,100.0,66.0,71.0,243.5,1408.0,711091.8371291839,0.8511525349749024,0.4991076740035693,8908.438061041292
7.5,5472,2747223,103.0,66.0,73.0,701.25,1408.0,707074.4961211021,0.8601722293063309,0.4621710526315789,6256.0
6.21,5612,2678280,100.0,66.0,71.0,434.0,1408.0,654055.650099141,0.8620495076937632,0.4971489665003564,8415.458937198067
7.34,6682,3487833,100.0,66.0,71.0,655.5,1428.0,777454.8701921455,0.8999268822052096,0.49386411254115536,8419.618528610354
1.45,1115,482747,96.0,66.0,71.0,179.0,1322.0,570072.7389539303,0.8533097850083211,0.5022421524663677,8937.931034482759
5.85,4668,2523685,103.0,66.0,73.0,939.25,1433.0,784918.5530643008,0.8387229204825365,0.47107969151670953,5979.487179487181
3.66,3366,1650660,100.0,66.0,71.0,514.5,1408.0,696514.6067596377,0.9091621668698833,0.4958407605466429,8688.524590163934
2.94,2367,1277398,103.0,66.0,73.0,747.0,1436.0,831770.0370282911,0.8461754912535759,0.47063793831854667,6020.408163265306
3.52,2689,1435441,103.0,67.0,73.0,835.0,1408.0,781358.9384616002,0.8519738432111809,0.46560059501673484,4551.136363636364
6.76,6048,2692092,102.0,66.0,71.0,159.0,1408.0,646041.2581687766,0.8335658322481666,0.49189814814814814,9568.047337278107
3.43,4011,1701513,103.0,66.0,71.0,179.0,1386.0,613808.0048102571,0.7595206142962522,0.481176763899277,13836.73469387755
5.05,5721,2299783,100.0,66.0,68.0,155.0,1322.0,564824.7310595245,0.7915334417233372,0.4756161510225485,16051.485148514852
5.23,5971,2460444,103.0,66.0,70.0,183.0,1393.0,583377.9638695273,0.7508724265645714,0.4769720314855133,14718.929254302102
4.25,4095,1661564,103.0,66.0,71.0,206.0,1322.0,524777.658818208,0.7792200908966437,0.484004884004884,9924.70588235294
8.84,8765,3565312,100.0,66.0,71.0,184.0,1372.8000000000047,568783.844701086,0.7699524421805714,0.4921848260125499,11124.434389140271
3.02,3528,1370834,103.0,66.0,71.0,195.0,1322.0,492985.6462504692,0.7231203869421805,0.47845804988662133,12198.675496688742
6.86,8783,3209221,96.0,66.0,70.0,157.0,1322.0,487496.4672223904,0.7587738636992861,0.5062051690766253,16548.10495626822
1.69,2230,822440,103.0,66.0,71.0,157.75,1322.0,479202.96640592004,0.7132702343270001,0.48475336322869955,16792.899408284025
6.03,6757,2362014,100.0,66.0,68.0,155.0,1322.0,435914.5488044573,0.7371523083183471,0.49445019979280747,15980.099502487561
5.18,6618,2921297,128.0,66.0,70.0,206.0,1322.0,693309.1693549904,0.5356235776058261,0.4294348745844666,17513.513513513513
3.08,53294,10843796,206.0,66.0,206.0,206.0,206.0,86476.29803361186,0.10304040010982202,0.15699703531354373,132253.24675324676
0.38,525,181866,103.0,66.0,66.0,152.0,1322.0,451591.6859646259,0.6989024028478197,0.49714285714285716,21000.0
1.46,2220,722414,96.0,66.0,67.0,147.0,1322.0,381954.8665295025,0.8013575765742246,0.5301801801801802,22068.49315068493
6.87,8904,3587482,103.0,66.0,71.0,195.0,1322.0,551523.6045182253,0.7432341864120281,0.4722596585804133,15397.379912663755
0.7,952,377169,103.0,66.0,71.0,183.0,1322.0,615562.9790875908,0.6990196078431372,0.4810924369747899,14314.285714285716
7.83,9907,3465694,103.0,66.0,70.0,158.0,1322.0,466142.82716784003,0.7029186479954284,0.48420308872514384,15846.743295019156
2.79,3735,1237152,100.0,66.0,70.0,147.0,1322.0,442627.04785664746,0.6909300154370915,0.4835341365461847,18064.516129032258
6.69,8321,3315122,103.0,66.0,71.0,220.0,1322.0,531988.9655098775,0.7357083905884241,0.4783078956856147,13632.286995515695
9.66,8497,3275094,100.0,66.0,70.0,183.0,1322.0,510420.231244753,0.7408963173613707,0.4975873837825115,11310.55900621118
1.28,833,343164,105.0,66.0,71.0,226.0,1322.0,542497.2710332633,0.7157788613871572,0.43937575030012005,7265.625
4.54,4713,1906765,96.0,66.0,70.0,179.0,1393.0,589268.6817915728,0.7831213191533908,0.502652238489285,12475.770925110131
3.73,3453,1427980,101.0,66.0,71.0,201.0,1386.0,580609.3598069111,0.7664415400329352,0.4931943237764263,10101.876675603216
3.71,3758,1445072,101.0,66.0,71.0,158.0,1322.0,532387.5182554668,0.7216159848047522,0.48323576370409793,12485.175202156335
6.55,7329,2919203,103.0,66.0,72.0,195.0,1322.0,541874.2812771756,0.7730295768476656,0.4764633647155137,11697.709923664122
7.31,8680,3456852,103.0,66.0,71.0,220.0,1322.0,528222.6666240523,0.7373381328407168,0.4783410138248848,12960.328317373462
5.89,6096,2476546,103.0,66.0,71.0,226.0,1322.0,559391.5537488332,0.7257216451871634,0.48146325459317585,11765.704584040746
4.33,4157,1569006,96.0,66.0,70.0,179.0,1322.0,487796.37017081946,0.7710838094570437,0.5121481837863844,11806.004618937644
9.82,7641,3774269,103.0,66.0,73.0,589.0,1408.0,697636.332103306,0.8570816454683133,0.47794791257688785,6250.50916496945
8.38,6452,3071043,100.0,66.0,72.0,398.25,1408.0,668741.5996835951,0.8936896404607687,0.4851208927464352,6823.389021479713
0.01,5,482,66.0,66.0,66.0,139.0,142.6,1389.8400000000001,0.7734375,0.6,18000.0
2.2,1826,861422,96.0,66.0,73.0,534.5,1408.0,604160.4836264304,0.8120968231178338,0.5049288061336255,7336.363636363636
6.24,4703,2268427,101.0,66.0,71.0,420.0,1408.0,693380.267386297,0.8417025746308741,0.4877737614288752,7076.923076923076
7.88,5287,2851430,103.0,66.0,72.0,937.5,1408.0,773039.7367737953,0.8920499693406239,0.48628711934934743,4317.258883248731
2.18,1887,1056145,103.0,66.60000000000002,73.0,941.5,1433.0,827043.459347124,0.8723751355330303,0.4652888182299947,5201.834862385321
1.87,1001,474934,79.0,66.0,69.0,509.0,1408.0,659633.4451662225,1.0663517473647377,0.5684315684315684,4459.893048128342
0.73,467,259065,103.0,66.0,73.0,954.0,1426.2,753727.5399676278,0.8239555853053511,0.4668094218415418,4109.589041095891
3.06,2151,1045652,101.0,66.0,73.0,585.0,1408.0,649303.1767110797,0.8497661950081116,0.4783821478382148,5450.980392156863
7.84,5484,2834987,100.0,66.0,72.0,747.0,1408.0,738911.6539768432,0.9474475725938838,0.49452954048140046,4966.8367346938785
8.59,6377,3346334,100.0,66.0,73.0,809.0,1408.0,756994.7900361995,0.8718748314970254,0.49631488160577075,5036.088474970897
7.58,5640,2892534,102.0,66.0,73.0,744.25,1408.0,729205.1809329259,0.8652269319020598,0.47393617021276596,5897.097625329816
6.96,7225,5677554,147.0,66.0,72.0,1679.0,1679.0,808733.6054708924,0.48399704340707594,0.38491349480968856,10603.448275862069
6.35,4878,2577215,103.0,66.0,70.0,417.75,1451.0,821318.5374459904,0.7311847607580921,0.48052480524805247,8636.220472440946
2.12,35950,10189342,206.0,206.0,206.0,206.0,206.0,757960.4263700637,0.04953741947316862,0.07833101529902643,62122.64150943396
0.58,413,200639,103.0,66.0,70.0,384.0,1408.0,650188.0772121546,0.7661582213029989,0.46246973365617433,8896.551724137933
4.62,8305,3804485,206.0,66.0,73.0,206.0,1322.0,1008131.6641659548,0.3698736876011381,0.3312462372065021,19415.584415584417
7.04,82200,19116308,206.0,66.0,206.0,206.0,206.0,288007.2632697438,0.10473740988978793,0.15153284671532846,72928.97727272728
4.17,4413,2290525,103.0,66.0,72.0,748.0,1408.0,759325.6253841612,0.8047143039543974,0.4754135508724224,9136.690647482015
8.13,5959,2986324,103.0,66.0,73.0,647.0,1408.0,707859.6961634209,0.802190338996988,0.4750797113609666,6442.80442804428
5.23,4747,2416101,103.0,66.0,72.0,746.5,1408.0,732137.4469906354,0.8648834537293614,0.480724668211502,6286.8068833652005
3.92,2841,1407857,101.0,66.0,72.0,581.0,1408.0,700675.7631828206,0.8359102572537667,0.4875043998592045,6107.142857142858
1.16,950,438058,100.0,66.0,71.0,258.25,1394.5000000000005,643748.8691811635,0.8149356994879412,0.49894736842105264,8172.413793103449
4.41,4250,2047643,100.0,66.0,72.0,376.25,1408.0,680520.9289855226,0.8901035516395677,0.49458823529411766,7823.1292517006805
6.64,6197,2750084,100.0,66.0,70.0,183.0,1408.0,636124.6988713768,0.8271654985616393,0.4944327900597063,10608.43373493976
7.23,6291,2937681,103.0,66.0,71.0,245.0,1408.0,673754.9252239217,0.799787142972826,0.4760769353044031,8771.784232365144
8.37,6700,3107849,98.0,66.0,71.0,251.25,1408.0,677897.1889574293,0.8468726582264217,0.5031343283582089,8229.390681003586
7.35,6223,3342406,102.0,66.0,72.0,835.5,1414.4000000000015,795053.5793119348,0.8932896890343699,0.484814398200225,5853.061224489796
1.43,840,476124,103.0,66.0,72.0,949.5,1451.0,902037.3583673468,0.8547107585346287,0.45357142857142857,4321.678321678322
1.27,1056,606939,103.0,66.0,73.0,836.0,1451.0,931562.4644805655,0.9290757913755278,0.4810606060606061,5763.779527559055
8.08,6447,3309024,98.0,66.0,71.0,581.0,1428.0,781666.8155494604,0.9063817213702942,0.5003877772607415,6913.366336633664
5.02,3801,2030244,101.0,66.0,73.0,745.0,1428.0,813876.0419812256,0.8817263840368875,0.4959221257563799,5641.434262948208
1.12,459,240270,103.0,66.0,70.0,308.5,1412.9999999999998,875099.3859626639,0.8245184590690209,0.477124183006536,4285.714285714285
5.0,53099,11991883,206.0,66.0,206.0,206.0,206.0,151730.52975035235,0.11799795038037102,0.167140624117215,71472.0
0.66,545,304202,103.0,66.0,73.0,951.0,1408.0,782318.8559077518,0.8780631113261673,0.46055045871559636,5727.272727272727
3.91,3298,1647494,103.0,66.0,73.0,279.25,1408.0,793079.8078531156,0.8246850453299245,0.47816858702243786,6874.680306905371
1.79,1780,844491,96.0,66.0,71.0,252.0,1408.0,716411.6050811135,0.978995737269102,0.5056179775280899,8648.04469273743
6.43,4793,2199131,103.0,66.0,73.0,252.0,1408.0,655695.9376431718,0.8002184073067171,0.4825787606926768,6709.175738724728
7.88,7789,3685460,103.0,66.0,72.0,225.0,1408.0,709753.8844784102,0.828031216052068,0.4819617409166774,9266.497461928935
0.53,588,306734,103.0,67.0,72.0,199.75,1430.9,907821.654090888,0.9039807235278584,0.4931972789115646,6452.830188679245
1.25,1174,555026,96.0,66.0,72.0,274.25,1408.0,746862.2138962008,0.7824819111776448,0.504258943781942,6384.0
5.28,4704,2064512,100.0,66.0,70.0,159.0,1394.0,625131.8135817251,0.828392427836775,0.49851190476190477,10124.999999999998
7.52,6907,2963263,100.0,66.0,70.0,158.0,1408.0,637483.6600975265,0.7662806770466578,0.4935572607499638,11050.531914893618
4.84,6101,2359392,103.0,66.0,72.0,164.0,1322.0,527238.2301408775,0.7053713925425943,0.47025077856089165,12805.785123966942
2.12,3172,1136684,103.0,66.0,70.0,154.0,1322.0,500337.9366231003,0.685232008367073,0.48612862547288777,18339.62264150943
3.97,5844,2006446,102.5,66.0,70.0,147.0,1322.0,469027.32660172944,0.7046699821724599,0.4934976043805613,18755.667506297228
4.7,5292,1871597,108.0,66.0,71.0,164.0,1322.0,467965.2219055319,0.6433031640268524,0.4710884353741497,12931.91489361702
3.78,5002,1985172,110.0,66.0,71.0,177.25,1322.0,583686.5335174208,0.6724765389856271,0.4604158336665334,14063.492063492064
0.53,855,268997,76.0,66.0,69.0,147.0,1322.0,345269.3849950412,0.9423962578062836,0.5543859649122806,20716.98113207547
3.46,4720,2077180,103.0,66.0,72.75,250.5,1340.0000000000036,585898.019789572,0.8053233781113273,0.4586864406779661,14306.35838150289
3.32,4347,1697921,100.0,66.0,72.0,174.0,1322.0,543537.6518638013,0.7758803233561277,0.49114331723027377,15325.301204819278
7.87,10656,4247983,103.0,66.0,71.0,195.0,1322.0,494127.55833028094,0.7533257297679584,0.4647147147147147,15987.293519695042
5.79,7798,2888021,100.0,66.0,70.0,164.0,1322.0,478032.90477380547,0.7189434622240658,0.48909976917158243,17316.062176165804
0.96,1260,483711,103.0,66.0,71.0,195.0,1322.0,495896.3665022675,0.6953166182334257,0.4722222222222222,16000.0
8.68,18932,7271662,103.0,66.0,70.0,208.0,1322.0,416671.24887859134,0.7266222905432036,0.4511937460384534,28776.497695852533
9.45,19437,6754128,103.0,66.0,67.0,156.0,1322.0,428363.99056131125,0.7071697166763906,0.47172917631321704,30844.444444444445
0.67,1131,314803,76.0,66.0,66.0,147.0,773.0,307425.5154229999,0.8428320186665273,0.5694076038903625,25791.044776119405
1.15,2188,774008,100.0,66.0,70.0,157.0,1322.0,456322.5615840432,0.7356605472140951,0.48171846435100546,26452.17391304348
9.5,17128,5935302,100.0,66.0,69.0,158.0,1322.0,403063.8399216052,0.6980018169883367,0.48038299859878564,24429.473684210527
0.9,1166,518439,109.0,66.0,72.0,297.0,1322.0,621084.9945842613,0.7579340757904178,0.44168096054888506,14266.666666666666
2.14,2510,1040917,103.0,66.0,71.0,183.0,1322.0,627061.1661118078,0.7519154855976669,0.47768924302788845,13598.130841121496
6.18,8625,3273127,100.0,66.0,69.0,158.0,1322.0,489157.19858847803,0.7518428844931911,0.4914782608695652,18368.93203883495
3.57,4817,1927696,100.0,66.0,70.0,170.0,1322.0,577921.7428559127,0.767435950142956,0.49034668881046295,16907.563025210085
8.85,11294,4504498,103.0,66.0,70.0,183.0,1322.0,561195.88742397,0.7554233685679906,0.4877811227200283,16203.389830508475
1.92,1934,850200,98.0,66.0,71.0,195.0,1408.0,667927.2209639939,0.7619471735923627,0.5031023784901758,11437.5
5.27,6402,2771834,104.0,66.0,71.0,209.5,1394.0,617428.3542006604,0.7521339840040402,0.4640737269603249,14891.840607210626
1.53,1799,744323,96.0,66.0,70.0,158.0,1355.2000000000003,604586.9593329133,0.9199014034464381,0.5330739299610895,12000.0
3.86,3759,1663568,103.0,66.0,71.0,183.0,1393.0,696860.7294392722,0.7941419720544208,0.4796488427773344,9917.098445595857
4.29,5771,2423995,103.0,66.0,71.0,200.0,1390.0,597175.7337884759,0.7391803999454206,0.4680298041933807,14041.958041958043
9.86,13418,4744536,103.0,66.0,70.0,154.0,1322.0,463486.3374368186,0.6715883866969373,0.48330600685646147,17227.180527383367
9.52,9161,4194125,98.0,66.0,71.0,203.0,1408.0,667628.0850338488,0.8174526970929088,0.5026743805261434,10014.705882352942
8.43,8026,3836490,100.0,66.0,71.0,218.0,1408.0,730011.5157638993,0.8792530107799559,0.4957637677547969,9338.078291814947
0.32,388,219111,108.0,70.0,73.0,1307.75,1408.0,486249.46489398443,0.7475181705371388,0.44587628865979384,3937.5
5.36,5186,2643097,100.0,66.0,72.0,653.0,1408.0,748164.1403126859,0.8833857365343364,0.478789047435403,8798.507462686566
6.8,6496,3197633,100.0,66.0,71.0,284.0,1408.0,764692.4698920206,0.8638879673121584,0.4795258620689655,9829.411764705883
1.44,2066,873998,96.0,66.0,69.0,148.0,1386.0,623714.7681036914,0.8972847497134491,0.5348499515972894,16791.666666666668
5.35,5080,2319070,100.0,66.0,70.0,155.0,1408.0,751164.0243125736,0.7939573442721705,0.49133858267716535,12011.21495327103
6.54,7807,4386149,103.0,66.0,73.0,607.0,1451.0,965774.9488016169,0.9229375758927465,0.4543358524401178,10247.70642201835
2.53,2341,1083055,103.0,66.0,71.0,252.0,1408.0,670225.7091587092,0.8226081869495786,0.4844083724903887,9320.158102766798
1.09,1300,611435,102.0,66.0,72.0,224.5,1408.0,705264.1041863905,0.8514391695660926,0.47615384615384615,9522.935779816513
5.32,4696,2212532,96.0,66.0,71.0,242.0,1408.0,714508.6368891282,0.9019802308886141,0.504045996592845,8548.872180451128
4.54,4891,3119123,110.0,68.0,74.0,1195.0,1472.0,1090741.4591313282,0.7719294481927624,0.446329993866285,5458.149779735682
6.68,6637,3487812,103.0,66.0,73.0,381.0,1433.4000000000005,883211.3280914595,0.835758464721728,0.47144794334789814,6323.3532934131745
4.15,4332,2999972,108.0,66.0,74.0,1234.0,2050.0,1333910.6496104917,0.8944122057768794,0.45290858725761773,6578.313253012048
5.98,5705,3402081,103.0,66.0,73.0,751.0,1472.0,1058266.6144707233,0.9032742393808907,0.4744960560911481,7264.214046822743
8.23,7878,4819307,103.0,66.0,73.0,791.0,1483.0,1096289.2171141936,0.8496727880897683,0.4644579842599645,6153.098420413122
3.05,2848,1805742,108.0,70.0,74.0,1079.5,1483.0,1126249.0202778808,0.8236545658327159,0.43679775280898875,4662.295081967213
8.11,7984,4935732,103.0,66.0,73.0,1071.0,1472.0,1065640.5840797327,0.9541339770669885,0.47657815631262523,6184.956843403206
4.25,4258,2952387,103.0,66.0,74.0,1294.0,2306.0,1318772.7212371882,0.9153244817227862,0.4638327853452325,6296.470588235295
2.3,1609,1234522,109.0,70.0,74.0,1322.0,2306.0,1422926.970719782,0.950079430029365,0.4437538844002486,2504.3478260869565
4.63,3336,2113454,103.0,66.0,73.0,1294.0,1467.5,1087295.3384655584,0.9545157549607671,0.46492805755395683,4768.898488120951
8.03,7034,3895208,102.0,66.0,73.0,660.75,1451.0,923321.952687499,0.9004691569690214,0.482797839067387,6687.422166874222
5.26,4479,2304507,103.0,66.0,72.0,507.0,1408.0,796270.5994430807,0.8362981245459948,0.46617548559946415,8019.011406844107
7.41,7520,3808403,98.0,66.0,73.0,406.75,1451.0,784250.4661892932,0.8932050514202641,0.5038563829787234,8623.481781376518
0.74,600,309718,103.5,66.0,71.0,757.25,1408.0,738370.6779888888,0.8168799975677237,0.475,8189.189189189189
9.58,8405,4020161,101.0,66.0,71.0,269.0,1408.0,711409.7116666838,0.8524031736439834,0.4864961332540155,8899.791231732775
4.59,3465,1674090,100.0,66.0,71.0,333.0,1408.0,717173.3824778397,0.8339624472892379,0.4886002886002886,8183.006535947713
4.02,3344,1613360,98.0,66.0,71.0,468.0,1393.0,676933.2439275658,0.8787505302622075,0.500299043062201,8104.4776119402995
2.34,2182,1036014,96.0,66.0,71.0,179.0,1408.0,739572.6356003329,0.8601486334608247,0.5041246562786434,9589.74358974359
4.25,4197,2064745,97.0,66.0,72.0,284.0,1408.0,797735.9588672236,0.8890161451213655,0.5025017869907077,8428.235294117647
4.82,4725,2624992,103.0,66.0,73.0,791.0,1408.0,885607.1393739705,0.8750480969634784,0.4884656084656085,6435.684647302904
3.59,3877,1954207,100.0,66.0,73.0,598.0,1408.0,733389.4982681606,0.902037995515316,0.48284756254836214,9192.200557103064
3.42,2924,1531156,98.0,66.0,73.0,748.5,1408.0,771840.854372793,0.984999479871008,0.5010259917920656,6333.333333333333
2.26,2299,1182546,103.0,66.0,72.0,578.0,1408.0,782096.7517594219,0.837320497521204,0.4649847759895607,9079.646017699117
0.83,875,375812,103.0,66.0,71.0,168.5,1390.0,673604.6957139593,0.7679290400376055,0.4594285714285714,12361.44578313253
7.02,7910,3454144,100.0,66.0,70.0,195.0,1394.0,649848.6724830066,0.797280767674432,0.493173198482933,14316.239316239316
8.1,10780,4121258,100.0,66.0,66.0,147.0,1322.0,552987.4637309867,0.7592713077423552,0.499165120593692,20140.740740740745
6.2,7451,2900342,103.0,66.0,70.0,158.5,1322.0,544766.3745765764,0.7124292728548047,0.48610924708092873,16538.709677419356
0.87,1139,494350,98.0,66.0,70.0,192.0,1331.4000000000021,697576.9811187824,0.7511303751286289,0.5004389815627743,17103.44827586207
2.64,4751,1790068,96.0,66.0,69.0,147.0,1322.0,547420.7490945973,0.8070478997445398,0.5045253630814566,23659.090909090908
9.03,11681,4353147,103.0,66.0,71.0,159.0,1322.0,522876.0027814422,0.7106282262379194,0.47795565448163685,16192.691029900332
0.23,275,107853,78.0,66.0,70.0,222.0,1387.8,573515.406492562,0.6976906042391648,0.5054545454545455,12260.86956521739
1.24,1820,685083,86.0,66.0,69.0,152.0,1399.4000000000005,554850.0830367709,0.9004271310123333,0.545054945054945,17951.612903225807
6.09,7926,2800155,103.0,66.0,70.0,154.0,1322.0,490475.14570502925,0.7162747470496431,0.4810749432248297,17674.87684729064
6.95,8757,3358796,103.0,66.0,71.0,183.0,1322.0,544300.9768439217,0.7273461081634329,0.48658216284115563,14520.863309352519
9.44,13114,4792929,100.0,66.0,71.0,158.0,1322.0,519283.58961267705,0.7273723380600153,0.4915357633063901,17510.593220338986
3.29,4948,1516785,103.0,66.0,66.0,147.0,1214.7000000000016,372307.27020001545,0.6578760578760579,0.4864591754244139,23835.866261398176
7.17,11651,3976062,103.0,66.0,66.0,147.0,1322.0,465059.9464027178,0.6869001675441737,0.48433610848854175,24393.305439330547
7.93,16028,6398299,111.0,66.0,66.0,219.0,1483.0,502086.41845112,0.5596097472593587,0.46699525829797855,34766.708701134936
1.24,1129,379291,103.0,66.0,71.0,156.0,1322.0,422082.8879645327,0.6363662888237268,0.4853852967227635,10887.09677419355
8.34,10524,3546400,101.0,66.0,69.0,147.0,1322.0,415910.05194237747,0.69437263804325,0.4906879513492968,17100.719424460432
6.78,9150,3210901,103.0,66.0,70.0,147.0,1322.0,451460.5722063842,0.6883530005797318,0.4830601092896175,18849.557522123894
3.99,5754,1724995,100.0,66.0,66.0,147.0,1112.0,377444.0567691103,0.6996755707831782,0.49356969064998263,23172.932330827065
5.76,8671,2845012,103.0,66.0,66.0,147.0,1322.0,393341.602760537,0.6751124001760674,0.48864029523699687,23322.916666666668
9.22,11879,3870204,100.0,66.0,66.0,147.0,1322.0,422114.0921882284,0.6991796619283643,0.4936442461486657,20492.407809110628
4.56,6196,2271632,96.0,66.0,68.0,147.0,1322.0,523731.5436125516,0.7624608723634555,0.5091994835377663,19131.57894736842
8.44,10549,4216318,103.0,66.0,72.0,195.0,1322.0,526923.0853072024,0.7318259202492274,0.4796663190823775,14004.739336492892
4.32,4225,1824087,100.0,66.0,71.0,163.0,1383.5999999999995,621201.8598343757,0.8821876892395812,0.47905325443786984,9888.888888888887
2.71,2740,1278572,100.0,66.0,71.0,245.0,1408.0,719122.104807928,0.8358501425126069,0.4996350364963504,9166.051660516605
3.05,2257,999007,102.0,66.0,71.0,205.0,1394.8000000000002,625722.3776642118,0.7705218527845963,0.4838280903854674,7986.88524590164
0.64,683,219443,77.0,66.0,69.0,139.0,1322.0,385307.7444141233,1.1371128356568918,0.6310395314787701,11812.5
1.78,1788,855040,103.0,66.0,73.0,518.75,1339.3999999999974,652416.379715128,0.8139632149669995,0.4742729306487696,6775.2808988764045
8.16,6160,2911890,98.0,66.0,71.0,284.0,1408.0,696753.1853658922,0.890469577675424,0.5027597402597402,6779.411764705882
8.57,6654,3312916,100.0,66.0,72.0,595.0,1408.0,742307.0976107084,0.9245630310259015,0.4981965734896303,6980.163360560093
3.2,3204,1549841,96.0,66.0,71.0,236.25,1408.0,799632.5152909479,1.020035491068516,0.5230961298377028,9712.5
3.73,2656,1305984,103.0,66.0,72.0,575.75,1408.0,687927.7921414573,0.7992718645177125,0.47176204819277107,6611.260053619303
8.14,6744,3212338,100.0,66.0,71.0,363.5,1408.0,680165.6156931024,0.8819298984563545,0.49762752075919336,7783.783783783782
9.15,6561,3364596,100.0,66.0,72.0,642.0,1408.0,782123.0700529317,0.9242269568939968,0.4967230605090687,6432.786885245901
6.62,5545,2852827,100.0,66.0,73.0,480.0,1408.0,788156.3526099193,0.902657083817462,0.48836789900811545,6688.821752265861
5.68,4858,2275268,100.0,66.0,71.0,212.0,1408.0,718274.3767372125,0.8653733121213784,0.49361877315767805,7404.929577464789
6.92,6041,2834970,100.0,66.0,71.0,306.0,1408.0,672633.5565715061,0.839070829687277,0.4817083264360205,8913.294797687862
9.26,8255,4048641,103.0,66.0,72.0,405.5,1408.0,725386.4657382399,0.8520987008853983,0.4821320411871593,7917.926565874731
7.35,5791,2793972,100.0,66.0,72.0,419.5,1408.0,684895.7146965943,0.8710181670103906,0.4847176653427733,7224.489795918367
3.22,2814,1306798,88.0,66.0,70.0,158.0,1408.0,736307.4187782784,0.9025625179952106,0.5270078180525942,8701.863354037267
7.28,5745,2900234,103.0,66.0,72.0,647.0,1408.0,728698.6468328384,0.8187931001547307,0.4670147954743255,7409.340659340659
0.96,1173,468955,86.0,66.0,69.0,145.0,1377.199999999998,547097.1763237783,0.9897188870515493,0.5524296675191815,13375.0
5.28,5357,2508745,100.0,66.0,72.0,179.0,1408.0,734441.3505721013,0.8453243086850549,0.4851596042561135,9113.636363636362
4.1,4042,2080415,101.0,66.0,72.0,689.0,1408.0,768852.1721372032,0.8595026626360565,0.48960910440376054,7302.439024390244
8.51,8026,4467971,102.5,66.0,73.0,949.0,1444.0,857116.9473477489,0.9225094756446227,0.48031397956640914,6359.57696827262
9.37,8033,3899178,103.0,66.0,72.0,420.0,1408.0,681852.403794202,0.8161681880645021,0.47865056641354414,6256.136606189969
9.34,7620,3753368,100.0,66.0,72.0,515.25,1408.0,712018.0356675691,0.8771017054699585,0.4968503937007874,5807.280513918629
0.19,103,53130,112.0,66.0,70.5,223.5,1451.0,1189520.1247996981,0.8085896076352068,0.4563106796116505,4421.0526315789475
2.08,1529,737207,103.0,66.0,72.0,746.0,1411.4000000000008,602482.1090270896,0.7895954992166359,0.4754741661216481,6144.2307692307695
0.57,578,243047,75.0,66.0,69.0,163.5,1474.7000000000007,500017.34687384014,0.9966129760650309,0.610726643598616,9684.21052631579
0.36,215,94368,96.0,54.0,69.0,271.5,1408.0,552585.1146782044,0.707863304578633,0.5069767441860465,7666.666666666666
4.8,3599,1972007,103.0,67.0,73.0,944.0,1451.0,797800.072331691,0.8686735359332203,0.46985273687135315,3825.0
9.73,7723,4074285,103.0,66.0,73.0,929.5,1408.0,741696.5129836703,0.855024356702209,0.4676939013336786,5432.68242548818
4.41,3294,1562224,103.0,66.0,71.0,250.5,1408.0,709677.6458026203,0.7973387297979098,0.4860352155434123,7346.938775510204
1.44,1715,688010,96.0,66.0,69.0,147.0,1386.0,612839.5010242331,0.9376665959002666,0.5434402332361516,15791.666666666666
7.3,8266,3295661,100.0,66.0,68.0,174.0,1322.0,558943.6294621833,0.7424960879060409,0.49854827002177593,15435.616438356165
8.72,8982,3640521,100.0,66.0,69.0,183.0,1322.0,577605.9725307885,0.7802881096143036,0.49465597862391447,13424.311926605504
0.39,327,136359,108.0,66.0,70.0,147.0,1399.6000000000004,655723.6697247706,0.6975344186776946,0.4740061162079511,10000.0
1.56,1213,489855,103.0,66.0,68.0,179.0,1322.0,556196.2432034385,0.7133201592347567,0.4740313272877164,10961.538461538461
7.46,7760,3211895,101.0,66.0,70.0,187.0,1356.0,574040.8888500206,0.7693157194803263,0.49265463917525776,12016.085790884717
0.95,953,402560,102.0,66.0,70.0,170.0,1408.0,666084.9623379641,0.7820695417687384,0.4795383001049318,13894.736842105265
2.06,2436,1052713,103.0,66.0,71.0,217.0,1389.0,649151.2633423861,0.773699924441934,0.46551724137931033,13980.582524271844
2.4,3001,1214109,96.0,66.0,70.0,186.0,1322.0,539745.0404247124,0.8208661662371937,0.5068310563145618,13800.0
1.08,1137,479579,103.0,66.0,70.0,195.0,1408.0,558284.6441769566,0.7345870733298133,0.48197009674582236,12666.666666666666
3.65,3531,1408272,100.0,66.0,70.0,158.0,1322.0,539118.4435182305,0.8057034891567265,0.49447748513169076,12164.383561643835
2.68,2912,1318275,103.0,66.0,72.0,341.0,1408.0,605526.7116845743,0.763472413266086,0.48282967032967034,10970.149253731342
5.88,6580,2443767,96.0,66.0,69.0,147.0,1322.0,519909.9024152354,0.7759912357387099,0.5034954407294833,15173.469387755102
7.37,10234,3652349,100.0,66.0,67.0,157.0,1322.0,425651.6793883494,0.7564617413556687,0.48368184483095567,20401.628222523745
5.18,8001,3069008,103.0,66.0,70.0,158.0,1322.0,534810.7248476518,0.7155330543570174,0.47456567929008875,20293.436293436294
0.49,585,178463,96.0,66.0,66.0,147.0,1294.0,377365.0692848273,0.665876430473849,0.5145299145299145,20204.081632653062
9.02,15307,5775754,100.0,66.0,68.0,178.0,1322.0,432321.04722977517,0.744161272954568,0.4700463840073169,24478.935698447895
8.7,16050,6864136,103.0,66.0,71.0,341.0,1322.0,481001.10888094635,0.7640749929854251,0.44953271028037384,22289.655172413793
5.08,7344,2787114,100.0,66.0,69.0,166.5,1322.0,494383.5020978843,0.7009424217425938,0.49387254901960786,18956.692913385825
8.65,13881,5376499,103.0,66.0,70.0,174.0,1322.0,517249.3556128115,0.7031780991200184,0.47878394928319284,20663.583815028902
1.37,2825,1064977,96.0,66.0,69.0,157.0,1322.0,440682.4733396194,0.9196897637683323,0.5238938053097345,25007.299270072992
5.23,6208,2196558,102.0,66.0,70.0,158.0,1322.0,439624.7619515515,0.722070875328582,0.4809922680412371,15143.4034416826
4.94,6541,2304111,96.0,66.0,68.0,147.0,1322.0,456493.51169849787,0.7248552305848657,0.5055801865158233,18085.02024291498
2.79,3097,1240880,100.0,66.0,72.0,218.0,1378.0,524769.0206765243,0.7570722503877584,0.49499515660316434,10494.623655913978
5.48,6648,2425790,100.0,66.0,71.0,156.0,1322.0,489312.01140802546,0.701206949609593,0.4927797833935018,14583.941605839416
8.4,12157,4428803,103.0,66.0,69.0,158.0,1322.0,485629.67361395626,0.7111736542165905,0.48531710125853417,19735.714285714283
3.73,5303,1984840,103.0,66.0,70.0,183.0,1322.0,472735.8003899392,0.701271028642671,0.4648312276070149,17951.742627345844
4.09,4744,1665983,100.0,66.0,70.0,153.0,1322.0,448399.0119347969,0.7061420704159812,0.49704890387858347,16254.278728606358
3.19,3588,1273028,100.0,66.0,66.75,147.0,1322.0,465507.43944015045,0.7349762901253591,0.496098104793757,16871.473354231974
3.84,5664,2531241,102.5,66.0,71.0,404.25,1393.0,558631.0032203277,0.8058143892888068,0.4821680790960452,14437.5
2.52,2897,1504410,101.0,66.0,73.0,368.0,1428.0,828950.2870308863,0.8775301520713162,0.4894718674490853,6952.380952380952
3.38,3348,1822480,103.0,66.0,72.0,1169.0,1451.0,724366.3484246376,0.8405411789263212,0.4626642771804062,8840.236686390534
3.04,3063,1348764,96.0,66.0,70.0,157.0,1408.0,638524.4342672632,0.9008727300688188,0.5099575579497225,10480.263157894737
9.76,10778,4720776,100.0,66.0,70.0,153.0,1408.0,664612.5266270774,0.8503591324514265,0.49897940248654665,13131.147540983608
1.49,1151,577737,100.0,66.0,72.0,161.0,1444.0,869901.6970714846,0.9330237481433425,0.4952215464813206,7932.885906040269
9.01,8067,3767728,100.0,66.0,70.0,158.0,1408.0,739334.076498073,0.8748429211790948,0.49807859179372754,9962.264150943396
9.62,8725,4150168,100.0,66.0,70.0,182.0,1408.0,732296.2222021297,0.869798842355551,0.4913467048710602,10390.852390852391
5.19,4663,2027740,100.0,66.0,70.0,155.0,1393.0,616037.6569082105,0.8237911326429134,0.4960325970405318,11202.312138728323
1.13,785,301593,98.0,66.0,67.0,145.0,1390.0,546601.9964071566,0.7810368986454927,0.5019108280254777,10088.49557522124
9.17,7320,3581521,101.0,66.0,72.0,418.0,1408.0,701171.80108168,0.8518827763918826,0.4870218579234973,6824.4274809160315
1.95,2109,1016070,100.0,66.0,73.0,195.0,1441.6000000000001,744376.9445936165,0.8601673211541745,0.4850640113798009,8369.23076923077
2.35,2947,1377865,96.0,66.0,71.0,157.5,1408.0,736130.823841031,0.8605944190726331,0.5269765863590091,11106.382978723404
7.26,5310,2351880,101.0,66.0,71.0,158.0,1408.0,634577.9479970634,0.7935011884305514,0.48512241054613936,7190.082644628099
8.93,9773,4399094,100.0,66.0,72.0,174.0,1394.0,667022.6409139362,0.8380225219176243,0.4888979842423002,9729.003359462487
9.47,7280,3372425,100.0,66.0,72.0,248.25,1408.0,659985.905127985,0.8319922433097264,0.4835164835164835,6753.959873284054
8.98,8067,3744157,103.0,66.0,73.0,260.0,1408.0,652671.2189588777,0.7868427485092918,0.48159166976571216,6474.387527839644
0.41,487,207920,104.0,66.0,73.0,168.0,1381.2000000000003,603602.05600226,0.7472358392671843,0.459958932238193,9804.878048780489
8.59,7919,3580208,101.0,66.0,72.0,198.0,1394.0,642347.9468481233,0.7840698161444112,0.4833943679757545,8479.627473806751
7.23,6212,2724078,100.0,66.0,72.0,174.0,1408.0,619963.938318395,0.7888696787396574,0.49565357372826785,8132.780082987551
0.38,368,163604,98.0,66.0,73.0,159.25,1393.3,662018.5268194706,0.7572703158910056,0.5,6789.473684210527
9.48,7984,3933244,100.0,66.0,71.0,284.0,1408.0,760314.420060311,0.8721140467883032,0.4943637274549098,7702.53164556962
4.21,2832,1547401,103.0,66.0,73.0,954.5,1426.0,782011.8922722107,0.8657842347410963,0.4735169491525424,4475.059382422803
1.36,975,502233,96.0,66.0,71.0,748.5,1428.0,714928.9518327417,0.8591663055041172,0.5117948717948718,6705.882352941176
3.67,2590,1333841,96.0,66.0,72.0,747.0,1435.8999999999992,742174.123926149,0.9545496764605715,0.5065637065637065,5934.604904632152
7.79,7991,5244065,110.0,66.0,72.0,1393.0,1679.0,784029.342239277,0.6320604396162036,0.44024527593542734,11753.530166880617
6.07,6049,3819173,105.0,66.0,72.0,1322.0,1679.0,800833.1099531269,0.696760346845557,0.4415605885270293,7967.051070840197
3.54,2456,1222899,98.0,66.0,71.0,404.0,1433.5,732309.5466024507,0.8547791424760407,0.502442996742671,7101.694915254237
4.4,2527,1249551,100.0,66.0,71.0,501.5,1408.0,715203.2341673127,0.9503130569180059,0.4946576968737634,5290.909090909091
0.4,214,124842,107.0,66.0,73.0,1200.5,1408.0,810596.5238012053,0.8613979687633353,0.40654205607476634,3749.9999999999995
3.35,2577,1389503,103.0,66.0,73.0,944.0,1408.0,732370.105156372,0.8615241837837054,0.46449359720605354,5677.611940298508
3.92,3184,1720930,100.0,66.0,71.0,938.0,1431.4000000000005,798583.440907032,0.959115558505642,0.4846105527638191,6841.8367346938785
1.57,1282,737169,103.0,66.0,72.0,1095.0,1408.0,894079.5325416607,0.8388524142686798,0.4625585023400936,5923.5668789808915
1.36,1028,561396,96.0,66.0,72.0,803.75,1469.9,828676.4597798603,0.9044852871155128,0.5204280155642024,5955.882352941176
8.95,7697,3674268,100.0,66.0,71.0,404.0,1408.0,678305.4009547564,0.896041122830313,0.4964271794205535,8353.072625698325
7.3,5896,3076659,103.0,66.0,72.0,658.0,1444.0,788577.2711904295,0.8580881766722475,0.4798168249660787,6936.986301369863
2.34,1802,802940,96.0,66.0,70.0,231.25,1385.8000000000002,609552.5705770255,0.9551347200578179,0.5271920088790233,7846.153846153846
1.26,1044,543907,102.0,66.0,73.0,712.25,1408.0,782076.0964781418,0.9174103010330655,0.46934865900383144,6333.333333333333
3.93,3662,1854760,102.0,67.0,73.0,636.0,1408.0,755482.2460390729,0.8403695074763068,0.4860731840524304,5496.18320610687
3.68,4030,1965961,100.0,66.0,72.0,421.0,1393.0,727011.0408431183,0.8679478996761459,0.4955334987593052,7728.260869565217
8.24,7537,3968778,103.0,67.0,73.0,751.0,1408.0,778827.3151756276,0.8431356072532791,0.47923577020034497,5155.339805825242
0.07,33,23794,108.0,67.0,70.0,1451.0,1467.8,1150282.5748393019,1.1106745252128356,0.48484848484848486,2571.428571428571
1.33,1091,479210,80.0,66.0,69.0,233.5,1408.0,617850.4991392788,0.9906094177450961,0.5765352887259395,7353.383458646616
2.9,1814,940104,100.0,66.0,73.0,640.5,1408.0,793891.2466228002,0.90036637058811,0.49228224917309815,3786.206896551724
3.08,2097,998146,100.0,66.0,71.0,367.0,1408.0,667534.0112911945,0.8311197649181411,0.4988078206962327,5902.597402597403
5.52,4949,2466991,96.0,66.0,71.0,389.0,1408.0,759757.4127647774,0.9862793145481701,0.5197009496868055,6826.086956521739
8.33,9110,3905115,100.0,66.0,71.0,226.0,1393.0,592305.4053853921,0.8222742718050088,0.4920965971459934,11315.726290516206
6.39,8268,2912228,102.0,66.0,71.0,147.0,1322.0,469398.8999813692,0.7194574722158286,0.48427672955974843,15915.492957746479
2.18,2838,897973,103.0,66.0,71.0,147.0,1294.0,385222.46186296316,0.6471996900935588,0.4749823819591261,16513.761467889908
1.69,2292,722321,96.0,66.0,69.0,147.0,1322.0,383569.02629431913,0.7111190009416342,0.5113438045375218,17183.431952662722
3.3,4371,1478616,100.0,66.0,71.0,147.0,1322.0,451529.9763437406,0.7185594565807191,0.4962251201098147,15654.545454545454
1.62,1993,667780,103.0,66.0,72.0,149.0,1322.0,412225.53695938794,0.6895434916718075,0.47415955845459107,14481.48148148148
3.25,5178,1816028,103.0,66.0,71.0,147.0,1322.0,487071.9675463876,0.6906011087837078,0.4831981460023175,19883.076923076922
3.72,5781,1831847,98.0,66.0,66.0,147.0,1294.0,424830.75693110464,0.7701352219883807,0.5016433143054835,23887.096774193546
3.61,4741,1588601,100.0,66.0,68.0,156.0,1322.0,425286.6702689731,0.6904691842406409,0.4946213878928496,19063.71191135734
0.79,911,291379,103.0,66.0,66.0,147.0,1322.0,346032.38987566286,0.6937163851223392,0.47530186608122943,18683.54430379747
9.13,32523,21752848,700.0,73.0,78.0,1329.0,1329.0,342161.02334578434,0.2356407749064874,0.3009254988777173,15285.870755750273
7.84,8578,3423068,100.0,66.0,71.0,195.0,1322.0,515010.7725356624,0.7566257777407218,0.49090697132198646,11801.020408163267
3.18,2694,1183359,103.0,66.0,72.0,177.25,1408.0,688168.5318239988,0.7815630185485009,0.48997772828507796,6792.4528301886785
5.71,5950,2410870,98.0,66.0,71.0,189.0,1322.0,575373.3091052892,0.8040271911380706,0.5025210084033613,10371.278458844134
7.28,8897,3539592,101.0,66.0,72.0,195.0,1322.0,515323.4637825124,0.7368979460707225,0.48769248061144205,12667.582417582418
4.76,5568,2338650,103.0,66.0,73.0,314.5,1322.0,531588.9415490766,0.7027451052633195,0.4678520114942529,12063.025210084035
4.9,5821,2291915,103.0,66.0,72.0,195.0,1322.0,547783.8057830823,0.7629429714934138,0.48273492527057205,11742.857142857141
1.61,1725,688831,103.0,66.0,72.0,183.0,1366.4000000000033,557926.9662554925,0.7313440454072153,0.49333333333333335,11701.863354037267
3.33,4435,1787243,100.0,66.0,73.0,158.0,1322.0,616295.1948440266,0.7739007369088868,0.49695603156708007,12576.576576576577
4.96,54095,12947442,206.0,66.0,206.0,206.0,206.0,227885.8749427032,0.11326237420141386,0.16254737036694702,71552.41935483871
1.68,2518,770962,93.0,66.0,67.0,147.0,1294.0,339271.1668558263,0.7514026665124216,0.5198570293884035,22250.0
2.48,3419,1114860,103.0,66.0,66.0,147.0,1322.0,429564.0658979409,0.6558705648036588,0.4846446329336063,21725.8064516129
7.93,11576,3877965,102.5,66.0,66.0,147.0,1322.0,437024.2450758328,0.6925750032410878,0.4914478230822391,22789.40731399748
0.51,697,264058,110.0,66.0,73.0,183.0,1322.0,546817.3273776319,0.7001385546561657,0.4490674318507891,17294.11764705882
9.6,14188,5110161,101.0,66.0,68.0,147.0,1322.0,514162.1454156502,0.7128717265320563,0.49344516492810825,20987.5
1.04,1280,492095,103.0,66.0,70.0,158.0,1322.0,549380.7458587646,0.7032910916103369,0.48828125,17192.30769230769
5.96,8967,3080822,100.0,66.0,68.0,147.0,1322.0,466923.2369286494,0.692324531925108,0.49492583918813426,21543.624161073825
9.43,12992,4436551,103.0,66.0,70.0,149.0,1322.0,456045.2749673291,0.6757409905519043,0.48114224137931033,17968.186638388124
9.13,13260,4511562,103.0,66.0,66.0,147.0,1322.0,435413.5446443903,0.6907043783856848,0.4889894419306184,22731.653888280394
9.85,10199,4999303,103.0,66.0,71.0,283.5,1408.0,780188.335894482,0.8354290210248714,0.485733895479949,10678.172588832487
8.24,49423,11909956,206.0,66.0,206.0,206.0,206.0,197222.122600594,0.1586004354197297,0.2102664751229185,55165.04854368932
4.7,11562,3830830,206.0,66.0,96.0,206.0,206.0,1388931.0722900005,0.22965510449886753,0.25903822868015913,19927.659574468085
1.77,1956,870618,103.0,66.0,71.0,149.0,1408.0,727356.7443543227,0.8170442857008049,0.49284253578732107,12271.186440677966
7.21,37240,10675585,206.0,66.0,206.0,206.0,206.0,951756.9097673226,0.14948226236316972,0.18963480128893662,36957.004160887656
0.18,188,78748,115.0,66.0,69.5,166.0,1408.0,619495.1858306925,0.7560497056899934,0.46808510638297873,13666.666666666666
3.14,3888,1440128,105.0,66.0,71.0,148.25,1322.0,554238.67068875,0.6639314376895393,0.45704732510288065,13031.847133757961
2.26,2750,956201,110.0,66.0,71.0,147.0,1322.0,466634.6374015206,0.6137828690750614,0.4581818181818182,14681.415929203542
0.08,92,32709,107.5,66.0,70.75,141.0,1322.0,550458.8141540644,0.5881841876629018,0.45652173913043476,12000.0
2.66,2708,1153593,103.0,66.0,71.0,158.0,1393.0,606628.9213134834,0.7310899421726559,0.4789512555391433,11729.323308270676
3.42,3536,1320124,96.0,66.0,66.0,147.0,1322.0,505589.3940810487,0.785638392066584,0.5132918552036199,15824.561403508771
3.03,4101,1601009,103.0,66.0,71.0,155.0,1322.0,530712.8748715752,0.6736951573017147,0.4654962204340405,16495.049504950497
2.18,2378,1004401,108.0,66.0,70.0,157.0,1393.0,596274.0629256056,0.6986691129569773,0.4587888982338099,13238.532110091743
8.04,7675,2965277,96.0,66.0,67.0,147.0,1322.0,531742.4638529173,0.778367133941911,0.5095765472312703,13805.970149253733
7.32,6321,2888277,100.0,66.0,71.0,198.0,1408.0,671378.4309591873,0.8296438428953078,0.49485840847967094,9016.39344262295
4.83,4423,2111487,103.0,66.0,72.0,284.0,1408.0,682293.3299208927,0.8461671002256749,0.47908659281030974,9540.372670807454
2.79,2604,1259086,102.5,66.0,72.0,284.0,1408.0,719325.314885406,0.810238373814122,0.4846390168970814,9483.870967741936
3.68,2942,1379952,96.0,66.0,71.0,333.75,1408.0,648339.5492654035,0.9832701254220602,0.5108769544527533,7956.521739130434
8.65,7153,3348539,101.0,66.0,70.0,284.0,1408.0,666996.9555126589,0.8150297992593531,0.49433803998322384,8968.78612716763
2.55,2290,1170069,101.0,66.0,72.0,414.75,1413.2999999999997,813439.5557233844,0.8479335865863243,0.49563318777292575,7741.176470588236
6.97,6312,2883116,100.0,66.0,71.0,245.0,1408.0,648409.0770885642,0.8392265061818788,0.4906527249683143,9047.345767575323
9.62,7003,3521232,98.0,66.0,71.5,746.0,1408.0,703873.3842836658,0.9356036362606553,0.5026417249750107,6031.185031185031
2.95,1771,941486,100.0,66.0,73.0,933.0,1428.0,733810.4179992545,0.8918419278366211,0.4878599661208357,4698.3050847457625
4.11,3538,1671421,96.0,66.0,71.0,259.25,1408.0,719872.4284067097,0.856239186851211,0.5059355568117581,7883.211678832116
2.14,1590,716559,86.0,66.0,69.0,153.75,1408.0,724613.0802931056,1.017540081037059,0.5622641509433962,7570.093457943925
6.21,4386,2136302,100.0,66.0,71.0,484.75,1408.0,677965.8647179632,0.862312208599551,0.4940720474236206,6714.975845410629
3.82,3050,1500830,100.0,66.0,71.0,746.75,1408.0,656331.1326740123,0.9229093239346363,0.4960655737704918,6455.497382198953
1.1,892,431595,103.0,66.0,72.0,689.25,1396.0,631166.4676785677,0.87426869706634,0.4742152466367713,9109.09090909091
5.19,3845,1775905,103.0,66.0,71.0,333.0,1408.0,622951.7154286468,0.8249839373219919,0.4780234070221066,7375.722543352601
6.75,5426,2491945,100.0,66.0,71.0,269.0,1408.0,639355.1857865076,0.8672038480443789,0.4841503870254331,8720.0
6.06,7826,3685451,110.0,66.0,73.0,802.0,1322.0,535847.1111376144,0.6491229530542127,0.4528494761052901,11861.386138613861
3.49,3861,1457942,100.0,66.0,71.0,155.0,1322.0,507144.6570191922,0.7756612758734499,0.49546749546749547,12446.99140401146
3.68,4615,1620325,103.0,66.0,71.0,155.0,1322.0,440226.73112665495,0.7187936752562911,0.48060671722643555,15798.91304347826
8.1,10600,3991513,103.0,66.0,70.0,174.0,1322.0,530872.6147688768,0.7216269700221036,0.4889622641509434,15748.14814814815
4.08,5224,1881194,103.0,66.0,70.0,158.0,1322.0,493417.1193049102,0.7024568358114605,0.47166921898928027,16882.35294117647
9.51,13842,4811542,103.0,66.0,69.0,156.0,1322.0,429014.41953728383,0.7169235808823067,0.484250830804797,20145.110410094636
1.5,3852,1850257,141.0,66.0,75.0,594.0,1117.0,453561.58055281936,0.4832996063955169,0.4153686396677051,21800.0
2.47,5743,2514032,111.0,66.0,74.0,594.0,1117.0,359729.0077902073,0.5682979140327001,0.4389691798711475,24898.78542510121
2.98,4439,1785855,103.0,66.0,71.0,284.0,1322.0,460958.9330587324,0.7619545815746704,0.4591124127055643,18523.489932885906
7.91,10062,3627038,100.0,66.0,71.0,154.75,1322.0,480862.8554724176,0.7317230397867112,0.48489365931226397,14768.647281921618
5.48,7661,2911867,103.0,66.0,72.0,189.0,1322.0,499324.5306609177,0.7337081109657778,0.4589479180263673,15656.934306569343
3.02,3442,1160221,96.0,66.0,70.0,147.0,1322.0,442815.66481362435,0.7310684822996628,0.520918070889018,13907.28476821192
3.36,6425,2819421,103.0,66.0,73.0,454.0,1322.0,463724.345327475,0.7653060665490682,0.4424902723735409,18178.571428571428
0.54,934,427712,103.0,66.0,72.0,412.0,1322.0,557748.9037961566,0.8342795403202043,0.43897216274089934,19222.22222222222
6.04,10428,3993393,102.0,66.0,71.0,201.0,1322.0,417180.27406608773,0.7429239951550158,0.44831223628691985,21288.079470198674
0.29,411,163581,109.0,66.0,72.0,189.0,1322.0,554446.9561511002,0.7098380549859815,0.46472019464720193,16137.93103448276
4.64,6295,2517485,103.0,66.0,70.0,183.0,1322.0,568111.9623300008,0.7175292531114611,0.4721207307386815,16991.37931034483
9.93,14684,5457288,102.0,66.0,71.0,183.0,1322.0,455711.01435311226,0.7430725837143091,0.47548351947698175,17558.912386706947
3.25,5262,1993592,102.0,66.0,71.0,187.0,1322.0,451214.92232541257,0.7194389705201624,0.4640820980615735,19956.923076923078
8.08,10526,4272986,100.0,66.0,71.0,170.0,1322.0,582091.2182342365,0.7930160469039191,0.49458483754512633,14368.81188118812
6.25,7708,3208845,100.0,66.0,71.0,245.0,1322.0,507215.5838761358,0.7872446284733358,0.48015049299429163,13891.199999999999
9.81,13489,5316950,102.0,66.0,71.0,218.0,1322.0,484376.09305848624,0.7418209607958345,0.4767588405367336,15828.74617737003
5.46,6468,2319425,102.0,66.0,70.0,158.0,1322.0,472239.62032776646,0.7194836442281698,0.48639455782312924,15087.91208791209
5.71,8976,4979350,112.0,66.0,70.0,951.0,1679.0,2095358.3468333366,0.5839884285115274,0.44028520499108736,19229.422066549912
1.35,1913,686491,103.0,66.0,71.0,158.0,1322.0,438992.82706734043,0.695742833874764,0.48196549921589127,17333.333333333332
5.74,8127,3118265,100.0,66.0,71.0,162.5,1322.0,514159.98229503207,0.7503691526982806,0.4996923834133136,16452.96167247387
5.0,4193,1675964,100.0,66.0,71.0,154.0,1384.800000000001,520722.4630707409,0.7851673746592288,0.4927259718578583,9444.0
2.08,1492,642419,100.0,66.0,72.0,187.5,1408.0,590808.0431914806,0.8218559354543317,0.4832439678284182,7384.615384615385
7.81,7408,3561521,100.0,66.0,72.0,334.5,1408.0,698259.6120937895,0.860101979050179,0.4908207343412527,7797.695262483996
9.55,8038,3870757,100.0,66.0,72.0,642.75,1408.0,640325.0730498934,0.8676309044306115,0.49290868375217717,7545.549738219895
7.37,6604,3143844,100.0,66.0,72.0,363.25,1408.0,652217.2968648482,0.8128701674043254,0.4900060569351908,7058.344640434192
9.46,8419,4098373,98.0,66.0,72.0,324.0,1408.0,718207.9300104865,0.867993942673682,0.5007720631904027,7154.334038054968
6.92,5305,2541918,102.0,66.0,71.0,252.0,1408.0,679741.5908242273,0.8795509348934656,0.4893496701225259,8176.300578034682
7.33,6261,3191746,103.0,66.0,73.0,747.0,1408.0,709188.1652840817,0.8732900435508063,0.4727679284459352,7055.934515688949
4.23,4272,1915166,96.0,66.0,70.0,155.0,1408.0,684031.723850936,0.8864861646138413,0.5213014981273408,10936.170212765956
3.95,2612,1275089,102.0,66.0,71.75,504.0,1408.0,667835.8572818292,0.8528619335607212,0.46171516079632463,6653.164556962024
7.86,6112,2860800,98.0,66.0,71.0,379.0,1408.0,638393.9662752529,0.8689779420980073,0.5031086387434555,7442.748091603054
6.94,5166,2449492,100.0,66.0,71.0,300.5,1408.0,694757.3274531396,0.8927589024052046,0.4992257065427797,6354.466858789625
3.36,2101,1071811,98.0,66.0,73.0,656.0,1408.0,773416.3264527373,0.8854454491210355,0.5035697287006188,4285.714285714285
1.75,1438,740372,103.0,66.0,73.0,805.75,1408.0,699405.750164906,0.8643093492506326,0.4603616133518776,5760.0
8.36,6983,3566455,100.0,66.0,72.0,662.0,1408.0,756456.5638884591,0.8648280289778586,0.4836030359444365,6933.014354066985
2.9,2654,1264547,100.0,66.0,72.0,351.0,1408.0,685901.2083049628,0.8813004723999942,0.48116051243406177,7986.206896551725
7.51,6690,3119010,98.0,66.0,71.0,284.0,1408.0,648291.015694397,0.8957355600251925,0.5025411061285501,8860.186418109188
3.8,3088,1410713,96.0,66.0,70.0,159.25,1408.0,667592.6590242983,0.8263213164907339,0.5061528497409327,9521.052631578948
0.03,29,17752,114.0,67.0,71.0,1393.0,1451.0,833688.325802616,1.4958053691275168,0.3793103448275862,4000.0
2.71,2792,1050708,90.0,66.0,67.0,147.0,1386.0,548918.0513891511,0.883941559224858,0.5462034383954155,15143.91143911439
2.0,1949,898781,100.0,66.0,70.0,178.0,1408.0,688948.211519978,0.8177431505869563,0.4966649563878912,11520.0
0.13,121,52243,100.0,66.0,66.0,141.0,1374.0,673365.5871866676,0.8649782222939184,0.48760330578512395,14307.692307692309
8.4,7520,3013176,100.0,66.0,69.0,147.0,1322.0,534394.1363524218,0.8039568345323741,0.49920212765957445,12028.571428571428
3.58,2533,1348970,103.0,66.0,72.0,939.0,1408.0,753227.3859695526,0.8128513653051859,0.46506119226213977,5765.36312849162
9.82,7534,3452235,100.0,66.0,70.0,193.0,1408.0,647156.2341281597,0.8546534126030867,0.49734536766657816,8914.460285132382
8.04,7042,3080288,100.0,66.0,70.0,172.0,1393.0,601235.208402363,0.8595459230756777,0.49943197955126384,10126.865671641792
2.37,2045,954082,102.0,66.0,72.0,399.0,1390.200000000001,631145.4441726198,0.7770069201105809,0.4904645476772616,8481.012658227848
0.65,609,371567,112.0,70.0,73.0,954.0,1408.0,779447.0496951853,0.764994224864073,0.4088669950738916,4430.7692307692305
9.66,7105,3459039,100.0,66.0,71.0,404.0,1408.0,713519.2485480238,0.8745710822361228,0.49528501055594654,6565.217391304348
2.27,2138,1297054,100.0,66.0,71.0,1090.5,1514.0,971115.642136895,0.8138265667975575,0.4845650140318054,8484.581497797357
0.19,601,334352,206.0,66.0,68.0,206.0,1472.0,1396080.0666886307,0.28091761843086466,0.2978369384359401,46736.84210526316
0.14,979,472920,206.0,66.0,114.0,206.0,748.0000000000005,1247818.5525494006,0.19057632064541047,0.2379979570990807,75000.0
7.01,97535,22071252,206.0,66.0,206.0,206.0,206.0,468174.49301584426,0.11099302936035464,0.16384887476290563,107957.20399429387
5.32,3946,1988197,100.0,66.0,72.0,730.75,1408.0,704788.6740189851,0.9400922354266518,0.4974657881398885,6586.466165413533
6.27,37535,10245686,206.0,66.0,206.0,206.0,206.0,578796.3597993599,0.1255073546558126,0.16683095777274543,39071.77033492823
9.63,7081,3538540,103.0,66.0,72.0,690.0,1408.0,690147.6892356669,0.8470850319323369,0.48736054229628584,5813.084112149532
7.78,5740,2911888,98.0,66.0,73.0,747.0,1408.0,708874.0508302881,0.9177455764981507,0.5017421602787456,5452.442159383033
5.24,3792,1632322,98.0,66.0,71.0,186.0,1408.0,584366.4850381771,0.8622883597217255,0.5026371308016878,8484.732824427481
5.08,4531,2025980,96.0,66.0,70.0,163.5,1408.0,653245.754875131,0.8979695124061321,0.5219598322666078,9921.259842519685
2.25,1511,744893,103.0,66.0,73.0,418.0,1436.0,693250.1994734401,0.8579666198565872,0.48444738583719393,6426.666666666667
3.49,2602,1194406,96.0,66.0,70.0,174.0,1408.0,695663.7851744149,0.9427369432327943,0.528055342044581,8028.653295128939
5.38,3752,1679097,100.0,66.0,71.0,187.25,1393.0,635746.7618389595,0.7931254723190561,0.4952025586353945,8375.46468401487
2.26,1629,773092,103.0,66.0,71.0,358.0,1393.0,655731.5006965902,0.7886405033946018,0.45733578882750153,7964.6017699115055
6.98,5305,2351892,100.0,66.0,71.0,187.0,1408.0,633329.4110770253,0.873596169008353,0.49858623939679547,6902.578796561604
5.66,3868,1962962,100.0,66.0,72.0,392.75,1408.0,785444.5750786824,0.9245729343656842,0.49301964839710444,5925.795053003533
7.67,7464,2905307,103.0,66.0,72.0,157.25,1322.0,531916.1875126904,0.7052707751493518,0.4762861736334405,9997.392438070405
5.09,6513,2252677,100.0,66.0,67.0,147.0,1322.0,431610.92115896946,0.7234425103688442,0.4922462766774144,18660.117878192534
3.78,5596,1919433,104.0,66.0,70.0,147.0,1322.0,428976.2435660351,0.6667257493233033,0.46568977841315223,21063.492063492064
3.36,4846,1357847,96.0,66.0,66.0,147.0,745.5,333123.44408563786,0.6782498202552731,0.5086669418076765,22767.85714285714
0.63,721,185027,103.0,66.0,66.0,147.0,479.0,227689.94575649095,0.6127493298196193,0.4909847434119279,17714.285714285714
2.25,2997,889289,103.0,66.0,70.0,147.0,1146.2000000000053,323526.83004414715,0.6473733264129568,0.48415081748415084,18773.333333333336
3.11,4611,1518089,105.0,66.0,67.0,156.0,1322.0,395573.6243119607,0.6507816139271361,0.46866189546736065,22070.73954983923
6.81,8587,2648081,100.0,66.0,67.0,147.0,1294.0,350950.1260401471,0.6817086202325189,0.490625363922208,18872.246696035243
1.37,1661,571902,102.0,66.0,72.0,147.0,1322.0,452971.9846215241,0.695315665354208,0.477423239012643,14145.985401459853
7.81,8617,2755017,100.0,66.0,70.0,153.0,1294.0,399638.21186963347,0.6788808775743183,0.4970407334339097,14289.372599231756
4.94,4508,1610791,103.0,66.0,72.0,183.0,1322.0,438794.0102498939,0.682599525441603,0.4722715173025732,10615.384615384613
7.99,6551,2571256,103.0,66.0,73.0,195.0,1322.0,545002.3220469871,0.72192213670378,0.4843535338116318,7584.480600750938
6.73,6872,2690780,100.0,66.0,72.0,206.0,1322.0,498085.5118799644,0.7709918846281287,0.4899592549476135,10511.1441307578
3.21,3011,1167516,98.0,66.0,71.0,179.0,1384.0,516075.92832524516,0.8155940824364979,0.5054799070076387,9831.77570093458
6.36,6109,2288389,96.0,66.0,70.0,178.0,1322.0,485285.78889273526,0.7717330476392833,0.5121951219512195,12622.64150943396
4.42,4155,1545348,104.0,66.0,71.0,221.0,1322.0,449060.04586566566,0.7065035372726408,0.4734055354993983,11457.013574660632
3.99,5588,1778951,96.0,66.0,68.0,147.0,1300.9000000000005,381453.3719770136,0.7283375423153966,0.5121689334287759,19789.473684210527
9.63,12686,4137040,100.0,66.0,70.0,148.0,1296.0,411671.7512702862,0.7078148865306526,0.4940879709916443,18062.305295950155
2.66,2693,885452,96.0,66.0,71.0,147.0,1322.0,405670.0678443335,0.7436843903452064,0.5191236539175641,11120.300751879699
2.51,2667,1016981,103.0,66.0,73.0,243.0,1322.0,466700.02494963724,0.7006681486023814,0.4641919760029996,9585.657370517929
5.93,5968,2023752,98.0,66.0,70.0,154.0,1322.0,433634.2653616429,0.7412892012121973,0.5021782841823056,12910.6239460371
3.51,2865,1064474,103.0,66.0,71.0,157.0,1322.0,479249.65049374255,0.7008026719818995,0.46841186736474694,10222.222222222223
4.9,4746,1697381,103.0,66.0,70.0,152.75,1322.0,475461.08035053906,0.6841088141482956,0.4888327012220818,13163.265306122446
0.71,1103,409573,96.0,66.0,69.0,147.0,1322.0,497221.18812535494,0.9518579366104887,0.5339981867633726,19267.605633802817
1.02,931,402214,100.0,66.0,71.0,293.0,1393.0,555891.4022342953,0.7284093936741141,0.49731471535982813,10058.823529411764
9.0,10312,3581155,100.0,66.0,70.0,147.0,1322.0,428163.0846101159,0.7404079637778554,0.49010861132660977,15693.333333333334
1.89,1850,716438,102.5,66.0,73.0,170.0,1322.0,499740.299066764,0.719485860217073,0.4616216216216216,8603.174603174602
6.52,6806,2429030,102.0,66.0,71.0,154.0,1322.0,479641.77982884715,0.7244287729196051,0.4836908610049956,12432.515337423314
6.79,6516,2345201,103.0,66.0,72.0,179.0,1322.0,435855.4998532912,0.7131420627501738,0.48112338858195214,9702.503681885126
2.88,3007,1138543,103.0,66.0,72.0,183.0,1322.0,500789.08488728607,0.6934192418366071,0.47855004988360494,9979.166666666666
1.4,2309,882607,96.0,66.0,70.0,156.0,1322.0,524248.5105166838,0.7687984784327231,0.5119099177132957,21342.857142857145
8.96,10067,3675819,103.0,66.0,71.0,155.0,1322.0,495433.98203920096,0.6812371937073476,0.48375881593324727,12408.482142857141
2.65,2943,980088,114.0,66.0,72.0,154.0,1322.0,421632.57675238285,0.5740538534930563,0.43153244988107375,10233.962264150943
8.38,7470,2819249,103.0,66.0,72.0,147.0,1322.0,511776.8546620037,0.6986093273121488,0.4714859437751004,9494.033412887826
8.7,7293,3158310,96.0,66.0,71.0,175.0,1393.0,605685.5601718356,0.8393514744510435,0.5128205128205128,9034.48275862069
1.63,1312,518621,96.0,66.0,70.0,147.0,1394.0,574012.8173467941,0.8082899342610774,0.5251524390243902,10196.319018404909
0.52,531,182706,76.0,66.0,69.0,135.5,1322.0,487299.74138976674,1.2500820479159829,0.623352165725047,11884.615384615385
6.36,5064,2396695,100.0,66.0,72.0,236.0,1408.0,702680.4765269557,0.8767937671653487,0.4873617693522907,7320.754716981131
6.76,5988,2836022,96.0,66.0,71.0,187.0,1408.0,753606.7345076482,0.8902387173203941,0.5055110220440882,8804.733727810652
7.61,5854,2636225,100.0,66.0,71.0,201.0,1408.0,635497.6959331491,0.830253779161879,0.4976084728390844,7363.994743758213
1.6,1092,561232,103.0,66.0,73.0,894.0,1408.0,694450.3087254625,0.8759605399792316,0.47619047619047616,5287.5
7.78,6093,3178512,100.0,66.0,72.0,751.0,1408.8000000000002,763970.6422121325,0.9230207119449398,0.4994255703266043,6077.120822622107
5.32,4338,2409139,103.0,66.0,73.0,934.75,1432.3000000000002,833101.6952253887,0.8978606389137413,0.46795758414015676,6541.353383458646
2.14,1916,856294,99.0,66.0,72.0,251.0,1393.0,595214.0005066661,0.795411291016727,0.5,9448.598130841121
9.94,8275,3803160,100.0,66.0,71.0,183.0,1408.0,665055.2086877631,0.8174681719052972,0.4851963746223565,7804.8289738430585
1.66,1615,697405,98.0,66.0,70.0,173.0,1408.0,597512.989581037,0.7388482390796491,0.5021671826625387,11819.277108433735
3.78,2767,1224123,96.0,66.0,70.0,192.0,1408.0,607510.4924171488,0.9946470742587248,0.5439103722443079,8015.873015873016
6.0,4890,2513399,103.0,66.0,72.0,420.75,1428.0,783221.8335867196,0.8501263911606254,0.4723926380368098,8140.0
2.19,1615,809075,102.0,66.0,70.0,657.5,1393.0,686452.8365382587,0.8801503456289498,0.4873065015479876,6712.328767123288
1.42,1453,509425,96.0,66.0,66.0,179.0,1322.0,416180.46804745524,0.738898778466638,0.5147969717825189,17788.732394366198
1.79,2094,751548,98.0,66.0,66.0,179.0,1322.0,408708.73413464037,0.7296903920578832,0.5033428844317096,18905.027932960893
9.29,10175,5947500,108.0,66.0,70.0,1322.0,1679.0,735783.2195884067,0.6439023284946437,0.4474692874692875,13911.73304628633
5.65,4175,2119088,104.0,66.0,71.0,451.5,1451.0,738583.558220431,0.8316946567569588,0.46251497005988024,9100.884955752212
9.69,8519,3964316,98.0,66.0,71.0,179.0,1408.0,701468.1770016963,0.8698065363120956,0.5017020777086513,9919.504643962848
9.88,9975,4188207,98.0,66.0,70.0,147.0,1393.0,638308.9182351971,0.7951924751785403,0.5004511278195489,13226.720647773278
9.8,14396,5239339,103.0,66.0,70.0,148.0,1322.0,524560.6799100973,0.6955361842772754,0.4791608780216727,20081.63265306122
9.01,14687,5318972,100.0,66.0,67.0,147.0,1322.0,549059.9995012609,0.7271024216626987,0.4926806018928304,24113.20754716981
9.44,12829,5052115,100.0,66.0,67.0,169.0,1322.0,526238.6798289749,0.7855241847914801,0.48639800452100707,19754.237288135595
4.1,6250,2657613,103.0,66.0,70.0,317.0,1322.0,493491.05724111357,0.8198949517325894,0.47312,18834.146341463416
7.88,12378,4919364,103.0,66.0,71.0,213.5,1322.0,473934.51061266346,0.7232583430950178,0.4582323477136856,18616.751269035532
6.74,8894,3343067,100.0,66.0,70.0,183.0,1322.0,436520.20087508176,0.7597206808555206,0.48223521475151787,16540.059347181006
0.03,80,22148,100.0,66.0,73.0,147.25,1288.6000000000001,187688.80250000002,0.6758358019466779,0.4,22000.0
8.46,11247,3972813,96.0,66.0,68.0,147.0,1322.0,448849.2923211698,0.7443467837319995,0.505201387036543,18460.992907801417
7.6,12603,3994394,100.0,66.0,67.0,147.0,1322.0,372763.51991833263,0.708669339492735,0.49234309291438544,24623.68421052632
1.36,2079,634969,101.0,66.0,66.0,147.0,1099.6000000000045,369286.5197572278,0.642158719922615,0.4935064935064935,23647.05882352941
4.44,7763,2494779,100.0,66.0,67.0,147.0,1322.0,383512.44458075915,0.6767706818281987,0.48872858431018934,25378.378378378377
1.47,2313,690027,103.0,66.0,66.0,147.0,940.0,373649.6263985829,0.6402355746648842,0.485516645049719,25877.551020408162
3.76,5679,1823577,98.0,66.0,69.0,147.0,1322.0,404891.9377967986,0.7160226747952109,0.5027293537594647,20712.76595744681
8.22,64607,41372535,793.0,79.0,103.0,1322.0,1451.0,349862.03356676723,0.1686556770094576,0.2038788366585664,17737.22627737226
8.5,32998,18372648,114.0,73.0,80.0,793.0,1483.0,398705.7644211502,0.31570851035438,0.3120795199709073,16694.117647058825
1.3,3676,1958227,115.0,71.0,80.0,793.0,1483.0,384161.43120530964,0.3074201179488888,0.3117519042437432,14400.0
3.56,11626,6078365,112.0,70.0,80.0,793.0,1483.0,412590.29653329117,0.36233183160889865,0.33786340959917427,17865.16853932584
6.26,17887,8922230,103.0,66.0,80.0,793.0,1483.0,406233.3083897364,0.39913144133001416,0.3598143903393526,18527.156549520765
4.43,14381,7924276,116.0,71.0,80.0,793.0,1483.0,446667.6029986408,0.33422190019777215,0.31729365134552534,15507.900677200903
9.48,35949,19793491,118.0,71.0,80.0,793.0,1483.0,403992.3340681956,0.3289872401251991,0.32064869676486135,17164.556962025315
6.84,31217,17788207,120.0,73.0,80.0,793.0,1483.0,400977.34260043496,0.29009293317969426,0.2910913925104911,18736.842105263157
0.63,3718,2136592,116.0,80.0,80.0,793.0,1483.0,371218.2749732991,0.28677768152212274,0.2926304464766003,17904.761904761905
4.55,26004,15703712,141.0,80.0,80.0,825.0,1483.0,382840.6197057091,0.269952915789025,0.27472696508229505,10654.945054945054
2.98,18196,11085370,141.0,80.0,83.0,825.0,1483.0,383279.1412423579,0.25187714127669547,0.2667619256979556,10892.61744966443
9.62,37604,22706277,122.0,80.0,81.0,825.0,1483.0,413351.03292006854,0.28113584673746483,0.28270928624614405,9598.752598752599
2.26,23040,16018540,793.0,80.0,178.0,1322.0,1408.0,296419.5841138298,0.10573199379738002,0.14149305555555555,13115.044247787613
3.45,21511,13688045,793.0,80.0,103.0,1322.0,1483.0,379387.5172280877,0.21398845038014697,0.22876667751383015,10313.04347826087
0.87,6948,4265636,141.0,80.0,84.0,825.0,1483.0,378236.7430397502,0.2514440364951142,0.25446171560161196,13586.206896551723
8.53,50218,31203822,145.0,80.0,96.0,1312.75,1483.0,391939.7371044706,0.2361733393770629,0.2518419690150942,9418.52286049238
7.97,29535,17630670,118.0,76.0,80.0,825.0,1483.0,412098.5842644621,0.27663939987516023,0.28241069917047573,9116.687578419072
7.19,11867,6760994,103.0,70.0,80.0,793.0,1483.0,527155.140411122,0.4271589554353825,0.35147889104238644,6876.2169680111265
3.49,2842,1460370,100.0,66.0,73.0,576.5,1425.0,771723.6236878114,0.952679299458495,0.4732582688247713,7375.358166189111
6.95,5851,2962207,100.0,66.0,72.0,578.0,1408.0,741132.8519775881,0.9023457655822077,0.49427448299435994,7484.892086330936
4.36,3116,1496671,98.0,66.0,73.0,261.5,1408.0,719529.97427034,0.8928819487510232,0.5044929396662388,6123.853211009174
6.29,4574,2121296,100.0,66.0,71.0,221.25,1408.0,677816.970601883,0.8535679871855303,0.49956274595540007,6476.947535771065
7.01,7602,3744980,101.0,66.0,73.0,518.25,1408.0,697383.9179515686,0.8332699258132015,0.48066298342541436,6847.360912981455
4.42,6136,2863264,100.0,66.0,73.0,333.0,1390.0,650003.8041749039,0.8365362868966192,0.49445893089960885,8497.737556561086
3.58,4507,2357866,101.0,68.0,73.0,741.0,1408.0,786103.7618641101,0.8776722639929652,0.4794763700909696,6368.715083798883
4.41,5129,2626500,96.0,66.0,72.0,605.0,1408.0,778272.6524014222,0.894567818947496,0.5028270618054201,8027.210884353742
8.54,7372,3417106,96.0,66.0,71.0,178.0,1428.0,670680.362779095,0.8389070031370389,0.5166847531199131,8683.840749414521
3.42,2971,1316569,88.0,66.0,69.0,168.5,1408.0,599118.89321831,0.9255765270405285,0.5408953214405924,8245.61403508772
8.61,7662,3697836,96.0,66.0,71.0,212.0,1428.0,745710.2864516422,0.8437970695283293,0.5104411380840511,8334.494773519164
2.98,2997,1354690,100.0,66.0,71.0,183.0,1408.0,650736.4829142344,0.8275387454557799,0.4981648314981648,12402.68456375839
7.39,8137,3442114,103.0,66.0,70.0,179.0,1382.2000000000016,588856.8238582761,0.6718477707454581,0.4772029003318176,13477.67253044655
2.73,2570,1240272,103.0,66.0,72.0,195.0,1408.0,740422.6189731866,0.8359862739161151,0.4848249027237354,9736.263736263736
5.92,4978,2032302,96.0,66.0,69.0,147.0,1393.0,575177.1622940053,0.8232877746734124,0.5060265166733628,11158.783783783783
7.74,7462,3346621,100.0,66.0,71.0,158.0,1394.0,694464.7156940291,0.8316500415109487,0.4930313588850174,11635.658914728681
2.28,2134,864239,96.0,66.0,69.0,157.5,1322.0,527584.0611760413,0.9469852885128439,0.5370196813495782,11421.052631578948
9.67,9373,4172081,98.0,66.0,71.0,179.0,1393.0,639020.9830196258,0.8509056305543459,0.50144030726555,10988.62461220269
7.4,6881,3251113,103.0,66.0,71.0,284.0,1408.0,691217.989907401,0.816828038729295,0.4849585816015114,10775.675675675675
2.64,3107,1110159,98.0,66.0,66.0,147.0,1322.0,493530.9679367448,0.7667457629094979,0.5017701963308658,17863.63636363636
5.22,5400,2094727,103.0,66.0,70.0,164.0,1322.0,499109.88473494514,0.7376971402395132,0.4862962962962963,13448.275862068966
2.28,2508,987123,103.0,66.0,68.0,147.0,1322.0,607660.9181876369,0.7374896878503486,0.4788676236044657,15078.947368421053
2.14,2699,1042136,98.0,66.0,69.0,153.5,1322.0,579958.6719467546,0.7493690674120834,0.5005557613931085,17355.140186915887
4.07,4721,1927093,100.0,66.0,69.0,165.0,1322.0,574913.6504473448,0.8583439705888275,0.49671679728871004,15184.275184275182
1.21,1015,389324,100.0,66.0,71.0,155.0,1322.0,554949.3859244339,0.7024639781737574,0.49852216748768474,11107.438016528926
2.49,2681,1089284,103.0,66.0,71.0,266.0,1322.0,503364.41942379554,0.6878894989485526,0.49421857515852297,12096.385542168675
6.93,8786,3349391,100.0,66.0,70.0,156.0,1322.0,528573.1148685705,0.7841999032166004,0.4939676758479399,16458.87445887446
9.28,12481,4517261,103.0,66.0,70.0,155.0,1322.0,498495.25115007116,0.7343473007915269,0.49010495953849853,18349.137931034486
0.93,1202,447896,103.0,66.0,70.0,183.0,1322.0,497716.7250672063,0.6865591092427427,0.4733777038269551,16580.645161290322
2.92,3607,1225751,103.0,66.0,70.0,151.5,1322.0,466300.58256529045,0.6833060672878584,0.4904352647629609,16726.027397260274
9.41,19372,7971672,141.0,66.0,73.0,206.0,1294.0,2282864.849191817,0.41317764919250366,0.36423704315506916,24057.38575982997
6.4,9134,3224124,100.0,66.0,67.0,147.0,1322.0,477682.70402137097,0.7245017517329747,0.49967155682067005,21375.0
7.21,10288,3581184,100.0,66.0,66.0,147.0,1322.0,503786.808749991,0.7283794278959161,0.499805598755832,22169.209431345353
8.61,10874,3860805,100.0,66.0,66.0,147.0,1322.0,472771.7195767923,0.7113012227415828,0.4927349641346331,19282.229965156796
8.53,9395,3719867,98.0,66.0,67.0,154.0,1322.0,588557.150021268,0.7943260472699227,0.500478978179883,15960.140679953107
1.96,2587,1146788,103.0,66.0,70.0,183.0,1394.0,690564.733398789,0.7580716011421041,0.47700038654812527,17387.755102040817
4.45,5155,1804354,100.0,66.0,70.0,147.0,1322.0,472063.7221924041,0.7316035976859312,0.49136760426770126,14858.426966292134
4.93,7489,2911262,103.0,66.0,71.0,149.0,1322.0,582713.2320146372,0.7187645492299384,0.4788356255841901,19107.505070993913
2.14,3120,958686,100.0,66.0,69.0,147.0,1208.4999999999986,360803.98673200194,0.7000513897577978,0.4971153846153846,20523.36448598131
5.69,8124,2549755,103.0,66.0,70.0,147.0,1296.0,371199.43393845117,0.6578850420557653,0.4804283604135894,19202.108963093146
4.94,5564,1573102,98.0,66.0,66.0,145.0,933.0,323427.066176292,0.6652307332792168,0.5003594536304816,16931.174089068823
9.96,11605,4356268,102.0,66.0,70.0,155.0,1322.0,541371.9031501412,0.7157030854336454,0.48875484704868594,14873.493975903613
6.09,7449,3010969,100.0,66.0,71.0,152.0,1322.0,616366.0573004048,0.7294332594819731,0.48610551751913006,15182.266009852217
3.71,4419,1542673,100.0,66.0,66.0,145.0,1322.0,508039.7858768948,0.7026454775645964,0.4969450101832994,18339.622641509435
5.31,5547,2742518,103.0,66.0,71.0,202.5,1408.0,817799.1174204706,0.8298165581544356,0.48476654047232737,11819.209039548023
9.71,97163,25804720,206.0,78.0,206.0,206.0,206.0,543285.939846795,0.07575279214580276,0.10950670522729845,44539.64984552008
5.93,5780,2914934,100.0,66.0,71.0,195.0,1451.0,859411.8928534142,0.8836717245142037,0.4991349480968858,10947.723440134907
8.72,9783,6051275,103.0,66.0,70.0,1322.0,1679.0,891107.5573195838,0.6649542827984719,0.46877236021670243,14408.256880733945
0.85,471,269164,103.0,68.0,73.0,1288.5,1408.0,755171.7142638195,0.8240267476269167,0.445859872611465,3035.294117647059
5.8,5256,2667958,100.0,66.0,73.0,646.0,1408.0,747450.6930994571,0.8875083777719498,0.4842085235920852,7241.379310344828
0.38,185,86598,96.0,66.0,70.0,179.0,1444.0,705572.1959386414,0.7975491188981163,0.5243243243243243,6157.894736842105
4.54,3505,1591096,96.0,66.0,71.0,226.0,1408.0,640222.8734271197,0.9352483958834323,0.527246790299572,7268.722466960352
5.82,5349,2390320,100.0,66.0,71.0,224.0,1390.0,623352.1955112158,0.8441183781645293,0.4926154421387175,10422.680412371134
2.41,1643,702541,88.0,66.0,70.0,154.0,1393.0,647506.681350898,0.964243116674409,0.5611685940353013,6398.340248962655
1.92,1239,628679,100.0,66.0,72.0,336.0,1451.0,807034.8114226826,0.9553687661721927,0.4858757062146893,6031.25
1.22,1199,561812,103.0,66.0,71.0,193.5,1408.0,661253.0261428588,0.8608764396769543,0.4395329441201001,11311.475409836066
4.11,3241,1520146,100.0,66.0,70.0,310.0,1394.0,667868.2014120035,0.8349721610623754,0.49367479173094725,9664.233576642335
3.23,2582,1081016,96.0,66.0,69.0,155.75,1389.6000000000004,584099.6744463997,0.929736278072873,0.5224632068164213,10569.659442724458
2.4,1516,706006,100.0,66.0,71.0,462.5,1408.0,607848.6453989459,0.8562337791974446,0.48812664907651715,6875.0
5.77,4354,1939964,100.0,66.0,70.0,171.75,1393.0,659111.8133510039,0.912235271942304,0.4931097841065687,9525.129982668977
4.68,3406,1559984,96.0,66.0,71.0,293.0,1394.0,629262.5906105386,0.9388581605722717,0.5217263652378156,6935.897435897436
7.07,6310,2852221,96.0,66.0,71.0,157.0,1394.0,706964.9200290586,0.8309430941899568,0.5182250396196514,9233.380480905233
1.52,867,345663,103.0,66.0,68.0,149.0,1322.0,563918.2375051385,0.7269529502663576,0.4936562860438293,7381.578947368421
9.57,7273,3061401,100.0,66.0,71.0,158.0,1322.0,566583.6484374617,0.8155321731679451,0.4916815619414272,8733.542319749216
3.48,2670,1130957,103.0,66.0,71.0,183.0,1322.0,563049.4654183675,0.7404074523671293,0.4756554307116105,8224.137931034482
8.66,7140,3348619,96.0,66.0,71.0,205.25,1408.0,712197.1653731886,0.8878658425493614,0.5120448179271708,8411.08545034642
3.49,2569,1291781,100.0,66.0,72.0,619.0,1408.0,734516.0550250228,0.9036793929904854,0.4783962631374076,6790.830945558739
6.8,5530,2600629,100.0,66.0,71.0,325.0,1408.0,654305.5396462826,0.9118064981336953,0.4945750452079566,8117.64705882353
4.33,3623,1720479,100.0,66.0,73.0,402.5,1408.0,645017.2771449984,0.8984332678315364,0.48688931824454873,7454.965357967667
5.92,4585,2154933,100.0,66.0,71.0,420.0,1408.0,633631.3934431773,0.9166365226420635,0.4861504907306434,7682.4324324324325
8.21,5514,2632377,96.0,66.0,72.0,436.75,1408.0,671927.7218048786,0.9317506242320954,0.5170475154153065,5963.459196102314
4.75,3453,1656573,100.0,66.0,71.0,423.0,1408.0,676547.1697968222,0.8854716152593342,0.49666956269910223,7250.526315789474
1.94,1614,719699,90.0,66.0,69.0,167.25,1408.0,632839.3172077807,1.0140405410745097,0.5526641883519207,9649.484536082475
2.56,1794,926071,103.0,66.0,73.0,747.75,1408.0,757240.7691875807,0.9619635140038927,0.47881828316610925,4710.9375
0.77,582,282470,100.0,66.0,71.25,913.5,1408.0,565007.2083702366,0.8729011270660139,0.49312714776632305,6935.064935064935
3.54,2824,1461123,102.5,66.0,73.0,799.25,1431.0,713995.9485710051,0.825553720298092,0.4794617563739377,6661.016949152542
8.6,7291,3587904,100.0,66.0,72.0,642.0,1408.0,694729.1809777598,0.8775315851300687,0.48072966671238515,7339.534883720929
3.39,2830,1299550,103.0,66.0,72.0,225.0,1394.1999999999998,661452.6399755272,0.8082092404153199,0.4763250883392226,7716.814159292036
5.07,4281,1973857,96.0,66.0,71.0,260.0,1408.0,673573.0919585631,0.9002562217117072,0.5120298995561785,7100.591715976331
0.46,316,113699,96.0,66.0,71.0,155.25,1322.0,461866.1684325429,0.8789531747977446,0.5253164556962026,7304.347826086956
6.14,5640,2637581,98.0,66.0,71.0,206.0,1408.0,706042.017443759,0.8869996846247721,0.5049645390070922,8276.87296416938
0.84,496,223118,100.0,67.0,72.0,284.0,1401.0,606304.1863781217,0.7894251686884702,0.49798387096774194,3500.0
0.8,743,352863,100.0,66.0,73.0,632.5,1408.0,651106.6740597303,0.9075584273468643,0.477792732166891,6900.0
4.33,3088,1403488,100.0,66.0,72.0,240.25,1397.0000000000018,646210.8270658272,0.8592196903103658,0.4990284974093264,6581.986143187067
1.81,1290,528354,96.0,66.0,68.25,147.0,1408.0,540215.3991490896,0.8145585867815341,0.5124031007751938,9447.513812154695
6.01,4614,2118788,96.0,66.0,71.0,243.25,1408.0,652630.7636382665,0.9378239013826997,0.5065019505851756,7018.302828618968
1.46,929,415300,103.0,66.0,71.0,217.0,1393.0,639286.630275966,0.7739634158194506,0.4897739504843918,6369.86301369863
2.69,2458,1117861,100.0,66.0,71.0,195.0,1408.0,666398.8214609178,0.8455654805113433,0.49755899104963386,9836.4312267658
4.25,3189,1371300,96.0,66.0,70.0,158.0,1386.0,601265.648704227,0.9047475332290371,0.5161492630918784,8272.94117647059
2.67,2104,937324,98.0,66.0,71.0,284.0,1393.0,600171.5532174818,0.7980216140840161,0.5004752851711026,7325.842696629214
4.56,4300,1826519,96.0,66.0,70.0,156.0,1322.0,609006.7630686318,0.871935847234887,0.5062790697674419,11763.157894736842
5.74,4047,1853049,98.0,66.0,71.0,236.0,1394.0,641883.3424211403,0.8837596934196342,0.504571287373363,7285.714285714286
2.98,2676,1118938,100.0,66.0,70.0,154.25,1382.0,575052.830658279,0.8173998559476979,0.49813153961136025,11255.03355704698
1.24,1842,762580,98.0,66.0,69.0,153.0,1322.0,582519.3420006814,0.966884926779631,0.507057546145494,19064.516129032258
0.93,1442,748912,100.0,66.0,66.25,252.0,1451.0,978837.6094209576,0.788974988974989,0.4694868238557559,23290.32258064516
2.03,2063,959683,100.0,66.0,71.0,412.5,1408.0,580929.2937598935,0.8652730665637094,0.4735821619001454,11201.970443349754
7.5,8304,3331790,100.0,66.0,70.0,149.0,1322.0,566857.846538138,0.8271307198814647,0.49470134874759153,14480.0
9.7,13763,5620112,102.0,66.0,71.0,177.5,1322.0,502859.71883757535,0.7727413450856842,0.4624718448012788,17468.041237113404
0.7,1017,320072,100.0,66.0,66.0,147.0,1322.0,352888.0494097878,0.7013801540396644,0.4808259587020649,21942.857142857145
3.23,4007,1381555,102.0,66.0,70.0,147.0,1322.0,447494.12863064883,0.7004178345271462,0.48465185924631893,17182.662538699693
3.55,7490,3009856,103.0,66.0,73.0,194.25,1322.0,514617.77961615054,0.7690220944691313,0.46328437917222964,24050.704225352114
3.62,5673,1814846,100.0,66.0,66.0,147.0,1322.0,353945.45380384737,0.7548804329572207,0.4925083729948881,23602.20994475138
8.1,11902,4510754,103.0,66.0,71.0,158.0,1322.0,490364.3553261003,0.7146624980660379,0.47681062006385483,17214.814814814818
5.09,7833,2912057,100.0,66.0,70.0,170.0,1322.0,440516.16220949875,0.7775477762435747,0.4962338822928635,19980.353634577605
0.82,904,278157,103.0,66.0,66.0,147.0,926.9000000000008,417391.20502657804,0.6052320828413117,0.4944690265486726,18365.853658536587
9.28,13275,4440897,98.0,66.0,68.0,147.0,1322.0,404531.1954891123,0.7469806714414815,0.5001883239171375,20508.620689655174
6.67,9076,3036135,98.0,66.0,69.0,147.0,1322.0,428165.733142487,0.7019799700702198,0.50110180696342,18035.982008995503
8.82,13599,4258086,103.0,66.0,71.0,147.0,1294.0,364540.1796445402,0.6312050875640565,0.47959408780057355,19170.068027210884
2.67,3049,1063370,103.0,66.0,72.0,156.0,1322.0,432257.7919784226,0.690451739649726,0.4693342079370285,13213.483146067416
6.49,8597,2773277,102.0,66.0,71.0,147.0,1300.0,399377.6092562891,0.6691311473146758,0.4840060486216122,17167.95069337442
5.85,7657,2841226,100.0,66.0,70.0,154.0,1322.0,482311.1347832221,0.7487761024394106,0.4944495233120021,17241.025641025644
5.07,7551,2579443,100.0,66.0,66.0,147.0,1322.0,456719.81034291507,0.7305711452073975,0.4774202092438088,22792.89940828402
1.32,1497,467568,100.0,66.0,66.0,147.0,1294.0,370353.26407256734,0.698194463635945,0.48430193720774883,18727.272727272724
4.94,7460,2353087,103.0,66.0,66.0,147.0,1322.0,349162.6428252018,0.6683603452382303,0.48471849865951744,24449.392712550605
7.72,10268,3171144,100.0,66.0,66.0,147.0,1294.0,368680.75993760664,0.7053474811138664,0.49230619400077913,21645.077720207257
2.6,4137,1805407,103.0,66.0,71.0,178.0,1408.0,687893.9600728471,0.7932031624235872,0.47619047619047616,18069.23076923077
7.88,10514,3771708,100.0,66.0,70.0,162.0,1322.0,465846.0120515056,0.7240821753517375,0.49429332318813013,16751.269035532994
8.68,11940,4234176,103.0,66.0,71.0,168.0,1322.0,448308.8988175383,0.6700232060533597,0.4771356783919598,16562.21198156682
5.79,5363,2498802,100.0,66.0,72.0,190.0,1408.0,711345.4511222171,0.832760795189286,0.4943128845795264,8797.927461139896
1.57,1415,527559,89.0,66.0,69.0,141.0,1322.0,517686.4442677522,0.9853249475890985,0.5526501766784452,12458.59872611465
3.94,3931,1470270,100.0,66.0,70.0,147.0,1322.0,521403.9370467194,0.8042660328524925,0.494276265581277,13065.989847715737
4.58,4010,1649994,100.0,66.0,70.0,154.0,1386.0,550414.624650593,0.8132782748336774,0.470074812967581,10886.46288209607
8.75,7597,3340509,100.0,66.0,71.0,218.0,1393.0,613973.4098449141,0.8407590351933364,0.48979860471238645,9085.714285714284
3.92,3485,1622533,96.0,66.0,70.0,195.0,1408.0,713515.3334356507,0.9011799659961929,0.5142037302725968,9704.081632653062
5.83,4236,2059838,103.0,66.0,72.0,317.0,1408.0,720751.8319461052,0.8003860080617613,0.46081208687440983,7420.24013722127
8.24,7374,3413099,100.0,66.0,71.0,245.0,1408.0,669126.0341419971,0.8912062277206961,0.48874423650664495,8679.611650485436
9.7,9062,5169764,112.0,66.0,73.0,1048.0,1386.0,588057.4961638261,0.5974405950539233,0.42187155153387773,5622.6804123711345
3.43,2764,1377292,100.0,66.0,73.0,422.5,1408.0,733432.4112624377,0.9125876338679849,0.49493487698986977,7067.055393586005
7.09,5713,2534643,100.0,66.0,71.0,204.0,1393.0,638767.8893175698,0.8705341993058332,0.4995624015403466,7413.258110014104
2.49,1647,868548,100.0,67.0,72.0,615.0,1451.0,846432.8193403472,0.9008761743903726,0.4930176077717061,3831.325301204819
8.6,7282,3283145,100.0,66.0,71.0,179.0,1406.8000000000065,662970.2764796825,0.8395490407794945,0.49752815160670144,9586.046511627907
0.22,248,97601,96.0,66.0,73.0,153.0,1388.1000000000001,517336.3278973725,0.9448309335059052,0.5685483870967742,9818.181818181818
2.56,2760,1070104,96.0,66.0,69.0,146.25,1322.0,536884.6868914095,0.8378156987189636,0.506159420289855,13289.0625
4.42,3678,1682771,103.0,66.0,72.0,245.0,1394.0,641063.4789258087,0.8182780240405735,0.47553017944535075,7466.063348416289
0.12,45,16323,74.0,66.0,68.0,153.0,1238.4000000000003,514461.97333333344,0.8664307828394515,0.5555555555555556,5000.0
8.13,9873,5980863,108.0,54.0,69.0,1322.0,1679.0,752058.3644132811,0.6012135162296729,0.4532563557176137,16678.966789667895
5.66,4664,2109702,100.0,66.0,72.0,195.0,1393.0,644712.9319915839,0.8543760646499875,0.4813464837049743,8257.950530035336
2.39,2233,962029,96.0,66.0,70.0,168.0,1393.0,599820.3504169132,0.9169300548204496,0.5239587998208688,9966.527196652718
1.56,947,463797,103.0,66.0,73.0,569.5,1408.0,683574.5762118801,0.8954836894257633,0.4477296726504752,5923.076923076923
6.12,4639,2179347,100.0,66.0,72.0,361.5,1408.0,637503.2202421144,0.8316602934993693,0.484371631817202,7264.7058823529405
7.64,5053,2197658,96.0,66.0,71.0,181.0,1408.0,600592.7749473236,0.8605746925364507,0.5123688897684544,6369.1099476439795
5.33,3529,1647896,96.0,66.0,72.0,244.0,1408.0,669016.2031387746,0.952637109829873,0.5100595069424766,5380.8630393996245
9.59,7078,3583571,100.0,66.0,72.0,735.0,1408.0,736107.3080193845,0.9625399648759401,0.48346990675332013,5386.861313868613
7.37,6174,2815885,100.0,66.0,72.0,183.0,1394.0,660635.824035405,0.8628959262039586,0.49206349206349204,7497.964721845318
3.22,2121,974413,96.0,66.0,71.0,192.0,1408.0,692848.1922918499,0.9330039265786161,0.5082508250825083,6447.204968944099
1.07,832,335380,96.0,66.0,72.0,158.0,1386.0,519690.8888452294,0.9539285628497994,0.53125,7962.616822429906
1.54,1133,532838,100.0,66.0,71.0,222.0,1408.0,728019.3707369933,0.8844989481245831,0.4969108561341571,7675.324675324675
1.3,803,356242,100.0,66.0,70.0,179.0,1408.0,598347.1198851133,0.866928612005302,0.49937733499377335,8030.7692307692305
7.16,5553,2511068,98.0,66.0,71.0,236.0,1408.0,631200.6308877448,0.8615787543150584,0.501530704123897,8254.189944134077
1.54,1285,657752,103.0,66.0,73.0,746.0,1408.0,715528.9276543172,0.8559221014232575,0.4490272373540856,7480.519480519481
7.23,5590,2650674,100.0,66.0,71.0,331.75,1408.0,686224.8175429546,0.8916528087329133,0.48801431127012523,7701.244813278007
3.98,2426,1167927,103.0,66.0,73.0,417.25,1408.0,665878.0351626613,0.9165841172228518,0.46784830997526794,6241.2060301507545
1.67,1620,875667,103.0,66.0,73.0,940.25,1408.0,773234.5561694101,0.9237881326725849,0.46358024691358024,8191.616766467067
6.39,5116,2447693,100.0,66.0,72.0,284.0,1408.0,739758.3408620934,0.9211760413265992,0.4958952306489445,7877.934272300469
4.15,2927,1383460,98.0,66.0,72.0,364.0,1408.0,645801.7771765273,0.8811872098208431,0.5005124701059105,6187.951807228916
4.97,3238,1649952,96.0,66.0,72.0,690.0,1408.0,757361.7993309072,0.9653076427100352,0.5247066090179123,5589.53722334004
2.59,1845,947218,98.0,66.0,73.0,691.0,1428.0,747583.9922961789,0.884688070999739,0.5040650406504065,5096.525096525097
6.75,5803,2188859,96.0,66.0,70.0,155.0,1322.0,524042.3158257557,0.7969323490489325,0.5142167844218508,10355.555555555555
8.95,9249,3441775,100.0,66.0,70.0,158.0,1322.0,470648.40055753296,0.7221087029869249,0.4941074710779544,13159.776536312851
9.18,12844,4330844,100.0,66.0,70.0,147.0,1322.0,454005.92210699146,0.7039689850755556,0.4994549984428527,19019.607843137255
1.72,2627,932821,98.0,66.0,71.0,147.5,1322.0,516845.0882370117,0.7922533737108727,0.50399695470118,18662.79069767442
8.46,11603,3711582,100.0,66.0,67.0,147.0,1294.0,386181.55514482706,0.6880678914980117,0.489700939412221,20099.29078014184
5.29,6112,2134841,103.0,66.0,70.0,154.25,1322.0,454821.82693342824,0.7225433360857378,0.4831479057591623,15584.120982986768
4.81,6392,1891883,100.0,66.0,66.0,147.0,1138.700000000018,347851.4558083155,0.6900598425879751,0.498279098873592,21155.925155925157
9.71,10938,3696806,100.0,66.0,68.0,147.0,1322.0,446580.0339021171,0.7265651378103175,0.49506308283049916,16146.24098867147
0.16,185,69944,96.0,66.0,66.0,147.0,1322.0,572621.5618407597,0.8475097356015577,0.5405405405405406,18000.0
6.92,8674,2971362,100.0,66.0,66.0,147.0,1322.0,438284.6305839331,0.7261643461865804,0.49608023979709476,19864.161849710985
9.03,11764,4000922,100.0,66.0,66.0,147.0,1322.0,431306.78062073904,0.7153833756636812,0.4990649438966338,19647.840531561462
7.27,9833,3267924,100.0,66.0,70.0,147.0,1322.0,432584.9370886151,0.6993556324002693,0.4899827112783484,17636.863823933978
3.63,4144,1529911,103.0,66.0,73.0,183.0,1322.0,478256.753875853,0.6747337693047832,0.47586872586872586,11768.595041322315
1.47,2071,634931,96.0,66.0,71.0,147.0,955.0,413674.12162112695,0.728407695456406,0.5127957508450024,18285.714285714286
9.12,10755,3574281,100.0,66.0,71.0,156.0,1322.0,404275.9912486748,0.6898602271708648,0.4911204091120409,13236.842105263158
9.85,11483,3618439,100.0,66.0,69.0,147.0,1294.0,396889.7807351137,0.695516891703545,0.49830183749891144,16184.771573604063
3.12,3431,1075006,96.0,66.0,69.0,147.0,1296.0,363927.86662981013,0.7566922160486669,0.5085980763625765,15346.153846153844
6.7,6668,2318504,96.0,66.0,70.0,147.0,1322.0,469904.1796453547,0.7266134246255922,0.5053989202159568,13728.358208955224
5.79,6220,2333337,102.0,66.0,70.0,158.0,1322.0,489738.2199949081,0.7352006914042023,0.4860128617363344,14000.0
7.14,9101,3080793,103.0,66.0,69.0,147.0,1322.0,396882.9495714871,0.6628135910282174,0.48313372156905837,17798.319327731093
9.13,9339,3167898,100.0,66.0,68.0,147.0,1322.0,433793.2586447302,0.724576558904523,0.4980190598565157,14602.409638554216
9.81,7114,3068120,96.0,66.0,70.0,155.0,1408.0,630832.6985623663,0.8577120777817403,0.5134945178521225,8697.247706422018
7.89,6310,2870408,100.0,66.0,71.0,183.0,1393.0,666271.9446403842,0.8509358489208202,0.4993660855784469,8927.756653992396
0.42,258,87958,95.0,66.0,66.0,141.0,1192.2,588446.3505798932,0.6714363586808395,0.5697674418604651,10571.42857142857
0.37,281,162739,108.0,66.0,73.0,939.0,1451.0,883070.698598042,0.7894170517121337,0.4412811387900356,5837.8378378378375
2.79,2330,918536,96.0,66.0,69.0,146.75,1322.0,552917.8488098878,0.8981032800101837,0.5287553648068669,11290.322580645161
1.29,1270,578005,96.0,66.0,70.25,158.0,1408.0,689058.7213249427,0.9479658367933316,0.5322834645669291,12651.162790697674
4.23,2891,1338377,101.0,66.0,71.0,217.0,1408.0,654561.0749159984,0.8440968260553885,0.4794188861985472,7758.86524822695
0.19,116,52802,89.5,66.0,66.0,214.0,1322.0,683505.8433412604,0.8119630410115092,0.5258620689655172,10105.263157894737
7.0,8395,4694265,141.0,66.0,74.0,1225.0,1322.0,534912.9929823654,0.5087636803323584,0.40166765932102444,9008.571428571428
7.58,46192,30041463,792.0,76.0,101.0,1408.0,1483.0,380075.85369973915,0.1749796910102841,0.2038448216141323,10963.060686015831
7.88,6817,2893307,100.0,66.0,70.0,158.0,1386.0,570899.5044990703,0.7921848915418185,0.4933255097550242,11284.263959390863
6.09,5614,2425709,100.0,66.0,71.0,158.0,1378.0,623541.1017357429,0.8300197717114992,0.4884218026362665,10088.669950738917
6.42,5972,2486417,96.0,66.0,70.0,148.0,1322.0,610143.9505967287,0.8469026267251797,0.5097119892833222,11822.429906542056
6.73,6096,2644649,103.0,66.0,71.0,262.0,1386.0,548034.7240813379,0.7638971053222089,0.4696522309711286,9967.310549777116
6.55,6577,2917616,100.0,66.0,71.0,187.0,1408.0,607022.7781958816,0.8493559263421804,0.4961228523642998,11047.32824427481
9.2,7595,3450946,98.0,66.0,71.0,195.0,1394.0,668755.0630560886,0.8682392250937386,0.5015141540487162,8608.695652173914
2.75,2252,1050935,100.0,66.0,71.0,284.0,1408.0,663359.7148701844,0.851552126926503,0.4991119005328597,8334.545454545456
9.9,7672,3658488,100.0,66.0,71.0,513.0,1408.0,643887.9208353222,0.8887601245168201,0.48944212721584984,6909.090909090909
5.31,4564,1881400,96.0,66.0,70.0,156.0,1322.0,562769.902858633,0.9034359905748719,0.5411919368974584,10271.186440677966
2.27,1635,823945,100.0,66.0,72.0,645.0,1408.0,727229.3684893716,0.8661671603647557,0.4850152905198777,5894.273127753303
5.32,4370,2110668,100.0,66.0,71.0,245.0,1408.0,754616.9765666679,0.8785993103327557,0.48993135011441646,8187.96992481203
8.43,5758,2452977,98.0,66.0,70.0,183.0,1393.0,564081.326532329,0.8635016904277661,0.5027787426189649,8284.697508896797
5.08,4060,1669901,96.0,66.0,70.0,158.0,1383.2999999999997,549690.404352144,0.8922098477098573,0.5160098522167488,10003.937007874016
6.26,5100,2378666,103.0,66.0,71.0,297.0,1408.0,639592.3292289119,0.860963612680396,0.48549019607843136,8242.811501597444
4.08,3125,1351683,96.0,66.0,70.0,182.0,1348.0,583475.5765131265,0.9165388910973555,0.50688,8661.764705882353
7.34,6625,3083797,98.0,66.0,71.0,239.0,1408.0,671979.0187577872,0.8825989223016102,0.5015849056603774,9784.741144414169
0.03,19,9426,145.0,72.6,90.0,1160.0,1404.6,335966.4099722992,0.9240862230552952,0.3157894736842105,2000.0
7.12,4518,2056328,100.0,66.0,71.0,284.75,1399.0000000000018,608574.6560217249,0.8230762299513426,0.4944665781319168,6943.820224719101
7.08,5445,2297253,96.0,66.0,70.0,155.0,1386.0,604142.821311234,0.8806395157009855,0.5296602387511479,8677.966101694914
8.23,10182,3615647,100.0,66.0,66.0,147.0,1322.0,454810.27414901665,0.7707089870395635,0.487821646042035,19443.499392466583
5.04,4360,1730346,100.0,66.0,70.0,157.25,1322.0,505157.59230094263,0.7818768820819533,0.4990825688073395,11726.190476190475
8.87,8566,3406558,99.5,66.0,69.0,147.0,1322.0,525145.1674813614,0.780214100516215,0.5,13041.713641488164
5.82,5940,2767745,100.0,66.0,71.0,501.0,1393.0,596127.897028506,0.8954459522452997,0.48198653198653196,10742.268041237114
4.67,4229,1954662,98.0,66.0,71.0,204.0,1408.0,655659.1542874614,0.8298161229633311,0.5015370063844881,8903.640256959314
3.8,4168,1956717,100.0,66.0,71.0,747.0,1393.0,547327.7499842852,0.880489742683022,0.48584452975047987,11242.105263157897
1.28,932,409601,100.0,66.0,71.0,162.0,1393.9,613505.4858569416,0.8168943652111296,0.4946351931330472,9843.75
4.39,5764,4355299,114.0,54.0,66.0,1679.0,1679.0,2688153.7017984693,0.5498622694614205,0.4363289382373352,20883.826879271073
7.35,8014,4121659,100.0,66.0,71.0,1040.5,1483.0,620702.5595244041,0.7680942492156387,0.48028450212128776,11730.612244897959
2.49,2816,1406701,103.0,66.0,73.0,1189.75,1394.0,552626.7144108291,0.8832814302576038,0.4396306818181818,10192.77108433735
1.81,1369,609752,98.0,66.0,71.0,178.0,1408.0,606935.3867346508,0.7940652578738564,0.5010956902848794,8519.337016574586
7.94,7588,3516578,100.0,66.0,71.0,443.25,1394.0,572262.4795880158,0.8866047291733701,0.4894570374275171,8788.413098236775
6.23,5761,2644227,100.0,66.0,71.0,320.0,1394.0,599822.3230515807,0.857062145036839,0.4879361222010068,8224.719101123594
4.74,5516,2505493,100.0,66.0,72.0,199.75,1394.0,614009.2725110509,0.8395307838350963,0.4775199419869471,11493.67088607595
2.38,2367,1001766,90.0,66.0,69.0,147.0,1393.0,677035.4408766935,0.9070208246951607,0.5420363329108576,11394.957983193279
8.39,9100,4226907,100.0,66.0,72.0,441.25,1408.0,588003.852175474,0.8340161931447935,0.46813186813186813,10870.083432657926
8.73,10793,4281954,100.0,66.0,71.0,171.0,1336.800000000001,522634.40724766714,0.7573522239764583,0.4799407023070509,13855.670103092782
2.53,2563,978323,100.0,66.0,70.0,158.0,1322.0,526756.928446458,0.7651214377552029,0.4892703862660944,11217.391304347826
3.23,3898,1555072,103.0,66.0,71.0,195.75,1322.0,494206.6091403125,0.7513408799793606,0.47357619291944586,13857.585139318886
3.7,4686,1622141,100.0,66.0,70.25,156.0,1322.0,446351.75576111523,0.6993943998583737,0.4950917626973965,15762.162162162162
5.66,9527,3301243,96.0,66.0,69.0,150.0,1322.0,439208.1024210673,0.7670520473108953,0.5067702319722893,23756.18374558304
3.92,5414,1894241,103.0,66.0,67.0,147.0,1322.0,479135.8113752412,0.6819124456691571,0.4841152567417806,20586.73469387755
6.5,9375,3170041,100.0,66.0,66.0,147.0,1322.0,434514.19447687396,0.700994645924954,0.49248,22827.69230769231
8.58,12462,4427644,100.0,66.0,67.0,154.0,1322.0,456898.6644440731,0.7142190565602847,0.49879634087626384,21167.83216783217
8.61,12033,4156334,98.0,66.0,66.0,147.0,1322.0,469378.36711937265,0.734034334066538,0.5014543339150669,22027.874564459933
9.66,13296,5039374,100.0,66.0,70.0,158.0,1322.0,521270.69098111446,0.7557387638676442,0.48285198555956677,18149.068322981366
6.86,9645,3883580,103.0,66.0,71.0,166.0,1322.0,571846.5899396433,0.72442124639015,0.471850699844479,16784.256559766764
4.84,7155,2472987,100.0,66.0,69.0,149.0,1322.0,426057.83601633203,0.7328045269777729,0.486512928022362,20677.685950413223
5.49,6947,2471188,103.0,66.0,71.0,174.0,1322.0,431642.4609190451,0.7102473322278823,0.48164675399453,15792.349726775956
0.83,1243,438453,100.0,66.0,70.0,147.0,1322.0,487182.73089332436,0.7114909968026027,0.4923572003218021,21036.144578313255
4.58,7296,2730798,102.0,66.0,71.0,199.5,1322.0,497693.1944912587,0.6846171735703765,0.48917214912280704,18484.71615720524
7.44,9611,3402039,103.0,66.0,71.0,158.0,1322.0,467352.3394271475,0.6984690134361423,0.48725418790968683,14927.419354838708
9.13,11663,4311373,103.0,66.0,71.0,155.0,1322.0,497181.992112968,0.7153439169223563,0.4804081282688845,16416.210295728368
4.05,5575,2215126,98.0,66.0,69.0,158.0,1322.0,559780.0610645378,0.7492768621602859,0.5013452914798207,18222.222222222226
3.84,4882,1809338,102.0,66.0,66.0,153.0,1322.0,520977.3500512967,0.7340494403153764,0.48689061859893484,19171.875
3.51,4415,1410530,96.0,66.0,66.0,147.0,1295.1999999999998,423035.4910227026,0.7396100043079974,0.5198187995469988,19692.307692307695
0.16,230,107228,103.0,66.0,70.0,389.0,1395.3999999999999,710304.2955765595,0.7760738596353963,0.4826086956521739,18000.0
7.64,9659,3559247,100.0,66.0,67.0,155.0,1322.0,496122.5575965884,0.7491294482282908,0.4939434724091521,18785.340314136127
8.85,11028,4432566,100.0,66.0,70.0,158.0,1322.0,555928.944942698,0.7740863242310292,0.49483133841131666,15925.423728813561
0.26,336,160917,105.0,67.0,73.0,268.25,1322.0,736234.8298522534,0.7885608856088561,0.44345238095238093,7615.384615384616
9.54,9910,4406507,100.0,66.0,71.0,179.0,1408.0,632308.180505488,0.8303985956955507,0.49424823410696267,11119.496855345913
8.67,11503,5090324,136.0,66.0,70.0,206.0,1386.0,820772.3206526736,0.5329055580424531,0.4269321046683474,17017.301038062284
9.69,61185,14758428,206.0,66.0,114.0,206.0,206.0,278670.1131845704,0.1819354803580942,0.2378197270572853,68656.34674922601
4.61,4048,1885349,98.0,66.0,70.0,155.0,1408.0,731166.5880651915,0.8101088341546514,0.5012351778656127,10321.041214750541
4.91,4698,2373235,103.0,66.0,73.0,822.5,1408.0,693724.6655724354,0.818968532147881,0.4661558109833972,8590.631364562118
6.6,6549,3120506,100.0,66.0,72.0,174.0,1408.0,773855.1842943201,0.9134706464153277,0.4935104596121545,9245.454545454546
9.28,7599,3471573,98.0,66.0,71.0,200.5,1408.0,643286.9587916669,0.8817780243156453,0.5030925121726543,9058.189655172415
7.27,6285,2932753,101.0,66.0,71.0,284.0,1408.0,638176.9997283883,0.8502617894605171,0.4801909307875895,9953.232462173315
6.26,5606,2629115,100.0,66.0,71.0,338.75,1408.0,640299.8510973412,0.8898854182046677,0.4894755618979665,9450.479233226837
7.64,5331,2485863,100.0,66.0,71.0,240.0,1408.0,668639.5000058586,0.8935198618808577,0.4972800600262615,6840.314136125655
2.0,1563,682094,98.0,66.0,72.0,164.0,1405.1999999999994,594276.9745870699,0.8892554780876494,0.5015994881637876,8640.0
8.08,24760,46333691,942.5,66.0,77.0,2962.0,4788.0,8934247.899397902,0.3415920688306376,0.33974151857835216,34507.42574257426
7.79,6402,3263005,103.0,66.0,73.0,516.0,1408.0,770873.8254901648,0.8513688061812529,0.4761012183692596,7155.327342747112
8.06,6602,3066013,98.0,66.0,71.0,274.5,1408.0,664567.0437782618,0.9000901649695877,0.5036352620418055,8136.476426799008
8.67,6123,3188612,100.0,66.0,72.0,844.0,1408.0,731635.1369597326,0.9291431931258608,0.4772170504654581,5494.809688581316
1.33,1020,576640,103.0,67.0,73.0,1079.75,1408.0,840302.8104575165,0.9683894696089818,0.4715686274509804,3834.586466165413
0.7,585,305830,88.0,67.0,73.0,644.0,1451.0,810272.9201548689,0.8840714120102017,0.5145299145299145,4800.000000000001
3.88,5734,16929344,619.0,66.0,69.0,2962.0,5858.0,66248912.875607215,0.43052109774227626,0.3850715033135682,20056.701030927838
9.88,28292,46720494,683.0,66.0,94.0,2534.0,4385.0,9004404.211421626,0.37749509004788007,0.34974551109854374,22657.894736842103
5.05,4446,1969665,96.0,66.0,71.0,172.75,1393.0,653631.8846823147,0.82051465723929,0.5132703553756185,10217.821782178218
4.45,4130,1653613,96.0,66.0,69.0,147.0,1391.1999999999998,584733.4709519901,0.8381149611071825,0.5135593220338983,12323.595505617977
3.57,3116,1555762,103.0,66.0,73.0,745.25,1408.0,688349.4295907001,0.8384205971953865,0.46277278562259305,7243.697478991597
9.29,8056,3660055,100.0,66.0,71.0,218.0,1408.0,656366.4393923364,0.8488638493253373,0.4945382323733863,9590.958019375674
6.79,5892,2492250,96.0,66.0,70.0,158.25,1393.0,579801.1607706537,0.8201172988763902,0.5047522063815343,10471.281296023564
5.35,4267,2176914,103.0,66.0,73.0,670.0,1408.0,756847.9175709244,0.856068833013115,0.4701195219123506,5484.112149532711
4.36,4170,1804119,96.0,66.0,70.0,182.75,1357.7999999999984,599902.3980544484,0.8719355613441963,0.5071942446043165,10431.192660550458
4.47,3760,1847093,102.5,66.0,73.0,688.0,1408.0,676670.1982678106,0.8657991745802781,0.4800531914893617,6912.7516778523495
5.51,4981,2173496,100.0,66.0,70.0,180.0,1394.0,597639.1342908716,0.8634086945833621,0.4994980927524593,10127.04174228675
8.5,7806,3819620,103.0,66.0,73.0,741.0,1411.0,639741.9152288237,0.8198461304261274,0.4797591596208045,9232.94117647059
5.24,4656,2038240,96.0,66.0,70.0,195.0,1393.5,596036.6752060674,0.8904081538840855,0.5161082474226805,10076.335877862595
9.88,39631,12984940,206.0,66.0,206.0,206.0,206.0,898404.4265997413,0.1471526307664211,0.18551134213115994,25536.43724696356
5.75,4116,2072947,100.0,66.0,73.0,596.0,1408.0,742403.4149397195,0.9116156824047366,0.4946550048590865,5634.782608695652
5.35,3551,1731677,101.0,66.0,73.0,648.0,1408.0,646380.5671675098,0.8806188192987714,0.47592227541537596,5080.373831775702
5.72,4494,2452882,100.0,66.0,71.0,473.75,1451.0,938386.5332091902,0.8279079402564581,0.48909657320872274,8108.391608391609
8.67,60911,14392887,206.0,66.0,206.0,206.0,206.0,303824.78291261906,0.1372116043798333,0.18807768711726947,59342.56055363322
5.39,4385,1943859,100.0,66.0,71.0,245.0,1390.6,601384.7576328027,0.8206435560053981,0.4896237172177879,8916.512059369203
9.56,8199,3542545,100.0,66.0,71.0,174.0,1393.0,608314.2112933223,0.8206168080532856,0.47896084888401025,9784.51882845188
0.55,392,192003,103.5,66.0,71.0,309.75,1408.0,764784.1425382653,0.8452543731434768,0.45408163265306123,7090.909090909091
1.81,1337,611946,103.0,66.0,71.0,206.0,1408.0,674806.0391391885,0.8261631302316527,0.49663425579655945,7359.116022099447
8.33,7523,3404010,100.0,66.0,71.0,192.5,1408.0,641118.1525798267,0.8265021120366349,0.48544463644822544,9975.990396158462
7.78,6910,2966816,100.0,66.0,71.0,174.0,1393.0,579627.943019806,0.8306008274432651,0.49175108538350215,9863.753213367609
3.94,3105,1450855,100.0,66.0,71.0,226.0,1408.0,671933.2635897116,0.8445038919317146,0.49114331723027377,7720.812182741117
0.92,1112,536113,100.0,66.0,71.0,343.75,1408.0,705891.1349236259,0.8502338256568986,0.4631294964028777,11673.91304347826
6.52,6045,2593162,96.0,66.0,70.0,154.0,1378.0,635873.7713179826,0.9047934477582719,0.5204301075268817,10794.478527607362
1.05,773,306845,98.0,66.0,70.0,152.0,1322.0,535795.283730162,0.7828169612307982,0.5032341526520052,9542.857142857141
2.34,2040,904267,100.0,66.0,70.0,183.0,1408.0,629891.7913377066,0.8170096071772334,0.48627450980392156,11282.051282051281
8.15,6503,2960954,98.0,66.0,70.0,183.0,1405.2000000000025,665421.6838285807,0.8552095131895117,0.5017684145778871,8981.59509202454
3.93,15851,5086985,206.0,66.0,82.0,206.0,206.0,596256.3653562155,0.22819060761975105,0.2688158475805943,44290.076335877864
0.88,25251,5346800,206.0,66.0,206.0,206.0,206.0,459301.87255147897,0.10047160379714665,0.15338006415587502,185659.0909090909
2.71,2377,1149042,100.0,66.0,71.0,204.0,1408.0,763191.7292890127,0.9051001806603504,0.48885149347917545,9453.874538745387
4.11,3875,2482976,110.0,54.0,68.5,1322.0,1679.0,828378.0037243871,0.5974127711782212,0.4498064516129032,13313.868613138686
1.55,1950,1205146,138.0,54.0,67.0,1514.0,1679.0,611991.1717512164,0.52553837011088,0.4307692307692308,18658.064516129034
2.32,2270,1054660,100.0,66.0,71.0,385.5,1390.0,620986.9202895457,0.8177118160319661,0.47841409691629955,11353.44827586207
1.62,1322,585650,98.0,66.0,71.0,164.25,1408.0,637412.0302480311,0.9333122534405397,0.5030257186081695,9111.11111111111
9.84,8644,3860233,100.0,66.0,70.0,179.0,1408.0,634418.1863025493,0.8593952545595799,0.49849606663581675,10500.0
7.24,24733,8146763,206.0,66.0,154.0,206.0,206.0,1577968.4698639484,0.16002206945434483,0.1874823110823596,21745.85635359116
5.89,4933,2373512,100.0,66.0,72.0,252.0,1408.0,734693.8232905569,0.8852757838694442,0.4990877762010947,7436.332767402377
2.45,2016,1051256,103.0,66.0,71.0,747.0,1408.0,764301.1300390527,0.8458268933539412,0.46378968253968256,8008.1632653061215
0.74,709,198184,74.0,66.0,66.0,141.0,751.4000000000015,403052.3057366401,0.9734412856135186,0.6191819464033851,16297.297297297297
2.72,2082,904446,96.0,66.0,71.0,159.0,1408.0,628981.4641762659,0.8286668286668286,0.5110470701248799,8691.176470588234
9.4,8244,3972178,100.0,66.0,71.0,334.0,1408.0,693633.4187230635,0.8559816513761468,0.4922367782629791,8514.893617021276
3.73,2911,1386620,103.0,66.0,71.0,333.0,1408.0,672673.3147991349,0.8023400594400125,0.4630711095843353,7882.037533512064
7.88,7208,3603708,96.0,66.0,71.0,389.5,1408.0,737949.3662834242,0.8332917108905121,0.5051331853496115,9548.223350253807
1.99,1712,828472,103.0,66.0,72.0,377.25,1408.0,690866.6665866015,0.8195785209446648,0.48364485981308414,6542.713567839197
5.04,4932,2112194,96.0,66.0,70.0,158.0,1393.0,608790.1703960563,0.8514226358199584,0.5154095701540957,10571.42857142857
6.28,5432,2526211,100.0,66.0,72.0,264.0,1394.0,660062.3061175349,0.8328464728585273,0.49245213549337263,8598.72611464968
9.71,8083,3819313,98.0,66.0,71.0,251.0,1408.0,707171.7938416027,0.8384792062585256,0.5005567239886181,8113.28527291452
4.51,3662,1696697,98.0,66.0,70.0,186.75,1408.0,684619.5050924503,0.8626304562120888,0.5019115237575096,8421.28603104213
0.31,287,165819,109.0,66.6,73.0,1294.0,1428.0,710987.8235501221,0.8516352201257862,0.397212543554007,5612.903225806452
1.68,1514,732603,103.0,66.0,73.0,389.75,1408.0,712799.1910382009,0.8501790614962403,0.45904887714663145,8000.0
1.95,1256,580721,100.0,66.0,71.0,285.5,1408.0,632585.804529976,0.8487568855143666,0.47611464968152867,7076.923076923077
6.75,5966,2803876,100.0,66.0,71.0,425.75,1408.0,628191.6370305573,0.8655811198104296,0.4901106268856856,8791.111111111111
3.06,3006,1483144,100.0,66.0,73.0,417.25,1408.0,719145.079863781,0.9132800269119797,0.49600798403193613,9294.117647058823
5.46,4030,1870910,100.0,66.0,70.0,284.0,1408.0,656121.7059054609,0.9323222535431838,0.48982630272952854,7516.483516483517
4.94,4578,2266160,103.0,66.0,71.0,461.0,1408.0,723373.8002302118,0.8558621483039706,0.4801223241590214,10165.991902834006
2.0,1677,659069,100.0,66.0,71.0,147.0,1390.0,529707.9820881553,0.7744267467744376,0.4782349433512224,9990.0
1.1,819,429328,110.0,66.0,73.0,592.0,1451.0,776743.8386787544,0.7884134813881223,0.4468864468864469,7527.272727272727
6.68,6907,3021692,100.0,66.0,71.0,159.5,1393.0,596815.4840955188,0.812236094981724,0.48400173736788765,10976.047904191617
1.26,1133,524301,102.0,66.0,71.0,155.0,1408.0,726873.4631846186,0.8111963984972147,0.4616063548102383,9809.52380952381
8.41,11429,5279863,100.0,66.0,72.0,297.0,1393.0,598844.1458728394,0.8848174114266674,0.46994487706710997,13919.143876337694
7.0,10259,4703913,100.0,66.0,71.0,544.0,1390.0,545817.1629016105,0.8476692639963995,0.45715956720927964,15385.714285714286
6.26,6841,3524531,103.0,66.0,73.0,929.0,1408.0,682300.933621694,0.8561782505742679,0.45037275252156117,9862.619808306708
3.2,2924,1356581,100.0,66.0,70.0,225.25,1408.0,639257.6097070847,0.914449997313128,0.4941860465116279,9037.5
3.46,5166,2580509,103.0,66.0,73.0,995.5,1390.0,583592.1722535028,0.9000667370706092,0.4310878823073945,13768.78612716763
5.93,6300,2812549,96.0,66.0,70.0,174.0,1408.0,629621.1437263542,0.8978594680725254,0.5098412698412699,12323.777403035414
5.38,6686,3344329,100.0,66.0,73.0,747.0,1408.0,673598.7165465065,0.8769416986080291,0.46754412204606643,10728.624535315987
4.93,4662,2280626,96.0,66.0,71.0,218.0,1408.0,754187.5841167516,0.9301955707218369,0.5214500214500214,9273.833671399594
8.83,8666,4170561,100.0,66.0,71.0,301.5,1408.0,674187.6139918724,0.8532447603808725,0.4938841449342257,10063.420158550396
4.98,5072,2218888,100.0,66.0,71.0,192.0,1394.0,582441.7006164853,0.8170319580123224,0.4733832807570978,10650.602409638554
9.71,9325,4416145,100.0,66.0,71.0,277.0,1408.0,668259.7271545114,0.8658006268361946,0.4905093833780161,9336.766220391348
5.24,4270,2202776,96.0,66.0,71.0,382.5,1451.0,794214.6320126804,0.9103456822991017,0.509367681498829,7248.091603053435
9.72,7798,4189717,103.0,66.0,73.0,943.0,1451.0,741892.9014357362,0.8757089133349659,0.47088997178763786,6493.827160493827
1.54,1214,591167,88.0,66.0,70.0,179.0,1408.0,811061.6629798154,1.0454480872375946,0.5518945634266886,6584.415584415584
8.07,6716,3637799,103.0,66.0,73.0,748.0,1451.0,825414.4487363567,0.8508675963495866,0.46307325789160214,6988.847583643123
5.42,5259,2789509,102.0,66.0,72.0,850.0,1408.0,774410.9708602292,0.8885135135135135,0.48659440958357103,7594.09594095941
7.47,6140,3072343,99.5,66.0,72.0,284.0,1408.0,780763.8242541301,0.8864059590316573,0.5,7775.100401606425
9.21,7962,4171436,100.0,66.0,72.0,497.5,1451.0,814987.5715408677,0.8821219209333218,0.49133383571966843,7785.01628664495
4.03,3397,1461301,103.0,66.0,71.0,281.0,1393.0,552451.3377037299,0.6564590002462448,0.4877833382396232,9200.992555831266
1.93,1332,503227,96.0,66.0,68.0,145.0,1392.3000000000006,566290.8743805742,0.804807772612121,0.527027027027027,9606.217616580312
3.02,2830,1214008,96.0,66.0,69.0,147.0,1408.0,649310.3585306347,0.8985414015411078,0.5395759717314488,11602.649006622516
3.96,4328,2502140,103.0,66.0,73.0,933.25,1451.9000000000005,935859.6267497718,0.9077469762514346,0.47435304990757854,8121.212121212121
2.71,2224,1353576,104.0,66.0,73.0,1070.0,1472.0,998751.9832436211,0.9025655440282108,0.4505395683453237,6664.2066420664205
2.48,1691,974744,103.0,66.0,73.0,940.5,1451.0,885045.8430428458,0.877036065865203,0.4535777646363099,5782.258064516129
7.61,5563,3215061,100.0,66.0,72.0,917.0,1472.0,949151.6804962063,0.9452031422173248,0.4860686679849002,6528.252299605782
4.87,4447,2422539,98.0,66.0,72.0,641.5,1451.0,902142.0687317521,0.9102353800594027,0.501686530245109,7897.330595482546
1.25,823,620194,105.0,66.0,74.0,1322.0,2033.4000000000083,1354502.6887612962,0.9944055944055944,0.4471445929526124,4656.0
7.31,6695,4920321,105.0,67.0,73.0,1322.0,2304.0,1401606.0991872814,0.9552843515619311,0.4551157580283794,5228.454172366622
3.69,3014,2145934,104.0,66.0,74.0,1322.0,2306.0,1275678.5466544316,0.9441805757097288,0.4492368944923689,5008.130081300813
9.83,7955,5640390,103.0,66.0,73.0,1322.0,2306.0,1334614.8012646562,0.9663564958870811,0.4600879949717159,5645.981688708037
7.58,6366,4214024,103.0,67.0,73.0,1322.0,1734.0,1120924.9589565757,0.9197108674879654,0.4588438579956016,4686.015831134565
3.74,2462,1321864,103.0,66.0,73.0,938.0,1443.9,747495.3592662078,0.9186244360843571,0.45897644191714054,5647.058823529412
0.75,511,278373,103.0,66.0,72.0,872.5,1431.0,833783.128909586,0.8230286415121564,0.461839530332681,6080.0
6.02,5321,3581082,103.0,66.0,73.0,1294.0,1935.0,1240964.8007045237,0.9429430314461702,0.47115203909039655,6189.36877076412
1.08,886,682471,104.5,67.0,74.0,1322.0,2304.0,1504530.0811430886,0.9193118279569893,0.445823927765237,4277.777777777777
5.54,5034,3331141,103.0,66.0,73.0,1294.0,1997.0,1193551.8581220603,0.930855263662218,0.4640444974175606,5664.259927797833
5.52,4503,2457434,100.0,66.0,73.0,688.0,1451.0,876088.0195597882,0.9224437716262975,0.487896957583833,6467.391304347826
4.62,4156,1997454,98.0,66.0,72.0,190.0,1451.0,738047.1789712752,0.8510559837561973,0.5031280076997112,9103.896103896104
6.78,5521,2822401,101.0,66.0,73.0,293.0,1408.0,798042.7364708905,0.8996333319391582,0.4877739539938417,7150.442477876106
3.52,3294,1599587,100.0,66.0,72.0,235.25,1428.0,717848.0978479575,0.8737728958794606,0.47146326654523374,9681.818181818182
3.66,3491,1579500,100.0,66.0,71.0,190.0,1401.0,630748.6874033249,0.8749863253473362,0.48639358350042966,10098.360655737704
9.17,8102,3775264,98.0,66.0,71.0,217.0,1408.0,702077.7787132842,0.8826859034959786,0.503455936805727,9219.193020719738
7.71,6727,3146104,98.0,66.0,71.0,195.0,1408.0,709246.3499779205,0.8853320578767084,0.5020068381150588,8824.902723735408
0.64,681,397998,103.0,66.0,73.0,1322.0,1462.0,742337.044162834,0.7453994875378523,0.4845814977973568,10312.5
0.4,199,92462,89.0,66.0,73.0,511.0,1363.4000000000003,586348.8654326911,0.7940279190163632,0.5125628140703518,3300.0
5.05,3868,2114397,103.0,66.0,73.0,845.0,1451.0,824875.624871202,0.9290207685361693,0.4705274043433299,5192.079207920792
2.89,2214,1171307,103.0,66.0,73.0,728.0,1408.0,795787.9649469298,0.9006648416112631,0.47109304426377596,5314.878892733564
2.8,2572,1280721,96.0,66.0,72.0,404.0,1408.0,767328.5046322219,0.9918796729621714,0.5042768273716952,6450.000000000001
3.8,4150,2411677,103.5,70.0,73.0,938.75,1426.1999999999998,895129.0414644215,0.7796586332544908,0.4460240963855422,3757.894736842106
0.29,308,159835,102.0,68.0,73.0,744.0,1393.3,793264.9027976893,0.8140796375774917,0.4935064935064935,5379.310344827587
0.28,286,139303,100.0,66.0,73.0,606.0,1408.0,644938.2358672796,0.8977318752531389,0.47202797202797203,8571.42857142857
1.18,1175,665314,103.0,67.0,73.0,941.0,1408.6000000000001,870287.9835610684,0.914004914004914,0.4604255319148936,5847.457627118644
3.72,2689,1400096,100.0,66.0,73.0,660.0,1408.0,781223.3720994076,0.9320700411276125,0.4994421718110822,5096.774193548386
9.7,7903,4066963,100.0,66.0,73.0,690.5,1408.0,751095.0836500438,0.9122649647216686,0.48829558395545997,6129.8969072164955
9.2,8174,4157584,100.0,66.0,73.0,709.0,1408.0,720610.2295229839,0.8786125552015205,0.48434059212136044,7063.04347826087
8.42,7594,3842849,101.0,66.0,73.0,746.0,1408.0,701873.9041748823,0.8486213509797775,0.4880168554121675,7624.703087885986
1.85,1887,855029,96.0,66.0,70.0,186.0,1408.0,654587.0719740596,0.9557458498320617,0.5209326974032856,10248.648648648648
4.79,4210,2132693,103.0,66.0,72.0,709.0,1408.0,712543.773621284,0.8226673948661933,0.47482185273159144,7615.866388308977
3.74,3542,1867687,101.5,66.0,71.0,644.0,1451.0,788071.8255093113,0.9176905987478098,0.48531902879728966,9529.411764705881
7.36,7158,3269754,101.0,66.0,70.0,225.0,1394.0,670297.1854515033,0.8345903356679528,0.4935736239172953,11551.630434782608
9.99,9899,4482609,100.0,66.0,71.0,176.5,1408.0,677651.5598502957,0.8508690853120572,0.4964137791696131,10132.132132132132
1.69,1591,934323,110.0,66.0,73.0,1290.0,1451.0,884235.1052135263,0.8388780243769328,0.431803896920176,6035.502958579882
7.39,7692,3737205,103.0,66.0,72.0,394.5,1408.0,711570.7134276205,0.8537918263745874,0.4873894955798232,9418.132611637348
7.66,7853,4746011,104.0,66.0,71.0,1322.0,1679.0,822088.1995884879,0.6838574342208698,0.46071565007003695,10331.592689295037
1.98,1800,859641,100.0,66.0,72.0,239.25,1408.0,723086.5571972221,0.8252793842227665,0.49,6848.484848484848
4.4,4259,1952199,103.0,66.0,73.0,184.5,1408.0,658198.8704101382,0.7786841742342877,0.4576191594270956,5945.454545454545
7.46,7261,3418957,98.0,66.0,71.0,251.0,1408.0,691630.012855856,0.8547822690778316,0.5033741908827986,9949.061662198392
1.55,1580,707960,96.0,66.0,71.0,259.0,1381.5000000000007,588279.7613203012,0.8071672354948806,0.5164556962025316,12116.129032258064
1.16,1323,653200,96.0,66.0,72.0,417.0,1427.3999999999999,700486.1322368537,0.8677025975149192,0.509448223733938,10706.89655172414
2.34,2551,1139868,96.0,66.0,70.0,162.0,1408.0,680562.6714446691,0.9062616099071208,0.5205801646413172,12666.666666666666
8.54,7559,3637377,103.0,66.0,71.0,331.5,1408.0,688857.8911409983,0.8451302988487522,0.48352956740309566,8515.222482435598
8.04,7164,3707055,103.0,66.0,73.0,661.5,1408.0,763827.8907243855,0.8503494252396133,0.46719709659408154,5910.447761194031
5.09,3747,1700655,97.0,66.0,71.0,203.0,1408.0,643408.4101253782,0.8697069072582921,0.5028022417934348,5870.333988212181
4.42,3262,1680802,100.0,66.0,73.0,747.0,1408.0,735102.7544133606,0.8818978522079584,0.4883507050889025,5782.805429864253
8.18,6606,3343006,100.0,66.0,72.0,580.5,1408.0,748579.9620460815,0.9047097577821988,0.49909173478655766,6667.481662591687
3.23,2310,1125289,100.0,66.0,72.0,296.0,1408.0,709306.5043063287,0.8412832418742086,0.4948051948051948,6780.185758513932
8.83,5728,2907983,100.0,66.0,73.0,809.0,1408.0,690888.9118882533,0.9086637677513234,0.495286312849162,4878.822197055492
9.26,8320,4024249,100.0,66.0,73.0,529.5,1408.0,662696.776082872,0.9004924020087394,0.4984375,6673.866090712743
7.04,8141,3627992,96.0,66.0,72.0,187.0,1408.0,671162.0433887254,0.8519972801808262,0.5043606436555705,12076.704545454546
6.25,9264,2929235,98.0,66.0,69.0,147.0,1294.0,394322.8207007119,0.6968518734284737,0.5029145077720207,20918.399999999998
4.67,6331,2373943,103.0,66.0,71.0,172.0,1322.0,499315.59734133113,0.7286510233986715,0.47796556626125414,15661.670235546038
9.43,12003,4309579,100.0,66.0,70.0,158.0,1322.0,463211.37190743274,0.722437647237521,0.4877947179871699,15868.504772004244
1.39,2132,854451,103.0,66.0,70.0,189.0,1322.0,586016.8735842905,0.8012221729792384,0.4821763602251407,21064.74820143885
9.78,14749,5628942,103.0,66.0,70.0,158.0,1322.0,527421.4566099053,0.7366846393095061,0.4879652857820869,19343.558282208593
0.28,263,82164,109.0,66.0,71.0,155.0,1322.0,289262.65266231983,0.6758199847444699,0.46387832699619774,11357.142857142857
1.91,2722,1191669,103.0,66.0,73.0,260.75,1322.0,650935.8717459068,0.7616100278913732,0.4698750918442322,15141.361256544504
0.29,638,253845,96.0,66.0,70.0,155.75,1391.6000000000001,579570.7511251855,0.8456960933083401,0.5313479623824452,26068.965517241384
5.77,8701,3059254,100.0,66.0,69.0,147.0,1322.0,470682.18293580046,0.6985957803688143,0.4907481898632341,20256.499133448873
2.96,4129,1321827,103.0,66.0,67.0,147.0,1297.6000000000008,377318.92287109565,0.6793073285856928,0.4855897311697748,20513.513513513513
1.19,1663,512160,100.0,66.0,67.0,147.0,1235.1999999999994,387162.32521698065,0.6800168072394109,0.48767288033674083,20823.529411764706
4.77,7729,3051969,103.0,66.0,71.0,160.0,1322.0,578076.3628172489,0.7288371052887189,0.46603700349333677,18251.57232704403
5.38,7187,2559959,103.0,66.0,71.0,156.0,1322.0,448589.97291311563,0.6617798677881812,0.4730763879226381,15769.516728624536
8.19,9315,3677415,100.0,66.0,70.0,158.0,1322.0,551610.7867182172,0.7498008457576787,0.4915727321524423,14183.150183150185
1.32,1434,627716,103.0,66.0,70.0,293.0,1393.0,582123.84756725,0.7453479978957414,0.4525801952580195,13863.636363636362
8.65,11368,4439381,100.0,66.0,70.0,183.0,1322.0,520692.8623543373,0.7630484168903056,0.49973610133708657,16571.098265895955
7.87,9807,3687854,100.0,66.0,70.0,164.0,1322.0,503850.94359550666,0.7631194865763722,0.4962781686550423,15712.833545108004
1.1,1540,554657,98.0,66.0,70.0,155.0,1322.0,433126.8026695058,0.7603503370419611,0.5058441558441559,19527.272727272728
6.57,11111,4281429,103.0,66.0,71.0,174.0,1322.0,507913.9353685968,0.7517316485294,0.4869948699486995,19872.146118721463
8.92,13829,5142618,100.0,66.0,70.0,155.0,1322.0,519117.5060708898,0.7373846315245399,0.48933400824354617,20260.089686098654
8.91,13160,4929980,101.0,66.0,69.0,156.0,1322.0,524582.1959784186,0.7280487396645801,0.49361702127659574,20457.91245791246
8.42,13198,4922559,103.0,66.0,70.0,158.75,1322.0,503218.7310506287,0.7119384976494867,0.48666464615850885,20116.389548693587
8.18,11400,4325043,103.0,66.0,70.0,183.0,1322.0,493317.0255613342,0.7161426369259903,0.4793859649122807,17706.601466992666
2.72,3342,1258066,103.0,66.0,70.0,170.0,1322.0,498314.0059507757,0.6853828829984251,0.4898264512268103,16323.529411764704
2.51,3130,1309194,96.0,66.0,70.0,189.0,1322.0,615232.1172497422,0.8177882912361385,0.5207667731629393,13410.358565737053
3.57,3688,1626432,103.0,66.0,71.0,258.5,1408.0,600045.2423654604,0.7668116800512725,0.4883405639913232,10739.495798319329
7.41,10336,4147880,100.0,66.0,69.0,159.25,1368.0,561972.7971806737,0.7824446533680703,0.49419504643962847,18404.85829959514
4.11,5592,2152122,100.0,66.0,67.0,156.0,1322.0,510774.9613952642,0.769933600306708,0.488555078683834,19503.649635036494
5.84,6522,2339476,100.0,66.0,67.0,151.0,1322.0,468077.40012211626,0.7275716388003454,0.49785341919656545,16366.438356164384
8.56,12009,4747191,103.0,66.0,70.0,195.0,1322.0,517659.572413828,0.7246851975546329,0.48113914564076943,17278.03738317757
3.35,3480,1447963,103.0,66.0,72.0,245.0,1322.0,582461.1011453792,0.7066507257403144,0.47155172413793106,10029.850746268658
9.98,11069,4450192,100.0,66.0,71.0,195.0,1368.6000000000022,552405.598281596,0.7725422127644274,0.49805763844972445,12739.478957915831
5.09,6246,2227806,100.0,66.0,70.0,147.0,1322.0,457628.5842623429,0.7126857213221651,0.49167467178994556,15831.041257367388
3.4,5007,1957173,100.0,66.0,69.0,178.0,1322.0,521167.1768463635,0.8141552646573478,0.48611943279408826,18688.235294117647
8.41,11296,4385538,100.0,66.0,70.0,174.0,1322.0,543552.2696007799,0.7900621820237422,0.4943342776203966,16765.755053507728
3.76,6789,2828643,103.0,66.0,72.0,334.0,1322.0,426768.1783247796,0.7937379464426857,0.43423184563264106,21494.680851063833
7.24,15636,5946337,100.0,66.0,70.0,183.0,1322.0,415677.6179308605,0.7756630985281572,0.46770273727295986,29179.55801104972
8.86,18522,7468452,102.0,66.0,70.0,220.0,1322.0,475795.35031951603,0.7864896151475824,0.46053341971709316,26566.591422121895
1.58,2542,980560,100.0,66.0,70.0,183.0,1322.0,474322.06167108536,0.7765854007292486,0.4988198269079465,20582.278481012658
7.91,14294,5494566,100.0,66.0,68.0,178.0,1322.0,492471.2765413103,0.7914170735770951,0.48320973835175596,25297.092288242733
3.94,6135,2488751,103.0,66.0,71.0,189.0,1347.2000000000044,535139.5726109294,0.7211263913189675,0.484759576202119,17878.172588832487
1.24,2508,1012441,102.0,66.0,71.0,226.0,1322.0,519551.1194281966,0.7084883070999262,0.4613237639553429,23951.612903225807
5.83,8578,3030490,96.0,66.0,68.0,150.0,1322.0,455000.4253687622,0.7826572234076283,0.5082769876428072,20809.60548885077
0.39,399,137225,98.0,66.0,67.0,166.0,1322.0,388902.4425851597,0.7087226054308915,0.5012531328320802,14923.076923076922
7.6,10891,4147141,101.0,66.0,70.0,183.0,1322.0,480570.9800316036,0.7487246355052336,0.4873748967037003,17865.789473684214
7.75,10288,4047675,103.0,66.0,72.0,204.5,1322.0,501591.9302636839,0.7293510948139679,0.4681181959564541,13347.096774193547
9.31,14509,5445624,100.0,66.0,71.0,156.0,1322.0,497852.522612546,0.7278605409780841,0.4916948101178579,19044.038668098816
8.99,13994,5424907,100.0,66.0,68.0,161.75,1322.0,525003.3942048633,0.7541344391618153,0.4789909961412034,22211.345939933257
9.83,17663,6432672,100.0,66.0,66.0,147.0,1322.0,495511.8204393286,0.7226139327415748,0.4937439846005775,27607.324516785353
0.71,1079,433337,100.0,66.0,70.0,176.0,1331.000000000002,528220.2898386158,0.75444751518361,0.48378127896200185,20873.23943661972
0.86,1661,558175,100.0,66.0,66.0,147.0,1300.0,428761.8562568482,0.6945224865247341,0.48043347381095725,32441.86046511628
4.78,8734,3118346,103.0,66.0,69.0,147.0,1322.0,481507.9488365628,0.688901386073199,0.48694756125486605,25066.945606694557
4.88,9199,3047355,103.0,66.0,66.0,147.0,1322.0,413707.79738738335,0.6603418994045737,0.4796173497119252,30221.31147540984
2.66,5570,1752529,105.0,66.0,66.0,141.0,1071.300000000001,419604.84626699844,0.6138324712449106,0.4788150807899461,36451.12781954887
4.35,5298,2042065,96.0,66.0,68.0,147.0,1322.0,572429.386540196,0.7948171466704866,0.5151000377500944,16868.96551724138
5.77,7032,3112000,101.0,66.0,71.0,168.0,1394.0,608946.2013027396,0.8025722385497672,0.4789533560864619,12467.93760831889
8.63,10437,4734861,100.0,66.0,71.0,162.0,1408.0,685340.2422481894,0.8372583113214502,0.4918079908019546,12876.013904982618
8.43,8455,3570871,100.0,66.0,70.0,179.0,1386.0,584905.407793708,0.7636672398055573,0.4973388527498522,12021.352313167261
9.92,10060,4675414,98.0,66.0,71.0,174.0,1408.0,695444.7665672366,0.8628624598849244,0.5014910536779325,10681.451612903225
0.58,610,304905,102.0,66.0,72.0,372.75,1408.0,740708.8593523246,0.8198832884830526,0.4901639344262295,7137.93103448276
4.4,4121,2015950,96.0,66.0,71.0,245.0,1408.0,744426.0041220915,0.8940454515438242,0.5052171802960447,9027.272727272728
8.96,8423,4063129,100.0,66.0,71.0,284.0,1408.0,701022.0031329897,0.8743765522287335,0.49388578891131424,9709.821428571428
4.73,3789,1803748,100.0,66.0,70.0,204.0,1417.8000000000025,736087.9306056113,0.8265236887131984,0.4943256795988387,10186.046511627907
8.19,7131,3354199,98.0,66.0,70.0,218.5,1408.0,682462.2678111519,0.8711306846408958,0.5044173327724022,10095.238095238097
3.36,60512,13610510,206.0,67.0,206.0,206.0,206.0,175608.2400928774,0.09440603835443462,0.14259981491274457,107285.71428571429
0.16,183,73405,113.0,66.0,70.5,197.0,1322.0,514299.1440174386,0.6378928729526339,0.453551912568306,14625.0
5.41,5411,2487746,103.0,66.0,71.0,218.5,1408.0,661421.1082812786,0.8157728040540541,0.48401404546294585,10269.870609981515
5.4,4688,2342185,102.0,66.0,73.0,471.5,1408.0,743823.8345364663,0.8372903195017777,0.488481228668942,7744.444444444443
5.94,5555,2332784,96.0,66.0,70.0,149.0,1393.0,607106.8241267548,0.852708516924991,0.5238523852385238,11979.797979797979
1.0,795,342507,96.0,66.0,70.0,158.0,1408.0,601772.6088619912,0.8400114687119203,0.5345911949685535,10020.0
0.75,733,344261,96.0,66.0,70.0,155.0,1432.0000000000005,734990.311616281,0.8280421919217906,0.5034106412005457,11920.0
3.94,3571,1695882,98.0,66.0,71.0,166.0,1428.0,739499.7020594586,0.8634893088228992,0.5021002520302437,9928.934010152285
7.46,6577,3032930,100.0,66.0,70.0,226.0,1408.0,653972.6803476501,0.8333513769152312,0.4968830773909077,9756.03217158177
4.67,4073,1920267,100.0,66.0,71.0,284.0,1408.0,671170.2265013852,0.8675093041219015,0.49251166216548,8582.441113490364
0.26,238,122594,93.5,66.0,73.0,418.0,1451.0,810660.4436127393,0.770693341478314,0.5084033613445378,8538.461538461539
8.32,11552,7589555,108.0,66.0,71.0,1408.0,1679.0,881317.2229892244,0.6032744840335248,0.4474549861495845,16435.096153846156
1.87,2257,1047087,103.0,66.0,71.0,311.0,1378.2000000000003,668616.509311159,0.7379182731763212,0.47540983606557374,13187.165775401068
1.61,2751,1027137,103.0,66.0,68.0,147.0,1322.0,507610.11641092546,0.6979649228528744,0.48455107233733186,24409.937888198758
5.57,9021,3241280,97.0,66.0,66.0,147.0,1322.0,500194.52279753063,0.7211514025999414,0.5054871965414034,24506.28366247756
6.33,70267,15233488,206.0,66.0,112.0,206.0,206.0,124979.39469495231,0.183107271390858,0.24341440505500447,131488.15165876778
2.97,5060,1990919,100.0,66.0,67.0,156.25,1322.0,538351.2335553985,0.7877539311136212,0.4974308300395257,25232.32323232323
1.39,2805,990393,96.0,66.0,66.0,147.0,1322.0,481445.34526466293,0.8578734079505982,0.542602495543672,31640.287769784176
9.13,13757,4911832,103.0,66.0,70.0,158.0,1322.0,448287.5903389821,0.6975087010441253,0.48498945991131787,20451.259583789702
1.79,2432,861198,96.0,66.0,69.0,147.0,1322.0,470514.35609567066,0.8336656290633989,0.5296052631578947,18402.234636871508
5.48,6603,2660173,100.0,66.0,71.0,158.0,1322.0,573432.9998719943,0.7714053073358398,0.48417386036650006,14211.678832116788
1.46,2213,929014,103.0,66.0,71.0,179.0,1322.0,613082.2540057732,0.7921532876689827,0.49254405784003613,16808.219178082192
8.9,12398,5082682,103.0,66.0,72.0,242.0,1322.0,550257.1119532546,0.7596570533320877,0.48346507501209873,13611.23595505618
1.69,2257,863935,103.0,66.0,71.0,174.0,1322.0,512352.1182980375,0.7056141632795969,0.46610544971200707,14094.674556213018
4.28,5065,2051598,101.0,66.0,72.0,192.0,1322.0,572378.2622478754,0.7631539838790719,0.4854886475814413,10934.579439252337
8.91,11488,4215700,100.0,66.0,71.0,158.0,1322.0,501172.2705736057,0.7304372758537682,0.4895543175487465,14740.74074074074
7.41,11086,4030470,103.0,66.0,71.0,150.0,1322.0,514509.90187229234,0.6947140279181679,0.47636658848998736,19101.214574898786
1.19,1960,618199,96.0,66.0,69.0,147.0,1322.0,377675.7680026552,0.7848284747946529,0.5321428571428571,22689.075630252104
7.75,9495,3642916,103.0,66.0,71.0,183.0,1322.0,512812.4220817863,0.7153743256874698,0.47403896787783045,15150.967741935483
4.93,4996,2053193,100.0,66.0,71.0,201.0,1322.0,576199.5235552334,0.8056013482682995,0.4897918334667734,10186.612576064908
5.88,6159,2663696,103.0,66.0,73.0,226.0,1393.0,642945.5166293156,0.8048597898549223,0.48416950803701897,10234.69387755102
2.47,3149,1210204,96.0,66.0,69.0,183.0,1322.0,531913.2219798692,0.7854960181825618,0.510955859002858,16348.178137651821
1.82,2523,1078111,96.0,66.0,71.0,187.0,1393.0,637345.3763914986,0.7872112823647557,0.5148632580261593,15692.307692307691
9.9,13361,5018858,100.0,66.0,67.0,158.0,1322.0,523516.0012782808,0.7402880484821469,0.49098121398098943,20036.363636363636
4.68,5693,2255590,103.0,66.0,70.0,158.0,1322.0,570683.9611494499,0.7214245040552811,0.4848059019848937,15653.846153846154
6.72,5929,3012455,98.0,66.0,71.0,665.0,1408.0,738838.6984088233,0.8786699097360094,0.5010963062911115,7696.428571428572
6.9,6445,3067064,98.0,66.0,71.0,346.0,1408.0,702043.674681307,0.8942042566995261,0.5005430566330489,8826.086956521738
4.43,3517,1621089,100.0,66.0,71.0,252.0,1408.0,644910.8793040571,0.8635307938115997,0.4938868353710549,8722.34762979684
2.52,2137,1042608,102.0,66.0,72.0,284.0,1408.0,755589.7637901106,0.8363666474905427,0.48947122133832477,7999.999999999999
7.67,7167,3362166,100.0,66.0,71.0,245.0,1408.0,702205.0112800734,0.8683883606479048,0.490163248221013,9387.222946544982
8.14,6573,3168245,98.0,66.0,71.0,297.0,1408.0,711444.3429895648,0.9127954967384729,0.5034230944774076,7717.444717444716
5.43,5397,2845272,100.0,66.0,73.0,585.0,1451.0,829576.6087735522,0.927975587896996,0.49546044098573283,8033.149171270718
4.97,4767,2262226,98.0,66.0,71.0,256.0,1408.0,712012.7171744736,0.8666816087859661,0.501153765470946,9935.613682092557
9.8,8306,4033468,100.0,66.0,71.0,330.75,1408.0,712862.5694550411,0.8800765557317406,0.49674933782807607,8846.938775510203
8.74,7889,4024261,100.0,66.0,72.0,650.0,1408.0,744083.9615712503,0.9252775342180742,0.48092280390417036,7990.846681922197
9.0,7623,3605407,100.0,66.0,72.0,317.0,1408.0,663938.6569978532,0.8383057810818743,0.4853732126459399,7526.666666666667
3.14,36274,10266894,206.0,67.0,206.0,206.0,206.0,1017353.47619806,0.10218536930062014,0.14754369520868943,69000.0
2.11,1864,936934,100.0,66.0,72.0,402.5,1433.0,747743.4344008456,0.8193209618712334,0.4989270386266094,7421.800947867298
6.33,5522,2507925,100.0,66.0,71.0,236.0,1408.0,643814.8243399585,0.8443956779042068,0.49692140528793916,8236.96682464455
9.91,8337,3924665,100.0,66.0,71.0,251.0,1408.0,691241.1030350388,0.8820774385875186,0.4944224541201871,8203.83451059536
8.69,7987,4003339,98.0,66.0,71.0,404.0,1408.0,754584.6588912191,0.9017357229662427,0.5018154501064229,8596.087456846952
9.09,7588,3620060,100.0,66.0,71.0,183.0,1408.0,755312.8193269955,0.8453553656840693,0.492619926199262,9003.300330033004
4.39,3820,1865852,96.0,66.0,72.0,179.0,1428.0,802839.3593086812,0.9071037972356819,0.5143979057591623,7571.753986332575
6.13,4784,2220746,98.0,66.0,72.0,218.0,1408.0,683091.7891562665,0.8929973330518898,0.5039715719063546,6851.549755301794
4.47,3854,1808120,103.0,66.0,72.0,311.0,1404.4000000000033,629899.5761415162,0.8238995508176262,0.4833938764919564,8899.328859060402
1.61,1618,676706,100.0,66.0,71.0,154.0,1393.3,603074.5623066216,0.8263654908432465,0.49443757725587145,10844.72049689441
4.34,4430,2215206,101.5,66.0,72.0,479.5,1408.0,741297.9924200379,0.8810833175306428,0.4891647855530474,8184.331797235023
2.62,2358,1247543,103.0,66.0,73.0,655.0,1428.0,826074.9397825316,0.815706740933168,0.47921967769296014,6412.213740458015
4.65,4430,1721059,103.0,66.0,71.0,147.0,1322.0,565810.8879224353,0.716133670114351,0.48623024830699774,11458.064516129032
4.36,4224,1632261,98.0,66.0,71.0,147.0,1322.0,542072.6450069207,0.7469245480644053,0.5033143939393939,11463.302752293577
9.08,9105,4200908,96.0,66.0,71.0,162.0,1408.0,712881.5819086193,0.8484392245059453,0.5062053816584294,10341.409691629955
3.67,3166,1408340,103.0,66.0,71.0,183.0,1394.0,633807.7445597152,0.7777809407772629,0.4848389134554643,9989.100817438692
3.84,4167,1950019,96.0,66.0,70.0,217.0,1408.0,686290.7287006959,0.8956418161434978,0.5157187425005999,12234.375
1.34,1219,536788,98.0,66.0,71.0,158.0,1393.0,651520.7479294543,0.8247827949094468,0.505332239540607,9850.746268656716
4.35,4480,2112743,103.0,66.0,72.0,269.5,1408.0,684725.0946563596,0.8306953701364064,0.47165178571428573,11186.206896551725
1.38,1573,724769,100.0,66.0,72.0,195.0,1393.0,684109.1330312176,0.7943964510856876,0.4996821360457724,10086.95652173913
0.5,552,271174,103.0,66.0,72.75,297.0,1394.0,739317.6113605335,0.8443945135651766,0.4746376811594203,10320.0
2.71,2760,1029567,96.0,66.0,69.0,147.0,1322.0,523370.85951362643,0.8548442723913426,0.5405797101449276,13173.431734317342
0.89,705,285647,103.0,66.0,70.0,155.0,1322.0,578864.6537417636,0.8234069137859226,0.4695035460992908,10247.191011235955
7.98,7361,3356176,100.0,66.0,71.0,189.0,1408.0,678952.8791875052,0.8604672129247303,0.4939546257301997,9706.766917293233
1.75,1588,789245,98.0,66.0,71.0,745.0,1408.0,671054.3696152344,0.8838576460585449,0.5018891687657431,8777.142857142857
5.59,34527,9739417,206.0,67.0,206.0,206.0,206.0,626427.740013453,0.10456695096011825,0.14716019347177572,37041.14490161002
4.94,17696,5204736,206.0,66.0,103.75,206.0,206.0,422701.3529574424,0.21400798597936654,0.23864150090415914,24522.26720647773
9.99,7946,3850979,101.0,66.0,71.0,373.0,1408.0,697895.3030923274,0.8570411031758092,0.4860307072741002,7735.735735735735
9.32,7259,3641050,100.0,66.0,71.0,497.0,1408.0,745492.5444921696,0.9002695202006724,0.49882903981264637,7229.613733905579
3.52,2662,1328538,103.0,66.0,73.0,599.0,1408.0,694455.4744454186,0.8106116331988203,0.47821187077385424,6494.318181818182
0.29,194,83198,100.5,66.0,74.0,354.0,1393.0,460291.8451482624,1.0491220735785953,0.42783505154639173,4965.517241379311
2.34,1980,955117,103.0,66.0,72.0,584.5,1393.0,654347.500798643,0.8218850506529738,0.4666666666666667,7666.666666666667
3.1,2713,1266139,96.0,66.0,71.0,252.0,1408.0,682553.2247877789,0.8853902391961522,0.513085145595282,8283.870967741936
7.98,30536,9330366,206.0,66.0,146.0,206.0,206.0,720907.0184132701,0.1712121151730625,0.20837699764212733,25827.06766917293
7.12,4976,2403572,100.0,66.0,71.0,380.0,1408.0,695574.3694925352,0.8753388886755501,0.49557877813504825,6058.988764044943
7.95,7279,3586450,100.0,66.0,71.0,300.0,1408.0,753412.9703087398,0.9080290878780917,0.4971836790767963,8324.528301886792
3.08,2893,1515413,103.0,66.0,72.0,381.0,1451.0,844300.430657502,0.8845022296102799,0.4887659868648462,9019.48051948052
2.77,2606,1265069,100.0,66.0,73.0,506.75,1408.0,667362.0750356783,0.8687851118498411,0.4930928626247122,8577.617328519855
3.32,3317,1525937,103.0,66.0,70.0,285.0,1322.0,623841.8603777746,0.8776972629425522,0.4895990352728369,11006.024096385543
0.47,301,116628,78.0,66.0,66.0,147.0,1394.0,649771.41843909,0.6873068625736108,0.5083056478405316,10978.72340425532
5.79,4543,1966940,103.0,66.0,70.0,232.0,1392.8000000000002,565651.6416348605,0.7358195129702767,0.4820603125687871,9616.580310880829
9.24,7063,3285979,96.0,66.0,70.0,218.0,1408.0,699656.3350546925,0.8294837173203483,0.5031856151776866,8863.636363636364
6.9,5465,2830449,100.0,66.0,71.0,839.0,1408.0,716005.1324003619,0.945861195706756,0.48032936870997256,7373.913043478261
9.19,8937,4194473,100.0,66.0,72.0,252.0,1408.0,672284.2378290894,0.857021994830951,0.48427884077430905,9538.628944504899
0.67,556,253776,103.5,66.0,73.0,218.0,1439.5,694322.903602298,0.7604364479062732,0.4802158273381295,8238.805970149253
0.62,305,142456,104.0,66.0,73.0,195.0,1408.0,728172.5755872078,0.8587896253602305,0.46885245901639344,3483.8709677419356
5.35,5134,2541794,100.5,66.0,72.0,268.0,1408.0,764073.4702112713,0.8770818019141812,0.48578106739384497,8299.065420560748
5.73,7606,3721428,103.0,66.0,73.0,750.5,1393.0,594216.5718515677,0.8482178068385973,0.44293978438075204,13403.141361256545
1.45,1264,667800,105.0,66.0,73.0,908.25,1408.0,725640.0429618651,0.85269958198135,0.4501582278481013,6248.275862068966
1.43,1281,557223,96.0,66.0,71.0,168.0,1393.0,602050.7134173206,0.9240306934090271,0.5230288836846214,8475.524475524477
3.81,3064,1508899,103.0,66.0,73.0,627.75,1408.0,672672.204054049,0.8886686508929018,0.48629242819843344,6850.393700787401
6.0,6703,3555017,103.0,66.0,73.0,1096.5,1408.0,699489.3179531392,0.8733619929144554,0.4547217663732657,9450.0
0.2,323,117010,73.0,66.0,69.0,103.5,1322.0,711196.8611603677,2.0410854402789886,0.7120743034055728,12300.0
0.4,452,192174,96.0,66.0,70.0,147.0,1322.0,612358.9864711411,0.9408469639256106,0.5575221238938053,13800.0
5.33,4508,2547246,103.0,66.0,73.0,992.75,1451.0,828408.9269454126,0.9226573611757721,0.4551907719609583,5572.232645403377
6.36,6521,3272370,100.0,66.0,72.0,830.0,1408.0,648750.458113773,0.8680675022528058,0.48090783622143846,8462.264150943396
4.75,4724,2480643,100.0,66.0,73.0,689.5,1451.0,776777.8527910426,0.9262803590285111,0.48073666384419983,8349.473684210527
1.66,1032,572470,103.0,66.0,73.0,920.5,1451.0,858947.6729726278,0.8860207100591716,0.46608527131782945,4734.939759036145
0.38,2025,2681309,1679.0,54.0,81.0,1679.0,1679.0,5135111.202681054,0.18862285037201507,0.26024691358024693,67894.73684210527
8.02,14472,7793578,112.0,66.0,72.0,850.0,1451.0,573445.4142212552,0.5903053146399958,0.4343559977888336,16795.51122194514
9.92,25559,15287682,141.0,66.0,72.0,936.0,1483.0,496286.8165308946,0.4211907024734414,0.38342658163464927,18725.8064516129
9.35,47920,40220067,807.0,72.0,120.0,1444.0,1483.0,378095.56351992075,0.18709536613659797,0.21934474123539233,15952.94117647059
3.31,4300,1784048,103.0,66.0,71.0,183.0,1322.0,636916.6442994052,0.7506328905839033,0.47093023255813954,16096.67673716012
9.32,12754,5088698,103.0,66.0,70.0,156.0,1322.0,604004.6457803495,0.7294280576283098,0.4862788144895719,18547.210300429182
8.25,12336,4770597,103.0,66.0,69.0,154.0,1322.0,555081.0533813951,0.7094765058341217,0.48224708171206226,20785.454545454544
8.84,14151,4990485,103.0,66.0,69.0,154.0,1322.0,450341.51081990433,0.6682466889414767,0.4760087626316161,22649.321266968323
3.93,5706,2194576,105.0,66.0,68.0,158.0,1322.0,539075.6704082469,0.6584238291869333,0.4758149316508938,20595.419847328245
2.49,3313,1269961,96.0,66.0,69.0,155.0,1322.0,532449.1351123531,0.7914717141641855,0.518865076969514,16674.69879518072
3.73,4675,1846796,103.0,66.0,70.0,183.0,1360.0,504695.5963091424,0.7310096495759127,0.47614973262032084,16246.648793565682
7.54,8215,3903302,103.0,66.0,72.0,333.0,1408.0,673293.9214079023,0.7556942600479335,0.4758368837492392,10877.984084880636
3.7,5177,1970992,103.0,66.0,71.0,157.0,1322.0,526845.7604158361,0.7120162085645089,0.48078037473440216,17627.027027027027
1.68,1904,787830,102.0,66.0,71.0,163.0,1379.4,630901.1274616465,0.733950474427216,0.47111344537815125,12428.571428571428
7.76,8411,3946121,103.0,66.0,73.0,252.0,1408.0,708227.5716859165,0.769444138363607,0.4681964094637974,9216.494845360825
7.75,9652,4281449,103.0,66.0,72.0,191.0,1408.0,664931.4387515524,0.7742110434415984,0.4697472026523,12588.387096774191
0.85,834,372349,110.0,66.0,71.0,240.5,1433.2000000000016,680423.2173527365,0.778030045832626,0.4520383693045564,12917.64705882353
6.82,8343,3337190,103.0,66.0,71.0,183.0,1322.0,550253.2338472989,0.7281326809739974,0.48651564185544766,13609.970674486804
7.82,11621,4420018,103.0,66.0,72.0,164.0,1322.0,539245.2151190408,0.6938931466307396,0.4768952757938215,15920.716112531969
8.03,10531,3738029,110.0,66.0,73.0,158.0,1322.0,492319.44644239434,0.6343443703666849,0.46101984616845504,13202.988792029888
5.59,7741,3145827,103.0,66.0,71.0,158.0,1322.0,670279.6805373541,0.748645305216579,0.49386384188089394,15381.03756708408
1.9,2914,1124551,103.0,66.0,72.0,174.0,1322.0,521511.5631551043,0.7046858422727809,0.4783802333562114,18884.210526315794
7.13,9741,3399492,98.0,66.0,69.0,147.0,1322.0,488694.39683756325,0.7022645384513548,0.501180576942819,18748.948106591866
6.47,7622,2836445,103.0,66.0,67.0,155.0,1322.0,515702.3628058711,0.7059173052493546,0.4824193125163999,17285.935085007728
8.33,10371,4073258,100.0,66.0,70.0,157.0,1322.0,568124.5517758799,0.7462504246259003,0.4894417124674573,16415.366146458582
5.13,6388,2402569,103.0,66.0,69.0,147.0,1322.0,526671.9117722638,0.7166935180636255,0.4957733249843457,17345.029239766085
9.95,11888,4489827,101.0,66.0,70.0,147.0,1322.0,535646.5153567027,0.7260227222361754,0.4851110363391655,15859.29648241206
5.63,7518,2775502,100.0,66.0,68.0,147.0,1322.0,525601.8361235864,0.7289102886145843,0.49228518222931633,19172.291296625222
7.38,10168,3937408,103.0,66.0,69.0,154.0,1322.0,574234.9993398088,0.7139996296575705,0.48455940204563336,18861.78861788618
0.22,358,104004,103.0,66.0,66.0,147.0,598.2000000000005,358607.6185200212,0.5339595688498333,0.44972067039106145,25363.636363636364
4.79,5869,2084403,103.0,66.0,68.0,147.0,1322.0,447481.35517502733,0.6593635092070542,0.48645425115011076,17549.060542797495
3.25,5017,2058264,104.0,66.0,71.0,178.0,1378.800000000001,569648.8870335974,0.7175342494123494,0.4600358780147499,19476.923076923078
7.27,11561,3838636,103.0,66.0,69.0,147.0,1322.0,431103.2140165551,0.6806356520052532,0.4876740766369691,22489.68363136176
0.07,151,77315,112.0,66.0,74.0,746.5,1393.0,698621.2909960089,0.8659164372081887,0.3708609271523179,17142.85714285714
7.36,9710,3284948,103.0,66.0,70.0,147.0,1322.0,456310.0569298111,0.6823561556903117,0.48444902162718845,18016.304347826084
2.59,3720,1366252,100.0,66.0,69.0,149.0,1322.0,484283.4114764712,0.7658330500655562,0.49112903225806454,20131.27413127413
8.01,10102,3721042,103.0,66.0,70.0,158.0,1322.0,475790.21631436166,0.6982929005395759,0.4789150663235003,16576.779026217228
3.35,3891,1481900,100.0,66.0,69.0,158.0,1322.0,507203.6949900729,0.7855888841947144,0.49498843484965305,15044.776119402986
5.05,6111,2407740,100.0,66.0,67.0,155.0,1322.0,572587.1212557862,0.7559734337652257,0.49500900016363936,17631.68316831683
8.9,11513,4126696,101.0,66.0,69.0,156.0,1322.0,472499.0975339121,0.745516036925124,0.48553808737948406,18107.865168539323
0.86,1366,498047,103.0,66.0,70.0,156.0,1322.0,468087.79440083256,0.7617016280525987,0.48096632503660325,21139.53488372093
7.49,10879,3559914,103.0,66.0,66.0,147.0,1322.0,401831.6482395353,0.7076938565483915,0.4892912951558048,21797.06275033378
2.18,3199,1133576,100.0,66.0,70.0,155.0,1322.0,470366.367253521,0.744818457517216,0.49640512660206315,19211.009174311926
5.2,7297,2787688,100.0,66.0,70.0,156.0,1322.0,550253.8635735364,0.7536222630426027,0.49828696724681376,18600.0
7.51,10364,3606779,100.0,66.0,68.0,148.0,1322.0,482642.09107442206,0.7096649391325996,0.4930528753377075,19829.560585885483
3.5,3924,1454311,96.0,66.0,70.0,158.0,1322.0,483827.5063569569,0.7594221452649805,0.509683995922528,14177.142857142857
6.94,9789,3787641,100.0,66.0,71.0,162.0,1322.0,549549.4295287945,0.7556044693511709,0.4942282153437532,15596.541786743515
7.44,9301,3574077,105.0,66.0,72.0,170.0,1322.0,543517.1640454803,0.6785538715499805,0.462853456617568,13693.548387096773
3.8,5295,1873267,100.0,66.0,70.0,147.5,1322.0,510954.74023745384,0.7295496384834983,0.48819641170915956,16626.315789473687
6.96,10032,3414937,103.0,66.0,70.0,147.0,1322.0,476261.364466234,0.7079573945671157,0.4868421052631579,19974.137931034482
9.01,11796,4239458,103.0,66.0,70.0,158.0,1322.0,477229.4489750363,0.6837218922159499,0.47795863004408273,17280.79911209767
1.59,2142,778752,103.0,66.0,70.0,155.0,1322.0,505210.03967861645,0.7073842585134831,0.47012138188608776,17924.528301886792
3.76,4720,1591660,100.0,66.0,70.0,147.0,1322.0,437879.28762209136,0.705659710460818,0.48495762711864404,15797.872340425532
4.38,6098,2231285,100.0,66.0,71.0,155.0,1322.0,533591.7545526758,0.7141688406792073,0.48983273204329286,15958.904109589042
2.84,4125,1357532,103.0,66.0,70.0,147.0,1316.999999999999,424275.7446891313,0.6614247388549575,0.47733333333333333,20112.67605633803
2.2,3197,971919,96.0,66.0,69.0,147.0,1256.6000000000004,363502.9780104491,0.7175094327003996,0.5179856115107914,19472.727272727272
8.58,21873,9543518,144.0,66.0,76.0,403.0,1322.0,375076.44171574205,0.3670120475184351,0.34951767018698854,17062.937062937064
2.98,11288,7532089,885.0,73.0,116.0,885.0,885.0,247155.23595052707,0.19209416780013738,0.22165131112686037,13852.348993288591
7.72,10817,3907014,101.0,66.0,71.0,156.0,1322.0,510149.85746416624,0.7201993602378106,0.48516224461495794,15023.316062176167
6.48,18290,11721073,885.0,72.0,98.0,885.0,885.0,327675.6761689248,0.24352287374232892,0.2510661563696009,11342.592592592591
5.04,6103,2255107,103.0,66.0,71.0,158.0,1322.0,482648.4026486277,0.706051602814699,0.48844830411273144,13559.52380952381
9.53,13133,4593142,101.0,66.0,70.0,158.0,1322.0,466581.1386299782,0.7162459712161343,0.4876265895073479,18012.591815320044
7.91,9013,3361043,100.0,66.0,69.0,183.0,1322.0,499076.14622460166,0.7353600137995653,0.4921779651614335,15405.81542351454
6.4,7995,2958451,101.0,66.0,70.0,158.0,1322.0,494020.86124675325,0.7277906183275,0.48955597248280175,16903.125
2.66,3595,1187730,103.0,66.0,66.0,147.0,1322.0,418155.6156506971,0.658729340778773,0.48428372739916553,21338.345864661653
9.68,13080,4508060,102.0,66.0,67.0,147.0,1322.0,476281.8821245873,0.7132938441127872,0.48883792048929664,19884.29752066116
9.34,12787,4338981,100.0,66.0,66.0,147.0,1322.0,433827.6809529728,0.7182541312976095,0.4912802064596856,21173.447537473232
7.07,10377,3546780,100.0,66.0,69.0,147.0,1322.0,445146.5042772139,0.7124476160021542,0.4951334682470849,20826.025459688826
4.9,7611,2325227,102.0,66.0,66.0,147.0,1188.0,377926.91028366395,0.661254449391935,0.49244514518460125,24551.020408163262
2.15,2921,993490,103.0,66.0,67.0,156.0,1322.0,439489.4947149289,0.6892504323864802,0.48168435467305715,20065.116279069767
6.71,10954,3570415,108.0,66.0,67.0,147.0,1294.0,409862.72277974134,0.6418161977195507,0.4727040350556874,24134.128166915052
1.11,1641,507975,77.0,66.0,66.0,145.0,937.0,450092.9822030755,0.7579668129364121,0.5484460694698354,23243.24324324324
4.56,5976,2362995,103.0,66.0,72.0,183.0,1322.0,519508.2011315845,0.7411701993679506,0.4610107095046854,15013.157894736842
6.17,10201,3525833,100.0,66.0,69.0,147.0,1322.0,451285.0351463281,0.703047945321873,0.4905401431232232,22852.512155591572
5.68,8598,2928758,108.0,66.0,72.0,149.0,1322.0,457217.68651007576,0.648456594375522,0.4720865317515701,18654.92957746479
4.13,6344,2141388,100.0,66.0,69.0,147.0,1322.0,456590.64894791914,0.705866464549025,0.4968474148802018,20571.428571428572
5.79,10446,3336831,110.0,66.0,72.0,154.0,1296.0,394103.70199484937,0.6109415759438376,0.46055906567107024,22020.725388601037
0.24,406,118490,104.5,66.0,71.0,145.0,558.5,390058.02101482695,0.5834805480312488,0.4458128078817734,22000.0
0.44,690,211779,110.0,66.0,72.0,147.0,1296.4,346785.6568557026,0.6521352953885301,0.4782608695652174,19909.090909090908
5.78,8104,2907406,103.0,66.0,72.0,158.0,1322.0,454142.6278828706,0.6723917698771492,0.479639684106614,13951.557093425605
9.17,13556,4881894,103.0,66.0,72.0,147.0,1322.0,486408.183401992,0.6737554784947984,0.4756565358512836,15467.829880043622
7.68,9906,3967477,103.0,66.0,72.0,179.0,1322.0,597972.8498836877,0.7351609831862597,0.48122350090854027,12898.4375
1.95,2427,794512,103.0,66.0,72.0,147.5,1294.8000000000002,432067.55490058364,0.6623325398582817,0.4800164812525752,14676.923076923076
1.47,1898,708818,109.0,66.0,72.0,187.75,1322.0,478952.0087952378,0.6795381813681288,0.45152792413066384,13959.183673469388
5.51,8333,3046276,103.0,66.0,70.0,153.0,1322.0,516096.9387986609,0.7086529998837576,0.4791791671666867,19720.508166969146
4.3,6897,2418961,103.0,66.0,70.0,147.0,1322.0,456752.01830782986,0.6985251283230867,0.48571842830216033,21111.627906976744
8.1,15816,6913401,110.0,66.0,70.0,244.0,1514.0,657383.4935565552,0.5931106298407013,0.4588391502276176,25933.333333333336
3.38,5684,2505598,116.0,66.0,73.0,328.25,1514.0,508039.0139883005,0.529086164077956,0.41414496833216047,18905.325443786984
8.86,12883,4447964,103.0,66.0,72.0,149.0,1322.0,456251.11548380996,0.6851842493716505,0.47900333773189474,15873.589164785553
8.92,9797,4156063,103.0,66.0,71.0,179.0,1393.0,622040.0871422447,0.7756201614534488,0.48024905583341837,12201.793721973094
8.18,10919,4004689,101.0,66.0,70.0,147.0,1322.0,486216.97577543603,0.7121574166027714,0.48511768476966755,17882.640586797064
2.94,3725,1431732,103.0,66.0,70.0,170.0,1322.0,514494.9604559074,0.7059024712641022,0.4773154362416107,16408.16326530612
6.96,10471,3892494,103.0,66.0,71.0,158.0,1322.0,489122.4788919588,0.75161411290391,0.4806608728870213,18275.862068965518
2.22,2553,918359,103.0,66.0,70.0,158.0,1322.0,458500.52541337133,0.6839937243382181,0.4794359576968273,14675.675675675673
1.16,1434,485068,103.0,66.0,70.25,183.0,1322.0,390302.48076111334,0.6604083439126941,0.4707112970711297,16344.827586206899
1.24,1706,597783,100.0,66.0,68.25,150.25,1322.0,477123.8848533347,0.6904209748144248,0.4958968347010551,19306.451612903227
3.77,6164,2250364,103.0,66.0,70.0,158.0,1322.0,484709.9985059046,0.711886511905063,0.48231667748215445,22249.336870026524
1.07,1730,535957,85.5,66.0,67.0,145.0,1294.0,416647.2190721374,0.7881412030254691,0.5393063583815029,24224.29906542056
0.96,1597,590393,103.0,66.0,70.0,158.0,1322.0,425866.4447898357,0.7259018396874932,0.4715090795241077,21187.5
0.04,52,19904,76.5,66.0,70.75,142.0,1193.5999999999995,717868.7544378696,0.6913494809688582,0.5576923076923077,16500.0
8.99,13783,4868831,103.0,66.0,70.0,147.0,1322.0,479162.3071482104,0.6904301081943401,0.4741348037437423,20629.588431590655
7.78,10050,4005195,108.0,66.0,73.0,183.0,1322.0,548449.327686196,0.6969525673691849,0.45502487562189053,12616.966580976863
5.86,7919,3300103,103.0,66.0,73.0,226.0,1390.0,540411.6520335388,0.7499466842016403,0.4628109609799217,12706.484641638226
3.2,4681,1750952,103.0,66.0,72.0,158.0,1322.0,478016.04609697964,0.7088321862482573,0.4721213415936766,15581.249999999998
1.73,2258,835192,103.0,66.0,71.0,147.0,1322.0,541789.2153194508,0.6778074261679707,0.487599645704163,15433.526011560694
3.16,5591,2318750,103.0,66.0,71.0,255.0,1322.0,496617.02566242643,0.7869201095192286,0.45555356823466286,19936.708860759492
9.86,23666,10754149,116.0,66.0,74.0,832.0,1322.0,399406.5258713299,0.5553104460758079,0.41451871883715036,21669.371196754564
9.89,49925,11450350,100.0,66.0,88.0,120.0,235.0,245113.11053099428,1.1282317165283027,0.2581071607411117,47296.258847320525
8.79,65021,10909444,100.0,66.0,100.0,120.0,235.0,111723.84951489248,1.0577554903903676,0.21302348472032112,66020.47781569966
9.05,12219,4818395,103.0,66.0,71.0,176.0,1322.0,527464.2983245166,0.7399932223431945,0.4771257877076684,15328.17679558011
9.64,10798,4617177,100.0,66.0,71.0,183.0,1394.0,629761.2836514543,0.8249711823258491,0.4910168549731432,11464.730290456431
2.86,3779,1648952,100.0,66.0,71.0,218.0,1393.0,652129.2821568422,0.8339576148323347,0.49060598041810005,12188.811188811189
7.96,9887,3806405,103.0,66.0,71.0,174.0,1322.0,500194.5410317329,0.7283235767469006,0.47446141397795083,14125.628140703519
8.42,13436,4753510,103.0,66.0,71.0,183.0,1322.0,452473.1208868772,0.6822307823247193,0.4775230723429592,17551.06888361045
2.39,5129,1722432,100.0,66.0,71.0,183.0,1322.0,368062.4655556747,0.6724377143083662,0.48761941899005656,23548.117154811713
8.53,15044,5194765,103.0,66.0,71.0,170.0,1322.0,432582.2225217577,0.6663880073967317,0.47487370380218025,21024.618991793668
3.2,5715,1969961,103.0,66.0,71.0,211.0,1322.0,404308.7870428619,0.7053737560472012,0.4825896762904637,17718.75
9.43,13456,5016046,102.0,66.0,69.0,158.0,1322.0,489775.4949683851,0.7457272322660824,0.48097502972651607,19959.703075291625
0.3,301,106819,100.0,66.0,66.0,183.0,1322.0,396800.80297126964,0.6322847404592948,0.4983388704318937,15400.0
2.14,2328,974889,100.0,66.0,71.0,195.0,1393.0,616329.6522107602,0.7632823815834078,0.4832474226804124,13261.682242990655
6.76,37985,10854406,206.0,71.0,206.0,206.0,206.0,879278.9778357111,0.14584303675060792,0.179939449782809,28500.0
5.3,4714,2393450,103.0,66.0,73.0,748.0,1408.0,692025.115431894,0.873563079743797,0.4830292745014849,6950.943396226415
1.47,1468,667715,97.0,66.0,71.0,217.0,1394.0,704377.9662903986,0.7880689161887792,0.5081743869209809,10693.877551020409
5.1,4203,1912285,100.0,66.0,70.0,226.0,1408.0,642447.2730138658,0.882336150857227,0.49964311206281226,8835.29411764706
8.85,7681,3829882,100.0,66.0,71.0,406.0,1408.0,755508.1952835803,0.8818136497332868,0.48717614893894023,8474.57627118644
2.76,4147,1689870,96.0,66.0,73.0,207.0,1322.0,563055.9268134307,0.7666497863996987,0.5054256088738848,10826.08695652174
3.97,4539,2033501,101.0,66.0,71.0,281.0,1393.0,652726.7598181795,0.7222903822559988,0.48314606741573035,12559.19395465995
3.27,2813,1319813,100.0,66.0,70.0,271.0,1394.0,676310.7107529425,0.917317502754212,0.49875577675079985,7596.3302752293575
8.35,16180,5660939,92.0,70.0,74.0,213.0,1322.0,412448.4092998078,0.7515840726403404,0.5305315203955501,7013.1736526946115
0.94,2302,730499,92.0,71.0,73.0,211.0,950.4000000000005,366242.768364645,0.76701687410525,0.5447437011294527,9957.446808510638
5.52,13717,3737326,86.0,71.0,74.0,211.0,655.0,269262.99283172283,0.715254782928624,0.560618210979077,6380.434782608696
2.99,6391,1970577,93.0,71.0,74.0,211.0,939.0,330730.94232356804,0.726517498690871,0.528868721639806,8608.695652173912
2.94,7840,1865879,86.0,71.0,74.0,211.0,367.0,203259.20724305953,0.7407040373250956,0.5743622448979592,7795.918367346939
4.31,12605,3011843,88.0,71.0,75.0,211.0,367.0,215709.50346184315,0.7361848753649225,0.5682665608885363,8394.431554524363
2.28,32147,7467601,206.0,66.0,86.0,206.0,206.0,236713.02763420818,0.19993612317415424,0.27190717640837403,117026.3157894737
9.3,49846,11595956,206.0,72.0,102.0,206.0,206.0,144658.8665981839,0.20216118694321936,0.2447939654134735,24845.16129032258
2.28,1980,830648,96.0,66.0,70.0,149.75,1394.0,627645.7284195491,0.9500527323551397,0.5328282828282829,8368.421052631578
1.4,1516,685742,96.0,66.0,72.0,154.0,1451.0,759891.4686214244,0.912343354327641,0.5092348284960422,10800.000000000002
9.43,8786,4090330,100.0,66.0,72.0,183.0,1408.0,742064.1379192183,0.8562542865927205,0.48258593216480766,8188.759278897138
1.45,1184,535140,96.0,66.0,73.0,281.0,1393.0,606751.1024812821,0.8551809634209171,0.5067567567567568,6993.103448275862
8.44,1420,605629,98.0,66.0,71.0,169.0,1408.0,590849.5894361237,0.7882059048136787,0.5035211267605634,1940.7582938388625
