duration_sec,packet_count,total_bytes,median_pkt_size,p10_size,p25_size,p75_size,p90_size,size_variance,up_down_ratio,pct_packets_under_100b,packets_smaller_equal_66b_per_min
8.14,267,51220,90.0,54.0,60.0,184.0,457.60000000000014,81679.68070810364,1.0763742500405384,0.5955056179775281,891.8918918918918
9.5,309,62586,90.0,54.0,60.0,220.0,417.39999999999986,97793.31605240835,0.6806122448979591,0.5598705501618123,871.578947368421
7.91,235,36071,98.0,54.0,60.0,148.0,385.5999999999998,30240.39464010865,1.0290825223603532,0.5574468085106383,849.5575221238938
0.56,19,4690,112.0,58.8,60.0,238.0,450.99999999999966,117702.97506925206,0.26278944534194937,0.42105263157894735,749.9999999999999
4.35,165,31531,98.0,54.0,60.0,220.0,439.59999999999997,75243.20271808999,0.9995560910647473,0.5393939393939394,1034.4827586206898
5.27,159,33201,106.0,54.0,60.0,297.0,515.0000000000006,43471.77572089712,0.5734325387422397,0.49056603773584906,774.1935483870968
1.31,28,5920,112.0,54.0,54.0,310.0,565.6,55177.102040816324,0.5257731958762887,0.4642857142857143,595.4198473282443
2.2,47,10432,83.0,54.0,60.0,328.0,465.5999999999999,80655.23223177907,0.6078914919852034,0.5319148936170213,600.0
8.15,170,29344,112.0,54.0,60.0,220.0,400.0,30468.14339100346,0.5710461505514509,0.4823529411764706,574.2331288343559
8.71,206,52434,112.0,54.0,60.0,292.0,604.5,119349.53039871807,0.29402764067127346,0.4368932038834951,592.422502870264
0.71,12,2682,86.0,60.0,60.0,337.0,526.0000000000001,49670.75,4.157692307692308,0.5,507.0422535211268
2.33,50,9964,112.0,54.0,60.0,263.5,446.0,37718.2016,0.5683928852510625,0.4,515.0214592274677
4.13,87,17700,112.0,54.0,60.0,292.0,486.4000000000002,47400.91399128023,0.5303475704651565,0.45977011494252873,566.5859564164649
7.92,184,34838,112.0,54.0,60.0,292.0,433.00000000000017,33911.353851606815,0.683483135208273,0.483695652173913,643.9393939393939
9.85,195,44541,112.0,54.0,60.0,294.5,537.3999999999997,78364.50950690334,0.6385608652466616,0.49743589743589745,548.2233502538071
4.03,101,37249,112.0,54.0,54.0,400.0,1508.0,248885.28752083128,0.16526934868297566,0.46534653465346537,655.0868486352357
5.42,99,18737,112.0,54.0,60.0,292.0,469.6,31953.264360779507,0.7431388966415481,0.46464646464646464,509.2250922509225
8.31,194,39438,109.0,54.0,60.0,256.0,436.0,67728.59708789455,0.6916741732080813,0.4948453608247423,642.5992779783393
1.35,21,3966,112.0,54.0,54.0,256.0,436.0,26739.6462585034,0.364762560220234,0.47619047619047616,444.4444444444444
6.25,135,31070,112.0,54.0,60.0,292.0,525.6000000000004,83190.06694101507,0.33238989665079977,0.45925925925925926,566.4
8.36,181,34118,112.0,54.0,60.0,220.0,414.0,54451.42126308721,0.5383019973849137,0.4696132596685083,595.6937799043062
5.42,126,21454,112.0,54.0,60.0,220.0,405.0,28076.689090450996,0.42249038589046545,0.49206349206349204,642.0664206642066
1.3,29,5384,112.0,54.0,60.0,256.0,402.8,41554.570749108214,0.29391973083393413,0.4827586206896552,600.0
2.15,60,13054,130.0,54.0,60.0,266.0,486.40000000000015,65489.14555555557,0.9990811638591118,0.43333333333333335,697.6744186046511
8.44,175,36882,112.0,54.0,60.0,266.0,436.0,69514.96248163264,0.3948264125255276,0.44571428571428573,533.175355450237
9.6,194,38797,112.0,54.0,60.0,220.0,502.3000000000003,64639.74718354766,0.5662266359856284,0.4639175257731959,550.0
3.05,71,13823,112.0,54.0,60.0,184.0,364.0,76523.90398730412,0.5250441306266549,0.4507042253521127,590.1639344262296
2.58,104,59477,148.0,54.0,60.0,1514.0,1514.0,541354.6907359468,0.966766971991667,0.3942307692307692,953.4883720930231
8.12,157,32453,112.0,54.0,60.0,256.0,556.0000000000002,59861.277212057284,0.8274114533475984,0.45222929936305734,524.6305418719212
9.1,203,49553,112.0,54.0,60.0,294.5,572.8000000000004,103832.94988958721,0.6388199887554983,0.4827586206896552,600.0
9.62,246,62706,112.0,54.0,60.0,299.75,670.0,93202.90918104304,0.46184870031472197,0.45121951219512196,667.3596673596674
8.07,184,44271,112.0,54.0,60.0,296.0,443.70000000000005,104448.27194588845,0.412964381463041,0.42934782608695654,587.360594795539
5.96,133,37931,112.0,54.0,60.0,292.0,744.7999999999997,152171.5256939341,0.2674931497694313,0.43609022556390975,553.6912751677853
2.63,43,10032,112.0,54.0,60.0,312.0,499.2000000000004,78477.9318550568,0.25604106673344185,0.46511627906976744,433.46007604562743
5.6,159,101148,292.0,54.0,60.0,1509.0,1509.0,401029.7256437642,0.12107643199148785,0.32075471698113206,546.4285714285714
5.23,119,53125,220.0,54.0,60.0,494.5,1509.0,274692.7659063625,0.20293005457056812,0.36134453781512604,493.3078393881453
9.88,193,55510,112.0,54.0,60.0,436.0,773.6000000000001,118459.09651265807,0.43916413886080213,0.47668393782383417,528.3400809716599
9.44,236,132290,256.0,54.0,60.0,1251.5,1508.0,356800.06097385817,0.1961445608832066,0.3983050847457627,565.6779661016949
6.97,123,29558,112.0,54.0,60.0,306.5,616.0,76421.56309075288,0.7236995567996268,0.4715447154471545,482.06599713055954
6.88,246,116636,112.0,54.0,54.0,739.0,1514.0,347371.218851213,0.09056568489948574,0.44308943089430897,915.6976744186046
2.04,34,7756,71.5,54.0,60.0,346.0,563.1999999999999,75732.10380622838,1.8121827411167513,0.5882352941176471,499.99999999999994
6.03,109,29586,112.0,54.0,60.0,400.0,659.2,104827.08930224729,0.8515551661555792,0.4954128440366973,527.363184079602
8.47,167,37849,112.0,54.0,60.0,328.0,508.0,70824.5894797232,0.5944477209537451,0.47305389221556887,545.4545454545454
5.63,101,22446,112.0,54.0,60.0,292.0,540.0,64643.03264385844,0.7464985994397759,0.48514851485148514,511.5452930728241
7.42,153,28807,112.0,54.0,60.0,267.0,440.4000000000004,30593.757614592676,0.7056664100894073,0.47058823529411764,549.8652291105121
8.66,262,83146,112.0,54.0,60.0,298.0,1104.0,187682.9835673912,0.3185638618414793,0.4618320610687023,734.4110854503464
8.39,192,57913,112.0,54.0,60.0,433.0,810.4000000000001,126209.39971245662,0.5401983989787505,0.4583333333333333,586.4123957091775
0.91,8,3411,82.5,58.2,60.0,634.0,1336.0,287520.984375,1.25,0.5,263.7362637362637
5.97,134,41338,91.0,54.0,60.0,469.75,851.1,126832.2947204277,0.569221425046502,0.5074626865671642,623.1155778894473
0.99,24,7050,166.0,54.0,60.0,436.0,616.0,96228.4375,1.0710928319623971,0.4583333333333333,666.6666666666666
0.04,2,496,248.0,97.6,154.0,342.0,398.4,35344.0,7.266666666666667,0.5,1500.0
3.78,66,16263,112.0,54.0,60.0,364.0,620.0,62476.05991735538,0.7417800149941095,0.45454545454545453,476.1904761904762
3.5,72,17630,112.0,54.0,60.0,404.0,648.4,70696.0362654321,0.7559760956175299,0.4722222222222222,582.8571428571429
3.2,73,27292,112.0,54.0,54.0,544.0,1414.3999999999992,213872.03602927382,0.4472372467918125,0.4794520547945205,656.25
5.34,125,31556,112.0,54.0,60.0,328.0,673.6000000000004,90662.535296,0.9235598902773544,0.488,662.9213483146068
3.18,60,11380,101.5,54.0,60.0,274.0,472.0,32929.38888888889,0.8966666666666666,0.5,509.43396226415086
6.12,98,24154,112.0,54.0,60.0,328.0,640.3999999999999,75594.26947105373,0.9948794185662372,0.46938775510204084,450.9803921568627
1.34,22,5489,112.0,54.0,60.0,400.0,684.3000000000001,64711.068181818184,0.5914757900840824,0.45454545454545453,447.76119402985074
7.34,230,71346,87.0,54.0,60.0,328.0,1120.0,209194.52521739132,0.37190654744736085,0.5347826086956522,858.3106267029973
4.53,107,27505,112.0,54.0,60.0,400.0,544.0,94914.53891169536,0.43270132305448483,0.48598130841121495,662.2516556291391
6.68,139,27867,112.0,54.0,60.0,292.0,472.0,45348.98348946742,0.520377543783076,0.4676258992805755,565.868263473054
7.55,157,42484,112.0,54.0,60.0,364.0,652.0,109287.00458436448,0.41721986856590054,0.4713375796178344,556.2913907284768
7.02,164,43079,112.0,54.0,60.0,304.0,691.6000000000018,110703.01141433668,0.38233217815428056,0.4573170731707317,623.931623931624
8.27,205,76617,148.0,54.0,60.0,472.0,1508.6,228663.1380368828,0.19787057738309283,0.43902439024390244,609.4316807738815
9.24,181,39541,112.0,54.0,60.0,292.0,544.0,64580.72342114098,0.5428225837917984,0.4696132596685083,532.4675324675325
4.19,94,15911,112.0,54.0,60.0,247.0,409.80000000000007,28767.535649615216,0.5371461694522268,0.48936170212765956,644.3914081145583
1.77,43,8394,112.0,54.0,60.0,243.5,519.2000000000011,46132.67712276907,0.3952792553191489,0.46511627906976744,677.9661016949152
2.72,66,12131,112.0,54.0,60.0,285.75,452.0,23139.824839302113,0.6311684819147506,0.4090909090909091,595.5882352941176
7.7,174,39085,112.0,54.0,60.0,266.0,531.8000000000006,82317.29148500462,0.3749252471242129,0.46551724137931033,600.0
5.26,111,24464,112.0,54.0,60.0,266.0,508.0,70769.17620323024,0.41116751269035534,0.43243243243243246,547.5285171102662
2.87,98,28376,148.0,54.0,60.0,349.0,590.8,129098.69637650978,0.3362844360725218,0.42857142857142855,878.048780487805
1.39,35,11106,112.0,56.400000000000006,60.0,220.0,352.60000000000014,464268.9583673469,2.700766411196268,0.4857142857142857,733.8129496402878
5.17,116,25415,112.0,54.0,60.0,292.0,508.0,70713.96514565994,0.4025164174162574,0.49137931034482757,580.2707930367504
1.01,21,3156,112.0,54.0,60.0,256.0,297.0,10658.489795918367,0.5350194552529183,0.47619047619047616,594.059405940594
8.91,220,51240,112.0,54.0,60.0,266.25,540.0,104642.66446280993,0.31519507186858314,0.4590909090909091,646.4646464646465
1.62,33,7475,148.0,54.0,60.0,292.0,443.40000000000003,62421.46189164371,0.2510460251046025,0.42424242424242425,481.4814814814814
6.83,177,46108,112.0,54.0,60.0,267.0,671.2000000000003,141098.99575473205,0.294005388414908,0.4576271186440678,702.7818448023427
2.82,59,11515,112.0,54.0,60.0,261.0,447.20000000000016,50368.920425165175,0.37623999043862794,0.4745762711864407,595.7446808510638
2.17,74,16590,112.0,54.0,60.0,261.25,534.1000000000001,82321.39663988311,0.2739000230361668,0.47297297297297297,940.0921658986175
2.4,48,10056,112.0,54.0,60.0,229.0,549.3000000000002,72814.625,0.38359933957072095,0.4791666666666667,550.0
7.28,176,50013,112.0,54.0,60.0,298.0,795.0,155272.14898631198,0.2130244967256852,0.42613636363636365,609.8901098901099
8.52,191,38638,112.0,54.0,60.0,281.0,436.0,48707.24388037608,0.45359467288664834,0.4607329842931937,598.5915492957747
3.56,78,17356,112.0,54.0,60.0,254.5,505.79999999999995,79899.30111768573,0.2771155261221486,0.4230769230769231,556.1797752808989
8.09,258,119029,148.0,54.0,60.0,625.0,1514.0,325079.2205546541,0.11288859800850826,0.4108527131782946,734.2398022249691
8.3,185,50648,112.0,54.0,60.0,322.0,718.3999999999999,133670.77008035057,0.31212435233160624,0.44324324324324327,578.3132530120482
3.23,75,16362,112.0,54.0,60.0,279.5,421.6000000000003,76068.72106666667,0.332301929810276,0.4666666666666667,631.578947368421
6.07,162,35601,112.0,54.0,60.0,241.75,480.9,91126.20747599451,0.26915261488003994,0.4444444444444444,691.9275123558484
6.9,161,31087,112.0,54.0,60.0,256.0,472.0,46691.57007831488,0.4778702163061564,0.4906832298136646,643.4782608695651
1.72,32,5356,97.5,54.0,60.0,229.0,324.9000000000001,25828.984375,0.7361426256077795,0.5,523.2558139534884
2.49,51,11713,112.0,54.0,60.0,360.0,505.0,46933.83006535949,0.6227486838459407,0.45098039215686275,530.1204819277108
8.57,204,42229,112.0,54.0,60.0,268.25,436.0,58840.534289696276,0.49493769470404986,0.45098039215686275,623.1038506417736
6.6,146,46677,112.0,54.0,60.0,299.75,1045.5,193327.3173672359,0.2024576227523314,0.4520547945205479,581.8181818181819
0.19,14,14576,1509.0,54.0,262.75,1509.0,1509.0,418773.97959183675,0.06471877282688093,0.21428571428571427,947.3684210526316
8.82,234,55786,112.0,54.0,60.0,286.5,560.1000000000004,109840.24033895828,0.3055464544816288,0.46153846153846156,707.4829931972789
1.31,29,5726,112.0,60.0,60.0,298.0,450.4,30389.626634958386,0.5649084449303088,0.4482758620689655,549.6183206106871
6.49,179,56841,112.0,54.0,60.0,304.5,1509.0,201435.44327580283,0.2099750941950316,0.41899441340782123,665.6394453004622
4.26,119,20960,112.0,54.0,60.0,184.0,409.0000000000001,49829.67940117223,0.43013100436681223,0.4957983193277311,774.6478873239437
2.82,66,15757,112.0,54.0,60.0,297.75,526.0,82226.88820018366,0.4181441814418144,0.4090909090909091,574.468085106383
0.07,4,966,256.0,103.80000000000001,178.5,319.0,367.6,15822.75,0.3959537572254335,0.25,857.1428571428571
3.94,72,11930,83.0,54.0,60.0,184.0,328.0,36787.10108024692,0.5457372376263281,0.5138888888888888,502.53807106598987
3.48,78,22369,130.0,54.0,60.0,268.0,699.0999999999999,163855.14480604863,0.25619138541023195,0.3974358974358974,534.4827586206897
3.22,64,12498,112.0,54.0,58.5,274.0,389.2000000000001,38144.2958984375,0.4421878606046619,0.453125,540.3726708074533
2.92,75,12948,112.0,54.0,60.0,220.0,299.8,41540.44373333333,0.6868160500260553,0.44,678.082191780822
5.61,122,25952,112.0,54.0,60.0,211.0,438.7000000000005,83542.08626713249,0.34382767191383595,0.4426229508196721,577.5401069518716
4.2,95,19759,112.0,54.0,60.0,281.0,485.8000000000002,51640.43146814403,0.374730397272664,0.45263157894736844,585.7142857142857
3.28,87,21053,87.0,54.0,60.0,240.5,590.8000000000001,115734.99986788216,0.3122857320949947,0.5517241379310345,695.1219512195122
4.23,98,17922,112.0,54.0,60.0,220.0,364.0,46818.06663890046,0.4032258064516129,0.45918367346938777,638.2978723404254
3.63,71,14703,112.0,54.0,60.0,283.5,436.0,50313.4576472922,0.5927851803704908,0.4647887323943662,545.4545454545455
7.99,180,36035,112.0,54.0,60.0,256.0,414.39999999999964,60044.13441358024,0.44174601904457067,0.45555555555555555,600.7509386733416
7.86,174,38046,112.0,54.0,60.0,290.25,529.3000000000003,62327.53626634959,0.41015567086730914,0.45977011494252873,572.5190839694657
5.82,102,21444,112.0,54.0,60.0,256.0,540.4000000000002,54877.062283737025,0.5231195397400383,0.47058823529411764,484.5360824742268
8.0,184,36316,112.0,54.0,60.0,256.0,393.1,53995.678638941405,0.48071434396151025,0.45108695652173914,585.0
8.83,213,35526,112.0,54.0,60.0,184.0,435.40000000000003,33926.39198571712,0.4388821385176185,0.49295774647887325,659.1166477916195
9.55,214,40352,112.0,54.0,60.0,220.0,400.0,52093.93789850642,0.4072679082095278,0.46261682242990654,609.4240837696335
2.83,72,13053,112.0,54.0,60.0,231.5,402.79999999999995,37427.45659722222,0.5636080498322952,0.4583333333333333,657.243816254417
1.28,24,5101,130.0,54.0,58.5,266.75,559.4999999999999,44235.49826388888,0.387272232798477,0.4583333333333333,515.625
6.75,127,24701,112.0,54.0,60.0,256.0,373.20000000000016,51488.580693161384,0.5031339378080691,0.4330708661417323,488.88888888888886
3.06,64,11173,91.0,54.0,58.5,148.0,319.0000000000001,57130.681396484375,0.3845105328376704,0.515625,568.6274509803922
8.96,204,40334,112.0,54.0,60.0,256.0,466.9000000000003,51509.448577470204,0.45489304909281103,0.45588235294117646,609.375
3.94,92,16370,112.0,54.0,60.0,256.0,352.3000000000002,27002.017485822307,0.36439406567761295,0.41304347826086957,578.6802030456853
8.85,228,44589,112.0,54.0,60.0,266.0,460.8000000000002,45885.693040166196,0.4687242662801805,0.4605263157894737,664.406779661017
5.37,146,25156,112.0,54.0,60.0,220.0,435.0,31484.27903921937,0.6731626205520452,0.4794520547945205,726.2569832402235
0.53,18,3085,112.0,58.2,60.0,202.0,366.7000000000001,34312.57098765432,1.5946173254835996,0.4444444444444444,905.6603773584906
2.92,124,20960,86.0,54.0,60.0,181.75,319.0000000000001,50778.51508844954,0.6237991942981097,0.532258064516129,1089.041095890411
0.08,5,428,60.0,54.0,54.0,112.0,133.6,1448.6399999999999,1.0576923076923077,0.6,2250.0
3.48,83,14103,112.0,54.0,60.0,220.0,296.79999999999995,42529.13746552476,0.5776932542790021,0.46987951807228917,672.4137931034483
1.63,29,5324,112.0,54.0,60.0,220.0,458.59999999999997,27401.20808561237,0.486320491345617,0.41379310344827586,441.717791411043
7.01,274,133278,148.0,54.0,60.0,832.0,1509.0,355272.5860195003,0.10680385659832084,0.39416058394160586,907.2753209700428
6.47,135,25065,112.0,54.0,60.0,220.0,477.4000000000001,42087.955555555556,0.5251916757940854,0.43703703703703706,537.8670788253478
8.5,201,36678,112.0,54.0,60.0,256.0,412.0,38837.075369421545,0.5725433030354999,0.46766169154228854,656.4705882352941
4.0,84,16486,83.0,54.0,54.0,148.0,425.60000000000014,86673.1695011338,0.3900505902192243,0.5238095238095238,615.0
0.83,13,1452,66.0,60.0,60.0,112.0,148.0,8041.136094674555,1.5928571428571427,0.5384615384615384,506.0240963855422
4.04,100,27655,112.0,54.0,60.0,281.5,622.4000000000019,147200.72749999998,0.3366360560657322,0.42,594.059405940594
9.83,249,55789,112.0,54.0,60.0,256.0,508.0,90914.05751520135,0.35131403657502724,0.46184738955823296,659.206510681587
8.67,209,34580,112.0,54.0,60.0,184.0,431.6000000000003,27074.879512831656,0.5022372822451019,0.46411483253588515,657.439446366782
5.72,154,25686,112.0,54.0,60.0,220.0,400.0,28103.307471749027,0.5609845031905196,0.4675324675324675,702.7972027972029
6.33,138,20108,87.0,54.0,60.0,148.0,298.6,18993.785549254357,0.6870542830774394,0.5072463768115942,616.1137440758295
0.49,17,2674,112.0,54.0,54.0,184.0,372.20000000000005,16301.031141868512,0.3159448818897638,0.4117647058823529,857.1428571428572
5.65,122,20322,112.0,54.0,60.0,184.0,384.70000000000016,25491.49045955388,0.5773051847252406,0.4426229508196721,573.4513274336283
5.75,122,18545,112.0,54.0,54.0,148.0,328.0,24548.335998387527,0.5085821199056374,0.47540983606557374,584.3478260869565
6.14,154,24250,112.0,54.0,60.0,184.0,381.0000000000005,19159.677517287906,0.5945554971067859,0.4675324675324675,654.7231270358307
0.81,10,1070,86.0,59.4,60.0,139.0,187.6,3207.4,0.41534391534391535,0.5,370.3703703703703
1.19,28,6957,112.0,54.0,60.0,372.0,724.3,61187.89158163266,0.5923552300297551,0.42857142857142855,605.0420168067227
7.3,153,25182,112.0,54.0,60.0,184.0,396.20000000000005,29258.76509034986,0.6220289855072464,0.47058823529411764,575.3424657534247
6.92,149,32748,112.0,54.0,60.0,220.0,514.0,98076.82635917302,0.3436179378820826,0.44966442953020136,563.5838150289018
1.82,43,7191,112.0,54.0,60.0,261.5,436.0,20391.24824229313,0.6399087799315849,0.4418604651162791,626.3736263736264
8.96,229,43487,112.0,54.0,60.0,220.0,427.20000000000005,54212.21261989665,0.5013637148282409,0.4847161572052402,683.0357142857142
8.66,234,64299,112.0,54.0,60.0,285.75,675.7000000000007,153702.88839579225,0.32534267752241575,0.4358974358974359,706.6974595842955
1.87,63,11907,112.0,54.0,60.0,238.0,447.8000000000003,44154.19047619047,0.39344645991808075,0.42857142857142855,866.3101604278074
0.63,19,9248,148.0,58.8,60.0,868.0,1509.0,349954.404432133,0.08189050070191858,0.3684210526315789,666.6666666666666
3.69,103,28999,148.0,54.0,60.0,297.5,634.4,146732.34517862197,0.3381477550643717,0.42718446601941745,715.4471544715448
0.47,9,1613,148.0,54.0,54.0,256.0,335.80000000000007,21215.95061728395,0.23791250959324636,0.4444444444444444,510.63829787234044
5.24,116,24506,112.0,54.0,60.0,229.0,480.5,63695.07104637336,0.42269956458635705,0.4396551724137931,561.0687022900763
9.03,216,41332,112.0,54.0,60.0,266.5,449.5,43863.80212620028,0.5264615725523507,0.4675925925925926,664.4518272425249
5.24,149,38519,112.0,54.0,60.0,266.0,584.4000000000035,145121.6993829107,0.26694734072295495,0.44966442953020136,721.3740458015267
4.34,88,23928,148.0,54.0,60.0,400.0,544.0,105622.03719008266,0.3913245726247238,0.4090909090909091,497.6958525345622
7.22,182,43423,112.0,54.0,60.0,292.0,580.0,97172.81370003622,0.41562887135684945,0.46153846153846156,656.5096952908588
0.84,17,4278,112.0,54.0,54.0,364.0,656.8000000000001,61105.993079584776,0.5658857979502196,0.47058823529411764,571.4285714285714
7.06,140,27645,112.0,54.0,60.0,256.0,467.5000000000003,43964.59158163265,0.6246473906911142,0.45714285714285713,526.9121813031162
7.36,163,36801,112.0,54.0,60.0,281.0,508.0,78612.10184801837,0.5242296222664016,0.43558282208588955,570.6521739130435
6.68,183,32997,112.0,54.0,60.0,220.0,436.0,41408.22538744065,0.45092779878638645,0.4972677595628415,763.4730538922156
6.3,131,22537,112.0,54.0,60.0,184.0,324.0,39828.75426839928,0.5472332829877797,0.4732824427480916,552.3809523809524
3.78,103,45365,148.0,54.0,60.0,486.5,1509.0,317836.71203694976,0.09437193930475478,0.3883495145631068,634.9206349206349
3.13,79,29577,112.0,54.0,60.0,331.5,1509.0,252735.45361320302,0.1854033906456655,0.4430379746835443,613.4185303514377
4.17,74,12787,112.0,54.0,60.0,184.0,325.90000000000003,36325.323776479185,0.7451890268868568,0.44594594594594594,474.82014388489216
4.61,111,18549,112.0,54.0,60.0,220.0,415.0,24141.627952276598,0.7471037016106244,0.45045045045045046,637.7440347071583
0.91,20,2889,83.0,54.0,60.0,157.0,223.60000000000005,29155.347499999993,0.6085746102449888,0.55,593.4065934065934
4.45,136,20327,112.0,54.0,60.0,184.0,328.0,14777.925118944635,0.6874481155570313,0.47058823529411764,822.4719101123595
9.76,205,41475,112.0,54.0,60.0,292.0,468.0,44398.15800118977,0.4841653247450349,0.44390243902439025,559.4262295081968
1.48,43,12478,184.0,54.0,60.0,508.0,683.2000000000004,99278.4305029746,0.25760935295303367,0.3953488372093023,689.1891891891892
3.14,82,16943,112.0,54.0,60.0,220.0,469.40000000000015,72846.01561570496,0.30110582091844573,0.47560975609756095,611.4649681528662
3.44,86,15959,112.0,54.0,60.0,256.0,445.5,39193.73350459709,0.6481462356707632,0.47674418604651164,715.1162790697674
8.52,186,32435,112.0,54.0,60.0,220.0,346.0,41792.590848653024,0.6133605252686033,0.489247311827957,605.6338028169015
8.34,217,44081,112.0,54.0,60.0,266.0,448.4,52134.84724670305,0.48091782570718267,0.42857142857142855,654.6762589928059
9.46,226,41310,112.0,54.0,60.0,220.0,434.0,46243.60090845016,0.4914972740730043,0.4690265486725664,653.276955602537
2.25,54,7654,112.0,54.0,60.0,148.0,291.1,14389.192043895742,0.5969121635718756,0.46296296296296297,613.3333333333334
6.72,132,25807,112.0,54.0,60.0,220.0,500.00000000000017,53135.09842745638,0.5537025888019266,0.4393939393939394,508.92857142857144
9.9,231,39346,112.0,54.0,60.0,184.0,364.0,45696.090890350635,0.4975260714013854,0.48484848484848486,660.6060606060606
5.92,159,38757,112.0,54.0,60.0,256.0,583.2000000000003,114773.8203393853,0.2938839553982774,0.4591194968553459,679.0540540540541
8.17,197,39058,112.0,54.0,60.0,266.0,430.6,50868.50900564301,0.6358686547160328,0.45685279187817257,646.2668298653612
5.16,101,20340,112.0,54.0,60.0,301.0,499.0,37486.53406528772,0.43168860420919264,0.45544554455445546,523.2558139534883
6.72,156,36439,112.0,54.0,60.0,256.0,549.5,112034.46100427353,0.32332219639744336,0.4935897435897436,633.9285714285714
9.76,202,39466,112.0,54.0,60.0,220.0,424.3000000000002,58237.45250465641,0.501122056977673,0.4405940594059406,540.9836065573771
4.25,83,15220,112.0,54.0,60.0,228.5,431.9999999999999,35845.48700827405,0.402506450423885,0.4457831325301205,522.3529411764706
4.99,143,28230,112.0,54.0,60.0,256.0,428.7999999999999,68597.87872267593,0.7131933487073674,0.48951048951048953,793.5871743486974
5.97,160,29039,112.0,54.0,60.0,220.0,417.0999999999999,46375.48746093749,0.4905553844574479,0.4625,713.56783919598
3.7,119,22866,112.0,54.0,60.0,292.0,361.6,38639.57375891534,0.41699200594906116,0.44537815126050423,827.027027027027
3.99,84,19902,130.0,54.0,60.0,302.75,574.8,78056.32823129251,0.3253862546616942,0.42857142857142855,541.3533834586466
2.7,60,11547,112.0,54.0,60.0,220.0,333.40000000000015,65640.08083333331,0.7775554187192119,0.4666666666666667,599.9999999999999
7.82,210,46782,112.0,54.0,60.0,292.0,580.0,75615.71918367347,0.47330960854092524,0.4666666666666667,698.2097186700768
9.88,241,39820,112.0,54.0,54.0,184.0,325.0,45622.524681048875,0.49671114452170645,0.49377593360995853,686.2348178137651
5.63,116,24046,112.0,54.0,60.0,220.0,436.5,73747.91409036862,0.3271884313941936,0.43103448275862066,522.202486678508
1.91,45,8438,112.0,54.0,60.0,220.0,440.2000000000003,41559.0498765432,0.4016611295681063,0.4222222222222222,596.8586387434556
7.5,183,38723,112.0,54.0,60.0,256.0,436.4000000000002,74511.74797694766,0.4529116013807594,0.45901639344262296,656.0
7.7,176,30303,112.0,54.0,60.0,220.0,346.0,35468.565566890495,0.5481250638602227,0.4659090909090909,623.3766233766235
8.32,198,36298,112.0,54.0,60.0,220.0,408.1000000000003,46516.28946025916,0.557519845526711,0.4494949494949495,634.6153846153846
5.65,139,27576,112.0,54.0,60.0,267.5,421.80000000000007,47086.66922001968,0.4509865824782952,0.460431654676259,658.4070796460177
6.08,120,20370,112.0,54.0,60.0,184.0,331.6000000000003,38843.92083333333,0.478014801915542,0.49166666666666664,523.0263157894736
7.71,181,33484,112.0,54.0,60.0,220.0,508.0,46980.569030249375,0.5521253418625133,0.44751381215469616,622.568093385214
3.04,57,9614,112.0,54.0,60.0,256.0,328.0,35679.38011695906,0.5402114706824735,0.43859649122807015,493.42105263157896
1.07,29,5271,112.0,54.0,60.0,220.0,320.9999999999999,43918.803804994066,0.7849644429393837,0.4482758620689655,728.9719626168225
6.31,150,34699,112.0,54.0,60.0,263.5,595.2999999999998,102929.12662222223,0.36234786022771887,0.4666666666666667,627.5752773375594
1.84,42,8772,112.0,54.0,60.0,286.75,503.3999999999999,46146.02721088435,0.7056192883531013,0.47619047619047616,586.9565217391304
6.59,161,28516,112.0,54.0,60.0,220.0,436.0,36672.88669418618,0.46205906480721903,0.4658385093167702,646.433990895296
7.78,175,26327,112.0,54.0,60.0,184.0,299.2,24987.263542857138,0.6355221469839101,0.45714285714285713,616.9665809768637
6.33,143,46606,112.0,54.0,60.0,320.5,1297.6,203169.86708396496,0.17822833451309536,0.42657342657342656,549.7630331753554
4.24,107,18217,112.0,54.0,60.0,166.0,374.8000000000002,46428.89894313914,0.38458615185832634,0.4672897196261682,665.0943396226414
6.07,147,29010,112.0,54.0,60.0,220.0,400.0,71241.17895321395,0.42857142857142855,0.46258503401360546,652.3887973640857
3.04,60,13316,112.0,54.0,58.5,229.0,410.8000000000002,102967.89555555553,0.43956756756756754,0.45,532.8947368421053
2.98,71,17556,112.0,54.0,60.0,238.0,651.0,122101.66078159095,0.3277870216306156,0.43661971830985913,624.1610738255034
2.61,66,9144,112.0,54.0,60.0,148.0,300.5,15424.975206611573,0.801063620248178,0.48484848484848486,712.6436781609195
0.05,5,744,112.0,56.4,60.0,220.0,266.8,9111.36,0.5829787234042553,0.4,2400.0
9.83,217,38012,112.0,54.0,60.0,220.0,340.4000000000002,43402.62991356793,0.49842321034374015,0.4700460829493088,579.8575788402849
0.75,11,1864,83.0,54.0,60.0,184.0,354.0,34864.61157024793,1.2270011947431303,0.6363636363636364,400.0
0.51,22,3425,112.0,54.0,60.0,220.0,292.0,14568.126033057848,0.5732659623334865,0.45454545454545453,1176.4705882352941
0.35,12,3376,112.0,54.0,58.5,321.25,755.8000000000002,119981.05555555558,0.4640069384215091,0.4166666666666667,857.1428571428572
7.55,169,32566,112.0,54.0,60.0,256.0,457.20000000000016,47968.45922761807,0.539690794761477,0.4437869822485207,580.1324503311258
8.64,206,34511,112.0,54.0,60.0,184.0,357.5,39594.37536525592,0.43228885660925503,0.4368932038834951,624.9999999999999
6.13,161,24946,112.0,54.0,60.0,184.0,328.0,20486.47513599012,0.511787164414278,0.4782608695652174,724.3066884176183
6.03,151,26999,112.0,54.0,60.0,256.0,395.0,26036.03999824569,0.47737346101231193,0.4370860927152318,636.8159203980099
0.84,19,7168,148.0,54.0,54.0,308.0,1509.0,257100.72022160658,0.08869987849331713,0.42105263157894735,571.4285714285714
0.31,12,2736,86.0,54.0,54.0,148.0,504.40000000000015,128732.0,1.5522388059701493,0.5,1161.2903225806451
3.3,71,14267,112.0,54.0,60.0,256.0,508.0,50572.89823447729,0.6657326328079393,0.4647887323943662,600.0
6.92,156,33340,112.0,54.0,60.0,220.0,488.0,84127.39480604864,0.4143899541829289,0.44871794871794873,589.5953757225434
1.0,22,4181,112.0,54.0,60.0,247.0,297.40000000000003,39274.58884297521,0.22645937224992665,0.45454545454545453,600.0
6.58,180,67916,148.0,54.0,60.0,409.0,1508.0,246654.13654320984,0.22749371938766288,0.43333333333333335,674.7720364741641
6.13,160,32010,112.0,54.0,60.0,258.5,454.29999999999995,56095.03359375,0.45473550263588436,0.44375,694.9429037520391
9.61,222,47319,112.0,54.0,60.0,220.0,469.8000000000001,85846.50493060626,0.35487473156764493,0.45495495495495497,611.8626430801249
3.35,102,21590,97.5,54.0,60.0,220.0,434.2000000000001,81840.24183006537,0.3640384129390953,0.5,841.7910447761194
2.8,81,13793,112.0,54.0,60.0,220.0,328.0,36178.82060661484,0.5868614818223654,0.49382716049382713,792.8571428571429
0.28,19,3450,112.0,54.0,60.0,202.0,382.5999999999999,27663.506925207752,0.9691780821917808,0.3684210526315789,1499.9999999999998
0.49,11,1510,60.0,54.0,57.0,130.0,309.0,21483.289256198346,0.38786764705882354,0.6363636363636364,857.1428571428572
4.71,126,24622,112.0,54.0,60.0,184.0,382.0,71383.94079113126,0.44351292724394675,0.4523809523809524,700.6369426751593
6.26,142,29201,112.0,54.0,60.0,220.0,436.0,78258.23016266614,0.4156687836331022,0.4507042253521127,603.8338658146965
2.87,74,12250,112.0,54.0,60.0,211.0,421.7000000000001,23328.49159970782,0.7838939857288482,0.4594594594594595,668.9895470383276
8.77,179,32952,112.0,54.0,60.0,238.0,371.2000000000006,40327.31044599107,0.571762461244932,0.45251396648044695,526.7958950969213
6.95,159,30991,112.0,54.0,60.0,261.0,400.0,50837.92935406035,0.5725884203582483,0.4591194968553459,612.9496402877699
7.86,194,36500,112.0,54.0,60.0,256.0,417.2000000000006,44037.85545754065,0.5616977580010268,0.4484536082474227,664.1221374045801
7.63,163,31252,112.0,54.0,60.0,220.0,426.4000000000004,65749.44860551771,0.36782212885154064,0.49079754601226994,574.0498034076015
9.61,257,46674,112.0,54.0,60.0,203.0,409.0000000000002,44761.84859725355,0.6133425509851366,0.48249027237354086,711.7585848074923
5.43,117,21469,112.0,54.0,60.0,220.0,378.4000000000002,37486.9679304551,0.6184696569920844,0.42735042735042733,552.4861878453039
7.91,175,36792,112.0,54.0,60.0,256.0,556.1999999999998,65991.91954285714,0.45866867541529555,0.45714285714285713,584.070796460177
9.93,217,40107,112.0,54.0,60.0,220.0,430.40000000000003,45824.65136231391,0.5562841954134492,0.4608294930875576,586.1027190332326
0.21,6,1447,112.0,54.0,68.5,247.0,557.5,74090.80555555555,0.29775784753363227,0.3333333333333333,571.4285714285714
3.49,63,13044,112.0,54.0,60.0,220.0,496.00000000000017,61865.8866213152,0.5700529610014444,0.47619047619047616,515.7593123209168
4.51,109,21365,112.0,54.0,60.0,256.0,407.2000000000001,55354.247622254006,0.5150333286058715,0.48623853211009177,665.1884700665189
3.3,60,10888,112.0,54.0,60.0,184.0,376.7000000000003,36147.182222222225,0.557653791130186,0.4166666666666667,454.54545454545456
1.3,31,4846,83.0,54.0,60.0,166.0,309.0,28341.960457856403,0.66930761281433,0.5483870967741935,692.3076923076923
9.22,203,58977,112.0,54.0,60.0,294.5,755.8000000000006,154806.00296051832,0.32182078981576945,0.43842364532019706,546.6377440347071
0.7,18,2687,112.0,54.0,60.0,211.0,315.30000000000007,11896.867283950618,0.6022659511031604,0.3888888888888889,600.0000000000001
8.28,174,29318,112.0,54.0,60.0,184.0,328.70000000000005,46148.67525432686,0.49872201206420613,0.45977011494252873,565.2173913043479
7.09,178,31790,94.5,54.0,60.0,220.0,397.90000000000026,46299.65660901401,0.6024800887186208,0.5,685.4724964739069
6.34,180,35293,87.0,54.0,60.0,220.0,422.79999999999984,64501.47811728395,0.6511345029239766,0.5111111111111111,738.1703470031546
6.82,135,22978,112.0,54.0,60.0,220.0,377.8000000000002,29963.986611796983,0.6308019872249823,0.45185185185185184,536.6568914956011
2.76,60,8883,112.0,54.0,60.0,184.0,360.4,16904.514166666668,0.5030456852791878,0.4666666666666667,565.2173913043479
5.33,104,22400,112.0,54.0,60.0,256.0,441.20000000000005,86181.73668639053,0.3972055888223553,0.4423076923076923,517.8236397748593
2.98,69,15969,112.0,54.0,60.0,220.0,574.6000000000001,105804.56458727157,0.4094439541041483,0.4782608695652174,604.026845637584
9.24,225,40018,112.0,54.0,60.0,184.0,359.19999999999993,46929.33088395062,0.7902742361204312,0.4666666666666667,668.8311688311688
6.97,139,26496,112.0,54.0,60.0,256.0,436.4,52773.64598105688,0.5770489851794536,0.460431654676259,533.7159253945481
7.88,171,30511,112.0,54.0,60.0,220.0,391.0,41227.98734653398,0.5161498708010336,0.49122807017543857,593.9086294416244
4.97,125,21609,112.0,54.0,60.0,184.0,299.8,57007.66361599999,0.5486992044721565,0.48,688.1287726358149
0.06,2,244,122.0,72.4,91.0,153.0,171.6,3844.0,3.066666666666667,0.5,1000.0
3.01,78,10690,112.0,54.0,60.0,148.0,278.3999999999999,14854.869165023012,0.4272363150867824,0.44871794871794873,697.6744186046512
4.56,107,15224,112.0,54.0,60.0,184.0,311.20000000000016,12382.556904533147,0.6818382677861247,0.45794392523364486,644.7368421052631
5.37,119,19559,112.0,54.0,60.0,202.0,300.6,33912.78539651156,0.5563778149120713,0.4369747899159664,581.0055865921788
0.86,67,28215,60.0,54.0,54.0,238.0,1514.0,356993.0902205391,0.1216903872147571,0.5223880597014925,2372.093023255814
8.71,181,31809,112.0,54.0,60.0,220.0,391.0,42423.14251701718,0.6519007062733694,0.46408839779005523,557.979334098737
7.52,162,30720,112.0,54.0,60.0,256.0,466.40000000000003,42430.08504801097,0.6114141838019304,0.4444444444444444,574.468085106383
0.75,38,6796,148.0,54.0,55.5,256.0,356.2000000000004,21728.606648199446,0.5008833922261484,0.42105263157894735,1280.0
2.94,94,17761,112.0,54.0,60.0,283.0,439.6000000000003,38319.41206428248,0.4945304611242006,0.46808510638297873,857.1428571428571
3.48,58,14247,112.0,54.0,60.0,328.0,637.6000000000004,80116.57580261595,1.0182745431364215,0.46551724137931033,465.51724137931035
4.3,135,36436,112.0,54.0,60.0,328.0,665.8000000000008,121427.1299862826,0.48675888521646876,0.4740740740740741,823.2558139534883
2.17,60,14593,112.0,54.0,60.0,305.5,659.2,73101.73638888891,0.5662766985081035,0.48333333333333334,774.1935483870968
2.42,35,7083,112.0,54.0,60.0,256.0,379.60000000000014,54946.51918367346,0.9940878378378378,0.4857142857142857,396.6942148760331
3.95,89,22285,112.0,54.0,54.0,292.0,659.4,109413.49703320289,0.31003468344012697,0.449438202247191,607.5949367088607
5.0,114,27070,112.0,54.0,60.0,256.0,457.7000000000001,110322.37088334875,0.567276516905975,0.4473684210526316,576.0
6.75,156,33870,112.0,54.0,60.0,258.5,512.5,81522.23027613411,0.4704350091169575,0.46794871794871795,622.2222222222222
1.06,21,3390,83.0,54.0,54.0,148.0,328.0,29559.10204081632,0.4154488517745303,0.5714285714285714,566.0377358490566
7.0,157,26727,112.0,54.0,60.0,220.0,360.40000000000003,38048.79159397948,0.6823188770693019,0.49044585987261147,625.7142857142857
1.96,47,12152,112.0,54.0,60.0,292.0,655.5999999999996,128665.65142598463,0.4117100371747212,0.44680851063829785,642.8571428571429
8.2,156,33688,112.0,54.0,60.0,293.0,490.0,58191.84352399737,0.5918348060293909,0.4551282051282051,519.5121951219512
9.17,212,47383,112.0,54.0,60.0,267.75,540.4000000000002,75565.78771359914,0.6860477529089422,0.4669811320754717,615.0490730643403
8.48,142,43451,112.0,54.0,60.0,418.5,857.2000000000006,134114.92248561795,0.7162098112015167,0.4507042253521127,438.6792452830189
9.33,214,50702,112.0,54.0,60.0,297.0,634.2000000000005,83089.71403616035,0.7190032208848958,0.4953271028037383,636.6559485530547
6.55,118,42897,148.0,54.0,60.0,400.0,1387.5999999999995,213077.79122378633,0.3556124383769435,0.423728813559322,439.69465648854964
6.44,135,32034,112.0,54.0,60.0,292.0,554.8000000000006,99093.61283950618,0.5123217826456425,0.48148148148148145,568.3229813664597
1.1,26,5416,112.0,54.0,60.0,321.0,478.0,31479.98224852071,0.798140770252324,0.4230769230769231,600.0
8.8,183,46448,112.0,54.0,60.0,296.0,579.6,110718.44635551973,0.43761800117614286,0.43169398907103823,531.8181818181819
2.42,66,11722,112.0,54.0,60.0,232.75,363.5,30696.90541781451,0.377600188036197,0.4696969696969697,719.00826446281
8.8,246,115512,148.0,54.0,60.0,725.5,1509.0,341486.72595677176,0.09726140605853353,0.3943089430894309,647.7272727272727
1.05,15,3340,148.0,54.0,60.0,310.0,448.59999999999997,35995.42222222223,0.3881961762261014,0.3333333333333333,285.71428571428567
2.07,42,9696,130.0,54.0,60.0,292.0,476.49999999999994,59256.31292517007,0.5508637236084453,0.42857142857142855,521.7391304347826
3.58,80,17026,112.0,54.0,60.0,256.0,467.5000000000004,63700.144374999996,0.4322005383580081,0.4625,620.1117318435754
0.57,20,3391,60.0,54.0,58.5,175.0,301.00000000000006,63980.447499999995,1.119375,0.65,1368.421052631579
5.65,174,36197,86.0,54.0,60.0,220.0,469.3000000000002,78828.67158805653,0.4308245711123409,0.5344827586206896,828.3185840707964
9.29,216,39624,112.0,54.0,60.0,292.0,424.0,34317.83024691358,0.5795893960534184,0.4861111111111111,639.3972012917116
8.45,192,41315,112.0,54.0,60.0,258.5,501.5,80472.66989474827,0.3240714033906996,0.4583333333333333,596.4497041420119
7.32,160,35044,112.0,54.0,60.0,276.25,472.99999999999994,76363.78687499999,0.3275751032314278,0.45625,557.3770491803278
2.32,52,14650,112.0,54.0,60.0,316.75,953.4999999999997,116951.38905325442,0.23451588438527007,0.46153846153846156,568.9655172413794
8.72,184,35463,112.0,54.0,60.0,275.5,450.7000000000004,43384.44538634215,0.4918598292036515,0.46195652173913043,550.4587155963302
1.62,32,8888,112.0,54.0,58.5,316.0,702.4000000000001,104334.4375,0.2148715144887917,0.4375,518.5185185185185
6.43,136,26165,112.0,54.0,60.0,256.0,415.0,40800.458423442906,0.45336888296395045,0.4485294117647059,559.8755832037325
2.05,46,10120,112.0,54.0,60.0,292.0,546.0,52256.565217391304,0.24431329152834133,0.45652173913043476,556.0975609756098
0.2,5,635,148.0,56.4,60.0,148.0,194.20000000000002,4060.8,0.4665127020785219,0.4,600.0
7.93,175,28958,112.0,54.0,60.0,220.0,380.1999999999998,28670.946481632647,0.6064573393986464,0.49142857142857144,627.9949558638084
4.3,82,15731,112.0,54.0,60.0,220.0,472.3000000000004,52485.10901249257,0.6197487644151565,0.4878048780487805,530.2325581395348
6.46,173,60284,112.0,54.0,60.0,472.0,1254.4000000000003,193941.49714323904,0.27512321001755613,0.3988439306358382,640.8668730650155
9.37,248,45464,112.0,54.0,60.0,220.0,400.0,40911.008844953176,0.5370883764960444,0.4637096774193548,697.9722518676629
7.84,201,43700,112.0,54.0,60.0,256.0,449.0,88928.69018093612,0.3626017274172929,0.46766169154228854,673.4693877551022
4.73,92,20919,112.0,54.0,60.0,298.0,508.0,81105.67048676749,0.44958769316055713,0.44565217391304346,520.0845665961945
5.34,146,26066,112.0,54.0,60.0,220.0,442.5,38672.509101144686,0.502709558399631,0.4315068493150685,696.6292134831461
5.66,131,28264,112.0,54.0,60.0,256.0,508.0,88408.4441466115,0.4388840808430484,0.4732824427480916,636.0424028268551
0.61,20,3786,112.0,60.0,60.0,256.0,367.6,37158.51,0.7892249527410208,0.4,786.8852459016395
4.39,98,19727,112.0,54.0,60.0,247.0,428.5999999999998,56655.65733027903,0.533385153517295,0.4489795918367347,601.366742596811
1.37,22,3401,86.0,54.0,55.5,211.0,350.5000000000001,18817.787190082643,0.5230631437527989,0.5,481.75182481751824
2.87,65,12634,112.0,54.0,60.0,256.0,483.2000000000001,52485.43289940828,0.3365069290172432,0.4461538461538462,585.3658536585366
0.74,13,2407,112.0,60.0,60.0,256.0,428.80000000000007,23817.51479289941,1.4045954045954046,0.46153846153846156,486.4864864864865
4.93,112,23535,112.0,54.0,60.0,267.5,533.2000000000002,56761.27670599489,0.6445391656767522,0.45535714285714285,620.6896551724138
3.8,84,15333,112.0,54.0,60.0,220.0,469.6,46291.17729591837,0.4985340109460516,0.47619047619047616,600.0000000000001
6.52,200,43477,112.0,54.0,60.0,293.25,508.0,70796.386775,0.45029688438188004,0.465,800.6134969325154
8.74,196,36834,112.0,54.0,60.0,228.0,407.5,44671.892857142855,0.5173635427394438,0.45918367346938777,604.1189931350115
0.39,7,1412,220.0,54.0,54.0,279.0,364.00000000000006,21590.20408163265,0.1296,0.42857142857142855,461.5384615384615
5.24,126,23910,112.0,54.0,60.0,266.0,458.5,33347.94331065759,0.6106433142472213,0.4523809523809524,629.7709923664122
8.28,197,39386,112.0,54.0,60.0,256.0,502.6,54366.03555876215,0.4306574645840901,0.4873096446700508,630.4347826086957
1.45,38,8263,112.0,58.2,60.0,283.0,596.0000000000003,57865.19459833793,0.8783814503296203,0.4473684210526316,703.448275862069
7.13,179,36735,112.0,54.0,60.0,266.0,403.6000000000003,63541.32436565651,0.4356899988275296,0.45251396648044695,664.796633941094
5.43,109,22426,112.0,54.0,60.0,268.0,457.0000000000003,57787.438599444475,0.45246113989637304,0.45871559633027525,552.4861878453039
3.72,68,9663,112.0,54.0,58.5,184.0,297.3,14622.827638408302,0.48091954022988503,0.47058823529411764,516.1290322580645
3.07,70,10578,112.0,54.0,60.0,184.0,303.5000000000001,18686.729795918367,0.6107811786203746,0.4857142857142857,605.8631921824104
8.1,220,84941,148.0,54.0,60.0,472.0,1508.0,239058.3499793388,0.20219375840351,0.4090909090909091,637.0370370370372
7.38,162,45013,123.5,54.0,60.0,328.0,722.6000000000001,114993.39342325866,0.4184917908801563,0.43209876543209874,569.1056910569106
4.95,100,20874,112.0,54.0,60.0,301.0,442.9000000000006,44386.0524,0.6409087335901266,0.48,557.5757575757575
1.24,23,3224,112.0,55.2,60.0,148.0,248.8,19926.839319470695,1.257703081232493,0.4782608695652174,435.48387096774195
3.31,78,15176,83.0,54.0,54.0,263.5,400.0,57408.19460881,0.37041719342604296,0.5256410256410257,688.8217522658609
0.17,8,3971,166.0,54.0,54.0,975.25,1154.5,288328.984375,0.08467631794591642,0.375,1058.8235294117646
3.59,91,20963,112.0,54.0,60.0,292.0,482.0,73313.37398864872,0.3482763056341652,0.43956043956043955,635.0974930362117
8.22,192,53924,112.0,54.0,60.0,292.0,702.4000000000005,151054.28081597222,0.31888666047057673,0.4375,583.941605839416
3.1,68,11846,112.0,54.0,60.0,259.25,364.0,30561.13408304498,0.4945748170577845,0.45588235294117646,600.0
9.81,226,45820,112.0,54.0,60.0,220.0,445.0,62329.87219046128,0.4722231147382964,0.45132743362831856,599.388379204893
5.37,132,27529,112.0,54.0,60.0,229.0,409.00000000000006,91752.77749081726,0.3547069533979627,0.4621212121212121,670.391061452514
7.47,162,27114,112.0,54.0,60.0,220.0,396.4000000000002,27699.85048010974,0.5635776483478462,0.47530864197530864,610.4417670682731
8.71,215,39078,112.0,54.0,60.0,220.0,364.0,50954.09964305029,0.5775705462032215,0.4697674418604651,675.0861079219287
4.81,128,27669,112.0,54.0,60.0,292.0,508.0,62942.777770996094,0.5021172638436482,0.4765625,686.0706860706861
4.74,91,18224,112.0,54.0,60.0,238.0,364.0,57577.42494867769,0.45095541401273886,0.43956043956043955,506.3291139240506
8.68,194,48131,112.0,54.0,60.0,292.0,539.1,105635.23267616113,0.41063892145369285,0.4329896907216495,566.8202764976959
1.69,48,9143,112.0,54.0,58.5,229.0,477.20000000000016,52496.33289930556,0.5987060674943172,0.4583333333333333,781.0650887573964
9.85,254,47416,112.0,54.0,60.0,184.0,400.0,59991.313100626205,0.397300642423528,0.468503937007874,670.0507614213199
6.87,149,26809,112.0,54.0,60.0,220.0,407.2000000000006,33984.068375298404,0.565946261682243,0.44966442953020136,576.4192139737991
1.3,41,6845,112.0,54.0,60.0,184.0,439.0,29724.485425342056,0.3778180354267311,0.4634146341463415,830.7692307692307
6.87,187,53852,112.0,54.0,60.0,297.5,824.0000000000007,170442.51291143586,0.2569908034172074,0.43315508021390375,707.4235807860262
2.75,77,10967,83.0,54.0,60.0,157.0,281.80000000000007,23039.881261595543,0.7093204488778054,0.5194805194805194,829.0909090909091
7.5,168,26709,112.0,54.0,60.0,184.0,364.0,26172.31515731292,0.5629352214875066,0.47619047619047616,608.0
6.69,191,72532,112.0,54.0,60.0,445.5,1509.0,247412.5127600669,0.1483486906684399,0.42408376963350786,726.457399103139
6.65,166,34544,112.0,54.0,60.0,283.0,436.0,72941.58107127303,0.43993330554397664,0.4759036144578313,685.7142857142857
8.19,182,35215,112.0,54.0,60.0,265.0,472.0,47261.052077043845,0.7161306042884991,0.4835164835164835,600.7326007326008
5.59,156,30182,112.0,54.0,60.0,256.0,436.0,52251.749342537805,0.5048112878296854,0.47435897435897434,772.8085867620752
6.81,182,80577,148.0,54.0,60.0,557.25,1508.0,293001.7791631445,0.1561042799546609,0.3901098901098901,616.740088105727
9.62,253,71534,112.0,54.0,60.0,298.0,753.0000000000005,142624.9418987955,0.3018016378525933,0.4268774703557312,654.885654885655
2.67,74,30778,166.0,54.0,60.0,364.0,1509.0,287954.61504747986,0.12513251690732954,0.3918918918918919,629.2134831460675
4.57,95,15413,112.0,54.0,60.0,220.0,325.20000000000005,21493.8887534626,0.756667426487349,0.45263157894736844,551.4223194748358
0.4,8,2536,299.5,58.2,207.0,391.0,531.6999999999999,43893.75,0.13926325247079965,0.25,300.0
2.01,54,12645,112.0,54.0,60.0,263.5,574.5000000000002,84035.10185185185,0.33343878519455866,0.4444444444444444,716.4179104477613
1.01,37,10999,112.0,54.0,60.0,256.0,1014.1999999999989,195489.38641344052,0.18129094619267533,0.43243243243243246,891.0891089108911
3.16,65,19782,112.0,54.0,60.0,256.0,1288.2,202051.39313609464,0.237225592594909,0.47692307692307695,550.632911392405
2.19,51,10032,112.0,54.0,60.0,279.5,364.0,39989.73702422145,0.6133805082019942,0.43137254901960786,602.7397260273973
9.83,189,44734,112.0,54.0,60.0,297.0,508.80000000000007,69481.41048682848,0.8185292085044108,0.4444444444444444,482.1973550356053
2.06,46,12362,132.5,54.0,60.0,292.0,740.0,118459.45368620039,1.0724224643755238,0.43478260869565216,582.5242718446602
9.59,243,55132,112.0,54.0,60.0,297.0,472.0,89291.0351403072,0.39001084133827496,0.4567901234567901,675.70385818561
6.77,148,22949,112.0,54.0,60.0,184.0,298.90000000000003,25665.867923666905,0.49582844479207405,0.4797297297297297,584.93353028065
3.48,80,16426,99.5,54.0,60.0,265.0,496.3000000000001,72493.94437499999,0.5717156252990144,0.5,620.6896551724137
2.49,56,16751,112.0,54.0,58.5,298.0,798.0,152119.0736607143,0.20510791366906475,0.42857142857142855,554.2168674698795
3.8,75,17320,112.0,54.0,60.0,266.0,439.00000000000006,87588.03555555554,0.34639303482587064,0.41333333333333333,473.68421052631584
8.13,164,32322,112.0,54.0,60.0,225.0,421.9000000000003,63813.443932183225,0.5088227056297264,0.4268292682926829,516.6051660516605
6.06,149,30076,112.0,54.0,60.0,292.0,478.2000000000005,44927.293635421825,0.5424380737473716,0.46308724832214765,653.4653465346535
9.99,224,42605,112.0,54.0,60.0,256.0,436.0,44218.82124920281,0.5790741633001001,0.4642857142857143,600.6006006006006
1.08,20,4074,112.0,54.0,58.5,220.0,574.3000000000001,50523.009999999995,0.41066481994459836,0.45,499.99999999999994
6.38,135,28545,112.0,54.0,60.0,256.0,461.2000000000002,69379.5950617284,0.5272056069766198,0.43703703703703706,554.858934169279
7.35,179,31221,112.0,54.0,60.0,220.0,428.00000000000017,35123.673605692704,0.5698411102172164,0.49162011173184356,669.3877551020408
7.23,154,28302,112.0,54.0,60.0,256.0,458.5000000000008,37184.26294484736,0.43577516233766234,0.4675324675324675,564.3153526970954
4.8,110,21454,112.0,54.0,60.0,220.0,404.5000000000006,55234.81685950415,0.6344659454517751,0.41818181818181815,575.0
7.98,191,33111,112.0,54.0,60.0,220.0,364.0,33670.1245579891,0.5307198002866257,0.44502617801047123,631.578947368421
1.67,42,6304,97.5,54.0,60.0,184.0,297.0,31086.514739229024,0.37431872683671247,0.5,682.6347305389222
0.84,28,5423,112.0,54.0,60.0,184.0,369.70000000000016,83374.43239795919,0.30016782546152004,0.4642857142857143,928.5714285714286
2.39,58,11724,130.0,54.0,60.0,269.75,459.1000000000002,45039.67063020215,0.327445652173913,0.43103448275862066,627.6150627615062
0.85,19,3722,112.0,54.0,60.0,184.0,372.3999999999996,68006.93628808865,0.34562545191612437,0.42105263157894735,564.7058823529412
2.92,68,14215,112.0,54.0,60.0,256.0,433.0000000000001,62617.74805363322,0.46410546915233286,0.45588235294117646,636.9863013698631
0.53,13,3119,148.0,60.0,60.0,268.0,355.40000000000003,74688.37869822487,1.743183817062445,0.3076923076923077,452.8301886792453
7.92,242,98391,112.0,54.0,60.0,466.0,1509.0,284653.5337237893,0.16559060808169357,0.4297520661157025,780.3030303030303
7.94,231,55793,112.0,54.0,60.0,292.0,595.0,93359.50461947867,0.3398895292987512,0.44155844155844154,732.9974811083124
5.04,133,44151,148.0,54.0,60.0,436.0,856.3999999999999,169460.306857369,0.2662326488470804,0.42105263157894735,619.047619047619
4.91,180,46242,87.0,54.0,60.0,289.75,716.0999999999998,129031.62333333331,0.3997033628961467,0.5055555555555555,953.1568228105905
5.95,133,21505,112.0,54.0,60.0,220.0,400.0,18465.040307535754,0.5605950653120464,0.44360902255639095,584.8739495798319
9.09,204,39059,112.0,54.0,60.0,220.0,423.4000000000002,55943.42529315648,0.49743137555589634,0.47058823529411764,594.059405940594
5.83,142,24367,112.0,54.0,60.0,198.25,360.4000000000002,43612.11351914303,0.5384178294084222,0.4788732394366197,668.9536878216123
5.08,120,20874,112.0,54.0,60.0,220.0,400.0,40573.71416666666,0.5750396136723761,0.4666666666666667,637.7952755905512
7.43,141,28691,112.0,54.0,60.0,256.0,508.0,45690.78869272169,0.6202281454709736,0.44680851063829785,508.7483176312248
5.28,188,87878,148.0,54.0,58.5,733.0,1508.0,338599.3310321412,0.12182293993744814,0.425531914893617,886.3636363636363
4.42,112,32430,112.0,54.0,60.0,256.0,807.4000000000001,180429.51498724482,0.256489732661759,0.4375,638.0090497737556
3.45,66,12089,112.0,54.0,60.0,220.0,450.5,35859.320707070714,0.8555640828856486,0.48484848484848486,521.7391304347826
4.56,107,21127,112.0,54.0,60.0,256.0,383.6000000000008,69066.41558214692,0.4386789240721825,0.4485981308411215,605.2631578947369
7.62,207,67982,148.0,54.0,60.0,364.0,1026.4,178507.7500991855,0.3320140290377569,0.42995169082125606,669.2913385826772
7.43,178,35159,112.0,54.0,60.0,247.0,465.6,57207.46297815933,0.4780762601420944,0.47191011235955055,637.9542395693137
1.54,40,5790,71.5,54.0,60.0,148.0,295.00000000000006,25092.0875,0.7782555282555282,0.525,779.2207792207791
6.39,161,45095,112.0,54.0,60.0,328.0,796.0,138466.4074688476,0.40260023016391405,0.4409937888198758,666.6666666666666
2.24,61,14020,112.0,54.0,60.0,297.0,544.0,64580.03869927437,0.34937439846005774,0.4426229508196721,723.2142857142857
5.13,124,27569,112.0,54.0,60.0,302.0,545.4,58417.01164151925,0.5101336546888694,0.43548387096774194,631.5789473684212
2.02,37,6424,112.0,54.0,60.0,256.0,295.59999999999997,21998.50547845142,0.43971313312415955,0.4594594594594595,504.950495049505
5.31,190,114770,166.0,54.0,54.0,1508.0,1508.0,426225.986703601,0.061613741686631085,0.39473684210526316,824.858757062147
9.61,219,58455,112.0,54.0,60.0,297.0,653.8000000000002,124320.32201163447,0.486194447269399,0.4337899543378995,586.8886576482831
1.28,20,4521,86.0,54.0,60.0,337.0,453.5000000000002,68666.8475,0.5913410770855333,0.5,468.75
4.74,98,19177,112.0,54.0,60.0,220.0,413.79999999999984,59290.2978967097,0.41548568054325363,0.4489795918367347,531.6455696202531
1.37,43,7885,112.0,54.0,60.0,261.0,324.2000000000001,38710.931314223904,0.4433461468057844,0.4418604651162791,832.1167883211679
1.65,38,8071,112.0,54.0,60.0,220.0,526.0000000000008,85841.50207756231,0.591913214990138,0.47368421052631576,654.5454545454545
3.2,78,16625,87.0,54.0,60.0,247.0,529.5999999999998,72350.65959894807,0.44779238874858485,0.5128205128205128,656.25
6.31,141,33055,112.0,54.0,60.0,328.0,544.0,55281.76319098637,0.9132372518377033,0.45390070921985815,580.0316957210777
9.1,175,32903,112.0,54.0,60.0,256.0,400.0,43180.65684897959,0.5882892450279977,0.46285714285714286,520.8791208791208
7.96,183,36587,91.0,54.0,60.0,256.0,468.6000000000002,59156.75451640838,0.5340461215932915,0.5027322404371585,625.6281407035176
4.58,118,21880,112.0,54.0,60.0,256.0,400.9,45545.091640333216,0.7176950855707332,0.4661016949152542,707.4235807860262
3.79,84,20286,112.0,54.0,60.0,266.25,508.0,96475.89285714286,0.41820469798657717,0.4523809523809524,585.7519788918206
2.31,50,7201,86.0,54.0,60.0,184.0,292.0,23644.4596,0.6466956322890465,0.5,649.3506493506494
6.39,124,22891,112.0,54.0,60.0,258.5,472.0,34982.40029916753,0.5035139573070607,0.45161290322580644,525.8215962441315
9.47,226,43764,112.0,54.0,60.0,184.0,429.5,69706.3348735218,0.38143939393939397,0.4646017699115044,633.5797254487856
2.42,54,11701,97.5,54.0,60.0,296.5,521.7000000000002,57026.66015089163,0.4848984771573604,0.5,619.8347107438017
5.76,105,21989,112.0,54.0,60.0,266.0,491.2000000000003,60629.1958276644,0.5967613099992738,0.4380952380952381,479.16666666666663
5.88,152,30394,112.0,54.0,60.0,256.0,446.80000000000007,53741.577389196675,0.5828559525049474,0.47368421052631576,704.0816326530612
4.8,117,27093,112.0,54.0,60.0,256.0,646.800000000001,88207.40828402368,0.3860438942037141,0.46153846153846156,625.0
1.66,30,7294,148.0,54.0,60.0,247.0,755.5,97059.04888888891,0.3001782531194296,0.4,433.73493975903614
8.09,157,33527,112.0,54.0,60.0,256.0,486.4000000000002,69283.91650776909,0.37552309838352343,0.4585987261146497,496.90976514215083
8.49,249,69871,112.0,54.0,60.0,220.0,815.0000000000016,175239.90132417216,0.22062471611753606,0.42570281124497994,749.1166077738515
7.56,163,35170,112.0,54.0,60.0,292.0,543.0,56226.97632579323,0.6531139835487662,0.4539877300613497,555.5555555555555
5.46,116,24984,112.0,54.0,60.0,265.0,523.5,65883.37336504163,0.5587721487397055,0.4482758620689655,571.4285714285714
7.57,193,53331,112.0,54.0,60.0,364.0,682.6000000000004,138456.02298048267,0.6399446494464944,0.48704663212435234,649.9339498018494
7.14,198,39425,112.0,54.0,60.0,292.0,436.0,51347.86024385266,0.9638854296388543,0.4696969696969697,764.7058823529412
0.21,4,344,86.0,60.0,60.0,112.0,112.0,676.0,1.8666666666666667,0.5,571.4285714285714
7.57,154,30660,112.0,54.0,60.0,292.0,442.3000000000002,47544.55017709564,0.8300107437029963,0.487012987012987,562.7476882430647
9.4,198,39450,112.0,54.0,60.0,256.0,432.3,51532.65840220385,0.3774441340782123,0.41919191919191917,529.7872340425531
8.43,216,46150,112.0,54.0,60.0,292.0,473.0,62977.10485253773,0.4341205717837166,0.46296296296296297,669.0391459074734
9.95,218,43475,109.0,54.0,60.0,269.0,501.20000000000005,46738.43727379851,0.5802195405641175,0.4954128440366973,627.1356783919598
8.56,163,33255,112.0,54.0,60.0,256.0,439.20000000000005,65860.07941586059,0.3663817897937382,0.4662576687116564,532.7102803738318
9.59,257,61349,112.0,54.0,60.0,256.0,528.4000000000001,123239.03771442414,0.3212655065472088,0.48249027237354086,725.7559958289886
1.06,35,6594,112.0,54.0,57.0,267.0,368.8,36161.44,0.31774580335731417,0.4857142857142857,962.2641509433962
4.16,95,15255,112.0,54.0,60.0,220.0,349.6000000000003,24002.454293628805,0.6041009463722398,0.47368421052631576,620.1923076923077
8.41,204,73010,148.0,54.0,60.0,400.0,1336.0,212714.8020953479,0.24643619291506616,0.43137254901960786,620.6896551724138
2.14,41,11261,112.0,54.0,60.0,364.0,868.0,105876.95657346815,0.9015535292131037,0.4878048780487805,504.6728971962617
4.38,100,25427,98.5,54.0,60.0,297.0,579.5000000000003,106357.43710000001,0.6024073607259894,0.5,616.4383561643835
5.03,119,21612,112.0,54.0,60.0,256.0,364.0,40885.195113339454,0.8256462240243284,0.4789915966386555,632.2067594433399
2.05,51,12391,112.0,54.0,54.0,346.0,544.0,70795.80238369857,0.35821549928751506,0.47058823529411764,702.439024390244
1.53,18,2959,112.0,58.2,60.0,211.0,345.7000000000002,23996.79320987654,0.5073866530820174,0.4444444444444444,313.7254901960784
4.74,87,21204,112.0,54.0,60.0,313.0,540.8,66910.38367023386,0.7275541795665634,0.41379310344827586,455.69620253164555
6.5,122,26697,112.0,54.0,60.0,292.0,505.3000000000002,53433.33922332707,0.5710586712175602,0.4344262295081967,489.2307692307692
6.7,186,44101,112.0,54.0,60.0,326.5,544.0,78459.74762978377,0.4910068294002299,0.44086021505376344,716.4179104477612
0.09,2,120,60.0,60.0,60.0,60.0,60.0,0.0,0.0,1.0,1333.3333333333333
6.56,115,23205,112.0,54.0,60.0,292.0,457.6000000000003,49245.42230623818,0.5879696160952577,0.48695652173913045,493.9024390243903
5.7,142,50644,112.0,54.0,60.0,328.0,1513.5,240025.8055941282,0.16481898891393348,0.4154929577464789,600.0
2.19,35,5989,112.0,54.0,60.0,274.0,385.6,17325.529795918363,1.088943146145797,0.4857142857142857,438.3561643835617
0.58,5,1170,220.0,56.4,60.0,400.0,421.6,26246.4,3.1785714285714284,0.4,206.89655172413796
2.15,46,10313,112.0,54.0,60.0,364.0,508.0,43072.63563327033,0.5097350314741619,0.45652173913043476,586.046511627907
5.91,157,57498,112.0,54.0,60.0,472.0,1336.0,208966.17672116516,0.4930667359127499,0.4713375796178344,690.3553299492386
7.85,154,37109,112.0,54.0,60.0,297.25,616.0,78481.61582897621,0.8198715119415428,0.4805194805194805,557.9617834394904
3.33,75,15094,112.0,54.0,60.0,292.0,421.6000000000003,49793.68248888888,0.5974177161604403,0.4666666666666667,612.6126126126126
0.15,4,842,140.0,55.8,58.5,292.0,421.6,33934.75,2.007142857142857,0.5,800.0
4.38,107,24175,112.0,54.0,60.0,328.0,580.0,45953.294785570804,0.5160541828671767,0.45794392523364486,643.8356164383562
2.53,53,14330,148.0,54.0,54.0,369.0,608.8000000000002,80916.23495906015,0.7403449113432111,0.4716981132075472,592.8853754940711
7.38,165,29681,83.0,54.0,60.0,256.0,463.5999999999999,29543.932194674017,0.6218239440467734,0.503030303030303,609.7560975609756
3.06,49,8398,83.0,54.0,60.0,256.0,335.2000000000001,34641.38025822574,0.8220872206552398,0.5102040816326531,470.5882352941176
0.53,16,3140,125.5,54.0,60.0,282.25,436.0,32975.3125,0.5191098209966134,0.4375,792.4528301886792
2.02,35,6728,91.0,54.0,60.0,202.0,515.2,47355.43346938776,0.6686507936507936,0.5142857142857142,504.950495049505
4.4,102,24440,130.0,54.0,60.0,326.0,523.5000000000001,68392.08150711264,0.6784561499896985,0.47058823529411764,654.5454545454545
3.42,69,14392,112.0,54.0,60.0,266.0,517.6000000000001,66476.3016173073,0.7985503624093977,0.4927536231884058,578.9473684210526
9.49,175,38994,112.0,54.0,60.0,292.0,506.79999999999995,74174.74004897958,0.5165091587912729,0.49142857142857144,493.1506849315068
7.67,169,37705,112.0,54.0,60.0,292.0,487.20000000000044,62096.58037183571,0.4449128185476145,0.4437869822485207,571.0560625814863
2.73,50,16609,148.0,54.0,60.0,472.0,728.2,157169.02759999997,0.5281074615880026,0.46,505.4945054945055
8.61,181,56431,112.0,54.0,60.0,400.0,888.0,147921.14758401757,0.29807006647804385,0.4530386740331492,529.616724738676
8.18,231,39655,78.0,54.0,60.0,220.0,400.0,43477.789321789314,0.5573577347523858,0.5584415584415584,843.5207823960881
3.75,73,13005,112.0,54.0,60.0,220.0,424.7999999999999,32373.25126665416,0.3650677023197229,0.4383561643835616,512.0
5.03,99,20965,112.0,54.0,60.0,276.5,510.40000000000003,59158.824813794505,0.35406574953174447,0.43434343434343436,512.9224652087474
9.41,209,47245,112.0,54.0,60.0,291.0,503.60000000000014,83696.94938302695,0.3064819423704441,0.4354066985645933,567.4814027630181
0.99,30,7205,112.0,54.0,60.0,323.5,615.3000000000003,63566.60555555555,0.2510852578572669,0.4,727.2727272727273
2.2,68,21059,130.0,54.0,60.0,408.25,734.8000000000002,140275.125216263,0.2482366190504416,0.4264705882352941,790.9090909090909
6.38,147,32300,112.0,54.0,60.0,314.5,532.0000000000001,56540.81031051876,0.6348635926507061,0.46258503401360546,630.0940438871473
1.86,38,8724,112.0,54.0,60.0,292.0,599.9000000000001,78735.55955678671,0.5775768535262206,0.47368421052631576,580.6451612903226
9.29,253,60114,112.0,54.0,60.0,292.0,536.8000000000004,85305.44851505257,0.4312857142857143,0.45849802371541504,710.4413347685684
4.55,118,24936,112.0,54.0,60.0,295.75,473.2,59681.4386670497,0.5208587460356184,0.4661016949152542,698.9010989010989
4.54,99,21027,112.0,54.0,60.0,256.0,543.2,62256.03673094582,0.5853879212847772,0.47474747474747475,607.9295154185021
5.03,121,22806,112.0,54.0,60.0,256.0,410.0,43467.125606174435,0.5474284163387162,0.45454545454545453,656.0636182902583
2.08,42,10083,112.0,54.0,55.5,296.5,469.29999999999995,104865.63775510204,0.28593291671980614,0.4523809523809524,548.0769230769231
0.15,4,675,130.0,75.6,99.0,199.75,292.90000000000003,12541.6875,0.6265060240963856,0.25,400.0
7.08,174,41670,112.0,54.0,60.0,220.0,582.4000000000008,120602.14625445899,0.30235029378672335,0.4540229885057471,627.1186440677966
2.63,72,11038,83.0,54.0,60.0,193.0,324.4,21324.184413580246,0.5444242339443123,0.5277777777777778,752.851711026616
3.03,70,13953,112.0,54.0,60.0,286.5,367.6,49928.02061224489,0.6158656629994209,0.44285714285714284,613.8613861386139
4.99,113,21238,112.0,54.0,60.0,220.0,422.5999999999999,51142.56355235335,0.43316013226263583,0.48672566371681414,625.2505010020041
6.16,141,30655,112.0,54.0,60.0,292.0,421.0,81589.1215733615,0.5428557048668781,0.4326241134751773,594.1558441558442
1.42,21,4448,112.0,54.0,60.0,364.0,436.0,30846.535147392286,0.755327545382794,0.47619047619047616,422.53521126760563
4.03,87,15220,112.0,54.0,60.0,220.0,500.80000000000007,29887.43347866296,0.5216956608678265,0.45977011494252873,580.6451612903226
7.53,190,34164,112.0,54.0,60.0,232.75,405.4,36740.521994459836,0.6015375960997562,0.4631578947368421,669.3227091633466
1.1,36,6012,112.0,54.0,54.0,256.0,385.5,22730.38888888889,0.29318132931813295,0.4722222222222222,818.1818181818181
8.45,203,37393,112.0,54.0,60.0,220.0,443.2000000000001,43657.0183212405,0.6536063326405165,0.4482758620689655,646.1538461538463
1.3,29,4196,112.0,54.0,60.0,184.0,297.2,13967.593341260404,0.5786305492851769,0.4827586206896552,646.1538461538461
6.89,208,72771,112.0,54.0,60.0,364.0,1509.0,236053.75459966713,0.19394585726004923,0.44711538461538464,757.6197387518142
4.21,115,21417,112.0,54.0,60.0,220.0,385.6000000000003,44527.64052930057,0.49957989077160064,0.45217391304347826,712.5890736342043
0.77,17,1836,60.0,54.0,60.0,112.0,240.00000000000003,5806.470588235294,0.5236514522821577,0.6470588235294118,701.2987012987013
8.61,200,42436,112.0,54.0,60.0,256.0,447.69999999999993,67484.9776,0.4974945303126544,0.44,613.2404181184669
0.49,15,2864,60.0,54.0,60.0,256.0,443.2,41740.72888888889,0.5718990120746432,0.5333333333333333,979.591836734694
0.38,16,2552,86.0,57.0,60.0,256.0,328.0,19347.25,0.9510703363914373,0.5,1263.157894736842
4.46,104,20258,112.0,54.0,60.0,256.0,464.50000000000006,50341.07063609467,0.45343664801262734,0.4326923076923077,605.3811659192825
9.93,264,46690,112.0,54.0,60.0,221.25,400.0,32473.83534205693,0.6889130041598842,0.4583333333333333,719.0332326283988
8.85,206,43002,112.0,54.0,60.0,256.0,491.0,72168.46055236118,0.38457080301371627,0.441747572815534,596.6101694915254
6.0,136,37995,112.0,54.0,60.0,306.25,708.5,142168.234375,0.3966696074106749,0.45588235294117646,600.0
6.86,171,47164,148.0,54.0,60.0,281.0,708.0,131500.19889880647,0.3693348430740644,0.43859649122807015,620.9912536443148
9.96,223,46077,112.0,54.0,60.0,280.5,438.20000000000033,61730.72806611836,0.4463697146623976,0.452914798206278,602.4096385542168
8.35,200,58288,112.0,54.0,60.0,297.0,1156.0,181822.2064,0.2971914363288379,0.45,639.5209580838324
3.1,85,16826,112.0,54.0,60.0,184.0,433.2000000000003,67534.06837370241,0.46900646062510915,0.49411764705882355,716.1290322580645
8.61,201,47425,112.0,54.0,60.0,256.0,571.0,98319.00695527338,0.3380261821464846,0.4577114427860697,613.2404181184669
0.92,13,2068,112.0,55.2,60.0,256.0,313.6,13289.609467455623,1.1275720164609053,0.46153846153846156,391.30434782608694
9.29,218,41894,112.0,54.0,60.0,256.0,397.20000000000005,44013.07053278344,0.669482744879254,0.44954128440366975,632.9386437029063
8.89,208,41413,112.0,54.0,60.0,256.0,449.0,56866.09076830621,0.45753704290289654,0.4567307692307692,614.1732283464567
1.28,41,8142,112.0,54.0,60.0,292.0,486.0,36960.82807852469,0.36359068832691344,0.4634146341463415,796.875
9.11,211,44822,112.0,54.0,60.0,220.0,503.0,78791.26830035263,0.4093195824424601,0.45023696682464454,619.0998902305159
8.43,220,78992,112.0,54.0,60.0,376.25,1509.0,245501.0424793389,0.12724937566892616,0.43636363636363634,633.4519572953737
2.79,57,9996,112.0,54.0,60.0,184.0,428.3999999999999,42388.092336103415,0.605009633911368,0.47368421052631576,580.6451612903226
5.63,152,30888,112.0,54.0,60.0,221.25,440.5000000000002,69922.70567867035,0.44647372857544254,0.45394736842105265,692.7175843694494
8.05,182,40684,112.0,54.0,60.0,266.0,543.8,80944.75401521556,0.4184505961927341,0.44505494505494503,596.2732919254657
7.0,161,31985,112.0,54.0,60.0,269.0,463.0,50304.74464719726,0.5271676852559205,0.4409937888198758,600.0
3.12,119,63341,184.0,54.0,60.0,1509.0,1509.0,378634.9735188194,0.08756717776137085,0.3445378151260504,769.2307692307692
3.6,90,15644,112.0,54.0,60.0,283.0,365.2000000000001,24400.16839506173,0.6174524400330852,0.43333333333333335,650.0
3.87,100,19687,112.0,54.0,60.0,256.0,482.8000000000009,42823.8331,0.5388884546236223,0.45,697.6744186046511
9.01,202,38496,112.0,54.0,60.0,220.0,435.1,58164.551416527785,0.49290312572713874,0.47029702970297027,605.9933407325194
4.17,117,22939,112.0,54.0,60.0,220.0,426.20000000000016,58477.33830082548,0.5382913090128756,0.4358974358974359,719.4244604316548
9.85,224,45707,112.0,54.0,60.0,256.0,397.60000000000014,67106.94848134567,0.3736963904667448,0.45982142857142855,603.0456852791879
3.22,65,9842,112.0,54.0,54.0,184.0,362.4,19343.965917159763,0.4303153611393693,0.47692307692307695,559.0062111801242
2.13,39,8256,112.0,54.0,60.0,283.0,514.6000000000001,43635.39250493097,0.8403923316986179,0.41025641025641024,450.7042253521127
0.84,14,2673,112.0,60.0,60.0,247.0,415.5000000000001,32884.637755102034,0.39291297550807713,0.42857142857142855,428.57142857142856
2.04,55,10602,112.0,54.0,60.0,184.0,526.4000000000001,65066.944132231394,0.4850819442498949,0.4727272727272727,764.7058823529411
9.31,253,46612,112.0,54.0,60.0,184.0,433.8,54579.12162352171,0.5302189685171202,0.4901185770750988,741.1385606874328
3.6,90,15053,112.0,54.0,60.0,220.0,399.1,23868.434691358023,0.6465762415226427,0.4444444444444444,650.0
2.22,50,14535,125.5,54.0,60.0,284.5,628.6000000000012,173305.24999999997,0.27399421509334737,0.4,513.5135135135134
1.29,24,5257,86.0,54.0,54.0,258.75,392.49999999999994,91260.87326388888,0.3636835278858625,0.5,558.1395348837209
2.47,55,11315,112.0,54.0,57.0,266.5,538.2000000000003,54690.161983471065,0.4397506044025957,0.43636363636363634,582.995951417004
6.6,129,21330,112.0,54.0,60.0,184.0,312.00000000000006,38393.5294753921,0.7807647353481383,0.4496124031007752,527.2727272727273
8.84,232,40676,112.0,54.0,60.0,256.0,400.0,28986.918549346017,0.5647022618864441,0.4698275862068966,705.8823529411765
7.82,162,41165,112.0,54.0,60.0,283.0,593.2000000000003,122581.48898795916,0.3409668382305036,0.46296296296296297,560.1023017902813
1.93,56,9966,112.0,54.0,60.0,220.0,404.5,32357.17729591837,0.6582362728785358,0.42857142857142855,746.1139896373057
2.7,71,15082,112.0,54.0,60.0,256.0,535.0,79738.04681610793,0.5078984203159368,0.4788732394366197,733.3333333333333
5.29,141,34245,112.0,54.0,60.0,297.0,535.0,110101.3028519692,0.3020912547528517,0.46808510638297873,680.5293005671077
8.59,202,35706,112.0,54.0,60.0,256.0,375.70000000000005,35960.93363395745,0.4995590273403049,0.4801980198019802,642.6076833527358
7.31,221,65558,112.0,54.0,60.0,256.0,1479.0,192625.9400913167,0.2317838487843373,0.42081447963800905,763.3378932968537
4.71,112,22275,112.0,54.0,60.0,220.0,461.30000000000007,53532.26331313775,0.5748727375565611,0.45535714285714285,649.6815286624204
4.37,102,23747,112.0,54.0,60.0,289.75,517.9000000000003,90858.60255670894,0.425390156062425,0.45098039215686275,604.1189931350115
2.51,60,10338,112.0,54.0,60.0,220.0,402.70000000000005,29047.97666666667,0.7070673712021136,0.45,645.4183266932272
5.89,306,197946,157.0,54.0,60.0,1509.0,1509.0,459797.63975394086,0.057731562129292195,0.3660130718954248,1130.730050933786
6.01,120,31142,112.0,54.0,60.0,266.5,682.6000000000007,138791.88305555555,0.38157135885719357,0.4666666666666667,549.0848585690516
2.31,52,12376,112.0,54.0,60.0,256.0,543.9,91348.38461538461,0.7162668145888227,0.4423076923076923,545.4545454545455
1.15,24,4480,130.0,55.800000000000004,60.0,292.0,364.3999999999999,28279.55555555556,0.675392670157068,0.4583333333333333,573.9130434782609
5.58,151,28164,112.0,54.0,60.0,256.0,439.0,41123.733169597814,0.4794347848925776,0.44370860927152317,698.9247311827957
2.07,61,10639,112.0,54.0,60.0,256.0,328.0,23780.96318194034,0.6522751980121136,0.4426229508196721,782.608695652174
6.85,155,35900,112.0,54.0,60.0,297.0,585.4,66469.32112382936,0.732960030893995,0.45806451612903226,586.8613138686131
6.5,188,37577,112.0,54.0,60.0,297.0,400.0,41292.75630941603,0.6780690394319654,0.425531914893617,729.2307692307692
1.18,24,5186,130.0,54.0,60.0,293.25,479.1999999999998,43125.57638888888,1.0353218210361068,0.4583333333333333,559.3220338983051
2.27,60,8769,112.0,54.0,60.0,157.0,298.0,18115.36083333334,0.7350613375544124,0.48333333333333334,766.5198237885462
2.49,56,11233,112.0,54.0,60.0,292.0,473.0,56681.27774234693,0.4586417348396312,0.4642857142857143,602.4096385542168
3.49,81,16490,83.0,54.0,60.0,256.0,580.0,62707.60158512422,0.9886637723106608,0.5308641975308642,636.1031518624641
2.19,62,14000,112.0,54.0,60.0,211.0,564.8999999999997,111824.54318418317,0.32225160559123533,0.46774193548387094,684.9315068493152
2.1,70,21806,112.0,54.0,55.5,292.0,1509.0,207914.64979591843,0.19432577500273854,0.4714285714285714,942.8571428571428
6.82,175,42225,112.0,54.0,60.0,279.5,576.4,116710.76408163266,0.3891630477694433,0.48,703.8123167155426
7.43,167,32201,112.0,54.0,60.0,220.0,441.6000000000001,45771.10545376312,0.3888721155919776,0.4431137724550898,597.5773889636608
6.09,146,32315,112.0,54.0,60.0,295.75,505.5,62948.99010133233,0.6848279457768509,0.4589041095890411,640.3940886699507
9.45,244,60098,112.0,54.0,60.0,292.0,531.1000000000006,113502.76048105345,0.37505148034594793,0.45901639344262296,673.015873015873
1.76,37,7910,148.0,54.0,60.0,328.0,444.99999999999994,36482.65595325055,0.48740127867619404,0.43243243243243246,545.4545454545455
2.59,57,17359,148.0,54.0,60.0,328.0,782.3999999999996,144441.86211141886,0.28842870927039266,0.40350877192982454,532.8185328185328
7.85,182,43890,112.0,54.0,60.0,292.0,616.0,85980.66863905326,0.673211086119477,0.4725274725274725,611.4649681528663
4.71,93,20600,112.0,54.0,60.0,256.0,400.0,95046.35749797663,0.3149495723222265,0.43010752688172044,484.0764331210191
5.48,131,25353,112.0,54.0,60.0,256.0,400.0,56745.24118641104,0.5308858160739086,0.46564885496183206,645.985401459854
9.63,221,49162,112.0,54.0,60.0,256.0,542.0,83552.69118158925,0.4159562211981567,0.4434389140271493,604.3613707165109
9.76,237,63633,112.0,54.0,60.0,298.0,661.2000000000002,130878.90818779041,0.315927702870378,0.42616033755274263,602.4590163934427
2.31,72,14375,112.0,54.0,60.0,273.25,445.0,35307.00443672839,0.4524603415176316,0.4305555555555556,805.1948051948052
5.95,149,31156,112.0,54.0,60.0,256.0,419.2000000000004,86060.62744921401,0.33825866586486836,0.4563758389261745,675.6302521008404
3.9,100,16210,112.0,54.0,60.0,148.0,365.2000000000001,28185.989999999994,0.7456385957355158,0.48,692.3076923076923
1.76,29,5171,112.0,54.0,60.0,184.0,494.0,32740.14506539833,0.24153661464585835,0.4827586206896552,443.1818181818182
1.25,36,7315,112.0,54.0,60.0,293.5,461.0,38759.6010802469,0.8542458808618505,0.4444444444444444,768.0
4.98,133,22747,112.0,54.0,60.0,220.0,362.2,32812.08932104698,0.5998733999156,0.47368421052631576,710.8433734939758
4.54,142,63010,166.0,54.0,60.0,486.25,1508.0,300431.8438801824,0.1888679245283019,0.4154929577464789,753.3039647577092
3.51,72,14130,112.0,54.0,60.0,184.0,463.89999999999986,61752.993055555555,0.48893572181243417,0.4583333333333333,564.1025641025641
6.12,114,25280,112.0,54.0,60.0,292.0,508.0,63406.167743921214,0.5977752496523827,0.43859649122807015,490.19607843137254
0.44,13,3337,112.0,54.0,54.0,267.0,727.2,83012.21301775149,0.415782774713619,0.46153846153846156,818.1818181818182
1.76,39,6411,112.0,54.0,60.0,202.0,326.8000000000004,25203.621301775158,0.3637523931078494,0.4358974358974359,579.5454545454545
7.21,189,39707,112.0,54.0,60.0,256.0,544.0,59328.97074549984,0.5345700483091788,0.48148148148148145,674.0638002773925
7.97,212,60325,112.0,54.0,60.0,328.0,686.4000000000001,144987.1246662513,0.292447777182646,0.44339622641509435,692.5972396486826
3.53,85,16702,112.0,54.0,60.0,270.0,443.2000000000006,46701.144083044994,0.38078703703703703,0.4588235294117647,662.8895184135978
4.56,92,18004,112.0,54.0,60.0,229.0,432.4000000000002,40562.71172022685,1.4140520246714936,0.44565217391304346,539.4736842105264
5.54,132,28083,112.0,54.0,60.0,276.25,532.4000000000001,55098.41477272727,0.47673134563811326,0.44696969696969696,628.1588447653429
1.84,42,6748,93.0,54.0,60.0,184.0,364.0,18494.984126984127,0.7249488752556237,0.5,619.5652173913043
0.82,22,3487,97.5,54.0,60.0,148.0,285.7000000000002,34336.068181818184,0.4700674536256324,0.5,658.5365853658537
9.05,193,44187,112.0,54.0,60.0,256.0,534.4000000000003,91107.70715992375,0.43945662442583966,0.44041450777202074,543.6464088397789
4.11,105,22366,112.0,54.0,60.0,225.0,472.0,72025.87609977325,0.3662797800855223,0.4380952380952381,671.5328467153284
5.6,137,30126,112.0,54.0,60.0,298.0,556.4000000000002,63424.7340827961,0.3721703484399909,0.49635036496350365,653.5714285714287
4.97,123,29343,112.0,54.0,60.0,298.0,553.5999999999998,87338.9292088043,0.36396597406219494,0.43902439024390244,651.9114688128773
8.99,248,55916,112.0,54.0,60.0,292.0,505.20000000000005,81007.65218522372,0.4070812048617227,0.4596774193548387,727.4749721913237
3.14,90,19579,112.0,54.0,60.0,297.0,437.3000000000001,67097.84802469135,0.5391085606477478,0.4111111111111111,707.0063694267516
4.88,91,15965,112.0,54.0,60.0,184.0,400.0,37112.202391015584,0.6168725946931335,0.4835164835164835,540.9836065573771
4.21,111,26732,112.0,54.0,60.0,256.0,584.0,119070.61034006979,0.30968595365244234,0.4594594594594595,684.085510688836
3.24,68,17182,112.0,54.0,60.0,322.0,698.8000000000002,98676.13062283734,0.4759900352203419,0.45588235294117646,574.074074074074
3.28,83,18275,112.0,54.0,60.0,292.0,467.1999999999999,68661.03962839309,0.5757027073633385,0.4457831325301205,676.829268292683
8.93,190,32537,112.0,54.0,60.0,205.75,378.3999999999999,39038.501966759,0.6277452598929412,0.4789473684210526,604.7032474804032
7.63,152,28848,112.0,54.0,60.0,220.0,398.6000000000001,52486.139889196675,0.42790674652279365,0.4407894736842105,511.14023591087806
9.63,332,202386,184.0,54.0,60.0,1508.0,1508.0,422866.939505008,0.08856497418244406,0.37349397590361444,728.9719626168225
0.74,9,1436,112.0,54.0,60.0,220.0,270.40000000000003,16654.913580246914,0.9301075268817204,0.4444444444444444,324.3243243243243
0.74,25,5252,112.0,54.0,60.0,292.0,406.60000000000014,89522.07360000002,0.3719958202716823,0.44,891.8918918918919
8.24,193,42989,112.0,54.0,60.0,266.0,500.8000000000004,87184.02614835299,0.3856691593604951,0.43523316062176165,604.3689320388349
3.38,75,15430,112.0,54.0,60.0,256.0,585.4000000000005,55032.38222222221,0.4252724921485313,0.48,568.0473372781065
4.93,119,25148,91.0,54.0,60.0,220.0,589.2,68601.16149989406,0.5411202353229563,0.5126050420168067,645.0304259634888
2.84,65,11065,112.0,54.0,60.0,220.0,363.6,28803.808284023668,0.5962204270051933,0.4461538461538462,591.5492957746479
0.53,5,776,112.0,60.0,60.0,184.0,289.6,12552.960000000001,0.6166666666666667,0.4,226.41509433962264
7.44,172,39829,112.0,54.0,60.0,271.0,581.9000000000001,79321.908700649,0.3588877516206073,0.4418604651162791,596.7741935483871
6.61,218,94222,112.0,54.0,60.0,355.0,1514.0,556462.368319165,2.109226504751848,0.41743119266055045,826.0211800302571
4.53,108,23481,97.5,54.0,60.0,229.0,420.0,134380.4467592592,1.015882554945055,0.5,688.7417218543046
2.76,79,16823,112.0,54.0,60.0,292.0,515.2,57528.47844896653,0.510279199209983,0.45569620253164556,739.1304347826087
2.69,86,22323,112.0,54.0,60.0,289.25,468.0,138877.0823418064,0.21136314304319515,0.46511627906976744,847.5836431226767
4.08,112,27778,130.0,54.0,60.0,328.0,652.0,81417.12468112246,0.570976133921502,0.4375,720.5882352941176
0.37,8,1196,86.0,60.0,60.0,112.0,264.3999999999999,32203.75,0.39069767441860465,0.5,648.6486486486486
2.73,67,17599,112.0,54.0,60.0,328.0,666.4,89137.3548674538,1.0423581292793316,0.43283582089552236,637.3626373626374
3.28,80,17860,112.0,54.0,60.0,328.0,511.2000000000003,50470.6125,0.49468574776131896,0.4,585.3658536585366
0.33,3,772,60.0,60.0,60.0,356.0,533.6,77880.88888888889,5.433333333333334,0.6666666666666666,363.6363636363636
5.0,113,28008,112.0,54.0,60.0,298.0,644.8,87020.03304879005,0.4983950353092232,0.48672566371681414,588.0
7.69,142,34148,112.0,54.0,60.0,296.5,559.8000000000002,83547.34814520928,0.7722648951629645,0.4507042253521127,468.14044213263975
3.14,68,18702,112.0,54.0,60.0,273.25,799.0,146689.67560553632,0.2792065663474692,0.4264705882352941,554.140127388535
1.74,39,8170,112.0,54.0,60.0,256.0,441.6000000000006,73089.22419460882,0.40668044077134985,0.46153846153846156,620.6896551724137
1.21,31,7481,112.0,54.0,60.0,396.0,514.0,89544.7991675338,0.20292651551696414,0.45161290322580644,694.2148760330579
3.62,85,17976,112.0,54.0,60.0,292.0,550.4000000000007,47833.779100346015,0.5837885462555066,0.4588235294117647,646.4088397790055
2.84,68,15623,130.0,54.0,60.0,264.5,432.4000000000001,95939.30514705883,0.5336212820261117,0.45588235294117646,633.8028169014085
1.48,34,6482,86.0,54.0,55.5,286.75,511.29999999999995,36890.993079584776,0.43153710247349825,0.5,689.1891891891892
4.56,111,21440,112.0,54.0,60.0,262.5,436.0,46528.02158915671,0.5123086689708684,0.4594594594594595,644.7368421052631
0.62,7,1224,60.0,60.0,60.0,166.0,392.8000000000002,40917.55102040815,4.1,0.5714285714285714,387.0967741935484
0.17,21,4537,148.0,54.0,54.0,364.0,414.0,28496.331065759638,0.2798307475317348,0.3333333333333333,2470.5882352941176
0.23,6,700,60.0,60.0,60.0,60.0,230.0,16055.555555555555,1.3333333333333333,0.8333333333333334,1304.3478260869565
1.37,23,5673,112.0,54.0,60.0,400.0,588.8,54989.270321361044,0.35264663805436336,0.43478260869565216,394.1605839416058
4.32,102,28851,112.0,54.0,60.0,364.0,632.3000000000001,126689.28229527104,0.387667740849406,0.47058823529411764,624.9999999999999
1.97,44,8746,112.0,54.0,60.0,256.0,465.1000000000001,59730.81198347108,0.3187575392038601,0.45454545454545453,609.1370558375635
8.03,186,42003,112.0,54.0,60.0,263.5,580.0,84624.56529656608,0.37444371727748693,0.46236559139784944,620.1743462017434
3.27,76,15643,112.0,54.0,60.0,268.0,364.0,66260.11547783934,0.47645115620575745,0.4342105263157895,605.5045871559633
4.46,102,19396,112.0,54.0,60.0,256.0,457.1,41573.36755094194,0.44605979273838814,0.49019607843137253,618.8340807174887
0.94,18,4192,101.5,54.0,60.0,184.0,493.0000000000001,118894.43209876545,0.4688156972669937,0.5,510.63829787234044
8.45,197,37026,112.0,54.0,60.0,237.0,424.20000000000005,45977.195392821246,0.4663181656172033,0.467005076142132,639.0532544378699
3.67,74,14492,112.0,54.0,60.0,292.0,465.1000000000001,37409.21694667641,0.5124191191817992,0.43243243243243246,523.1607629427792
3.81,62,14355,115.5,54.0,60.0,267.5,636.6999999999999,74045.73283038504,0.5581243894496907,0.45161290322580644,440.9448818897638
8.61,240,46874,91.0,54.0,60.0,267.0,437.0999999999999,45858.36326388889,0.4902870950306807,0.5041666666666667,766.5505226480836
4.58,93,20993,112.0,54.0,60.0,220.0,508.0,92456.0030061279,0.3770416530009839,0.45161290322580644,524.0174672489082
5.9,164,47572,112.0,54.0,60.0,325.0,685.6000000000008,158882.44586555625,0.2941240478781284,0.4573170731707317,752.5423728813558
9.95,269,59563,112.0,54.0,60.0,292.0,504.80000000000007,75992.95051201616,0.3562320688555945,0.44981412639405205,693.4673366834171
9.82,247,46764,112.0,54.0,60.0,256.0,400.0,43281.0301103116,0.431843233312921,0.4534412955465587,659.877800407332
4.04,67,15384,112.0,54.0,60.0,324.5,517.5999999999999,79548.74493205614,0.576068025817027,0.47761194029850745,460.39603960396045
7.51,196,46509,112.0,54.0,60.0,297.25,603.5,81994.26746668054,0.5437647293125768,0.4642857142857143,671.1051930758988
4.24,132,57612,112.0,54.0,54.0,434.5,1508.0,340234.8842975207,0.09497291646868763,0.45454545454545453,820.754716981132
2.83,78,16093,112.0,54.0,60.0,184.0,543.9999999999993,73593.70496383957,0.8881849114161681,0.48717948717948717,742.0494699646642
7.25,152,32280,112.0,54.0,60.0,292.0,508.9000000000001,45537.653739612186,0.5315999240842665,0.4276315789473684,537.9310344827586
8.89,189,41582,112.0,54.0,60.0,292.0,539.6,61466.222110243274,0.5665900614097878,0.4444444444444444,560.1799775028121
2.15,79,25557,112.0,54.0,60.0,328.5,1004.8000000000004,180589.59173209427,0.37870205534876195,0.46835443037974683,948.8372093023255
8.82,238,52388,112.0,54.0,60.0,291.75,482.8000000000004,78544.97775580821,0.5254790052996331,0.42857142857142855,687.0748299319728
2.91,75,27629,148.0,54.0,60.0,403.5,1508.0,246332.82382222216,0.163032497053376,0.44,659.7938144329896
1.69,36,6964,130.0,54.0,58.5,282.75,448.5,28853.19135802469,0.49892380542402065,0.4166666666666667,532.5443786982248
7.45,175,39121,112.0,54.0,60.0,261.0,516.3999999999999,80610.6019265306,0.42284051645753773,0.46285714285714286,620.1342281879195
1.06,23,5353,112.0,60.0,60.0,256.0,696.0,63947.844990548205,0.6557377049180327,0.391304347826087,509.4339622641509
7.3,155,33345,112.0,54.0,60.0,256.0,534.9999999999998,61928.35754422476,0.6094700260642919,0.47096774193548385,558.9041095890411
4.92,98,28910,148.0,54.0,60.0,390.75,732.0999999999998,128496.57142857143,0.30084593232541396,0.42857142857142855,512.1951219512194
6.02,124,29649,112.0,54.0,60.0,264.75,574.9000000000001,82128.0293314256,0.6956820131541321,0.4435483870967742,548.1727574750831
0.4,15,3500,112.0,54.0,60.0,294.5,380.79999999999995,86206.88888888889,0.4033680834001604,0.4,899.9999999999999
3.07,63,13036,112.0,54.0,60.0,294.5,568.0000000000006,48231.85084404131,0.5027089337175793,0.49206349206349204,566.7752442996742
5.01,128,30273,97.5,54.0,60.0,267.75,590.8,108338.67181396484,0.46635989343666745,0.5,682.6347305389222
5.9,124,26348,112.0,54.0,60.0,298.5,472.0,52581.55619146723,0.6858404248512381,0.4596774193548387,569.4915254237287
8.87,220,54512,112.0,54.0,60.0,292.0,536.8,112678.18876033058,0.3615065687596783,0.45,669.6730552423902
6.51,165,31925,112.0,54.0,60.0,256.0,444.19999999999993,45953.20734618916,0.6262543935612043,0.46060606060606063,700.4608294930875
3.47,86,15270,112.0,54.0,60.0,184.0,400.0,50329.85127095727,0.46152373660030627,0.47674418604651164,674.3515850144092
0.08,6,1400,261.0,83.0,148.0,292.25,356.0,14101.222222222224,0.13452188006482982,0.16666666666666666,750.0
2.19,59,8116,83.0,54.0,60.0,220.0,293.0,12151.127836828497,0.85720823798627,0.5423728813559322,767.1232876712329
6.37,133,19001,112.0,54.0,60.0,184.0,297.8,13232.77867601334,0.5314741678084952,0.44360902255639095,555.7299843014129
5.34,112,22134,112.0,54.0,60.0,265.0,470.80000000000024,46159.752232142855,0.5576354679802956,0.4375,550.5617977528091
2.22,48,13604,112.0,54.0,60.0,306.5,611.2000000000002,159695.53472222222,0.2859438510256168,0.4791666666666667,567.5675675675675
4.77,124,25447,112.0,54.0,60.0,256.0,414.4000000000002,70610.5574271592,0.4921426058402721,0.4596774193548387,666.6666666666667
7.27,213,53355,112.0,54.0,60.0,291.0,541.8,126417.03868280105,0.41814847300853203,0.460093896713615,775.7909215955984
3.02,64,14072,130.0,54.0,60.0,298.0,488.2000000000001,45542.984375,0.5829021372328459,0.40625,516.5562913907285
4.16,91,17780,112.0,54.0,60.0,261.0,436.0,48704.522400676244,0.70862963674803,0.4725274725274725,605.7692307692308
5.63,131,27420,112.0,54.0,60.0,256.0,492.0,59603.75700716741,0.5056007028332967,0.44274809160305345,618.1172291296625
4.81,124,24208,112.0,54.0,60.0,220.0,361.60000000000014,73904.22320499479,0.42074065379423675,0.45161290322580644,673.5966735966737
4.64,118,24110,112.0,54.0,60.0,286.5,484.9999999999999,43426.99798908359,0.5591050181065701,0.4491525423728814,685.344827586207
9.71,264,50521,112.0,54.0,60.0,256.0,463.70000000000005,43475.338484274565,0.5596752284514696,0.4734848484848485,741.5036045314108
0.0,1,256,256.0,256.0,256.0,256.0,256.0,0.0,0.0,0.0,0
8.64,193,36782,112.0,54.0,60.0,220.0,488.2000000000006,47679.642513892984,0.5504130837969988,0.46113989637305697,590.2777777777777
3.41,78,18701,148.0,54.0,60.0,295.75,591.6999999999999,73026.59451019065,0.25949622844827586,0.4358974358974359,598.2404692082112
6.26,178,34706,109.0,54.0,60.0,220.0,477.7000000000009,53023.56129276607,0.4510410569445606,0.4943820224719101,747.6038338658147
5.52,159,76444,148.0,54.0,60.0,866.0,1509.0,353167.8320477829,0.1170307591144882,0.389937106918239,663.0434782608696
7.36,167,34199,106.0,54.0,60.0,265.0,484.0000000000002,58342.13317078419,0.6475887652358241,0.49700598802395207,611.4130434782609
7.42,158,41772,112.0,54.0,60.0,297.0,613.3000000000002,117148.47604550554,0.48027924448066905,0.44936708860759494,525.6064690026955
9.69,183,31673,112.0,54.0,60.0,220.0,386.20000000000005,35825.283764818305,0.5221549404075355,0.4644808743169399,520.123839009288
8.72,211,40633,112.0,54.0,60.0,267.5,472.0,39896.37730509197,0.773360101252564,0.46445497630331756,660.5504587155963
1.65,26,4012,112.0,54.0,55.5,247.0,318.5,13157.366863905325,0.880037488284911,0.4230769230769231,400.0
3.87,86,13232,112.0,54.0,60.0,184.0,427.0,19594.771227690642,0.6164182751038358,0.46511627906976744,558.1395348837209
2.36,59,12471,112.0,54.0,60.0,294.5,476.20000000000005,48493.4202815283,0.5311233885819521,0.4576271186440678,686.4406779661017
3.62,85,19779,112.0,54.0,60.0,328.0,544.0,70483.24761245675,0.6720770986558458,0.4470588235294118,613.2596685082873
7.8,154,30951,112.0,54.0,60.0,269.0,469.3000000000002,43443.38273739248,0.4865994236311239,0.4805194805194805,523.0769230769231
7.56,184,32283,112.0,54.0,60.0,256.0,364.0,37319.18239012288,0.5787080052814318,0.47282608695652173,650.7936507936508
9.1,195,38979,112.0,54.0,60.0,261.5,443.79999999999995,49152.34224852071,0.5867697944229595,0.4564102564102564,586.8131868131868
7.46,178,37697,112.0,54.0,60.0,289.5,508.0,65078.755365484154,0.32965327501675423,0.449438202247191,635.3887399463807
3.22,74,15104,112.0,54.0,60.0,295.75,479.0,37502.123447772094,0.5128205128205128,0.44594594594594594,577.639751552795
6.53,158,34795,112.0,54.0,60.0,263.5,529.6000000000008,71074.19776478127,0.727313343923749,0.47468354430379744,689.1271056661561
1.42,50,9421,87.0,54.0,60.0,243.0,443.2000000000001,51577.76359999999,1.4150217892847987,0.6,971.830985915493
7.28,209,49509,112.0,54.0,60.0,323.0,519.200000000001,63123.72844028296,0.509420731707317,0.4258373205741627,708.7912087912088
9.64,250,87505,112.0,54.0,60.0,364.0,1509.0,223716.62759999998,0.2202281347612673,0.436,647.3029045643153
5.57,114,23858,112.0,54.0,60.0,256.0,572.8000000000004,51325.745767928594,0.6518728795956519,0.43859649122807015,538.5996409335727
1.44,32,5219,112.0,54.0,60.0,220.0,322.0000000000001,23125.4599609375,0.6273776114748987,0.46875,625.0
0.21,4,632,158.0,60.0,60.0,256.0,256.0,9604.0,4.266666666666667,0.5,571.4285714285714
4.52,110,20131,112.0,54.0,60.0,256.0,370.6000000000006,32291.93628099173,0.5342580595991159,0.43636363636363634,637.1681415929205
7.25,182,38390,112.0,54.0,60.0,256.0,445.9,73034.38026808357,0.4531208599871305,0.45604395604395603,670.3448275862069
1.79,56,10956,112.0,54.0,60.0,184.0,376.5,76983.22959183673,0.3880653743823641,0.4642857142857143,804.4692737430167
4.56,106,16767,83.0,54.0,60.0,184.0,309.0,26991.75088999644,0.6941497423461656,0.5188679245283019,631.578947368421
7.39,167,33836,112.0,54.0,60.0,256.0,445.60000000000025,64184.070063465886,0.4731159388741347,0.4491017964071856,600.8119079837619
7.62,173,37859,112.0,54.0,60.0,256.0,500.20000000000044,82694.62120351497,0.5047895385349179,0.4624277456647399,622.0472440944882
3.2,56,13860,112.0,54.0,60.0,256.0,762.5,101988.21428571429,0.6658653846153846,0.42857142857142855,449.99999999999994
1.92,38,9051,112.0,54.0,60.0,374.25,552.1000000000003,71051.78185595568,0.33298969072164947,0.4473684210526316,500.0
6.78,177,58584,112.0,54.0,60.0,292.0,1508.0,227307.1918031217,0.17903719207857027,0.4519774011299435,654.8672566371681
5.35,114,21928,112.0,54.0,60.0,263.5,420.40000000000015,36080.420744844574,0.6680359044576297,0.43859649122807015,560.747663551402
9.77,200,47198,112.0,54.0,60.0,293.25,544.0,84858.86989999999,0.5313088053987411,0.45,515.8648925281474
6.36,136,23967,101.5,54.0,60.0,220.0,427.5,33889.26421929066,0.505937794533459,0.5,594.3396226415093
9.29,179,31881,112.0,54.0,60.0,238.0,368.00000000000034,34955.77085609064,0.5399217504709463,0.441340782122905,510.2260495156082
0.33,24,23412,1514.0,54.0,60.0,1514.0,1514.0,455910.0,0.009311950336264873,0.2916666666666667,1272.7272727272725
4.43,107,24638,148.0,54.0,60.0,298.0,486.4000000000002,65887.66984016071,0.5483911513323279,0.42990654205607476,623.0248306997743
8.52,172,33702,112.0,54.0,60.0,220.0,507.50000000000034,51441.473363980534,0.626622906510932,0.46511627906976744,542.2535211267606
6.12,121,20527,112.0,54.0,60.0,184.0,436.0,30901.07205791954,0.5408347095030777,0.4793388429752066,539.2156862745097
2.55,83,15780,112.0,54.0,60.0,256.0,497.5999999999999,35378.87705037016,0.7191415186839525,0.4457831325301205,870.5882352941177
5.42,122,25493,112.0,54.0,60.0,266.75,445.00000000000006,67768.35077936038,0.42857943401513027,0.4918032786885246,608.8560885608856
4.68,71,14205,112.0,54.0,60.0,256.0,467.0,55605.22039277921,0.8614860437688376,0.4647887323943662,423.0769230769231
6.0,143,27223,112.0,54.0,60.0,220.0,436.0,64142.84864785564,0.35816204350429054,0.48951048951048953,640.0
5.05,115,26945,112.0,54.0,60.0,266.5,620.8000000000001,94069.32476370508,0.363682372589706,0.43478260869565216,594.059405940594
7.21,125,25787,112.0,54.0,60.0,292.0,446.8,56749.55238399999,0.44150036335178044,0.456,474.3411927877947
2.48,58,21480,115.5,54.0,60.0,436.0,1211.5000000000018,213852.91557669442,0.3713847921854051,0.3793103448275862,532.258064516129
9.88,233,42403,112.0,54.0,60.0,256.0,411.20000000000016,42866.36464108752,0.4993988684582744,0.49356223175965663,631.578947368421
6.74,163,35279,112.0,54.0,60.0,256.0,446.0,78155.8777522677,0.4044187898089172,0.43558282208588955,623.1454005934718
2.97,43,6610,112.0,54.0,60.0,184.0,322.4000000000001,18691.782585181176,0.5112025605852767,0.46511627906976744,404.04040404040404
5.05,170,54424,112.0,54.0,54.0,292.0,1509.0,219327.20359861598,0.1746271555910474,0.47058823529411764,926.7326732673267
4.41,87,21510,112.0,54.0,60.0,292.0,553.6000000000006,125237.12564407452,0.4126223156235634,0.4482758620689655,503.4013605442177
1.94,34,6577,112.0,54.0,60.0,256.0,388.0,40112.24653979239,0.9418364334219073,0.4411764705882353,463.9175257731959
8.81,191,33764,112.0,54.0,60.0,220.0,408.0,37872.79224801951,0.4660240545351917,0.4607329842931937,572.0771850170261
6.19,148,29795,112.0,54.0,60.0,229.0,491.80000000000075,58237.89239408326,0.531246787953541,0.47297297297297297,649.4345718901453
1.05,19,2761,112.0,58.8,60.0,184.0,317.5999999999999,12940.005540166205,0.7191780821917808,0.47368421052631576,457.1428571428571
1.45,31,5034,83.0,54.0,60.0,220.0,292.0,32684.624349635797,0.8199566160520607,0.5483870967741935,537.9310344827586
6.69,150,31630,112.0,54.0,60.0,297.0,477.79999999999967,57762.78222222222,0.7693125244727863,0.46,600.896860986547
3.61,82,15023,91.0,54.0,60.0,220.0,439.60000000000025,40819.774092801905,0.3865251499769266,0.5121951219512195,631.578947368421
3.5,74,15923,112.0,54.0,60.0,292.0,605.2,62156.6853542732,0.6407006697578568,0.44594594594594594,565.7142857142857
1.12,25,5746,112.0,54.0,60.0,268.0,612.8000000000004,70940.6944,0.24157303370786518,0.48,642.8571428571428
7.77,126,27155,112.0,54.0,60.0,326.25,508.0,47901.20212899976,0.8591674654251678,0.46825396825396826,447.87644787644786
1.14,16,3885,130.0,57.0,60.0,301.0,482.5,80906.90234375,1.1011357490535425,0.4375,368.42105263157896
5.02,156,62942,112.0,54.0,60.0,436.0,1508.0,301396.82626561477,0.2633374814339047,0.48717948717948717,764.9402390438248
9.86,190,39749,112.0,54.0,60.0,289.25,462.0999999999999,55345.594709141275,0.601555260083001,0.45263157894736844,523.3265720081135
7.4,160,31245,112.0,54.0,60.0,292.0,444.2,35167.1271484375,0.5359091579413066,0.44375,551.3513513513514
3.74,86,15589,112.0,54.0,60.0,256.0,418.0,36449.80056787453,0.5639044943820225,0.4883720930232558,641.711229946524
6.69,124,25271,130.0,54.0,60.0,258.5,445.4,48211.87064255983,0.46379749768303985,0.45161290322580644,457.39910313901345
6.5,121,21648,112.0,54.0,60.0,220.0,387.0,31366.39669421488,0.5311925307681425,0.47107438016528924,516.9230769230769
6.67,145,23658,112.0,54.0,60.0,220.0,328.6,21829.47139120095,0.6920326133600343,0.4413793103448276,575.712143928036
4.62,109,20539,83.0,54.0,60.0,184.0,407.2000000000001,68489.63976096286,0.41765599116510216,0.5045871559633027,636.3636363636364
7.17,179,35377,112.0,54.0,60.0,220.0,432.40000000000055,64943.71729970973,0.48630367196033947,0.4748603351955307,661.0878661087867
6.54,142,30095,112.0,54.0,60.0,292.0,477.5,58769.326968855385,0.5873727517274118,0.4647887323943662,596.3302752293578
8.25,175,35551,112.0,54.0,60.0,256.0,438.0,65878.75506938776,0.3654555231218313,0.46285714285714286,581.8181818181818
2.38,64,9255,87.0,54.0,54.0,184.0,305.70000000000005,21712.925537109375,0.48818137964302943,0.53125,756.3025210084035
5.12,124,27967,112.0,54.0,60.0,220.0,469.0,114610.74837408951,0.28660808759258405,0.46774193548387094,644.53125
0.34,2,424,212.0,90.4,136.0,288.0,333.6,23104.0,6.066666666666666,0.5,176.47058823529412
8.38,190,37519,112.0,54.0,60.0,256.0,450.39999999999986,52437.4279501385,0.448442265374667,0.4789473684210526,630.0715990453459
5.88,132,28686,112.0,54.0,60.0,298.5,504.4000000000002,59796.27754820937,0.6985019835395819,0.4772727272727273,581.6326530612245
4.92,106,26270,112.0,54.0,60.0,292.0,641.0,103747.97116411531,0.49210496421674427,0.44339622641509435,573.170731707317
5.87,172,37077,112.0,54.0,60.0,256.0,465.5,86536.23428204433,0.38595245215311,0.48255813953488375,807.495741056218
7.76,195,50498,112.0,54.0,60.0,292.0,667.1999999999997,119506.90640368174,0.34654151778571807,0.4256410256410256,634.020618556701
3.62,73,16036,103.0,54.0,60.0,256.0,443.2,84408.08369300056,0.5534243921340696,0.4931506849315068,580.110497237569
2.47,54,12929,112.0,54.0,60.0,400.0,613.6000000000001,58714.72599451304,0.9044041832375902,0.48148148148148145,631.578947368421
3.77,90,21734,112.0,54.0,60.0,297.75,551.2000000000006,87695.89432098769,0.32815937423612807,0.4444444444444444,588.8594164456233
5.19,104,35979,112.0,54.0,60.0,326.5,1509.0,212500.93038091715,0.242240099437213,0.375,450.86705202312135
8.65,172,39192,112.0,54.0,60.0,266.25,504.4000000000002,96815.94564629528,0.31751100951356437,0.45348837209302323,534.1040462427745
4.32,106,31503,112.0,54.0,60.0,269.5,1033.5,176850.5928266287,0.28578425370393046,0.46226415094339623,624.9999999999999
6.9,176,60754,112.0,54.0,60.0,328.0,1508.5,217239.11040805784,0.20732894815285866,0.4375,626.0869565217391
3.57,75,20430,112.0,54.0,60.0,288.5,718.0000000000009,146787.44,0.3587390263367917,0.44,537.8151260504202
6.9,125,30600,112.0,54.0,60.0,297.0,541.6,100458.12800000003,0.38914109315416745,0.464,504.3478260869565
1.9,45,10531,112.0,54.0,60.0,292.0,623.2,66414.91061728395,0.7598596256684492,0.4444444444444444,631.5789473684212
3.82,84,15765,112.0,54.0,60.0,256.0,425.2000000000001,51902.71811224489,0.47460480778224673,0.4642857142857143,596.8586387434556
1.82,48,11236,86.0,54.0,60.0,293.0,582.4000000000002,103610.24305555556,0.4985329421178981,0.5,791.2087912087912
3.38,81,15293,83.0,54.0,60.0,220.0,436.0,51709.51653711324,0.3909049567985448,0.5185185185185185,621.301775147929
0.87,20,2982,112.0,60.0,60.0,229.0,298.80000000000007,10810.99,0.6066810344827587,0.4,551.7241379310344
6.39,150,27662,112.0,54.0,60.0,211.0,416.1999999999999,47854.93582222222,0.48800430338891876,0.47333333333333333,629.1079812206573
4.55,93,21315,148.0,54.0,60.0,270.0,519.8,80442.02705515087,0.5480427046263345,0.41935483870967744,514.2857142857142
7.42,182,34572,112.0,54.0,60.0,184.0,445.70000000000005,63338.49257336071,0.4151453131395825,0.46153846153846156,679.245283018868
3.62,83,14820,112.0,54.0,60.0,220.0,400.0,34054.271156916824,0.4352120859965137,0.4457831325301205,613.2596685082873
8.76,233,41082,112.0,54.0,60.0,220.0,410.80000000000024,37984.93775903037,0.6382995693092998,0.48068669527896996,719.1780821917808
7.83,140,29526,112.0,54.0,60.0,256.0,509.5000000000001,59407.89,0.43003826221727126,0.44285714285714284,475.095785440613
3.28,62,11154,112.0,54.0,60.0,220.0,463.7,26915.893860561915,0.5310912834591627,0.4838709677419355,493.9024390243903
6.98,172,35642,112.0,54.0,60.0,259.25,478.70000000000016,66318.40467820442,0.44328811500303705,0.46511627906976744,627.5071633237822
6.14,120,22438,112.0,54.0,60.0,220.0,508.0,39968.23305555556,0.8221536462562936,0.48333333333333334,547.2312703583062
7.7,180,45808,112.0,54.0,60.0,297.0,549.3999999999999,120976.44987654322,0.3942050158266375,0.45,631.1688311688312
6.04,123,29906,112.0,54.0,60.0,295.0,480.0,100008.2654504594,0.43924154194138315,0.44715447154471544,526.4900662251656
1.67,54,14860,112.0,54.0,60.0,292.0,744.7000000000005,143349.11385459534,0.41053630754627435,0.42592592592592593,790.4191616766468
6.37,178,49335,112.0,54.0,60.0,256.0,1104.0,167543.14761393762,0.34732501297211676,0.42134831460674155,706.4364207221349
2.93,55,12537,112.0,54.0,60.0,246.5,587.2,89922.74247933883,0.5070320952037505,0.45454545454545453,511.9453924914676
0.1,2,310,155.0,74.2,104.5,205.5,235.8,10201.0,0.2109375,0.5,600.0
6.77,160,39606,112.0,54.0,60.0,275.5,546.0999999999999,129163.26109375001,0.3474178403755869,0.46875,638.109305760709
8.48,187,31108,106.0,54.0,60.0,220.0,328.0,34942.720352312055,0.5822990844354018,0.49732620320855614,608.4905660377358
6.79,137,29483,112.0,54.0,60.0,278.0,483.20000000000016,68624.4253822793,0.613296853625171,0.44525547445255476,539.0279823269514
6.75,113,26620,112.0,54.0,54.0,297.0,656.0,63405.99655415459,0.4439140811455847,0.4424778761061947,444.44444444444446
8.34,177,34485,112.0,54.0,60.0,220.0,466.00000000000006,53014.332854543725,0.5544286680189318,0.480225988700565,575.5395683453238
0.86,27,3560,83.0,54.0,60.0,148.0,293.6,12670.792866941016,0.584334668446818,0.5555555555555556,906.9767441860465
8.39,194,43882,112.0,54.0,60.0,220.0,485.5000000000008,104413.04410670634,0.35042314202184954,0.4587628865979381,607.8665077473182
0.98,27,5501,112.0,54.0,60.0,238.0,549.4000000000002,48925.22908093278,0.44953886693017125,0.48148148148148145,795.9183673469389
1.82,35,6113,112.0,54.0,60.0,238.0,419.2000000000003,31518.111020408163,0.4986516303015445,0.45714285714285713,527.4725274725274
6.85,153,26919,112.0,54.0,60.0,272.0,413.6000000000002,25683.54555940023,0.5650581395348837,0.43790849673202614,578.1021897810219
5.59,159,56829,148.0,54.0,60.0,364.0,1509.0,234369.1610300226,0.24048284292325156,0.42138364779874216,697.6744186046512
3.2,57,14262,112.0,54.0,60.0,292.0,691.6,91512.5872576177,0.36126753841748593,0.42105263157894735,449.99999999999994
7.59,153,34189,112.0,54.0,60.0,297.0,509.0,74529.98675723013,0.5152012054600248,0.47058823529411764,529.6442687747035
7.41,164,34429,112.0,54.0,60.0,268.25,460.5000000000002,62393.75769631172,0.8865205479452055,0.4695121951219512,607.2874493927126
7.27,200,73145,112.0,54.0,60.0,420.25,1509.0,234833.729375,0.24185059422750424,0.45,676.7537826685008
1.53,36,4887,71.5,54.0,60.0,121.0,363.5,16284.131944444445,0.3208108108108108,0.5555555555555556,705.8823529411765
2.79,60,10527,112.0,54.0,60.0,193.0,372.4000000000001,31714.814166666663,0.514022724004027,0.45,580.6451612903226
0.02,5,636,112.0,54.0,54.0,148.0,220.0,6240.960000000001,0.5288461538461539,0.4,6000.0
8.45,196,33756,112.0,54.0,60.0,232.75,364.0,36315.08225739275,0.5236289776574137,0.4744897959183674,646.1538461538463
2.01,51,8426,112.0,54.0,60.0,256.0,328.0,20541.737793156477,0.6129402756508423,0.45098039215686275,686.5671641791046
5.8,139,26711,112.0,54.0,60.0,220.0,446.20000000000005,58099.95103773096,0.5352031725961263,0.4676258992805755,641.3793103448276
2.89,78,14003,112.0,54.0,60.0,263.5,450.49999999999994,27196.50575279422,0.6909793503200097,0.44871794871794873,726.6435986159169
3.78,52,15075,112.0,54.0,58.5,402.0,704.1999999999999,138286.16383136093,0.2757044935262757,0.4423076923076923,365.07936507936506
7.95,197,58833,112.0,54.0,60.0,297.0,1042.0000000000005,178458.12754773375,0.2656340755082285,0.40609137055837563,596.2264150943396
2.16,48,13163,130.0,54.0,60.0,328.0,653.7000000000002,113364.80164930555,0.5109044995408631,0.4583333333333333,555.5555555555555
0.39,7,2211,88.0,57.6,60.0,220.0,800.4000000000004,245244.1224489796,0.28771112405358185,0.5714285714285714,461.5384615384615
0.15,1,60,60.0,60.0,60.0,60.0,60.0,0.0,0.0,1.0,400.0
9.07,222,37782,112.0,54.0,60.0,220.0,364.0,28050.50474799124,0.5771414259475706,0.4864864864864865,674.7519294377067
3.53,79,18525,112.0,54.0,60.0,300.0,551.2,82122.37654222081,0.6968947513053037,0.4936708860759494,628.8951841359774
3.51,55,13860,112.0,54.0,60.0,240.5,811.0000000000002,106997.09090909091,0.638685268384961,0.45454545454545453,427.35042735042737
6.9,151,31956,112.0,54.0,60.0,256.0,592.0,73051.30617078199,0.5646298472385429,0.46357615894039733,608.695652173913
2.69,51,8369,112.0,54.0,60.0,220.0,364.0,22392.794309880814,0.4182341975936282,0.43137254901960786,490.7063197026023
4.17,86,16242,83.0,54.0,60.0,267.75,467.5,47476.23634396971,0.5405482310537798,0.5232558139534884,575.5395683453238
1.0,22,3469,97.5,54.6,60.0,220.0,256.0,20504.398760330576,0.7555668016194332,0.5,540.0
6.79,138,34362,112.0,54.0,60.0,297.75,560.7999999999998,111835.89855072464,0.353794027263415,0.43478260869565216,512.5184094256259
1.67,36,5920,148.0,57.0,60.0,266.25,313.0,11859.3024691358,0.672316384180791,0.4444444444444444,574.8502994011976
0.02,2,151,75.5,63.1,67.75,83.25,87.9,240.25,1.5166666666666666,1.0,3000.0
5.18,134,33960,112.0,54.0,60.0,292.0,568.5000000000001,125690.61862330139,0.28514664143803214,0.4253731343283582,648.6486486486486
4.04,91,25851,112.0,54.0,60.0,269.0,777.0,157601.36770921387,0.18849708059399567,0.4065934065934066,549.5049504950496
7.16,139,23921,112.0,54.0,60.0,238.0,428.8,29539.163914911234,0.677136647269158,0.4676258992805755,527.9329608938548
8.83,181,34479,112.0,54.0,60.0,220.0,436.0,55985.03446170752,0.49628954563207917,0.47513812154696133,557.1913929784824
1.76,42,6796,112.0,54.0,60.0,211.0,319.7,24090.535147392286,0.5392978482446206,0.47619047619047616,647.7272727272727
3.22,65,11591,112.0,54.0,60.0,184.0,316.00000000000006,48792.587928994086,0.46573090541224077,0.46153846153846156,540.3726708074533
2.0,47,14623,112.0,54.0,60.0,292.0,1062.199999999999,197584.96242643736,0.1863540483530748,0.44680851063829785,570.0
4.29,79,15674,112.0,54.0,60.0,290.0,452.00000000000006,44987.506809806124,0.5633353281468183,0.4936708860759494,489.51048951048955
0.48,9,1694,112.0,54.0,60.0,256.0,451.6,24886.617283950618,0.39080459770114945,0.4444444444444444,500.0
0.58,11,1439,112.0,60.0,60.0,130.0,297.0,9937.239669421488,0.8055207026348808,0.45454545454545453,517.2413793103449
3.46,99,18108,86.0,54.0,60.0,184.0,407.2000000000001,50579.032139577605,0.656118529357966,0.5252525252525253,763.0057803468209
2.48,66,9834,108.5,54.0,60.0,148.0,297.5,22862.0,0.6292246520874751,0.48484848484848486,725.8064516129032
8.59,205,56823,112.0,54.0,60.0,292.0,804.0,154467.87783462222,0.2956426568164717,0.424390243902439,607.6833527357393
4.33,110,26857,112.0,54.0,60.0,274.0,475.6000000000003,123544.07611570247,0.29200942897002935,0.42727272727272725,637.4133949191686
1.18,16,3521,112.0,57.0,60.0,464.5,508.0,38923.80859375,1.1614487415592387,0.4375,355.93220338983053
9.63,247,37664,112.0,54.0,60.0,184.0,328.0,19967.56963726663,0.5753722603312699,0.47368421052631576,716.5109034267913
8.73,183,29104,112.0,54.0,60.0,184.0,364.0,28721.697990384906,0.6308416451865965,0.47540983606557374,597.9381443298969
8.6,240,53480,112.0,54.0,60.0,220.0,436.0,107074.03055555558,0.3246804716139899,0.45,718.6046511627907
0.92,19,3131,112.0,54.0,60.0,184.0,396.5999999999999,25705.113573407205,0.9149847094801223,0.47368421052631576,586.9565217391304
6.77,150,31592,112.0,54.0,60.0,256.0,463.5999999999999,82674.91715555558,0.4049630881437339,0.46,593.7961595273265
2.15,71,33138,148.0,54.0,60.0,597.0,1508.0,334385.66078159097,0.13369825521724255,0.36619718309859156,725.5813953488372
3.12,81,15329,112.0,54.0,60.0,256.0,436.0,53649.2476756592,0.4171211981140797,0.48148148148148145,692.3076923076923
8.05,174,29980,112.0,54.0,60.0,184.0,364.0,46415.40494120757,0.48137167704318606,0.45977011494252873,596.2732919254657
6.55,173,31923,112.0,54.0,60.0,220.0,364.0,53761.96030605768,0.5787053063646704,0.4797687861271676,696.1832061068702
4.25,93,15615,112.0,54.0,60.0,184.0,356.7999999999999,28631.87235518557,0.59842358480909,0.4731182795698925,578.8235294117648
8.72,204,40554,112.0,54.0,60.0,273.5,464.40000000000003,52519.888985005775,0.4594069382467252,0.4362745098039216,612.3853211009174
9.57,197,37626,112.0,54.0,60.0,184.0,391.4000000000004,60585.14210621249,0.5628011297557733,0.4467005076142132,532.9153605015674
6.63,157,31408,112.0,54.0,60.0,220.0,411.20000000000016,72143.44963284515,0.39498112369531424,0.45222929936305734,624.4343891402715
6.52,142,27371,112.0,54.0,60.0,256.0,440.5,43893.49558619322,0.5230649379555952,0.4647887323943662,579.7546012269939
9.67,204,37604,112.0,54.0,60.0,220.0,450.7000000000004,42949.42810457516,0.5426649163111257,0.4852941176470588,570.8376421923475
1.12,27,7384,184.0,54.0,60.0,310.0,649.2000000000004,92827.95336076817,0.755587256300523,0.4074074074074074,589.2857142857142
0.75,31,7007,83.0,54.0,60.0,267.0,480.0,84576.93444328828,0.25259206292456204,0.5483870967741935,1120.0
7.3,162,32684,112.0,54.0,60.0,287.25,414.4000000000001,48957.11187319006,0.5648759934884612,0.4567901234567901,591.7808219178082
5.92,118,25289,112.0,54.0,60.0,283.0,547.2999999999998,66609.60507038207,0.8457776804612802,0.4661016949152542,557.4324324324324
7.43,141,27410,112.0,54.0,60.0,267.0,415.0,49495.16141039183,0.511108660896411,0.475177304964539,524.899057873486
2.34,42,9117,112.0,54.0,60.0,247.0,485.2999999999998,82093.11394557824,0.8164973102211596,0.47619047619047616,512.8205128205128
9.05,197,34750,112.0,54.0,60.0,220.0,377.2000000000002,31589.163029194257,0.6841135989144131,0.4619289340101523,596.6850828729281
2.1,38,7705,86.0,54.0,60.0,247.0,408.70000000000016,63802.86495844874,0.8973159320364442,0.5,542.8571428571428
9.51,243,68392,112.0,54.0,60.0,297.0,802.2,153653.11978187607,0.3856034360501631,0.4732510288065844,681.3880126182966
9.94,223,53192,112.0,54.0,60.0,266.5,573.6000000000006,101250.12358985704,0.37867399305375565,0.4439461883408072,579.4768611670021
1.41,29,5782,112.0,54.0,60.0,266.0,437.8,41380.78715814506,0.31051677243880327,0.4482758620689655,510.63829787234044
8.05,162,37821,112.0,54.0,60.0,292.0,543.7,83044.54492455418,0.4258623939679548,0.43209876543209874,514.2857142857142
3.58,88,15675,112.0,54.0,54.0,264.0,400.0,30865.245738636364,0.40709156193895873,0.48863636363636365,670.391061452514
1.23,38,6231,83.0,54.0,60.0,184.0,349.6000000000003,29969.28878116343,0.3619672131147541,0.5263157894736842,780.4878048780488
2.75,70,13165,112.0,54.0,60.0,253.75,397.3,60557.18061224488,0.3928269149386373,0.4714285714285714,654.5454545454546
5.06,121,24087,112.0,54.0,60.0,266.0,462.0,42792.276620449426,0.5975989918418784,0.4462809917355372,616.600790513834
9.03,180,35757,112.0,54.0,60.0,256.0,511.0999999999998,54950.49416666667,0.5385310442752033,0.45,538.2059800664452
7.49,168,31661,112.0,54.0,60.0,256.0,404.50000000000017,49682.5220734127,0.5132151221144196,0.44642857142857145,600.8010680907877
6.8,160,35840,112.0,54.0,60.0,220.0,434.3999999999999,114571.725,0.3045060784741938,0.48125,617.6470588235294
7.6,191,38726,112.0,54.0,60.0,292.0,500.0,46686.52059976426,0.6305684210526316,0.4607329842931937,671.0526315789475
2.39,64,13423,112.0,54.0,60.0,256.0,418.9000000000001,67442.91381835938,0.38724679619677554,0.46875,677.8242677824267
5.83,136,31466,112.0,54.0,60.0,298.25,609.5,76011.33542387544,0.44671264367816094,0.47794117647058826,617.4957118353345
5.31,116,21962,109.0,54.0,60.0,220.0,422.5,48666.427170035684,0.6622767181350288,0.49137931034482757,598.8700564971751
8.48,199,42496,112.0,54.0,60.0,220.0,476.00000000000034,82052.31807277593,0.4621524910542252,0.45226130653266333,629.7169811320755
4.77,112,18682,112.0,54.0,60.0,184.0,308.1,35712.53284438776,0.5149205319493999,0.45535714285714285,641.5094339622642
1.07,26,4533,112.0,54.0,60.0,247.0,297.0,31132.918639053256,0.872366790582404,0.46153846153846156,672.8971962616822
2.69,59,10512,112.0,54.0,60.0,238.0,358.6000000000004,41796.072967538064,0.526797385620915,0.4915254237288136,624.5353159851302
5.64,122,18730,112.0,54.0,60.0,184.0,297.9,26703.773985487776,0.7061395518309346,0.4672131147540984,595.7446808510638
9.44,203,37159,112.0,54.0,60.0,220.0,436.0,46590.1946176806,0.5134199486824421,0.458128078817734,591.1016949152543
9.53,209,38438,112.0,54.0,60.0,220.0,418.20000000000016,41691.849041917536,0.6383785857380333,0.45933014354066987,572.9275970619098
8.18,210,40449,112.0,54.0,60.0,220.0,457.99999999999994,68011.96074829933,0.4338532435306629,0.4666666666666667,689.4865525672371
8.12,192,38894,112.0,54.0,60.0,256.0,509.80000000000007,59606.838433159726,0.4932811180219611,0.4375,620.6896551724138
4.72,85,18598,112.0,54.0,60.0,256.0,512.0000000000007,75076.91294117647,0.4261176290161797,0.4470588235294118,470.3389830508475
4.66,115,21359,83.0,54.0,60.0,220.0,401.8000000000005,50036.33603024576,0.7391906196563798,0.5043478260869565,643.7768240343347
9.97,220,41580,112.0,54.0,60.0,220.0,404.59999999999974,48477.88181818182,0.5351103891309164,0.4590909090909091,589.7693079237713
7.62,185,32398,112.0,54.0,60.0,184.0,398.4,35636.24940832725,0.5191072349603789,0.4594594594594595,661.4173228346457
1.28,25,4410,112.0,54.0,60.0,292.0,412.60000000000014,21850.8,0.5227900552486188,0.44,515.625
0.56,6,1126,220.0,54.0,86.5,256.0,289.0,10521.888888888889,0.3501199040767386,0.3333333333333333,214.28571428571428
5.5,90,15260,101.5,54.0,60.0,256.0,398.10000000000036,26986.4024691358,0.7477952124613446,0.5,458.1818181818182
2.43,50,7686,112.0,54.0,60.0,175.0,361.3,17472.321599999996,0.6701434159061278,0.44,543.2098765432098
2.89,67,12211,112.0,54.0,60.0,222.5,324.3999999999999,43174.069948763645,0.38180377956320016,0.44776119402985076,581.3148788927335
8.98,207,40023,112.0,54.0,60.0,220.0,476.00000000000006,51072.49737450116,0.6018811286772063,0.47342995169082125,621.380846325167
7.34,169,30892,112.0,54.0,60.0,220.0,400.0,51175.832848989885,0.4457808770534001,0.48520710059171596,613.0790190735695
6.89,163,31599,112.0,54.0,60.0,220.0,426.8000000000002,54543.77763559034,0.4999287985949589,0.4539877300613497,609.5791001451379
0.83,27,3519,112.0,57.6,60.0,130.0,256.0,11596.666666666664,1.092152199762188,0.48148148148148145,867.4698795180723
1.65,32,4569,112.0,54.0,60.0,229.0,297.9,9739.2958984375,0.5738890802617982,0.4375,509.09090909090907
1.18,55,46448,951.0,54.0,110.5,1509.0,1509.0,452222.2135537189,0.04382219425592161,0.23636363636363636,661.0169491525425
1.47,52,45030,1509.0,54.6,99.0,1509.0,1509.0,472891.46005917154,0.03189880379485769,0.25,530.6122448979592
5.91,127,22897,112.0,54.0,60.0,238.0,461.80000000000007,32370.363940727886,0.5547633598153052,0.48031496062992124,609.1370558375635
8.72,201,39600,112.0,54.0,60.0,220.0,436.0,61441.477389173524,0.42533203757693555,0.4527363184079602,612.3853211009174
0.6,23,2890,112.0,54.0,57.0,166.0,266.40000000000003,6550.487712665404,0.5487674169346195,0.43478260869565216,1000.0
6.6,180,45852,112.0,54.0,60.0,256.0,571.8999999999997,144646.46222222224,0.26841683034108826,0.4166666666666667,681.8181818181819
6.17,130,25000,112.0,54.0,60.0,277.25,442.3000000000002,33767.82840236686,0.5286779992662346,0.4461538461538462,534.8460291734198
3.16,68,14033,112.0,54.0,60.0,241.5,439.00000000000006,69067.40895328722,0.6538597525044195,0.45588235294117646,588.6075949367089
6.6,164,28331,112.0,54.0,60.0,184.0,361.3000000000002,44379.58993902439,0.4271106185774733,0.4878048780487805,663.6363636363636
7.13,182,64551,119.0,54.0,60.0,363.75,1508.0,227033.2630419032,0.21904743919021,0.4175824175824176,622.7208976157083
9.91,210,38151,112.0,54.0,60.0,223.75,446.2,38217.925374149665,0.489342598376015,0.4666666666666667,581.2310797174572
0.29,19,3945,148.0,54.0,60.0,256.0,464.7999999999999,39562.4432132964,0.4903664525878353,0.42105263157894735,1655.1724137931037
0.65,24,5066,97.5,54.0,60.0,293.5,571.0999999999998,62644.993055555555,0.20647773279352227,0.5,923.0769230769231
3.81,107,30223,112.0,54.0,60.0,256.5,1188.0,178837.89309109966,0.4676346331277619,0.4766355140186916,708.6614173228346
0.52,17,2562,148.0,54.0,54.0,184.0,261.20000000000005,14097.9723183391,0.35987261146496813,0.4117647058823529,807.6923076923077
3.78,90,20531,112.0,54.0,60.0,292.0,588.0000000000001,69828.06283950618,0.5054260155448013,0.4666666666666667,634.9206349206349
9.1,187,42779,112.0,54.0,60.0,266.0,493.8000000000002,92066.63982384397,0.43202892243832225,0.44919786096256686,534.065934065934
5.7,108,22930,112.0,54.0,60.0,256.0,544.0,69030.45644718793,0.5808341951051361,0.46296296296296297,515.7894736842105
5.32,136,30024,112.0,54.0,60.0,263.75,450.5,88778.60640138408,0.3717105263157895,0.4338235294117647,631.578947368421
6.41,136,31606,112.0,54.0,60.0,220.0,554.0,108159.01881487889,0.3775879353179619,0.47794117647058826,589.7035881435257
2.21,67,12474,112.0,54.0,60.0,256.0,464.3999999999999,32132.9231454667,0.5503355704697986,0.43283582089552236,787.3303167420814
4.92,99,17825,112.0,54.0,60.0,220.0,495.8,34164.04795429037,0.5702078928823114,0.46464646464646464,536.5853658536585
2.85,63,11678,112.0,54.0,60.0,291.0,444.80000000000007,31388.390526581006,0.6226205363345838,0.47619047619047616,589.4736842105264
2.58,71,17248,83.0,54.0,57.0,319.0,652.0,79551.27673080737,0.48306104901117797,0.5211267605633803,767.4418604651162
8.07,213,49545,112.0,54.0,60.0,266.0,500.8000000000004,106031.95715135885,0.3820469190214511,0.460093896713615,698.8847583643122
1.82,39,9553,112.0,54.0,60.0,256.0,548.8000000000001,106012.30506245891,0.4690143010918038,0.4358974358974359,560.4395604395604
0.91,34,9028,184.0,54.0,60.0,409.5,524.1,83345.30795847751,0.41682360326428125,0.4117647058823529,923.0769230769231
1.35,29,4452,112.0,54.0,60.0,148.0,378.4,24703.90487514863,1.0422018348623854,0.4827586206896552,622.2222222222222
8.05,182,45540,112.0,54.0,60.0,292.0,580.0,122211.2813669847,0.2693722823057197,0.42857142857142855,581.3664596273292
9.53,227,40683,112.0,54.0,60.0,242.0,388.6,43170.49773913719,0.5914798732543128,0.4669603524229075,654.7743966421826
1.87,46,7490,112.0,54.0,60.0,220.0,387.0,18655.70888468809,0.5735294117647058,0.43478260869565216,641.711229946524
7.6,194,61189,112.0,54.0,60.0,291.75,1508.7,213385.53005101497,0.2095556258401202,0.4381443298969072,663.1578947368422
9.35,187,40324,112.0,54.0,60.0,292.0,544.0,57872.95867768595,0.593078381795196,0.47593582887700536,539.0374331550803
1.01,21,3393,60.0,60.0,60.0,220.0,328.0,26599.578231292522,1.1777920410783056,0.6190476190476191,653.4653465346535
9.95,244,52126,112.0,54.0,60.0,292.75,508.0,56029.44591507658,0.5305966643175946,0.45491803278688525,651.2562814070352
8.35,183,39075,112.0,54.0,60.0,280.5,501.60000000000036,61966.31496909434,0.3709083254394274,0.4371584699453552,574.8502994011976
8.7,193,32080,112.0,54.0,60.0,184.0,362.2000000000001,29943.97336841258,0.5949090185940141,0.48186528497409326,593.1034482758621
3.47,78,14044,112.0,54.0,60.0,211.0,371.2999999999999,52595.35634451019,0.6290453543672427,0.47435897435897434,622.4783861671469
7.85,192,35621,112.0,54.0,60.0,220.0,472.10000000000014,44218.89515516494,0.4263233763113638,0.4635416666666667,657.3248407643313
5.17,128,20118,112.0,54.0,60.0,193.0,322.9,20449.626708984375,0.5789969390157759,0.4296875,638.2978723404256
8.11,188,39516,112.0,54.0,60.0,220.0,486.1000000000003,81567.27184246265,0.3358574760826206,0.44680851063829785,591.861898890259
3.57,102,17793,112.0,54.0,60.0,148.0,327.5,58364.57987312574,0.6125611745513866,0.4803921568627451,789.9159663865546
6.47,185,55832,112.0,54.0,60.0,256.0,1278.9999999999968,192305.83888970045,0.22232195634564442,0.43243243243243246,732.612055641422
2.15,63,10624,112.0,54.0,60.0,202.0,420.8000000000003,28717.311161501635,0.42013099852960833,0.47619047619047616,781.3953488372092
8.71,196,45243,112.0,54.0,60.0,258.5,619.5,90586.15022386506,0.45172469115995506,0.4846938775510204,606.1997703788747
5.64,126,21047,112.0,54.0,60.0,184.0,409.0,26832.149218946844,0.6155204175621738,0.48412698412698413,606.3829787234042
6.35,159,40504,112.0,54.0,60.0,294.0,515.2000000000006,119659.05929354063,0.38191743432275677,0.4276729559748428,633.0708661417324
9.42,202,34523,112.0,54.0,60.0,184.0,388.3000000000002,42487.58026173904,0.5712270162024394,0.4752475247524752,585.9872611464968
5.8,121,36327,112.0,54.0,54.0,270.0,1151.0,185464.23946451748,0.23338878891793705,0.4380165289256198,537.9310344827586
7.82,141,25967,112.0,54.0,60.0,220.0,364.0,50678.4343845883,0.4924420943732398,0.44680851063829785,483.3759590792839
5.72,112,22255,112.0,54.0,60.0,229.0,425.20000000000016,62301.814971301006,0.6975591151792525,0.4642857142857143,513.986013986014
2.5,71,11317,112.0,54.0,60.0,148.0,328.0,30869.61912318984,0.66084531846199,0.4788732394366197,792.0
0.32,11,1405,112.0,54.0,60.0,130.0,184.0,12015.289256198344,0.5804274465691789,0.45454545454545453,937.5
9.46,216,44752,112.0,54.0,60.0,220.0,482.5,78378.9657064472,0.4417525773195876,0.47685185185185186,621.5644820295983
0.3,18,3550,112.0,54.0,60.0,322.75,429.7,31931.95061728395,1.3793565683646112,0.4444444444444444,1600.0
0.32,7,708,60.0,54.0,57.0,130.0,176.8,3467.2653061224482,0.5663716814159292,0.5714285714285714,750.0
0.76,12,1688,112.0,60.0,60.0,148.0,340.6000000000001,12696.222222222226,1.2506666666666666,0.4166666666666667,394.7368421052632
4.06,83,12968,112.0,54.0,60.0,184.0,381.9999999999998,19883.845550878214,0.5756986634264885,0.4457831325301205,546.7980295566502
9.17,199,30709,112.0,54.0,60.0,166.0,335.2000000000003,27061.171132042124,0.5469749634779104,0.4723618090452261,601.9629225736096
4.32,90,14459,83.0,54.0,60.0,184.0,271.3000000000002,44685.4924691358,0.5459210948358816,0.5333333333333333,555.5555555555555
5.96,124,26517,112.0,54.0,60.0,256.0,461.1,84592.80716701355,0.3474770059454241,0.4596774193548387,533.5570469798658
0.98,16,3254,130.0,54.0,58.5,239.5,368.0,52206.859375,0.38941076003415886,0.4375,428.5714285714286
2.36,66,11776,112.0,54.0,60.0,184.0,393.5,59227.57759412305,0.7297297297297297,0.45454545454545453,762.7118644067797
7.92,179,33243,112.0,54.0,60.0,184.0,434.40000000000003,46467.11994007678,0.5334901743703294,0.45251396648044695,606.060606060606
8.26,202,39784,112.0,54.0,60.0,211.0,424.3000000000002,76406.54210371533,0.4280996482159523,0.46534653465346537,653.7530266343826
9.29,216,47125,112.0,54.0,60.0,292.0,543.0,53496.54010202332,0.4677484660665898,0.44907407407407407,607.1044133476857
2.3,58,20314,112.0,54.0,55.5,400.0,1181.400000000002,214497.803804994,0.2666957660410301,0.4827586206896552,678.2608695652175
1.58,40,9884,112.0,54.0,60.0,256.0,521.7000000000003,131223.44,0.23426573426573427,0.45,683.5443037974684
4.25,111,18135,83.0,54.0,60.0,184.0,298.0,43888.05502800096,0.8730634166494526,0.5135135135135135,720.0
3.15,70,15805,112.0,54.0,60.0,285.5,478.30000000000024,93276.16836734694,0.31194488254337177,0.42857142857142855,571.4285714285714
5.98,156,25212,112.0,54.0,60.0,193.0,378.0,31070.082840236686,0.5069934249850567,0.47435897435897434,702.3411371237459
4.67,92,16942,112.0,54.0,60.0,193.0,432.4000000000002,43283.56379962193,0.5469320672023374,0.44565217391304346,526.7665952890792
9.44,213,41939,112.0,54.0,60.0,256.0,459.8000000000002,48721.2005995283,0.5075667709119667,0.431924882629108,584.7457627118645
5.02,126,29113,112.0,54.0,60.0,220.0,387.0,122206.76675485008,0.32247660579631143,0.46825396825396826,681.2749003984064
4.5,90,16243,112.0,54.0,60.0,220.0,409.90000000000083,32222.33839506173,0.5396208530805687,0.45555555555555555,533.3333333333334
2.5,61,10913,112.0,54.0,60.0,256.0,400.0,30159.957538296156,0.6937761912152723,0.45901639344262296,672.0
9.42,213,36510,112.0,54.0,60.0,220.0,434.4000000000001,30588.52330886729,0.5812724674087227,0.47417840375586856,624.203821656051
3.85,93,16141,112.0,54.0,60.0,184.0,462.6,32617.386287432073,0.5117542380818582,0.43010752688172044,623.3766233766235
2.42,61,9836,83.0,54.0,60.0,220.0,364.0,22658.054286482125,0.6164338537387017,0.5245901639344263,669.4214876033058
1.93,45,10684,112.0,54.0,60.0,184.0,682.4000000000002,113333.13283950616,0.2388682745825603,0.4666666666666667,590.6735751295338
1.43,36,6673,97.5,54.0,54.0,166.0,382.0,67417.3973765432,0.3375425937061535,0.5,671.3286713286714
2.68,91,20946,87.0,54.0,60.0,204.5,442.0,140559.9690858592,0.544918129517628,0.5494505494505495,850.7462686567164
1.91,33,4840,112.0,54.0,60.0,148.0,361.4000000000001,18020.28282828283,0.4993804213135068,0.45454545454545453,471.20418848167543
3.9,85,18277,112.0,54.0,60.0,266.0,478.0000000000001,80067.29356401385,0.6150039763188124,0.4470588235294118,584.6153846153846
1.64,43,7140,112.0,54.0,60.0,261.5,322.4000000000001,20654.695511087073,0.48998330550918195,0.4186046511627907,658.5365853658537
3.69,78,13571,112.0,54.0,60.0,243.25,366.4,40348.628040762655,0.5557720967557033,0.44871794871794873,569.1056910569106
4.88,104,19318,112.0,54.0,60.0,220.0,444.7,49554.89903846154,0.3507201789959446,0.4807692307692308,565.5737704918033
1.18,35,6115,83.0,54.0,60.0,184.0,321.6,62633.91836734694,0.44460193716040636,0.5142857142857142,762.7118644067797
8.71,183,34271,112.0,54.0,60.0,256.0,409.60000000000014,42187.59747976948,0.5306386779812416,0.453551912568306,537.3134328358208
5.84,112,16795,112.0,54.0,60.0,184.0,324.0,21317.685507015307,0.5329499817451625,0.4642857142857143,534.2465753424658
1.22,25,3523,112.0,54.0,60.0,148.0,252.40000000000015,20202.873600000003,0.8483735571878279,0.48,590.1639344262295
5.74,134,24977,112.0,54.0,60.0,184.0,391.0,59613.08983069725,0.45604523726244606,0.4552238805970149,616.7247386759582
0.48,7,1810,112.0,57.6,60.0,400.0,637.6,66231.67346938774,0.967391304347826,0.42857142857142855,375.0
3.05,67,13062,112.0,54.0,57.0,256.0,406.79999999999995,55099.05769659166,0.3509152963077878,0.4925373134328358,609.8360655737706
8.96,229,70503,112.0,54.0,60.0,310.0,990.4000000000012,182926.41627734026,0.23782853731762557,0.4279475982532751,636.1607142857142
1.7,26,6575,148.0,57.0,60.0,353.5,661.0,59485.40976331361,0.5408952425591751,0.38461538461538464,352.94117647058823
5.35,119,23268,112.0,54.0,60.0,292.0,425.8,39572.61888284726,0.6185308848080133,0.47058823529411764,583.177570093458
4.29,138,75949,184.0,54.0,60.0,1509.0,1509.0,388010.46088006714,0.08885894109045031,0.37681159420289856,671.3286713286714
7.11,190,58268,112.0,54.0,60.0,292.0,1456.6999999999996,201902.38825484764,0.21996566307943555,0.4473684210526316,683.5443037974683
1.85,48,10836,112.0,54.0,60.0,184.0,576.4000000000005,100365.72916666667,0.36473551637279594,0.4583333333333333,713.5135135135135
5.94,118,24731,112.0,54.0,60.0,268.5,454.49999999999994,61166.09027578283,0.45776598880047153,0.4576271186440678,535.3535353535353
2.25,57,11046,91.0,54.0,60.0,220.0,450.4,70189.71006463529,0.5861573808156232,0.5087719298245614,720.0
0.29,7,862,112.0,54.0,57.0,130.0,217.60000000000008,7708.408163265306,0.7449392712550608,0.42857142857142855,620.6896551724138
6.24,137,32560,112.0,54.0,60.0,300.0,513.4000000000003,84787.77047258778,0.3107890499194847,0.43795620437956206,557.6923076923076
7.45,164,35165,112.0,54.0,60.0,256.0,542.4000000000001,66741.75591165973,0.5025209365920356,0.4634146341463415,604.0268456375838
9.41,249,47984,112.0,54.0,60.0,266.0,457.60000000000025,41483.444170255316,0.525529344439499,0.4497991967871486,695.0053134962806
1.51,34,5673,112.0,54.0,60.0,247.0,347.49999999999994,24613.066608996538,0.5745212323064113,0.47058823529411764,635.7615894039735
9.12,206,46584,112.0,54.0,60.0,286.5,578.5,81322.15628240175,0.44995019920318724,0.46601941747572817,592.1052631578948
8.86,192,33557,112.0,54.0,60.0,220.0,400.0,35373.3508843316,0.6330235047934206,0.453125,575.6207674943566
7.28,149,26036,112.0,54.0,60.0,292.0,364.0,22699.911355344353,0.5047971332793897,0.436241610738255,535.7142857142857
4.22,70,11822,83.0,54.0,60.0,184.0,331.30000000000007,45431.67265306122,0.6405772966971968,0.5142857142857142,454.97630331753555
8.21,257,124444,148.0,54.0,60.0,961.0,1509.0,347607.7735317719,0.09277390914918467,0.3852140077821012,686.9671132764921
2.48,77,15958,112.0,54.0,60.0,297.0,472.0,48506.341710237815,0.5686621448933451,0.4805194805194805,870.9677419354839
7.61,135,24104,112.0,54.0,60.0,184.0,364.0,49542.92916323731,0.6073619631901841,0.4444444444444444,473.0617608409987
4.76,106,23716,112.0,54.0,60.0,266.75,454.0,92091.5906016376,0.4161342329969547,0.46226415094339623,605.0420168067227
3.5,76,12423,112.0,54.0,54.0,184.0,297.0,33248.669494459835,0.40658967391304346,0.47368421052631576,565.7142857142857
6.21,118,50851,148.0,54.0,60.0,452.5,1509.0,300030.3778368285,0.13699579644038995,0.3983050847457627,434.7826086956522
3.61,100,19653,112.0,54.0,60.0,293.0,475.70000000000033,36764.729100000004,0.5766546329723226,0.44,731.3019390581718
1.17,18,3096,86.0,54.0,54.0,265.0,396.4000000000001,23316.0,0.6973684210526315,0.5,461.53846153846155
1.58,31,5680,112.0,54.0,54.0,202.0,309.0,69480.36836628513,0.35302525011910435,0.4838709677419355,569.620253164557
6.62,174,31081,97.5,54.0,60.0,220.0,389.2000000000006,43328.03861144139,0.6086641478184359,0.5,716.012084592145
4.39,87,21725,112.0,54.0,60.0,184.0,601.6000000000008,148581.60708151673,0.26573059892798884,0.4827586206896552,533.0296127562643
0.15,6,510,86.0,57.0,60.0,112.0,112.0,733.0,1.1982758620689655,0.5,1200.0
0.21,4,338,83.0,66.9,77.25,90.25,103.30000000000001,340.25,1.3636363636363635,0.75,285.7142857142857
5.57,121,24763,112.0,54.0,60.0,220.0,472.0,73812.45802882317,0.35235650701763965,0.4297520661157025,560.1436265709156
9.58,237,62367,112.0,54.0,60.0,297.0,616.0000000000007,137717.43684238638,0.3831363243219268,0.4430379746835443,645.0939457202504
8.22,179,31192,112.0,54.0,57.0,184.0,438.00000000000017,35762.6043506757,0.3892748975592375,0.46368715083798884,583.941605839416
8.78,205,35083,112.0,54.0,60.0,220.0,345.39999999999986,40066.088661511014,0.5070017182130584,0.44878048780487806,628.7015945330297
9.4,212,39511,112.0,54.0,60.0,220.0,363.9,59615.696043965814,0.47986815985617437,0.46226415094339623,612.7659574468084
8.75,214,38707,112.0,54.0,60.0,220.0,436.0,45340.02613765395,0.5229383065785332,0.49065420560747663,672.0
5.57,122,21861,112.0,54.0,60.0,184.0,450.8,45404.4644584789,0.4924221736755871,0.45081967213114754,581.6876122082585
5.26,131,21437,112.0,54.0,54.0,184.0,400.0,34107.619369500615,0.4246693693094969,0.4732824427480916,707.2243346007606
1.54,34,5092,112.0,54.0,60.0,220.0,297.7,12905.062283737023,0.6247606892150607,0.4411764705882353,584.4155844155844
2.32,77,15743,112.0,54.0,60.0,220.0,413.4000000000003,81235.83234946874,0.43666727505019165,0.4675324675324675,879.3103448275863
1.3,20,3107,83.0,59.4,60.0,166.0,274.0000000000002,28518.127499999995,0.785632183908046,0.55,415.38461538461536
1.44,39,7249,83.0,54.0,57.0,256.0,459.20000000000016,49660.1117685733,0.6741339491916859,0.5384615384615384,791.6666666666666
9.15,213,46628,112.0,54.0,60.0,292.0,460.40000000000003,78052.38171438649,0.4366526990386985,0.460093896713615,616.3934426229508
0.73,7,837,112.0,54.0,57.0,130.0,207.60000000000005,6364.530612244898,0.3565640194489465,0.42857142857142855,246.57534246575344
3.84,92,18407,112.0,54.0,60.0,290.0,360.5000000000002,59668.9616020794,0.5985236647850629,0.42391304347826086,609.375
1.53,41,14933,148.0,54.0,54.0,298.0,1509.0,254324.80547293276,0.20612228414506098,0.4878048780487805,784.313725490196
1.69,30,5588,112.0,54.0,60.0,261.25,334.2000000000001,42142.66222222222,0.7354037267080745,0.4666666666666667,497.0414201183432
9.41,214,40209,112.0,54.0,60.0,220.0,447.1,49957.74078522141,0.5679079742639891,0.4672897196261682,605.7385759829968
5.16,111,20242,112.0,54.0,60.0,238.0,364.0,40011.924194464744,0.6391610656733339,0.45045045045045046,558.1395348837209
2.5,60,11284,112.0,54.0,60.0,229.0,474.70000000000005,51607.962222222224,0.4425978010738941,0.4666666666666667,648.0
8.9,227,61866,112.0,54.0,60.0,292.0,763.6,156030.25740844963,0.3053275661989661,0.47577092511013214,680.8988764044943
9.51,218,47850,87.0,54.0,60.0,256.0,524.3000000000002,84688.6353000589,0.4083056185066368,0.5045871559633027,649.8422712933753
0.01,4,971,189.0,71.4,97.5,334.25,457.1,35256.6875,0.2062111801242236,0.25,6000.0
4.47,185,50891,87.0,54.0,60.0,256.0,641.1999999999998,196141.1600876552,0.4056345808589974,0.5459459459459459,1140.9395973154362
0.1,5,1182,184.0,106.0,184.0,220.0,412.0,26240.640000000003,0.2521186440677966,0.2,600.0
8.91,254,59163,112.0,54.0,60.0,256.0,497.2000000000006,107804.49440448884,0.40827402347004355,0.43700787401574803,747.4747474747475
0.83,24,3945,112.0,54.0,60.0,184.0,220.0,41021.734375,0.8171349608475357,0.4583333333333333,795.1807228915662
4.22,105,19743,112.0,54.0,60.0,220.0,457.6000000000003,47866.25632653061,0.6529638312123242,0.47619047619047616,682.4644549763034
3.41,85,24048,112.0,54.0,54.0,266.0,704.0000000000002,170846.2402768166,0.1961798647035416,0.47058823529411764,703.8123167155426
9.28,209,38600,112.0,54.0,60.0,220.0,446.40000000000003,46459.24777363155,0.5101721439749609,0.44976076555023925,607.7586206896552
6.48,158,23381,97.5,54.0,60.0,148.0,313.20000000000016,26070.588247075786,0.6300195203569436,0.5,712.9629629629629
4.72,133,29351,112.0,54.0,60.0,220.0,495.3999999999998,98821.94538979023,0.3546406978354179,0.49624060150375937,762.7118644067797
3.87,80,15326,112.0,54.0,60.0,273.25,436.0,34996.269374999996,0.7738425925925926,0.4375,527.1317829457364
6.61,145,35939,112.0,54.0,60.0,292.0,480.9999999999999,105786.28936979786,0.42231280671204685,0.42758620689655175,553.7065052950076
6.6,144,27054,112.0,54.0,60.0,220.0,433.3000000000002,47289.95659722222,0.47868386532575424,0.4722222222222222,618.1818181818181
0.09,4,807,119.5,69.3,83.25,238.0,400.00000000000006,32259.1875,12.45,0.5,666.6666666666666
1.39,29,4979,112.0,54.0,60.0,220.0,483.79999999999995,27273.938168846613,0.3607543044547691,0.4827586206896552,604.31654676259
5.6,133,23556,83.0,54.0,60.0,220.0,398.2,39076.64141556899,0.7202950412619586,0.5037593984962406,642.8571428571429
6.18,116,21347,112.0,54.0,60.0,184.0,408.0,60073.05967598098,0.5174154108615298,0.47413793103448276,514.5631067961166
7.04,194,40789,112.0,54.0,60.0,220.0,443.8000000000006,85149.78672016154,0.4358784806561763,0.4484536082474227,724.4318181818182
3.9,89,23641,112.0,54.0,54.0,256.0,751.0000000000001,144471.0198207297,0.254696953614266,0.4606741573033708,615.3846153846154
2.95,54,8692,112.0,54.0,60.0,247.0,364.0,25218.294924554186,0.8489683046160391,0.46296296296296297,508.4745762711864
8.03,166,30258,112.0,54.0,60.0,220.0,360.5,44389.031644650895,0.37286751361161524,0.4578313253012048,537.9825653798257
0.84,18,3287,112.0,54.0,60.0,282.25,420.6,21316.79320987654,1.0634023854362837,0.4444444444444444,571.4285714285714
3.95,84,15152,112.0,54.0,60.0,184.0,399.70000000000016,42982.02154195011,0.542816413807148,0.4523809523809524,577.2151898734177
3.39,61,11677,112.0,54.0,60.0,256.0,508.0,34600.93308250471,0.5280031405391259,0.45901639344262296,477.87610619469024
3.45,48,10246,83.0,54.0,60.0,229.0,582.4000000000008,64886.123263888876,0.5954531298660853,0.5208333333333334,365.2173913043478
2.47,67,11890,83.0,54.0,60.0,175.0,491.79999999999995,49261.20383158833,0.688201050688627,0.5223880597014925,728.744939271255
6.21,115,20946,112.0,54.0,60.0,184.0,359.00000000000006,48167.963251417765,0.33041158536585363,0.45217391304347826,473.42995169082127
3.79,90,18988,112.0,54.0,60.0,256.0,508.0,69622.48839506172,0.5715941069359377,0.4777777777777778,664.9076517150396
8.89,177,40144,112.0,54.0,54.0,220.0,474.4,120967.70666155955,0.3827024420487032,0.480225988700565,553.4308211473566
8.9,207,34725,112.0,54.0,60.0,184.0,427.4,32564.813694601977,0.5285236376441588,0.463768115942029,633.7078651685392
9.34,186,37187,112.0,54.0,60.0,256.0,472.0,60049.22629783789,0.4114856145145373,0.44623655913978494,533.1905781584583
5.81,120,23352,112.0,54.0,60.0,220.0,472.0,50335.10666666666,0.730034079122833,0.49166666666666664,578.3132530120482
5.91,111,18180,112.0,54.0,60.0,184.0,328.0,28302.09739469199,0.4852941176470588,0.4594594594594595,517.7664974619289
4.06,124,25080,87.0,54.0,60.0,184.0,328.0,92190.64308012485,0.3407462846145622,0.5080645161290323,812.807881773399
5.13,118,23252,112.0,54.0,60.0,247.0,364.0,93644.11605860386,1.1074956947339798,0.4406779661016949,608.187134502924
7.33,172,26048,112.0,54.0,60.0,184.0,327.6,21121.921038399134,0.6358726370658796,0.45930232558139533,638.4720327421555
1.47,25,4508,112.0,54.0,60.0,220.0,382.00000000000017,35625.657600000006,0.38112745098039214,0.44,448.9795918367347
0.02,1,364,364.0,364.0,364.0,364.0,364.0,0.0,364,0.0,0.0
5.07,106,18301,112.0,54.0,60.0,220.0,324.5,42706.35929156284,0.49176719921747636,0.4716981132075472,556.2130177514792
4.25,98,14238,83.0,54.0,60.0,184.0,333.2999999999999,19349.795918367345,0.44930781758957655,0.5102040816326531,649.4117647058823
8.27,183,50129,112.0,54.0,60.0,256.0,873.2000000000028,155853.35560930456,0.3938273321284582,0.4426229508196721,558.645707376058
4.21,105,21682,87.0,54.0,60.0,184.0,367.2000000000005,134079.67854875283,0.9179124281291464,0.5714285714285714,627.0783847980997
0.04,3,566,148.0,72.8,101.0,256.0,320.8,16843.555555555555,0.554945054945055,0.3333333333333333,1500.0
4.78,97,17696,112.0,54.0,60.0,220.0,454.20000000000005,39274.03932405144,0.42376699654034916,0.4639175257731959,564.8535564853556
6.48,126,20824,112.0,54.0,60.0,247.0,383.5,22078.387503149406,0.44021024967148487,0.4444444444444444,499.99999999999994
0.55,13,3088,91.0,54.0,60.0,301.0,613.8000000000002,58943.47928994083,0.5174447174447174,0.5384615384615384,654.5454545454545
1.08,18,2316,86.0,54.0,60.0,175.0,230.8,10868.888888888892,1.5964125560538116,0.5,499.99999999999994
8.15,199,33170,112.0,54.0,60.0,195.5,328.0,32444.387212444133,0.6562640435412194,0.45226130653266333,647.8527607361963
4.06,93,16321,112.0,54.0,60.0,247.0,454.59999999999985,29586.271476471276,0.6844875632160181,0.43010752688172044,591.1330049261084
3.46,90,20853,104.5,54.0,60.0,211.0,587.2000000000006,116464.76555555554,0.38447749302881423,0.5,676.3005780346821
0.77,22,1926,71.5,54.0,60.0,110.5,148.0,1440.8842975206612,1.2765957446808511,0.6818181818181818,857.1428571428571
8.19,201,33432,112.0,54.0,60.0,220.0,364.0,24246.658350040834,0.49986541049798117,0.4527363184079602,637.3626373626374
2.33,52,8790,86.0,54.0,60.0,229.0,435.4,23273.536982248515,0.7714631197097944,0.5,669.527896995708
9.82,213,39923,112.0,54.0,60.0,220.0,400.0,56351.77588221032,0.5340249759846302,0.460093896713615,586.5580448065173
6.91,157,27224,112.0,54.0,60.0,220.0,358.6,35021.39948882309,0.571824480369515,0.47770700636942676,633.863965267728
6.49,144,25989,112.0,54.0,60.0,220.0,444.2000000000001,45398.332899305555,0.5077449672216743,0.4791666666666667,637.904468412943
9.11,195,42593,112.0,54.0,60.0,256.0,490.7999999999999,76792.32652202499,0.4346390919195662,0.4512820512820513,579.5828759604831
3.53,79,12069,112.0,54.0,60.0,148.0,299.40000000000003,24447.6442877744,0.7017766497461929,0.46835443037974683,594.900849858357
7.04,185,35351,112.0,54.0,60.0,220.0,436.0,56137.592520087645,0.5205385177857113,0.4648648648648649,690.3409090909091
6.45,143,26009,91.0,54.0,60.0,184.0,351.9999999999999,65700.56628685999,0.4875035744924221,0.5104895104895105,613.953488372093
2.01,33,6718,112.0,54.0,54.0,292.0,398.2,45461.15335169881,0.32977038796516234,0.45454545454545453,447.7611940298508
9.08,193,32603,112.0,54.0,60.0,220.0,344.80000000000024,32974.27453085989,0.6184164805162571,0.45077720207253885,561.6740088105727
0.57,17,2349,112.0,54.0,60.0,184.0,265.6,11593.204152249134,0.44022072348252606,0.47058823529411764,842.1052631578948
5.09,131,19970,112.0,54.0,60.0,166.0,328.0,22592.536798554862,0.5159796553556517,0.48854961832061067,683.6935166994107
0.53,19,9961,184.0,54.0,60.0,945.5,1509.0,339560.82548476453,0.07768040679433084,0.3157894736842105,679.2452830188679
5.43,120,20870,83.0,54.0,54.0,184.0,438.00000000000017,47303.72638888888,0.4906078137275909,0.5083333333333333,629.8342541436464
1.19,18,4570,112.0,58.2,60.0,220.0,788.1000000000003,97717.65432098764,0.33080955154338965,0.4444444444444444,403.36134453781517
2.15,60,12439,112.0,54.0,60.0,265.0,514.5,64253.78305555555,0.6104350077679959,0.45,697.6744186046511
4.45,93,19114,112.0,54.0,60.0,256.0,411.19999999999993,81844.01271823332,0.3688054998567746,0.43010752688172044,539.3258426966291
7.58,153,28193,112.0,54.0,60.0,220.0,391.80000000000047,49106.86283053526,0.4132537971828162,0.45098039215686275,538.2585751978892
8.81,174,48255,112.0,54.0,60.0,256.0,765.1000000000017,159929.2432619897,0.3514913877608178,0.42528735632183906,476.73098751418837
0.76,11,1333,60.0,54.0,57.0,148.0,291.0,7900.148760330578,1.2864493996569468,0.5454545454545454,473.6842105263158
7.09,179,32181,112.0,54.0,60.0,184.0,364.0,49806.05867482289,0.660098013928295,0.4748603351955307,693.935119887165
1.05,25,4553,83.0,54.0,60.0,266.0,421.6,28497.7056,0.5496936691626957,0.52,628.5714285714286
9.57,218,43709,112.0,54.0,60.0,220.0,405.9000000000005,75547.30504587156,0.4429698590340365,0.481651376146789,608.1504702194358
2.69,52,16832,112.0,54.0,60.0,293.5,1429.1999999999994,211977.17455621308,0.21058688147295743,0.4230769230769231,490.7063197026023
3.76,76,16030,112.0,54.0,60.0,258.5,444.5,73955.75692520775,0.4582006731556445,0.4473684210526316,526.5957446808511
9.12,214,56447,112.0,54.0,60.0,264.25,641.6000000000008,142512.5129924011,0.40373520342186414,0.43457943925233644,611.8421052631579
5.72,137,28361,112.0,54.0,60.0,220.0,392.60000000000025,85986.07277958337,0.3794931660100199,0.46715328467153283,650.3496503496503
4.69,115,20633,112.0,54.0,60.0,220.0,378.4000000000002,37396.22578449905,0.5608593690899463,0.45217391304347826,665.2452025586354
3.71,70,12351,112.0,54.0,60.0,220.0,400.0,25602.73244897959,0.528021774093777,0.45714285714285713,517.5202156334232
2.83,98,35646,112.0,54.0,55.5,247.0,1514.0,284135.0928779676,0.14499550301940126,0.45918367346938777,954.0636042402826
3.72,88,15397,112.0,54.0,60.0,193.0,382.19999999999993,40281.760201446275,0.4608159392789374,0.4772727272727273,629.0322580645161
6.9,148,31147,112.0,54.0,60.0,258.75,502.4000000000001,57532.55857377648,0.6097472737609179,0.4527027027027027,565.2173913043478
6.19,157,37486,112.0,54.0,60.0,299.0,574.0,83561.58140289667,0.5080661383111397,0.4840764331210191,697.8998384491115
8.74,197,45796,112.0,54.0,60.0,321.0,534.4,64239.63977427915,0.917113194909578,0.4517766497461929,604.1189931350115
2.95,29,10016,112.0,54.0,60.0,400.0,1253.9999999999998,211519.1319857313,0.4686217008797654,0.4827586206896552,284.74576271186436
1.09,17,3572,60.0,54.0,60.0,328.0,443.20000000000005,42275.044982698964,1.494413407821229,0.5294117647058824,495.4128440366972
3.46,54,10024,83.0,54.0,60.0,247.0,400.0,46104.56652949246,0.6465177398160316,0.5555555555555556,450.8670520231214
7.24,146,36572,98.5,54.0,60.0,286.5,654.5,121501.38693938823,0.3992959902050811,0.5,546.9613259668508
3.09,102,24787,83.0,54.0,60.0,265.75,500.8000000000004,159534.34304113803,0.7659589626674266,0.5490196078431373,970.873786407767
2.92,77,15067,112.0,54.0,60.0,256.0,356.80000000000007,61802.45302749199,0.4027557955497626,0.4935064935064935,698.6301369863014
9.99,209,36977,112.0,54.0,60.0,220.0,413.6000000000003,36218.12811062018,0.45854370463868727,0.45933014354066987,558.5585585585585
3.8,71,15560,83.0,54.0,60.0,238.0,556.0,87741.00416584007,0.607936343908236,0.5070422535211268,536.8421052631579
6.29,124,24238,112.0,54.0,60.0,290.5,454.9000000000001,42139.97476586887,0.792618889135419,0.49193548387096775,543.7201907790143
2.65,47,9900,112.0,54.0,60.0,298.0,594.4,44082.01810774106,0.9163763066202091,0.46808510638297873,498.1132075471698
5.48,141,40806,148.0,54.0,60.0,436.0,724.0,92042.59544288517,0.7675647578619077,0.4397163120567376,667.8832116788321
9.06,197,41086,112.0,54.0,60.0,297.0,436.0,63085.21105929038,1.2871298151859274,0.4873096446700508,569.5364238410597
5.15,83,22624,106.0,54.0,60.0,364.0,745.5999999999998,121263.18362607053,2.179761068165847,0.4939759036144578,454.3689320388349
0.41,6,1410,194.0,57.0,60.0,409.0,454.0,33205.0,2.1473214285714284,0.5,439.0243902439025
6.76,143,27946,112.0,54.0,60.0,267.5,472.0,36583.04181133551,0.8959294436906378,0.46153846153846156,585.7988165680473
0.01,1,148,148.0,148.0,148.0,148.0,148.0,0.0,0.0,0.0,0.0
3.05,57,13232,112.0,54.0,60.0,298.0,486.4,80984.12065250849,0.41201579340518624,0.47368421052631576,531.1475409836066
3.33,78,16239,84.5,54.0,60.0,220.0,498.19999999999993,78339.95019723865,0.8219454729047458,0.5,702.7027027027027
3.67,67,13905,112.0,54.0,60.0,292.0,536.8,40584.54711517041,0.7654900964956831,0.47761194029850745,490.4632152588556
9.08,224,52320,112.0,54.0,60.0,292.0,501.9000000000001,96236.83418367348,0.3831755935071115,0.4419642857142857,654.1850220264316
4.07,76,17908,107.5,54.0,60.0,272.5,706.0,84800.39058171745,0.9700770077007701,0.4868421052631579,545.4545454545454
0.76,14,1811,83.0,54.0,60.0,175.0,285.1,8128.086734693877,0.4675850891410049,0.5714285714285714,473.6842105263158
0.32,4,950,212.0,55.8,58.5,391.0,439.6,34042.75,1.240566037735849,0.5,375.0
8.78,168,30901,88.0,54.0,60.0,265.0,374.8000000000004,37330.12071286847,0.7054473204923009,0.5119047619047619,546.6970387243737
5.27,149,31329,78.0,54.0,60.0,292.0,473.0000000000001,66120.19323453897,0.4512229016120067,0.5234899328859061,808.349146110057
1.69,32,5780,130.0,54.0,60.0,264.5,360.80000000000007,21452.796875,0.44862155388471175,0.4375,497.0414201183432
7.01,164,36052,112.0,54.0,60.0,298.0,533.2000000000006,63508.3732897085,0.5703458489415454,0.47560975609756095,667.6176890156919
2.98,50,12473,87.0,54.0,60.0,457.0,650.2,74488.40839999999,0.8286175047646973,0.52,483.22147651006713
1.17,28,4824,97.5,54.0,60.0,202.0,324.4000000000001,33836.704081632655,0.4246898995865328,0.5,666.6666666666666
5.25,122,20725,97.0,54.0,60.0,256.0,364.0,23985.222588013978,0.6218013929102434,0.5,617.1428571428572
2.76,61,11484,112.0,54.0,60.0,291.0,429.0,33045.30825047031,0.5947785029856965,0.47540983606557374,608.695652173913
0.59,21,2965,83.0,54.0,60.0,148.0,256.0,18649.487528344667,0.6309130913091309,0.5238095238095238,1016.949152542373
6.84,114,25962,112.0,54.0,60.0,292.0,500.50000000000006,80625.42197599262,0.4118990646073526,0.43859649122807015,438.59649122807014
4.46,92,19041,112.0,54.0,60.0,292.0,492.70000000000005,52130.09676275992,0.4456761065978286,0.4782608695652174,551.5695067264573
8.4,175,32336,112.0,54.0,60.0,256.0,400.0,44542.241763265316,0.5322213798332069,0.49142857142857144,585.7142857142857
0.73,26,8082,112.0,54.0,60.0,341.5,742.0,160738.82248520714,0.21060515278609945,0.38461538461538464,821.9178082191781
2.58,53,9079,83.0,54.0,60.0,184.0,328.0,50688.512637949454,0.5588942307692307,0.5283018867924528,558.1395348837209
5.13,125,22910,112.0,54.0,60.0,220.0,380.2000000000002,52229.417599999986,0.41175745624845944,0.464,678.3625730994153
1.1,18,3790,130.0,54.0,60.0,295.5,409.6,42396.58024691358,0.3791848617176128,0.3888888888888889,381.8181818181818
6.71,165,39064,112.0,54.0,60.0,292.0,507.79999999999995,85667.26552800735,0.4231483842762942,0.4484848484848485,643.8152011922505
1.62,29,5456,112.0,54.0,60.0,256.0,444.99999999999994,28766.87752675386,0.6654456654456654,0.4482758620689655,407.40740740740733
0.26,8,1211,60.0,58.2,60.0,266.25,317.09999999999997,15030.234375,0.5271122320302648,0.625,1153.8461538461538
1.71,43,8892,83.0,54.0,60.0,279.5,490.80000000000035,62709.70037858301,0.42249240121580545,0.5348837209302325,666.6666666666666
6.53,128,26176,112.0,54.0,60.0,266.25,518.8,51426.390625,0.4527694527694528,0.4921875,542.1133231240428
0.01,4,973,205.0,71.4,97.5,350.75,445.70000000000005,31665.6875,0.058759521218716,0.25,6000.0
9.62,194,38369,112.0,54.0,60.0,256.0,426.40000000000055,50341.34777872251,0.5306578369968484,0.44329896907216493,536.3825363825364
1.66,38,6698,112.0,54.0,60.0,255.25,434.8000000000005,25795.614958448754,0.5515404215890665,0.47368421052631576,650.6024096385543
0.18,3,370,60.0,55.2,57.0,158.0,216.8,8806.222222222223,0.17088607594936708,0.6666666666666666,666.6666666666666
3.69,104,45871,130.0,54.0,54.0,584.25,1509.0,315456.42816198233,0.14177971375233353,0.4423076923076923,747.9674796747968
3.85,107,18444,112.0,54.0,60.0,267.0,364.0,30306.92567036422,0.571976476604449,0.48598130841121495,779.2207792207793
1.81,102,32069,112.0,54.0,54.0,265.75,1514.0,224372.61293733172,0.183401601535112,0.46078431372549017,1558.0110497237567
4.82,126,53743,148.0,54.0,60.0,493.75,1514.0,292540.931531872,0.14256861619576078,0.4126984126984127,647.3029045643153
7.22,137,31568,112.0,54.0,54.0,292.0,505.00000000000034,80244.25872449251,0.834069254008831,0.48175182481751827,548.4764542936288
6.26,110,23899,101.5,54.0,55.5,326.25,528.4000000000001,49882.63049586776,0.789383048817011,0.5,498.40255591054313
1.34,28,15532,238.0,58.2,60.0,1076.5,1508.0,332901.20408163266,0.5578736208625877,0.35714285714285715,447.76119402985074
6.32,127,30918,83.0,54.0,60.0,315.0,616.0,94591.36549073097,1.1031222365825455,0.5275590551181102,598.1012658227849
3.8,77,16214,112.0,54.0,60.0,321.0,445.8,45375.36178107608,0.8536641134103121,0.45454545454545453,521.0526315789474
7.4,122,23396,112.0,54.0,60.0,291.5,436.0,32572.406342381077,0.8788949566334725,0.45901639344262296,454.05405405405406
0.45,13,2109,112.0,55.2,60.0,220.0,379.4000000000001,18805.562130177517,0.943778801843318,0.46153846153846156,799.9999999999999
0.37,9,1292,112.0,54.0,60.0,184.0,277.6,10432.691358024693,0.6564102564102564,0.4444444444444444,648.6486486486486
1.41,14,1988,86.0,54.0,55.5,184.0,335.2000000000002,14277.142857142857,0.4574780058651026,0.5,297.8723404255319
6.72,154,30176,112.0,54.0,60.0,263.5,458.40000000000003,43280.296002698604,0.5417156286721504,0.461038961038961,580.3571428571429
9.54,197,36813,112.0,54.0,60.0,266.0,446.0,42295.07902806051,0.6661989680456233,0.48223350253807107,566.0377358490567
7.66,179,41448,112.0,54.0,60.0,294.5,544.0,72976.74997659249,0.7155629139072848,0.4581005586592179,626.6318537859007
9.3,197,41514,112.0,54.0,60.0,256.0,475.6,66967.7398026231,0.5841410364038769,0.467005076142132,580.6451612903226
8.13,195,37818,112.0,54.0,60.0,265.0,432.79999999999995,42310.6218540434,0.5934774364808495,0.4564102564102564,634.6863468634685
2.55,61,12523,112.0,54.0,60.0,268.0,471.0,39473.51948400967,0.43562994382666514,0.39344262295081966,564.7058823529412
6.2,166,35483,83.0,54.0,60.0,291.75,543.5,69528.69200899986,0.6703384644353434,0.5180722891566265,754.8387096774194
1.04,14,2818,86.0,60.0,60.0,247.0,536.8000000000002,39805.489795918365,1.9851694915254237,0.5,403.84615384615387
6.41,165,72489,148.0,54.0,60.0,580.0,1509.0,293549.85652892565,0.17558626058188187,0.4121212121212121,599.0639625585023
4.82,141,57557,148.0,54.0,60.0,481.0,1514.0,253858.13500326945,0.21387295427703729,0.41134751773049644,721.9917012448133
3.42,72,12122,112.0,54.0,60.0,256.0,396.4,20599.814043209877,1.416184971098266,0.4861111111111111,614.0350877192982
7.92,192,34301,112.0,54.0,60.0,220.0,328.0,45457.94593641494,0.5946536494653649,0.4375,636.3636363636364
7.89,162,29447,112.0,54.0,60.0,256.0,429.70000000000016,32966.50956409084,0.729632892804699,0.4691358024691358,562.7376425855513
2.97,53,12315,112.0,54.0,60.0,297.0,552.8000000000002,78351.43752224991,0.27762215997510115,0.4339622641509434,464.6464646464646
2.64,41,11379,148.0,54.0,60.0,364.0,724.0,99739.07792980371,0.27897043947398,0.4146341463414634,386.3636363636363
4.37,109,25578,112.0,54.0,60.0,292.0,632.0,77313.7655079539,0.8544189081418111,0.46788990825688076,672.7688787185355
3.55,75,13922,112.0,54.0,60.0,223.0,398.8000000000008,54574.87395555555,0.3774611655288414,0.4666666666666667,557.7464788732394
3.26,63,12796,112.0,54.0,60.0,274.0,525.4000000000003,60701.463844797174,0.3499314273657559,0.47619047619047616,533.7423312883436
9.86,225,59063,112.0,54.0,60.0,256.0,708.8,140204.64110617287,0.32223689807248873,0.4533333333333333,584.1784989858012
4.56,95,16686,112.0,54.0,60.0,202.0,363.6,37588.41927977839,0.5936962750716333,0.45263157894736844,552.6315789473684
6.54,144,30400,112.0,54.0,60.0,291.25,491.6000000000005,52201.82098765432,0.4136247384329226,0.4513888888888889,587.1559633027523
3.09,78,14578,83.0,54.0,60.0,211.0,354.09999999999974,57717.55358316895,0.7909090909090909,0.5256410256410257,699.0291262135922
8.48,208,50714,112.0,54.0,60.0,270.0,544.0,112545.28393121304,0.30598475484136795,0.4567307692307692,629.7169811320755
8.54,180,41959,112.0,54.0,60.0,292.0,585.3999999999996,86307.22774691359,0.43405447896373767,0.45555555555555555,533.9578454332553
4.02,80,19025,112.0,54.0,60.0,305.5,508.40000000000003,83587.12734375,0.46582941675013484,0.4625,537.313432835821
9.0,185,39089,112.0,54.0,60.0,267.0,553.5999999999997,64342.822907231544,0.6083360763660303,0.4702702702702703,553.3333333333334
8.52,208,75971,112.0,54.0,60.0,328.0,1509.0,254072.64661150146,0.17740685636352366,0.40384615384615385,591.5492957746479
2.46,51,11567,148.0,54.0,60.0,299.0,655.0,54507.02037677817,0.6844327945245376,0.45098039215686275,560.9756097560976
2.75,62,22542,112.0,54.0,60.0,347.5,1508.0,261328.14672216435,0.16100123609394315,0.46774193548387094,567.2727272727274
5.63,126,28118,112.0,54.0,60.0,285.75,541.5,76091.43512219704,0.5719796500251579,0.49206349206349204,586.145648312611
3.24,70,13160,83.0,54.0,60.0,220.0,403.6,50067.97142857143,0.5033127713045465,0.5285714285714286,611.1111111111111
9.57,189,41059,112.0,54.0,60.0,297.0,509.0000000000001,59376.11007530585,0.6733504503403024,0.4708994708994709,551.7241379310344
9.19,243,115796,112.0,54.0,60.0,656.0,1509.0,349090.15051906044,0.10956095130411453,0.3991769547325103,613.7105549510338
4.35,81,13111,112.0,54.0,60.0,220.0,328.0,22875.62353299802,1.1163841807909605,0.4691358024691358,524.1379310344828
1.17,28,6925,148.0,54.0,58.5,336.25,593.2,56767.57525510205,0.848145182812917,0.42857142857142855,615.3846153846154
6.98,114,21224,112.0,54.0,60.0,247.0,461.2000000000001,34600.863958140966,0.7354047424366312,0.4824561403508772,472.7793696275071
5.52,133,27574,112.0,54.0,60.0,292.0,500.7999999999999,46898.2037424388,0.522416077738516,0.45864661654135336,630.4347826086956
7.31,134,27454,112.0,54.0,60.0,220.0,443.0,61559.91111606149,0.3822374383244386,0.4626865671641791,467.8522571819426
1.8,43,9479,83.0,54.0,60.0,270.0,421.6000000000003,71145.87452677124,0.9207700101317122,0.5116279069767442,700.0
2.34,53,10437,112.0,54.0,60.0,292.0,472.0,40525.918832324685,0.8333040576146145,0.49056603773584906,666.6666666666666
5.15,108,24064,112.0,54.0,60.0,328.0,580.0,47401.05829903979,0.571372600235079,0.46296296296296297,559.2233009708738
9.32,156,33790,112.0,54.0,60.0,328.0,472.0,58576.41896778436,0.6641221374045801,0.47435897435897434,469.95708154506434
2.79,59,9036,83.0,54.0,60.0,220.0,364.0,14995.485205400748,0.9015151515151515,0.5254237288135594,580.6451612903226
8.77,151,30021,112.0,54.0,60.0,266.5,472.0,51096.60137713259,0.5436548745372275,0.48344370860927155,472.0638540478905
3.46,74,16699,88.0,54.0,60.0,256.0,461.2000000000001,90659.98046018992,0.749685666387259,0.5135135135135135,624.2774566473988
3.88,82,16975,112.0,54.0,60.0,291.0,414.30000000000007,67062.86570493753,0.4693153293516835,0.4878048780487805,572.1649484536083
8.45,133,24761,112.0,54.0,60.0,256.0,434.79999999999995,32810.11295155181,0.643501924863932,0.46616541353383456,433.13609467455626
2.12,53,9377,112.0,54.0,60.0,220.0,398.40000000000003,34521.013171947314,0.61783988957902,0.49056603773584906,679.2452830188679
4.73,96,15672,112.0,54.0,60.0,193.0,294.5,26024.416666666668,0.4932825154835636,0.4583333333333333,532.76955602537
7.59,166,34438,112.0,54.0,60.0,295.0,436.0,48364.63376397155,0.5181625815552813,0.4457831325301205,584.9802371541502
3.01,46,7751,112.0,54.0,60.0,220.0,346.0,21238.07608695652,0.685366383996521,0.45652173913043476,418.60465116279073
1.34,27,5641,83.0,54.0,60.0,238.0,466.0,70071.55006858711,0.3367298578199052,0.5185185185185185,537.3134328358209
0.92,18,4514,166.0,58.2,60.0,285.75,564.1000000000001,58926.61728395061,1.1352885525070955,0.3333333333333333,391.30434782608694
8.79,202,50304,101.5,54.0,60.0,292.0,646.2000000000003,107537.34565238703,0.5354373969843111,0.5,614.3344709897611
2.01,31,5926,112.0,54.0,60.0,256.0,516.0,31921.812695109264,0.45245098039215687,0.45161290322580644,417.91044776119406
3.99,86,17986,112.0,54.0,60.0,293.5,476.5,49725.538669551104,0.4453551912568306,0.43023255813953487,556.390977443609
2.65,70,16676,148.0,54.0,60.0,292.0,474.20000000000005,78290.43346938775,0.47889322454771194,0.4142857142857143,656.6037735849056
0.21,6,998,60.0,57.0,60.0,99.0,382.0,47560.55555555554,0.19951923076923078,0.6666666666666666,1142.857142857143
1.74,32,4855,112.0,54.0,54.0,229.0,297.40000000000003,12844.9521484375,0.47255080376099484,0.46875,517.2413793103448
9.67,205,35995,91.0,54.0,60.0,220.0,436.0,37107.36466389054,0.6517529368575624,0.5024390243902439,614.2709410548088
3.04,61,10977,112.0,54.0,60.0,292.0,436.0,23985.456597688797,0.811685096550586,0.45901639344262296,552.6315789473684
8.61,196,44343,112.0,54.0,60.0,292.0,472.0,85386.35576322366,0.4181137868176149,0.45918367346938777,620.2090592334496
7.54,193,39673,112.0,54.0,60.0,298.0,508.0,50020.028832988806,0.4916904797713942,0.46113989637305697,684.3501326259947
5.5,111,22882,112.0,54.0,60.0,274.0,508.0,49673.3666098531,0.6472536174501475,0.4774774774774775,534.5454545454546
5.04,95,17495,91.0,54.0,60.0,252.5,501.6000000000007,33807.83822714682,0.6631809107329594,0.5052631578947369,523.8095238095237
8.36,163,30621,112.0,54.0,60.0,220.0,436.0,50112.53837178667,0.5960075054727405,0.4785276073619632,545.4545454545455
4.64,90,15303,112.0,54.0,60.0,256.0,330.80000000000024,23159.832222222223,0.6253850238980351,0.4666666666666667,543.1034482758621
8.29,178,36032,112.0,54.0,60.0,256.0,515.4000000000002,62791.71657618988,0.452142022327006,0.4943820224719101,579.0108564535585
3.74,82,12885,112.0,54.0,60.0,184.0,300.70000000000005,24624.7990779298,0.5724920673663656,0.4634146341463415,577.5401069518716
6.07,134,19557,99.5,54.0,60.0,182.25,315.70000000000005,21121.631599465356,0.6168154761904762,0.5,622.7347611202636
2.68,59,15156,112.0,54.0,60.0,202.0,674.4000000000001,131062.0367710428,0.2668004012036108,0.423728813559322,537.3134328358209
1.47,37,7221,112.0,54.0,60.0,266.0,418.3999999999999,52414.4061358656,0.34094707520891365,0.43243243243243246,653.0612244897959
5.06,113,21350,112.0,54.0,60.0,184.0,404.0,49235.226251076834,0.5911462214935161,0.4424778761061947,592.8853754940711
0.31,9,910,83.0,54.0,60.0,112.0,148.00000000000003,5016.765432098766,0.49917627677100496,0.6666666666666666,774.1935483870968
9.6,152,26082,112.0,54.0,60.0,220.0,394.9000000000001,30412.07046398892,0.42407862407862407,0.45394736842105265,418.75
1.46,18,4153,86.0,54.0,55.5,247.0,475.6000000000004,110347.08950617285,2.002892263195951,0.5,369.86301369863014
6.63,138,27955,112.0,54.0,60.0,247.0,436.0,72661.18677798782,0.6969163530411557,0.4782608695652174,570.1357466063348
1.45,29,4598,83.0,54.0,60.0,184.0,335.1999999999998,30063.00594530322,0.6492109038737446,0.6206896551724138,579.3103448275862
9.58,175,43624,112.0,54.0,60.0,292.0,636.5999999999997,103171.07017142858,0.48305286418493965,0.45714285714285713,463.4655532359081
7.96,154,50780,115.0,54.0,60.0,328.75,1482.5000000000014,205569.2052622702,0.22962927089134805,0.4090909090909091,459.7989949748744
6.25,122,21032,112.0,54.0,60.0,220.0,392.8000000000004,35818.12389142704,0.8886494252873564,0.47540983606557374,537.6
4.27,110,20286,112.0,54.0,60.0,247.0,437.70000000000016,39056.40694214875,0.45003573981415296,0.4909090909090909,702.5761124121781
5.3,106,20703,112.0,54.0,60.0,220.0,433.0,58721.17666429335,0.5776118265640479,0.46226415094339623,554.7169811320755
7.85,189,29945,112.0,54.0,60.0,184.0,293.0000000000001,35927.3256627754,0.5792943410157693,0.4603174603174603,657.3248407643313
3.81,86,26454,112.0,54.0,60.0,320.75,1046.0,189732.23904813416,0.22296703804724702,0.4418604651162791,566.9291338582677
2.38,53,8457,112.0,54.0,60.0,184.0,346.6000000000002,27083.453186187253,0.651435266549502,0.4716981132075472,630.2521008403362
2.1,53,7012,83.0,54.0,54.0,148.0,328.0,11730.474902100392,0.8039619243632622,0.5283018867924528,742.8571428571428
4.06,102,15869,112.0,54.0,60.0,184.0,328.0,21109.49875048058,0.5227905191440361,0.4803921568627451,679.8029556650247
9.29,210,49821,112.0,54.0,60.0,263.5,576.4,107445.0981632653,0.43303802565725136,0.4380952380952381,581.270182992465
2.66,51,7353,112.0,54.0,60.0,184.0,292.0,14593.910034602077,0.5321942071264847,0.45098039215686275,518.796992481203
9.68,282,101209,112.0,54.0,60.0,297.75,1508.0,249229.79438911527,0.17504527933868946,0.41843971631205673,694.2148760330579
2.49,35,7149,112.0,54.0,60.0,278.0,534.4000000000001,43238.01959183674,0.5660460021905805,0.45714285714285713,385.54216867469876
5.08,110,18060,87.0,54.0,60.0,184.0,338.8000000000009,41837.34876033057,0.5359755060384419,0.5181818181818182,614.1732283464567
0.45,16,3235,112.0,54.0,58.5,291.25,477.0,30953.27734375,0.4604966139954853,0.4375,933.3333333333333
4.59,86,15116,112.0,54.0,60.0,220.0,424.0,26746.271498107093,0.6560035056967572,0.45348837209302323,509.80392156862746
0.64,13,2262,112.0,54.0,60.0,148.0,256.0,51564.92307692308,0.3962962962962963,0.46153846153846156,562.5
8.97,186,44328,112.0,54.0,60.0,267.25,562.0,93874.20776968438,0.40625594822663535,0.43548387096774194,528.4280936454849
9.63,194,46364,112.0,54.0,60.0,290.0,559.3000000000012,107488.123605059,0.3769712809242375,0.4484536082474227,517.1339563862928
2.33,85,45543,148.0,54.0,54.0,1509.0,1509.0,392595.90117647056,0.09903713892709766,0.43529411764705883,952.7896995708153
9.41,217,50656,112.0,54.0,60.0,266.0,508.8,104008.88207436982,0.3688591039290926,0.4700460829493088,599.3623804463338
7.67,180,32809,112.0,54.0,60.0,256.0,436.0,41564.82033950617,0.4510194153288223,0.48333333333333334,649.2829204693612
4.42,92,15398,112.0,54.0,60.0,184.0,396.0000000000002,30075.776465028353,0.7549578299521313,0.43478260869565216,542.9864253393665
7.66,151,32853,112.0,54.0,60.0,256.0,516.0,77716.33787991754,0.5455144187796961,0.4503311258278146,532.6370757180156
5.84,122,28829,148.0,54.0,60.0,266.5,586.0000000000002,87829.85064498794,0.4453524516193723,0.4426229508196721,534.2465753424658
4.53,98,15522,112.0,54.0,60.0,184.0,338.7999999999999,22524.400666389007,0.7319794688685561,0.4489795918367347,582.7814569536424
1.93,34,5891,112.0,54.0,60.0,220.0,328.0,25498.1946366782,0.4499138567560916,0.4411764705882353,466.3212435233161
4.94,90,18506,112.0,54.0,60.0,292.0,416.40000000000003,53839.057283950606,0.6336511299435028,0.43333333333333335,473.6842105263157
6.08,148,35405,112.0,54.0,60.0,297.25,573.2000000000004,82819.63271548576,0.44651903905866974,0.47297297297297297,671.0526315789474
3.89,83,17546,112.0,54.0,60.0,256.0,495.1999999999998,63124.26360865148,0.3727116257236739,0.4457831325301205,570.6940874035989
1.32,32,5646,97.5,54.0,60.0,273.0,328.0,23219.80859375,1.3933870284018652,0.5,636.3636363636363
3.11,79,13129,112.0,54.0,60.0,220.0,335.2000000000001,30536.432302515623,0.6032482598607889,0.4936708860759494,713.8263665594856
1.75,52,17126,166.0,54.0,60.0,435.25,856.3,150730.88017751483,0.2368915210169002,0.4230769230769231,754.2857142857142
4.82,95,20510,112.0,54.0,60.0,297.0,443.2000000000006,71984.32576177285,0.6266159092711555,0.47368421052631576,535.2697095435684
4.83,114,21761,112.0,54.0,60.0,283.0,472.0,31976.34664512157,0.7098294963463503,0.4649122807017544,645.9627329192547
0.52,16,2443,104.0,54.0,58.5,239.25,331.0,13072.83984375,0.5630198336532309,0.5,923.0769230769231
2.91,69,17207,112.0,54.0,54.0,290.0,514.4000000000001,133083.01743331234,0.18212420994778786,0.4927536231884058,680.4123711340206
7.3,201,33961,91.0,54.0,54.0,184.0,354.0,38668.834236776325,0.4943676845903371,0.5124378109452736,772.6027397260275
8.11,158,29434,112.0,54.0,60.0,220.0,372.70000000000033,56843.15574427175,0.42468538238141335,0.46835443037974683,525.2774352651048
8.34,195,41691,112.0,54.0,60.0,268.0,523.5999999999999,71582.85743589744,0.46048483150003505,0.4461538461538462,611.5107913669066
0.69,11,2667,112.0,60.0,60.0,350.5,616.0,61979.15702479338,2.2016806722689077,0.45454545454545453,434.7826086956522
9.11,194,36690,112.0,54.0,60.0,266.75,455.0,36552.68572643214,0.5898947003509988,0.4536082474226804,566.410537870472
6.31,134,21729,112.0,54.0,60.0,184.0,328.0,29306.191857874805,0.6594623491675576,0.4701492537313433,580.0316957210777
9.42,264,57394,112.0,54.0,60.0,292.0,490.5000000000001,64698.67969467401,0.37427866772023083,0.4356060606060606,719.7452229299363
0.45,11,1120,60.0,60.0,60.0,130.0,148.0,5057.785123966941,0.38957816377171217,0.6363636363636364,933.3333333333333
8.02,233,42090,112.0,54.0,60.0,220.0,411.20000000000016,43611.80014367552,0.49197121690120876,0.4978540772532189,785.5361596009976
5.51,112,19955,112.0,54.0,60.0,229.0,399.10000000000025,35945.78372130102,0.47476165841401224,0.48214285714285715,588.021778584392
7.53,165,28923,112.0,54.0,60.0,220.0,408.9999999999999,37434.26688705235,0.5373126395237589,0.47878787878787876,605.5776892430279
0.88,23,9482,148.0,54.0,60.0,437.5,1509.0,277023.6710775047,0.11160609613130129,0.34782608695652173,545.4545454545455
8.64,189,36723,112.0,54.0,60.0,256.0,406.6000000000006,51933.77676996725,0.5072029550584856,0.4497354497354497,569.4444444444443
6.83,145,30332,112.0,54.0,60.0,291.0,446.6,64989.0618787158,0.4643236458433909,0.45517241379310347,579.7950219619327
2.63,54,12505,148.0,54.0,60.0,292.0,436.9000000000001,76325.5037722908,0.5364295367981324,0.42592592592592593,524.7148288973384
9.23,215,42631,112.0,54.0,60.0,220.0,480.3999999999999,55695.18926987561,0.5051193334274819,0.4697674418604651,637.053087757313
9.12,214,40538,112.0,54.0,60.0,220.0,328.0,71754.47873176698,0.4057634289281132,0.4719626168224299,625.0
1.65,37,10843,148.0,54.0,60.0,297.0,583.6,151886.37545653764,0.18154080854309687,0.3783783783783784,509.09090909090907
2.34,61,9789,112.0,54.0,60.0,184.0,325.0,28921.82316581564,0.6315,0.47540983606557374,692.3076923076923
5.61,114,23470,112.0,54.0,60.0,223.75,546.8,56216.94983071714,0.6260218927532215,0.45614035087719296,545.4545454545455
5.07,114,29363,112.0,54.0,54.0,264.25,549.3000000000003,142316.8415666359,0.23978213139672352,0.45614035087719296,591.7159763313609
5.51,148,28382,97.5,54.0,60.0,220.0,446.3,65881.90668371072,0.4256580269238497,0.5,762.2504537205082
7.9,174,27811,112.0,54.0,60.0,184.0,363.4000000000007,25545.886015325672,0.5211398566974785,0.46551724137931033,592.4050632911392
6.66,162,27056,112.0,54.0,60.0,184.0,328.0,35294.03688462125,0.6302723547842853,0.47530864197530864,666.6666666666666
2.16,40,7895,112.0,54.0,60.0,292.0,369.6000000000001,49771.734375,0.5156459973123441,0.45,499.99999999999994
9.51,211,39689,112.0,54.0,60.0,220.0,445.0,49591.4640282114,0.45311756306520706,0.4597156398104265,586.7507886435332
1.96,42,6141,101.5,54.0,60.0,184.0,256.0,14829.739795918369,0.45728523967726625,0.5,612.2448979591837
4.17,83,19779,148.0,54.0,60.0,299.5,527.7999999999998,74172.81289011468,0.38198714365567354,0.3855421686746988,460.43165467625903
9.47,198,43018,112.0,54.0,60.0,292.0,572.0000000000003,73682.84011835525,0.5398217417761392,0.4898989898989899,563.8859556494192
7.62,171,34590,112.0,54.0,60.0,238.0,469.0,68158.72822406894,0.38720673751754564,0.4678362573099415,582.6771653543307
4.65,103,18016,112.0,54.0,60.0,220.0,431.9999999999998,35687.71081157507,0.6007107952021323,0.47572815533980584,606.4516129032259
7.69,144,32924,112.0,54.0,60.0,256.0,544.0,94464.96682098764,0.5337028928122234,0.4583333333333333,499.3498049414824
6.0,149,24738,112.0,54.0,60.0,256.0,305.4000000000004,24553.62344038557,0.4970951343500363,0.4563758389261745,650.0
2.25,51,11222,112.0,54.0,60.0,278.5,472.0,72045.76316801232,0.576123595505618,0.43137254901960786,586.6666666666667
4.65,119,24025,112.0,54.0,60.0,294.5,469.6,41420.38302379775,0.4737455526929211,0.44537815126050423,670.9677419354839
3.4,71,14420,112.0,54.0,60.0,184.0,364.0,83106.79309660784,0.6786961583236322,0.43661971830985913,547.0588235294118
1.19,25,4063,112.0,54.0,60.0,148.0,317.20000000000005,27100.6496,0.4211262679258482,0.48,605.0420168067227
2.23,51,9680,112.0,54.0,60.0,256.0,436.0,34417.49096501346,0.6225276567214214,0.43137254901960786,591.9282511210762
7.54,165,41155,112.0,54.0,60.0,266.0,653.8,117694.89880624425,0.5523159324079662,0.4666666666666667,588.8594164456233
1.76,41,10953,112.0,54.0,60.0,148.0,1012.0,179890.66151100537,0.34195050232786084,0.4634146341463415,579.5454545454545
5.18,101,17380,103.0,54.0,60.0,256.0,428.0,26658.25115184786,0.6439651910707529,0.48514851485148514,532.8185328185328
7.83,180,40736,112.0,54.0,60.0,292.0,547.0999999999998,81694.26987654321,0.424833857992305,0.4888888888888889,643.6781609195402
5.36,97,15306,112.0,54.0,60.0,184.0,369.20000000000005,26888.61728132639,0.6013810420590081,0.4639175257731959,492.53731343283584
0.68,20,7061,166.0,54.0,60.0,454.0,766.8000000000011,181186.14750000005,0.329004329004329,0.4,705.8823529411765
4.83,118,24307,112.0,54.0,60.0,220.0,374.7999999999999,75770.99145360533,0.4404148148148148,0.4745762711864407,645.9627329192547
1.84,24,3678,83.0,54.0,60.0,184.0,361.99999999999994,17789.4375,0.48486071861122326,0.5416666666666666,358.695652173913
2.23,54,10594,112.0,54.0,60.0,220.0,475.30000000000047,45720.41015089162,0.7968113975576662,0.4444444444444444,645.7399103139013
8.31,160,30235,112.0,54.0,60.0,220.0,467.5,47995.7302734375,0.5728554335951724,0.46875,512.6353790613719
4.64,103,21627,112.0,54.0,60.0,292.0,517.5999999999997,52277.98944292581,0.5828880919271024,0.4368932038834951,581.896551724138
8.17,161,30815,112.0,54.0,60.0,220.0,392.0,63216.251919293245,0.4248393212188468,0.4782608695652174,543.4516523867809
5.61,135,40692,112.0,54.0,57.0,276.5,1389.8000000000025,202328.16987654322,0.20790786036570885,0.4740740740740741,652.4064171122994
7.77,175,35831,112.0,54.0,60.0,256.0,529.5999999999998,54963.99392653061,0.6779526084106022,0.4514285714285714,602.3166023166023
1.77,32,5289,86.0,54.6,60.0,193.0,292.0,34264.2646484375,0.7144246353322529,0.5,542.3728813559321
7.0,177,42720,112.0,54.0,60.0,297.0,508.0,86228.29704108018,0.4377061317897287,0.4519774011299435,617.1428571428571
4.94,101,17139,112.0,54.0,60.0,220.0,325.0,35645.53945691599,0.5342404440068034,0.49504950495049505,558.7044534412955
3.6,72,15454,112.0,54.0,60.0,229.0,536.9999999999999,70766.25848765431,0.661006018916595,0.4444444444444444,533.3333333333333
3.0,40,7364,112.0,54.0,60.0,256.0,437.90000000000003,27010.939999999995,0.3621901590825009,0.425,340.0
8.35,197,37343,112.0,54.0,60.0,256.0,369.20000000000005,47198.00293746296,0.5369387167139976,0.45685279187817257,646.7065868263473
0.6,18,4401,130.0,54.0,60.0,268.75,459.70000000000016,115428.36111111111,0.40832,0.4444444444444444,800.0
6.06,135,24938,112.0,54.0,60.0,220.0,362.40000000000003,51916.76192043897,0.5134118218230368,0.4740740740740741,603.960396039604
3.22,74,18798,112.0,54.0,60.0,292.0,616.4000000000001,127165.64791818842,0.47992442135096836,0.4594594594594595,633.5403726708074
3.79,78,15605,112.0,54.0,60.0,220.0,455.8999999999999,61983.44460881,0.5163735302691672,0.44871794871794873,554.0897097625331
2.42,52,11050,112.0,54.0,58.5,274.5,445.0,59416.82692307692,0.9184027777777778,0.4807692307692308,619.8347107438017
0.54,18,2436,112.0,54.0,54.0,112.0,297.0,13952.333333333334,0.5655526992287918,0.4444444444444444,888.8888888888888
9.52,209,34063,112.0,54.0,60.0,148.0,345.60000000000036,34810.75561456926,0.5819710198773917,0.4688995215311005,598.7394957983194
8.48,188,32024,112.0,54.0,60.0,220.0,374.5000000000004,31376.979855138066,0.5505737665230233,0.4734042553191489,587.2641509433962
2.6,41,8163,112.0,54.0,60.0,184.0,328.0,80168.33194527068,0.2963315864697475,0.4146341463414634,392.3076923076923
7.83,166,36521,112.0,54.0,60.0,292.0,544.5,67277.88550587893,0.6707534653918295,0.4578313253012048,559.3869731800766
0.59,13,2353,112.0,60.0,60.0,184.0,493.60000000000014,33828.92307692308,1.2219074598678,0.46153846153846156,610.1694915254237
6.26,129,19497,83.0,54.0,60.0,184.0,333.4000000000001,25783.236343969715,0.5695540170664949,0.5116279069767442,575.0798722044728
6.38,143,41404,112.0,54.0,54.0,292.0,742.5999999999999,179051.99677245834,0.2844025313314307,0.4755244755244755,611.2852664576802
1.69,42,9165,112.0,54.0,60.0,263.5,509.9,61585.596938775496,0.9910927655876602,0.47619047619047616,710.0591715976332
0.74,18,2042,97.5,58.2,60.0,139.0,158.8,6075.802469135803,0.6751435602953241,0.5,567.5675675675676
1.68,20,2575,112.0,54.0,54.0,157.0,292.5,7232.0875,0.34464751958224543,0.45,321.42857142857144
9.22,198,37037,130.0,54.0,60.0,265.5,422.0000000000002,34844.254489337814,0.6565435190983093,0.45454545454545453,572.6681127982646
1.67,34,8513,130.0,54.0,60.0,323.25,658.7999999999998,56694.05968858132,0.6243083381034154,0.4117647058823529,502.99401197604794
4.09,83,15400,112.0,54.0,60.0,184.0,400.0,64746.48918565828,0.40498129732688626,0.46987951807228917,542.7872860635697
4.11,75,13767,112.0,54.0,60.0,220.0,551.2000000000006,33028.96639999999,0.7704475308641975,0.48,496.35036496350364
9.05,196,37594,112.0,54.0,60.0,256.0,419.0,48323.90118700542,0.5614720053164978,0.4642857142857143,596.6850828729281
7.59,192,62673,112.0,54.0,60.0,266.75,1509.0,223625.55639648438,0.2145224114877042,0.4635416666666667,632.4110671936759
6.97,145,24822,112.0,54.0,60.0,220.0,328.0,34520.26187871581,0.8691265060240964,0.4827586206896552,568.1492109038737
0.81,24,3970,112.0,54.0,60.0,193.0,357.79999999999995,21634.49305555556,0.3512593601089176,0.4166666666666667,740.7407407407406
5.15,80,16441,112.0,54.0,60.0,258.5,504.40000000000003,55044.549843749985,0.6032179424670893,0.4375,407.76699029126206
9.33,186,39678,112.0,54.0,60.0,256.0,464.5,80788.21852237254,0.46149029430181593,0.45161290322580644,520.9003215434084
2.3,30,7028,112.0,54.0,60.0,211.0,832.0,81108.52888888889,1.1284070260448213,0.4666666666666667,365.21739130434787
9.68,187,37386,112.0,54.0,60.0,266.0,447.0,44769.08530412651,0.6887704399674768,0.4385026737967914,508.26446280991735
1.14,25,4979,112.0,54.0,60.0,184.0,492.00000000000034,80689.09439999999,0.4709010339734121,0.48,631.578947368421
1.33,26,4253,112.0,54.0,60.0,175.0,292.0,37186.16715976332,0.454017094017094,0.46153846153846156,541.3533834586466
1.27,18,3258,86.0,54.0,55.5,266.5,407.2000000000001,24993.444444444445,1.0311720698254363,0.5,425.1968503937008
0.97,28,5773,101.5,54.0,60.0,264.75,493.6,43752.07525510203,0.7320732073207321,0.5,804.1237113402062
4.03,93,25732,112.0,54.0,60.0,292.0,727.599999999999,164280.451150422,0.3764108050280824,0.45161290322580644,595.5334987593052
0.34,6,1052,86.0,60.0,60.0,139.0,380.0,39223.555555555555,0.3282828282828283,0.5,529.4117647058823
1.3,28,6437,148.0,54.0,60.0,293.5,477.00000000000017,61355.52423469389,0.28150507664742186,0.39285714285714285,507.6923076923077
8.33,199,46482,112.0,54.0,60.0,292.0,588.8000000000006,97706.45498851039,0.5045639930083511,0.4723618090452261,641.0564225690276
7.95,146,48859,148.0,54.0,60.0,349.0,1215.0,193672.48756802402,0.2737629699150112,0.4041095890410959,437.73584905660374
8.49,152,30694,112.0,54.0,60.0,267.5,470.2000000000001,45888.9430401662,0.8119244391971665,0.48026315789473684,487.6325088339222
5.83,138,26061,112.0,54.0,60.0,256.0,418.19999999999993,45148.230466288594,0.5852189781021898,0.4782608695652174,638.0789022298457
9.52,229,44236,112.0,54.0,60.0,220.0,392.0,67909.73082130397,0.48907664860133976,0.47161572052401746,655.4621848739497
2.21,38,5908,148.0,58.2,60.0,184.0,319.2000000000003,16292.722991689752,0.7599046767947573,0.47368421052631576,461.5384615384615
3.93,82,14338,112.0,54.0,60.0,257.5,388.3000000000002,28570.320047590718,0.6406911545943472,0.4634146341463415,564.8854961832061
8.63,214,38163,112.0,54.0,60.0,220.0,400.0,42305.53945759455,0.6142035360798579,0.4719626168224299,667.4391657010428
4.19,111,15861,112.0,54.0,60.0,202.0,291.0,14622.438763087412,0.541099883404586,0.4774774774774775,758.9498806682576
2.16,45,8464,112.0,54.0,60.0,292.0,364.0,29704.258765432092,0.8432055749128919,0.4666666666666667,583.3333333333333
5.09,94,20573,112.0,54.0,60.0,256.0,436.0,76966.50215029427,0.43176282274340594,0.4574468085106383,506.87622789783893
4.25,98,23882,83.0,54.0,60.0,388.0,544.0,90799.19200333193,0.5553239986974927,0.5102040816326531,621.1764705882354
2.31,42,7154,112.0,54.0,60.0,220.0,391.8999999999999,27513.365079365078,0.7586037364798427,0.4523809523809524,493.50649350649354
4.32,103,19120,112.0,54.0,60.0,256.0,400.0,51027.39786973324,0.40867899506372946,0.49514563106796117,624.9999999999999
3.8,64,13559,112.0,54.0,60.0,256.0,475.6000000000003,84383.52709960938,0.40405923164543855,0.46875,473.68421052631584
6.89,147,28496,112.0,54.0,60.0,256.0,376.00000000000017,47374.725901244856,0.5327022375215146,0.4421768707482993,566.0377358490566
4.22,105,22262,112.0,54.0,60.0,184.0,608.8000000000009,67970.24725623583,0.42833311946618763,0.4666666666666667,682.4644549763034
0.92,24,4421,112.0,54.0,60.0,181.75,245.2,84122.33159722223,0.5324090121317158,0.4583333333333333,717.391304347826
3.52,94,17948,112.0,54.0,60.0,220.0,430.00000000000006,49738.91081937528,0.5657332286486958,0.46808510638297873,698.8636363636364
8.28,158,34982,112.0,54.0,60.0,268.0,544.0,75043.72199967953,0.5429604798870854,0.46835443037974683,536.2318840579711
1.77,31,5634,112.0,54.0,60.0,269.0,376.0,31591.35275754423,0.5888324873096447,0.4838709677419355,508.47457627118644
6.65,147,28185,112.0,54.0,60.0,256.0,472.0,43153.732333749824,0.6108475738698063,0.46938775510204084,604.5112781954887
2.55,46,19323,139.0,54.0,60.0,400.0,1509.0,306422.66965973534,0.20610448785968416,0.391304347826087,423.5294117647059
1.64,46,7535,112.0,54.0,54.0,220.0,292.0,49396.2443289225,0.3608452230449702,0.4782608695652174,804.8780487804879
1.97,37,7805,112.0,54.0,60.0,256.0,473.2,57919.40248356466,0.8658857279464499,0.4594594594594595,517.7664974619289
7.73,206,54933,97.0,54.0,60.0,266.0,686.5,160015.96062305584,0.3274932940238274,0.5,752.9107373868047
4.9,97,17079,112.0,54.0,60.0,256.0,356.8000000000004,23510.788606653205,0.7558342757273568,0.4536082474226804,526.5306122448978
6.42,113,26281,91.0,54.0,60.0,292.0,472.0,98868.26204088028,0.41326091632609163,0.504424778761062,495.32710280373834
6.83,146,26639,83.0,54.0,60.0,220.0,400.0,44426.262009757935,0.7598599458281033,0.5136986301369864,597.3645680819913
7.07,201,80710,112.0,54.0,60.0,436.0,1514.0,282435.28303754854,0.16355510704245657,0.43283582089552236,721.3578500707214
0.24,6,1052,140.0,54.0,55.5,280.0,332.0,15979.555555555557,0.11440677966101695,0.5,750.0
8.87,202,81822,148.0,54.0,60.0,499.0,1514.0,274859.2043917263,0.2170278591721081,0.4306930693069307,574.9718151071027
3.66,58,12973,130.0,54.0,60.0,296.5,553.0000000000001,50954.94441141498,0.6087549603174603,0.46551724137931033,426.22950819672127
8.36,149,27379,112.0,54.0,60.0,280.0,424.80000000000024,30624.334309265356,0.7881914963098426,0.48322147651006714,488.0382775119617
2.26,52,11796,112.0,60.0,60.0,382.0,504.4,45189.43786982248,1.4708839547549224,0.4423076923076923,610.6194690265488
5.66,132,34575,112.0,60.0,60.0,297.0,648.4000000000002,101387.23019972452,1.55524351489173,0.42424242424242425,583.0388692579505
2.27,59,12627,112.0,54.0,60.0,297.0,544.0,37683.508187302505,0.886034353995519,0.4576271186440678,687.2246696035241
5.54,125,19567,83.0,54.0,60.0,220.0,298.20000000000005,30887.736703999995,0.6247612721082787,0.528,638.9891696750902
1.42,42,10256,112.0,54.0,60.0,297.75,501.7999999999999,97441.63038548754,0.88460124954061,0.4523809523809524,802.8169014084507
0.5,9,1168,60.0,54.0,60.0,184.0,263.2,7956.839506172841,0.2807017543859649,0.5555555555555556,600.0
8.6,156,26047,83.0,54.0,60.0,220.0,400.0,27499.415639381987,0.8026853069416569,0.5256410256410257,523.2558139534883
9.82,186,42662,112.0,54.0,60.0,256.0,539.5,97791.84483755346,0.36444174369143184,0.45161290322580644,507.12830957230136
7.62,153,25947,112.0,54.0,60.0,220.0,354.4000000000004,34056.83044982699,0.7726993236318918,0.47058823529411764,543.3070866141733
9.8,175,37392,112.0,54.0,60.0,266.5,605.5999999999999,63729.913012244884,0.6900338983050848,0.45714285714285713,483.673469387755
5.31,116,29858,112.0,54.0,60.0,364.0,674.0,85556.42895362663,0.6603458822220987,0.45689655172413796,564.9717514124294
1.9,35,7021,112.0,56.400000000000006,60.0,325.0,495.40000000000003,39847.55428571429,1.263378465506125,0.4857142857142857,536.8421052631579
2.92,46,8532,112.0,54.0,60.0,256.0,382.0,34168.16257088846,1.066860465116279,0.4782608695652174,452.054794520548
6.08,160,47927,112.0,54.0,60.0,323.5,950.0999999999995,168574.24808593752,0.3627239124253625,0.4875,730.2631578947369
4.26,78,19995,112.0,54.0,60.0,370.75,508.0,96004.99556213018,0.5588212364543541,0.4358974358974359,478.87323943661977
0.15,7,1048,112.0,54.0,57.0,148.0,299.2000000000001,19179.91836734694,0.46368715083798884,0.42857142857142855,1200.0
8.32,173,32297,112.0,54.0,60.0,269.0,436.0,38209.405459587695,0.6919168107286919,0.4797687861271676,576.9230769230769
1.62,41,11989,112.0,54.0,60.0,328.0,976.0,149086.73051754906,0.23330933031581114,0.4146341463414634,592.5925925925925
6.4,135,26039,83.0,54.0,60.0,297.0,400.0,41469.60076817558,0.8519914651493599,0.5333333333333333,590.625
4.26,80,19168,112.0,54.0,60.0,294.0,537.5,96845.81500000002,0.2601406876602459,0.425,464.78873239436626
9.16,180,31183,112.0,54.0,60.0,229.0,328.0,36848.43737654321,0.5227561285281765,0.46111111111111114,530.5676855895197
6.08,119,24983,83.0,54.0,60.0,261.5,489.6000000000002,69137.95452298564,0.43894712590715357,0.5042016806722689,582.2368421052631
3.33,67,20448,148.0,54.0,60.0,318.5,1098.3999999999999,146976.72354644688,0.8780308596620132,0.44776119402985076,540.5405405405405
9.44,168,33634,112.0,54.0,60.0,292.0,482.8000000000004,50191.69713718821,0.7629730579725338,0.49404761904761907,495.7627118644068
4.68,97,20388,112.0,54.0,60.0,292.0,409.60000000000014,65246.975874163036,0.3629253292332375,0.4639175257731959,576.9230769230769
2.63,45,8162,112.0,54.0,60.0,220.0,421.6,35565.92395061729,0.5756756756756757,0.4666666666666667,479.08745247148295
1.76,34,8247,97.5,54.0,60.0,311.0,613.3,94696.89359861593,0.6330693069306931,0.5,511.3636363636364
0.53,21,4575,112.0,54.0,60.0,296.0,616.0,49172.408163265296,0.47533053853595614,0.42857142857142855,1018.8679245283018
9.43,201,43595,83.0,54.0,60.0,256.0,508.0,84563.8089156209,0.4236961562326508,0.5024875621890548,579.0031813361612
0.63,16,3306,130.0,60.0,60.0,328.0,418.0,31585.359375,0.6205882352941177,0.375,571.4285714285714
3.55,65,13781,112.0,54.0,60.0,292.0,468.0,63996.23053254438,0.6525962345604989,0.47692307692307695,523.943661971831
6.08,128,30678,112.0,54.0,60.0,277.0,604.0999999999999,98791.51733398438,0.3911032512583322,0.4453125,552.6315789473684
7.03,161,32040,112.0,54.0,60.0,256.0,462.0,54712.9130048995,0.41675878841476893,0.4658385093167702,623.0440967283073
2.59,53,14916,112.0,54.0,60.0,309.0,788.8000000000002,129013.60412958346,0.32941176470588235,0.41509433962264153,509.65250965250965
9.93,230,44093,112.0,54.0,60.0,263.5,403.5999999999998,45271.084706994334,0.5340430713565042,0.45652173913043476,628.3987915407855
3.41,73,15994,112.0,54.0,60.0,256.0,585.1999999999998,71953.97710639896,0.34629629629629627,0.4246575342465753,545.4545454545455
0.33,6,1613,226.5,54.0,86.5,340.25,526.0,47376.805555555555,0.2210446631339894,0.3333333333333333,363.6363636363636
7.36,221,69473,112.0,54.0,54.0,297.0,1336.0,195140.59167502713,0.25463673631553285,0.47058823529411764,815.2173913043478
9.99,236,66698,115.5,54.0,60.0,313.75,707.5,137319.48168629705,0.3860188687086987,0.4194915254237288,582.5825825825825
5.62,117,22001,112.0,54.0,60.0,256.0,434.2000000000001,47059.134925852864,0.6604528301886793,0.4444444444444444,555.1601423487544
5.67,134,25935,112.0,54.0,60.0,256.0,441.20000000000005,38087.50172644242,0.5964912280701754,0.44029850746268656,624.3386243386243
3.29,80,14030,83.0,54.0,60.0,220.0,403.6000000000003,38872.984375,0.4400082110232988,0.5375,674.7720364741641
3.28,82,12833,112.0,54.0,60.0,220.0,328.0,21485.274390243903,0.41926564919265646,0.4634146341463415,658.5365853658537
0.16,4,380,86.0,60.0,60.0,121.0,137.20000000000002,1387.0,2.1666666666666665,0.5,750.0
4.01,98,20122,112.0,54.0,60.0,256.0,480.0999999999999,65007.077051228654,0.5326376723284333,0.4489795918367347,643.3915211970075
9.11,196,33850,112.0,54.0,60.0,229.0,346.0,33123.26957517701,0.6143647462800458,0.46938775510204084,586.1690450054886
5.79,121,21478,112.0,54.0,60.0,184.0,416.0,49210.200396147804,0.5452910281315203,0.4793388429752066,590.6735751295337
4.59,111,17203,112.0,54.0,60.0,184.0,297.0,28683.63931499066,0.6310799279415947,0.45045045045045046,627.4509803921569
3.41,138,51798,112.0,54.0,54.0,326.5,1508.0,265893.51669817267,0.1641308012136195,0.463768115942029,1090.909090909091
8.84,236,65110,112.0,54.0,60.0,297.0,637.0,144370.5895575984,0.30282535617096207,0.4194915254237288,658.3710407239819
8.11,204,49948,112.0,54.0,60.0,297.0,598.9000000000004,96097.6322568243,0.40797744890768145,0.47058823529411764,665.8446362515414
1.81,38,8840,97.5,54.0,60.0,247.0,620.5000000000001,86322.2326869806,0.5371239784385324,0.5,563.5359116022099
1.32,58,18438,83.0,54.0,60.0,348.75,1067.9000000000017,182932.50653983353,0.6688993482983345,0.5172413793103449,1181.8181818181818
4.55,105,24455,148.0,54.0,60.0,297.0,508.0,65591.13378684808,0.466390837680638,0.4380952380952381,606.5934065934066
4.92,93,26985,112.0,54.0,60.0,364.0,644.8,134198.99549080819,0.276550451771607,0.3870967741935484,439.0243902439024
4.91,124,31319,112.0,54.0,60.0,328.0,647.7,96760.35763527575,0.3901020861074123,0.46774193548387094,696.5376782077392
6.95,151,41090,112.0,54.0,60.0,266.5,688.0,140355.64141923602,0.3175784005643558,0.4503311258278146,552.5179856115108
7.33,155,29405,112.0,54.0,60.0,266.0,425.19999999999993,34751.547970863685,0.42888381359638467,0.44516129032258067,564.8021828103683
9.35,213,65418,112.0,54.0,60.0,309.0,889.6000000000008,167843.2656219004,0.3518070795362966,0.4272300469483568,564.7058823529412
3.11,59,11197,112.0,54.0,60.0,184.0,482.2,53650.23958632577,0.5586024498886414,0.4576271186440678,501.6077170418007
9.52,225,68436,136.0,54.0,60.0,298.0,863.7999999999997,169962.78328888887,0.22528780907023796,0.4222222222222222,567.2268907563026
3.05,138,76199,157.0,54.0,60.0,1509.0,1514.0,389611.22584541066,0.08417398232858586,0.35507246376811596,963.9344262295083
9.69,228,49278,112.0,54.0,60.0,292.0,472.0,63688.27216066482,0.5390717721281779,0.4342105263157895,606.8111455108359
0.68,12,2947,117.0,54.6,60.0,229.0,256.0,151050.57638888888,0.30919591292758775,0.5,441.17647058823525
3.21,97,19362,112.0,54.0,60.0,292.0,449.80000000000007,51614.13518971197,0.6136344695391283,0.4948453608247423,785.0467289719626
7.74,159,44500,112.0,54.0,60.0,328.0,726.0000000000002,118164.37411494796,0.7338112678251383,0.4528301886792453,534.8837209302326
5.81,112,32156,112.0,54.0,60.0,301.5,997.6000000000008,136694.27423469388,0.7744178346760843,0.45535714285714285,516.3511187607573
7.17,136,25553,112.0,54.0,60.0,272.25,456.5,31768.583423442906,0.7070612599372036,0.4852941176470588,518.8284518828452
1.17,31,5121,112.0,54.0,60.0,256.0,400.0,15878.672216441204,0.49169822312845907,0.45161290322580644,717.9487179487179
5.51,105,22081,112.0,54.0,60.0,269.0,491.60000000000036,57713.312834467106,0.37765160968305467,0.44761904761904764,490.01814882032664
2.95,64,13269,112.0,54.0,60.0,297.25,436.0,50093.407958984375,0.5343432007400555,0.484375,589.8305084745762
7.2,136,30202,112.0,54.0,60.0,305.5,565.5,59805.965181660904,1.0597422082793426,0.47058823529411764,533.3333333333333
2.57,51,10319,112.0,54.0,60.0,297.0,508.0,33548.02614379085,0.4974604556668118,0.45098039215686275,536.9649805447472
5.76,145,37370,112.0,54.0,60.0,364.0,612.4,96950.18596908444,0.507280280724398,0.496551724137931,677.0833333333334
0.09,1,60,60.0,60.0,60.0,60.0,60.0,0.0,0.0,1.0,666.6666666666666
2.72,57,11801,112.0,54.0,60.0,292.0,400.4,56155.963681132656,0.41210960871126,0.42105263157894735,529.4117647058823
9.05,209,43850,112.0,54.0,60.0,266.0,472.0,68648.22174400768,0.4361510496839485,0.45454545454545453,590.0552486187845
3.0,64,13770,130.0,54.0,60.0,328.0,472.0,38674.6318359375,0.7425968109339408,0.4375,560.0
6.44,153,28882,112.0,54.0,60.0,184.0,431.0000000000003,55615.15682002649,0.460900354071826,0.46405228758169936,624.223602484472
8.81,188,39146,112.0,54.0,60.0,292.0,506.8000000000003,55309.72668628338,0.4478141874398994,0.4734042553191489,592.5085130533485
5.76,138,30093,112.0,54.0,60.0,292.0,472.6,68362.29284814117,0.4809547244094488,0.427536231884058,593.75
5.09,118,27596,112.0,54.0,60.0,298.0,590.8,70617.30364837691,0.4894214162348877,0.4491525423728814,624.7544204322201
8.08,198,55082,112.0,54.0,60.0,292.0,779.1000000000001,155656.05407611473,0.31407304912088174,0.4494949494949495,623.7623762376238
0.98,23,3909,112.0,54.0,60.0,303.0,328.0,17599.780718336482,0.7576438848920863,0.4782608695652174,673.4693877551022
0.47,19,4538,112.0,54.0,60.0,220.0,730.4,87902.3434903047,0.33118216485772956,0.42105263157894735,1021.2765957446809
4.97,126,20372,112.0,54.0,60.0,184.0,325.0,26903.05794910558,0.7127963679165966,0.46825396825396826,676.0563380281691
4.94,131,26023,112.0,54.0,60.0,280.5,494.0,45676.76219334537,0.4478135084010237,0.44274809160305345,692.3076923076923
3.48,76,14000,112.0,54.0,60.0,256.0,467.5,39993.95567867036,0.5785319652722968,0.47368421052631576,603.448275862069
1.26,30,7162,148.0,54.0,60.0,298.0,586.0,56145.59555555555,0.27301813011020265,0.4,571.4285714285714
2.94,77,18753,148.0,54.0,60.0,298.0,544.0,79850.58559622196,0.5232718706847534,0.4025974025974026,632.6530612244898
7.35,183,40175,112.0,54.0,60.0,294.5,504.20000000000033,69649.87715369226,0.7063070715650881,0.4808743169398907,661.2244897959184
6.23,153,37468,112.0,54.0,60.0,300.0,578.0000000000001,88710.0464778504,0.5401183821111476,0.45098039215686275,645.2648475120384
1.93,40,5967,112.0,54.0,60.0,184.0,292.4,20111.144374999996,1.5187842971718024,0.475,590.6735751295338
4.13,102,21191,112.0,54.0,60.0,248.25,444.10000000000025,73888.61639753943,0.25949479940564635,0.4411764705882353,639.2251815980629
9.11,180,35545,112.0,54.0,60.0,266.25,445.1,41806.14922839507,0.49123175029367344,0.4388888888888889,507.13501646542267
6.78,187,32426,112.0,54.0,60.0,240.5,338.8000000000002,31026.774972118164,0.5546073449036341,0.45454545454545453,716.8141592920354
2.3,52,9850,112.0,54.0,60.0,282.0,390.09999999999985,39747.051775147935,0.8876964354158682,0.4230769230769231,573.9130434782609
6.8,174,53659,144.0,54.0,60.0,298.0,1102.0000000000032,187234.66207557142,0.2073667394190311,0.41379310344827586,635.2941176470589
8.39,193,30615,91.0,54.0,60.0,220.0,328.0,27075.518859566695,0.7278063096111519,0.5077720207253886,643.6233611442193
8.46,218,41210,112.0,54.0,60.0,256.0,467.1000000000001,42957.43902028448,0.6480703859228154,0.47706422018348627,695.0354609929077
5.04,142,27310,112.0,54.0,60.0,269.0,433.9000000000001,39326.30351120809,0.6651423693677215,0.4295774647887324,726.1904761904761
1.55,67,14982,102.0,54.0,60.0,297.5,522.4,64974.715081309885,0.9331612903225807,0.4925373134328358,1122.5806451612902
5.2,128,27538,112.0,54.0,60.0,256.0,464.5,83222.77709960938,0.3497034749791697,0.4375,646.1538461538461
7.03,188,46058,123.0,54.0,60.0,297.0,601.5000000000002,77914.41478044365,0.41156639798951855,0.43617021276595747,682.7880512091039
6.59,138,30683,112.0,54.0,60.0,318.25,580.3,57495.76081705524,0.671369430221157,0.4420289855072464,546.2822458270107
8.77,243,100875,148.0,54.0,60.0,488.5,1509.0,268424.0176802317,0.1920377197958026,0.4279835390946502,697.8335233751425
1.53,40,7474,112.0,54.0,54.0,229.0,428.8000000000002,33731.377499999995,0.4187547456340167,0.45,705.8823529411765
7.44,171,43498,112.0,54.0,60.0,328.0,544.0,108178.32775896857,0.4619210862405055,0.4619883040935672,596.7741935483871
3.64,76,14668,112.0,54.0,60.0,272.5,430.0,36453.52631578947,0.4627044276027124,0.4473684210526316,560.4395604395604
7.42,179,34131,112.0,54.0,60.0,261.5,438.00000000000017,37180.01791454699,0.5368094015939484,0.45251396648044695,654.9865229110512
3.55,88,16545,112.0,54.0,60.0,268.0,451.09999999999997,34511.28396177686,0.4900036023054755,0.45454545454545453,642.2535211267606
0.33,11,2088,60.0,54.0,60.0,184.0,400.0,54886.14876033059,0.6261682242990654,0.5454545454545454,1090.9090909090908
5.08,139,25002,83.0,54.0,60.0,256.0,438.0,36796.199058019774,0.5355607419235966,0.5323741007194245,779.5275590551181
0.59,5,1140,112.0,60.0,60.0,184.0,508.00000000000006,63571.2,8.5,0.4,203.38983050847457
6.06,125,23142,112.0,54.0,60.0,256.0,468.0000000000001,36628.34150400002,0.589750635433125,0.48,574.2574257425744
5.43,139,34467,112.0,54.0,60.0,292.0,551.2,98715.45913772577,0.5328204215956596,0.4316546762589928,651.9337016574585
1.52,45,15975,112.0,54.0,60.0,303.0,1508.0,244389.2,0.2638449367088608,0.4,671.0526315789474
1.12,23,5676,112.0,55.2,60.0,294.5,564.8000000000002,78432.69187145555,0.5688225538971807,0.43478260869565216,535.7142857142857
6.94,142,28484,112.0,54.0,60.0,267.75,436.0,41396.19936520531,0.5822686368181313,0.4788732394366197,561.9596541786743
4.39,110,22408,112.0,54.0,60.0,292.0,472.1,44980.242644628095,0.6666418743027147,0.4727272727272727,669.7038724373577
4.76,101,18193,112.0,54.0,60.0,256.0,400.0,33630.76561121459,0.7412901990811639,0.44554455445544555,542.0168067226891
0.52,12,2170,130.0,54.0,58.5,265.0,424.30000000000007,22205.138888888887,0.2414187643020595,0.4166666666666667,576.9230769230769
4.29,108,26847,112.0,54.0,60.0,328.0,620.1999999999998,73420.0949074074,0.4826862539349423,0.4351851851851852,657.3426573426574
5.87,140,30548,112.0,54.0,60.0,293.25,472.3,68878.16000000002,0.8932754880694144,0.4714285714285714,643.9522998296422
6.84,193,37509,112.0,54.0,60.0,220.0,436.0,59105.542699132864,0.5190134856032074,0.45595854922279794,728.0701754385965
3.6,92,18550,94.5,54.0,60.0,268.25,467.8000000000002,58632.385160680526,0.6205119245217088,0.5,666.6666666666666
9.75,218,45717,112.0,54.0,60.0,256.0,431.1000000000001,75769.69171366046,0.527719298245614,0.43577981651376146,584.6153846153846
7.7,194,38805,112.0,54.0,60.0,256.0,446.70000000000005,52730.43748007227,0.5130424611065622,0.44329896907216493,638.961038961039
8.18,146,33641,112.0,54.0,60.0,261.25,549.5,82582.33913492212,0.3829236208172326,0.4315068493150685,462.10268948655255
1.97,43,10763,112.0,54.0,60.0,294.5,607.8000000000002,102386.35045970794,0.36361332826555176,0.4418604651162791,578.6802030456853
2.83,73,14634,112.0,54.0,60.0,220.0,388.79999999999995,68991.4817038844,0.6526256352343309,0.4520547945205479,678.4452296819787
8.94,206,37512,112.0,54.0,60.0,211.0,410.0,47804.51484588557,0.460406447091801,0.4563106796116505,610.738255033557
7.53,204,42553,112.0,54.0,60.0,256.0,493.9000000000008,69539.8197568243,0.46481927710843374,0.44607843137254904,677.2908366533865
2.3,64,13323,112.0,54.0,60.0,193.0,439.90000000000015,82962.64233398438,0.3923084961855993,0.4375,730.4347826086957
0.48,21,3242,112.0,54.0,60.0,148.0,364.0,23659.569160997733,0.4269366197183099,0.47619047619047616,1250.0
9.19,222,54972,112.0,54.0,60.0,264.25,587.2000000000003,121777.19917214509,0.36882470119521915,0.44144144144144143,633.2970620239391
3.57,94,16084,112.0,54.0,60.0,184.0,363.1,37109.244001810766,0.5384026781444285,0.4574468085106383,705.8823529411765
4.81,116,24247,83.0,54.0,60.0,256.0,467.5,83267.54243460167,0.46092667349521,0.5086206896551724,648.6486486486486
4.64,104,20383,112.0,54.0,60.0,229.0,432.20000000000005,47573.66336908284,0.5100755667506297,0.4519230769230769,581.896551724138
7.26,202,37847,78.0,54.0,60.0,184.0,413.5000000000001,70517.28029114792,0.6809682433932933,0.5396039603960396,752.0661157024794
1.5,22,3470,60.0,54.0,55.5,274.0,360.4000000000001,16019.38016528925,0.6352497643732328,0.5454545454545454,480.0
0.07,5,1978,148.0,77.2,112.0,328.0,932.8000000000001,229469.44,3.1554621848739495,0.2,857.1428571428571
7.03,157,29148,112.0,54.0,60.0,256.0,436.0,41115.83074364071,0.5541455611836843,0.4585987261146497,588.9046941678521
3.14,74,12261,71.5,54.0,60.0,184.0,431.5000000000001,30150.727720964216,0.7443448570209134,0.5405405405405406,707.0063694267516
6.4,150,25147,112.0,54.0,60.0,211.0,400.0,28364.66848888889,0.5526673252654977,0.4533333333333333,618.75
7.22,161,33060,112.0,54.0,60.0,290.0,472.0,56338.796342733694,0.48892091515042335,0.45962732919254656,606.6481994459833
5.39,125,22027,112.0,54.0,60.0,184.0,385.6000000000003,44713.705344,0.5414275717284814,0.488,612.2448979591836
6.81,147,24878,112.0,54.0,60.0,220.0,401.8000000000002,32646.344671201816,0.49300846186160957,0.47619047619047616,563.8766519823789
3.53,85,44797,112.0,54.0,54.0,1508.0,1508.0,371430.04650519026,0.12711032834318783,0.4117647058823529,594.900849858357
1.32,30,6172,148.0,54.0,60.0,266.5,404.70000000000005,45501.32888888889,0.4447565543071161,0.4,545.4545454545454
7.02,163,27215,112.0,54.0,60.0,220.0,328.0,24748.170424178556,0.5736671678038626,0.43558282208588955,606.8376068376069
7.02,147,39505,112.0,54.0,60.0,297.5,688.8000000000004,121668.4501827942,0.22976590710994896,0.4421768707482993,529.9145299145299
2.13,40,10410,130.0,54.0,60.0,337.0,655.6,84848.0375,0.44623506529591556,0.375,422.5352112676057
2.19,70,15884,112.0,54.0,60.0,321.0,489.1000000000001,73282.39265306121,0.40928045426315324,0.4714285714285714,904.109589041096
3.91,89,21420,112.0,54.0,60.0,256.0,564.8000000000003,115361.3432647393,0.3912704598597038,0.43820224719101125,598.46547314578
3.66,86,17869,130.0,54.0,60.0,264.25,560.5,48385.61398053002,0.3708477176831607,0.43023255813953487,606.5573770491802
8.92,195,36657,112.0,54.0,60.0,224.5,450.9999999999999,43473.53309664694,0.6356699834902503,0.48205128205128206,605.3811659192825
5.97,148,25401,112.0,54.0,60.0,256.0,394.4000000000001,29107.67946493792,0.7079747175901022,0.49324324324324326,673.3668341708543
4.53,101,23844,112.0,54.0,60.0,269.0,472.0,99070.1917459073,0.31880530973451326,0.42574257425742573,569.5364238410597
9.79,241,51575,112.0,54.0,60.0,266.0,472.0,68894.00413216026,0.48996099956666184,0.44813278008298757,655.7711950970379
3.28,89,18568,112.0,54.0,60.0,292.0,508.0,47015.222067920724,0.39493651866877016,0.47191011235955055,731.7073170731708
2.88,94,14056,112.0,54.0,60.0,211.0,298.7,15229.057492077869,0.6399486640998716,0.48936170212765956,833.3333333333334
9.67,227,46054,112.0,54.0,60.0,261.0,436.0,57411.11801121699,0.3735981865903126,0.43612334801762115,601.8614270941056
2.5,65,13623,112.0,54.0,60.0,238.0,450.4000000000002,84862.36591715977,0.6066753154853166,0.4307692307692308,672.0
8.19,176,31137,112.0,54.0,60.0,193.0,435.5,50339.13478176654,0.6156600249066002,0.48863636363636365,593.4065934065935
7.47,169,32737,112.0,54.0,60.0,256.0,438.00000000000017,49752.04019467106,0.5232888185752176,0.46745562130177515,602.4096385542168
7.98,169,36700,112.0,54.0,60.0,292.0,544.0,67698.8679668079,0.40247630693977376,0.4319526627218935,541.3533834586466
8.13,245,106300,112.0,54.0,60.0,540.0,1508.0,302805.3645980842,0.16624792916936376,0.44081632653061226,745.3874538745387
2.37,59,14564,112.0,54.0,60.0,299.0,496.2000000000005,108533.89198506175,0.28793774319066145,0.4067796610169492,607.5949367088607
2.8,64,14895,112.0,54.0,60.0,256.0,664.0000000000002,85217.44506835938,0.4540218664584147,0.46875,578.5714285714287
9.39,261,67229,112.0,54.0,60.0,298.0,611.0,117805.95202654102,0.32093525886629337,0.4444444444444444,702.8753993610223
0.23,9,2688,112.0,58.8,60.0,328.0,829.2,128196.44444444444,0.31378299120234604,0.4444444444444444,1043.4782608695652
5.04,117,22754,112.0,54.0,60.0,256.0,397.6,48723.39484257434,0.5510565780504431,0.4444444444444444,619.047619047619
7.61,203,37928,112.0,54.0,60.0,256.0,390.20000000000005,49887.407071270834,0.3983703867566272,0.458128078817734,717.4770039421813
7.07,160,27644,112.0,54.0,60.0,220.0,407.1999999999998,30987.061875000003,0.5934059599976944,0.45625,611.032531824611
7.38,180,37294,112.0,54.0,60.0,256.0,436.0,76560.6087654321,0.385415505776589,0.45555555555555555,642.2764227642276
7.67,177,34321,112.0,54.0,60.0,220.0,466.6,50151.02467362507,0.593657132243685,0.4632768361581921,617.9921773142113
0.11,4,322,60.0,55.8,58.5,82.0,121.60000000000002,1524.75,0.20149253731343283,0.75,1636.3636363636365
1.81,38,6960,97.5,54.0,60.0,220.0,408.70000000000016,39594.44875346261,0.5640449438202247,0.5,563.5359116022099
8.11,215,43594,112.0,54.0,60.0,292.0,455.7999999999999,54428.655359653865,0.45081203407880727,0.4604651162790698,710.2342786683108
0.2,4,971,220.0,86.4,126.0,336.75,417.3,24224.6875,0.8286252354048964,0.25,300.0
4.98,123,24533,112.0,54.0,60.0,202.0,458.79999999999995,75666.71954524421,0.4700101863502906,0.45528455284552843,674.6987951807229
4.18,115,19361,112.0,54.0,60.0,220.0,344.2000000000002,32707.081587901703,0.5574772745555466,0.4434782608695652,732.0574162679426
7.23,185,33262,112.0,54.0,60.0,220.0,404.79999999999995,41763.20105186267,0.5259198091568034,0.4864864864864865,663.9004149377593
4.19,86,15024,112.0,54.0,60.0,184.0,378.0,41043.885343428876,0.5522264696766195,0.47674418604651164,558.4725536992839
5.06,144,34565,112.0,54.0,60.0,256.0,542.8000000000001,112711.97796103396,0.30888367161466224,0.4375,735.1778656126482
7.54,169,34216,112.0,54.0,60.0,184.0,444.20000000000005,68769.66863905326,0.3921959555682142,0.4556213017751479,596.8169761273209
9.51,227,44490,112.0,54.0,60.0,220.0,436.0,61028.66071532536,0.46570468472030047,0.4845814977973568,637.2239747634069
7.7,164,33898,112.0,54.0,60.0,256.0,408.8000000000011,94490.84607376561,0.7273746432939258,0.4573170731707317,584.4155844155845
2.12,38,8322,112.0,54.0,60.0,295.75,526.0000000000008,49099.78947368421,0.6034682080924856,0.42105263157894735,452.8301886792453
9.59,265,57244,112.0,54.0,60.0,220.0,467.19999999999993,87788.55826272693,0.4165450001237287,0.46037735849056605,719.4994786235662
5.11,151,28602,112.0,54.0,60.0,238.0,436.0,50582.83917372044,0.45787247056424896,0.4503311258278146,727.9843444227006
7.22,188,33384,112.0,54.0,60.0,184.0,322.4000000000001,56511.0529651426,0.45248868778280543,0.44148936170212766,689.7506925207756
7.48,155,28922,112.0,54.0,60.0,228.5,437.79999999999995,38994.77028095733,0.5910441192650456,0.4645161290322581,569.5187165775401
4.36,109,21640,112.0,54.0,60.0,220.0,364.0,87531.75355609797,0.4217199921161553,0.47706422018348627,688.0733944954128
9.95,220,40888,112.0,54.0,60.0,220.0,457.19999999999993,41932.042479338845,0.45209176788124156,0.4409090909090909,584.9246231155779
2.99,76,12918,130.0,54.0,60.0,220.0,359.0,23480.78878116343,0.7112200291429328,0.4605263157894737,682.2742474916388
7.34,194,36285,94.5,54.0,60.0,220.0,400.0,51232.52962589011,0.6137424949966644,0.5,727.5204359673024
5.64,120,21721,112.0,54.0,60.0,202.0,366.7000000000002,43594.30826388889,0.4422017130336631,0.48333333333333334,574.468085106383
3.07,66,15573,130.0,57.0,60.0,355.0,545.5,54876.89187327824,0.49927794358332533,0.3787878787878788,488.59934853420197
1.89,43,7942,112.0,54.0,60.0,238.0,393.4000000000002,37327.23418063818,0.5373596593108788,0.4418604651162791,603.1746031746031
5.89,131,24801,112.0,54.0,60.0,256.0,482.0,34664.56896451255,0.6482355286768127,0.45038167938931295,601.018675721562
8.88,202,46996,112.0,54.0,60.0,220.0,544.0,97591.23634937752,0.4426571709233792,0.4603960396039604,581.081081081081
8.89,159,47256,148.0,54.0,60.0,297.0,868.0,154136.40346505283,0.3034340091021928,0.42138364779874216,445.4443194600675
6.9,161,34601,112.0,54.0,60.0,256.0,436.0,87595.89305968132,0.46919451403337437,0.4720496894409938,652.1739130434783
3.8,76,14337,112.0,54.0,60.0,256.0,489.5,32900.229051246526,0.5226210705182668,0.4605263157894737,536.8421052631579
5.74,118,19988,112.0,54.0,60.0,211.0,317.79999999999984,35022.034472852625,0.5165402124430956,0.4745762711864407,543.5540069686411
7.3,163,31361,112.0,54.0,60.0,266.0,464.6000000000001,41107.270427942334,0.611976355692624,0.4785276073619632,616.4383561643835
6.04,162,46837,112.0,54.0,54.0,289.0,711.8000000000003,179606.8072321292,0.23054490042562134,0.4691358024691358,745.0331125827814
2.09,53,8036,83.0,54.0,60.0,148.0,292.0,27682.499110003566,0.7735599205473406,0.5283018867924528,717.7033492822966
9.52,217,38186,112.0,54.0,60.0,256.0,376.8000000000002,37943.879419822035,0.525121814841441,0.4976958525345622,623.9495798319329
4.87,109,26935,112.0,54.0,60.0,292.0,624.0000000000002,105407.2355862301,0.44952104186847486,0.46788990825688076,603.6960985626283
5.5,109,18844,112.0,54.0,60.0,184.0,436.0,38418.490362764074,0.5307879772542649,0.44036697247706424,523.6363636363636
0.74,17,5261,60.0,54.0,60.0,256.0,1068.2000000000003,222075.7785467128,0.2631452581032413,0.5882352941176471,729.7297297297297
7.25,157,31956,112.0,54.0,60.0,256.0,467.20000000000005,63440.9616617307,0.7595947359726888,0.4585987261146497,587.5862068965517
7.01,145,20954,112.0,54.0,60.0,148.0,267.2,20761.06368608799,0.5586135078845582,0.46206896551724136,564.90727532097
2.9,70,12247,112.0,54.0,60.0,220.0,337.00000000000006,46330.81244897959,0.5855774210253755,0.4714285714285714,662.0689655172414
0.22,5,1134,112.0,56.4,60.0,148.0,515.2,72274.56000000001,4.451923076923077,0.4,545.4545454545455
1.84,38,8494,112.0,54.0,55.5,285.5,580.0,57311.512465373955,0.37044207808970636,0.47368421052631576,586.9565217391304
3.74,78,15768,112.0,54.0,60.0,292.0,452.79999999999995,36667.976331360944,0.5956284153005464,0.4358974358974359,545.4545454545454
4.11,90,13182,112.0,54.0,60.0,184.0,292.50000000000006,19838.515555555554,0.6781667727562063,0.4888888888888889,613.1386861313869
0.03,7,1308,112.0,54.0,54.0,299.0,354.40000000000003,20826.12244897959,0.26499032882011603,0.42857142857142855,6000.0
1.3,28,5384,112.0,54.0,60.0,292.0,432.4000000000001,33195.98979591837,1.3166953528399312,0.4642857142857143,600.0
8.99,179,34358,112.0,54.0,60.0,256.0,473.4000000000001,35667.21475609375,0.541477859033604,0.4581005586592179,513.9043381535039
2.5,58,14826,112.0,54.0,60.0,296.25,574.1000000000004,118866.68370986922,0.5414847161572053,0.46551724137931033,648.0
6.27,128,22655,112.0,54.0,60.0,220.0,400.0,34310.164001464844,0.6131444033039021,0.4453125,545.4545454545455
6.1,101,22034,112.0,54.0,60.0,256.0,446.0,91506.92539947064,0.46952114179004933,0.44554455445544555,442.62295081967216
6.52,152,28719,101.5,54.0,60.0,270.0,433.8000000000001,42686.83202042937,0.5554051126516465,0.5,616.5644171779142
8.86,200,42841,112.0,54.0,60.0,256.0,458.4999999999999,80476.09297499999,0.6770140139356455,0.445,589.1647855530474
2.02,61,13770,112.0,54.0,60.0,256.0,457.0,98555.53775866702,0.4198803877088059,0.45901639344262296,831.6831683168317
6.53,118,18057,112.0,54.0,60.0,220.0,297.0,23414.787489227223,0.599946836788942,0.4745762711864407,505.35987748851454
0.31,12,1497,86.0,54.6,60.0,157.0,224.50000000000003,8272.1875,0.8689138576779026,0.5,1161.2903225806451
1.17,31,4339,112.0,54.0,60.0,148.0,299.0,13639.773152965656,0.3148484848484848,0.4838709677419355,666.6666666666666
9.55,211,34666,112.0,54.0,60.0,184.0,392.0,33756.93735540531,0.6097515672161598,0.4834123222748815,603.1413612565444
7.57,173,48552,112.0,54.0,60.0,292.0,788.8000000000004,149577.31497878308,0.3156297420333839,0.42196531791907516,578.5997357992073
7.78,179,31423,112.0,54.0,60.0,220.0,364.0,46856.761711557054,0.5107211538461538,0.49162011173184356,632.3907455012853
8.27,188,27869,83.0,54.0,60.0,148.0,301.3000000000001,30270.873557039387,0.6802725189919209,0.5106382978723404,652.962515114873
5.96,138,22013,112.0,54.0,60.0,184.0,297.0,27026.728050829657,0.6778201219512195,0.4492753623188406,624.1610738255034
7.24,151,27637,112.0,54.0,60.0,220.0,432.0,40182.0125433095,0.5202706419495021,0.4370860927152318,546.9613259668508
8.41,193,41251,112.0,54.0,60.0,220.0,494.6000000000005,91546.18405863245,0.44183851800069907,0.47150259067357514,634.9583828775268
0.19,1,60,60.0,60.0,60.0,60.0,60.0,0.0,0.0,1.0,315.7894736842105
6.49,135,23449,112.0,54.0,60.0,220.0,416.80000000000024,28710.98183813443,0.43585818382217867,0.4444444444444444,554.6995377503852
8.76,197,35480,112.0,54.0,60.0,220.0,400.0,40319.055682960134,0.6932327956476091,0.467005076142132,609.5890410958905
0.38,6,1957,256.0,60.0,73.0,400.0,662.5,92843.4722222222,0.8727272727272727,0.3333333333333333,315.7894736842105
3.85,89,16984,112.0,54.0,60.0,184.0,414.40000000000003,61375.623279888896,0.5210460325989611,0.4606741573033708,607.7922077922078
5.44,116,21415,112.0,54.0,60.0,241.75,501.0,37606.737440546975,0.4692967409948542,0.45689655172413796,562.5
0.7,26,4893,112.0,54.0,60.0,184.0,375.5,48425.69378698226,1.1834002677376172,0.46153846153846156,1028.5714285714287
3.84,87,14674,112.0,54.0,60.0,184.0,326.2000000000004,40462.49808429118,0.6849236422092089,0.45977011494252873,609.375
2.53,59,10761,112.0,54.0,60.0,224.5,470.40000000000015,35218.712438954324,0.6989264287969688,0.4915254237288136,664.0316205533597
2.57,66,8472,112.0,54.0,60.0,112.0,294.5,13693.837465564735,1.0123515439429929,0.4696969696969697,723.7354085603114
7.5,176,26743,112.0,54.0,60.0,184.0,300.5,22873.6280668905,0.621377470595368,0.48295454545454547,632.0
8.24,190,32279,112.0,54.0,60.0,184.0,400.0,41309.77199445983,0.6053613169542945,0.4842105263157895,640.7766990291262
9.39,243,43437,112.0,54.0,60.0,184.0,406.80000000000047,44440.26002133821,0.45639564124056997,0.43621399176954734,664.5367412140575
0.74,19,4572,112.0,58.8,60.0,256.0,542.7999999999998,116920.33795013852,0.3888213851761847,0.42105263157894735,648.6486486486486
8.05,202,35872,112.0,54.0,60.0,184.0,391.00000000000017,47279.906283697674,0.5053294167016366,0.47029702970297027,685.7142857142857
7.33,154,23446,112.0,54.0,54.0,172.0,298.0,32368.78326867937,0.48036368228311654,0.474025974025974,581.1732605729877
6.79,157,29337,112.0,54.0,60.0,184.0,456.4000000000001,50154.782912085684,0.4992334423548651,0.4394904458598726,600.8836524300442
4.89,115,16328,83.0,54.0,60.0,148.0,382.0000000000004,19913.425784499057,0.7320462501325978,0.5304347826086957,674.8466257668713
9.93,244,48237,112.0,54.0,60.0,220.0,419.6000000000005,67336.95879803816,0.42191368942341706,0.46311475409836067,646.5256797583081
3.91,83,15175,112.0,54.0,60.0,202.0,447.4,44146.50166932791,0.5629827994644144,0.4457831325301205,567.7749360613811
3.64,90,15867,112.0,54.0,60.0,184.0,419.8000000000002,42793.054444444446,0.4786133631534806,0.45555555555555555,675.8241758241758
0.24,7,1054,148.0,57.6,60.0,220.0,292.0,9392.816326530612,1.558252427184466,0.42857142857142855,750.0
5.75,128,32660,112.0,54.0,60.0,258.5,608.4999999999995,128865.7568359375,0.34947524997934054,0.4453125,594.7826086956521
1.35,44,8966,87.0,54.0,60.0,193.0,301.0,103992.94834710745,0.5552471812662619,0.5227272727272727,888.8888888888888
6.81,150,25413,112.0,54.0,60.0,184.0,328.0,36672.65693333333,0.49973443493655945,0.4533333333333333,599.1189427312776
3.79,91,17740,112.0,54.0,60.0,238.0,364.0,58351.34862939258,0.3739157372986369,0.46153846153846156,664.9076517150396
0.54,4,770,104.0,55.8,58.5,238.0,400.00000000000006,34564.75,2.701923076923077,0.5,222.2222222222222
6.53,132,24999,112.0,54.0,60.0,193.0,460.4000000000001,61393.5098140496,0.357018781891217,0.45454545454545453,532.9249617151607
3.66,60,11146,112.0,54.0,58.5,184.0,414.9000000000002,53777.54555555556,0.8275127070011478,0.48333333333333334,475.4098360655737
1.88,56,23878,148.0,54.0,60.0,543.75,1508.0,309507.2742346939,0.1006222631942844,0.39285714285714285,702.1276595744681
2.86,92,24232,112.0,54.0,60.0,267.75,612.4000000000002,137224.25992438564,0.2635970172602597,0.4782608695652174,818.1818181818182
7.76,167,31293,112.0,54.0,60.0,220.0,436.0,46067.637563196964,0.750069906604776,0.4491017964071856,572.1649484536083
7.98,159,36398,112.0,54.0,60.0,220.0,610.8000000000006,102366.38954155294,0.3312120547143589,0.44654088050314467,526.3157894736842
0.63,17,3364,112.0,57.6,60.0,256.0,347.00000000000006,32796.33910034602,0.24592592592592594,0.35294117647058826,571.4285714285714
8.89,197,42888,112.0,54.0,60.0,292.0,512.6,60402.15697389781,0.45540925749966066,0.4720812182741117,580.4274465691789
4.88,118,21380,112.0,54.0,60.0,220.0,401.19999999999993,45695.57540936513,0.510420346167432,0.4576271186440678,627.049180327869
1.38,34,5670,112.0,54.0,60.0,247.0,344.79999999999995,18332.23875432526,0.5500273373428103,0.4117647058823529,608.695652173913
3.38,85,18264,112.0,54.0,60.0,256.0,380.2000000000007,83431.00678200691,0.3441271710332646,0.43529411764705883,656.8047337278107
8.55,190,34499,112.0,54.0,60.0,220.0,415.59999999999997,37594.84457063712,0.4031398706633587,0.4473684210526316,582.4561403508771
9.67,219,45067,112.0,54.0,60.0,291.0,544.4000000000001,54430.80782302287,0.5788053949903661,0.4657534246575342,595.6566701137539
0.58,3,376,60.0,60.0,60.0,158.0,216.8,8536.88888888889,2.1333333333333333,0.6666666666666666,206.89655172413796
6.95,131,34714,112.0,54.0,60.0,328.0,724.0,95331.10681195733,0.8470788549537086,0.4351145038167939,492.0863309352518
4.27,74,17169,112.0,54.0,60.0,292.0,634.0000000000005,74894.17549306064,0.892526455026455,0.4864864864864865,477.7517564402811
6.93,140,29562,112.0,54.0,60.0,297.0,473.5000000000001,51758.87530612245,0.5149123706057189,0.4714285714285714,536.7965367965369
4.63,82,15510,83.0,54.0,60.0,247.0,400.0,44305.173706127316,0.7028985507246377,0.5121951219512195,492.4406047516199
3.98,89,16560,112.0,54.0,60.0,256.0,404.00000000000006,41776.085342759754,0.8556701030927835,0.48314606741573035,603.0150753768845
2.52,42,6582,112.0,54.0,60.0,148.0,288.4,50575.061224489786,0.6680182463253928,0.47619047619047616,476.19047619047615
8.06,151,28568,112.0,54.0,60.0,220.0,400.0,42710.459804394544,0.5458874458874459,0.46357615894039733,506.2034739454094
9.02,184,35372,112.0,54.0,60.0,292.0,400.0,32288.18194706994,0.6097938378919583,0.44021739130434784,532.1507760532152
9.35,162,31509,112.0,54.0,60.0,220.0,407.20000000000005,66353.17592592593,0.5073912835478162,0.47530864197530864,474.8663101604278
5.34,111,18205,112.0,54.0,60.0,220.0,400.0,24400.53145036929,0.7137343499952933,0.46846846846846846,584.2696629213483
5.28,105,22080,83.0,54.0,60.0,256.0,427.0000000000004,79395.23265306123,0.49826966139648504,0.5047619047619047,545.4545454545454
4.92,73,13434,112.0,54.0,60.0,256.0,433.3999999999998,41649.42390692438,0.6248185776487664,0.4794520547945205,426.8292682926829
0.91,17,2847,112.0,57.6,60.0,256.0,388.6,20110.24913494809,0.693634741225461,0.47058823529411764,527.4725274725274
9.3,160,29739,112.0,54.0,60.0,265.0,472.0,34243.114023437505,0.7945329471397538,0.475,490.3225806451613
9.47,198,35431,83.0,54.0,60.0,266.75,364.0,38491.406004489334,0.7757229489299855,0.5151515151515151,595.5649419218585
1.4,21,2687,60.0,54.0,54.0,148.0,256.0,10585.950113378683,0.8659722222222223,0.5714285714285714,471.4285714285715
7.72,121,18577,112.0,54.0,60.0,220.0,328.0,17446.926849258933,0.5711265223274695,0.4793388429752066,450.7772020725389
5.91,123,21544,112.0,54.0,60.0,256.0,328.0,34773.837927159766,0.5128151112983639,0.45528455284552843,558.3756345177665
5.67,118,16507,109.0,54.0,60.0,148.0,298.6,15063.352269462797,0.6030882781392639,0.4915254237288136,592.5925925925926
0.57,5,600,148.0,60.0,60.0,148.0,169.6,2572.8,0.9736842105263158,0.4,210.5263157894737
6.1,128,24493,112.0,54.0,60.0,256.0,479.79999999999995,36597.852966308594,0.5438386385124487,0.4765625,550.8196721311476
7.88,152,29379,112.0,54.0,60.0,184.0,441.40000000000003,56012.53181267314,0.5147718484145398,0.45394736842105265,525.3807106598985
5.94,126,23578,83.0,54.0,60.0,220.0,436.0,48159.36482741244,0.6958929727396964,0.5158730158730159,595.959595959596
5.43,111,19201,105.0,54.0,60.0,223.0,427.0,29139.783459134807,0.6728524133124237,0.4954954954954955,563.5359116022099
2.01,47,11633,112.0,54.0,54.0,238.0,500.9999999999999,134635.73924852873,0.32088111729306235,0.425531914893617,597.0149253731344
5.47,109,17232,83.0,54.0,60.0,184.0,416.8,26738.87231714502,0.5186392879175112,0.5045871559633027,581.3528336380257
5.03,96,16822,112.0,54.0,60.0,220.0,364.0,31866.34331597223,0.5786411411411412,0.4583333333333333,524.8508946322067
5.85,117,24583,112.0,54.0,60.0,220.0,395.20000000000005,97521.62013295348,0.37689033269855493,0.4444444444444444,523.0769230769231
0.37,9,1395,60.0,58.8,60.0,148.0,284.4000000000001,37148.444444444445,0.38255698711595637,0.6666666666666666,810.8108108108108
2.79,59,9140,112.0,54.0,60.0,238.0,298.2,20979.43349612181,0.615983026874116,0.4915254237288136,623.6559139784946
2.57,53,9435,112.0,55.2,60.0,256.0,386.4000000000003,34239.60341758633,0.57145236508994,0.4528301886792453,536.9649805447472
9.79,200,41945,112.0,54.0,60.0,256.0,461.2,76713.24937500001,0.34499454883601616,0.445,539.3258426966293
8.32,204,35231,112.0,54.0,60.0,220.0,389.2000000000006,32281.503724529026,0.6211577397386343,0.46078431372549017,663.4615384615385
5.77,145,35925,112.0,54.0,60.0,292.0,556.5999999999999,113564.50035671821,0.35046237125028196,0.47586206896551725,655.1126516464471
7.0,182,56704,112.0,54.0,60.0,256.0,1509.0,206588.6639294771,0.2234400621386036,0.4175824175824176,651.4285714285714
2.78,55,11085,112.0,54.0,60.0,256.0,441.40000000000003,50439.19338842974,0.5833452363948007,0.43636363636363634,517.9856115107914
7.32,163,33236,112.0,54.0,60.0,220.0,486.00000000000006,73124.87380029357,0.3503981797497156,0.44171779141104295,590.1639344262295
4.64,109,18637,83.0,54.0,60.0,184.0,335.2000000000001,60608.71525965827,0.4681739404443044,0.5321100917431193,646.5517241379312
4.92,114,22729,112.0,54.0,60.0,220.0,389.2000000000001,76760.00684826101,0.4554943647540984,0.47368421052631576,634.1463414634146
9.41,222,45920,112.0,54.0,60.0,256.0,444.1,66090.67924681438,0.4376056602592198,0.45495495495495497,631.2433581296493
8.38,174,35744,112.0,54.0,60.0,249.25,462.70000000000005,59869.48579733123,0.394561273457922,0.4540229885057471,536.9928400954653
3.36,76,14248,107.5,54.0,60.0,256.0,436.0,43657.72299168975,0.7266117304895783,0.4868421052631579,625.0
9.12,196,28893,112.0,54.0,60.0,148.0,305.0,25129.650640358188,0.49844414479825744,0.4642857142857143,585.5263157894736
1.89,36,7479,112.0,57.0,60.0,193.0,488.0,58777.631944444445,0.697072838665759,0.4444444444444444,507.93650793650795
2.67,64,15044,112.0,54.0,60.0,259.5,450.4000000000002,119959.21484375,0.2983516009320791,0.453125,606.7415730337079
0.58,10,996,86.0,54.0,55.5,112.0,127.39999999999995,3767.8399999999992,0.6327868852459017,0.5,517.2413793103449
2.13,56,8206,83.0,54.0,54.0,121.0,255.0,46946.605867346945,0.4637887977167321,0.5357142857142857,732.3943661971832
9.26,207,38102,112.0,54.0,60.0,184.0,400.0,60869.28044995214,0.387747668997669,0.4492753623188406,576.6738660907127
2.79,57,9078,112.0,54.0,60.0,220.0,323.9999999999999,22874.790397045243,0.6418882257189366,0.47368421052631576,559.1397849462365
9.51,230,37207,112.0,54.0,60.0,184.0,355.1,24570.26429111531,0.5438589211618258,0.46956521739130436,668.7697160883281
6.93,176,28245,112.0,54.0,60.0,184.0,369.5,28690.942891270668,0.5663819875776398,0.4659090909090909,683.9826839826841
9.72,208,39770,112.0,54.0,58.5,184.0,364.0,76207.88230399408,0.33608815426997246,0.4567307692307692,574.074074074074
1.49,48,7518,112.0,54.0,54.0,184.0,304.5000000000001,34321.776041666664,0.826530612244898,0.4583333333333333,885.9060402684564
3.73,89,14350,112.0,54.0,60.0,184.0,303.2000000000001,32382.13533644742,0.5129151291512916,0.48314606741573035,643.4316353887399
4.78,130,24682,112.0,54.0,60.0,220.0,367.6000000000003,52643.826982248516,0.5911552346570397,0.43846153846153846,702.9288702928869
2.43,55,13139,112.0,54.0,60.0,268.5,437.2000000000001,115476.133553719,0.3827615238897074,0.4909090909090909,617.283950617284
6.68,149,28130,112.0,54.0,60.0,220.0,428.8000000000002,63949.84261970182,0.5087963956232568,0.4899328859060403,610.7784431137725
7.43,144,26802,112.0,54.0,60.0,220.0,425.2000000000006,56183.70659722222,0.46755735640365764,0.4652777777777778,532.9744279946165
7.78,186,33108,112.0,54.0,60.0,220.0,427.0,33062.13978494624,0.5696946709652949,0.46236559139784944,632.3907455012853
9.23,230,45549,107.5,54.0,60.0,256.0,463.1,54211.6549905482,0.452965006858273,0.4956521739130435,676.056338028169
2.0,69,14771,112.0,54.0,60.0,266.0,479.2000000000001,60320.79185045159,0.6187397260273972,0.42028985507246375,870.0
8.67,202,39900,112.0,54.0,60.0,184.0,468.4000000000002,72169.19988236447,0.380193019474904,0.44554455445544555,608.9965397923876
7.26,181,27950,112.0,54.0,60.0,184.0,298.0,22396.796068496074,0.6927083333333334,0.48066298342541436,677.6859504132232
2.87,89,15252,112.0,54.0,60.0,220.0,400.0,26665.244539830823,0.5849527174477813,0.4606741573033708,815.3310104529617
2.43,55,8612,112.0,54.0,60.0,148.0,390.4000000000001,31415.188760330584,0.5522710886806056,0.4727272727272727,641.9753086419753
1.08,29,4581,112.0,54.0,60.0,148.0,293.2,32205.274673008327,0.46124401913875596,0.4482758620689655,722.2222222222222
5.03,125,24760,112.0,54.0,60.0,220.0,439.0000000000007,69659.52960000002,0.4618881738206294,0.448,644.1351888667991
9.95,248,44646,112.0,54.0,60.0,220.0,389.20000000000005,47242.934898543186,0.4837487537387837,0.47580645161290325,669.3467336683417
9.4,230,42112,112.0,54.0,60.0,223.75,453.0,35728.834328922494,0.584945427173504,0.4782608695652174,651.063829787234
1.91,59,21814,112.0,54.0,60.0,366.5,1509.0,257382.43493249067,0.19254318827902908,0.423728813559322,785.3403141361257
2.79,73,16922,112.0,54.0,60.0,266.0,443.2,91938.37417902045,1.3013735890112879,0.410958904109589,645.1612903225806
1.9,51,7291,112.0,54.0,60.0,148.0,292.0,13398.194540561319,0.7388504650608156,0.45098039215686275,726.3157894736843
3.72,99,18297,112.0,54.0,60.0,220.0,355.0,58793.74471992653,0.4158477133792463,0.4444444444444444,709.6774193548387
1.58,39,6300,112.0,54.0,60.0,256.0,356.8,15180.145956607497,0.6166281755196305,0.46153846153846156,645.5696202531645
5.0,107,20172,112.0,54.0,60.0,238.0,451.4000000000001,50409.35225783912,0.5466952921331084,0.4766355140186916,588.0
7.38,159,28598,112.0,54.0,60.0,220.0,334.40000000000055,43582.67267908706,0.5512883102793599,0.4528301886792453,585.3658536585366
8.53,197,50012,112.0,54.0,60.0,256.0,674.2000000000002,135887.11963719752,0.32478609838149985,0.4416243654822335,597.8898007033998
3.37,62,12282,112.0,54.0,60.0,220.0,573.3,42328.79708636836,0.6472639484978541,0.43548387096774194,480.7121661721068
9.16,238,42084,112.0,54.0,60.0,211.0,372.1000000000003,47129.85121107267,0.48617438287954234,0.4789915966386555,713.9737991266376
3.95,107,20616,112.0,54.0,60.0,184.0,373.60000000000025,72170.12664861561,0.38001204899926366,0.45794392523364486,744.3037974683543
5.48,163,36923,112.0,54.0,60.0,256.0,443.2000000000001,109246.76487635965,0.34026643435333404,0.43558282208588955,777.3722627737226
9.44,283,118079,112.0,54.0,60.0,489.5,1509.0,290057.59597447846,0.14310192938807517,0.4028268551236749,680.0847457627119
6.93,149,21294,112.0,54.0,60.0,148.0,303.20000000000044,17746.495743434978,0.6976799808658216,0.4966442953020134,623.3766233766235
2.94,52,8236,112.0,54.0,58.5,238.0,327.7,15453.698224852069,0.44643484369511766,0.4423076923076923,469.3877551020408
0.65,23,3860,112.0,54.0,54.0,184.0,427.8,31285.795841209834,0.2781456953642384,0.4782608695652174,1015.3846153846154
4.43,117,19934,112.0,54.0,60.0,184.0,429.60000000000014,38280.83293155089,0.4351331893448524,0.4700854700854701,717.8329571106095
4.92,117,22455,112.0,54.0,60.0,220.0,463.0000000000001,52430.37869822485,0.5859170845398687,0.4444444444444444,609.7560975609756
6.06,158,32125,112.0,54.0,60.0,256.0,508.3,59652.23125300433,0.49314431791773183,0.45569620253164556,673.2673267326733
3.14,71,11091,112.0,54.0,60.0,184.0,301.0,19478.983535012892,0.46939586645469,0.43661971830985913,573.248407643312
6.2,150,34155,112.0,54.0,60.0,256.0,544.8,92346.91666666664,0.42128916815779616,0.43333333333333335,619.3548387096774
7.07,163,39779,112.0,54.0,60.0,222.5,576.8000000000004,119576.71594715644,0.35987282920825925,0.4785276073619632,602.5459688826026
6.48,147,24992,112.0,54.0,60.0,184.0,403.20000000000005,37250.76171965385,0.5236237273669451,0.4897959183673469,620.3703703703703
4.23,82,14583,112.0,54.0,55.5,220.0,395.60000000000025,39785.30413444378,0.4587376212863859,0.4634146341463415,539.0070921985815
1.39,41,6080,83.0,54.0,60.0,112.0,364.0,35203.81677572873,1.2328314359162689,0.5365853658536586,863.3093525179856
7.44,164,22966,112.0,54.0,60.0,148.0,297.0,18250.63280785247,0.6560426882030574,0.47560975609756095,620.9677419354838
8.85,195,38411,112.0,54.0,60.0,220.0,457.5999999999998,69089.15855358315,0.4203675627704027,0.4666666666666667,596.6101694915254
9.11,192,38151,112.0,54.0,60.0,256.0,461.30000000000007,53062.54207356771,0.6284360594160833,0.4427083333333333,559.8243688254665
3.57,74,10077,112.0,54.0,60.0,175.0,256.0,13838.144813732652,0.7685152685152685,0.4864864864864865,571.4285714285714
0.39,18,10330,266.0,58.2,130.0,1308.0,1509.0,357233.65432098764,0.08485612266330603,0.2222222222222222,615.3846153846154
4.3,123,65823,184.0,54.0,60.0,1385.0,1509.0,371968.840372794,0.12583381794547258,0.4065040650406504,669.767441860465
6.07,117,25646,112.0,54.0,60.0,292.0,539.2,69814.05537292715,0.6296625786363348,0.48717948717948717,514.003294892916
7.61,160,37578,112.0,54.0,60.0,297.0,581.4999999999999,87168.25609375001,0.34399141630901287,0.45,559.7897503285152
1.38,32,4872,112.0,54.0,60.0,148.0,314.5000000000001,27128.625,0.5388502842703727,0.46875,652.1739130434783
6.05,124,26224,112.0,54.0,60.0,229.0,509.20000000000005,76882.41103017687,0.33272348427097626,0.45161290322580644,545.4545454545455
2.19,56,10316,112.0,54.0,60.0,229.0,436.0,48775.16836734693,0.8009776536312849,0.44642857142857145,684.9315068493152
2.42,97,40170,148.0,54.0,60.0,472.0,1514.0,315332.3352109682,0.12568306010928962,0.44329896907216493,966.9421487603306
9.8,188,34356,112.0,54.0,60.0,184.0,337.60000000000036,58592.328429153466,0.4676406510316545,0.4787234042553192,520.408163265306
8.25,207,43828,112.0,54.0,60.0,297.0,436.0,55280.35193353404,0.555894777947389,0.4396135265700483,654.5454545454545
8.65,219,54200,87.0,54.0,60.0,268.5,618.2000000000002,129942.971330873,0.8157453936348409,0.502283105022831,658.9595375722544
1.55,37,6029,60.0,54.0,60.0,184.0,392.7999999999999,28454.80788897005,1.0682675814751286,0.5405405405405406,735.483870967742
0.64,21,2925,83.0,54.0,60.0,148.0,269.0,15711.061224489797,0.40086206896551724,0.5238095238095238,843.75
7.12,135,24829,112.0,54.0,60.0,220.0,468.400000000001,42339.46743484225,0.5859095554420031,0.45925925925925926,505.61797752808985
7.16,164,34381,112.0,54.0,60.0,292.0,445.10000000000025,55599.27911213563,0.649285234577377,0.4634146341463415,620.1117318435754
6.79,174,32670,112.0,54.0,60.0,256.0,436.0,47397.8727705113,0.7762192138313488,0.4885057471264368,706.9219440353461
3.74,87,24524,112.0,54.0,60.0,298.0,709.6000000000018,159647.5959836174,0.3905647539124518,0.4942528735632184,609.6256684491979
8.74,162,43376,112.0,54.0,60.0,292.0,644.8000000000004,130350.72915714071,0.3851508861567939,0.4691358024691358,508.0091533180778
2.5,65,14651,112.0,54.0,60.0,297.0,472.0,59772.855384615395,0.5012808689414899,0.4307692307692308,672.0
1.46,33,7551,112.0,55.2,60.0,364.0,536.8000000000001,37606.93663911846,0.8806973848069738,0.42424242424242425,575.3424657534247
6.35,141,29224,112.0,54.0,60.0,297.0,455.0,42741.61199134853,0.7250457470043091,0.46808510638297873,604.724409448819
4.93,108,21051,112.0,54.0,60.0,256.0,446.7999999999999,44321.854166666664,0.6051086542127335,0.4537037037037037,596.3488843813387
6.81,122,26578,112.0,54.0,60.0,297.0,540.0000000000002,53417.51921526471,0.5009035464196974,0.4426229508196721,466.96035242290753
2.27,70,18590,130.0,54.0,60.0,320.5,695.2,97095.93061224488,0.6881583726843443,0.4857142857142857,898.6784140969162
5.96,143,37151,112.0,54.0,60.0,299.5,716.8,91718.41341874911,0.7697694359756098,0.46153846153846156,644.2953020134229
3.48,69,15857,112.0,54.0,60.0,328.0,601.6000000000004,57052.3847931107,0.7498344736261311,0.4782608695652174,534.4827586206897
1.96,49,11402,83.0,54.0,60.0,292.0,544.0,74452.62057476051,0.6515063731170336,0.5306122448979592,704.0816326530613
4.42,96,26731,112.0,54.0,60.0,328.0,684.0,124566.7681206597,0.5169106798320281,0.46875,610.8597285067873
2.28,63,11005,112.0,54.0,60.0,256.0,328.0,39524.24842529606,0.5502183406113537,0.4603174603174603,763.1578947368421
5.88,137,25090,112.0,54.0,60.0,256.0,456.40000000000015,34180.07565666791,0.6276354200454103,0.46715328467153283,642.8571428571428
0.65,17,3066,112.0,57.6,60.0,256.0,381.6,27129.051903114185,1.0522088353413654,0.4117647058823529,646.1538461538461
3.14,75,14547,112.0,54.0,60.0,220.0,418.4000000000004,52617.37173333332,0.33483207928060194,0.48,668.7898089171974
1.22,34,6154,112.0,54.0,60.0,247.0,419.7999999999999,32431.647058823528,0.6953168044077135,0.4411764705882353,737.704918032787
2.45,61,12434,83.0,54.0,60.0,267.0,359.0,84357.80919107767,0.30062761506276153,0.5245901639344263,685.7142857142857
0.44,10,1130,83.0,54.0,60.0,112.0,198.39999999999995,6564.8,0.5804195804195804,0.6,545.4545454545455
5.31,97,18576,112.0,54.0,60.0,220.0,440.80000000000007,56942.41492188331,0.590955806783145,0.4948453608247423,519.7740112994351
6.12,139,26755,112.0,54.0,60.0,256.0,416.00000000000006,50002.99787795662,0.417633656546389,0.4676258992805755,637.2549019607843
4.01,81,15016,112.0,54.0,60.0,256.0,364.0,38055.66834324036,0.48482151685948777,0.4691358024691358,508.72817955112225
8.11,200,41592,112.0,54.0,60.0,264.25,449.3999999999999,62742.45839999999,0.48256933057674484,0.445,651.0480887792849
0.95,24,5233,115.5,54.0,60.0,293.5,513.1,48718.28993055556,0.5080691642651297,0.5,631.5789473684212
0.9,27,5683,83.0,54.0,60.0,364.0,529.6000000000001,42563.28669410151,0.7561804697156984,0.5555555555555556,866.6666666666666
1.2,25,4024,112.0,54.0,60.0,184.0,370.60000000000025,29402.998399999997,0.43304843304843305,0.48,600.0
0.02,2,548,274.0,144.4,193.0,355.0,403.6,26244.0,0.25688073394495414,0.0,0.0
5.25,133,38207,112.0,54.0,60.0,364.0,716.8,139085.37034315112,0.32856944154670004,0.45864661654135336,674.2857142857143
1.84,35,6081,112.0,54.0,60.0,266.5,364.0,18878.47673469388,0.38550922761449075,0.42857142857142855,489.1304347826087
7.45,174,32392,112.0,54.0,60.0,220.0,472.0,43943.859162372835,0.45837648012246185,0.4885057471264368,660.4026845637584
4.43,98,18423,112.0,54.0,60.0,220.0,484.59999999999997,39793.15295710121,0.4129151008512923,0.47959183673469385,582.392776523702
0.49,3,232,60.0,60.0,60.0,86.0,101.6,600.8888888888889,0.9333333333333333,0.6666666666666666,244.8979591836735
4.84,108,29097,112.0,54.0,60.0,297.0,725.8,133732.0023148148,0.30667325309861687,0.46296296296296297,570.2479338842975
1.34,37,6430,112.0,54.0,60.0,256.0,328.79999999999984,26099.899196493796,0.7772249861802101,0.4594594594594595,761.1940298507462
9.5,218,43148,112.0,54.0,60.0,284.75,443.8000000000003,50564.38910866088,0.5451940982667239,0.463302752293578,612.6315789473684
4.47,109,24654,148.0,54.0,60.0,297.0,486.4000000000002,62170.4617456443,0.4136467889908257,0.43119266055045874,630.8724832214765
6.62,157,34635,112.0,54.0,60.0,309.0,547.0,57480.87589760235,0.5322509290391081,0.4713375796178344,634.441087613293
0.71,14,3959,238.0,60.0,60.0,348.25,464.8000000000002,105670.88265306126,3.6196032672112017,0.42857142857142855,507.0422535211268
8.19,174,34876,112.0,54.0,60.0,285.75,478.3000000000002,42054.74025630863,0.5597495527728086,0.46551724137931033,593.4065934065935
3.29,82,14897,112.0,54.0,60.0,184.0,508.0,40180.854997025584,0.5954803470065332,0.4634146341463415,693.0091185410334
5.38,130,22150,112.0,54.0,60.0,211.0,380.2000000000005,28004.375147929,0.4621427156908047,0.46153846153846156,646.8401486988848
5.77,123,21503,112.0,54.0,60.0,240.5,378.99999999999983,36832.81353691587,0.3775144138372838,0.4796747967479675,571.9237435008665
7.77,185,40468,112.0,54.0,60.0,292.0,472.0,69187.30302410519,0.43850419451158823,0.4486486486486487,625.4826254826255
2.05,36,7168,148.0,60.0,60.0,256.0,449.5,45166.82098765432,0.6365296803652968,0.4166666666666667,439.0243902439025
1.8,46,10553,112.0,57.0,60.0,355.0,472.0,60668.720699432895,0.5900256139822209,0.43478260869565216,666.6666666666666
6.76,156,34156,112.0,54.0,60.0,298.75,498.0,53710.56147271532,0.5077249050940231,0.46153846153846156,639.0532544378698
8.34,194,38469,97.5,54.0,60.0,247.0,498.60000000000065,54513.1147040068,0.3954222286709228,0.5,640.2877697841727
3.67,85,16342,112.0,54.0,54.0,220.0,506.2000000000005,57689.25065743945,0.35934120778572615,0.47058823529411764,653.9509536784741
5.84,142,37768,130.0,54.0,60.0,292.75,633.9,123839.111882563,0.31084270442871026,0.43661971830985913,626.7123287671234
3.26,58,12093,112.0,54.0,60.0,256.0,455.40000000000015,54273.80172413793,0.4270710408307765,0.43103448275862066,460.1226993865031
8.9,204,40715,112.0,54.0,60.0,266.0,433.1000000000007,46942.64501633986,0.5414174301506777,0.46078431372549017,606.7415730337078
2.7,62,15074,112.0,54.0,60.0,297.0,580.8999999999999,83138.82206035379,0.5178733259490484,0.46774193548387094,599.9999999999999
5.59,128,33526,130.0,54.0,60.0,328.0,658.3,97317.58764648438,0.4820086641322606,0.421875,579.6064400715563
5.64,124,27643,112.0,54.0,60.0,256.0,541.3000000000001,89691.38989334031,0.33309220679012347,0.47580645161290325,606.3829787234042
8.66,220,41619,112.0,54.0,60.0,256.0,446.29999999999995,47305.93675619835,0.5524264239621023,0.4772727272727273,672.0554272517321
2.35,60,12056,97.5,54.0,58.5,256.0,441.7000000000001,70443.19555555555,0.4205255096029221,0.5,714.8936170212766
9.78,232,74277,112.0,54.0,60.0,298.75,1304.2000000000019,198547.9702549049,0.1900695356810972,0.4224137931034483,588.957055214724
5.43,128,28911,112.0,54.0,60.0,297.25,480.3999999999999,70635.27142333984,0.48849302373474746,0.4375,618.7845303867404
9.33,225,43853,112.0,54.0,60.0,256.0,364.0,73688.32821728395,0.7202651812333281,0.4622222222222222,655.9485530546624
7.36,160,35042,130.0,54.0,60.0,225.0,617.0,69472.57484374999,0.49970041941282206,0.425,554.3478260869565
6.87,162,33464,112.0,54.0,60.0,266.75,420.6,68674.60341411372,0.40551892141627116,0.4444444444444444,602.6200873362445
8.7,236,52639,112.0,54.0,60.0,272.75,493.0,80990.68003088194,0.44588804043289565,0.4491525423728814,696.551724137931
0.09,6,1101,202.0,54.0,77.5,283.0,294.5,10785.25,0.3029585798816568,0.3333333333333333,1333.3333333333333
2.59,51,10659,112.0,54.0,57.0,298.0,472.0,44845.60784313725,0.35852663777721133,0.49019607843137253,555.984555984556
3.56,91,19480,112.0,54.0,60.0,256.0,540.0,67161.18246588578,0.44189489267209475,0.43956043956043955,674.1573033707865
9.92,217,36328,112.0,54.0,60.0,220.0,340.8000000000002,26082.93316910531,0.5178407286705106,0.4423963133640553,574.5967741935484
9.79,234,46245,112.0,54.0,60.0,220.0,445.4000000000002,66825.96005917159,0.39220880874251135,0.49145299145299143,637.3850868232892
8.43,185,37185,112.0,54.0,60.0,220.0,484.4,63896.097297297296,0.517693155381413,0.4486486486486487,590.7473309608541
2.08,42,11394,112.0,54.0,60.0,256.0,412.59999999999985,257414.39455782317,2.165,0.4523809523809524,548.0769230769231
4.01,95,13286,112.0,54.0,60.0,184.0,318.0000000000001,12485.620387811638,0.5528284244974287,0.47368421052631576,658.354114713217
3.91,84,17833,112.0,54.0,60.0,301.5,476.90000000000003,48178.35189909297,0.5576032841296183,0.4523809523809524,537.0843989769821
4.37,109,22373,112.0,54.0,60.0,267.0,456.6,59982.04410403165,0.6296161410153689,0.44954128440366975,617.8489702517162
1.16,50,19283,112.0,54.0,54.0,348.0,1509.0,289537.22439999995,0.13905133203378817,0.46,1189.6551724137933
6.73,168,34888,112.0,54.0,60.0,221.25,456.6,70547.4365079365,0.47076430167362254,0.42857142857142855,641.9019316493312
6.76,164,32026,112.0,54.0,60.0,256.0,472.0,48776.56766805474,0.48097109826589596,0.47560975609756095,639.0532544378698
4.35,88,15842,112.0,54.0,60.0,193.0,405.4,38525.65857438017,0.55496662740479,0.4431818181818182,537.9310344827586
5.08,133,28456,112.0,54.0,60.0,184.0,452.2,95726.900220476,0.2921037097579803,0.47368421052631576,685.0393700787401
6.54,143,22701,112.0,54.0,60.0,202.0,400.0,22911.265294146415,0.5415591470867853,0.4825174825174825,605.5045871559633
9.71,258,52926,112.0,54.0,60.0,220.0,436.0,82757.6549486209,0.4021618184708313,0.44573643410852715,698.2492276004118
9.67,207,44641,112.0,54.0,60.0,220.0,514.0,78085.75191953138,0.45528932355338225,0.4444444444444444,570.8376421923475
4.43,101,19266,112.0,54.0,60.0,220.0,436.0,51529.849622586014,0.5718365015909276,0.46534653465346537,623.0248306997743
2.06,49,19337,112.0,54.0,60.0,364.0,1509.0,288128.68138275715,0.1479370733155239,0.40816326530612246,582.5242718446602
10.0,256,53149,112.0,54.0,60.0,256.0,460.5,68276.8074798584,0.48714289711519626,0.46875,684.0
9.41,224,43752,112.0,54.0,60.0,221.25,423.70000000000016,63965.70918367347,0.6017572762218562,0.45535714285714285,643.9957492029756
6.19,134,26381,112.0,54.0,60.0,220.0,467.20000000000005,53223.36450211628,0.41901995589263624,0.4552238805970149,591.2762520193861
6.24,148,34204,112.0,54.0,60.0,256.0,510.20000000000016,104992.35317750182,0.3564403553299492,0.4594594594594595,596.1538461538461
4.62,129,23220,112.0,54.0,60.0,220.0,380.00000000000006,41056.62015503876,0.5495495495495496,0.4728682170542636,779.2207792207793
0.24,4,322,60.0,55.8,58.5,82.0,121.60000000000002,1524.75,1.6833333333333333,0.75,750.0
1.18,30,4001,83.0,54.0,55.5,184.0,298.2,9806.09888888889,0.6277461350691619,0.5333333333333333,711.8644067796611
2.54,51,8312,112.0,54.0,60.0,202.0,347.0,22961.94079200307,0.6381553015372488,0.43137254901960786,519.6850393700787
3.56,62,10507,112.0,54.0,60.0,220.0,392.0,27346.474765868887,0.4635743139713052,0.46774193548387094,488.76404494382024
1.14,30,4995,112.0,60.0,60.0,175.0,371.5000000000001,31855.716666666667,1.1382705479452055,0.4666666666666667,684.2105263157895
0.95,22,4246,112.0,54.0,55.5,247.0,392.80000000000024,50523.90909090909,0.18404907975460122,0.45454545454545453,631.5789473684212
9.72,210,35919,112.0,54.0,60.0,184.0,364.0,38687.52673469388,0.5023841392002677,0.46190476190476193,592.5925925925926
2.12,63,10023,112.0,54.0,60.0,184.0,297.8,31208.30839002267,0.4711580801409071,0.47619047619047616,792.4528301886792
6.46,149,21929,112.0,54.0,60.0,148.0,293.0000000000001,27692.345389847305,0.6334450651769088,0.47651006711409394,631.578947368421
8.16,216,39967,112.0,54.0,60.0,220.0,431.5,44805.7720979081,0.4936467598475222,0.4537037037037037,698.5294117647059
0.64,17,3202,112.0,54.0,60.0,184.0,422.4000000000001,48873.522491349475,0.2353395061728395,0.4117647058823529,656.25
3.61,89,18276,112.0,54.0,60.0,220.0,518.6000000000001,63039.14833985608,0.5444942111045381,0.48314606741573035,631.578947368421
3.23,89,14356,112.0,54.0,60.0,220.0,397.6,18735.087741446783,0.5831495368328187,0.449438202247191,724.4582043343654
6.82,159,47033,112.0,54.0,60.0,267.5,1509.0,195342.54689292356,0.22293871395512105,0.44025157232704404,580.6451612903226
1.67,46,11674,112.0,54.0,60.0,287.5,575.5,118231.95274102077,0.23822655918540517,0.41304347826086957,682.6347305389222
9.97,222,42347,112.0,54.0,60.0,220.0,461.30000000000007,57417.132314747185,0.5255782116867209,0.45045045045045046,589.7693079237713
2.9,77,11312,112.0,54.0,60.0,184.0,303.6,15513.173553719007,0.7092777274100937,0.4805194805194805,724.1379310344828
9.25,234,37795,112.0,54.0,60.0,184.0,300.1,36573.12150266638,0.5249142626588662,0.45726495726495725,681.081081081081
4.18,106,37888,112.0,54.0,55.5,418.0,1438.5,228838.33997864006,0.22845470462356526,0.4528301886792453,674.6411483253588
8.0,192,64787,112.0,54.0,60.0,299.25,1508.0,224835.53708224825,0.23844933381759792,0.4427083333333333,622.5
6.17,145,28275,112.0,54.0,60.0,256.0,422.1999999999998,52951.503448275864,0.6208082545141874,0.46206896551724136,602.9173419773095
7.53,171,30155,112.0,54.0,60.0,220.0,328.0,35300.14411271845,0.5065447641886491,0.4502923976608187,605.5776892430279
3.01,65,12223,112.0,54.0,60.0,184.0,447.8,45088.136331360955,0.42509035793400957,0.4461538461538462,578.0730897009967
2.21,42,8037,112.0,54.0,54.0,184.0,389.79999999999984,69863.70578231291,0.39313572542901715,0.47619047619047616,515.8371040723981
3.32,78,15788,112.0,54.0,60.0,220.0,387.39999999999975,67677.83168967784,0.7608744144546062,0.44871794871794873,632.5301204819277
4.07,110,20538,112.0,54.0,60.0,220.0,436.0,42217.060826446286,0.45114110082667985,0.4727272727272727,678.132678132678
3.48,82,14084,112.0,54.0,60.0,184.0,298.0,35261.79417013682,0.7259803921568627,0.45121951219512196,637.9310344827586
5.39,133,20224,106.0,54.0,60.0,184.0,299.8,29605.545254112727,0.6152064531586934,0.49624060150375937,701.2987012987013
0.42,8,1042,86.0,58.2,60.0,202.0,256.0,6933.4375,1.8626373626373627,0.5,571.4285714285714
6.54,159,38976,112.0,54.0,60.0,256.0,544.2,118866.9573988371,0.3843858776727996,0.4339622641509434,633.0275229357799
1.16,32,4512,112.0,54.0,60.0,157.0,289.50000000000006,23038.6875,0.4564234990316333,0.46875,775.8620689655173
1.86,45,7705,112.0,54.0,60.0,220.0,349.6,38023.28395061729,0.5275574940523394,0.4444444444444444,645.1612903225806
6.24,151,35602,112.0,54.0,60.0,220.0,508.0,119327.08837331696,0.3525054135166964,0.44370860927152317,615.3846153846154
6.52,133,22654,112.0,54.0,60.0,184.0,410.1999999999998,37638.74769630845,0.5224462365591398,0.45864661654135336,533.7423312883436
9.54,243,45396,112.0,54.0,60.0,220.0,433.60000000000014,50983.07270233196,0.4325927796011108,0.4567901234567901,679.245283018868
0.13,21,16585,689.0,54.0,54.0,1514.0,1514.0,493646.08616780036,0.03417097960965268,0.3333333333333333,3230.769230769231
1.33,76,42152,157.0,54.0,60.0,1509.0,1509.0,378231.28531855956,0.10803848378108406,0.35526315789473684,1218.045112781955
8.19,187,30053,83.0,54.0,60.0,166.0,321.20000000000005,39235.552975492574,0.5944081914159902,0.5026737967914439,630.0366300366301
1.17,38,7083,112.0,54.0,60.0,320.5,401.3000000000004,26406.344182825484,0.7088057901085645,0.47368421052631576,923.0769230769231
7.15,160,38211,112.0,54.0,60.0,312.0,511.0999999999998,85308.33589843751,0.40228999229329515,0.45625,595.8041958041957
0.47,16,5236,83.0,54.0,60.0,369.25,1084.0,189510.4375,2.7507163323782233,0.625,893.6170212765958
9.0,166,41736,112.0,54.0,60.0,320.5,558.5,100062.48483088982,0.7716274726207658,0.4819277108433735,520.0
0.99,21,3484,60.0,54.0,54.0,256.0,328.0,28511.609977324253,0.7949510561566203,0.6190476190476191,666.6666666666666
1.69,33,7967,112.0,54.0,60.0,297.0,551.2,86075.2139577594,1.0741994272324915,0.45454545454545453,532.5443786982248
3.73,58,11459,112.0,54.0,60.0,286.25,518.8000000000002,32763.141795481566,1.2289437852557867,0.46551724137931033,434.31635388739943
8.08,141,25901,112.0,54.0,60.0,266.0,436.0,30239.74387606257,0.7126892812272697,0.46099290780141844,482.6732673267327
1.8,29,4913,112.0,54.0,60.0,220.0,371.2,28278.035671819267,0.6081833060556465,0.4482758620689655,433.3333333333333
1.77,30,4334,71.5,54.0,60.0,184.0,331.6,14922.78222222222,0.588127519237816,0.5666666666666667,508.47457627118644
9.35,211,46371,112.0,54.0,60.0,256.0,472.0,78635.27782394826,0.40059804276911926,0.46919431279620855,609.6256684491979
7.05,166,39246,112.0,54.0,60.0,264.25,538.5,101705.28001161272,0.4305606182109791,0.4578313253012048,646.8085106382979
0.58,12,1954,60.0,60.0,60.0,166.0,479.2000000000001,28753.63888888888,2.3689655172413793,0.5833333333333334,724.1379310344829
8.06,156,33588,112.0,54.0,60.0,297.0,496.0,52857.59763313609,0.4985277058980994,0.44871794871794873,521.091811414392
9.32,184,48749,112.0,54.0,60.0,373.0,652.0,96026.69751299622,0.6120167983862967,0.4782608695652174,521.459227467811
1.98,38,8401,71.5,54.0,60.0,256.0,529.6000000000004,78406.49376731305,0.8223427331887202,0.5263157894736842,575.7575757575758
6.0,150,34188,112.0,54.0,60.0,292.0,481.89999999999986,82964.27360000001,0.4349632738719832,0.48,700.0
8.82,185,47449,112.0,54.0,60.0,328.0,616.0,110207.55775018262,0.4612731360290721,0.4540540540540541,564.6258503401361
9.64,192,32766,83.0,54.0,60.0,256.0,328.0,35362.6943359375,0.7542563443623514,0.5260416666666666,585.0622406639004
7.23,133,28437,112.0,54.0,60.0,292.0,483.6,55410.24286279609,0.7223063412270607,0.47368421052631576,522.8215767634854
5.06,111,23676,112.0,54.0,60.0,292.0,544.0,48979.3981008035,0.7587282721735255,0.46846846846846846,592.8853754940711
6.45,139,23681,112.0,54.0,60.0,220.0,357.6,35918.27545158119,0.6524317912218268,0.49640287769784175,604.6511627906976
9.68,240,52577,112.0,54.0,60.0,292.0,504.4,76019.79081597223,0.44577352472089316,0.4708333333333333,669.4214876033058
8.19,168,38094,112.0,54.0,60.0,328.0,544.0,66686.84226190476,0.5108872407091579,0.47023809523809523,564.1025641025642
7.37,117,27055,112.0,54.0,60.0,292.0,522.0000000000002,69693.22477901966,0.8294002299006018,0.48717948717948717,447.76119402985074
8.91,189,43594,112.0,54.0,60.0,292.0,604.0000000000002,74361.85526720974,0.7002340093603744,0.4656084656084656,592.5925925925926
0.09,7,863,60.0,54.0,57.0,184.0,260.4,8000.775510204083,0.3421461897356143,0.5714285714285714,2666.6666666666665
1.2,39,8206,112.0,54.0,60.0,279.5,428.0000000000004,57917.626561472716,0.468503937007874,0.4358974358974359,850.0
5.13,89,16306,112.0,54.0,60.0,256.0,400.0,34274.28026764298,0.9203862913673301,0.4943820224719101,491.22807017543863
9.67,178,36554,83.0,54.0,60.0,297.75,518.8000000000004,49774.713420022716,0.7033550792171482,0.5112359550561798,527.4043433298863
0.41,10,2052,130.0,54.0,60.0,373.0,443.2,29852.159999999996,1.6443298969072164,0.4,585.3658536585366
3.85,67,12338,112.0,57.6,60.0,220.0,406.4,54774.45533526398,0.5594034378159757,0.4626865671641791,483.1168831168831
9.8,184,41355,112.0,54.0,60.0,298.5,508.0,67281.45649220227,0.431315543557263,0.43478260869565216,489.79591836734687
6.2,123,29650,83.0,54.0,60.0,256.0,559.0,122968.59025712208,0.32454768818405183,0.5040650406504065,541.9354838709678
2.01,20,5048,101.5,54.0,58.5,319.0,493.60000000000036,95263.54,0.2535386143531165,0.5,268.6567164179105
7.57,151,31238,112.0,54.0,60.0,269.0,446.0,61864.09675014253,0.6703026414287242,0.48344370860927155,562.7476882430647
0.45,6,1673,122.0,57.0,60.0,246.25,657.5,124512.80555555556,1.9299474605954465,0.5,399.99999999999994
6.52,125,21563,112.0,54.0,60.0,256.0,328.0,28221.801983999998,0.6235976206610948,0.464,533.7423312883436
5.73,119,19841,112.0,54.0,60.0,246.5,328.0,28069.003318974654,0.4877774445110978,0.4957983193277311,596.8586387434555
1.09,25,4344,112.0,56.400000000000006,60.0,112.0,361.60000000000025,53759.46239999999,0.45090180360721444,0.48,660.5504587155963
1.99,34,4585,83.0,54.0,55.5,184.0,292.0,9463.948961937716,0.50032722513089,0.5294117647058824,482.4120603015076
7.21,165,35156,91.0,54.0,54.0,256.0,401.79999999999995,91114.70464646464,0.3544981699094587,0.503030303030303,649.0984743411927
0.35,6,2052,140.0,54.0,55.5,490.0,832.0,144584.0,0.5043988269794721,0.5,514.2857142857143
0.63,19,3431,112.0,54.0,57.0,277.0,449.4,30242.243767313023,0.7249874308697838,0.47368421052631576,857.1428571428571
6.3,161,58989,116.0,54.0,60.0,364.0,1508.0,230034.27545233598,0.1763685312593479,0.39751552795031053,609.5238095238095
1.49,39,8300,112.0,54.0,60.0,277.0,434.40000000000015,60095.942143326756,0.48002853067047074,0.48717948717948717,684.5637583892618
7.51,170,29212,112.0,54.0,60.0,220.0,328.0,46446.13757785468,0.43844790230451053,0.48823529411764705,631.1584553928095
7.71,195,64752,112.0,54.0,60.0,300.5,1509.0,218354.44749506903,0.18376599634369287,0.441025641025641,622.568093385214
0.76,21,3533,112.0,54.0,60.0,220.0,397.0,17803.80045351474,0.7568373943311785,0.42857142857142855,710.5263157894738
3.25,63,15334,112.0,54.0,57.0,289.0,645.8000000000002,97462.11237087431,0.40434105687334004,0.4603174603174603,498.46153846153845
5.95,120,23788,112.0,54.0,60.0,229.0,465.70000000000005,65151.69555555556,0.768361581920904,0.475,574.7899159663865
7.29,175,31509,112.0,54.0,60.0,184.0,370.5999999999999,50305.75164081634,0.5303059737736765,0.4742857142857143,658.4362139917696
0.86,14,2149,112.0,54.0,55.5,202.0,303.90000000000003,14986.964285714286,0.556118754525706,0.42857142857142855,418.6046511627907
9.94,217,52501,112.0,54.0,60.0,266.0,510.0,117951.69687188091,0.3124921876953076,0.42857142857142855,561.3682092555332
5.28,131,45103,112.0,54.0,60.0,343.0,1508.0,218984.88083445022,0.2138166747402982,0.4122137404580153,590.9090909090909
0.23,6,942,86.0,57.0,60.0,193.0,328.0,18877.0,1.7705882352941176,0.5,782.6086956521739
8.34,182,62492,148.0,54.0,60.0,328.0,1508.0,204090.03332930806,0.2635111910875675,0.42857142857142855,525.179856115108
8.66,175,40407,112.0,54.0,60.0,256.0,518.0,92798.35513469389,0.416546888694128,0.44571428571428573,526.5588914549653
4.43,113,24832,112.0,54.0,60.0,266.0,486.5999999999997,75002.34568094603,0.4901584253480557,0.4336283185840708,663.6568848758465
9.21,224,47525,112.0,54.0,60.0,256.0,424.00000000000017,88604.03968032527,0.35797354058919334,0.49107142857142855,664.4951140065145
5.55,124,26251,112.0,54.0,60.0,258.5,458.90000000000003,71941.3061264308,0.4879832218569323,0.45161290322580644,583.7837837837837
2.83,60,12292,112.0,54.0,60.0,293.25,481.90000000000003,43838.98222222222,0.42747648356752993,0.43333333333333335,530.035335689046
2.29,39,7166,134.0,54.0,60.0,240.5,409.20000000000016,27008.344510190665,0.580502867225408,0.41025641025641024,419.2139737991266
1.06,27,5532,112.0,54.0,54.0,236.5,363.6000000000002,86162.39506172837,0.40835030549898166,0.4444444444444444,679.2452830188679
1.38,21,4414,148.0,54.0,60.0,268.0,508.0,43366.820861678,0.6015965166908563,0.42857142857142855,391.30434782608694
9.77,185,37914,112.0,54.0,60.0,268.0,483.4,50247.4072753835,0.4490903531570096,0.4594594594594595,485.1586489252815
6.98,157,30015,112.0,54.0,60.0,256.0,436.0,45114.94908515558,0.6718654263911324,0.47770700636942676,610.3151862464183
5.41,115,23200,112.0,54.0,60.0,256.0,407.2000000000006,56847.89716446125,0.43902741595335565,0.43478260869565216,554.52865064695
2.28,52,10015,112.0,54.0,60.0,256.0,423.9,40192.12536982248,0.4584243483326052,0.4230769230769231,578.9473684210526
5.58,197,81420,112.0,54.0,54.0,476.0,1508.0,313520.6057357829,0.13805683295360832,0.4720812182741117,924.7311827956989
5.77,142,26555,112.0,54.0,60.0,220.0,392.8000000000002,52971.3450208292,0.5315185420151104,0.4647887323943662,644.7140381282496
4.91,105,18046,106.0,54.0,60.0,220.0,344.80000000000024,41600.36317460317,0.5115168774604238,0.4857142857142857,610.9979633401222
1.3,35,4989,112.0,54.0,60.0,184.0,295.0,12827.219591836734,0.4639084507042254,0.45714285714285713,692.3076923076923
0.74,20,3857,86.0,54.0,54.0,229.0,343.5000000000003,71208.72750000002,0.27842227378190254,0.5,810.8108108108108
1.71,46,9249,130.0,54.0,60.0,263.5,447.0,43282.58270321361,0.42885833462073225,0.43478260869565216,701.7543859649122
5.43,127,22560,112.0,54.0,60.0,220.0,404.2000000000001,38656.419988839974,0.536680062666031,0.44881889763779526,607.7348066298342
2.11,57,9877,112.0,54.0,60.0,184.0,368.79999999999984,41707.67559249,0.8961412939143789,0.45614035087719296,739.3364928909953
6.64,168,28490,112.0,54.0,60.0,220.0,338.8000000000004,30934.100198412696,0.6959342818024883,0.47023809523809523,686.7469879518072
8.59,235,87900,112.0,54.0,57.0,358.0,1509.0,270265.1045722047,0.14491885273660354,0.4297872340425532,705.4714784633295
9.22,217,35917,112.0,54.0,60.0,184.0,375.20000000000016,40133.604578564,0.6256449714854712,0.45622119815668205,618.2212581344902
8.23,604,78638,112.0,60.0,83.0,112.0,148.0,20527.627395728257,0.628486818944273,0.25496688741721857,1078.9793438639124
4.59,215,30189,112.0,54.0,60.0,148.0,297.0,15441.200735532722,0.5691564010603462,0.3767441860465116,1058.8235294117646
2.13,81,11804,112.0,60.0,60.0,112.0,266.0,31232.395366559977,0.5823056300268097,0.38271604938271603,873.2394366197184
0.57,28,6254,112.0,54.0,60.0,148.0,436.0000000000002,107906.30102040815,0.33689610944848225,0.35714285714285715,1052.6315789473686
5.03,174,28560,112.0,54.0,60.0,112.0,297.70000000000005,49574.39476813317,0.5448693676637637,0.39655172413793105,799.2047713717693
5.66,185,26088,112.0,54.0,60.0,148.0,241.5999999999998,23595.82135865595,0.5744115872057936,0.4540540540540541,816.2544169611307
1.98,87,15426,112.0,54.0,60.0,148.0,297.4,65781.77724930638,0.7410835214446952,0.41379310344827586,1090.9090909090908
0.63,17,2678,112.0,60.0,60.0,184.0,364.40000000000003,18696.719723183392,0.9985074626865672,0.4117647058823529,666.6666666666666
4.66,139,23298,112.0,54.0,60.0,184.0,328.0,49201.70519124269,0.31042240845941843,0.43884892086330934,746.7811158798282
6.14,188,30087,112.0,54.0,60.0,148.0,338.8000000000004,35254.26989022182,0.6030156108476744,0.425531914893617,771.9869706840391
8.17,271,40119,112.0,54.0,60.0,148.0,300.0,23664.99835241895,0.607589357268793,0.4317343173431734,859.2411260709915
5.24,144,27385,112.0,54.0,60.0,220.0,433.3000000000002,56138.03235918211,0.4750875302989496,0.4583333333333333,709.9236641221374
4.87,116,25743,112.0,54.0,60.0,256.0,489.5,91047.81294589772,0.45022815616021633,0.4827586206896552,640.6570841889118
3.12,81,22411,112.0,54.0,60.0,264.0,622.0,163356.88462124675,0.3004700284338188,0.4074074074074074,634.6153846153845
6.2,153,34782,112.0,54.0,60.0,292.0,499.00000000000057,91900.92810457517,0.41903635102606995,0.47058823529411764,667.741935483871
3.14,84,18296,112.0,54.0,60.0,275.5,516.8000000000002,80989.1303854875,0.5004100377234706,0.4642857142857143,668.7898089171974
5.13,115,18561,112.0,54.0,57.0,220.0,298.6,29886.709565217392,0.47227730625842784,0.46956521739130436,631.5789473684212
8.26,200,35393,112.0,54.0,60.0,184.0,366.79999999999984,41069.173775,0.6101633228697512,0.46,639.2251815980629
7.45,175,37162,112.0,54.0,60.0,298.0,482.7999999999999,47460.61733877551,0.426728605981495,0.44,604.0268456375838
4.64,126,28765,112.0,54.0,60.0,286.0,454.0,102748.33440413202,0.4142084562438545,0.4365079365079365,685.344827586207
7.09,190,40532,112.0,54.0,60.0,220.0,436.0,94127.85141274237,0.3807528530063022,0.4789473684210526,753.1734837799718
4.47,114,21844,112.0,54.0,60.0,220.0,441.00000000000006,52690.53524161279,0.507002414625733,0.4473684210526316,671.1409395973154
5.04,125,28760,112.0,54.0,60.0,297.0,446.6,96133.9776,0.4827799546298206,0.44,654.7619047619047
4.97,117,29233,112.0,54.0,60.0,292.0,702.4000000000002,107350.75666593615,0.3997797356828194,0.452991452991453,615.6941649899396
1.77,33,6218,112.0,54.0,60.0,184.0,289.6,68080.2442607897,0.5026582890285162,0.45454545454545453,474.57627118644064
8.13,174,36630,112.0,54.0,60.0,220.0,469.9000000000001,84464.98533491875,0.40565639510341917,0.46551724137931033,553.5055350553505
3.58,77,15573,112.0,54.0,60.0,256.0,472.0,53229.09495699106,0.4198577680525164,0.44155844155844154,553.072625698324
6.04,147,22878,112.0,54.0,60.0,184.0,311.20000000000016,27218.45009024018,0.7167942368302567,0.4557823129251701,665.5629139072847
0.82,20,3985,148.0,54.0,60.0,307.0,405.20000000000005,31563.0875,0.4731977818853974,0.45,658.5365853658537
2.6,65,12490,112.0,54.0,60.0,256.0,472.20000000000005,44917.1147928994,0.5622263914946842,0.46153846153846156,692.3076923076923
0.82,20,3456,130.0,59.4,60.0,242.0,302.80000000000007,23638.560000000005,0.6029684601113172,0.45,658.5365853658537
1.65,37,6423,112.0,54.0,60.0,292.0,411.19999999999993,23792.51132213295,0.5105832549388523,0.4864864864864865,581.8181818181819
1.14,56,12915,83.0,54.0,60.0,256.0,515.0,95963.91294642857,0.9958275382475661,0.5178571428571429,1315.7894736842106
0.58,16,2545,86.0,57.0,60.0,184.0,396.5,22442.68359375,1.5123395853899309,0.5,827.5862068965519
5.17,145,43874,112.0,54.0,60.0,268.0,1514.0,205725.5402615933,0.21426989925827522,0.43448275862068964,719.5357833655705
0.08,10,2268,240.5,54.0,150.25,297.75,316.29999999999995,15724.560000000001,0.1272365805168986,0.2,1500.0
5.23,120,26579,112.0,54.0,60.0,256.0,513.4000000000003,85288.5832638889,0.5027421269859219,0.4666666666666667,630.9751434034416
9.95,222,58311,112.0,54.0,60.0,297.75,608.8000000000004,122901.54802775748,0.4769008662175168,0.4369369369369369,578.894472361809
7.13,151,27307,112.0,54.0,60.0,256.0,436.0,29365.93500285075,0.6025234741784038,0.47019867549668876,546.984572230014
3.58,75,19006,112.0,54.0,60.0,298.0,588.2000000000007,93976.74915555555,0.6736526946107785,0.4533333333333333,569.8324022346369
1.6,21,4204,112.0,54.0,60.0,220.0,328.0,69762.24943310658,1.3940774487471526,0.47619047619047616,375.0
8.58,176,48121,112.0,54.0,60.0,364.0,652.0,111175.53819085742,0.5880469935977823,0.4715909090909091,566.4335664335665
1.38,30,6430,184.0,54.0,60.0,328.0,429.8000000000002,29481.155555555553,0.4616958399636281,0.4,478.2608695652174
5.97,123,25393,112.0,54.0,60.0,260.0,469.4,64952.01956507371,0.646864258382515,0.4959349593495935,572.8643216080402
7.56,173,57109,112.0,54.0,60.0,400.0,1156.000000000002,190015.7278225133,0.42747519184142774,0.4682080924855491,603.1746031746031
7.45,168,34708,109.0,54.0,60.0,263.0,516.1000000000004,59139.26473922903,0.9563722450820135,0.49404761904761907,644.2953020134228
4.22,69,15429,112.0,54.0,54.0,292.0,479.2000000000001,62050.32514177695,0.3936410441694517,0.4782608695652174,454.97630331753555
8.0,144,38227,112.0,54.0,60.0,292.0,654.4000000000019,150655.38768325615,0.3384335282378068,0.4722222222222222,487.5
9.96,173,38212,112.0,54.0,60.0,266.0,489.60000000000025,76560.06040963615,0.5644626407369498,0.4797687861271676,493.9759036144578
5.85,117,29650,112.0,54.0,60.0,400.0,653.2,79338.72203959385,0.8084781945715157,0.46153846153846156,533.3333333333334
1.4,26,6921,112.0,60.0,60.0,313.75,580.0,126897.38609467457,1.084010840108401,0.46153846153846156,514.2857142857143
6.18,134,37833,112.0,54.0,60.0,355.0,760.0,124703.1185676097,0.38623039718598856,0.4626865671641791,553.3980582524272
7.39,102,19072,112.0,54.0,60.0,256.0,433.00000000000017,33980.33294886582,0.8271699559302549,0.45098039215686275,373.47767253044657
9.75,216,44999,112.0,54.0,60.0,256.0,472.0,70563.60954646778,0.5275646683413674,0.4675925925925926,603.0769230769231
5.35,117,18773,112.0,54.0,60.0,220.0,328.0,27697.923003871718,0.7052411663184667,0.49572649572649574,605.6074766355141
2.01,61,10146,112.0,54.0,60.0,184.0,298.0,46829.36791185166,0.5141023727801821,0.47540983606557374,835.8208955223881
8.33,169,31217,112.0,54.0,60.0,256.0,449.4000000000002,35573.97850215329,0.4820072161033042,0.47337278106508873,554.6218487394958
8.47,178,36413,112.0,54.0,60.0,234.0,446.8000000000004,64153.00950006314,0.48086542763024115,0.4550561797752809,566.7060212514757
7.15,141,30381,112.0,54.0,60.0,267.0,436.0,69977.14259846084,0.5104404892114944,0.48936170212765956,511.8881118881119
3.63,64,10934,112.0,54.0,58.5,193.0,458.5000000000001,26669.3818359375,0.5642346208869814,0.484375,512.396694214876
3.15,81,20911,112.0,54.0,60.0,298.0,515.0,126320.33226642279,0.2578045112781955,0.4444444444444444,685.7142857142858
5.45,128,25301,101.5,54.0,60.0,297.0,509.5,38990.410583496094,0.5616937226097154,0.5,671.559633027523
5.6,156,30060,112.0,54.0,60.0,258.5,480.0,46067.687376725844,0.5191024863553669,0.47435897435897434,750.0000000000001
7.93,203,41460,112.0,54.0,60.0,292.0,467.0000000000003,59691.146060326624,0.5000542711386085,0.47783251231527096,696.0907944514503
8.11,146,23935,112.0,54.0,60.0,184.0,364.0,31596.838665790958,0.6917585524455754,0.4863013698630137,510.48088779284836
4.51,93,16643,112.0,54.0,60.0,266.0,328.0,27026.17019308591,0.6078639744952179,0.44086021505376344,545.4545454545455
5.01,102,15743,101.5,54.0,60.0,184.0,324.9000000000002,21000.205786236063,0.7074837310195228,0.5,562.8742514970061
2.94,53,11448,112.0,54.0,60.0,220.0,428.80000000000035,84914.64150943396,0.4175334323922734,0.4339622641509434,469.3877551020408
5.6,98,17750,112.0,54.0,60.0,256.0,423.2999999999999,31538.33194502291,0.5124403544648943,0.42857142857142855,450.00000000000006
5.87,137,42183,112.0,54.0,60.0,328.0,955.6000000000001,176248.80121476905,0.37345749356949826,0.45255474452554745,603.0664395229983
2.8,41,8424,112.0,54.0,54.0,256.0,464.0,64882.492563950036,0.48781349346520664,0.43902439024390244,385.7142857142858
0.01,1,60,60.0,60.0,60.0,60.0,60.0,0.0,0.0,1.0,6000.0
4.48,102,19039,87.0,54.0,60.0,211.0,325.00000000000017,64827.617550941926,0.4574753119497818,0.5098039215686274,656.25
4.65,104,23656,112.0,54.0,60.0,292.0,516.9000000000004,78412.17159763313,0.8355058969584109,0.47115384615384615,593.5483870967741
3.79,123,65324,184.0,54.0,60.0,1508.0,1508.0,380865.9025712208,0.08234748318255625,0.34959349593495936,680.7387862796834
5.33,166,123266,328.0,54.0,60.0,1508.0,1508.0,455786.35404267674,0.06325205075345243,0.29518072289156627,551.594746716698
0.9,15,4107,184.0,56.4,60.0,282.5,564.3999999999999,109285.89333333333,1.0142226581657676,0.4,399.99999999999994
1.5,29,7137,148.0,54.0,60.0,298.0,523.9999999999999,79957.60998810938,0.6056242969628797,0.41379310344827586,480.0
6.32,157,29668,112.0,54.0,60.0,229.0,328.0,62655.92892206581,0.5220603324440797,0.45222929936305734,645.5696202531645
8.37,227,49835,112.0,54.0,60.0,220.0,405.6000000000001,103880.2045450135,0.3264219743951452,0.4669603524229075,716.8458781362008
0.52,2,414,207.0,84.6,130.5,283.5,329.4,23409.0,0.15,0.5,115.38461538461539
8.72,147,26732,112.0,54.0,57.0,220.0,466.0,44356.72590124485,0.4954965034965035,0.46258503401360546,461.0091743119266
4.9,115,26721,112.0,54.0,54.0,184.0,442.6000000000001,129910.26419659736,0.27943500119703135,0.4782608695652174,661.2244897959183
3.21,84,20933,112.0,54.0,60.0,229.0,593.8000000000005,143122.3757086168,0.3160442600276625,0.47619047619047616,710.2803738317757
5.38,129,24337,106.0,54.0,60.0,184.0,413.0,59256.41079262065,0.4655546188124774,0.49612403100775193,657.9925650557622
8.45,190,41351,112.0,54.0,60.0,220.0,511.2,92762.72601108032,0.3857573726541555,0.4473684210526316,596.4497041420119
8.96,219,61541,112.0,54.0,60.0,292.0,774.4000000000012,157750.28302162176,0.2513674535879135,0.4474885844748858,609.375
9.98,266,88142,112.0,54.0,60.0,328.0,1310.0,195629.63666685513,0.26026966356396286,0.42857142857142855,661.3226452905811
2.19,62,12439,112.0,54.0,60.0,220.0,471.2,46085.62044745057,0.5787536489402209,0.4838709677419355,821.9178082191781
7.82,208,49064,112.0,54.0,60.0,256.0,518.5000000000005,111779.09245562131,0.29265465275582253,0.4519230769230769,698.2097186700768
4.62,109,22568,112.0,54.0,60.0,266.0,491.0,65286.520831579845,0.4982407222996747,0.46788990825688076,636.3636363636364
3.91,88,19226,112.0,54.0,60.0,293.5,517.8999999999999,58687.885847107435,0.41201527614571093,0.4090909090909091,552.4296675191816
5.59,150,47843,112.0,54.0,60.0,317.5,1509.0,202515.16448888884,0.21843325014007028,0.43333333333333335,697.6744186046512
7.67,195,41451,112.0,54.0,60.0,220.0,385.5999999999998,99376.5528994083,0.32114741035856575,0.4512820512820513,664.9282920469361
6.62,171,34461,112.0,54.0,60.0,256.0,417.0,61457.48907356109,0.5127079583863746,0.4502923976608187,661.631419939577
7.02,186,35617,112.0,54.0,60.0,285.5,418.0,40255.27138975604,0.5600963644327639,0.45698924731182794,692.3076923076924
2.99,81,14838,112.0,54.0,60.0,184.0,400.0,53152.69410150891,0.587970890410959,0.4567901234567901,742.4749163879599
5.15,114,18691,112.0,54.0,54.0,211.0,319.9000000000001,34335.199830717145,0.49959884467265725,0.47368421052631576,629.126213592233
0.16,3,412,60.0,60.0,60.0,176.0,245.60000000000002,11960.888888888889,2.433333333333333,0.6666666666666666,750.0
7.8,180,32905,112.0,54.0,60.0,220.0,451.29999999999995,35482.83441358025,0.6144146796192719,0.4666666666666667,600.0
4.51,107,21922,112.0,54.0,57.0,256.0,508.8,54045.602061315396,0.3751960353804655,0.45794392523364486,638.5809312638581
1.85,51,7341,112.0,54.0,60.0,148.0,323.0,12514.251441753171,0.5753218884120171,0.45098039215686275,713.5135135135135
9.53,204,33330,112.0,54.0,60.0,184.0,319.0000000000005,35715.98125720876,0.4904749127984975,0.47058823529411764,585.5194123819517
5.24,120,30523,112.0,54.0,60.0,280.75,516.5000000000006,128893.64659722222,0.2660417271558339,0.43333333333333335,595.4198473282443
0.63,13,2462,112.0,54.0,54.0,256.0,517.2000000000003,35469.159763313604,1.3447619047619048,0.46153846153846156,571.4285714285714
0.65,12,1066,112.0,54.0,58.5,112.0,112.0,754.9722222222223,0.8767605633802817,0.4166666666666667,461.53846153846155
4.59,98,22120,112.0,54.0,60.0,276.5,605.6999999999999,79492.30612244898,0.45230122775917536,0.4897959183673469,549.0196078431372
7.88,201,55958,112.0,54.0,60.0,256.0,718.0,163222.1699462885,0.24337295856015997,0.4427860696517413,662.4365482233503
9.66,214,41557,112.0,54.0,60.0,247.0,452.10000000000036,55254.3885273823,0.5386352697249065,0.4672897196261682,577.639751552795
9.46,216,43400,112.0,54.0,60.0,220.0,392.0,73287.7815500686,0.4443076308695797,0.4675925925925926,608.8794926004227
1.33,38,6251,112.0,54.0,60.0,220.0,337.0000000000004,23780.25,0.33825733247698564,0.42105263157894735,721.8045112781955
2.15,35,6252,112.0,54.0,54.0,238.0,482.80000000000024,25578.004897959185,0.3410553410553411,0.45714285714285713,418.6046511627907
1.27,44,8516,112.0,54.0,58.5,193.0,530.1000000000003,44808.20247933885,0.3352148008780182,0.4318181818181818,897.6377952755905
4.58,104,19290,112.0,54.0,60.0,220.0,364.0,56814.90347633137,0.5438175270108043,0.49038461538461536,641.9213973799126
0.18,5,1083,112.0,56.4,60.0,184.0,477.40000000000003,54253.43999999999,0.18102508178844057,0.4,666.6666666666666
0.21,8,902,86.0,54.0,58.5,130.0,208.6,5128.9375,0.8112449799196787,0.5,1142.857142857143
6.72,150,28850,112.0,54.0,60.0,226.0,428.79999999999995,47547.115555555545,0.5053482911557526,0.4266666666666667,553.5714285714286
0.11,7,1341,112.0,57.6,60.0,291.5,385.00000000000006,23001.67346938776,0.9075391180654339,0.42857142857142855,1636.3636363636365
7.88,201,35764,112.0,54.0,60.0,220.0,400.0,46369.53743719216,0.5452817144832354,0.4577114427860697,692.8934010152284
8.27,207,42120,112.0,54.0,60.0,220.0,411.6,76316.3461457677,0.42852297778531456,0.45410628019323673,667.4727932285368
2.97,55,13173,112.0,54.0,60.0,256.0,656.4000000000001,86072.83173553721,0.36493627603357165,0.43636363636363634,484.8484848484848
5.35,129,21846,112.0,54.0,60.0,220.0,338.20000000000005,38743.74652965567,0.6088077177995435,0.4728682170542636,661.6822429906542
4.37,125,22602,87.0,54.0,60.0,177.0,323.20000000000005,105385.75014399999,0.6733545568964241,0.528,823.7986270022883
3.1,79,14605,112.0,54.0,60.0,242.0,515.2,35755.680179458424,0.8886589939221519,0.45569620253164556,696.7741935483871
8.84,176,32875,112.0,54.0,60.0,220.0,424.0,47422.24557722107,0.6020955165692008,0.44886363636363635,536.1990950226244
7.25,181,30966,112.0,54.0,60.0,184.0,408.0,41365.22517627667,0.5186111519788141,0.48066298342541436,670.3448275862069
7.62,164,27022,112.0,54.0,60.0,193.0,322.3000000000003,30513.299970255808,0.5861704625498944,0.4451219512195122,559.0551181102362
1.18,27,4032,112.0,54.0,60.0,184.0,292.60000000000014,13530.740740740739,0.8762214983713354,0.48148148148148145,610.1694915254237
9.45,206,32761,112.0,54.0,60.0,220.0,305.0,25134.527971533607,0.5251862197392924,0.46116504854368934,590.4761904761905
0.43,10,1593,86.0,54.0,54.0,175.0,234.49999999999983,33838.01,0.2592885375494071,0.5,697.6744186046511
8.2,200,36185,112.0,54.0,60.0,220.0,424.29999999999984,50764.329375,0.7054720271480417,0.485,665.8536585365854
7.37,173,31507,112.0,54.0,60.0,220.0,359.2000000000003,46268.81185472284,0.4863895834316177,0.4508670520231214,602.4423337856174
6.32,147,27498,112.0,54.0,60.0,202.0,447.20000000000016,51094.72414271831,0.5040201279877482,0.46258503401360546,626.5822784810126
4.9,122,26309,112.0,54.0,60.0,220.0,427.00000000000017,99064.91675624832,0.31630559863911545,0.4672131147540984,648.9795918367346
3.96,91,16172,112.0,54.0,60.0,220.0,364.0,42994.204081632655,0.6320516701988091,0.45054945054945056,590.9090909090909
2.65,55,10365,112.0,54.0,60.0,256.0,453.40000000000003,40501.229752066094,0.6000308737264588,0.4909090909090909,566.0377358490566
1.11,20,2929,112.0,54.0,60.0,193.0,271.20000000000005,12087.747500000001,0.570509383378016,0.45,486.4864864864864
7.76,173,30905,112.0,54.0,60.0,184.0,391.2000000000005,55644.17214073306,0.5242158216610772,0.4682080924855491,618.5567010309279
2.2,59,10837,112.0,54.0,57.0,166.0,303.2000000000001,74487.8793450158,0.3872247823860727,0.4915254237288136,736.3636363636364
0.58,25,7485,112.0,54.0,60.0,148.0,1207.400000000001,218816.95999999996,0.16317016317016317,0.4,1034.4827586206898
2.86,59,8662,112.0,54.0,60.0,184.0,328.2,14524.82964665326,0.5358156028368795,0.4406779661016949,545.4545454545455
7.45,163,24705,112.0,54.0,60.0,202.0,298.0,23077.97591177688,0.48182581573896355,0.4662576687116564,595.973154362416
8.05,195,42100,112.0,54.0,60.0,261.0,519.1999999999999,76834.49204470743,0.5185398932332996,0.441025641025641,640.9937888198757
5.34,135,29763,112.0,54.0,60.0,220.0,466.8000000000001,99292.98962962964,0.28877630553390493,0.4444444444444444,651.685393258427
1.71,29,7778,112.0,54.0,60.0,220.0,573.7999999999993,177777.7502972651,0.22836386607706885,0.4482758620689655,456.140350877193
5.43,117,24798,112.0,54.0,60.0,220.0,522.0000000000001,83824.11702827086,0.39935669544608093,0.47863247863247865,596.6850828729282
4.21,97,22809,112.0,54.0,60.0,256.0,540.2000000000003,104447.6698905303,0.2236587982832618,0.4845360824742268,598.5748218527316
1.71,38,12825,112.0,60.0,60.0,353.5,1287.1000000000013,213243.56578947368,0.4427944650691866,0.39473684210526316,526.3157894736842
4.74,98,17559,112.0,54.0,60.0,220.0,394.4,49155.89847980008,0.5749394564534935,0.45918367346938777,556.9620253164557
4.23,95,18629,112.0,54.0,60.0,292.0,478.20000000000005,35054.064709141276,0.5655937473737289,0.42105263157894735,567.3758865248226
8.07,217,79698,112.0,54.0,60.0,364.0,1508.0,264427.9767673979,0.14679981581673765,0.42857142857142855,646.8401486988847
0.62,18,3165,130.0,54.0,60.0,274.0,366.00000000000006,18115.80555555555,0.3851203501094092,0.4444444444444444,774.1935483870968
7.82,185,36196,112.0,54.0,60.0,220.0,475.59999999999997,65097.437078159244,0.3997447697126726,0.4702702702702703,621.4833759590794
5.37,110,20720,112.0,54.0,60.0,256.0,402.7000000000002,41225.758677685946,0.44501011228119114,0.4636363636363636,547.4860335195531
3.74,66,12036,112.0,54.0,60.0,283.0,435.5,29053.837465564735,0.5235443037974683,0.4393939393939394,465.2406417112299
3.81,79,14824,112.0,54.0,60.0,220.0,403.40000000000015,45134.30475885275,0.45361835654049815,0.4430379746835443,551.1811023622047
9.98,252,48894,112.0,54.0,60.0,256.0,435.6,48544.24546485261,0.5568362733235688,0.4642857142857143,667.3346693386774
7.18,186,33522,112.0,54.0,60.0,247.0,407.0,35967.97051682275,0.6171547107916445,0.46236559139784944,693.5933147632312
4.92,139,57851,148.0,54.0,60.0,544.0,1509.0,268088.50183737907,0.18094596525608836,0.41007194244604317,670.7317073170732
3.0,73,13752,83.0,54.0,60.0,184.0,488.79999999999984,58068.62000375306,0.5158730158730159,0.5068493150684932,660.0
4.99,125,33346,112.0,54.0,60.0,256.0,716.0000000000003,160431.84217599998,0.2297083010657521,0.472,649.2985971943888
7.49,181,43637,112.0,54.0,60.0,292.0,480.0,107197.6827935655,0.48698289375042597,0.4419889502762431,632.8437917222964
5.11,110,21165,112.0,54.0,60.0,220.0,373.10000000000076,56248.059917355364,0.4932270354169606,0.44545454545454544,551.8590998043053
9.59,242,70450,112.0,54.0,60.0,297.0,759.2000000000003,165333.92049723383,0.3065652818991098,0.43388429752066116,638.1647549530761
4.01,87,19207,112.0,54.0,60.0,240.5,438.0,84026.42991148103,0.3586333734172738,0.41379310344827586,538.6533665835412
5.52,106,26757,112.0,54.0,60.0,382.0,595.0,67335.35751156996,0.49155471319471544,0.44339622641509435,510.8695652173913
8.49,197,36210,112.0,54.0,60.0,220.0,400.0,45299.53639619675,0.42626437687096264,0.45685279187817257,614.8409893992932
8.55,253,85941,112.0,54.0,60.0,297.0,1508.0,223220.3728538175,0.25424693520140107,0.44664031620553357,750.8771929824561
0.95,31,5303,112.0,54.0,60.0,220.0,298.0,29306.253902185224,0.3763301323643914,0.41935483870967744,821.0526315789475
5.47,108,22870,112.0,54.0,60.0,292.0,568.8,52540.719821673534,0.5479897116556112,0.4722222222222222,548.4460694698355
9.75,248,47768,112.0,54.0,60.0,293.0,338.8000000000004,42187.57596253903,0.4315940899691312,0.43951612903225806,652.3076923076923
0.05,5,1383,112.0,65.6,83.0,256.0,629.2,95246.24,0.21957671957671956,0.4,1200.0
7.26,182,40545,112.0,54.0,60.0,292.0,543.8,73390.84485569375,0.5696864111498258,0.47802197802197804,677.6859504132232
5.28,107,19628,112.0,54.0,60.0,280.5,364.0,33381.498646169974,0.5320012488292226,0.45794392523364486,545.4545454545454
5.14,131,24341,112.0,54.0,60.0,256.0,436.0,41934.44449624148,0.4977233571252769,0.4732824427480916,688.7159533073931
3.37,57,12687,112.0,54.0,60.0,328.0,558.4,43107.68236380425,0.6163842527710537,0.40350877192982454,409.49554896142433
6.67,153,26027,83.0,54.0,60.0,220.0,386.80000000000075,32796.0464778504,0.4858137808985557,0.5098039215686274,638.6806596701649
1.2,16,3563,148.0,54.0,60.0,314.5,616.0,47234.83984375,0.9022957821676455,0.4375,350.0
3.47,78,11876,112.0,54.0,60.0,184.0,332.79999999999995,25754.600920447072,0.4456482045039562,0.48717948717948717,639.7694524495677
3.92,84,17110,112.0,54.0,60.0,256.0,446.9000000000002,67438.5470521542,0.31494005533353825,0.42857142857142855,551.0204081632654
1.11,25,4723,148.0,54.0,60.0,256.0,297.2,24471.9936,0.27201723673579314,0.36,486.4864864864864
8.4,202,47016,112.0,54.0,60.0,266.25,503.60000000000014,99330.52288991275,0.3438902386737173,0.4603960396039604,607.1428571428571
2.09,55,12393,112.0,54.0,60.0,279.5,447.2000000000001,70013.42016528927,0.6403706154864328,0.43636363636363634,688.9952153110048
1.24,30,9369,148.0,54.0,60.0,502.0,756.4000000000004,127991.6766666667,1.6760925449871464,0.4666666666666667,677.4193548387096
6.15,143,37175,112.0,54.0,60.0,400.0,616.0,85185.5162599638,0.6757573025604039,0.48951048951048953,634.1463414634146
0.7,14,4949,206.5,54.0,60.0,571.0,737.8000000000002,135087.5357142857,0.36599503174165054,0.42857142857142855,514.2857142857143
4.14,85,25230,112.0,54.0,60.0,460.0,709.6000000000004,109478.21591695503,0.963882618510158,0.47058823529411764,565.2173913043479
1.45,32,10196,112.0,54.0,60.0,472.0,874.3000000000002,145138.921875,0.41453940066592676,0.46875,620.6896551724138
1.69,27,6533,112.0,54.0,60.0,294.5,529.6000000000004,78815.07270233196,0.7757542810546344,0.4444444444444444,426.0355029585799
1.22,28,7558,115.5,54.0,60.0,235.25,684.4000000000003,130231.70918367342,0.6278268360973509,0.5,590.1639344262295
0.65,7,1644,60.0,54.0,57.0,418.0,493.6,44774.69387755102,0.7196652719665272,0.5714285714285714,369.2307692307692
8.61,188,40761,112.0,54.0,60.0,256.0,499.4000000000001,72511.77917043913,0.37752619128083814,0.4574468085106383,578.397212543554
9.63,197,39426,112.0,54.0,60.0,256.0,468.40000000000026,56204.13486562395,0.37191175447143154,0.4517766497461929,548.2866043613707
9.3,188,42995,112.0,54.0,60.0,292.0,552.1000000000004,82270.82828768673,0.30612430888875386,0.4308510638297872,509.6774193548387
2.75,65,13528,112.0,54.0,60.0,297.0,520.6,41557.76946745561,0.5211964466434275,0.46153846153846156,610.909090909091
8.36,179,39098,112.0,54.0,60.0,292.0,513.0,63766.00967510378,0.39148693857214034,0.441340782122905,545.4545454545455
3.34,82,17024,112.0,54.0,60.0,292.0,496.90000000000043,51090.35990481856,0.4780343809689182,0.45121951219512196,664.6706586826348
3.13,80,20732,130.0,54.0,60.0,307.75,538.6,112317.42749999999,0.2365501610402004,0.4375,670.926517571885
8.39,232,53125,112.0,54.0,60.0,292.0,514.0,83571.28000520216,0.3895064473099155,0.47413793103448276,736.591179976162
3.01,66,11777,112.0,54.0,60.0,220.0,413.5,29207.155417814512,0.46461882850391745,0.4393939393939394,578.0730897009967
5.03,97,19685,112.0,54.0,60.0,220.0,453.80000000000007,69077.83122542247,0.46749664529595947,0.44329896907216493,489.06560636182894
8.96,196,35669,112.0,54.0,60.0,256.0,406.5,35504.86201062058,0.5065467139719547,0.4642857142857143,589.2857142857142
3.25,84,16292,112.0,54.0,58.5,220.0,461.3000000000001,55852.83106575964,0.562032598274209,0.47619047619047616,738.4615384615385
3.29,64,12509,112.0,54.0,60.0,266.0,485.4000000000002,36831.935302734375,0.44998261272748347,0.453125,528.8753799392098
5.03,137,31049,112.0,54.0,60.0,256.0,472.0,96392.64052426875,0.3949591158235241,0.45985401459854014,691.8489065606361
6.98,172,61646,112.0,54.0,60.0,335.5,1504.8000000000002,228068.20646295298,0.19078985493248857,0.4069767441860465,593.1232091690543
2.08,47,12419,112.0,54.0,60.0,400.0,521.0,101521.96650067899,0.5822397757676137,0.425531914893617,576.9230769230769
8.06,205,50261,112.0,54.0,60.0,292.0,608.8,109253.78379535991,0.34104431815149816,0.47317073170731705,669.9751861042183
4.26,97,20438,112.0,54.0,60.0,270.0,460.0000000000001,62630.68381337018,0.46362073904325407,0.4742268041237113,605.6338028169015
2.37,49,7930,112.0,54.0,60.0,220.0,335.2000000000001,22032.78967097043,0.8953154875717018,0.4897959183673469,582.2784810126582
2.78,59,9767,112.0,54.0,60.0,220.0,293.0,30639.36684860672,0.937512398333664,0.4576271186440678,582.7338129496403
4.54,110,20212,112.0,54.0,60.0,184.0,461.20000000000044,46195.17157024795,0.5436077592790591,0.4727272727272727,687.2246696035241
7.49,137,23090,112.0,54.0,60.0,184.0,428.20000000000005,28679.664446694012,0.49285575741902116,0.48175182481751827,504.67289719626166
1.19,23,4178,112.0,55.2,60.0,238.0,392.20000000000005,29430.748582230623,0.8785971223021583,0.43478260869565216,504.20168067226894
7.61,144,27098,112.0,54.0,54.0,229.0,430.6000000000003,45650.35628858025,0.4511862046805548,0.4791666666666667,528.2522996057819
8.02,195,36276,112.0,54.0,60.0,256.0,427.59999999999974,40973.78366863905,0.48904030867744847,0.4358974358974359,635.9102244389028
1.48,25,6429,112.0,60.0,60.0,256.0,718.4000000000005,99254.3744,0.6896189224704337,0.44,445.94594594594594
1.24,32,7510,112.0,54.0,60.0,266.5,536.0000000000002,101788.96484375,0.3570654138055656,0.4375,677.4193548387096
1.54,31,4797,83.0,54.0,57.0,220.0,328.0,17512.12695109261,0.4422730006013229,0.5161290322580645,545.4545454545454
7.22,184,32760,112.0,54.0,60.0,256.0,415.0,27139.965500945185,0.4991076740035693,0.46195652173913043,689.7506925207756
4.4,107,35311,148.0,54.0,60.0,436.0,903.2000000000005,164138.663464058,0.31624855555969733,0.42990654205607476,586.3636363636364
3.42,84,17394,112.0,54.0,60.0,258.0,542.8,55117.113945578225,0.4158730158730159,0.4642857142857143,666.6666666666666
3.15,72,13461,112.0,54.0,60.0,256.0,328.0,47470.539930555555,0.5413947097217451,0.4444444444444444,609.5238095238095
6.54,131,26594,112.0,54.0,60.0,292.0,472.0,42814.0228424917,0.46491131431089566,0.42748091603053434,513.7614678899082
8.79,198,39674,112.0,54.0,60.0,256.0,474.7000000000001,60750.67850219365,0.5290988977106298,0.4696969696969697,593.8566552901025
5.77,140,21727,112.0,54.0,60.0,184.0,330.7000000000002,20802.48423469387,0.5306093694963016,0.45714285714285713,644.7140381282496
5.3,140,23759,112.0,54.0,60.0,229.0,303.3000000000002,33125.27852040817,0.55155750016326,0.4714285714285714,701.8867924528302
5.56,135,32137,112.0,54.0,60.0,292.0,449.6,108102.83434842248,0.3865901540320145,0.4444444444444444,636.6906474820145
6.43,150,27063,112.0,54.0,60.0,256.0,445.1,34335.79026666667,0.5853201335598384,0.4533333333333333,606.5318818040436
3.96,113,21708,112.0,54.0,60.0,266.0,361.4,45339.121466050594,0.40860424372201676,0.46017699115044247,742.4242424242424
5.0,126,23489,112.0,54.0,60.0,256.0,436.0,41935.08497102545,0.6570723104056437,0.46825396825396826,684.0
5.03,105,21898,112.0,54.0,60.0,297.0,514.6000000000001,53885.256780045354,0.4667113194909578,0.4380952380952381,536.7793240556659
9.12,203,36017,112.0,54.0,60.0,184.0,319.40000000000015,54633.37717488898,0.475139252948886,0.4827586206896552,598.6842105263158
2.98,77,13554,112.0,54.0,60.0,256.0,410.8000000000002,29763.765559116204,0.520870736086176,0.4805194805194805,664.4295302013423
9.39,199,37443,112.0,54.0,60.0,220.0,464.80000000000007,49350.72447665463,0.49056528662420384,0.4371859296482412,543.1309904153354
8.27,194,39865,112.0,54.0,60.0,220.0,575.7,62527.07463598682,0.4330134081023761,0.4690721649484536,638.4522370012091
5.84,131,27417,112.0,54.0,60.0,220.0,508.0,70791.04562671173,0.36423346768174353,0.44274809160305345,585.6164383561644
3.62,92,14590,112.0,54.0,60.0,184.0,328.0,23824.285916824196,0.47612302711452853,0.4673913043478261,696.1325966850828
5.93,133,24365,112.0,54.0,60.0,220.0,417.4,43103.49561874612,0.6551185381427892,0.45112781954887216,607.0826306913997
8.73,194,32710,112.0,54.0,60.0,220.0,353.2000000000006,27341.465086619195,0.5763095754421473,0.4639175257731959,591.0652920962199
1.93,53,13771,112.0,54.0,60.0,321.0,708.8000000000001,84838.2164471342,0.6108316762194409,0.4339622641509434,652.8497409326426
8.21,171,33294,112.0,54.0,60.0,279.5,436.0,50084.875961834405,0.5966048050640196,0.47953216374269003,577.3447015834348
6.21,142,36273,112.0,54.0,60.0,267.5,578.6000000000001,159775.00738940688,0.6028722934158197,0.4295774647887324,589.3719806763286
8.52,194,29203,112.0,54.0,60.0,175.0,307.00000000000017,23054.960383675207,0.6119114643704807,0.4948453608247423,626.7605633802817
7.88,183,37282,112.0,54.0,60.0,256.0,493.0000000000005,59273.66305353996,0.5575701871657754,0.4644808743169399,616.751269035533
4.8,94,17558,112.0,54.0,60.0,220.0,444.40000000000003,45967.27387958352,0.34544061302681994,0.43617021276595747,512.5
1.46,32,5571,97.5,60.0,60.0,236.25,357.5000000000001,37180.7099609375,1.0648628613787992,0.5,616.4383561643835
8.0,182,32196,112.0,54.0,60.0,211.0,442.5000000000002,40854.418790001204,0.37825342465753425,0.46153846153846156,630.0
2.94,79,18284,112.0,54.0,60.0,220.0,516.8000000000001,116805.96827431495,0.3696906135291033,0.46835443037974683,693.8775510204082
4.81,111,16664,83.0,54.0,60.0,148.0,328.0,31124.308416524622,0.680177455132083,0.5315315315315315,673.5966735966737
9.74,229,46490,112.0,54.0,60.0,220.0,488.40000000000106,61652.25747029994,0.41371445948000607,0.43231441048034935,603.6960985626283
3.07,103,29312,112.0,54.0,60.0,261.5,910.9999999999995,173965.56357809406,0.2961308865797037,0.47572815533980584,918.5667752442997
8.89,223,36842,112.0,54.0,60.0,148.0,353.60000000000036,52365.807597176696,0.45488291276704973,0.4798206278026906,668.1664791901012
3.81,87,15941,112.0,54.0,60.0,202.0,422.00000000000034,50694.10807240059,0.5128594476606244,0.4482758620689655,614.1732283464567
2.51,51,7639,112.0,54.0,54.0,148.0,367.0,23769.34563629374,0.5367129350231342,0.49019607843137253,597.6095617529882
5.42,134,26208,112.0,54.0,60.0,184.0,528.1000000000001,56987.153709066624,0.44819583356357406,0.44776119402985076,653.1365313653137
8.68,228,39508,112.0,54.0,60.0,184.0,328.0,46350.68436441983,0.6079117659028936,0.4868421052631579,732.7188940092166
0.93,18,2770,112.0,54.0,60.0,256.0,306.3,11952.765432098766,0.6767554479418886,0.3888888888888889,451.6129032258064
0.38,9,866,112.0,58.8,60.0,112.0,126.4,1602.1728395061727,0.819327731092437,0.4444444444444444,631.578947368421
0.64,14,2024,112.0,54.0,60.0,184.0,293.1,8209.244897959183,0.35838926174496644,0.35714285714285715,468.75
4.77,99,21250,112.0,54.0,60.0,262.0,541.8000000000001,69596.9356188144,0.30176427346238666,0.4444444444444444,553.4591194968555
7.98,181,41684,112.0,54.0,60.0,256.0,510.0,86656.44137846831,0.4846315489546604,0.44751381215469616,593.984962406015
8.1,206,50399,112.0,54.0,60.0,220.75,595.0,122121.98315109813,0.30631658070034473,0.441747572815534,651.851851851852
9.93,259,67824,112.0,54.0,60.0,220.0,682.2000000000003,162169.55033467,0.2331187956801571,0.4594594594594595,706.9486404833837
3.32,57,9448,112.0,54.0,60.0,256.0,405.79999999999995,21438.571252693142,0.5095063109122863,0.43859649122807015,433.73493975903614
8.77,197,42910,112.0,54.0,60.0,292.0,544.0,61975.6417325878,0.530259263221711,0.4416243654822335,561.0034207525656
7.05,196,64364,112.0,54.0,60.0,321.25,849.5,273556.27821740933,0.6601924217802884,0.4336734693877551,689.3617021276597
4.91,105,25719,112.0,54.0,60.0,298.0,670.4000000000003,80415.10149659864,0.792139920563027,0.45714285714285713,586.5580448065173
1.04,23,5058,112.0,55.2,60.0,202.0,702.4000000000002,77151.20982986767,1.2938775510204081,0.43478260869565216,576.9230769230769
7.23,154,27494,112.0,54.0,60.0,220.0,347.6000000000005,37989.31388092427,0.6315945641208237,0.44805194805194803,556.0165975103733
3.21,119,48570,112.0,54.0,54.0,431.5,1509.0,284674.1956076548,0.16262926081960935,0.46218487394957986,1028.03738317757
3.29,66,13569,112.0,54.0,60.0,248.25,413.5,65357.63567493112,0.4996684350132626,0.45454545454545453,510.63829787234044
6.88,174,32134,112.0,54.0,60.0,220.0,420.20000000000044,44960.89641960629,0.650012836970475,0.46551724137931033,680.2325581395348
8.31,222,41621,112.0,54.0,60.0,256.0,447.8,38976.14156724293,0.46961618586914305,0.4594594594594595,714.8014440433212
3.89,118,44063,112.0,54.0,60.0,348.25,1509.0,261147.78519103705,0.13371584418257604,0.4491525423728814,740.3598971722364
0.53,12,2009,86.0,54.0,58.5,242.25,387.3,20889.74305555556,0.2659105229993699,0.5,679.2452830188679
6.42,135,28311,112.0,54.0,60.0,267.5,443.8000000000001,66304.3239506173,0.38827048497033295,0.45925925925925926,542.0560747663551
6.27,169,33275,112.0,54.0,60.0,292.0,460.20000000000016,35691.5034487588,0.7527918246944796,0.44970414201183434,727.2727272727273
10.0,237,56630,112.0,54.0,60.0,320.0,580.0,85282.64256084316,0.7210673474349624,0.47257383966244726,654.0
9.95,237,40383,112.0,54.0,60.0,225.0,364.0,25645.613950755753,0.5871325263323377,0.4641350210970464,651.2562814070352
3.22,67,16199,148.0,54.0,60.0,346.0,551.1999999999999,69049.18868344843,0.4994908821623623,0.417910447761194,521.7391304347826
6.16,116,22035,112.0,54.0,60.0,256.0,451.0,43817.730900713446,0.40870732642884544,0.4396551724137931,477.27272727272725
3.12,68,15854,130.0,54.0,60.0,293.25,554.8000000000002,85540.36072664362,0.3985532815808045,0.4411764705882353,576.9230769230769
8.38,214,43014,112.0,54.0,60.0,220.0,481.80000000000024,69311.6261682243,0.4313666766496955,0.4719626168224299,687.3508353221956
5.01,128,23019,112.0,54.0,60.0,221.25,426.9,37176.652770996094,0.6312805612642619,0.4375,670.6586826347307
6.96,155,36679,112.0,54.0,60.0,256.0,546.8,107593.10817898023,0.49271528569103046,0.45806451612903226,612.0689655172414
2.87,61,12609,112.0,54.0,60.0,256.0,400.0,78602.30636925557,0.35014455509155157,0.47540983606557374,585.3658536585366
2.93,82,15101,112.0,54.0,60.0,247.0,432.4000000000002,47888.4016954194,0.49263615696352675,0.47560975609756095,716.7235494880546
9.21,242,51834,87.0,54.0,60.0,220.0,447.0,107249.29444710062,0.5681137498109212,0.5082644628099173,664.4951140065145
7.46,167,38422,112.0,54.0,60.0,256.0,514.0000000000002,99656.18645344044,0.44759249491372166,0.4550898203592814,587.1313672922251
8.51,179,34092,112.0,54.0,60.0,256.0,464.00000000000017,37501.03036734184,0.4327981844162394,0.4301675977653631,542.8907168037603
6.88,155,25707,91.0,54.0,60.0,184.0,313.19999999999993,38573.01669094693,0.5972041006523765,0.5032258064516129,619.1860465116279
2.2,116,90464,485.5,54.0,60.0,1509.0,1509.0,484145.7051129608,0.04754626091387017,0.33620689655172414,1063.6363636363637
8.73,341,187178,148.0,54.0,60.0,1509.0,1509.0,400147.6603572381,0.08129123196191929,0.39589442815249265,900.3436426116838
4.18,117,17687,83.0,54.0,60.0,184.0,338.8000000000002,21290.89385638103,0.5573655014528485,0.5042735042735043,789.4736842105262
1.69,89,34701,112.0,54.0,60.0,364.0,1514.0,293134.2257290747,0.18441531845177145,0.4606741573033708,1455.621301775148
0.24,10,2083,86.0,54.0,60.0,301.0,545.5,39689.61,0.35700325732899024,0.5,1250.0
4.99,103,20924,112.0,54.0,60.0,256.0,400.0,63031.79432557262,0.6283268482490273,0.49514563106796117,565.130260521042
7.28,199,36908,112.0,54.0,60.0,256.0,438.4000000000002,42318.922299941914,0.4830232651585165,0.4472361809045226,725.2747252747253
6.33,147,48034,148.0,54.0,60.0,328.0,925.6000000000008,180011.77324263038,0.24740956189783675,0.43537414965986393,587.6777251184834
9.06,226,53971,112.0,54.0,60.0,297.0,606.0,78960.09211762862,0.6834373050530256,0.4646017699115044,682.1192052980133
2.23,48,8091,112.0,54.0,60.0,258.5,328.3,21385.74609375,0.36926721949568453,0.4583333333333333,591.9282511210762
4.46,93,19384,112.0,54.0,60.0,292.0,457.99999999999983,45968.008555902416,0.5017043693833282,0.40860215053763443,511.21076233183857
0.12,2,120,60.0,60.0,60.0,60.0,60.0,0.0,0.0,1.0,1000.0
5.17,122,25248,112.0,54.0,60.0,292.0,456.70000000000005,48932.96479441011,0.6130845898287759,0.45901639344262296,603.4816247582205
8.71,207,43271,112.0,54.0,60.0,267.0,553.2000000000002,61499.89222618964,0.4271437994722955,0.46859903381642515,647.5315729047071
0.73,26,4968,83.0,54.0,60.0,184.0,413.5,67636.37869822484,0.7896253602305475,0.5384615384615384,986.3013698630137
7.18,147,29677,112.0,54.0,60.0,256.0,534.4000000000001,46960.85057152112,0.5467243446083285,0.4557823129251701,551.532033426184
7.82,175,62365,112.0,54.0,60.0,427.5,1508.0,221609.9248979592,0.19606075716313145,0.4,521.7391304347826
8.72,239,41525,112.0,54.0,60.0,256.0,437.80000000000007,29314.39092452863,0.9080549556586868,0.4895397489539749,756.880733944954
7.67,203,43674,112.0,54.0,60.0,256.0,500.8000000000004,70361.23574947222,0.48017352402901103,0.45320197044334976,704.0417209908736
5.77,110,21775,112.0,54.0,60.0,292.0,474.7000000000002,41065.46157024791,0.462685564586552,0.44545454545454544,488.73483535528595
1.84,48,9878,112.0,54.0,60.0,221.25,583.6,54343.7482638889,0.5138697318007663,0.4583333333333333,684.7826086956521
1.07,21,4717,112.0,54.0,60.0,292.0,513.0,57569.4739229025,0.32239977572189515,0.42857142857142855,504.6728971962617
2.72,73,15413,112.0,54.0,60.0,270.0,537.5999999999999,50522.58397447926,0.5748441810565035,0.4520547945205479,705.8823529411765
5.48,151,39517,112.0,54.0,60.0,297.5,544.0,139119.48072452963,0.266692310158028,0.45695364238410596,722.6277372262773
5.38,140,25504,112.0,54.0,60.0,220.0,437.0000000000001,41770.79918367348,0.4400903444381705,0.4642857142857143,691.4498141263941
7.29,198,45102,112.0,54.0,60.0,266.0,511.20000000000005,91492.98530762167,0.36428809098883813,0.43434343434343436,699.5884773662551
7.93,184,40877,112.0,54.0,60.0,292.0,448.80000000000007,81248.37189862948,0.31475346563314144,0.46195652173913043,590.1639344262296
1.25,44,11129,130.0,54.0,60.0,380.0,577.0,62245.83626033058,0.4940260437642637,0.38636363636363635,816.0
2.78,65,11312,83.0,54.0,60.0,220.0,328.0,40907.84520710059,0.8192344805403666,0.5076923076923077,625.8992805755396
3.03,61,11757,112.0,54.0,60.0,220.0,472.0,46195.24267669981,0.5082745349583067,0.47540983606557374,574.2574257425744
4.8,120,20135,112.0,54.0,60.0,220.0,331.4000000000003,34110.76493055555,0.6020846594525779,0.4583333333333333,687.5
3.94,139,68616,148.0,54.0,60.0,886.0,1514.0,345948.34542725526,0.13336196359552047,0.39568345323741005,822.3350253807107
8.62,187,34298,112.0,54.0,60.0,265.5,436.0,34254.75558351683,0.38779639070971916,0.45989304812834225,570.7656612529003
2.96,69,15204,112.0,54.0,60.0,267.0,438.00000000000017,91010.9804662886,0.2676338169084542,0.4492753623188406,628.3783783783783
1.72,44,7874,112.0,54.0,60.0,220.0,361.6,47053.679752066106,0.4202741702741703,0.4772727272727273,697.6744186046511
1.32,29,4975,112.0,54.0,60.0,220.0,409.2,19137.488703923897,0.4855180650940579,0.3793103448275862,499.99999999999994
8.39,191,30381,112.0,54.0,60.0,184.0,360.0,26693.765686247636,0.5558457520356429,0.45549738219895286,622.1692491060786
4.95,147,27379,112.0,54.0,60.0,256.0,372.0000000000001,46510.74617057708,0.6454714826612176,0.4557823129251701,787.8787878787879
9.93,275,63735,112.0,54.0,60.0,256.0,578.4,105077.11867768595,0.3886225979345505,0.48,676.7371601208459
5.12,117,29162,112.0,54.0,60.0,328.0,566.2000000000002,92035.17788004964,0.5952954048140043,0.4188034188034188,574.21875
7.68,183,35459,112.0,54.0,60.0,222.5,436.0,50811.010361611276,0.357438174718628,0.4262295081967213,609.375
2.91,79,15878,145.0,54.0,60.0,220.0,469.00000000000006,49977.68338407307,0.43601338518585514,0.45569620253164556,701.0309278350516
1.39,38,10535,83.0,54.0,60.0,292.0,773.9000000000018,150464.49653739613,0.4455268935236004,0.5263157894736842,776.9784172661871
2.33,67,12318,112.0,54.0,60.0,256.0,378.4,40216.27623078636,0.4358316820142208,0.4626865671641791,746.7811158798282
6.63,161,30111,112.0,54.0,60.0,256.0,436.0,41957.092550441725,0.6239348506094272,0.4658385093167702,651.5837104072398
2.02,35,6679,148.0,54.0,60.0,279.0,371.2000000000001,28290.713469387756,0.61679980634229,0.4,415.84158415841586
5.6,135,31532,112.0,54.0,60.0,300.0,573.6000000000001,72204.28949245541,1.1497136623943278,0.4444444444444444,621.4285714285714
7.31,140,32159,112.0,54.0,60.0,282.25,581.8000000000002,81381.6356632653,0.8975100306820863,0.45714285714285713,517.0998632010944
8.98,263,67415,87.0,54.0,60.0,297.0,581.6,142207.03505905825,0.4972792892837313,0.5095057034220533,748.3296213808463
0.16,4,806,86.0,55.8,58.5,229.0,439.6000000000001,48262.75,0.259375,0.5,750.0
8.0,176,47691,112.0,54.0,54.0,306.5,572.5,133106.24351110536,0.35048422721866684,0.4772727272727273,615.0
9.5,197,35338,112.0,54.0,60.0,184.0,375.20000000000016,55974.43881573862,0.45862054732323443,0.49238578680203043,555.7894736842105
7.54,161,32909,112.0,54.0,60.0,256.0,515.0,50705.76868176382,0.3852921367233541,0.453416149068323,564.9867374005305
3.57,70,11793,112.0,54.0,60.0,283.0,328.0,17061.47775510204,0.6431656681064511,0.4142857142857143,487.3949579831933
9.65,209,40866,112.0,54.0,60.0,220.0,472.0,53964.421281564064,0.6004542962324744,0.4784688995215311,596.8911917098446
3.75,97,18855,112.0,54.0,60.0,256.0,445.4,49850.83388245298,0.3377084072366087,0.4536082474226804,704.0
6.3,155,28508,112.0,54.0,60.0,220.0,509.7999999999996,40976.381103017695,0.5402236749689341,0.45806451612903226,666.6666666666667
9.93,260,54194,112.0,54.0,60.0,256.0,437.0999999999999,76065.3000591716,0.35123544518413247,0.4461538461538462,682.7794561933534
6.6,186,46820,112.0,54.0,60.0,323.25,548.0,105023.49173314833,0.3254444570263843,0.46236559139784944,736.3636363636364
6.21,144,22983,112.0,54.0,60.0,184.0,384.3000000000005,35653.641927083336,0.48114970677321645,0.4652777777777778,637.6811594202899
7.31,202,41007,110.0,54.0,60.0,256.0,428.0,91219.64849034409,0.44926665488602224,0.49504950495049505,722.2982216142271
3.62,88,19750,112.0,54.0,54.0,297.25,560.1,73269.99535123968,0.30552617662612375,0.4659090909090909,679.5580110497237
9.27,237,42353,112.0,54.0,60.0,184.0,423.40000000000003,42461.65959871103,0.550199480253285,0.48523206751054854,692.5566343042071
6.74,161,30164,112.0,54.0,60.0,220.0,400.0,40654.936769414766,0.5976694915254237,0.453416149068323,640.9495548961424
2.12,79,46679,184.0,54.0,54.0,1509.0,1509.0,407667.5282807242,0.08246179532963847,0.4177215189873418,933.9622641509434
7.1,185,33411,112.0,54.0,60.0,220.0,441.4,39447.645405405405,0.6134344214796214,0.4540540540540541,701.4084507042254
8.64,198,36705,112.0,54.0,60.0,256.0,414.90000000000003,40031.05348943985,0.6236121555270492,0.4696969696969697,618.0555555555554
1.41,40,6491,97.5,54.0,60.0,148.0,363.1,40930.399375,0.5374230222643297,0.5,765.9574468085107
1.8,49,7570,112.0,54.0,60.0,184.0,295.40000000000003,34233.10703873386,0.4186656671664168,0.40816326530612246,666.6666666666666
9.1,246,44987,112.0,54.0,60.0,220.0,404.0,39223.890623967214,0.5229696333660584,0.4715447154471545,738.4615384615385
0.51,20,2594,101.5,54.0,54.0,157.0,227.7000000000001,10911.01,0.4355285002767017,0.5,1058.8235294117646
2.35,80,31749,112.0,54.0,60.0,546.25,1509.0,262445.04359375004,0.14184499190793023,0.4625,842.5531914893617
6.58,155,28339,112.0,54.0,60.0,220.0,432.79999999999995,40297.0041207076,0.5315894719775172,0.45806451612903226,610.9422492401216
9.96,210,52848,112.0,54.0,60.0,299.25,548.3999999999999,113307.19673469388,0.2844018859670442,0.43333333333333335,548.1927710843373
6.5,173,36468,112.0,54.0,60.0,265.0,427.2000000000004,74176.77409870026,0.30298699442618265,0.43352601156069365,664.6153846153846
6.8,157,35563,112.0,54.0,60.0,256.0,544.0,84851.0013387967,0.627150439238653,0.4585987261146497,617.6470588235294
6.81,140,24184,112.0,54.0,60.0,229.0,428.80000000000007,32585.348163265295,0.423844568737121,0.45714285714285713,546.2555066079295
4.9,104,25645,112.0,54.0,60.0,265.0,571.4,101029.05020340237,0.41271415193081035,0.40384615384615385,514.2857142857142
1.91,64,14168,83.0,54.0,60.0,220.0,568.0000000000001,96895.859375,0.45716342692584594,0.515625,973.8219895287958
1.03,22,3458,112.0,54.0,55.5,148.0,378.00000000000017,23633.78512396694,0.3228768171384851,0.45454545454545453,582.5242718446602
8.33,231,70717,112.0,54.0,60.0,328.0,813.0,172724.76554037593,0.3567331120618537,0.46320346320346323,734.6938775510204
3.08,65,9130,112.0,54.0,60.0,184.0,292.0,15728.433136094673,0.6486096063560852,0.49230769230769234,603.8961038961039
3.14,60,11569,130.0,54.0,60.0,256.0,330.7000000000001,38802.08305555556,0.481495710078115,0.4666666666666667,535.031847133758
9.26,207,50029,112.0,54.0,60.0,297.5,514.4000000000001,93065.30719503372,0.4695825867285492,0.42995169082125606,576.6738660907127
8.87,193,32168,112.0,54.0,60.0,184.0,322.6000000000003,36397.61883540498,0.6045490822027135,0.49222797927461137,588.5005636978581
9.95,247,45183,112.0,54.0,60.0,220.0,395.20000000000005,53175.50076218263,0.43215315857871883,0.46153846153846156,669.3467336683417
6.83,175,32368,112.0,54.0,54.0,220.0,445.2,48037.53554285715,0.48907392924506604,0.4685714285714286,702.7818448023427
4.43,99,21442,112.0,54.0,60.0,256.0,465.0000000000002,80639.8385878992,0.4541878602916243,0.45454545454545453,582.392776523702
9.75,233,52192,112.0,54.0,60.0,256.0,560.4000000000002,71716.1287553648,0.49226590421729804,0.45064377682403434,621.5384615384615
8.65,211,49472,112.0,54.0,60.0,256.0,508.0,102535.00703039017,0.3313240043057051,0.43601895734597157,617.3410404624277
5.99,128,27390,112.0,54.0,60.0,256.0,469.1999999999999,72240.68725585938,0.49770341207349084,0.46875,560.9348914858097
8.86,195,43086,112.0,54.0,60.0,261.0,525.9999999999998,78377.12094674555,0.43826150816169845,0.4564102564102564,568.8487584650113
4.06,74,17343,112.0,54.0,60.0,297.0,508.0,86475.93444119795,0.5305798252581414,0.4189189189189189,458.128078817734
1.11,27,5072,112.0,54.0,60.0,202.0,466.60000000000025,36177.16323731138,0.4583093732029902,0.4444444444444444,648.6486486486485
1.59,30,6074,112.0,54.0,60.0,254.5,382.0000000000002,63361.78222222222,0.6947544642857143,0.4666666666666667,528.3018867924528
7.1,142,27653,112.0,54.0,60.0,256.0,399.70000000000005,57915.60112080936,0.4997830567306649,0.4859154929577465,532.3943661971831
8.69,200,43462,112.0,54.0,60.0,256.0,481.0,76195.9939,0.4281677181913775,0.435,600.6904487917147
2.82,72,10755,112.0,54.0,60.0,184.0,266.9,18015.567708333332,0.57975910693302,0.4722222222222222,702.1276595744681
2.73,50,8800,112.0,54.0,60.0,238.0,471.1,27018.96,0.6176470588235294,0.46,505.4945054945055
6.67,137,27793,112.0,54.0,60.0,267.0,508.8,47278.4352922372,0.5088490770901194,0.45255474452554745,539.7301349325337
6.52,150,33628,112.0,54.0,60.0,283.0,547.8999999999997,81198.7518222222,0.588099173553719,0.47333333333333333,598.159509202454
1.69,46,10143,112.0,54.0,60.0,258.25,531.0,55384.59782608696,0.5227443326827803,0.43478260869565216,710.0591715976332
0.16,5,506,60.0,56.4,60.0,112.0,176.8,3970.56,0.48823529411764705,0.6,1125.0
1.66,41,9272,112.0,54.0,60.0,220.0,503.0,96449.39321832241,0.29461044401005304,0.4634146341463415,650.6024096385543
2.97,79,16541,112.0,54.0,60.0,220.0,567.0,64401.80515942956,0.4554333479982402,0.4050632911392405,646.4646464646464
0.8,26,4633,75.5,54.0,60.0,184.0,468.0,42076.61686390532,0.673167208378476,0.5384615384615384,974.9999999999999
6.57,139,25281,112.0,54.0,60.0,220.0,437.0,49326.94187671446,0.40107514963422747,0.4676258992805755,584.4748858447489
1.55,50,11468,112.0,54.0,60.0,285.75,457.6000000000003,90904.7504,0.4320679320679321,0.46,890.3225806451613
8.53,199,34849,112.0,54.0,60.0,202.0,372.20000000000005,43371.804550390145,0.5780202861800399,0.48743718592964824,626.0257913247362
3.1,74,10929,112.0,54.0,60.0,184.0,296.20000000000005,25054.646639883125,0.9484756641112497,0.4594594594594595,658.0645161290323
9.14,175,29883,112.0,54.0,60.0,220.0,400.0,28668.97097142857,0.6864947231785089,0.45714285714285713,525.1641137855579
5.58,157,26527,112.0,54.0,60.0,220.0,383.8000000000002,32403.323380258837,0.43824549989156364,0.4394904458598726,731.1827956989248
5.31,123,20656,91.0,54.0,60.0,220.0,376.79999999999995,37030.07707052679,0.6121126980410521,0.5040650406504065,644.0677966101696
4.04,83,12783,112.0,54.0,60.0,184.0,356.7999999999999,19067.313107853097,0.5742610837438423,0.46987951807228917,549.5049504950496
2.41,43,6670,112.0,54.0,54.0,220.0,298.0,17519.126014061654,0.4704585537918871,0.4418604651162791,473.0290456431535
8.24,204,36583,112.0,54.0,60.0,184.0,396.9000000000001,40563.063701460975,0.4754779382108575,0.47058823529411764,662.6213592233009
1.93,54,9095,83.0,54.0,60.0,184.0,296.1,47652.948216735254,0.7520708919283375,0.5185185185185185,746.1139896373057
4.44,98,17950,112.0,54.0,60.0,184.0,464.5999999999998,44205.17742607248,0.4113854379619437,0.45918367346938777,581.081081081081
9.14,217,45902,112.0,54.0,60.0,220.0,480.4000000000002,87072.89426405316,0.39071683936254015,0.45161290322580644,623.63238512035
6.12,151,24334,112.0,54.0,60.0,148.0,328.0,44122.48673303802,0.5829050933454758,0.46357615894039733,686.2745098039215
2.24,49,6951,112.0,54.0,54.0,148.0,274.0000000000001,21692.081632653062,0.7167201778216844,0.46938775510204084,616.0714285714286
9.02,209,37302,112.0,54.0,60.0,220.0,400.40000000000003,43979.627526842334,0.5319096509240246,0.4784688995215311,631.929046563193
8.84,204,41716,112.0,54.0,60.0,222.0,474.80000000000007,67316.17147251058,0.3840743198407432,0.4362745098039216,597.2850678733031
9.22,208,42630,112.0,54.0,60.0,292.0,433.20000000000005,57294.8919193787,0.5421067862827377,0.4375,566.1605206073752
7.82,178,39838,112.0,54.0,60.0,269.25,550.6000000000003,83483.55902032573,0.41445055920468665,0.4606741573033708,590.7928388746803
5.07,126,24971,112.0,54.0,54.0,220.0,386.0,72199.65715545477,0.48416047548291236,0.46825396825396826,698.2248520710059
4.44,96,15630,112.0,54.0,60.0,220.0,360.5,23192.610677083332,0.5089785672909828,0.4479166666666667,581.081081081081
6.82,136,28532,112.0,54.0,60.0,292.0,509.5,55355.39878892734,0.44964942587135454,0.4632352941176471,519.0615835777127
5.75,139,25779,112.0,54.0,60.0,184.0,363.2,77619.77361420216,0.3769362247623117,0.4892086330935252,657.391304347826
3.06,69,13493,112.0,54.0,60.0,220.0,446.0,48567.84162990968,0.4563410685375067,0.43478260869565216,588.2352941176471
5.53,111,21913,112.0,54.0,60.0,222.5,511.0,53795.68411654898,0.5329136061559986,0.46846846846846846,564.1952983725135
0.49,9,1876,60.0,54.0,54.0,303.0,562.2,47602.246913580246,0.09451575262543757,0.5555555555555556,612.2448979591837
7.63,181,33406,112.0,54.0,60.0,256.0,400.0,41667.14099081224,0.5265731389663209,0.430939226519337,597.6408912188729
4.82,121,30052,112.0,54.0,60.0,256.0,664.0,127440.84297520659,0.256722284949609,0.4462809917355372,647.3029045643153
0.2,5,340,60.0,56.4,60.0,83.0,83.0,154.8,0.6748768472906403,1.0,899.9999999999999
9.07,233,46612,112.0,54.0,60.0,220.0,392.0,78108.15185396674,0.40359541088259204,0.4721030042918455,701.212789415656
0.68,26,7355,112.0,54.0,60.0,320.75,642.5,132068.94822485207,0.17379508458346632,0.4230769230769231,794.1176470588234
4.97,119,23239,112.0,54.0,60.0,184.0,508.2,71135.39735894355,0.6147165091717621,0.47058823529411764,639.8390342052314
1.99,51,9909,112.0,54.0,60.0,220.0,446.0,55765.93310265282,0.3631861328931077,0.49019607843137253,633.1658291457287
8.96,217,39424,112.0,54.0,60.0,256.0,376.00000000000017,38461.914374907086,0.5959841308396081,0.45622119815668205,636.1607142857142
4.76,111,19985,112.0,54.0,60.0,220.0,436.0,31399.088061034003,0.6165170266116639,0.46846846846846846,655.4621848739497
7.97,147,24277,112.0,54.0,60.0,184.0,364.0,31889.16127539451,0.585384967021485,0.4489795918367347,489.3350062735257
2.77,43,10616,148.0,54.0,60.0,312.5,508.0,72563.77717685234,0.4295717748451387,0.4418604651162791,411.5523465703971
1.78,50,7715,83.0,54.0,60.0,148.0,301.00000000000006,47287.89000000001,0.45182536695521264,0.54,775.2808988764044
8.62,166,35334,112.0,54.0,60.0,266.75,464.5,65406.84656699087,0.5733368955383382,0.4457831325301205,515.0812064965197
4.68,110,18185,112.0,54.0,60.0,184.0,364.0,26568.05330578512,0.6451058440383571,0.45454545454545453,628.2051282051282
3.13,105,15533,112.0,54.0,60.0,184.0,313.8000000000002,14285.719365079367,0.5764741703034608,0.45714285714285713,920.1277955271565
5.57,120,25412,112.0,54.0,60.0,273.25,504.4000000000004,67862.01222222223,0.4820085146089695,0.48333333333333334,603.2315978456014
0.29,6,1827,220.0,57.0,73.0,409.0,636.5,76831.25,0.3705926481620405,0.3333333333333333,413.79310344827593
1.06,39,7911,83.0,54.0,60.0,346.0,447.20000000000016,44853.207100591724,0.5690202300674335,0.5384615384615384,1075.4716981132076
9.92,216,36911,112.0,54.0,60.0,220.0,400.0,36572.04678926612,0.6232464048550947,0.4861111111111111,610.8870967741935
8.98,234,44543,112.0,54.0,60.0,220.0,443.3000000000002,59643.9981189276,0.5002694509936005,0.44871794871794873,701.5590200445434
6.3,171,30259,112.0,54.0,60.0,220.0,360.0,46825.75219725728,0.46390904692791485,0.47953216374269003,723.8095238095239
4.63,111,22404,112.0,54.0,60.0,184.0,328.0,89590.24397370343,0.37388851413503404,0.4594594594594595,634.9892008639309
4.51,103,18249,112.0,54.0,60.0,184.0,431.99999999999994,45397.87237251392,0.6071334214002642,0.4563106796116505,625.2771618625278
9.37,208,33100,112.0,54.0,60.0,184.0,341.1000000000003,30856.0299556213,0.6843069407693874,0.46634615384615385,601.9210245464249
4.93,129,26812,112.0,54.0,60.0,184.0,402.80000000000007,90323.6658854636,0.3126407519827671,0.43410852713178294,669.3711967545639
9.06,209,41891,112.0,54.0,60.0,256.0,438.00000000000017,64266.31281335134,0.4187834450992346,0.47368421052631576,622.5165562913908
0.29,9,1820,112.0,54.0,60.0,184.0,520.0,48184.39506172839,0.6134751773049646,0.4444444444444444,827.5862068965519
7.95,179,35305,112.0,54.0,60.0,220.0,495.2000000000003,55301.41980587371,0.5711361310133061,0.48044692737430167,618.8679245283018
9.13,221,37428,112.0,54.0,60.0,220.0,391.0,33118.92651665609,0.5194868463786944,0.4796380090497738,637.4589266155531
5.75,126,23366,112.0,54.0,60.0,220.0,364.0,56701.0881834215,0.44110028370543974,0.4523809523809524,584.3478260869565
4.94,110,19237,112.0,54.0,60.0,220.0,331.2000000000003,37324.522396694214,0.6084448160535118,0.4636363636363636,607.2874493927125
8.23,166,33164,112.0,54.0,60.0,256.0,490.0,57731.51923356075,0.6291202043523112,0.46987951807228917,546.7800729040097
0.82,19,2821,83.0,54.0,57.0,130.0,303.2,27860.98614958448,0.8769128409846972,0.5789473684210527,658.5365853658537
9.48,205,40122,112.0,54.0,60.0,220.0,426.19999999999993,70316.5638548483,0.4421998562185478,0.44390243902439025,575.9493670886076
3.67,90,15256,148.0,54.0,60.0,220.0,364.0,22714.249876543206,0.6629605406583824,0.45555555555555555,670.2997275204359
3.85,99,13107,91.0,54.0,60.0,148.0,293.0,13758.966023875118,0.5766871165644172,0.5050505050505051,732.4675324675325
1.84,45,7658,112.0,54.0,60.0,220.0,328.0,26036.36839506173,0.44327176781002636,0.4444444444444444,652.1739130434783
6.78,166,32783,112.0,54.0,60.0,266.0,416.0,46860.719734359125,0.7356522659889877,0.4578313253012048,646.0176991150443
6.4,154,33194,112.0,54.0,60.0,205.75,436.0,94524.87131050766,0.35011795330675993,0.43506493506493504,600.0
8.24,191,37673,112.0,54.0,60.0,256.0,439.0,53712.5912118637,0.4639387580632626,0.45549738219895286,626.2135922330096
1.21,42,6870,112.0,54.0,60.0,175.0,324.99999999999994,34429.57823129252,0.41766405282707386,0.4523809523809524,942.1487603305785
1.46,32,4050,112.0,54.0,60.0,148.0,265.90000000000003,7757.87109375,1.0129224652087476,0.46875,616.4383561643835
7.2,168,26649,112.0,54.0,60.0,184.0,328.0,28784.222470238095,0.5289156626506024,0.4880952380952381,633.3333333333333
1.98,45,13419,112.0,54.0,60.0,298.0,865.0000000000005,158077.75999999998,0.2973992071932708,0.4444444444444444,606.060606060606
4.25,106,20656,112.0,54.0,60.0,220.0,415.5,67469.83161267354,0.38807875814797393,0.4716981132075472,677.6470588235294
1.77,44,8171,112.0,54.0,60.0,193.0,466.2000000000004,33491.70816115703,0.5813818463324947,0.38636363636363635,576.271186440678
2.36,50,10402,112.0,54.0,60.0,254.5,437.1,59816.0784,0.5642105263157895,0.44,559.3220338983051
8.96,214,35176,112.0,54.0,60.0,184.0,351.2000000000003,35417.804175037134,0.6691657967163329,0.46261682242990654,642.8571428571428
7.48,150,22918,87.0,54.0,60.0,148.0,360.29999999999995,27580.43448888889,0.5341053618046724,0.5133333333333333,569.5187165775401
1.71,45,7709,112.0,54.0,60.0,220.0,344.20000000000005,35383.236543209874,0.7453022413402762,0.4444444444444444,701.7543859649122
3.57,102,37104,148.0,54.0,60.0,331.0,1509.0,245874.41522491348,0.19759860564198567,0.43137254901960786,689.0756302521008
8.69,191,36809,112.0,54.0,60.0,220.0,453.0,51876.8205915408,0.5805994503607008,0.4607329842931937,579.9769850402763
9.56,249,43671,112.0,54.0,60.0,220.0,438.20000000000016,33248.15657811971,0.4757206096036225,0.4859437751004016,702.9288702928869
7.63,193,70082,112.0,54.0,60.0,328.0,1509.0,253141.03761174798,0.18839449230143118,0.39896373056994816,605.5045871559632
5.79,144,26017,112.0,54.0,60.0,220.0,393.80000000000007,43009.025414737655,0.5301417396929954,0.4652777777777778,694.300518134715
7.45,173,28690,112.0,54.0,60.0,220.0,331.20000000000005,27344.25126131845,0.553750338478202,0.4797687861271676,636.241610738255
1.11,28,4529,86.0,54.0,58.5,275.25,364.0,18704.473214285714,0.6632390745501285,0.5,756.7567567567567
2.25,58,9548,112.0,54.0,60.0,184.0,445.0,26260.373365041614,0.9597701149425287,0.46551724137931033,720.0
9.04,183,35662,112.0,54.0,60.0,228.5,399.20000000000005,60081.399504314846,0.44257918368998017,0.453551912568306,537.6106194690267
5.88,119,28330,112.0,54.0,60.0,256.0,637.6,105763.81060659562,0.4160043984605388,0.46218487394957986,540.8163265306122
5.91,118,19741,112.0,54.0,60.0,220.0,364.0,34122.089988509055,0.6006648828346712,0.4745762711864407,527.9187817258883
4.28,81,12470,112.0,54.0,60.0,184.0,327.0,24923.454351470813,0.6774280333602367,0.4691358024691358,518.6915887850467
5.39,122,18005,112.0,54.0,60.0,148.0,362.4000000000001,20912.587543671052,0.5687897534198832,0.47540983606557374,634.5083487940631
4.84,122,20302,112.0,54.0,60.0,256.0,360.4000000000002,23699.864821284602,0.566633227872521,0.4672131147540984,694.2148760330579
3.26,75,14649,112.0,54.0,54.0,261.5,424.20000000000005,60453.71093333335,0.505704594511255,0.4666666666666667,644.1717791411044
4.33,113,27492,83.0,54.0,60.0,220.0,668.9999999999993,139635.23329939696,0.25792724776938913,0.504424778761062,706.6974595842955
3.87,102,23662,112.0,54.0,60.0,220.0,299.9,249900.2741253364,1.8239646735887338,0.47058823529411764,728.6821705426356
4.31,99,19037,112.0,54.0,60.0,256.0,452.6000000000001,49601.075808590955,0.5586212542983462,0.45454545454545453,612.5290023201857
3.1,81,14415,112.0,54.0,60.0,266.0,400.0,35378.20850480109,0.6089965397923875,0.4691358024691358,735.483870967742
8.45,208,42126,112.0,54.0,60.0,220.0,505.90000000000003,63512.91262943786,0.4496214728148658,0.4375,639.0532544378699
0.29,4,358,60.0,55.8,58.5,91.0,146.8,2982.75,1.9833333333333334,0.75,620.6896551724138
4.63,135,48606,112.0,54.0,60.0,294.0,1509.0,262772.6202469136,0.17604645535930316,0.4148148148148148,699.7840172786177
8.73,224,45715,87.0,54.0,60.0,214.75,446.5000000000002,79079.80976961098,0.4746774193548387,0.5089285714285714,673.5395189003435
1.27,20,3324,130.0,59.4,60.0,194.5,417.1,16777.86,0.5738636363636364,0.4,377.9527559055118
8.77,190,35866,112.0,54.0,60.0,256.0,461.29999999999995,39625.51479224376,0.8076709843253869,0.4842105263157895,602.0524515393387
1.59,36,5419,97.5,54.0,60.0,157.0,346.0,17506.36033950617,0.5942924389526332,0.5,528.3018867924528
6.03,144,29957,109.0,54.0,60.0,292.0,532.0000000000005,55495.46407214506,0.43232130050203205,0.4861111111111111,636.8159203980099
6.21,129,30885,148.0,54.0,60.0,297.0,508.0,87297.6852352623,0.36786394437309006,0.4186046511627907,521.7391304347826
1.33,38,8129,101.5,54.0,60.0,264.25,468.70000000000044,76166.8095567867,0.7602858380251191,0.5,812.0300751879698
0.17,6,2177,202.0,57.0,73.0,315.25,829.5,200610.1388888889,2.225185185185185,0.3333333333333333,705.8823529411765
1.27,31,8627,112.0,60.0,60.0,330.5,612.0,121145.68990634756,0.7935550935550936,0.45161290322580644,614.1732283464567
9.82,234,45841,112.0,54.0,60.0,266.75,400.0,50061.46469793265,0.5645926482132496,0.4444444444444444,629.3279022403258
2.43,71,36719,148.0,54.0,60.0,1314.5,1509.0,372179.12636381673,0.07058720625109335,0.38028169014084506,592.5925925925926
2.71,54,10055,112.0,54.0,60.0,211.0,452.0000000000001,45151.273319615924,0.5947660586835845,0.42592592592592593,509.2250922509225
6.84,135,23281,112.0,54.0,60.0,220.0,400.0,32943.15138545953,0.44012124211307685,0.45185185185185184,526.3157894736842
2.64,50,9413,112.0,54.0,60.0,255.25,485.50000000000006,33192.1524,0.4802641924830948,0.48,545.4545454545454
1.16,47,17232,112.0,54.0,60.0,356.5,1509.0,258589.67768220918,0.1320457232952306,0.44680851063829785,1086.2068965517242
5.55,102,17760,112.0,54.0,60.0,220.0,460.3000000000002,35116.47635524797,0.5266913092065675,0.49019607843137253,518.918918918919
5.5,129,24147,91.0,54.0,60.0,220.0,436.0,47982.44600685055,0.5868436616941578,0.5038759689922481,643.6363636363636
4.83,118,26911,112.0,54.0,60.0,295.75,544.0,80651.56427750646,0.3890982294946575,0.4661016949152542,670.8074534161491
3.08,68,22217,148.0,54.0,60.0,312.75,1088.2000000000014,185355.4954584775,0.3336334713968426,0.4117647058823529,545.4545454545454
0.47,4,524,104.0,60.0,60.0,175.0,223.60000000000002,6499.0,0.39361702127659576,0.5,255.31914893617022
9.87,216,41565,112.0,54.0,60.0,256.0,436.0,50635.48591820987,0.5758644222020018,0.4537037037037037,589.6656534954408
4.8,88,15226,83.0,54.0,58.5,184.0,306.5999999999999,65731.13584710743,0.4115138592750533,0.5454545454545454,525.0
9.18,210,39053,112.0,54.0,60.0,220.0,417.9999999999999,52684.90841269841,0.39107359122319585,0.47619047619047616,640.5228758169935
2.19,47,7488,112.0,54.0,57.0,238.0,323.7999999999999,15718.600271616113,0.4857142857142857,0.44680851063829785,575.3424657534247
0.48,10,1147,89.0,54.0,60.0,139.0,228.1,4898.01,0.5313751668891856,0.5,625.0
1.96,43,7370,112.0,54.0,57.0,220.0,350.6000000000003,38197.35532720388,0.536697247706422,0.4883720930232558,642.8571428571429
2.91,68,15226,112.0,54.0,60.0,265.0,441.9000000000002,86460.10986159169,0.3973935389133627,0.4264705882352941,597.9381443298969
0.22,10,2091,60.0,54.0,55.5,229.0,656.1,57511.28999999999,0.17405951712521056,0.6,1636.3636363636365
3.5,74,12711,112.0,54.0,60.0,220.0,327.4,41762.90668371074,0.48597147533317747,0.4594594594594595,565.7142857142857
1.71,33,4363,112.0,54.0,60.0,184.0,264.8,8479.985307621671,0.6201262532491645,0.45454545454545453,526.3157894736842
9.93,208,39073,112.0,54.0,60.0,221.25,400.0,50476.20374907545,0.5442042445559815,0.46153846153846156,543.8066465256798
7.17,121,26626,112.0,54.0,60.0,256.0,508.0,88335.89836759784,0.3816615640080951,0.47107438016528924,435.1464435146444
3.2,71,13053,83.0,54.0,60.0,256.0,433.0,38815.59571513589,0.7810069586573885,0.5070422535211268,600.0
4.68,109,23031,112.0,54.0,60.0,220.0,404.00000000000006,82400.29913306961,0.8894905242431701,0.47706422018348627,653.8461538461538
5.37,101,15376,83.0,54.0,60.0,184.0,300.0,25464.913831977246,0.6073593978674472,0.504950495049505,525.1396648044692
7.21,143,29966,112.0,54.0,60.0,292.0,472.0,48565.24025624725,0.618646356614271,0.44755244755244755,524.2718446601941
3.31,64,13930,112.0,54.0,60.0,274.5,563.0000000000001,64304.3505859375,0.6682634730538922,0.4375,507.5528700906344
5.88,115,18978,112.0,54.0,60.0,184.0,305.80000000000007,40052.32105860113,0.737912087912088,0.4956521739130435,540.8163265306122
2.46,53,10931,112.0,54.0,54.0,184.0,421.6000000000005,94772.93983624065,0.33239882983910285,0.4716981132075472,585.3658536585366
6.08,130,22337,112.0,54.0,60.0,184.0,367.6000000000003,44767.14562130178,0.6298431229478293,0.46153846153846156,592.1052631578948
6.27,120,23678,112.0,54.0,60.0,256.0,508.0,59490.09972222222,0.5928691557349479,0.48333333333333334,526.3157894736843
4.48,83,11953,66.0,54.0,60.0,184.0,284.7999999999999,24215.38539700973,0.7186196980589504,0.5180722891566265,562.5
2.98,88,15567,112.0,54.0,60.0,202.0,341.19999999999993,43045.18272210745,0.5043486664089679,0.4431818181818182,744.9664429530202
8.6,182,33639,112.0,54.0,60.0,256.0,426.10000000000014,44973.75670208912,0.4695937090432503,0.46703296703296704,572.0930232558139
2.84,57,13796,112.0,54.0,60.0,292.0,526.1999999999999,91170.31455832564,0.48856279671989644,0.42105263157894735,507.0422535211268
7.27,136,27185,112.0,54.0,60.0,229.0,436.0,69538.3334234429,0.44424374435531,0.4632352941176471,519.9449793672627
8.03,187,33280,112.0,54.0,60.0,241.0,408.4000000000001,39513.74228602476,0.4790453757610773,0.48128342245989303,627.6463262764632
3.22,86,13754,112.0,54.0,60.0,184.0,297.0,27170.32071389939,0.5159263749586686,0.46511627906976744,708.0745341614906
3.07,68,10248,112.0,54.0,60.0,184.0,315.10000000000025,19340.64878892733,0.5447693699125716,0.47058823529411764,625.4071661237786
2.6,64,12584,112.0,54.0,60.0,220.0,455.20000000000005,45806.421875,0.727622185612301,0.453125,646.1538461538461
1.93,30,5655,75.5,54.0,60.0,292.0,479.2000000000001,37564.11666666667,0.6047105561861521,0.5333333333333333,466.3212435233161
9.39,211,39543,112.0,54.0,60.0,220.0,436.0,46208.658520698096,0.6567370537958773,0.46919431279620855,607.0287539936102
4.79,130,35845,112.0,54.0,60.0,295.75,732.3000000000004,142325.84289940828,0.34075182345240324,0.47692307692307695,726.5135699373694
5.99,157,27709,112.0,54.0,60.0,184.0,301.0,43592.440991520954,0.45050515625817933,0.4585987261146497,691.151919866444
3.58,89,20062,112.0,54.0,60.0,256.0,584.4000000000001,84461.27660648907,0.44622260668973474,0.4606741573033708,670.391061452514
9.28,185,38499,112.0,54.0,60.0,220.0,469.59999999999997,76523.12999269538,0.4706623882649553,0.4810810810810811,523.7068965517242
9.98,248,55703,112.0,54.0,60.0,256.0,474.80000000000007,94404.15750195106,0.4160819605450478,0.45161290322580644,643.2865731462925
7.21,154,27956,112.0,54.0,60.0,220.0,414.70000000000005,51135.989205599595,0.5071432422233004,0.4805194805194805,607.4895977808599
5.85,139,25983,112.0,54.0,60.0,220.0,448.2000000000001,54614.38331349309,0.48211739204837145,0.4748201438848921,656.4102564102565
7.89,172,37095,112.0,54.0,60.0,184.0,507.8,91650.86110735533,0.48868287984589454,0.47093023255813954,593.1558935361217
8.92,196,36068,112.0,54.0,60.0,220.0,450.0,46906.06080799667,0.619141677141318,0.45918367346938777,605.3811659192825
3.31,93,33736,112.0,54.0,60.0,328.0,1509.0,264033.04636374145,0.1491637428892598,0.40860215053763443,652.5679758308157
2.97,47,8944,112.0,54.0,54.0,256.0,441.2,37970.03893164327,0.3106682297772567,0.48936170212765956,444.4444444444444
0.83,31,27043,1081.0,54.0,86.0,1509.0,1509.0,430612.9386056192,0.061967406243864126,0.25806451612903225,578.3132530120482
4.03,87,14950,83.0,54.0,60.0,202.0,328.0,50678.732725591224,0.6056277521211471,0.5057471264367817,595.5334987593052
7.47,145,54077,148.0,54.0,60.0,364.0,1509.0,243563.16936979786,0.22301881671793017,0.4068965517241379,457.8313253012048
3.1,98,35336,112.0,54.0,54.0,320.5,1509.0,256953.06122448982,0.18307218427748762,0.45918367346938777,870.9677419354839
6.57,133,33209,112.0,54.0,60.0,292.0,644.8,110306.75459325005,0.4557050804365932,0.45864661654135336,557.0776255707763
9.0,240,56665,112.0,54.0,60.0,256.0,546.9999999999998,122972.4933159722,0.2896288035685837,0.4583333333333333,686.6666666666667
4.48,102,17139,112.0,54.0,60.0,220.0,400.0,26637.832468281427,0.6844226044226044,0.4411764705882353,589.2857142857142
3.47,77,12609,112.0,54.0,60.0,184.0,394.00000000000045,28449.77028166638,0.5244831338411317,0.4935064935064935,657.0605187319885
1.22,14,2038,112.0,54.0,60.0,184.0,220.0,12623.530612244902,0.388283378746594,0.42857142857142855,295.08196721311475
3.72,88,14964,112.0,54.0,58.5,220.0,328.0,39223.043388429745,0.5042219541616405,0.48863636363636365,677.4193548387096
0.97,18,2451,86.0,54.0,60.0,184.0,241.60000000000005,11503.138888888892,0.7175893482831114,0.5,556.7010309278351
7.17,152,26410,112.0,54.0,60.0,184.0,352.3000000000002,53466.83223684211,0.6175659949776444,0.47368421052631576,569.0376569037658
2.59,64,11605,112.0,54.0,60.0,184.0,393.3,55245.595458984375,0.4511691884456671,0.46875,648.6486486486486
8.69,179,37379,112.0,54.0,60.0,256.0,492.20000000000107,56171.86748228833,0.5210791893871571,0.4581005586592179,559.2635212888379
3.47,76,13086,97.5,54.0,60.0,229.0,400.0,29051.22922437673,0.7579258463191832,0.5,605.1873198847262
1.69,38,6735,86.0,54.0,60.0,175.0,452.40000000000055,43055.44390581717,0.3849475632325725,0.5,674.5562130177515
5.51,114,21403,91.0,54.0,60.0,247.0,416.80000000000007,54117.41774392121,0.6294632660829844,0.5263157894736842,566.2431941923775
1.93,42,5252,83.0,54.0,60.0,148.0,277.5999999999999,11297.807256235828,0.4389041095890411,0.5476190476190477,590.6735751295338
6.15,140,28599,112.0,54.0,60.0,220.0,421.6,77414.11525510206,0.35392699900582303,0.4357142857142857,585.3658536585366
7.96,194,39797,112.0,54.0,60.0,247.0,436.0,66922.35691890743,0.41259361800305255,0.4329896907216495,633.1658291457287
4.83,108,19439,112.0,54.0,60.0,220.0,445.3,32492.78695130316,0.5720986655883542,0.4537037037037037,596.2732919254659
9.79,256,63083,112.0,54.0,60.0,221.25,611.0,138422.70420837402,0.3239936196113,0.48828125,741.5730337078652
9.62,209,43872,112.0,54.0,60.0,256.0,457.6000000000003,62426.4901902429,0.7929625240099718,0.46411483253588515,586.2785862785863
9.08,168,35310,87.0,54.0,60.0,292.0,509.20000000000005,63604.2300170068,0.9012491923325436,0.5059523809523809,522.0264317180616
6.19,99,19018,112.0,54.0,60.0,256.0,461.4000000000001,43341.121110090804,0.48810641627543033,0.45454545454545453,426.49434571890146
9.04,183,33203,112.0,54.0,60.0,220.0,328.0,55268.97829137926,0.7322099332220368,0.4808743169398907,570.7964601769912
9.91,169,30312,112.0,54.0,60.0,256.0,400.0,39022.171492594796,0.6316072774249112,0.4970414201183432,472.2502522704339
9.42,194,30106,112.0,54.0,60.0,184.0,319.0000000000005,27917.408863853754,0.6639584369645719,0.4845360824742268,585.9872611464968
7.9,187,50396,112.0,54.0,60.0,328.0,544.0,138742.44250621978,0.34511290236481074,0.44919786096256686,637.9746835443037
9.1,201,39901,91.0,54.0,60.0,266.0,472.0,50972.42894977847,0.8022131887985546,0.5024875621890548,613.1868131868132
9.99,246,71399,112.0,54.0,60.0,400.0,778.0,114690.33678696542,0.48540578775459253,0.4349593495934959,636.6366366366366
1.3,24,5439,83.0,54.0,60.0,355.0,627.0999999999999,62863.151041666664,1.0272083488632129,0.625,507.6923076923077
5.99,125,27803,83.0,54.0,60.0,296.0,508.0,60671.460224,0.9863542187611631,0.504,590.9849749582637
3.04,71,17866,83.0,54.0,60.0,400.0,652.0,89165.38702638367,1.131980906921241,0.5211267605633803,651.3157894736843
9.85,177,49044,112.0,54.0,60.0,328.0,695.6000000000001,116270.74423058506,0.7718848224285559,0.4689265536723164,499.49238578680206
9.24,181,39187,112.0,54.0,60.0,324.0,472.0,53889.44336253472,0.5913502538071066,0.44751381215469616,519.4805194805194
9.81,200,43070,112.0,54.0,60.0,328.0,472.0,57589.4475,0.594535559586835,0.47,556.5749235474005
0.29,10,1776,112.0,54.0,60.0,256.0,403.59999999999997,19302.239999999998,0.2299168975069252,0.4,827.5862068965519
3.93,77,17077,112.0,54.0,60.0,268.0,414.4000000000002,85306.92528250969,0.6475639170284612,0.45454545454545453,534.3511450381679
9.76,195,47309,112.0,54.0,60.0,325.0,636.1999999999998,80860.45322813938,0.6861144771544657,0.47692307692307695,540.9836065573771
8.63,204,48931,112.0,54.0,60.0,298.75,545.8000000000009,80868.50430123029,0.4938482674400855,0.46568627450980393,625.7242178447277
8.73,162,49315,148.0,54.0,60.0,448.75,828.4000000000002,111724.18080323121,0.643559406765539,0.43209876543209874,481.09965635738826
3.79,70,18741,148.0,54.0,60.0,400.0,635.8000000000001,67380.79775510202,0.5671042729325194,0.44285714285714284,490.7651715039578
0.63,24,5537,112.0,54.0,58.5,305.5,540.3999999999999,50549.87326388888,0.4912469701050364,0.4166666666666667,952.3809523809523
5.82,130,29598,83.0,54.0,60.0,292.0,508.0,82068.29562130179,0.5190146266358737,0.5153846153846153,618.5567010309278
3.36,63,12193,83.0,54.0,60.0,256.0,515.2000000000004,56866.08969513732,0.7732693426410704,0.5079365079365079,553.5714285714286
7.23,133,26932,112.0,54.0,60.0,266.0,467.19999999999993,49532.02442195715,0.7109459373610317,0.45112781954887216,497.92531120331944
7.64,163,39458,112.0,54.0,60.0,313.0,551.2,79927.17249426022,0.6330601771376542,0.44171779141104295,557.5916230366493
2.15,43,9217,112.0,54.0,60.0,265.5,524.2000000000004,63446.78528934558,1.1535046728971963,0.46511627906976744,530.2325581395348
9.46,213,36121,112.0,54.0,60.0,256.0,364.0,29571.811324913484,0.6271453669084193,0.4788732394366197,621.5644820295983
4.55,95,19068,112.0,54.0,60.0,296.0,441.4000000000001,39361.78238227146,0.6757184286844187,0.4631578947368421,567.032967032967
6.98,168,39854,112.0,54.0,60.0,309.25,523.8000000000002,74478.27026643993,0.4731278184371997,0.44642857142857145,601.7191977077364
4.95,135,32620,112.0,54.0,60.0,296.5,556.6000000000001,88830.54430727025,0.41016773301054815,0.4666666666666667,715.1515151515151
1.48,31,6377,83.0,54.0,60.0,294.5,472.0,63095.044745057225,1.163895486935867,0.5806451612903226,567.5675675675676
0.66,7,2271,112.0,60.0,60.0,418.0,870.0000000000002,155466.2448979592,0.7165532879818595,0.42857142857142855,272.7272727272727
8.33,163,41832,112.0,54.0,60.0,315.0,673.6000000000008,105429.38432007226,0.39700774779588566,0.44785276073619634,518.6074429771909
1.06,67,61422,1508.0,54.0,60.0,1508.0,1508.0,452387.95054577856,0.055070770922083276,0.2835820895522388,1018.8679245283018
8.45,181,39115,112.0,54.0,60.0,297.0,508.0,61596.37019626994,0.5671073717948718,0.4530386740331492,575.1479289940829
1.63,43,10096,112.0,54.0,60.0,346.0,544.0,68050.16549486209,0.8871028037383177,0.46511627906976744,699.3865030674847
5.14,82,16611,112.0,54.0,60.0,292.0,443.20000000000005,46132.43976799524,0.5024421128798843,0.4878048780487805,443.57976653696505
3.65,116,67652,220.0,54.0,60.0,1508.0,1508.0,372990.62960761,0.11482433590402742,0.3275862068965517,624.6575342465754
4.61,115,27763,112.0,54.0,60.0,328.0,526.0000000000003,87105.19969754253,0.35879992169146435,0.4260869565217391,637.7440347071583
2.77,64,15495,112.0,54.0,60.0,282.25,585.1000000000008,117280.78491210938,0.48747240088317173,0.46875,606.4981949458484
0.31,14,2854,166.0,55.8,60.0,220.0,297.0,44815.55102040816,0.5036880927291886,0.35714285714285715,967.741935483871
3.68,72,13094,112.0,54.0,60.0,229.0,415.29999999999995,43509.95293209878,0.42791712104689206,0.4722222222222222,554.3478260869565
3.01,53,11970,112.0,54.0,60.0,297.0,665.8,64904.99608401566,0.44408251900108575,0.4528301886792453,438.53820598006644
8.78,201,38416,112.0,54.0,60.0,256.0,436.0,49215.67109725007,0.4535548072193424,0.472636815920398,615.0341685649204
6.36,185,37439,112.0,54.0,60.0,267.0,489.19999999999993,57088.212242512775,0.34368158489753436,0.4594594594594595,801.8867924528302
1.31,25,4848,112.0,54.0,60.0,256.0,484.6000000000002,34077.6736,0.6323232323232323,0.44,503.8167938931298
3.96,86,16800,112.0,54.0,60.0,274.0,490.5,44113.59924283396,0.46417988495729473,0.4418604651162791,575.7575757575758
7.04,171,32845,112.0,54.0,60.0,268.5,458.0,40500.163811087165,0.49227623807360293,0.4619883040935672,622.1590909090909
3.39,72,26495,112.0,54.0,60.0,408.5,1505.0,233588.4859182099,0.16728346109789408,0.4027777777777778,495.575221238938
0.39,6,1718,140.0,54.0,55.5,409.0,665.0,87476.55555555556,0.23597122302158274,0.5,461.5384615384615
5.81,148,23890,112.0,54.0,60.0,184.0,385.6000000000008,24275.378560993424,0.7239139847019772,0.46621621621621623,702.23752151463
7.61,170,26182,112.0,54.0,60.0,184.0,292.69999999999993,29876.658685121103,0.5350609756097561,0.45294117647058824,599.2115637319317
7.47,166,30297,112.0,54.0,60.0,220.0,417.0,41404.37033676875,0.49055397028436487,0.463855421686747,570.281124497992
1.85,48,9177,130.0,54.0,60.0,266.75,457.6000000000003,30337.65234375,0.4550499445061043,0.4375,681.081081081081
6.52,148,25843,112.0,54.0,60.0,256.0,404.50000000000017,26416.16923849525,0.5866281925343811,0.4594594594594595,579.7546012269939
4.7,111,23580,112.0,54.0,60.0,279.0,458.0,55960.37156074993,0.39024821649666885,0.43243243243243246,587.2340425531914
6.95,180,34695,130.0,54.0,60.0,292.0,432.4,32257.776388888888,0.4729982168633778,0.43333333333333335,630.2158273381295
0.15,4,560,86.0,60.0,60.0,166.0,263.20000000000005,12232.0,0.25,0.5,800.0
3.76,88,19630,112.0,54.0,60.0,277.0,535.5999999999998,81576.60898760332,0.2981087157783362,0.4659090909090909,590.4255319148937
5.67,132,24343,112.0,54.0,60.0,184.0,353.00000000000006,57948.34911616161,0.4600251904276375,0.44696969696969696,613.7566137566138
2.41,59,10427,112.0,54.0,60.0,262.0,464.8,29312.46883079575,0.5030993224736918,0.4745762711864407,697.0954356846472
1.06,25,3766,91.0,54.0,60.0,184.0,277.6,19316.630400000002,0.7314942528735632,0.52,679.2452830188679
4.65,78,15040,112.0,54.0,60.0,211.0,557.1999999999998,50344.83957922419,0.5770158330711964,0.44871794871794873,451.61290322580646
4.56,107,22601,112.0,54.0,60.0,294.5,503.20000000000005,52460.734736658225,0.4763211182964269,0.45794392523364486,618.421052631579
2.35,35,8565,112.0,54.0,60.0,364.0,580.4000000000001,68575.23265306122,0.4658565805237036,0.42857142857142855,382.9787234042553
7.32,151,27352,112.0,54.0,60.0,220.0,400.0,35116.37138721985,0.625772705658583,0.48344370860927155,573.7704918032787
6.94,155,35307,112.0,54.0,60.0,292.0,565.5999999999998,77599.97402705516,0.47051228654727195,0.45161290322580644,587.8962536023055
0.92,41,11673,83.0,54.0,54.0,189.0,1104.0,302350.7923854848,1.0678476527900798,0.6585365853658537,1239.1304347826085
2.31,40,7622,112.0,54.0,60.0,184.0,580.0,59386.847499999996,1.2221574344023323,0.475,493.50649350649354
9.13,193,37049,112.0,54.0,60.0,266.0,444.8000000000001,42317.85878815538,0.6527189186777892,0.48186528497409326,571.7415115005476
6.31,106,16659,112.0,54.0,60.0,184.0,332.0,28858.568618725523,0.5228997166102934,0.4811320754716981,475.43581616481777
7.21,150,28504,112.0,54.0,60.0,285.75,438.6999999999998,35175.065955555554,0.5969522102078548,0.46,565.880721220527
5.75,142,24793,112.0,54.0,60.0,220.0,373.5,42142.74732195994,0.6003743867802737,0.49295774647887325,667.8260869565217
9.47,170,61095,112.0,54.0,60.0,362.0,1509.0,243074.81262975774,0.2056478667561274,0.40588235294117647,430.83421330517416
4.47,105,19891,112.0,54.0,60.0,266.0,364.0,36149.29378684807,0.8429537663300287,0.4380952380952381,617.4496644295302
6.47,142,27312,112.0,54.0,60.0,247.0,432.4000000000002,48933.505455266815,0.6431235711707376,0.44366197183098594,584.2349304482226
0.25,5,843,112.0,60.0,60.0,184.0,329.8,18759.839999999997,0.5411334552102377,0.4,480.0
1.52,35,12570,184.0,54.0,60.0,410.5,1181.2000000000012,200770.2367346939,0.1638888888888889,0.37142857142857144,513.1578947368421
8.83,219,42953,112.0,54.0,60.0,231.5,507.20000000000005,55254.16967953128,0.5102492879997187,0.4520547945205479,638.7315968289921
4.53,117,31903,112.0,54.0,60.0,297.0,814.6000000000012,133121.17656512532,0.3340163077566381,0.4444444444444444,688.7417218543046
5.29,117,22153,112.0,54.0,60.0,256.0,447.6,44208.54978449849,0.5260039953158366,0.47863247863247865,578.4499054820416
1.41,34,5879,112.0,54.0,60.0,247.0,353.2,33478.962802768176,0.6217931034482759,0.47058823529411764,680.8510638297872
2.79,67,10223,83.0,54.0,60.0,148.0,298.2,45446.00445533527,0.5742223591007084,0.5522388059701493,688.1720430107526
5.99,135,35350,112.0,54.0,60.0,267.5,544.0,133311.0595336077,0.27479264334655606,0.4074074074074074,510.8514190317195
2.1,43,6365,112.0,54.0,60.0,202.0,269.40000000000003,12062.95294753921,0.6278772378516624,0.4186046511627907,485.71428571428567
1.71,31,6681,112.0,54.0,60.0,297.5,508.0,48930.18522372528,0.7745019920318725,0.45161290322580644,491.2280701754386
7.29,155,35622,112.0,54.0,60.0,298.0,530.3999999999999,62920.14801248699,0.5360931435963777,0.432258064516129,551.440329218107
8.85,254,83617,114.0,54.0,60.0,328.0,1508.0,200822.31007812015,0.1980027794890898,0.4015748031496063,677.9661016949153
2.31,47,7701,112.0,54.0,60.0,220.0,364.0,26314.807605251255,0.6550612508059317,0.46808510638297873,571.4285714285714
0.89,25,3705,83.0,54.0,60.0,184.0,277.6,24311.92,0.4939516129032258,0.56,808.9887640449438
4.38,106,21085,112.0,54.0,60.0,220.0,492.5,57503.83241367035,0.5380407031876869,0.4528301886792453,657.5342465753425
3.84,100,16834,91.0,54.0,54.0,220.0,332.00000000000034,38436.364400000006,0.35375954965822276,0.51,750.0
3.79,83,13756,112.0,54.0,60.0,184.0,351.1999999999998,43398.5803454783,0.42004748632187466,0.4578313253012048,569.9208443271768
1.63,37,5984,112.0,54.0,60.0,184.0,333.9999999999999,33054.03506208911,0.8758620689655172,0.4594594594594595,625.7668711656441
3.64,88,14419,112.0,54.0,60.0,220.0,336.79999999999995,24234.694085743802,0.400038838722206,0.4318181818181818,626.3736263736264
1.82,52,8924,112.0,60.0,60.0,220.0,425.1999999999998,27330.69822485207,0.7419480772984579,0.4423076923076923,692.3076923076923
1.93,51,9183,83.0,54.0,60.0,220.0,328.0,50598.64359861592,0.5743185324875707,0.5294117647058824,777.2020725388602
7.6,145,28072,112.0,54.0,60.0,256.0,470.4,47477.74344827586,0.4337078651685393,0.4413793103448276,497.3684210526316
2.27,51,9049,112.0,54.0,60.0,256.0,328.0,33448.44136870434,0.6058562555456966,0.49019607843137253,660.7929515418501
6.94,132,26973,112.0,54.0,60.0,258.5,426.80000000000007,61659.982265840226,0.6016269817706787,0.45454545454545453,510.0864553314121
6.28,149,29363,83.0,54.0,60.0,292.0,508.0,48880.84113328228,0.709138533178114,0.5033557046979866,659.2356687898089
7.18,174,32452,112.0,54.0,60.0,220.0,361.3000000000002,65808.571806051,0.3992152804725564,0.47701149425287354,676.8802228412256
9.38,215,45769,112.0,54.0,60.0,292.0,508.0,57260.776073553265,0.5778605164270694,0.4325581395348837,594.8827292110874
4.27,79,13738,112.0,54.0,60.0,220.0,364.0,39114.92645409391,0.6250295718003313,0.4810126582278481,533.9578454332553
7.83,171,32418,112.0,54.0,60.0,202.0,536.0,47113.354878424136,0.4660817655571635,0.47368421052631576,574.7126436781609
2.04,32,5740,112.0,54.0,60.0,148.0,387.50000000000006,53286.234375,0.718048488476504,0.46875,441.17647058823525
5.79,152,24249,112.0,54.0,60.0,148.0,307.5000000000001,35015.07786530472,0.5478743776330908,0.47368421052631576,725.3886010362694
8.77,229,39268,112.0,54.0,60.0,220.0,370.40000000000055,33661.795274689655,0.4258533042846768,0.4759825327510917,697.8335233751425
9.3,192,33457,112.0,54.0,60.0,184.0,431.6,39364.460910373266,0.6721811275489804,0.4635416666666667,541.9354838709678
5.45,109,21133,112.0,54.0,60.0,184.0,405.20000000000005,71140.16008753472,0.45925977074989643,0.44954128440366975,539.4495412844036
3.67,72,11497,112.0,54.0,60.0,229.0,321.4,19562.43962191358,0.8159848365187174,0.4722222222222222,555.858310626703
4.61,111,21500,112.0,54.0,60.0,238.0,391.0,52595.90617644671,0.5483220509866052,0.44144144144144143,637.7440347071583
0.16,2,143,71.5,62.3,65.75,77.25,80.7,132.25,1.3833333333333333,1.0,375.0
6.9,154,26177,112.0,54.0,60.0,184.0,389.2000000000006,29541.77234778209,0.7087930021541876,0.474025974025974,600.0
6.26,124,24941,112.0,54.0,60.0,256.0,489.30000000000007,56395.215075442255,0.4605024301692335,0.43548387096774194,517.5718849840256
7.14,150,27854,112.0,54.0,60.0,220.0,415.1,51627.065955555554,0.44313766126107457,0.46,563.0252100840337
1.94,44,7478,112.0,54.0,60.0,229.0,328.3000000000001,30581.634297520657,0.775403608736942,0.4772727272727273,649.4845360824743
0.32,12,1999,184.0,54.0,58.5,231.75,289.5,8480.07638888889,0.5132475397426193,0.3333333333333333,750.0
1.36,35,6732,112.0,54.0,60.0,184.0,332.80000000000007,77019.31102040817,0.3357142857142857,0.45714285714285713,705.8823529411765
5.14,132,28626,83.0,54.0,54.0,227.25,433.40000000000015,100524.6632231405,0.4174093879976233,0.5227272727272727,723.7354085603114
9.61,180,37229,112.0,54.0,60.0,220.0,461.2999999999997,76447.50922839507,0.31704814801712244,0.4222222222222222,474.50572320499487
3.9,75,11598,112.0,54.0,60.0,148.0,317.2000000000002,32317.990400000002,0.6769809138230191,0.49333333333333335,538.4615384615385
8.05,164,28168,112.0,54.0,60.0,184.0,353.2000000000006,46864.23319452706,0.4832288978990048,0.49390243902439024,551.5527950310558
1.23,30,5388,112.0,54.0,60.0,252.25,367.6,28573.173333333336,0.6224028906955736,0.4666666666666667,634.1463414634146
7.82,149,26177,112.0,54.0,60.0,220.0,394.6,32451.63875501104,0.7054531239820184,0.4697986577181208,514.0664961636829
8.17,186,32635,112.0,54.0,60.0,220.0,379.0,31542.904064053648,0.5702737814559977,0.45698924731182794,624.2350061199511
5.48,124,26104,112.0,54.0,60.0,220.0,519.2,83289.2174817898,0.3557702295626883,0.43548387096774194,569.3430656934306
8.93,212,40411,112.0,54.0,60.0,220.0,428.00000000000006,60854.50024474902,0.3554370429999329,0.4716981132075472,631.5789473684212
3.64,78,15608,112.0,54.0,60.0,256.0,508.6,49799.09204470744,0.5729114179179684,0.46153846153846156,576.9230769230769
2.09,59,10228,112.0,54.0,60.0,238.0,340.8000000000002,23075.0767020971,0.5513423327771879,0.423728813559322,688.9952153110048
2.19,43,7060,112.0,54.0,60.0,220.0,326.20000000000005,21671.639805300165,0.717343711992216,0.4883720930232558,520.5479452054794
8.59,196,36865,112.0,54.0,60.0,184.0,446.0,53165.17104852144,0.4197958790679761,0.4642857142857143,586.7287543655414
6.87,158,27571,112.0,54.0,60.0,220.0,364.0,39025.30063291139,0.755667345899134,0.44936708860759494,602.6200873362445
1.22,27,5594,112.0,54.0,60.0,261.5,356.8000000000002,65164.89163237312,0.823932181284643,0.4444444444444444,590.1639344262295
9.93,243,45950,112.0,54.0,60.0,220.0,424.40000000000015,60701.221494013436,0.5834453289224302,0.4773662551440329,652.5679758308157
1.64,37,7239,112.0,54.0,60.0,256.0,467.19999999999993,34766.498173849526,0.5074968763015411,0.4864864864864865,621.9512195121952
7.16,191,35348,112.0,54.0,60.0,256.0,449.0,39725.42468682328,0.6162041058936492,0.47643979057591623,720.6703910614525
3.35,78,14695,112.0,54.0,60.0,247.0,464.19999999999993,30712.316403681783,0.5664641296237075,0.41025641025641024,573.134328358209
8.45,207,53347,112.0,54.0,60.0,256.0,653.0,147462.20378538588,0.28904192340219886,0.46859903381642515,667.4556213017753
5.53,123,19473,112.0,54.0,60.0,220.0,363.8,22234.67182232798,0.5109404096834265,0.4959349593495935,607.5949367088607
3.97,104,21552,112.0,54.0,60.0,229.0,398.8,77535.08136094673,0.35786290322580644,0.46153846153846156,680.1007556675063
7.96,178,45240,112.0,54.0,60.0,262.0,559.6000000000015,139314.7280646383,0.30284529432093077,0.43820224719101125,580.4020100502513
1.0,25,7185,148.0,54.0,60.0,472.0,778.0000000000001,88608.24,0.4482967143721024,0.36,540.0
2.09,55,13062,91.0,54.0,60.0,312.5,543.6,99093.15900826445,0.5024154589371981,0.509090909090909,746.4114832535885
5.8,142,28270,112.0,54.0,60.0,292.0,444.6000000000001,39257.80975996826,0.5213647615972447,0.4295774647887324,631.0344827586207
6.13,170,26600,112.0,54.0,60.0,184.0,300.9,21825.83737024221,0.5715467328370554,0.4823529411764706,734.094616639478
6.42,150,27346,112.0,54.0,60.0,184.0,366.79999999999984,55121.53262222223,0.46321365509123014,0.46,626.1682242990654
3.87,84,15948,112.0,54.0,60.0,229.0,469.6,35282.170068027204,0.48325892857142855,0.4523809523809524,573.6434108527131
0.88,17,3018,112.0,54.0,60.0,256.0,280.6,31227.660899653984,0.7285223367697594,0.4117647058823529,477.2727272727273
0.09,19,15566,1508.0,54.0,54.0,1508.0,1508.0,527064.9307479226,0.03222811671087533,0.47368421052631576,6000.0
6.18,152,42534,112.0,54.0,60.0,292.0,611.4000000000003,148694.5760041551,0.3241392192266982,0.42105263157894735,621.3592233009709
8.47,176,32501,112.0,54.0,60.0,256.0,364.0,43405.65466813016,0.6072099693403225,0.4715909090909091,545.4545454545454
0.11,1,60,60.0,60.0,60.0,60.0,60.0,0.0,0.0,1.0,545.4545454545455
5.65,151,29357,112.0,54.0,60.0,184.0,400.0,74403.64712074031,0.36050607099823895,0.4370860927152318,700.8849557522124
7.76,170,33566,112.0,54.0,60.0,256.0,472.79999999999995,52378.41190311418,0.5761645379413974,0.4588235294117647,579.8969072164949
9.31,210,40474,112.0,54.0,60.0,225.25,438.6999999999998,47330.09079365077,0.5526315789473685,0.49047619047619045,592.9108485499463
0.33,12,2210,104.0,54.6,60.0,274.0,367.6,28386.305555555562,0.4952638700947226,0.5,1090.9090909090908
1.09,25,5675,112.0,54.0,60.0,220.0,582.2,77566.56,0.796454574232352,0.4,550.4587155963302
6.28,155,30675,112.0,54.0,60.0,220.0,408.39999999999964,73185.51966701352,0.3780942540096141,0.4645161290322581,687.8980891719744
3.42,57,8866,112.0,54.0,60.0,184.0,328.0,22727.476146506615,0.6810769814182783,0.43859649122807015,438.59649122807014
9.73,231,47108,112.0,54.0,60.0,202.0,436.0,84032.48005097358,0.6073427050634639,0.4588744588744589,635.1490236382322
9.93,242,45096,112.0,54.0,60.0,220.0,469.40000000000015,48920.87125196366,0.47807276302851526,0.4628099173553719,658.6102719033232
7.98,183,26302,112.0,54.0,60.0,148.0,298.0,24373.160321299525,0.5334654850746269,0.4808743169398907,639.0977443609022
8.91,237,37740,112.0,54.0,60.0,184.0,298.0,31349.507557549532,0.6023436504903834,0.4810126582278481,727.2727272727273
2.47,70,14330,112.0,54.0,60.0,265.75,508.0,58906.118367346935,0.354058395540017,0.45714285714285713,753.0364372469635
5.28,126,23871,112.0,54.0,60.0,256.0,485.5,38386.51757369615,0.6566729127628566,0.4523809523809524,647.7272727272726
3.44,81,12889,112.0,54.0,60.0,220.0,300.0,18489.34278311233,0.7033170344918726,0.4567901234567901,645.3488372093024
2.9,67,9432,112.0,54.0,54.0,166.0,297.0,16131.845399866339,0.4111310592459605,0.47761194029850745,662.0689655172414
8.99,224,34619,112.0,54.0,60.0,184.0,326.80000000000007,24185.452945631383,0.6833941162168733,0.48214285714285715,674.0823136818686
6.84,165,29785,112.0,54.0,60.0,220.0,377.1999999999999,45340.97704315886,0.5906542056074766,0.45454545454545453,649.1228070175439
0.86,21,2760,112.0,54.0,60.0,112.0,267.0,16214.24489795918,0.47121535181236673,0.47619047619047616,697.6744186046511
3.62,93,16789,112.0,54.0,60.0,220.0,425.19999999999993,29095.410567695686,0.4208700067704807,0.41935483870967744,646.4088397790055
4.96,113,25387,112.0,54.0,60.0,292.0,450.4,76637.53293131804,0.4650008656010156,0.40707964601769914,556.4516129032259
5.35,116,19538,112.0,54.0,60.0,179.5,440.5,39851.96938168846,0.46067583732057416,0.4827586206896552,583.177570093458
7.82,156,22243,112.0,54.0,54.0,148.0,297.0,19456.691773504277,0.48375692081915816,0.4807692307692308,544.7570332480818
3.1,70,17268,112.0,54.0,60.0,326.5,763.6,102586.47265306122,0.3923560716013546,0.44285714285714284,600.0
6.27,150,23288,112.0,54.0,60.0,175.0,355.1,25408.709155555553,0.6672394043528064,0.4866666666666667,660.2870813397129
9.4,239,46156,112.0,54.0,60.0,220.0,477.4000000000002,58841.094063479264,0.43435159576121074,0.4686192468619247,657.4468085106382
3.22,75,15029,112.0,54.0,60.0,256.0,380.2000000000002,74405.25048888888,0.4937878938475301,0.44,614.9068322981366
3.09,69,13829,112.0,54.0,60.0,267.0,486.4000000000002,55335.51900861165,0.6455259400285578,0.463768115942029,601.9417475728155
5.34,104,17137,112.0,54.0,60.0,193.0,305.3,29222.229937130174,0.7315348085278367,0.47115384615384615,550.5617977528091
1.36,35,5485,112.0,54.0,60.0,202.0,295.6,20951.28979591837,0.5316950572465792,0.45714285714285713,705.8823529411765
2.48,62,9384,112.0,54.0,60.0,148.0,294.29999999999995,30260.454734651412,0.46510538641686183,0.45161290322580644,653.2258064516129
1.35,30,6019,87.0,59.400000000000006,60.0,265.0,410.40000000000015,65591.03222222225,1.1721400216528328,0.5333333333333333,622.2222222222222
5.96,125,25921,112.0,54.0,60.0,269.0,496.60000000000036,50616.744576000005,0.4805231893991318,0.44,533.5570469798658
1.9,44,6742,83.0,54.0,60.0,148.0,382.0000000000005,34021.948347107435,0.7064034421665402,0.5227272727272727,663.1578947368422
7.48,176,26328,112.0,54.0,60.0,157.0,339.0,19401.980371900827,0.5423550087873462,0.4602272727272727,641.711229946524
9.71,228,46379,112.0,54.0,60.0,220.0,482.1000000000004,76807.55007309941,0.41831804281345564,0.4692982456140351,624.0988671472708
2.71,64,10362,97.5,54.0,60.0,148.0,297.0,42563.7412109375,0.4892210405288876,0.5,642.0664206642066
6.05,128,19671,112.0,54.0,60.0,220.0,297.0,26187.389587402344,0.558716323296355,0.4375,545.4545454545455
3.27,61,12648,112.0,54.0,60.0,297.0,400.0,53380.258532652515,0.6227867590454196,0.4262295081967213,477.0642201834862
1.48,31,5110,112.0,54.0,54.0,202.0,445.0,26032.973985431836,0.2858580775037745,0.4838709677419355,608.1081081081081
4.9,95,18824,112.0,54.0,60.0,261.0,504.4000000000001,43940.230914127416,0.5825136612021858,0.45263157894736844,514.2857142857142
5.1,108,18930,83.0,54.0,60.0,184.0,374.7999999999999,52944.62654320986,0.4143753735803945,0.5092592592592593,600.0
3.71,93,13504,91.0,54.0,60.0,148.0,248.7999999999999,25302.915250317954,0.6833707304911494,0.5053763440860215,711.5902964959569
2.32,53,7724,112.0,54.0,60.0,148.0,268.40000000000003,23921.062299750804,0.7744084539398116,0.4716981132075472,594.8275862068966
2.28,70,27865,148.0,54.0,60.0,381.0,1508.0,274305.58061224496,0.11197573726006624,0.35714285714285715,657.8947368421053
3.83,87,12413,112.0,54.0,54.0,166.0,310.60000000000014,18298.65504029595,0.47510398098633394,0.4827586206896552,642.2976501305483
8.96,194,37799,112.0,54.0,60.0,256.0,400.0,55394.2373525348,0.5138977891701377,0.4484536082474227,582.5892857142857
9.07,224,46974,112.0,54.0,60.0,184.0,458.80000000000075,97472.63639987247,0.3410031688029918,0.4732142857142857,661.521499448732
0.21,15,3330,112.0,54.0,54.0,231.5,298.0,126393.2,0.17418899858956277,0.4666666666666667,2000.0
3.07,60,15495,112.0,54.0,60.0,272.5,633.2000000000003,119039.12083333333,0.2563853077110192,0.4166666666666667,488.59934853420197
1.07,36,7466,112.0,57.0,60.0,205.5,431.5,67731.07098765431,0.390316573556797,0.4166666666666667,841.1214953271028
2.2,48,11633,148.0,54.0,60.0,266.5,670.6,65929.56206597223,0.5604292421193829,0.375,490.90909090909093
6.35,148,27911,112.0,54.0,60.0,220.0,456.7000000000001,52139.36390613586,0.5358498871952897,0.47297297297297297,623.6220472440946
7.86,202,36381,83.0,54.0,60.0,256.0,419.8000000000001,40974.76641995883,0.5481935401506447,0.504950495049505,709.9236641221373
0.52,23,4647,119.0,54.0,60.0,276.5,502.0,32930.73724007561,0.27770140225460543,0.391304347826087,1038.4615384615386
0.86,23,6079,148.0,54.0,60.0,346.0,553.4000000000001,101283.08128544423,0.5959569440798109,0.4782608695652174,767.4418604651163
0.36,6,670,112.0,57.0,73.0,112.0,166.0,2955.222222222222,0.7091836734693877,0.3333333333333333,333.3333333333333
8.18,171,29800,112.0,54.0,60.0,220.0,364.0,34784.149858075994,0.58890962410024,0.45614035087719296,572.1271393643032
6.21,155,33952,112.0,54.0,60.0,261.5,468.4,83176.37860561915,0.4023957042544403,0.432258064516129,647.3429951690822
5.02,106,19800,112.0,54.0,60.0,247.0,400.0,40906.12673549306,0.5790732913310471,0.46226415094339623,561.7529880478089
9.57,198,38673,112.0,54.0,60.0,256.0,433.90000000000003,46994.14623507805,0.5567587150793012,0.4595959595959596,551.7241379310344
4.29,94,20939,112.0,54.0,60.0,266.0,515.2000000000006,77589.39757808963,0.6162871478193748,0.43617021276595747,573.4265734265734
5.52,123,22961,112.0,54.0,60.0,202.0,385.5999999999999,55948.00806398307,0.36778459522249357,0.4796747967479675,608.695652173913
1.99,53,10655,112.0,54.0,60.0,184.0,569.2000000000008,60820.82876468495,0.48130126511886556,0.41509433962264153,663.3165829145729
5.47,171,62128,112.0,54.0,60.0,410.5,1508.0,236749.7503505352,0.19790220576893414,0.43859649122807015,767.8244972577697
1.53,65,47745,328.0,54.0,60.0,1509.0,1509.0,449666.8639053254,0.077035867358448,0.3230769230769231,784.313725490196
6.01,147,19815,112.0,54.0,60.0,148.0,293.6,16383.210051367487,0.5587633731906859,0.47619047619047616,698.8352745424293
4.64,105,26371,112.0,54.0,54.0,297.0,630.4000000000002,112729.86249433104,0.2851364522417154,0.47619047619047616,633.6206896551724
4.64,119,20868,112.0,54.0,60.0,184.0,360.2,49982.2475813855,0.49046496678808654,0.4369747899159664,672.4137931034484
3.13,76,12268,97.5,54.0,60.0,184.0,387.0,23001.375346260385,0.8150613996153278,0.5,613.4185303514377
2.21,63,15044,112.0,54.0,60.0,220.0,535.8000000000002,107231.68757873517,0.20102187450103784,0.42857142857142855,733.0316742081448
2.47,70,15097,83.0,54.0,54.0,220.0,467.50000000000006,99924.42061224491,0.36896989481320275,0.5142857142857142,825.910931174089
4.64,122,25623,112.0,54.0,60.0,256.0,540.6000000000001,57501.073165815644,0.5405844155844156,0.45081967213114754,698.2758620689656
4.8,110,20993,112.0,54.0,60.0,283.0,427.9000000000001,44672.85793388429,0.5202404229125932,0.44545454545454544,612.5
5.94,143,28366,112.0,54.0,60.0,256.0,444.79999999999995,54299.49014621742,0.5116440181188383,0.44755244755244755,636.3636363636364
4.92,107,17459,112.0,54.0,60.0,220.0,300.4,22959.80347628614,0.5084672541904268,0.45794392523364486,573.170731707317
8.99,214,46160,112.0,54.0,60.0,256.0,466.9000000000003,81926.7797187527,0.4552791702134367,0.45794392523364486,627.3637374860956
1.42,33,6666,112.0,54.0,60.0,220.0,299.6,88328.12121212122,0.2745697896749522,0.42424242424242425,591.5492957746479
0.35,6,582,86.0,57.0,60.0,139.0,148.0,1669.0,1.171641791044776,0.5,514.2857142857143
8.7,219,66828,112.0,54.0,60.0,294.5,1169.0000000000073,192332.10058172268,0.22075881847907494,0.45662100456621,620.6896551724138
6.28,130,23684,112.0,54.0,60.0,148.0,401.8000000000005,66224.8274556213,0.45514868518063406,0.49230769230769234,573.248407643312
9.04,220,34738,112.0,54.0,60.0,193.0,386.4999999999999,19279.599090909094,0.5881680610798702,0.43636363636363634,637.1681415929205
4.31,86,13463,112.0,54.0,60.0,211.0,328.0,17916.03853434289,0.5101514301738643,0.4418604651162791,529.0023201856148
9.56,200,41613,112.0,54.0,60.0,220.0,439.5999999999998,82975.53077499999,0.3893229166666667,0.45,552.3012552301254
4.08,130,26898,112.0,54.0,60.0,238.0,415.3000000000001,80708.56071005916,0.5784284959802829,0.46153846153846156,852.9411764705882
9.3,204,35808,112.0,54.0,60.0,220.0,403.5000000000001,35293.96482122261,0.5266030013642565,0.46078431372549017,593.5483870967741
8.61,203,33538,112.0,54.0,60.0,184.0,398.4000000000001,32470.373850372496,0.5402066590126292,0.47783251231527096,648.0836236933799
6.46,132,24361,112.0,54.0,60.0,220.0,360.4000000000002,52446.474460514226,0.4945398773006135,0.49242424242424243,566.5634674922601
9.1,193,36233,112.0,54.0,60.0,220.0,444.0000000000001,50561.03379956509,0.5690035941627333,0.45077720207253885,573.6263736263736
8.52,173,30241,112.0,54.0,60.0,184.0,434.2000000000001,45636.72438103513,0.4879452863609526,0.48554913294797686,549.2957746478874
8.09,174,30193,112.0,54.0,60.0,184.0,429.5000000000009,37248.19200026424,0.6084918224921422,0.4540229885057471,578.4919653893696
1.75,29,4347,112.0,54.0,60.0,184.0,297.2,17748.299643281807,0.9484536082474226,0.4482758620689655,445.7142857142857
6.82,163,28604,112.0,54.0,60.0,184.0,364.0,48221.722157401484,0.5671707210168748,0.4601226993865031,659.8240469208212
7.61,157,30943,112.0,54.0,60.0,220.0,486.8000000000002,65455.87739867743,0.38957248068977907,0.445859872611465,528.2522996057819
8.48,231,88880,112.0,54.0,60.0,346.0,1509.0,278955.2203669346,0.14474124829344942,0.4025974025974026,629.7169811320755
4.49,110,18946,112.0,54.0,60.0,220.0,428.80000000000007,29231.435041322315,0.48794471059451816,0.44545454545454544,628.0623608017818
0.02,1,220,220.0,220.0,220.0,220.0,220.0,0.0,220,0.0,0.0
4.91,122,18288,83.0,54.0,60.0,184.0,332.5,19840.38376780435,0.606747496046389,0.5081967213114754,684.3177189409367
5.83,150,25537,112.0,54.0,60.0,220.0,414.69999999999993,31163.065822222226,0.5461976265439574,0.49333333333333335,689.5368782161235
9.03,231,49911,112.0,54.0,60.0,238.0,472.0,95023.41136785292,0.3657034969627319,0.4588744588744589,697.6744186046512
1.56,28,4305,112.0,54.0,60.0,184.0,365.8,14472.901785714286,0.454883406556269,0.42857142857142855,461.5384615384615
3.63,68,15958,112.0,54.0,54.0,265.0,467.1000000000005,107686.16003460209,0.463768115942029,0.4852941176470588,528.9256198347108
6.24,143,27208,112.0,54.0,60.0,220.0,400.0,58851.56574893636,0.48750751735826364,0.46153846153846156,615.3846153846154
8.48,225,54096,112.0,54.0,60.0,220.0,635.0,139272.11128888887,0.28010601292032467,0.47555555555555556,742.9245283018868
1.11,22,2980,112.0,60.0,60.0,112.0,248.80000000000015,18209.52066115702,1.0694444444444444,0.45454545454545453,540.5405405405405
4.6,97,22016,112.0,54.0,60.0,328.0,558.4000000000002,63391.65883728343,0.6910669022198326,0.4639175257731959,573.9130434782609
8.93,179,46595,112.0,54.0,60.0,346.0,652.0,100656.3245841266,0.5785818341972423,0.46368715083798884,530.7950727883539
3.1,55,16668,83.0,54.0,60.0,387.5,954.4000000000002,146674.92429752066,2.1706296366749096,0.509090909090909,503.2258064516129
2.69,62,12333,112.0,54.0,60.0,295.75,412.59999999999997,39587.880593132155,0.7451535304938446,0.4838709677419355,646.8401486988848
4.25,71,14000,112.0,54.0,60.0,293.0,436.0,50981.67070025788,1.0551967116852614,0.4788732394366197,480.0
2.64,44,9739,87.0,54.0,58.5,241.75,536.8000000000004,97909.81559917354,0.773629575669277,0.6363636363636364,454.5454545454545
5.85,89,16421,112.0,54.0,60.0,297.0,364.0,37336.2050246181,0.9705988239529582,0.47191011235955055,430.76923076923083
4.81,97,20337,83.0,54.0,60.0,297.0,532.6000000000001,55620.88425975131,0.6677874364441528,0.5051546391752577,536.3825363825364
7.01,138,30402,112.0,54.0,60.0,328.0,544.3,57214.99432892248,0.8140700519124052,0.4782608695652174,539.2296718972896
8.97,168,38135,130.0,54.0,60.0,304.0,565.6000000000008,57952.29163123583,0.8365921787709497,0.47619047619047616,515.0501672240802
2.11,26,5748,112.0,54.0,60.0,285.5,508.0,57917.91715976331,0.5687772925764192,0.46153846153846156,341.2322274881517
6.02,95,22538,112.0,54.0,60.0,328.0,529.6000000000004,82111.15191135733,0.9349244505494505,0.4842105263157895,458.4717607973422
2.58,41,8211,83.0,54.0,60.0,391.0,508.0,37586.635336109466,0.9503562945368171,0.5121951219512195,441.86046511627904
5.24,106,25499,112.0,54.0,60.0,291.5,562.0,84214.54868280527,0.7672049345068959,0.46226415094339623,526.7175572519084
4.67,73,22375,112.0,54.0,60.0,436.0,774.3999999999996,123441.23625445674,1.2395155640076068,0.4794520547945205,449.67880085653104
2.6,72,24440,148.0,54.0,60.0,472.0,1044.3999999999994,158673.4691358025,0.6538097171471106,0.4027777777777778,600.0
2.34,55,16630,148.0,54.0,60.0,436.0,812.2,121465.17685950412,0.7295891835673427,0.4727272727272727,615.3846153846154
5.82,154,57217,112.0,54.0,54.0,478.0,1246.0000000000032,205749.43030021922,0.4359534206695779,0.474025974025974,701.0309278350516
5.65,119,37735,83.0,54.0,60.0,364.0,911.2,161657.7713438317,0.7428756177543763,0.5042016806722689,594.6902654867256
3.12,56,13874,86.0,54.0,60.0,296.25,724.0,107560.90178571429,1.036699941280094,0.5,538.4615384615385
6.94,159,60841,148.0,54.0,60.0,490.0,1514.0,225539.15897314184,0.34099625303063696,0.4276729559748428,579.250720461095
2.28,44,15453,220.0,54.0,60.0,400.0,1029.2000000000012,182306.34452479336,0.23436376707404744,0.4090909090909091,473.6842105263158
4.82,64,11138,83.0,54.0,60.0,184.0,436.0,34184.1865234375,0.7707472178060414,0.515625,385.8921161825726
9.1,154,37601,112.0,54.0,60.0,323.5,616.0,76038.47364648338,0.6229713397790055,0.461038961038961,454.94505494505495
9.0,164,30595,112.0,54.0,60.0,220.0,364.0,52391.55186644855,0.6004917346725256,0.4817073170731707,513.3333333333334
6.37,121,23022,112.0,54.0,60.0,220.0,436.0,48657.51683628168,0.6964114656252303,0.47107438016528924,518.0533751962323
7.39,129,32344,83.0,54.0,60.0,364.0,580.0,84280.08917733308,1.001237470610073,0.5116279069767442,503.38294993234103
3.67,75,22137,148.0,54.0,57.0,400.0,710.4000000000003,120402.58773333333,0.3199570687496273,0.44,539.5095367847412
8.59,191,42508,112.0,54.0,60.0,242.0,472.0,93091.02184698886,0.3693264181941178,0.45549738219895286,593.7136204889406
8.21,180,35663,112.0,54.0,60.0,292.0,439.1999999999998,50010.95589506173,0.397015042306487,0.4722222222222222,562.7283800243605
3.26,64,15159,112.0,54.0,60.0,293.25,679.3000000000001,83655.96459960938,0.5613348439592131,0.46875,552.1472392638037
0.23,11,1744,60.0,54.0,57.0,299.0,328.0,15861.70247933884,0.5768535262206148,0.5454545454545454,1565.2173913043478
4.63,89,16451,112.0,54.0,60.0,292.0,438.0,25073.053907334936,0.644935506449355,0.4606741573033708,518.3585313174947
2.46,54,11446,112.0,54.0,60.0,298.0,514.6000000000003,37853.99862825789,0.4816828478964401,0.4444444444444444,585.3658536585366
7.64,169,34294,112.0,54.0,60.0,265.0,436.0,65107.420118343194,0.5051130129471143,0.46745562130177515,612.565445026178
7.24,157,36495,112.0,54.0,60.0,256.0,542.8,104147.636252992,0.3758199502375028,0.4968152866242038,588.3977900552486
1.57,37,6770,112.0,54.0,60.0,266.0,369.99999999999983,33608.94521548576,0.5358439201451906,0.43243243243243246,611.4649681528662
0.08,1,60,60.0,60.0,60.0,60.0,60.0,0.0,0.0,1.0,750.0
2.3,58,10836,112.0,54.0,60.0,247.0,443.2000000000006,43760.00475624257,0.43106180665610144,0.46551724137931033,704.3478260869566
4.83,83,15510,112.0,54.0,60.0,220.0,400.0,42931.65713456235,0.5968289920724802,0.46987951807228917,459.6273291925466
1.03,26,7288,112.0,54.0,60.0,298.25,670.0,131446.90532544377,0.18542615484710476,0.38461538461538464,582.5242718446602
5.92,131,22286,83.0,54.0,60.0,184.0,297.0,46048.58050230173,0.4691805656272661,0.5190839694656488,608.1081081081081
5.45,134,30375,112.0,54.0,60.0,256.0,443.0,106636.12836934732,0.22702484346596646,0.4701492537313433,649.5412844036697
2.24,43,7412,112.0,55.2,60.0,202.0,364.0,31595.535965386698,0.7946731234866828,0.4418604651162791,508.9285714285714
8.54,207,47432,112.0,54.0,60.0,292.0,501.8000000000003,92212.05283670565,0.33965994464215105,0.45410628019323673,660.4215456674474
2.69,53,10394,112.0,54.0,60.0,292.0,400.0,41044.77963688145,0.30676389238119184,0.41509433962264153,490.7063197026023
3.06,64,10191,101.5,54.0,60.0,193.0,400.0,21269.116943359375,0.8767955801104972,0.5,607.8431372549019
5.55,129,20769,112.0,54.0,60.0,184.0,371.2000000000001,25329.565891472866,0.5542168674698795,0.4883720930232558,648.6486486486486
8.64,168,38088,112.0,54.0,60.0,220.0,508.90000000000003,105053.15646258504,0.30019799276302317,0.47619047619047616,527.7777777777777
9.25,235,62385,112.0,54.0,60.0,256.0,757.599999999999,156262.27451335447,0.3311071756246399,0.4553191489361702,681.081081081081
2.67,59,13881,83.0,54.0,60.0,256.0,479.2000000000001,107123.58747486354,0.29850327408793265,0.5254237288135594,651.685393258427
0.97,15,4012,148.0,54.0,60.0,431.5,619.5999999999999,52787.58222222222,0.3017521090201168,0.4,371.1340206185567
9.18,176,37281,112.0,54.0,60.0,258.5,509.0,54586.96329416322,0.6428414048384965,0.4602272727272727,516.3398692810457
5.41,111,23958,112.0,54.0,60.0,220.0,534.0,78742.76649622597,0.6554726368159204,0.4774774774774775,576.709796672828
4.73,107,24424,112.0,54.0,60.0,261.5,487.60000000000025,87776.90348502052,0.8111976269929552,0.45794392523364486,608.8794926004227
9.81,268,55634,112.0,54.0,60.0,293.0,458.0000000000002,64175.38377144131,0.5643347205038803,0.4626865671641791,709.480122324159
7.26,147,41029,112.0,54.0,60.0,297.5,706.4000000000003,136805.49835716598,0.32368692734546395,0.41496598639455784,504.1322314049587
0.77,22,5339,101.5,60.0,60.0,313.25,655.6000000000007,81342.03512396693,0.7447712418300654,0.5,779.2207792207791
8.15,204,47819,112.0,54.0,60.0,298.0,574.9000000000003,63756.98642349097,0.42743283582089553,0.4411764705882353,655.2147239263803
9.59,192,48669,112.0,54.0,60.0,322.75,580.0,104704.07267252605,0.35011651131824234,0.46875,525.5474452554745
0.0,1,309,309.0,309.0,309.0,309.0,309.0,0.0,0.0,0.0,0
2.59,48,8875,112.0,54.0,60.0,229.0,400.0,47864.96831597222,0.4953664700926706,0.4375,486.4864864864865
7.83,154,35358,112.0,54.0,60.0,292.0,508.0,76546.5651880587,0.4544033565052857,0.4675324675324675,521.0727969348659
5.51,118,27056,112.0,54.0,60.0,264.25,553.3999999999999,85171.79833381213,0.48195212795092296,0.4915254237288136,566.2431941923775
0.85,6,864,122.0,54.0,55.5,184.0,256.0,10052.0,0.5104895104895105,0.5,211.76470588235296
2.83,73,15564,83.0,54.0,60.0,184.0,570.1999999999999,85259.03996997561,0.45457943925233646,0.5068493150684932,699.6466431095406
0.28,6,828,86.0,54.0,55.5,112.0,274.0,18392.0,0.3618421052631579,0.5,642.8571428571428
9.86,215,62668,112.0,54.0,60.0,297.0,810.3999999999999,166386.9844456463,0.2896507727450456,0.46511627906976744,608.5192697768763
2.03,43,12037,112.0,54.0,60.0,353.5,709.6000000000004,101715.83234180638,0.2028579994004197,0.4186046511627907,532.0197044334975
9.07,209,55484,112.0,54.0,60.0,267.0,665.2000000000012,135355.493326618,0.2305986204449176,0.44019138755980863,595.3693495038589
2.93,54,11573,112.0,54.0,60.0,286.5,472.0,54480.88237311385,0.8669140183900629,0.42592592592592593,470.98976109215016
4.52,113,23435,112.0,54.0,60.0,267.0,512.9999999999999,60109.7244889968,0.36234158818742007,0.46017699115044247,690.2654867256638
9.05,201,45167,112.0,54.0,60.0,294.0,510.0,69402.42419742084,0.3484296632433723,0.43283582089552236,563.5359116022099
6.9,152,39182,112.0,54.60000000000001,60.0,297.0,612.1000000000003,111869.43680747921,0.41938054700235466,0.4407894736842105,547.8260869565217
2.92,67,17832,112.0,54.0,60.0,314.5,765.6,112050.18667854754,0.3175705630264519,0.44776119402985076,575.3424657534247
1.06,25,4073,112.0,54.0,60.0,220.0,302.20000000000005,17996.9536,0.32930809399477806,0.44,509.4339622641509
7.3,160,42829,148.0,54.0,60.0,328.0,576.3999999999997,99906.5546484375,0.4201538563565223,0.45,567.1232876712329
4.14,148,81030,184.0,54.0,60.0,1508.0,1509.0,370800.2635135135,0.12597965649491413,0.3716216216216216,797.1014492753624
5.15,126,25618,112.0,54.0,60.0,283.0,459.5,60952.80398085161,0.52143960090272,0.48412698412698413,675.7281553398058
0.83,31,7741,83.0,54.0,60.0,274.0,760.0,95426.33506763789,0.49787151702786375,0.5161290322580645,1012.0481927710844
1.64,45,8409,112.0,54.0,60.0,321.0,464.8,30642.64888888889,0.44832931450223906,0.4888888888888889,731.7073170731708
4.93,146,36271,112.0,54.0,60.0,266.0,560.0,101127.06722649651,0.3961661341853035,0.4178082191780822,718.052738336714
8.58,198,40186,112.0,54.0,60.0,220.0,454.5000000000003,65431.149882665035,0.6000796336850488,0.47474747474747475,643.3566433566434
7.87,165,38845,112.0,54.0,60.0,297.0,542.0,79427.69880624427,0.42922844843445307,0.4484848484848485,564.1677255400253
0.24,5,1331,148.0,91.6,148.0,397.0,509.20000000000005,38215.36,0.3567787971457696,0.2,250.0
7.09,164,31898,93.0,54.0,60.0,220.0,475.900000000001,54360.04268292683,0.7778397057184261,0.5,651.6220028208744
9.88,207,65299,112.0,54.0,60.0,313.0,980.0000000000006,183237.88074400806,0.24248882123489676,0.42028985507246375,522.2672064777328
4.66,119,23004,112.0,54.0,60.0,294.5,453.20000000000005,40640.80248570015,0.5659632402995235,0.47058823529411764,682.4034334763948
9.46,245,49878,112.0,54.0,60.0,220.0,443.19999999999993,77510.38993752602,0.42058044487482554,0.4816326530612245,691.3319238900634
7.08,165,31929,112.0,54.0,60.0,220.0,389.59999999999985,57143.46203856748,0.3813108371187541,0.44242424242424244,618.6440677966101
4.59,96,24062,112.0,54.0,60.0,220.0,576.5,123577.39539930556,0.30558871405317417,0.4270833333333333,535.9477124183006
1.75,34,6012,112.0,54.0,60.0,184.0,422.09999999999997,33155.55709342561,0.5181818181818182,0.4117647058823529,445.7142857142857
4.27,118,24959,112.0,54.0,60.0,256.0,446.0,83219.89378052286,0.34680552557737965,0.4830508474576271,772.8337236533959
4.98,90,15150,112.0,54.0,60.0,220.0,332.7000000000004,28396.977777777778,0.39631336405529954,0.4444444444444444,481.92771084337346
6.59,165,34834,112.0,54.0,60.0,267.0,446.0,70446.36855831038,0.4441358152647071,0.4666666666666667,682.8528072837634
1.5,43,9458,112.0,54.0,60.0,184.0,661.0000000000006,91115.43969713357,0.2966822045516863,0.46511627906976744,800.0
8.25,252,47079,78.0,54.0,60.0,184.0,445.00000000000006,59221.53557256235,0.3886381736129546,0.5277777777777778,829.090909090909
9.1,240,108789,184.0,54.0,60.0,558.5,1509.0,309609.31317708344,0.1181240749876665,0.375,547.2527472527472
2.6,51,7543,112.0,54.0,60.0,184.0,321.0,14239.578623606307,0.5284701114488348,0.45098039215686275,530.7692307692307
2.4,60,13106,112.0,54.0,60.0,266.0,655.4000000000001,77017.2122222222,0.32223567393058916,0.45,675.0
8.87,185,38096,112.0,54.0,60.0,220.0,487.7999999999997,71396.43751643536,0.3604256686783559,0.4540540540540541,561.4430665163474
3.23,85,15317,83.0,54.0,60.0,184.0,457.40000000000043,44597.524705882344,0.40936694884063307,0.5058823529411764,687.3065015479876
3.56,75,15847,112.0,54.0,60.0,292.0,513.6,57499.19395555556,0.7489239598278336,0.4533333333333333,573.0337078651685
7.2,145,29219,112.0,54.0,60.0,220.0,432.4,71551.07747919143,0.4319529527076697,0.4482758620689655,516.6666666666666
4.92,127,24430,112.0,54.0,60.0,184.0,396.40000000000043,63329.11290222582,0.5620204603580563,0.4251968503937008,658.5365853658536
6.44,151,33610,112.0,54.0,60.0,220.0,448.0,102177.36897504496,0.36703815179370375,0.41721854304635764,586.9565217391304
9.7,243,47213,112.0,54.0,60.0,246.5,414.4000000000002,63144.42903351454,0.36217541834968264,0.4567901234567901,649.4845360824743
3.86,97,25089,148.0,54.0,60.0,328.0,562.4000000000003,107406.743118291,0.3506864064602961,0.422680412371134,637.3056994818653
5.16,111,23163,112.0,54.0,60.0,267.0,479.0,66610.34526418311,0.4126364578886382,0.45045045045045046,546.5116279069767
8.05,204,31885,112.0,54.0,60.0,184.0,327.70000000000005,24275.160587274124,0.7037135987176062,0.4852941176470588,670.807453416149
8.93,214,55773,112.0,54.0,60.0,269.0,573.6000000000001,147304.05766879203,0.30037304733038006,0.46261682242990654,638.2978723404256
9.95,259,74877,112.0,54.0,60.0,256.0,1240.8000000000056,190829.06328170424,0.21285797589736943,0.44015444015444016,675.3768844221106
6.96,162,31411,112.0,54.0,60.0,220.0,467.8000000000001,60509.340839811004,0.43862782815791884,0.47530864197530864,637.9310344827586
9.1,211,36922,112.0,54.0,60.0,220.0,364.0,33595.55903955437,0.5858603212782407,0.4549763033175355,613.1868131868132
9.54,218,39552,112.0,54.0,60.0,256.0,428.0,34051.9883848161,0.6344477044505972,0.44954128440366975,603.7735849056605
8.33,192,37751,112.0,54.0,60.0,259.5,466.30000000000007,40328.97523328993,0.49378759100981323,0.453125,590.6362545018007
5.51,129,24133,112.0,54.0,60.0,256.0,447.2000000000001,38620.19554113335,0.6856184954948662,0.4496124031007752,631.578947368421
7.37,155,29998,112.0,54.0,60.0,268.5,428.7999999999999,38866.80357960458,0.5470861268695204,0.432258064516129,545.4545454545455
4.79,113,20508,83.0,54.0,60.0,184.0,455.19999999999976,47546.993186623855,0.5711330728568145,0.504424778761062,638.830897703549
1.07,28,5172,112.0,60.0,60.0,184.0,274.5,75883.84693877549,0.5017421602787456,0.42857142857142855,672.8971962616822
0.32,4,361,76.5,60.0,60.0,106.75,131.5,1293.1875,0.34701492537313433,0.75,375.0
9.16,199,31649,112.0,54.0,60.0,220.0,333.6000000000005,23779.003409004825,0.7024744486282948,0.4623115577889447,582.9694323144105
0.08,1,60,60.0,60.0,60.0,60.0,60.0,0.0,0.0,1.0,750.0
6.42,127,26779,112.0,54.0,60.0,222.5,525.6000000000003,75859.52321904644,0.6896334153574358,0.4566929133858268,542.0560747663551
3.97,88,14050,112.0,54.0,60.0,193.0,315.99999999999983,21022.997417355375,0.6337209302325582,0.4431818181818182,589.4206549118388
6.49,134,33392,112.0,54.0,60.0,220.0,653.0000000000002,124387.81309868567,0.3123722685112404,0.47761194029850745,554.6995377503852
2.19,79,15660,83.0,54.0,60.0,157.0,320.00000000000017,119401.18859157183,0.9619143071911802,0.6329113924050633,904.109589041096
2.23,56,11747,112.0,54.0,60.0,302.0,432.5,62902.535395408166,0.4390542692637511,0.4642857142857143,699.5515695067264
3.32,75,16233,112.0,54.0,60.0,292.0,524.8000000000004,63550.00639999999,0.43515162231456106,0.44,596.3855421686748
0.26,2,1138,569.0,157.0,311.5,826.5,981.0,265225.0,1138,0.5,230.76923076923077
0.72,17,3117,148.0,54.0,60.0,256.0,349.40000000000003,28009.051903114185,0.876580373269115,0.47058823529411764,666.6666666666666
3.23,86,15857,112.0,54.0,60.0,256.0,436.0,37389.21322336398,0.3946350043975374,0.4883720930232558,705.8823529411765
3.78,75,15270,112.0,54.0,60.0,218.0,397.6000000000008,75476.29333333335,0.4759327276242026,0.49333333333333335,507.93650793650795
7.74,190,34343,112.0,54.0,60.0,220.0,436.9,52792.38617728533,0.5460766217980462,0.4789473684210526,658.9147286821706
1.28,28,4935,130.0,54.0,60.0,271.0,349.6,19722.6875,0.5883488896041197,0.42857142857142855,562.5
2.6,76,14377,112.0,54.0,60.0,229.0,398.0,40983.247056786706,0.4516357027463651,0.4473684210526316,784.6153846153846
6.83,161,27293,112.0,54.0,60.0,220.0,324.0,33868.08803672698,0.5538286364930259,0.4720496894409938,667.6427525622255
1.34,35,6261,112.0,60.0,60.0,184.0,364.0,48541.8155102041,0.6090979182729376,0.42857142857142855,671.6417910447761
4.06,79,24615,148.0,54.0,60.0,302.5,786.8000000000014,175937.71158468194,0.27176440196331697,0.43037974683544306,487.6847290640394
3.7,84,16429,93.0,54.0,60.0,258.5,520.8000000000001,51242.95734126984,0.5335573602165593,0.5,648.6486486486486
6.39,134,23608,112.0,54.0,60.0,220.0,461.2000000000001,32969.29627979506,0.7047949162333911,0.4626865671641791,582.1596244131456
2.07,38,7323,112.0,54.0,60.0,220.0,381.9000000000012,48233.99515235457,0.6069782751810402,0.4473684210526316,492.75362318840587
2.1,47,8365,83.0,54.0,60.0,238.0,342.4,40852.4889090086,0.43040355677154585,0.5106382978723404,628.5714285714286
4.6,91,18213,112.0,54.0,60.0,256.0,503.0,50627.17739403454,0.40035368291557744,0.45054945054945056,521.7391304347826
1.7,49,11735,148.0,54.0,60.0,297.0,572.0000000000005,82983.67846730529,0.5108793614007983,0.42857142857142855,741.1764705882354
6.41,147,27880,112.0,54.0,60.0,220.0,443.2000000000001,47217.530565967885,0.6034968654742049,0.48299319727891155,617.7847113884555
2.65,71,13971,112.0,54.0,60.0,256.0,472.0,51660.597103749256,0.5050091565226759,0.4647887323943662,701.8867924528302
6.92,161,33163,112.0,54.0,60.0,256.0,472.0,57824.254311176286,0.35044997353096874,0.43478260869565216,606.9364161849711
1.74,40,7133,112.0,54.0,60.0,193.0,377.6000000000002,32977.169375000005,0.7167268351383875,0.4,551.7241379310344
7.73,169,47729,112.0,54.0,60.0,268.0,816.0000000000003,161482.53947690906,0.27016526066476837,0.4378698224852071,566.6235446313066
8.31,196,32630,112.0,54.0,60.0,184.0,356.0,32931.13733860891,0.6061232526087813,0.4846938775510204,635.3790613718411
9.2,202,35685,112.0,54.0,60.0,184.0,427.0,45138.33381531222,0.4717891610987379,0.46534653465346537,613.0434782608696
4.62,128,18606,112.0,54.0,60.0,184.0,314.69999999999993,16024.152099609375,0.6104907816151649,0.4609375,740.2597402597403
3.26,79,14341,112.0,54.0,60.0,184.0,480.2000000000001,49776.14773273513,0.4265393414901025,0.4430379746835443,644.1717791411044
6.66,143,25775,112.0,54.0,60.0,256.0,363.8,34136.53450046458,0.6346397767630645,0.46153846153846156,558.5585585585585
7.53,178,33923,112.0,54.0,60.0,220.0,391.0,55225.131454361835,0.5483591218220822,0.4606741573033708,645.4183266932271
5.79,134,20928,112.0,54.0,60.0,184.0,297.7,23758.52016039207,0.5883424408014571,0.47761194029850745,632.1243523316062
5.66,134,25726,112.0,54.0,60.0,220.0,464.7000000000001,53425.865448875025,0.4297782470960929,0.47761194029850745,625.4416961130742
8.8,200,36274,112.0,54.0,60.0,184.0,400.0,52704.85310000001,0.4894473187156114,0.485,606.8181818181819
2.6,49,7943,112.0,54.0,54.0,184.0,349.6000000000003,26313.72428154936,0.7301241559573077,0.4897959183673469,553.8461538461538
3.0,69,16307,112.0,54.0,60.0,220.0,581.0,104769.43961352657,0.4394033012622473,0.4492753623188406,620.0
4.72,108,19463,112.0,54.0,60.0,220.0,396.5,43895.2046467764,0.4945097135836597,0.4444444444444444,610.1694915254237
3.41,75,10584,112.0,54.0,60.0,148.0,284.4000000000003,25218.105600000006,0.49554896142433236,0.48,598.2404692082112
0.73,17,4631,184.0,54.0,60.0,364.0,484.6,111841.53633217992,0.5843311666096476,0.47058823529411764,657.5342465753425
2.76,78,26901,116.5,54.0,60.0,283.0,1509.0,242046.48668639056,0.22589318264673716,0.4358974358974359,717.3913043478261
8.15,174,23264,112.0,54.0,60.0,148.0,292.0,13897.083102127099,0.6503972758229285,0.45977011494252873,588.9570552147239
2.32,69,12714,112.0,54.0,60.0,220.0,385.6000000000003,56180.59861373661,0.4180236448806603,0.463768115942029,750.0000000000001
2.92,57,10078,112.0,54.0,60.0,148.0,342.4,51734.43644198216,0.614029468289558,0.43859649122807015,513.6986301369864
9.32,212,37751,112.0,54.0,60.0,220.0,445.9,31505.433673015305,0.5656519575315195,0.47641509433962265,605.1502145922747
2.89,66,10956,112.0,54.0,60.0,184.0,419.5,25703.545454545456,0.5947598253275109,0.45454545454545453,602.076124567474
9.12,244,56297,112.0,54.0,60.0,220.0,457.9000000000003,122832.50246909434,0.28373694531855703,0.4426229508196721,710.5263157894738
8.33,206,44964,112.0,54.0,60.0,220.0,459.5,95011.34357620888,0.3217708272091246,0.44660194174757284,641.0564225690276
2.32,57,8040,83.0,54.0,60.0,184.0,272.3999999999999,17079.313019390578,0.6151064684612294,0.5087719298245614,646.5517241379312
9.07,208,47032,112.0,54.0,60.0,298.5,604.1000000000001,61551.89053254438,0.3404394790093197,0.4423076923076923,595.3693495038589
6.34,114,22187,112.0,54.0,60.0,226.0,419.80000000000007,61419.93667282241,0.7654969364207846,0.45614035087719296,492.11356466876975
9.05,197,40482,112.0,54.0,60.0,220.0,446.40000000000015,77405.8438506532,0.4744855217628847,0.45685279187817257,583.4254143646408
9.91,227,44157,112.0,54.0,60.0,220.0,421.6,70575.56218828232,0.42921413775245987,0.46255506607929514,611.5035317860747
8.64,223,35056,112.0,54.0,60.0,184.0,328.0,30549.309055078527,0.541329581428069,0.4798206278026906,715.2777777777777
9.63,224,43806,112.0,54.0,60.0,184.0,364.0,84432.25502232143,0.39292187350949154,0.4732142857142857,604.3613707165109
0.55,10,2186,86.0,54.0,55.5,259.0,365.9999999999998,81543.23999999999,0.14330543933054393,0.5,545.4545454545455
8.55,198,60549,112.0,54.0,60.0,320.5,911.2000000000016,181587.8349403122,0.31972537053182215,0.4494949494949495,624.5614035087718
2.79,76,13242,112.0,54.0,60.0,256.0,340.5,23938.31232686981,0.7497357293868921,0.42105263157894735,688.1720430107526
0.6,24,6148,112.0,54.0,54.0,271.75,599.2999999999998,120916.72222222223,0.22275258552108193,0.4583333333333333,1000.0
7.92,185,36848,112.0,54.0,60.0,266.0,468.4,50396.30872169467,0.6204758344694138,0.4810810810810811,659.090909090909
7.34,208,78871,157.0,54.0,60.0,472.0,1508.0,228812.4600360577,0.27579625046505235,0.39903846153846156,678.4741144414169
7.77,164,29587,101.5,54.0,54.0,220.0,400.0,43540.13187834623,0.6399866969680172,0.5,610.03861003861
9.26,248,54269,112.0,54.0,60.0,267.25,518.8000000000004,73185.59493691467,0.5665213751695869,0.47580645161290325,719.2224622030238
6.41,150,32446,112.0,54.0,60.0,264.25,482.29999999999984,79728.6392888889,0.3855154154923563,0.48,655.226209048362
2.03,41,9911,112.0,54.0,54.0,328.0,580.0,64854.63533610946,0.35599945272951156,0.4634146341463415,532.0197044334975
4.11,72,16671,112.0,54.0,60.0,297.25,572.8,78406.13715277778,0.28982591876208896,0.4305555555555556,452.5547445255474
7.06,161,29128,112.0,54.0,60.0,184.0,326.0,56475.24192739478,0.4518267457508847,0.453416149068323,603.3994334277621
5.07,117,26074,112.0,54.0,60.0,292.0,470.20000000000005,78005.04726422676,0.3609980164944149,0.4444444444444444,568.0473372781065
1.55,38,6030,71.5,54.0,55.5,220.0,324.40000000000043,20222.84764542936,0.6196615632554392,0.5263157894736842,735.483870967742
7.14,177,41734,112.0,54.0,60.0,298.0,586.0000000000001,79883.92001021418,0.6219976680917217,0.4576271186440678,672.2689075630252
9.01,167,41592,112.0,54.0,60.0,364.0,610.6,77782.68571838361,0.9106945975744212,0.4311377245508982,479.4672586015538
1.88,28,8803,112.0,54.0,58.5,418.0,856.3000000000002,142647.52423469388,0.3856445773650244,0.4642857142857143,414.8936170212766
6.24,129,34163,112.0,54.0,60.0,297.0,720.0,113644.80812451174,0.9291320797334689,0.4883720930232558,567.3076923076923
2.23,45,9206,83.0,54.0,54.0,298.0,541.0000000000001,43991.48839506172,0.6777838527428467,0.5111111111111111,565.0224215246636
3.5,90,24712,112.0,54.0,60.0,328.0,727.2000000000003,117044.26617283949,0.4427837459131247,0.4222222222222222,651.4285714285714
6.91,141,33395,112.0,54.0,60.0,297.0,544.0,69801.39409486444,0.575979235488438,0.4326241134751773,494.93487698986974
0.0,1,60,60.0,60.0,60.0,60.0,60.0,0.0,0.0,1.0,0
0.9,10,1970,86.0,54.0,60.0,251.5,435.9999999999999,48003.4,0.98989898989899,0.5,333.3333333333333
5.76,123,23873,112.0,54.0,60.0,279.0,459.59999999999997,44215.70744926962,0.5910029990003333,0.4796747967479675,572.9166666666666
4.33,116,22466,97.5,54.0,60.0,221.25,405.0,58476.04785969085,0.6860037523452157,0.5,734.4110854503464
3.89,86,14920,112.0,54.0,60.0,220.0,346.0,27224.66846944293,0.7216708977613663,0.46511627906976744,616.9665809768637
2.96,61,12573,112.0,54.0,60.0,220.0,364.0,75271.4786347756,0.34657813002034915,0.4426229508196721,527.027027027027
4.07,85,21838,112.0,54.0,60.0,328.0,585.4000000000001,92624.96968858132,0.42601541073527494,0.43529411764705883,545.4545454545454
0.46,14,2546,112.0,55.8,60.0,287.5,364.0,27294.55102040816,0.49588719153936545,0.42857142857142855,782.6086956521739
7.09,186,36570,112.0,54.0,60.0,261.25,486.0,43955.83940339924,0.47174822923374116,0.46774193548387094,710.8603667136812
8.82,217,49487,112.0,54.0,60.0,292.0,472.0,80808.55503408439,0.4202852796831501,0.43317972350230416,639.4557823129252
7.43,140,28823,112.0,54.0,60.0,292.0,478.80000000000024,52596.84954081633,0.54638124362895,0.4714285714285714,508.7483176312248
8.09,184,33127,112.0,54.0,60.0,221.25,389.2000000000006,44400.710509215496,0.5888249400479616,0.483695652173913,615.57478368356
4.45,111,25325,112.0,54.0,60.0,292.0,597.0,81897.75131888644,0.45378874856486795,0.4954954954954955,701.1235955056179
0.07,4,446,86.0,55.8,58.5,139.0,187.60000000000002,4432.75,0.5928571428571429,0.5,1714.2857142857142
1.71,41,6724,112.0,54.0,60.0,220.0,364.0,18497.365853658535,0.56882874475035,0.43902439024390244,631.578947368421
0.44,30,19945,400.0,54.0,60.0,1509.0,1509.0,402151.87222222233,0.10565995897777039,0.3333333333333333,1363.6363636363637
2.67,47,10943,148.0,54.0,60.0,313.0,482.39999999999986,69895.46038931645,0.45965052687741764,0.425531914893617,449.43820224719104
5.81,138,25632,112.0,54.0,60.0,225.0,400.0,46249.83049779458,0.4957983193277311,0.4492753623188406,640.2753872633391
2.14,45,10931,112.0,54.0,60.0,292.0,608.0,67772.74765432098,0.707701921574754,0.4666666666666667,588.785046728972
5.12,110,20286,83.0,54.0,60.0,220.0,405.4000000000002,45575.679669421486,0.5810147299509002,0.509090909090909,585.9375
0.97,52,10486,112.0,54.0,60.0,276.25,440.49999999999994,41100.264792899405,0.5466076696165192,0.4230769230769231,1360.8247422680413
5.66,120,24493,112.0,54.0,60.0,256.0,508.0,55498.49659722222,0.5748087185751944,0.4666666666666667,572.4381625441696
3.95,78,18164,112.0,54.0,60.0,256.0,472.89999999999975,107533.52202498353,0.2968727688133657,0.44871794871794873,516.4556962025316
5.41,105,23108,112.0,54.0,60.0,256.0,543.2,74541.44181405896,0.7778119710724727,0.45714285714285713,532.3475046210721
8.75,201,41461,112.0,54.0,60.0,271.0,477.0,52316.57686690923,0.628284177041197,0.4527363184079602,603.4285714285714
5.25,115,21215,112.0,54.0,60.0,256.0,398.00000000000006,40510.80604914934,0.4736732425673798,0.4608695652173913,571.4285714285714
3.15,77,14713,83.0,54.0,54.0,256.0,405.6000000000006,57779.91600607186,0.405790177718326,0.5194805194805194,723.8095238095239
4.71,133,26320,112.0,54.0,60.0,269.0,434.79999999999995,43987.76335575781,0.7137648131267093,0.44360902255639095,751.5923566878981
4.31,115,18746,112.0,54.0,60.0,238.0,364.0,17891.50427221172,0.7338142804291528,0.4608695652173913,696.0556844547564
1.89,62,10937,83.0,54.0,60.0,211.0,396.4,43429.75676378771,0.4811755146262188,0.532258064516129,920.6349206349206
5.37,120,21742,83.0,54.0,60.0,220.0,375.600000000001,42645.91638888889,0.6229006493991192,0.5166666666666667,625.6983240223464
5.47,112,20964,112.0,54.0,60.0,258.0,440.5000000000002,38615.700255102034,0.48659764572401076,0.45535714285714285,548.4460694698355
2.63,115,91057,445.0,54.0,60.0,1508.0,1508.0,459304.9773913044,0.038053329381319896,0.26956521739130435,707.2243346007606
4.9,134,49059,112.0,54.0,60.0,328.0,1509.0,256498.44269325017,0.1603633009295395,0.41044776119402987,673.4693877551019
6.99,130,25119,112.0,54.0,60.0,256.0,467.1,49478.619467455625,0.5337037489314934,0.43846153846153846,472.1030042918455
6.13,154,38221,112.0,54.0,60.0,297.0,688.0,93576.45155169506,0.4132371972638196,0.42207792207792205,636.2153344208809
5.47,108,18741,112.0,54.0,60.0,256.0,391.0,23451.767746913578,0.5986522221274417,0.4444444444444444,526.5082266910421
6.98,150,28854,112.0,54.0,60.0,184.0,472.9,56417.92373333332,0.4873962575390484,0.4866666666666667,593.1232091690543
2.15,50,10300,87.0,54.0,60.0,285.75,484.1,61618.48,0.6924088070982582,0.54,641.860465116279
2.14,46,12228,148.0,54.0,60.0,320.25,591.5,109572.10018903592,0.3974857142857143,0.43478260869565216,560.7476635514018
2.48,66,14571,112.0,54.0,60.0,220.0,544.0,89193.63016528927,0.536539069914584,0.4696969696969697,677.4193548387096
6.16,126,21138,112.0,54.0,60.0,218.25,355.5,27736.451247165525,0.6099009900990099,0.47619047619047616,555.1948051948052
8.33,174,37090,112.0,54.0,60.0,247.0,503.80000000000007,76808.77870260274,0.4505846924009543,0.4425287356321839,547.4189675870348
9.97,256,47958,112.0,54.0,60.0,267.0,417.0,43903.277770996094,0.5346068925794375,0.48046875,704.112337011033
4.78,88,16602,112.0,54.0,54.0,220.0,438.7,37915.906508264474,0.5246579116539627,0.48863636363636365,514.6443514644351
3.26,91,18766,112.0,54.0,60.0,297.0,544.0,37902.215432918725,0.49936081815276445,0.42857142857142855,717.7914110429448
0.06,4,410,86.0,55.8,58.5,130.0,162.4,2722.75,0.680327868852459,0.5,2000.0
9.93,213,37266,112.0,54.0,60.0,220.0,387.20000000000033,33687.524036236195,0.5182725606029741,0.4460093896713615,567.97583081571
1.63,36,4404,86.0,54.0,58.5,148.0,220.0,11812.277777777776,0.7772397094430993,0.5,662.5766871165645
6.25,151,27088,112.0,54.0,60.0,220.0,449.0,34499.35064251567,0.4158477942713778,0.46357615894039733,633.6
7.78,171,26069,112.0,54.0,60.0,184.0,309.0,22270.76214903731,0.550710844090179,0.47953216374269003,601.5424164524421
4.96,115,26987,112.0,54.0,60.0,256.0,560.0000000000001,81904.11689981096,0.5162087757739199,0.4434782608695652,616.9354838709678
3.84,84,17386,112.0,54.0,60.0,238.0,493.7000000000001,61640.66609977324,0.5487261713878496,0.47619047619047616,578.125
9.79,262,50411,112.0,54.0,60.0,220.0,445.9,55273.89809743022,0.5560871712557106,0.48854961832061067,710.929519918284
6.16,149,30487,112.0,54.0,60.0,256.0,437.8000000000002,95055.6874014684,0.6957948603849149,0.4697986577181208,681.8181818181818
6.09,138,25562,112.0,54.0,60.0,220.0,328.0,58697.06217181264,0.5056841609236025,0.427536231884058,581.2807881773399
0.35,6,1199,60.0,54.0,55.5,315.0,485.5,43245.47222222222,0.09899175068744272,0.6666666666666666,685.7142857142858
5.46,126,19066,112.0,54.0,60.0,184.0,297.5,21910.835726883342,0.7058244609465868,0.46825396825396826,626.3736263736264
4.23,103,21300,112.0,54.0,60.0,267.5,465.3999999999999,55530.62833443303,0.36067458796473745,0.44660194174757284,652.482269503546
8.9,178,36192,112.0,54.0,60.0,220.0,514.6000000000003,62823.86011867189,0.6194737784141757,0.47752808988764045,559.5505617977527
9.94,250,52308,112.0,54.0,60.0,220.0,499.9,81026.002176,0.35889642272621,0.484,657.9476861167002
8.2,178,34877,112.0,54.0,60.0,220.0,474.1000000000001,48969.46247317258,0.5086512674106757,0.4606741573033708,578.048780487805
3.65,75,11644,112.0,54.0,60.0,184.0,322.8000000000003,24513.04248888889,0.6388458831808586,0.4533333333333333,558.9041095890411
0.75,18,2538,86.0,54.0,60.0,229.0,302.8,11997.0,0.8338150289017341,0.5,720.0
5.94,168,35150,112.0,54.0,60.0,220.0,422.0000000000002,86160.59169501133,0.42313453985991334,0.44642857142857145,737.3737373737373
8.64,218,41254,112.0,54.0,60.0,223.75,421.1000000000002,56638.45686390035,0.454295484189375,0.481651376146789,687.4999999999999
9.6,208,38947,112.0,54.0,60.0,220.0,428.3,55405.261996116846,0.43145398412231695,0.4519230769230769,581.25
6.37,146,27864,112.0,54.0,60.0,256.0,364.0,47557.40195158566,0.7267150027886224,0.4383561643835616,602.8257456828885
1.27,29,4845,112.0,54.0,60.0,148.0,458.4,29705.995243757425,0.45016462137084706,0.4482758620689655,566.9291338582677
1.44,37,12004,112.0,54.0,60.0,360.0,1243.7999999999993,204728.407596786,0.1692967075784142,0.40540540540540543,625.0
1.3,29,5501,112.0,54.0,54.0,220.0,460.19999999999993,41796.90368608799,0.30448185914156983,0.4482758620689655,600.0
8.55,191,37751,112.0,54.0,60.0,266.0,468.0,42701.138729749735,0.5613781123335263,0.46596858638743455,589.4736842105262
2.38,82,18854,112.0,54.0,60.0,301.0,513.8,71884.33610945864,0.5425018407919496,0.4634146341463415,907.5630252100841
7.19,150,27335,112.0,54.0,60.0,220.0,403.5999999999998,44346.178888888884,0.7959921156373193,0.4866666666666667,592.4895688456189
7.8,178,31251,112.0,54.0,60.0,220.0,418.5000000000003,33997.27916298448,0.4607366551369543,0.47191011235955055,607.6923076923076
1.6,56,10287,97.5,54.0,60.0,221.25,514.5,35684.104272959186,0.6732270657124269,0.5,862.5
5.49,122,21239,112.0,54.0,60.0,220.0,308.20000000000005,40952.19678849771,0.573026218338024,0.45901639344262296,601.0928961748634
0.84,21,5803,112.0,54.0,60.0,256.0,595.0,175543.55555555556,0.24128342245989304,0.42857142857142855,642.8571428571429
7.39,155,25945,112.0,54.0,60.0,220.0,346.5999999999998,27956.998543184185,0.7199204507789194,0.4645161290322581,584.5737483085251
1.47,46,10327,112.0,54.0,60.0,306.25,481.0,71008.55434782608,0.5739978661789361,0.43478260869565216,816.3265306122448
4.61,111,20470,112.0,54.0,60.0,256.0,426.0,41440.33276519762,0.5256763807110383,0.4774774774774775,663.7744034707158
8.71,199,37378,112.0,54.0,60.0,240.5,370.0000000000005,52349.538648013935,0.4465170278637771,0.4472361809045226,613.0884041331801
2.41,55,10666,112.0,54.0,54.0,298.5,462.40000000000015,33480.7947107438,0.47933425797503465,0.4727272727272727,647.3029045643153
9.45,236,36418,112.0,54.0,60.0,184.0,297.0,30620.89320597529,0.4863276467227165,0.4703389830508475,679.3650793650794
5.66,148,27047,112.0,54.0,60.0,184.0,444.1000000000003,51498.83614864865,0.526009930038366,0.46621621621621623,678.4452296819787
2.78,79,12602,112.0,54.0,60.0,202.0,364.0,17808.52812049351,0.4633070134695773,0.4430379746835443,755.3956834532374
0.39,12,1974,112.0,54.0,58.5,231.5,287.6,15896.083333333334,0.7688172043010753,0.4166666666666667,769.2307692307692
7.37,146,26962,112.0,54.0,55.5,184.0,464.5,44134.60424094577,0.414585519412382,0.4452054794520548,529.1723202170963
1.41,38,5513,112.0,54.0,60.0,148.0,256.0,28304.967451523542,0.9682256337022492,0.47368421052631576,765.9574468085107
2.76,80,12371,112.0,54.0,60.0,220.0,301.7000000000002,19309.981093749993,0.645736330983105,0.45,782.6086956521739
0.98,20,2234,60.0,54.0,58.5,121.0,187.60000000000005,9307.41,0.7184615384615385,0.6,673.4693877551022
8.16,197,32501,112.0,54.0,60.0,220.0,328.0,27210.101110567135,0.4878685222486724,0.4619289340101523,625.0
5.35,113,23802,112.0,54.0,54.0,220.0,431.5999999999999,94093.1338397682,0.3681669253319538,0.4778761061946903,583.177570093458
2.73,47,7365,112.0,54.0,60.0,166.0,339.99999999999994,22357.27297419647,0.643239625167336,0.44680851063829785,461.53846153846155
5.04,121,20573,112.0,54.0,60.0,220.0,364.0,30628.520046444915,0.47762694821518353,0.45454545454545453,654.7619047619047
3.7,68,12437,112.0,54.0,60.0,184.0,388.30000000000035,41557.47469723184,0.6349415012488497,0.4411764705882353,486.48648648648646
1.64,29,4623,112.0,54.0,60.0,184.0,378.4,20758.311533888227,0.6671474936891453,0.4482758620689655,475.609756097561
3.06,71,12318,112.0,54.0,60.0,220.0,328.0,25071.855584209487,0.6677497969130788,0.43661971830985913,607.8431372549019
3.87,81,14908,112.0,54.0,60.0,256.0,400.0,47541.08398110044,0.35404178019981836,0.49382716049382713,558.1395348837209
0.64,17,2968,112.0,54.0,60.0,148.0,487.6,31389.18339100346,0.5442247658688866,0.47058823529411764,750.0
6.7,165,30043,112.0,54.0,60.0,220.0,398.79999999999995,47754.024095500456,0.4351294544759721,0.46060606060606063,662.6865671641791
3.33,74,17466,112.0,54.0,60.0,247.0,549.0,97081.188458729,0.3499768124903385,0.43243243243243246,576.5765765765766
8.4,233,67168,112.0,54.0,60.0,269.0,832.8,179674.65416566894,0.24341435420870433,0.463519313304721,707.1428571428571
0.22,7,616,112.0,54.0,57.0,112.0,112.0,771.4285714285714,1.1690140845070423,0.42857142857142855,818.1818181818182
4.44,108,16698,83.0,54.0,60.0,148.0,309.2999999999999,38962.29320987654,0.5085373565814437,0.5277777777777778,702.7027027027026
4.64,114,21123,112.0,54.0,60.0,184.0,322.30000000000007,60934.92497691598,0.4388964577656676,0.4298245614035088,633.6206896551724
5.71,202,60604,112.0,54.0,60.0,256.0,1011.8000000000003,202024.08871679244,0.31980226050218863,0.4900990099009901,872.1541155866901
7.43,161,24867,112.0,54.0,60.0,184.0,328.0,30394.471432429305,0.5893519110315736,0.4782608695652174,597.5773889636608
6.73,152,20551,112.0,54.0,60.0,148.0,297.0,15264.478142313023,0.6864434597078615,0.46710526315789475,632.9866270430906
9.49,207,32833,112.0,54.0,60.0,184.0,338.8000000000002,23447.61875422997,0.5838398456343463,0.4492753623188406,575.3424657534246
8.81,203,35851,112.0,54.0,60.0,220.0,436.0,31097.943216287702,0.4965977875182634,0.4630541871921182,612.9398410896708
1.91,54,9256,97.5,54.0,60.0,223.75,353.2000000000001,31361.31550068587,0.6458036984352774,0.5,753.9267015706806
3.13,66,12433,112.0,54.0,60.0,256.0,418.0,34262.20500459137,0.3629686472264854,0.45454545454545453,555.9105431309904
6.25,134,21526,112.0,54.0,60.0,148.0,328.0,44975.8716863444,0.6045020870602266,0.4626865671641791,585.6
9.75,222,49541,112.0,54.0,60.0,211.0,543.7,104457.34000892787,0.3434118827453426,0.42342342342342343,578.4615384615385
2.85,84,18988,97.5,54.0,60.0,258.5,534.4000000000001,97418.9739229025,0.3844695588771418,0.5,757.8947368421052
9.45,235,40546,112.0,54.0,60.0,220.0,364.0,35269.4657129923,0.5454926624737946,0.4553191489361702,666.6666666666666
9.83,277,142691,184.0,54.0,60.0,1120.0,1514.0,359308.19249566656,0.11670149242050729,0.37184115523465705,622.5839267548322
5.75,135,34085,112.0,54.0,60.0,256.0,524.0000000000005,134030.85706447187,0.4406779661016949,0.45925925925925926,605.2173913043478
6.92,173,25976,112.0,54.0,60.0,184.0,328.0,20085.965852517627,0.6695160357349444,0.48554913294797686,710.9826589595376
3.78,98,21894,112.0,54.0,60.0,220.0,528.0,102239.52728029988,0.40806482732008487,0.46938775510204084,698.4126984126984
2.92,54,12235,123.0,54.0,60.0,256.0,549.6,75753.09636488339,0.41314391314391313,0.46296296296296297,493.1506849315069
0.44,8,1324,86.0,54.0,58.5,121.0,320.7999999999999,45634.75,2.4842105263157896,0.5,545.4545454545455
2.67,62,12947,112.0,54.0,60.0,257.25,488.19999999999993,65670.37174817898,0.26497313141182216,0.46774193548387094,561.7977528089888
6.92,139,26507,112.0,54.0,60.0,220.0,472.8,53668.959060090056,0.570226882293703,0.4748201438848921,520.2312138728324
8.87,183,27835,112.0,54.0,60.0,184.0,338.40000000000015,23797.28430230822,0.6187845303867403,0.4918032786885246,574.9718151071027
7.17,167,24698,112.0,54.0,60.0,184.0,328.0,18529.569220839756,0.6454363757495003,0.46706586826347307,652.7196652719665
9.39,220,41272,112.0,54.0,60.0,220.0,401.69999999999993,61512.80363636364,0.6369333280450561,0.4636363636363636,638.9776357827476
7.89,206,32314,112.0,54.0,60.0,184.0,297.0,24893.14657366387,0.489879662501729,0.441747572815534,684.4106463878327
7.44,167,31149,91.0,54.0,60.0,184.0,364.0,67250.32141704616,0.5374629812438302,0.5029940119760479,637.0967741935483
5.97,150,34291,112.0,54.0,60.0,296.5,499.1,81825.21195555555,0.3617266301326344,0.43333333333333335,613.0653266331659
3.41,90,16572,112.0,54.0,60.0,220.0,430.6000000000003,45252.82666666667,0.6398179299426083,0.4777777777777778,739.0029325513196
5.7,116,21677,112.0,54.0,60.0,229.0,440.5,39806.28500297265,0.54868900478674,0.43103448275862066,526.3157894736842
5.25,107,23079,112.0,54.0,60.0,267.5,460.00000000000045,65557.37217224212,0.3852109717303883,0.42990654205607476,525.7142857142858
9.81,206,31285,112.0,54.0,54.0,148.0,297.5,34964.24010274295,0.5141322234052851,0.4854368932038835,574.9235474006116
8.16,167,27519,112.0,54.0,60.0,184.0,394.6,30252.899637850052,0.5738633114097799,0.47904191616766467,566.1764705882352
8.68,166,34733,112.0,54.0,60.0,220.0,435.0,83078.11950210482,0.4015414413687354,0.45180722891566266,511.52073732718895
8.49,193,43811,112.0,54.0,60.0,220.0,508.0,113168.26943005182,0.37753112815997986,0.46113989637305697,614.8409893992932
4.43,106,17728,112.0,54.0,60.0,184.0,372.0,28466.222855108586,0.7441951987406533,0.4528301886792453,623.0248306997743
9.36,245,57101,112.0,54.0,60.0,220.0,443.19999999999993,123867.29369429404,0.28928176296597347,0.46938775510204084,711.5384615384615
8.64,198,53979,112.0,54.0,60.0,296.5,616.0,138929.2151056015,0.36842772397708257,0.4494949494949495,576.3888888888888
1.8,33,6392,83.0,54.0,60.0,184.0,525.6,43470.45362718089,0.4402884182063993,0.5757575757575758,499.99999999999994
5.31,111,22744,112.0,54.0,60.0,292.0,400.0,61168.70189108026,0.5553579976748957,0.4774774774774775,576.271186440678
1.15,19,7881,148.0,54.0,54.0,491.5,1393.0,268511.9556786703,0.05856279382135662,0.42105263157894735,417.3913043478261
3.51,62,11632,112.0,54.0,60.0,256.0,544.0,38518.75338189387,0.7597579425113464,0.4838709677419355,495.7264957264958
6.75,127,28403,112.0,54.0,60.0,294.0,490.00000000000017,73661.9295678591,1.2724217937434994,0.4566929133858268,515.5555555555555
2.28,58,10063,112.0,54.0,60.0,220.0,296.0,54242.870689655174,0.8532228360957643,0.4482758620689655,631.578947368421
4.23,73,13337,112.0,54.0,60.0,297.0,435.6,25478.758491274162,0.8500485504230822,0.4657534246575342,482.26950354609926
7.08,114,19236,112.0,54.0,60.0,247.0,328.0,23747.84302862419,0.701247015123375,0.4649122807017544,449.1525423728813
7.9,150,28742,112.0,54.0,60.0,292.0,436.0,41043.663822222225,0.3899124715895353,0.47333333333333333,524.0506329113923
3.7,95,16683,112.0,54.0,60.0,238.0,394.00000000000045,38788.30094182825,0.3880522506032116,0.4631578947368421,664.8648648648649
3.26,76,16982,101.5,54.0,60.0,304.0,441.0,82475.85249307481,0.485089637079143,0.5,607.361963190184
9.02,165,35494,112.0,54.0,60.0,292.0,458.4,60193.435224977045,0.6707776313311994,0.4484848484848485,492.239467849224
2.24,49,11807,112.0,54.0,60.0,362.0,551.2,70038.77384423157,0.4764286607477804,0.40816326530612246,535.7142857142857
2.79,81,15482,112.0,54.0,60.0,292.0,446.0,44749.27785398568,0.5330230715912466,0.48148148148148145,838.7096774193549
2.29,39,8198,112.0,54.0,60.0,328.0,459.20000000000005,49978.00920447074,1.0372763419483102,0.46153846153846156,471.61572052401743
9.52,194,43088,87.0,54.0,60.0,328.0,508.0,59858.75225847593,0.7705456936226167,0.5051546391752577,573.529411764706
9.66,173,34174,112.0,54.0,60.0,256.0,400.0,56555.6358715627,0.3885660883344846,0.44508670520231214,472.0496894409938
8.74,199,85458,148.0,54.0,60.0,456.5,1509.0,294969.8440443424,0.17783750258424644,0.4020100502512563,528.604118993135
5.05,83,16948,112.0,54.0,60.0,256.0,436.0,54773.19175497169,0.6449577792875861,0.46987951807228917,439.6039603960396
7.62,182,64674,112.0,54.0,60.0,328.0,1509.0,227636.92029948073,0.22989445659408578,0.4340659340659341,606.2992125984252
8.45,254,95546,112.0,54.0,60.0,457.75,1514.0,252969.71281542562,0.20941241993873572,0.468503937007874,809.467455621302
6.84,148,30766,83.0,54.0,60.0,292.0,439.0000000000001,74833.823046019,0.3611467504313587,0.527027027027027,605.2631578947368
4.26,83,19403,83.0,54.0,54.0,313.0,508.0,81602.22470605312,0.38711752931083787,0.5060240963855421,563.3802816901409
0.72,15,3858,148.0,54.0,60.0,279.5,527.5999999999999,106514.69333333333,1.1821266968325792,0.4,500.0
3.63,81,14271,112.0,54.0,54.0,184.0,469.0,39147.90397805212,0.5140038192234245,0.48148148148148145,644.6280991735538
2.63,47,7719,112.0,54.0,60.0,202.0,309.4,19190.817564508827,0.5248913472935599,0.40425531914893614,433.46007604562743
6.62,112,27961,112.0,54.0,60.0,328.0,508.9,82244.44124681121,0.39324331057850415,0.42857142857142855,435.0453172205438
9.56,218,47341,112.0,54.0,60.0,292.0,580.0,63649.630186852955,0.6127614635143421,0.46788990825688076,621.3389121338911
6.31,133,28523,112.0,54.0,60.0,270.0,508.0,67123.63174854429,0.5547258257930884,0.45864661654135336,580.0316957210777
2.0,55,32571,269.0,54.0,60.0,1511.0,1514.0,374982.7054545453,0.07519889083286568,0.3090909090909091,510.0
0.01,1,1264,1264.0,1264.0,1264.0,1264.0,1264.0,0.0,1264,0.0,0.0
0.09,1,60,60.0,60.0,60.0,60.0,60.0,0.0,0.0,1.0,666.6666666666666
9.36,173,31548,112.0,54.0,60.0,256.0,436.0,35427.25884593538,0.6392829306313328,0.4913294797687861,500.0
4.9,160,76408,202.0,54.0,60.0,706.75,1509.0,328452.51000000007,0.15256282619844933,0.39375,746.938775510204
8.67,175,29422,112.0,54.0,60.0,220.0,381.39999999999986,30125.195624489796,0.438236300532825,0.4742857142857143,560.5536332179931
2.87,59,10588,112.0,54.0,54.0,259.5,336.0000000000001,31686.316001149098,0.541642399534071,0.4915254237288136,606.2717770034843
7.87,138,26409,94.5,54.0,60.0,266.5,509.2,41887.204001260245,0.5405121623986466,0.5,480.3049555273189
8.16,176,33729,112.0,54.0,60.0,256.0,468.0,52215.923004907025,0.5350901146914254,0.48863636363636365,625.0
4.13,69,10531,112.0,54.0,60.0,184.0,293.0,23628.0609115732,0.6224002464951471,0.463768115942029,450.363196125908
4.78,112,22738,112.0,54.0,60.0,266.25,515.2,49300.64253826531,0.49395532194480946,0.42857142857142855,602.510460251046
7.17,158,27387,112.0,54.0,60.0,220.0,361.90000000000026,32969.71659189233,0.425886395584943,0.47468354430379744,585.7740585774059
6.47,137,23253,112.0,54.0,60.0,184.0,394.6,39200.7956737173,0.589840010939423,0.48905109489051096,602.7820710973725
3.12,73,14631,112.0,54.0,60.0,292.0,457.5999999999998,53112.21692625259,0.39742120343839543,0.4931506849315068,653.8461538461538
1.26,31,9081,220.0,54.0,60.0,297.5,760.0,115919.4797086368,0.3419535983449091,0.3870967741935484,571.4285714285714
0.35,4,626,104.0,55.8,58.5,202.0,299.20000000000005,15736.75,2.0096153846153846,0.5,342.8571428571429
2.73,53,13599,148.0,54.0,60.0,300.0,810.4000000000019,101481.90316838735,0.5008277232093588,0.4528301886792453,527.4725274725275
2.54,69,11242,83.0,54.0,60.0,148.0,469.6,28757.19764755304,0.5452920962199312,0.5072463768115942,779.5275590551181
6.78,200,37076,112.0,54.0,60.0,193.0,402.6999999999998,58974.12560000001,0.4939759036144578,0.49,796.4601769911504
5.87,123,24053,112.0,54.0,60.0,256.0,476.1999999999999,53451.9870447485,0.7612213516877792,0.4959349593495935,572.4020442930153
1.15,25,7430,148.0,54.0,60.0,359.0,591.4000000000002,153914.87999999998,0.397141782625047,0.48,626.0869565217391
6.55,136,31192,112.0,54.0,60.0,256.0,475.0,102338.19896193771,0.48838097055876317,0.45588235294117646,558.7786259541984
0.49,19,3621,93.0,58.8,60.0,166.0,318.3999999999999,82394.243767313,1.6862017804154303,0.5263157894736842,1102.0408163265308
4.04,83,17863,112.0,54.0,60.0,292.0,466.79999999999995,68183.51923356074,0.36244374952330105,0.4457831325301205,549.5049504950496
9.03,209,39167,112.0,54.0,60.0,184.0,400.0,61440.211670978235,0.4199688213754849,0.45933014354066987,617.9401993355482
1.36,26,4484,112.0,54.0,60.0,257.5,368.0,26294.94082840237,0.3409090909090909,0.46153846153846156,529.4117647058823
5.33,113,25398,112.0,54.0,60.0,256.0,583.1999999999999,80051.98715639439,0.5807555859836933,0.45132743362831856,562.8517823639775
4.35,102,16420,112.0,54.0,60.0,184.0,292.0,33706.41138023837,0.5128063386769854,0.46078431372549017,648.2758620689656
2.87,80,13746,83.0,54.0,60.0,184.0,338.4000000000009,52085.89437499999,0.45552731893265563,0.525,773.5191637630662
6.92,158,29508,112.0,54.0,60.0,222.25,423.90000000000015,48708.853549110725,0.6265916983628246,0.4873417721518987,624.2774566473988
3.7,86,17631,112.0,54.0,60.0,224.5,436.0,68742.56963223364,0.48197024459947885,0.4418604651162791,616.2162162162163
9.82,204,36746,112.0,54.0,60.0,220.0,432.60000000000014,45645.6700307574,0.6216240070609003,0.46078431372549017,568.2281059063135
8.35,191,30851,112.0,54.0,60.0,184.0,375.0,25848.793947534334,0.5642143690107996,0.4869109947643979,617.9640718562874
3.69,87,16633,112.0,54.0,60.0,220.0,400.0,51563.36847668121,0.7391258887494772,0.47126436781609193,650.4065040650406
6.52,144,31094,112.0,54.0,60.0,258.5,511.40000000000003,71049.12017746913,0.4221551408708379,0.4375,570.5521472392638
0.39,11,1907,112.0,54.0,60.0,184.0,267.0,35113.14049586777,0.3709561466570812,0.45454545454545453,769.2307692307692
6.19,126,24473,112.0,54.0,60.0,247.0,445.0,37879.01845553035,0.6308809809409569,0.42857142857142855,523.4248788368336
3.06,69,12168,112.0,54.0,60.0,220.0,371.2000000000001,42830.400756143674,0.3613783844260461,0.4782608695652174,647.0588235294117
5.76,129,25130,112.0,54.0,60.0,256.0,472.8,45840.202752238445,0.465391568021459,0.4496124031007752,583.3333333333334
0.29,6,748,112.0,60.0,73.0,166.0,202.0,3548.888888888889,0.7980769230769231,0.3333333333333333,413.79310344827593
1.97,59,11414,83.0,54.0,60.0,202.0,464.20000000000005,59064.89227233555,0.6636058883544673,0.5254237288135594,883.2487309644671
1.73,41,9147,112.0,54.0,60.0,292.0,544.0,73311.11243307556,0.4933877551020408,0.43902439024390244,624.2774566473988
8.46,198,46548,112.0,54.0,60.0,227.25,528.6000000000003,118753.82001836548,0.30591403882841434,0.4393939393939394,595.7446808510638
6.18,152,27981,98.5,54.0,60.0,220.0,432.4000000000002,51640.38084314405,0.47167727344448535,0.5,650.4854368932039
2.5,56,8013,112.0,54.0,60.0,148.0,297.0,20489.045599489793,0.6559206447613143,0.4642857142857143,624.0
7.03,156,31563,112.0,54.0,60.0,193.0,447.0,68272.13030078895,0.4271568095496473,0.4807692307692308,597.4395448079658
8.66,254,101736,112.0,54.0,60.0,364.0,1509.0,342310.61094922194,0.7382152437253328,0.4251968503937008,748.2678983833717
7.8,190,31929,112.0,54.0,60.0,184.0,361.29999999999995,46755.518808864275,0.4301903695408735,0.4473684210526316,638.4615384615385
5.69,128,21386,112.0,54.0,60.0,184.0,338.4999999999999,42930.275146484375,0.6109981167608286,0.4609375,622.1441124780316
9.9,237,35399,112.0,54.0,60.0,184.0,298.4,20261.564528476563,0.5420369402334901,0.459915611814346,648.4848484848485
5.85,142,26945,112.0,54.0,60.0,220.0,360.4000000000002,61165.63643126363,0.4780581459133297,0.47183098591549294,646.1538461538462
3.79,97,19052,112.0,54.0,60.0,265.0,414.4000000000002,45830.94335210967,0.591512822654749,0.4536082474226804,664.9076517150396
5.32,123,20910,112.0,54.0,60.0,184.0,356.9999999999999,36950.69918699187,0.59375,0.4959349593495935,654.1353383458646
4.38,101,23137,112.0,54.0,60.0,299.0,544.0,73288.25115184784,0.44209673398155075,0.43564356435643564,589.041095890411
1.75,36,5594,101.5,54.0,60.0,229.0,367.0,16017.737654320987,0.5385038503850385,0.5,582.8571428571429
1.3,32,7896,130.0,54.0,60.0,265.0,359.3000000000001,136104.0625,0.5196304849884527,0.46875,692.3076923076923
1.36,32,5465,112.0,54.0,60.0,241.75,364.0,21707.5458984375,0.8903493600830162,0.4375,617.6470588235294
1.74,39,10138,112.0,54.0,60.0,297.0,526.6000000000003,126345.12557527938,0.2917940876656473,0.41025641025641024,551.7241379310344
9.17,240,46958,112.0,54.0,60.0,220.0,416.29999999999995,75109.77493055556,0.39822534540257265,0.4875,706.6521264994548
5.65,141,24765,112.0,54.0,60.0,220.0,374.0,45128.67059001056,0.44689179714886657,0.46808510638297873,669.0265486725663
2.2,38,6356,112.0,54.0,55.5,220.0,301.30000000000007,37410.50969529086,0.3500424808836024,0.47368421052631576,463.6363636363636
7.03,153,25110,112.0,54.0,60.0,220.0,385.6000000000003,25761.881584006147,0.47740644857613557,0.45751633986928103,597.4395448079658
9.81,222,39868,112.0,54.0,60.0,184.0,396.40000000000003,47486.612044476904,0.4990224093848699,0.44594594594594594,587.1559633027523
8.55,223,41348,112.0,54.0,60.0,220.0,428.8000000000004,51518.38661545577,0.5520438421981156,0.4618834080717489,701.7543859649122
0.25,10,1865,104.0,59.4,60.0,238.0,331.89999999999986,35353.45,0.5711878685762426,0.5,1200.0
4.35,87,17418,112.0,54.0,60.0,256.0,504.00000000000034,40690.141101862864,0.42840741348204037,0.42528735632183906,510.3448275862069
0.63,15,1871,83.0,54.0,57.0,130.0,291.99999999999994,11168.728888888889,1.1358447488584476,0.6,666.6666666666666
4.63,111,17588,83.0,54.0,60.0,184.0,359.0,26918.842139436732,0.5903788769328149,0.5045045045045045,647.9481641468683
6.94,182,27428,112.0,54.0,60.0,148.0,296.9,38013.395483637236,0.510352422907489,0.46703296703296704,700.2881844380404
5.36,146,26758,112.0,54.0,60.0,220.0,432.0,47206.979733533495,0.5253676889750314,0.4726027397260274,750.0
5.51,128,30061,112.0,54.0,60.0,293.25,480.3999999999999,88241.1264038086,0.4578564500484966,0.421875,588.021778584392
8.27,178,34353,112.0,54.0,60.0,184.0,428.50000000000006,65245.084238101255,0.41849037905689984,0.4550561797752809,573.1559854897218
2.76,76,14824,112.0,54.0,60.0,275.5,469.0,41560.73407202216,0.6256168439521878,0.4605263157894737,760.8695652173914
5.74,139,22597,112.0,54.0,60.0,184.0,298.2,34340.82086848506,0.48400866881197874,0.4316546762589928,627.177700348432
8.7,170,34081,112.0,54.0,60.0,249.25,498.6999999999997,49134.8965051903,0.5430343641055825,0.4470588235294118,524.1379310344828
1.26,26,3608,83.0,57.0,60.0,117.25,274.0,18084.100591715975,1.081938834391229,0.5769230769230769,523.8095238095237
9.85,216,38632,112.0,54.0,60.0,220.0,402.5,48231.58916323731,0.624012106944678,0.48148148148148145,596.9543147208122
5.65,114,23335,112.0,54.0,60.0,268.75,431.20000000000005,57567.89696829793,0.46209273182957394,0.4298245614035088,520.3539823008849
5.48,133,23315,112.0,54.0,60.0,184.0,395.3999999999999,45198.2704505625,0.6689334287759484,0.47368421052631576,667.8832116788321
3.41,62,7481,112.0,54.0,55.5,112.0,289.7,8912.41753381894,0.6341197029270423,0.46774193548387094,510.2639296187683
6.91,152,20546,83.0,54.0,54.0,148.0,292.0,22374.47074099723,0.5155270340045733,0.5131578947368421,625.1808972503618
3.65,89,14227,112.0,54.0,60.0,184.0,328.0,25895.360686781973,0.5367249945992655,0.4943820224719101,690.4109589041096
9.9,208,38452,112.0,54.0,60.0,220.0,400.0,53254.991494082846,0.5407300556957968,0.46153846153846156,575.7575757575758
7.31,161,25337,112.0,54.0,60.0,184.0,359.0,22202.80521584815,0.48979831833950727,0.43478260869565216,574.5554035567716
4.36,98,16326,112.0,54.0,60.0,184.0,357.7,43578.670137442736,0.4660560344827586,0.47959183673469385,591.743119266055
2.15,90,17226,86.5,54.0,60.0,183.0,438.3000000000002,69234.39555555554,0.48116938950988825,0.5222222222222223,1060.4651162790697
2.26,48,9635,112.0,54.0,60.0,238.0,504.70000000000067,43629.655815972226,0.81347637869377,0.4583333333333333,584.0707964601771
5.01,120,23484,112.0,54.0,60.0,220.0,399.40000000000043,68468.26,0.298606502986065,0.45,622.7544910179641
5.4,133,23297,112.0,54.0,60.0,220.0,449.4,36416.70948046809,0.7225138632162662,0.47368421052631576,666.6666666666666
9.57,213,34450,83.0,54.0,54.0,184.0,328.0,37021.11397650378,0.46651909241837297,0.5164319248826291,620.6896551724138
0.41,12,1420,86.0,54.0,54.0,121.0,245.20000000000005,7853.2222222222235,0.4489795918367347,0.5,878.048780487805
7.03,163,25631,112.0,54.0,60.0,184.0,360.20000000000005,20246.62689600662,0.6459671204726432,0.4601226993865031,614.5092460881934
5.99,139,20219,112.0,54.0,57.0,148.0,336.80000000000007,20815.701671756116,0.5554273405646588,0.460431654676259,641.0684474123539
9.32,236,40478,112.0,54.0,60.0,184.0,369.5,43167.1988652686,0.5244228524083908,0.4661016949152542,688.8412017167382
9.45,243,47268,112.0,54.0,60.0,222.5,400.0,64810.718792866945,0.4339279213687659,0.43209876543209874,666.6666666666666
4.2,124,36878,112.0,54.0,54.0,300.25,1009.5000000000003,188124.22450572325,0.2532454292122613,0.46774193548387094,799.9999999999999
2.32,66,10551,97.5,54.0,60.0,175.0,300.5,28746.754132231403,0.5231702035513209,0.5,750.0000000000001
1.9,43,7515,93.0,54.0,57.0,220.0,392.8000000000002,30946.271498107086,0.5784499054820416,0.5116279069767442,663.1578947368422
4.11,115,19547,112.0,54.0,60.0,220.0,364.0,31048.686275992433,0.7095504635298233,0.48695652173913045,759.1240875912408
3.46,78,11246,112.0,54.0,60.0,184.0,293.5,18694.762656147275,0.536758677234217,0.47435897435897434,624.2774566473988
0.12,2,499,249.5,93.1,151.75,347.25,405.9,38220.25,0.12134831460674157,0.5,500.0
8.45,187,31688,112.0,54.0,60.0,184.0,392.0,33640.19445794847,0.6294544145626575,0.44919786096256686,596.4497041420119
7.55,189,38604,112.0,54.0,60.0,220.0,400.0,83528.51751070798,0.33314915219118,0.43915343915343913,635.7615894039735
8.02,180,26039,112.0,54.0,60.0,148.0,298.1,22647.15737654321,0.6256086902234985,0.48333333333333334,613.4663341645886
4.1,99,16454,112.0,54.0,54.0,148.0,305.6000000000001,43511.615753494545,0.5270533642691415,0.48484848484848486,687.8048780487806
2.6,63,11992,112.0,54.0,60.0,220.0,414.40000000000043,57746.73519778282,0.40388667759306957,0.4444444444444444,646.1538461538461
5.88,143,20955,112.0,54.0,60.0,172.0,297.8,20317.38138784293,0.5280005833454864,0.46153846153846156,653.0612244897959
8.07,243,64054,112.0,54.0,60.0,220.0,664.600000000001,166140.01842537554,0.21032443361109537,0.45267489711934156,780.6691449814126
0.49,14,1458,60.0,54.0,60.0,148.0,198.4000000000001,3568.836734693878,0.6418918918918919,0.5714285714285714,979.591836734694
3.36,74,13144,112.0,54.0,60.0,285.5,407.80000000000007,25087.046018991965,0.6566675069321906,0.4189189189189189,553.5714285714286
5.91,137,27593,112.0,54.0,60.0,266.0,532.0000000000005,40321.45335393468,0.6093904928550598,0.45985401459854014,619.2893401015228
5.0,122,28572,112.0,54.0,60.0,266.0,508.9,101708.5842515453,0.38598108173659956,0.4262295081967213,600.0
2.23,58,8189,83.0,54.0,60.0,175.0,297.0,20629.670927467298,0.9336481700118063,0.5517241379310345,753.3632286995515
5.81,135,28271,112.0,54.0,60.0,223.0,510.40000000000003,74942.12422496572,0.3307131089668157,0.4666666666666667,588.6402753872634
0.62,17,4034,60.0,54.0,54.0,220.0,593.2000000000002,122951.5017301038,0.20202622169249107,0.5294117647058824,870.9677419354839
0.28,7,1372,112.0,54.0,57.0,292.0,464.8,31875.428571428572,3.2875,0.42857142857142855,642.8571428571428
3.57,81,10649,112.0,54.0,60.0,148.0,256.0,13057.656454808719,0.6342848373235114,0.48148148148148145,621.8487394957983
9.1,233,39299,87.0,54.0,60.0,148.0,298.8,74652.29995026617,0.7204710620786271,0.5107296137339056,698.9010989010989
3.09,53,9614,112.0,54.0,60.0,220.0,421.20000000000033,48929.89960840157,0.35332207207207206,0.4716981132075472,485.4368932038835
7.17,168,29316,112.0,54.0,60.0,184.0,454.5000000000003,39817.55952380953,0.7225453904459721,0.4583333333333333,627.6150627615064
2.47,68,14309,112.0,54.0,60.0,293.25,404.20000000000005,65169.39165224913,0.5000524163958486,0.4264705882352941,704.4534412955464
3.75,71,11727,112.0,54.0,54.0,184.0,292.0,33729.94326522516,0.48668864097363085,0.49295774647887325,544.0
7.14,193,32971,112.0,54.0,60.0,184.0,391.0,46115.29893419957,0.41585433933095717,0.46113989637305697,739.4957983193277
0.41,10,1452,112.0,59.4,60.0,148.0,308.2,12058.56,1.3194888178913737,0.4,585.3658536585366
9.54,250,50896,112.0,54.0,60.0,220.0,438.39999999999986,83131.586944,0.4271373692622606,0.492,710.6918238993712
1.54,35,4013,112.0,54.0,60.0,148.0,184.0,8811.482448979594,0.7054823629409265,0.4857142857142857,662.3376623376623
8.84,206,36198,112.0,54.0,60.0,184.0,391.5,40588.0372325384,0.47452034706098006,0.44660194174757284,617.6470588235294
4.63,120,20157,112.0,54.0,60.0,184.0,360.40000000000003,35240.991041666675,0.5790834312573443,0.44166666666666665,686.8250539956804
0.41,11,1557,91.0,54.0,60.0,238.0,292.0,10023.520661157025,0.48995215311004786,0.5454545454545454,731.7073170731708
4.55,107,17896,112.0,54.0,60.0,202.0,371.60000000000014,28612.74941042886,0.4989530111399615,0.4672897196261682,632.967032967033
1.1,37,4984,83.0,54.0,54.0,148.0,270.4,17907.3981008035,0.5526479750778817,0.5945945945945946,981.8181818181819
1.89,49,10398,112.0,54.0,60.0,184.0,548.8000000000001,87855.46855476886,0.3858456617353059,0.46938775510204084,730.1587301587301
7.28,150,34183,112.0,54.0,60.0,211.0,580.7999999999995,110479.5938222222,0.3573839494897351,0.44666666666666666,535.7142857142857
8.6,195,35118,112.0,54.0,60.0,220.0,400.0,40895.263274161734,0.5762825979622066,0.4512820512820513,606.9767441860465
4.82,117,21981,112.0,54.0,60.0,220.0,377.20000000000016,59841.37672583825,0.3921717651529546,0.4358974358974359,634.8547717842323
7.03,186,36646,112.0,54.0,60.0,286.5,460.0,49816.15007515321,0.44531650562019326,0.44623655913978494,665.7183499288763
4.45,123,20156,112.0,54.0,60.0,184.0,322.0,39543.56031462753,0.40931338274367224,0.4634146341463415,768.5393258426966
2.58,63,11673,112.0,54.0,60.0,256.0,424.6,34556.39455782312,0.35449060106753305,0.4444444444444444,627.906976744186
0.19,8,1257,122.0,54.0,58.5,239.25,306.3,11696.859375,0.5310596833130329,0.5,1263.157894736842
3.53,89,17035,112.0,54.0,60.0,256.0,473.8,37592.55548541851,0.4858264282599215,0.449438202247191,679.886685552408
5.84,157,24920,112.0,54.0,60.0,148.0,298.0,41668.109700190675,0.4956187732565118,0.4968152866242038,729.4520547945206
8.72,210,36923,112.0,54.0,60.0,225.0,364.0,34203.27848072562,0.5414127076897387,0.4714285714285714,646.7889908256881
7.08,168,41891,112.0,54.0,60.0,292.0,616.0,112244.97785572564,0.3010839519209864,0.4523809523809524,635.593220338983
4.94,127,22441,112.0,54.0,60.0,256.0,401.20000000000005,28746.63488126976,0.4936767838125666,0.4409448818897638,680.161943319838
8.61,203,43018,112.0,54.0,60.0,220.0,461.4000000000001,90413.99213763981,0.3210293575727798,0.4729064039408867,627.1777003484322
4.18,98,15347,112.0,54.0,55.5,175.0,374.4999999999999,27384.178363182007,0.5588623666835957,0.47959183673469385,674.6411483253588
1.79,38,6502,112.0,54.0,60.0,182.75,322.40000000000003,58568.831024930754,0.3659663865546218,0.42105263157894735,536.3128491620112
2.08,48,7286,112.0,54.0,60.0,220.0,293.5,18376.99826388889,0.7232734153263954,0.4375,605.7692307692308
4.91,121,24081,112.0,54.0,60.0,184.0,448.0,74663.28898299296,0.37739518389292454,0.4297520661157025,635.4378818737271
3.34,81,13064,112.0,54.0,60.0,220.0,328.0,34368.99344612101,0.6196379866104637,0.48148148148148145,628.7425149700599
3.36,88,14350,112.0,54.0,60.0,184.0,297.3,38468.69989669421,0.4692331319750179,0.48863636363636365,732.1428571428571
8.98,216,33501,112.0,54.0,60.0,148.0,327.0,28955.180362654322,0.5997039442269124,0.48148148148148145,668.1514476614699
3.73,90,16487,112.0,54.0,60.0,148.0,330.7000000000002,76449.46432098767,0.37632523582936805,0.4666666666666667,675.6032171581769
6.56,157,24205,112.0,54.0,60.0,184.0,328.0,21026.193354699986,0.5519010066038341,0.4394904458598726,631.0975609756098
5.32,128,22560,97.5,54.0,60.0,157.0,384.19999999999993,51729.359375,0.5931078313678413,0.5,654.1353383458646
0.7,25,12593,256.0,54.0,60.0,483.0,1509.0,333313.4016,0.12027399697535807,0.32,685.7142857142858
1.0,16,3410,130.0,54.0,58.5,277.5,519.0,45678.984375,0.16223585548738922,0.4375,420.0
0.56,16,3052,112.0,54.0,58.5,267.5,348.5,38631.6875,0.379746835443038,0.4375,749.9999999999999
5.69,128,23045,112.0,54.0,54.0,184.0,335.19999999999993,57606.693786621094,0.41580143761135346,0.484375,632.688927943761
7.57,167,31584,112.0,54.0,60.0,220.0,480.4000000000001,41344.002151385845,0.4916406914139983,0.4311377245508982,570.673712021136
2.64,41,7200,112.0,54.0,60.0,184.0,328.0,35101.45746579417,0.2968299711815562,0.43902439024390244,409.09090909090907
6.07,152,22838,112.0,54.0,60.0,184.0,309.9,23289.911184210527,0.8744254760341431,0.4868421052631579,691.9275123558484
7.74,199,37107,112.0,54.0,60.0,202.0,396.80000000000007,51380.10822959015,0.498304126625212,0.4221105527638191,635.6589147286821
1.45,47,8865,112.0,54.0,54.0,184.0,455.79999999999995,56529.17247623359,0.27885170225043276,0.44680851063829785,868.9655172413793
3.49,79,13085,112.0,54.0,60.0,184.0,298.6,42966.51081557442,0.620232788509163,0.4936708860759494,618.9111747851002
7.36,187,28655,112.0,54.0,60.0,184.0,346.8000000000001,22709.089021704942,0.5566601477618427,0.4919786096256685,676.6304347826086
0.12,8,1013,86.0,54.0,58.5,112.0,213.09999999999994,15499.234375,0.27742749054224464,0.5,2000.0
2.14,60,9091,112.0,54.0,60.0,148.0,297.1,39847.88305555557,0.6141690340909091,0.48333333333333334,785.0467289719626
9.75,208,40115,112.0,54.0,60.0,229.0,439.0000000000001,48619.023830436396,0.4904882217433306,0.46634615384615385,560.0
5.89,136,30411,112.0,54.0,60.0,256.0,525.0,120161.87018814878,1.0595286468915075,0.49264705882352944,672.3259762308999
4.63,87,17207,112.0,54.0,57.0,238.0,490.00000000000017,50511.320121548415,0.5425369789332138,0.4482758620689655,505.39956803455726
8.03,199,29156,112.0,54.0,60.0,148.0,328.0,27301.05386227621,0.5670213909491562,0.46733668341708545,679.9501867995019
6.99,172,30680,112.0,54.0,60.0,256.0,400.0,33015.95457003786,0.4960745111425367,0.45348837209302323,652.3605150214592
3.35,79,14665,112.0,54.0,60.0,184.0,408.80000000000024,56008.63739785294,0.5315926892950391,0.4430379746835443,626.8656716417911
3.34,76,19566,112.0,54.0,60.0,266.5,643.5,134822.32617728531,0.3062287202082916,0.4473684210526316,574.8502994011976
6.62,200,52794,112.0,54.0,60.0,272.5,741.0999999999997,145748.7091,0.3029764549089294,0.47,797.5830815709969
3.62,113,61053,184.0,54.0,60.0,1509.0,1509.0,383536.843918866,0.0888127976031245,0.3893805309734513,679.5580110497237
7.64,154,25802,112.0,54.0,60.0,184.0,354.70000000000005,38824.546635183,0.4544532130777903,0.44155844155844154,534.0314136125655
0.47,13,2518,148.0,55.2,60.0,293.0,317.0,26119.2899408284,0.21174205967276227,0.38461538461538464,638.2978723404256
5.59,126,23637,112.0,54.0,60.0,220.0,437.0,42635.018707483,0.518111753371869,0.42857142857142855,579.6064400715563
2.21,56,10331,112.0,54.0,54.0,166.0,491.0,58755.035395408166,0.6246265136027678,0.48214285714285715,733.0316742081448
3.36,96,13979,97.5,54.0,60.0,157.0,326.0,17886.966037326387,0.5676797129079286,0.5,750.0
1.8,56,14677,112.0,54.0,60.0,256.0,572.5,131289.11702806124,0.2695268575382752,0.4107142857142857,766.6666666666666
8.53,192,38120,112.0,54.0,60.0,184.0,352.3000000000002,118067.14409722223,0.806977626090254,0.4739583333333333,626.0257913247362
6.39,143,25212,112.0,54.0,60.0,220.0,386.9999999999999,44271.569661108115,0.4975942975942976,0.44755244755244755,591.5492957746479
3.25,84,14235,112.0,54.0,60.0,220.0,408.1000000000002,31943.153486394564,0.6836191602602011,0.42857142857142855,664.6153846153846
0.39,7,1070,148.0,54.0,83.0,202.0,251.20000000000002,6826.122448979592,0.6984126984126984,0.2857142857142857,307.6923076923077
7.65,173,27602,112.0,54.0,60.0,184.0,371.2000000000002,30727.207123525677,0.5841368227731865,0.4913294797687861,635.2941176470588
6.73,193,54765,112.0,54.0,60.0,256.0,1037.4000000000003,176055.21012644636,0.21113273475164757,0.41968911917098445,722.1396731054976
4.18,105,20156,112.0,54.0,60.0,256.0,364.0,70918.09378684807,0.4497590448104726,0.4857142857142857,717.7033492822966
9.15,269,60142,112.0,54.0,60.0,220.0,476.2000000000007,113415.37430383769,0.35926411427021654,0.49070631970260226,819.672131147541
5.11,120,24182,112.0,54.0,60.0,258.5,515.2000000000006,51920.84972222222,0.65539430449069,0.48333333333333334,634.050880626223
0.59,15,2178,112.0,56.4,60.0,202.0,287.4,11026.960000000001,0.5490753911806543,0.4666666666666667,711.8644067796611
1.5,38,6454,112.0,54.0,60.0,285.5,374.8000000000002,22990.554016620492,0.9157019887206886,0.4473684210526316,680.0
3.56,69,17398,112.0,54.0,54.0,328.0,551.2,66514.7036336904,0.4292286207179824,0.463768115942029,522.4719101123595
7.1,131,25561,112.0,54.0,60.0,238.0,508.0,52449.801876347534,1.1499705610227942,0.4732824427480916,523.943661971831
6.51,120,19129,112.0,54.0,60.0,220.0,328.3,22419.008263888893,0.7199244740154649,0.48333333333333334,516.1290322580645
3.46,63,14006,112.0,54.0,54.0,297.5,508.0,66997.74048878811,0.4979679144385027,0.4444444444444444,485.5491329479769
7.87,163,26533,112.0,54.0,60.0,202.0,328.0,26233.926681470886,0.5115934598074403,0.4723926380368098,579.415501905972
2.58,46,6184,86.0,54.0,60.0,184.0,294.5,9334.115311909263,1.0058384690236781,0.5,534.8837209302325
5.76,120,23852,112.0,54.0,60.0,256.0,436.40000000000003,70475.79555555555,0.4477693474962064,0.48333333333333334,562.5
3.38,74,14614,83.0,54.0,60.0,224.5,538.3000000000001,39655.65522279036,0.8697543500511771,0.5135135135135135,603.5502958579882
6.44,131,24988,112.0,54.0,60.0,220.0,400.0,60157.89837422061,0.7260482144090626,0.4961832061068702,577.639751552795
2.35,38,6465,112.0,54.0,60.0,261.25,400.0,18779.16689750692,0.4118803232146757,0.4473684210526316,434.04255319148933
9.25,171,34524,112.0,54.0,60.0,267.0,466.0,55120.42166820561,0.575,0.4444444444444444,492.97297297297297
2.28,49,12576,91.0,54.0,60.0,436.0,587.2,75083.0837151187,0.46847267631947687,0.5102040816326531,578.9473684210526
2.88,73,17463,83.0,54.0,60.0,292.0,643.9999999999999,90791.70538562583,1.0384031749737364,0.5205479452054794,708.3333333333334
0.33,5,404,60.0,60.0,60.0,112.0,112.0,648.9599999999999,1.2444444444444445,0.6,545.4545454545454
6.31,95,23141,112.0,54.0,60.0,364.0,544.0,66686.57883656508,0.8686208010335917,0.4631578947368421,408.8748019017433
1.99,45,11748,112.0,54.0,60.0,378.0,721.2,68299.97333333336,0.9354200988467875,0.4666666666666667,633.1658291457287
1.74,27,6687,60.0,54.0,54.0,364.0,558.4000000000004,100859.85185185187,0.6409815950920246,0.5185185185185185,482.7586206896552
1.54,23,4905,112.0,54.0,60.0,310.0,428.8,72351.14933837426,0.529466791393826,0.4782608695652174,428.57142857142856
0.1,2,1396,698.0,187.60000000000002,379.0,1017.0,1208.4,407044.0,22.266666666666666,0.5,600.0
7.87,145,29231,112.0,54.0,60.0,292.0,541.5999999999997,47519.399952437576,0.7627087981667974,0.47586206896551725,526.0482846251588
1.09,21,3727,112.0,54.0,60.0,220.0,328.0,29377.678004535148,1.7648367952522255,0.47619047619047616,550.4587155963302
4.91,92,18954,112.0,54.0,60.0,256.0,436.0,60552.93431001891,0.4900943396226415,0.4891304347826087,501.01832993890014
9.67,189,46014,112.0,54.0,60.0,328.0,537.6000000000001,88495.77223481984,0.6028843139304002,0.4656084656084656,533.6091003102379
0.89,29,3962,83.0,54.0,60.0,184.0,282.4,9764.649227110584,0.9057239057239057,0.5172413793103449,876.4044943820224
9.16,199,42433,112.0,54.0,60.0,266.5,509.0000000000001,69008.23802429231,0.578138946742041,0.49748743718592964,589.5196506550218
6.11,131,27901,112.0,54.0,60.0,297.0,508.0,59219.190606608,0.6160440196930206,0.4961832061068702,599.0180032733224
5.18,94,17933,112.0,60.0,60.0,292.0,425.2000000000001,34564.38626075147,0.7608994501178319,0.4574468085106383,474.9034749034749
4.6,103,16564,112.0,54.0,60.0,184.0,326.4,32128.83004995757,0.5793287566742944,0.46601941747572817,613.0434782608696
0.25,11,1774,148.0,54.0,60.0,264.5,297.0,11092.016528925622,0.32983508245877063,0.45454545454545453,1200.0
0.8,26,5732,112.0,54.0,60.0,256.0,431.5,67839.24852071004,0.49738766980146293,0.46153846153846156,899.9999999999999
5.49,109,23278,112.0,54.0,60.0,256.0,428.8,69861.78772830569,0.4021202264787375,0.44954128440366975,513.6612021857924
2.42,46,9238,112.0,54.0,60.0,319.0,451.5,37752.66540642722,0.7031710914454278,0.45652173913043476,495.86776859504135
9.53,158,33416,112.0,54.0,60.0,286.0,508.0,53799.0347700689,0.6108754338603933,0.44936708860759494,447.00944386149007
8.54,163,32464,112.0,54.0,60.0,228.5,436.0,64073.16888102675,0.5098130406473816,0.48466257668711654,519.9063231850118
5.57,110,29034,83.0,54.0,60.0,320.5,724.0,130191.81520661157,0.37902536335138215,0.509090909090909,538.5996409335727
4.99,124,27778,112.0,54.0,60.0,220.0,425.2000000000001,106527.12877211237,0.3700616522811344,0.4596774193548387,661.3226452905811
2.83,63,13897,112.0,54.0,60.0,328.0,530.4000000000001,54343.28999748048,0.48678720445062584,0.4444444444444444,593.6395759717315
7.92,181,32054,112.0,54.0,60.0,267.0,328.0,31473.77570892219,0.5259449681043511,0.4585635359116022,628.7878787878788
2.22,44,7805,112.0,54.0,60.0,292.0,443.0,22934.691632231403,0.5193692816819155,0.4772727272727273,540.5405405405405
2.94,70,10840,83.0,54.0,60.0,184.0,328.0,24645.35102040816,0.45308310991957107,0.5285714285714286,653.0612244897959
6.7,144,26113,112.0,54.0,60.0,256.0,355.0000000000005,46894.780044367275,0.44206980340181135,0.4722222222222222,582.0895522388059
3.26,58,9111,112.0,54.0,60.0,211.0,348.7000000000003,17354.113258026155,0.6111405835543766,0.4482758620689655,478.5276073619632
8.65,180,34626,112.0,54.0,60.0,256.0,367.5999999999998,62209.054444444446,0.4786693427851561,0.4777777777777778,589.5953757225434
1.94,37,5676,91.0,54.0,60.0,184.0,328.0,20533.592403214025,0.5823808196264287,0.5135135135135135,556.7010309278351
2.3,40,8844,112.0,54.0,60.0,229.0,425.20000000000044,90177.14,0.30983412322274884,0.425,443.47826086956525
0.68,10,1657,86.0,54.0,60.0,205.75,353.19999999999993,26730.809999999998,0.9334889148191365,0.5,441.17647058823525
8.74,165,28930,112.0,54.0,60.0,256.0,398.4,35274.08888888889,0.4878625797161078,0.4666666666666667,501.1441647597254
6.77,128,26840,112.0,54.0,60.0,293.25,508.0,51028.90234375,0.4939329845263275,0.4609375,522.8951255539143
2.87,61,11560,83.0,54.0,60.0,270.0,364.0,47970.020424617025,1.015693112467306,0.5245901639344263,564.4599303135889
3.2,102,41024,112.0,54.0,60.0,432.25,1509.0,290898.0399846213,0.14739609554175756,0.4411764705882353,768.75
1.87,34,6599,86.0,54.0,60.0,292.0,464.2,36981.37456747405,0.5882069795427196,0.5,545.4545454545454
8.52,178,33497,112.0,54.0,60.0,256.0,451.8000000000002,41459.00495518243,0.5224525043177893,0.48314606741573035,570.4225352112677
3.46,57,11629,112.0,54.0,60.0,256.0,464.7999999999999,48731.73653431826,0.5746784021665539,0.42105263157894735,416.1849710982659
0.96,19,3599,83.0,54.0,60.0,312.5,450.4,33808.24376731302,0.6849250936329588,0.5789473684210527,562.5
6.86,142,27084,112.0,54.0,60.0,256.0,430.6000000000002,52031.688950605036,0.41165433128322737,0.45774647887323944,559.7667638483964
6.55,129,21302,112.0,54.0,60.0,220.0,369.6000000000001,23854.052400697077,0.6200471518746673,0.46511627906976744,531.2977099236641
5.65,90,16022,112.0,54.0,54.0,220.0,400.0,38426.22172839506,0.46560556165386024,0.4666666666666667,446.0176991150442
6.35,135,24362,112.0,54.0,60.0,220.0,328.0,49259.00389574759,0.4184570596797671,0.4740740740740741,604.724409448819
0.58,19,2778,112.0,60.0,60.0,202.0,298.0,10459.745152354571,0.8949522510231923,0.3684210526315789,724.1379310344829
8.92,220,53537,112.0,54.0,60.0,265.0,547.5999999999998,121010.20931818183,0.2966093485105352,0.4818181818181818,665.9192825112108
3.41,94,20441,112.0,54.0,60.0,220.0,497.9000000000001,104598.9290402897,0.2739794328451231,0.48936170212765956,756.5982404692082
4.84,134,33520,112.0,54.0,60.0,248.5,598.6,125933.4702606371,0.3192176000629698,0.44029850746268656,719.00826446281
0.26,1,60,60.0,60.0,60.0,60.0,60.0,0.0,0.0,1.0,230.76923076923077
0.32,9,974,112.0,58.8,60.0,148.0,162.4,2844.8395061728397,0.7773722627737226,0.4444444444444444,750.0
8.28,174,31709,112.0,54.0,60.0,220.0,432.2000000000008,41769.89275333598,0.45721507352941176,0.4482758620689655,550.7246376811595
0.3,14,2498,112.0,55.8,60.0,245.5,439.20000000000005,22631.530612244893,0.6157826649417852,0.42857142857142855,1200.0
7.58,195,45740,112.0,54.0,60.0,268.0,558.9999999999999,102010.5023011177,0.291324355608255,0.4666666666666667,672.8232189973616
6.89,146,29582,112.0,54.0,60.0,220.0,364.0,77325.03096265714,0.34494203228006365,0.4589041095890411,574.7460087082728
9.88,221,44042,112.0,54.0,60.0,266.0,445.0,59160.81918879629,0.5320555188367482,0.45248868778280543,601.2145748987854
8.4,185,34132,112.0,54.0,60.0,256.0,428.0,41059.22296566837,0.5853964420084538,0.4702702702702703,599.9999999999999
0.66,19,3492,83.0,54.0,60.0,220.0,416.79999999999995,44014.16620498614,0.775292323335028,0.5789473684210527,818.1818181818181
5.63,132,26831,112.0,54.0,60.0,220.0,526.9000000000003,60194.96757346189,0.5001956947162427,0.45454545454545453,639.4316163410301
8.95,207,38982,112.0,54.0,60.0,256.0,410.00000000000017,46866.77756773787,0.5517076665870552,0.4396135265700483,583.2402234636872
8.9,264,56063,112.0,54.0,60.0,256.0,508.0,102865.07884240127,0.6273257670314359,0.48863636363636365,802.2471910112359
9.51,208,41691,112.0,54.0,60.0,256.0,472.0,59396.428786057695,0.6155545222041385,0.4567307692307692,586.7507886435332
7.6,166,29549,112.0,54.0,60.0,220.0,360.5,40804.58430105966,0.5047614197688038,0.45180722891566266,592.1052631578948
5.0,130,36188,112.0,54.0,60.0,256.0,905.800000000001,180602.0021301775,0.2649608501118568,0.47692307692307695,732.0
4.52,90,20155,112.0,54.0,60.0,283.0,561.1000000000012,76941.40802469137,0.4391288825419493,0.4444444444444444,530.9734513274337
1.91,36,7812,112.0,54.0,60.0,273.25,377.5,73408.33333333333,0.5293657008613939,0.4444444444444444,502.61780104712045
4.28,95,17276,112.0,54.0,60.0,256.0,415.60000000000025,32611.641440443218,0.8592337494619027,0.45263157894736844,602.803738317757
4.2,71,13265,112.0,54.0,60.0,292.0,372.0,26863.774251140647,0.3413894225907574,0.4084507042253521,414.2857142857142
8.25,230,90311,112.0,54.0,60.0,420.75,1508.0,265600.26897920604,0.321572816670569,0.4434782608695652,683.6363636363636
6.88,147,25645,112.0,54.0,60.0,220.0,408.0000000000001,34687.96233051043,0.5513278083600508,0.46258503401360546,575.5813953488372
3.67,100,17449,112.0,54.0,60.0,184.0,382.5000000000001,45029.1099,0.4360134968315365,0.48,784.741144414169
5.72,113,27123,112.0,54.0,60.0,256.0,469.9999999999999,103737.24708277859,0.29706852852565635,0.40707964601769914,472.02797202797206
3.04,57,11918,112.0,54.0,60.0,297.0,508.0,45221.13265620191,0.8173223543763343,0.43859649122807015,493.42105263157896
0.57,31,5756,112.0,54.0,57.0,226.5,415.0,45439.960457856396,0.29029365613091235,0.4838709677419355,1368.421052631579
3.21,78,14929,97.5,54.0,60.0,256.0,464.49999999999983,50246.21383957922,0.4695344029924205,0.5,654.2056074766356
6.15,150,31409,112.0,54.0,60.0,289.0,487.2999999999996,58183.05195555555,0.7469825908003782,0.44666666666666666,643.9024390243902
0.48,7,1060,148.0,60.0,60.0,202.0,284.8,9601.95918367347,1.4311926605504588,0.42857142857142855,375.0
3.9,85,19302,112.0,54.0,60.0,364.0,564.6000000000004,58005.53439446368,0.4896966890483908,0.4470588235294118,569.2307692307692
5.16,138,52569,148.0,54.0,60.0,391.0,1508.0,244743.3508191557,0.23000070193500083,0.39855072463768115,627.906976744186
3.11,77,29149,148.0,54.0,60.0,436.0,1404.800000000001,221419.02580536346,0.2034598076049709,0.36363636363636365,540.1929260450162
5.06,128,26875,112.0,54.0,60.0,266.25,446.79999999999995,61525.209411621094,0.4242938152525306,0.4453125,652.1739130434783
7.21,162,31762,112.0,60.0,60.0,286.25,436.0,40665.15668343241,0.8134170710819297,0.4382716049382716,574.2024965325936
4.54,91,18549,112.0,54.0,60.0,261.0,472.0,52888.22557662116,0.32729874776386403,0.42857142857142855,515.4185022026431
0.33,6,552,86.0,60.0,60.0,112.0,130.0,1168.0,0.6829268292682927,0.5,545.4545454545454
4.79,119,23202,112.0,54.0,60.0,256.0,472.6,44596.59600310712,0.3007063572149344,0.47058823529411764,663.8830897703549
9.94,237,50657,112.0,54.0,60.0,220.0,544.0,79700.84936530828,0.3358208955223881,0.48523206751054854,639.8390342052314
8.37,194,42327,112.0,54.0,60.0,266.75,544.0,70091.40559570624,0.4305945178625748,0.4381443298969072,594.9820788530467
2.29,47,13314,83.0,54.0,60.0,310.0,756.3999999999992,170802.92349479406,0.3409205358042099,0.5106382978723404,576.4192139737991
3.62,74,21819,112.0,54.0,60.0,343.0,637.3000000000001,167170.66709276848,0.2420447429840041,0.3918918918918919,480.6629834254143
1.03,21,4986,112.0,54.0,60.0,256.0,508.0,104418.24489795917,0.5590994371482176,0.47619047619047616,524.2718446601941
6.67,148,31682,112.0,54.0,60.0,259.0,540.0,55027.900840029215,0.5728540932333813,0.46621621621621623,602.6986506746626
3.44,81,13565,112.0,54.0,60.0,220.0,364.0,26327.014479500074,0.6214439397561559,0.4444444444444444,627.9069767441861
9.32,190,41584,112.0,54.0,60.0,256.0,436.1,91656.28653739612,0.36100019637363356,0.4263157894736842,521.459227467811
6.12,155,30759,112.0,54.0,60.0,220.0,398.0,73569.26634755463,0.5955493308434485,0.4774193548387097,696.078431372549
2.34,62,16049,97.5,54.0,60.0,367.0,722.9,96514.7369927159,0.2428560365523116,0.5,692.3076923076923
1.63,35,6354,83.0,54.0,60.0,220.0,457.6,37206.819591836735,0.7200866269626421,0.5142857142857142,552.1472392638037
6.02,189,93828,148.0,54.0,60.0,986.0,1508.0,350129.20987654326,0.11471748324858623,0.37566137566137564,707.641196013289
0.59,20,3904,112.0,54.0,60.0,220.0,365.0000000000001,66804.96,0.42170429715950475,0.45,915.2542372881356
2.92,44,6343,112.0,54.0,60.0,184.0,269.4,17240.45196280992,0.6767116045466561,0.4318181818181818,390.41095890410963
8.2,189,44264,112.0,54.0,60.0,292.0,575.2,80058.53100417122,0.4661322910801232,0.4444444444444444,607.3170731707318
8.58,196,39298,112.0,54.0,60.0,229.0,473.5,59010.198979591834,0.47415410008252684,0.4846938775510204,608.3916083916084
9.28,218,36985,112.0,54.0,60.0,184.0,370.90000000000026,32388.07888645737,0.6125305197070108,0.46788990825688076,646.5517241379312
2.47,60,10804,112.0,54.0,60.0,297.25,394.6,23516.828888888886,0.30043331728454503,0.4166666666666667,607.2874493927125
8.55,190,30966,112.0,54.0,60.0,184.0,360.69999999999993,32942.88376731302,0.6365077687348061,0.47368421052631576,610.5263157894736
7.81,175,31856,112.0,54.0,60.0,256.0,400.0,39698.75311020408,0.7202721676206933,0.45714285714285713,591.5492957746479
8.95,235,58898,112.0,54.0,60.0,292.0,580.0,126128.76081484833,0.32230254591172375,0.46808510638297873,703.9106145251397
3.89,95,16479,112.0,54.0,60.0,184.0,438.4000000000007,38626.37495844875,0.5612505921364283,0.49473684210526314,663.2390745501285
2.41,61,9687,112.0,54.0,60.0,184.0,285.0,32283.141628594458,0.6269734632180047,0.4426229508196721,647.3029045643153
8.89,212,43713,112.0,54.0,60.0,222.25,445.00000000000006,78747.05222054111,0.41406527997929676,0.45754716981132076,620.9223847019123
7.55,183,39658,112.0,54.0,60.0,256.0,428.6000000000002,92373.84508346023,0.47017608897126967,0.453551912568306,643.7086092715232
9.13,211,35401,112.0,54.0,60.0,220.0,364.0,32233.25370050089,0.6033061594202899,0.47393364928909953,637.4589266155531
4.38,103,20470,112.0,54.0,60.0,256.0,504.7999999999996,52552.44584786501,0.7899615250087443,0.47572815533980584,671.2328767123288
1.09,30,5604,112.0,54.0,55.5,184.0,455.40000000000015,33892.69333333333,0.2343612334801762,0.4,660.5504587155963
1.25,17,2533,60.0,54.0,60.0,148.0,270.40000000000003,23809.882352941175,0.5664811379097093,0.5294117647058824,432.0
1.32,47,7685,91.0,54.0,60.0,184.0,383.19999999999993,29889.781801720233,0.7614027045610818,0.5319148936170213,1045.4545454545453
0.14,6,1155,112.0,57.0,73.0,193.0,408.5,35679.25,0.3169897377423033,0.3333333333333333,857.1428571428571
6.97,162,29660,112.0,54.0,60.0,220.0,400.0,42137.57277853986,0.48925487045591487,0.4382716049382716,611.1908177905308
7.0,176,33928,112.0,54.0,60.0,256.0,421.0,57822.83471074381,0.36536681556601874,0.4715909090909091,660.0
7.96,181,35171,112.0,54.0,60.0,220.0,472.0,47383.143921125724,0.5741395515373943,0.47513812154696133,618.0904522613066
8.43,193,33280,112.0,54.0,60.0,184.0,385.6000000000003,38823.02300732906,0.6282596995939136,0.47150259067357514,633.4519572953737
2.61,62,9616,112.0,54.0,54.0,184.0,297.4,22159.34547346514,0.44254425442544254,0.46774193548387094,666.6666666666667
7.13,186,33146,112.0,54.0,60.0,220.0,429.5,41581.42062666204,0.6097324073624399,0.489247311827957,715.2875175315568
1.88,57,9278,112.0,54.0,60.0,220.0,346.3999999999999,22721.649738381042,0.48045316738471355,0.45614035087719296,765.9574468085107
9.0,236,51055,112.0,54.0,60.0,184.0,428.0,106904.84980968112,0.3248994420656546,0.461864406779661,726.6666666666667
5.72,113,18732,112.0,54.0,60.0,220.0,364.0,26268.513430965617,0.6699652313452795,0.46017699115044247,534.965034965035
4.49,114,37103,112.0,54.0,60.0,364.0,986.5,191840.70490920282,0.28295297372060857,0.4473684210526316,654.7884187082406
2.1,51,8754,112.0,54.0,60.0,184.0,298.0,39237.169550173014,0.7431302270011948,0.45098039215686275,657.1428571428571
5.5,116,22869,112.0,54.0,60.0,220.0,508.5,53339.71128121285,0.6692700729927007,0.47413793103448276,578.1818181818182
6.84,137,29546,112.0,54.0,60.0,220.0,541.0000000000003,77486.61718791626,0.4439448734239077,0.44525547445255476,517.5438596491227
1.57,32,6124,97.5,54.0,60.0,166.0,422.2000000000003,69869.234375,0.5642401021711366,0.5,535.031847133758
2.4,54,8989,112.0,54.0,60.0,148.0,487.60000000000053,30883.359739368996,0.5980444444444445,0.46296296296296297,625.0
8.79,232,39460,83.0,54.0,60.0,157.0,300.9,63850.12187871583,0.4418825592867322,0.5086206896551724,730.3754266211605
0.05,1,54,54.0,54.0,54.0,54.0,54.0,0.0,54,1.0,1200.0
7.39,174,38182,112.0,54.0,60.0,256.0,505.60000000000014,78695.92416435461,0.49416921029975736,0.4425287356321839,625.169147496617
6.93,140,23501,112.0,54.0,60.0,157.0,364.0,47760.67443877552,0.48336804898062236,0.4642857142857143,545.4545454545455
6.45,153,34303,112.0,54.0,60.0,184.0,535.2000000000004,101988.85437225,0.33896717280143646,0.45751633986928103,613.953488372093
6.5,148,29314,112.0,54.0,60.0,193.0,439.0000000000001,70001.8738130022,0.45884343585149795,0.44594594594594594,600.0
1.06,28,5305,112.0,54.0,60.0,240.25,513.6,36482.74872448979,0.5118267312624679,0.42857142857142855,679.2452830188679
0.16,6,726,86.0,57.0,60.0,112.0,220.0,9157.0,2.1293103448275863,0.5,1125.0
2.09,54,7275,112.0,54.0,60.0,148.0,298.7,11216.348765432102,0.637407157326131,0.46296296296296297,717.7033492822966
1.46,41,7258,112.0,54.0,54.0,220.0,367.0,32820.560380725765,0.40169949787562764,0.4634146341463415,780.8219178082193
9.7,203,36224,112.0,54.0,60.0,148.0,427.80000000000047,54742.90688927176,0.434102696068728,0.47783251231527096,569.0721649484536
2.04,58,9352,87.0,58.2,60.0,184.0,346.90000000000026,28171.010701545772,0.690527838033261,0.5172413793103449,735.2941176470588
6.84,145,24526,112.0,54.0,60.0,148.0,408.39999999999986,48638.86868014268,0.6739011739011739,0.4689655172413793,578.9473684210526
6.66,147,23361,112.0,54.0,60.0,202.0,328.0,26446.12939053172,0.48041825095057034,0.46938775510204084,603.6036036036036
6.89,178,37830,112.0,54.0,60.0,256.0,434.6,80840.70988511552,0.3878494386968963,0.4550561797752809,687.9535558780842
7.25,168,32570,112.0,54.0,60.0,256.0,426.20000000000016,43394.13761337868,0.5627099126763266,0.4642857142857143,587.5862068965517
2.38,66,8905,112.0,54.0,54.0,148.0,266.5,15664.433654729106,0.782069241544927,0.4696969696969697,781.5126050420168
3.21,83,13904,112.0,54.0,60.0,256.0,361.59999999999997,26833.936420380312,0.5744536292605594,0.46987951807228917,710.2803738317757
4.9,165,55896,112.0,54.0,60.0,347.0,1509.0,228885.92595041322,0.1372995849271588,0.4,808.1632653061223
3.11,80,12730,112.0,54.0,60.0,184.0,355.80000000000007,23308.359375,0.6282936812484011,0.45,694.5337620578779
5.29,132,22214,112.0,54.0,60.0,184.0,397.40000000000015,33854.28076216712,0.5724499185955971,0.4696969696969697,680.5293005671077
4.72,131,24299,112.0,54.0,60.0,202.0,400.0,52525.47124293457,0.5528502044989775,0.45038167938931295,711.8644067796611
1.17,22,4586,130.0,54.0,60.0,211.0,419.30000000000035,78594.06611570249,0.3576080521018354,0.45454545454545453,512.8205128205128
6.63,148,42843,148.0,54.0,60.0,297.0,753.9000000000003,141400.65499452152,0.31263212720977973,0.41216216216216217,552.0361990950227
5.29,154,60111,112.0,54.0,60.0,436.0,1509.0,271024.4292882443,0.16564214935329363,0.4090909090909091,680.5293005671077
1.47,36,6103,148.0,54.0,60.0,292.0,314.5,15532.415895061733,0.6615845358017969,0.4444444444444444,653.0612244897959
2.87,67,12415,83.0,54.0,60.0,220.0,456.3999999999998,44957.82134105592,0.45528074082757003,0.5074626865671642,627.177700348432
0.35,15,4128,220.0,56.4,60.0,463.0,578.4,47973.76,0.8461538461538461,0.3333333333333333,857.1428571428572
8.37,184,50281,112.0,54.0,60.0,304.5,761.0000000000009,128579.13016895087,0.36336767895878525,0.46195652173913043,566.3082437275987
7.37,161,43277,112.0,54.0,60.0,328.0,688.0,121728.29589907797,0.549092601209865,0.4409937888198758,561.7367706919946
4.4,90,19070,130.0,54.0,60.0,275.25,404.7000000000004,57321.632098765425,0.4893783192752265,0.4111111111111111,504.54545454545456
3.73,91,25724,112.0,54.0,60.0,292.0,829.0,146474.85448617314,0.2745379775058217,0.45054945054945056,627.3458445040214
4.86,109,36299,112.0,54.0,60.0,328.0,1508.2,207478.38498442894,0.23752216009818627,0.4036697247706422,543.2098765432098
1.79,50,9346,112.0,54.0,60.0,275.25,367.6,29712.633600000005,0.6689285714285714,0.44,737.4301675977654
6.23,146,23988,112.0,54.0,60.0,220.0,396.5,27581.169450178277,0.4833044768736087,0.4589041095890411,645.2648475120384
4.38,111,23228,112.0,54.0,60.0,222.5,481.0,73699.74255336415,0.5118458734704504,0.45045045045045046,684.9315068493152
6.09,175,36591,112.0,54.0,60.0,274.0,444.9999999999999,71284.96306938776,0.38828394733846794,0.4685714285714286,758.6206896551724
7.36,180,54873,112.0,54.0,60.0,311.5,1071.4999999999995,179339.68305555556,0.23665825295231227,0.4166666666666667,570.6521739130435
9.91,231,39440,112.0,54.0,60.0,222.5,364.0,24898.41078690429,0.6215771729298577,0.44155844155844154,617.5580221997982
5.43,109,19360,112.0,54.0,60.0,184.0,508.0,35270.62216985101,0.6899441340782123,0.46788990825688076,530.3867403314918
5.61,154,71139,184.0,54.0,60.0,614.0,1508.0,302577.02905211673,0.15285137828771453,0.38961038961038963,598.9304812834224
2.31,64,10523,112.0,54.0,60.0,229.0,364.0,20665.806396484375,0.456269028508165,0.4375,701.2987012987013
5.26,116,27458,112.0,54.0,60.0,256.0,490.0,111389.89684898929,0.3286557630891319,0.41379310344827586,547.5285171102662
0.85,29,5287,112.0,54.0,60.0,220.0,445.2,34814.62782401903,0.47475592747559275,0.41379310344827586,847.0588235294118
9.38,211,32503,112.0,54.0,60.0,184.0,324.0,23355.623773050924,0.6357825868142929,0.46445497630331756,620.4690831556502
9.65,206,44647,112.0,54.0,60.0,211.0,468.0,94445.00153171836,0.34608658948383986,0.46116504854368934,565.8031088082902
5.88,115,25425,112.0,54.0,60.0,240.5,616.0,72895.29678638942,0.4693983702248165,0.45217391304347826,530.6122448979592
6.13,152,23201,101.5,54.0,60.0,184.0,388.3000000000002,22242.665122922437,0.6337581860432364,0.5,694.9429037520391
2.48,64,10068,83.0,54.0,60.0,184.0,431.60000000000014,22387.96484375,0.4482163406214039,0.53125,725.8064516129032
9.7,222,39900,112.0,54.0,60.0,223.75,400.0,36509.18821524227,0.5127962085308057,0.4594594594594595,600.0
8.79,202,38827,112.0,54.0,60.0,256.0,425.20000000000016,60732.217062052725,0.49282940520589025,0.4603960396039604,621.160409556314
3.07,83,14870,112.0,54.0,60.0,220.0,386.3999999999999,45296.44534765568,0.44145017448623497,0.4578313253012048,703.5830618892509
3.69,92,15786,112.0,54.0,60.0,256.0,444.1,25176.56852551985,0.40332473997688684,0.4782608695652174,666.6666666666666
1.19,33,6639,112.0,55.2,60.0,292.0,444.0,35085.11845730027,0.8204003290375651,0.3939393939393939,655.4621848739497
7.91,177,29967,112.0,54.0,60.0,220.0,364.0,29728.065115388297,0.4819009000098902,0.4463276836158192,591.6561314791403
9.35,213,44245,112.0,54.0,60.0,220.0,462.80000000000035,82138.0218651502,0.42289757195690625,0.45539906103286387,616.0427807486632
4.37,96,16830,112.0,54.0,60.0,220.0,342.0,41238.860677083336,0.5367056245434624,0.4791666666666667,590.3890160183066
2.88,71,11949,83.0,54.0,60.0,256.0,364.0,27488.546320174566,0.5520197428237433,0.5211267605633803,645.8333333333334
7.51,183,44385,112.0,54.0,60.0,202.0,508.0,134476.05159903254,0.2673100533934843,0.41530054644808745,607.1904127829561
2.93,72,23614,112.0,54.0,60.0,256.0,1508.0,230691.138117284,0.1657780410742496,0.4166666666666667,614.3344709897611
8.81,185,33550,112.0,54.0,60.0,184.0,424.79999999999995,46003.946822498176,0.5652701315666698,0.4594594594594595,565.2667423382519
1.57,41,6116,83.0,54.0,60.0,184.0,292.0,20062.239143367045,0.5347553324968632,0.5365853658536586,726.1146496815286
0.37,3,658,60.0,55.2,57.0,302.0,447.20000000000005,52710.22222222222,9.966666666666667,0.6666666666666666,324.3243243243243
3.96,85,14102,83.0,54.0,60.0,184.0,391.20000000000005,38040.838200692044,0.536165577342048,0.5058823529411764,590.9090909090909
2.02,48,7414,112.0,54.0,60.0,193.0,314.40000000000026,15928.206597222224,0.4007179293406386,0.4583333333333333,594.059405940594
0.89,26,4477,112.0,54.0,60.0,184.0,398.0,27216.924556213024,0.258644925499016,0.4230769230769231,741.5730337078652
9.31,229,36562,112.0,54.0,60.0,184.0,328.0,25243.403634560742,0.5541103460001701,0.4410480349344978,650.9129967776583
3.5,87,14736,112.0,54.0,60.0,266.5,328.0,19966.304399524375,0.5302180685358255,0.42528735632183906,634.2857142857142
9.71,221,38030,112.0,54.0,60.0,184.0,415.0,34712.65399971336,0.5574576132361373,0.4660633484162896,605.5612770339854
2.84,54,10246,112.0,54.0,60.0,220.0,416.2000000000001,40092.85871056241,0.5463326290371264,0.4444444444444444,507.0422535211268
7.64,215,72180,112.0,54.0,60.0,330.5,1509.0,208596.1081665765,0.23192981857281836,0.40930232558139534,675.3926701570681
3.85,96,22318,112.0,54.0,60.0,267.5,513.0,95713.9370659722,0.33865163147792704,0.4583333333333333,638.961038961039
9.01,220,39350,112.0,54.0,60.0,256.0,392.79999999999995,40995.3632231405,0.6237517537344227,0.4909090909090909,645.9489456159822
2.84,70,18402,112.0,54.0,60.0,400.0,674.9,100375.58693877551,0.34027676620538966,0.4142857142857143,612.6760563380282
5.89,170,33572,112.0,54.0,60.0,256.0,436.1,56071.32027681661,0.532898041185334,0.4470588235294118,764.0067911714771
0.25,8,1197,130.0,58.2,60.0,157.0,258.09999999999997,13372.984375,0.6285714285714286,0.375,720.0
5.56,141,24504,112.0,54.0,60.0,220.0,364.0,38905.37317036366,0.4647617909020264,0.46808510638297873,701.4388489208634
9.32,204,37717,112.0,54.0,60.0,220.0,436.0,54290.09022971934,0.5236729417467884,0.45588235294117646,579.3991416309012
1.08,20,3702,86.0,54.0,60.0,157.0,449.7000000000002,42312.689999999995,0.9860515021459227,0.5,555.5555555555555
3.81,108,26692,112.0,54.0,60.0,220.0,543.8999999999997,156638.49657064473,0.5889986903202762,0.4166666666666667,708.6614173228346
2.41,44,8571,112.0,54.0,54.0,265.0,504.0,42263.48088842976,0.2718504229114112,0.45454545454545453,497.92531120331944
6.04,122,23513,112.0,54.0,60.0,248.25,396.4000000000002,49384.36126041387,0.48132048132048133,0.4426229508196721,536.4238410596026
9.54,243,51037,112.0,54.0,60.0,256.0,539.2,66502.23373808192,0.6658071675696847,0.48559670781893005,691.8238993710693
2.19,44,7513,112.0,54.0,60.0,220.0,370.3000000000002,26419.36931818182,0.48566343682024915,0.4318181818181818,520.5479452054794
2.79,71,10619,112.0,54.0,57.0,184.0,299.0,22081.964292799043,0.5259376347176319,0.4507042253521127,688.1720430107526
3.13,63,11365,112.0,54.0,60.0,262.0,353.80000000000007,27926.588561350458,0.43551850448402174,0.42857142857142855,517.5718849840256
8.31,204,38030,112.0,54.0,60.0,256.0,343.7000000000004,47364.80267204921,0.4337958075705022,0.4411764705882353,649.8194945848375
0.46,16,4063,112.0,57.0,60.0,322.75,706.0,70138.18359375,1.1926605504587156,0.4375,913.0434782608695
8.56,223,49684,112.0,54.0,60.0,220.0,467.60000000000025,107482.50188019063,0.3996675775417641,0.4977578475336323,728.9719626168225
8.2,174,26430,112.0,54.0,60.0,184.0,317.10000000000036,18638.81688466112,0.6646721672860112,0.4425287356321839,563.4146341463415
0.68,15,2345,112.0,56.4,60.0,130.0,426.99999999999994,22655.42222222222,1.3615307150050353,0.4666666666666667,617.6470588235294
5.76,121,23649,112.0,54.0,60.0,220.0,490.0,62181.15620517725,0.3196250209251716,0.4380165289256198,531.25
1.2,22,2723,112.0,54.0,60.0,148.0,216.4000000000001,5694.448347107438,0.4197080291970803,0.45454545454545453,450.0
0.85,15,2765,148.0,54.0,54.0,238.0,267.8,36532.22222222222,0.37220843672456577,0.4,423.5294117647059
6.78,134,22099,101.5,54.0,60.0,184.0,369.1000000000003,36526.358932947194,0.4862465532315556,0.5,548.6725663716815
5.92,127,25848,112.0,54.0,60.0,292.0,423.40000000000043,44914.91065782132,0.6193459466232302,0.4409448818897638,567.5675675675676
1.88,36,5855,112.0,54.0,60.0,220.0,390.0,21860.452932098764,0.5575951050811386,0.4722222222222222,542.5531914893618
8.61,209,29716,112.0,54.0,60.0,148.0,328.0,22280.120052196606,0.8047980564834497,0.49760765550239233,675.9581881533102
9.75,222,35080,112.0,54.0,60.0,184.0,299.8,38784.68436003571,0.4727120067170445,0.47297297297297297,615.3846153846154
8.03,176,33054,112.0,54.0,60.0,256.0,418.0,38461.803589876035,0.5637980791976156,0.4375,560.3985056039851
3.84,83,11699,112.0,54.0,54.0,148.0,322.3999999999999,16416.648279866455,0.5081861544411499,0.46987951807228917,609.375
7.97,207,38671,112.0,54.0,60.0,184.0,394.6,69082.1595369787,0.4140339330115548,0.45410628019323673,692.5972396486826
9.46,194,46254,112.0,54.0,60.0,184.0,609.7000000000004,140774.49144436177,0.2519013722359055,0.4484536082474227,545.4545454545454
0.92,20,2817,112.0,54.0,60.0,157.0,327.1,12401.5275,0.7356746765249538,0.45,586.9565217391304
0.55,14,2349,86.0,54.0,60.0,238.0,297.7,28846.882653061235,0.9526184538653366,0.5,763.6363636363636
7.08,170,40427,112.0,54.0,60.0,220.0,583.5999999999998,119656.81525951558,0.293539820177263,0.4470588235294118,610.1694915254237
7.32,183,40422,112.0,54.0,60.0,220.0,511.20000000000005,99202.77918122368,0.3228392839611218,0.48633879781420764,672.1311475409835
4.5,98,25321,112.0,54.0,60.0,297.25,616.0,103148.7656184923,0.4602652825836217,0.4387755102040816,573.3333333333334
4.69,126,20329,112.0,54.0,60.0,220.0,328.0,26082.875598387498,0.5540860790459445,0.4444444444444444,716.4179104477611
1.62,32,4854,112.0,54.0,60.0,184.0,297.40000000000003,19588.33984375,0.6158455392809588,0.46875,555.5555555555555
6.98,189,52909,112.0,54.0,60.0,220.0,1100.0000000000086,189289.04952268978,0.18896629213483146,0.455026455026455,687.6790830945558
2.72,58,8676,112.0,54.0,60.0,175.0,302.70000000000005,15001.863258026158,0.6444275966641395,0.4482758620689655,551.470588235294
6.82,184,35625,112.0,54.0,60.0,184.0,427.5000000000008,72956.1391481569,0.5534382767191384,0.4945652173913043,712.6099706744868
4.38,102,16067,99.5,54.0,60.0,184.0,337.00000000000006,27783.58294886582,0.5773610838405655,0.5,657.5342465753425
7.36,169,31619,112.0,54.0,60.0,256.0,377.60000000000025,54845.29281187635,0.28422891027984243,0.4319526627218935,595.1086956521739
3.16,86,12995,112.0,54.0,60.0,184.0,279.5,25625.721606273666,0.6493209798197741,0.45348837209302323,740.506329113924
0.68,19,1935,83.0,54.0,54.0,112.0,191.2,4241.396121883656,0.7850553505535055,0.5789473684210527,794.1176470588234
3.27,77,12274,112.0,54.0,60.0,148.0,388.6,32006.42233091583,0.5929915639195328,0.4805194805194805,642.2018348623853
0.61,14,1563,86.0,54.0,60.0,112.0,231.30000000000013,5773.086734693878,0.32795242141036535,0.5,688.5245901639345
1.45,30,3954,112.0,54.0,60.0,139.0,299.80000000000007,12223.76,0.6655433866891323,0.43333333333333335,537.9310344827586
6.65,170,31147,112.0,54.0,60.0,184.0,400.0,44682.82910034601,0.5479846926097113,0.4470588235294118,685.7142857142857
3.61,89,15328,112.0,54.0,60.0,184.0,317.6000000000003,37263.45511930312,0.540347703748367,0.4606741573033708,648.1994459833795
0.1,3,340,60.0,60.0,60.0,140.0,188.0,5688.88888888889,1.8333333333333333,0.6666666666666666,1200.0
1.24,39,5783,112.0,54.0,60.0,166.0,322.40000000000043,18523.587113740963,0.5992809734513275,0.48717948717948717,822.5806451612904
8.1,208,41951,101.5,54.0,60.0,232.75,472.0,65476.08022836538,0.4759525736199557,0.5,696.2962962962964
6.96,154,24682,112.0,54.0,60.0,184.0,298.0,31583.626918536007,0.5827882518917532,0.4805194805194805,620.6896551724137
8.93,185,32204,112.0,54.0,60.0,184.0,452.99999999999994,44834.65373265157,0.49716410971641095,0.4648648648648649,564.3896976483763
4.21,107,19288,112.0,54.0,60.0,166.0,395.20000000000005,63995.53899903921,0.4466361659041476,0.48598130841121495,712.5890736342043
4.58,107,31922,112.0,54.0,60.0,238.0,1132.0000000000016,191228.76530701376,0.26609288858921987,0.4392523364485981,589.5196506550218
3.07,74,10597,112.0,54.0,55.5,148.0,296.7,20287.43188458729,0.5158060363324274,0.47297297297297297,664.4951140065147
8.68,213,57219,112.0,54.0,60.0,256.0,729.4000000000001,160659.5466507968,0.2842041475895502,0.4460093896713615,656.6820276497696
0.12,5,1017,112.0,56.4,60.0,355.0,403.6,25664.64,0.19506462984723855,0.4,1000.0
4.52,94,15272,97.5,54.0,60.0,175.0,292.0,53870.48302399274,0.47001636346135334,0.5,597.3451327433629
1.49,36,9534,112.0,54.0,54.0,325.75,529.0,121982.19444444444,0.17761857707509882,0.4722222222222222,604.026845637584
1.22,25,3673,83.0,54.0,60.0,184.0,299.2000000000001,19294.473599999998,0.7726833976833977,0.56,590.1639344262295
7.04,186,28873,112.0,54.0,60.0,184.0,342.0,27709.166984622498,0.5796586059743954,0.4838709677419355,724.4318181818182
1.47,40,8807,112.0,54.0,60.0,226.5,375.8000000000002,105502.24437500001,0.48141295206055507,0.45,734.6938775510204
4.98,115,19852,112.0,54.0,60.0,184.0,314.2000000000002,52989.4341020794,0.37650811260574124,0.45217391304347826,626.5060240963855
6.19,132,25398,112.0,54.0,60.0,220.0,468.00000000000006,46753.48415977962,0.5708807521029193,0.45454545454545453,581.5831987075928
8.07,185,33247,112.0,54.0,60.0,256.0,396.79999999999995,37186.939547114685,0.4276451391274476,0.4648648648648649,594.7955390334572
6.33,141,26928,112.0,54.0,60.0,256.0,472.0,42192.58819978874,0.4930967563071805,0.44680851063829785,578.1990521327015
0.9,21,3607,112.0,54.0,60.0,184.0,298.0,39195.41950113379,0.7006129184347006,0.42857142857142855,600.0
5.59,120,18779,112.0,54.0,60.0,184.0,328.0,23696.21659722222,0.5414101617007305,0.44166666666666665,568.8729874776386
2.89,71,11805,112.0,54.0,60.0,188.0,364.0,33167.3790914501,0.5687707641196014,0.4507042253521127,664.3598615916954
2.26,46,6321,86.0,54.0,54.0,175.0,324.5,12550.459829867674,0.5933955129821024,0.5,610.6194690265488
1.81,47,5111,91.0,54.0,60.0,112.0,220.0,4866.700769578995,0.8504706734250543,0.5106382978723404,762.4309392265193
9.11,210,42058,112.0,54.0,60.0,184.0,401.4999999999999,86557.43800453516,0.36070400207059433,0.46190476190476193,605.927552140505
2.64,53,8400,112.0,55.2,60.0,220.0,328.0,19100.815948736203,0.5813253012048193,0.4528301886792453,545.4545454545454
2.06,58,12993,112.0,54.0,60.0,263.5,500.30000000000007,85352.39625445899,0.6570590485907409,0.43103448275862066,728.1553398058252
0.93,24,3491,86.0,55.800000000000004,60.0,175.0,317.2,15887.248263888885,0.7104360607545321,0.5,774.1935483870967
9.44,227,35478,112.0,54.0,60.0,184.0,367.20000000000005,24701.739253624168,0.5503408495018354,0.4845814977973568,654.6610169491526
4.35,113,17881,83.0,54.0,60.0,220.0,328.0,24048.040253739524,0.43311693516069566,0.504424778761062,703.4482758620691
3.57,92,14425,112.0,54.0,60.0,184.0,326.10000000000014,27356.42474007562,0.5979838262988811,0.4673913043478261,722.6890756302521
9.77,225,71814,112.0,54.0,60.0,266.0,1466.7999999999995,205750.90773333336,0.20718115954210023,0.4222222222222222,558.8536335721597
5.91,141,25318,112.0,54.0,60.0,148.0,337.0,66329.23927367838,0.4030479357162649,0.48226950354609927,659.8984771573604
0.98,23,4263,112.0,54.0,60.0,220.0,417.2000000000001,32322.748582230626,0.4205264911696101,0.391304347826087,551.0204081632654
1.81,47,7862,112.0,54.0,60.0,202.0,364.0,26671.13626075147,0.4409824046920821,0.425531914893617,662.9834254143647
3.42,84,14629,112.0,54.0,60.0,184.0,441.6,38599.154620181405,0.6834292289988493,0.47619047619047616,701.7543859649122
4.46,107,15031,112.0,54.0,60.0,184.0,298.0,13289.539173726966,0.730286635202026,0.45794392523364486,659.1928251121076
2.29,50,7839,112.0,54.0,60.0,184.0,363.1,17774.4916,0.596212583995113,0.42,550.2183406113537
7.93,204,29325,97.0,54.0,60.0,148.0,349.8000000000006,22488.854166666668,0.574496644295302,0.5,741.4880201765449
3.63,83,14107,112.0,54.0,60.0,184.0,365.59999999999985,37727.33604296705,0.5914936823104693,0.4939759036144578,644.6280991735538
4.07,94,15115,83.0,54.0,60.0,220.0,344.70000000000016,26427.69318696242,0.6447225244831338,0.5106382978723404,619.1646191646191
7.96,187,33510,112.0,54.0,60.0,256.0,433.6,35058.746947296175,0.5798406487200037,0.44385026737967914,625.6281407035176
7.0,145,22200,112.0,54.0,54.0,148.0,295.59999999999997,38771.747919143876,0.5431669678854442,0.4896551724137931,600.0
7.82,204,30674,112.0,54.0,60.0,184.0,332.40000000000003,18690.85861207228,0.557767507998578,0.47549019607843135,690.537084398977
1.15,31,4660,83.0,54.0,60.0,166.0,355.0,19033.9604578564,0.6391136123812874,0.5161290322580645,730.4347826086957
0.52,14,2480,112.0,55.8,60.0,175.0,319.3,40847.40816326531,0.3626373626373626,0.42857142857142855,692.3076923076924
5.4,157,48107,112.0,54.0,60.0,256.0,1509.0,217659.8986571464,0.19312996031746033,0.4394904458598726,755.5555555555554
1.55,31,5878,112.0,54.0,54.0,202.0,515.0,36936.62434963581,0.4048757170172084,0.4838709677419355,580.6451612903226
9.04,192,36955,112.0,54.0,60.0,220.0,498.2000000000001,48072.8743218316,0.6231826766811613,0.453125,577.4336283185842
2.62,53,10776,112.0,54.0,60.0,220.0,479.40000000000003,47156.70843716625,0.49004424778761063,0.39622641509433965,480.91603053435114
3.13,80,13801,112.0,54.0,60.0,184.0,439.9000000000003,31614.34984375,0.7729958890030832,0.4875,690.0958466453674
3.46,84,12924,83.0,54.0,60.0,157.0,353.80000000000035,28554.193877551024,0.5618126888217523,0.5119047619047619,710.9826589595376
3.07,88,12689,112.0,54.0,60.0,184.0,297.3,14325.837680785124,0.6137606511509602,0.45454545454545453,781.7589576547232
7.85,330,200431,148.0,54.0,54.0,1509.0,1509.0,443108.85646464647,0.05651257182014654,0.396969696969697,985.9872611464968
0.19,6,742,112.0,57.0,73.0,139.0,202.0,4547.222222222222,3.313953488372093,0.3333333333333333,631.578947368421
4.83,115,20450,112.0,54.0,60.0,148.0,381.80000000000035,54913.51758034027,0.48006079467322865,0.48695652173913045,621.1180124223603
5.89,149,30392,112.0,54.0,60.0,266.0,430.6000000000003,65279.50263501644,0.45534645405353635,0.4697986577181208,641.7657045840408
9.19,217,48239,112.0,54.0,60.0,292.0,451.0,88897.68446983371,0.4915741628273708,0.4423963133640553,620.2393906420023
0.27,7,1090,112.0,57.6,60.0,220.0,299.20000000000005,12117.061224489795,0.9464285714285714,0.42857142857142855,666.6666666666666
1.54,37,5330,112.0,54.0,54.0,184.0,272.3999999999999,13127.294375456537,0.5237278444825615,0.4594594594594595,662.3376623376623
0.54,12,1220,71.5,60.0,60.0,148.0,180.4,3060.3888888888887,1.023217247097844,0.6666666666666666,666.6666666666666
4.23,109,21556,112.0,54.0,60.0,206.0,479.2000000000001,68253.6128272031,0.34733420838802426,0.44954128440366975,666.6666666666666
8.0,197,37900,112.0,54.0,60.0,220.0,473.6,51007.23187920328,0.565662824802743,0.467005076142132,675.0
3.46,80,13101,112.0,54.0,60.0,184.0,441.4000000000001,24574.33109375,0.4715264517578344,0.4625,641.6184971098266
0.03,7,1234,148.0,57.6,86.0,225.0,323.6,13734.204081632652,0.34130434782608693,0.2857142857142857,4000.0
8.17,188,38766,112.0,54.0,60.0,220.0,508.6,75777.09744228158,0.4701353862490045,0.4521276595744681,616.891064871481
4.64,132,23344,112.0,54.0,60.0,220.0,365.80000000000007,43339.23461891644,0.4561786538581498,0.4696969696969697,775.8620689655173
6.83,175,36814,112.0,54.0,60.0,220.0,472.0,86316.70053877552,0.4644760919723128,0.4857142857142857,667.6427525622255
7.57,165,27328,112.0,54.0,60.0,220.0,360.4,30106.028503213958,0.44968436687708874,0.4484848484848485,578.5997357992073
1.72,45,6971,112.0,54.0,60.0,184.0,297.6,28511.992098765437,0.7554772097708385,0.4444444444444444,697.6744186046511
1.94,53,11681,112.0,54.0,60.0,220.0,409.60000000000025,99108.4656461374,0.2711938186962673,0.4339622641509434,711.340206185567
8.45,205,29187,91.0,54.0,60.0,148.0,297.6,28404.527209994052,0.5674238762687288,0.5073170731707317,674.5562130177516
3.99,87,14211,112.0,54.0,57.0,184.0,328.0,39160.01902497028,0.38185530921820304,0.4827586206896552,601.5037593984962
1.4,28,5335,112.0,54.0,54.0,193.0,344.6,57964.677295918365,0.5255933657420646,0.4642857142857143,557.1428571428572
3.6,82,21104,130.0,54.0,60.0,292.0,673.6000000000004,99197.13444378345,0.387508218277449,0.4146341463414634,566.6666666666666
7.97,171,35959,112.0,54.0,60.0,220.0,447.0,81613.71321090248,0.4674746980084884,0.43859649122807015,564.6173149309913
5.75,121,18723,112.0,54.0,60.0,148.0,344.0,27457.86394371969,0.5363091819151555,0.4628099173553719,584.3478260869565
5.96,138,19709,112.0,54.0,60.0,148.0,298.0,21297.64109430792,0.6411857773336664,0.4927536231884058,644.2953020134229
1.12,26,3541,112.0,54.0,60.0,148.0,184.0,21849.693786982254,0.5469637396242901,0.46153846153846156,642.8571428571428
1.0,28,4519,112.0,54.0,60.0,193.0,305.90000000000003,22414.667091836738,0.7281070745697896,0.4642857142857143,780.0
7.6,169,29090,112.0,54.0,60.0,220.0,356.8000000000002,35765.41500647737,0.48965587873822203,0.4556213017751479,607.8947368421053
4.44,128,28332,97.5,54.0,60.0,184.0,520.8999999999999,109767.1162109375,0.4327905330231617,0.5,770.2702702702702
6.49,149,24429,112.0,54.0,60.0,220.0,356.8000000000002,33283.09175262376,0.5380595605364226,0.47651006711409394,619.4144838212634
3.29,77,13507,112.0,54.0,60.0,184.0,414.4000000000002,50768.32079608704,0.49149734982332155,0.4675324675324675,638.2978723404256
4.53,98,21674,112.0,54.0,60.0,184.0,493.5999999999998,114129.89171178675,0.3282264983453855,0.45918367346938777,596.0264900662252
5.46,135,26931,112.0,54.0,60.0,184.0,376.2000000000002,85179.56839506172,0.41667543398211465,0.42962962962962964,637.3626373626374
5.22,110,14961,112.0,54.0,60.0,148.0,292.50000000000006,13798.099917355372,0.6429826488029871,0.4636363636363636,563.2183908045978
3.45,88,13377,112.0,54.0,54.0,157.0,372.6999999999999,21602.60214359504,0.6522974308300395,0.4772727272727273,695.6521739130435
2.55,52,6996,107.5,54.0,54.0,157.0,252.39999999999995,16594.940828402367,0.4793825333051385,0.4807692307692308,588.2352941176471
9.56,218,34904,112.0,54.0,60.0,184.0,364.0,26148.987879808094,0.5530835632286197,0.44495412844036697,608.786610878661
4.42,106,15893,112.0,54.0,60.0,184.0,299.0,19022.382431470272,0.43438628158844766,0.44339622641509435,624.4343891402715
4.31,91,14478,112.0,54.0,60.0,184.0,328.0,24514.330877913297,0.6379680959384546,0.4835164835164835,584.6867749419954
0.79,28,6186,97.5,54.0,60.0,184.0,644.8000000000002,74754.2806122449,0.7207232267037552,0.5,911.3924050632911
7.11,175,37733,112.0,54.0,60.0,220.0,486.19999999999993,92039.12770612245,0.4626894600147304,0.4857142857142857,675.1054852320675
4.72,85,13364,112.0,54.0,60.0,184.0,337.2000000000004,22385.49121107266,0.6655034895314058,0.4470588235294118,483.0508474576271
7.57,171,35069,112.0,54.0,60.0,261.0,483.0,61043.981601176434,0.5055596101833169,0.4502923976608187,602.3778071334214
2.21,42,7928,112.0,54.0,60.0,220.0,323.5,61395.514739229024,0.42333931777378814,0.42857142857142855,488.68778280542983
2.16,65,11901,83.0,54.0,60.0,148.0,417.6000000000001,70114.60686390531,0.8774254614292475,0.5384615384615384,861.111111111111
9.73,216,28275,83.0,54.0,54.0,148.0,288.5,12657.661844135802,0.7077369088603008,0.5092592592592593,647.4820143884891
0.54,17,3198,148.0,54.0,60.0,256.0,385.6,28291.515570934254,0.7885906040268457,0.4117647058823529,777.7777777777777
6.32,154,26987,112.0,54.0,60.0,247.0,400.0,31315.234483049422,0.5521366538218209,0.44155844155844154,645.5696202531645
7.86,182,43465,112.0,54.0,60.0,292.0,543.2,92972.44514551385,0.3413881430731722,0.4230769230769231,587.7862595419847
0.3,12,1513,71.5,54.6,60.0,148.0,265.9,10425.90972222222,1.564406779661017,0.6666666666666666,1200.0
6.52,205,59512,112.0,54.0,60.0,256.0,1072.9999999999995,189208.19145746587,0.2551302330486133,0.44878048780487806,828.2208588957055
2.97,71,13160,112.0,54.0,60.0,220.0,475.0,41908.509819480256,0.36486206181290187,0.4788732394366197,646.4646464646464
9.03,190,38749,112.0,54.0,60.0,263.5,490.89999999999986,57649.77033240997,0.7708161959601499,0.47368421052631576,584.717607973422
6.19,130,24227,83.0,54.0,60.0,292.0,400.0,43382.43082840237,0.7452096239734909,0.5384615384615384,581.5831987075928
7.9,187,34777,112.0,54.0,60.0,268.0,399.4,34339.0206754554,0.6377978713384195,0.44919786096256686,622.7848101265822
6.38,173,45901,112.0,54.0,60.0,297.0,648.0000000000005,103802.80851348193,0.6149245329486683,0.3815028901734104,620.6896551724138
5.68,114,26358,112.0,54.0,60.0,297.0,540.7,72886.0083102493,0.536372114712054,0.4649122807017544,528.169014084507
9.21,183,31287,112.0,54.0,60.0,238.0,364.0,31628.589088954584,0.7052924183790266,0.4808743169398907,566.7752442996742
0.4,21,8303,184.0,60.0,60.0,364.0,1509.0,262573.85487528343,0.22698389241909264,0.42857142857142855,1350.0
2.22,36,5993,112.0,54.0,60.0,184.0,346.0,28499.80478395062,0.44305321454370333,0.4444444444444444,432.4324324324324
0.89,26,5081,112.0,54.0,60.0,247.0,397.5,53662.32100591717,0.6197003506534906,0.4230769230769231,741.5730337078652
6.01,123,20406,112.0,54.0,60.0,220.0,309.0,31851.957961530832,0.4971386647101981,0.4634146341463415,569.0515806988353
9.55,245,55184,112.0,54.0,60.0,297.0,493.0,76399.23588504788,0.4726729291204099,0.46938775510204084,684.8167539267015
2.45,63,10257,112.0,54.0,60.0,220.0,315.2000000000001,17745.741496598646,0.4569602272727273,0.49206349206349204,685.7142857142857
6.58,147,26013,112.0,54.0,60.0,220.0,422.8000000000001,28032.1071775649,0.7230575611048553,0.4489795918367347,601.823708206687
6.86,152,33040,112.0,54.0,60.0,298.0,501.7000000000004,58450.16689750693,0.7511129955480178,0.4605263157894737,612.2448979591836
4.27,111,32551,112.0,54.0,60.0,364.0,652.0,142187.91835078323,0.3298063567284909,0.46846846846846846,646.3700234192038
5.95,121,34238,112.0,54.0,60.0,400.0,760.0,120774.8660610614,0.8090457571594631,0.47107438016528924,554.6218487394958
1.31,24,5536,112.0,55.800000000000004,60.0,307.0,503.29999999999984,82700.13888888888,1.013090909090909,0.4583333333333333,503.8167938931298
1.38,25,5167,112.0,54.0,60.0,256.0,493.6,41254.617600000005,0.8975394785163423,0.44,478.2608695652174
4.08,68,16287,130.0,54.0,60.0,298.75,580.0,69507.74978373702,0.6761346094473603,0.4411764705882353,441.17647058823525
7.62,172,46506,112.0,54.0,60.0,355.5,656.5,96943.72485127095,0.8292164883574575,0.4418604651162791,598.4251968503937
8.79,183,32934,112.0,54.0,60.0,256.0,435.20000000000005,34188.32679387261,0.5851944551405468,0.4918032786885246,587.0307167235495
1.62,42,9440,112.0,54.0,60.0,256.0,508.0,82666.46712018142,0.5299837925445705,0.47619047619047616,740.7407407407406
8.61,139,24100,112.0,54.0,60.0,256.0,368.6000000000001,31950.034470265517,0.5471528535661553,0.4676258992805755,439.0243902439025
8.51,203,46121,112.0,54.0,60.0,292.0,566.4000000000003,75426.04984348081,0.545920761547228,0.49261083743842365,648.6486486486486
3.25,104,30538,112.0,54.0,60.0,232.25,912.7000000000005,179868.0780325444,0.2452291632686348,0.49038461538461536,867.6923076923076
8.82,180,41605,112.0,54.0,60.0,297.0,448.1,73334.04182098765,0.6967781402936378,0.4444444444444444,537.4149659863946
7.38,131,29366,112.0,54.0,60.0,328.0,508.0,55102.73515529398,0.483056411292359,0.4580152671755725,479.6747967479675
1.6,32,6990,109.0,54.0,60.0,258.5,400.0,71257.43359375,1.7519685039370079,0.46875,562.5
0.55,9,1204,83.0,58.8,60.0,148.0,306.40000000000003,11787.72839506173,0.9202551834130781,0.6666666666666666,436.3636363636364
9.7,173,39477,112.0,54.0,60.0,292.0,544.0,78478.32777573592,0.6558449729457657,0.4624277456647399,494.84536082474233
3.72,87,19649,112.0,54.0,60.0,324.0,508.4,59951.02364909499,0.5551246537396122,0.47126436781609193,661.2903225806451
6.41,136,49087,112.0,54.0,60.0,373.0,1514.0,225329.42944420417,0.2727720590141831,0.4338235294117647,552.2620904836193
3.81,88,20467,112.0,54.0,60.0,268.25,462.19999999999993,107058.40276342975,0.4492989661521031,0.48863636363636365,645.6692913385826
0.19,14,3107,86.0,54.0,54.0,286.75,467.5,68916.7806122449,0.1890547263681592,0.5,2210.5263157894738
7.98,185,33818,91.0,54.0,60.0,256.0,436.0,37651.00324324324,0.6089252580998145,0.5027027027027027,631.578947368421
5.31,112,23186,112.0,54.0,60.0,266.25,535.3000000000005,50569.62468112245,0.48238603669842084,0.44642857142857145,553.6723163841808
6.52,126,25701,112.0,54.0,60.0,295.75,465.5,41010.070861678,0.6464445868033312,0.4523809523809524,515.3374233128835
8.35,167,34966,112.0,54.0,60.0,292.0,522.4000000000002,46731.049302592415,0.5450488268304537,0.48502994011976047,538.9221556886228
5.09,101,22910,148.0,54.0,60.0,292.0,472.0,75534.7142437016,0.44597323908104014,0.45544554455445546,518.664047151277
4.98,113,33027,112.0,54.0,60.0,292.0,812.7999999999993,170592.3583679223,0.22544618010463433,0.4424778761061947,590.3614457831325
5.7,136,36779,112.0,54.0,60.0,328.0,637.5,114421.922091263,0.3886728336794412,0.4411764705882353,631.578947368421
8.16,187,39994,112.0,54.0,60.0,282.5,472.0,73791.5129400326,0.5732043112264967,0.44919786096256686,602.9411764705882
7.09,169,34872,112.0,54.0,60.0,266.0,494.2000000000006,46662.47393298554,0.3775232075844361,0.44970414201183434,626.2341325811001
2.56,61,14165,148.0,54.0,60.0,292.0,519.0,85494.26605751143,0.23960794609258773,0.4098360655737705,585.9375
7.53,200,42411,112.0,54.0,60.0,328.0,511.29999999999984,57792.961975,0.4981454661061853,0.475,709.1633466135459
8.18,221,85560,148.0,54.0,60.0,422.0,1509.0,253361.1224995393,0.18740979238370156,0.4298642533936652,652.8117359413203
5.03,112,25648,112.0,54.0,60.0,293.0,580.0,73955.30357142857,0.6801834261382247,0.45535714285714285,596.4214711729621
2.06,36,6636,112.0,54.0,60.0,328.0,414.0,25381.666666666664,0.460387323943662,0.4444444444444444,466.0194174757282
9.55,228,41914,112.0,54.0,60.0,256.0,418.3,43898.84064327485,0.427831715210356,0.4692982456140351,647.1204188481674
9.15,230,52655,112.0,54.0,60.0,267.0,472.0,97022.69574669187,0.30871899388576823,0.45652173913043476,675.4098360655738
0.78,23,4059,148.0,60.0,60.0,279.5,320.8,15478.162570888468,0.8602199816681944,0.391304347826087,692.3076923076923
0.98,24,2929,75.5,60.0,60.0,157.0,234.39999999999995,6920.706597222222,0.8467843631778058,0.5416666666666666,734.6938775510205
0.85,13,2786,112.0,54.0,54.0,328.0,400.0,34081.136094674555,0.35374149659863946,0.46153846153846156,423.5294117647059
0.83,12,2053,148.0,54.0,54.0,256.0,283.0,16963.576388888887,0.6437149719775821,0.4166666666666667,361.44578313253015
8.64,205,43671,112.0,54.0,60.0,292.0,466.79999999999995,66700.60402141583,0.4107898562429333,0.4682926829268293,652.7777777777777
6.7,156,34594,112.0,54.0,60.0,292.0,554.0,71486.17143326759,0.5046757426819191,0.46794871794871795,617.9104477611941
0.95,34,14587,283.0,54.0,60.0,478.75,1508.0,232315.26384083042,0.12667027110527534,0.3235294117647059,694.7368421052632
5.31,116,22938,112.0,54.0,60.0,184.0,446.0,61022.74346016646,0.4436402542639562,0.4827586206896552,587.5706214689266
5.71,172,72537,112.0,54.0,60.0,473.75,1508.0,294139.03579637647,0.1414521306728772,0.436046511627907,788.091068301226
8.9,241,55251,112.0,54.0,60.0,292.0,449.0,95749.245019886,0.3749502289468445,0.47717842323651455,741.5730337078651
0.69,18,3227,83.0,54.0,60.0,265.0,410.8,22480.978395061727,0.4006076388888889,0.5555555555555556,695.6521739130435
9.4,192,41755,112.0,54.0,60.0,293.25,573.7000000000002,69029.2493218316,0.27992520614290534,0.4270833333333333,517.0212765957447
8.95,215,48326,112.0,54.0,60.0,280.0,527.1999999999998,70977.92480259601,0.38113746784795655,0.4418604651162791,630.1675977653632
4.42,97,17845,112.0,54.0,54.0,256.0,425.60000000000036,31517.555744499947,0.37322046941131204,0.4536082474226804,597.2850678733031
3.82,95,18064,83.0,54.0,60.0,220.0,503.6,53949.89407202214,0.38009015203606084,0.5157894736842106,691.0994764397906
2.65,56,8949,109.0,54.0,54.0,184.0,346.5,28762.80070153061,0.5078348778433024,0.48214285714285715,611.3207547169811
4.34,97,18173,148.0,54.0,60.0,292.0,455.0000000000001,24485.877138909556,0.5515239477503628,0.44329896907216493,594.4700460829494
5.08,124,28922,112.0,54.0,60.0,297.0,494.6,78140.55437044744,0.4148322081988064,0.4112903225806452,602.3622047244095
0.38,15,1670,83.0,54.0,54.0,148.0,208.6,4393.422222222222,0.5799432355723746,0.6,947.3684210526316
8.66,183,35579,112.0,54.0,60.0,225.0,462.8000000000003,55471.642628922935,0.4692352163858606,0.46994535519125685,561.2009237875288
8.05,187,35408,112.0,54.0,60.0,222.5,446.4,56970.53693271183,0.3759229035517215,0.48128342245989303,611.1801242236024
6.45,143,29256,112.0,54.0,60.0,256.0,505.4,50764.52207931929,0.383785829155236,0.43356643356643354,576.7441860465117
6.9,168,32844,112.0,54.0,60.0,256.0,400.0,55211.17857142857,0.33436255789388153,0.4583333333333333,643.4782608695651
4.56,98,16082,112.0,54.0,60.0,175.0,382.49999999999983,27814.15285297792,0.5935394371779628,0.45918367346938777,578.9473684210526
4.56,136,27233,87.0,54.0,60.0,220.0,400.0,109433.68376946369,0.7940052700922267,0.5367647058823529,842.1052631578948
1.39,47,10383,112.0,54.0,57.0,238.0,569.5999999999998,69815.39701222273,0.24228284278535533,0.48936170212765956,949.6402877697842
2.15,51,10579,137.0,54.0,60.0,256.0,436.0,57348.63744713571,0.6237912509593246,0.37254901960784315,530.2325581395348
5.04,118,23618,112.0,54.0,60.0,263.5,541.9,54576.875035909216,0.3323930948888638,0.4491525423728814,630.952380952381
2.92,103,38390,112.0,54.0,60.0,359.5,1509.0,250494.92072768396,0.18865529306127504,0.4368932038834951,883.5616438356165
3.68,88,13308,97.5,54.0,60.0,184.0,293.79999999999995,30675.266528925615,0.4842739237118001,0.5,684.7826086956521
6.71,158,28923,112.0,54.0,60.0,220.0,439.0000000000001,42265.028400897296,0.4836111823544499,0.4810126582278481,643.8152011922505
2.23,42,6818,83.0,54.0,54.0,205.75,494.49999999999983,26486.698412698406,0.3329423264907136,0.5476190476190477,538.1165919282511
8.72,218,50113,112.0,54.0,60.0,264.25,481.30000000000035,94588.45713744634,0.3933824551647435,0.43119266055045874,633.0275229357798
9.46,236,39711,112.0,54.0,60.0,220.0,350.0,41780.78890764148,0.5128576326717208,0.461864406779661,646.9344608879492
6.89,151,33745,112.0,54.0,60.0,292.0,552.0,62758.30244287531,0.44345110787920267,0.45695364238410596,592.1625544267054
1.45,39,6789,112.0,54.0,60.0,222.5,385.6000000000003,33072.99408284024,0.4914323374340949,0.48717948717948717,744.8275862068965
3.99,69,14103,112.0,54.0,60.0,322.0,442.6000000000001,37007.25267800882,0.629839362070958,0.4492753623188406,451.12781954887214
5.73,129,23783,112.0,54.0,60.0,256.0,407.2000000000001,38598.55717805421,0.4005653377304046,0.4573643410852713,607.3298429319372
8.61,174,32199,112.0,54.0,60.0,247.0,415.40000000000003,44544.98008323425,0.8277232218879491,0.4942528735632184,557.4912891986063
7.99,150,27903,112.0,54.0,60.0,220.0,436.0,42110.20626666666,0.7102666258044744,0.44666666666666666,503.12891113892357
7.77,166,32663,109.0,54.0,60.0,184.0,511.0,76849.33636957468,0.45020645562314077,0.4939759036144578,548.2625482625482
3.58,90,14903,83.0,54.0,60.0,184.0,377.5000000000002,36104.26432098765,0.5677466863033873,0.5222222222222223,687.1508379888268
2.36,66,12721,87.0,54.0,60.0,187.75,405.0,70661.79729109276,0.6429032674673899,0.5303030303030303,788.135593220339
1.54,40,8014,112.0,60.0,60.0,229.0,489.2000000000001,46451.8275,0.843570278352887,0.45,662.3376623376623
9.55,193,38535,112.0,54.0,60.0,266.0,436.0,55394.793309887515,0.5494571773220748,0.43523316062176165,527.7486910994764
5.17,91,21148,112.0,54.0,60.0,261.0,616.0,86385.75558507426,0.5116511794138671,0.4725274725274725,475.8220502901354
7.62,174,30077,112.0,54.0,60.0,220.0,389.2000000000006,28855.123034746997,0.5215763646481509,0.4482758620689655,598.4251968503937
3.23,64,12619,112.0,54.0,60.0,265.0,419.6000000000001,54075.642333984375,0.48179896665100985,0.421875,501.5479876160991
7.26,157,31438,112.0,54.0,60.0,220.0,544.0,56099.4573410686,0.49462774555481603,0.45222929936305734,586.7768595041323
2.99,74,13320,112.0,54.0,60.0,220.0,428.40000000000026,34561.75675675676,0.5441687920241132,0.47297297297297297,662.2073578595317
1.07,23,4280,112.0,54.0,54.0,274.0,472.0000000000001,27050.514177693753,0.47079037800687284,0.43478260869565216,560.7476635514018
4.4,93,18571,112.0,54.0,60.0,280.0,508.8,41087.827494508034,0.5981927710843373,0.44086021505376344,531.8181818181819
1.7,42,9081,112.0,54.0,60.0,247.0,572.8,70081.64455782312,0.26037473976405273,0.47619047619047616,635.2941176470589
2.37,54,15875,107.5,54.0,55.5,274.0,924.2000000000006,186534.9070644719,0.22115384615384615,0.48148148148148145,632.9113924050633
0.39,9,3510,148.0,54.0,60.0,335.0,1053.8000000000002,226298.88888888888,0.49361702127659574,0.3333333333333333,461.5384615384615
0.35,16,2855,112.0,57.0,60.0,232.0,359.5,20841.12109375,1.1070110701107012,0.3125,857.1428571428572
1.22,30,4590,60.0,54.0,60.0,211.0,328.0,26393.2,0.6949778434268833,0.5666666666666667,786.8852459016395
1.88,40,5968,112.0,54.0,60.0,220.0,300.1,12834.61,0.5310415597742432,0.45,574.468085106383
2.61,69,12484,112.0,54.0,60.0,220.0,374.40000000000015,47579.51648813276,0.4497735454651028,0.4782608695652174,712.6436781609195
3.85,67,15958,112.0,54.0,60.0,292.0,653.1999999999999,88225.63956337716,0.5556638720998245,0.4626865671641791,483.1168831168831
3.41,76,11769,112.0,54.0,60.0,220.0,298.0,25557.176419667587,0.5086527368286117,0.47368421052631576,633.4310850439882
0.03,4,654,166.0,82.2,124.5,205.0,242.8,5892.75,0.4469026548672566,0.25,2000.0
8.9,208,41265,112.0,54.0,60.0,229.0,448.3000000000001,62837.40123428254,0.42588113337940564,0.47596153846153844,613.4831460674156
2.08,69,12671,112.0,54.0,54.0,256.0,358.40000000000003,49452.98466708674,0.4187660956219908,0.463768115942029,894.2307692307693
1.95,27,3423,60.0,54.0,54.0,148.0,234.4000000000001,10398.83950617284,0.45103857566765576,0.5185185185185185,430.7692307692308
1.62,78,12078,83.5,54.0,60.0,148.0,268.5999999999999,43099.18145956607,0.8105231599460351,0.5897435897435898,1259.2592592592591
5.82,133,24663,112.0,54.0,60.0,256.0,413.59999999999997,43534.71208095426,0.6186257137231739,0.45112781954887216,608.2474226804123
1.9,45,15402,112.0,54.0,60.0,301.0,1294.4000000000003,213330.41777777777,0.13533834586466165,0.4,568.4210526315791
3.72,82,13860,112.0,54.0,60.0,184.0,381.10000000000036,42576.75550267697,0.3780075561741897,0.45121951219512196,596.7741935483871
1.19,22,3725,112.0,54.0,60.0,166.0,321.70000000000016,43116.85330578512,1.0366320393657737,0.45454545454545453,504.20168067226894
3.96,105,18488,112.0,54.0,60.0,184.0,380.80000000000024,44360.679909297054,0.5018683996750609,0.47619047619047616,712.1212121212121
9.71,201,29637,112.0,54.0,60.0,184.0,325.0,17770.06816662954,0.5941584637727932,0.46766169154228854,562.3069001029866
7.03,139,22319,112.0,54.0,60.0,184.0,334.0000000000001,27457.97194762176,0.5642696944210821,0.4892086330935252,529.1607396870554
5.9,143,23857,112.0,54.0,60.0,184.0,364.0,39245.44036383197,0.5929091273285705,0.4825174825174825,640.6779661016949
9.5,225,38247,112.0,54.0,60.0,220.0,364.0,39499.399822222214,0.5300636076329159,0.4711111111111111,656.8421052631579
8.9,200,34149,112.0,54.0,60.0,193.0,369.2999999999997,35278.909975,0.6638569479633599,0.47,620.2247191011236
8.61,205,42586,112.0,54.0,60.0,256.0,458.19999999999993,65751.91110053539,0.3903816644356655,0.43902439024390244,613.2404181184669
4.35,88,14638,112.0,54.0,60.0,220.0,302.7,35818.95196280992,0.5879800390540247,0.4431818181818182,537.9310344827586
9.69,255,81934,112.0,54.0,60.0,266.5,1508.0,220847.6099038831,0.24063474758487025,0.43529411764705883,668.7306501547987
9.82,239,43889,112.0,54.0,60.0,256.0,436.0,39423.87167591604,0.624134996114421,0.4769874476987448,659.877800407332
0.98,22,4506,86.0,54.0,60.0,254.5,431.5000000000001,62264.14876033059,0.6688888888888889,0.5,673.4693877551022
7.06,156,28181,112.0,54.0,60.0,184.0,359.5,57913.62569855359,0.38863703557701784,0.4807692307692308,620.3966005665723
1.41,28,6629,112.0,54.0,60.0,268.25,393.7,120133.25892857143,0.30723723131532243,0.39285714285714285,468.0851063829787
0.59,17,2737,148.0,54.0,60.0,148.0,410.6,19560.235294117647,0.5613234455219623,0.4117647058823529,711.8644067796611
0.95,17,2748,112.0,57.6,60.0,148.0,364.0000000000001,28955.875432525958,0.8719346049046321,0.47058823529411764,505.26315789473693
0.18,3,643,148.0,77.6,104.0,291.5,377.6,25637.55555555555,0.298989898989899,0.3333333333333333,333.3333333333333
7.88,178,31716,112.0,54.0,60.0,211.0,455.8000000000002,42602.05756848882,0.500638750887154,0.46629213483146065,586.2944162436548
3.61,72,10963,112.0,54.0,60.0,193.0,307.9,17669.69425154321,0.7213063275239441,0.4861111111111111,531.8559556786704
8.13,181,31491,112.0,54.0,60.0,220.0,328.0,45686.71243246543,0.5553415320788265,0.4585635359116022,612.5461254612545
1.56,43,8047,112.0,54.0,60.0,220.0,351.40000000000026,51493.7479718767,0.5775338168986474,0.4418604651162791,692.3076923076923
3.67,72,10483,112.0,54.0,60.0,193.0,307.9,10589.68499228395,0.544798113763631,0.4305555555555556,506.8119891008174
3.5,88,29121,112.0,54.0,60.0,328.0,1509.0,212310.73230888433,0.21019822964717616,0.4318181818181818,651.4285714285714
5.62,134,21300,112.0,54.0,60.0,211.0,322.30000000000007,24678.550233905098,0.5570175438596491,0.4925373134328358,651.2455516014235
0.27,9,1906,112.0,54.0,60.0,298.0,447.20000000000005,54054.61728395062,1.1415730337078651,0.4444444444444444,888.8888888888888
6.13,136,29211,112.0,54.0,60.0,256.0,494.0,72917.8442365917,0.46223156630124645,0.4411764705882353,587.2756933115824
0.31,5,1101,112.0,60.0,60.0,184.0,484.6,56076.96,0.36770186335403726,0.4,387.0967741935484
4.83,108,24759,112.0,54.0,60.0,220.0,575.9999999999995,104538.40972222222,0.3558403154263184,0.4351851851851852,583.8509316770186
7.98,167,28571,112.0,54.0,60.0,184.0,424.6,34341.849259564704,0.6773909469852639,0.49101796407185627,556.390977443609
5.99,219,90816,112.0,54.0,60.0,292.0,1514.0,459128.7546131231,1.9967332123411978,0.4840182648401826,1021.702838063439
3.24,82,14470,112.0,54.0,60.0,247.0,360.4000000000002,41854.10232004758,0.5992484526967286,0.4634146341463415,685.1851851851851
2.62,58,10191,112.0,54.0,60.0,286.0,423.20000000000005,23349.379607609986,0.4947198591962452,0.41379310344827586,549.6183206106871
4.95,107,21015,112.0,54.0,60.0,292.0,400.0,39372.539435758576,0.4636439615545341,0.4205607476635514,545.4545454545454
6.13,136,28918,112.0,54.0,60.0,256.0,463.0,66116.01189446368,0.7372341703712604,0.45588235294117646,587.2756933115824
3.26,66,14563,112.0,54.0,60.0,254.5,562.0,70183.6512855831,0.44345326593319456,0.45454545454545453,533.7423312883436
0.68,13,3444,148.0,55.2,60.0,276.0,755.6000000000004,90486.53254437869,0.8676789587852495,0.38461538461538464,441.17647058823525
7.68,190,70071,148.0,54.0,60.0,386.75,1508.0,227778.11049861496,0.22780795514280708,0.39473684210526316,578.125
5.5,141,74493,148.0,54.0,60.0,1508.0,1508.0,386699.08254111966,0.09716330858960763,0.3971631205673759,600.0
5.01,125,48291,112.0,54.0,60.0,400.0,1514.0,273214.95641600003,0.1700668734250824,0.408,586.8263473053893
9.33,200,38723,112.0,54.0,60.0,256.0,436.0,45245.816775,0.4927910562837317,0.44,533.7620578778135
6.19,126,24736,112.0,54.0,60.0,256.0,476.0,49847.153187200805,0.7088773747841105,0.47619047619047616,562.1970920840064
9.55,262,54853,112.0,54.0,60.0,269.25,436.0,67201.94867723326,0.45379131218361557,0.44656488549618323,722.5130890052355
2.72,62,8415,83.0,54.0,54.0,148.0,293.69999999999993,15506.586108220601,0.38609784220062593,0.5483870967741935,661.7647058823529
7.47,159,29465,112.0,54.0,60.0,287.5,445.40000000000003,31899.926268739368,0.4969010363747206,0.4716981132075472,578.3132530120482
1.57,40,8153,112.0,54.0,60.0,292.0,395.5000000000003,58833.79437499998,0.4078742876877914,0.4,611.4649681528662
8.05,172,34389,148.0,54.0,60.0,267.0,400.0,40498.82730530016,0.6375714285714286,0.4476744186046512,566.4596273291925
4.2,102,21723,112.0,54.0,60.0,256.0,414.4000000000001,74124.16580161476,0.5675422138836773,0.4215686274509804,614.2857142857142
6.19,140,27016,112.0,54.0,60.0,267.75,455.0,39865.856326530615,0.49524020367500554,0.4785714285714286,610.6623586429725
8.78,202,77008,112.0,54.0,60.0,391.0,1295.9000000000005,347178.81942946767,0.7673329814334565,0.43564356435643564,594.5330296127563
3.18,74,14478,97.5,54.0,60.0,292.0,436.0,55903.84952520088,1.193968783148962,0.5,660.3773584905659
2.58,34,9862,112.0,60.0,60.0,400.0,824.8,99491.17301038063,1.3775313404050145,0.4411764705882353,348.83720930232556
6.55,165,73423,112.0,54.0,60.0,581.0,1514.0,306805.9392470156,0.15383285664896124,0.4484848484848485,586.2595419847329
3.17,50,10438,112.0,59.400000000000006,60.0,247.0,535.2,58414.7824,1.2399141630901287,0.46,435.3312302839117
9.27,200,54558,112.0,54.0,60.0,297.0,580.0,133196.82590000003,0.37737944963393083,0.455,569.5792880258899
9.62,244,55648,112.0,54.0,60.0,266.25,479.70000000000107,94726.70881483474,0.3838310993957178,0.4672131147540984,679.8336798336799
9.25,188,39598,112.0,54.0,60.0,256.0,468.8000000000002,78608.16987324582,0.47759244747938356,0.4574468085106383,544.8648648648648
0.33,4,576,112.0,75.6,99.0,157.0,238.00000000000003,7752.0,0.6363636363636364,0.25,181.8181818181818
2.93,67,13220,148.0,54.0,60.0,243.0,395.2,55986.543550902206,0.7426838913788558,0.4626865671641791,634.8122866894198
8.68,204,39483,112.0,54.0,60.0,256.0,472.0,47021.4441320646,0.4920077088765446,0.46568627450980393,642.8571428571429
8.98,188,35476,112.0,54.0,60.0,256.0,465.1000000000001,40975.358080579455,0.6314555070131065,0.48404255319148937,581.2917594654788
6.57,104,23548,112.0,54.0,60.0,307.0,501.4000000000001,56717.03254437871,0.7008306247742867,0.4423076923076923,401.82648401826486
0.43,14,2080,83.0,54.0,60.0,139.0,378.4000000000001,18765.38775510204,1.6262626262626263,0.5,976.7441860465116
9.96,175,47262,112.0,54.0,60.0,328.0,580.0,143235.6067265306,0.41443706230921173,0.4742857142857143,463.855421686747
3.77,85,15505,112.0,54.0,60.0,256.0,408.4000000000001,37013.230449826995,0.6954620010934938,0.47058823529411764,620.6896551724137
7.85,149,27604,112.0,54.0,60.0,256.0,403.0000000000002,40486.152966082605,0.6414342629482072,0.4563758389261745,519.7452229299363
7.52,147,25113,112.0,54.0,60.0,220.0,323.20000000000005,42275.864500902404,0.5218155375106047,0.47619047619047616,550.5319148936171
0.89,16,3004,112.0,54.0,60.0,259.25,398.5,30211.8125,0.9633986928104575,0.4375,471.91011235955057
8.28,179,26818,91.0,54.0,60.0,220.0,298.0,22176.359102400053,0.77979824794266,0.5027932960893855,615.9420289855074
1.96,48,8273,112.0,54.0,60.0,265.0,374.8000000000002,21798.52039930556,0.6085942057165079,0.4583333333333333,673.4693877551022
6.89,116,21635,112.0,54.0,60.0,256.0,382.0,48036.439580856146,0.516223982059009,0.45689655172413796,461.53846153846155
5.33,108,19165,112.0,54.0,60.0,220.0,306.9999999999999,43683.48859739368,0.4879658385093168,0.4722222222222222,551.594746716698
4.76,129,31821,112.0,54.0,60.0,220.0,500.40000000000003,130723.32035334414,0.2703501137769971,0.46511627906976744,705.8823529411766
6.7,166,35422,112.0,54.0,60.0,220.0,447.5,90255.91159820004,0.3972624354068873,0.46987951807228917,644.776119402985
9.5,243,77196,112.0,54.0,60.0,297.0,1508.0,201108.52248132913,0.18217457886676877,0.4444444444444444,650.5263157894738
7.02,152,27934,112.0,54.0,60.0,184.0,461.2000000000001,54050.47628116344,0.5165861338834898,0.48026315789473684,581.1965811965812
4.24,84,14113,112.0,54.0,60.0,220.0,353.2000000000001,30179.130810657593,0.7871343548182854,0.4642857142857143,551.8867924528302
1.84,43,8660,112.0,54.0,60.0,184.0,412.00000000000006,60669.4018388318,0.34890965732087226,0.46511627906976744,652.1739130434783
7.42,159,30142,112.0,54.0,60.0,266.5,436.0,44146.94917131442,0.52586817859674,0.4528301886792453,582.2102425876011
7.42,133,24434,112.0,54.0,60.0,220.0,461.5999999999999,48451.04618689581,0.7258087300466167,0.48120300751879697,501.34770889487874
6.31,145,24811,91.0,54.0,60.0,220.0,396.4,31964.980927467295,0.4706300752771027,0.503448275862069,646.5927099841522
9.02,152,28074,112.0,54.0,60.0,220.0,412.6000000000001,54053.50051939058,0.5042597653110432,0.46710526315789475,445.6762749445677
0.31,9,1252,112.0,58.8,60.0,148.0,207.60000000000005,12922.76543209877,0.5157384987893463,0.3333333333333333,580.6451612903226
0.57,13,2348,60.0,55.2,60.0,256.0,466.40000000000015,30472.852071005913,0.9898305084745763,0.5384615384615384,736.8421052631579
4.93,103,16405,112.0,54.0,60.0,220.0,296.79999999999995,21456.256197568102,0.5068430237898411,0.4368932038834951,547.6673427991886
2.37,39,6992,112.0,54.0,60.0,238.0,364.0,57564.869165023025,0.521985198084458,0.48717948717948717,481.0126582278481
9.08,195,36421,91.0,54.0,60.0,220.0,446.0,55172.50293228139,0.5773495019488957,0.5025641025641026,581.4977973568282
2.83,45,11226,112.0,54.0,60.0,360.0,560.2,79065.98222222224,0.6601597160603372,0.4444444444444444,424.02826855123675
3.65,66,9691,112.0,54.0,60.0,148.0,312.5,33316.83585858586,0.6057995028997515,0.4696969696969697,493.1506849315069
8.69,199,38493,112.0,54.0,60.0,220.0,436.0000000000008,61745.893639049544,0.3814103714336982,0.4472361809045226,614.499424626007
7.57,172,29824,112.0,54.0,60.0,184.0,438.70000000000005,40830.52974580854,0.5771549444738234,0.4941860465116279,634.0819022457067
3.42,60,9749,112.0,54.0,60.0,265.0,366.80000000000007,22167.18305555556,0.4899893015436344,0.45,473.6842105263158
7.45,169,25924,112.0,54.0,60.0,149.0,335.2000000000006,30363.95525366759,0.6119885586369854,0.47928994082840237,636.241610738255
3.04,63,9160,83.0,54.0,54.0,148.0,296.0,35607.00125976317,0.5335677214130253,0.5079365079365079,592.1052631578948
2.68,66,17074,112.0,54.0,60.0,184.0,675.0,172201.99908172633,0.18396782470009015,0.48484848484848486,604.4776119402985
5.95,135,20836,112.0,54.0,60.0,184.0,349.6000000000003,21157.17278463648,0.7161683551602009,0.4962962962962963,625.2100840336135
9.39,239,61838,112.0,54.0,60.0,292.0,523.2000000000005,131213.57486738675,0.2673539237185662,0.4225941422594142,632.5878594249201
3.2,75,21340,112.0,54.0,60.0,220.0,878.8000000000002,178419.90222222224,0.27677396194806747,0.44,600.0
4.01,94,12878,112.0,54.0,60.0,148.0,283.70000000000005,18109.787234042553,0.6503908753043701,0.48936170212765956,658.354114713217
6.23,124,21754,112.0,54.0,60.0,220.0,400.0,38888.05228928201,0.4517183850517184,0.45161290322580644,520.0642054574638
8.93,176,35727,112.0,54.0,60.0,220.0,436.0,77853.38064953512,0.34019806437092054,0.4375,517.357222844345
6.15,156,25476,112.0,54.0,60.0,184.0,346.0,39389.95660749506,0.7292967689383655,0.46794871794871795,682.9268292682926
6.69,169,33887,112.0,54.0,60.0,267.0,435.20000000000005,58982.8178285074,0.4086714333222481,0.47337278106508873,681.6143497757847
9.27,229,39157,112.0,54.0,60.0,220.0,364.0,26118.18332983734,0.6343336533244293,0.4366812227074236,640.7766990291262
3.0,84,13136,97.5,54.0,60.0,193.0,325.6,25202.973922902493,0.7725003373363919,0.5,800.0
7.74,157,26484,112.0,54.0,60.0,184.0,374.8000000000002,37669.93443953101,0.590917282393224,0.4585987261146497,558.1395348837209
4.43,107,15917,83.0,54.0,60.0,184.0,362.20000000000005,18945.71665647655,0.7802259255116877,0.5233644859813084,677.2009029345372
4.71,163,88976,148.0,54.0,54.0,1509.0,1509.0,402781.6504949378,0.08199871097977697,0.4049079754601227,815.2866242038217
8.35,176,32439,112.0,54.0,60.0,220.0,445.5,49890.010298295456,0.5125192334592251,0.4602272727272727,574.8502994011976
6.13,131,20298,112.0,54.0,60.0,184.0,328.0,27294.508595070216,0.5708094722179229,0.45038167938931295,567.6998368678629
1.81,44,8430,112.0,54.0,60.0,184.0,319.0000000000001,72028.05991735538,0.2963247731816085,0.45454545454545453,629.8342541436464
3.08,65,10745,112.0,54.0,60.0,256.0,346.6,24815.813017751476,0.6123949579831933,0.49230769230769234,584.4155844155844
4.44,121,37429,112.0,54.0,60.0,256.0,1104.0,202168.75022197943,0.35416063675832127,0.4297520661157025,675.6756756756756
3.98,86,14030,112.0,54.0,60.0,148.0,341.5,38717.79448350461,0.40384230538322996,0.45348837209302323,587.9396984924624
9.79,232,50041,112.0,54.0,60.0,220.0,542.2000000000005,88851.039963585,0.3920385000556359,0.47413793103448276,618.9989785495404
3.59,79,17866,112.0,54.0,60.0,238.0,651.0,76960.8376862682,0.4560717196414018,0.45569620253164556,601.6713091922006
7.59,172,32501,112.0,54.0,60.0,193.0,424.3000000000002,56441.969273931856,0.390000855358823,0.46511627906976744,584.9802371541502
1.47,27,5854,112.0,57.6,60.0,166.0,522.2,80118.0768175583,0.9377689506785832,0.4074074074074074,408.1632653061224
7.1,186,33205,112.0,54.0,60.0,184.0,403.0,46044.96996762632,0.59524381455681,0.4731182795698925,735.2112676056338
8.86,225,43009,112.0,54.0,60.0,225.0,473.79999999999995,46136.84827654321,0.5167513048384822,0.47555555555555556,690.744920993228
9.32,186,35569,112.0,54.0,60.0,220.0,415.0,60676.71537171927,0.4899258576634692,0.45161290322580644,540.7725321888412
7.8,173,29629,112.0,54.0,60.0,220.0,362.80000000000007,41540.64606234755,0.5237336076112111,0.47398843930635837,607.6923076923076
9.77,191,32313,112.0,54.0,60.0,220.0,366.0,34257.17250075381,0.5230486425339367,0.47643979057591623,522.0061412487206
0.61,16,3476,104.0,54.0,58.5,266.25,325.5,83651.0625,1.75,0.5,786.8852459016395
6.38,137,22504,112.0,54.0,60.0,220.0,359.20000000000005,32941.25941712398,0.5575858250276855,0.45255474452554745,583.0721003134796
5.95,139,27014,112.0,54.0,60.0,184.0,436.0,66372.08219036282,0.4232876712328767,0.4748201438848921,635.2941176470588
5.82,137,23728,83.0,54.0,60.0,184.0,325.4,46480.289626511796,0.5156818907697222,0.5036496350364964,649.4845360824742
7.18,182,35832,112.0,54.0,60.0,211.0,444.30000000000007,68755.9194541722,0.4463550496488254,0.45054945054945056,668.5236768802229
2.3,45,7772,112.0,54.0,60.0,220.0,463.6,25734.072098765435,0.4923195084485407,0.4444444444444444,521.7391304347826
8.29,174,34533,112.0,54.0,60.0,220.0,426.5000000000001,59245.55915576695,0.4387551037413549,0.42528735632183906,528.3474065138722
0.79,21,3408,112.0,54.0,60.0,148.0,364.0,31730.489795918365,1.1037037037037036,0.47619047619047616,759.493670886076
2.72,64,9961,112.0,54.0,60.0,184.0,342.20000000000016,21519.636474609375,0.4702583025830258,0.4375,617.6470588235294
3.97,97,14583,112.0,54.0,60.0,184.0,276.40000000000015,32857.915187586346,0.7536075036075036,0.4948453608247423,695.2141057934509
0.91,33,10178,148.0,54.0,60.0,299.0,621.6,168425.21395775938,0.1565909090909091,0.36363636363636365,791.2087912087912
8.13,197,38624,112.0,54.0,60.0,220.0,461.80000000000007,69489.78309155094,0.41216043289093635,0.45685279187817257,649.4464944649446
5.96,142,33451,112.0,54.0,60.0,184.0,505.3000000000002,126420.16053362426,0.2717560734516975,0.4507042253521127,624.1610738255034
9.46,255,42151,112.0,54.0,60.0,184.0,364.0,35911.18176086121,0.6080802685792767,0.49019607843137253,729.3868921775899
9.22,227,38338,112.0,54.0,60.0,220.0,328.0,35842.00108676667,0.5196004597883388,0.46255506607929514,670.2819956616052
2.32,55,9969,112.0,54.0,60.0,202.0,368.2,41514.044297520675,0.5386633739774657,0.4727272727272727,672.4137931034484
9.03,245,40104,112.0,54.0,60.0,220.0,328.0,30015.299691795088,0.5628385487705078,0.46938775510204084,730.8970099667774
0.21,9,1073,60.0,58.8,60.0,148.0,235.8,6848.839506172839,2.0482954545454546,0.5555555555555556,1428.5714285714284
3.28,66,9510,112.0,54.0,60.0,184.0,309.5,12975.628099173553,0.5358527131782945,0.45454545454545453,530.4878048780488
3.49,77,18258,112.0,54.0,60.0,184.0,577.400000000001,123136.46685781749,0.3918280225644153,0.45454545454545453,584.5272206303724
3.81,83,13250,112.0,54.0,60.0,166.0,296.79999999999995,45202.23080272898,0.4857591388203633,0.4578313253012048,598.4251968503937
0.2,4,1032,166.0,86.4,126.0,298.0,503.20000000000005,50676.0,0.4742857142857143,0.25,300.0
8.76,197,36220,112.0,54.0,60.0,184.0,396.4,62555.23868174908,0.43621872397795314,0.45685279187817257,602.7397260273973
1.69,47,8811,112.0,54.0,60.0,184.0,450.4,40428.75961973744,0.8695098663271802,0.46808510638297873,781.0650887573964
6.15,136,18650,83.0,54.0,54.0,148.0,304.0,17467.820717993083,0.5220762262303109,0.5147058823529411,634.1463414634146
5.13,111,14754,112.0,54.0,60.0,148.0,297.0,11138.957389822257,0.6299160406539991,0.44144144144144143,573.0994152046784
3.75,87,13864,112.0,54.0,57.0,166.0,365.20000000000005,33654.91901175849,0.5411293908403735,0.4942528735632184,688.0
3.07,78,14237,87.0,54.0,60.0,148.0,440.19999999999993,73388.40318869163,0.3286980867942137,0.5256410256410257,723.1270358306189
3.07,71,10245,112.0,54.0,57.0,184.0,297.0,14334.180122991469,0.569633828711506,0.4788732394366197,644.9511400651465
3.48,80,14941,112.0,54.0,60.0,256.0,403.10000000000025,51815.40609374999,0.47580007902015015,0.4625,603.448275862069
2.43,66,16630,83.0,54.0,60.0,211.0,607.5,142935.87786960512,0.30023455824863177,0.5151515151515151,740.7407407407408
8.87,224,62965,112.0,54.0,60.0,268.25,689.5000000000019,168421.10281808037,0.23895633694732493,0.42857142857142855,635.8511837655018
8.72,192,42259,112.0,54.0,60.0,256.0,504.4000000000002,87261.34958224827,0.36733967514398497,0.4375,571.1009174311927
2.52,71,14515,112.0,54.0,60.0,148.0,435.0,101957.5417575878,0.38132851161020176,0.4788732394366197,785.7142857142857
4.22,89,12658,112.0,54.0,54.0,148.0,304.4000000000001,16146.938265370534,0.461831620279478,0.47191011235955055,568.7203791469194
7.7,192,32721,112.0,54.0,60.0,184.0,364.0,38434.44181315104,0.4847536074053907,0.4635416666666667,670.1298701298701
0.61,19,4066,91.0,54.0,60.0,184.0,540.5999999999998,85160.31578947368,0.5182972367438387,0.5263157894736842,885.2459016393443
5.79,151,26171,112.0,54.0,60.0,202.0,355.0,36131.54133590632,0.5545589545589545,0.44370860927152317,694.300518134715
7.05,171,25447,83.0,54.0,54.0,148.0,350.0,25645.68427892343,0.5445827010622155,0.5087719298245614,680.8510638297872
6.98,157,29202,112.0,54.0,60.0,184.0,415.20000000000005,62343.108280254775,0.36279634123576626,0.4713375796178344,593.1232091690543
7.42,185,41201,112.0,54.0,60.0,213.0,459.59999999999997,106525.86074506943,0.32474840037297836,0.4486486486486487,646.900269541779
7.03,138,23891,112.0,54.0,54.0,184.0,425.49999999999994,36905.73120142827,0.5782137666798784,0.4782608695652174,554.7652916073969
7.07,176,26772,102.5,54.0,60.0,184.0,298.5,32434.816632231403,0.5321048414787685,0.5,704.3847241867044
3.7,93,12670,112.0,54.0,60.0,148.0,297.8,11292.266620418544,0.6616393442622951,0.45161290322580644,681.081081081081
7.94,187,30713,112.0,54.0,60.0,184.0,380.20000000000016,32202.24690440104,0.6733682031164868,0.46524064171123,642.3173803526448
9.02,219,40793,112.0,54.0,60.0,256.0,461.60000000000025,39359.61235170243,0.5623515894293374,0.4703196347031963,651.8847006651886
6.89,148,21180,87.0,54.0,54.0,148.0,293.20000000000005,35513.20452885317,0.4764726385500174,0.5067567567567568,609.5791001451379
2.04,47,6277,60.0,54.0,54.0,133.5,358.0,12701.48121321865,0.6423338566195709,0.5319148936170213,705.8823529411765
4.33,124,20322,112.0,54.0,54.0,148.0,297.7,61822.66467221644,0.38357843137254904,0.49193548387096775,789.838337182448
6.09,144,19239,112.0,54.0,58.5,148.0,307.00000000000017,14504.364149305555,0.6754332491509187,0.4722222222222222,669.9507389162562
8.11,213,47157,112.0,54.0,60.0,220.0,472.0,111155.96654103023,0.38860424028268553,0.4835680751173709,695.4377311960543
3.31,70,10432,112.0,54.0,60.0,175.0,305.50000000000006,18811.142040816325,0.6381909547738693,0.45714285714285713,580.0604229607251
7.61,179,25413,112.0,54.0,54.0,148.0,325.6,23432.585811928468,0.5415832575068243,0.4692737430167598,662.2864651773982
1.22,27,3506,112.0,54.0,54.0,130.0,292.60000000000014,12445.9780521262,0.4439868204283361,0.48148148148148145,639.344262295082
5.57,136,20753,112.0,54.0,54.0,148.0,311.0,39002.829098183385,0.4178451868552299,0.47794117647058826,689.407540394973
4.3,84,11650,112.0,54.0,58.5,148.0,280.90000000000003,18835.070861678007,0.5556149018560556,0.4642857142857143,516.2790697674418
3.14,84,15203,101.5,54.0,54.0,148.0,292.6,82298.46414399093,0.3785817918026841,0.5,745.2229299363057
8.15,214,35852,112.0,54.0,60.0,184.0,389.2000000000006,29012.809677701112,0.59462705155006,0.4485981308411215,706.7484662576687
4.14,96,16687,112.0,54.0,60.0,148.0,432.5,43948.354058159726,0.9891524615568006,0.4895833333333333,637.6811594202899
3.84,91,11839,83.0,54.0,57.0,148.0,268.0,13156.462746045163,0.5955525606469003,0.5054945054945055,656.25
0.29,9,1054,112.0,54.0,60.0,148.0,201.20000000000002,4816.098765432099,0.6215384615384615,0.4444444444444444,827.5862068965519
5.13,139,19235,91.0,54.0,60.0,148.0,298.0,15171.516484654003,0.6412116040955631,0.5035971223021583,748.5380116959064
5.19,141,20999,112.0,54.0,60.0,184.0,356.0,17531.285750213774,0.6745614035087719,0.475177304964539,763.0057803468208
8.47,188,32694,112.0,54.0,60.0,184.0,328.0,42885.42700316886,0.42333478450152373,0.4308510638297872,566.7060212514757
8.31,191,32910,112.0,54.0,60.0,184.0,432.0,39812.180038924365,0.7736459175424414,0.47643979057591623,628.1588447653429
7.43,188,29017,112.0,54.0,60.0,184.0,357.7000000000001,21543.428332956086,0.5838109273511272,0.44148936170212766,670.2557200538358
5.94,122,21438,112.0,54.0,60.0,220.0,426.00000000000006,29912.578070411182,0.38015837249726386,0.45901639344262296,545.4545454545454
9.73,238,40055,112.0,54.0,60.0,211.0,375.90000000000026,34504.16730809971,0.49069594343133605,0.4831932773109244,653.6485097636177
9.23,212,40703,112.0,54.0,60.0,184.0,328.0,79210.94809095765,0.37686895338610377,0.44339622641509435,598.0498374864571
3.26,71,9415,83.0,54.0,54.0,148.0,267.0,14786.689545725056,0.5717863105175293,0.5070422535211268,625.7668711656441
6.17,173,91605,148.0,54.0,60.0,1509.0,1509.0,391142.55050285684,0.07926764612321359,0.34104046242774566,573.743922204214
1.7,35,5782,83.0,54.0,60.0,166.0,364.0000000000002,44959.474285714285,0.43616492796820666,0.6,600.0
9.47,305,93895,112.0,54.0,60.0,220.0,1509.0,212275.7126578877,0.21377233123917372,0.4524590163934426,836.3252375923969
0.71,17,1841,60.0,54.0,60.0,112.0,198.4,5998.7958477508655,0.7583572110792741,0.5294117647058824,760.5633802816901
5.95,134,22856,112.0,54.0,60.0,211.0,369.1,40105.141011361105,0.46297126032132113,0.4552238805970149,605.0420168067227
4.94,107,23806,112.0,54.0,60.0,346.0,580.0,50972.19372870992,0.7151296829971182,0.45794392523364486,595.1417004048583
6.32,153,27738,112.0,54.0,60.0,256.0,408.8000000000001,31070.076893502504,0.519640607023503,0.45751633986928103,645.5696202531645
7.48,153,37291,112.0,54.0,60.0,321.0,585.0000000000005,87726.62753641764,0.6934289995912992,0.45098039215686275,537.4331550802139
0.69,34,6381,112.0,54.0,60.0,184.0,369.6,45719.63062283737,0.3340999372778591,0.4411764705882353,1304.3478260869565
4.9,96,17250,112.0,54.0,54.0,265.5,397.0,29547.21484375,0.38777152051488334,0.4583333333333333,538.7755102040816
9.53,200,36438,83.0,54.0,60.0,220.0,391.59999999999997,48081.9639,0.5496959128992472,0.505,572.9275970619098
8.14,191,30454,112.0,54.0,60.0,184.0,364.0,36319.37786793125,0.5651146058176586,0.4607329842931937,619.1646191646191
6.5,141,34718,112.0,54.0,60.0,292.0,586.0,99027.50877722447,0.3635221113816668,0.4397163120567376,563.0769230769231
4.82,84,16653,112.0,54.0,60.0,259.0,467.80000000000007,47418.28273809524,0.7879536182091476,0.4642857142857143,473.0290456431535
4.76,98,19213,112.0,54.0,60.0,220.0,400.0,58137.681070387334,0.5005467041549516,0.46938775510204084,542.0168067226891
4.68,106,22666,112.0,54.0,60.0,265.75,458.5,68693.744749021,0.7323448486701315,0.4716981132075472,641.025641025641
7.6,179,34676,112.0,54.0,60.0,256.0,396.80000000000007,59599.38566212042,0.59173743401423,0.45251396648044695,639.4736842105264
3.29,76,12062,112.0,54.0,60.0,184.0,346.5,22342.495152354568,0.4495853863718303,0.4605263157894737,601.823708206687
8.46,175,36252,112.0,54.0,60.0,262.0,505.59999999999997,54111.833338775505,0.6787219263718454,0.4685714285714286,539.0070921985815
0.9,22,12649,292.0,54.6,60.0,1377.0,1509.0,368173.9524793388,0.15843941752907775,0.36363636363636365,533.3333333333333
8.1,166,35755,112.0,54.0,60.0,297.0,526.0,52376.81655537814,0.4771741375748812,0.45180722891566266,555.5555555555557
9.84,216,48854,112.0,54.0,60.0,273.25,472.0,88099.16349451302,0.45182763744427934,0.46296296296296297,585.3658536585366
1.37,33,4310,83.0,54.0,60.0,184.0,264.8,10245.996326905417,0.7498984977669508,0.6060606060606061,656.934306569343
3.56,75,16337,112.0,54.0,60.0,220.0,497.00000000000006,73556.2232888889,0.5107268355835028,0.4533333333333333,556.1797752808989
5.44,121,25121,112.0,54.0,60.0,292.0,509.0,58671.69209753432,0.47883675752045685,0.4462809917355372,584.5588235294117
6.03,171,45191,112.0,54.0,60.0,292.0,691.0,146001.74316883826,0.28106928223154554,0.4678362573099415,796.0199004975124
7.95,181,36745,112.0,54.0,60.0,267.0,449.0,58361.403192820726,0.49339565129038815,0.4419889502762431,603.7735849056603
5.05,131,22751,112.0,54.0,60.0,220.0,436.0,33142.99912592505,0.4280961647103132,0.46564885496183206,677.2277227722773
9.26,226,53057,148.0,54.0,60.0,297.0,539.0,58866.69279113477,0.5031589086891237,0.4026548672566372,589.6328293736501
8.0,213,45473,112.0,54.0,60.0,271.0,469.40000000000015,73459.96817209988,0.48120521172638436,0.4788732394366197,720.0
0.24,4,791,184.0,86.4,126.0,255.75,320.1,12313.1875,0.8699763593380615,0.25,250.0
4.58,107,22534,112.0,54.0,60.0,267.5,480.20000000000005,60977.77308061839,0.4003231419338802,0.4672897196261682,602.6200873362445
6.16,118,23828,112.0,54.0,60.0,247.0,457.5999999999998,60036.808962941686,0.49158059467918624,0.4406779661016949,496.75324675324674
2.72,64,12572,112.0,54.0,60.0,220.0,494.3,45183.74609375,0.5259133389974512,0.453125,617.6470588235294
5.74,119,20258,112.0,54.0,60.0,184.0,446.4,29482.179930795846,0.6157281863136066,0.44537815126050423,543.5540069686411
2.09,40,7211,112.0,54.0,60.0,193.0,318.6000000000003,37399.29937500001,0.9837689133425035,0.475,545.4545454545455
2.27,43,7257,112.0,54.0,60.0,220.0,349.6000000000003,25341.10870740941,0.5776086956521739,0.4883720930232558,502.20264317180613
1.92,52,11918,112.0,54.0,60.0,229.0,576.9999999999999,100918.23224852073,0.296562228024369,0.46153846153846156,687.5
1.19,33,6762,91.0,54.0,60.0,220.0,386.40000000000003,77096.74931129476,0.7818181818181819,0.5151515151515151,806.7226890756303
7.35,152,36591,112.0,54.0,60.0,292.0,544.0,90618.3417157202,0.6167101135510096,0.4407894736842105,546.9387755102041
4.31,115,44010,148.0,54.0,60.0,508.0,1336.0,214428.31606805293,0.6120879120879121,0.4260869565217391,682.1345707656612
3.31,66,19028,112.0,54.0,60.0,297.75,883.0,147416.6354453627,1.243867924528302,0.48484848484848486,580.0604229607251
1.11,16,4114,130.0,54.0,60.0,337.0,744.0,68275.484375,1.1882978723404256,0.4375,378.37837837837833
4.82,97,16183,112.0,54.0,60.0,220.0,364.0,23817.560420873637,0.872598935431613,0.4845360824742268,560.1659751037344
3.77,83,14116,83.0,54.0,57.0,274.0,432.19999999999993,31236.139352591086,0.6270170585523283,0.5542168674698795,652.5198938992042
4.25,85,16955,112.0,54.0,60.0,220.0,397.20000000000005,69828.74325259516,0.5782369915293679,0.47058823529411764,550.5882352941177
7.64,183,38856,112.0,54.0,60.0,220.0,449.0000000000008,87515.8050703216,0.3569408067050812,0.4426229508196721,620.4188481675393
0.55,10,1228,86.0,59.4,60.0,175.0,224.99999999999997,5612.159999999999,0.6821917808219178,0.5,545.4545454545455
3.42,81,15535,112.0,54.0,54.0,220.0,436.0,75160.09175430576,0.32879993157129417,0.4567901234567901,649.1228070175439
1.11,36,15028,130.0,54.0,60.0,355.0,1508.0,311179.35802469146,0.1047563037565243,0.4166666666666667,756.7567567567567
6.64,182,34199,112.0,54.0,60.0,220.0,410.80000000000007,55260.46929718632,0.5380014391077532,0.47802197802197804,731.9277108433735
7.39,151,23716,112.0,54.0,60.0,184.0,327.0,24872.49313626595,0.5902903507007309,0.4503311258278146,535.8592692828147
4.4,121,38409,148.0,54.0,60.0,400.0,849.0,125218.44341233523,0.9319450731854535,0.4132231404958678,681.8181818181819
8.58,157,49252,112.0,54.0,60.0,436.0,818.2000000000005,140904.81861333118,0.6951882701177119,0.445859872611465,489.51048951048955
1.83,38,8583,94.0,54.0,60.0,340.0,554.8000000000002,66839.53531855956,1.3515068493150686,0.5,557.3770491803278
8.78,179,30888,112.0,54.0,60.0,220.0,384.8000000000003,25834.87225742018,0.6315233467145573,0.46368715083798884,546.6970387243737
5.4,128,27274,112.0,54.0,60.0,292.0,462.0,63814.290771484375,0.5174140425058418,0.4375,622.2222222222222
7.53,174,35039,112.0,54.0,60.0,247.0,436.0,67406.47539305061,0.551153216167161,0.4885057471264368,629.4820717131474
3.66,105,23705,106.0,54.0,60.0,220.0,626.2000000000027,109113.5528344671,0.3398711281935338,0.49523809523809526,770.4918032786885
5.96,125,24280,112.0,54.0,60.0,292.0,452.2000000000002,41450.902400000006,0.7223522735333759,0.456,563.758389261745
4.31,108,18135,112.0,54.0,60.0,220.0,345.79999999999995,34849.55787037038,0.714731467473525,0.48148148148148145,709.9767981438515
2.31,68,22628,130.0,54.0,60.0,336.0,1137.7000000000023,201343.4740484429,0.16831887649731517,0.4117647058823529,727.2727272727273
2.16,43,7653,112.0,54.0,60.0,292.0,412.00000000000006,25641.69713358572,0.5463730046474036,0.4418604651162791,527.7777777777777
6.23,157,31204,112.0,54.0,60.0,256.0,464.20000000000005,50299.46058663637,0.5160083564106301,0.45222929936305734,654.895666131621
3.06,64,11799,112.0,54.0,60.0,229.0,385.4000000000002,36779.198974609375,0.6625334648443004,0.421875,529.4117647058823
5.89,143,31209,112.0,54.0,60.0,279.5,635.5999999999996,69174.43659836668,0.420398689240852,0.45454545454545453,651.9524617996605
6.09,141,38221,112.0,54.0,60.0,297.0,688.0,136421.78220411448,0.3995752316086272,0.41843971631205673,581.2807881773399
8.98,220,73369,112.0,54.0,60.0,328.0,1509.0,216101.7045247934,0.21582566906951695,0.42272727272727273,587.9732739420936
2.27,50,9570,97.5,54.0,60.0,220.0,442.4000000000001,48425.75999999999,0.6121967654986523,0.5,581.4977973568282
3.79,78,18755,112.0,54.0,54.0,263.5,587.1999999999996,109619.65762656146,0.3460848345654202,0.46153846153846156,569.9208443271768
9.28,240,41286,112.0,54.0,60.0,220.0,375.69999999999993,32406.75770833333,0.5513470860105963,0.4708333333333333,711.2068965517242
8.96,208,36449,112.0,54.0,60.0,232.75,388.20000000000005,36112.07431120562,0.4897208484898026,0.4807692307692308,622.7678571428571
9.95,244,45569,112.0,54.0,60.0,229.0,407.00000000000017,47496.78169510884,0.6093589969980575,0.46311475409836067,675.3768844221106
3.8,97,17862,112.0,54.0,60.0,256.0,442.80000000000007,41036.61834413859,0.5015131136516476,0.44329896907216493,663.1578947368422
5.5,128,23863,112.0,54.0,60.0,220.0,502.4,36640.713806152344,0.4815297696653629,0.4375,610.909090909091
3.71,91,19052,112.0,54.0,60.0,274.0,364.0,64672.8904721652,0.5284396309667068,0.46153846153846156,679.245283018868
6.5,140,32037,112.0,54.0,60.0,256.0,514.3000000000003,101563.00872448979,0.381083760831142,0.45,544.6153846153846
5.12,129,27681,112.0,54.0,60.0,184.0,510.0,81173.93329727782,0.5080904385725961,0.4496124031007752,679.6875
8.7,276,82931,112.0,54.0,60.0,292.0,1200.0,188197.7058784919,0.24010826330113347,0.4420289855072464,793.1034482758621
3.53,73,11731,112.0,54.0,60.0,220.0,392.7999999999999,16423.16945017827,0.6354384497420884,0.4383561643835616,543.9093484419263
8.27,193,35449,112.0,54.0,60.0,220.0,455.0,43190.91417219254,0.6395633874473892,0.47150259067357514,616.6868198307134
5.04,110,21640,112.0,54.0,60.0,256.0,426.6,59589.16198347107,0.4667208892503728,0.4727272727272727,595.2380952380952
3.78,80,17720,112.0,54.0,60.0,267.0,502.6,85850.675,0.42466634507155493,0.45,555.5555555555555
4.46,101,16907,112.0,54.0,60.0,220.0,320.0,26688.655033820207,0.6896861882870278,0.44554455445544555,591.9282511210762
6.91,159,31266,112.0,54.0,60.0,216.5,451.20000000000044,59226.05387445115,0.5342264095392316,0.44654088050314467,599.1316931982634
3.65,89,22631,112.0,54.0,60.0,220.0,620.0000000000003,143318.8087362707,0.276928285279016,0.43820224719101125,641.095890410959
9.9,214,39669,112.0,54.0,60.0,220.0,417.40000000000003,43442.99923574112,0.5264352778205326,0.4485981308411215,569.6969696969696
9.29,203,35321,112.0,54.0,60.0,184.0,435.6,35348.00490184182,0.5073830658927961,0.4729064039408867,587.7287405812702
9.55,241,67401,112.0,54.0,60.0,297.0,660.0,146631.39877068234,0.24994900135378226,0.4149377593360996,621.9895287958115
9.27,195,34656,83.0,54.0,60.0,184.0,328.0,57013.933570019726,0.6455840455840456,0.5076923076923077,595.4692556634304
7.48,192,41366,87.0,54.0,60.0,189.0,469.70000000000016,124378.8931206597,0.4559341123468957,0.5364583333333334,721.9251336898395
1.34,32,4822,86.0,54.0,60.0,193.0,297.6,17251.71484375,0.9044233807266983,0.5,716.4179104477612
7.55,141,23162,112.0,54.0,60.0,184.0,355.0,30246.43800613651,0.47453526865291573,0.45390070921985815,508.60927152317885
0.62,9,1213,112.0,58.8,60.0,148.0,224.60000000000002,10023.061728395063,0.6151797603195739,0.4444444444444444,387.0967741935484
4.15,76,13371,112.0,54.0,60.0,220.0,350.0,36971.00882963988,0.5946332737030412,0.4605263157894737,506.0240963855422
3.71,86,19286,112.0,54.0,60.0,247.0,527.0,81433.95781503517,0.3974349684805449,0.46511627906976744,630.7277628032346
2.42,46,7668,83.0,54.0,60.0,175.0,382.5,40456.820415879025,0.9193992490613266,0.5217391304347826,545.4545454545455
6.35,139,22280,112.0,54.0,60.0,184.0,335.2000000000001,27090.492728119658,0.5087695537346787,0.4748201438848921,585.8267716535433
5.56,115,19844,112.0,54.0,60.0,184.0,385.6000000000003,38257.77724007561,0.6189932283593049,0.48695652173913045,582.7338129496403
9.92,237,44483,112.0,54.0,60.0,220.0,397.6,57867.478965265545,0.5018400351125967,0.46835443037974683,635.0806451612904
7.16,168,25377,83.0,54.0,58.5,148.0,358.4000000000001,25182.705463435366,0.4691715393967464,0.5119047619047619,662.0111731843575
5.16,108,28117,112.0,54.0,60.0,193.0,756.3999999999996,152295.87337105625,0.2808400145772595,0.42592592592592593,511.62790697674416
2.38,50,9704,112.0,54.0,60.0,247.0,449.90000000000003,43713.513600000006,0.6325706594885598,0.44,554.6218487394958
0.04,3,602,112.0,65.6,83.0,274.0,371.20000000000005,28251.55555555555,0.38073394495412843,0.3333333333333333,1500.0
6.19,138,19247,112.0,54.0,60.0,184.0,297.3,13950.74191346356,0.7022198638011851,0.4855072463768116,630.048465266559
4.32,104,18144,112.0,54.0,60.0,193.0,299.4,46041.72928994083,0.5998589189665814,0.49038461538461536,666.6666666666666
8.51,197,39862,112.0,54.0,60.0,220.0,448.8000000000002,69972.59151227809,0.507069943289225,0.43147208121827413,599.294947121034
2.35,56,8713,112.0,54.0,60.0,148.0,261.0,34970.2063137755,0.4876216493085197,0.44642857142857145,638.2978723404254
2.77,58,7592,112.0,54.0,60.0,148.0,268.6000000000002,11162.609988109396,0.9283718567437135,0.46551724137931033,584.8375451263538
8.78,199,34368,112.0,54.0,60.0,220.0,417.4000000000002,33505.22365596828,0.4093332239809727,0.46733668341708545,608.2004555808657
7.28,154,28605,112.0,54.0,60.0,223.75,375.2000000000003,47297.05924270534,0.5415499029963354,0.461038961038961,560.4395604395604
7.5,175,27728,112.0,54.0,60.0,184.0,328.0,29805.184195918362,0.5611733573560047,0.4742857142857143,648.0
3.73,99,14857,112.0,54.0,54.0,148.0,320.00000000000017,28488.00510152026,0.4249952042969499,0.47474747474747475,756.0321715817694
4.27,99,15115,83.0,54.0,60.0,184.0,330.80000000000007,22365.915722885413,0.5304779262859457,0.5151515151515151,632.3185011709603
5.87,134,20299,112.0,54.0,60.0,184.0,329.4,21991.578135442192,0.545648366709815,0.48507462686567165,643.9522998296422
3.05,62,10613,112.0,54.0,60.0,249.25,392.7999999999999,25021.016909469294,0.7098437248268085,0.43548387096774194,531.1475409836066
7.91,160,22339,112.0,54.0,58.5,122.75,273.0999999999999,35858.9108984375,0.6043521976443551,0.4875,591.6561314791403
5.05,106,18786,112.0,54.0,60.0,220.0,447.5,42405.194019223934,0.46765625,0.4528301886792453,570.2970297029703
1.9,42,7450,87.0,54.0,54.0,253.0,325.29999999999995,45489.66439909297,0.6045660133534353,0.5238095238095238,600.0000000000001
9.68,219,39043,112.0,54.0,60.0,184.0,347.8000000000002,57920.84022434895,0.5517885532591414,0.45662100456621,601.2396694214876
5.24,141,25908,112.0,54.0,60.0,220.0,400.0,39902.65821638751,0.4783452211126962,0.4397163120567376,709.9236641221374
8.69,218,37922,112.0,54.0,60.0,184.0,334.0000000000001,51783.41073983672,0.46168670983657106,0.481651376146789,683.5443037974685
1.73,62,30079,112.0,54.0,60.0,1290.75,1509.0,377800.1886056192,0.09175710500526296,0.46774193548387094,867.0520231213873
2.92,50,10735,112.0,54.0,60.0,211.0,498.4000000000001,101680.25,0.34523809523809523,0.48,472.60273972602744
0.48,9,1740,112.0,54.0,54.0,148.0,397.2000000000001,54076.444444444445,0.35303265940902023,0.4444444444444444,500.0
2.02,46,10387,112.0,54.0,60.0,220.0,446.5,93346.76606805297,0.47062154891689084,0.41304347826086957,564.3564356435644
9.92,205,33141,112.0,54.0,60.0,184.0,364.0,30299.44280785247,0.4883459828445682,0.4682926829268293,556.4516129032259
7.9,200,89482,148.0,54.0,60.0,616.0,1509.0,297037.5819,0.16214917464316791,0.39,562.0253164556962
3.58,62,17312,112.0,54.0,60.0,400.0,679.0,97420.85223725285,0.9384167506438249,0.4838709677419355,486.0335195530726
3.64,92,16281,112.0,54.0,60.0,256.0,424.60000000000014,30997.05328449905,0.43381770145310433,0.45652173913043476,692.3076923076923
5.91,141,54213,148.0,54.0,60.0,364.0,1508.0,252263.78180172024,0.13224452287963911,0.375886524822695,538.0710659898477
7.6,194,32220,112.0,54.0,60.0,220.0,359.5000000000002,26209.93134233181,0.5288256227758007,0.4690721649484536,686.842105263158
4.12,104,17282,112.0,54.0,60.0,193.0,405.8000000000002,24336.56619822485,0.6983097484276729,0.4807692307692308,669.9029126213592
1.47,34,5393,112.0,54.0,60.0,211.0,295.5,23538.76557093425,0.4458445040214477,0.4411764705882353,612.2448979591836
5.03,109,19463,112.0,54.0,60.0,220.0,400.0,33466.00791179194,0.5058413926499032,0.44954128440366975,584.4930417495029
2.26,68,13967,112.0,54.0,60.0,264.5,447.20000000000005,50580.65116782008,0.410380692719378,0.4411764705882353,796.4601769911505
5.61,121,27083,112.0,54.0,60.0,292.0,564.0,81078.14343282561,0.4534184823441022,0.4628099173553719,577.5401069518716
4.14,88,19101,112.0,54.0,60.0,220.0,461.09999999999997,103711.66722623966,0.3797312915342387,0.4772727272727273,579.7101449275362
1.85,62,10416,83.0,54.0,60.0,182.25,399.0,46406.16129032258,0.5481569560047562,0.5161290322580645,908.1081081081081
8.0,198,31837,112.0,54.0,60.0,184.0,298.0,40028.98237424753,0.4986349086800979,0.4595959595959596,667.5
4.62,105,17293,112.0,54.0,60.0,184.0,366.60000000000053,30823.79283446712,0.5942656955840324,0.4666666666666667,623.3766233766233
4.81,106,21156,112.0,54.0,60.0,267.5,423.5,43404.318262726956,0.4542205114105032,0.4339622641509434,561.3305613305613
1.4,25,4982,112.0,54.0,60.0,184.0,503.80000000000024,38158.2016,0.2906735751295337,0.4,428.5714285714286
4.6,106,24316,112.0,54.0,60.0,256.0,513.0,106855.88074047703,0.2737558931377685,0.4339622641509434,600.0
5.1,105,18159,91.0,54.0,60.0,220.0,390.8000000000002,37572.45387755102,0.5735701906412478,0.5047619047619047,564.7058823529412
8.41,238,101105,148.0,54.0,60.0,442.75,1509.0,308071.96845208673,0.15631826343538777,0.3907563025210084,663.4958382877527
8.13,171,26892,112.0,54.0,60.0,184.0,328.0,32038.40443213296,0.46582361277662704,0.49122807017543857,568.2656826568266
1.12,20,3172,112.0,54.0,60.0,229.0,372.10000000000014,17327.739999999998,0.42882882882882883,0.45,482.1428571428571
3.19,95,15831,112.0,54.0,60.0,256.0,328.0,21207.74559556787,0.4841098715665135,0.4631578947368421,752.3510971786834
3.4,76,13681,112.0,54.0,60.0,184.0,375.0,66647.03930055401,0.4115765579859678,0.4868421052631579,635.2941176470589
4.98,103,18152,112.0,54.0,60.0,235.5,339.99999999999994,40394.10104628147,0.30121863799283155,0.4368932038834951,542.1686746987951
0.11,3,422,184.0,80.0,119.0,184.0,184.0,3755.555555555556,1.2934782608695652,0.3333333333333333,545.4545454545455
4.31,110,30964,112.0,54.0,60.0,266.75,779.7000000000016,167522.35900826447,0.2711001642036125,0.42727272727272725,626.4501160092808
4.97,99,16057,112.0,54.0,60.0,184.0,371.0000000000001,28645.2257932864,0.4992530345471522,0.4444444444444444,531.1871227364186
2.44,59,10956,112.0,54.0,60.0,256.0,403.6,33060.5848893996,0.7188578600564794,0.4576271186440678,614.7540983606558
3.14,65,10151,112.0,54.0,60.0,184.0,285.20000000000005,33571.094437869826,0.8230962643678161,0.49230769230769234,573.248407643312
1.62,37,5718,112.0,57.6,60.0,148.0,345.99999999999983,22313.38349159971,0.7171171171171171,0.43243243243243246,592.5925925925925
0.6,20,3054,130.0,54.0,58.5,220.0,298.0,8679.21,0.8243727598566308,0.35,700.0
8.93,199,34558,112.0,54.0,60.0,220.0,368.60000000000036,32527.27016994521,0.5934157137587606,0.44221105527638194,591.2653975363943
2.39,51,8324,112.0,54.0,60.0,220.0,371.0,20818.875048058442,0.746537977339488,0.45098039215686275,577.4058577405857
1.19,27,4358,112.0,54.0,60.0,184.0,348.0000000000001,28632.167352537723,0.5470358537451189,0.48148148148148145,605.0420168067227
9.71,195,34140,112.0,54.0,60.0,184.0,383.39999999999986,45246.6966469428,0.5566295823454314,0.48717948717948717,537.5901132852729
9.32,206,36615,112.0,54.0,60.0,184.0,360.0,47805.60856348383,0.42089332143272923,0.441747572815534,585.8369098712445
8.26,168,28260,112.0,54.0,60.0,184.0,366.4000000000001,38389.94217687074,0.7584468919171178,0.47023809523809523,559.3220338983051
2.01,53,7218,83.0,54.0,60.0,184.0,292.0,11306.07760768957,0.5367255695124548,0.5094339622641509,746.268656716418
2.77,66,8820,97.5,54.0,60.0,148.0,260.5,14887.38292011019,0.624608583532879,0.5,628.1588447653429
5.27,115,18949,112.0,54.0,57.0,166.0,367.6,42765.4793194707,0.5301195090439277,0.48695652173913045,614.8007590132827
2.94,57,8422,112.0,54.0,60.0,184.0,297.4,17007.13265620191,0.6060259344012204,0.43859649122807015,510.204081632653
0.54,12,2268,130.0,54.6,60.0,157.0,378.4000000000001,47141.0,0.723404255319149,0.4166666666666667,555.5555555555555
7.14,150,24508,112.0,54.0,60.0,220.0,393.69999999999993,21841.197155555554,0.6140674394099052,0.46,579.8319327731093
9.41,199,36559,112.0,54.0,60.0,220.0,408.0000000000007,47912.32499179313,0.47510490639122016,0.45226130653266333,548.3528161530287
8.28,191,47946,112.0,54.0,60.0,256.0,685.0,133630.7480058113,0.3640398293029872,0.45549738219895286,615.9420289855074
3.9,85,12156,112.0,54.0,54.0,184.0,297.6,17219.79986159169,0.5436190476190477,0.49411764705882355,630.7692307692307
9.53,265,58443,112.0,54.0,60.0,220.0,400.0,117814.88993948023,0.3177083333333333,0.47924528301886793,761.8048268625394
0.9,24,4282,71.5,54.0,54.0,235.5,403.5999999999999,42943.659722222226,0.3893575600259572,0.6666666666666666,799.9999999999999
9.59,182,33052,112.0,54.0,60.0,220.0,470.30000000000007,36207.173167491856,0.7358332020377081,0.46703296703296704,525.5474452554745
4.3,86,15705,112.0,54.0,60.0,220.0,400.0,48159.65508382909,0.7543565683646113,0.46511627906976744,544.1860465116279
0.46,8,1648,148.0,58.2,60.0,166.0,396.9999999999999,55105.0,0.4330434782608696,0.375,391.30434782608694
5.42,121,22763,112.0,54.0,60.0,220.0,472.0,38529.77802062701,0.5080826818603419,0.45454545454545453,575.6457564575645
5.76,121,31360,112.0,54.0,60.0,296.0,580.0,112651.59797828013,0.5783381146509639,0.4380165289256198,520.8333333333334
1.05,15,2080,60.0,56.4,60.0,148.0,320.7999999999999,16803.022222222226,2.1707317073170733,0.5333333333333333,457.1428571428571
5.31,138,26072,112.0,54.0,60.0,220.0,408.09999999999997,57933.45851711826,0.6023600270419766,0.4492753623188406,689.2655367231639
3.64,69,13738,112.0,54.0,60.0,292.0,493.6000000000003,43978.4099978996,0.3555007400098668,0.4492753623188406,494.5054945054945
6.41,154,28946,112.0,54.0,60.0,256.0,462.10000000000036,38820.3361443751,0.6905735311295409,0.474025974025974,655.226209048362
4.3,88,15441,88.0,54.0,60.0,184.0,319.6,58903.817019628106,0.4429492570787777,0.5113636363636364,544.1860465116279
6.04,113,24299,148.0,54.0,60.0,256.0,544.8,55886.193437230795,0.748255270163321,0.4424778761061947,486.7549668874172
2.15,96,45346,112.0,54.0,54.0,663.0,1509.0,356821.5620659722,0.11634662727720335,0.4479166666666667,1200.0
0.56,3,664,60.0,60.0,60.0,302.0,447.20000000000005,52056.88888888888,4.533333333333333,0.6666666666666666,214.28571428571428
9.79,250,52088,112.0,54.0,60.0,256.0,508.1,78969.452096,0.6534298320794845,0.492,698.6721144024515
1.95,52,9331,112.0,54.0,60.0,238.25,325.09999999999997,27141.4774408284,0.5123176661264182,0.46153846153846156,676.9230769230769
7.78,173,32551,112.0,54.0,60.0,256.0,497.60000000000036,42454.12015102409,0.6057123125493291,0.48554913294797686,601.5424164524421
4.96,111,28725,112.0,54.0,60.0,256.0,690.0,122475.84514243976,0.4386237291531026,0.42342342342342343,568.5483870967741
8.77,185,41191,112.0,54.0,60.0,220.0,567.9999999999998,97672.593834916,0.373216428857181,0.4702702702702703,588.3694412770809
3.27,82,13719,112.0,54.0,54.0,184.0,324.9000000000002,49299.50461035099,0.3167290526921969,0.45121951219512196,678.8990825688073
7.45,194,35609,112.0,54.0,60.0,256.0,437.5000000000001,39719.76280688702,0.4876133182938547,0.4484536082474227,668.4563758389261
7.51,199,66359,148.0,54.0,60.0,409.0,1077.6000000000008,184582.75109214406,0.29241406173921514,0.4020100502512563,631.1584553928095
2.35,60,11354,112.0,54.0,60.0,256.0,496.7,37296.67888888889,0.41871798075721606,0.4666666666666667,663.8297872340426
1.52,40,8965,112.0,54.0,60.0,364.0,465.30000000000024,55393.659375,0.357716189610783,0.425,671.0526315789474
5.27,179,52117,112.0,54.0,54.0,328.0,819.000000000002,168708.05374364098,0.2680535279805353,0.4972067039106145,944.9715370018976
2.1,47,10244,83.0,54.0,60.0,238.0,328.0,103060.80669986419,0.7118983957219251,0.5319148936170213,599.9999999999999
1.21,24,5613,86.0,54.0,60.0,229.0,579.9999999999998,98380.359375,1.412118607649334,0.5,595.0413223140496
1.38,33,14099,112.0,54.0,60.0,463.0,1508.0,283718.7291092746,0.3314760600623288,0.42424242424242425,608.695652173913
3.54,75,12679,112.0,54.0,60.0,220.0,364.0,29730.50382222222,0.5958464443045941,0.48,593.2203389830509
7.31,184,76630,148.0,54.0,60.0,573.0,1336.0,241810.67284971644,0.34407942048304774,0.41304347826086957,607.3871409028728
1.27,35,28262,688.0,54.0,60.0,1509.0,1509.0,457837.96408163273,0.09785184321951598,0.34285714285714286,519.6850393700787
7.47,177,42945,112.0,54.0,60.0,297.0,541.6,87968.17734367517,0.8035024357466823,0.4632768361581921,634.5381526104418
5.52,124,24245,112.0,54.0,60.0,296.25,497.2000000000001,34431.5236082206,0.9892517230062357,0.49193548387096775,641.304347826087
3.04,61,15210,112.0,54.0,60.0,269.0,652.0,108990.52082773446,0.7793635938231165,0.4918032786885246,572.3684210526316
6.13,116,25720,112.0,54.0,60.0,312.0,461.0,66742.78596908445,0.5665732732366915,0.45689655172413796,508.9722675367047
5.66,101,21806,112.0,54.0,60.0,297.0,542.0,45122.1486128811,0.6072823763543893,0.45544554455445546,466.4310954063604
9.81,185,32145,83.0,54.0,60.0,220.0,364.0,35210.962454346234,0.78503998223012,0.5027027027027027,538.2262996941896
2.99,55,12950,112.0,54.0,60.0,294.5,493.6,77056.02975206613,0.5213815789473685,0.45454545454545453,481.60535117056855
9.5,196,39002,112.0,54.0,60.0,267.0,495.0,48842.448875468544,0.522623462814757,0.4846938775510204,574.7368421052632
6.39,140,24234,83.0,54.0,60.0,220.0,436.0,36048.347142857136,0.6663686997180774,0.5142857142857142,619.7183098591549
6.48,137,32305,112.0,54.0,60.0,256.0,566.0000000000001,105887.74948052641,0.385529250300223,0.45985401459854014,564.8148148148148
0.14,4,452,104.0,60.0,60.0,157.0,173.20000000000002,2971.0,2.7666666666666666,0.5,857.1428571428571
7.21,173,33303,112.0,54.0,60.0,266.0,395.20000000000005,52031.4176217047,0.45829136926916847,0.4624277456647399,665.7420249653259
9.21,178,32950,112.0,54.0,60.0,256.0,394.4000000000001,43925.987375331395,0.5263109134704466,0.4606741573033708,514.6579804560259
5.2,106,18851,112.0,54.0,60.0,211.0,442.5,38789.8893734425,0.6044769767639799,0.49056603773584906,576.9230769230769
3.48,81,22161,112.0,54.0,60.0,256.0,652.0,145667.6488340192,0.33612685397323044,0.4444444444444444,603.448275862069
0.61,8,934,104.0,58.2,60.0,148.0,180.39999999999998,4489.9375,1.1422018348623852,0.5,393.4426229508197
8.77,216,46053,112.0,54.0,60.0,292.0,447.0,66815.96122685185,0.45406036877999495,0.4583333333333333,629.4184720638541
2.07,48,8415,112.0,58.2,60.0,220.0,330.00000000000045,36379.798177083336,0.5230769230769231,0.4375,608.6956521739131
8.95,219,45842,112.0,54.0,60.0,292.0,468.20000000000005,60971.93598965827,0.46943616373369235,0.4703196347031963,650.2793296089386
9.19,227,79664,112.0,54.0,60.0,364.0,1436.4000000000008,228510.74121368548,0.3947755445059178,0.4713656387665198,685.5277475516867
3.04,67,15253,148.0,54.0,60.0,353.0,484.3999999999999,50594.852305636006,0.38173747622067217,0.417910447761194,552.6315789473684
7.39,158,38615,112.0,54.0,60.0,299.5,544.0,87053.2270870053,0.3819697945744757,0.44936708860759494,560.2165087956698
5.33,97,21218,148.0,54.0,60.0,323.0,486.4000000000002,42686.15006908279,0.5524987195434258,0.422680412371134,439.0243902439024
2.01,38,6289,112.0,54.0,60.0,184.0,396.40000000000043,22606.82894736842,0.8590008867868756,0.47368421052631576,537.313432835821
6.58,136,27231,112.0,54.0,60.0,292.0,456.5,48053.26421929066,0.7381119550647859,0.4852941176470588,583.5866261398177
9.1,203,44214,112.0,54.0,60.0,220.0,469.40000000000015,101810.74935086994,0.3261547690461908,0.4975369458128079,606.5934065934066
3.56,55,12544,148.0,54.0,57.0,298.5,488.80000000000007,70081.66743801652,0.2841932841932842,0.43636363636363634,404.4943820224719
1.0,24,6890,86.0,54.0,54.0,304.75,754.8999999999996,153711.65972222222,0.18752154429507067,0.5,720.0
2.57,65,15970,112.0,54.0,60.0,267.0,572.2000000000002,104318.55147928995,0.5285222052067381,0.4461538461538462,677.0428015564203
1.68,31,6472,112.0,54.0,60.0,318.5,436.0,29462.368366285118,0.8868804664723032,0.45161290322580644,500.0
0.43,16,2352,123.5,60.0,60.0,157.0,292.0,13229.375,0.5690460306871248,0.4375,976.7441860465116
0.58,11,1752,112.0,54.0,60.0,148.0,297.0,22284.743801652894,1.4572230014025245,0.45454545454545453,413.79310344827593
6.82,131,23902,112.0,54.0,60.0,188.5,364.0,52828.88945865624,0.4567284251584593,0.4732824427480916,519.0615835777127
2.03,63,9725,83.0,54.0,60.0,220.0,299.40000000000003,22407.628621819094,0.7079381805409203,0.5238095238095238,886.6995073891626
0.47,13,2073,112.0,54.0,54.0,297.0,331.2,14965.940828402365,0.2694427434170239,0.38461538461538464,638.2978723404256
4.41,94,14502,83.0,54.0,60.0,148.0,400.0,26902.902218198284,0.5785348862523131,0.5212765957446809,598.639455782313
2.53,62,14887,112.0,54.0,60.0,367.75,651.7,80374.48725286163,0.6811970638057595,0.4838709677419355,687.7470355731226
8.42,233,57359,112.0,54.0,60.0,256.0,579.0,126960.42826355246,0.4053067424539396,0.45064377682403434,733.9667458432303
7.36,164,32045,112.0,54.0,60.0,265.0,458.40000000000055,41227.69047441999,0.5538476458323232,0.45121951219512196,595.1086956521739
1.91,73,37860,148.0,54.0,60.0,1509.0,1509.0,382947.1097766936,0.08605851979345955,0.3698630136986301,816.7539267015708
8.14,180,33136,112.0,54.0,60.0,220.0,465.5999999999999,46540.78098765432,0.5539298443068843,0.4666666666666667,589.6805896805896
4.76,95,24278,112.0,54.0,60.0,256.0,781.2000000000027,139307.29927977838,0.5150078003120124,0.4631578947368421,542.0168067226891
7.33,193,52985,112.0,54.0,60.0,292.0,800.8000000000001,145163.44057558593,0.4106011394494436,0.46632124352331605,687.5852660300136
2.46,55,7575,112.0,54.0,60.0,184.0,295.6,14457.871074380162,0.6378378378378379,0.4727272727272727,634.1463414634146
8.97,199,32788,112.0,54.0,60.0,202.0,362.40000000000003,35173.44673114315,0.6098590857760102,0.49246231155778897,622.0735785953176
5.4,146,39743,112.0,54.0,60.0,256.0,630.5,158579.98916306996,0.2232755701929884,0.410958904109589,666.6666666666666
2.5,49,10105,112.0,54.0,60.0,297.0,477.6000000000001,34287.88837984173,0.51521967311441,0.42857142857142855,504.0
4.71,95,15733,112.0,54.0,60.0,202.0,332.20000000000005,33053.81673130193,0.7003134118664217,0.4842105263157895,547.7707006369427
6.15,118,21550,112.0,54.0,60.0,220.0,421.29999999999995,48999.182993392686,0.4382967363011413,0.4576271186440678,507.31707317073165
3.81,59,9466,83.0,54.0,60.0,184.0,368.0000000000005,25887.63631140477,0.5314674000970717,0.5084745762711864,440.9448818897638
4.6,121,26844,112.0,54.0,60.0,256.0,571.0,84783.0853083806,0.6123490900354376,0.4628099173553719,704.3478260869566
2.93,69,9460,112.0,54.0,60.0,184.0,299.40000000000003,11827.975215290906,0.4963619107877254,0.463768115942029,655.2901023890785
7.61,162,26230,112.0,54.0,60.0,184.0,328.0,37728.04191434233,0.6337589535970103,0.48148148148148145,599.2115637319317
9.33,252,43570,112.0,54.0,60.0,220.0,389.4000000000001,41921.78300579491,0.5704862487834769,0.47619047619047616,739.5498392282958
3.12,69,10545,112.0,54.0,60.0,184.0,300.20000000000005,23335.361058601135,0.82850702271545,0.43478260869565216,576.9230769230769
2.0,44,8408,101.5,54.0,60.0,193.0,422.10000000000025,72631.08264462811,0.319315863800408,0.5,630.0
6.65,147,32005,112.0,54.0,60.0,220.0,462.4000000000001,93025.19431718263,0.3935818165984499,0.46938775510204084,586.4661654135338
9.11,226,49282,112.0,54.0,60.0,292.0,473.0,82495.60678205028,0.44721463600857486,0.4778761061946903,665.2030735455544
4.63,96,16023,112.0,54.0,60.0,220.0,313.0,31066.855794270832,0.7127739176910743,0.4479166666666667,557.2354211663068
6.32,137,24781,112.0,54.0,60.0,268.0,439.6,27816.030156108474,0.5155647972601064,0.44525547445255476,579.1139240506329
7.44,251,125834,112.0,54.0,60.0,1508.0,1508.0,387296.54005491984,0.08733484839320124,0.3944223107569721,790.3225806451612
7.66,155,34766,112.0,54.0,60.0,280.5,488.1999999999998,84568.81515088449,0.5103831783821358,0.4645161290322581,532.6370757180156
9.49,214,38467,112.0,54.0,60.0,220.0,362.80000000000007,44351.53212070922,0.6450840354103409,0.4532710280373832,606.95468914647
7.61,173,28805,112.0,54.0,60.0,184.0,400.8,30761.54478933476,0.49667463369011744,0.4913294797687861,622.8646517739817
3.29,63,10935,60.0,54.0,54.0,256.0,400.0,31558.05442176871,0.784723355638975,0.5714285714285714,583.5866261398177
3.57,76,13116,112.0,54.0,60.0,256.0,313.0,28545.40166204986,0.6395,0.4473684210526316,571.4285714285714
3.5,68,12726,112.0,54.0,60.0,256.0,437.8,35172.243079584776,0.7613840830449827,0.47058823529411764,514.2857142857142
5.47,99,17389,112.0,54.0,60.0,220.0,371.2000000000001,33380.77400265279,0.5644624381466486,0.46464646464646464,504.57038391224864
8.51,173,28050,112.0,54.0,60.0,226.0,328.0,27240.662835377057,0.54989501602387,0.4797687861271676,564.0423031727379
6.27,146,25007,112.0,54.0,60.0,256.0,382.0,26379.010180146368,0.5930054784048924,0.4657534246575342,631.578947368421
8.7,199,36544,112.0,54.0,60.0,220.0,400.0,47040.53241079771,0.6737965465121605,0.45226130653266333,613.7931034482759
1.31,21,3554,112.0,60.0,60.0,256.0,297.0,34296.46712018141,0.31337767923133775,0.47619047619047616,458.01526717557255
7.21,170,32397,112.0,54.0,60.0,256.0,464.69999999999993,44742.44501730104,0.43737521629176096,0.4588235294117647,615.8113730929265
7.15,158,24609,112.0,54.0,60.0,184.0,303.4000000000001,26558.299831757733,0.6274717280603135,0.4936708860759494,620.9790209790209
1.37,30,4567,112.0,54.0,60.0,211.0,296.1,13067.778888888884,0.6946196660482374,0.4,525.5474452554745
5.42,134,38923,112.0,54.0,60.0,266.5,733.3000000000006,208027.68194475386,0.4774901305800182,0.4253731343283582,630.9963099630996
9.41,216,40627,112.0,54.0,60.0,220.0,502.0,50511.20059585048,0.5948417994818246,0.4861111111111111,612.1147715196599
3.86,83,12234,112.0,54.0,60.0,148.0,306.79999999999995,30195.20336768762,0.515609514370664,0.4939759036144578,621.7616580310881
2.81,63,8384,112.0,54.0,60.0,148.0,289.6,14829.279415469891,0.5659320134478895,0.4603174603174603,619.2170818505339
5.64,137,23239,112.0,54.0,60.0,184.0,299.8,56031.69353721562,0.5411499436302142,0.4744525547445255,680.8510638297872
1.58,41,5847,112.0,54.0,60.0,148.0,300.0,13734.384295062462,0.5480540111199365,0.43902439024390244,683.5443037974684
2.42,50,8862,112.0,54.0,60.0,172.0,334.2000000000001,54041.9424,0.36674892041949414,0.42,520.6611570247934
9.48,229,44043,112.0,54.0,60.0,220.0,440.00000000000034,60270.071775900535,0.46565723793677205,0.462882096069869,651.8987341772151
6.2,153,26820,112.0,54.0,60.0,220.0,386.4000000000003,30178.4951941561,0.6923271075214538,0.41830065359477125,600.0
4.31,130,20423,78.0,54.0,60.0,148.0,395.5000000000003,38591.53615384615,0.6980959507774175,0.5923076923076923,835.2668213457076
3.22,114,38011,112.0,54.0,54.0,298.5,1509.0,232809.73630347796,0.19280133053001539,0.47368421052631576,1006.2111801242236
9.15,221,32746,83.0,54.0,60.0,184.0,297.0,22718.051882639586,0.5064636334360767,0.5113122171945701,668.8524590163935
3.74,85,19303,112.0,54.0,60.0,292.0,622.8000000000002,70725.61467128027,0.42541722049918773,0.4470588235294118,593.5828877005347
8.52,169,29151,112.0,54.0,60.0,220.0,402.80000000000024,42639.042820629526,0.5912117903930131,0.47337278106508873,556.3380281690141
4.19,135,39978,112.0,54.0,60.0,249.0,1269.6000000000051,197345.31555555563,0.2624498689487479,0.4740740740740741,902.1479713603817
3.76,81,10964,112.0,54.0,60.0,148.0,300.0,14716.377991159887,0.6255003706449221,0.48148148148148145,606.3829787234043
2.99,99,15363,112.0,54.0,60.0,184.0,312.80000000000007,33111.36088154269,0.4329819979479526,0.46464646464646464,903.010033444816
7.74,182,43201,112.0,54.0,60.0,292.0,579.1,91852.96887453206,0.47897980143786373,0.45604395604395603,620.1550387596899
0.25,8,1468,140.0,54.0,58.5,238.0,356.79999999999995,22972.75,0.7311320754716981,0.5,960.0
1.11,25,6749,112.0,54.0,60.0,364.0,668.2,82862.0384,0.5633541811443131,0.44,594.5945945945945
9.49,188,40504,112.0,54.0,60.0,273.25,482.8000000000004,61420.64078768674,1.2935447338618347,0.48404255319148937,556.3751317175975
4.04,71,14175,112.0,54.0,60.0,220.0,419.0,69084.50981948026,0.787515762925599,0.49295774647887325,490.09900990099015
4.47,110,31645,112.0,54.0,60.0,220.0,1291.400000000002,194699.03512396698,0.19127390453244994,0.4909090909090909,697.9865771812081
8.53,199,36952,112.0,54.0,60.0,256.0,422.4000000000002,32758.093886518007,0.505173116089613,0.44221105527638194,611.957796014068
0.72,11,1686,112.0,60.0,60.0,238.0,328.0,13959.471074380162,0.8090128755364807,0.45454545454545453,416.6666666666667
3.65,134,87429,245.5,54.0,60.0,1509.0,1509.0,434505.5614279349,0.08509053901431,0.3358208955223881,723.2876712328767
9.33,212,47130,83.0,54.0,60.0,297.0,535.0000000000002,66299.15779636883,1.0563724420786247,0.5047169811320755,630.225080385852
6.88,125,39165,112.0,54.0,60.0,436.0,839.2000000000006,144191.8016,0.6544164237739196,0.44,470.93023255813955
3.94,83,19167,112.0,54.0,60.0,296.5,536.8,67872.59718391638,0.8104278832530462,0.43373493975903615,548.2233502538071
3.38,75,14003,112.0,54.0,60.0,238.0,364.0,48235.993955555554,0.9290535886485742,0.4666666666666667,621.301775147929
6.95,138,24617,112.0,54.0,60.0,263.5,454.49999999999994,29599.338006721282,0.7879866356769321,0.4782608695652174,552.5179856115108
9.52,211,55532,112.0,54.0,60.0,311.0,602.0,115860.03692639427,0.46809073124306033,0.44075829383886256,567.2268907563026
1.13,22,4676,112.0,54.0,60.0,292.0,400.0,50802.702479338855,1.0875,0.45454545454545453,530.9734513274337
5.7,132,30686,112.0,54.0,60.0,271.25,508.0,90455.73393021121,0.5004645249621046,0.45454545454545453,600.0
7.28,222,101360,148.0,54.0,60.0,587.5,1509.0,316611.79368557746,0.1408247793985233,0.3783783783783784,651.0989010989011
3.41,83,15917,112.0,54.0,60.0,256.0,461.1999999999999,41780.73073014952,0.6147915187176626,0.4939759036144578,651.0263929618768
3.9,98,21436,112.0,54.0,60.0,292.0,483.39999999999986,68160.88879633485,0.48809441166261713,0.46938775510204084,692.3076923076923
3.85,70,15750,112.0,54.0,60.0,247.0,550.8000000000002,88646.85714285714,0.6540642722117203,0.4857142857142857,514.2857142857143
7.05,216,94551,148.0,54.0,60.0,445.5,1509.0,304234.15721450624,0.18035304104663938,0.375,672.3404255319149
7.98,192,44552,112.0,54.0,60.0,267.0,543.6,90394.96701388888,0.43934352082189126,0.4427083333333333,624.0601503759398
8.23,171,31422,112.0,54.0,60.0,237.0,400.0,39074.72329947677,0.49799771167048057,0.45614035087719296,561.3608748481165
7.44,191,51522,112.0,54.0,60.0,292.0,688.0,133375.06773388886,0.3113594135763191,0.4293193717277487,645.1612903225806
9.5,219,37343,112.0,54.0,60.0,220.0,400.0,25885.84791810012,0.5554398533822059,0.4520547945205479,600.0
6.0,140,24457,112.0,54.0,60.0,220.0,366.7000000000002,31471.441377551015,0.5419582624046403,0.4642857142857143,650.0
0.85,22,4472,86.0,54.0,54.0,175.0,546.7000000000007,87562.28925619832,0.7902321857485989,0.5,776.4705882352941
1.31,37,5992,112.0,54.0,60.0,148.0,375.19999999999993,23462.591672753835,0.7748815165876777,0.40540540540540543,687.0229007633587
5.92,103,19045,112.0,54.0,60.0,202.0,435.9999999999999,59603.2332924875,0.3686669062163133,0.4563106796116505,476.35135135135135
5.28,137,33129,83.0,54.0,60.0,220.0,666.4000000000002,123807.28786829345,0.3808928348130549,0.5109489051094891,693.1818181818181
9.88,253,45826,112.0,54.0,60.0,220.0,359.8,37828.42172194534,0.5584954427968983,0.4505928853754941,674.0890688259109
7.9,167,36457,112.0,54.0,60.0,261.0,510.4,77538.23607874072,0.4055981802058835,0.4491017964071856,569.6202531645569
4.66,97,16621,112.0,54.0,60.0,220.0,413.2000000000003,26381.155489425022,0.6004814636494945,0.4536082474226804,566.5236051502145
2.9,64,10146,112.0,54.0,60.0,193.0,319.0000000000001,17790.2177734375,0.5811126694717158,0.453125,558.6206896551724
7.65,182,43815,112.0,54.0,60.0,256.0,577.5000000000005,119911.33441009538,0.3312368972746331,0.44505494505494503,619.6078431372549
7.36,196,54333,112.0,54.0,60.0,269.25,788.0,154933.53277280298,0.3182821788183914,0.4336734693877551,676.6304347826086
4.72,124,21738,112.0,54.0,60.0,220.0,364.0,41693.14802289282,0.6176514362256288,0.49193548387096775,724.5762711864407
3.68,90,15050,109.5,54.0,55.5,220.0,298.20000000000005,37965.32839506173,0.4163372859025033,0.4888888888888889,652.1739130434783
6.34,156,37147,112.0,54.0,60.0,258.75,472.0,109520.26080703485,0.4129169677836522,0.4230769230769231,624.6056782334385
0.66,14,3367,112.0,55.8,60.0,337.0,593.2000000000003,78776.39285714286,0.3538399678327302,0.42857142857142855,545.4545454545454
1.24,36,5712,107.5,54.0,60.0,193.0,352.0,23755.38888888889,0.46274007682458385,0.4722222222222222,774.1935483870968
6.15,116,25412,112.0,54.0,60.0,220.0,494.0,87491.44351961947,0.3716938356903811,0.4482758620689655,497.56097560975604
3.09,90,14445,112.0,54.0,60.0,184.0,367.6000000000003,24621.36111111111,0.6780901486988847,0.45555555555555555,757.2815533980583
8.89,202,35571,112.0,54.0,60.0,184.0,364.0,52289.92679639251,0.4368637905962191,0.47029702970297027,614.1732283464567
4.61,111,28037,112.0,54.0,60.0,297.0,657.0,103837.57600844085,0.4305321700086739,0.44144144144144143,637.7440347071583
5.18,160,29424,87.0,54.0,60.0,184.0,298.0,87982.80249999999,0.8059289265328669,0.5125,764.4787644787644
1.89,38,7948,130.0,54.0,60.0,220.0,332.8000000000005,79444.18559556788,0.30809743252139565,0.42105263157894735,507.93650793650795
6.96,166,29244,112.0,54.0,60.0,184.0,440.5,49869.09203077369,0.4898364664526975,0.46987951807228917,620.6896551724137
7.68,176,29529,112.0,54.0,60.0,184.0,382.0,42998.240670196275,0.5074276379600796,0.48863636363636365,648.4375
8.27,169,27133,112.0,54.0,60.0,184.0,330.2000000000005,29055.975280977553,0.5306030349184859,0.4556213017751479,558.645707376058
6.12,148,26174,112.0,54.0,60.0,184.0,360.3,46611.72114682249,0.4872435933859878,0.44594594594594594,607.8431372549019
2.43,70,11389,83.0,54.0,55.5,148.0,373.9000000000001,35897.03857142856,0.646047116635352,0.5428571428571428,839.5061728395061
6.68,146,27661,112.0,54.0,60.0,184.0,451.0,61560.16611934697,0.31020272830617657,0.4452054794520548,565.868263473054
7.96,210,39067,112.0,54.0,60.0,256.0,436.99999999999994,35519.41317460317,0.7264130098546113,0.46190476190476193,731.1557788944724
9.64,247,65277,112.0,54.0,60.0,256.0,688.4,158513.92601091642,0.26029539530842744,0.4493927125506073,665.9751037344398
4.79,125,23531,112.0,54.0,60.0,184.0,399.2000000000006,76342.650496,0.4071881353905035,0.464,701.4613778705636
4.91,122,37473,112.0,54.0,60.0,267.75,1226.5000000000027,189396.9183687181,0.20263808209506082,0.4016393442622951,598.7780040733197
8.47,178,36201,112.0,54.0,60.0,184.0,481.60000000000036,81619.34708370155,0.4265841740226986,0.4887640449438202,573.7898465171191
5.72,138,25696,112.0,54.0,60.0,266.75,383.29999999999995,43838.91535391725,0.5012853470437018,0.47101449275362317,629.3706293706294
6.81,166,32679,112.0,54.0,60.0,247.0,333.5,70502.58923646394,0.4082133930879945,0.42771084337349397,625.5506607929516
0.37,5,843,60.0,54.0,54.0,184.0,368.20000000000005,28447.839999999997,0.1469387755102041,0.6,486.4864864864865
6.11,136,25605,112.0,54.0,60.0,220.0,418.0,61275.93333693772,0.418323824295131,0.4852941176470588,608.8379705400981
9.64,211,37448,112.0,54.0,60.0,220.0,364.0,52818.837222883594,0.48497105242287253,0.46919431279620855,597.5103734439833
9.46,201,34791,112.0,54.0,60.0,184.0,392.0,39017.00690576966,0.5125864092865527,0.44776119402985076,564.4820295983086
2.58,67,14421,112.0,54.0,60.0,261.0,434.19999999999993,72401.49521051458,0.4743891217666905,0.44776119402985076,697.6744186046511
5.13,107,19992,112.0,54.0,60.0,220.0,463.0,36982.26447724692,0.6438085841144549,0.4392523364485981,549.7076023391813
0.32,8,1036,83.0,58.2,60.0,166.0,252.39999999999998,8452.5,0.9510357815442562,0.625,562.5
9.75,217,47613,112.0,54.0,60.0,292.0,475.6,64666.78651065004,0.42383373205741626,0.4423963133640553,560.0
3.7,85,14928,112.0,54.0,60.0,256.0,364.0,32078.705328719723,0.6030927835051546,0.4470588235294118,600.0
9.57,192,36398,112.0,54.0,60.0,220.0,444.1,47978.213433159726,0.6186960775593703,0.4479166666666667,539.1849529780565
1.7,40,8049,130.0,54.0,60.0,220.0,374.8000000000002,70714.324375,0.4437668161434978,0.425,600.0
7.93,199,59662,83.0,54.0,60.0,292.0,1057.2000000000003,190034.5364005959,0.26921522326462016,0.5125628140703518,703.656998738966
9.77,222,48399,112.0,54.0,60.0,220.0,530.5000000000003,94999.63495252012,0.4447893966984089,0.46846846846846846,626.4073694984647
9.97,193,38078,112.0,54.0,60.0,266.0,446.6,46535.275470482426,0.8236590038314177,0.45077720207253885,517.5526579739217
1.76,45,8163,112.0,54.0,60.0,220.0,448.6,29960.195555555558,0.56439248754312,0.4888888888888889,681.8181818181819
3.05,64,14792,112.0,54.0,60.0,293.25,505.0,88087.140625,0.5724460508132242,0.453125,531.1475409836066
0.02,6,2076,225.5,83.0,130.0,267.0,729.5,149077.0,1.8913649025069639,0.16666666666666666,3000.0
3.73,109,34787,112.0,54.0,60.0,400.0,968.0000000000002,161304.749095194,0.520543753824635,0.43119266055045874,739.9463806970509
5.41,155,26317,112.0,54.0,60.0,256.0,380.1999999999998,21366.56757544225,0.791612771461638,0.432258064516129,743.0683918669131
1.56,38,8068,112.0,54.0,60.0,297.75,464.60000000000025,39432.68975069252,0.30804150453955903,0.4473684210526316,653.8461538461538
6.34,147,36496,112.0,54.0,60.0,297.0,544.0,104827.95316766165,0.39751100899865977,0.47619047619047616,605.6782334384859
3.69,72,16913,112.0,54.0,60.0,256.0,509.8,108668.1155478395,0.4989807675263671,0.4583333333333333,536.5853658536586
9.08,207,37523,112.0,54.0,60.0,220.0,390.6,51890.09106396882,0.5813806473364801,0.4782608695652174,614.5374449339206
2.2,53,8519,112.0,54.0,60.0,220.0,298.0,19426.34531861872,0.41605718085106386,0.4528301886792453,600.0
6.86,172,35420,112.0,54.0,60.0,256.0,435.40000000000003,70322.7742022715,0.7691424004794966,0.45930232558139533,682.2157434402332
6.48,121,24391,112.0,54.0,60.0,266.0,544.0,46031.599207704385,0.761591795464394,0.47107438016528924,509.2592592592592
9.23,233,43174,112.0,54.0,60.0,256.0,363.20000000000005,48659.08397649616,0.49758923306392866,0.45064377682403434,669.5557963163596
6.73,142,26466,112.0,54.0,60.0,220.0,398.0,55526.88355485023,0.541858432857559,0.45774647887323944,561.6641901931649
9.75,232,40084,112.0,54.0,60.0,220.0,396.4000000000002,38962.02734839477,0.5913295486124895,0.47844827586206895,652.3076923076923
8.23,160,26204,112.0,54.0,60.0,220.0,298.0,26306.349375,0.5845679385620125,0.45625,532.1992709599027
8.46,160,31100,112.0,54.0,60.0,256.0,473.5999999999999,52036.171875,0.6691713181623015,0.4625,524.8226950354609
5.34,138,37727,112.0,54.0,60.0,292.0,541.6,156921.13510817054,0.2561430378903909,0.4782608695652174,651.685393258427
1.69,29,3894,83.0,54.0,60.0,184.0,263.2,8775.02734839477,1.3082394783639597,0.5172413793103449,461.53846153846155
0.66,6,921,86.0,57.0,60.0,193.0,317.5,16985.25,0.4234930448222566,0.5,272.7272727272727
5.29,100,20218,112.0,54.0,60.0,265.0,535.0,42582.30760000001,0.7318828165153333,0.44,499.05482041587896
5.66,114,28135,112.0,54.0,60.0,220.0,492.50000000000006,131256.03824253616,0.2205544228016138,0.4298245614035088,519.434628975265
7.07,157,31976,112.0,54.0,60.0,256.0,439.6,58106.106860318876,0.5346515645997313,0.4585987261146497,611.032531824611
9.28,234,39175,112.0,54.0,60.0,220.0,391.80000000000007,22441.82389144569,0.5627493218445827,0.44871794871794873,653.0172413793105
6.27,150,30075,112.0,54.0,60.0,256.0,474.1999999999999,54145.34333333333,0.595152222340087,0.44666666666666666,631.578947368421
1.34,27,5296,148.0,54.0,60.0,256.0,375.2000000000003,37862.79286694101,1.5884652981427174,0.4074074074074074,492.53731343283584
7.08,163,36793,112.0,54.0,60.0,267.0,470.4000000000001,94375.26734163876,0.4011043412033511,0.4723926380368098,601.6949152542372
7.77,196,37898,112.0,54.0,60.0,220.0,480.5,51247.566326530614,0.5007325862273789,0.46938775510204084,679.5366795366796
7.4,200,66223,112.0,54.0,60.0,392.5,1028.599999999999,182955.83177499997,0.3546968333196956,0.435,681.081081081081
5.18,139,28353,112.0,54.0,60.0,256.0,428.0,69866.15061332229,0.49273454775192166,0.45323741007194246,718.1467181467182
5.87,143,29525,112.0,54.0,60.0,269.0,515.1999999999999,53597.07418455671,0.5448409376308079,0.4755244755244755,674.6166950596252
0.74,19,3121,112.0,54.0,54.0,220.0,324.7999999999999,19493.983379501384,0.6592238171185539,0.47368421052631576,648.6486486486486
0.38,6,596,60.0,54.0,55.5,153.0,184.0,3590.222222222222,0.22131147540983606,0.6666666666666666,631.578947368421
2.36,55,11143,112.0,54.0,60.0,238.0,522.4000000000002,66195.62181818181,0.4478950103950104,0.4727272727272727,610.1694915254237
9.51,213,40444,112.0,54.0,60.0,220.0,470.4000000000001,48239.93815160131,0.4064543051884824,0.460093896713615,605.6782334384858
6.14,123,20782,112.0,54.0,60.0,184.0,349.5999999999999,37173.01460770705,0.722217618297837,0.4715447154471545,547.2312703583062
6.09,162,34226,112.0,54.0,60.0,220.0,508.0,85438.07437890564,0.45555839074593857,0.4876543209876543,719.2118226600986
0.54,23,2433,112.0,54.0,60.0,112.0,176.8,3864.6049149338364,0.8156716417910448,0.4782608695652174,1111.111111111111
5.71,169,55732,112.0,54.0,60.0,328.0,1509.0,213367.90210426805,0.23309069186007922,0.4556213017751479,798.5989492119089
7.44,167,33763,112.0,54.0,60.0,256.0,493.00000000000006,52405.47283875362,0.5686210741497862,0.46706586826347307,620.9677419354838
1.71,46,8455,112.0,54.0,60.0,220.0,427.5,34335.72258979207,0.5698106201262533,0.45652173913043476,701.7543859649122
2.17,38,5638,83.0,54.0,60.0,184.0,297.0,17153.759002770083,0.8228257355318461,0.5263157894736842,497.6958525345622
0.59,23,11392,112.0,55.2,60.0,1188.5,1509.0,389820.3856332704,0.06836725124261465,0.4782608695652174,915.2542372881356
4.39,91,15752,112.0,54.0,60.0,220.0,436.0,27619.363844946263,0.5519211822660098,0.4835164835164835,546.6970387243737
2.75,71,30416,112.0,54.0,60.0,372.0,1508.0,319933.9008133307,0.14307189296854447,0.4084507042253521,567.2727272727274
4.33,82,17711,112.0,54.0,60.0,265.0,546.8,57525.45107079119,1.0234205415286188,0.45121951219512196,512.7020785219399
0.26,10,2301,86.0,54.0,60.0,220.0,368.49999999999966,124785.29000000001,0.2608219178082192,0.5,1153.8461538461538
9.64,172,36981,112.0,54.0,60.0,297.25,508.0,52408.726710384,0.6607984910405533,0.45930232558139533,491.701244813278
8.09,190,39517,112.0,54.0,60.0,211.0,403.5999999999998,92512.34185595567,0.4425421625173396,0.45789473684210524,615.57478368356
6.93,133,28339,112.0,54.0,60.0,292.0,534.1999999999999,49186.58081293459,0.6006212934199379,0.44360902255639095,510.8225108225109
5.91,138,31898,112.0,54.0,60.0,256.0,580.0,86765.12392354546,0.7113579054670315,0.47101449275362317,639.5939086294416
7.56,175,33953,112.0,54.0,60.0,220.0,473.7999999999997,57711.49113469387,0.44002884044448215,0.45714285714285713,603.1746031746031
6.51,142,27947,112.0,54.0,60.0,220.0,412.60000000000014,72605.64694505058,0.44833126036484244,0.4788732394366197,589.8617511520738
6.95,182,54786,112.0,54.0,60.0,263.5,1193.9000000000005,191049.66984663683,0.23111840183366666,0.43956043956043955,673.3812949640288
1.87,48,12436,112.0,54.0,60.0,193.0,692.2000000000021,149366.53472222225,0.30411073825503354,0.4166666666666667,641.711229946524
2.53,61,10977,112.0,54.0,60.0,256.0,400.0,33548.735286213385,0.6559058681550762,0.4426229508196721,616.600790513834
9.94,231,58308,112.0,54.0,60.0,299.0,580.0,109661.00477877104,0.3864041657750196,0.44155844155844154,591.5492957746479
4.7,121,17642,112.0,54.0,60.0,148.0,292.0,26990.026774127455,0.5798334378078266,0.48760330578512395,727.6595744680851
5.09,102,16742,112.0,54.0,60.0,184.0,327.6,32627.39292579776,0.5082882882882883,0.45098039215686275,542.2396856581532
0.6,9,1162,112.0,58.8,60.0,112.0,293.6,8509.43209876543,0.9628378378378378,0.4444444444444444,400.0
3.66,88,27835,112.0,54.0,60.0,273.75,1509.0,226421.59904442143,0.22287145242070117,0.45454545454545453,622.950819672131
8.85,209,46158,112.0,54.0,60.0,184.0,441.40000000000043,149187.66699480326,1.4858897027143472,0.49282296650717705,650.8474576271187
9.05,197,40899,112.0,54.0,60.0,256.0,499.0,64826.705094179204,0.5247166716373397,0.4467005076142132,583.4254143646408
3.9,86,12385,112.0,54.0,60.0,148.0,269.5,26971.313818280145,0.7075692816765476,0.47674418604651164,630.7692307692307
0.65,15,2483,112.0,54.0,57.0,148.0,266.79999999999995,41483.848888888904,0.31029023746701845,0.4,553.8461538461538
6.95,196,47707,112.0,54.0,60.0,220.0,495.0,139469.56713348604,0.2746339638773111,0.4897959183673469,759.7122302158274
5.82,126,18550,112.0,54.0,54.0,148.0,299.0,30656.204585537922,0.5904998713881505,0.49206349206349204,618.5567010309278
9.04,195,35551,112.0,54.0,60.0,256.0,436.0,37571.07650230112,0.5199880285604344,0.441025641025641,564.1592920353983
1.21,29,6300,148.0,54.0,60.0,309.0,547.8,41491.14863258026,0.765695067264574,0.4482758620689655,644.6280991735538
5.87,137,23783,112.0,54.0,60.0,220.0,375.20000000000016,36154.678246044,0.5502900723551268,0.43795620437956206,613.2879045996592
9.21,198,33894,112.0,54.0,60.0,184.0,392.6,47689.83562901744,0.515357446237761,0.47474747474747475,586.3192182410422
9.21,191,36543,112.0,54.0,60.0,220.0,472.0,56684.250651023816,0.46394519669898243,0.45549738219895286,553.7459283387622
8.19,210,39079,83.0,54.0,60.0,148.0,393.39999999999986,76404.52990929705,0.4620449698828987,0.5047619047619047,717.948717948718
5.18,105,18763,112.0,54.0,60.0,220.0,328.0,45916.28807256236,0.34069310468024294,0.41904761904761906,509.65250965250965
8.97,182,37118,112.0,54.0,60.0,256.0,472.0,56124.931046975,0.5990177917546202,0.43956043956043955,528.4280936454849
5.42,135,21927,112.0,54.0,60.0,220.0,392.6,21588.940246913575,0.5273753134577877,0.4740740740740741,675.2767527675277
3.86,79,13519,83.0,54.0,60.0,202.0,394.4000000000002,40372.768787053355,0.49183403222246747,0.5063291139240507,590.6735751295338
1.79,44,7038,112.0,54.0,60.0,259.5,364.0,14126.952479338843,0.5619174434087882,0.4318181818181818,636.8715083798883
5.7,118,20754,112.0,54.0,60.0,211.0,434.09999999999997,36073.69778799195,0.5122413290585835,0.4830508474576271,578.9473684210526
5.06,107,24273,112.0,54.0,60.0,256.0,530.0000000000001,91890.76268669752,0.41517024253731344,0.4485981308411215,557.3122529644269
4.48,107,20036,112.0,54.0,60.0,265.0,410.40000000000015,41228.039130055025,0.47616591763059013,0.45794392523364486,629.4642857142857
1.52,25,4663,112.0,54.0,60.0,184.0,443.2000000000004,46463.12960000001,1.0807675145024542,0.48,473.6842105263158
0.08,3,458,112.0,65.6,83.0,202.0,256.0,10267.555555555557,0.5684931506849316,0.3333333333333333,750.0
0.19,6,1088,148.0,86.0,121.0,256.0,310.0,9251.555555555555,1.8041237113402062,0.16666666666666666,315.7894736842105
4.4,102,19949,83.0,54.0,60.0,211.0,465.4000000000002,72165.43992695118,0.7639932796887435,0.5196078431372549,654.5454545454545
9.51,188,36842,112.0,54.0,60.0,193.0,472.0,64969.61600271616,0.4671073590315387,0.4521276595744681,529.968454258675
7.61,169,29696,112.0,54.0,60.0,184.0,328.0,44560.00217079234,0.5793224485454449,0.44970414201183434,591.3272010512484
3.75,88,11508,83.0,54.0,60.0,148.0,278.3999999999999,11409.10743801653,0.53215284249767,0.5227272727272727,656.0
8.43,210,36115,112.0,54.0,60.0,184.0,328.0,39715.308956916095,0.4544905356423681,0.47619047619047616,669.0391459074734
4.78,117,19709,112.0,54.0,60.0,220.0,361.6,29090.281978230694,0.4556129985228951,0.4444444444444444,652.7196652719664
2.64,65,11570,112.0,54.0,60.0,184.0,441.40000000000003,48251.29230769231,0.8482428115015974,0.49230769230769234,727.2727272727273
2.14,49,5481,112.0,54.0,54.0,112.0,191.2000000000001,7236.65306122449,0.6172912363529065,0.46938775510204084,644.8598130841121
6.81,167,34934,112.0,54.0,60.0,220.0,433.00000000000034,84507.38470364659,0.4095384118786314,0.4550898203592814,669.603524229075
4.86,108,17135,83.0,54.0,58.5,148.0,401.2999999999999,27869.484482167358,0.6652089407191448,0.5277777777777778,629.6296296296296
5.96,130,20641,112.0,54.0,60.0,184.0,367.2000000000003,20925.25023668639,0.543021604246094,0.45384615384615384,593.9597315436242
1.36,24,3658,101.5,55.800000000000004,60.0,157.0,281.2,24003.909722222223,0.671082686158063,0.5,485.2941176470588
2.97,73,12225,112.0,54.0,60.0,184.0,386.3999999999999,30162.63238881591,0.4814590402326709,0.4520547945205479,646.4646464646464
5.27,150,44253,112.0,54.0,60.0,295.75,1255.9999999999984,193630.09960000005,0.23480662983425415,0.4533333333333333,694.4971537001898
2.9,72,12690,112.0,54.0,54.0,184.0,429.8999999999999,43036.54861111111,0.5296528447444552,0.4722222222222222,703.448275862069
1.5,40,5958,83.0,54.0,60.0,148.0,270.00000000000006,42242.59749999999,0.32694877505567926,0.525,680.0
7.3,160,27595,112.0,54.0,60.0,184.0,452.19999999999965,36351.3365234375,0.6262007189581,0.46875,608.2191780821918
8.46,230,42377,112.0,54.0,60.0,256.0,364.0,47516.542930056705,0.6094568932776301,0.4782608695652174,758.8652482269503
4.19,109,17650,112.0,54.0,60.0,220.0,297.0,23111.64598939483,0.6453808147664771,0.45871559633027525,687.3508353221956
8.62,247,72198,112.0,54.0,60.0,256.0,1086.0000000000005,208103.36773262967,0.2943580917549615,0.4817813765182186,751.7401392111369
3.51,89,13456,112.0,54.0,60.0,148.0,318.60000000000025,20405.974750662794,0.6361867704280155,0.4606741573033708,700.8547008547009
6.19,154,27205,112.0,54.0,60.0,220.0,383.6000000000005,35469.823115196494,0.5541273921736647,0.43506493506493504,649.4345718901453
7.31,178,35070,112.0,54.0,60.0,220.0,472.0,67581.75230400202,0.48206060093817354,0.46629213483146065,640.2188782489741
0.52,16,2584,130.0,54.0,58.5,293.25,303.5,13321.125,0.34303534303534305,0.4375,807.6923076923077
6.1,137,24481,112.0,54.0,60.0,184.0,467.6000000000003,42038.94251158826,0.5560287294222335,0.48175182481751827,619.6721311475411
2.6,59,9105,60.0,54.0,54.0,148.0,305.6000000000001,32606.150531456475,0.9559613319011815,0.5084745762711864,692.3076923076923
8.69,190,32311,112.0,54.0,60.0,220.0,364.0,34009.60191135735,0.5248949926848837,0.45263157894736844,593.7859608745686
4.52,114,24183,112.0,54.0,60.0,220.0,390.5,98452.6932132964,0.33129644921552437,0.47368421052631576,650.4424778761063
6.85,147,22442,83.0,54.0,60.0,184.0,361.0,21670.535147392293,0.6042604903853027,0.5034013605442177,604.3795620437957
2.85,88,41376,112.0,54.0,60.0,686.25,1508.0,343175.55785123963,0.09759397299519856,0.375,694.7368421052631
1.75,40,6115,101.5,54.0,60.0,184.0,331.6,18145.209375,0.7541594951233506,0.5,651.4285714285714
6.23,137,34223,112.0,54.0,60.0,220.0,536.4000000000004,144437.50130534396,0.22168279013315245,0.4233576642335766,558.5874799357945
3.99,110,17884,112.0,54.0,60.0,184.0,301.0000000000002,41514.93421487605,0.6369794050343249,0.4727272727272727,751.8796992481202
2.64,64,12838,112.0,54.0,60.0,292.0,554.5000000000002,38328.3662109375,0.39817033326072754,0.4375,636.3636363636363
7.92,203,49065,112.0,54.0,60.0,256.0,491.40000000000003,123321.60921158,0.29210228320122195,0.4433497536945813,651.5151515151515
7.47,185,29956,112.0,54.0,60.0,184.0,325.19999999999993,28776.64292184076,0.623983519462214,0.44324324324324327,658.6345381526104
4.42,121,26352,112.0,54.0,60.0,220.0,436.0,99515.49101837305,0.29271523178807946,0.47107438016528924,705.8823529411765
7.88,169,29080,112.0,54.0,60.0,184.0,412.80000000000007,33762.62217709464,0.6266711416904402,0.46745562130177515,563.4517766497462
1.91,54,7148,112.0,54.0,54.0,148.0,288.0000000000001,12199.89986282579,0.4126482213438735,0.46296296296296297,785.3403141361257
2.2,50,7488,112.0,54.0,60.0,148.0,331.30000000000007,19569.9424,0.5704697986577181,0.44,600.0
5.7,119,22846,112.0,54.0,60.0,220.0,479.2000000000001,54552.77282677778,0.5241844018947228,0.42857142857142855,526.3157894736842
6.6,221,158691,298.0,54.0,60.0,1508.0,1508.0,458683.8381687517,0.06713155983538209,0.3167420814479638,627.2727272727273
3.77,107,17723,112.0,54.0,60.0,184.0,342.4000000000002,33964.25032753953,0.6488045399572053,0.4953271028037383,779.840848806366
0.65,16,2073,112.0,57.0,60.0,148.0,220.0,9588.62109375,0.6439333862014275,0.4375,646.1538461538461
7.64,161,25806,112.0,54.0,60.0,184.0,393.0,29036.46495119787,0.50340809787358,0.484472049689441,589.0052356020943
1.32,42,8564,112.0,54.0,60.0,355.0,478.4,37440.60997732426,0.5369705671213209,0.4523809523809524,863.6363636363635
5.6,116,19391,112.0,54.0,60.0,184.0,338.0,34794.43006837099,0.4463340046244499,0.45689655172413796,567.8571428571429
7.77,175,52886,112.0,54.0,60.0,298.0,964.3999999999985,181907.24911020408,0.21123147745230517,0.44,555.984555984556
4.45,102,15435,112.0,54.0,60.0,148.0,354.0000000000003,28091.238465974642,0.8859970674486803,0.49019607843137253,633.7078651685392
7.95,162,28790,112.0,54.0,60.0,184.0,351.40000000000015,55181.56134735559,0.3765898441235536,0.4382716049382716,535.8490566037735
3.22,76,11020,112.0,54.0,60.0,148.0,299.5,25889.36842105263,0.5529875986471251,0.4605263157894737,652.1739130434783
0.33,12,1618,112.0,54.6,60.0,148.0,257.80000000000007,11332.97222222222,0.6343434343434343,0.4166666666666667,909.090909090909
9.76,276,38262,83.0,54.0,60.0,148.0,298.0,21366.747479521106,0.6827337496701557,0.5144927536231884,811.4754098360656
9.67,207,29111,112.0,54.0,54.0,148.0,299.8,24648.88935564424,0.5223825959627654,0.47342995169082125,595.6566701137539
8.61,189,38941,112.0,54.0,60.0,184.0,453.60000000000036,89295.79227905154,0.3264638757366216,0.4497354497354497,592.3344947735192
6.03,166,28582,112.0,54.0,60.0,213.5,314.5,54802.11191754971,0.4826226787011101,0.4759036144578313,756.2189054726367
3.45,82,14992,112.0,54.0,60.0,175.0,393.0000000000004,65347.58060678168,0.40796393688955673,0.47560975609756095,626.0869565217391
5.48,124,23876,112.0,54.0,60.0,229.0,474.8,44051.231529656616,0.5012575452716298,0.45161290322580644,613.1386861313869
6.88,147,22612,112.0,54.0,60.0,184.0,302.4000000000001,19412.227220139757,0.6967059353192766,0.46258503401360546,575.5813953488372
6.03,133,17184,83.0,54.0,54.0,148.0,295.2,14199.86104358641,0.5952469365020423,0.5112781954887218,636.8159203980099
6.9,147,20778,112.0,54.0,60.0,148.0,298.8,14143.573511037066,0.6158332685278793,0.47619047619047616,573.9130434782609
4.1,86,12934,112.0,54.0,60.0,148.0,359.5,26377.983234180636,0.4921550530687587,0.46511627906976744,570.7317073170732
9.57,231,48051,112.0,54.0,60.0,256.0,509.0,70470.38511272277,0.5000936563436563,0.44155844155844154,633.2288401253918
7.67,174,33926,112.0,54.0,60.0,276.5,400.0,50577.94200026424,0.5932935706570235,0.45977011494252873,602.3468057366363
7.03,165,26047,112.0,54.0,60.0,148.0,370.5999999999999,26500.701781450865,0.6937833268305371,0.4727272727272727,648.6486486486486
1.73,24,2906,86.0,54.0,54.0,121.0,244.89999999999995,10799.409722222224,0.9849726775956285,0.5,416.1849710982659
7.96,207,30779,112.0,54.0,60.0,184.0,320.8,19339.55658241733,0.5657238783192593,0.45893719806763283,693.4673366834171
3.77,109,18185,112.0,54.0,60.0,184.0,361.6,44811.33052773336,0.5455549889512153,0.48623853211009177,795.7559681697612
0.13,6,566,71.5,60.0,60.0,83.0,151.5,3264.2222222222226,2.1444444444444444,0.8333333333333334,1384.6153846153848
6.84,160,31939,112.0,54.0,60.0,256.0,509.2,53532.835898437515,0.5773903595416832,0.45625,631.578947368421
9.24,199,42879,112.0,54.0,60.0,256.0,458.4000000000004,82913.07335673342,0.33833765098785856,0.4221105527638191,545.4545454545455
8.05,199,38273,112.0,54.0,60.0,166.0,420.00000000000034,71622.69230574985,0.4080791729516942,0.48743718592964824,663.3540372670807
9.53,210,38740,112.0,54.0,60.0,184.0,421.69999999999993,53508.411337868485,0.48639834247784214,0.4714285714285714,610.7030430220357
0.57,12,1404,86.0,54.0,54.0,184.0,184.0,4679.0,0.8770053475935828,0.5,631.578947368421
4.33,102,14797,112.0,54.0,60.0,148.0,298.0,19163.397251057282,0.609769364664926,0.46078431372549017,651.270207852194
7.55,179,29940,112.0,54.0,60.0,220.0,324.0,25103.936643675286,0.5270056612434335,0.4245810055865922,603.9735099337748
6.48,198,64523,112.0,54.0,60.0,269.75,1508.3,229443.14062340572,0.19109855826918462,0.4444444444444444,777.7777777777777
1.8,45,7437,112.0,54.0,60.0,220.0,349.6,21730.151111111118,0.543266237808674,0.4444444444444444,666.6666666666666
1.51,39,7677,112.0,54.0,60.0,202.0,375.20000000000067,60237.8224852071,0.3780290791599354,0.46153846153846156,715.2317880794702
3.1,81,16829,112.0,54.0,60.0,292.0,436.0,57507.01905197379,0.5165360007209155,0.4444444444444444,696.7741935483871
2.71,65,11927,112.0,54.0,60.0,184.0,392.00000000000006,59392.83455621301,0.4121477622543216,0.46153846153846156,642.0664206642066
2.29,60,11301,112.0,54.0,60.0,265.0,446.1,41791.627499999995,0.7439814814814815,0.48333333333333334,707.4235807860262
4.25,110,19558,112.0,54.0,60.0,175.0,437.0000000000001,51614.99636363637,0.5689074282047168,0.4818181818181818,691.7647058823529
2.27,47,7191,112.0,54.0,57.0,148.0,272.3999999999999,41825.65957446808,0.49407853729482654,0.46808510638297873,581.4977973568282
9.93,250,51970,112.0,54.0,60.0,184.0,495.0999999999997,86657.6976,0.4232117427976777,0.472,688.8217522658609
2.78,76,12192,112.0,54.0,60.0,148.0,312.5,51961.42797783933,0.41290995480356935,0.47368421052631576,733.8129496402878
5.96,162,24968,112.0,54.0,60.0,184.0,324.0,24130.885992988875,0.4997597308986064,0.4444444444444444,724.8322147651007
6.1,153,25142,112.0,54.0,60.0,184.0,388.8000000000002,36090.35071980862,0.5069527691201151,0.477124183006536,688.5245901639345
0.95,25,3354,112.0,54.0,60.0,148.0,282.8,11705.334400000002,0.7208825038481272,0.44,694.7368421052632
8.01,210,46502,112.0,54.0,60.0,184.0,446.7999999999999,115014.20807256237,0.342087794741551,0.44761904761904764,696.629213483146
2.65,72,17711,112.0,54.0,60.0,238.0,612.4,114821.4581404321,0.3516751888880409,0.4722222222222222,769.811320754717
2.55,62,13073,112.0,54.0,55.5,148.0,423.9,100798.38215400622,0.3771199831454756,0.45161290322580644,635.2941176470589
0.01,1,60,60.0,60.0,60.0,60.0,60.0,0.0,0.0,1.0,6000.0
2.52,52,14175,112.0,54.0,60.0,296.25,579.7,143645.43306213018,0.33827416918429004,0.46153846153846156,523.8095238095237
4.17,107,19556,112.0,54.0,60.0,220.0,400.0,42358.42204559351,0.4335141474857059,0.4392523364485981,647.4820143884892
5.69,134,28757,112.0,54.0,60.0,266.75,450.70000000000005,79118.70177099579,0.4836196667182583,0.44776119402985076,601.0544815465729
0.15,5,878,184.0,56.4,60.0,283.0,291.4,10898.64,0.371875,0.4,800.0
9.74,232,65327,112.0,54.0,60.0,293.25,794.2000000000007,169685.26915502374,0.25313153402006483,0.4482758620689655,628.3367556468172
9.13,187,31798,83.0,54.0,60.0,184.0,338.8000000000002,45146.32972060969,0.6628144119646499,0.5080213903743316,571.7415115005476
8.37,172,25601,112.0,54.0,60.0,184.0,308.1,22277.30675365062,0.5230531263013861,0.4941860465116279,587.8136200716847
8.71,215,54893,112.0,54.0,60.0,220.0,670.3999999999999,147322.011595457,0.32176739706236457,0.4418604651162791,654.4202066590125
1.52,29,6384,112.0,54.0,60.0,292.0,338.4,96905.56718192626,0.3794295592048401,0.4827586206896552,552.6315789473684
1.58,34,7337,112.0,54.0,60.0,292.0,578.5,51039.457612456754,0.7227048602958441,0.47058823529411764,607.5949367088607
4.22,89,15062,112.0,54.0,60.0,184.0,342.4000000000002,46800.76454993056,0.4908443036721766,0.48314606741573035,582.9383886255924
2.38,59,8502,83.0,54.0,57.0,166.0,403.40000000000003,16949.51508187302,0.7768025078369906,0.5254237288135594,731.09243697479
6.7,156,24638,112.0,54.0,60.0,184.0,328.0,33557.93178829718,0.5570020222446916,0.46794871794871795,644.776119402985
2.71,79,13279,112.0,54.0,60.0,166.0,441.00000000000006,36206.53645249158,0.5045320643553138,0.4430379746835443,774.9077490774907
3.69,81,12903,112.0,54.0,60.0,184.0,360.0,23674.949245541833,0.5766129032258065,0.4444444444444444,552.8455284552846
6.95,147,27737,112.0,54.0,60.0,256.0,393.80000000000007,47253.507520014806,0.5747132962416259,0.47619047619047616,561.1510791366907
9.93,236,39156,112.0,54.0,60.0,184.0,344.5,34566.35722493537,0.5110562266044071,0.461864406779661,634.441087613293
6.91,152,29406,112.0,54.0,60.0,193.0,443.5,62969.01159972298,0.5438651756182076,0.46710526315789475,599.1316931982634
7.33,158,24865,112.0,54.0,60.0,184.0,325.90000000000003,27729.740306040698,0.7215952364467216,0.4936708860759494,597.5443383356071
4.91,106,13441,112.0,54.0,54.0,139.0,250.0,13400.668298326806,0.627436735682286,0.4811320754716981,623.2179226069246
9.54,236,79588,112.0,54.0,60.0,297.25,1508.0,227162.76572823906,0.1839047973224247,0.4110169491525424,603.7735849056605
3.92,78,11580,112.0,54.0,54.0,148.0,338.4999999999999,17754.530571992113,0.4619366241636157,0.47435897435897434,535.7142857142858
5.43,121,20377,112.0,54.0,54.0,184.0,328.0,35759.18311590739,0.45259481037924154,0.4793388429752066,618.7845303867404
7.33,146,20934,83.0,54.0,54.0,148.0,297.0,25173.852880465376,0.5883156297420333,0.5068493150684932,581.1732605729877
2.69,70,10555,112.0,54.0,60.0,184.0,329.00000000000006,13394.82551020408,0.42847475977804844,0.4142857142857143,646.8401486988848
1.05,23,3032,60.0,54.0,57.0,166.0,282.40000000000003,9645.187145557657,0.6957494407158836,0.5217391304347826,685.7142857142857
2.82,89,15239,112.0,54.0,60.0,220.0,400.0,23465.38770357278,0.7087912087912088,0.449438202247191,851.063829787234
3.15,68,11785,112.0,54.0,60.0,292.0,367.90000000000003,24542.125216262975,0.5846443458383757,0.4411764705882353,571.4285714285714
3.5,86,13170,112.0,54.0,60.0,175.0,345.0,23489.771227690646,0.5875120540019286,0.47674418604651164,702.8571428571429
0.6,13,1473,83.0,54.0,54.0,112.0,252.00000000000006,6421.597633136095,0.48787878787878786,0.6153846153846154,600.0
0.63,19,1550,83.0,54.0,57.0,112.0,112.0,774.3490304709142,0.7415730337078652,0.6842105263157895,857.1428571428571
7.81,188,40257,112.0,54.0,54.0,184.0,453.90000000000015,103996.88125282932,0.2531751961150542,0.4627659574468085,637.6440460947504
7.03,143,24535,112.0,54.0,60.0,148.0,381.59999999999985,50797.44740574112,0.7195822820297169,0.45454545454545453,554.7652916073969
0.98,21,3321,91.0,54.0,54.0,148.0,364.0,30642.217687074834,0.27387802071346373,0.5238095238095238,612.2448979591837
0.55,18,3365,112.0,54.0,55.5,229.0,404.2000000000001,40383.385802469136,0.36179684338324564,0.4444444444444444,872.7272727272727
0.07,2,202,101.0,63.4,77.5,124.5,138.6,2209.0,0.36486486486486486,0.5,857.1428571428571
0.59,12,2368,101.5,54.6,60.0,281.75,499.40000000000003,37131.88888888888,0.3303370786516854,0.5,508.4745762711865
0.44,5,760,148.0,54.0,54.0,148.0,272.8,12171.2,0.5079365079365079,0.4,272.72727272727275
0.82,22,3765,112.0,54.0,54.0,148.0,324.6000000000001,36212.39049586776,0.5212121212121212,0.45454545454545453,731.7073170731708
0.3,7,1273,60.0,54.0,57.0,232.5,443.80000000000007,36440.122448979586,1.176068376068376,0.5714285714285714,800.0
9.52,205,34497,112.0,54.0,54.0,148.0,377.79999999999984,54797.46903033908,0.46229494298673224,0.48292682926829267,598.7394957983194
0.27,16,2062,112.0,54.0,58.5,157.0,202.0,9574.484375,0.555052790346908,0.4375,1555.5555555555554
7.11,162,31534,112.0,54.0,60.0,220.0,400.0,69393.47309861302,0.4597722433108046,0.46296296296296297,616.0337552742616
0.31,12,2015,130.0,54.6,60.0,193.0,289.3,23918.409722222223,0.3773069036226931,0.4166666666666667,967.741935483871
6.07,129,19381,112.0,54.0,60.0,184.0,328.0,17440.554654167416,0.5450414540816326,0.4806201550387597,593.0807248764415
8.63,237,38282,112.0,54.0,60.0,184.0,328.0,36455.63321405045,0.5063350908947825,0.46835443037974683,716.1066048667439
4.5,106,16407,112.0,54.0,60.0,148.0,328.0,25545.1699003204,0.5366676032593425,0.4716981132075472,666.6666666666667
5.14,123,17494,112.0,54.0,60.0,148.5,326.59999999999997,16418.87500826228,0.5788808664259928,0.4715447154471545,665.3696498054476
6.4,134,24149,112.0,54.0,60.0,184.0,425.2000000000001,51337.84122298953,0.6555151847535476,0.48507462686567165,581.25
5.18,127,23075,112.0,54.0,60.0,256.0,412.8000000000002,38269.472626945244,0.5169942804549339,0.48031496062992124,660.2316602316603
3.6,78,13627,112.0,54.0,55.5,211.0,400.8999999999999,36094.56689677844,0.5285473920358945,0.46153846153846156,600.0
3.45,79,12317,112.0,54.0,60.0,202.0,306.4000000000001,22314.890882871332,0.5837726629805837,0.45569620253164556,626.0869565217391
2.44,58,14972,112.0,54.0,60.0,245.5,539.2000000000008,159188.84304399526,0.25152553707264064,0.46551724137931033,639.344262295082
5.39,114,19590,112.0,54.0,60.0,220.0,391.20000000000005,35961.431209602946,0.3373839432004369,0.42105263157894735,534.3228200371058
7.29,168,32313,112.0,54.0,60.0,202.75,435.3,58952.569409013595,0.46557510885341075,0.4583333333333333,617.283950617284
3.83,110,17487,112.0,54.0,60.0,220.0,331.5000000000002,18198.517438016526,0.601080388207288,0.4818181818181818,751.9582245430809
4.92,104,14824,112.0,54.0,58.5,148.0,295.5,19737.498520710058,0.744,0.4807692307692308,597.560975609756
9.55,224,60821,112.0,54.0,60.0,256.0,634.6000000000013,168930.90128746812,0.22027607238874844,0.42410714285714285,596.8586387434555
2.82,62,8904,112.0,54.0,60.0,148.0,308.9,20615.39854318418,0.7142857142857143,0.45161290322580644,595.7446808510638
4.82,125,20183,83.0,54.0,60.0,184.0,364.0,41623.000704,0.5853428638755793,0.544,746.8879668049792
8.79,187,25783,112.0,54.0,54.0,148.0,299.4,14963.305727930454,0.5984500929944203,0.48663101604278075,607.5085324232082
5.45,120,18838,112.0,54.0,60.0,148.0,299.40000000000003,43919.44972222221,0.74944279346211,0.475,627.5229357798165
0.75,21,3009,112.0,54.0,60.0,184.0,220.0,12254.775510204081,0.6980812641083521,0.38095238095238093,640.0
9.53,235,37244,112.0,54.0,60.0,184.0,328.0,27964.173182435494,0.5682344519769253,0.4765957446808511,692.5498426023086
1.35,37,4933,91.0,54.0,60.0,148.0,323.7999999999999,13018.543462381302,0.7802237459400938,0.5135135135135135,799.9999999999999
6.58,152,29312,112.0,54.0,60.0,184.0,363.20000000000005,76304.08033240997,0.3690159263929756,0.4605263157894737,610.9422492401216
2.32,41,9819,112.0,54.0,60.0,184.0,688.0,113760.88399762048,0.37578814627994955,0.4878048780487805,517.2413793103449
6.62,143,22962,112.0,54.0,60.0,184.0,321.9999999999999,31475.22362951734,0.5620408163265306,0.4825174825174825,598.1873111782477
0.98,28,3833,83.0,54.0,60.0,121.0,292.0,19726.667091836738,0.6486021505376344,0.6071428571428571,795.9183673469389
1.39,33,6571,112.0,54.0,60.0,256.0,422.40000000000003,56691.37924701561,0.3202732569821177,0.45454545454545453,647.4820143884892
0.27,10,6272,112.0,54.0,73.0,1442.0,1508.0,448299.36,0.036351619299405155,0.3,666.6666666666666
6.14,124,19940,112.0,54.0,60.0,184.0,346.9000000000001,25202.333506763785,0.4994736050533915,0.4838709677419355,547.2312703583062
1.39,29,5222,112.0,54.0,60.0,184.0,414.3999999999999,53827.09869203328,0.8094248094248094,0.4827586206896552,604.31654676259
5.15,117,18609,112.0,54.0,60.0,184.0,308.40000000000015,29982.339250493103,0.5098580121703854,0.4358974358974359,594.1747572815533
5.05,123,28004,112.0,54.0,60.0,266.0,435.0,112950.57716967414,0.3386873177494144,0.43902439024390244,617.8217821782179
7.34,157,26262,112.0,54.0,54.0,184.0,358.80000000000007,45385.17976388494,0.460622914349277,0.47770700636942676,588.5558583106267
5.97,112,16098,112.0,54.0,60.0,148.0,308.1,23071.196109693876,0.6638759689922481,0.48214285714285715,542.713567839196
2.84,72,10058,112.0,54.0,60.0,148.0,321.8,19454.545524691363,0.5514422335338578,0.4861111111111111,697.1830985915493
6.56,127,21673,112.0,54.0,60.0,184.0,405.6000000000001,36417.75398350797,0.5439908812424307,0.4566929133858268,521.3414634146342
0.8,16,2101,75.5,54.0,58.5,148.0,274.0,11488.83984375,1.1682146542827658,0.5625,600.0
9.44,220,36337,112.0,54.0,60.0,184.0,388.29999999999995,39461.11262396694,0.5129069864268465,0.4818181818181818,635.5932203389831
3.76,95,16280,112.0,54.0,60.0,220.0,361.4000000000001,32634.337950138513,0.5747726833043142,0.47368421052631576,686.1702127659574
1.92,49,7180,112.0,54.0,60.0,148.0,359.4,18583.024573094543,0.481634337598019,0.46938775510204084,718.75
2.96,66,10508,109.0,54.0,60.0,211.0,346.0,27459.71258034894,0.5730538922155689,0.48484848484848486,608.1081081081081
1.79,36,7128,112.0,54.0,54.0,204.0,441.0,58609.38888888889,0.30933137398971344,0.4444444444444444,536.3128491620112
8.37,192,27978,112.0,54.0,58.5,148.0,299.8,22173.4833984375,0.635088539535971,0.4791666666666667,652.3297491039427
5.84,145,21379,83.0,54.0,54.0,148.0,284.5999999999998,49037.70863258025,0.4931554686408716,0.5379310344827586,708.9041095890411
4.15,107,14499,91.0,54.0,60.0,148.0,298.0,17091.035024893,0.7391147894926232,0.5046728971962616,737.3493975903614
1.62,28,3249,89.0,54.0,54.0,121.0,275.20000000000005,6724.60586734694,0.6450632911392405,0.5,518.5185185185185
2.62,68,8832,112.0,54.0,60.0,148.0,306.7000000000001,11675.339100346022,0.9026281775096942,0.4852941176470588,732.824427480916
8.7,185,27865,112.0,54.0,60.0,148.0,299.6,31629.121694667636,0.590104998858708,0.4756756756756757,600.0
2.96,72,10981,112.0,54.0,60.0,184.0,357.5999999999999,16330.888695987653,0.6108258764852574,0.4305555555555556,628.3783783783783
6.12,149,25211,112.0,54.0,60.0,220.0,393.80000000000024,34652.348723030496,0.4854466179589913,0.47651006711409394,656.8627450980391
6.48,139,20093,112.0,54.0,60.0,166.0,300.2,17024.563635422594,0.6856543624161073,0.4316546762589928,555.5555555555555
1.74,44,5299,75.5,54.0,58.5,121.0,234.4000000000002,10501.881714876032,0.7333987569512594,0.5227272727272727,758.6206896551723
7.45,199,32198,83.0,54.0,60.0,148.0,265.20000000000005,72453.38673265825,0.3975432961500065,0.5125628140703518,773.1543624161073
3.04,71,10172,112.0,54.0,60.0,202.0,297.0,10674.280499900815,0.6807666886979511,0.43661971830985913,611.8421052631579
2.58,73,13158,112.0,54.0,60.0,184.0,469.39999999999986,49547.96659786076,0.3885605740818911,0.4794520547945205,720.9302325581394
7.94,163,32047,112.0,54.0,60.0,220.0,469.40000000000015,56291.87037524934,0.43953822657443176,0.4233128834355828,513.8539042821159
3.13,74,14256,112.0,54.0,60.0,184.0,436.0,62104.11979547115,0.5604203152364273,0.47297297297297297,651.7571884984026
6.29,129,19098,112.0,54.0,60.0,184.0,297.0,16349.424193257617,0.6487956487956488,0.46511627906976744,562.7980922098569
1.08,21,4686,112.0,54.0,60.0,364.0,574.0,45433.6462585034,0.5661764705882353,0.47619047619047616,555.5555555555555
9.99,233,38893,112.0,54.0,60.0,220.0,350.4000000000003,34500.12278730498,0.5475489415884132,0.4721030042918455,630.6306306306305
0.84,20,2199,71.5,54.0,58.5,142.75,195.30000000000015,5428.547500000001,0.4505277044854881,0.55,714.2857142857142
1.01,28,3565,112.0,54.0,58.5,157.0,274.5,8610.57525510204,0.6008082622361922,0.4642857142857143,772.2772277227723
5.9,133,24224,112.0,54.0,60.0,184.0,412.79999999999995,50564.20724744191,0.45219111564054915,0.44360902255639095,600.0
5.25,138,22557,112.0,54.0,60.0,184.0,323.09999999999997,30706.813327032134,0.4645500584339696,0.45652173913043476,697.1428571428572
2.9,77,13608,91.0,54.0,60.0,227.0,404.80000000000007,46869.289256198346,0.5192586803617283,0.5064935064935064,744.8275862068965
9.62,223,39108,112.0,54.0,60.0,220.0,419.80000000000007,38241.53411490277,0.5489543726235742,0.47085201793721976,642.4116424116424
0.75,17,2652,112.0,54.0,54.0,184.0,263.20000000000005,28502.941176470587,0.3482460599898322,0.47058823529411764,640.0
4.88,116,18480,112.0,54.0,60.0,157.0,381.5,36697.524375743145,0.5817855002995805,0.47413793103448276,676.2295081967213
2.53,70,9126,112.0,54.0,60.0,148.0,220.5,17625.176326530607,0.5896185333565581,0.4857142857142857,782.608695652174
5.63,137,20492,83.0,54.0,60.0,184.0,341.4000000000002,20680.244125952366,0.6676432291666666,0.5182481751824818,682.0603907637656
9.67,210,34254,112.0,54.0,60.0,184.0,391.1,29292.539319727894,0.5661119239209949,0.4666666666666667,583.2471561530507
2.41,80,15478,112.0,54.0,60.0,220.0,401.4000000000001,65694.92437500002,0.4973396536712779,0.4625,871.369294605809
8.93,198,37803,112.0,54.0,60.0,184.0,439.0000000000001,70924.51446280991,0.4375950714937633,0.47474747474747475,618.1410974244121
9.79,221,39104,112.0,54.0,54.0,148.0,325.0,73097.16848549373,0.383771541809689,0.4841628959276018,618.9989785495404
0.99,24,4944,112.0,54.0,60.0,229.0,463.9,57852.25,0.34274850624660513,0.4166666666666667,606.060606060606
8.16,188,27910,112.0,54.0,60.0,184.0,299.0,21323.28010411951,0.7230522286702062,0.46808510638297873,647.0588235294117
2.64,59,9151,112.0,54.0,57.0,148.0,356.8,30708.396437805226,0.3886191198786039,0.4915254237288136,613.6363636363636
3.1,68,9078,83.0,54.0,60.0,148.0,277.6000000000003,18995.279411764706,0.5662525879917184,0.5588235294117647,638.7096774193549
5.73,161,27981,112.0,54.0,60.0,220.0,297.0,43364.995254812704,0.5073533372838442,0.453416149068323,722.5130890052355
1.02,21,3400,112.0,54.0,60.0,149.0,421.0,17296.56235827664,0.43399409531843103,0.38095238095238093,470.5882352941176
4.8,95,19184,112.0,54.0,54.0,184.0,441.4000000000001,87718.16443213297,0.30939867585830316,0.4631578947368421,550.0
9.14,211,63946,112.0,54.0,60.0,279.0,1294.0,192797.8018912423,0.1945155324752956,0.4218009478672986,564.5514223194748
5.86,129,18586,112.0,54.0,60.0,184.0,297.2,15879.172285319393,0.5942700291645222,0.4728682170542636,593.8566552901024
1.73,41,9957,112.0,54.0,60.0,148.0,301.0,170722.95419393218,0.16811356170811825,0.43902439024390244,624.2774566473988
1.08,24,3434,112.0,54.0,54.0,148.0,288.4,16628.57638888889,0.506140350877193,0.4583333333333333,611.1111111111111
8.21,197,31263,112.0,54.0,60.0,184.0,324.40000000000003,23666.313329382352,0.5608867142643167,0.4619289340101523,643.1181485992691
6.0,144,23734,112.0,54.0,60.0,220.0,329.40000000000003,23422.7868441358,0.584590733075177,0.4513888888888889,620.0
8.44,219,38551,112.0,54.0,60.0,184.0,418.4000000000004,44004.441900711,0.5312599300921512,0.4703196347031963,689.5734597156398
2.98,70,11866,112.0,54.0,60.0,220.0,380.20000000000005,34805.79265306121,0.500126422250316,0.4714285714285714,664.4295302013423
3.69,69,11651,112.0,54.0,60.0,220.0,433.6,33117.39928586432,0.6533276571590748,0.4782608695652174,536.5853658536586
6.1,145,19386,112.0,54.0,60.0,148.0,292.0,23166.569988109393,0.5869351669941061,0.4689655172413793,668.8524590163935
5.54,135,24125,112.0,54.0,60.0,184.0,417.40000000000026,49028.54924554185,0.5222741039878849,0.45925925925925926,671.4801444043321
2.06,61,7113,83.0,54.0,60.0,112.0,256.0,10040.599301263102,0.9100429645542427,0.5737704918032787,844.6601941747573
5.97,130,27063,112.0,54.0,55.5,148.0,406.70000000000056,113048.56100591716,0.3029223436522074,0.4846153846153846,582.9145728643217
7.95,166,23959,112.0,54.0,54.0,148.0,298.5,19132.95648860502,0.49856142106579937,0.4759036144578313,581.132075471698
4.71,102,15733,112.0,54.0,60.0,184.0,350.4000000000003,24534.04777008843,0.6669845306208942,0.4803921568627451,611.4649681528663
5.85,136,23406,112.0,54.0,60.0,184.0,341.5,41600.75410899654,0.5368351936966513,0.4632352941176471,615.3846153846155
3.26,82,12451,83.0,54.0,54.0,148.0,360.0000000000002,28924.987061273045,0.5114105365379946,0.5365853658536586,736.1963190184049
4.43,98,33183,112.0,54.0,60.0,263.5,1509.0,244556.70897542688,0.16952736756775807,0.41836734693877553,541.7607223476298
4.08,87,13963,112.0,54.0,60.0,202.0,322.6,22289.928127890078,0.3781089617054876,0.45977011494252873,558.8235294117646
3.73,103,15818,83.0,54.0,60.0,184.0,391.6,25562.73013479121,0.6434285714285715,0.5048543689320388,804.289544235925
6.08,167,25150,83.0,54.0,60.0,184.0,297.4,31736.970777008868,0.5219364599092284,0.5089820359281437,789.4736842105264
8.09,190,25525,83.0,54.0,55.5,148.0,298.1,14655.79349030471,0.6380029519348007,0.5052631578947369,682.3238566131026
9.66,206,31635,112.0,54.0,60.0,148.0,328.0,35250.33275992082,0.6753164221786793,0.47572815533980584,596.2732919254659
7.63,167,21337,83.0,54.0,54.0,148.0,239.20000000000016,19748.921510272867,0.5082349614759313,0.5029940119760479,636.9593709043249
2.2,41,5297,112.0,54.0,54.0,148.0,297.0,10907.13265913147,0.6983007374158384,0.4634146341463415,518.1818181818181
8.99,227,31034,112.0,54.0,60.0,148.0,297.4,14924.345320111006,0.5024933430162188,0.46255506607929514,694.1045606229143
7.3,180,29772,112.0,54.0,60.0,193.0,360.0,28554.251111111113,0.6358241758241758,0.45555555555555555,649.3150684931508
7.16,194,33009,112.0,54.0,60.0,184.0,328.0,41281.53951004358,0.46083377588953794,0.4896907216494845,737.4301675977654
2.53,63,9678,112.0,54.0,60.0,202.0,344.2000000000003,17537.950113378687,0.6611740473738414,0.4444444444444444,664.0316205533597
6.09,163,28689,87.0,54.0,57.0,148.0,297.8,91165.0367721781,0.6629376304196615,0.5030674846625767,788.1773399014779
5.27,126,18132,112.0,54.0,60.0,184.0,297.5,17776.562358276642,0.5666148263348886,0.47619047619047616,671.7267552182163
4.88,123,24800,112.0,54.0,57.0,148.0,300.6,112125.73005486155,0.3072584471034737,0.45528455284552843,676.2295081967213
8.85,236,33914,83.0,54.0,60.0,148.0,297.5,30257.58151393277,0.6450329840900272,0.5211864406779662,759.3220338983051
3.49,77,17363,112.0,54.0,60.0,298.0,542.4,78713.39281497724,0.3726776820302,0.42857142857142855,567.3352435530086
5.94,122,16843,112.0,54.0,60.0,148.0,266.0,20166.627855415212,1.007987601335241,0.4918032786885246,585.8585858585858
5.54,113,14373,112.0,54.0,54.0,148.0,287.9999999999999,10977.183334638577,0.5749506903353058,0.4778761061946903,584.8375451263538
3.77,76,12448,112.0,54.0,54.0,184.0,369.0,29640.6135734072,0.5366004197012715,0.4868421052631579,557.0291777188329
7.01,138,25673,112.0,54.0,60.0,220.0,415.3,54042.29578869984,0.4026662295798503,0.45652173913043476,513.5520684736091
2.4,44,7133,112.0,54.0,60.0,220.0,375.30000000000035,24117.32799586777,1.1141078838174274,0.4772727272727273,525.0
5.89,139,22629,112.0,54.0,60.0,184.0,371.2000000000001,32403.945033900935,0.46560880829015544,0.48201438848920863,651.9524617996605
5.67,144,24444,112.0,54.0,60.0,184.0,386.5000000000008,41332.854166666664,0.5163771712158809,0.4652777777777778,666.6666666666666
6.59,150,25371,112.0,54.0,60.0,211.0,403.19999999999993,32212.10706666667,0.6758702688420636,0.4866666666666667,619.1198786039454
6.56,167,28797,112.0,54.0,60.0,220.0,364.0,38022.78496898419,0.5608130081300813,0.46107784431137727,695.1219512195122
3.82,72,11095,112.0,54.0,54.0,148.0,297.0,42985.226658950625,0.45203507394320114,0.4722222222222222,534.0314136125655
0.69,21,2253,83.0,54.0,60.0,112.0,112.0,8131.251700680274,0.9973404255319149,0.5714285714285714,869.5652173913044
1.42,36,4724,112.0,54.0,60.0,148.0,223.0,11163.450617283954,0.7153231663035584,0.4166666666666667,633.8028169014085
1.28,36,5585,86.0,54.0,60.0,193.0,299.5,30735.119598765432,0.45329169919333856,0.5,843.75
9.23,192,27406,97.5,54.0,54.0,148.0,296.5,36902.39051649306,0.5169932469832835,0.5,598.0498374864571
4.67,112,14807,112.0,54.0,54.0,148.0,295.4000000000002,15454.89532844388,0.5309139784946236,0.49107142857142855,693.7901498929335
3.74,78,13566,112.0,54.0,60.0,220.0,445.3,29536.276134122294,0.33721044849679643,0.46153846153846156,561.4973262032086
5.04,133,20176,112.0,54.0,60.0,148.0,362.79999999999995,23383.578721239184,0.6335519391142418,0.46616541353383456,738.0952380952381
0.49,23,6405,83.0,54.0,57.0,228.5,710.0000000000002,174550.0756143667,0.29603399433427763,0.5652173913043478,1346.9387755102043
7.57,176,32042,112.0,54.0,60.0,250.75,418.0,40291.17858987603,0.49407814977151915,0.4772727272727273,626.1558784676354
8.89,209,53989,112.0,54.0,60.0,292.0,701.6000000000005,123544.11254321101,0.3174475353831137,0.4019138755980861,560.1799775028121
6.04,125,23107,112.0,54.0,60.0,220.0,458.00000000000045,40616.987263999996,0.5060288079254384,0.44,546.3576158940398
5.27,115,22264,112.0,54.0,60.0,184.0,446.60000000000076,66939.42260869566,0.39866817439376806,0.48695652173913045,592.0303605313093
8.12,166,25472,112.0,54.0,60.0,184.0,313.0,24480.500072579478,0.508736598945685,0.4939759036144578,561.576354679803
0.53,15,1904,112.0,54.0,54.0,112.0,223.59999999999994,16006.862222222222,1.1986143187066975,0.4666666666666667,792.4528301886792
2.95,73,12705,112.0,54.0,60.0,184.0,329.5999999999999,46136.36817414149,0.4637096774193548,0.4794520547945205,691.5254237288135
3.5,78,11840,112.0,54.0,60.0,148.0,312.59999999999997,35613.18869165023,0.6471897607122983,0.47435897435897434,634.2857142857142
5.08,105,23263,112.0,54.0,60.0,184.0,462.4000000000003,116333.6186848073,0.28688388560048683,0.42857142857142855,531.496062992126
5.41,108,25179,112.0,54.0,60.0,229.0,486.2999999999999,108927.24922839507,0.357797670405522,0.46296296296296297,532.3475046210721
0.2,11,2733,148.0,54.0,54.0,356.0,637.0,54941.70247933885,0.15365132967496833,0.36363636363636365,1200.0
8.07,205,34411,112.0,54.0,60.0,184.0,328.0,39131.03852468768,0.5957614542756446,0.47317073170731705,698.8847583643122
4.15,97,18295,112.0,54.0,60.0,220.0,334.8000000000005,48413.929004144964,0.37898545262681843,0.422680412371134,578.3132530120482
4.79,105,15696,91.0,54.0,54.0,148.0,328.0,30483.16408163265,0.7944438093060477,0.5047619047619047,626.304801670146
6.81,171,27703,91.0,54.0,60.0,184.0,328.0,32825.28066755583,0.5480860575579771,0.5029239766081871,704.8458149779736
8.9,223,42808,112.0,54.0,60.0,220.0,328.0,66428.84176235193,0.4331436223635755,0.4618834080717489,674.1573033707865
3.74,71,10173,112.0,54.0,60.0,148.0,256.0,23486.991073199762,0.5562184488297384,0.4788732394366197,545.4545454545454
3.37,81,11575,83.0,54.0,60.0,148.0,364.0,21038.484072549913,0.7082349468713105,0.5061728395061729,694.3620178041542
6.06,134,21448,112.0,54.0,60.0,184.0,326.8,28012.906883492982,0.5356196749480919,0.4701492537313433,603.960396039604
7.22,160,24787,112.0,54.0,60.0,184.0,298.0,22610.174648437496,0.6714093054619016,0.4625,598.3379501385042
5.6,124,19908,112.0,54.0,60.0,148.0,297.7,53164.47346514049,0.4813602202544832,0.47580645161290325,600.0000000000001
3.01,57,10678,112.0,54.0,60.0,184.0,455.79999999999995,43040.18713450293,0.42278481012658226,0.45614035087719296,478.40531561461796
7.69,197,38869,112.0,54.0,60.0,220.0,403.0000000000001,81278.80063902702,0.35144814158061266,0.4619289340101523,678.8036410923277
2.27,61,9789,112.0,54.0,60.0,184.0,309.0,20945.98710024187,0.5374587717920528,0.47540983606557374,713.6563876651982
8.63,179,33594,112.0,54.0,60.0,220.0,429.4000000000004,56243.425735776036,0.44428202923473775,0.441340782122905,542.2943221320974
2.24,48,7212,112.0,54.0,60.0,193.0,307.0000000000001,16290.4375,0.6556473829201102,0.4375,562.5
4.35,95,16533,112.0,54.0,60.0,202.0,391.6,42065.75689750695,0.39096415951539626,0.4631578947368421,606.896551724138
1.5,42,10402,112.0,54.0,60.0,247.0,533.1999999999999,120498.5079365079,0.38030785562632696,0.4523809523809524,720.0
8.34,200,32395,83.0,54.0,60.0,148.0,310.89999999999986,50126.334375,0.5142803720843266,0.515,676.2589928057555
9.81,217,31144,112.0,54.0,60.0,148.0,321.0,24374.93159761303,0.6160232461602324,0.4700460829493088,617.7370030581039
5.25,128,27435,112.0,54.0,60.0,256.0,510.5,78755.5980834961,0.3693536311454954,0.421875,617.1428571428572
3.65,76,13974,112.0,54.0,60.0,229.0,408.0,40509.14058171745,0.6467122319113835,0.4342105263157895,542.4657534246576
3.84,90,14229,112.0,54.0,60.0,148.0,331.9000000000003,32882.93444444444,0.4578893442622951,0.4777777777777778,640.625
4.9,110,17688,112.0,54.0,60.0,220.0,330.7000000000002,24663.61454545455,0.5867946532699381,0.4727272727272727,612.2448979591836
1.32,34,7982,112.0,54.0,55.5,184.0,450.4,133490.59169550173,0.2637745408486384,0.47058823529411764,727.2727272727273
6.01,150,28019,112.0,54.0,60.0,184.0,370.29999999999984,87069.21728888889,0.8567925778661365,0.47333333333333333,708.8186356073211
8.46,189,31361,112.0,54.0,60.0,184.0,428.0000000000001,28956.77304666723,0.5506056860321384,0.49206349206349204,617.0212765957447
0.84,21,3482,112.0,54.0,60.0,184.0,379.0,28392.43990929705,0.9089912280701754,0.47619047619047616,714.2857142857142
2.23,66,13745,112.0,54.0,60.0,238.0,423.0,81498.43365472912,0.3921806948242682,0.4696969696969697,726.457399103139
0.4,5,605,112.0,56.4,60.0,112.0,205.0,5937.6,0.37813211845102507,0.4,300.0
4.7,101,18201,112.0,54.0,54.0,184.0,400.0,49930.77855112242,0.4729303228939063,0.46534653465346537,600.0
1.26,38,4691,86.0,54.0,60.0,139.0,252.40000000000046,10927.82617728532,0.7101713452424353,0.5,904.7619047619047
0.08,1,54,54.0,54.0,54.0,54.0,54.0,0.0,54,1.0,750.0
8.21,191,24073,112.0,54.0,60.0,112.0,256.0,19091.76305474082,0.6801367950865438,0.4869109947643979,657.7344701583435
0.39,3,226,60.0,55.2,57.0,86.0,101.6,678.2222222222222,0.313953488372093,0.6666666666666666,307.6923076923077
7.2,199,29636,91.0,54.0,60.0,184.0,328.0,26059.84858968207,0.5471678412947011,0.507537688442211,758.3333333333333
3.14,59,10883,112.0,54.0,60.0,202.0,448.0,35366.38379775926,0.5825214483059473,0.423728813559322,477.7070063694267
5.67,145,28320,112.0,54.0,60.0,184.0,328.0,90575.92437574315,0.3827449831551194,0.47586206896551725,708.994708994709
8.3,168,37529,112.0,54.0,60.0,220.0,598.1000000000008,97441.9633999433,0.2759757921936625,0.44642857142857145,527.710843373494
8.9,173,31305,112.0,54.0,60.0,220.0,424.40000000000015,44515.09612750176,0.48759741494012543,0.4797687861271676,532.5842696629213
0.39,11,1434,112.0,60.0,60.0,184.0,256.0,6724.9586776859505,1.1088235294117648,0.45454545454545453,769.2307692307692
1.24,34,6179,112.0,55.800000000000004,60.0,220.0,419.59999999999997,29703.724048442906,0.8009326726901778,0.4117647058823529,677.4193548387096
8.32,158,30147,112.0,54.0,60.0,220.0,404.50000000000017,53952.82859317416,0.46039819793634645,0.46835443037974683,526.4423076923077
4.48,111,22571,112.0,54.0,60.0,260.5,400.0,67299.8467656846,0.31555633269219563,0.44144144144144143,656.25
7.49,159,31571,112.0,54.0,60.0,184.0,371.00000000000045,86991.17724773544,0.42372040586245774,0.48427672955974843,568.758344459279
2.87,58,14963,97.5,54.0,60.0,211.0,748.0000000000014,146440.39625445896,0.32287154097780923,0.5,522.6480836236934
2.99,68,10862,112.0,54.0,60.0,148.0,336.4000000000001,41469.076989619374,0.42770767613038907,0.45588235294117646,622.0735785953177
8.52,277,73747,112.0,54.0,60.0,256.0,662.0000000000005,172906.72110935888,0.4091873196644565,0.48014440433212996,816.9014084507043
5.26,124,18991,112.0,54.0,58.5,148.0,300.1,30389.339425078044,0.5595795351892913,0.4596774193548387,650.1901140684412
0.58,22,8809,112.0,54.0,60.0,216.5,1509.0,304415.5144628099,0.11661807580174927,0.36363636363636365,827.5862068965519
9.79,240,35042,112.0,54.0,60.0,148.0,327.1,23062.874930555558,0.666444740346205,0.4791666666666667,680.2860061287029
1.44,46,7028,112.0,54.0,60.0,184.0,295.0,15832.47448015123,0.6310048735205384,0.41304347826086957,791.6666666666666
2.82,62,8892,112.0,54.0,60.0,175.0,309.0,15113.437044745058,0.6692322132532382,0.45161290322580644,595.7446808510638
4.2,111,14158,83.0,54.0,54.0,112.0,297.0,15466.62592322052,0.7932868904369854,0.5045045045045045,771.4285714285713
9.98,213,39230,112.0,54.0,60.0,184.0,431.2000000000003,54984.54094205293,0.6095019282842373,0.4835680751173709,565.130260521042
4.38,108,23055,112.0,54.0,60.0,258.75,473.2,79867.54552469136,0.5646420088225313,0.4444444444444444,657.5342465753425
8.88,231,57077,112.0,54.0,60.0,184.0,526.0,152478.13103202713,0.2829175095527085,0.47186147186147187,729.7297297297297
4.91,123,30183,112.0,54.0,60.0,237.0,632.5999999999998,124204.8720999405,0.2601979040541105,0.44715447154471544,647.6578411405295
2.9,74,14399,112.0,54.0,60.0,286.25,436.0,36860.000182615055,0.5204857444561775,0.47297297297297297,682.7586206896552
1.95,31,6641,112.0,54.0,60.0,276.0,364.0,72776.88449531737,1.0503241741278173,0.45161290322580644,430.7692307692308
4.85,120,31656,112.0,54.0,60.0,328.25,626.8000000000009,87784.26000000001,0.663828445285399,0.43333333333333335,618.5567010309279
2.52,54,7938,97.5,54.0,60.0,175.0,326.20000000000005,22093.62962962963,0.7245274820769063,0.5,619.047619047619
2.8,55,8513,112.0,54.0,60.0,238.0,328.0,14461.988760330574,0.5492265696087352,0.45454545454545453,535.7142857142858
8.54,179,36049,112.0,54.0,60.0,256.0,461.8000000000006,61476.13757373366,0.41080932999373826,0.45251396648044695,548.0093676814989
3.6,94,14857,112.0,54.0,60.0,175.0,317.40000000000003,27440.965255771847,0.5071008318117265,0.46808510638297873,666.6666666666666
5.67,145,45336,112.0,54.0,54.0,297.0,1508.0,213435.10649227112,0.15901421413232436,0.45517241379310347,677.2486772486773
2.13,42,6395,112.0,54.0,60.0,148.0,286.59999999999985,29062.14569160997,0.49941383352872215,0.4523809523809524,535.2112676056339
8.06,166,30404,112.0,54.0,60.0,184.0,442.5,62384.2284801858,0.46822484064129805,0.463855421686747,565.7568238213399
6.96,194,34470,83.0,54.0,60.0,220.0,364.0,48541.5576575619,0.7410849580765734,0.5360824742268041,801.7241379310344
8.5,200,39361,112.0,54.0,60.0,256.0,474.89999999999986,53264.40697499999,0.5735588070680419,0.475,635.2941176470588
0.16,8,1149,86.0,54.0,54.0,239.25,297.3,10659.984375,0.31314285714285717,0.5,1500.0
5.26,105,19779,112.0,54.0,60.0,256.0,422.8000000000001,44564.70965986394,0.4030644818046393,0.44761904761904764,524.7148288973384
3.41,78,19975,112.0,54.0,60.0,220.0,444.6999999999999,147417.4919460881,0.3446650959272972,0.4358974358974359,598.2404692082112
8.02,185,34502,112.0,54.0,60.0,220.0,447.0,39804.206749452154,0.490431552118882,0.4594594594594595,620.9476309226933
0.1,3,1136,184.0,126.4,148.0,512.0,708.8000000000001,107278.22222222223,0.3523809523809524,0.0,0.0
8.09,172,37504,112.0,54.0,60.0,266.0,505.10000000000014,70776.34667387778,0.7029469191300004,0.4418604651162791,548.8257107540173
1.18,22,4527,86.0,54.6,60.0,184.0,576.4000000000007,67212.17561983471,0.6612844036697247,0.5,559.3220338983051
7.44,201,53852,112.0,54.0,60.0,298.0,724.0,118735.90411128437,0.5592101453471539,0.47761194029850745,741.9354838709677
5.16,108,18539,83.0,54.0,60.0,184.0,310.49999999999994,54949.151148834026,1.320565777944674,0.5462962962962963,604.6511627906976
9.03,232,84608,112.0,54.0,60.0,364.0,1509.0,254415.55023781216,0.22899931728716064,0.4698275862068966,657.8073089700997
0.4,16,3922,130.0,57.0,60.0,184.0,514.5,132679.859375,0.26109324758842445,0.375,899.9999999999999
7.12,222,73827,112.0,54.0,60.0,288.75,1509.0,239315.40924032137,0.19521119007916593,0.45495495495495497,825.8426966292135
5.34,118,19366,112.0,54.0,60.0,220.0,379.69999999999993,21905.053720195345,0.5161669145854537,0.4745762711864407,584.2696629213483
9.41,202,48184,112.0,54.0,60.0,297.75,598.9000000000003,84516.71414567198,0.7504904453970791,0.46534653465346537,567.4814027630181
4.18,87,25040,112.0,54.0,60.0,418.0,784.0000000000005,122274.5408904743,0.9518278899368618,0.4827586206896552,574.1626794258373
0.65,15,2826,148.0,54.0,60.0,318.0,407.2,23509.973333333335,1.0360230547550433,0.4666666666666667,646.1538461538461
5.87,111,24892,112.0,54.0,60.0,328.0,439.0,80499.82826069312,0.7342715808541769,0.4864864864864865,531.5161839863713
2.48,55,9268,112.0,54.0,60.0,256.0,385.6,25776.28628099174,0.572980312287848,0.4727272727272727,629.0322580645161
6.53,155,33892,112.0,54.0,60.0,292.0,524.7999999999998,62465.257273673255,0.9045799381848834,0.4774193548387097,643.1852986217458
9.35,197,38046,112.0,54.0,60.0,296.0,400.0,37998.476281274954,0.5961570733344521,0.4416243654822335,558.288770053476
3.9,60,14267,112.0,54.0,60.0,328.0,478.30000000000007,88502.06972222221,0.5710824799030944,0.48333333333333334,430.7692307692308
9.57,203,42694,83.0,54.0,60.0,297.0,508.0,83012.77745152757,0.9230665285347507,0.5467980295566502,608.1504702194358
8.12,148,27688,104.5,54.0,60.0,292.0,439.0000000000001,33105.696128561,0.742041021769221,0.49324324324324326,524.6305418719212
3.28,62,12864,112.0,54.0,55.5,293.5,432.4,64490.92715920916,0.5162659123055162,0.4838709677419355,530.4878048780488
1.42,36,7742,86.0,54.0,60.0,251.25,542.5,61554.05246913579,1.3646915088576665,0.5,760.5633802816901
1.53,28,6961,256.0,54.0,60.0,360.25,493.00000000000006,37885.38137755101,0.8513297872340425,0.39285714285714285,431.3725490196078
4.56,104,18949,112.0,54.0,60.0,266.0,400.0,29107.007303994076,0.7981590434617575,0.4519230769230769,618.421052631579
6.97,116,25439,83.0,54.0,54.0,256.0,476.5,91675.45206599285,0.4702074784719413,0.5172413793103449,482.06599713055954
7.28,129,19897,112.0,54.0,60.0,256.0,328.0,14450.151553392223,0.6952372838033569,0.4806201550387597,502.74725274725273
2.68,57,10246,112.0,54.0,60.0,256.0,400.0,26173.097568482615,0.8869244935543278,0.45614035087719296,582.0895522388059
1.74,39,6071,83.0,54.0,60.0,130.0,400.0000000000005,28941.863247863243,0.5951129795060431,0.5384615384615384,620.6896551724137
4.41,91,15350,83.0,54.0,60.0,202.0,396.0,33291.49184881054,0.5006354482354092,0.5274725274725275,585.0340136054422
3.21,55,8667,91.0,54.0,60.0,184.0,337.6000000000001,23195.7705785124,0.8219466050031532,0.509090909090909,485.98130841121497
6.74,138,26758,87.0,54.0,60.0,292.0,410.7999999999999,46068.178113841626,0.6842701579908101,0.5072463768115942,578.6350148367952
9.06,185,35870,112.0,54.0,60.0,256.0,410.7999999999999,53797.95588020453,0.5507998270644185,0.4648648648648649,569.5364238410597
6.5,132,24572,101.5,54.0,60.0,220.0,392.8,44547.3406795225,0.5327802382883163,0.5,563.0769230769231
3.64,57,11977,112.0,54.0,60.0,266.0,500.7999999999999,64417.8621114189,0.5901486988847584,0.47368421052631576,428.57142857142856
2.78,54,9444,112.0,54.0,60.0,251.25,337.1,25702.506172839505,0.44469940339605324,0.46296296296296297,517.9856115107914
7.32,129,27445,112.0,54.0,60.0,292.0,440.4000000000001,52068.38807763956,0.5300774934492948,0.4573643410852713,475.4098360655737
5.74,100,22801,130.0,54.0,60.0,328.0,469.5000000000002,62535.5899,0.855399137439987,0.47,470.38327526132406
4.56,105,23891,106.0,54.0,60.0,292.0,580.0,76787.39174603176,0.6031000469704086,0.49523809523809526,657.8947368421053
8.67,170,32853,112.0,54.0,60.0,256.0,431.5,44769.10660899654,0.6006333739342266,0.4823529411764706,532.8719723183391
9.65,169,33201,112.0,54.0,60.0,256.0,438.20000000000016,51331.57347431812,0.6060855263157895,0.47337278106508873,484.9740932642487
9.59,160,27822,83.0,54.0,60.0,256.0,400.0,39726.537343749995,0.7611090011393847,0.51875,475.4953076120959
8.46,162,26368,109.0,54.0,60.0,211.0,364.0,27769.154854442913,0.6752223634053367,0.49382716049382713,531.9148936170212
0.83,25,6064,184.0,54.0,60.0,400.0,551.6000000000001,39036.0064,0.6985994397759103,0.44,795.1807228915662
3.72,72,10333,112.0,54.0,60.0,220.0,297.4,13354.722029320987,0.861466402450009,0.4861111111111111,564.516129032258
4.55,100,25902,112.0,54.0,60.0,293.25,659.2000000000003,135085.97960000005,0.34402241594022415,0.46,606.5934065934066
0.79,15,2434,106.0,54.0,57.0,274.0,383.2,17596.195555555558,0.4004602991944764,0.4666666666666667,531.6455696202531
9.66,177,33275,112.0,54.0,60.0,220.0,388.6,58101.40674774172,0.6423988153998026,0.4858757062146893,503.1055900621118
6.33,121,24564,112.0,54.0,60.0,256.0,473.0,50590.10736971519,0.7067815453029461,0.48760330578512395,540.2843601895735
3.7,89,17577,83.0,54.0,60.0,256.0,463.8000000000001,54865.68817068552,0.6008196721311475,0.5280898876404494,664.8648648648649
0.32,8,1465,104.0,58.2,60.0,238.0,429.7,26274.859375,0.697566628041715,0.5,750.0
8.98,181,28531,112.0,54.0,60.0,220.0,328.0,22092.288391685237,0.6066561549724068,0.4861878453038674,561.2472160356348
6.51,130,24063,112.0,54.0,60.0,256.0,403.6000000000003,34468.21307692308,0.7196455370542414,0.4461538461538462,534.5622119815669
5.09,97,19929,112.0,54.0,60.0,292.0,450.4000000000002,48857.29939419704,0.5295878425051808,0.4536082474226804,506.87622789783893
7.11,128,22042,91.0,54.0,60.0,220.0,364.0,37315.505615234375,0.5308007500520869,0.515625,506.3291139240506
8.05,178,45426,112.0,54.0,54.0,314.5,662.8000000000004,106953.94786011863,0.4637494361023394,0.46629213483146065,603.726708074534
7.71,152,30725,112.0,54.0,60.0,220.0,356.8000000000002,84765.86907029086,0.3695729695997147,0.47368421052631576,536.964980544747
9.5,193,31190,83.0,54.0,60.0,220.0,328.0,26375.990013154715,0.7917049632352942,0.5025906735751295,574.7368421052632
8.89,190,29260,112.0,54.0,60.0,220.0,364.0,17598.705263157895,0.6791965566714491,0.4631578947368421,580.4274465691789
4.66,85,13359,112.0,54.0,60.0,148.0,292.0,41630.655224913506,0.5705384434516811,0.4823529411764706,527.8969957081545
4.12,81,24614,148.0,54.0,60.0,297.0,904.0,184878.4292028654,0.2426292407108239,0.43209876543209874,509.70873786407765
7.54,180,33834,112.0,54.0,60.0,220.0,436.9,54616.243333333325,0.5283913809459276,0.48333333333333334,636.6047745358089
0.23,5,779,112.0,60.0,60.0,148.0,298.6,15896.16,0.5009633911368016,0.4,521.7391304347826
1.11,21,2798,60.0,54.0,60.0,148.0,309.0,16505.990929705215,0.5043010752688172,0.5238095238095238,594.5945945945945
9.11,190,33892,112.0,54.0,60.0,220.0,431.2,45307.319556786715,0.5248807702690542,0.4631578947368421,566.410537870472
7.69,158,28442,112.0,54.0,60.0,220.0,410.8000000000004,37481.98718154143,0.7643920595533499,0.45569620253164556,561.7685305591677
5.24,96,15647,112.0,54.0,60.0,220.0,395.0,23379.19780815972,0.6507015507964975,0.46875,492.3664122137405
9.95,207,39913,112.0,54.0,60.0,256.0,436.0,46561.318957268544,0.6345059175232401,0.46859903381642515,572.8643216080402
7.99,263,98076,112.0,54.0,60.0,313.0,1514.0,272191.40299845306,0.1958008705512272,0.44106463878326996,818.5231539424279
5.69,136,22755,112.0,54.0,60.0,220.0,346.0,32159.069150086507,0.6210728788202607,0.47058823529411764,632.688927943761
2.81,61,11899,112.0,54.0,60.0,290.0,455.0,38572.159634506854,0.4701013096120583,0.45901639344262296,597.8647686832741
9.38,195,46361,112.0,54.0,60.0,297.5,576.8,73213.45993425378,0.4939258209003319,0.4358974358974359,543.7100213219616
3.3,76,20183,112.0,54.0,60.0,328.0,751.0,112371.32461911358,0.7447268326417704,0.47368421052631576,636.3636363636364
9.08,195,33995,112.0,54.0,60.0,238.0,332.3999999999999,33848.26324786325,0.7999152856462117,0.4512820512820513,561.6740088105727
0.81,29,6613,184.0,54.0,60.0,328.0,523.8,34883.61950059453,0.4505373985523141,0.41379310344827586,814.8148148148147
7.39,160,25870,112.0,54.0,60.0,220.0,364.0,25390.82734375,0.5477116362548609,0.4625,600.8119079837619
2.71,68,10006,97.5,54.0,54.0,193.0,338.8000000000002,15331.12543252595,0.4092957746478873,0.5,708.4870848708487
2.26,117,65421,112.0,54.0,54.0,1509.0,1509.0,428625.5831689678,0.07795353435491843,0.4358974358974359,1300.8849557522126
1.37,33,5393,112.0,54.0,60.0,225.0,392.8,18142.72910927456,0.804282368685179,0.48484848484848486,700.7299270072992
7.75,176,32579,112.0,54.0,60.0,266.25,405.5,41352.22130036157,0.5728769371892048,0.4943181818181818,619.3548387096773
5.69,129,30555,112.0,54.0,60.0,328.0,551.2,71342.35262303948,0.5348872255990356,0.4573643410852713,611.5992970123023
2.14,50,12993,112.0,54.0,60.0,323.25,695.4000000000002,106556.76039999997,0.2886045819696519,0.44,588.785046728972
7.09,157,37906,112.0,54.0,60.0,266.0,551.6000000000001,112932.8450647085,0.3171867398707346,0.4585987261146497,609.3088857545839
9.95,215,44564,112.0,54.0,60.0,256.0,481.0,65656.89678745269,0.427281170931685,0.4790697674418605,578.894472361809
9.38,228,45489,112.0,54.0,60.0,256.0,436.0,58943.75859879963,0.5497751430907605,0.45614035087719296,652.4520255863539
1.26,27,6079,112.0,57.6,60.0,294.5,378.4000000000001,81220.12620027435,0.558318379902589,0.4074074074074074,523.8095238095237
5.47,132,25645,112.0,54.0,60.0,256.0,445.00000000000006,51489.97446051423,0.49385448826236383,0.4393939393939394,636.1974405850092
7.67,158,30809,112.0,54.0,60.0,220.0,482.8000000000004,55193.360719436,0.7234840008950548,0.46835443037974683,539.7653194263364
5.19,136,25935,112.0,54.0,60.0,256.0,454.5,43812.31352724914,0.5229901931998355,0.4632352941176471,728.3236994219652
8.56,202,44611,112.0,54.0,60.0,283.5,462.5,65925.32793353593,0.6012562814070351,0.4207920792079208,581.7757009345795
4.25,177,94618,148.0,54.0,60.0,1509.0,1509.0,378086.30227584665,0.10251689582847821,0.423728813559322,988.2352941176471
7.57,184,53504,112.0,54.0,60.0,300.0,832.0,146871.2570888469,0.42589878208032406,0.44021739130434784,602.3778071334214
5.76,111,26408,112.0,54.0,60.0,292.0,593.0,84502.64053242435,0.4621560267980732,0.46846846846846846,531.25
0.69,20,4023,130.0,54.0,60.0,293.25,404.4000000000001,38035.3275,0.7010570824524313,0.4,695.6521739130435
3.65,56,12051,112.0,54.0,60.0,292.0,454.0,61709.550701530614,0.52950882091636,0.44642857142857145,410.95890410958907
3.83,100,25396,112.0,54.0,54.0,297.25,526.0000000000002,121779.6584,0.24028130494237157,0.47,689.2950391644908
6.38,131,26971,112.0,54.0,60.0,256.0,436.0,62932.29986597517,0.3986931494062127,0.45038167938931295,526.6457680250784
3.12,51,10344,112.0,54.0,60.0,297.5,500.0,39391.71395617071,0.4438860971524288,0.4117647058823529,403.8461538461538
1.8,32,6636,112.0,54.6,60.0,220.0,365.60000000000014,74058.609375,0.5830152671755725,0.40625,433.3333333333333
1.46,27,6663,112.0,54.0,57.0,282.0,651.4000000000008,109931.58024691358,0.4125503497986008,0.4444444444444444,493.1506849315069
8.02,174,41490,112.0,54.0,60.0,224.5,538.0000000000003,113524.45422116527,0.44323083344928343,0.45977011494252873,576.0598503740649
2.22,84,59033,331.0,54.0,60.0,1508.0,1508.0,441352.2702664399,0.04400035370059245,0.2976190476190476,675.6756756756756
8.67,173,30157,112.0,54.0,60.0,220.0,392.8000000000004,34693.07233786627,0.6185594675826535,0.4682080924855491,532.8719723183391
4.65,81,16332,112.0,54.0,60.0,256.0,405.0,56669.344307270236,0.4361589869855786,0.4567901234567901,464.51612903225805
3.77,75,15952,112.0,54.0,60.0,256.0,467.20000000000095,72310.90595555556,0.9177686943976917,0.44,525.1989389920424
7.68,158,32039,112.0,54.0,60.0,256.0,444.4000000000003,64845.75472680661,0.6859082298463481,0.45569620253164556,539.0625
2.54,71,11440,83.0,54.0,60.0,184.0,356.0,28468.786748660983,0.6910569105691057,0.5211267605633803,779.5275590551181
0.84,17,2747,112.0,57.6,60.0,328.0,332.4,14348.595155709345,1.664403491755577,0.47058823529411764,571.4285714285714
1.04,20,2406,71.5,54.0,54.0,148.0,192.2000000000001,11375.009999999998,0.4751686082158185,0.55,576.9230769230769
2.84,73,14989,112.0,54.0,60.0,148.0,454.3999999999998,89905.37136423345,0.37741224039698584,0.4794520547945205,697.1830985915493
7.06,164,32546,112.0,54.0,60.0,256.0,418.3000000000002,65124.235425342056,0.47748320319593246,0.4573170731707317,637.3937677053825
6.08,124,21007,112.0,54.0,60.0,220.0,300.4,36791.032453173786,0.5631371381799241,0.46774193548387094,572.3684210526316
0.99,13,2538,112.0,54.0,60.0,220.0,379.4000000000001,45091.56213017751,0.1994328922495274,0.46153846153846156,363.6363636363636
0.9,33,7560,112.0,54.0,60.0,220.0,559.6,85351.9614325069,0.7872340425531915,0.45454545454545453,999.9999999999999
4.72,120,30934,112.0,54.0,60.0,273.25,621.1000000000005,135445.0863888889,0.3183600409137402,0.44166666666666665,648.3050847457628
7.01,168,34067,112.0,54.0,60.0,256.0,439.0000000000001,62919.0407808957,0.5948970037453184,0.4583333333333333,641.9400855920114
7.07,152,31472,112.0,54.0,60.0,258.75,400.0,76371.39196675901,0.3583667832016919,0.4342105263157895,543.1400282885431
7.15,178,26050,88.0,54.0,60.0,184.0,305.8000000000003,20943.305643226868,0.6016969995081161,0.5056179775280899,713.2867132867133
8.9,190,37248,112.0,54.0,60.0,184.0,436.0,71712.04033240998,0.4207575237441355,0.46842105263157896,552.8089887640449
3.44,80,15388,112.0,54.0,60.0,184.0,475.2000000000003,57867.62749999999,0.8535292700554084,0.475,662.7906976744187
1.58,41,15044,148.0,54.0,60.0,315.0,1508.0,257184.8970850684,0.2591228657515902,0.43902439024390244,683.5443037974684
1.45,22,5360,112.0,54.6,60.0,274.0,739.0000000000005,89587.59504132232,0.8022864828513786,0.4090909090909091,372.41379310344826
5.21,108,26727,112.0,54.0,60.0,297.25,569.0999999999998,105882.93441358025,0.42346612697060076,0.46296296296296297,552.7831094049905
5.79,174,39606,112.0,54.0,60.0,266.0,444.70000000000005,99681.93658343243,0.3470512210053738,0.46551724137931033,808.2901554404145
3.8,76,10575,112.0,54.0,60.0,148.0,294.5,18727.492209141274,0.7619126957680773,0.4868421052631579,552.6315789473684
4.42,108,19821,112.0,54.0,58.5,266.25,429.0,38019.675154320976,0.4904128129934582,0.4722222222222222,678.7330316742081
8.84,169,24557,112.0,54.0,60.0,184.0,329.2000000000001,16805.763313609466,0.601264997391758,0.47337278106508873,509.0497737556561
9.49,221,40042,112.0,54.0,60.0,184.0,436.0,46899.01988083782,0.5325908064454395,0.4796380090497738,625.9220231822972
8.54,196,43843,112.0,54.0,60.0,256.0,472.0,93333.35722094959,0.35926212990234074,0.42857142857142855,576.112412177986
4.03,97,43218,112.0,54.0,60.0,472.0,1508.0,323178.84578594955,0.1201596599450521,0.3917525773195876,565.7568238213399
1.99,54,8423,112.0,54.0,60.0,148.0,319.0000000000001,32121.647805212622,0.44501629782123864,0.46296296296296297,753.7688442211056
4.46,81,9214,83.0,54.0,54.0,112.0,184.0,10902.087181832037,0.7620960030598585,0.5432098765432098,511.21076233183857
9.14,174,34775,112.0,54.0,60.0,220.0,366.1,74900.51383934468,0.3771186440677966,0.46551724137931033,505.4704595185995
8.75,220,44860,112.0,54.0,60.0,220.0,360.4,84852.81900826446,0.46491199425268587,0.45454545454545453,665.1428571428571
8.41,194,65180,112.0,54.0,60.0,292.0,1508.7,226109.26761611225,0.20902969709335756,0.4175257731958763,563.6147443519619
0.42,16,2874,83.0,54.0,60.0,148.0,472.0,49126.359375,0.657439446366782,0.625,1000.0
9.28,207,38707,112.0,54.0,60.0,228.5,400.0,43733.410534668255,0.5856376223833518,0.4444444444444444,594.8275862068966
1.83,44,9598,130.0,54.0,60.0,313.75,497.2000000000001,41334.663223140495,0.3906114169805853,0.4090909090909091,590.1639344262295
3.19,58,9408,88.0,54.0,60.0,148.0,336.4000000000001,49895.06064209275,0.8307063631056626,0.5172413793103449,507.83699059561127
8.12,188,36813,88.0,54.0,60.0,157.0,339.70000000000044,98528.83236192848,0.2906878900497861,0.5053191489361702,635.4679802955665
0.51,6,618,86.0,57.0,60.0,139.0,166.0,2461.0,1.0328947368421053,0.5,352.94117647058823
6.69,153,38152,112.0,54.0,60.0,266.0,590.6000000000003,126444.988423256,0.30688863768711677,0.4444444444444444,600.896860986547
8.32,164,32557,112.0,54.0,60.0,266.25,404.9000000000001,49268.676494646046,0.46858225449952634,0.4268292682926829,497.59615384615387
3.59,92,17339,112.0,54.0,60.0,256.0,360.4000000000002,54198.85763232513,0.7843984768961614,0.4782608695652174,668.5236768802229
0.71,16,2981,86.0,54.0,60.0,229.0,490.0,36237.96484375,1.0320381731424677,0.5,676.0563380281691
4.63,109,22194,112.0,54.0,60.0,220.0,393.6,83515.79648177764,0.3559384164222874,0.44954128440366975,609.0712742980562
2.28,41,6548,112.0,54.0,60.0,184.0,328.0,17972.10945865556,0.4422907488986784,0.43902439024390244,473.6842105263158
3.88,83,13737,112.0,54.0,60.0,166.0,347.79999999999984,31654.539120336765,0.6083596768528275,0.4457831325301205,572.1649484536083
1.97,28,4232,112.0,54.0,60.0,193.0,302.8,16173.765306122446,0.8376031263569258,0.4642857142857143,395.93908629441626
1.89,46,9662,112.0,54.0,60.0,211.0,451.5,93364.95463137997,0.36468926553672315,0.43478260869565216,634.9206349206349
4.75,109,17328,112.0,54.0,60.0,184.0,328.0,34634.99924248801,0.5787172011661808,0.4954128440366973,631.578947368421
3.05,62,12174,112.0,54.0,60.0,292.0,328.9,42466.51925078043,0.5787835559590195,0.43548387096774194,511.47540983606564
4.86,104,14210,83.0,54.0,54.0,184.0,306.6,11287.251109467457,0.6719614072243794,0.5096153846153846,604.9382716049382
6.66,134,20048,112.0,54.0,60.0,148.0,300.7,23612.74493205614,0.6015337913404697,0.4552238805970149,549.5495495495495
3.56,64,9934,112.0,54.0,60.0,193.0,304.10000000000014,29233.6396484375,0.4686575990538143,0.453125,488.76404494382024
9.73,192,33262,112.0,54.0,60.0,184.0,390.10000000000014,44923.92176649306,0.5222883295194508,0.46875,524.1521068859198
2.07,50,11124,97.5,54.0,54.0,211.0,559.4000000000001,106815.20959999999,0.22107574094401755,0.5,666.6666666666667
8.19,177,40198,112.0,54.0,60.0,184.0,583.2,119184.08452232757,0.38346640969163,0.480225988700565,586.0805860805862
6.28,109,17149,112.0,54.0,60.0,184.0,333.6000000000001,33291.04688157563,0.5871355853771402,0.44954128440366975,468.1528662420382
6.68,155,37028,112.0,54.0,60.0,261.5,548.8,113887.07829344431,0.4648890295525577,0.4838709677419355,664.6706586826348
4.27,79,8512,83.0,54.0,54.0,112.0,184.0,6808.214388719757,0.7751824817518248,0.5189873417721519,548.0093676814989
4.87,111,18885,112.0,54.0,60.0,202.0,357.0,47780.477233990736,0.3230348886086591,0.4774774774774775,616.0164271047228
6.92,150,25145,112.0,54.0,60.0,184.0,436.99999999999994,29961.192222222227,0.7028985507246377,0.46,598.2658959537572
7.31,221,43066,112.0,54.0,60.0,184.0,392.0,86270.64793923138,0.39412773947104335,0.49321266968325794,812.5854993160056
8.34,189,33845,112.0,54.0,60.0,184.0,436.0,46179.29610033314,0.43101771595281385,0.455026455026455,589.9280575539569
3.31,75,13222,112.0,54.0,60.0,224.0,365.2000000000005,38903.38062222223,0.5625147719215315,0.4266666666666667,580.0604229607251
8.8,202,32362,112.0,54.0,60.0,184.0,326.70000000000005,39385.05577884521,0.5063302923105567,0.46534653465346537,634.0909090909091
4.82,124,18077,112.0,54.0,60.0,184.0,297.0,19126.670330385015,0.7720811685128909,0.49193548387096775,709.5435684647302
3.54,70,9482,97.5,54.0,60.0,148.0,292.5,16490.733877551025,0.6522042167625022,0.5,559.322033898305
5.95,141,21027,112.0,54.0,60.0,148.0,300.0,28008.94824204013,0.5515791027154664,0.46099290780141844,655.4621848739496
7.38,169,29537,112.0,54.0,60.0,148.0,329.0000000000001,61810.316305451495,0.509608504548707,0.47337278106508873,634.1463414634146
8.99,216,33859,112.0,54.0,60.0,184.0,299.0,30851.824052640608,0.5778461251689267,0.4861111111111111,647.3859844271412
7.82,190,32635,112.0,54.0,60.0,220.0,339.1999999999998,37915.97022160664,0.5648525533445217,0.45789473684210524,659.8465473145781
0.29,2,330,165.0,81.0,112.5,217.5,249.0,11025.0,0.0,0.5,206.89655172413796
7.41,159,21871,112.0,54.0,60.0,148.0,309.0,18710.44839998418,0.5900399854598328,0.4779874213836478,599.1902834008097
5.24,121,24862,112.0,54.0,60.0,256.0,421.0,79106.4805682672,0.34164373212454807,0.4793388429752066,583.969465648855
6.41,123,19026,112.0,54.0,60.0,184.0,315.19999999999993,35705.8588141979,0.4845505617977528,0.4878048780487805,524.1809672386895
3.04,48,6453,112.0,54.0,54.0,148.0,271.9000000000002,13521.162760416666,0.4298692665632617,0.4583333333333333,434.2105263157895
6.12,124,17617,112.0,54.0,60.0,148.0,299.4,20860.29311914672,0.6091523565948118,0.47580645161290325,568.6274509803922
5.76,109,16183,112.0,54.0,54.0,112.0,330.6000000000001,31909.86364784109,0.5626689841637698,0.48623853211009177,541.6666666666666
1.14,47,35853,256.0,54.0,60.0,1509.0,1509.0,492219.97102761426,0.04996046504817407,0.2765957446808511,684.2105263157895
1.77,58,14971,87.0,54.0,60.0,175.0,782.8000000000044,187417.38198573122,0.21085409252669038,0.5172413793103449,915.2542372881355
1.76,38,5041,112.0,54.0,60.0,148.0,297.3,11057.067174515236,0.5070254110612855,0.4473684210526316,579.5454545454545
7.47,142,21308,112.0,54.0,60.0,184.0,361.20000000000016,18780.151755604045,0.5901492537313433,0.49295774647887325,538.152610441767
4.35,103,17392,112.0,54.0,60.0,184.0,351.3999999999999,31066.37684984447,0.6359702756090678,0.4563106796116505,634.4827586206897
5.09,108,15780,83.0,54.0,60.0,148.0,358.4,19751.043209876545,0.560059317844785,0.5185185185185185,589.3909626719058
8.72,195,27775,112.0,54.0,60.0,148.0,295.0,18126.645890861273,0.5198358413132695,0.4717948717948718,598.6238532110092
7.42,155,27855,112.0,54.0,60.0,220.0,391.6,45933.26409989593,0.613566587499276,0.44516129032258067,549.8652291105121
0.06,2,568,284.0,104.80000000000001,172.0,396.0,463.2,50176.0,8.466666666666667,0.5,1000.0
7.65,146,28388,112.0,54.0,60.0,220.0,347.0,74495.89003565397,0.40437320668843374,0.4452054794520548,509.80392156862746
2.31,69,16159,112.0,54.0,60.0,256.0,548.0000000000001,109375.16740180636,0.3187790745123643,0.463768115942029,753.2467532467532
3.24,64,10720,97.5,54.0,58.5,184.0,416.2000000000001,40170.1875,0.5787923416789397,0.5,574.074074074074
6.49,154,21702,112.0,54.0,60.0,184.0,298.0,14532.565356721201,0.6113751113751114,0.4675324675324675,656.3944530046224
0.98,13,1731,112.0,54.0,54.0,112.0,269.60000000000014,15753.51479289941,0.28317272053372866,0.46153846153846156,367.34693877551024
3.64,76,10170,112.0,54.0,54.0,148.0,298.5,16839.992382271463,0.6225271218889598,0.4868421052631579,609.8901098901099
8.75,226,81108,112.0,54.0,60.0,316.75,1508.0,266519.7212780954,0.24645387346129613,0.4247787610619469,630.8571428571428
8.12,152,26063,112.0,54.0,60.0,184.0,435.00000000000006,38118.788391620496,0.4581515049792995,0.48026315789473684,495.0738916256158
3.74,71,11831,112.0,54.0,60.0,184.0,400.0,44974.401110890685,0.5791510945008008,0.4788732394366197,529.4117647058823
7.45,153,23315,112.0,54.0,60.0,184.0,356.8000000000004,28191.883976248453,0.8656477554613107,0.46405228758169936,571.8120805369127
1.29,31,4267,112.0,54.0,60.0,148.0,297.0,11750.809573361083,0.405004939084623,0.45161290322580644,651.1627906976744
5.91,208,88609,112.0,54.0,60.0,411.5,1514.0,327860.15863073233,0.13543054843669913,0.4230769230769231,812.1827411167512
7.33,177,28142,112.0,54.0,60.0,184.0,378.60000000000014,30178.11861214849,0.6053622361665716,0.4915254237288136,679.399727148704
1.89,35,6202,91.0,54.0,60.0,220.0,328.0,38923.35999999999,0.8452841416245165,0.5428571428571428,539.6825396825396
7.42,163,50757,112.0,54.0,60.0,364.0,976.000000000002,170409.13417893034,0.4615163120158945,0.4539877300613497,598.3827493261456
3.41,52,13247,112.0,54.0,60.0,265.0,768.9999999999998,108275.30288461539,1.3026247175386754,0.46153846153846156,422.28739002932554
1.07,18,4068,112.0,58.2,60.0,247.0,560.0,63379.555555555555,0.5622119815668203,0.4444444444444444,448.59813084112153
7.99,136,28605,91.0,54.0,60.0,220.0,472.0,85076.63316392733,0.7521131936787946,0.5073529411764706,473.0913642052565
4.39,102,22691,115.0,54.0,60.0,315.0,434.5000000000001,54956.67983467899,0.777316519150936,0.43137254901960786,601.366742596811
9.13,189,36153,112.0,54.0,60.0,256.0,453.00000000000057,39437.52683295541,0.6149825783972126,0.4497354497354497,519.1675794085432
5.96,92,18220,97.5,54.0,60.0,229.0,546.6000000000001,51905.54158790172,0.3623448482129505,0.5,432.8859060402685
4.55,96,18691,112.0,54.0,60.0,221.25,410.0,60163.002495659726,0.4475681536555142,0.46875,567.032967032967
0.85,23,4484,112.0,54.0,60.0,274.0,466.00000000000017,37018.65028355386,0.465359477124183,0.4782608695652174,776.4705882352941
9.79,236,46620,112.0,54.0,60.0,292.0,441.5,42203.92617064061,0.6136513100965698,0.4491525423728814,649.6424923391216
6.84,208,55622,112.0,54.0,60.0,292.0,605.8000000000009,133658.46366494085,0.29071332436069985,0.4423076923076923,789.4736842105262
5.83,128,23830,112.0,54.0,60.0,266.25,436.0,28542.220458984375,0.8354771624431949,0.4609375,576.3293310463122
2.29,54,14808,112.0,54.0,60.0,247.0,912.3000000000018,165860.6913580247,0.29644545613727896,0.46296296296296297,655.0218340611353
1.1,24,4070,130.0,54.0,58.5,272.5,364.0,16410.659722222223,1.0786516853932584,0.4583333333333333,600.0
0.3,8,1489,86.0,54.0,58.5,272.25,396.29999999999995,30524.609375,0.17336485421591805,0.5,800.0
3.29,65,9476,112.0,54.0,60.0,148.0,297.0,21466.599763313614,0.7785285285285285,0.4461538461538462,528.8753799392098
6.36,125,25054,106.0,54.0,60.0,292.0,456.0000000000001,58859.077375999994,0.6532928599709648,0.496,537.7358490566037
2.31,46,9245,112.0,54.0,60.0,256.0,508.0,49582.93431001889,0.58169375534645,0.45652173913043476,545.4545454545455
4.52,103,19750,91.0,54.0,60.0,220.0,407.2,63581.93628051653,0.42919169259714884,0.5145631067961165,610.6194690265488
8.97,170,38569,112.0,54.0,60.0,266.75,561.0999999999999,83107.61415224914,0.5883128114318659,0.4647058823529412,521.7391304347825
1.09,28,8694,112.0,54.0,60.0,328.0,808.0000000000007,188114.60714285713,0.29413515927359335,0.39285714285714285,605.5045871559632
8.98,205,36819,112.0,54.0,60.0,220.0,383.79999999999984,42278.29753718026,0.4512238382405108,0.44390243902439025,608.0178173719377
3.86,102,18085,83.0,54.0,60.0,247.0,400.0,37730.64292579777,0.45999838540405263,0.5196078431372549,715.0259067357514
7.04,146,33772,112.0,54.0,60.0,220.0,556.0,107112.16100581722,0.32584798994974873,0.4657534246575342,545.4545454545455
9.32,193,34916,112.0,54.0,60.0,184.0,447.20000000000016,41069.14768181696,0.42137187054752695,0.44559585492227977,547.2103004291845
0.83,27,10382,184.0,54.0,60.0,423.5,1232.000000000001,218358.5459533608,0.22602739726027396,0.37037037037037035,722.8915662650603
4.15,93,19188,112.0,54.0,60.0,297.0,504.99999999999994,51779.42282344781,0.4480416572334163,0.45161290322580644,549.3975903614457
5.3,112,24313,112.0,54.0,60.0,221.25,537.5000000000001,75758.64532844389,0.47988313348347433,0.48214285714285715,566.0377358490566
9.92,232,50266,112.0,54.0,60.0,256.0,446.8,83349.10248216409,0.3847382920110193,0.41810344827586204,586.6935483870968
0.27,13,2749,112.0,54.0,60.0,328.0,501.6000000000001,39296.71005917159,0.3751875937968984,0.46153846153846156,1333.3333333333333
4.78,119,19252,83.0,54.0,60.0,184.0,364.0,28131.599322081773,0.6272504437494717,0.5042016806722689,677.8242677824267
7.86,173,35326,112.0,54.0,60.0,267.0,445.2000000000001,52459.533629590034,0.4201407035175879,0.45664739884393063,572.5190839694657
7.97,179,35956,112.0,54.0,60.0,220.0,376.8000000000005,79297.87734465215,0.38804817788758494,0.45251396648044695,609.7867001254705
9.94,250,38197,112.0,54.0,60.0,187.75,298.0,18903.063056,0.747906465931451,0.468,682.092555331992
7.89,169,27209,112.0,54.0,60.0,220.0,356.8000000000002,23891.810650887575,0.5578266346043742,0.44970414201183434,562.7376425855513
6.0,145,61269,148.0,54.0,60.0,508.0,1509.0,277727.86178359104,0.18364468829086414,0.3793103448275862,550.0
5.32,122,20322,112.0,54.0,60.0,247.0,353.5000000000001,27824.63800053748,0.5581965956141696,0.45901639344262296,620.3007518796992
7.55,159,28288,112.0,54.0,60.0,220.0,407.2000000000006,39437.8664609786,0.631090353456726,0.4779874213836478,556.2913907284768
8.97,185,36236,112.0,54.0,60.0,256.0,436.0,55646.15614317019,0.5048172757475083,0.4486486486486487,541.8060200668896
5.3,163,59897,112.0,54.0,54.0,261.5,1514.0,287455.09548722196,0.16379427594380866,0.4662576687116564,849.0566037735849
1.03,33,4673,91.0,54.0,60.0,184.0,256.0,14535.208448117537,0.7594126506024096,0.5151515151515151,932.0388349514564
1.15,27,3386,112.0,54.0,57.0,148.0,266.0,6885.871056241427,0.928246013667426,0.4444444444444444,626.0869565217391
6.71,166,29928,112.0,54.0,60.0,184.0,360.0,66273.3621715779,0.45883499878137946,0.4939759036144578,679.5827123695976
0.5,12,2809,86.0,54.0,58.5,211.0,719.5000000000001,85218.74305555555,0.8941335131490222,0.5,720.0
8.67,209,40134,112.0,54.0,60.0,220.0,363.20000000000005,73561.042238044,0.3979588282420147,0.47368421052631576,650.5190311418686
8.2,169,35130,112.0,54.0,60.0,269.0,508.80000000000007,51872.11323132944,0.8385931857434448,0.4319526627218935,519.5121951219512
1.49,38,6428,112.0,54.0,60.0,184.0,354.4000000000004,33382.08033240997,0.7644798243206149,0.4473684210526316,684.5637583892618
9.71,249,44316,112.0,54.0,60.0,266.0,372.00000000000057,32915.95122659312,0.5455655145956126,0.43775100401606426,648.8156539649844
4.12,84,13668,112.0,54.0,60.0,184.0,295.5,36864.53741496599,0.5316001792917974,0.4880952380952381,567.9611650485436
7.41,160,28788,112.0,54.0,60.0,220.0,364.0,47887.556874999995,0.4201568743525233,0.45625,574.8987854251012
1.03,25,4245,112.0,54.0,60.0,220.0,292.0,35214.240000000005,0.5798288053591366,0.48,699.0291262135922
7.65,172,37530,112.0,54.0,60.0,292.0,540.4000000000002,63708.17022714981,0.4930776575429663,0.4883720930232558,596.0784313725491
1.84,46,12183,112.0,54.0,60.0,225.0,656.0,132955.43336483932,0.3424793388429752,0.391304347826087,586.9565217391304
4.53,87,15942,112.0,54.0,60.0,225.0,328.0,43435.10265556876,0.7794396696059828,0.45977011494252873,516.5562913907285
9.71,228,74871,112.0,54.0,60.0,364.0,1184.8000000000025,193497.78860803327,0.2526727902424334,0.42543859649122806,587.0236869207002
2.74,59,14463,112.0,54.0,60.0,292.0,465.6,112484.32059752947,0.3437703242590356,0.4406779661016949,569.3430656934306
0.64,33,7995,112.0,54.0,60.0,292.0,693.6000000000001,101676.92561983471,0.32367549668874174,0.45454545454545453,1312.5
2.21,41,6983,83.0,60.0,60.0,184.0,436.0,27894.36287923855,0.5101643598615917,0.5121951219512195,488.68778280542983
6.55,144,27986,112.0,54.0,60.0,256.0,452.60000000000014,48337.8794367284,0.550213260953858,0.4513888888888889,577.0992366412214
8.25,186,30938,112.0,54.0,60.0,211.0,366.0,26994.577060931893,0.45762073027090694,0.46236559139784944,610.9090909090909
2.49,64,13322,130.0,54.0,60.0,293.5,525.9000000000001,37673.7255859375,0.4586663746852075,0.4375,626.5060240963855
7.96,193,34790,112.0,54.0,60.0,220.0,435.00000000000006,40555.13495664312,0.7596479692478884,0.46632124352331605,625.6281407035176
1.25,34,6696,112.0,60.0,60.0,184.0,420.69999999999993,67138.29065743943,0.8185768604019554,0.47058823529411764,720.0
6.7,164,29367,112.0,54.0,60.0,220.0,390.10000000000036,41880.574769482446,0.5488107167343494,0.43902439024390244,644.776119402985
2.04,52,10252,112.0,54.6,60.0,275.25,469.59999999999997,33648.89940828402,0.6939854593522803,0.40384615384615385,617.6470588235294
2.0,53,8191,112.0,54.0,60.0,220.0,292.0,17234.285510857957,0.7573482085389401,0.4716981132075472,750.0
5.0,121,23397,112.0,54.0,60.0,256.0,364.0,47694.809917355364,0.5166266934595191,0.45454545454545453,660.0
5.99,139,25070,112.0,54.0,60.0,220.0,435.20000000000016,35177.28067905388,0.5495395265467582,0.48201438848920863,611.0183639398998
4.08,103,28312,112.0,54.0,60.0,288.5,673.9999999999998,139459.46950702232,0.38641594437099064,0.4368932038834951,647.0588235294117
2.3,68,20399,112.0,54.0,60.0,275.5,935.1000000000007,180419.63213667815,0.24452443414068697,0.4411764705882353,730.4347826086957
4.64,103,18736,112.0,54.0,60.0,256.0,364.0,39101.019700254496,0.750373692077728,0.4854368932038835,646.5517241379312
4.68,75,14501,148.0,54.0,60.0,256.0,400.0,35831.63982222222,0.6804960018542126,0.4533333333333333,435.8974358974359
8.8,193,37217,112.0,54.0,60.0,256.0,432.6000000000001,50522.41810518403,0.5405662720423876,0.46632124352331605,593.1818181818181
3.88,70,9783,112.0,54.0,60.0,175.0,304.2000000000001,14921.098163265306,0.710912906610703,0.4857142857142857,479.3814432989691
4.6,108,19842,112.0,54.0,60.0,256.0,414.1999999999998,40144.79320987654,0.5278355278355278,0.4537037037037037,639.1304347826087
5.85,145,51835,112.0,54.0,60.0,321.0,1509.0,247319.5048751486,0.19468516640545774,0.4068965517241379,584.6153846153846
2.97,74,10553,83.0,54.0,55.5,148.0,284.50000000000006,24046.913988312637,0.4911685742546277,0.527027027027027,707.070707070707
5.03,110,17820,112.0,54.0,60.0,184.0,334.0000000000005,26101.4,0.6123778501628665,0.4636363636363636,608.3499005964214
1.38,31,4229,83.0,54.0,60.0,166.0,256.0,18875.856399583765,0.36728095699967667,0.5806451612903226,608.695652173913
4.1,76,15058,112.0,54.0,60.0,229.0,389.0,65080.009002770064,0.48252436743132815,0.4473684210526316,482.9268292682927
5.87,134,28722,112.0,54.0,60.0,247.0,492.1000000000001,75631.18066384496,0.5819563780568408,0.44029850746268656,603.0664395229983
8.53,645,80241,112.0,60.0,112.0,112.0,174.20000000000016,9390.901373715522,0.7936561158798283,0.22790697674418606,1019.9296600234467
8.04,240,36813,112.0,54.0,60.0,148.0,328.0,28886.329010416663,0.6383906715919712,0.4083333333333333,701.492537313433
0.3,10,978,112.0,59.4,60.0,112.0,119.19999999999997,1464.36,0.6632653061224489,0.4,800.0
0.8,25,3163,112.0,56.400000000000006,60.0,148.0,248.20000000000007,9515.3696,0.6770943796394485,0.48,825.0
5.15,170,24162,112.0,54.0,60.0,184.0,300.0999999999999,12968.606782006918,0.6235721005241232,0.4235294117647059,838.8349514563106
1.71,53,6536,112.0,54.0,60.0,112.0,220.0,8529.387682449273,0.5371589840075258,0.39622641509433965,736.8421052631579
3.9,114,15203,112.0,60.0,60.0,112.0,284.50000000000006,13524.388196368112,0.5530697721932781,0.40350877192982454,707.6923076923076
9.71,268,46006,112.0,54.0,60.0,157.0,328.6,50438.290209400744,0.5858122781014098,0.4552238805970149,692.0700308959835
2.74,79,12863,112.0,54.0,60.0,148.0,293.0,41081.89264540938,0.6288463973660884,0.3924050632911392,678.8321167883212
0.17,5,688,112.0,80.8,112.0,184.0,205.6,3255.04,1.819672131147541,0.2,352.94117647058823
3.17,96,15578,112.0,54.0,60.0,125.5,261.5,57478.09331597224,0.521734883266582,0.4375,776.02523659306
5.64,169,34322,112.0,54.0,60.0,148.0,407.2000000000006,99656.6844298169,0.35125984251968506,0.4378698224852071,787.2340425531914
9.51,271,39612,112.0,54.0,60.0,133.5,266.0,33018.4730327746,0.6384166770070728,0.44280442804428044,712.9337539432177
0.99,32,7943,112.0,54.0,60.0,274.5,637.6000000000004,99860.2958984375,0.3433113478775579,0.4375,848.4848484848485
7.57,295,39537,112.0,60.0,60.0,112.0,256.0,18179.650284401036,0.6647157894736843,0.36271186440677966,808.4544253632761
1.2,150,19820,112.0,60.0,112.0,112.0,148.0,19573.70222222222,0.7518119144422839,0.2,1500.0
9.49,245,38973,112.0,54.0,60.0,184.0,345.39999999999986,26908.21501041233,0.5401912741068606,0.4489795918367347,689.1464699683877
2.23,45,7633,112.0,54.0,60.0,220.0,424.0000000000003,28363.96839506172,1.1315275062831611,0.4666666666666667,565.0224215246636
6.04,153,26062,112.0,54.0,60.0,220.0,350.4000000000003,33561.30932547311,0.5415828699869869,0.45751633986928103,655.6291390728477
8.28,163,28174,112.0,54.0,60.0,220.0,363.20000000000005,38568.853776958116,0.5483622774236095,0.4539877300613497,536.2318840579711
9.95,243,42392,112.0,54.0,60.0,256.0,364.0,29755.482328235878,0.5007080147267063,0.4609053497942387,633.1658291457286
9.6,186,27941,91.0,54.0,60.0,184.0,343.0,18968.838507341887,0.6374238162212845,0.5053763440860215,550.0
1.09,34,6071,112.0,54.0,60.0,265.0,425.2,30458.54065743945,1.081247857387727,0.4411764705882353,825.6880733944954
0.84,21,2874,112.0,54.0,60.0,184.0,269.0,8448.884353741498,0.48757763975155277,0.38095238095238093,571.4285714285714
1.36,39,8230,112.0,54.0,60.0,220.0,415.0000000000002,78252.3839579224,0.4834174477289113,0.4358974358974359,750.0
2.69,67,9408,112.0,54.0,60.0,148.0,308.19999999999993,15602.989529962128,0.6245898808495942,0.4626865671641791,669.1449814126395
9.42,241,46596,112.0,54.0,60.0,184.0,436.0,86209.11375492845,0.5643065766945312,0.49377593360995853,726.1146496815287
2.36,51,7153,112.0,54.0,60.0,166.0,292.0,13019.327181853132,0.4986381730567777,0.43137254901960786,559.3220338983051
1.11,29,4183,112.0,54.0,60.0,184.0,258.2,15199.907253269917,0.5283156740957252,0.41379310344827586,648.6486486486485
5.42,127,18022,112.0,54.0,60.0,184.0,294.0,19634.132804265602,0.6872951970789252,0.4881889763779528,653.1365313653137
7.35,158,23659,112.0,54.0,60.0,148.0,298.0,33028.19215670565,0.5603112840466926,0.4620253164556962,595.9183673469388
4.73,122,23289,112.0,54.0,60.0,256.0,469.5000000000001,40285.2755307713,0.4134247739272926,0.4426229508196721,646.9344608879492
9.54,232,50322,112.0,54.0,60.0,256.0,454.0000000000001,92738.29273186684,0.3979498291524294,0.45689655172413796,635.2201257861636
5.94,128,23720,112.0,54.0,60.0,220.0,439.0,51781.65234375,0.4693675277209936,0.46875,585.8585858585858
2.89,60,8103,112.0,54.0,54.0,148.0,325.2,12162.880833333335,0.6222222222222222,0.4666666666666667,581.3148788927335
3.86,89,11341,112.0,54.0,60.0,148.0,272.80000000000007,11176.019946976394,0.8360045329447952,0.47191011235955055,652.8497409326426
5.64,135,23453,112.0,54.0,60.0,184.0,347.8000000000003,57436.761920438956,0.4581571748321313,0.4888888888888889,638.2978723404256
2.26,56,10093,112.0,54.0,60.0,184.0,294.5,61750.64253826531,0.5750624219725343,0.4642857142857143,663.7168141592921
9.87,256,47091,112.0,54.0,60.0,256.0,407.5,38201.56382751465,0.9453463874086008,0.46875,711.2462006079028
8.16,157,29356,112.0,54.0,60.0,256.0,428.4000000000002,38996.50281958701,0.5801485628162343,0.4713375796178344,544.1176470588235
4.28,147,47804,112.0,54.0,54.0,282.5,1509.0,239456.7025776297,0.1591377512669431,0.47619047619047616,925.2336448598131
5.62,128,20764,112.0,54.0,60.0,184.0,337.2999999999999,29100.1865234375,0.563201084092449,0.4765625,629.8932384341638
3.02,64,11061,112.0,54.0,60.0,184.0,392.20000000000005,33713.486083984375,0.8088307440719542,0.421875,536.4238410596026
3.29,84,17407,112.0,54.0,60.0,220.0,364.0,92909.41312358277,0.43705110212168746,0.47619047619047616,711.2462006079028
6.98,220,84490,112.0,54.0,58.5,398.5,1509.0,285348.2433884298,0.13835706875412618,0.4590909090909091,816.618911174785
9.37,225,46896,112.0,54.0,60.0,220.0,508.0,77656.78684444445,0.38753772412568793,0.4444444444444444,614.7278548559233
7.59,196,33616,112.0,54.0,60.0,220.0,377.5,39089.453977509365,0.6726042392277839,0.4489795918367347,695.6521739130435
3.12,80,11832,112.0,54.0,60.0,148.0,328.1,19278.890000000003,0.8245181187355436,0.475,730.7692307692307
2.17,53,7829,112.0,54.0,60.0,184.0,291.0000000000001,20380.504805980774,0.536604514229637,0.4339622641509434,635.9447004608295
7.63,208,43210,112.0,54.0,60.0,275.5,400.0,65793.38452292899,0.4795411744564287,0.4567307692307692,723.4600262123197
3.08,56,8341,101.5,54.0,54.0,148.0,294.5,28522.0149872449,0.31582268496608296,0.5,487.012987012987
9.24,230,31939,112.0,54.0,60.0,148.0,297.1,19044.081833648394,0.6941969021854445,0.47391304347826085,707.7922077922078
6.79,164,35654,112.0,54.0,60.0,184.0,501.7000000000004,103139.4234086853,0.3360563591396238,0.4878048780487805,636.2297496318115
7.85,224,55349,112.0,54.0,60.0,184.0,573.8000000000004,167360.0492466518,0.3537065570963876,0.48660714285714285,749.0445859872611
1.63,30,6850,112.0,54.0,55.5,320.25,580.0,59857.422222222216,0.7359351241763812,0.4666666666666667,515.3374233128835
2.7,65,10366,112.0,54.0,60.0,220.0,316.00000000000006,21242.403313609466,0.8314487632508833,0.4461538461538462,644.4444444444443
5.88,137,24549,112.0,54.0,60.0,220.0,416.4,40282.53332622942,0.6243631310792034,0.45255474452554745,632.6530612244898
0.7,21,3095,112.0,54.0,60.0,184.0,292.0,14569.950113378678,0.4619744922059518,0.42857142857142855,771.4285714285716
4.7,111,22720,91.0,54.0,57.0,184.0,576.0,67245.85553120686,0.4001355765082887,0.5045045045045045,651.063829787234
3.8,82,13053,101.5,54.0,60.0,148.0,414.0000000000001,30179.58848899464,0.6344853493613825,0.5,568.4210526315791
8.58,186,30895,112.0,54.0,60.0,184.0,377.5,41249.26375881604,0.46255444044688504,0.4731182795698925,587.4125874125874
3.38,83,13620,112.0,54.0,60.0,184.0,319.5999999999999,33936.6413122369,0.6401734104046243,0.4578313253012048,674.5562130177515
4.75,108,18207,112.0,54.0,60.0,193.0,401.5,28819.70601851852,0.4986418635278624,0.4444444444444444,606.3157894736843
8.02,201,29814,112.0,54.0,60.0,184.0,309.0,22280.07128536422,0.585682374215509,0.47761194029850745,688.279301745636
8.03,171,30898,112.0,54.0,60.0,220.0,436.0,40952.35422865155,0.6723316735224074,0.45614035087719296,582.8144458281445
6.36,170,25840,112.0,54.0,60.0,148.0,365.7999999999998,22606.576470588236,0.5665353137314337,0.48823529411764705,745.2830188679244
8.17,185,31150,112.0,54.0,60.0,184.0,415.9999999999998,38044.267640613594,0.6265469166100986,0.4972972972972973,616.891064871481
6.48,152,25697,112.0,54.0,60.0,184.0,397.9000000000001,43517.66096779778,0.6082738765802979,0.47368421052631576,648.148148148148
6.18,159,34192,112.0,54.0,60.0,184.0,494.20000000000016,106243.6144139868,0.3457708505529972,0.44025157232704404,669.9029126213593
6.66,167,26543,112.0,54.0,60.0,184.0,303.00000000000006,31715.517372440747,0.4603323063380282,0.46706586826347307,684.6846846846847
6.16,142,36920,112.0,54.0,60.0,292.0,592.3000000000003,136072.88732394367,0.365738171864018,0.4295774647887324,574.6753246753246
1.94,40,5736,112.0,54.0,54.0,148.0,314.5000000000002,22677.440000000002,0.9516842463422933,0.475,556.7010309278351
3.03,68,8668,86.0,54.0,54.0,148.0,277.20000000000016,13618.543252595153,0.5550771438823108,0.5,673.2673267326733
5.99,129,20379,112.0,54.0,60.0,184.0,305.6000000000001,34916.13124211285,0.5026544757410412,0.4883720930232558,621.0350584307178
2.88,82,12938,101.5,54.0,60.0,148.0,410.2000000000002,26052.366448542536,0.6068057625434674,0.5,770.8333333333334
4.26,101,15643,112.0,54.0,60.0,148.0,374.0,28463.68885403392,0.6791541434091884,0.48514851485148514,661.9718309859155
6.43,155,21143,112.0,54.0,57.0,148.0,299.2,23996.4993132154,0.6263846153846154,0.4967741935483871,681.1819595645412
9.44,274,80694,112.0,54.0,60.0,208.0,1508.0,219599.0237093079,0.1911784243390461,0.4562043795620438,794.4915254237288
0.17,6,576,86.0,54.0,55.5,139.0,148.0,1748.0,0.8,0.5,1058.8235294117646
4.5,91,13606,112.0,54.0,60.0,202.0,298.0,16582.161816205775,0.674378538026089,0.45054945054945056,546.6666666666667
9.24,208,39303,112.0,54.0,60.0,184.0,423.60000000000036,70890.17601238906,0.40092675102477277,0.4855769230769231,597.4025974025974
5.41,117,16828,83.0,54.0,60.0,148.0,320.0,32024.92804441524,0.6163673038132744,0.5042735042735043,632.1626617375231
6.39,149,21741,112.0,54.0,60.0,148.0,299.20000000000005,20836.468897797393,0.5653394772841818,0.4429530201342282,619.7183098591549
3.36,83,13359,112.0,54.0,60.0,202.0,391.1999999999999,20943.660328059224,0.600647016534867,0.4457831325301205,660.7142857142857
0.39,7,600,60.0,54.0,57.0,112.0,126.4,1227.918367346939,0.5789473684210527,0.5714285714285714,615.3846153846154
0.68,14,1886,112.0,54.0,54.0,139.0,253.00000000000017,15078.061224489797,0.35488505747126436,0.42857142857142855,529.4117647058823
8.88,206,35655,112.0,54.0,60.0,220.0,400.0,31535.92037421057,0.5817843041568697,0.470873786407767,628.3783783783783
7.97,182,27694,112.0,54.0,60.0,184.0,299.8,21972.302499698108,0.5633961838094163,0.45604395604395603,624.8431618569637
1.28,33,5694,112.0,54.0,60.0,220.0,398.2,25304.00550964188,0.3092664980455277,0.48484848484848486,656.25
4.72,113,21986,112.0,54.0,60.0,184.0,429.6,76179.04205497692,0.36491184504593993,0.48672566371681414,648.3050847457628
7.19,186,27347,83.0,54.0,60.0,148.0,303.5,33773.380997803215,0.5804773738658037,0.5053763440860215,751.0431154381084
4.14,105,18893,112.0,54.0,60.0,220.0,421.6000000000003,38333.37650793651,0.5203186609801239,0.4380952380952381,666.6666666666667
2.92,59,12504,112.0,54.0,60.0,220.0,328.6,103410.30048836542,0.323034599513279,0.4745762711864407,554.7945205479452
2.99,61,12905,112.0,54.0,60.0,292.0,472.0,59470.443429185696,0.49242511853822135,0.4426229508196721,521.7391304347826
4.66,93,13457,112.0,54.0,54.0,184.0,297.0,23004.984622499705,0.6162623108335336,0.4946236559139785,566.5236051502145
0.82,15,2798,112.0,56.4,60.0,281.5,449.8,23315.582222222223,0.8383705650459922,0.4,439.0243902439025
0.54,24,3430,112.0,55.800000000000004,60.0,184.0,263.0999999999999,14477.743055555557,0.6715399610136452,0.4166666666666667,1111.111111111111
3.1,77,12169,112.0,54.0,60.0,184.0,310.60000000000014,19154.97250801147,0.4798735254773197,0.4675324675324675,619.3548387096774
0.55,10,1171,86.0,54.0,55.5,139.0,227.69999999999996,6242.49,0.49171974522292994,0.5,545.4545454545455
5.22,122,33941,112.0,54.0,60.0,220.0,824.8000000000004,172765.24489384572,0.2627329885784441,0.4098360655737705,574.7126436781609
8.27,181,27203,112.0,54.0,54.0,148.0,328.0,26136.00818045847,0.5419453576691985,0.48066298342541436,616.6868198307134
1.78,37,5535,112.0,54.0,54.0,184.0,412.5999999999999,19984.024835646458,0.5873243475767135,0.4864864864864865,606.7415730337078
8.12,178,33635,112.0,54.0,60.0,220.0,399.3,73667.67822875897,0.41848009446693657,0.47752808988764045,583.743842364532
3.83,86,12034,83.0,54.0,54.0,148.0,294.5,18897.64629529475,0.5917989417989418,0.5116279069767442,626.6318537859007
0.03,1,148,148.0,148.0,148.0,148.0,148.0,0.0,148,0.0,0.0
1.54,35,5019,112.0,54.0,60.0,148.0,267.6,28587.49714285714,0.48096783712009444,0.45714285714285713,623.3766233766233
2.73,61,8186,112.0,54.0,54.0,148.0,270.0,13867.436710561678,0.5358348968105066,0.45901639344262296,615.3846153846154
4.85,109,15602,112.0,54.0,60.0,148.0,291.2,29998.962713576293,0.5962758338448946,0.46788990825688076,630.9278350515465
1.32,50,6623,112.0,54.0,60.0,175.0,267.2,9292.608400000003,0.8066012002182215,0.48,1090.9090909090908
6.13,121,22179,112.0,54.0,60.0,220.0,398.0,42860.506522778494,0.5827445943052879,0.45454545454545453,538.3360522022838
6.65,156,25142,83.0,54.0,60.0,184.0,330.5,39064.228632478626,0.6239503940059424,0.5064102564102564,640.6015037593985
1.55,31,6387,112.0,54.0,57.0,184.0,550.0,87312.8699271592,0.3685451039211485,0.4838709677419355,580.6451612903226
8.44,183,36826,112.0,54.0,60.0,184.0,444.20000000000005,82995.72074412495,0.3526041284066701,0.453551912568306,568.7203791469194
5.37,117,17424,112.0,54.0,60.0,184.0,342.4000000000002,20910.259040105197,0.6385179612563475,0.47863247863247865,625.6983240223464
7.82,166,40299,112.0,54.0,60.0,224.5,516.0,131532.9749237915,0.27174324665488514,0.46987951807228917,560.1023017902813
7.88,181,28096,112.0,54.0,60.0,184.0,372.0,22258.617197277254,0.567507252845347,0.4585635359116022,624.3654822335026
0.46,12,1867,112.0,54.0,58.5,212.0,296.9,12841.57638888889,0.5649622799664711,0.4166666666666667,652.1739130434783
2.46,57,10703,112.0,54.0,60.0,256.0,475.59999999999997,30498.737457679283,0.7841306884480747,0.45614035087719296,634.1463414634146
4.52,82,13214,83.0,54.0,60.0,184.0,319.8000000000001,39989.63712076145,0.8663841807909605,0.5609756097560976,530.9734513274337
7.25,180,41750,112.0,54.0,60.0,256.0,504.4,110822.57469135804,0.3906468589700886,0.4722222222222222,662.0689655172414
4.27,90,14906,112.0,54.0,60.0,211.0,301.20000000000016,30542.923950617278,0.7732571972400666,0.4777777777777778,604.2154566744732
1.83,42,7750,112.0,54.0,55.5,292.0,413.5,29009.058956916102,0.4858128834355828,0.4523809523809524,622.950819672131
4.46,94,16324,109.0,54.0,60.0,184.0,353.2000000000001,48068.86283386147,0.5480322427690849,0.48936170212765956,605.3811659192825
4.54,68,11218,112.0,54.0,54.0,148.0,370.3000000000001,51020.20501730104,0.312046783625731,0.45588235294117646,409.6916299559471
1.11,30,5289,112.0,54.0,60.0,247.0,304.6000000000001,34890.21,1.1473812423873324,0.4666666666666667,756.7567567567567
3.06,88,13011,101.5,54.0,60.0,148.0,293.5,28859.648631198343,0.5308859865866572,0.5,803.9215686274509
3.79,101,16748,66.0,54.0,60.0,148.0,328.0,97953.63160474466,1.1728074727555786,0.5544554455445545,854.8812664907653
4.61,105,18068,112.0,54.0,60.0,220.0,413.20000000000005,29431.460861678006,0.4168757841907152,0.45714285714285713,624.7288503253795
8.51,185,39586,112.0,54.0,60.0,184.0,446.2,99077.5238568298,0.38878753859107495,0.4486486486486487,571.0928319623972
2.63,78,16640,87.0,54.0,54.0,211.0,421.29999999999995,104444.14529914531,0.2963540043627298,0.5128205128205128,844.1064638783271
5.41,132,22387,112.0,54.0,60.0,184.0,420.7000000000004,39009.72514921948,0.5340916877955184,0.48484848484848486,665.43438077634
2.32,75,11176,83.0,54.0,60.0,180.5,347.2000000000003,19597.18648888889,0.5754158443755286,0.52,905.1724137931036
0.91,27,3608,66.0,54.0,60.0,112.0,386.8000000000001,15232.825788751717,0.8351983723296033,0.5185185185185185,923.0769230769231
6.41,142,19994,112.0,54.0,54.0,175.0,298.9,16023.130132910133,0.6600797077382929,0.4647887323943662,617.7847113884555
7.43,152,22026,112.0,54.0,54.0,148.0,289.60000000000014,36585.12309556786,0.4854329646614513,0.46710526315789475,573.3512786002692
5.44,124,17695,112.0,54.0,54.0,148.0,301.0,22621.64483610822,0.678683236884546,0.49193548387096775,639.7058823529411
0.44,13,2816,83.0,54.0,60.0,184.0,389.60000000000014,103157.62130177516,0.37031630170316304,0.5384615384615384,681.8181818181819
9.13,193,28229,112.0,54.0,60.0,148.0,298.0,20656.961260704986,0.6675921550094518,0.49222797927461137,591.4567360350493
4.6,131,30067,112.0,54.0,60.0,256.0,431.0,118803.04352893188,0.2470241798349301,0.46564885496183206,743.4782608695652
4.95,106,16460,112.0,54.0,55.5,148.0,328.0,36862.82556069776,0.4997722095671982,0.4716981132075472,606.060606060606
0.98,25,3660,112.0,54.0,60.0,256.0,335.80000000000007,12400.560000000003,0.6636363636363637,0.48,734.6938775510205
6.03,143,21059,112.0,54.0,54.0,148.0,296.0,31270.05525942589,0.47782456140350876,0.4825174825174825,666.6666666666666
4.71,100,19092,106.0,54.0,60.0,148.0,433.30000000000035,79192.7336,0.45874083129584353,0.48,585.9872611464968
0.12,3,278,112.0,65.6,83.0,112.0,112.0,747.5555555555557,1.4821428571428572,0.3333333333333333,500.0
7.51,165,35098,112.0,54.0,60.0,220.0,469.9999999999999,85439.51280073462,0.3763921568627451,0.44242424242424244,583.2223701731025
7.1,181,23535,83.0,54.0,60.0,184.0,292.0,10842.22575623455,0.7834949984843892,0.5082872928176796,718.3098591549295
2.52,74,19688,112.0,54.0,60.0,266.0,476.30000000000007,139138.21329437543,0.21756338899196043,0.40540540540540543,714.2857142857142
9.54,229,37267,112.0,54.0,60.0,148.0,311.60000000000025,45076.60384050647,0.489667026422033,0.4759825327510917,660.3773584905662
2.25,64,17018,112.0,54.0,60.0,229.0,510.4000000000001,171502.3037109375,0.20387662705149973,0.40625,693.3333333333334
7.36,160,26474,112.0,54.0,60.0,148.0,401.7999999999999,32549.561093750002,0.5595876288659793,0.44375,570.6521739130435
5.99,131,19467,108.0,54.0,60.0,184.0,355.0,20548.117242584936,0.5810119386014782,0.4961832061068702,621.0350584307178
6.55,161,25817,112.0,54.0,60.0,220.0,298.0,31876.07962655762,0.5151710781149128,0.43478260869565216,641.2213740458016
1.17,39,5719,83.0,54.0,60.0,148.0,311.20000000000016,23575.768573307032,0.4240537848605578,0.5128205128205128,923.0769230769231
3.7,77,13041,112.0,54.0,60.0,220.0,297.0,33966.30932703659,0.523481308411215,0.45454545454545453,567.5675675675676
5.74,142,38666,112.0,54.0,60.0,247.0,796.5000000000009,161996.84209482244,0.2704034695755027,0.44366197183098594,658.5365853658536
1.9,64,15146,112.0,54.0,60.0,184.0,748.2000000000003,122080.4755859375,0.2793310245797787,0.46875,884.2105263157896
6.1,115,16402,83.0,54.0,60.0,148.0,297.6,34653.242797731575,0.5129600590351444,0.5478260869565217,531.1475409836066
9.26,248,45446,87.0,54.0,60.0,181.75,392.30000000000024,84030.0745967742,0.6371627220000721,0.5040322580645161,712.7429805615551
1.65,45,7002,112.0,54.0,54.0,184.0,320.8000000000002,31999.573333333334,0.5389010989010989,0.4888888888888889,763.6363636363636
5.04,112,17509,112.0,54.0,54.0,184.0,317.8000000000001,31401.64979272959,0.49560092252498505,0.4732142857142857,630.952380952381
4.68,112,17733,112.0,54.0,60.0,148.0,298.8,37796.31050701531,0.6181220914316999,0.49107142857142855,653.8461538461538
2.01,70,12831,97.5,54.0,60.0,184.0,301.00000000000006,64515.26714285715,0.7865497076023392,0.5,985.0746268656718
2.59,63,7436,83.0,54.0,54.0,148.0,264.80000000000007,7061.395817586293,0.5644855880496529,0.5079365079365079,694.980694980695
2.77,57,9093,112.0,54.0,54.0,184.0,341.99999999999994,27270.31948291782,0.4004312336362236,0.43859649122807015,541.5162454873646
5.83,124,19971,83.0,54.0,54.0,157.0,389.8,39422.730684183145,0.4598684210526316,0.5080645161290323,627.7873070325901
6.92,185,26028,112.0,54.0,60.0,148.0,296.0,22801.24020452885,0.7421686746987952,0.4702702702702703,754.335260115607
3.24,86,11939,112.0,54.0,60.0,148.0,297.0,18415.027717685236,0.45013968176849267,0.46511627906976744,740.7407407407406
9.36,214,39624,112.0,54.0,60.0,220.0,433.9000000000001,44363.71307537776,0.5804084237396299,0.46261682242990654,608.974358974359
3.51,75,15773,112.0,54.0,60.0,238.0,328.0,76408.13262222224,0.3755123397575652,0.4,512.8205128205128
1.72,39,9034,112.0,54.0,60.0,285.5,601.6000000000004,71421.40959894806,0.3203741596024554,0.46153846153846156,627.9069767441861
4.86,132,23331,112.0,54.0,60.0,184.0,390.10000000000014,47407.217803030304,0.5875748502994012,0.49242424242424243,765.4320987654321
8.13,193,38716,112.0,54.0,60.0,184.0,398.4000000000001,86457.77347042874,0.3996095726990095,0.48186528497409326,627.3062730627306
8.18,201,45237,112.0,54.0,60.0,244.0,472.0,93048.17554020941,0.34629921728519986,0.43781094527363185,645.4767726161369
3.29,73,10447,112.0,54.0,60.0,148.0,297.0,23418.53593544755,0.7129037547138876,0.4931506849315068,638.2978723404256
7.42,172,30778,112.0,54.0,60.0,229.0,409.00000000000006,33153.38034072471,0.5336090487817031,0.45348837209302323,614.5552560646901
4.6,120,18691,112.0,54.0,60.0,193.0,356.80000000000007,19046.78326388889,0.7039839547816574,0.45,691.304347826087
1.98,47,6880,91.0,54.0,60.0,166.0,320.8,18069.42779538253,0.7413313085294863,0.5106382978723404,696.9696969696969
7.08,160,29320,112.0,54.0,60.0,220.0,400.0,44032.7375,0.5090843584332698,0.45625,610.1694915254237
8.31,216,38370,112.0,54.0,60.0,184.0,447.0,40128.23996913581,0.5418307482118461,0.4444444444444444,678.7003610108303
4.49,125,34947,112.0,54.0,60.0,184.0,416.2000000000002,300567.5722240001,0.7963914876118022,0.48,721.6035634743876
1.88,65,9754,83.0,54.0,60.0,184.0,298.0,23333.59621301775,0.7184637068357999,0.5230769230769231,1021.2765957446809
7.23,172,35508,112.0,54.0,60.0,256.0,497.20000000000016,68011.44429421308,0.41516878562034193,0.43023255813953487,614.1078838174274
5.22,126,20532,112.0,54.0,60.0,184.0,400.0,21828.83900226758,0.6011853700382126,0.4365079365079365,632.1839080459771
9.09,195,35580,112.0,54.0,60.0,184.0,398.4,57227.59211045364,0.5512731077781653,0.49230769230769234,580.8580858085809
2.81,68,10441,112.0,54.0,60.0,148.0,323.8,30493.80687716263,0.8466572338167669,0.4852941176470588,683.2740213523132
3.55,91,14443,112.0,54.0,60.0,148.0,328.0,24870.467817896388,0.7149133222512467,0.46153846153846156,709.8591549295775
8.46,209,35266,112.0,54.0,60.0,184.0,320.80000000000007,50130.0695039033,0.5032395566922421,0.45933014354066987,652.482269503546
0.07,4,440,101.0,54.0,54.0,157.0,173.20000000000002,3298.0,0.3253012048192771,0.5,1714.2857142857142
2.6,47,6796,112.0,54.0,54.0,148.0,323.2,28154.623811679492,0.3570287539936102,0.46808510638297873,507.6923076923077
0.8,21,3588,112.0,54.0,60.0,148.0,436.0,28512.693877551013,0.4962468723936614,0.42857142857142855,675.0
0.94,28,4712,112.0,54.0,60.0,148.0,263.20000000000016,64178.56122448981,0.28043478260869564,0.4642857142857143,829.7872340425532
9.97,200,32756,112.0,54.0,54.0,184.0,332.4999999999998,43242.6716,0.5624880747948865,0.485,559.679037111334
9.41,222,35419,112.0,54.0,60.0,148.0,325.0,32344.69842139436,0.49472484807562456,0.46846846846846846,656.7481402763018
2.15,58,15884,112.0,54.0,60.0,238.0,732.7000000000047,184738.53269916767,0.20653247246486897,0.4482758620689655,669.767441860465
9.39,215,42018,112.0,54.0,60.0,166.0,384.5999999999999,84473.36173066524,0.3970607793589573,0.48372093023255813,613.4185303514377
7.11,160,25854,112.0,54.0,60.0,148.0,368.29999999999995,39204.029843749995,0.5993813795236622,0.48125,641.3502109704641
5.56,122,23805,112.0,54.0,60.0,184.0,360.4000000000002,82155.97668637463,0.4330002407897905,0.45901639344262296,593.5251798561152
2.6,49,6149,112.0,54.0,60.0,148.0,298.4,8989.474385672636,0.7664464234415398,0.4489795918367347,507.6923076923077
3.87,102,14017,112.0,54.0,55.5,139.0,267.9,31724.42031910804,0.49914438502673797,0.4803921568627451,728.6821705426356
5.61,124,19451,112.0,54.0,60.0,157.0,366.60000000000025,31214.602172216437,0.5005014271387797,0.47580645161290325,620.3208556149733
9.13,221,33841,112.0,54.0,60.0,184.0,328.0,23204.45453614791,0.5981582054309327,0.4660633484162896,657.1741511500547
9.94,253,36018,112.0,54.0,60.0,148.0,310.0,19127.701760689906,0.6412102433245238,0.49407114624505927,718.3098591549297
8.88,236,32983,112.0,54.0,54.0,148.0,268.0,29765.064546825615,0.5176459761652786,0.4830508474576271,743.2432432432431
9.37,211,32007,112.0,54.0,54.0,148.0,325.0,31812.05202039487,0.7575641096040855,0.47393364928909953,640.34151547492
9.24,231,40074,112.0,54.0,60.0,184.0,356.0,52354.67386293361,0.48559777571825763,0.47619047619047616,668.8311688311688
4.43,109,13917,112.0,54.0,54.0,148.0,269.80000000000007,13574.052857503575,0.671310195748769,0.48623853211009177,690.744920993228
4.46,99,13595,106.0,54.0,54.0,148.0,300.20000000000005,18670.057137026837,0.6146080760095012,0.494949494949495,632.286995515695
9.09,186,28829,112.0,54.0,54.0,148.0,312.0,45316.553734535795,0.4944274532165258,0.4838709677419355,587.4587458745875
1.58,29,3820,112.0,54.0,54.0,148.0,272.79999999999995,12515.02734839477,0.386066763425254,0.4827586206896552,531.6455696202531
5.79,138,26842,112.0,54.0,54.0,148.0,376.8999999999999,96879.87313589583,0.28344649517069903,0.4927536231884058,663.2124352331606
8.14,188,35600,112.0,54.0,60.0,184.0,307.70000000000033,147895.49683114534,1.1967172652104159,0.48404255319148937,663.3906633906633
8.7,220,36536,112.0,54.0,60.0,148.0,366.6999999999998,40187.70380165289,0.5600341588385995,0.4772727272727273,682.7586206896552
3.88,105,12908,83.0,54.0,60.0,112.0,263.8000000000001,14359.643174603174,0.7977715877437326,0.5142857142857142,773.1958762886599
5.6,138,18269,112.0,54.0,54.0,148.0,266.6,14890.309021214029,0.5621205643437367,0.4782608695652174,707.1428571428572
4.54,113,17973,112.0,54.0,60.0,184.0,297.0,29668.368862087864,0.52844629645378,0.46017699115044247,687.2246696035241
6.24,153,21737,112.0,54.0,60.0,148.0,309.8,24007.556922551157,0.4684185638046342,0.477124183006536,682.6923076923076
6.36,175,62984,112.0,54.0,60.0,314.0,1509.0,260832.65449795919,0.16135931997123523,0.42857142857142855,669.8113207547169
8.88,198,25593,80.5,54.0,54.0,148.0,297.0,14657.362947658401,0.6223771790808241,0.5202020202020202,648.6486486486485
5.53,113,13553,112.0,54.0,60.0,148.0,291.4,7647.987313023729,0.7779089597271416,0.4778761061946903,585.8951175406871
1.62,53,8180,112.0,54.0,60.0,184.0,328.0,20904.412958348166,0.6796714579055442,0.4716981132075472,925.9259259259259
6.28,155,23061,112.0,54.0,60.0,148.0,297.6,33878.932528616024,0.4371806057584445,0.49032258064516127,678.343949044586
7.0,159,28277,112.0,54.0,60.0,220.0,419.2000000000004,34988.49729045529,0.49510918415904404,0.46540880503144655,600.0
1.22,39,6374,112.0,54.0,60.0,166.0,329.8000000000004,32968.96383957922,0.9831985065339142,0.48717948717948717,934.4262295081968
9.06,195,30090,112.0,54.0,60.0,148.0,309.0,30259.25917159763,0.5247795682578291,0.46153846153846156,596.0264900662252
1.74,42,6692,112.0,54.0,60.0,175.0,184.0,45196.6984126984,0.6704942586120819,0.4523809523809524,655.1724137931034
0.68,22,3454,112.0,54.0,60.0,220.0,352.6,14031.09090909091,0.7676560900716479,0.45454545454545453,882.3529411764705
4.1,114,14764,83.0,54.0,55.5,148.0,280.0,18221.477993228684,0.5563989036474805,0.5263157894736842,790.2439024390244
6.16,129,22227,112.0,54.0,54.0,184.0,402.80000000000007,45690.89309536687,0.46403635884600186,0.4806201550387597,584.4155844155844
4.76,118,24979,112.0,54.0,60.0,184.0,410.0999999999999,110151.72371444986,0.4572662038387492,0.4576271186440678,680.6722689075631
6.02,149,22757,106.0,54.0,60.0,148.0,282.4000000000002,51237.2030989595,0.4631903812769241,0.48322147651006714,697.6744186046512
2.65,53,6623,112.0,54.0,54.0,148.0,292.0,9981.772160911358,0.5543299694907299,0.4716981132075472,566.0377358490566
5.24,112,15178,83.0,54.0,54.0,148.0,296.5,21149.410395408166,0.8238404229752463,0.5089285714285714,629.7709923664122
4.02,109,17536,112.0,54.0,60.0,184.0,308.60000000000014,39915.92155542461,0.5487061732756336,0.48623853211009177,761.1940298507463
5.99,131,20228,87.0,54.0,60.0,148.0,280.0,48277.34153021387,0.37783529732307064,0.5190839694656488,611.0183639398998
7.11,154,24177,112.0,54.0,54.0,148.0,348.50000000000045,31331.084373418787,0.596895640686922,0.474025974025974,599.1561181434598
0.41,10,1228,112.0,54.0,55.5,139.0,257.0,5737.76,0.28721174004192873,0.4,585.3658536585366
4.37,93,18096,112.0,54.0,60.0,184.0,436.0,73731.51231356227,0.34743112434847356,0.4838709677419355,562.929061784897
0.98,15,3039,112.0,54.0,57.0,292.0,378.99999999999994,38429.97333333332,0.16929588303193535,0.4,367.34693877551024
0.67,95,48915,83.0,54.0,54.0,1514.0,1514.0,423899.3994459835,0.08006359160060941,0.5368421052631579,4208.955223880597
6.0,110,19964,112.0,54.0,60.0,184.0,355.40000000000003,57636.24991735537,0.4711864406779661,0.42727272727272725,470.0
5.77,164,66699,148.0,54.0,60.0,388.75,1509.0,278998.62414485426,0.1642752408881441,0.4024390243902439,686.3084922010398
8.92,171,36221,112.0,54.0,60.0,256.0,472.0,68029.18935740911,0.7942735423787586,0.47368421052631576,538.1165919282511
2.18,58,10588,112.0,54.0,60.0,220.0,439.00000000000006,30101.730083234244,0.4136181575433912,0.46551724137931033,688.0733944954128
3.21,78,11995,112.0,54.0,60.0,184.0,370.5999999999999,21183.042241946085,0.6531146637265711,0.47435897435897434,672.8971962616822
2.48,71,11849,112.0,54.0,60.0,202.0,328.0,43424.55068438802,0.5773429179978701,0.4507042253521127,750.0
7.62,170,29506,112.0,54.0,60.0,184.0,392.5,50404.99875432526,0.4396682117589656,0.45294117647058824,598.4251968503937
5.02,132,25719,112.0,54.0,60.0,184.0,445.9000000000001,99925.57317493114,0.7228697749196141,0.49242424242424243,741.0358565737052
3.51,83,14614,83.0,54.0,60.0,184.0,355.5999999999999,51337.32007548265,0.47422576414808837,0.5662650602409639,700.8547008547009
6.65,147,24732,112.0,54.0,60.0,184.0,395.6000000000005,37101.654310703874,0.6141495888265239,0.4965986394557823,604.5112781954887
2.73,70,12639,112.0,54.0,60.0,220.0,372.2000000000001,46608.3324489796,0.7554166666666666,0.4857142857142857,703.2967032967033
5.18,107,21311,112.0,54.0,60.0,202.0,446.8,74291.84085946371,0.492053490163131,0.4672897196261682,567.5675675675676
4.09,86,18180,112.0,54.0,60.0,293.5,508.5,46492.95997836668,0.581419624217119,0.43023255813953487,542.7872860635697
3.78,79,14187,112.0,54.0,60.0,220.0,436.0,39497.23057202371,0.7525633106856084,0.4810126582278481,603.1746031746031
3.38,81,21683,83.0,54.0,60.0,267.0,724.0,153390.16399939032,0.25291806309950304,0.5185185185185185,639.0532544378698
6.62,149,33951,112.0,54.0,60.0,292.0,578.8000000000006,79968.24188099637,0.4343472750316857,0.4563758389261745,598.1873111782477
9.95,376,214838,184.0,54.0,54.0,1514.0,1514.0,403901.0222668628,0.11339255174701231,0.39893617021276595,892.4623115577889
5.28,80,21268,112.0,54.0,60.0,306.25,619.1000000000003,117305.70250000001,1.2422772799156563,0.4875,443.18181818181813
7.64,144,31926,112.0,54.0,60.0,267.0,524.7,83247.81770833334,0.7379422972237344,0.4861111111111111,518.3246073298429
3.93,81,19217,112.0,54.0,60.0,256.0,472.0,109140.23532998019,0.4537408275966412,0.4567901234567901,549.618320610687
5.84,141,29332,112.0,54.0,60.0,292.0,436.0,52554.41054272924,0.5182980485532378,0.4397163120567376,616.4383561643835
5.26,111,21350,83.0,54.0,60.0,266.5,436.0,39841.21613505397,0.6448382126348228,0.5045045045045045,593.1558935361218
2.81,46,9514,112.0,54.0,60.0,256.0,418.0,61266.31758034028,0.5130407124681934,0.4782608695652174,469.7508896797153
6.42,166,28054,112.0,54.0,60.0,249.0,400.0,24988.409638554218,0.8866173503698722,0.4819277108433735,710.2803738317757
9.65,202,34764,112.0,54.0,60.0,220.0,360.4000000000002,42212.188216841496,0.5802536478930861,0.47029702970297027,578.238341968912
3.15,441,402705,1514.0,54.0,54.0,1514.0,1514.0,492684.8123467073,0.026900009180020196,0.3219954648526077,2704.761904761905
8.67,110,20094,97.5,54.0,60.0,220.0,443.2000000000006,37802.54743801652,0.8153401391272924,0.5,359.8615916955018
7.74,141,28996,112.0,54.0,60.0,292.0,447.0,49978.952265982596,0.9311355311355312,0.46099290780141844,496.1240310077519
1.54,20,3603,130.0,59.4,60.0,193.0,413.50000000000017,26574.4275,0.8096433952787544,0.4,311.68831168831167
1.63,27,7511,112.0,60.0,60.0,418.0,594.4000000000001,94517.03978052127,1.7994781960491986,0.48148148148148145,478.5276073619632
5.48,103,22766,112.0,54.0,60.0,296.5,530.4,63165.44575360543,1.3098620129870129,0.49514563106796117,514.5985401459853
4.25,97,18466,83.0,54.0,60.0,292.0,400.0,51389.985970878944,0.7598398932621748,0.5360824742268041,677.6470588235294
2.0,47,9501,148.0,54.0,60.0,283.0,479.59999999999997,29815.99909461294,0.3978225687803443,0.425531914893617,570.0
4.21,65,15429,112.0,54.0,60.0,364.0,510.4,62944.38674556214,0.5312624057165541,0.47692307692307695,427.55344418052255
9.93,211,40900,112.0,54.0,60.0,297.0,449.0,33419.774982592484,0.6849997940098052,0.4597156398104265,574.0181268882175
8.77,171,27776,112.0,54.0,60.0,220.0,356.0,22619.204541568346,0.5666102650874224,0.49707602339181284,533.6374002280502
5.77,90,26342,112.0,54.0,60.0,364.0,699.5000000000002,157360.63654320987,0.38191165669919214,0.4444444444444444,405.5459272097054
6.98,145,27640,91.0,54.0,60.0,220.0,382.99999999999994,63761.3112960761,0.7367263587810242,0.503448275862069,601.7191977077364
0.31,2,280,140.0,76.0,100.0,180.0,204.0,6400.0,3.6666666666666665,0.5,193.5483870967742
5.16,96,16699,112.0,54.0,60.0,193.0,432.0,34431.27853732639,0.5782062186938852,0.4583333333333333,511.62790697674416
1.17,30,5709,148.0,54.0,60.0,256.0,347.8,38940.07666666667,0.5827557527030773,0.43333333333333335,666.6666666666666
4.6,83,17128,83.0,54.0,60.0,279.5,393.9999999999999,69126.76092321092,0.5000875810124366,0.5060240963855421,495.6521739130435
9.94,221,53385,112.0,54.0,60.0,322.0,616.0,93453.26889293833,0.46513159700304635,0.46153846153846156,615.6941649899396
5.82,118,24121,83.0,54.0,60.0,292.0,508.0,50152.7173944269,1.073141383755909,0.5169491525423728,567.0103092783505
5.84,127,24853,112.0,54.0,60.0,292.0,422.00000000000006,46188.63798127598,0.9170780623264425,0.4881889763779528,595.8904109589041
3.77,62,11099,112.0,54.0,60.0,297.0,364.0,25967.43522372529,0.6214755295836377,0.46774193548387094,445.6233421750663
5.53,99,22706,148.0,54.0,60.0,292.0,515.2,72200.12753800633,0.683671956102625,0.4444444444444444,477.39602169981913
5.73,113,26469,112.0,54.0,60.0,296.0,500.7999999999999,84058.28804135014,0.57394303383481,0.46017699115044247,544.5026178010471
1.04,11,1386,148.0,54.0,57.0,184.0,220.0,4512.0,0.8629032258064516,0.45454545454545453,288.46153846153845
4.95,130,21345,112.0,54.0,60.0,220.0,330.2000000000001,36837.43224852071,0.5097609279954732,0.47692307692307695,715.1515151515151
1.55,34,5813,112.0,54.0,60.0,272.75,328.0,21885.32266435986,0.4456602835115643,0.4411764705882353,580.6451612903226
6.06,141,26461,112.0,54.0,60.0,256.0,472.0,35765.10165484634,0.6063255023371578,0.475177304964539,633.6633663366337
9.88,247,41271,112.0,54.0,60.0,256.0,328.8,25730.307856217936,0.7983006535947712,0.4817813765182186,698.3805668016194
8.7,179,31895,112.0,54.0,60.0,202.0,367.4000000000003,48010.30679441966,0.4312959971279842,0.48044692737430167,544.8275862068966
8.69,177,30039,112.0,54.0,60.0,184.0,358.6,36271.34635641099,0.576105776798363,0.4632768361581921,559.2635212888379
6.02,138,28250,112.0,54.0,60.0,256.0,434.1999999999998,58341.858013022465,0.5086782376502003,0.4420289855072464,598.0066445182724
3.43,92,16529,112.0,54.0,58.5,256.0,383.70000000000016,33799.33211247637,0.5761418899589968,0.4673913043478261,734.6938775510204
7.02,165,30136,83.0,54.0,60.0,184.0,298.0,80447.29638200183,0.37915884856528304,0.5393939393939394,675.2136752136753
1.02,23,3221,112.0,54.0,60.0,166.0,264.0,10128.563327032134,0.5507944150216658,0.391304347826087,529.4117647058823
2.45,51,7800,112.0,60.0,60.0,166.0,292.0,26541.27104959631,0.7691086414152869,0.47058823529411764,587.7551020408163
7.07,136,28800,112.0,54.0,60.0,292.0,511.0,58605.209342560556,0.6656063848244752,0.47058823529411764,526.1669024045261
0.41,9,1328,112.0,54.0,60.0,256.0,256.0,8292.246913580246,1.2281879194630871,0.4444444444444444,585.3658536585366
7.14,132,21494,112.0,54.0,60.0,220.0,297.40000000000003,31917.669191919198,0.6312993321190042,0.4696969696969697,521.0084033613446
9.19,205,44853,112.0,54.0,60.0,267.0,461.59999999999985,84512.67022010707,0.6694457885137901,0.4682926829268293,587.5952121871601
0.84,14,2508,60.0,55.8,60.0,148.0,443.2000000000002,47860.40816326531,2.282722513089005,0.5714285714285714,571.4285714285714
9.78,167,31358,112.0,54.0,60.0,292.0,454.4000000000001,34066.83445085876,0.8336939360271329,0.47305389221556887,472.3926380368099
8.17,186,34680,97.5,54.0,60.0,251.25,310.0,69161.5379812695,0.9842087195331274,0.5,624.2350061199511
2.92,53,7690,112.0,54.0,60.0,184.0,256.0,14820.198647205412,0.8205492424242424,0.4339622641509434,472.60273972602744
6.52,111,20880,112.0,54.0,60.0,294.5,483.0,30066.672997321642,0.4901512988866686,0.46846846846846846,469.32515337423314
0.13,11,1972,112.0,54.0,57.0,202.0,266.0,35091.83471074381,0.30250990752972257,0.45454545454545453,2307.6923076923076
8.01,162,32893,112.0,54.0,60.0,292.0,425.80000000000007,48633.4240588325,0.7314839185134495,0.4382716049382716,524.3445692883895
0.21,3,262,60.0,55.2,57.0,104.0,130.4,1846.222222222222,0.25961538461538464,0.6666666666666666,571.4285714285714
4.2,85,15147,112.0,54.0,60.0,220.0,385.6000000000003,41998.58352941178,0.383793166453499,0.4823529411764706,557.1428571428571
3.86,54,7689,97.5,54.0,60.0,184.0,252.20000000000013,22758.53395061728,0.9377520161290323,0.5,388.6010362694301
7.13,127,24101,112.0,54.0,60.0,256.0,400.0,49442.44392088786,0.8643923570820763,0.48031496062992124,496.4936886395512
8.34,169,30958,112.0,54.0,60.0,256.0,429.60000000000014,42009.487062777924,0.4280178975044974,0.47337278106508873,546.7625899280577
0.05,4,714,202.0,82.2,124.5,256.0,256.0,7110.75,0.39453125,0.25,1200.0
1.55,35,5022,83.0,54.0,60.0,166.0,303.4000000000002,20848.59265306123,0.9404945904173106,0.5714285714285714,658.0645161290323
6.77,123,19363,112.0,54.0,60.0,184.0,385.5999999999998,23005.88631105823,0.501356904706521,0.4796747967479675,496.3072378138848
9.4,181,35555,112.0,54.0,60.0,267.0,446.0,43664.621653795686,0.6150352032704974,0.4530386740331492,523.4042553191489
2.57,36,5841,86.0,54.0,60.0,184.0,346.0,31590.854166666668,0.5672122350415885,0.5,420.2334630350195
8.43,181,36790,106.0,54.0,60.0,256.0,508.0,64670.313787735424,0.4662043679260322,0.49171270718232046,576.5124555160143
0.48,7,1600,112.0,54.0,57.0,364.0,563.2,48073.959183673476,0.15942028985507245,0.42857142857142855,375.0
8.56,169,37245,112.0,54.0,60.0,256.0,479.00000000000057,91530.30769230769,0.3841608443585551,0.42011834319526625,497.66355140186914
9.31,220,32624,112.0,54.0,60.0,184.0,297.0,26813.579008264463,0.5398121489592674,0.4681818181818182,650.9129967776583
3.37,59,9128,83.0,54.0,60.0,148.0,433.0000000000002,27684.713588049406,0.9285865201774773,0.5084745762711864,498.5163204747774
7.55,145,21559,112.0,54.0,60.0,184.0,312.1999999999999,19284.244185493455,0.5567188966712397,0.4896551724137931,524.5033112582781
6.73,170,60925,112.0,54.0,60.0,326.5,1509.0,248129.54204152248,0.1822062675851363,0.4235294117647059,641.9019316493312
8.6,190,29374,112.0,54.0,55.5,175.0,310.29999999999995,26519.34526315789,0.47230715252368305,0.47368421052631576,586.046511627907
8.22,186,36197,112.0,54.0,60.0,184.0,397.5,75971.92661001273,1.0261404981808004,0.489247311827957,627.7372262773722
0.69,19,2688,112.0,58.8,60.0,197.5,297.4,9456.14404432133,1.3517060367454068,0.3684210526315789,608.695652173913
7.53,181,39858,112.0,54.0,60.0,256.0,445.0,90902.28741491406,0.38060270176653965,0.4198895027624309,597.609561752988
4.94,111,27449,112.0,54.0,60.0,220.0,539.0,130469.61058355651,0.33571776155717764,0.43243243243243246,570.8502024291497
2.57,59,9349,112.0,54.0,60.0,184.0,335.2000000000001,23192.044814708417,0.6433468096326244,0.4745762711864407,630.3501945525293
4.02,86,21742,112.0,54.0,60.0,256.0,584.0,138062.66306111414,0.22194121283650875,0.43023255813953487,522.3880597014926
6.7,157,27515,112.0,54.0,60.0,256.0,377.6000000000002,33041.24719055539,0.5620210048254328,0.445859872611465,626.8656716417911
5.5,128,19566,112.0,54.0,60.0,220.0,308.3999999999999,19545.589599609375,0.44793902168282396,0.46875,643.6363636363636
6.74,150,25867,112.0,54.0,60.0,220.0,363.6999999999998,31850.820488888887,0.5578776198506384,0.4666666666666667,569.7329376854599
4.28,110,17427,87.0,54.0,60.0,148.0,361.3,26922.40834710744,0.6323529411764706,0.509090909090909,714.9532710280374
3.13,74,11861,112.0,54.0,55.5,184.0,297.7,39639.6627100073,0.4128648004764741,0.47297297297297297,670.926517571885
5.84,118,21475,112.0,54.0,60.0,220.0,400.0,34964.61857224935,0.5856900243668316,0.4406779661016949,534.2465753424658
0.21,11,2475,148.0,54.0,60.0,348.5,472.0,39096.545454545456,0.26339969372128635,0.36363636363636365,1142.857142857143
3.19,60,10856,130.0,54.0,60.0,229.0,450.40000000000003,29106.29555555555,0.8190348525469169,0.4666666666666667,526.6457680250784
3.71,69,12548,112.0,54.0,60.0,256.0,400.0,35340.67464818316,0.5795568982880162,0.43478260869565216,485.17520215633425
1.85,34,5419,71.5,54.0,60.0,175.0,209.2,42813.35380622838,0.5368689733408962,0.5588235294117647,551.3513513513514
2.12,43,7741,83.0,54.0,60.0,166.0,428.80000000000035,52985.27852893456,0.7267454829355342,0.5581395348837209,566.0377358490566
7.96,214,102188,112.0,54.0,60.0,892.75,1508.0,367519.0161586164,0.09297823413016738,0.40654205607476634,648.2412060301508
7.06,154,26320,112.0,54.0,60.0,220.0,363.70000000000005,31912.602125147587,0.7032291464440562,0.4675324675324675,594.900849858357
7.92,157,25576,112.0,54.0,60.0,184.0,324.40000000000003,39045.94628585338,0.48766868310842254,0.4713375796178344,560.6060606060606
4.12,105,13590,83.0,54.0,60.0,148.0,264.4000000000001,14402.225850340137,0.6468734852157053,0.5047619047619047,713.5922330097087
8.85,219,35876,102.0,54.0,60.0,148.0,320.40000000000003,61348.76116010925,0.7878108337070813,0.4931506849315068,677.9661016949153
8.4,199,32335,112.0,54.0,60.0,166.0,333.6000000000005,41157.174465291275,0.5986058238987492,0.48743718592964824,649.9999999999999
5.67,170,56586,112.0,54.0,54.0,297.75,1508.0,243600.0388927335,0.17043809208621188,0.47058823529411764,804.2328042328043
4.56,88,14696,112.0,54.0,60.0,184.0,325.2,39891.63636363636,0.46842525979216626,0.4659090909090909,539.4736842105264
9.97,216,33764,112.0,54.0,60.0,184.0,345.0,25165.410150891632,0.6386314001455957,0.46296296296296297,583.7512537612838
9.25,266,43375,83.0,54.0,54.0,148.0,322.5,57417.841780202376,0.48224720636981855,0.5300751879699248,823.7837837837837
9.62,209,28822,112.0,54.0,60.0,148.0,297.0,17380.986058011495,0.5509874616585051,0.4688995215311005,598.7525987525988
8.97,224,38359,112.0,54.0,60.0,184.0,429.4000000000004,36652.828105070155,0.6345236066132606,0.48214285714285715,702.3411371237457
6.34,152,22812,107.5,54.0,60.0,184.0,296.5,23764.217451523542,0.6038810377557478,0.4934210526315789,652.9968454258676
6.59,130,19920,112.0,54.0,60.0,175.0,325.20000000000005,32357.500591715976,0.48214285714285715,0.46153846153846156,546.2822458270107
1.44,42,7083,112.0,54.0,60.0,184.0,297.9,29692.610544217696,0.41123729826658695,0.40476190476190477,708.3333333333334
2.08,39,10344,112.0,54.0,60.0,274.0,667.0000000000002,141886.02366863904,0.333677153171738,0.41025641025641024,461.53846153846155
4.74,106,13087,86.0,54.0,54.0,139.0,297.0,11470.135368458528,0.6287492221530803,0.5,670.8860759493671
4.77,139,19913,83.0,54.0,54.0,148.0,297.0,24882.30702344599,0.5479633084577115,0.5035971223021583,805.0314465408807
1.38,35,4739,112.0,54.0,60.0,148.0,266.6,16663.15428571429,0.5718076285240464,0.4857142857142857,739.1304347826087
5.39,122,21567,112.0,54.0,60.0,184.0,355.9000000000002,62008.172332706265,0.42960360599231073,0.4672131147540984,612.2448979591836
9.78,239,38683,112.0,54.0,60.0,184.0,372.60000000000014,34012.73587647275,0.5412167815450815,0.46443514644351463,662.5766871165645
1.17,39,6142,112.0,54.0,54.0,148.0,304.0000000000001,44800.09598948061,0.43571762505843853,0.48717948717948717,974.3589743589744
9.2,209,32782,91.0,54.0,54.0,148.0,293.0000000000001,43911.580870401325,0.472752594456175,0.5023923444976076,639.1304347826087
5.44,126,31479,112.0,54.0,60.0,184.0,537.0,151210.34523809524,0.2717760180995475,0.4444444444444444,617.6470588235294
1.84,70,39126,112.0,54.0,60.0,1509.0,1509.0,429202.596734694,0.056374534262109186,0.37142857142857144,815.2173913043478
0.56,15,2804,112.0,54.0,60.0,298.0,404.0,19859.128888888885,0.659171597633136,0.4,642.8571428571428
6.72,150,22099,112.0,54.0,60.0,148.0,296.2,32823.51328888889,0.5237537061297662,0.4866666666666667,625.0
0.18,18,4864,152.5,54.0,60.0,298.0,493.6000000000003,123162.06172839509,0.18634146341463415,0.3888888888888889,2333.3333333333335
4.3,98,14722,88.0,54.0,54.0,211.0,297.9,16679.92919616826,0.4544556411776329,0.5102040816326531,627.9069767441861
0.9,22,3395,112.0,54.0,60.0,184.0,363.1,15807.398760330578,1.2175048987589812,0.45454545454545453,666.6666666666666
7.18,153,21402,112.0,54.0,54.0,148.0,297.0,28542.15609381007,0.5470579731097297,0.49019607843137253,593.3147632311978
8.37,232,37809,83.5,54.0,60.0,148.0,298.0,77090.79650341855,0.6691978279104676,0.5344827586206896,795.6989247311828
7.4,162,26276,112.0,54.0,60.0,148.0,337.00000000000006,48562.44246303917,0.551579568940065,0.48148148148148145,608.1081081081081
8.27,190,29524,112.0,54.0,60.0,184.0,359.2999999999997,23327.764099722983,0.6093758517307168,0.48947368421052634,660.2176541717049
3.96,81,11650,112.0,54.0,54.0,148.0,297.0,21182.439262307573,0.5941434044882321,0.48148148148148145,590.9090909090909
4.12,1302,1367270,1514.0,54.0,54.0,1514.0,1514.0,451991.6557629641,0.01975943799751935,0.2849462365591398,5388.349514563107
4.84,91,16721,112.0,54.0,57.0,184.0,387.0,45181.2657891559,0.42185374149659866,0.4945054945054945,533.0578512396694
2.12,37,4350,83.0,54.0,60.0,148.0,229.59999999999985,7720.407596785974,1.0336605890603086,0.5405405405405406,509.4339622641509
5.73,125,19779,112.0,54.0,60.0,184.0,328.80000000000007,30900.53017600001,0.5304085422469823,0.456,544.5026178010471
7.31,154,28357,112.0,54.0,60.0,220.0,424.9000000000001,54486.676210153484,0.43841939738257074,0.474025974025974,590.9712722298223
5.35,121,28375,112.0,54.0,60.0,266.0,544.0,113509.83675978417,0.6028356775687737,0.48760330578512395,650.4672897196263
2.95,58,11101,112.0,54.0,60.0,184.0,428.8000000000001,50377.03240190251,0.6438619872649193,0.46551724137931033,549.1525423728813
7.01,151,24687,83.0,54.0,60.0,220.0,420.0,23501.54791456515,0.6817903126916003,0.5165562913907285,607.7032810271041
1.79,43,9795,112.0,54.0,54.0,238.0,363.20000000000016,111526.44456462952,0.5795839380745041,0.4883720930232558,670.391061452514
8.69,192,40846,112.0,54.0,60.0,297.0,505.3000000000002,55479.24468315972,0.533603664488999,0.453125,600.6904487917147
7.14,136,25815,112.0,54.0,60.0,256.0,449.0,40305.650032439444,0.790967115304565,0.47794117647058826,529.4117647058824
3.8,65,11497,112.0,54.0,60.0,184.0,325.6,52911.64639053256,0.5207671957671958,0.49230769230769234,473.68421052631584
1.34,40,8805,112.0,54.0,58.5,298.0,534.1,60356.859375,0.5509952439668839,0.425,761.1940298507462
0.8,21,3162,112.0,54.0,60.0,184.0,267.0,20160.530612244904,0.603448275862069,0.47619047619047616,750.0
3.43,95,17744,112.0,54.0,60.0,220.0,392.40000000000026,53753.5195567867,0.4544262295081967,0.45263157894736844,717.2011661807579
4.6,97,20543,112.0,54.0,60.0,256.0,508.0,58907.88096503348,0.6325995390606374,0.4536082474226804,573.9130434782609
8.52,195,68394,112.0,54.0,60.0,400.0,1336.0,209537.22903353057,0.30595176719940426,0.4512820512820513,570.4225352112677
9.51,192,38518,112.0,54.0,60.0,229.0,505.8000000000001,60571.68478732638,0.5190881842561919,0.4635416666666667,536.2776025236593
0.26,3,824,364.0,120.80000000000001,212.0,382.0,392.8,23256.88888888889,12.733333333333333,0.3333333333333333,230.76923076923077
3.32,49,9895,112.0,54.0,60.0,292.0,436.0,49189.85339441899,0.623461853978671,0.42857142857142855,379.51807228915663
9.46,186,36110,112.0,54.0,60.0,266.0,422.0,45337.95895479246,0.5544554455445545,0.45161290322580644,532.76955602537
3.47,71,11658,83.0,54.0,54.0,184.0,364.0,33967.17238643126,0.509126213592233,0.5070422535211268,587.8962536023055
2.31,78,42722,166.0,54.0,60.0,1509.0,1509.0,383470.2794214332,0.07131751843121521,0.34615384615384615,701.2987012987013
1.2,25,3158,112.0,54.0,60.0,148.0,217.60000000000016,10818.6976,0.7144408251900108,0.44,500.0
0.83,14,2397,112.0,54.0,55.5,148.0,409.3000000000002,28854.311224489793,0.24778761061946902,0.42857142857142855,433.73493975903614
2.53,40,4857,75.5,54.0,60.0,148.0,256.0,9187.044375,0.7458662832494608,0.525,474.30830039525694
2.64,74,13569,112.0,54.0,60.0,220.0,366.4000000000002,46529.123630387156,0.40844924226697116,0.44594594594594594,727.2727272727273
6.8,161,27276,112.0,54.0,60.0,184.0,382.0,34469.23675784113,0.5245654239561791,0.4658385093167702,652.9411764705883
3.98,102,21958,106.0,54.0,60.0,220.0,445.9000000000001,88152.10111495579,0.5239086681934901,0.49019607843137253,693.4673366834171
2.24,52,9806,112.0,54.0,60.0,220.0,350.0999999999999,46186.32100591715,0.667687074829932,0.46153846153846156,642.8571428571428
0.29,10,1647,130.0,54.0,60.0,220.0,330.29999999999995,13416.41,0.2877247849882721,0.4,827.5862068965519
4.74,142,24821,101.5,54.0,60.0,218.25,400.0,38102.48646101964,0.5421559490525008,0.5,797.4683544303797
8.75,179,41309,148.0,54.0,60.0,292.0,514.2000000000005,78192.30760587995,0.49070766121756704,0.40782122905027934,493.71428571428567
4.46,91,16136,112.0,54.0,60.0,220.0,359.0,40871.75558507426,0.5756273801386583,0.45054945054945056,551.5695067264573
4.45,98,18494,112.0,54.0,60.0,247.0,428.9,43314.755102040814,0.5504694835680751,0.42857142857142855,566.2921348314607
6.05,152,27850,97.5,54.0,60.0,220.0,445.00000000000006,43650.58154432133,0.5458481349911191,0.5,674.3801652892562
1.46,45,7636,112.0,54.0,60.0,256.0,297.0,28189.547654320984,0.5096876235666271,0.4444444444444444,821.9178082191781
4.52,122,21279,112.0,54.0,55.5,266.75,353.5000000000001,27596.39082235958,0.4147330629612393,0.4344262295081967,703.5398230088497
8.7,248,38724,112.0,54.0,60.0,229.0,297.0,19699.366024973984,0.5032608695652174,0.4596774193548387,765.5172413793103
6.13,189,27575,112.0,54.0,60.0,220.0,297.0,14196.06925897931,0.5401586237712243,0.4708994708994709,841.7618270799347
5.51,161,27816,112.0,54.0,60.0,266.0,387.0,24280.43786890938,0.41752025684146155,0.4409937888198758,751.3611615245009
7.62,194,34525,112.0,54.0,55.5,256.0,366.1,40453.5914815602,0.4874412993839128,0.4690721649484536,708.6614173228346
9.13,243,37015,112.0,54.0,54.0,184.0,297.0,23581.923114701345,0.5845462328767124,0.49382716049382713,749.1785323110624
4.49,146,20646,112.0,54.0,54.0,184.0,297.0,12971.803715518858,0.5608981628487185,0.4726027397260274,868.5968819599109
8.67,257,42622,112.0,54.0,60.0,220.0,364.0,27417.38433587185,0.45566939890710384,0.4474708171206226,795.8477508650519
1.26,32,6097,112.0,54.0,60.0,273.5,417.1000000000002,29865.3115234375,0.3885219767706673,0.4375,666.6666666666666
5.86,134,19657,112.0,54.0,60.0,184.0,322.30000000000007,21561.600412118507,0.5406379810329963,0.4626865671641791,634.8122866894198
8.45,187,39764,112.0,54.0,60.0,256.0,446.4,75025.84489118934,0.4425539633593325,0.42780748663101603,546.7455621301776
4.89,109,18279,112.0,54.0,60.0,184.0,304.0000000000001,42490.688157562494,0.7147279549718574,0.48623853211009177,625.7668711656443
3.46,74,14199,112.0,54.0,60.0,220.0,435.8000000000004,54288.458181154136,0.5902116698398477,0.4594594594594595,589.5953757225434
1.71,36,4638,112.0,54.0,54.0,148.0,268.0,10640.36111111111,0.411442483262325,0.4722222222222222,596.4912280701755
1.2,32,3762,83.0,54.0,54.0,148.0,216.4000000000001,7233.37109375,0.7154582763337893,0.53125,750.0
2.92,75,13471,112.0,54.0,60.0,238.0,400.0,38269.170488888885,0.37067562067562065,0.48,698.6301369863014
6.89,181,24411,112.0,54.0,60.0,184.0,297.0,11758.324959555568,0.6421796165489405,0.49171270718232046,722.7866473149493
4.93,116,17857,101.5,54.0,60.0,184.0,360.0,26510.556703329366,0.6568008907032845,0.5,681.5415821501015
9.84,193,32019,112.0,54.0,60.0,148.0,350.40000000000026,43339.9436763403,0.39986009705766623,0.45077720207253885,530.4878048780488
5.6,115,23335,112.0,54.0,57.0,148.0,475.80000000000047,97392.93156899812,0.35110879509003534,0.48695652173913045,557.1428571428572
9.65,233,38802,112.0,54.0,60.0,220.0,380.80000000000024,25768.49789091713,0.5404954740352549,0.4678111587982833,652.8497409326425
4.52,126,20760,112.0,54.0,60.0,223.75,328.0,30517.403628117918,0.7045734460957386,0.4365079365079365,730.0884955752214
8.56,198,28754,87.0,54.0,54.0,148.0,298.3,23483.445566778904,0.5036343669926266,0.5050505050505051,679.9065420560747
4.04,84,9766,60.0,54.0,54.0,112.0,198.4000000000002,15734.550453514737,0.5733848880296439,0.5476190476190477,638.6138613861386
9.62,231,61498,112.0,54.0,60.0,220.0,670.0,169431.85408819173,0.23853063197325491,0.4458874458874459,623.7006237006237
9.07,226,32889,112.0,54.0,60.0,148.0,311.5,18494.842215521967,0.6876539408866995,0.47345132743362833,668.1367144432194
5.78,150,21868,87.0,54.0,60.0,148.0,297.0,37599.34115555556,0.4896457765667575,0.5066666666666667,737.0242214532872
4.05,81,12621,112.0,54.0,60.0,184.0,267.0,40810.49657064472,0.5660751954336767,0.4691358024691358,562.962962962963
3.06,57,7469,112.0,54.0,60.0,148.0,290.0,11970.981224992307,0.6803149606299213,0.49122807017543857,509.8039215686274
3.35,85,14089,112.0,54.0,60.0,220.0,297.0,23534.7507266436,0.4307911038895095,0.4117647058823529,626.8656716417911
6.56,171,31039,112.0,54.0,60.0,220.0,400.0,46821.27902602509,0.47355677933915685,0.4678362573099415,731.7073170731708
9.15,210,38159,112.0,54.0,60.0,184.0,365.4999999999999,58161.57752834467,0.46079932623841974,0.46190476190476193,622.9508196721312
6.75,122,20835,112.0,54.0,60.0,184.0,479.5,31874.008398280035,0.6119922630560929,0.47540983606557374,506.66666666666663
1.15,28,5316,112.0,54.0,54.0,184.0,525.7,47794.47959183673,0.44613710554951036,0.4642857142857143,678.2608695652175
8.5,191,29180,112.0,54.0,60.0,184.0,297.0,31344.760834406956,0.532563025210084,0.4869109947643979,628.2352941176471
3.5,127,61359,112.0,54.0,54.0,1398.5,1509.0,381054.5153450308,0.10658442893469675,0.48031496062992124,925.7142857142857
8.58,182,22359,112.0,54.0,60.0,112.0,252.90000000000018,11612.543925854365,0.6677108972924591,0.47802197802197804,601.3986013986015
7.77,185,39978,112.0,54.0,60.0,220.0,450.99999999999994,99996.60674945217,0.4893823113031816,0.4594594594594595,656.3706563706563
7.94,2034,2294186,1514.0,54.0,157.0,1514.0,1514.0,407744.0680689827,0.013925988519788074,0.2384464110127827,3612.090680100756
0.22,2,280,140.0,76.0,100.0,180.0,204.0,6400.0,3.6666666666666665,0.5,272.72727272727275
7.47,97,18958,112.0,54.0,60.0,292.0,455.8000000000002,46997.236475714744,1.3021250758955678,0.4845360824742268,369.47791164658634
6.93,112,24212,83.0,54.0,60.0,358.0,508.0,53266.307397959186,1.3739582311991372,0.5267857142857143,476.1904761904762
3.39,68,18310,75.5,54.0,58.5,298.0,724.0,136383.95934256056,0.6908301782251363,0.5147058823529411,601.7699115044247
5.89,118,24298,101.5,54.0,60.0,220.0,385.5999999999998,94339.68773340994,0.47888009738283627,0.5,570.4584040747029
8.01,192,33504,112.0,54.0,60.0,256.0,399.1,30566.395833333332,0.6212135875350818,0.484375,666.6666666666666
9.26,188,33229,112.0,54.0,60.0,221.25,427.5000000000003,36914.02792553192,0.46725835651521175,0.48936170212765956,557.2354211663068
0.05,2,310,155.0,74.2,104.5,205.5,235.8,10201.0,0.2109375,0.5,1200.0
4.57,99,16865,112.0,54.0,54.0,202.0,323.20000000000005,40633.29925517804,0.45601312267978933,0.46464646464646464,603.9387308533916
2.75,69,15541,83.0,54.0,60.0,220.0,446.0,86503.68536021846,0.808986148294727,0.5072463768115942,676.3636363636364
1.67,37,5888,112.0,54.0,60.0,148.0,264.39999999999986,31319.522279035784,1.1710914454277286,0.4594594594594595,610.7784431137725
6.72,164,31576,112.0,54.0,60.0,266.0,400.0,54283.54134443783,0.487329251059821,0.4329268292682927,633.9285714285714
4.6,73,16835,112.0,54.0,60.0,328.0,468.59999999999997,78701.00356539688,0.7678252651475376,0.4520547945205479,430.4347826086957
7.84,226,105382,112.0,54.0,60.0,589.75,1509.0,360811.53418435267,0.11095649240435602,0.42920353982300885,727.0408163265307
4.04,88,15527,112.0,54.0,60.0,232.75,338.7999999999999,39809.49677169421,0.5784283826369828,0.45454545454545453,594.059405940594
3.03,47,8697,112.0,54.0,57.0,220.0,367.19999999999993,36693.18967858759,0.4897225077081192,0.46808510638297873,415.84158415841586
5.15,99,17999,112.0,54.0,60.0,238.0,428.8,38105.286399347,0.5501679441908535,0.4444444444444444,512.6213592233009
4.02,78,11178,112.0,54.0,60.0,148.0,297.3,19172.62327416174,0.5276752767527675,0.47435897435897434,537.313432835821
6.6,135,28102,112.0,54.0,60.0,256.0,493.6000000000003,62065.91418381344,0.5422017341674898,0.4666666666666667,536.3636363636364
2.68,61,10758,83.0,54.0,60.0,184.0,445.0,48262.361730717545,0.869980879541109,0.5573770491803278,649.2537313432836
8.08,162,26068,112.0,54.0,60.0,184.0,342.4000000000001,28014.78265508307,0.5152290165077889,0.47530864197530864,556.9306930693069
1.13,16,4130,112.0,54.0,58.5,220.0,617.5,147034.859375,0.2417318099819603,0.4375,371.6814159292036
1.76,34,7656,112.0,54.0,60.0,288.75,477.99999999999994,84614.20415224915,0.43909774436090226,0.4411764705882353,511.3636363636364
5.33,111,18482,112.0,54.0,60.0,184.0,364.0,29663.150880610345,0.5677326321146832,0.4594594594594595,562.8517823639775
2.95,59,10448,112.0,54.0,60.0,184.0,271.6000000000001,62283.8741740879,0.5232541186761919,0.4745762711864407,528.8135593220338
0.41,7,1090,112.0,57.6,60.0,202.0,292.00000000000006,13598.204081632652,0.5482954545454546,0.42857142857142855,439.0243902439025
5.44,124,22890,112.0,54.0,60.0,184.0,372.30000000000007,66345.07934443292,0.4738265404674522,0.4838709677419355,584.5588235294117
3.4,57,7741,112.0,54.0,54.0,148.0,297.0,17603.138196368116,0.42376310465330147,0.47368421052631576,476.47058823529414
5.91,128,21660,112.0,54.0,60.0,220.0,379.69999999999993,26810.8740234375,0.5693377771337488,0.4453125,578.6802030456853
2.93,81,17836,112.0,54.0,60.0,220.0,536.0,95192.50419143424,0.26865353154562915,0.4567901234567901,696.2457337883959
0.1,2,114,57.0,54.6,55.5,58.5,59.4,9.0,0.9,1.0,1200.0
7.52,175,30683,112.0,54.0,57.0,184.0,419.79999999999984,51125.318726530604,0.53876629889669,0.4685714285714286,638.2978723404256
5.56,141,24045,83.0,54.0,60.0,220.0,361.0,32556.277350233893,0.5135968777539972,0.5035460992907801,723.021582733813
1.35,29,5382,148.0,54.0,60.0,267.0,374.2,20956.656361474437,0.5951393005334914,0.4482758620689655,577.7777777777777
9.94,209,40058,112.0,54.0,60.0,220.0,436.0,55817.59117236327,0.5236392681906356,0.44019138755980863,543.2595573440644
8.45,2929,3337021,1514.0,54.0,157.0,1514.0,1514.0,401089.4160349624,0.0135961356624737,0.2389894161829976,4444.970414201184
5.47,120,21420,87.0,54.0,60.0,292.0,448.1,29241.7,0.6842270797295172,0.5166666666666667,647.1663619744058
6.41,144,28496,112.0,54.0,60.0,258.5,472.50000000000045,43933.918209876545,0.5909776115236447,0.4444444444444444,599.0639625585023
6.17,105,20622,112.0,54.0,60.0,267.0,470.40000000000003,40787.64952380952,0.6864573110893032,0.4380952380952381,437.60129659643434
1.15,33,7968,112.0,55.2,60.0,364.0,537.2,63659.03581267217,1.8046462513199577,0.45454545454545453,730.4347826086957
8.37,151,25385,112.0,54.0,60.0,220.0,400.0,28412.32507346169,0.927633077682436,0.45695364238410596,487.45519713261655
8.85,219,114213,148.0,54.0,60.0,1508.0,1508.0,367908.63313942583,0.14018029170119095,0.3789954337899543,542.3728813559322
4.17,124,52927,112.0,54.0,54.0,517.5,1509.0,320983.2858350677,0.128218792633015,0.4596774193548387,791.3669064748202
9.34,225,43652,112.0,54.0,60.0,266.0,468.79999999999995,46691.742143209885,0.667953077834244,0.48444444444444446,648.8222698072805
7.99,156,28869,112.0,54.0,60.0,220.0,435.5,40027.66974852071,0.550346383115837,0.4935897435897436,555.694618272841
0.29,10,2271,86.0,54.0,60.0,247.0,531.4999999999998,81479.69,1.1323943661971831,0.5,1034.4827586206898
5.68,117,25346,112.0,54.0,60.0,267.0,483.2000000000004,69410.69398787348,0.4956921987489673,0.452991452991453,549.2957746478874
2.07,60,11705,112.0,54.0,60.0,229.0,473.0,63506.67638888889,0.3298114064985231,0.4666666666666667,753.6231884057972
4.18,102,18302,83.0,54.0,60.0,175.0,360.4000000000002,60798.50019223375,0.6253996447602131,0.5392156862745098,703.3492822966507
4.79,78,12458,112.0,54.0,60.0,175.0,364.9,34350.63839579225,0.6968128575320076,0.47435897435897434,463.4655532359081
1.06,23,3864,112.0,54.0,60.0,238.0,327.40000000000003,21727.391304347828,0.47706422018348627,0.43478260869565216,566.0377358490566
7.89,198,31158,112.0,54.0,60.0,211.0,309.1000000000003,22759.968778696053,0.7147102526002972,0.4595959595959596,676.8060836501901
3.2,103,46046,116.0,54.0,60.0,459.0,1508.0,324037.4248279762,0.11610432421950746,0.36893203883495146,712.5
3.5,86,13393,112.0,54.0,60.0,184.0,360.5,19591.893591130338,0.6303104077906269,0.46511627906976744,685.7142857142857
2.49,55,9297,112.0,54.0,57.0,202.0,432.0,29293.925950413228,0.39804511278195487,0.4909090909090909,602.4096385542168
8.11,200,42680,112.0,54.0,60.0,256.0,541.3,74920.67,0.387200572041473,0.47,665.8446362515414
1.59,26,6822,130.0,54.0,60.0,265.0,616.0,137659.77514792903,0.41476565740356697,0.46153846153846156,452.8301886792452
2.3,60,10891,112.0,54.0,60.0,184.0,378.4000000000002,46462.78305555556,0.9863213569213934,0.4666666666666667,730.4347826086957
5.7,151,67510,148.0,54.0,60.0,715.5,1508.0,268926.10517082585,0.23281167254067675,0.4105960264900662,589.4736842105264
9.01,204,65697,115.0,54.0,60.0,358.0,1057.4000000000003,183862.8166810842,0.29233220552364464,0.4117647058823529,546.0599334073252
5.73,97,17563,112.0,54.0,60.0,256.0,423.4000000000001,27506.367307896693,0.5696666368755027,0.4536082474226804,460.73298429319374
5.18,91,17173,112.0,54.0,60.0,238.0,439.0,47854.599686028254,0.5290713204523195,0.43956043956043955,463.3204633204633
0.54,14,5649,184.0,60.0,60.0,442.75,1251.2,236050.10714285713,0.466891716437289,0.42857142857142855,666.6666666666666
3.32,79,18122,112.0,54.0,60.0,286.0,435.2,91767.12449927894,0.4285038625256188,0.4177215189873418,596.3855421686748
1.29,24,7587,86.0,54.0,60.0,409.75,990.4,146079.359375,1.2281938325991189,0.5,558.1395348837209
8.81,188,38313,112.0,54.0,60.0,256.0,439.3000000000001,66759.61122114079,0.8095215604779672,0.4734042553191489,592.5085130533485
7.85,139,22250,112.0,54.0,60.0,184.0,305.6000000000001,33845.18906888877,0.4478136387298282,0.4748201438848921,481.5286624203822
2.63,58,7879,112.0,54.0,60.0,148.0,307.0000000000001,15848.958680142692,0.7972171532846716,0.4827586206896552,615.9695817490496
2.65,52,10331,87.0,54.0,58.5,258.5,477.49999999999994,55232.75850591717,0.35257920921707253,0.5192307692307693,543.3962264150944
5.98,147,38247,112.0,54.0,60.0,238.0,718.0,143463.36082187976,0.32926702116567613,0.47619047619047616,652.1739130434783
1.52,29,4028,83.0,58.800000000000004,60.0,148.0,263.2,17258.920332936978,0.8937470615890927,0.5172413793103449,513.1578947368421
8.98,204,49829,112.0,54.0,60.0,220.0,622.7000000000011,138861.44720780468,0.30534671102611793,0.45098039215686275,601.3363028953229
8.78,176,62385,112.0,54.0,60.0,297.25,1508.0,243528.73705449377,0.1312081814720122,0.4034090909090909,478.35990888382696
8.92,2315,2552927,1514.0,54.0,112.0,1514.0,1514.0,419703.23718933243,0.015942758564427457,0.2449244060475162,3585.201793721973
9.06,159,58304,112.0,54.0,60.0,246.5,1514.0,282719.71005893755,0.14703915010820381,0.42138364779874216,443.7086092715232
2.68,69,11398,83.0,54.0,60.0,220.0,334.4000000000001,30369.747111951267,0.5509593141924072,0.5072463768115942,738.8059701492538
5.53,169,57966,148.0,54.0,60.0,364.0,1509.0,213694.30174013518,0.24854071983974843,0.4319526627218935,770.3435804701627
8.11,166,46139,112.0,54.0,60.0,327.0,754.5,120486.68983161557,0.4287174088065895,0.4578313253012048,525.2774352651048
2.18,41,8300,112.0,60.0,60.0,220.0,462.0,80795.02676977988,1.743801652892562,0.43902439024390244,495.4128440366972
4.55,79,12947,112.0,54.0,60.0,184.0,374.4000000000001,25350.506008652465,0.8810111869824204,0.4810126582278481,501.0989010989011
1.78,32,5326,83.0,54.6,60.0,292.0,360.4000000000001,22123.43359375,1.2237995824634655,0.53125,505.61797752808985
9.26,265,121490,148.0,54.0,60.0,544.0,1508.0,326113.2817372731,0.14313404467528557,0.41509433962264153,686.8250539956804
7.21,165,32609,112.0,54.0,60.0,256.0,419.9999999999999,58083.56635445363,0.5575563622468476,0.46060606060606063,624.133148404993
6.71,137,24967,112.0,54.0,60.0,256.0,400.0,49027.08796419629,0.5358636811023622,0.45255474452554745,536.5126676602086
4.62,84,15476,112.0,54.0,60.0,220.0,362.8000000000003,58515.51473922903,0.5247290640394089,0.4642857142857143,506.4935064935065
1.19,32,7091,97.5,54.6,60.0,256.0,659.2000000000006,77603.1787109375,1.2918552036199096,0.5,756.3025210084035
4.32,94,20265,112.0,54.0,60.0,256.0,448.1,81057.81722498867,0.5207113912651958,0.46808510638297873,583.3333333333333
9.01,248,44416,87.0,54.0,60.0,220.0,385.7000000000002,41374.74869927159,0.5891234347048301,0.5080645161290323,725.8601553829078
3.65,72,13069,112.0,54.0,60.0,220.0,467.49999999999994,36556.47202932098,0.7684709066305818,0.4722222222222222,542.4657534246576
9.1,212,38374,112.0,54.0,60.0,184.0,390.6,53608.80179779281,0.5380977193474689,0.4669811320754717,619.7802197802198
0.74,19,1994,60.0,54.0,57.0,112.0,149.19999999999987,7821.944598337951,0.4947526236881559,0.631578947368421,810.8108108108108
8.09,193,30647,112.0,54.0,60.0,184.0,353.2000000000002,22243.51144997181,0.6664129193627317,0.46632124352331605,630.4079110012361
2.62,66,12056,112.0,54.0,60.0,172.0,405.5,56889.52525252526,0.6040447046301224,0.4393939393939394,664.1221374045801
2.89,54,15189,112.0,54.0,60.0,328.0,808.1000000000001,125342.83024691354,0.37221067847140665,0.4444444444444444,498.2698961937716
3.73,76,15010,112.0,54.0,60.0,229.0,448.0,62024.03947368421,0.5981686541737649,0.4473684210526316,546.916890080429
9.83,226,35408,101.5,54.0,60.0,184.0,298.0,35075.39721199781,0.5536638876700307,0.5,634.7914547304171
6.67,137,27183,112.0,54.0,60.0,267.0,422.20000000000016,44880.22835526667,0.5047329089399392,0.4233576642335766,521.7391304347826
3.53,62,9928,112.0,54.0,60.0,211.0,297.4,19548.49947970864,0.6730704415234243,0.43548387096774194,458.9235127478754
7.36,152,19193,112.0,54.0,60.0,148.0,265.00000000000006,14537.644347299169,0.605571356867994,0.4868421052631579,586.9565217391304
7.47,211,38283,83.0,54.0,60.0,184.0,436.0,57408.890456189205,0.6450947531262086,0.5213270142180095,819.277108433735
1.87,40,6167,112.0,54.0,60.0,184.0,299.1,23935.944375000003,0.5067187881749328,0.475,609.6256684491979
8.98,210,36051,112.0,54.0,60.0,184.0,365.5999999999999,46667.86823129252,0.5419589392643285,0.4714285714285714,648.1069042316258
9.18,248,73778,112.0,54.0,60.0,283.0,1369.4000000000024,192275.86283818938,0.2282004328283669,0.45161290322580644,699.3464052287582
7.98,180,32029,112.0,54.0,60.0,208.0,391.0,43321.290709876535,0.4727331248850469,0.45,593.984962406015
7.44,161,34060,112.0,54.0,60.0,220.0,543.0,78036.59503877166,0.3729995565767727,0.4409937888198758,564.516129032258
6.57,154,54551,112.0,54.0,60.0,299.5,1509.0,235847.87691853603,0.2171400522100002,0.42207792207792205,575.3424657534247
6.33,136,22656,112.0,54.0,60.0,220.0,399.0,28080.19809688581,0.6018099547511312,0.4485294117647059,578.1990521327015
8.6,221,40388,112.0,54.0,60.0,184.0,328.0,74495.59869781538,0.5259180897687774,0.48868778280542985,739.5348837209302
4.3,114,17058,112.0,54.0,60.0,184.0,358.6,19658.916897506922,0.6726809178270249,0.49122807017543857,739.5348837209302
6.41,138,29489,112.0,54.0,60.0,269.75,502.7,67698.41740180633,0.8612092905831861,0.4782608695652174,570.9828393135725
6.79,212,36677,112.0,54.0,60.0,256.0,327.5,35014.34431737273,0.8316520175789053,0.44339622641509435,795.2871870397644
1.14,31,4513,112.0,54.0,60.0,148.0,400.0,16191.920915712799,0.508859913072551,0.45161290322580644,736.8421052631579
8.77,200,40020,112.0,54.0,60.0,184.0,427.79999999999995,70434.11,0.6266308986708938,0.465,629.4184720638541
3.1,77,12721,112.0,54.0,60.0,184.0,396.80000000000047,28852.632147073717,0.4923744720788362,0.4805194805194805,658.0645161290323
1.73,38,5675,112.0,54.0,60.0,148.0,266.0,28453.330332409965,0.5650854936569222,0.47368421052631576,554.9132947976879
4.29,162,105553,184.0,54.0,60.0,1509.0,1509.0,451870.5054488645,0.05255127987794542,0.37037037037037035,797.2027972027972
5.45,141,33618,112.0,54.0,60.0,267.0,640.0,91559.05296514262,0.5497879402544716,0.4397163120567376,671.559633027523
0.96,28,6768,112.0,54.0,60.0,307.0,682.0000000000001,67731.34693877549,0.9359267734553776,0.39285714285714285,687.5
8.13,3417,4089311,1514.0,54.0,1514.0,1514.0,1514.0,357958.9261004451,0.012368574151781846,0.2048580626280363,5077.490774907748
9.15,155,30977,83.0,54.0,60.0,274.5,472.0,44733.726368366275,0.8549101796407186,0.5032258064516129,485.24590163934425
5.93,158,62417,112.0,54.0,60.0,436.0,1509.0,265810.06765742676,0.22549674075237572,0.4177215189873418,657.672849915683
3.1,75,38120,148.0,54.0,60.0,1468.0,1509.0,373512.3288888889,0.11589239190890196,0.36,522.5806451612904
2.67,56,22759,148.0,54.0,60.0,425.5,1508.0,282444.5991709184,0.1449340979977865,0.4107142857142857,471.91011235955057
8.64,158,24171,112.0,54.0,60.0,184.0,327.3,21970.702171126417,0.7019433882551753,0.4873417721518987,506.9444444444444
3.32,85,13879,112.0,54.0,60.0,220.0,371.2000000000006,23166.437923875434,0.8629530201342281,0.47058823529411764,704.8192771084338
4.0,90,11835,112.0,54.0,60.0,148.0,297.1,12355.894444444444,0.674685156360549,0.4888888888888889,630.0
4.75,95,13622,112.0,54.0,60.0,166.0,281.4000000000002,25954.827257617726,0.6685448309652131,0.45263157894736844,543.1578947368421
6.2,128,22010,112.0,54.0,60.0,229.0,368.4999999999999,28838.810302734375,0.7048799380325329,0.453125,551.6129032258065
1.17,36,5945,112.0,54.0,60.0,256.0,358.0,23564.786265432096,0.3520582215146691,0.4444444444444444,820.5128205128206
5.02,106,23201,112.0,54.0,60.0,300.0,508.0,44218.22080811677,0.799922420480993,0.4528301886792453,549.8007968127491
9.48,204,44465,112.0,54.0,54.0,256.0,467.5000000000002,91129.59195982314,0.30871791853072755,0.46078431372549017,588.6075949367089
5.95,117,21004,112.0,54.0,60.0,220.0,406.80000000000007,36257.53159471108,0.7965956718843555,0.4700854700854701,524.3697478991596
3.0,56,10207,112.0,54.0,60.0,193.0,414.0,33094.23182397959,0.49618880093814133,0.44642857142857145,480.0
9.65,206,34161,112.0,54.0,60.0,211.0,334.5,31129.403171835238,0.5423269673574428,0.4854368932038835,572.020725388601
2.32,48,8248,97.5,54.0,60.0,229.0,395.1,30747.18055555555,0.46892252894033837,0.5,568.9655172413794
6.16,117,19415,112.0,54.0,60.0,220.0,311.40000000000003,35252.36394185112,0.6588345864661654,0.48717948717948717,545.4545454545454
3.9,87,13972,112.0,54.0,60.0,220.0,390.2000000000005,20994.861144140574,0.5670704351727232,0.45977011494252873,615.3846153846154
7.31,172,32604,83.0,54.0,60.0,184.0,396.4000000000002,73285.73499188751,0.7693601779996744,0.5232558139534884,673.0506155950753
2.99,60,10106,112.0,54.0,54.0,184.0,371.2000000000001,35160.678888888884,0.6984873949579832,0.48333333333333334,561.8729096989966
3.34,64,10043,107.5,54.0,58.5,193.0,305.40000000000003,24840.603271484375,0.5307117817405883,0.484375,556.8862275449102
2.35,47,7280,112.0,54.0,60.0,184.0,417.4,17829.882299683115,0.6797415782187356,0.46808510638297873,536.1702127659574
8.6,188,37194,112.0,54.0,60.0,184.0,360.50000000000006,90301.96389769127,0.39659056773805945,0.4627659574468085,593.0232558139535
3.34,62,7225,112.0,54.0,55.5,148.0,253.19999999999996,7150.152185223726,0.8244949494949495,0.4838709677419355,538.9221556886228
7.88,161,26590,112.0,54.0,60.0,184.0,400.0,32301.373403803867,0.4831548415885765,0.4782608695652174,555.8375634517766
1.78,51,8083,112.0,54.0,54.0,148.0,297.0,38741.15186466744,0.600277172837062,0.49019607843137253,808.9887640449438
5.93,109,16364,112.0,54.0,60.0,184.0,335.4000000000001,16194.827539769383,0.641653290529695,0.44954128440366975,495.7841483979764
8.84,231,34760,112.0,54.0,60.0,184.0,328.0,23053.513502370646,0.5943491422805247,0.48917748917748916,719.4570135746606
9.04,177,28391,112.0,54.0,60.0,184.0,323.20000000000005,37864.98598742379,0.5692571302233032,0.4745762711864407,544.2477876106195
3.05,61,9638,112.0,54.0,60.0,184.0,364.0,22933.114754098362,0.6458333333333334,0.47540983606557374,570.4918032786886
7.74,150,27295,112.0,54.0,60.0,220.0,366.39999999999986,58381.35222222222,0.5542964523660384,0.44666666666666666,519.3798449612403
0.01,3,314,112.0,65.6,83.0,130.0,140.8,1499.5555555555554,1.1216216216216217,0.3333333333333333,6000.0
1.02,26,2770,60.0,54.0,55.5,112.0,166.0,6572.710059171596,0.548351034097261,0.5769230769230769,823.5294117647059
5.07,111,21367,112.0,54.0,60.0,220.0,400.0,64902.087817547275,0.3982723643740593,0.43243243243243246,556.2130177514792
8.69,539,441737,1111.0,54.0,54.0,1514.0,1514.0,503476.1733712881,0.047656429728466974,0.3358070500927644,1235.90333716916
9.65,1105,1019113,1514.0,54.0,66.0,1514.0,1514.0,489616.8433619295,0.026676525966797395,0.3194570135746606,1921.2435233160622
3.68,76,15265,83.0,54.0,60.0,220.0,580.0,68183.38694598337,0.6904761904761905,0.5263157894736842,586.9565217391304
1.23,31,5607,112.0,54.0,60.0,216.5,292.0,53485.854318418315,0.6812593703148426,0.45161290322580644,682.9268292682926
0.5,15,3365,112.0,54.0,60.0,362.5,483.0,43079.6888888889,0.17657342657342656,0.4,720.0
2.6,58,10504,91.0,54.0,55.5,238.0,438.70000000000005,46385.19619500595,0.5179190751445086,0.5172413793103449,600.0
5.28,127,34527,112.0,54.0,60.0,261.5,737.2000000000003,159585.78523157042,0.29576671920738573,0.47244094488188976,647.7272727272726
2.01,39,7808,93.0,54.0,57.0,279.5,565.6000000000004,47583.03484549638,1.171301446051168,0.5128205128205128,567.1641791044777
0.83,35,7542,112.0,54.0,57.0,220.0,574.8000000000006,80613.96408163264,0.9722803347280334,0.4857142857142857,1228.9156626506024
4.7,101,22407,112.0,54.0,60.0,256.0,544.0,88758.30467601217,0.32530904359141183,0.4158415841584158,536.1702127659574
9.95,198,35532,108.5,54.0,60.0,184.0,434.6,40291.96510560146,0.6565034965034965,0.494949494949495,548.7437185929648
6.94,134,23724,112.0,54.0,60.0,184.0,380.9000000000001,48694.296502561825,0.5885897950984331,0.4552238805970149,518.7319884726224
5.23,197,107610,148.0,54.0,60.0,1509.0,1509.0,398488.82388105855,0.08755192173587881,0.38578680203045684,837.4760994263862
2.41,62,9143,112.0,54.0,60.0,184.0,298.9,13792.15218522372,0.5544032641958517,0.4838709677419355,721.9917012448133
1.94,37,9546,148.0,54.0,60.0,309.0,541.6,103841.62162162163,0.4205357142857143,0.43243243243243246,494.8453608247423
5.24,110,17621,112.0,54.0,60.0,211.0,324.40000000000003,25248.463553719015,0.7484619964278627,0.45454545454545453,549.6183206106871
6.83,139,27802,112.0,54.0,60.0,256.0,496.80000000000007,46861.323533978575,0.3519085825431558,0.45323741007194246,535.8711566617862
8.83,249,104406,148.0,54.0,60.0,472.0,1509.0,300273.5197174238,0.16747363830524775,0.39357429718875503,652.321630804077
9.85,184,32661,112.0,54.0,60.0,193.0,442.3000000000002,36529.17388350661,0.45645484949832776,0.483695652173913,505.5837563451777
8.53,173,35318,112.0,54.0,60.0,256.0,461.40000000000015,59872.254869858676,0.48538503595912014,0.4277456647398844,520.5158264947245
6.2,129,23303,112.0,54.0,60.0,256.0,392.8,36956.39997596299,0.6186010974508578,0.43410852713178294,522.5806451612904
2.85,67,12322,112.0,54.0,60.0,220.0,406.79999999999995,36742.499443083085,0.5811625818041832,0.4626865671641791,631.578947368421
1.11,20,3696,97.5,54.0,58.5,148.0,411.3000000000003,56959.46,0.8424725822532403,0.5,486.4864864864864
4.88,136,29622,112.0,54.0,60.0,193.0,447.0,96834.8458044983,0.3750174070463724,0.4485294117647059,725.4098360655738
2.36,60,9760,112.0,54.0,60.0,167.5,355.90000000000003,45436.788888888885,0.47878787878787876,0.4666666666666667,711.8644067796611
8.16,1247,1449113,1514.0,54.0,647.5,1514.0,1514.0,380431.10115504154,0.018930663272839775,0.17802726543704891,1602.941176470588
8.18,174,30936,112.0,54.0,60.0,184.0,391.6000000000005,50101.77328577092,0.45876361578724006,0.4827586206896552,579.4621026894865
0.72,25,4591,83.0,54.0,60.0,220.0,461.20000000000005,47160.9504,0.5207022192779066,0.56,1000.0
2.05,41,4413,83.0,54.0,54.0,148.0,148.0,5600.671029149317,0.6546681664791901,0.5365853658536586,585.3658536585366
4.34,102,16146,112.0,54.0,60.0,184.0,360.4000000000002,23970.952710495963,0.46555323590814196,0.46078431372549017,635.9447004608295
3.06,64,9972,97.5,54.0,60.0,229.0,364.0,20110.27734375,0.6622770461743623,0.5,588.2352941176471
0.6,11,1290,112.0,60.0,60.0,148.0,184.0,4913.652892561983,1.4067164179104477,0.45454545454545453,500.0
5.43,103,15379,112.0,54.0,60.0,184.0,296.8,17029.74813837308,0.6939090208172706,0.4563106796116505,519.3370165745856
0.42,17,5302,112.0,54.0,60.0,472.0,728.4000000000001,122046.22145328719,1.1089896579156722,0.47058823529411764,1142.857142857143
6.78,153,45086,112.0,54.0,60.0,328.0,824.8000000000004,158548.79285744796,0.43412430816209685,0.43137254901960786,548.6725663716815
6.44,212,102129,148.0,54.0,60.0,800.0,1508.0,352343.2015619438,0.09856291547447454,0.3915094339622642,708.0745341614906
0.79,7,1024,148.0,60.0,60.0,220.0,234.4,6463.34693877551,1.56,0.42857142857142855,227.84810126582278
8.35,162,33168,112.0,54.0,60.0,256.0,400.0,68146.20438957476,0.41646737273659035,0.4567901234567901,524.5508982035929
8.1,163,30101,112.0,54.0,60.0,267.0,417.40000000000003,36446.00067748128,0.5281246827089044,0.4539877300613497,533.3333333333334
8.8,203,40514,112.0,54.0,60.0,256.0,458.8,50288.24416996287,0.4019170213502197,0.45320197044334976,593.1818181818181
1.54,35,7785,112.0,54.0,60.0,202.0,574.0000000000001,84492.47346938775,0.5084285991086999,0.45714285714285713,623.3766233766233
4.9,103,19052,112.0,54.0,60.0,184.0,395.19999999999993,64726.39720991612,0.49240169199436,0.4563106796116505,575.5102040816325
9.12,212,31352,94.5,54.0,60.0,184.0,322.3000000000002,19858.732467070135,0.6704139804997602,0.5,657.8947368421053
3.5,83,11926,91.0,54.0,60.0,166.0,323.5999999999999,17217.925968935986,0.5297588506926629,0.5060240963855421,668.5714285714286
5.69,124,20962,112.0,54.0,60.0,193.0,353.2000000000001,35098.691207075964,0.562229840512744,0.4596774193548387,601.0544815465729
6.89,155,26225,112.0,54.0,60.0,220.0,414.39999999999986,30706.33673257024,0.6360970740532784,0.45806451612903226,618.2873730043542
7.88,184,35725,112.0,54.0,60.0,184.0,328.0,91627.53494210774,0.3539890089065757,0.4673913043478261,639.5939086294417
2.32,52,6812,101.5,54.0,58.5,184.0,265.0,10659.384615384615,0.596812001875293,0.5,646.5517241379312
3.98,85,14785,112.0,54.0,60.0,184.0,416.80000000000024,35710.7847750865,0.6096897114861187,0.4588235294117647,587.9396984924624
0.74,20,3351,112.0,54.0,58.5,211.0,420.7000000000001,20747.4475,0.6010511227902532,0.45,729.7297297297297
9.79,200,29925,112.0,54.0,60.0,184.0,311.3999999999999,21674.254375,0.6087844739530133,0.475,545.4545454545455
2.0,51,8050,112.0,54.0,60.0,148.0,328.0,28974.642060745864,0.5217391304347826,0.45098039215686275,690.0
9.82,240,36687,112.0,54.0,60.0,148.0,299.1,28558.79359375,0.5071481390189796,0.48333333333333334,653.7678207739307
6.49,151,22828,112.0,54.0,60.0,184.0,355.0,20376.27928599623,0.4995730145175064,0.47019867549668876,637.904468412943
3.42,75,12209,112.0,54.0,60.0,184.0,349.6000000000003,23304.727822222223,0.46338247632746016,0.44,578.9473684210526
9.69,231,33563,112.0,54.0,60.0,148.0,297.0,25894.268323307286,0.647021297477672,0.4935064935064935,662.5386996904025
0.95,23,3374,112.0,55.2,60.0,202.0,256.0,17782.211720226846,0.7637219027705175,0.43478260869565216,631.5789473684212
3.15,60,10110,112.0,54.0,60.0,148.0,257.1,75839.18333333333,0.40847032599609917,0.48333333333333334,533.3333333333334
7.27,150,29341,112.0,54.0,60.0,256.0,427.9,49882.8252888889,0.5946195652173913,0.43333333333333335,536.4511691884456
8.4,197,35660,112.0,54.0,60.0,184.0,382.60000000000014,52507.558143729555,0.4843489843489843,0.467005076142132,642.8571428571428
6.99,155,24368,112.0,54.0,60.0,184.0,312.1999999999999,29165.380478668052,0.5036406269282981,0.47096774193548385,592.274678111588
8.4,167,36440,112.0,54.0,60.0,220.0,512.4000000000001,82283.91064577432,0.3138159792327661,0.4431137724550898,514.2857142857142
5.75,144,26105,109.0,54.0,60.0,184.0,422.00000000000034,59091.92587770061,0.5334234022556391,0.4930555555555556,678.2608695652174
5.97,119,25568,112.0,54.0,60.0,264.5,407.2000000000001,79774.39135654259,0.43616244453182046,0.44537815126050423,522.6130653266332
5.57,134,21885,112.0,54.0,60.0,148.0,360.30000000000024,44877.307473824905,0.6948036862076977,0.48507462686567165,678.6355475763016
5.85,155,25517,112.0,54.0,60.0,184.0,318.3999999999999,42545.34385015609,0.44974717345605364,0.4645161290322581,738.4615384615386
9.93,226,38513,112.0,54.0,60.0,184.0,364.0,40495.45455791369,0.5307233704292528,0.46017699115044247,616.3141993957704
2.52,61,8715,91.0,54.0,60.0,184.0,298.0,17123.917226552003,0.7402156549520766,0.5081967213114754,690.4761904761905
8.29,151,25920,112.0,54.0,60.0,184.0,391.0,44741.80193851146,0.5017381228273464,0.46357615894039733,499.39686369119426
5.58,124,22887,112.0,54.0,54.0,193.0,425.8,53590.61569979187,0.5613999181334425,0.47580645161290325,612.9032258064516
6.75,167,32857,112.0,54.0,60.0,184.0,378.4000000000002,83268.60740793863,0.4471899224806202,0.48502994011976047,675.5555555555555
0.91,28,5714,130.0,60.0,60.0,293.25,408.1,38723.280612244904,0.7325651910248635,0.39285714285714285,725.2747252747253
1.65,29,4965,83.0,58.800000000000004,60.0,148.0,362.39999999999975,40812.9916765755,0.3517560577184862,0.5172413793103449,472.72727272727275
8.45,192,36771,112.0,54.0,60.0,220.0,399.30000000000007,62018.32267252604,0.4862974939369442,0.4739583333333333,610.6508875739646
7.35,184,65693,112.0,54.0,60.0,302.25,1509.0,250683.3199137523,0.15386506946761982,0.3967391304347826,595.9183673469388
9.93,207,33595,112.0,54.0,60.0,184.0,323.20000000000005,31547.299633597057,0.47301267154820886,0.4830917874396135,561.9335347432024
2.09,48,7624,112.0,54.0,60.0,229.0,368.20000000000005,17365.347222222223,0.5106003566475134,0.4375,602.8708133971292
0.18,3,442,60.0,55.2,57.0,194.0,274.40000000000003,16326.222222222224,6.366666666666666,0.6666666666666666,666.6666666666666
5.06,124,20307,112.0,54.0,60.0,220.0,364.0,21977.985626951093,0.9114269578313253,0.46774193548387094,687.7470355731226
1.98,42,6053,86.0,54.0,60.0,175.0,262.3,21940.723922902496,0.6959932754272905,0.5,636.3636363636364
9.81,228,33298,112.0,54.0,60.0,148.0,300.0,22667.726146506615,0.5881146563647637,0.4649122807017544,636.085626911315
0.55,12,1650,112.0,54.6,60.0,157.0,257.8,9744.083333333334,0.6734279918864098,0.4166666666666667,545.4545454545455
3.57,94,15195,83.0,54.0,60.0,148.0,403.0000000000002,39677.27037120869,0.6227039726612559,0.5212765957446809,739.4957983193277
9.73,227,36520,112.0,54.0,60.0,184.0,328.0,31130.994663199366,0.5103391232423491,0.44933920704845814,628.9825282631037
5.07,134,21975,112.0,54.0,60.0,184.0,300.8,38064.05218311427,0.49775081788440567,0.4626865671641791,710.059171597633
4.32,104,16130,97.5,54.0,60.0,148.0,298.0,28536.259985207107,0.5382414648102232,0.5,666.6666666666666
1.06,23,2526,112.0,54.0,60.0,112.0,212.8,4563.79584120983,0.6089171974522293,0.4782608695652174,622.6415094339623
4.19,111,37039,112.0,54.0,54.0,224.0,1508.0,259628.54021589152,0.1661052167616409,0.4774774774774775,758.9498806682576
8.94,195,30179,112.0,54.0,60.0,148.0,297.0,46633.40076265614,0.5261960149691514,0.48717948717948717,617.4496644295302
9.0,206,38503,112.0,54.0,60.0,184.0,364.0,66421.78275520785,0.34875818825095456,0.46116504854368934,620.0
9.8,198,30841,112.0,54.0,60.0,184.0,391.3,21619.30223956739,0.524970332278481,0.4595959595959596,551.0204081632652
5.38,93,16022,112.0,54.0,60.0,184.0,400.0,39119.8143137935,0.45377007531077035,0.4946236559139785,490.7063197026023
7.65,156,43036,112.0,54.0,60.0,233.5,756.5,167847.17587113738,0.2144026186579378,0.4358974358974359,509.80392156862746
6.09,127,21418,83.0,54.0,60.0,184.0,431.20000000000005,32101.677599355196,0.5672471827894043,0.5196850393700787,581.2807881773399
1.63,51,10195,112.0,54.0,60.0,148.0,371.0,93203.2648981161,0.30354174657972127,0.47058823529411764,883.435582822086
9.68,199,31776,112.0,54.0,54.0,148.0,322.6,46755.39405570567,0.4760312151616499,0.49748743718592964,595.0413223140496
0.91,21,3010,112.0,54.0,54.0,148.0,297.0,19755.841269841265,0.437440305635148,0.47619047619047616,659.3406593406594
6.85,155,22461,112.0,54.0,60.0,148.0,312.39999999999986,25767.978938605618,0.7160210864084345,0.4838709677419355,639.4160583941606
5.8,103,17711,112.0,54.0,60.0,220.0,428.7999999999999,36759.85201244227,0.5484350410910999,0.49514563106796117,475.86206896551727
1.26,33,4940,112.0,55.2,60.0,184.0,270.4000000000001,37177.05968778696,0.6335978835978836,0.48484848484848486,761.9047619047618
0.76,20,2086,86.0,54.0,58.5,121.0,184.0,3336.909999999999,0.8758992805755396,0.5,789.4736842105264
5.25,101,13565,112.0,54.0,54.0,148.0,292.0,14717.93549651995,0.6321742269281675,0.4752475247524752,548.5714285714286
7.1,142,22365,112.0,54.0,60.0,148.0,297.9,47489.390845070426,0.48871730013978565,0.45774647887323944,549.2957746478874
5.32,116,18623,112.0,54.0,60.0,184.0,346.0,34913.524004161714,0.47205754485811396,0.47413793103448276,575.187969924812
5.19,111,18630,112.0,54.0,57.0,184.0,321.0,38989.73946919894,0.4061438599139558,0.4864864864864865,601.1560693641618
5.65,112,25150,112.0,54.0,60.0,272.5,552.9000000000005,74040.94355867346,0.8969678684567808,0.4375,520.3539823008849
1.49,69,14568,84.0,54.0,60.0,189.0,382.4000000000001,137906.693131695,0.9193675889328063,0.5797101449275363,1127.51677852349
9.67,224,32782,100.5,54.0,60.0,148.0,295.5000000000001,29742.47696109694,0.5663433513306895,0.5,645.2947259565667
6.75,140,23165,112.0,54.0,60.0,184.0,359.5000000000004,40388.46301020408,0.4790575916230366,0.4785714285714286,577.7777777777777
9.04,184,27163,112.0,54.0,60.0,184.0,297.0,22769.669157608696,0.5849574045979694,0.47282608695652173,564.1592920353983
4.5,79,12345,112.0,54.0,60.0,202.0,304.0000000000001,23827.638199006575,0.5682164634146342,0.46835443037974683,493.33333333333337
2.67,60,8270,97.5,54.0,54.0,148.0,330.6,13867.705555555554,0.6398968867737458,0.5,629.2134831460675
7.8,223,109865,148.0,54.0,60.0,1103.5,1509.0,358940.43696836854,0.08402648274773308,0.36771300448430494,630.7692307692307
6.2,147,20131,83.0,54.0,54.0,148.0,298.0,20579.384793373134,0.4960612366230678,0.5102040816326531,706.4516129032259
6.9,148,19441,107.5,54.0,60.0,148.0,256.0,17997.527163988314,0.6425312605610003,0.49324324324324326,608.695652173913
8.06,169,23224,112.0,54.0,60.0,148.0,293.0000000000001,16130.172613003746,0.558343957592431,0.48520710059171596,580.6451612903226
6.35,154,23508,112.0,54.0,60.0,184.0,297.70000000000005,30305.786135941984,0.6034376918354819,0.487012987012987,661.4173228346458
7.44,138,21934,112.0,54.0,60.0,148.0,328.0,27876.808233564374,0.4880597014925373,0.4492753623188406,499.99999999999994
9.43,232,46792,112.0,54.0,60.0,184.0,366.70000000000005,92318.47265160523,0.4018814788183834,0.49137931034482757,668.0805938494168
2.2,44,6823,112.0,54.0,60.0,184.0,296.20000000000005,21484.56353305785,0.4758814622539477,0.45454545454545453,545.4545454545455
5.83,94,12218,112.0,54.0,54.0,148.0,263.0,17801.871887732003,0.8122218926134678,0.48936170212765956,473.41337907375646
6.34,141,18892,112.0,54.0,60.0,148.0,292.0,18534.496252703586,0.559775429326288,0.475177304964539,634.0694006309149
4.0,84,9600,83.0,54.0,54.0,112.0,245.2000000000001,8923.775510204085,0.8034942701484126,0.5119047619047619,615.0
7.67,168,24661,112.0,54.0,58.5,148.0,297.3,27557.05778769841,0.5054636469080032,0.48214285714285715,602.3468057366363
3.22,70,10336,112.0,54.0,60.0,148.0,328.7,18942.425306122444,0.6385542168674698,0.4714285714285714,614.9068322981366
4.26,91,12399,112.0,54.0,54.0,148.0,298.0,13680.320734210845,0.6252457727093983,0.46153846153846156,591.5492957746479
1.57,33,4888,112.0,54.0,60.0,148.0,306.4000000000001,24072.2883379247,0.4368018812463257,0.45454545454545453,573.248407643312
0.25,15,2494,148.0,54.0,60.0,250.0,297.6,11816.862222222224,0.9591516103692066,0.4,1440.0
7.87,202,30198,107.5,54.0,60.0,184.0,298.8,24549.992549750026,0.5824555887439082,0.4900990099009901,709.0216010165184
2.45,54,6670,112.0,54.0,54.0,148.0,297.7,9604.175582990396,0.6033653846153846,0.48148148148148145,636.734693877551
3.9,85,12149,91.0,54.0,54.0,112.0,313.6000000000003,32334.700899653973,0.49489356466100654,0.5058823529411764,615.3846153846154
5.53,113,15188,91.0,54.0,54.0,148.0,306.79999999999995,14835.19711802021,0.5716059602649006,0.504424778761062,607.5949367088607
0.67,8,726,60.0,54.0,54.0,121.0,158.79999999999998,2295.9375,2.1293103448275863,0.625,447.76119402985074
2.09,40,5405,101.5,54.0,54.0,148.0,271.3,22584.909375,0.6827521793275217,0.5,545.4545454545455
0.46,11,1232,60.0,54.0,60.0,130.0,148.0,7603.636363636364,1.464,0.5454545454545454,782.6086956521739
7.19,138,20518,112.0,54.0,55.5,148.0,298.0,35772.767905902125,0.5477106434336577,0.4782608695652174,542.4200278164117
3.41,72,10978,107.5,54.0,54.0,184.0,356.8,20134.582561728395,0.5409882088714205,0.4861111111111111,598.2404692082112
7.35,158,18739,112.0,54.0,60.0,112.0,286.4000000000001,8495.556200929339,0.8493042534293891,0.47468354430379744,612.2448979591837
6.86,148,20572,112.0,54.0,60.0,148.0,297.0,18525.513513513513,0.5891850135187331,0.4594594594594595,586.0058309037901
6.97,165,25954,112.0,54.0,60.0,184.0,383.5999999999999,32783.95423324151,0.575643516270034,0.4909090909090909,645.6241032998565
7.32,155,23647,112.0,54.0,60.0,184.0,314.9999999999999,26548.16882414152,0.5045492142266336,0.4774193548387097,581.967213114754
6.49,155,22277,112.0,54.0,60.0,184.0,299.79999999999995,15289.542393340269,0.6891871398240825,0.47096774193548385,647.1494607087827
8.25,155,25019,112.0,54.0,60.0,184.0,381.99999999999983,31811.339188345475,0.4978746332994073,0.4774193548387097,530.9090909090909
7.6,164,24916,97.5,54.0,60.0,148.0,374.5000000000002,23638.714158239138,0.6666220735785953,0.5,584.2105263157896
5.13,87,12209,112.0,54.0,54.0,166.0,324.40000000000003,13420.727969348662,0.5539009800178185,0.47126436781609193,479.5321637426901
3.85,78,9248,112.0,54.0,54.0,112.0,233.79999999999987,8601.348454963843,0.604441360166551,0.48717948717948717,592.2077922077922
6.8,160,32502,112.0,54.0,60.0,148.0,328.0,110727.16859375002,0.2899154661269199,0.46875,626.4705882352941
3.34,70,10947,112.0,54.0,60.0,220.0,298.20000000000005,19891.979795918367,0.4747406708877812,0.44285714285714284,556.8862275449102
2.15,42,6393,112.0,54.0,60.0,148.0,300.7,23603.59693877551,0.5404819277108434,0.47619047619047616,502.3255813953488
0.02,1,54,54.0,54.0,54.0,54.0,54.0,0.0,54,1.0,3000.0
7.83,166,30239,112.0,54.0,60.0,211.0,418.0,50986.40125562491,0.5391937290033595,0.45180722891566266,559.3869731800766
1.32,26,5784,112.0,54.0,60.0,292.25,544.0,55124.71005917159,0.5015576323987538,0.4230769230769231,499.99999999999994
4.2,85,15782,112.0,54.0,60.0,220.0,562.4000000000003,43995.75031141869,0.5777266819954013,0.49411764705882355,571.4285714285713
1.67,32,5085,112.0,54.0,60.0,184.0,353.20000000000016,23764.1474609375,0.36656812684762163,0.4375,502.99401197604794
2.61,55,7936,83.0,54.0,57.0,184.0,383.40000000000003,15044.351735537188,0.612352702153596,0.5454545454545454,597.7011494252874
9.55,182,28311,112.0,54.0,60.0,175.0,328.0,32969.48873928269,0.5095174620101306,0.46703296703296704,521.4659685863874
0.02,2,114,57.0,54.6,55.5,58.5,59.4,9.0,0.9,1.0,6000.0
9.38,186,26209,112.0,54.0,55.5,148.0,297.0,25965.760463637416,0.529559381383134,0.4731182795698925,562.8997867803837
4.48,92,13015,101.5,54.0,54.0,148.0,293.9000000000002,31990.770675803404,0.5121412803532008,0.5,589.2857142857142
5.03,107,16357,112.0,54.0,60.0,148.0,328.0,32939.70250676915,0.4777305989700967,0.4766355140186916,584.4930417495029
9.43,193,28189,112.0,54.0,60.0,148.0,322.0,28961.079653145054,0.5104216899748165,0.47668393782383417,579.0031813361612
0.96,19,2290,112.0,54.0,57.0,130.0,205.5999999999999,7599.091412742382,0.8956953642384106,0.42105263157894735,500.0
7.4,149,24957,112.0,54.0,60.0,220.0,334.00000000000057,41579.29696860502,0.5605927963981991,0.4966442953020134,567.5675675675676
4.96,104,13391,83.0,54.0,60.0,112.0,245.2000000000001,18209.259522929,0.6416574721098443,0.5192307692307693,616.9354838709678
6.6,138,23479,97.5,54.0,55.5,148.0,294.4,67834.91582650703,0.4209889245294438,0.5,590.9090909090909
6.45,158,22581,94.5,54.0,54.0,184.0,293.80000000000007,21802.872977087,0.5295671611461085,0.5,697.6744186046511
4.66,85,12910,112.0,54.0,54.0,148.0,316.0000000000002,27657.18615916955,0.43540137869690904,0.4588235294117647,502.1459227467811
2.87,53,7024,112.0,54.0,60.0,148.0,291.20000000000016,12151.192595229619,0.5574279379157427,0.4528301886792453,501.74216027874564
7.54,154,21304,83.0,54.0,60.0,148.0,275.9000000000001,22431.22364648339,0.67655622885024,0.5324675324675324,588.8594164456233
8.15,184,31086,112.0,54.0,60.0,148.0,305.70000000000016,58411.27965500946,0.4536357259761515,0.46195652173913043,618.4049079754601
2.73,43,6028,112.0,54.0,60.0,148.0,289.6000000000002,12863.732828555976,0.6344902386117137,0.4883720930232558,439.5604395604396
8.37,196,34957,112.0,54.0,58.5,148.0,304.0,75093.45259787589,0.3571844547113406,0.4846938775510204,645.1612903225807
8.2,183,31140,112.0,54.0,60.0,148.0,297.0,67497.60154080446,0.41000679194023093,0.4918032786885246,621.9512195121952
4.52,104,20077,112.0,54.0,60.0,184.0,364.40000000000015,81603.85345784025,0.5149022862748057,0.46153846153846156,623.8938053097346
4.62,96,17885,101.5,54.0,60.0,184.0,420.5,58830.54416232638,0.6663560980154664,0.5,584.4155844155845
0.86,22,2765,71.5,54.6,60.0,112.0,216.4000000000001,16879.035123966944,0.6646598434677905,0.6818181818181818,767.4418604651163
0.56,17,2292,112.0,54.0,60.0,220.0,284.8,9978.851211072664,0.8603896103896104,0.47058823529411764,857.1428571428571
4.92,112,17567,112.0,54.0,54.0,184.0,308.20000000000005,32121.396603954086,0.4078377945183523,0.4732142857142857,621.951219512195
4.07,82,12021,112.0,54.0,55.5,148.0,298.0,26184.533164782864,0.5086596385542169,0.47560975609756095,545.4545454545454
5.49,130,19629,112.0,54.0,60.0,148.0,321.80000000000007,33551.869171597624,0.5933923208052602,0.46923076923076923,666.6666666666666
0.46,10,1366,112.0,54.0,73.0,184.0,231.0,5099.839999999999,0.6070588235294118,0.3,391.30434782608694
1.71,40,11629,130.0,54.0,60.0,274.0,785.1000000000004,165167.34937500002,0.18265025933082477,0.45,631.578947368421
1.28,38,6486,112.0,54.0,60.0,220.0,441.4000000000001,22116.1108033241,0.6263791374122367,0.4473684210526316,796.875
7.1,148,24911,112.0,54.0,60.0,184.0,345.8000000000003,42581.01401570488,0.5471709831687472,0.46621621621621623,574.6478873239437
1.08,14,2299,115.5,54.0,60.0,238.0,287.8,18154.311224489797,0.4841833440929632,0.5,333.3333333333333
6.39,132,19745,112.0,54.0,54.0,184.0,298.9,29083.121843434346,0.5310949131513648,0.4696969696969697,582.1596244131456
2.67,56,6848,112.0,54.0,54.0,112.0,279.5,10346.061224489797,0.5528344671201814,0.48214285714285715,606.7415730337079
7.09,141,18958,112.0,54.0,54.0,148.0,266.0,15484.971279110707,0.5959255829615288,0.475177304964539,558.5331452750353
8.08,173,24365,112.0,54.0,60.0,148.0,297.0,21917.846637040995,0.5112889219699789,0.4913294797687861,586.6336633663367
9.82,217,43665,112.0,54.0,60.0,184.0,389.2000000000004,88792.39346768886,0.6449425503861368,0.4792626728110599,586.5580448065173
8.52,194,36542,112.0,54.0,60.0,184.0,418.90000000000043,67310.10691890743,0.44904433341264177,0.4484536082474227,612.6760563380283
2.5,51,10835,112.0,54.0,60.0,295.0,445.0,46440.09073433294,0.4635958395245171,0.43137254901960786,528.0
8.45,180,26507,83.0,54.0,60.0,148.0,297.1,33408.60404320988,0.5784553087596022,0.5166666666666667,603.5502958579883
2.39,47,5066,112.0,54.0,54.0,112.0,212.7999999999999,4654.507922136713,0.9277016742770168,0.48936170212765956,577.4058577405857
4.48,93,10350,112.0,54.0,54.0,112.0,184.0,6579.109261186262,0.6242937853107344,0.4946236559139785,616.0714285714286
5.64,126,18222,112.0,54.0,60.0,148.0,314.5,24828.839002267563,0.6006676036542515,0.46825396825396826,627.6595744680851
3.67,72,14054,112.0,54.0,60.0,184.0,382.7999999999999,84294.12885802472,0.3264747522416234,0.4722222222222222,506.8119891008174
5.88,118,19794,97.5,54.0,55.5,148.0,410.7999999999999,53647.90146509623,0.34178416485900215,0.5,561.2244897959183
6.9,141,27859,112.0,54.0,60.0,184.0,459.0,68418.39937628893,0.4315297261189045,0.4397163120567376,539.1304347826086
1.47,30,5151,112.0,54.0,60.0,175.0,301.00000000000006,46220.47666666666,0.4001087251970644,0.43333333333333335,530.6122448979592
8.21,195,27845,103.0,54.0,60.0,148.0,292.0,21060.88099934254,0.7056661562021439,0.49743589743589745,665.0426309378806
3.35,76,12260,112.0,54.0,60.0,193.0,328.0,31771.452908587267,0.4803187635836754,0.4473684210526316,608.955223880597
8.49,169,29726,112.0,54.0,60.0,148.0,420.00000000000017,50979.550786036896,0.5692340178430026,0.46745562130177515,544.1696113074204
3.54,66,12787,112.0,54.0,60.0,220.0,438.0,56770.82759412304,0.5235315143572025,0.45454545454545453,508.47457627118644
1.79,48,6589,112.0,54.0,60.0,130.0,370.9000000000001,13109.530815972224,0.9249196611159801,0.4583333333333333,737.4301675977654
7.28,143,19091,112.0,54.0,60.0,148.0,297.0,14469.66257518705,0.6420953036297953,0.4825174825174825,560.4395604395604
7.26,144,21168,112.0,54.0,54.0,148.0,298.0,21616.777777777777,0.5443204202232436,0.4861111111111111,561.9834710743802
8.05,159,26012,112.0,54.0,60.0,148.0,418.4000000000004,37140.06439618687,0.481996353691887,0.48427672955974843,551.5527950310558
3.69,64,9268,112.0,54.0,60.0,148.0,292.0,23222.93359375,0.6225490196078431,0.46875,487.8048780487805
6.24,142,19257,83.0,54.0,60.0,112.0,300.6,21163.78659988097,0.5411764705882353,0.5070422535211268,644.2307692307692
0.39,5,800,60.0,60.0,60.0,184.0,335.20000000000005,21350.4,3.4444444444444446,0.6,461.5384615384615
1.93,34,6840,83.0,54.0,60.0,148.0,456.1999999999998,103349.0276816609,0.45346366340841476,0.5882352941176471,497.4093264248705
2.21,43,5738,112.0,54.0,57.0,130.0,268.40000000000003,15485.316387236344,0.6976331360946746,0.4883720930232558,542.9864253393665
3.16,68,9353,112.0,54.0,60.0,148.0,297.0,13713.189230103808,0.6949981877491845,0.4411764705882353,569.620253164557
2.08,65,7986,83.0,54.0,60.0,148.0,284.00000000000006,8360.703905325443,0.6301285976729945,0.5384615384615384,865.3846153846155
4.29,84,11849,112.0,54.0,58.5,184.0,297.0,14239.627409297053,0.7422437876782826,0.4880952380952381,559.4405594405595
8.11,170,24637,101.5,54.0,60.0,148.0,297.1,30923.200034602072,0.5703359041366562,0.5,606.6584463625154
5.05,123,16087,83.0,54.0,60.0,166.0,297.0,10608.84962654505,0.5595734367426078,0.5121951219512195,665.3465346534654
0.6,17,2910,112.0,54.0,54.0,256.0,396.40000000000003,23330.968858131488,0.49691358024691357,0.47058823529411764,800.0
1.78,35,4894,112.0,54.0,60.0,148.0,205.60000000000005,19422.02775510204,0.7403982930298719,0.45714285714285713,539.3258426966293
5.23,101,18392,112.0,54.0,60.0,237.0,391.0,44938.762474267234,0.4875444839857651,0.46534653465346537,539.1969407265774
5.11,96,20441,112.0,54.0,60.0,184.0,487.5,99963.81759982636,0.28293478943074124,0.4270833333333333,481.4090019569472
0.51,15,2817,112.0,54.0,57.0,184.0,444.9999999999999,52336.29333333334,0.32814710042432815,0.4666666666666667,823.5294117647059
3.49,65,14688,148.0,54.0,54.0,296.0,428.20000000000016,100898.30674556213,0.2508942258559019,0.4307692307692308,464.1833810888252
5.44,122,19875,112.0,54.0,60.0,184.0,325.00000000000017,36188.704985219025,0.6491038831729173,0.4918032786885246,606.6176470588235
9.03,196,31975,112.0,54.0,60.0,220.0,328.0,33628.29224802165,0.4414191047198305,0.4642857142857143,584.717607973422
6.0,123,23929,112.0,54.0,60.0,184.0,423.79999999999984,69264.3780818296,0.4405514418156643,0.45528455284552843,540.0
5.06,131,23056,112.0,54.0,60.0,184.0,328.0,58323.20610687023,0.37131981205019926,0.48854961832061067,711.4624505928854
0.45,20,3623,166.0,54.0,58.5,296.0,296.0,14438.127500000002,0.24544517016156756,0.35,933.3333333333333
5.13,122,17522,112.0,54.0,60.0,184.0,297.0,11139.087342112334,0.5775636985684703,0.4426229508196721,631.5789473684212
6.43,146,22056,112.0,54.0,60.0,148.0,297.0,29526.14599361982,0.5583975128947927,0.4657534246575342,615.8631415241058
1.77,39,5240,112.0,54.0,60.0,148.0,294.6,12485.15318869165,0.7920656634746922,0.46153846153846156,610.1694915254237
9.79,179,26406,112.0,54.0,60.0,184.0,297.20000000000005,23026.439561811425,0.5895738020707922,0.4692737430167598,502.5536261491318
2.7,48,5928,112.0,54.0,60.0,148.0,263.5000000000001,9378.416666666666,0.6170212765957447,0.4791666666666667,488.88888888888886
2.1,40,6170,112.0,54.0,60.0,193.0,396.4,17848.8375,0.7091412742382271,0.475,542.8571428571428
5.59,104,17466,112.0,54.0,54.0,148.0,297.0,63898.7851331361,0.3408567480423768,0.4807692307692308,536.6726296958856
4.39,69,11333,112.0,54.0,60.0,220.0,364.0,21535.576979626134,0.47969708839274056,0.463768115942029,437.35763097949894
8.84,184,36564,112.0,54.0,60.0,220.0,464.50000000000045,66992.05056710776,0.4989546181281515,0.483695652173913,563.3484162895927
6.39,139,20465,112.0,54.0,60.0,148.0,297.0,23316.45059779515,0.7828208032058541,0.49640287769784175,582.1596244131456
4.45,80,13800,83.0,54.0,60.0,193.0,436.50000000000006,44474.775,0.5388046387154326,0.5125,498.876404494382
9.14,186,37716,112.0,54.0,60.0,220.0,400.0,85841.19632327437,0.4368,0.45161290322580644,551.4223194748358
3.53,72,10396,112.0,54.0,60.0,184.0,296.5,16480.182098765432,0.5016611295681063,0.4861111111111111,560.9065155807366
6.39,118,16187,83.0,54.0,60.0,184.0,256.0,17044.95985349038,0.6557896890343698,0.5338983050847458,525.8215962441315
3.78,50,8285,97.5,54.0,60.0,202.0,300.1,49968.32999999999,0.5454206304793882,0.5,380.95238095238096
6.03,108,25151,112.0,54.0,60.0,256.0,456.7999999999999,106156.25402949245,0.3019463712599648,0.4166666666666667,437.81094527363183
7.58,127,18805,112.0,54.0,60.0,184.0,294.0,26596.19182838365,0.6372105171513146,0.4881889763779528,490.7651715039578
8.42,181,29684,91.0,54.0,60.0,220.0,377.0,27030.39779005525,0.5168889570238643,0.5138121546961326,598.5748218527316
4.56,87,18643,112.0,54.0,60.0,274.0,416.20000000000016,60860.66455278111,0.5145828255747826,0.42528735632183906,486.8421052631579
5.57,107,24795,112.0,54.0,60.0,298.0,552.6000000000001,70902.01065595247,1.319023569023569,0.4766355140186916,527.8276481149012
9.95,180,34383,112.0,54.0,60.0,229.0,472.59999999999997,44053.11638888889,0.7128125934044037,0.4777777777777778,488.4422110552764
8.73,239,112300,148.0,54.0,60.0,703.5,1514.0,353955.8336163583,0.10453222126052404,0.3891213389121339,618.5567010309278
1.91,32,5701,130.0,54.0,60.0,273.25,359.6000000000001,19966.2568359375,0.72391895978228,0.4375,439.7905759162304
3.85,95,20578,112.0,54.0,60.0,321.0,506.40000000000003,46847.18515235457,0.49343203425502574,0.4421052631578947,638.961038961039
3.87,81,16665,112.0,54.0,60.0,280.0,472.0,51937.25377229082,1.152544562128649,0.4567901234567901,573.6434108527131
4.18,97,30069,112.0,54.0,60.0,394.0,942.4000000000003,149335.74216176002,1.2057658450704225,0.4639175257731959,617.2248803827752
0.72,24,10391,184.0,60.0,60.0,734.0,1336.0,223724.95659722222,3.0416180474523533,0.4583333333333333,916.6666666666666
5.79,128,44890,148.0,54.0,60.0,422.5,1171.5999999999997,182461.33374023438,1.9622541903127888,0.4609375,611.3989637305699
8.86,127,31259,112.0,54.0,60.0,298.0,571.0000000000005,103579.80097960195,0.9223295000307484,0.49606299212598426,399.54853273137695
6.08,98,17085,83.0,54.0,60.0,220.0,400.0,34162.917221990836,1.0026960497010902,0.5204081632653061,444.07894736842104
8.15,162,27291,112.0,54.0,60.0,211.0,428.8000000000004,27966.680727023322,0.6289244359555927,0.47530864197530864,537.4233128834355
5.16,109,23546,112.0,54.0,60.0,256.0,436.0,96516.8620486491,0.2941629108497307,0.47706422018348627,558.1395348837209
6.9,168,63511,130.0,54.0,60.0,337.0,1509.0,263450.13516865077,0.15014487504527346,0.4226190476190476,608.695652173913
9.03,227,56163,83.0,54.0,60.0,220.0,602.8000000000001,154039.32632110073,0.3304354005780073,0.5154185022026432,724.2524916943522
4.8,106,22025,112.0,54.0,60.0,292.0,493.5,36966.20763616946,0.4403897717611667,0.4339622641509434,562.5
8.93,174,29113,112.0,54.0,60.0,220.0,330.1,29537.388591623727,0.7398553756050917,0.4827586206896552,557.6707726763718
3.29,65,12109,112.0,54.0,60.0,220.0,400.0,34418.85301775148,0.6630957286087076,0.4307692307692308,510.63829787234044
8.79,185,35899,83.0,54.0,60.0,184.0,457.5999999999998,65131.27871439007,1.294305617690292,0.518918918918919,607.5085324232082
3.19,70,14468,112.0,54.0,60.0,247.0,549.6,53791.92979591837,0.6228827818283791,0.4714285714285714,601.8808777429467
2.91,65,11444,112.0,54.0,60.0,256.0,392.20000000000005,28923.01159763314,0.6513708513708514,0.4461538461538462,597.9381443298969
4.45,89,13995,112.0,54.0,60.0,220.0,301.0,19748.11867188486,0.7559598494353826,0.47191011235955055,539.3258426966291
4.57,100,16401,83.0,54.0,60.0,193.0,331.6000000000003,32636.5699,0.4858670048921906,0.53,630.1969365426695
9.41,178,29184,112.0,54.0,60.0,184.0,364.0,30154.00921600808,0.756802311581989,0.4887640449438202,541.9766206163656
9.43,165,32021,112.0,54.0,60.0,220.0,423.39999999999986,64581.953131313145,0.5640599814389684,0.46060606060606063,477.2004241781549
4.48,89,13863,91.0,54.0,60.0,220.0,331.20000000000005,21200.067920717083,0.8114464915719326,0.5056179775280899,562.5
1.15,22,4142,86.0,54.0,55.5,266.5,500.80000000000024,35932.834710743795,1.1915343915343914,0.5,573.9130434782609
4.7,83,15394,112.0,54.0,57.0,292.0,386.3999999999999,38472.82740600959,0.5424849699398797,0.46987951807228917,485.1063829787234
1.86,59,13488,148.0,54.0,60.0,297.5,514.6000000000001,51558.44125251364,0.5521288837744533,0.4067796610169492,774.1935483870967
0.81,10,1626,130.0,59.4,60.0,229.0,335.2,13880.039999999999,1.967153284671533,0.4,296.29629629629625
3.29,63,10522,60.0,54.0,57.0,220.0,364.0,30553.031494079118,0.7365901964020466,0.5238095238095238,583.5866261398177
2.17,47,8813,112.0,54.0,60.0,238.0,376.79999999999995,52915.18605703937,0.38069873100422996,0.425531914893617,552.9953917050691
6.64,148,26901,101.5,54.0,60.0,220.0,469.20000000000005,49452.84272279035,0.6185920577617329,0.5,623.4939759036145
9.88,208,36125,112.0,54.0,60.0,220.0,433.3,36866.7760493713,0.6596223641291864,0.49038461538461536,570.8502024291497
2.39,63,11693,112.0,54.0,60.0,261.0,364.0,40450.11237087429,0.5213374967473328,0.49206349206349204,728.0334728033472
5.95,100,17028,87.0,54.0,60.0,184.0,401.0000000000001,42174.84159999999,0.608083860610067,0.52,484.03361344537814
9.11,164,29075,112.0,54.0,60.0,220.0,355.0,43692.82640541345,0.6364608543929757,0.47560975609756095,487.3765093304062
0.32,4,482,86.0,55.8,58.5,148.0,212.8,6628.75,0.5253164556962026,0.5,375.0
9.03,203,39871,112.0,54.0,60.0,256.0,447.6,46106.468295760635,0.5736275012827091,0.45320197044334976,591.3621262458472
8.53,171,33477,112.0,54.0,60.0,238.0,472.0,58964.807633117875,0.5205068810464641,0.4678362573099415,562.7198124267292
7.49,165,29959,112.0,54.0,60.0,184.0,380.1999999999998,52741.72393021121,0.5072193993057302,0.4666666666666667,592.7903871829105
5.07,118,20537,112.0,54.0,60.0,223.75,408.3999999999999,32192.820238437227,0.5769791906626738,0.4830508474576271,627.2189349112425
2.78,65,11054,112.0,54.0,60.0,184.0,345.40000000000003,34191.53467455622,0.4525624178712221,0.4461538461538462,625.8992805755396
2.7,62,10062,112.0,54.0,60.0,184.0,390.6,29196.43184183143,0.7402282947077136,0.46774193548387094,644.4444444444443
8.98,196,33608,112.0,54.0,60.0,193.0,414.0,31888.42253227822,0.5740714720621984,0.45408163265306123,554.56570155902
1.55,27,5881,112.0,57.6,60.0,297.0,436.0,39231.4842249657,1.0685895181146676,0.37037037037037035,387.0967741935484
3.21,61,8494,112.0,54.0,60.0,148.0,297.0,17595.39854877721,0.5582461933590167,0.4426229508196721,504.6728971962617
2.81,65,10217,112.0,54.0,60.0,148.0,406.40000000000003,23412.18130177515,0.7048222926747872,0.46153846153846156,619.2170818505339
2.3,61,11445,112.0,54.0,60.0,220.0,477.0,40085.12012899759,0.8236137667304015,0.4262295081967213,678.2608695652175
7.8,167,32862,112.0,54.0,60.0,256.0,464.20000000000005,50017.346122127004,0.5012334399269073,0.437125748502994,561.5384615384615
2.56,44,7917,112.0,54.0,60.0,220.0,468.1000000000002,29203.063533057844,0.3709090909090909,0.4090909090909091,421.875
7.24,163,29118,112.0,54.0,60.0,220.0,421.6,41204.97941209681,0.491624404487475,0.43558282208588955,571.8232044198895
6.16,135,33020,112.0,54.0,60.0,262.5,580.0000000000005,119788.21179698217,0.7183597002497918,0.43703703703703706,574.6753246753246
6.81,110,16383,112.0,54.0,60.0,148.0,301.90000000000026,22624.114132231403,0.6091739514782438,0.4818181818181818,458.14977973568284
9.62,246,38607,112.0,54.0,60.0,184.0,363.5,32453.805225064447,0.4981373690337602,0.491869918699187,704.7817047817048
1.47,36,5289,83.0,54.0,60.0,148.0,328.0,23012.743055555562,0.43996732915872583,0.5277777777777778,653.0612244897959
1.23,26,4883,112.0,54.0,55.5,286.75,451.0,24758.07840236686,0.605721802038803,0.46153846153846156,585.3658536585366
4.72,142,27702,85.5,54.0,60.0,175.0,484.6000000000001,113727.80975996827,0.9078512396694215,0.528169014084507,851.6949152542373
5.81,100,20352,112.0,54.0,60.0,184.0,509.5000000000001,75623.98960000002,0.37207577698375244,0.47,464.71600688468163
8.35,188,33763,112.0,54.0,60.0,184.0,404.50000000000017,56355.76309981893,0.5634637647603612,0.4734042553191489,603.5928143712575
9.16,194,26891,83.0,54.0,60.0,148.0,298.70000000000005,20137.16497502391,0.6021806482364156,0.5103092783505154,602.6200873362445
4.37,122,46308,112.0,54.0,60.0,336.75,1509.0,275670.4576726685,0.13349977970333382,0.3770491803278688,631.578947368421
3.45,75,13104,112.0,54.0,60.0,184.0,349.6000000000003,34558.62826666668,0.6396396396396397,0.44,573.9130434782609
5.14,109,14547,112.0,54.0,60.0,148.0,292.0,12220.725359818198,0.6866086956521739,0.45871559633027525,583.6575875486382
1.49,24,2820,60.0,54.0,54.0,121.0,244.19999999999993,9473.416666666666,0.39880952380952384,0.5416666666666666,523.4899328859061
6.63,156,20014,83.0,54.0,60.0,126.25,292.0,15916.592537804074,0.7278770612103945,0.5128205128205128,669.683257918552
5.0,99,17076,112.0,54.0,60.0,184.0,400.6,37350.67401285582,0.5331298258215119,0.43434343434343436,516.0
1.95,46,7621,112.0,54.0,55.5,247.0,313.0,25845.393667296787,0.43036786786786785,0.43478260869565216,615.3846153846154
5.25,132,20016,87.0,54.0,60.0,148.0,297.0,41289.155647382926,0.5537959944108057,0.5075757575757576,731.4285714285714
8.57,188,32962,112.0,54.0,60.0,148.0,397.70000000000056,64964.44443186963,0.4169281691957185,0.4734042553191489,595.0991831971995
3.92,87,11177,83.0,54.0,60.0,148.0,297.0,11190.66296736689,0.5804581447963801,0.5057471264367817,642.8571428571429
7.22,179,38181,112.0,54.0,60.0,220.0,452.60000000000025,85636.91457819667,0.40583232077764275,0.441340782122905,656.5096952908588
0.07,4,374,86.0,55.8,58.5,121.0,137.20000000000002,1498.75,1.1744186046511629,0.5,1714.2857142857142
3.08,76,14254,112.0,54.0,60.0,265.0,376.0,44087.905124653735,0.4700907590759076,0.4342105263157895,642.8571428571429
5.77,125,23770,112.0,54.0,60.0,220.0,396.80000000000007,51011.1904,0.49131062174540435,0.456,571.9237435008665
9.02,193,39284,112.0,54.0,60.0,220.0,430.2000000000002,78144.75583237135,0.40702005730659024,0.45595854922279794,572.0620842572063
4.4,103,17360,112.0,54.0,60.0,202.0,375.0,24726.112168913183,0.6035470164418991,0.46601941747572817,654.5454545454545
3.29,79,11894,112.0,54.0,60.0,220.0,325.6,14930.854350264382,0.4821183800623053,0.4810126582278481,638.2978723404256
6.96,161,31824,112.0,54.0,60.0,256.0,507.0,46647.55210061341,0.6893513111795307,0.453416149068323,586.2068965517241
0.62,21,4279,83.0,54.0,60.0,297.0,544.0,44540.752834467115,0.47602621593652983,0.5714285714285714,870.9677419354839
1.41,36,6980,112.0,54.0,60.0,192.25,455.5,50808.54320987653,0.9931467732724157,0.4444444444444444,680.8510638297872
2.45,54,8171,83.0,54.0,60.0,175.0,357.20000000000016,22181.58607681756,0.5638277511961722,0.5185185185185185,587.7551020408163
4.61,119,27807,148.0,54.0,60.0,322.0,648.8,51010.690911658785,0.7907650695517774,0.3949579831932773,598.6984815618221
2.93,64,10043,112.0,60.0,60.0,184.0,400.0,20962.228271484375,0.863265306122449,0.421875,511.9453924914676
4.57,124,22527,112.0,54.0,60.0,221.5,449.1,36896.46325442248,0.7658540409187113,0.4112903225806452,669.5842450765864
5.8,127,22676,112.0,54.0,60.0,184.0,373.20000000000016,50848.38911277823,0.5034144400981237,0.41732283464566927,527.5862068965517
0.64,16,3827,130.0,57.0,60.0,319.0,609.0,53105.15234375,0.6140868831716575,0.4375,656.25
6.09,126,18754,97.5,54.0,54.0,184.0,298.0,22110.403376165275,0.4407313513098256,0.5,571.4285714285714
3.36,74,18383,112.0,54.0,60.0,211.0,705.6000000000001,134920.72991234477,0.3761790687228627,0.44594594594594594,553.5714285714286
2.47,56,7207,112.0,54.0,54.0,148.0,281.5,10561.711415816328,0.5569237416288615,0.48214285714285715,655.8704453441295
9.37,206,35096,112.0,54.0,60.0,184.0,395.5,36286.45612216043,0.579691227438448,0.46116504854368934,601.9210245464249
6.19,137,18971,112.0,54.0,60.0,148.0,298.4,15354.745697693003,0.6307917132296055,0.4744525547445255,591.2762520193861
9.15,213,35275,112.0,54.0,60.0,184.0,360.80000000000007,29431.41153651171,0.6007896169903794,0.460093896713615,629.5081967213115
5.07,106,20841,112.0,54.0,60.0,256.0,483.5,44569.5956746173,0.4402902557014513,0.46226415094339623,556.2130177514792
9.69,211,39524,112.0,54.0,60.0,220.0,417.0,53475.97026122505,0.43613967515715274,0.4786729857819905,594.4272445820433
7.41,168,27676,112.0,54.0,60.0,184.0,371.8000000000003,30486.455215419504,0.707867941993212,0.48214285714285715,631.578947368421
7.57,142,23216,112.0,54.0,60.0,184.0,399.9,27925.348541955962,0.5990081961567602,0.47183098591549294,515.1915455746367
0.47,21,5689,112.0,54.0,60.0,328.0,603.0,114965.32426303854,0.24349726775956285,0.42857142857142855,1148.936170212766
5.83,143,21959,112.0,54.0,60.0,184.0,328.0,21874.97373954717,0.8904097796143251,0.4755244755244755,679.2452830188679
8.87,186,31499,112.0,54.0,60.0,220.0,393.5,28062.485402936753,0.4461022862914333,0.45161290322580644,561.4430665163474
1.08,14,2711,112.0,54.0,55.5,248.25,470.2000000000003,33462.80102040817,0.5697741748697163,0.42857142857142855,333.3333333333333
8.77,178,33895,112.0,54.0,60.0,184.0,446.0,59968.367409417995,0.4180228423210476,0.43258426966292135,506.27137970353476
8.46,195,31401,108.0,54.0,60.0,184.0,340.4,39835.05546351085,0.5215874400348888,0.49743589743589745,638.2978723404254
9.52,205,35499,112.0,54.0,60.0,220.0,365.79999999999995,38254.821273051755,0.4495304205798285,0.4634146341463415,573.529411764706
3.42,76,11425,112.0,54.0,60.0,148.0,294.5,25013.247056786702,0.7144357743097239,0.47368421052631576,631.578947368421
2.04,60,16797,141.0,54.0,60.0,223.0,792.6000000000012,180063.8808333333,0.18832684824902723,0.38333333333333336,676.470588235294
8.45,176,29291,101.5,54.0,60.0,184.0,393.5,34966.88090779958,0.48662640207075064,0.5,560.9467455621302
5.37,110,35569,130.0,54.0,60.0,355.25,1051.6000000000004,174495.26520661157,0.40588932806324113,0.42727272727272725,513.9664804469274
6.46,113,24976,112.0,54.0,60.0,256.0,467.3999999999999,83683.19398543348,0.5652064924484552,0.4690265486725664,482.97213622291025
9.98,214,35868,112.0,54.0,60.0,220.0,364.0,31206.93003755786,0.6005354752342704,0.4719626168224299,589.1783567134269
1.93,51,8455,83.0,54.0,60.0,184.0,322.0,49361.73779315648,0.5727306547619048,0.5098039215686274,683.9378238341969
6.68,122,22188,112.0,54.0,60.0,184.0,397.5000000000001,45960.95001343726,0.5306291390728477,0.45081967213114754,494.0119760479042
1.81,46,6764,98.0,54.0,60.0,148.0,244.0,48367.12854442345,0.41624790619765495,0.5,729.2817679558011
1.79,27,4582,148.0,54.0,60.0,238.0,328.0,18942.430727023322,1.0078878177037687,0.4444444444444444,402.23463687150837
4.51,143,58247,112.0,54.0,54.0,359.5,1509.0,314706.95946012036,0.1030793121733202,0.4405594405594406,811.5299334811531
8.77,221,43137,112.0,54.0,60.0,256.0,440.0,47340.51591900248,0.567079594579867,0.45248868778280543,649.9429874572406
4.76,104,17210,112.0,54.0,54.0,148.0,297.0,57514.691937869815,0.45699288858787673,0.49038461538461536,605.0420168067227
0.29,1,60,60.0,60.0,60.0,60.0,60.0,0.0,0.0,1.0,206.89655172413796
3.58,101,14130,112.0,54.0,60.0,148.0,301.0,17282.90108812862,0.673773987206823,0.4752475247524752,787.7094972067039
6.01,144,19709,112.0,54.0,60.0,184.0,297.0,14150.392312885802,0.7605180884323358,0.4791666666666667,678.8685524126456
3.88,104,12461,87.0,54.0,60.0,121.0,256.0,9770.533931213022,0.8255200703193671,0.5192307692307693,773.1958762886599
9.55,192,30986,112.0,54.0,60.0,184.0,328.0,34777.413953993055,0.5355567669359235,0.4635416666666667,559.1623036649214
3.93,75,14746,112.0,54.0,60.0,184.0,377.8000000000002,73124.07715555555,0.343231918382219,0.44,503.8167938931297
2.88,44,9562,107.5,54.0,54.0,193.0,814.9000000000001,73101.53512396694,0.5616527845827209,0.4772727272727273,437.5
4.25,90,12999,83.0,54.0,60.0,148.0,300.3000000000002,23781.49,0.5212404915155061,0.5111111111111111,592.9411764705883
5.77,118,17545,101.5,54.0,60.0,175.0,298.0,25548.537273771904,0.592972580352279,0.5,551.1265164644714
8.83,218,44492,112.0,54.0,54.0,175.75,354.3,108624.25763824592,0.2912700255398189,0.47706422018348627,686.2967157417894
4.0,74,12125,97.5,54.0,60.0,184.0,339.90000000000003,41004.42384952521,0.5828981723237598,0.5,525.0
9.57,188,25578,112.0,54.0,60.0,148.0,297.0,14364.986532367586,0.6306260359556293,0.48404255319148937,545.4545454545455
1.71,39,6018,112.0,54.0,60.0,238.0,369.4000000000001,15336.007889546358,0.6642699115044248,0.48717948717948717,561.4035087719298
6.46,143,25494,112.0,54.0,60.0,148.0,297.0,72111.36231600566,0.358086511826124,0.46853146853146854,613.0030959752322
5.79,101,13683,112.0,54.0,54.0,148.0,328.0,15019.378100186252,0.7110166312367138,0.48514851485148514,507.7720207253886
2.1,40,5461,112.0,54.0,60.0,148.0,304.1000000000001,12742.399375,0.5888856560954321,0.475,542.8571428571428
6.26,155,33282,112.0,54.0,60.0,148.0,392.1999999999997,121666.226264308,0.2735621627826886,0.45806451612903226,670.926517571885
7.7,181,24709,112.0,54.0,54.0,148.0,292.0,23803.200085467477,0.556570492629457,0.4972375690607735,654.5454545454546
3.11,57,9619,112.0,54.0,60.0,148.0,309.4,61153.41335795629,0.44321080270067514,0.47368421052631576,520.9003215434084
2.23,79,17084,112.0,54.0,60.0,184.0,458.0,107548.94856593492,0.32536850271528317,0.4430379746835443,914.7982062780269
9.45,198,34545,112.0,54.0,60.0,184.0,328.0,47731.05716253444,0.5563615065777617,0.48484848484848486,571.4285714285714
9.35,221,31622,112.0,54.0,60.0,148.0,299.0,17760.558219528673,0.5990088996763754,0.4660633484162896,648.1283422459893
2.15,43,7034,112.0,54.0,60.0,202.0,398.4000000000004,21533.824770146024,0.5603371783496007,0.4186046511627907,502.3255813953488
8.94,182,28128,112.0,54.0,60.0,184.0,363.1,22074.55524695085,0.5465992192225215,0.47802197802197804,577.1812080536913
0.87,24,3834,86.0,54.0,60.0,220.0,432.3999999999998,22645.4375,1.355036855036855,0.5,827.5862068965516
5.0,95,15783,112.0,54.0,60.0,184.0,402.2000000000005,37232.43390581716,0.47449551569506726,0.4842105263157895,528.0
5.59,107,17550,112.0,54.0,60.0,184.0,332.80000000000007,33919.56974408246,0.5340909090909091,0.4485981308411215,515.2057245080501
3.42,88,23474,112.0,54.0,60.0,274.75,627.0999999999998,154892.7784090909,0.25408697510417777,0.4431818181818182,684.2105263157895
9.33,217,30997,112.0,54.0,60.0,148.0,325.20000000000005,17159.588353968018,0.6763290249310475,0.4700460829493088,630.225080385852
6.93,137,18878,83.0,54.0,60.0,148.0,297.4,22070.863338483672,0.8110130468150422,0.5182481751824818,554.1125541125541
4.3,87,13311,112.0,54.0,54.0,148.0,289.6000000000003,41956.4367816092,0.4093170989941768,0.4827586206896552,586.046511627907
6.76,142,18542,112.0,54.0,60.0,148.0,289.8000000000001,12574.342590755803,0.7089400921658986,0.49295774647887325,594.6745562130178
4.79,84,21018,112.0,54.0,54.0,292.0,427.30000000000007,135574.33503401358,0.2690496316869943,0.44047619047619047,463.4655532359081
6.69,136,29016,112.0,54.0,60.0,184.0,372.0,111702.34602076125,0.29906876790830944,0.4632352941176471,529.1479820627802
7.86,182,22400,83.0,54.0,60.0,148.0,265.9000000000001,11585.433643279797,0.6136003457715027,0.5164835164835165,679.3893129770992
7.64,143,17961,112.0,54.0,54.0,148.0,268.8,11571.344613428528,0.6122980251346499,0.4825174825174825,534.0314136125655
7.17,148,21433,112.0,54.0,60.0,148.0,297.3,22360.09509678597,0.7263793797825211,0.46621621621621623,577.4058577405858
4.29,90,13845,97.5,54.0,60.0,184.0,367.6000000000003,23261.827777777777,0.5577182718271827,0.5,573.4265734265734
6.06,135,22721,112.0,54.0,60.0,177.0,328.0,38083.10035665295,0.4796170877832769,0.45925925925925926,594.059405940594
7.82,154,23923,112.0,54.0,54.0,148.0,350.40000000000055,35884.27766065104,0.4175752547997156,0.4805194805194805,552.4296675191816
7.86,168,25501,112.0,54.0,60.0,148.0,300.3,32183.998263888887,0.5938125,0.49404761904761907,587.7862595419847
1.25,22,3362,112.0,54.0,60.0,148.0,248.80000000000015,31188.603305785124,0.513051305130513,0.45454545454545453,480.0
1.43,34,4202,97.5,54.0,55.5,112.0,284.09999999999997,9838.12456747405,0.40019993335554815,0.5,629.3706293706294
9.42,191,29844,112.0,54.0,60.0,184.0,328.0,24253.75883336532,0.616246953696182,0.43455497382198954,528.6624203821656
2.73,63,18894,112.0,55.2,60.0,327.0,948.2000000000021,182228.37188208624,0.23862593418119837,0.3968253968253968,549.4505494505495
2.18,39,7615,112.0,54.0,60.0,220.0,443.2000000000006,47591.62656147271,0.42416308210211334,0.41025641025641024,440.36697247706417
2.9,67,8670,83.0,54.0,54.0,166.0,286.79999999999995,10053.464468701271,0.6312323612417686,0.5074626865671642,662.0689655172414
2.77,42,9016,112.0,54.0,60.0,148.0,499.49999999999966,110321.65079365077,0.21215380478623286,0.42857142857142855,389.8916967509025
7.77,149,24834,112.0,54.0,60.0,184.0,302.6000000000005,47683.469032926434,0.5712749130022144,0.46308724832214765,525.096525096525
8.41,169,25647,112.0,54.0,60.0,148.0,325.6,31948.12457547004,0.5714110654984376,0.46153846153846156,556.4803804994054
4.17,87,11554,83.0,54.0,60.0,112.0,297.4,21343.513542079538,0.6141380273819502,0.5057471264367817,589.9280575539569
3.74,82,12134,83.0,54.0,60.0,148.0,326.10000000000014,28647.340868530635,0.5144782825761358,0.5609756097560976,625.6684491978609
8.95,184,27562,112.0,54.0,60.0,148.0,298.0,31895.881261814746,0.487425796006476,0.4782608695652174,569.832402234637
6.04,9582,12169110,1514.0,54.0,1514.0,1514.0,1514.0,291673.0751310868,0.007841113533032979,0.15716969317470256,14543.046357615895
0.41,18,2900,112.0,54.0,60.0,211.0,323.1,18451.98765432099,0.422963689892051,0.4444444444444444,1170.7317073170732
0.0,1,112,112.0,112.0,112.0,112.0,112.0,0.0,0.0,0.0,0
2.01,50,7746,112.0,54.0,55.5,175.0,406.30000000000007,20972.4336,0.8495702005730659,0.48,716.4179104477613
3.38,2763,3578642,1514.0,54.0,1514.0,1514.0,1514.0,267988.52504994324,0.0066322294057153406,0.13680781758957655,6674.556213017751
4.36,114,16592,87.0,54.0,60.0,175.0,297.0,29218.40597106802,0.5026263358087303,0.5175438596491229,701.834862385321
4.21,80,10541,76.5,54.0,54.0,112.0,299.7000000000002,17459.806093749998,0.774280424171015,0.5125,570.0712589073634
8.66,153,25088,112.0,54.0,54.0,112.0,297.6,65002.535264214624,0.3385978017287376,0.477124183006536,498.8452655889145
2.46,61,7424,112.0,54.0,54.0,148.0,184.0,12108.929320075247,0.610062893081761,0.4918032786885246,731.7073170731707
1.68,34,5206,112.0,54.0,60.0,184.0,296.9,21667.04498269896,0.49511774842044803,0.47058823529411764,571.4285714285714
6.71,133,15582,112.0,54.0,60.0,112.0,277.5999999999998,8236.508903838543,0.7484290843806104,0.49624060150375937,563.3383010432191
1.95,49,6488,83.0,54.0,60.0,148.0,275.4000000000001,14288.97625989171,0.7668845315904139,0.5306122448979592,676.9230769230769
8.25,156,23994,112.0,54.0,60.0,148.0,294.5,43615.87327416173,0.49934387302380806,0.46153846153846156,523.6363636363636
6.81,140,27064,83.0,54.0,60.0,148.0,372.1000000000007,103274.64408163265,0.321613438812384,0.5071428571428571,572.6872246696036
3.55,79,10283,112.0,54.0,60.0,148.0,298.6000000000001,11813.75773113283,0.7238893545683152,0.45569620253164556,608.4507042253521
9.49,192,25095,112.0,54.0,60.0,148.0,266.0,17344.083740234375,0.5669684670621292,0.4895833333333333,575.3424657534246
6.18,159,42196,112.0,54.0,57.0,238.0,1017.0000000000005,174534.3874055615,0.22884268157726134,0.46540880503144655,708.73786407767
3.76,77,12250,112.0,54.0,60.0,184.0,308.8000000000002,37908.0047225502,0.5015935278254474,0.4675324675324675,574.468085106383
1.87,41,5652,83.0,54.0,60.0,184.0,280.0,14119.685901249257,0.8482668410725964,0.5121951219512195,609.6256684491979
4.32,103,13850,112.0,54.0,60.0,148.0,278.0,15047.472146290884,0.6497915425848719,0.4854368932038835,680.5555555555554
9.85,218,31436,112.0,54.0,60.0,148.0,308.4000000000003,22174.206969110342,0.5346611989845733,0.46788990825688076,609.1370558375635
1.83,37,4621,112.0,54.0,60.0,148.0,266.79999999999995,9206.042366691017,0.919817199833818,0.4864864864864865,590.1639344262295
3.61,86,11468,97.5,54.0,60.0,148.0,295.0,15201.017847485125,0.733111682031132,0.5,681.4404432132964
3.9,102,18492,112.0,54.0,60.0,220.0,364.0,49784.756632064586,0.5109077539014626,0.45098039215686275,692.3076923076923
1.59,27,4096,83.0,54.0,60.0,202.0,309.4000000000001,19267.6159122085,0.3225702292541169,0.5185185185185185,452.8301886792452
3.37,70,10368,83.0,54.0,60.0,148.0,391.4,22516.64408163265,0.7569903406202338,0.5142857142857142,587.5370919881306
0.75,23,3790,148.0,54.0,60.0,184.0,298.4,24043.300567107744,0.7180417044424298,0.43478260869565216,800.0
3.67,91,12133,103.0,54.0,60.0,148.0,298.0,14102.111097693514,0.5924662029137682,0.4945054945054945,686.6485013623978
0.29,1,60,60.0,60.0,60.0,60.0,60.0,0.0,0.0,1.0,206.89655172413796
0.99,25,3673,112.0,54.0,60.0,148.0,280.6000000000001,28945.1936,0.514639175257732,0.44,666.6666666666666
6.64,140,24990,112.0,54.0,60.0,148.0,330.80000000000024,66126.49285714286,0.4360418342719228,0.4785714285714286,587.3493975903615
1.44,33,6893,112.0,54.0,60.0,220.0,499.00000000000006,59174.409550045915,0.4619300106044539,0.45454545454545453,625.0
1.34,20,2486,86.0,54.0,54.0,112.0,177.8000000000004,16372.509999999998,0.9391575663026521,0.5,447.76119402985074
9.78,219,29984,83.0,54.0,60.0,148.0,282.4000000000002,27178.060966201712,0.4992,0.502283105022831,625.7668711656443
0.08,1,256,256.0,256.0,256.0,256.0,256.0,0.0,256,0.0,0.0
9.47,186,27077,112.0,54.0,55.5,184.0,299.0,20431.330356110535,0.6447184595760189,0.4731182795698925,551.2143611404434
3.21,53,8981,112.0,54.0,60.0,184.0,264.80000000000007,54387.15343538628,0.5505870165745856,0.4716981132075472,448.59813084112153
3.52,72,13978,112.0,54.0,60.0,184.0,434.9999999999998,76804.73070987653,0.47696534234995774,0.4444444444444444,545.4545454545455
2.85,52,7640,97.5,54.0,60.0,184.0,296.5,25914.032544378697,0.7203332582751633,0.5,505.2631578947368
1.69,28,3221,89.0,54.0,58.5,148.0,237.40000000000003,6277.963010204081,1.0555201021059348,0.5,497.0414201183432
2.88,87,16162,83.0,54.0,60.0,148.0,309.8000000000002,95104.45289998678,0.31312967175820605,0.5287356321839081,875.0
2.53,60,16853,112.0,54.0,60.0,259.25,705.3000000000013,183101.90305555562,0.23910006617160504,0.43333333333333335,616.600790513834
3.2,60,9258,101.5,54.0,58.5,148.0,268.6,39544.17666666667,0.4805693267231729,0.5,543.75
5.38,124,15346,71.5,54.0,54.0,126.25,220.0,19332.48985431842,0.6013774392152771,0.5241935483870968,691.4498141263941
3.02,61,8822,83.0,54.0,60.0,184.0,299.0,22058.890620800867,0.6842306223749522,0.5409836065573771,576.158940397351
0.8,15,1858,60.0,54.0,60.0,220.0,220.0,6012.515555555555,0.8654618473895582,0.5333333333333333,600.0
8.33,178,28198,112.0,54.0,60.0,184.0,328.0,28936.164246938515,0.5666425912550698,0.47752808988764045,597.8391356542617
8.21,137,18842,112.0,54.0,54.0,148.0,266.4,16268.759869998403,0.6766328528207867,0.48905109489051096,489.64677222898905
8.11,158,27607,112.0,54.0,60.0,184.0,402.70000000000044,39405.81833840731,0.5191217740604193,0.4620253164556962,532.675709001233
6.13,123,18644,112.0,54.0,60.0,184.0,299.6,23228.244034635467,0.501610824742268,0.4634146341463415,548.1239804241435
1.59,39,6047,112.0,54.0,60.0,220.0,311.6,17637.99737015122,0.7203413940256046,0.4358974358974359,641.5094339622641
6.34,153,23855,112.0,54.0,60.0,184.0,325.6,21839.60715963945,0.5622134905042567,0.45098039215686275,652.9968454258676
9.32,208,33086,112.0,54.0,60.0,184.0,298.0,35047.71662352071,0.5105693284025019,0.47115384615384615,605.1502145922747
5.67,134,21968,87.0,54.0,60.0,184.0,383.6000000000001,33249.1755402094,0.40847598897223825,0.5149253731343284,645.5026455026455
1.94,33,7077,91.0,54.0,54.0,292.0,562.4000000000001,63910.91460055096,0.43607954545454547,0.5151515151515151,494.8453608247423
5.41,123,16491,83.0,54.0,60.0,148.0,296.0,11632.799524092803,0.7160249739854319,0.5040650406504065,665.43438077634
0.29,6,1145,101.0,54.0,54.0,148.0,417.5,51003.47222222222,0.3712574850299401,0.5,620.6896551724138
5.88,115,14792,83.0,54.0,54.0,148.0,287.2000000000001,15457.677580340267,0.637551201151334,0.5043478260869565,571.4285714285714
6.02,130,22779,112.0,54.0,60.0,148.0,331.2000000000003,63784.38869822486,0.4371608832807571,0.4846153846153846,598.0066445182724
1.63,46,6203,87.0,54.0,60.0,112.0,261.5,22338.34640831758,0.9748487742757084,0.5217391304347826,773.0061349693252
3.17,70,8572,83.0,54.0,60.0,133.75,271.3,12611.962448979591,0.7895615866388309,0.5142857142857142,624.6056782334385
2.49,62,7470,112.0,54.0,60.0,148.0,252.39999999999995,6801.604578563995,0.7388268156424581,0.4838709677419355,722.8915662650602
7.2,152,18163,112.0,54.0,54.0,148.0,265.00000000000006,8244.447325138506,0.6270715757412881,0.4934210526315789,616.6666666666666
4.12,95,14809,112.0,54.0,60.0,184.0,349.6000000000003,19373.09185595568,0.6354500276090558,0.43157894736842106,582.5242718446602
5.4,115,25603,112.0,54.0,60.0,202.0,509.40000000000066,110748.45792060492,0.294519162706037,0.43478260869565216,555.5555555555555
3.17,67,12512,112.0,54.0,60.0,243.0,354.5999999999999,50883.50278458454,0.4053689767494103,0.43283582089552236,511.04100946372245
7.15,163,25648,112.0,54.0,60.0,184.0,298.0,25563.343972298546,0.6648059197715176,0.48466257668711654,612.5874125874126
2.64,63,9304,112.0,54.0,60.0,166.0,322.0000000000001,17047.676996724622,0.5626469600268726,0.4603174603174603,659.090909090909
7.59,157,29432,112.0,54.0,60.0,184.0,472.0,66815.9685179926,0.3950798691757122,0.4840764331210191,553.3596837944664
1.71,33,4757,112.0,54.0,60.0,148.0,267.8,12317.401285583104,0.9112093210124548,0.3939393939393939,456.140350877193
5.23,156,60877,112.0,54.0,60.0,316.75,1514.0,298456.7834894806,0.15531474768944642,0.4551282051282051,791.586998087954
4.21,89,16790,112.0,54.0,60.0,148.0,338.8000000000005,75013.17081176618,0.42687176000679866,0.4606741573033708,541.5676959619952
4.55,100,16229,112.0,54.0,60.0,220.0,328.0,25114.245899999998,0.7261221016804935,0.47,606.5934065934066
8.09,153,27768,112.0,54.0,60.0,256.0,425.60000000000036,36865.63552479815,0.6450236966824645,0.47058823529411764,533.9925834363412
2.32,47,8082,83.0,54.0,60.0,166.0,386.79999999999995,42152.59393390674,0.9564270152505446,0.5106382978723404,568.9655172413794
0.42,13,3180,112.0,54.0,54.0,184.0,508.80000000000024,117669.77514792899,0.16058394160583941,0.38461538461538464,714.2857142857142
4.16,68,13299,115.5,54.0,60.0,259.25,482.8000000000002,33629.597534602086,0.8589600223651104,0.45588235294117646,447.11538461538464
8.91,152,25012,112.0,54.0,60.0,184.0,360.4000000000002,33327.14196675901,0.4728536097043929,0.4605263157894737,471.3804713804714
6.22,122,20771,112.0,54.0,60.0,211.0,378.30000000000007,34648.15674549853,0.6317856862282976,0.4672131147540984,530.5466237942122
6.75,150,26293,112.0,54.0,60.0,220.0,400.0,34405.057822222225,0.5423828239572945,0.49333333333333335,604.4444444444445
7.85,152,25626,112.0,54.0,60.0,220.0,325.10000000000014,39715.912569252076,0.5963371332461223,0.4934210526315789,527.3885350318471
0.1,7,1052,148.0,54.0,54.0,207.0,290.8,10399.346938775512,0.41778975741239893,0.42857142857142855,1799.9999999999998
5.15,90,14001,112.0,54.0,55.5,175.0,301.90000000000026,29032.712222222224,0.5251633986928105,0.4888888888888889,489.3203883495145
1.71,40,4897,83.0,54.0,54.0,148.0,270.00000000000006,8220.894375,0.5853026869537067,0.5,701.7543859649122
6.77,224,126370,220.0,54.0,60.0,1509.0,1509.0,393112.18231823976,0.1032441681799134,0.375,709.0103397341212
7.65,160,27994,112.0,54.0,60.0,256.0,331.5999999999998,32302.17359375,0.7542298533650833,0.4625,549.0196078431372
9.77,235,49324,112.0,54.0,60.0,292.0,472.0,53088.75371661386,0.563756261492613,0.4595744680851064,663.2548618219038
5.56,102,17190,112.0,54.0,60.0,256.0,360.4000000000002,26981.700115340256,0.5607408752496822,0.45098039215686275,496.40287769784175
5.6,124,18091,87.0,54.0,60.0,148.0,299.4,24778.07771852237,0.6961372585786612,0.5080645161290323,621.4285714285714
0.48,19,2248,83.0,54.0,57.0,112.0,171.79999999999993,13802.005540166207,0.3453022142429683,0.5789473684210527,1125.0
1.06,33,4496,112.0,54.0,60.0,148.0,264.8,15244.607897153352,0.5026737967914439,0.45454545454545453,849.0566037735849
0.0,1,297,297.0,297.0,297.0,297.0,297.0,0.0,0.0,0.0,0
3.23,61,8611,112.0,54.0,54.0,148.0,325.0,15805.612469766194,0.5762401610836537,0.47540983606557374,538.6996904024768
3.69,95,16467,112.0,54.0,60.0,184.0,452.2000000000002,28975.1075900277,0.5408440160943202,0.4631578947368421,715.4471544715448
4.0,86,13380,109.0,54.0,60.0,184.0,298.0,24387.685235262303,0.5522041763341067,0.47674418604651164,585.0
6.13,130,22445,112.0,54.0,60.0,247.0,401.5000000000001,32144.887869822483,0.37185991076340075,0.4307692307692308,508.9722675367047
3.7,76,13413,112.0,54.0,60.0,229.0,394.5,40328.09193213296,0.7054036872218691,0.4473684210526316,551.3513513513514
4.45,91,14892,112.0,54.0,60.0,220.0,391.0,23577.436782997218,0.5089674739081974,0.4725274725274725,552.8089887640449
8.29,157,33400,112.0,54.0,60.0,180.0,551.8000000000002,95885.56874518236,0.3995977204156889,0.4585987261146497,513.8721351025332
9.67,340,177319,148.0,54.0,60.0,1514.0,1514.0,386381.57282871974,0.08071918330031998,0.3735294117647059,756.9803516028957
3.6,66,12375,112.0,54.0,60.0,247.0,508.0,43813.52272727273,0.6489007328447701,0.4696969696969697,516.6666666666666
1.85,28,4453,112.0,54.0,60.0,202.0,321.70000000000005,17963.60586734694,0.7593836428289213,0.4642857142857143,421.6216216216216
8.19,166,39429,112.0,54.0,60.0,268.25,477.5,107698.58676876177,0.38187362001892544,0.43373493975903615,527.4725274725275
5.95,130,23756,112.0,54.0,60.0,266.75,359.5000000000004,32168.854674556213,0.6077422847861397,0.46923076923076923,584.8739495798319
0.75,23,3982,83.0,54.0,60.0,148.0,385.6,48971.59168241967,0.36136752136752137,0.5652173913043478,880.0
4.51,95,16200,112.0,54.0,60.0,202.0,402.40000000000055,30362.565096952912,0.538315449624917,0.49473684210526314,572.0620842572063
5.46,121,17058,91.0,54.0,60.0,148.0,298.0,20392.652277849877,0.523852063605503,0.5041322314049587,615.3846153846154
5.39,99,22407,112.0,54.0,60.0,240.5,545.2000000000002,93053.07070707071,0.26336265223274696,0.4444444444444444,478.6641929499072
8.55,188,42164,112.0,54.0,60.0,184.0,436.0,124328.24264373018,0.3631190999612052,0.46808510638297873,582.4561403508771
2.16,65,8486,83.0,54.0,60.0,148.0,290.8,12863.724023668638,0.7902953586497891,0.5076923076923077,805.5555555555554
4.82,116,16986,112.0,54.0,60.0,148.0,355.5,24685.314209274675,0.5498175182481752,0.47413793103448276,672.1991701244813
1.4,46,5948,112.0,54.0,60.0,148.0,244.5,12593.429111531192,0.6586726157278304,0.4782608695652174,900.0000000000001
2.67,56,9314,112.0,54.0,60.0,148.0,312.5,65095.0038265306,0.4959845807902345,0.4642857142857143,584.2696629213483
0.09,5,606,112.0,56.4,60.0,112.0,205.60000000000002,5996.16,0.37727272727272726,0.4,1333.3333333333333
1.19,24,2949,112.0,54.0,60.0,148.0,213.39999999999998,7586.109375,0.8305400372439479,0.4583333333333333,554.6218487394958
1.04,29,3730,112.0,54.0,60.0,148.0,205.5999999999999,14051.131985731268,0.7829827915869981,0.4827586206896552,807.6923076923077
2.58,47,6670,112.0,54.0,60.0,184.0,302.4,12479.311905839742,0.7226239669421488,0.425531914893617,465.1162790697674
6.74,143,24606,112.0,54.0,60.0,238.0,395.79999999999995,33560.10699789721,0.6064503492851081,0.46853146853146854,596.4391691394659
4.28,86,16560,87.0,54.0,60.0,175.0,454.0,71623.31638723635,0.43637782982045276,0.5116279069767442,546.7289719626168
0.54,9,1378,60.0,54.0,54.0,220.0,320.8,16736.0987654321,0.625,0.5555555555555556,555.5555555555555
6.8,123,23131,112.0,54.0,60.0,220.0,398.4,43825.40326525217,0.4465011569007567,0.44715447154471544,458.82352941176475
5.79,108,24211,112.0,54.0,60.0,297.25,509.3,66351.27460562413,0.4621935016306317,0.4537037037037037,476.6839378238342
5.21,878,915817,1514.0,54.0,60.0,1514.0,1514.0,451279.4037351923,0.02387010797503762,0.25740318906605925,2568.1381957773515
7.86,145,27175,112.0,54.0,60.0,220.0,441.4,53367.511533888224,0.729349624538628,0.47586206896551725,511.4503816793893
4.75,89,22954,148.0,54.0,60.0,364.0,574.4,74722.1492235829,0.8313387585766715,0.43820224719101125,492.63157894736844
7.85,155,26645,112.0,54.0,60.0,256.0,400.0,25043.751925078042,0.9196685878962536,0.4645161290322581,550.3184713375796
8.64,155,33745,112.0,54.0,60.0,285.0,497.1999999999998,69823.28990634755,0.5946035346375579,0.4838709677419355,499.99999999999994
6.97,195,55711,112.0,54.0,57.0,292.0,840.7999999999993,170633.30845496384,0.22288561582193736,0.4512820512820513,757.532281205165
2.26,40,5778,112.0,54.0,60.0,148.0,303.1000000000001,21574.347499999996,0.5269556025369979,0.45,477.87610619469035
2.74,55,7048,112.0,54.0,60.0,184.0,281.20000000000005,8656.997024793389,0.7699648417880463,0.45454545454545453,547.4452554744526
2.66,83,16737,112.0,54.0,60.0,248.0,362.2,79294.08274060095,0.3460672350008043,0.4578313253012048,789.4736842105262
2.15,50,9713,130.0,54.0,60.0,265.0,367.40000000000003,39765.792400000006,0.8213013313332084,0.44,613.953488372093
6.18,198,77931,112.0,54.0,55.5,355.0,1509.0,297029.908402204,0.13703147113322342,0.4696969696969697,834.9514563106796
0.11,5,1278,328.0,56.4,60.0,328.0,436.0,30618.24,2.2938144329896906,0.4,1090.909090909091
2.51,58,10129,97.5,54.0,60.0,256.0,360.40000000000043,25722.12752675386,0.5501989592898684,0.5,621.5139442231076
1.33,34,13828,148.0,54.0,54.0,468.25,1508.0,279442.9723183391,0.11408314534321624,0.4411764705882353,676.6917293233082
7.08,150,28660,112.0,54.0,60.0,256.0,439.1999999999998,47985.83555555555,0.45556119857795835,0.4866666666666667,584.7457627118644
0.19,8,2176,112.0,54.0,58.5,133.0,555.9999999999998,219375.0,0.11247443762781185,0.375,947.3684210526316
6.0,111,21956,112.0,54.0,60.0,231.5,496.0,47716.086843600344,0.4469487280875181,0.42342342342342343,470.0
2.16,44,9986,112.0,54.0,60.0,258.75,582.4000000000009,91739.0888429752,0.81332849101144,0.4772727272727273,527.7777777777777
7.92,168,31552,112.0,54.0,60.0,220.0,445.30000000000035,60468.047052154194,0.4140635503966298,0.4880952380952381,568.1818181818181
1.45,30,4302,101.5,54.0,60.0,184.0,331.50000000000006,13749.840000000002,0.5260730755587087,0.5,579.3103448275862
3.0,74,12838,112.0,54.0,60.0,220.0,441.20000000000005,24921.92549306063,0.5078693915903219,0.44594594594594594,660.0
2.55,60,10423,112.0,54.0,60.0,220.0,455.8,27955.26972222222,0.5535847369205544,0.4666666666666667,658.8235294117648
3.95,185,146409,544.0,54.0,60.0,1514.0,1514.0,470155.7643243242,0.04623443071624065,0.2810810810810811,789.8734177215189
1.4,33,7050,112.0,54.0,54.0,184.0,620.8000000000003,99091.92837465566,0.18130026809651476,0.45454545454545453,642.8571428571429
4.58,94,18137,112.0,54.0,60.0,211.0,397.6,67289.66738343141,0.3032262700294604,0.425531914893617,524.0174672489082
4.62,119,17306,83.0,54.0,57.0,148.0,384.6,28709.555822328937,0.4917679510387036,0.5126050420168067,740.2597402597403
1.04,22,4407,112.0,60.0,60.0,337.0,435.6,38954.126033057844,0.5688857244571022,0.4090909090909091,519.2307692307693
3.26,65,11528,112.0,54.0,60.0,283.0,432.8,30799.059408284025,0.43561643835616437,0.49230769230769234,533.7423312883436
8.97,197,30397,112.0,54.0,60.0,184.0,310.60000000000014,29699.032131722022,0.6296911859318035,0.47715736040609136,615.3846153846152
1.57,45,7651,83.0,54.0,60.0,220.0,316.80000000000007,35313.35506172838,0.6137945581101033,0.5777777777777777,802.5477707006369
4.95,109,19098,112.0,54.0,60.0,220.0,403.00000000000006,39860.093089807255,0.5838447503731962,0.44954128440366975,593.9393939393939
9.03,207,57276,112.0,54.0,60.0,319.0,622.0000000000001,142486.2986767486,0.33327125864196094,0.4492753623188406,598.0066445182724
6.98,125,26767,112.0,54.0,60.0,256.0,504.4000000000001,70786.357504,0.31876632014583434,0.424,455.58739255014325
3.44,64,11563,112.0,54.0,60.0,193.0,383.6000000000001,56985.189208984375,0.6702296692185469,0.484375,523.2558139534884
2.59,57,8800,91.0,54.0,60.0,184.0,278.99999999999994,35957.35980301631,0.5347052668294384,0.5087719298245614,602.3166023166024
0.38,6,648,86.0,54.0,55.5,139.0,184.0,3716.0,1.025,0.5,473.6842105263158
5.36,91,15063,112.0,54.0,60.0,182.5,329.0,38785.941552952536,0.4922726372102239,0.43956043956043955,447.76119402985074
8.1,174,32898,112.0,54.0,60.0,184.0,425.2000000000006,62631.62742766547,0.4859078590785908,0.4540229885057471,577.7777777777778
2.5,43,6091,112.0,54.0,60.0,184.0,296.0,10335.29691725257,0.7742499271773958,0.4186046511627907,432.0
3.48,84,20550,112.0,54.0,60.0,258.5,508.0,112884.20578231293,0.26875347286534546,0.4523809523809524,620.6896551724137
4.03,106,18267,101.5,54.0,60.0,256.0,364.0,31659.579654681373,0.5588837685611879,0.5,714.6401985111662
1.23,23,5561,112.0,54.0,60.0,328.0,522.0000000000001,92102.86578449905,0.24658148397220353,0.391304347826087,439.0243902439024
1.63,27,5574,83.0,54.0,60.0,238.0,570.0000000000006,62955.432098765436,0.687046004842615,0.5925925925925926,441.717791411043
5.02,118,29254,112.0,54.0,60.0,220.0,554.8,140884.128411376,0.31591021546489134,0.4406779661016949,609.5617529880479
9.78,218,38298,112.0,54.0,60.0,184.0,388.80000000000007,54901.6858850265,0.6740099659061106,0.481651376146789,625.7668711656443
3.14,68,10793,112.0,54.0,60.0,184.0,380.2000000000002,22593.524870242214,0.8599000516973979,0.45588235294117646,592.3566878980891
2.13,49,6759,83.0,54.0,54.0,148.0,266.4,18991.894210745522,0.4789934354485777,0.5102040816326531,647.8873239436621
8.76,198,30904,112.0,54.0,60.0,184.0,328.0,28027.336904397518,0.621576240948683,0.494949494949495,623.2876712328767
3.71,63,10950,112.0,54.0,54.0,148.0,431.80000000000007,51737.61451247164,0.4143632136398863,0.4444444444444444,452.8301886792453
7.14,141,23016,112.0,54.0,60.0,184.0,298.0,37194.7891957145,0.5036257921212517,0.46099290780141844,537.8151260504202
7.03,170,28812,112.0,54.0,60.0,175.0,298.0,53583.37910034602,0.43793981134900434,0.45294117647058824,640.1137980085348
4.37,99,18842,83.0,54.0,60.0,184.0,443.2000000000001,66734.60259157229,0.4489387880652107,0.5050505050505051,659.0389016018306
1.72,55,7588,91.0,54.0,60.0,148.0,295.0,17857.635041322315,0.4808743169398907,0.509090909090909,872.0930232558139
9.35,193,33773,112.0,54.0,60.0,184.0,332.80000000000007,45750.29004805499,0.5138733246671747,0.47668393782383417,571.1229946524064
6.07,146,24285,112.0,54.0,60.0,184.0,437.5,33123.88051229124,0.5494799974478403,0.4863013698630137,662.2734761120264
2.01,56,9833,112.0,54.0,60.0,184.0,367.5,49829.24202806122,0.6737021276595745,0.4642857142857143,776.1194029850748
0.97,32,6828,112.0,54.0,58.5,283.0,463.40000000000015,67551.734375,0.3462145110410095,0.40625,804.1237113402062
1.61,35,7580,83.0,54.0,60.0,202.0,446.8,89854.5306122449,0.27932489451476794,0.5142857142857142,596.2732919254659
6.9,126,22068,112.0,54.0,60.0,148.0,390.0,49288.4716553288,0.43261490521942353,0.4523809523809524,486.95652173913044
2.75,59,8723,91.0,54.0,60.0,184.0,364.0,22388.095374892277,0.6947736545560521,0.5084745762711864,610.909090909091
7.41,131,24308,112.0,54.0,60.0,220.0,391.0,50890.536798554866,0.4876376988984088,0.4580152671755725,469.6356275303644
6.89,137,22505,112.0,54.0,60.0,184.0,328.0,40026.78107517715,0.5030388031790556,0.46715328467153283,548.6211901306241
2.22,38,7129,112.0,54.0,60.0,184.0,371.80000000000103,68118.44944598337,0.9869007803790413,0.47368421052631576,459.4594594594594
5.22,100,14036,112.0,54.0,54.0,148.0,297.1,30738.4304,0.637806301050175,0.49,551.7241379310345
9.85,202,33819,112.0,54.0,60.0,184.0,364.0,35323.98630036272,0.5855876975010549,0.4900990099009901,572.5888324873097
9.9,234,39800,87.0,54.0,60.0,184.0,313.4000000000004,57713.39440426619,0.46755162241887904,0.5042735042735043,648.4848484848485
2.22,40,6677,112.0,54.0,60.0,193.0,363.1,25544.219375,0.5488285780561355,0.475,513.5135135135134
1.27,25,4151,112.0,54.0,60.0,184.0,365.8,26255.078400000002,0.9570957095709571,0.48,566.9291338582677
4.81,94,15944,112.0,54.0,60.0,184.0,353.2000000000001,41222.30013580805,0.42701154569050387,0.46808510638297873,523.9085239085239
8.75,212,29686,83.0,54.0,60.0,148.0,297.0,27165.470897116415,0.5736019082957858,0.5094339622641509,685.7142857142857
7.12,151,27090,112.0,54.0,60.0,202.0,458.0,44462.05534844963,0.4582548312429348,0.45695364238410596,564.6067415730337
3.36,69,10013,112.0,54.0,60.0,184.0,283.40000000000003,20876.305398025626,0.5416474210931486,0.4782608695652174,589.2857142857142
2.61,57,9208,112.0,54.0,60.0,220.0,306.4,24082.38842720837,0.7026627218934911,0.45614035087719296,597.7011494252874
5.1,87,14176,112.0,54.0,60.0,184.0,378.4000000000002,31421.548421191696,0.48470883954754923,0.4482758620689655,458.82352941176475
3.42,88,45148,166.0,54.0,60.0,1448.0,1508.0,366535.1570247934,0.09790379845338262,0.38636363636363635,596.4912280701755
3.92,93,16013,112.0,54.0,60.0,184.0,312.4,49549.89131691526,0.6474279835390947,0.4946236559139785,627.5510204081634
6.78,159,33525,112.0,54.0,60.0,256.0,472.0,75908.45520351252,0.5499306518723994,0.4716981132075472,637.1681415929204
5.46,123,35422,112.0,54.0,60.0,303.0,844.8,160932.01599576973,0.4106168611365537,0.4878048780487805,637.3626373626374
8.57,226,59165,112.0,54.0,60.0,256.0,615.0,151236.28860913147,0.3296700827040633,0.4646017699115044,693.1155192532088
8.91,177,32007,112.0,54.0,60.0,220.0,368.0000000000001,43472.231159628456,0.4960736655136954,0.4576271186440678,531.986531986532
0.44,11,2586,112.0,60.0,60.0,166.0,472.0,111849.7190082645,3.520979020979021,0.45454545454545453,681.8181818181819
5.58,131,28906,112.0,54.0,60.0,256.0,400.0,93533.79803041778,0.36188457008244995,0.4351145038167939,602.1505376344086
8.28,197,49947,112.0,54.0,60.0,328.0,583.2,85565.16225617769,0.5758637008991955,0.4517766497461929,615.9420289855074
0.96,34,6595,112.0,54.0,60.0,220.0,359.59999999999997,55842.38148788927,1.126733311834892,0.4117647058823529,875.0
7.94,165,37334,112.0,54.0,60.0,263.0,530.1999999999998,96127.79555555555,0.4592714196372733,0.46060606060606063,566.7506297229219
3.96,75,16479,112.0,54.0,60.0,166.0,349.6000000000003,112730.54826666665,0.3735933983495874,0.44,500.0
9.88,217,43497,112.0,54.0,60.0,256.0,375.60000000000014,71804.91078595849,0.4999482740784165,0.4792626728110599,595.1417004048583
6.57,118,23370,97.5,54.0,60.0,220.0,444.69999999999993,72489.92961792587,0.6677371012631128,0.5,493.1506849315069
1.47,25,4757,83.0,54.0,54.0,220.0,390.40000000000015,67840.6816,0.2644869750132908,0.56,489.7959183673469
7.54,163,24325,112.0,54.0,60.0,184.0,307.60000000000014,15859.160374872969,0.5648118366034095,0.4539877300613497,564.9867374005305
0.42,3,211,60.0,60.0,60.0,75.5,84.8,213.55555555555557,0.7583333333333333,1.0,285.7142857142857
1.79,41,8926,112.0,54.0,60.0,220.0,571.0,73428.93872694824,0.3592203441449673,0.4146341463414634,536.3128491620112
5.09,134,24231,112.0,54.0,60.0,220.0,385.70000000000005,48774.84367342392,0.5056857018579507,0.4701492537313433,695.4813359528488
4.51,106,18849,83.0,54.0,60.0,184.0,319.5,72827.10938056248,0.35956433929601844,0.5283018867924528,665.1884700665189
7.4,158,31168,112.0,54.0,60.0,292.0,457.30000000000024,39157.65085723442,0.6957562568008705,0.43670886075949367,559.4594594594595
2.82,48,12612,60.0,54.0,54.0,292.0,598.0000000000008,144573.97916666666,0.26271525830997194,0.5208333333333334,531.9148936170212
5.26,116,18777,112.0,54.0,60.0,193.0,414.0,20135.647071938172,0.7087087087087087,0.47413793103448276,627.3764258555134
8.51,158,23998,107.5,54.0,60.0,148.0,336.4000000000003,26664.455375741072,0.4892639940424476,0.4936708860759494,521.7391304347826
5.98,137,22391,112.0,54.0,60.0,184.0,359.80000000000007,30113.005274655014,0.6518627812615271,0.46715328467153283,622.0735785953177
8.23,164,30117,112.0,54.0,60.0,157.0,382.90000000000043,68788.52301457466,0.42992118507264265,0.4634146341463415,532.1992709599027
6.19,132,18363,112.0,54.0,60.0,148.0,292.0,20080.040117079894,0.6463152232383002,0.49242424242424243,581.5831987075928
0.1,3,180,60.0,60.0,60.0,60.0,60.0,0.0,0.0,1.0,1799.9999999999998
1.14,32,4766,112.0,54.0,58.5,221.25,298.3,9929.62109375,0.42780107849011384,0.40625,684.2105263157895
2.4,58,11382,97.5,54.0,60.0,211.0,409.60000000000014,69524.49346016646,0.4435003170577045,0.5,675.0
2.07,44,7331,112.0,54.0,60.0,157.0,422.10000000000025,33471.87345041323,0.7567697100407381,0.45454545454545453,579.7101449275362
6.02,124,19564,112.0,54.0,60.0,193.0,299.0,25714.787721123834,0.5056179775280899,0.4435483870967742,528.2392026578074
9.46,191,42957,112.0,54.0,60.0,218.0,400.0,123424.64033332422,0.31334841628959276,0.450261780104712,532.76955602537
1.91,26,4643,112.0,54.0,55.5,175.0,539.0,32482.167159763303,0.5369083085071168,0.46153846153846156,376.9633507853403
9.62,160,25376,112.0,54.0,60.0,184.0,300.99999999999983,27827.839999999997,0.7524861878453039,0.48125,474.012474012474
9.91,200,32316,112.0,54.0,60.0,184.0,298.0,35621.5936,0.5809402671102196,0.48,569.1220988900101
8.52,192,31327,87.0,54.0,60.0,148.0,352.70000000000016,44126.26038953993,0.5638478434504792,0.5052083333333334,605.6338028169015
5.83,124,16657,112.0,54.0,60.0,148.0,292.0,15171.430996357962,0.645298301066772,0.49193548387096775,607.2041166380789
7.54,153,19520,78.0,54.0,54.0,148.0,296.00000000000006,14573.289076850782,0.6130898272870011,0.5359477124183006,596.8169761273209
8.07,179,28341,83.0,54.0,57.0,148.0,310.4000000000002,54062.276832807955,0.5651093439363817,0.5251396648044693,631.9702602230483
6.22,131,16628,112.0,54.0,54.0,148.0,256.0,11759.575432667092,0.6056392429509463,0.48091603053435117,607.7170418006432
1.31,35,3853,112.0,54.0,60.0,148.0,205.60000000000005,4019.6783673469386,0.8286663502610346,0.45714285714285713,732.824427480916
6.25,143,26002,112.0,54.0,60.0,166.0,386.3999999999999,70885.28651767812,0.4019517981344692,0.46853146853146854,633.6
4.26,75,13675,112.0,54.0,60.0,184.0,421.6000000000003,46318.56888888889,0.531869609051193,0.4666666666666667,492.9577464788733
0.24,4,560,104.0,60.0,60.0,184.0,248.8,8992.0,3.6666666666666665,0.5,500.0
0.18,5,1290,148.0,56.4,60.0,184.0,580.0,88358.4,0.18566176470588236,0.4,666.6666666666666
8.27,192,28296,112.0,54.0,60.0,148.0,299.70000000000005,27122.682291666668,0.6112977620864416,0.484375,638.4522370012091
3.66,64,11140,112.0,54.0,60.0,229.0,363.1,30590.52734375,0.535916172618227,0.46875,459.0163934426229
6.85,138,22713,112.0,54.0,60.0,184.0,404.69999999999993,33223.48881537493,0.5606018963858733,0.47101449275362317,551.8248175182482
7.95,164,35005,112.0,54.0,58.5,220.0,472.0,96416.47869571683,0.3354060962118033,0.4878048780487805,566.0377358490566
5.33,123,22178,112.0,54.0,60.0,184.0,378.79999999999995,58212.63626148457,0.4655388885217736,0.4796747967479675,630.3939962476547
5.6,112,18531,112.0,54.0,60.0,184.0,377.5000000000001,32474.283721301017,0.7005597870973662,0.49107142857142855,589.2857142857143
4.67,79,9392,112.0,54.0,54.0,123.0,273.80000000000007,8800.252844095497,0.562988850058246,0.4810126582278481,488.2226980728051
1.44,35,3963,112.0,54.0,57.0,112.0,191.2000000000001,8945.147755102043,0.758988015978695,0.4857142857142857,708.3333333333334
7.64,173,21907,91.0,54.0,60.0,112.0,266.8,19927.782217915727,0.5852811346696577,0.5028901734104047,659.6858638743456
3.24,77,13428,112.0,54.0,60.0,148.0,294.0,72700.00404790015,0.39352428393524286,0.44155844155844154,629.6296296296296
5.65,112,17487,112.0,54.0,54.0,220.0,298.9,19558.830277423465,0.38940092165898615,0.4642857142857143,552.2123893805309
1.84,32,6225,112.0,54.0,60.0,266.5,402.3,38942.4990234375,0.7550042289258528,0.46875,489.1304347826087
3.23,77,34779,112.0,54.0,60.0,442.0,1509.0,345118.89458593354,0.09481537444517896,0.4025974025974026,538.6996904024768
8.32,166,25723,83.0,54.0,60.0,148.0,382.0,30164.184968790836,0.6449034403376391,0.5120481927710844,555.2884615384615
0.37,4,863,148.0,71.4,97.5,266.25,414.30000000000007,31573.1875,0.2381635581061693,0.25,162.16216216216216
2.98,60,10306,97.5,54.0,60.0,184.0,304.30000000000007,46176.07888888889,0.612580190893444,0.5,563.758389261745
3.14,64,10389,112.0,54.0,60.0,184.0,318.7000000000001,31162.064208984375,0.6340044039005976,0.484375,554.140127388535
3.91,66,9859,112.0,54.0,60.0,175.0,306.0,24491.265610651975,0.7226978857242705,0.45454545454545453,460.35805626598466
4.37,84,14425,112.0,54.0,60.0,184.0,369.3000000000002,51674.57979024942,0.4993243945535807,0.47619047619047616,521.7391304347826
0.15,5,737,60.0,54.0,54.0,148.0,311.8,19988.64,0.17170111287758347,0.6,1200.0
2.84,58,8863,112.0,54.0,60.0,148.0,259.00000000000006,41969.0157550535,0.5486632884850603,0.46551724137931033,570.4225352112676
4.42,89,12886,83.0,54.0,60.0,184.0,304.00000000000006,19959.718469890166,0.5083694252604471,0.5056179775280899,556.5610859728506
4.45,87,13459,83.0,54.0,60.0,184.0,298.0,28925.54287224204,0.8007760235483008,0.5172413793103449,552.8089887640449
6.59,134,22867,112.0,54.0,60.0,211.0,364.0,41178.571006905775,0.6727871250914411,0.4925373134328358,582.701062215478
1.0,11,1693,112.0,54.0,54.0,166.0,268.0,23546.99173553719,0.2402930402930403,0.45454545454545453,300.0
7.76,164,27827,112.0,54.0,60.0,157.0,391.0,43513.0114143367,0.5275292309381348,0.4573170731707317,579.8969072164949
3.05,78,13792,112.0,54.0,60.0,220.0,356.7999999999997,38035.19855358317,0.48684777921517897,0.4230769230769231,649.1803278688525
8.5,200,45410,112.0,54.0,60.0,220.0,483.59999999999985,117208.4475,0.28592869481494065,0.48,635.2941176470588
6.49,107,15858,91.0,54.0,60.0,148.0,359.20000000000005,22810.051183509477,0.6178330952866762,0.5046728971962616,489.9845916795069
6.1,130,20959,83.0,54.0,60.0,148.0,298.1,52162.68100591716,0.4385037748798902,0.5153846153846153,600.0000000000001
2.14,53,8689,112.0,54.0,60.0,184.0,380.20000000000044,27264.5817016732,0.531641106998061,0.4339622641509434,644.8598130841121
3.82,58,7450,75.5,54.0,54.0,148.0,293.5,10863.07491082045,0.5851063829787234,0.5172413793103449,455.4973821989529
6.76,132,29440,112.0,54.0,58.5,193.0,556.9,112665.63544536274,0.32546936202782406,0.4772727272727273,532.5443786982248
6.63,117,19562,112.0,54.0,60.0,161.0,405.6000000000001,41356.79041566221,0.5788539144471347,0.47863247863247865,506.7873303167421
5.84,119,14120,112.0,54.0,54.0,148.0,282.40000000000003,7851.688016383022,0.6751690592003796,0.4957983193277311,585.6164383561644
0.64,12,1179,60.0,54.0,54.0,121.0,148.0,3933.3541666666665,0.5492772667542707,0.5833333333333334,656.25
7.97,161,22321,112.0,54.0,60.0,148.0,292.0,16472.255314223985,0.572233570472635,0.4658385093167702,564.6173149309913
4.52,110,17794,112.0,54.0,60.0,184.0,345.2000000000003,26008.398677685953,0.6033519553072626,0.43636363636363634,623.8938053097346
3.24,71,10651,91.0,54.0,60.0,184.0,391.0,18980.830787542156,0.502892620290673,0.5070422535211268,611.1111111111111
7.03,303,215973,220.0,54.0,60.0,1514.0,1514.0,472280.4542038362,0.05441150623938133,0.33663366336633666,844.9502133712659
7.81,191,28731,83.0,54.0,60.0,184.0,379.0,21098.736383322823,0.6366277413842211,0.518324607329843,683.7387964148528
5.79,134,24682,112.0,54.0,60.0,220.0,502.6,39059.39518823792,0.6180673921594336,0.4701492537313433,621.761658031088
2.74,74,10944,112.0,54.0,60.0,175.0,313.80000000000007,19562.934258582907,0.800296101332456,0.4594594594594595,722.6277372262773
8.49,185,39435,112.0,54.0,60.0,267.0,527.7999999999998,67531.44397370344,0.6148648648648649,0.4810810810810811,600.7067137809187
5.06,83,14409,83.0,54.0,60.0,256.0,423.2,26081.709391784003,0.6969732658108586,0.5180722891566265,450.59288537549406
4.16,90,22260,112.0,54.0,60.0,256.0,581.5000000000001,118185.97777777778,0.3985926112088464,0.4444444444444444,576.9230769230769
3.09,61,13416,112.0,54.0,60.0,256.0,400.0,91978.68422467078,0.36313757366388943,0.45901639344262296,524.2718446601942
0.05,1,256,256.0,256.0,256.0,256.0,256.0,0.0,256,0.0,0.0
8.06,173,32769,112.0,54.0,60.0,220.0,449.6000000000002,53797.52621203515,0.5595374071958881,0.45664739884393063,580.6451612903226
0.83,21,3419,112.0,54.0,60.0,148.0,328.0,37579.011337868484,1.0242747187685022,0.47619047619047616,722.8915662650603
2.75,51,9760,112.0,54.0,60.0,256.0,472.0,36500.35140330642,0.5355569540591567,0.45098039215686275,501.81818181818187
6.9,141,28930,112.0,54.0,60.0,268.0,536.0,55146.89764096374,0.35579716936920047,0.475177304964539,547.8260869565217
2.07,53,10481,103.0,54.0,60.0,220.0,436.8000000000002,57202.03417586329,0.6469201759899434,0.49056603773584906,666.6666666666667
7.05,161,32739,112.0,54.0,60.0,292.0,436.0,42582.95976235485,0.7124699236321791,0.4658385093167702,612.7659574468086
4.82,135,27593,83.0,54.0,60.0,238.0,436.0,75656.57920438958,0.6008006033532517,0.5259259259259259,746.8879668049792
4.89,125,29471,112.0,54.0,60.0,270.0,498.4000000000003,96616.21017599996,0.7912234850787091,0.44,674.8466257668713
6.14,134,25082,107.5,54.0,54.0,220.0,439.4000000000001,50822.47538427268,0.43497911779850107,0.4925373134328358,615.6351791530944
1.91,31,4588,112.0,54.0,60.0,184.0,328.0,15236.709677419354,0.5416666666666666,0.4838709677419355,471.20418848167543
1.1,19,3753,148.0,54.0,57.0,225.0,425.5999999999998,43444.880886426596,0.22048780487804878,0.42105263157894735,436.3636363636364
0.04,6,1164,186.5,54.0,77.5,275.25,341.5,15115.0,0.28193832599118945,0.3333333333333333,3000.0
0.82,19,3996,112.0,54.0,57.0,276.5,471.9999999999999,47453.90027700832,0.21755027422303475,0.47368421052631576,658.5365853658537
3.66,81,18095,148.0,54.0,60.0,292.0,486.0,71824.60935832952,0.4442493415276558,0.4074074074074074,540.983606557377
9.41,182,36232,101.5,54.0,60.0,184.0,477.8000000000002,80024.04902789516,0.48870079710740405,0.5,548.3528161530287
0.22,9,1156,60.0,54.0,60.0,112.0,260.80000000000007,13490.469135802468,0.4029126213592233,0.5555555555555556,1363.6363636363637
4.5,97,16177,112.0,54.0,60.0,184.0,386.60000000000036,38331.061961951316,0.4329878642926743,0.4536082474226804,573.3333333333334
8.66,166,24219,112.0,54.0,60.0,148.0,298.5,26059.778668892443,0.6851516838296688,0.4819277108433735,547.3441108545035
6.34,128,21378,112.0,54.0,60.0,184.0,328.0,33112.702880859375,0.5102790533380431,0.4765625,548.8958990536278
3.01,66,13576,101.5,54.0,60.0,211.0,490.0,76331.665748393,0.6003772250383119,0.5,598.0066445182724
5.57,132,20447,83.0,54.0,60.0,148.0,319.80000000000007,32619.89181588614,0.562390158172232,0.5303030303030303,678.6355475763016
4.76,108,18615,112.0,54.0,58.5,220.0,427.5,29665.91589506173,0.3876257920238539,0.49074074074074076,642.8571428571429
7.55,133,24694,112.0,54.0,60.0,225.0,356.7999999999999,59120.762733902426,0.5438574554548297,0.46616541353383456,484.76821192052984
7.41,173,31393,112.0,54.0,60.0,220.0,364.0,57563.70523572455,0.5144483573737276,0.4913294797687861,631.578947368421
9.65,229,37063,87.0,54.0,60.0,184.0,299.20000000000005,41862.39148757651,0.6767553384002896,0.519650655021834,640.4145077720208
8.41,182,39956,112.0,54.0,60.0,184.0,447.20000000000005,113700.10566356721,0.3696225962362458,0.46153846153846156,592.1521997621879
7.94,188,54335,112.0,54.0,60.0,266.25,1509.0,192835.5901708918,0.2030865974359542,0.44148936170212766,589.4206549118388
2.51,51,7637,112.0,54.0,54.0,184.0,322.0,18231.36639753941,0.36399357028040724,0.47058823529411764,573.7051792828686
8.35,245,63811,112.0,54.0,60.0,270.0,637.5999999999998,151834.41922532278,0.29633918413781896,0.4775510204081633,804.7904191616767
0.26,7,1462,112.0,54.0,57.0,322.5,409.20000000000005,30430.408163265303,0.17713365539452497,0.42857142857142855,692.3076923076924
2.69,59,8882,83.0,54.0,60.0,184.0,328.8000000000001,23481.197357081295,0.6137354651162791,0.576271186440678,624.5353159851302
6.92,143,29670,112.0,54.0,60.0,238.0,411.99999999999994,83984.02591813782,0.4497214892993257,0.44755244755244755,546.242774566474
8.99,171,31120,112.0,54.0,60.0,220.0,436.0,40632.736705311036,0.485512434961096,0.4678362573099415,520.5784204671858
1.5,23,3292,112.0,54.0,60.0,112.0,176.8,50719.591682419654,0.4683318465655665,0.4782608695652174,440.0
1.42,36,4926,112.0,54.0,60.0,148.0,256.0,16503.250000000004,0.7187718073970691,0.4444444444444444,676.0563380281691
9.12,180,26219,112.0,54.0,60.0,184.0,298.1,24271.824043209876,0.6202570757631937,0.4888888888888889,565.7894736842105
7.26,133,22954,112.0,54.0,60.0,184.0,364.0,47388.10718525637,0.4856957928802589,0.45112781954887216,495.86776859504135
1.67,29,5640,112.0,54.0,60.0,184.0,338.19999999999993,77276.24970273483,0.18937157317587516,0.4827586206896552,502.99401197604794
4.93,69,12954,112.0,54.0,60.0,184.0,393.6,66145.84499054823,0.6641829393627955,0.463768115942029,389.4523326572008
9.07,135,25754,112.0,54.0,60.0,223.0,406.6000000000001,47716.26578875173,0.6455178582838157,0.48148148148148145,403.52811466372657
6.85,156,23422,83.0,54.0,60.0,184.0,309.0,20046.45447074293,0.8204570184983678,0.5064102564102564,639.4160583941606
4.05,98,14237,94.5,54.0,60.0,184.0,298.0,17821.995522698875,0.5356487973249919,0.5,666.6666666666667
7.37,130,26624,112.0,54.0,60.0,256.0,474.1000000000002,68796.94461538462,0.3858726771120712,0.46923076923076923,488.46675712347354
6.1,142,27576,112.0,54.0,60.0,248.5,426.70000000000016,56440.56675262845,0.4832185886402754,0.47183098591549294,619.6721311475411
0.27,2,120,60.0,60.0,60.0,60.0,60.0,0.0,0.0,1.0,444.4444444444444
0.12,2,532,266.0,101.2,163.0,369.0,430.8,42436.0,7.866666666666666,0.5,500.0
8.7,193,36276,112.0,54.0,60.0,184.0,354.4000000000004,75279.16926628903,0.4588594868495134,0.47150259067357514,593.1034482758621
9.74,187,29515,112.0,54.0,60.0,184.0,364.0,25740.138293917476,0.5984294611427025,0.47058823529411764,529.7741273100617
0.52,22,3713,112.0,54.0,60.0,280.75,406.8000000000002,20169.53925619835,0.9318418314255983,0.45454545454545453,1038.4615384615386
2.19,38,4200,75.5,54.0,60.0,148.0,184.0,5035.565096952907,0.5951386251424231,0.5263157894736842,520.5479452054794
4.69,104,16090,112.0,54.0,60.0,148.0,313.4000000000001,38293.99371301775,0.4863741339491917,0.47115384615384615,601.2793176972281
4.95,96,20421,112.0,54.0,60.0,220.0,425.5,89681.66048177083,0.5749652938454419,0.4791666666666667,521.2121212121211
5.51,125,18323,112.0,54.0,60.0,184.0,297.6,20421.106943999992,0.5831173319509245,0.464,609.8003629764065
2.02,35,4766,83.0,54.0,60.0,148.0,359.8,12764.542040816325,0.6823155665372397,0.5428571428571428,504.950495049505
9.15,172,37556,112.0,54.0,60.0,256.0,464.70000000000016,90930.47133585723,0.36329316102802384,0.45348837209302323,485.24590163934425
3.41,63,11882,112.0,54.0,60.0,220.0,503.2000000000004,52217.76316452507,0.8421705426356589,0.47619047619047616,527.8592375366569
6.35,133,22150,112.0,54.0,60.0,184.0,328.0,29390.428741025502,0.6688013260001506,0.46616541353383456,566.9291338582677
9.58,174,38572,112.0,54.0,60.0,263.5,533.2000000000006,80809.75848857182,0.33921255468370254,0.42528735632183906,463.4655532359081
2.34,46,6956,97.5,54.0,60.0,148.0,378.5,20017.126654064272,0.6773571256329877,0.5,538.4615384615385
6.99,181,36752,112.0,54.0,60.0,256.0,438.0,78459.29587008942,0.4153348480764047,0.44751381215469616,695.2789699570815
1.83,32,6606,112.0,54.0,60.0,157.0,504.4000000000001,77597.93359375,0.9338407494145199,0.46875,491.80327868852453
4.13,74,10423,107.5,54.0,55.5,148.0,285.1000000000001,16778.531957633313,0.4744659782147404,0.4864864864864865,508.4745762711865
7.21,149,26907,112.0,54.0,60.0,256.0,381.60000000000036,30938.216116391155,0.5458462599103757,0.44966442953020136,540.9153952843272
2.82,51,7959,112.0,54.0,60.0,148.0,300.0,32315.976931949255,0.4489350081922447,0.47058823529411764,510.63829787234044
4.14,101,17185,83.0,54.0,60.0,256.0,400.0,25579.750220566613,0.6012858740216176,0.5148514851485149,666.6666666666667
9.6,213,54725,112.0,54.0,60.0,297.0,660.0000000000007,120060.83942780313,0.5362265951772731,0.4647887323943662,600.0
1.99,41,9214,112.0,54.0,54.0,256.0,541.0,90488.24509220703,0.3654416123295791,0.4878048780487805,603.0150753768845
8.24,151,31046,112.0,54.0,60.0,261.5,472.0,62584.676549274154,0.6322818086225026,0.4900662251655629,495.1456310679612
7.51,117,20699,83.0,54.0,54.0,184.0,400.0,44354.86448973629,0.5886867756543096,0.5384615384615384,447.40346205059916
5.81,116,18570,112.0,54.0,60.0,148.0,358.5,34174.66498216409,0.5684121621621622,0.4482758620689655,537.0051635111877
7.82,166,24905,112.0,54.0,60.0,175.0,294.5,28721.37861082886,0.6532793414763675,0.4819277108433735,606.1381074168798
8.04,172,25034,112.0,54.0,60.0,148.0,323.8,21252.212952947535,0.5527850142662201,0.4941860465116279,604.4776119402986
2.12,48,7262,112.0,54.0,60.0,157.0,302.1000000000001,21356.956597222223,0.8046719681908548,0.4375,594.3396226415094
7.81,150,33870,112.0,54.0,60.0,263.5,547.4999999999998,82267.82666666666,0.4482404754778296,0.46,514.7247119078105
8.25,174,35832,112.0,54.0,60.0,220.0,578.8000000000001,61143.63892191835,0.5514374783512297,0.4827586206896552,567.2727272727273
3.14,81,14308,112.0,54.0,60.0,184.0,364.0,52352.64959609814,0.7188851513695339,0.49382716049382713,745.2229299363057
6.07,156,24558,89.0,54.0,60.0,184.0,297.5,39928.43639053254,0.5272388059701493,0.5064102564102564,682.0428336079077
2.12,43,9480,112.0,55.2,60.0,295.0,500.8000000000002,54094.01622498648,0.4508723599632691,0.4418604651162791,537.7358490566038
5.51,115,19469,112.0,54.0,60.0,202.0,396.80000000000007,28640.7995463138,0.45139406590129716,0.4434782608695652,555.3539019963703
9.81,226,36767,112.0,54.0,60.0,184.0,364.0,30778.25971101887,0.5914383413409514,0.47345132743362833,642.2018348623853
0.12,2,172,86.0,65.2,73.0,99.0,106.8,676.0,1.8666666666666667,0.5,500.0
2.19,45,12043,112.0,56.400000000000006,60.0,256.0,655.0000000000005,167722.59061728398,0.29022926933790444,0.4,493.1506849315069
8.83,186,32626,112.0,54.0,60.0,247.0,404.0,38671.349173314826,0.592755321226323,0.45698924731182794,577.5764439411098
5.67,108,23890,112.0,54.0,60.0,292.0,530.6999999999999,86865.55109739369,0.5493871197872754,0.4722222222222222,518.5185185185185
2.95,57,12434,112.0,54.0,60.0,220.0,516.4,77966.9978454909,0.40911151405258384,0.43859649122807015,508.4745762711864
2.43,55,20159,112.0,54.0,60.0,397.0,1427.6000000000004,240030.24925619835,0.22472660996354799,0.45454545454545453,567.9012345679013
6.11,95,16262,112.0,54.0,60.0,220.0,359.2000000000001,40943.43113573407,0.6575272653144429,0.47368421052631576,402.6186579378068
6.08,125,25462,112.0,54.0,60.0,256.0,473.40000000000043,61389.155584,0.6622274448361405,0.464,532.8947368421053
2.07,40,7726,112.0,54.0,60.0,273.25,328.0,53192.677500000005,0.6781059947871416,0.475,550.7246376811595
2.9,60,11015,112.0,54.0,60.0,258.5,436.7,28719.909722222215,0.5049870200847111,0.43333333333333335,537.9310344827586
1.87,1190,1442833,1514.0,54.0,1514.0,1514.0,1514.0,350142.85883835884,0.013452451778172217,0.18319327731092436,6962.566844919786
10.0,196,62787,112.0,54.0,60.0,293.25,1420.5,209592.75559662635,0.27743077455189114,0.46938775510204084,498.0
5.67,83,16449,112.0,54.0,60.0,256.0,467.19999999999993,46924.70227899551,1.2120763851533083,0.4939759036144578,423.2804232804233
6.46,139,47604,112.0,54.0,60.0,364.0,1260.8,197874.56591273742,0.3587555301841016,0.4460431654676259,566.5634674922601
4.16,83,15502,112.0,54.0,60.0,256.0,359.99999999999994,37038.39338075193,0.9940828402366864,0.4457831325301205,533.6538461538462
6.1,103,17035,83.0,54.0,57.0,220.0,328.0,36984.58704873222,0.5223413762287757,0.5242718446601942,481.96721311475414
7.17,126,27973,112.0,54.0,60.0,256.0,472.0,72562.37295288486,0.6945117518778774,0.4603174603174603,468.6192468619247
4.25,81,13830,112.0,54.0,60.0,220.0,420.0,32497.47599451303,0.5327496398093761,0.48148148148148145,522.3529411764706
0.95,28,3615,112.0,54.0,60.0,148.0,220.0,10754.667091836734,0.8248359414437153,0.4642857142857143,821.0526315789475
1.35,36,4180,101.5,54.0,60.0,148.0,220.0,5134.043209876543,0.8150238818931828,0.5,755.5555555555554
8.61,183,30725,112.0,54.0,60.0,220.0,327.00000000000006,36418.125832362864,0.5667227576360206,0.48633879781420764,592.3344947735192
8.86,187,41803,112.0,54.0,60.0,292.0,508.0,75650.51531356345,0.5761037590016213,0.47058823529411764,562.0767494356659
2.13,29,5430,112.0,54.0,54.0,184.0,443.2,40446.39001189061,0.36158475426278835,0.4827586206896552,394.3661971830986
5.94,111,18715,112.0,54.0,60.0,238.0,364.0,27520.95998701405,0.6528305219464806,0.4594594594594595,515.1515151515151
4.53,1322,1693030,1514.0,82.0,1514.0,1514.0,1514.0,278997.9557173951,0.01072797392332215,0.12632375189107414,1496.6887417218543
8.44,193,61871,112.0,54.0,60.0,267.0,1508.0,219518.42052135628,0.20844157112443604,0.41968911917098445,575.829383886256
3.85,68,11778,101.5,54.0,60.0,256.0,364.0,32477.57525951557,0.5672654690618762,0.5,498.70129870129875
8.59,172,44725,112.0,54.0,60.0,320.25,716.8000000000004,104090.10962006493,0.7498728432254783,0.46511627906976744,537.8346915017462
3.96,86,22744,83.0,54.0,60.0,415.0,652.0,90904.87669010273,1.2489864530801937,0.5116279069767442,606.060606060606
5.09,91,22846,112.0,54.0,60.0,364.0,616.0,74206.40357444754,0.9585083583369053,0.4835164835164835,495.08840864440083
1.4,33,5513,83.0,60.0,60.0,220.0,364.0,19737.087235996325,1.1894360603653693,0.5151515151515151,600.0000000000001
8.28,138,24596,107.5,54.0,60.0,256.0,364.0,32691.830287754678,0.7383560675666124,0.4927536231884058,485.5072463768117
8.3,146,28009,97.5,54.0,60.0,220.0,436.0,62441.25600487896,0.4808607380776145,0.5,469.87951807228916
6.21,117,21256,112.0,54.0,60.0,220.0,430.6,38458.8688728176,0.5239460854602811,0.48717948717948717,531.400966183575
1.7,48,11425,184.0,54.0,60.0,300.0,519.4000000000002,59065.145399305555,0.6608518680040704,0.4166666666666667,705.8823529411765
8.11,124,25989,112.0,54.0,60.0,273.25,533.2,52840.83890478668,1.135321666255854,0.49193548387096775,451.29469790382245
1.32,23,5588,112.0,54.0,60.0,310.0,673.6,52473.432892249526,1.0928838951310862,0.43478260869565216,409.09090909090907
8.92,161,28863,112.0,54.0,60.0,184.0,447.0,45613.838355001724,0.684250452237848,0.4906832298136646,497.7578475336323
3.97,71,14012,112.0,54.0,60.0,292.0,436.0,46093.80559412816,0.881815739994628,0.4507042253521127,483.6272040302267
3.73,81,14908,83.0,54.0,60.0,220.0,472.0,40707.80003048316,0.9325900959294788,0.5308641975308642,643.4316353887399
8.0,145,31829,91.0,54.0,60.0,297.0,508.0,61524.76023781212,0.6663525469870687,0.503448275862069,495.0
9.88,183,32875,106.0,54.0,60.0,220.0,464.8000000000004,33592.6552599361,0.8225413016964187,0.4972677595628415,540.4858299595141
9.26,158,28601,112.0,54.0,60.0,184.0,439.3000000000001,52478.43634834162,0.7668025698047937,0.4810126582278481,492.4406047516199
2.57,46,6564,112.0,54.0,60.0,220.0,293.5,10238.168241965974,0.5824493731918997,0.43478260869565216,466.92607003891055
7.46,246,108637,148.0,54.0,54.0,522.0,1514.0,326398.9199715778,0.13556257055650792,0.43089430894308944,820.3753351206434
2.44,42,6508,112.0,54.0,60.0,247.0,289.9,20719.426303854878,1.0324797001873829,0.4523809523809524,467.2131147540984
3.55,69,11902,112.0,54.0,60.0,220.0,423.80000000000007,25982.07603444655,0.6418816388467374,0.463768115942029,523.943661971831
6.58,124,24056,112.0,54.0,60.0,229.0,433.6,40366.290322580644,0.7785006653851841,0.45161290322580644,510.63829787234044
6.07,131,23968,112.0,54.0,60.0,220.0,436.0,47323.54816152906,0.8448275862068966,0.48091603053435117,593.0807248764415
2.03,45,16080,148.0,54.0,60.0,472.0,1238.200000000001,211426.00000000003,0.3955910432216629,0.4444444444444444,591.1330049261084
1.09,15,3407,83.0,54.0,60.0,238.0,655.5999999999999,75771.44888888887,0.736493374108053,0.5333333333333333,330.27522935779814
8.74,185,35797,112.0,54.0,60.0,256.0,508.0,45228.985127830536,0.8017414938594725,0.4972972972972973,576.6590389016018
3.9,73,18851,112.0,54.0,60.0,328.0,752.8,92832.04165884781,0.8129447970763608,0.4794520547945205,507.6923076923077
4.14,61,14116,112.0,54.0,60.0,297.0,603.0,55184.11072292396,0.5608137992038921,0.4262295081967213,376.8115942028986
9.61,196,37051,87.0,54.0,60.0,193.0,476.5,53834.2793367347,0.7299000840414605,0.5051020408163265,561.9146722164412
0.11,2,280,140.0,76.0,100.0,180.0,204.0,6400.0,3.6666666666666665,0.5,545.4545454545455
1.22,30,3931,83.0,54.0,60.0,169.75,297.0,9334.365555555554,0.883564925730714,0.5,737.704918032787
7.42,170,30048,112.0,54.0,60.0,220.0,427.9,32886.891903114185,0.8669151910531221,0.48823529411764705,654.9865229110512
8.5,145,29349,112.0,54.0,60.0,220.0,526.3999999999997,59540.86202140309,0.5345882352941177,0.45517241379310347,451.7647058823529
2.49,47,7068,112.0,54.0,60.0,184.0,301.59999999999997,22397.895880488915,0.61296211775445,0.48936170212765956,554.2168674698795
0.14,2,172,86.0,65.2,73.0,99.0,106.8,676.0,1.8666666666666667,0.5,428.57142857142856
1.37,38,6448,112.0,54.0,60.0,220.0,374.8000000000002,24316.321329639883,0.6915005246589717,0.4473684210526316,744.5255474452555
4.48,97,15106,83.0,54.0,60.0,184.0,391.60000000000036,28323.49516420448,0.5295666261644391,0.5154639175257731,602.6785714285713
2.57,50,12187,112.0,54.0,60.0,296.5,802.6000000000001,95427.71240000002,0.841771195405773,0.46,536.9649805447472
2.23,63,11016,112.0,54.0,60.0,256.0,428.8000000000002,25407.90022675737,0.6711165048543689,0.4603174603174603,780.2690582959641
3.08,53,7799,112.0,54.0,60.0,184.0,292.0,16324.996084015665,0.7533723021582733,0.49056603773584906,467.53246753246754
4.62,156,33951,66.0,54.0,54.0,280.75,544.0,86550.69341715974,0.5649227932703388,0.5384615384615384,1051.948051948052
7.54,188,35927,83.0,54.0,60.0,220.0,412.90000000000003,129380.08021163421,0.7387117069157431,0.5159574468085106,732.0954907161803
8.34,206,47104,112.0,54.0,60.0,263.5,490.0,90528.12725044772,0.39171541688825856,0.441747572815534,633.0935251798562
7.74,126,21775,112.0,54.0,60.0,184.0,393.5,44576.46667926429,0.4625873186458893,0.4523809523809524,441.86046511627904
3.34,47,8450,106.0,54.0,60.0,220.0,487.79999999999995,40234.848347668616,1.161678178562292,0.48936170212765956,395.2095808383234
4.04,99,12578,112.0,54.0,60.0,148.0,258.20000000000005,12821.361085603508,0.6552177918147125,0.494949494949495,668.3168316831684
0.1,6,779,86.0,54.0,55.5,112.0,249.5,13858.138888888889,0.16095380029806258,0.5,1799.9999999999998
7.49,165,29011,112.0,54.0,60.0,184.0,350.79999999999984,46454.666078971546,0.477740423797881,0.44242424242424244,576.7690253671561
4.08,74,12142,112.0,54.0,60.0,220.0,380.1000000000001,21040.93937180424,0.5659014702089245,0.43243243243243246,470.5882352941176
8.11,197,41005,112.0,54.0,60.0,220.0,439.6,80263.18137545414,0.37850467289719625,0.45685279187817257,643.6498150431567
8.03,133,24829,108.0,54.0,60.0,184.0,445.8,56383.67471309854,0.42319156253582485,0.48872180451127817,455.79078455790784
6.9,162,29514,112.0,54.0,60.0,220.0,370.3000000000003,50131.71879286694,0.6305176509585105,0.48148148148148145,643.4782608695651
8.15,159,30158,112.0,54.0,60.0,256.0,400.80000000000075,53934.18235038171,0.4741421448821977,0.44654088050314467,500.6134969325153
8.81,205,36383,83.0,54.0,60.0,184.0,394.79999999999995,58949.40073765616,0.619685705382184,0.5317073170731708,640.1816118047673
3.07,86,17318,76.5,54.0,55.5,184.0,458.5,88395.21038399136,0.559196902854056,0.5581395348837209,840.3908794788274
9.82,215,38520,112.0,54.0,60.0,256.0,396.79999999999995,39268.15489453759,0.5615372142046375,0.4558139534883721,598.7780040733197
5.64,126,21531,112.0,54.0,60.0,220.0,325.0,44982.1842403628,0.5639572891697537,0.46825396825396826,627.6595744680851
3.57,82,12285,83.0,54.0,60.0,175.25,325.00000000000017,19708.71044021416,0.7487544483985765,0.524390243902439,655.4621848739496
5.93,93,16242,112.0,54.0,60.0,184.0,397.4,55452.01387443636,0.49833948339483397,0.4731182795698925,445.1939291736931
2.92,68,11609,112.0,54.0,60.0,229.0,307.0000000000001,29690.67192906575,0.6132573652028905,0.4852941176470588,636.9863013698631
2.21,56,12483,112.0,54.0,60.0,193.0,382.0,117604.90274234697,0.34718325059356786,0.4642857142857143,651.5837104072398
4.09,101,18271,112.0,54.0,60.0,184.0,436.0,39252.84168218802,0.5317739771965124,0.49504950495049505,674.8166259168704
0.54,3,442,60.0,55.2,57.0,194.0,274.40000000000003,16326.222222222224,6.366666666666666,0.6666666666666666,222.2222222222222
9.6,209,36447,112.0,54.0,60.0,184.0,333.40000000000043,47983.51008447609,0.5109443661387945,0.46411483253588515,587.5
9.79,205,31053,112.0,54.0,60.0,184.0,328.6,20676.464152290304,0.8004870412245608,0.4585365853658537,576.0980592441267
6.7,155,26514,112.0,54.0,60.0,220.0,380.1999999999998,32775.693402705525,0.607591099254229,0.4645161290322581,617.9104477611941
0.54,11,1512,112.0,60.0,60.0,166.0,220.0,11773.884297520659,2.12396694214876,0.45454545454545453,555.5555555555555
4.05,88,13917,112.0,54.0,60.0,220.0,310.5999999999999,21724.739540289258,0.48606513614522157,0.4318181818181818,562.962962962963
3.2,89,16255,112.0,54.0,60.0,256.0,371.00000000000006,39231.75836384295,0.440024805102764,0.449438202247191,731.25
2.44,37,6230,112.0,54.0,60.0,220.0,297.4,25216.235208181155,0.27454991816693947,0.40540540540540543,368.8524590163935
0.82,19,2367,112.0,54.0,60.0,148.0,192.19999999999996,10834.45429362881,1.3002915451895043,0.47368421052631576,658.5365853658537
1.55,19,2723,60.0,54.0,60.0,148.0,389.59999999999997,19158.74238227147,1.2863140218303946,0.5263157894736842,387.0967741935484
8.31,221,38555,112.0,54.0,60.0,184.0,299.0,52359.316025470405,0.4132028443662488,0.45248868778280543,707.581227436823
2.58,46,7219,112.0,54.0,60.0,184.0,381.0,23840.452268431003,0.3848072127373873,0.43478260869565216,465.1162790697674
5.05,101,19794,83.0,54.0,60.0,184.0,490.0,59631.44515243603,0.6804482553697258,0.5148514851485149,534.6534653465346
5.66,140,20951,87.0,54.0,60.0,148.0,297.1,28976.156071428577,0.6158414314360635,0.5142857142857142,699.6466431095406
1.87,44,17121,148.0,54.0,58.5,346.0,1508.0,291816.19163223146,0.13204178788680243,0.45454545454545453,577.5401069518716
9.78,217,33466,112.0,54.0,60.0,184.0,298.0,25544.964896260273,0.6542758279782501,0.47465437788018433,601.2269938650307
2.76,62,9241,83.0,54.0,60.0,184.0,290.79999999999995,24116.46540062435,0.543253173012692,0.532258064516129,608.695652173913
5.15,106,13910,97.5,54.0,60.0,148.0,294.5,10953.948736205055,0.6893368957979111,0.5,582.5242718446601
3.47,70,10357,112.0,54.0,60.0,184.0,298.0,16721.81244897959,0.548362984003588,0.42857142857142855,518.7319884726224
3.38,67,16722,112.0,54.0,60.0,202.0,456.4,148254.8999777233,0.29889700170887057,0.4626865671641791,532.5443786982248
5.67,109,16954,112.0,54.0,54.0,184.0,297.0,35975.918020368656,0.5123996431757359,0.46788990825688076,539.6825396825396
5.8,148,76434,112.0,54.0,60.0,1509.0,1509.0,397232.7741051863,0.07647456481324996,0.36486486486486486,558.6206896551724
8.98,179,27979,112.0,54.0,60.0,148.0,328.6,35483.56480759029,0.553180859331631,0.4860335195530726,554.56570155902
3.55,81,10740,112.0,54.0,54.0,148.0,292.0,15305.673525377228,0.49707276275439083,0.4691358024691358,642.2535211267606
1.82,32,4215,71.5,54.0,58.5,148.0,258.70000000000016,17369.6396484375,0.8850626118067979,0.5625,527.4725274725274
2.07,52,5433,83.0,54.0,54.0,112.0,184.0,4047.749630177515,0.7651072124756335,0.5192307692307693,724.6376811594204
9.09,213,28801,112.0,54.0,60.0,148.0,268.8,22959.483876655868,0.5405723455469377,0.48826291079812206,660.0660066006601
5.64,126,19107,112.0,54.0,60.0,184.0,298.5,20413.27721088435,0.7105640107430617,0.47619047619047616,617.0212765957447
8.2,187,27146,112.0,54.0,60.0,148.0,298.8,16698.394978409448,0.6216248506571087,0.44919786096256686,614.6341463414634
0.39,7,767,112.0,57.6,60.0,148.0,184.4,2749.1020408163263,1.5147540983606558,0.42857142857142855,461.5384615384615
5.09,106,18044,87.0,54.0,54.0,184.0,422.5,42454.02420790316,0.715372183667649,0.5094339622641509,601.1787819253439
9.99,191,31574,112.0,54.0,60.0,148.0,356.0,47157.47002549272,0.44371284865112026,0.4607329842931937,516.5165165165165
1.71,28,3621,86.0,54.0,58.5,148.0,292.0,10986.718112244898,1.2702194357366772,0.5,491.2280701754386
7.61,157,21916,112.0,54.0,60.0,148.0,297.4,16218.101342853663,0.5660997570387308,0.47770700636942676,575.5584756898818
7.99,191,49239,112.0,54.0,60.0,184.0,688.0,165080.86406622626,0.2201462024532276,0.47643979057591623,630.7884856070087
8.94,175,30415,112.0,54.0,60.0,148.0,355.6,61200.59428571429,0.4414691943127962,0.48,536.9127516778524
6.12,127,16791,91.0,54.0,60.0,148.0,309.0,18232.608345216686,0.6029594272076372,0.5118110236220472,598.0392156862745
9.02,219,26244,83.0,54.0,54.0,112.0,266.20000000000005,13810.931882154251,0.6272321428571429,0.5342465753424658,705.09977827051
9.22,180,54608,112.0,54.0,60.0,193.0,1508.0,218132.50172839503,0.19335664335664335,0.4222222222222222,494.57700650759216
0.37,10,2477,130.0,54.0,60.0,447.5,600.7,50100.409999999996,0.5094454600853139,0.4,648.6486486486486
2.17,42,5625,112.0,54.0,54.0,148.0,272.19999999999993,14767.447278911564,0.8328445747800587,0.47619047619047616,552.9953917050691
4.97,110,17014,112.0,54.0,60.0,148.0,326.20000000000005,32364.16561983471,0.5248252374977594,0.4636363636363636,615.6941649899396
6.38,129,19233,112.0,54.0,60.0,148.0,306.20000000000016,22813.061114115742,0.5548100242522231,0.4728682170542636,554.858934169279
6.57,146,30868,112.0,54.0,60.0,184.0,499.0,90132.38130981424,0.41635312471322383,0.4726027397260274,611.8721461187215
1.09,19,3235,112.0,54.0,60.0,112.0,294.1999999999999,63101.457063711896,0.3329213020189534,0.47368421052631576,495.4128440366972
6.43,141,22555,112.0,54.0,60.0,148.0,392.0,33378.38881343997,0.684340228511687,0.48226950354609927,597.2006220839813
3.59,90,11568,97.5,54.0,60.0,148.0,266.1,12433.537777777778,0.7112426035502959,0.5,685.2367688022284
6.76,123,32244,112.0,54.0,54.0,220.0,578.3999999999997,167193.0192345826,0.2282492762456194,0.44715447154471544,479.2899408284024
8.79,187,28721,112.0,54.0,60.0,184.0,309.0,26672.969487260147,0.6808684965178206,0.46524064171123,573.3788395904437
1.41,32,5689,86.0,54.0,58.5,229.0,384.70000000000005,33479.0458984375,0.44500889001778005,0.5,680.8510638297872
1.74,46,6104,112.0,54.0,60.0,148.0,289.0,12434.863894139888,0.49461312438785504,0.45652173913043476,724.1379310344827
1.24,28,4628,112.0,54.0,60.0,184.0,419.3000000000001,26836.561224489797,0.44806007509386736,0.4642857142857143,629.0322580645161
3.93,77,11896,112.0,54.0,60.0,148.0,339.20000000000016,24883.756451340865,0.6916951080773607,0.45454545454545453,534.3511450381679
1.4,34,6440,112.0,54.0,60.0,211.0,456.19999999999993,39226.8892733564,0.6059850374064838,0.47058823529411764,685.7142857142858
0.77,19,2343,83.0,54.0,60.0,112.0,207.3999999999998,14174.005540166207,0.8956310679611651,0.5789473684210527,701.2987012987013
8.35,198,27871,112.0,54.0,60.0,184.0,295.20000000000005,17249.251734516885,0.665232717930334,0.4696969696969697,661.0778443113772
1.07,22,4140,148.0,54.6,60.0,256.0,445.0000000000001,22877.69421487604,0.5333333333333333,0.45454545454545453,560.7476635514018
9.43,192,35221,112.0,54.0,60.0,193.0,419.9000000000002,51519.12171766493,0.5297515635858235,0.4635416666666667,553.5524920466596
1.37,27,4194,83.0,54.0,57.0,130.0,205.6000000000003,51414.148148148146,0.4358096542280041,0.5555555555555556,569.3430656934306
5.09,116,15157,112.0,54.0,60.0,148.0,279.5,13536.102482164091,0.6901204281891169,0.4827586206896552,636.5422396856582
4.92,99,14212,83.0,54.0,60.0,148.0,274.4000000000001,41276.22671156005,0.5464635473340588,0.5050505050505051,560.9756097560976
7.89,209,35079,112.0,54.0,60.0,184.0,335.2000000000006,53057.29085872576,0.495459777465149,0.4880382775119617,730.0380228136881
4.0,82,10836,112.0,54.0,60.0,139.0,297.0,15231.222486615114,0.5893223819301848,0.47560975609756095,585.0
6.65,138,18238,112.0,54.0,60.0,148.0,259.0,23218.380382272637,0.5681857265692175,0.4855072463768116,577.4436090225564
5.2,115,15372,83.0,54.0,60.0,148.0,328.0,14647.403856332703,0.6302895322939867,0.5130434782608696,623.0769230769231
8.2,165,30585,112.0,54.0,60.0,184.0,447.79999999999995,56163.95261707988,0.71671531207903,0.4666666666666667,556.0975609756098
3.63,72,9710,112.0,54.0,60.0,148.0,297.4,11388.064043209879,0.538339670468948,0.4583333333333333,545.4545454545455
2.47,56,8143,112.0,54.0,58.5,148.0,324.5,15911.492028061226,0.5723112569994208,0.4642857142857143,631.578947368421
3.12,81,11124,112.0,54.0,60.0,148.0,270.0,18226.296296296296,0.5996548748921484,0.4691358024691358,730.7692307692307
0.04,2,151,75.5,63.1,67.75,83.25,87.9,240.25,1.5166666666666666,1.0,1500.0
2.24,48,8569,112.0,54.0,54.0,184.0,338.8000000000002,53722.33289930556,0.3805381021427421,0.4791666666666667,616.0714285714286
1.98,60,8987,112.0,54.0,60.0,148.0,301.90000000000003,38125.40305555555,0.5289214018373597,0.48333333333333334,818.1818181818181
8.18,143,24805,112.0,54.0,60.0,184.0,375.1999999999998,48929.63313609467,0.5610446821900567,0.46853146853146854,476.77261613691934
5.61,116,17143,83.0,54.0,54.0,184.0,328.0,21485.100104042805,0.5414980667206186,0.5086206896551724,588.2352941176471
7.4,158,24969,83.0,54.0,54.0,148.0,297.0,58014.44836564653,0.4455508597232675,0.5063291139240507,616.2162162162163
5.47,115,17042,112.0,54.0,54.0,148.0,297.0,21529.476446124765,0.46497034298977047,0.48695652173913045,592.3217550274223
7.91,160,27036,112.0,54.0,58.5,193.0,366.29999999999984,33516.22437499999,0.5691236215902495,0.46875,568.9001264222503
7.76,171,28508,112.0,54.0,60.0,184.0,365.0,35108.590403884955,0.6849695608487499,0.4678362573099415,610.8247422680413
0.49,14,2111,97.5,54.0,55.5,274.0,296.8,11312.882653061224,0.2686298076923077,0.5,734.6938775510205
2.65,50,15012,112.0,54.0,60.0,427.0,835.6,121936.26239999998,0.9380325329202169,0.48,498.1132075471698
0.48,13,2345,112.0,54.0,60.0,220.0,359.8,26341.15976331361,0.8450039339103068,0.38461538461538464,625.0
1.64,71,14905,83.0,54.0,60.0,155.0,508.0,161837.4175758778,1.3628725428027901,0.6056338028169014,1134.1463414634147
9.63,177,25165,112.0,54.0,54.0,184.0,297.4,19220.426952663667,0.6425168069969324,0.4858757062146893,535.8255451713395
9.38,235,32665,112.0,54.0,60.0,148.0,292.0,20118.64680851064,0.58000386959466,0.48936170212765956,703.6247334754796
8.75,217,32647,112.0,54.0,60.0,177.0,328.0,25355.325532502276,0.639481745593331,0.4792626728110599,678.8571428571428
7.33,153,23088,83.0,54.0,60.0,148.0,297.0,35399.29104190695,0.46916958320076363,0.5032679738562091,589.3587994542974
7.76,148,21355,112.0,54.0,60.0,148.0,293.50000000000006,29400.557478086193,0.5830244625648628,0.4797297297297297,533.5051546391753
0.54,7,901,83.0,54.0,57.0,175.0,280.2,9789.632653061226,0.26901408450704223,0.7142857142857143,333.3333333333333
6.25,139,17190,83.0,54.0,60.0,148.0,283.40000000000003,11716.523575384295,0.5990697674418605,0.5251798561151079,633.6
5.75,87,13183,112.0,54.0,57.0,148.0,326.20000000000005,37632.13423173471,0.47016839522694326,0.47126436781609193,427.8260869565217
2.83,49,6467,112.0,54.0,54.0,148.0,272.2000000000001,14162.673052894626,0.5708039834831188,0.4897959183673469,508.8339222614841
9.77,179,26028,112.0,54.0,60.0,148.0,325.6,27538.96776005742,0.6032029565753003,0.48044692737430167,522.0061412487206
0.98,12,1246,112.0,54.0,58.5,121.0,148.0,2412.9722222222226,0.75,0.4166666666666667,306.12244897959187
6.27,148,22687,101.5,54.0,54.0,148.0,298.3,38195.32774835646,0.4172288855572214,0.5,660.2870813397129
3.2,90,14378,112.0,54.0,60.0,184.0,355.9000000000001,25826.27358024691,0.5563974886339035,0.4444444444444444,750.0
4.95,108,21550,112.0,54.0,60.0,229.0,453.0999999999999,72149.76714677642,0.34385133449738087,0.4722222222222222,581.8181818181818
6.23,149,33082,112.0,54.0,60.0,220.0,486.40000000000043,100853.05968199632,0.3834894613583138,0.48322147651006714,626.0032102728732
2.45,51,16221,112.0,54.0,57.0,286.0,1370.0,215001.70242214535,0.2618436406067678,0.45098039215686275,563.2653061224489
3.16,52,10137,112.0,54.0,60.0,193.0,507.09999999999997,50711.785133136116,0.4957945993802568,0.4423076923076923,436.7088607594937
8.19,134,30783,112.0,54.0,60.0,220.0,483.20000000000005,108139.42375807531,0.36346724542676173,0.4626865671641791,439.5604395604396
6.24,107,15578,112.0,54.0,60.0,184.0,297.0,19164.578565813605,0.6423827095413811,0.48598130841121495,490.38461538461536
8.92,162,24097,112.0,54.0,60.0,184.0,299.8,22432.1026139308,0.6043275632490013,0.4876543209876543,517.9372197309417
3.17,51,6593,91.0,54.0,60.0,148.0,292.0,11031.963860053827,0.6206981317600787,0.5098039215686274,473.18611987381706
1.01,31,5846,148.0,54.0,60.0,184.0,297.0,67510.17898022894,0.45785536159601,0.45161290322580644,831.6831683168317
3.85,62,10873,112.0,54.0,54.0,148.0,324.9,54811.49141519251,0.3599749843652283,0.45161290322580644,436.3636363636364
2.25,46,5073,86.0,54.0,60.0,112.0,202.0,5724.028827977316,0.7272727272727273,0.5,613.3333333333334
1.65,36,7963,130.0,54.0,60.0,212.25,497.0,79395.37885802469,0.2996572547739514,0.4166666666666667,545.4545454545455
4.15,98,15465,112.0,54.0,60.0,220.0,297.0,21359.68690129113,0.5936727122835944,0.47959183673469385,650.6024096385541
3.97,114,17598,112.0,54.0,60.0,220.0,318.7000000000001,16401.320406278857,0.574765100671141,0.47368421052631576,770.7808564231739
5.23,91,14743,112.0,54.0,60.0,184.0,328.0,36378.098780340544,0.8264370664023786,0.4945054945054945,470.36328871892925
6.95,119,15690,83.0,54.0,60.0,148.0,292.0,13459.708212696847,0.7400465786847067,0.5126050420168067,500.7194244604317
7.37,138,20557,112.0,54.0,60.0,184.0,301.29999999999995,17831.629122033188,0.5951734305889657,0.4782608695652174,529.1723202170963
4.67,101,13847,83.0,54.0,60.0,148.0,256.0,31601.851583178122,0.607686055961918,0.5445544554455446,603.8543897216274
4.04,50,5762,83.0,54.0,60.0,148.0,224.80000000000007,7040.2624,0.8040075140889167,0.56,356.43564356435644
8.71,156,22812,112.0,54.0,60.0,184.0,296.0,19702.010848126232,0.427981220657277,0.46794871794871795,489.09299655568304
9.08,163,33916,112.0,54.0,60.0,292.0,356.0000000000004,79725.88415070195,0.45387517146776407,0.44171779141104295,475.7709251101321
3.88,70,11645,83.0,54.0,55.5,184.0,297.0,46426.00102040816,0.5080290080290081,0.5142857142857142,525.7731958762887
4.57,92,13114,97.5,54.0,60.0,184.0,296.9,14093.226370510398,0.7839749693919195,0.5,577.6805251641138
5.87,87,13755,112.0,54.0,54.0,184.0,297.0,30412.414585810544,0.4811026165607839,0.47126436781609193,419.08006814310045
1.26,25,3994,83.0,54.0,54.0,220.0,371.2000000000001,17209.622400000004,1.1507808292945612,0.56,571.4285714285714
6.54,117,17617,83.0,54.0,60.0,148.0,294.0,38068.19343998831,0.6218928374148407,0.5384615384615384,504.58715596330273
6.3,89,12981,112.0,54.0,60.0,148.0,282.40000000000003,23021.675293523545,0.5923699705593719,0.48314606741573035,390.4761904761905
0.2,5,751,184.0,56.4,60.0,184.0,235.0,6757.76,0.46393762183235865,0.4,600.0
0.07,3,314,112.0,65.6,83.0,130.0,140.8,1499.5555555555554,1.1216216216216217,0.3333333333333333,857.1428571428571
8.07,138,28274,112.0,54.0,60.0,220.0,510.7,58304.18945599663,0.8678734227389839,0.47101449275362317,475.8364312267658
9.64,135,18967,112.0,54.0,60.0,148.0,298.0,15006.087023319615,1.0119868462925639,0.4888888888888889,398.34024896265555
3.2,55,12694,112.0,54.0,60.0,189.0,304.6,129502.37818181822,0.26258205689277897,0.43636363636363634,449.99999999999994
7.73,149,24515,112.0,54.0,60.0,184.0,362.40000000000066,31362.329624791673,0.8493512371756186,0.47651006711409394,520.0517464424321
0.54,8,1156,104.0,60.0,60.0,157.0,259.59999999999997,14389.75,3.816666666666667,0.5,444.4444444444444
9.11,163,28435,112.0,54.0,60.0,184.0,329.6,49149.20433588016,0.4695090439276486,0.4539877300613497,474.2041712403952
7.21,153,22670,112.0,54.0,60.0,184.0,389.8000000000002,17661.8926908454,0.6038203042094092,0.49673202614379086,582.5242718446601
6.04,109,16643,83.0,54.0,60.0,148.0,343.2000000000002,39150.15958252672,0.4734838424081452,0.5137614678899083,516.5562913907285
5.26,106,15405,112.0,54.0,60.0,148.0,318.5,25221.428711285156,0.6268877389375858,0.49056603773584906,558.9353612167301
2.38,39,6688,112.0,54.0,57.0,184.0,364.0,29786.660092044698,0.6770310932798396,0.46153846153846156,453.78151260504205
9.38,202,26567,83.0,54.0,60.0,148.0,297.9,13322.863469267715,0.6197414949396415,0.5198019801980198,601.2793176972281
8.64,147,21489,112.0,54.0,60.0,184.0,310.00000000000017,15262.93905317229,0.7380297638304756,0.46258503401360546,472.2222222222222
0.77,9,1586,112.0,58.8,60.0,148.0,328.0000000000001,45246.617283950625,3.8353658536585367,0.4444444444444444,311.68831168831167
3.77,48,6415,112.0,54.0,60.0,121.0,284.80000000000007,19952.89539930556,1.039745627980922,0.4583333333333333,350.13262599469493
5.83,113,17978,112.0,54.0,60.0,184.0,357.7999999999999,21981.16751507557,0.7838856916054773,0.4690265486725664,545.4545454545455
1.58,19,3271,112.0,54.0,60.0,166.0,344.7999999999999,46959.60664819944,0.44415011037527596,0.47368421052631576,341.7721518987342
8.58,146,28223,112.0,54.0,60.0,256.0,418.0,45122.63787765059,0.8216613954689215,0.4589041095890411,440.5594405594406
9.41,146,18094,83.0,54.0,60.0,148.0,220.0,11525.81722649653,0.8529441884280594,0.5547945205479452,452.70988310308184
3.21,52,7234,112.0,54.0,60.0,193.0,292.0,11386.948224852073,1.276274386406545,0.4807692307692308,467.2897196261682
3.53,46,7373,112.0,54.0,55.5,184.0,295.0,33351.681001890356,0.4940222897669706,0.4782608695652174,373.9376770538244
3.47,56,9025,112.0,54.0,60.0,184.0,294.5,31147.45631377551,0.6775092936802974,0.48214285714285715,432.27665706051874
3.04,45,5922,112.0,54.0,60.0,148.0,292.0,12326.106666666668,1.1104775481111904,0.4888888888888889,434.2105263157895
9.65,165,26333,112.0,54.0,60.0,184.0,304.5999999999999,35225.22299357209,0.7073850742397718,0.4666666666666667,478.7564766839378
2.6,55,10004,112.0,54.0,60.0,299.0,428.40000000000003,24036.679008264462,0.4108024256099281,0.45454545454545453,576.9230769230769
2.87,43,5723,83.0,54.0,60.0,148.0,292.0,13301.851811790159,0.9166108506363028,0.5348837209302325,439.0243902439025
2.62,36,5148,112.0,54.0,60.0,184.0,298.0,14442.388888888889,0.48186528497409326,0.4444444444444444,366.412213740458
0.21,2,238,119.0,67.0,86.5,151.5,171.0,4225.0,0.29347826086956524,0.5,285.7142857142857
6.35,112,17608,112.0,54.0,60.0,184.0,297.9,34201.579081632655,0.5399685149553962,0.45535714285714285,481.88976377952764
8.06,119,21296,112.0,54.0,60.0,166.0,328.0,63967.317562319025,0.4078138427976466,0.44537815126050423,394.5409429280397
2.86,55,9539,106.0,54.0,60.0,184.0,380.20000000000005,36121.84595041321,0.7445135332845647,0.4909090909090909,524.4755244755245
4.27,86,14094,102.5,54.0,60.0,220.0,368.0,27148.451595457005,0.4377231459757217,0.5,548.0093676814989
3.75,81,11328,112.0,54.0,60.0,184.0,295.0,14660.718792866941,0.5919055649241147,0.49382716049382713,608.0
9.11,166,20492,83.0,54.0,60.0,112.0,220.0,15704.512120772242,0.6615584204978513,0.5180722891566265,526.8935236004392
6.85,138,23196,112.0,54.0,60.0,184.0,356.9,45217.34026465028,0.6836756913696741,0.4855072463768116,569.3430656934306
5.26,115,16340,83.0,54.0,60.0,122.5,370.0000000000001,23643.22722117202,0.6115987769997041,0.5217391304347826,604.5627376425856
3.15,62,12245,112.0,54.0,55.5,295.75,432.4,43928.604838709674,0.6220691482315539,0.4838709677419355,552.3809523809524
5.67,56,6981,81.5,54.0,54.0,112.0,220.0,15038.259885204081,0.5534045393858478,0.5,296.2962962962963
5.99,113,16133,112.0,54.0,60.0,148.0,264.0,31142.637324770938,0.7384698275862069,0.4778761061946903,540.9015025041735
1.92,32,4614,112.0,54.6,60.0,184.0,297.9,12303.40234375,0.8604838709677419,0.4375,437.5
1.82,45,8073,112.0,54.0,60.0,256.0,371.2000000000001,39169.52888888888,0.6949401637623347,0.4444444444444444,659.3406593406594
5.81,109,16661,112.0,54.0,54.0,184.0,312.80000000000007,22081.923407120616,0.432464964319491,0.4954128440366973,516.3511187607573
9.55,203,33767,112.0,54.0,60.0,220.0,335.2000000000001,32370.91402363561,0.5688069132131574,0.46798029556650245,590.5759162303665
1.82,28,4659,107.5,54.0,60.0,220.0,256.0,45821.30994897959,0.6082153952364515,0.4642857142857143,362.6373626373626
0.53,12,946,60.0,54.6,60.0,90.25,112.0,835.4722222222221,0.7815442561205274,0.75,792.4528301886792
9.58,170,25234,112.0,54.0,60.0,184.0,355.5,22761.81051903114,0.6074659192253791,0.48823529411764705,494.7807933194154
0.5,14,1753,86.0,54.0,55.5,139.0,263.8000000000001,9860.025510204081,0.6038426349496798,0.5,840.0
9.43,197,27563,103.0,54.0,60.0,148.0,297.0,20015.7032131722,0.6122484791764156,0.49746192893401014,598.0911983032875
6.6,170,27953,87.0,54.0,60.0,148.0,364.0,75311.55089965399,0.7791992871236713,0.5294117647058824,718.1818181818181
7.68,137,22780,112.0,54.0,60.0,157.0,325.6,40070.69678725558,0.904204630945415,0.4744525547445255,492.1875
0.45,12,1894,112.0,54.0,58.5,220.0,252.4,16362.97222222222,1.040948275862069,0.4166666666666667,666.6666666666666
0.93,23,4500,148.0,54.0,60.0,290.5,432.0000000000001,29950.574669187143,0.8987341772151899,0.43478260869565216,645.1612903225806
4.3,74,12340,60.0,54.0,55.5,148.0,326.8,50019.319211102986,0.4555319650861052,0.5135135135135135,530.2325581395348
4.19,68,8807,112.0,54.0,54.0,121.0,285.70000000000005,15816.749783737027,0.5475311895976103,0.47058823529411764,458.23389021479704
8.2,136,15898,91.0,54.0,54.0,148.0,222.5,7518.283520761246,0.653458138325533,0.5073529411764706,475.609756097561
4.29,86,20999,83.0,54.0,60.0,148.0,720.5,161080.2370200108,0.25337232899606066,0.5116279069767442,545.4545454545455
6.32,133,22281,112.0,54.0,60.0,153.0,298.8,55768.640284922825,0.4266231271609681,0.45112781954887216,550.632911392405
7.55,164,29010,112.0,54.0,60.0,148.0,299.1,76477.98795359905,0.4120223898758822,0.4695121951219512,596.0264900662252
2.24,53,6202,112.0,54.0,60.0,148.0,220.0,5870.5468138127435,0.8833890069845126,0.49056603773584906,669.6428571428571
8.36,173,22034,83.0,54.0,60.0,148.0,297.0,9937.422299442014,0.7153756325418451,0.5086705202312138,566.9856459330143
1.89,35,4711,91.0,54.0,60.0,148.0,328.0,11478.868571428571,0.8973016512283528,0.5142857142857142,539.6825396825396
5.81,84,10529,101.5,54.0,60.0,148.0,220.0,11404.559382086169,0.7478419654714475,0.5,423.40791738382103
0.96,21,3093,112.0,54.0,54.0,184.0,364.0,16399.727891156464,0.7366647950589557,0.47619047619047616,625.0
3.09,63,9068,112.0,54.0,60.0,148.0,264.00000000000006,24905.519778281676,0.541652499149949,0.4444444444444444,543.6893203883495
6.24,108,14880,112.0,54.0,60.0,148.0,336.3999999999999,15241.895061728395,0.6089965397923875,0.4537037037037037,471.15384615384613
2.15,33,4299,112.0,54.0,54.0,148.0,267.4,11965.713498622588,0.38454106280193234,0.48484848484848486,418.6046511627907
7.04,141,21922,83.0,54.0,60.0,148.0,297.0,36686.717468940195,0.5602846975088968,0.5035460992907801,571.0227272727273
5.9,94,15307,112.0,54.0,60.0,184.0,299.4,39888.28304662743,0.5345363408521303,0.46808510638297873,437.2881355932203
0.2,2,126,63.0,60.6,61.5,64.5,65.4,9.0,1.1,1.0,600.0
7.09,125,15161,83.0,54.0,60.0,112.0,184.0,15620.733056000001,0.7078968119860313,0.544,507.7574047954866
5.24,115,17572,112.0,54.0,60.0,184.0,326.40000000000003,22352.838260869565,0.5659923357989484,0.4608695652173913,606.8702290076336
9.81,206,34627,112.0,54.0,60.0,184.0,364.0,41512.38469695542,0.4733012806875718,0.470873786407767,574.9235474006116
8.98,179,30819,112.0,54.0,60.0,184.0,348.00000000000114,45034.81358259729,0.4791936645068395,0.4581005586592179,541.2026726057907
7.76,138,25407,112.0,54.0,60.0,148.0,379.59999999999985,73270.28528670447,0.5545154185022027,0.4855072463768116,487.1134020618557
0.32,6,765,104.0,54.0,55.5,148.0,224.5,7717.25,0.5029469548133595,0.5,562.5
1.96,36,12019,112.0,54.0,60.0,220.0,1509.0,242373.175154321,0.15734232065479056,0.4444444444444444,489.795918367347
2.35,37,7202,112.0,54.0,60.0,112.0,229.59999999999985,118577.03871439002,0.2608543417366947,0.4594594594594595,434.04255319148933
5.56,125,16823,112.0,54.0,60.0,184.0,266.0,12354.418944,0.6714356681569796,0.464,625.8992805755396
1.87,49,8666,112.0,54.0,54.0,220.0,328.0,53586.408163265296,0.6444022770398482,0.4897959183673469,770.0534759358288
5.3,96,12658,112.0,54.0,60.0,148.0,266.0,10709.582899305557,0.6004551776457201,0.46875,486.79245283018867
9.16,171,25170,83.0,54.0,54.0,184.0,328.0,22078.249307479226,0.6195868991699376,0.5087719298245614,530.5676855895197
7.92,156,19827,112.0,54.0,60.0,139.0,297.0,11611.445882642996,0.6917235494880546,0.4935897435897436,537.8787878787879
7.76,162,27839,112.0,54.0,60.0,148.0,352.70000000000016,60187.04408626732,0.35397111035455475,0.4691358024691358,556.7010309278351
3.71,82,11213,83.0,54.0,60.0,148.0,292.9000000000002,26311.995389649015,0.6041487839771101,0.5487804878048781,614.5552560646901
4.16,80,10418,109.0,54.0,54.0,148.0,297.0,12310.674374999999,0.687398769031422,0.4875,562.5
6.74,154,22407,112.0,54.0,60.0,184.0,284.20000000000044,15092.133116883117,0.5450972279685561,0.45454545454545453,614.2433234421364
2.28,76,16675,83.5,54.0,60.0,228.0,541.5,102554.42572714681,0.6080038572806171,0.5526315789473685,973.6842105263158
6.03,152,21730,107.5,54.0,58.5,148.0,296.5,29317.774757617728,0.6864571206829647,0.4934210526315789,686.5671641791045
5.88,124,17290,97.5,54.0,60.0,157.0,297.7,14826.810353798128,0.8304044039805208,0.5,591.8367346938775
2.13,34,7479,112.0,54.0,60.0,184.0,498.59999999999997,81596.0285467128,0.3862835959221501,0.47058823529411764,422.5352112676057
4.25,87,14241,112.0,54.0,60.0,148.0,394.6,33203.15655965122,0.6601771974819305,0.4482758620689655,536.4705882352941
1.51,19,3300,112.0,54.0,57.0,202.0,453.0,34016.63711911357,0.39475908706677937,0.47368421052631576,357.6158940397351
6.09,157,35943,112.0,54.0,60.0,184.0,475.6,139282.44180291292,0.28551502145922747,0.49044585987261147,679.8029556650247
1.34,23,9807,112.0,55.2,60.0,359.5,1509.0,329615.7164461248,0.12866843134998274,0.43478260869565216,447.76119402985074
1.72,38,5882,112.0,54.0,60.0,139.0,321.1000000000004,30645.745152354564,0.6194933920704846,0.47368421052631576,627.9069767441861
1.35,34,4542,112.0,54.0,60.0,112.0,284.7,20286.830449826986,0.7881889763779527,0.47058823529411764,711.111111111111
7.41,161,25671,112.0,54.0,60.0,148.0,297.0,57399.65093939277,0.592790221505243,0.4906832298136646,623.4817813765183
4.4,90,14180,112.0,54.0,54.0,148.0,299.2000000000001,50205.64691358023,0.4829533570382765,0.45555555555555555,559.0909090909091
9.62,183,31791,112.0,54.0,60.0,184.0,422.2000000000003,41801.14091194122,0.6166285278413425,0.4972677595628415,548.8565488565489
5.65,150,22921,87.0,54.0,60.0,176.25,297.0,68752.58262222222,1.121725446635194,0.52,753.9823008849556
7.45,145,26388,112.0,54.0,60.0,184.0,400.0,52433.25498216408,0.6115793330890436,0.4689655172413793,531.5436241610738
6.11,111,23761,112.0,54.0,60.0,260.5,541.0,66421.82485187889,0.4679063445975165,0.44144144144144143,481.178396072013
7.52,156,32485,112.0,54.0,60.0,220.0,442.5,82901.75784845497,0.5655421686746988,0.4807692307692308,566.4893617021277
4.27,101,12870,83.0,54.0,60.0,148.0,268.0,11255.96725811195,0.5787536800785084,0.5148514851485149,674.473067915691
8.15,151,20896,91.0,54.0,60.0,148.0,309.0,16157.49484671725,0.8740807174887892,0.5099337748344371,522.6993865030674
8.94,170,26090,112.0,54.0,60.0,184.0,330.4999999999999,21279.202076124566,0.5809246803611464,0.48823529411764705,523.4899328859061
8.87,190,29416,112.0,54.0,60.0,175.0,328.5,31613.546925207756,0.5779422808711512,0.4842105263157895,574.9718151071027
5.97,121,21990,112.0,54.0,60.0,148.0,298.0,80157.79782801722,0.3920364626194847,0.4462809917355372,542.713567839196
0.82,17,2071,60.0,54.0,60.0,112.0,262.00000000000006,10286.38062283737,0.5943033102386451,0.5294117647058824,658.5365853658537
4.08,105,11356,60.0,54.0,54.0,112.0,184.0,7213.862494331065,0.8996319839411174,0.5619047619047619,808.8235294117646
7.11,131,17222,112.0,54.0,60.0,148.0,256.0,25788.996911601887,0.6111890728786603,0.48854961832061067,523.2067510548522
1.16,20,3609,112.0,54.0,60.0,220.0,409.60000000000025,28805.147500000003,0.3886110042323971,0.45,465.5172413793104
4.6,105,15355,112.0,54.0,60.0,148.0,316.0000000000002,20881.705215419504,0.6122427551448971,0.4857142857142857,639.1304347826087
3.8,72,13966,112.0,54.0,54.0,112.0,442.89999999999975,109303.77700617287,0.29988830975428143,0.4861111111111111,521.0526315789474
9.71,214,25395,83.0,54.0,60.0,148.0,256.0,8704.06282208053,0.638704265341679,0.5233644859813084,636.4572605561276
1.04,25,3545,112.0,54.0,54.0,184.0,297.6,11921.2,0.4475296039199673,0.48,692.3076923076924
6.28,141,21762,112.0,54.0,54.0,184.0,322.0,30835.91247925155,0.5321036327794987,0.475177304964539,621.0191082802547
8.22,183,24094,112.0,54.0,57.0,148.0,248.8000000000004,22865.8196422706,0.5979572887650882,0.46994535519125685,627.7372262773722
2.95,79,11161,112.0,54.0,60.0,148.0,301.80000000000007,18634.276878705336,0.7826225842517169,0.45569620253164556,732.2033898305084
7.17,159,30761,112.0,54.0,54.0,148.0,369.6000000000005,85560.17333175112,0.2958001600741396,0.48427672955974843,619.2468619246862
5.83,111,19462,112.0,54.0,57.0,148.0,367.0,70567.23123123121,0.3843089835692439,0.4774774774774775,535.1629502572899
7.63,152,18410,112.0,54.0,60.0,112.0,216.4000000000002,12209.420186980611,0.8263888888888888,0.48026315789473684,574.0498034076015
2.72,78,15475,66.0,54.0,54.0,148.0,305.19999999999993,150889.72666009204,0.6740588489831242,0.5128205128205128,882.3529411764705
1.17,33,4718,87.0,54.0,60.0,112.0,205.60000000000005,36238.150596877866,0.45079950799507995,0.5757575757575758,769.2307692307693
9.48,204,28197,83.0,54.0,54.0,148.0,297.70000000000005,21467.868007497113,0.5652825580104364,0.5245098039215687,613.9240506329114
4.64,84,11689,112.0,54.0,54.0,148.0,285.1000000000001,22121.94033446712,0.47569751294028534,0.4523809523809524,491.3793103448277
6.68,143,21410,112.0,54.0,60.0,166.0,297.8,31975.36231600568,0.49511173184357543,0.48951048951048953,592.814371257485
2.54,49,8630,112.0,54.0,60.0,148.0,306.4000000000002,79559.37276134943,0.2998945624341015,0.4897959183673469,519.6850393700787
2.91,80,51154,148.0,54.0,60.0,1508.0,1508.0,461185.41937500006,0.05992292072437943,0.3625,597.9381443298969
0.93,22,4415,112.0,54.0,60.0,374.75,460.30000000000007,29793.580578512392,0.4082934609250399,0.45454545454545453,645.1612903225806
0.96,29,4118,83.0,54.0,60.0,112.0,315.79999999999995,20974.896551724138,1.4439169139465875,0.5172413793103449,812.5
8.79,173,23272,83.0,54.0,54.0,148.0,287.2000000000003,28544.168665842488,0.5742406818643035,0.5317919075144508,566.5529010238909
8.76,207,28235,112.0,54.0,60.0,148.0,294.0,20735.187052206587,0.6248489382517121,0.48792270531400966,678.082191780822
4.32,74,9851,101.5,54.0,54.0,148.0,289.1000000000001,13432.485208181157,0.5799518845228548,0.5,499.99999999999994
2.73,57,6770,103.0,54.0,54.0,112.0,238.39999999999992,12532.562019082794,0.819403386186509,0.49122807017543857,615.3846153846154
3.52,98,25966,83.0,54.0,54.0,184.0,1199.9999999999986,192805.38608912952,0.18701714285714285,0.5102040816326531,818.1818181818182
4.46,142,63616,112.0,54.0,60.0,397.75,1514.0,357174.59154929576,0.1088142506056856,0.4225352112676056,753.3632286995515
5.15,89,11535,112.0,54.0,54.0,112.0,263.2000000000001,18454.058830955688,0.5510286405808794,0.4943820224719101,512.6213592233009
2.86,76,10612,108.5,54.0,60.0,148.0,326.5,16279.969529085873,0.6371490280777538,0.4868421052631579,776.2237762237763
2.94,66,10228,83.0,54.0,60.0,148.0,294.5,40594.21120293847,0.5355051794024921,0.5454545454545454,632.6530612244898
2.01,44,6227,83.0,54.0,60.0,184.0,319.0000000000001,14002.0222107438,0.43711054696515117,0.5227272727272727,567.1641791044777
5.87,142,26804,112.0,54.0,60.0,220.0,471.70000000000005,41432.90041658401,0.4222646715483392,0.44366197183098594,643.9522998296422
9.25,227,49619,112.0,54.0,60.0,296.5,502.00000000000006,64316.048788061096,0.6179405243250293,0.44933920704845814,648.6486486486486
9.84,203,42435,112.0,54.0,60.0,260.0,478.20000000000016,66666.47135334516,0.520695215911127,0.4482758620689655,548.780487804878
5.71,109,17468,112.0,54.0,60.0,220.0,364.0000000000001,30338.66795724266,0.691160809371672,0.4954128440366973,546.4098073555167
5.04,122,43070,112.0,54.0,60.0,264.25,1509.0,273238.8841709218,0.16188729126763604,0.4426229508196721,630.952380952381
5.01,102,17298,112.0,54.0,60.0,184.0,422.50000000000057,37781.73241061131,0.5640144665461121,0.46078431372549017,562.8742514970061
4.66,93,16608,112.0,54.0,60.0,256.0,364.0,30090.544571626775,0.6121141525917297,0.43010752688172044,515.0214592274677
6.8,155,30936,112.0,54.0,60.0,256.0,443.19999999999993,60888.29402705515,0.574992363303126,0.4774193548387097,617.6470588235294
4.27,93,13506,112.0,54.0,60.0,184.0,286.99999999999994,20821.207075962542,0.6665844027640672,0.4946236559139785,604.2154566744732
1.96,52,9793,112.0,54.0,60.0,229.0,415.0,45867.45081360945,0.7262471355543804,0.46153846153846156,734.6938775510205
5.02,100,16412,87.0,54.0,60.0,184.0,367.3000000000003,39258.8056,0.626883425852498,0.51,561.7529880478089
2.96,61,12514,112.0,54.0,60.0,256.0,575.0,53661.79790378932,0.569153605015674,0.47540983606557374,567.5675675675676
8.03,180,40497,112.0,54.0,60.0,220.0,544.0,86890.11638888888,0.48346093263489504,0.4666666666666667,582.8144458281445
4.81,106,22506,83.0,54.0,60.0,256.0,634.0,69566.89711641154,0.9211267605633803,0.5283018867924528,623.7006237006237
2.39,59,11087,112.0,54.0,60.0,220.0,407.2000000000001,51810.51824188452,0.8456800399533877,0.4576271186440678,677.8242677824267
7.99,139,24746,112.0,54.0,60.0,220.0,406.4000000000001,38357.58190569846,0.50175992232067,0.45323741007194246,473.0913642052565
2.11,48,7399,86.0,54.0,60.0,220.0,348.4000000000003,18376.87456597222,0.6286594761171033,0.5,682.4644549763034
9.2,245,33530,78.0,54.0,60.0,148.0,292.0,21208.41632653061,0.6214517142995309,0.5387755102040817,750.0000000000001
2.03,39,9397,112.0,54.0,60.0,184.0,646.4000000000007,135312.15121630506,0.23449816079873884,0.48717948717948717,502.46305418719214
5.71,121,21661,112.0,54.0,60.0,184.0,380.0,91626.19807390207,1.0359996240248144,0.45454545454545453,577.9334500875657
5.59,140,21918,112.0,54.0,60.0,184.0,299.1000000000001,24391.675306122455,0.48184706916368064,0.4785714285714286,686.9409660107335
0.87,24,3652,112.0,54.0,58.5,157.0,341.09999999999997,21942.722222222223,0.783203125,0.4583333333333333,758.6206896551723
1.34,38,6335,97.5,54.0,60.0,148.0,416.5000000000002,30534.67936288089,1.1060505319148937,0.5,761.1940298507462
6.54,147,25186,112.0,54.0,60.0,220.0,310.00000000000017,38273.92290249433,0.4529825775931695,0.46938775510204084,596.3302752293578
4.1,198,125099,148.0,54.0,54.0,1514.0,1514.0,455738.44487807364,0.07139247878180588,0.3838383838383838,1082.9268292682927
9.89,220,52933,112.0,54.0,60.0,256.0,475.5999999999998,119055.78452479342,0.32934026469775735,0.4318181818181818,570.273003033367
1.07,13,2220,60.0,54.0,60.0,184.0,248.8,48668.023668639056,0.5102040816326531,0.5384615384615384,392.5233644859813
8.23,173,33930,112.0,54.0,60.0,220.0,464.8000000000004,59212.654348625074,0.7535789963305597,0.4682080924855491,575.9416767922235
5.49,112,19048,112.0,54.0,60.0,184.0,391.70000000000016,37206.352040816324,0.6692664972395057,0.4642857142857143,568.3060109289618
9.25,228,71741,112.0,54.0,60.0,274.0,1509.0,215089.16503154815,0.1838253494166763,0.4342105263157895,642.1621621621621
7.34,155,23311,106.0,54.0,54.0,148.0,326.4,29992.599958376693,0.5115419530540786,0.4967741935483871,596.7302452316076
2.99,77,11088,112.0,54.0,60.0,148.0,298.0,20593.376623376622,0.575,0.4675324675324675,662.2073578595317
3.52,67,13450,91.0,54.0,57.0,256.0,426.4,63787.20427712184,0.40382006053647845,0.5223880597014925,528.4090909090909
0.01,3,672,112.0,65.6,83.0,309.0,427.20000000000005,40322.666666666664,0.08737864077669903,0.3333333333333333,6000.0
1.85,46,8775,112.0,54.0,60.0,297.0,428.5,25665.486294896033,0.7908163265306123,0.45652173913043476,616.2162162162163
8.55,160,21870,112.0,54.0,60.0,148.0,292.5,24692.13984375,0.62,0.49375,533.3333333333333
8.4,197,26533,83.0,54.0,60.0,148.0,294.0,16906.530392434746,0.6642413598444459,0.5329949238578681,678.5714285714286
2.81,69,10554,112.0,54.0,60.0,184.0,334.6000000000001,17701.258979206053,0.6108058608058609,0.463768115942029,661.9217081850534
5.44,116,19948,112.0,54.0,60.0,184.0,382.0,37991.05053507729,0.47894424673784103,0.46551724137931033,595.5882352941176
1.58,24,3450,112.0,54.0,60.0,184.0,349.0,13091.354166666666,0.5540540540540541,0.4583333333333333,417.72151898734177
1.25,29,6525,112.0,54.0,60.0,291.0,443.2,82866.68965517242,0.4561481812095514,0.4482758620689655,624.0
4.54,110,20863,112.0,54.0,60.0,220.0,369.1000000000004,47569.25958677686,0.41549630232715923,0.43636363636363634,621.1453744493391
5.03,101,14211,112.0,54.0,60.0,148.0,267.0,21370.28801097932,0.6181963106353906,0.4752475247524752,572.5646123260436
6.26,132,26355,112.0,54.0,60.0,202.0,432.8000000000002,67045.96711432505,0.9542488506599437,0.48484848484848486,565.4952076677316
6.03,106,16188,112.0,54.0,55.5,184.0,303.0,22245.051975792092,0.5695171611401978,0.4716981132075472,497.51243781094524
0.43,16,4510,116.5,54.0,60.0,400.75,706.0,93063.484375,0.6044112415510494,0.4375,976.7441860465116
1.3,24,3825,112.0,54.0,60.0,184.0,273.8999999999999,30284.984375,0.5053128689492326,0.4583333333333333,507.6923076923077
2.81,54,8692,97.5,54.0,60.0,184.0,353.2000000000001,28535.99862825789,0.4660145049755439,0.5,533.8078291814946
5.31,119,26827,83.0,54.0,60.0,220.0,515.2,110194.59896899939,0.31873371675760703,0.5042016806722689,610.1694915254237
9.34,174,29395,112.0,54.0,60.0,184.0,364.0,40475.63393446955,0.5009701797385621,0.47126436781609193,513.9186295503212
6.67,145,25860,112.0,54.0,60.0,220.0,421.99999999999994,34238.30868014269,0.7040063257775435,0.4413793103448276,575.712143928036
1.72,33,4892,112.0,54.0,54.0,148.0,291.20000000000005,38384.1230486685,0.3749297358066329,0.45454545454545453,523.2558139534884
3.03,70,11496,112.0,54.0,60.0,175.0,297.1,49323.00489795919,0.49259932485068814,0.4714285714285714,653.4653465346535
0.26,8,1603,148.0,60.0,126.0,226.75,398.5,20198.984375,0.6441025641025641,0.25,461.53846153846155
6.83,156,27631,112.0,54.0,60.0,193.0,364.0,39629.86337113741,0.5401895206243033,0.47435897435897434,632.5036603221084
9.5,195,34424,112.0,54.0,60.0,184.0,349.5999999999998,55147.089914529926,0.47073399982910363,0.4512820512820513,543.1578947368421
8.77,208,38302,112.0,54.0,60.0,148.0,334.0000000000002,80443.36381286985,0.37583964941269443,0.4807692307692308,663.6259977194983
0.25,8,1212,86.0,54.0,54.0,112.0,274.5999999999999,36759.75,0.2921108742004264,0.5,960.0
8.27,207,27888,112.0,54.0,60.0,148.0,274.20000000000005,13556.05461037597,0.6322135081353155,0.48792270531400966,703.7484885126964
0.52,15,2198,112.0,54.0,60.0,184.0,295.0,12291.048888888887,0.6907692307692308,0.4666666666666667,807.6923076923077
6.23,129,18728,112.0,54.0,60.0,148.0,292.0,29257.758908719432,0.46107036979247934,0.4806201550387597,568.2182985553771
6.59,132,37293,112.0,54.0,60.0,275.5,867.3000000000001,168072.27978650137,0.27162682851979403,0.4393939393939394,509.8634294385433
2.75,53,7809,112.0,54.0,60.0,184.0,264.00000000000006,28214.86578853685,0.3862950470442038,0.4528301886792453,523.6363636363636
0.77,20,3854,112.0,54.0,60.0,184.0,323.50000000000017,70410.20999999999,0.8910696761530913,0.4,623.3766233766233
9.4,220,37609,91.0,54.0,60.0,184.0,364.0,38376.36568181818,0.6460521708683473,0.509090909090909,638.2978723404254
3.24,56,9014,112.0,54.0,54.0,193.0,380.5,27741.71301020408,0.5254696226095786,0.48214285714285715,481.4814814814814
0.51,22,4179,112.0,54.0,54.0,238.0,464.20000000000016,35364.407024793385,0.23165340406719717,0.45454545454545453,1176.4705882352941
1.18,19,2830,112.0,54.0,60.0,166.0,299.2,18641.41828254848,0.8967828418230563,0.47368421052631576,457.6271186440678
7.57,161,22043,112.0,54.0,60.0,148.0,297.0,10890.377531731026,0.5084513789091905,0.4472049689440994,562.7476882430647
5.39,122,23195,112.0,54.0,60.0,184.0,397.5000000000001,71826.96029293201,0.33627145984560436,0.45081967213114754,589.9814471243043
2.21,54,9989,112.0,54.0,60.0,220.0,360.90000000000015,49395.46262002743,0.5725755667506297,0.48148148148148145,651.5837104072398
3.61,57,15699,112.0,54.0,60.0,364.0,709.3999999999999,101758.06832871653,0.3843915343915344,0.42105263157894735,398.89196675900274
0.59,22,3706,86.0,54.0,60.0,148.0,412.6,38141.42975206612,0.5650337837837838,0.5,1118.6440677966102
1.89,33,4507,112.0,54.0,54.0,184.0,278.6,12174.062442607898,0.3661715671415581,0.45454545454545453,476.1904761904762
7.07,154,25878,112.0,54.0,60.0,220.0,364.0,33422.75172879069,0.660016678427096,0.4805194805194805,611.032531824611
9.81,278,82625,89.0,54.0,54.0,184.0,1509.0,224799.05208063763,0.21763414238766818,0.5071942446043165,795.1070336391437
4.87,109,17642,112.0,54.0,60.0,184.0,309.40000000000015,33336.93258143254,0.47446719598829923,0.46788990825688076,603.6960985626283
2.88,67,14572,112.0,54.0,60.0,148.0,363.4,132167.35442192023,0.2958648288128057,0.47761194029850745,645.8333333333334
4.17,105,19268,112.0,54.0,60.0,220.0,363.6,56573.39283446713,0.4715136703833817,0.44761904761904764,676.2589928057555
9.38,178,33405,112.0,54.0,60.0,220.0,438.7000000000001,53506.940695619254,0.5341691926150455,0.449438202247191,498.93390191897646
8.18,170,32178,112.0,54.0,60.0,184.0,445.5,52695.614394463664,0.4389589482157231,0.4470588235294118,550.1222493887531
2.58,70,13109,112.0,54.0,60.0,184.0,404.6000000000001,60361.39775510204,0.6004150897326334,0.4857142857142857,790.6976744186046
3.88,94,13120,110.0,54.0,60.0,148.0,305.40000000000003,15834.223177908561,0.7840630949143323,0.4787234042553192,695.8762886597939
0.38,11,1607,112.0,54.0,57.0,220.0,297.0,10073.900826446283,0.5990049751243781,0.45454545454545453,789.4736842105264
1.73,46,8950,87.0,54.0,60.0,184.0,414.0,76899.41965973536,0.41211738718838753,0.5217391304347826,728.3236994219653
2.46,52,10301,112.0,54.0,60.0,220.0,559.8,40979.740754437866,0.5899058496681586,0.46153846153846156,585.3658536585366
2.74,79,12191,112.0,54.0,60.0,220.0,300.20000000000005,16099.380868450568,0.5311479527756845,0.46835443037974683,766.4233576642335
2.07,42,5645,83.0,54.0,60.0,148.0,289.4,13796.193310657594,0.645292917516759,0.5238095238095238,579.7101449275362
1.93,50,6297,97.5,54.0,60.0,148.0,257.3,9373.656400000002,0.8385401459854015,0.5,715.0259067357514
6.7,154,25681,112.0,54.0,60.0,184.0,364.0,32411.31240512733,0.5925213940220762,0.4675324675324675,626.8656716417911
2.19,54,7823,97.5,54.0,60.0,184.0,337.90000000000015,16611.557270233196,0.653561614880575,0.5,712.3287671232877
5.44,111,17904,112.0,54.0,60.0,166.0,364.0,36368.10080350621,0.6252723311546841,0.46846846846846846,562.5
0.07,2,316,158.0,79.6,109.0,207.0,236.4,9604.0,4.266666666666667,0.5,857.1428571428571
5.39,134,19346,112.0,54.0,60.0,184.0,297.7,15085.830920026732,0.6141843971631206,0.4925373134328358,679.0352504638219
8.69,181,26012,112.0,54.0,60.0,184.0,298.0,18895.232379963978,0.6106501547987616,0.4861878453038674,579.9769850402763
9.43,188,23880,112.0,54.0,60.0,148.0,267.0,12224.552738795835,0.6653881023781296,0.48404255319148937,566.2778366914105
5.56,114,20816,112.0,54.0,60.0,220.0,361.3,52100.661742074495,0.49133113626594066,0.4473684210526316,550.3597122302159
4.47,100,18727,112.0,54.0,60.0,193.0,328.0,62563.27710000002,0.4106967984934087,0.47,577.1812080536913
1.04,20,3391,112.0,54.0,60.0,229.0,369.1000000000001,21057.8475,0.5434683659535731,0.45,519.2307692307693
9.09,183,32319,112.0,54.0,60.0,220.0,432.6000000000001,32430.522798530856,0.5540969417195615,0.45901639344262296,547.8547854785479
7.89,168,30709,87.0,54.0,60.0,184.0,364.0,69227.37921626984,0.4233603707995365,0.5059523809523809,577.9467680608365
0.66,16,1424,86.0,54.0,58.5,112.0,130.0,1150.0,0.8736842105263158,0.5,727.2727272727273
0.36,13,3732,60.0,54.0,60.0,148.0,288.8000000000001,408141.9171597634,3.529126213592233,0.5384615384615384,1166.6666666666667
2.93,70,10221,112.0,54.0,60.0,175.0,297.0,18068.356938775512,0.4901589152937746,0.4714285714285714,655.2901023890785
3.63,66,7902,71.5,54.0,55.5,112.0,210.5,11866.895316804406,1.0132484076433121,0.5303030303030303,545.4545454545455
1.32,29,5449,112.0,54.0,60.0,148.0,371.0,76211.81688466114,0.3989730423620026,0.41379310344827586,545.4545454545454
2.32,50,7362,112.0,54.0,60.0,175.0,259.6,21928.582400000003,0.6302037201062888,0.48,620.6896551724138
6.16,122,15786,112.0,54.0,54.0,112.0,297.0,13541.287825853262,0.8385744234800838,0.48360655737704916,574.6753246753246
1.83,30,4225,112.0,54.0,54.0,184.0,297.0,12764.338888888888,0.4434574649812094,0.4666666666666667,459.0163934426229
5.18,120,16006,107.5,54.0,60.0,148.0,292.50000000000006,12956.236388888887,0.9100238663484487,0.49166666666666664,660.2316602316603
1.75,46,15630,148.0,54.0,60.0,328.0,1209.0,196367.95274102074,0.2367463206203513,0.34782608695652173,548.5714285714286
6.86,142,22462,112.0,54.0,60.0,148.0,297.0,75799.03689744098,0.8779366273722933,0.49295774647887325,594.7521865889213
8.34,189,25500,112.0,54.0,60.0,148.0,293.0000000000001,16163.34290753338,0.604076240800151,0.4708994708994709,640.2877697841727
5.31,105,13082,105.0,54.0,60.0,148.0,262.0000000000001,8579.156099773243,0.6662845497388867,0.4857142857142857,542.3728813559322
6.84,144,19146,97.5,54.0,60.0,155.25,288.70000000000016,13373.678819444445,0.6746260823930726,0.5,596.4912280701755
5.89,115,16150,112.0,54.0,60.0,184.0,297.6,16231.950094517959,0.6559007484876448,0.48695652173913045,550.0848896434635
7.43,161,22921,112.0,54.0,60.0,148.0,298.0,22163.101732186256,0.6016351058626231,0.4658385093167702,589.5020188425303
3.75,97,12955,112.0,54.0,60.0,148.0,299.0,12889.504516951854,0.6085175068289049,0.4742268041237113,704.0
3.83,88,13947,83.0,54.0,60.0,184.0,374.7999999999999,40094.06805268594,0.5718471768285811,0.5340909090909091,642.2976501305483
4.24,88,12591,112.0,54.0,60.0,148.0,301.59999999999997,15604.777763429749,0.5847702957835117,0.4772727272727273,594.3396226415094
8.65,171,25812,112.0,54.0,54.0,148.0,324.0,21771.535241612804,0.6060228969636635,0.4619883040935672,547.9768786127167
0.95,30,3630,86.0,54.0,55.5,148.0,223.60000000000005,7587.4,0.5473145780051151,0.5,947.3684210526317
3.67,90,17024,112.0,54.0,60.0,256.0,413.5000000000002,51304.75358024691,0.6078579523989422,0.4777777777777778,670.2997275204359
2.3,52,6805,112.0,54.0,58.5,148.0,293.79999999999995,10017.808801775149,0.7781552129605435,0.46153846153846156,626.0869565217391
1.28,24,3429,86.0,54.0,54.0,184.0,313.09999999999997,12535.692708333334,0.3743486973947896,0.5,562.5
8.8,194,31808,112.0,54.0,60.0,184.0,364.0,31347.761186098414,0.5976693957506656,0.4845360824742268,606.8181818181819
3.33,64,10431,112.0,54.0,60.0,229.0,334.3,17996.796630859375,0.7428571428571429,0.453125,522.5225225225225
3.23,66,10471,112.0,54.0,60.0,148.0,292.0,37910.10583103764,0.4043723175965665,0.48484848484848486,557.2755417956656
0.85,19,3286,112.0,54.0,60.0,130.0,233.19999999999982,77718.04986149582,1.5552099533437014,0.47368421052631576,635.2941176470589
9.54,221,30687,112.0,54.0,60.0,148.0,297.0,17425.336500071662,0.5880252535706892,0.49321266968325794,647.7987421383649
0.56,11,1911,112.0,54.0,60.0,148.0,391.0,33886.56198347107,0.36989247311827955,0.45454545454545453,535.7142857142857
3.66,95,12980,112.0,54.0,60.0,148.0,337.20000000000056,14028.148476454295,0.7304359418744167,0.47368421052631576,704.9180327868852
9.78,197,29528,112.0,54.0,54.0,148.0,297.4,33550.03829008735,0.5384775699473766,0.48223350253807107,564.4171779141105
1.16,25,3344,91.0,54.0,60.0,148.0,248.80000000000015,14663.7024,0.6529906080079091,0.52,620.6896551724138
0.28,9,4928,112.0,54.0,60.0,1372.0,1508.0,420953.58024691354,0.04672897196261682,0.3333333333333333,642.8571428571428
0.64,16,2258,112.0,54.0,60.0,184.0,243.5,12009.109375,0.863036303630363,0.4375,656.25
5.63,110,14078,83.0,54.0,54.0,148.0,221.70000000000016,22779.836033057854,0.5889390519187359,0.5181818181818182,575.4884547069272
6.88,144,21792,112.0,54.0,60.0,148.0,297.70000000000005,39474.555555555555,0.55125284738041,0.4652777777777778,584.3023255813954
0.49,13,3143,112.0,55.2,60.0,256.0,464.8000000000002,107933.25443786982,0.3671161374510657,0.46153846153846156,734.6938775510205
6.07,126,24565,112.0,54.0,55.5,220.0,384.0,78876.14921894684,0.3260458839406208,0.4523809523809524,563.4266886326194
6.41,166,63671,112.0,54.0,60.0,329.25,1508.0,282523.04155174916,0.1385680054361432,0.41566265060240964,627.1450858034322
8.47,180,24052,83.0,54.0,54.0,148.0,256.0,23723.701728395055,0.5603996366939146,0.5222222222222223,616.2927981109798
2.72,49,7433,112.0,54.0,54.0,148.0,375.2000000000002,28791.477717617654,0.5504797663746349,0.46938775510204084,507.35294117647055
0.84,17,2324,83.0,54.0,60.0,148.0,220.0,23413.854671280274,0.5229357798165137,0.5882352941176471,500.0
5.86,123,23103,112.0,54.0,60.0,184.0,495.5999999999998,50126.98711084671,0.6752229715031542,0.4796747967479675,583.6177474402731
8.52,164,31289,109.0,54.0,60.0,184.0,381.7000000000005,72427.50933224271,0.5706540836303399,0.49390243902439024,521.1267605633803
3.92,87,20019,112.0,54.0,60.0,261.0,528.0000000000002,100893.01228695994,0.2733922778449208,0.4942528735632184,596.9387755102041
4.46,66,9588,112.0,54.0,60.0,184.0,328.0,16075.077134986228,1.1435278336686787,0.48484848484848486,430.4932735426009
4.65,82,11801,112.0,54.0,54.0,148.0,351.9000000000003,21485.126859012496,0.48908517350157726,0.47560975609756095,503.2258064516129
6.79,145,21850,112.0,54.0,60.0,184.0,298.6,19636.282996432816,0.5637300508122808,0.4482758620689655,574.3740795287188
7.93,164,23661,107.5,54.0,54.0,148.0,276.10000000000025,31617.186905116007,0.4898935835274857,0.49390243902439024,582.5977301387138
7.8,129,32346,112.0,54.0,60.0,184.0,632.6,154832.5779700739,0.3220796206981117,0.4496124031007752,446.15384615384613
5.67,103,15026,112.0,54.0,60.0,141.0,294.4,28716.95730040532,0.6715986205362109,0.49514563106796117,518.5185185185185
1.61,55,6400,83.0,54.0,57.0,112.0,205.60000000000005,11009.831404958679,0.6614745586708204,0.5818181818181818,1006.2111801242236
9.09,196,30869,112.0,54.0,60.0,148.0,298.0,46843.505076010006,0.5169787213130866,0.4897959183673469,613.8613861386139
8.7,163,20992,112.0,54.0,54.0,148.0,289.60000000000014,13426.85573412624,0.6539552473999369,0.49693251533742333,551.7241379310345
0.82,15,1556,112.0,54.0,60.0,112.0,155.2,3977.5288888888886,1.041994750656168,0.4666666666666667,512.1951219512196
5.65,111,12747,112.0,54.0,54.0,133.5,228.0,5932.676406135865,0.7497597803706245,0.4864864864864865,573.4513274336283
6.66,135,19623,112.0,54.0,60.0,148.0,298.8,22179.725432098767,0.7365486725663717,0.48148148148148145,567.5675675675676
6.33,105,15294,112.0,54.0,60.0,148.0,333.4000000000001,18506.377687074833,0.6480603448275862,0.47619047619047616,473.93364928909955
7.89,174,21744,112.0,54.0,54.0,148.0,266.70000000000005,11767.699960364644,0.5911020049758525,0.4885057471264368,638.7832699619771
9.4,279,76771,112.0,54.0,57.0,157.0,819.8000000000018,255761.02657982302,0.7724701590746427,0.4946236559139785,829.7872340425531
4.24,81,13391,112.0,54.0,60.0,184.0,356.0,27512.39079408626,0.6031365976295942,0.4567901234567901,523.5849056603773
0.57,22,8000,112.0,54.0,60.0,247.0,1449.2000000000012,257303.8677685951,0.12644325542100818,0.45454545454545453,1052.6315789473686
3.17,72,12738,112.0,54.0,60.0,221.25,444.9,36234.381944444445,0.7832843343133137,0.4722222222222222,605.6782334384859
3.22,74,12848,112.0,54.0,60.0,220.0,360.90000000000015,30800.694667640608,0.41186813186813187,0.4594594594594595,596.2732919254659
4.71,133,23900,112.0,54.0,60.0,292.0,432.79999999999995,30497.668946803093,0.5632153836091307,0.46616541353383456,764.3312101910828
5.79,127,27919,112.0,54.0,60.0,246.5,508.0,88403.99627999254,0.4066404675534059,0.49606299212598426,590.6735751295337
3.73,86,13418,112.0,54.0,60.0,148.0,296.5,31798.138994050845,0.9755594817432274,0.47674418604651164,611.2600536193029
6.18,123,22966,112.0,54.0,60.0,256.0,430.4,33589.60195650737,0.6105189340813464,0.44715447154471544,533.9805825242719
2.05,42,7629,112.0,54.0,60.0,211.0,468.4,38427.8962585034,0.8440899202320522,0.4523809523809524,556.0975609756098
6.55,147,25248,112.0,54.0,60.0,202.0,402.80000000000007,37809.49104539775,0.692111788754105,0.46258503401360546,613.7404580152672
0.88,24,3158,101.5,54.0,54.0,112.0,286.79999999999995,18844.40972222222,0.42960615663196017,0.5,750.0
2.36,49,7670,112.0,54.0,60.0,220.0,338.0000000000001,16942.004164931277,0.4957098283931357,0.42857142857142855,533.8983050847457
1.34,28,3906,112.0,54.0,54.0,184.0,297.3,10691.964285714286,0.6967854039965248,0.4642857142857143,582.0895522388059
5.06,97,18846,83.0,54.0,60.0,148.0,573.4000000000001,70163.0713146987,0.5045505348874342,0.5051546391752577,533.596837944664
9.98,201,38492,112.0,54.0,60.0,184.0,400.0,66225.28481968268,0.4736036139504613,0.4626865671641791,547.0941883767536
2.27,63,10183,112.0,54.0,60.0,220.0,356.40000000000015,27034.23179642227,0.7227203518863137,0.4603174603174603,766.5198237885462
6.56,177,28905,112.0,54.0,60.0,237.0,328.0,23136.200708608638,0.6154362041021628,0.4858757062146893,722.5609756097562
2.48,45,7072,112.0,54.0,54.0,184.0,313.6,29892.220246913585,0.5913591359135913,0.4888888888888889,532.258064516129
1.43,37,5951,112.0,54.0,54.0,184.0,297.4,25117.216946676406,0.5274640657084189,0.4864864864864865,671.3286713286714
4.6,90,14528,112.0,54.0,60.0,220.0,297.1,23515.02172839506,0.6160177975528365,0.45555555555555555,534.7826086956522
3.19,70,13605,112.0,54.0,60.0,220.0,511.1,52294.62959183673,1.007525453740593,0.45714285714285713,601.8808777429467
5.83,95,18397,112.0,54.0,60.0,184.0,579.2000000000004,59610.73196675899,0.5226783645091873,0.47368421052631576,452.8301886792453
1.27,28,7064,112.0,54.0,60.0,258.5,826.0000000000001,113031.84693877553,0.3574173712528824,0.4642857142857143,614.1732283464567
3.36,67,10471,83.0,54.0,57.0,184.0,367.2,28257.994208064156,0.5947304294852269,0.5074626865671642,571.4285714285714
5.66,123,21537,112.0,54.0,60.0,166.0,413.59999999999997,52874.15308348206,0.4638075171616937,0.44715447154471544,583.0388692579505
2.69,45,7378,91.0,54.0,54.0,220.0,295.0,33815.55358024692,0.4080152671755725,0.5111111111111111,490.7063197026023
4.78,107,14697,112.0,54.0,60.0,148.0,300.0,13824.210324045769,0.593170731707317,0.4485981308411215,602.510460251046
9.38,185,33677,112.0,54.0,60.0,184.0,415.5999999999998,51851.128298027754,0.5192403121757567,0.4648648648648649,530.9168443496801
9.74,215,34516,112.0,54.0,60.0,184.0,294.4,32363.653088155756,0.5793182338137726,0.48372093023255813,609.8562628336756
0.16,7,688,112.0,54.0,57.0,130.0,148.0,1529.6326530612246,1.15,0.42857142857142855,1125.0
7.5,166,36085,112.0,54.0,60.0,220.0,498.5,91473.4403033822,0.32963631673974725,0.4457831325301205,560.0
4.64,100,33266,112.0,54.0,60.0,465.25,1057.6000000000008,195786.00439999998,0.25210779885576634,0.44,543.1034482758621
1.88,53,8103,112.0,54.0,60.0,148.0,288.8000000000001,29760.440014239946,1.0970496894409938,0.4716981132075472,734.0425531914894
6.52,156,22140,83.0,54.0,60.0,148.0,298.0,24334.904339250497,0.525213557453844,0.532051282051282,680.9815950920246
1.14,24,3839,112.0,54.0,60.0,184.0,338.79999999999995,24949.37326388889,0.9798865394533265,0.4583333333333333,578.9473684210526
6.41,129,17812,112.0,54.0,60.0,148.0,327.2,16574.397091520943,0.6294940993504712,0.4883720930232558,580.3432137285491
4.65,100,13758,112.0,54.0,60.0,184.0,292.3,12374.563599999996,0.7419599898708534,0.48,619.3548387096774
5.66,137,29978,112.0,54.0,60.0,184.0,343.0000000000002,124174.17837924235,0.29271237602414835,0.43795620437956206,636.0424028268551
5.05,128,30417,112.0,54.0,60.0,220.0,591.9,119403.62298583984,0.347375415282392,0.46875,665.3465346534654
9.61,262,77326,103.5,54.0,60.0,292.0,997.3000000000006,194403.40860089744,0.3412544230902657,0.5,711.7585848074923
1.95,41,6530,83.0,54.0,60.0,148.0,256.0,50752.635336109466,1.1810287241148965,0.5365853658536586,584.6153846153846
8.92,208,47076,112.0,54.0,60.0,266.75,540.7,90845.95081360947,0.46303260092612736,0.4807692307692308,632.286995515695
8.24,182,33306,112.0,54.0,60.0,211.0,400.0,50276.17582417582,0.6434422184940294,0.4835164835164835,618.9320388349514
0.92,14,2147,86.0,55.8,60.0,112.0,194.2000000000001,49219.65816326531,0.3683875079668579,0.5,456.52173913043475
2.09,54,10401,112.0,54.0,60.0,220.0,391.6,63550.756172839516,0.43087082129591414,0.46296296296296297,717.7033492822966
4.18,86,15667,112.0,54.0,60.0,211.0,364.0,55991.53934559222,0.6060481804202973,0.46511627906976744,574.1626794258373
9.1,202,38654,112.0,54.0,60.0,220.0,417.10000000000014,63939.15018135477,0.5028187084483496,0.4504950495049505,586.8131868131868
1.25,50,42055,1274.5,54.0,112.0,1509.0,1509.0,467525.53,0.019490436595476474,0.22,528.0
6.23,137,34256,112.0,54.0,60.0,220.0,691.2,148685.22435931588,0.27964138961524093,0.45255474452554745,597.1107544141252
9.54,217,40442,112.0,54.0,60.0,184.0,377.20000000000016,69561.91017010342,0.4661397911832947,0.4838709677419355,641.5094339622642
5.07,104,17161,112.0,54.0,60.0,184.0,364.0,35351.81721523669,0.6201850453172205,0.4807692307692308,568.0473372781065
9.27,221,39733,112.0,54.0,60.0,220.0,363.0,58598.69232816691,0.505722298014249,0.4751131221719457,640.7766990291262
9.7,173,29122,112.0,54.0,60.0,184.0,385.6000000000003,34314.962745163546,0.664685034869098,0.48554913294797686,507.21649484536084
7.61,180,31641,83.0,54.0,60.0,184.0,331.5999999999998,65738.56972222222,0.4465118405412819,0.5166666666666667,662.2864651773982
5.79,139,18480,112.0,54.0,60.0,184.0,271.20000000000005,9209.6881113814,0.6774076427339566,0.45323741007194246,652.8497409326425
9.98,203,36695,112.0,54.0,54.0,157.0,364.0,69233.59926229707,0.33733007762673567,0.45320197044334976,553.1062124248497
7.69,183,48801,112.0,54.0,60.0,184.0,809.2000000000013,179832.89796649647,0.2462905738437572,0.45901639344262296,624.187256176853
5.41,1868,2272335,1514.0,54.0,1514.0,1514.0,1514.0,343745.01870881836,0.013504110955202764,0.18147751605995718,3737.5231053604434
9.71,158,25485,112.0,54.0,60.0,184.0,410.8000000000004,28701.03176574267,1.1241040173362227,0.4936708860759494,463.4397528321318
3.14,75,11646,83.0,54.0,60.0,148.0,350.8000000000003,33664.73493333335,0.6851396324699754,0.56,687.8980891719744
4.96,91,17699,112.0,54.0,54.0,238.0,472.0,52788.42579398622,0.5494178411975839,0.4945054945054945,532.258064516129
5.94,74,13032,83.0,54.0,60.0,220.0,317.2000000000001,47286.20452885317,1.3359024914859294,0.527027027027027,363.6363636363636
4.86,174,124908,202.0,54.0,54.0,1509.0,1509.0,487426.4637336504,0.05460992907801419,0.3793103448275862,814.8148148148148
4.86,85,14091,112.0,54.0,60.0,220.0,349.6000000000003,29559.51474048443,0.7445833849201436,0.47058823529411764,493.82716049382714
8.55,129,18780,112.0,54.0,60.0,148.0,328.0,20599.762754642154,0.6682952829350626,0.4883720930232558,428.07017543859644
8.82,149,28028,112.0,54.0,60.0,256.0,368.8000000000004,54309.90793207513,0.5447530864197531,0.46308724832214765,469.38775510204084
2.75,45,6909,112.0,54.0,60.0,184.0,256.0,27488.871111111115,0.45821021528070915,0.4444444444444444,436.3636363636364
2.19,36,7302,148.0,60.0,60.0,258.75,434.0,37906.86111111111,0.5832610581092801,0.3888888888888889,383.56164383561645
0.82,26,3811,97.5,54.0,60.0,220.0,279.0,14563.782544378697,0.4702932098765432,0.5,804.8780487804879
8.79,171,29437,112.0,54.0,60.0,220.0,400.0,36959.002017714854,0.552584388185654,0.47953216374269003,518.7713310580206
7.1,121,18590,112.0,54.0,60.0,184.0,328.0,21360.016528925622,0.5591713494925774,0.48760330578512395,481.6901408450704
4.46,72,10274,112.0,54.0,60.0,157.0,277.59999999999997,21669.878858024687,0.8021399754429047,0.4861111111111111,457.39910313901345
8.55,193,37235,112.0,54.0,60.0,220.0,392.8000000000004,73231.08282101531,0.46019607843137256,0.49222797927461137,617.5438596491227
2.32,39,5684,83.0,54.0,60.0,184.0,338.4000000000001,20898.54963839579,0.7779167969971849,0.6410256410256411,491.3793103448277
9.69,183,48119,112.0,54.0,60.0,268.0,601.6000000000008,149369.47242378097,0.30012698927345927,0.44808743169398907,495.35603715170276
3.5,60,11395,112.0,54.0,60.0,238.0,388.3,46804.509722222225,0.9677085132101537,0.45,462.85714285714283
8.53,144,37085,112.0,54.0,60.0,184.0,768.8000000000025,158942.8737943673,0.2981762173136836,0.4444444444444444,450.1758499413834
0.69,14,2068,71.5,54.0,60.0,166.0,281.20000000000005,25642.06122448979,0.674493927125506,0.6428571428571429,608.695652173913
8.9,174,46692,112.0,54.0,60.0,292.0,639.1000000000006,147033.5592548553,0.45055764391562336,0.4540229885057471,519.1011235955056
5.95,91,15658,112.0,54.0,60.0,263.0,394.0,25786.545103248398,0.6696523779057368,0.4725274725274725,413.4453781512605
6.5,115,22579,83.0,54.0,60.0,256.0,493.6000000000003,47615.6502079395,0.8176622122041539,0.5217391304347826,498.46153846153845
7.18,117,21987,112.0,54.0,60.0,220.0,433.40000000000015,52499.11374095991,0.4558034827517712,0.49572649572649574,459.61002785515325
0.36,10,2166,166.0,59.4,60.0,328.0,443.2,26883.24,2.5162337662337664,0.4,666.6666666666666
0.08,2,120,60.0,60.0,60.0,60.0,60.0,0.0,0.0,1.0,1500.0
0.45,12,1050,86.0,54.0,58.5,112.0,112.0,1024.75,1.0348837209302326,0.5,799.9999999999999
6.86,145,25115,112.0,54.0,60.0,184.0,407.1999999999996,37439.350297265155,0.5283271465952656,0.4482758620689655,568.5131195335276
1.06,14,2679,184.0,54.0,55.5,285.75,314.5,16114.943877551019,0.27875894988066824,0.35714285714285715,283.0188679245283
1.12,31,6372,112.0,54.0,60.0,184.0,489.0,82272.69927159211,0.6193138500635325,0.4838709677419355,749.9999999999999
1.18,27,4320,91.0,54.0,60.0,148.0,263.2000000000002,62853.40740740741,0.5248852806212495,0.5185185185185185,661.0169491525425
6.89,147,23216,112.0,54.0,60.0,220.0,328.0,24388.17224304688,0.5388082455093789,0.46938775510204084,574.7460087082728
1.98,22,3128,86.0,54.0,60.0,148.0,292.0,17391.14876033058,0.6173733195449845,0.5,333.3333333333333
2.76,51,8833,112.0,54.0,60.0,220.0,466.0,27193.25567089581,0.9114910192599005,0.43137254901960786,478.2608695652174
7.19,142,22273,112.0,54.0,60.0,184.0,325.2000000000001,38012.5062983535,0.55918795939797,0.45774647887323944,542.4200278164117
3.28,46,8857,112.0,54.0,60.0,220.0,445.5,49022.72637051041,0.6657889787474139,0.45652173913043476,384.1463414634147
0.58,20,2143,75.5,54.0,60.0,121.0,155.2000000000001,5435.327500000001,1.301825993555317,0.55,1034.4827586206898
4.43,110,23355,112.0,54.0,60.0,211.0,472.80000000000007,90931.67148760331,0.39166964604933857,0.4636363636363636,663.6568848758465
9.25,178,26986,101.5,54.0,60.0,184.0,273.0000000000001,35649.294786011866,0.5702315838473175,0.5,531.8918918918919
0.53,9,1324,60.0,58.8,60.0,256.0,311.2,13546.765432098766,1.4609665427509293,0.5555555555555556,566.0377358490566
1.05,24,3088,112.0,54.0,60.0,157.0,261.99999999999994,8133.5555555555575,0.8250591016548463,0.4583333333333333,628.5714285714286
2.94,71,11577,112.0,54.0,60.0,220.0,391.0,27910.109502082916,0.48613607188703467,0.4788732394366197,653.0612244897959
9.17,216,37292,112.0,54.0,60.0,220.0,398.5,33671.218792866945,0.5556482562990155,0.4537037037037037,628.135223555071
7.61,148,22951,83.0,54.0,60.0,148.0,297.0,40707.420151570484,0.49869400548517695,0.5202702702702703,528.2522996057819
9.3,133,17570,112.0,54.0,60.0,148.0,284.7999999999999,15531.628017411953,0.7215363511659808,0.49624060150375937,412.90322580645164
9.27,189,37950,112.0,54.0,60.0,184.0,468.0000000000001,78760.99974804737,0.38609883487344315,0.4497354497354497,530.7443365695793
9.7,224,68481,112.0,54.0,60.0,243.25,1509.0,207341.03250558037,0.19236327546880713,0.44642857142857145,587.6288659793815
8.36,188,32597,87.0,54.0,60.0,184.0,365.8000000000004,58311.00348008148,0.5007135951383453,0.526595744680851,602.8708133971292
0.23,8,2986,122.0,54.0,54.0,377.75,1048.3999999999999,247670.1875,0.05736543909348442,0.5,1043.4782608695652
2.25,41,5395,83.0,54.0,60.0,184.0,296.0,10274.779298036881,0.8476027397260274,0.5609756097560976,506.6666666666667
7.48,131,35497,112.0,54.0,60.0,262.5,663.0,150445.8921974244,0.27083631676929687,0.45038167938931295,457.21925133689837
9.64,184,30289,112.0,54.0,60.0,184.0,328.0,41679.802191635164,0.6471259992386753,0.4891304347826087,541.4937759336099
6.7,124,26131,112.0,54.0,60.0,157.0,372.90000000000015,112474.71143340271,0.32725518082080457,0.46774193548387094,501.4925373134328
4.29,90,14889,112.0,54.0,60.0,184.0,388.2000000000001,26803.712222222217,0.5842732496275803,0.4777777777777778,573.4265734265734
0.94,15,2234,112.0,54.0,60.0,166.0,248.79999999999995,20074.59555555556,0.6721556886227545,0.4666666666666667,446.8085106382979
0.79,24,4512,109.0,55.800000000000004,60.0,259.0,425.2,41326.75,0.5263870094722598,0.4583333333333333,835.4430379746835
8.06,140,18484,112.0,54.0,60.0,148.0,292.0,12982.370612244895,0.71163996666358,0.4928571428571429,506.2034739454094
8.76,169,27895,112.0,54.0,60.0,184.0,328.0000000000008,34502.1148419173,0.5445736434108527,0.46745562130177515,527.3972602739726
9.18,184,25511,91.0,54.0,60.0,148.0,297.70000000000005,20519.68498936673,0.6759295756142425,0.5054347826086957,562.0915032679738
0.31,13,1883,66.0,54.0,60.0,220.0,287.0,13896.59171597633,1.3104294478527607,0.5384615384615384,1354.8387096774193
1.92,44,5312,89.0,54.0,60.0,148.0,273.9000000000002,8295.925619834708,0.8241758241758241,0.5,687.5
9.44,215,31478,112.0,54.0,60.0,184.0,298.0,20115.274332071385,0.5676294820717132,0.4883720930232558,635.5932203389831
7.5,1828,2133302,1514.0,54.0,1514.0,1514.0,1514.0,378149.5698195826,0.016044370039269104,0.19474835886214442,2808.0
3.8,73,8095,83.0,54.0,60.0,112.0,212.7999999999999,6469.960592981797,0.6690721649484536,0.5616438356164384,552.6315789473684
7.61,149,29088,112.0,54.0,60.0,220.0,474.00000000000017,47687.39390117562,0.7347328244274809,0.4563758389261745,528.2522996057819
1.46,22,3814,86.0,54.0,55.5,148.0,540.4000000000001,37460.50413223141,0.780578898225957,0.5,452.054794520548
4.53,100,18106,112.0,54.0,60.0,220.0,463.9000000000001,33852.83640000001,0.8528448628735161,0.45,596.0264900662252
3.41,58,9409,97.0,54.0,60.0,184.0,390.70000000000033,28955.38079667063,1.589870630333058,0.5,492.6686217008798
0.5,10,2546,86.0,54.0,60.0,251.5,579.9999999999998,124836.04000000001,0.492379835873388,0.5,600.0
7.51,160,28409,112.0,54.0,60.0,184.0,315.3999999999997,56751.6343359375,0.620778183477864,0.46875,567.2436750998668
1.54,36,7966,112.0,54.0,54.0,266.5,501.5,79720.2561728395,0.2536984576644633,0.4444444444444444,623.3766233766233
4.82,103,15007,112.0,54.0,60.0,157.0,362.2,17678.38514468847,0.8017769240004803,0.47572815533980584,609.9585062240664
3.92,82,12753,112.0,54.0,60.0,184.0,297.40000000000003,24756.63964901844,0.5273053892215569,0.4634146341463415,551.0204081632654
2.51,55,8777,112.0,54.0,60.0,202.0,382.6,20836.061487603307,0.6226659271584396,0.4727272727272727,621.5139442231076
6.81,153,21402,83.0,54.0,54.0,148.0,320.8000000000004,23006.19530949635,0.5582089552238806,0.5294117647058824,651.9823788546256
7.96,189,29804,112.0,54.0,60.0,148.0,392.8000000000002,27772.498418297364,0.5990128225763185,0.47619047619047616,655.7788944723619
5.55,114,22899,112.0,54.0,60.0,256.0,497.2000000000001,51519.658125577094,0.5324232081911263,0.43859649122807015,540.5405405405405
8.97,205,41101,112.0,54.0,60.0,256.0,424.79999999999984,71291.66458060678,0.4520756050167815,0.47317073170731705,628.76254180602
2.52,59,9630,112.0,54.0,60.0,184.0,403.00000000000006,26226.78195920713,0.739208957919451,0.4745762711864407,642.8571428571428
8.56,237,35167,112.0,54.0,60.0,148.0,296.6,31891.01290747566,0.535878062628292,0.4388185654008439,728.9719626168225
6.02,1475,1781683,1514.0,54.0,1514.0,1514.0,1514.0,346424.3862503879,0.013465217225603253,0.17491525423728813,2571.4285714285716
3.05,75,11598,112.0,54.0,60.0,184.0,364.0,20145.4304,0.7639543726235741,0.49333333333333335,688.5245901639345
3.83,68,11591,87.0,54.0,58.5,241.75,400.0,24821.6598183391,0.503177279211516,0.5147058823529411,501.3054830287206
9.99,229,47402,112.0,54.0,60.0,292.0,514.0000000000005,51823.14845254667,0.5200256533589867,0.48034934497816595,624.6246246246246
9.92,197,36642,112.0,54.0,60.0,256.0,400.0,43158.53807106599,0.6233386496544391,0.47715736040609136,550.4032258064516
2.23,56,8468,87.0,54.0,60.0,148.0,365.0,21869.16836734694,0.5617853190704537,0.5178571428571429,699.5515695067264
1.27,37,6206,83.0,54.0,54.0,184.0,297.8,58883.27830533235,0.5663806158505805,0.5405405405405406,850.3937007874016
9.13,191,29964,112.0,54.0,60.0,184.0,298.0,26474.82843123818,0.5880856476574093,0.4816753926701571,565.169769989047
1.71,57,10440,112.0,54.0,60.0,220.0,414.4,31428.238227146812,0.4615707685846283,0.42105263157894735,807.0175438596491
4.48,77,15400,112.0,54.0,60.0,267.0,511.6,40809.142857142855,0.6782911944202267,0.44155844155844154,455.35714285714283
4.1,88,17033,112.0,54.0,60.0,229.0,385.5999999999998,52683.65586260331,0.45060466700732416,0.4431818181818182,556.0975609756098
8.51,160,32245,112.0,54.0,60.0,292.0,475.3999999999998,45670.7615234375,0.43918768132113367,0.45,479.43595769682724
2.93,87,43908,148.0,54.0,60.0,970.5,1508.0,347934.19104240986,0.14894285116181705,0.3563218390804598,614.3344709897611
7.17,169,47755,112.0,54.0,60.0,266.0,826.6000000000025,172869.8539967088,0.28087868465520477,0.4556213017751479,644.3514644351465
5.06,103,17502,83.0,54.0,60.0,184.0,322.4,45339.21726835706,0.4340024580090127,0.5145631067961165,557.3122529644269
5.44,106,20212,83.0,54.0,55.5,148.0,400.0,85774.95372018512,0.3846680824827019,0.5094339622641509,573.5294117647059
3.02,71,13292,112.0,54.0,60.0,240.5,386.0,41579.49057726642,0.7582010582010582,0.43661971830985913,615.8940397350993
6.56,118,18211,97.5,54.0,60.0,184.0,339.9999999999999,22360.441611605864,0.6708872373612258,0.5,521.3414634146342
2.16,49,9218,112.0,54.0,60.0,220.0,305.6000000000001,62621.9850062474,0.5882150241212957,0.42857142857142855,583.3333333333333
9.43,185,32655,112.0,54.0,60.0,184.0,436.0,51412.55252008765,0.5902118334550767,0.4918918918918919,553.5524920466596
8.8,157,27767,112.0,54.0,60.0,220.0,302.80000000000007,50772.044058582505,0.5397027836309194,0.45222929936305734,484.09090909090907
0.55,11,1957,106.0,54.0,57.0,272.0,374.0,22470.991735537187,0.2699545749513303,0.45454545454545453,545.4545454545455
1.55,25,5482,112.0,54.0,60.0,220.0,611.2,68706.2016,1.879201680672269,0.48,464.51612903225805
5.22,119,22710,112.0,54.0,60.0,279.5,405.4000000000001,44248.10055787022,0.5376802762543165,0.4369747899159664,597.7011494252874
1.8,35,7010,112.0,54.0,60.0,256.0,484.6,38954.60408163266,0.4242177976432345,0.45714285714285713,533.3333333333333
8.21,175,38542,112.0,54.0,60.0,220.0,527.3999999999999,101754.42240000001,0.3053579895685159,0.4742857142857143,555.4202192448233
7.31,138,24461,92.0,54.0,60.0,211.0,374.7999999999999,45857.8124868725,0.4465405085748078,0.5072463768115942,525.3077975376198
3.32,71,13884,112.0,54.0,60.0,220.0,422.0,60344.07855584209,0.6091794158553546,0.4507042253521127,578.3132530120482
3.53,66,16220,112.0,54.0,60.0,292.0,567.0,105191.69880624425,0.4954822054213535,0.45454545454545453,509.915014164306
0.43,18,2754,83.0,54.0,55.5,247.0,293.8,17111.555555555555,0.7244834063869756,0.5555555555555556,1116.2790697674418
9.68,222,35625,83.0,54.0,60.0,184.0,328.0,37945.438458729,0.6303601665827651,0.509009009009009,644.6280991735538
1.92,35,5659,83.0,54.0,60.0,184.0,398.40000000000015,23887.358367346933,0.6792284866468843,0.5428571428571428,531.25
5.43,113,15077,112.0,54.0,60.0,148.0,292.0,14718.828412561674,0.730204268992426,0.4690265486725664,585.6353591160221
3.17,65,10900,112.0,54.0,60.0,184.0,297.6,45018.182248520716,0.5408538309301668,0.4461538461538462,548.8958990536278
1.11,20,3277,130.0,54.0,58.5,205.5,307.30000000000007,19936.4275,1.112830431979368,0.45,486.4864864864864
3.35,78,11585,112.0,54.0,60.0,148.0,293.5,29413.223701512172,0.49831867563372995,0.44871794871794873,608.955223880597
5.75,109,15775,112.0,54.0,60.0,184.0,304.0000000000001,14152.034340543723,0.5934343434343434,0.45871559633027525,511.30434782608694
3.52,60,8021,83.0,54.0,54.0,148.0,220.0,35301.71638888888,0.4768919167740748,0.5333333333333333,494.3181818181818
8.39,179,24073,112.0,54.0,60.0,148.0,292.80000000000007,14882.797290970944,0.6628445119845272,0.49162011173184356,600.715137067938
4.04,86,16085,112.0,54.0,60.0,220.0,444.5,40308.126690102756,0.38116091361840976,0.4418604651162791,534.6534653465347
4.12,100,22319,112.0,54.0,60.0,193.0,508.9000000000001,108677.99390000003,0.3997491376607087,0.49,655.3398058252427
0.44,5,816,112.0,60.0,60.0,112.0,328.0,24380.159999999996,2.5172413793103448,0.4,272.72727272727275
2.47,56,9035,112.0,54.0,60.0,193.0,342.0,25353.759885204083,0.5842539014553744,0.48214285714285715,655.8704453441295
9.91,210,35810,112.0,54.0,60.0,220.0,357.69999999999993,35062.28752834466,0.5821330741362551,0.4666666666666667,569.1220988900101
5.31,112,26308,112.0,54.0,60.0,256.0,537.6000000000004,108404.16709183676,0.31356101457958857,0.44642857142857145,564.9717514124294
2.84,62,9926,112.0,54.0,60.0,184.0,390.6,24609.31321540062,0.6955927570891698,0.43548387096774194,570.4225352112676
8.77,195,31249,112.0,54.0,60.0,184.0,363.39999999999964,27088.97788297173,0.6842190363263986,0.46153846153846156,602.0524515393387
7.75,147,23120,112.0,54.0,60.0,184.0,358.6,23467.752140311906,0.6912948061448427,0.47619047619047616,541.9354838709677
5.5,121,15404,78.0,54.0,60.0,148.0,268.0,14925.336247524074,0.7238137869292749,0.5206611570247934,654.5454545454546
8.55,190,29770,112.0,54.0,60.0,175.0,330.6999999999998,32880.82659279778,0.5021697446765566,0.4842105263157895,610.5263157894736
4.27,89,12645,83.0,54.0,60.0,148.0,297.2,18777.578083575307,0.7076299797434166,0.5168539325842697,604.2154566744732
7.58,171,35963,112.0,54.0,60.0,256.0,414.0,74672.90393625389,0.4283501469536897,0.43859649122807015,577.8364116094987
2.71,58,11211,112.0,54.0,60.0,286.5,372.4000000000001,49957.414090368606,0.6552487819282445,0.41379310344827586,531.3653136531365
9.51,202,30176,97.5,54.0,60.0,184.0,300.9,26524.732085089698,0.5850404454249396,0.5,599.3690851735016
9.81,196,28632,87.0,54.0,60.0,148.0,341.5,23309.03415243649,0.6854250058865081,0.5051020408163265,562.6911314984709
2.78,52,8493,112.0,54.0,54.0,184.0,324.9,34859.37389053254,0.5537870472008781,0.4230769230769231,474.8201438848921
9.14,178,22641,112.0,54.0,60.0,112.0,293.50000000000006,21853.281561671505,0.5400993129719067,0.4887640449438202,571.1159737417943
7.94,158,23028,107.5,54.0,60.0,148.0,328.0,28070.784008972914,0.5719844357976653,0.4936708860759494,559.1939546599497
3.23,64,10448,109.0,54.0,60.0,184.0,389.2000000000001,30756.0625,0.47404063205417607,0.484375,538.6996904024768
1.06,10,1243,86.0,54.0,55.5,193.0,227.69999999999996,7154.009999999999,0.6595460614152203,0.5,283.0188679245283
3.61,85,12048,112.0,54.0,54.0,148.0,280.60000000000036,30946.544775086506,0.5297105129507365,0.4823529411764706,681.4404432132964
2.8,82,49527,148.0,54.0,60.0,1509.0,1509.0,435726.2559488401,0.05822400752104611,0.3780487804878049,621.4285714285714
9.5,180,24540,83.0,54.0,60.0,148.0,270.39999999999986,30075.133333333335,0.6251655629139072,0.5222222222222223,549.4736842105264
2.42,52,6296,112.0,54.0,60.0,148.0,261.3999999999999,7584.609467455622,0.7571867150432599,0.4807692307692308,570.2479338842975
0.8,9,1021,93.0,54.0,54.0,112.0,206.8,5879.802469135802,0.3668005354752343,0.5555555555555556,300.0
6.11,149,21901,112.0,54.0,60.0,184.0,303.2000000000005,18240.845457411826,0.5415640177377349,0.4563758389261745,667.7577741407528
8.3,184,30607,112.0,54.0,60.0,184.0,350.40000000000055,44478.38820297732,0.4635394252378903,0.45108695652173914,592.7710843373494
5.88,115,21187,112.0,54.0,60.0,184.0,360.80000000000007,67797.50139886579,0.3938815789473684,0.4608695652173913,520.4081632653061
0.92,25,4098,112.0,56.400000000000006,60.0,220.0,357.8000000000002,15408.873600000003,0.5499243570347958,0.4,652.1739130434783
3.15,61,12057,112.0,54.0,60.0,220.0,364.0,79371.79951625907,0.4348446983220278,0.4918032786885246,552.3809523809524
8.79,179,25215,112.0,54.0,60.0,148.0,297.0,17902.48481632908,0.7158897584212317,0.4692737430167598,566.5529010238909
1.1,26,8864,112.0,54.0,60.0,256.75,1509.0,254811.22485207103,0.1611212994498297,0.38461538461538464,545.4545454545455
4.6,82,13422,83.0,54.0,55.5,148.0,352.4000000000002,35103.24092801903,0.5884023668639053,0.524390243902439,521.7391304347826
5.8,128,18858,83.0,54.0,58.5,148.0,292.0,41597.173583984375,0.5149421593830334,0.5234375,631.0344827586207
6.4,154,21673,112.0,54.0,55.5,148.0,294.80000000000007,17256.117431270028,0.615218363392458,0.4805194805194805,675.0
9.29,235,39564,86.0,54.0,60.0,148.0,344.1999999999998,53399.89776369398,0.49484263422375036,0.5106382978723404,691.0656620021529
5.21,133,23322,83.0,54.0,60.0,220.0,428.7999999999999,37894.42399231161,0.5168780487804878,0.5263157894736842,702.4952015355086
0.45,7,1756,112.0,54.0,54.0,397.0,641.2,65726.69387755102,0.18488529014844804,0.42857142857142855,399.99999999999994
0.94,23,3182,83.0,55.2,60.0,166.0,312.80000000000007,11769.792060491494,0.8069278818852924,0.5217391304347826,638.2978723404256
2.4,81,39916,148.0,54.0,60.0,1504.0,1508.0,372554.6102728243,0.10149566753132071,0.3950617283950617,800.0
5.64,97,17904,112.0,54.0,60.0,256.0,471.4,34383.00690827931,0.4045657801835726,0.4536082474226804,468.0851063829787
4.9,93,14984,112.0,54.0,60.0,220.0,351.19999999999993,22982.25482714765,0.5928563835441693,0.4731182795698925,526.5306122448978
5.67,122,27973,112.0,54.0,60.0,184.0,540.7000000000002,116024.97507390485,0.32755920459399174,0.4344262295081967,560.8465608465608
7.28,155,22244,112.0,54.0,57.0,148.0,297.0,28298.907970863682,0.47751577548987045,0.4838709677419355,585.1648351648352
8.99,197,25011,112.0,54.0,60.0,148.0,293.20000000000005,11367.358756989357,0.6724172517552658,0.4720812182741117,620.6896551724137
4.73,110,13232,83.0,54.0,60.0,148.0,220.0,11754.42446280992,0.7262883235485975,0.5454545454545454,684.9894291754756
3.51,71,12560,112.0,54.0,60.0,220.0,374.0,39116.53957548107,0.5598609041231992,0.43661971830985913,529.9145299145299
9.88,233,33346,106.0,54.0,60.0,148.0,300.40000000000003,31072.806314354657,0.5761958782378521,0.4978540772532189,680.161943319838
7.87,175,32275,112.0,54.0,60.0,148.0,333.1999999999999,81881.84489795919,0.3945901568508836,0.44571428571428573,594.6632782719186
9.74,216,32909,112.0,54.0,60.0,184.0,324.5,27734.034957990396,0.602580959337716,0.47685185185185186,616.0164271047228
2.78,51,9004,112.0,54.0,60.0,148.0,364.0,77200.12995001923,0.456957928802589,0.47058823529411764,517.9856115107914
8.22,138,18247,112.0,54.0,60.0,148.0,272.29999999999995,13383.29011762235,0.6192208714171621,0.47101449275362317,467.1532846715328
6.12,151,45773,112.0,54.0,60.0,220.0,1509.0,217782.68444366482,0.17505262617446218,0.44370860927152317,617.6470588235294
3.68,83,11326,112.0,54.0,57.0,166.0,300.4,13311.718101320945,0.6393110435663627,0.4939759036144578,635.8695652173913
6.46,143,18498,83.0,54.0,60.0,148.0,292.0,12485.236441879797,0.6107628004179728,0.5104895104895105,640.8668730650155
2.95,48,5176,71.5,54.0,54.0,112.0,220.0,6333.38888888889,0.8231771750616415,0.5416666666666666,488.13559322033893
8.62,191,26904,112.0,54.0,60.0,148.0,300.0,19215.597818042268,0.4636853272400849,0.46596858638743455,605.5684454756381
7.48,158,27255,83.0,54.0,60.0,213.0,433.0,33045.88291139241,0.6017277856135402,0.5063291139240507,577.5401069518716
3.99,88,15518,112.0,54.0,60.0,220.0,400.0,30696.33832644628,0.49398286319437756,0.45454545454545453,586.4661654135338
5.56,116,43780,148.0,54.0,60.0,472.0,1372.0,218594.88049940547,0.4007358822588386,0.4224137931034483,517.9856115107914
8.94,205,39211,112.0,54.0,60.0,220.0,436.0,56021.642450922074,0.5244148977528964,0.44878048780487806,617.4496644295302
9.1,194,36633,112.0,54.0,60.0,220.0,430.00000000000017,53437.28549792752,0.5324409119431082,0.4793814432989691,580.2197802197802
2.01,46,6483,112.0,54.0,60.0,148.0,286.0,16877.191398865783,0.5293701344656758,0.4782608695652174,656.7164179104478
8.72,165,27743,112.0,54.0,54.0,184.0,356.39999999999986,45545.82905417815,0.4092040432772896,0.4727272727272727,522.9357798165138
5.39,122,19393,112.0,54.0,60.0,148.0,325.3000000000002,42696.87536952432,0.5360792079207921,0.4918032786885246,612.2448979591836
7.09,154,33513,112.0,54.0,60.0,184.0,479.00000000000017,111160.45711755777,0.33993043061053135,0.487012987012987,583.9210155148096
1.93,51,5987,112.0,54.0,54.0,112.0,184.0,10944.35601691657,0.8280916030534351,0.49019607843137253,777.2020725388602
1.75,40,5538,101.5,54.0,60.0,112.0,305.5000000000001,22853.297499999997,0.5551811288963774,0.5,651.4285714285714
3.34,79,12489,112.0,54.0,57.0,148.0,303.6000000000001,57562.28328793463,0.4767648102163888,0.46835443037974683,664.6706586826348
9.85,232,41150,112.0,54.0,60.0,220.0,364.0,40009.216037455415,0.9531064597275618,0.46120689655172414,633.502538071066
7.52,144,26543,112.0,54.0,58.5,184.0,424.0000000000007,53029.19208140432,0.6553164951668226,0.4652777777777778,526.5957446808511
1.32,27,4071,112.0,54.0,60.0,202.0,286.8,12235.135802469134,0.4441291238027669,0.4074074074074074,499.99999999999994
2.19,51,9380,112.0,54.0,60.0,220.0,396.0,50224.50365244136,0.5540092776673293,0.43137254901960786,602.7397260273973
7.69,139,19867,112.0,54.0,60.0,182.5,294.0,25104.886910615394,0.64885052701469,0.460431654676259,499.3498049414824
7.78,148,18279,83.0,54.0,58.5,148.0,263.2000000000003,12458.912116508402,0.5875455966649297,0.5405405405405406,547.5578406169665
6.16,116,26423,112.0,54.0,60.0,225.0,527.5,94804.92769024971,0.46493319288129953,0.43103448275862066,487.012987012987
6.88,146,21155,112.0,54.0,60.0,148.0,312.0,20925.352458247326,0.6998794696665327,0.4931506849315068,601.7441860465116
6.12,102,16967,112.0,54.0,60.0,184.0,327.9,37993.813629373326,0.4927855006158719,0.45098039215686275,441.17647058823525
8.47,170,21326,83.0,54.0,55.5,133.75,266.0,18466.317785467127,0.6269453768690876,0.5588235294117647,587.957497048406
2.67,60,8007,112.0,54.0,54.0,148.0,272.2000000000001,18449.21416666667,0.6615480390122432,0.48333333333333334,651.685393258427
9.44,156,21946,112.0,54.0,54.0,148.0,305.5,16236.307527942145,0.5709377236936292,0.46153846153846156,457.6271186440678
7.61,150,25209,112.0,54.0,60.0,184.0,364.0,43532.86973333334,0.44265766281332264,0.4666666666666667,536.1366622864653
2.41,57,9016,112.0,54.0,60.0,148.0,423.4,31099.127116035703,0.7020955257693033,0.49122807017543857,647.3029045643153
9.44,189,30159,112.0,54.0,60.0,184.0,388.0000000000001,26619.620559334853,0.5121082978190022,0.4708994708994709,559.3220338983051
7.63,173,29115,112.0,54.0,60.0,184.0,328.8,46322.889972935955,0.5551223159918812,0.47398843930635837,597.6408912188729
9.29,201,30600,112.0,54.0,60.0,184.0,299.0,25773.763867231006,0.7060660124888493,0.48756218905472637,607.1044133476857
6.78,149,20288,112.0,54.0,60.0,148.0,292.0,22496.027746497908,0.5336004233124196,0.46308724832214765,601.7699115044247
6.66,115,14364,91.0,54.0,54.0,148.0,297.0,10641.564763705104,0.5803718780943998,0.5043478260869565,504.5045045045045
2.24,54,8924,112.0,54.0,60.0,175.0,423.1000000000005,32307.19204389575,0.4603174603174603,0.46296296296296297,616.0714285714286
1.23,33,4258,112.0,54.0,60.0,148.0,284.8,10230.999081726355,0.677698975571316,0.48484848484848486,780.4878048780488
8.65,178,28693,112.0,54.0,60.0,175.0,336.1000000000003,33528.753471783864,0.6333466158137416,0.4606741573033708,568.7861271676301
3.25,64,10966,112.0,54.0,60.0,220.0,416.5000000000002,26779.0693359375,0.4465110143780504,0.4375,516.9230769230769
4.57,103,16671,112.0,54.0,60.0,220.0,365.59999999999985,22868.823451786207,0.4230473751600512,0.44660194174757284,603.9387308533916
5.22,136,25151,112.0,54.0,60.0,184.0,388.0,73250.31179714535,0.3654180238870793,0.4852941176470588,712.6436781609195
8.42,170,29809,112.0,54.0,60.0,184.0,400.0,45965.65013840831,0.5153009353395689,0.4823529411764706,548.6935866983373
1.78,44,6956,83.0,54.0,58.5,184.0,328.0,27638.991735537187,0.503349902744759,0.5454545454545454,707.8651685393259
5.17,107,25764,112.0,54.0,60.0,256.0,500.8000000000004,118398.74818761463,0.29963680387409203,0.42990654205607476,533.8491295938104
2.83,59,8245,112.0,54.0,57.0,184.0,297.0,15341.376041367423,0.5571293673276676,0.4745762711864407,593.6395759717315
0.62,10,950,86.0,54.0,55.5,139.0,148.0,1649.8,0.7992424242424242,0.5,483.8709677419355
7.6,165,35596,112.0,54.0,60.0,220.0,443.79999999999995,96719.141010101,0.4295582329317269,0.48484848484848486,552.6315789473684
5.83,141,22709,112.0,54.0,60.0,184.0,394.0,26415.245007796388,0.5146401654105249,0.475177304964539,658.6620926243568
2.29,50,6196,112.0,54.0,54.0,148.0,298.20000000000005,9761.2736,0.4389224338132838,0.48,628.82096069869
2.59,54,7703,112.0,54.0,60.0,148.0,292.90000000000003,22201.85768175583,0.901505801036781,0.46296296296296297,579.1505791505791
3.89,74,10542,112.0,54.0,54.0,148.0,319.0000000000001,20388.49159970781,0.6263498920086393,0.47297297297297297,539.8457583547557
4.92,94,13256,112.0,54.0,60.0,148.0,292.0,17151.425079221375,0.7764674350040204,0.4787234042553192,548.780487804878
7.37,161,18057,66.0,54.0,54.0,112.0,220.0,8886.553528027469,0.7694267515923567,0.5341614906832298,659.4301221166893
4.92,105,14313,112.0,54.0,60.0,148.0,292.0,25403.415510204082,0.5007864108210129,0.44761904761904764,548.780487804878
5.49,104,14649,112.0,54.0,60.0,148.0,315.50000000000006,20530.29650517751,0.7550017970528333,0.4807692307692308,546.448087431694
8.89,225,32145,112.0,54.0,60.0,148.0,297.0,20311.546666666665,0.5826399487962188,0.49777777777777776,708.6614173228346
5.13,83,11223,83.0,54.0,54.0,148.0,287.19999999999993,17731.23007693424,0.518262987012987,0.5301204819277109,467.8362573099416
2.63,64,7041,101.5,54.0,60.0,112.0,173.2000000000001,6867.234130859375,0.7023694390715667,0.5,707.2243346007606
8.69,157,22839,112.0,54.0,54.0,112.0,294.0,35193.84153515356,0.47139543873212214,0.4713375796178344,504.0276179516687
5.55,138,17602,112.0,54.0,60.0,148.0,259.0,13185.464818315479,0.6293622141997594,0.4855072463768116,702.7027027027027
3.64,54,7333,86.0,54.0,54.0,184.0,274.60000000000025,16448.31035665295,0.6530658250676284,0.5,445.05494505494505
5.94,127,18997,112.0,54.0,54.0,148.0,323.00000000000034,25927.20379440759,0.5218296883761916,0.4645669291338583,595.959595959596
9.82,233,32958,87.0,54.0,54.0,148.0,328.0,27398.307649800143,0.6635372501514234,0.51931330472103,678.2077393075356
9.53,228,33219,83.0,54.0,54.0,148.0,298.6,33852.98297553093,0.5592846413819001,0.5043859649122807,686.2539349422875
7.79,164,24708,112.0,54.0,54.0,148.0,298.0,38568.749256395,0.4828062173678209,0.49390243902439024,608.4724005134789
1.2,17,2265,112.0,54.0,60.0,148.0,270.40000000000003,11387.709342560554,1.1428571428571428,0.47058823529411764,400.0
2.9,51,5917,112.0,54.0,57.0,112.0,264.0,7236.019223375625,0.6188782489740082,0.47058823529411764,496.55172413793105
7.33,160,36600,112.0,54.0,60.0,178.75,483.29999999999995,131213.6625,0.27388535031847133,0.45,556.6166439290587
9.65,173,23623,83.0,54.0,60.0,148.0,298.6,24571.57706572221,0.6296219646799117,0.5317919075144508,516.0621761658032
9.4,205,33778,112.0,54.0,60.0,148.0,295.0,50283.74743604996,0.4337620442293815,0.4585365853658537,600.0
4.86,99,13679,112.0,54.0,54.0,148.0,292.0,19522.243240485663,0.5558462238398544,0.48484848484848486,580.2469135802469
0.84,12,1696,86.0,54.6,60.0,159.75,297.6,15317.72222222222,1.5658093797276853,0.5,428.57142857142856
6.42,150,18613,83.0,54.0,60.0,112.0,220.0,18501.75915555556,0.6155715649683188,0.5066666666666667,672.8971962616822
4.63,118,16523,76.5,54.0,60.0,148.0,283.6999999999998,27963.601048549262,0.6803620461710567,0.5423728813559322,764.5788336933045
2.14,50,7586,112.0,54.0,60.0,184.0,297.1,21164.001600000007,0.47990635973468593,0.44,616.8224299065421
7.04,127,17466,83.0,54.0,54.0,130.0,298.80000000000007,28426.705933411868,0.5271487278132377,0.5196850393700787,511.3636363636364
8.78,154,21278,97.5,54.0,60.0,141.0,295.5000000000001,23652.153314218245,0.6352597602213341,0.5,498.861047835991
2.72,56,6871,112.0,54.0,54.0,148.0,225.0,9203.604272959185,0.5485688528284877,0.48214285714285715,573.5294117647059
8.56,186,34014,112.0,54.0,60.0,184.0,440.5,43502.86507110648,0.749511367143298,0.45698924731182794,595.7943925233645
0.98,21,2603,112.0,54.0,60.0,184.0,220.0,6248.61678004535,0.9527381845461366,0.47619047619047616,612.2448979591837
7.66,135,17647,93.0,54.0,57.0,148.0,267.8,15553.50595336077,0.6577736026303429,0.5037037037037037,509.13838120104435
5.91,114,14668,112.0,54.0,54.0,148.0,288.7000000000001,12202.888888888889,0.599912739965096,0.47368421052631576,548.2233502538071
4.07,79,12918,112.0,54.0,57.0,148.0,336.6000000000001,41988.19900656945,0.5024424284717376,0.4810126582278481,545.4545454545454
7.56,149,28467,91.0,54.0,60.0,220.0,429.60000000000014,58896.8024863745,0.426702751465945,0.5033557046979866,547.6190476190476
5.11,141,18142,93.0,54.0,60.0,148.0,280.0,11704.094562647755,0.7196208530805687,0.5035460992907801,774.9510763209394
2.73,62,9249,112.0,54.0,60.0,148.0,294.09999999999997,41915.5975546306,0.5453634085213033,0.4838709677419355,637.3626373626374
2.23,53,7979,112.0,54.0,60.0,184.0,305.6000000000001,21566.54966180136,0.45522524165602773,0.4528301886792453,645.7399103139013
1.01,24,2887,75.5,54.0,54.0,148.0,267.0,7168.206597222222,0.949358541525996,0.5416666666666666,712.8712871287129
6.19,127,20246,112.0,54.0,54.0,148.0,337.00000000000017,47016.66836133671,0.40489903545902434,0.4881889763779528,581.5831987075928
4.79,126,17471,112.0,54.0,60.0,148.0,299.0,14092.129566641475,0.6627962310840392,0.4603174603174603,701.4613778705636
4.06,86,14933,112.0,54.0,60.0,184.0,452.5,39219.439832341806,0.5003516527680096,0.4883720930232558,576.3546798029556
7.52,163,26101,83.0,54.0,60.0,148.0,297.0,57928.553953856004,0.5081181025018778,0.50920245398773,598.404255319149
1.5,37,6143,112.0,54.0,60.0,184.0,407.19999999999993,25542.837107377647,0.4539644970414201,0.43243243243243246,640.0
7.64,161,22816,112.0,54.0,60.0,148.0,298.0,21090.85004436557,0.7568337568337569,0.453416149068323,565.4450261780105
3.53,79,13299,112.0,54.0,60.0,148.0,283.40000000000003,61383.46547027721,0.5820842255531763,0.4810126582278481,645.8923512747876
7.39,151,29383,112.0,54.0,60.0,184.0,400.0,72761.01021885006,0.523461398869705,0.4768211920529801,568.3355886332882
7.88,188,32961,112.0,54.0,60.0,184.0,315.80000000000064,60044.44259280216,0.40033137904664795,0.4574468085106383,639.5939086294417
0.33,6,870,86.0,57.0,60.0,139.0,292.0,18085.0,2.75,0.5,545.4545454545454
7.88,176,23719,83.0,54.0,54.0,148.0,220.0,30819.17868672521,0.5246512823809217,0.5170454545454546,647.2081218274112
0.22,5,641,112.0,56.4,60.0,148.0,219.4,6015.360000000001,0.3494736842105263,0.4,545.4545454545455
7.04,150,20105,101.5,54.0,55.5,112.0,297.1,21147.232222222225,0.5627671978235522,0.5,613.6363636363636
6.28,123,20682,112.0,54.0,54.0,148.0,362.2,61201.55581994844,0.44913116591928254,0.4796747967479675,544.5859872611464
1.43,31,4966,112.0,54.0,60.0,184.0,297.0,47996.54318418313,0.5489706799750468,0.45161290322580644,587.4125874125874
5.78,113,15671,112.0,54.0,54.0,148.0,293.19999999999993,24117.721513039392,0.5713426250877369,0.4690265486725664,550.1730103806228
7.29,139,19317,112.0,54.0,60.0,148.0,298.0,20364.430826561766,0.7281266774020397,0.4892086330935252,543.2098765432099
3.74,93,30692,112.0,54.0,60.0,328.0,1482.7999999999997,218366.7092149381,0.18694407920179443,0.40860215053763443,609.6256684491979
0.22,4,668,158.0,55.8,58.5,266.5,285.40000000000003,12325.0,0.8659217877094972,0.5,545.4545454545455
5.36,90,11737,75.5,54.0,54.0,148.0,296.50000000000006,17497.175432098764,0.6122252747252748,0.5111111111111111,503.7313432835821
2.67,71,9276,112.0,54.0,60.0,112.0,292.0,16986.030946240822,0.6499466382070438,0.4647887323943662,741.5730337078652
9.49,188,27456,112.0,54.0,60.0,148.0,276.0000000000002,30177.3811679493,0.6090957041551895,0.4946808510638298,569.0200210748155
9.27,207,36849,112.0,54.0,60.0,148.0,342.4000000000002,66017.08674648183,0.44767030722086903,0.4927536231884058,614.8867313915857
8.27,143,19474,112.0,54.0,54.0,148.0,266.4,27855.589319771138,0.44262537965775245,0.48951048951048953,486.09431680773883
7.54,159,21750,83.0,54.0,54.0,112.0,297.0,27688.768244927018,0.8046797212080983,0.5157232704402516,604.7745358090185
6.19,149,20730,83.0,54.0,60.0,148.0,296.0,23805.560920679247,0.5337377922462266,0.5100671140939598,668.8206785137318
6.92,153,25271,112.0,54.0,60.0,184.0,327.6,37754.19334444017,0.43797655627631726,0.47058823529411764,615.606936416185
8.19,166,24503,112.0,54.0,60.0,184.0,316.5,21046.696073450425,0.5868790881419598,0.4759036144578313,571.4285714285716
6.41,119,15567,83.0,54.0,54.0,148.0,296.2,13826.335569521929,0.6438225976768743,0.5042016806722689,542.9017160686427
9.9,196,34137,112.0,54.0,60.0,157.0,316.0,59733.39512182422,0.3839698370226222,0.45918367346938777,533.3333333333333
5.26,117,17279,112.0,54.0,60.0,184.0,297.0,23704.045291840164,0.5361842105263158,0.47863247863247865,615.9695817490496
0.26,7,616,112.0,54.0,57.0,112.0,112.0,771.4285714285714,1.1690140845070423,0.42857142857142855,692.3076923076924
7.32,175,27895,83.0,54.0,57.0,148.0,298.6,52999.142857142855,0.43345323741007197,0.5085714285714286,680.327868852459
0.25,11,1633,112.0,60.0,60.0,148.0,220.0,19953.702479338845,0.4632616487455197,0.45454545454545453,960.0
3.19,57,10034,83.0,54.0,54.0,184.0,313.3999999999999,67443.1215758695,0.4019840715383541,0.5087719298245614,507.83699059561127
0.38,12,1264,86.0,54.0,54.0,121.0,148.0,4564.88888888889,0.6040609137055838,0.5,947.3684210526316
7.91,154,26697,112.0,54.0,60.0,184.0,306.3000000000002,54047.15166975881,0.4249799839871897,0.44805194805194803,523.3881163084703
3.56,64,8301,112.0,54.0,54.0,112.0,270.4000000000002,21273.583740234375,0.6672022494476803,0.484375,522.4719101123595
4.35,94,14138,112.0,54.0,60.0,148.0,296.0,39972.96423721141,0.4401548334521748,0.46808510638297873,593.1034482758621
4.54,82,13423,97.5,54.0,54.0,175.0,360.4000000000002,42004.504610350974,0.5458942761718301,0.5,528.6343612334801
4.96,103,14276,112.0,54.0,60.0,112.0,297.0,21586.18135545291,0.7435271128480704,0.4854368932038835,592.741935483871
2.33,54,6325,112.0,54.0,60.0,112.0,231.90000000000003,10431.89060356653,0.9630664183736809,0.48148148148148145,669.527896995708
2.63,48,5599,86.0,54.0,58.5,112.0,184.0,11176.520399305555,0.6491899852724595,0.5,547.5285171102662
0.15,5,450,112.0,56.4,60.0,112.0,112.0,729.6,1.6162790697674418,0.4,800.0
3.34,81,10879,91.0,54.0,54.0,112.0,280.0,27962.21338210639,0.7303960553523143,0.5061728395061729,718.5628742514971
8.15,165,24289,83.0,54.0,60.0,148.0,335.79999999999995,28523.06056932965,0.727524893314367,0.503030303030303,581.5950920245399
8.55,188,45367,112.0,54.0,60.0,184.0,505.20000000000005,157173.60895767316,0.26005443839573383,0.48936170212765956,589.4736842105262
6.06,122,16319,112.0,54.0,60.0,148.0,298.0,14461.181201289977,0.6106395578365574,0.4672131147540984,554.4554455445545
6.68,138,20221,102.5,54.0,60.0,148.0,295.6,28131.07524679689,0.5810007818608288,0.5,556.8862275449102
3.47,65,7903,83.0,54.0,60.0,148.0,285.00000000000006,8063.319763313608,0.5920628525382756,0.5384615384615384,518.7319884726224
7.4,161,19308,83.0,54.0,54.0,112.0,292.0,10210.690096832686,0.6716883116883117,0.5031055900621118,640.5405405405405
4.86,111,15737,112.0,54.0,60.0,148.0,298.0,19013.111435760085,0.5819260152794532,0.4594594594594595,629.6296296296296
7.51,153,20473,112.0,54.0,60.0,148.0,309.8,12843.526165150155,0.7278251329226095,0.46405228758169936,567.2436750998668
8.13,198,36529,112.0,54.0,60.0,220.0,438.7000000000001,48016.967069686776,0.7421308660816482,0.494949494949495,678.9667896678966
2.67,46,10744,112.0,54.0,60.0,220.0,544.0,98636.8109640832,0.7555555555555555,0.4782608695652174,494.38202247191015
9.72,207,32073,112.0,54.0,60.0,148.0,345.2000000000001,37109.040117622346,0.5682084881674164,0.4927536231884058,592.5925925925926
4.66,97,17908,112.0,54.0,54.0,148.0,378.4000000000002,70462.05037729832,0.34505032296830407,0.4639175257731959,579.3991416309012
8.45,196,29562,83.0,54.0,60.0,148.0,296.5,35169.153581840896,0.6147039545553856,0.5102040816326531,674.5562130177516
7.33,154,32314,112.0,54.0,60.0,220.0,486.9000000000003,77848.68578175073,0.5060589112602536,0.44805194805194803,564.8021828103683
4.16,87,14050,112.0,54.0,60.0,184.0,343.6000000000002,31186.824679614212,0.4836325237592397,0.45977011494252873,576.9230769230769
6.84,147,18224,83.0,54.0,54.0,148.0,267.8,12195.210143921511,0.7454266832678862,0.5238095238095238,631.578947368421
1.38,32,3664,75.5,54.0,54.0,112.0,180.4000000000001,10924.8125,0.6571687019448214,0.53125,695.6521739130435
2.0,46,6345,101.5,54.0,60.0,148.0,345.5,14390.495746691868,0.8066628701594533,0.5,660.0
3.45,62,8657,78.5,54.0,60.0,148.0,289.4,22846.394640998966,0.5382018479033405,0.5161290322580645,539.1304347826086
9.15,194,34086,112.0,54.0,60.0,184.0,442.3000000000002,45365.54979275161,0.5371364148816234,0.4587628865979381,563.9344262295082
7.64,145,21589,112.0,54.0,60.0,148.0,297.0,21746.980927467303,0.605846474263612,0.4896551724137931,526.1780104712042
0.66,22,3434,112.0,54.0,60.0,139.0,399.6,20372.537190082643,1.4081346423562413,0.45454545454545453,909.090909090909
3.47,61,8621,112.0,54.0,60.0,148.0,292.0,28142.35151840903,0.4734233464365066,0.47540983606557374,501.4409221902017
4.02,83,15270,112.0,54.0,60.0,184.0,355.8,72041.63797358108,0.36595402093210483,0.4578313253012048,537.313432835821
1.69,35,4857,112.0,54.0,60.0,112.0,244.60000000000022,26133.66204081633,0.7540628385698809,0.45714285714285713,568.0473372781065
2.44,41,5350,112.0,54.0,60.0,148.0,220.0,13095.810826888757,0.5730667450749779,0.4878048780487805,467.2131147540984
1.3,35,5246,112.0,54.0,60.0,202.0,356.0,17629.186938775507,1.0099616858237548,0.45714285714285713,738.4615384615385
0.18,3,226,60.0,55.2,57.0,86.0,101.6,678.2222222222222,0.313953488372093,0.6666666666666666,666.6666666666666
2.08,57,10610,112.0,54.0,60.0,112.0,307.0,101929.20837180672,0.3863844244087286,0.47368421052631576,721.1538461538462
5.62,145,18397,83.0,54.0,60.0,112.0,217.19999999999996,26316.729417360286,0.613064445418676,0.5586206896551724,758.0071174377225
9.55,207,46594,112.0,54.0,54.0,148.0,508.8000000000005,144366.96258955865,0.24204297062430027,0.4782608695652174,609.4240837696335
1.04,24,2659,112.0,54.0,60.0,148.0,148.0,5968.24826388889,0.7143778207607995,0.4583333333333333,634.6153846153846
1.95,44,7814,112.0,54.0,54.0,184.0,389.50000000000034,53189.46900826446,0.4963615472998851,0.4318181818181818,584.6153846153846
6.41,127,16838,112.0,54.0,57.0,148.0,297.0,13437.817967635938,0.5354732810505198,0.4645669291338583,552.2620904836193
2.33,45,6503,112.0,54.0,60.0,148.0,286.00000000000006,19751.672098765433,0.4333259863345823,0.4888888888888889,566.5236051502145
7.48,159,28075,112.0,54.0,54.0,112.0,301.00000000000017,79966.69759898736,0.3589060987415295,0.49056603773584906,585.5614973262032
4.62,92,14219,112.0,54.0,58.5,148.0,289.40000000000015,39841.20356805292,0.5067288333156723,0.4782608695652174,558.4415584415584
4.04,79,11169,83.0,54.0,54.0,148.0,256.0,36175.881108796675,0.5329398847104035,0.5189873417721519,579.2079207920792
0.43,15,2156,106.0,54.0,60.0,184.0,313.5999999999999,12658.062222222221,2.1799410029498527,0.4666666666666667,976.7441860465116
7.83,167,21311,112.0,54.0,60.0,148.0,298.0,10499.591021549717,0.7218227357194796,0.49101796407185627,597.7011494252873
6.59,144,18795,87.0,54.0,54.0,148.0,295.5000000000001,16734.97178819444,0.7389896373056994,0.5069444444444444,619.1198786039454
5.01,84,9665,112.0,54.0,54.0,112.0,245.2000000000001,10233.627409297053,0.5697579990254994,0.4880952380952381,491.01796407185634
4.93,111,12598,91.0,54.0,54.0,112.0,184.0,7506.502231961691,0.5520512504619933,0.5045045045045045,657.2008113590264
8.8,167,28794,112.0,54.0,57.0,148.0,358.00000000000006,64833.56083043495,0.494860346796802,0.49700598802395207,552.2727272727273
5.79,109,14393,112.0,54.0,54.0,148.0,267.4,18760.227253598183,0.5856560537622563,0.47706422018348627,538.860103626943
2.38,49,5973,112.0,54.0,60.0,148.0,177.8000000000004,10756.418159100374,0.4910134797803295,0.4489795918367347,529.4117647058824
7.79,162,25857,112.0,54.0,60.0,158.5,328.0,35075.793209876545,0.6699173340222164,0.47530864197530864,577.6636713735559
2.34,49,6130,112.0,54.0,60.0,148.0,200.80000000000024,11993.234485630986,0.6762373530216024,0.46938775510204084,564.1025641025641
1.28,43,6241,112.0,54.0,60.0,148.0,320.8000000000002,18232.027041644134,0.8079374275782155,0.46511627906976744,890.625
1.56,32,3677,71.5,54.0,60.0,121.0,235.30000000000004,7376.4599609375,0.4637738853503185,0.5625,615.3846153846154
1.69,48,7441,83.0,54.0,54.0,112.0,307.0000000000001,56877.81206597222,0.4034326669181441,0.5625,816.5680473372781
4.57,98,15348,112.0,54.0,54.0,148.0,363.39999999999964,32067.82923781758,0.5457750025178769,0.46938775510204084,590.8096280087527
7.51,132,19097,112.0,54.0,60.0,148.0,324.9,17756.946912304866,0.7257364901500091,0.48484848484848486,487.3501997336884
7.11,144,22500,112.0,54.0,60.0,184.0,296.70000000000005,32463.368055555555,0.584618635115149,0.4722222222222222,565.4008438818565
8.73,194,27284,83.0,54.0,60.0,184.0,297.70000000000005,16551.777022000213,0.6592070055947458,0.5257731958762887,611.6838487972508
2.81,67,12321,112.0,54.0,60.0,202.0,328.4,52791.67565159277,0.48177991581479257,0.43283582089552236,619.2170818505339
2.41,47,7958,112.0,54.0,60.0,202.0,410.4,36532.13218650974,0.44901675163874727,0.46808510638297873,547.7178423236514
5.32,101,17476,112.0,54.0,60.0,184.0,390.0,30629.21693951574,0.4341047103233218,0.45544554455445546,507.51879699248116
5.09,86,12551,112.0,54.0,60.0,148.0,303.5,22364.17103839913,0.6529698406426973,0.45348837209302323,459.72495088408647
8.72,207,26900,112.0,54.0,60.0,148.0,234.4000000000002,24600.973511633874,0.5153222172149617,0.4975845410628019,674.3119266055046
5.88,158,25505,112.0,54.0,60.0,184.0,328.0,35351.06701650376,0.533120942534263,0.4620253164556962,744.8979591836735
4.72,99,13787,112.0,54.0,60.0,148.0,266.0,23872.819916335062,0.5916647425536827,0.494949494949495,597.4576271186442
5.61,118,17943,97.0,54.0,60.0,184.0,332.79999999999995,29406.75071818443,0.6532755920022114,0.5,577.5401069518716
5.77,110,22736,112.0,54.0,60.0,211.0,440.2000000000004,90489.7226446281,0.3523673566500119,0.4727272727272727,499.13344887348353
6.83,158,24972,112.0,54.0,60.0,148.0,298.0,45904.63034770068,0.559677721566423,0.47468354430379744,650.0732064421669
9.53,207,33017,112.0,54.0,60.0,184.0,369.20000000000005,27298.336950687295,0.5400438453286067,0.4492753623188406,585.5194123819517
9.66,215,42352,112.0,54.0,60.0,184.0,387.19999999999993,77476.05096809087,0.39256239108276064,0.4511627906976744,590.0621118012422
5.97,125,19503,112.0,54.0,60.0,148.0,328.0,43034.88742400001,0.5204646448896858,0.48,603.0150753768845
7.8,155,28039,112.0,54.0,60.0,148.0,297.6,72080.93127991677,0.35920306364826216,0.4645161290322581,530.7692307692307
3.63,96,23077,112.0,54.0,60.0,256.0,489.0,120733.34103732638,0.31253554771925834,0.4479166666666667,644.6280991735538
1.08,27,5033,83.0,54.0,54.0,166.0,488.4000000000001,57869.278463648836,0.6399478657543174,0.5185185185185185,722.2222222222222
3.91,99,13363,112.0,54.0,57.0,148.0,297.2,15486.262218141006,0.4877532843464707,0.47474747474747475,705.8823529411765
4.06,112,15080,87.0,54.0,60.0,112.0,292.9000000000002,30381.193877551028,0.6068193926478423,0.5089285714285714,798.0295566502463
6.63,107,17572,112.0,54.0,57.0,148.0,334.0000000000002,55311.87492357411,0.422834008097166,0.4672897196261682,452.4886877828054
5.48,123,17909,91.0,54.0,60.0,148.0,335.39999999999986,21816.64617621786,0.670304047752285,0.5040650406504065,624.0875912408759
9.08,203,28597,83.0,54.0,60.0,112.0,296.00000000000006,34720.05256133369,0.5716091448670038,0.5123152709359606,634.3612334801761
7.36,127,20079,112.0,54.0,60.0,148.0,297.4,46255.41471882944,0.5342706502636204,0.4566929133858268,472.8260869565217
1.75,39,5606,112.0,54.0,60.0,148.0,335.2000000000001,18883.165023011185,0.5694288913773796,0.48717948717948717,651.4285714285714
7.76,179,27315,112.0,54.0,57.0,148.0,301.8000000000002,58636.66502293935,0.6446893063583815,0.4972067039106145,657.2164948453609
8.11,146,22010,112.0,54.0,60.0,148.0,341.5,19590.52824169638,0.6685618982639678,0.4657534246575342,480.88779284833544
9.96,208,29451,83.0,54.0,60.0,148.0,267.80000000000007,33974.28011741863,0.5206009913258984,0.5144230769230769,602.4096385542168
7.25,154,30160,112.0,54.0,60.0,220.0,353.2000000000006,69764.04064766402,0.44402949344058223,0.44805194805194803,562.7586206896551
2.14,50,6017,83.0,54.0,55.5,148.0,292.6,9018.0244,0.5175283732660781,0.58,672.8971962616822
3.91,67,7589,112.0,54.0,60.0,133.5,234.39999999999995,6493.838271329918,0.8555012224938875,0.4925373134328358,506.3938618925831
9.32,204,27386,112.0,54.0,58.5,148.0,297.0,14367.273260284504,0.5923944644726131,0.47549019607843135,624.4635193133047
5.22,128,17318,112.0,54.0,58.5,148.0,249.89999999999986,24699.208740234375,0.5880788629069235,0.4921875,701.1494252873564
9.55,208,42918,112.0,54.0,60.0,184.0,417.10000000000053,104458.28097263312,0.3147285871829433,0.4567307692307692,584.2931937172774
9.89,241,41271,112.0,54.0,60.0,184.0,400.0,49402.34465660027,0.445063025210084,0.4730290456431535,679.474216380182
8.75,192,24655,83.0,54.0,54.0,148.0,265.00000000000006,15512.03382703993,0.7400663420142565,0.515625,630.8571428571428
2.02,49,10870,112.0,54.0,60.0,148.0,476.6000000000005,131548.34069137857,0.283656117146906,0.4489795918367347,653.4653465346535
4.52,92,14822,112.0,54.0,60.0,148.0,297.9,51216.857750472605,0.3641969627243442,0.4673913043478261,544.2477876106195
5.63,122,19687,112.0,54.0,60.0,148.0,399.5,38142.72460360118,0.7496445076430857,0.4672131147540984,596.8028419182948
1.3,35,4493,112.0,54.0,57.0,148.0,265.60000000000014,12138.804897959182,0.551986183074266,0.45714285714285713,738.4615384615385
0.21,8,1301,130.0,54.0,58.5,239.25,314.7,11956.234375,0.39442658092175775,0.375,857.1428571428571
8.75,257,148598,112.0,54.0,60.0,1509.0,1509.0,437247.896803888,0.0585184815825278,0.4163424124513619,665.1428571428571
