duration_sec,packet_count,total_bytes,median_pkt_size,p10_size,p25_size,p75_size,p90_size,size_variance,up_down_ratio,pct_packets_under_100b,packets_smaller_equal_66b_per_min
1.83,3846,7105774,1458.0,52.0,1339.0,2864.0,4270.0,1723695.5345251355,40.669983873332356,0.17576703068122726,21639.34426229508
2.8,4,442,110.5,52.0,52.0,169.0,169.0,3422.25,1.0,0.5,42.85714285714286
0.63,34,12705,169.0,52.0,52.0,302.0,1366.1999999999998,243032.04238754322,0.9507139567019807,0.4117647058823529,1333.3333333333333
0.99,4,410,102.5,52.0,52.0,153.0,153.0,2550.25,2.9423076923076925,0.5,121.2121212121212
7.4,8,1092,110.5,52.0,52.0,193.0,269.8,8508.25,0.423728813559322,0.5,32.432432432432435
7.06,8,628,78.5,52.0,52.0,105.0,105.0,702.25,1.0,0.5,33.994334277620396
7.88,1216,1105549,450.0,52.0,169.0,1458.0,1498.5,946934.4921381309,7.0988447478883865,0.21463815789473684,1956.8527918781726
3.44,762,940161,1458.0,52.0,169.0,1458.0,2864.0,1408377.7436243205,7.816048086119915,0.22703412073490814,2982.5581395348836
7.17,8,884,110.5,52.0,52.0,169.0,169.0,3422.25,1.0,0.5,33.47280334728033
2.62,3883,7531289,1458.0,52.0,520.0,2864.0,4270.0,2179018.4273341885,46.30114935309634,0.18490857584342005,16259.541984732825
5.83,1579,3299465,1458.0,52.0,1271.5,2864.0,4270.0,2403828.6152794696,58.9314309586951,0.18682710576314124,3025.728987993139
8.69,50,13242,153.0,52.0,52.0,169.0,545.0000000000001,243638.41439999998,1.3354497354497354,0.48,165.70771001150752
8.32,22,5574,102.5,52.0,52.0,169.0,1011.400000000002,152184.59504132226,0.593937660852159,0.5,79.32692307692308
2.3,92,25455,153.0,52.0,52.0,173.0,793.0,175292.10715973534,2.441259970258213,0.45652173913043476,1095.6521739130435
1.61,34,9329,169.0,52.0,52.0,229.0,506.4999999999999,168240.58910034603,2.2482590529247912,0.4117647058823529,521.7391304347826
7.59,61,13742,105.0,52.0,52.0,185.0,409.0,123131.31577532922,1.2033028699695367,0.45901639344262296,221.34387351778656
1.25,2,237,118.5,65.3,85.25,151.75,171.7,4422.25,0.2810810810810811,0.5,48.0
4.75,791,452332,185.0,52.0,52.0,1385.0,1458.0,377077.4409547357,2.8913292211870165,0.28445006321112515,2778.947368421053
9.9,2153,3161608,1458.0,52.0,169.0,2864.0,2864.0,1876552.274876284,13.309609265738223,0.2192289828146772,2848.4848484848485
3.77,2382,3699053,1458.0,52.0,169.0,2864.0,2864.0,1737392.1458280021,18.084400441633218,0.20990764063811923,7957.559681697612
7.85,1967,3530324,1458.0,52.0,169.0,2864.0,4270.0,2002492.7443457618,27.948708907676036,0.21962379257752923,3301.9108280254777
5.55,1075,1942167,1458.0,52.0,169.0,2864.0,4270.0,2044122.6463048132,33.29754357461988,0.22604651162790698,2627.027027027027
4.33,4,442,110.5,52.0,52.0,169.0,169.0,3422.25,1.0,0.5,27.71362586605081
7.68,3160,5976372,1458.0,52.0,169.0,2864.0,4270.0,2226167.5415654546,35.889135788752476,0.214873417721519,5304.6875
8.81,2504,4687936,1458.0,52.0,169.0,2864.0,4270.0,2215403.4536128775,33.94053022680351,0.21565495207667731,3677.6390465380246
7.29,1814,3322090,1458.0,52.0,169.0,2864.0,4270.0,2598202.3686712068,28.950324558240172,0.2364939360529217,3530.864197530864
3.82,3951,8065623,1458.0,52.0,637.0,2864.0,4270.0,2432320.941504962,50.499026287056964,0.18830675778283978,11670.157068062828
0.41,520,979473,1458.0,52.0,1208.0,2864.0,4270.0,1836650.478073225,38.93610861942428,0.18653846153846154,14195.121951219513
2.45,6,679,110.5,52.0,52.0,169.0,177.0,3769.805555555555,0.6724137931034483,0.5,73.46938775510203
7.58,2938,5455843,1458.0,52.0,169.0,2864.0,4270.0,2112325.293675951,35.12638639659385,0.2059223961878829,4781.002638522427
8.25,4007,8894504,1458.0,52.0,1385.0,2864.0,4270.0,2812874.1078474536,49.97750445612366,0.17319690541552282,5047.272727272727
6.15,1284,2507953,1458.0,52.0,169.0,2864.0,4270.0,2453221.648316568,38.212498827355454,0.23130841121495327,2897.560975609756
1.76,25,16969,169.0,52.0,52.0,1458.0,2362.000000000002,923436.1823999998,4.91873038018835,0.48,409.0909090909091
8.99,1892,3661620,1458.0,52.0,169.0,2864.0,4270.0,3028452.5579942698,36.741656187511595,0.22357293868921777,2803.1145717463846
4.8,6461,12681209,1458.0,52.0,403.0,2864.0,4270.0,2689538.6000046334,59.34331980337947,0.19687354898622506,15550.0
0.18,2963,6283444,1458.0,52.0,868.5,2864.0,4270.0,2366441.458006606,67.20563364993215,0.1923725953425582,189333.33333333334
1.67,16294,34739826,1458.0,52.0,1385.0,2864.0,4270.0,2304495.279759324,65.03148771169528,0.1817233337424819,105736.5269461078
6.09,8194,14880519,1458.0,52.0,403.0,2864.0,4270.0,1884491.491256856,52.70748846845156,0.19465462533561143,15615.76354679803
1.77,457,910982,1458.0,52.0,169.0,2864.0,4270.0,2758616.759984487,25.56931198413393,0.22538293216630198,3491.525423728813
9.87,2940,4093301,1458.0,52.0,169.0,1609.0,2864.0,1550986.0339232497,26.425802345058628,0.2207482993197279,3939.2097264437693
3.52,864,1493918,1458.0,52.0,446.25,2864.0,4270.0,1761821.0411469047,33.39908816689309,0.21296296296296297,3136.3636363636365
6.93,1934,3130804,1458.0,52.0,169.0,2864.0,2864.0,1655829.8539411756,31.68847426835253,0.2078593588417787,3480.5194805194806
6.38,1889,3140991,1458.0,52.0,169.0,2864.0,4270.0,1790134.6788710991,30.02581046642565,0.21016410799364743,3733.5423197492164
7.55,2506,4562927,1458.0,52.0,403.0,2864.0,4270.0,1981253.515418224,35.408753241571915,0.20430965682362331,4068.874172185431
4.59,1747,2760295,1458.0,52.0,169.0,2864.0,2864.0,1531084.4798504855,34.48393109654197,0.2209502003434459,5045.751633986928
5.34,1848,2874848,1458.0,52.0,169.0,2864.0,2864.0,1521428.6506249884,30.434563446503745,0.21266233766233766,4382.0224719101125
6.44,2672,3401882,1458.0,52.0,169.0,1458.0,2864.0,1311834.140000874,27.07319750121721,0.218937125748503,5450.310559006211
2.6,1002,1426638,1458.0,52.0,185.0,1458.0,2864.0,1227472.2814251736,31.772167600845354,0.20958083832335328,4823.076923076923
6.41,1726,2297463,1458.0,52.0,169.0,1458.0,2864.0,1293225.9413203958,26.444846616972477,0.22595596755504055,3650.5460218408734
3.53,825,1505380,1458.0,52.0,1213.0,2864.0,4270.0,1804233.2293847569,34.056122211354854,0.19272727272727272,2702.549575070822
6.3,3948,7129439,1458.0,52.0,754.0,2864.0,4270.0,1775918.2077793356,34.95206854122963,0.19174265450861194,7123.809523809524
4.85,22,2772,110.5,52.0,52.0,169.0,241.00000000000017,6851.181818181818,0.8844323589394969,0.5,136.08247422680412
3.89,1249,1418239,1191.0,52.0,169.0,1458.0,2864.0,1312399.622297678,12.072773025588084,0.22417934347477983,4257.06940874036
9.09,182,101482,185.0,52.0,52.0,1385.0,1458.0,371593.7907257578,1.2978964291375132,0.29120879120879123,349.83498349834986
9.71,1861,3651982,1458.0,52.0,169.0,2864.0,4270.0,3640710.9568515304,40.75411597914571,0.24825362708221385,2854.7888774459316
1.9,22,4457,169.0,52.0,52.0,185.0,300.2000000000003,85225.2417355372,0.455109369898792,0.4090909090909091,284.21052631578954
6.2,2164,4333347,1458.0,52.0,316.75,2864.0,4270.0,2714057.2232744438,46.01778351634044,0.20194085027726433,4209.677419354839
1.69,58,96347,1458.0,52.0,169.0,2864.0,4270.0,2435490.062128418,22.771773994571923,0.22413793103448276,461.53846153846155
7.27,2038,3999831,1458.0,52.0,185.0,2864.0,4270.0,3045340.8014440546,47.25759787657598,0.22620215897939155,3796.4236588720773
6.3,993,1672055,1458.0,52.0,169.0,2864.0,4270.0,1926161.6074292455,45.0405595175813,0.23867069486404835,2257.1428571428573
0.69,2,237,118.5,65.3,85.25,151.75,171.7,4422.25,3.5576923076923075,0.5,86.95652173913044
4.91,959,1584279,1458.0,52.0,169.0,2864.0,4270.0,1929825.4190550852,33.20586838241644,0.21480709071949947,2492.8716904276985
3.02,69,22590,185.0,52.0,52.0,313.0,1075.4,163919.80340264653,0.5635382059800664,0.2898550724637681,397.35099337748346
1.57,23,4088,169.0,52.0,52.0,185.0,290.6000000000001,51537.671077504725,0.6107171000788022,0.4782608695652174,420.3821656050955
8.67,158,114638,185.0,52.0,52.0,1458.0,1458.0,969527.2973882392,5.80707796449142,0.37341772151898733,408.3044982698962
0.75,75,24309,185.0,52.0,52.0,252.5,1228.200000000003,173253.5989333334,0.6891807379612258,0.30666666666666664,1840.0
9.82,1046,451741,185.0,52.0,169.0,329.0,1385.0,377948.86863641517,1.0229322466526354,0.19407265774378585,1234.2158859470467
9.25,441,150466,185.0,52.0,169.0,329.0,1305.0,160104.55922172347,0.5571676946640726,0.21768707482993196,622.7027027027027
7.24,3750,7573838,1458.0,52.0,876.0,2864.0,4270.0,2185737.9130493156,38.00521694347882,0.196,6074.585635359116
7.76,1796,1211949,233.5,52.0,153.0,1458.0,1458.0,545568.9634758136,4.058956859307495,0.2255011135857461,3100.5154639175257
2.27,46,26803,169.0,52.0,52.0,1458.0,1458.0,390742.69801512285,4.074403634986748,0.391304347826087,475.7709251101321
6.73,4,442,110.5,52.0,52.0,169.0,169.0,3422.25,1.0,0.5,17.830609212481423
2.69,142,79479,184.0,52.0,169.0,980.5,1458.0,424126.7969152946,2.4068755626044838,0.19718309859154928,624.5353159851302
7.34,4,410,102.5,52.0,52.0,153.0,153.0,2550.25,1.0,0.5,16.34877384196185
2.32,38,17431,169.0,52.0,153.0,796.75,1385.0,280165.88988919667,1.7398616787173844,0.18421052631578946,181.03448275862073
3.13,23,3036,153.0,52.0,52.0,169.0,169.0,9961.565217391304,0.966321243523316,0.4782608695652174,210.8626198083067
4.16,46,7646,153.0,52.0,52.0,169.0,286.0,33961.69187145558,0.9470333587980647,0.41304347826086957,274.03846153846155
2.26,56,24594,169.0,52.0,52.0,640.5,1458.0,298262.07525510207,0.8255641330166271,0.39285714285714285,557.5221238938054
4.13,80,14676,105.0,52.0,52.0,169.0,265.50000000000006,76643.7225,0.945644968845287,0.4625,537.5302663438257
7.91,27,4042,169.0,52.0,52.0,169.0,235.00000000000017,12378.504801097393,1.1151229722658293,0.4074074074074074,83.43868520859671
7.19,27,5818,169.0,52.0,52.0,169.0,403.0,64275.434842249655,0.9477736859725477,0.3333333333333333,75.10431154381085
4.76,3,390,169.0,75.4,110.5,169.0,169.0,3042.0,0.7647058823529411,0.3333333333333333,12.605042016806724
0.11,3,390,169.0,75.4,110.5,169.0,169.0,3042.0,0.7647058823529411,0.3333333333333333,545.4545454545455
4.39,16,2406,153.0,52.0,52.0,169.0,227.5,8272.734375,0.8408569242540168,0.3125,68.33712984054671
6.41,16,2896,169.0,52.0,52.0,193.0,342.0,23476.625,0.6749566223250434,0.375,56.16224648985959
6.41,34,7175,78.5,52.0,52.0,169.0,279.7,118088.44031141869,1.2158739962940086,0.5,159.1263650546022
7.88,4082,7033369,1458.0,52.0,518.0,2864.0,4270.0,1768540.2903753908,32.24621136920124,0.20798628123468887,6403.553299492386
0.72,276,168525,185.0,52.0,52.0,1385.0,1458.0,371744.7984010712,3.2253785979340086,0.2608695652173913,5916.666666666667
0.77,306,273273,531.0,52.0,52.0,1458.0,1561.0,802056.9943291041,12.146341463414634,0.30392156862745096,7246.7532467532465
3.15,1657,1319082,403.0,52.0,155.0,1458.0,1458.0,586668.3299321946,6.2372847878329,0.21363910681955342,6704.761904761905
6.16,2588,3056098,1458.0,52.0,169.0,1458.0,2864.0,1279748.1352091092,11.137101962684374,0.21522411128284388,5425.324675324675
1.09,170,115185,265.0,52.0,52.0,1458.0,1458.0,494148.35242214537,5.6515562741814405,0.3235294117647059,3027.522935779816
8.62,1442,2278523,1458.0,52.0,169.0,2864.0,4270.0,2422826.193186474,20.90297804437267,0.21428571428571427,2150.8120649651974
5.81,55,27960,169.0,52.0,52.0,1385.0,1458.0,326637.3586776858,1.0628596724214254,0.2909090909090909,165.23235800344236
1.14,2,221,110.5,63.7,81.25,139.75,157.3,3422.25,3.25,0.5,52.631578947368425
1.05,10,1456,110.5,52.0,52.0,169.0,297.69999999999993,13141.439999999999,1.0,0.5,285.71428571428567
8.48,54,7012,110.5,52.0,52.0,169.0,191.4000000000001,11842.163237311386,0.9380873410724156,0.5,191.0377358490566
1.1,30,20952,235.5,52.0,169.0,1458.0,1458.0,505890.84,0.7361617500828638,0.23333333333333334,381.8181818181818
3.02,30,3283,102.5,52.0,52.0,169.0,169.0,3313.378888888889,1.0531582238899313,0.5,298.0132450331126
8.0,67,11838,169.0,52.0,52.0,169.0,217.0,63048.84205836491,1.2348499150462526,0.417910447761194,210.0
9.54,36,4228,105.0,52.0,52.0,169.0,169.0,4371.802469135801,0.8255613126079447,0.4444444444444444,100.62893081761008
4.11,22,3016,110.5,52.0,52.0,169.0,274.30000000000024,11426.355371900823,1.0,0.5,160.5839416058394
4.21,26,3224,110.5,52.0,52.0,169.0,169.0,9558.0,1.0,0.5,185.2731591448931
6.26,36,4095,110.5,52.0,52.0,169.0,169.0,4172.1875,1.0588235294117647,0.5,172.52396166134184
4.92,4,442,110.5,52.0,52.0,169.0,169.0,3422.25,1.0,0.5,24.390243902439025
1.82,8,884,110.5,52.0,52.0,169.0,169.0,3422.25,1.0,0.5,131.86813186813185
2.54,9,1170,169.0,52.0,52.0,169.0,169.0,3042.0,1.3076923076923077,0.3333333333333333,70.86614173228347
5.85,16,2002,169.0,52.0,52.0,169.0,169.0,3208.359375,1.2318840579710144,0.375,61.53846153846155
9.49,85,10456,105.0,52.0,52.0,169.0,169.0,7513.5175086505205,0.9280840862990964,0.49411764705882355,265.5426765015806
4.52,23,2600,169.0,52.0,52.0,169.0,169.0,3415.7807183364835,0.9607843137254902,0.4782608695652174,146.01769911504428
8.02,22,2548,110.5,52.0,52.0,169.0,169.0,4638.421487603307,1.0,0.5,82.29426433915212
8.1,43,17281,169.0,52.0,52.0,413.5,1458.0,259068.38182801512,2.6846481876332624,0.37209302325581395,118.51851851851853
3.46,4,442,110.5,52.0,52.0,169.0,169.0,3422.25,1.0,0.5,34.68208092485549
7.67,68,8466,102.5,52.0,52.0,169.0,178.60000000000014,7763.985294117647,1.0190794180777487,0.5,265.9713168187745
6.21,28,3094,110.5,52.0,52.0,169.0,169.0,3422.25,1.0,0.5,135.2657004830918
4.55,55,6348,105.0,52.0,52.0,169.0,169.0,4146.934214876033,0.98375,0.45454545454545453,329.67032967032964
8.87,12,1326,110.5,52.0,52.0,169.0,169.0,3422.25,1.0,0.5,40.58624577226607
7.04,4,442,110.5,52.0,52.0,169.0,169.0,3422.25,1.0,0.5,17.045454545454547
2.34,8,884,110.5,52.0,52.0,169.0,169.0,3422.25,1.0,0.5,102.56410256410257
2.09,10,1573,110.5,52.0,52.0,169.0,403.0,17658.81,0.8615384615384616,0.5,143.54066985645932
6.07,31,3718,169.0,52.0,52.0,169.0,169.0,5982.705515088449,0.9724137931034482,0.4838709677419355,148.27018121911038
2.87,7,715,52.0,52.0,52.0,169.0,169.0,3352.4081632653065,1.619047619047619,0.5714285714285714,83.62369337979095
9.62,94,11372,169.0,52.0,52.0,169.0,169.0,4058.1484834766866,1.1335834896810506,0.44680851063829785,261.95426195426194
0.38,4,442,110.5,52.0,52.0,169.0,169.0,3422.25,1.0,0.5,315.7894736842105
5.71,17,2262,169.0,52.0,52.0,169.0,207.40000000000003,5624.878892733564,0.7755102040816326,0.4117647058823529,73.5551663747811
2.18,4,442,110.5,52.0,52.0,169.0,169.0,3422.25,1.0,0.5,55.04587155963302
6.37,42,4976,169.0,52.0,52.0,169.0,169.0,3661.487528344672,1.1862917398945518,0.42857142857142855,169.5447409733124
7.48,29,3614,169.0,52.0,52.0,169.0,169.0,6999.131985731272,0.9716312056737588,0.4827586206896552,112.29946524064171
3.34,8,884,110.5,52.0,52.0,169.0,169.0,3422.25,1.0,0.5,71.8562874251497
1.74,4,442,110.5,52.0,52.0,169.0,169.0,3422.25,1.0,0.5,68.9655172413793
3.18,40,4638,102.5,52.0,52.0,169.0,169.0,5431.097500000001,0.9795134443021767,0.5,377.3584905660377
9.98,20,2274,110.5,52.0,52.0,169.0,169.0,3991.209999999999,1.0579185520361991,0.5,60.120240480961925
8.63,56,6630,161.0,52.0,52.0,169.0,169.0,4772.559948979592,0.9755661501787842,0.48214285714285715,187.7172653534183
1.47,6,780,169.0,52.0,81.25,169.0,169.0,3042.0,1.3076923076923077,0.3333333333333333,81.63265306122449
6.6,39,4320,105.0,52.0,52.0,169.0,169.0,4256.228796844184,0.8343949044585988,0.48717948717948717,172.72727272727272
0.21,8,884,110.5,52.0,52.0,169.0,169.0,3422.25,1.0,0.5,1142.857142857143
2.58,29,3614,169.0,52.0,52.0,169.0,169.0,8887.269916765756,0.9716312056737588,0.4827586206896552,325.5813953488372
7.63,36,3978,110.5,52.0,52.0,169.0,169.0,3422.25,1.0,0.5,141.54652686762776
0.12,4,442,110.5,52.0,52.0,169.0,169.0,3422.25,1.0,0.5,1000.0
2.77,4,442,110.5,52.0,52.0,169.0,169.0,3422.25,1.0,0.5,43.32129963898917
2.44,8,884,110.5,52.0,52.0,169.0,169.0,3422.25,1.0,0.5,98.36065573770493
4.24,16,1768,110.5,52.0,52.0,169.0,169.0,3422.25,1.0,0.5,113.20754716981132
0.25,4,442,110.5,52.0,52.0,169.0,169.0,3422.25,1.0,0.5,480.0
2.56,28,3094,110.5,52.0,52.0,169.0,169.0,3422.25,1.0,0.5,328.125
4.23,3240,6597780,1458.0,52.0,885.5,2864.0,4270.0,2495590.157064472,37.95161290322581,0.19907407407407407,9134.751773049644
3.52,37,11864,153.0,52.0,52.0,201.0,1231.7999999999995,219470.55222790356,1.3943491422805248,0.4594594594594595,289.77272727272725
3.7,1047,1004592,871.0,52.0,169.0,1458.0,1458.0,878551.9863712119,8.445649005688496,0.21203438395415472,3567.5675675675675
7.47,924,921331,688.0,52.0,169.0,1458.0,2864.0,1070199.9929852795,3.6264562326758525,0.20454545454545456,1510.0401606425703
3.31,672,786614,1385.0,52.0,169.0,1458.0,2864.0,1332702.5295404622,14.149625406852454,0.20982142857142858,2519.6374622356493
0.82,12,2568,169.0,52.0,52.0,169.0,212.20000000000002,79530.0,0.4330357142857143,0.3333333333333333,292.6829268292683
2.5,93,43327,169.0,52.0,52.0,681.0,1458.0,332670.6849346745,2.533436633501876,0.3118279569892473,696.0
9.11,1557,2278990,1458.0,52.0,169.0,2864.0,2864.0,1806683.2750653913,25.35950403664207,0.20937700706486834,2114.160263446762
6.27,307,407340,1385.0,52.0,169.0,1458.0,2864.0,1762199.7302252543,8.71105707338006,0.20195439739413681,583.7320574162679
9.07,3886,7579677,1458.0,52.0,635.5,2864.0,4270.0,2196636.277715523,40.01223926629332,0.20792588780236748,5312.017640573318
3.11,3,390,169.0,75.4,110.5,169.0,169.0,3042.0,0.7647058823529411,0.3333333333333333,19.29260450160772
6.87,14,6323,216.0,87.10000000000001,169.0,754.0,952.9000000000001,174358.6581632653,0.527663686880889,0.14285714285714285,17.46724890829694
4.91,1989,2535051,1458.0,52.0,169.0,1458.0,2864.0,1310289.6132484318,15.971620807391043,0.18552036199095023,4460.285132382892
9.1,797,862603,889.0,52.0,169.0,1458.0,2864.0,1277961.7882145876,8.380911987645863,0.21831869510664995,1147.2527472527472
9.4,2243,4209549,1458.0,52.0,209.0,2864.0,4270.0,2110835.0767662968,44.993936016782484,0.19527418635755683,2763.829787234042
4.15,117,81004,286.0,52.0,169.0,1385.0,1458.0,565085.1480750968,2.1184170003079767,0.1452991452991453,245.78313253012047
2.11,3693,7522300,1458.0,52.0,912.0,2864.0,4270.0,2236040.4580322593,39.263236773931105,0.19712970484700784,20587.677725118483
7.9,82,19352,129.0,52.0,52.0,169.0,609.0000000000005,128769.12195121951,0.984209986670768,0.45121951219512196,281.0126582278481
7.34,1963,2002279,945.0,52.0,169.0,1458.0,2864.0,1035053.9270586335,8.996450306791347,0.217524197656648,3433.242506811989
1.77,699,776620,1385.0,52.0,169.0,1458.0,2864.0,1117285.1439559069,5.26094387384918,0.23462088698140202,5559.322033898305
6.22,3,390,169.0,75.4,110.5,169.0,169.0,3042.0,1.3076923076923077,0.3333333333333333,9.64630225080386
8.12,1953,3201823,1458.0,52.0,169.0,2864.0,4270.0,2062058.039331877,24.530028545457444,0.2007168458781362,2852.216748768473
6.73,2362,4426191,1458.0,52.0,423.25,2864.0,4270.0,2013810.902019235,40.374391235663076,0.1934801016088061,4020.8023774145613
4.12,380,611221,1458.0,52.0,169.0,2864.0,2864.0,1832060.454702216,38.87090671885193,0.20789473684210527,1135.9223300970873
9.46,3582,7308878,1458.0,52.0,773.0,2864.0,4270.0,2444401.697683154,41.479399268846954,0.20128419877163595,4553.911205073996
7.16,38,7236,169.0,52.0,52.0,169.0,423.80000000000007,42414.92797783935,0.4888888888888889,0.42105263157894735,134.0782122905028
5.22,40,12121,102.5,52.0,52.0,214.25,1118.7000000000005,207520.97437499996,1.3255947812739832,0.5,229.8850574712644
1.49,407,296007,391.0,52.0,169.0,1406.0,1458.0,479685.34591817635,3.5219523373052244,0.18427518427518427,3020.1342281879197
8.66,905,796466,297.0,52.0,169.0,1458.0,2539.6000000000154,917547.8134660113,5.9470553345893515,0.24419889502762432,1503.4642032332563
6.95,3,390,169.0,75.4,110.5,169.0,169.0,3042.0,1.3076923076923077,0.3333333333333333,8.633093525179856
6.99,144,64640,169.0,52.0,52.0,313.0,1458.0,375492.36265432107,3.0306790546860385,0.2708333333333333,334.7639484978541
2.62,4,650,158.5,52.0,52.0,269.0,276.2,12242.25,0.19047619047619047,0.5,45.80152671755725
7.06,23,2968,105.0,52.0,52.0,169.0,169.0,20944.824196597358,0.7077100115074798,0.4782608695652174,93.4844192634561
3.46,122,96076,306.5,52.0,169.0,1458.0,1458.0,661375.4958344533,3.523565139601676,0.14754098360655737,294.7976878612717
5.41,3836,7628754,1458.0,52.0,876.0,2864.0,4270.0,2083626.549684891,39.34136590782899,0.19316996871741396,8162.661737523104
6.56,34,6746,169.0,52.0,52.0,169.0,411.0999999999999,56487.77162629758,0.548313059444572,0.4117647058823529,128.0487804878049
2.91,37,11864,153.0,52.0,52.0,201.0,1231.7999999999995,219470.55222790356,1.3943491422805248,0.4594594594594595,350.5154639175258
8.78,688,504258,273.0,52.0,104.25,1458.0,1458.0,642916.2164599109,4.158438529369642,0.24854651162790697,1134.3963553530753
0.05,14,7354,169.0,52.0,52.0,1203.5,1458.0,356757.91836734687,11.036006546644845,0.35714285714285715,6000.0
9.69,2563,3778619,1458.0,52.0,169.0,2864.0,2864.0,1528356.1238450052,16.1966458835844,0.1978150604760047,3102.167182662539
4.38,1753,2960171,1458.0,52.0,169.0,2864.0,4270.0,1986568.7757797,23.709686305280556,0.2002281802624073,4739.726027397261
5.31,37,10985,153.0,52.0,52.0,169.0,632.9999999999997,289116.2585829073,1.4724285392752645,0.43243243243243246,180.7909604519774
6.3,2432,4144000,1458.0,52.0,169.0,2864.0,4270.0,1878580.9240391273,39.47626024359989,0.20271381578947367,4657.142857142857
2.08,3677,7349366,1458.0,52.0,773.0,2864.0,4270.0,2202986.704358156,38.19850019467601,0.20614631493065,21836.53846153846
6.11,51,13448,105.0,52.0,52.0,177.0,617.0,167315.11726259135,1.1970266296356804,0.45098039215686275,225.85924713584285
2.34,12,1326,110.5,52.0,52.0,169.0,169.0,3422.25,1.0,0.5,153.84615384615384
2.59,21,6570,169.0,52.0,153.0,403.0,754.0,122505.55102040818,0.44554455445544555,0.23809523809523808,115.83011583011583
9.94,3130,3557305,1385.0,52.0,169.0,1458.0,2864.0,1161630.7103354123,7.94894732472812,0.20223642172523962,3766.5995975855135
8.76,422,428154,1171.0,52.0,169.0,1458.0,2864.0,926441.5985714607,14.399007337073803,0.22037914691943128,636.9863013698631
5.16,376,511048,1385.0,52.0,169.0,2864.0,2864.0,1815190.9178361252,29.313067204460527,0.23670212765957446,1034.8837209302326
1.05,131,54538,169.0,52.0,52.0,480.5,1458.0,260920.53843016137,2.195336301851418,0.33587786259541985,2514.285714285714
2.6,464,634577,1458.0,52.0,52.0,2864.0,2864.0,1612878.4159436314,30.026108639319414,0.27586206896551724,2930.7692307692305
4.48,11,917,52.0,52.0,52.0,105.0,105.0,1645.8677685950415,0.6642468239564429,0.5454545454545454,80.35714285714285
8.7,18,2805,110.5,52.0,52.0,169.0,194.60000000000002,38230.25000000001,0.5403624382207578,0.5,62.06896551724138
3.62,319,405177,1230.0,52.0,169.0,1458.0,2864.0,1711134.1820540281,7.816628949429889,0.20376175548589343,1077.3480662983425
1.92,7636,15047512,1458.0,52.0,845.0,2864.0,4270.0,2076920.4005429326,40.5697797128034,0.19381875327396542,45937.5
3.29,140,34978,153.0,52.0,52.0,185.0,754.0,139757.16102040815,1.0312427409988385,0.4714285714285714,1203.647416413374
9.84,5784,8151402,1458.0,52.0,169.0,2864.0,2864.0,1831342.544076735,16.206125593667547,0.21853388658367912,7621.951219512195
4.72,654,835766,1385.0,52.0,149.75,1458.0,2864.0,1785241.7656949938,15.125762136296983,0.2415902140672783,2008.4745762711866
8.93,2366,4580132,1458.0,52.0,169.0,2864.0,4270.0,2557056.067911931,50.8384227086493,0.22485207100591717,3561.0302351623745
7.88,3006,5472116,1458.0,52.0,217.75,2864.0,4270.0,2038289.1005144292,31.023900372199723,0.18629407850964738,4218.274111675127
4.41,14,2132,169.0,52.0,81.25,169.0,250.90000000000012,5587.346938775509,0.9069767441860465,0.2857142857142857,54.421768707483
5.83,130,52340,169.0,52.0,52.0,249.0,1458.0,325815.5289940828,0.8569502589938267,0.36923076923076925,493.9965694682676
2.39,1732,3449831,1458.0,52.0,1339.0,2864.0,4270.0,1987892.2681500646,38.61953051427521,0.1905311778290993,8209.2050209205
7.81,36,11812,153.0,52.0,52.0,229.0,1269.5,223506.487654321,1.4091372629002652,0.4444444444444444,122.91933418693984
4.43,12,1278,78.5,52.0,52.0,105.0,249.00000000000006,6116.916666666667,0.48604651162790696,0.5,81.26410835214448
8.88,3059,3953149,1458.0,52.0,169.0,1458.0,2864.0,1481909.2924833084,11.410679751858549,0.20300751879699247,4168.918918918918
9.48,3147,5315671,1458.0,52.0,169.0,2864.0,4270.0,2102442.3273475356,38.04476175785755,0.2259294566253575,4487.341772151899
9.43,2008,3920592,1458.0,52.0,403.0,2864.0,4270.0,2251569.4938294636,50.034091352850055,0.20966135458167331,2653.2343584305413
1.35,3087,6442379,1458.0,52.0,635.0,2864.0,4270.0,2839572.2838697108,37.45369950339032,0.21606737933268547,29644.44444444444
5.22,12,1326,110.5,52.0,52.0,169.0,169.0,3422.25,1.0,0.5,68.96551724137932
9.95,30,5671,169.0,52.0,52.0,169.0,466.90000000000043,47139.43222222222,0.5443899782135077,0.43333333333333335,78.39195979899498
4.78,641,582840,585.0,52.0,169.0,1458.0,1458.0,918321.6371017399,6.036071273359409,0.19500780031201248,1556.4853556485355
2.26,2643,2752863,1239.0,52.0,169.0,1458.0,1458.0,847322.8462711559,23.72416766208922,0.23117669315172154,16194.690265486728
0.92,78,45112,169.0,52.0,169.0,1270.25,1458.0,315262.6403681788,2.1184847227982857,0.11538461538461539,586.9565217391304
8.58,924,960366,1239.0,52.0,169.0,1458.0,1458.0,866794.9763450834,27.743146175026936,0.23917748917748918,1545.4545454545455
4.38,4353,4664639,1239.0,52.0,169.0,1458.0,2864.0,930213.1476190152,19.342686314614287,0.226280725936136,13479.452054794521
1.63,1522,1539206,1239.0,52.0,169.0,1458.0,1458.0,803425.0634323398,23.785127693149978,0.23850197109067017,13325.15337423313
2.61,892,980315,1166.0,52.0,169.0,1458.0,2864.0,1025301.5033016448,25.192022015603293,0.20964125560538116,4298.850574712644
9.32,1626,1708720,1239.0,52.0,169.0,1458.0,1458.0,871417.5755852392,24.253761343146817,0.21894218942189422,2291.8454935622317
7.95,3941,7276963,1458.0,52.0,520.0,2864.0,4270.0,1999525.8297466934,38.02421798330053,0.20959147424511546,6218.867924528302
8.12,57,13855,153.0,52.0,52.0,169.0,671.7999999999998,126591.29332102186,1.4856476498026552,0.49122807017543857,206.89655172413794
7.7,8,628,78.5,52.0,52.0,105.0,105.0,702.25,1.0,0.5,31.168831168831172
4.2,1238,1189413,731.0,52.0,169.0,1458.0,2788.399999999995,901869.2018244287,8.441883910710317,0.20759289176090467,3614.2857142857138
6.89,1415,1479920,1342.0,52.0,169.0,1458.0,2864.0,978841.7028805453,5.950395912194847,0.23674911660777384,2865.021770682148
0.4,286,342810,1458.0,52.0,169.0,1458.0,2864.0,1192549.9307056577,16.915338385158087,0.19230769230769232,8250.0
9.4,559,480977,201.0,52.0,52.0,1458.0,2864.0,1059715.4177437988,7.059536177485841,0.27906976744186046,989.3617021276596
5.15,315,599851,1458.0,52.0,403.0,2864.0,4270.0,2108043.8816225748,57.33424098025868,0.20634920634920634,757.2815533980581
2.96,4,650,158.5,52.0,52.0,269.0,276.2,12242.25,0.19047619047619047,0.5,40.54054054054054
9.87,1359,2274689,1458.0,52.0,169.0,2864.0,4270.0,2027556.0165858006,29.92416765229686,0.19793966151582046,1635.2583586626142
7.59,3054,6529553,1458.0,52.0,317.25,2864.0,4270.0,3330771.264459656,34.02283881418388,0.22560576293385723,5430.830039525692
0.31,4,442,110.5,52.0,52.0,169.0,169.0,3422.25,1.0,0.5,387.0967741935484
3.9,38,7321,102.5,52.0,52.0,169.0,599.9000000000002,46371.38296398892,0.5163628831814416,0.5,292.3076923076923
7.09,343,210032,185.0,52.0,52.0,1385.0,1458.0,443960.38125270937,3.209817401936221,0.26239067055393583,761.6361071932299
7.88,2845,2733109,1166.0,52.0,169.0,1458.0,1458.0,757162.4225158683,12.461137625161916,0.2281195079086116,4903.553299492386
1.91,12,1070,78.5,52.0,52.0,105.0,162.60000000000002,1836.4722222222224,1.0,0.5,188.48167539267016
0.86,2205,2255040,1312.0,52.0,169.0,1458.0,1458.0,684687.0369012911,23.74775298778547,0.22675736961451248,34744.186046511626
8.58,4425,4765592,1239.0,52.0,169.0,1458.0,2864.0,897184.6736728781,26.09061865808667,0.21875706214689267,6769.2307692307695
0.16,27,17222,169.0,52.0,52.0,969.0,2020.400000000003,825338.4965706448,4.8858509911141494,0.3333333333333333,3375.0
3.2,3712,7323014,1458.0,52.0,912.0,2864.0,4270.0,2006006.583937637,40.48264337343937,0.19342672413793102,13425.0
1.08,5,728,169.0,98.80000000000001,169.0,169.0,169.0,2190.2400000000002,0.8666666666666667,0.2,55.55555555555555
9.3,53,16557,153.0,52.0,52.0,201.0,1062.4000000000003,203482.3147027412,1.0629205083478694,0.4716981132075472,161.29032258064515
4.44,1123,1024490,793.0,52.0,169.0,1458.0,1458.0,758287.3608219301,8.357782243332116,0.20391807658058772,3054.0540540540537
7.74,660,583896,502.0,52.0,169.0,1458.0,1458.0,876850.7620385676,3.5469100423623225,0.23030303030303031,1139.53488372093
5.73,777,633851,169.0,52.0,52.0,1458.0,1458.0,958405.3060959472,3.868399425485994,0.2676962676962677,2167.5392670157066
4.43,33,4173,169.0,52.0,52.0,169.0,169.0,3167.702479338843,0.8033707865168539,0.36363636363636365,162.52821670428895
5.87,1659,2388270,1458.0,52.0,169.0,2864.0,2864.0,1501488.7167087952,31.223841327666463,0.19831223628691982,3291.311754684838
9.37,302,128490,169.0,52.0,52.0,507.5,1398.5000000000005,370260.9771501249,1.7011288864596692,0.34105960264900664,653.1483457844184
3.31,3323,6905502,1458.0,52.0,1154.0,2864.0,4270.0,2288317.0332387304,41.42282126577302,0.1947035811014144,11691.842900302114
0.91,39,11968,153.0,52.0,52.0,193.0,1264.4000000000008,209116.98356344507,1.3656849179679778,0.48717948717948717,1252.7472527472528
2.73,606,524647,556.5,52.0,169.0,1458.0,1458.0,769688.2382255553,5.537087107666621,0.19636963696369636,2593.4065934065934
6.36,2430,2275997,1166.0,52.0,169.0,1458.0,1458.0,716003.1744722179,11.368406179863817,0.24444444444444444,5566.037735849056
9.98,3086,3151291,1239.0,52.0,169.0,1458.0,1458.0,779100.3236476777,22.351718056450956,0.2303953337653921,4268.537074148297
4.22,1515,1541343,1166.0,52.0,169.0,1458.0,1458.0,892068.3602548769,23.580078779083674,0.2448844884488449,5260.663507109005
9.8,311,253726,297.0,52.0,52.0,1458.0,1458.0,716838.4050206263,3.974531908636408,0.3279742765273312,624.4897959183672
3.04,1384,1436662,1190.0,52.0,169.0,1458.0,2864.0,933375.9959967757,16.977600920990064,0.2384393063583815,6513.1578947368425
5.66,7762,14419972,1458.0,52.0,912.0,2864.0,4270.0,1827891.6737150797,39.827572538449346,0.18397320278278795,15074.204946996466
5.57,16,1928,78.5,52.0,52.0,145.0,273.0,8236.25,0.3712660028449502,0.5,86.17594254937163
7.53,3738,3344484,947.0,52.0,169.0,1458.0,1458.0,700931.7004775903,9.619229963231792,0.22739432851792402,6725.099601593625
6.16,590,538698,947.0,52.0,169.0,1458.0,1458.0,790376.8858833668,14.685359888190076,0.24067796610169492,1383.1168831168832
5.78,1182,1150868,1065.0,52.0,52.0,1458.0,2864.0,1010954.971773443,19.918787261887452,0.27411167512690354,3363.3217993079584
7.26,3440,3672114,1166.0,52.0,169.0,1458.0,2864.0,1010697.8877470931,21.5086979441223,0.22732558139534884,6413.223140495868
1.77,616,587000,1120.5,52.0,169.0,1458.0,1458.0,915770.3575645136,14.451434588049487,0.2435064935064935,5084.745762711864
3.18,4,442,110.5,52.0,52.0,169.0,169.0,3422.25,0.3076923076923077,0.5,37.73584905660377
9.62,3644,7452084,1458.0,52.0,1082.0,2864.0,4270.0,2267957.8674620837,40.95426293744089,0.19154774972557628,4347.193347193347
5.07,39,12085,153.0,52.0,52.0,193.0,1156.400000000001,210539.75279421435,1.3585089773614363,0.46153846153846156,213.01775147928993
6.47,640,404497,193.0,52.0,169.0,1385.0,1458.0,497370.56023193354,2.3007229820152104,0.209375,1214.8377125193201
6.02,104,44240,169.0,52.0,52.0,462.25,1436.1000000000001,315874.5059171598,2.4627426424546024,0.34615384615384615,358.80398671096344
4.22,73,35744,169.0,52.0,52.0,1370.0,1458.0,355502.42109213746,0.1391783790674698,0.4520547945205479,469.1943127962085
7.74,7,576,105.0,52.0,52.0,105.0,105.0,687.9183673469388,1.1984732824427482,0.42857142857142855,23.25581395348837
1.32,50,28541,185.0,52.0,162.25,1094.5,1458.0,398964.9076,2.035307880463682,0.24,545.4545454545454
8.73,3345,7022486,1458.0,52.0,681.0,2864.0,4270.0,2608738.896677235,37.956458547138936,0.20508221225710016,4701.0309278350505
8.8,41,12189,153.0,52.0,52.0,185.0,1081.0,203355.08506841172,1.3314843152257076,0.4878048780487805,136.36363636363637
1.13,323,212132,185.0,52.0,95.0,1385.0,1458.0,615551.912315847,3.2495242292513873,0.25696594427244585,4194.690265486726
7.41,1830,1803012,871.0,52.0,169.0,1458.0,2864.0,956132.0663190898,5.431266519470236,0.21475409836065573,3149.7975708502026
5.04,755,769169,1312.0,52.0,169.0,1458.0,2864.0,883902.8436717687,14.172781788771847,0.20794701986754968,1869.047619047619
7.57,1127,1731170,1458.0,52.0,169.0,2864.0,4270.0,2001198.514177694,24.1857832867784,0.19698314108251996,1759.577278731836
4.24,4158,7717333,1458.0,52.0,1119.25,2864.0,4270.0,1832176.6727422762,38.78498886460181,0.19047619047619047,11165.094339622641
7.01,12,1278,78.5,52.0,52.0,105.0,249.00000000000006,6116.916666666667,0.48604651162790696,0.5,51.35520684736091
4.57,1865,2288024,1458.0,52.0,169.0,1458.0,2864.0,1261948.0516108074,14.512027118644069,0.20214477211796247,4805.251641137855
1.56,177,129316,202.0,52.0,52.0,1458.0,1458.0,647871.6526540904,4.950761584832727,0.2824858757062147,1923.0769230769229
9.75,808,935561,1108.5,52.0,169.0,1458.0,2864.0,1346594.447858972,8.932699861981103,0.2141089108910891,1064.6153846153845
9.47,523,514756,465.0,52.0,169.0,1458.0,2864.0,1149040.4485666966,10.225978104418372,0.2294455066921606,760.2956705385427
6.9,83,59750,265.0,109.80000000000008,169.0,1307.5,1458.0,907476.298737117,3.133803791338038,0.10843373493975904,69.56521739130434
2.49,3288,6896088,1458.0,52.0,1104.5,2864.0,4270.0,2589453.635151935,40.204622315698906,0.19099756690997566,15108.433734939757
1.78,12,1326,110.5,52.0,52.0,169.0,169.0,3422.25,1.0,0.5,202.24719101123594
3.12,18,4430,102.5,52.0,52.0,169.0,906.1000000000001,114227.09876543208,0.5776353276353277,0.5,173.07692307692307
7.49,39,12069,153.0,52.0,52.0,227.5,1156.400000000001,211184.86390532544,1.338953488372093,0.48717948717948717,152.2029372496662
9.28,2269,2227568,1166.0,52.0,169.0,1458.0,1458.0,893520.917842397,9.410023226144133,0.23182018510356986,3375.0000000000005
2.59,834,869926,1358.0,52.0,169.0,1458.0,1458.0,847369.5768449989,22.024270174417065,0.22182254196642687,4285.714285714286
0.97,39,12410,153.0,52.0,52.0,273.0,1156.400000000001,208329.39381985532,1.299425606818603,0.4358974358974359,1051.5463917525774
1.88,2240,2287604,1239.0,52.0,169.0,1458.0,1458.0,791990.8294610969,17.04815779092702,0.24241071428571428,17265.957446808512
7.38,1709,1757590,1166.0,52.0,169.0,1458.0,2864.0,921955.5654232694,22.215686792502673,0.23698069046225864,3284.5528455284552
4.14,744,828312,1239.0,52.0,169.0,1458.0,2864.0,1000918.503468609,26.647263017356476,0.20161290322580644,2173.913043478261
3.4,387,420685,1239.0,52.0,169.0,1458.0,2864.0,981895.5745180912,9.734224694445153,0.1937984496124031,1305.8823529411766
2.16,2928,6046302,1458.0,52.0,1339.0,2864.0,4270.0,2029208.979470404,41.826901827454314,0.18203551912568305,14694.444444444443
9.09,97,21489,153.0,52.0,52.0,169.0,526.2,149531.5270485705,0.9732782369146006,0.4845360824742268,310.23102310231025
6.07,8,964,78.5,52.0,52.0,145.0,269.8,8236.25,0.3712660028449502,0.5,39.53871499176277
5.38,1725,1590865,798.0,52.0,169.0,1458.0,1458.0,846591.7838605336,8.099600750451872,0.21971014492753624,4193.308550185874
4.66,1272,1129633,947.0,52.0,169.0,1458.0,1458.0,729519.8691847385,4.418085978905767,0.24056603773584906,3875.5364806866946
5.48,4,442,110.5,52.0,52.0,169.0,169.0,3422.25,1.0,0.5,21.8978102189781
3.55,979,1320579,1385.0,52.0,169.0,2864.0,2864.0,1793845.2312098502,14.716688089117396,0.22778345250255363,3718.3098591549297
0.07,239,455783,1458.0,52.0,403.0,2864.0,4270.0,2101133.077747239,61.60755494505494,0.15481171548117154,31714.28571428571
7.1,483,489578,233.0,52.0,62.5,1458.0,2864.0,1424312.090900128,11.246491732746328,0.2546583850931677,1022.5352112676056
6.3,455,267539,169.0,52.0,52.0,1385.0,1458.0,409776.78900615865,6.256082015676276,0.3516483516483517,1523.8095238095239
9.71,239,105009,169.0,52.0,52.0,528.0,1392.6000000000006,339351.9815829555,1.4910803245243631,0.32217573221757323,475.7981462409886
5.9,22,2542,78.5,52.0,52.0,169.0,183.40000000000003,7854.611570247936,0.8209169054441261,0.5,111.86440677966101
7.6,3782,7292914,1458.0,52.0,706.0,2864.0,4270.0,2134766.5255792905,41.51114232919273,0.19249074563722898,5731.578947368422
2.82,2,237,118.5,65.3,85.25,151.75,171.7,4422.25,0.2810810810810811,0.5,21.27659574468085
8.03,573,432665,313.0,52.0,52.0,1458.0,1458.0,654529.196574168,5.429473652925966,0.26352530541012215,1098.3810709838108
5.4,1373,1683728,1385.0,52.0,169.0,1458.0,2864.0,1443101.8392799646,12.11743716792097,0.22359796067006554,3377.7777777777774
7.47,14,1616,105.0,52.0,52.0,153.0,236.2000000000001,5721.387755102041,0.654042988741044,0.42857142857142855,48.19277108433735
6.92,1701,2773352,1458.0,52.0,169.0,2864.0,4270.0,1992408.5464683257,34.43812213291762,0.2139917695473251,3147.398843930636
5.32,12,1560,169.0,52.0,52.0,169.0,169.0,3042.0,0.7647058823529411,0.3333333333333333,45.11278195488722
1.42,2,237,118.5,65.3,85.25,151.75,171.7,4422.25,0.2810810810810811,0.5,42.25352112676057
8.55,455,559867,1177.0,52.0,169.0,1458.0,2864.0,1549036.0692476754,13.640490572945268,0.23516483516483516,750.8771929824561
1.71,5,728,169.0,98.80000000000001,169.0,169.0,169.0,2190.2400000000002,0.8666666666666667,0.2,35.08771929824561
3.76,3642,7244519,1458.0,52.0,1118.0,2864.0,4270.0,2044818.3449517814,38.64537877668511,0.18918176825919825,10978.72340425532
0.76,5,728,169.0,98.80000000000001,169.0,169.0,169.0,2190.2400000000002,0.8666666666666667,0.2,78.94736842105263
5.13,69,16456,153.0,52.0,52.0,169.0,542.6000000000004,194406.1629909682,1.04143406525245,0.4782608695652174,385.9649122807018
8.93,43,15239,169.0,52.0,52.0,283.5,1385.0,215848.75067604112,1.3089393939393938,0.37209302325581395,107.50279955207168
3.07,606,470991,467.0,52.0,169.0,1458.0,1458.0,541518.4018805347,4.963270112177458,0.18316831683168316,2032.57328990228
0.75,77,21647,169.0,52.0,52.0,281.0,569.6000000000022,151743.72339348964,1.1424188440221694,0.36363636363636365,2240.0
2.74,1136,1300250,1458.0,52.0,169.0,1458.0,2864.0,1032435.3552339564,13.043699911433695,0.2051056338028169,5058.394160583942
5.64,1357,2085855,1458.0,52.0,169.0,2864.0,2864.0,1533563.6052261018,20.63054411962958,0.18054532056005895,2542.553191489362
7.88,777,1094217,1458.0,52.0,169.0,2864.0,2864.0,1893503.7979457676,21.526340710241893,0.22265122265122264,1302.030456852792
0.56,337,521156,1458.0,52.0,169.0,2864.0,2864.0,1486216.3846472187,46.05697516930022,0.20178041543026706,7285.714285714285
3.15,8,1001,169.0,52.0,52.0,169.0,169.0,3208.359375,1.0263157894736843,0.375,57.142857142857146
5.06,1235,1898499,1458.0,52.0,169.0,2864.0,2864.0,1719685.949124883,27.677799429011646,0.19919028340080971,2881.422924901186
3.46,4,442,110.5,52.0,52.0,169.0,169.0,3422.25,0.3076923076923077,0.5,34.68208092485549
0.78,3672,7427208,1458.0,52.0,948.0,2864.0,4270.0,2186279.148650092,37.86555729984301,0.20642701525054466,58153.84615384615
1.34,14,1989,110.5,52.0,52.0,241.0,284.5,9629.209183673467,0.5612244897959183,0.5,313.43283582089555
7.75,51,8464,105.0,52.0,52.0,169.0,520.0,34942.15532487505,0.6270665128796616,0.49019607843137253,193.54838709677418
1.07,75,44831,265.0,52.0,52.0,1385.0,1458.0,344871.84248888894,1.7234675900613572,0.26666666666666666,1121.4953271028037
2.86,562,437692,462.0,52.0,169.0,1458.0,1458.0,564946.6975215612,4.743386521100147,0.19395017793594305,2202.7972027972028
2.88,1101,1323666,1385.0,52.0,169.0,1458.0,2864.0,1269815.0088079453,11.271619817548023,0.2052679382379655,4604.166666666667
0.9,291,272616,693.0,52.0,169.0,1458.0,1458.0,920471.9108654833,8.502126176368073,0.19931271477663232,3733.333333333333
2.97,755,1132166,1458.0,52.0,169.0,2864.0,2864.0,1416036.37913074,14.71601493635392,0.2,3010.10101010101
1.44,4,442,110.5,52.0,52.0,169.0,169.0,3422.25,1.0,0.5,83.33333333333333
0.5,4,442,110.5,52.0,52.0,169.0,169.0,3422.25,1.0,0.5,240.0
8.82,2130,3521083,1458.0,52.0,169.0,2864.0,4270.0,1806292.2241841347,24.889745079152664,0.19389671361502347,2789.1156462585036
3.32,636,1195606,1458.0,52.0,517.25,2864.0,4270.0,1943507.272625687,26.033395889388835,0.16037735849056603,1807.2289156626507
4.75,575,1180700,1458.0,52.0,737.5,2864.0,4270.0,2225297.8625330813,52.582936237803494,0.18608695652173912,1351.578947368421
1.82,14,2320,169.0,52.0,52.0,169.0,191.40000000000003,33741.63265306121,0.5934065934065934,0.42857142857142855,197.8021978021978
1.59,225,375170,1458.0,52.0,169.0,2864.0,3467.5999999999945,1898152.483950617,48.71773124834349,0.24444444444444444,2075.4716981132074
5.22,5,494,52.0,52.0,52.0,169.0,169.0,3285.3599999999997,0.8095238095238095,0.6,34.48275862068966
5.35,3783,7186271,1458.0,52.0,773.0,2864.0,4270.0,1957883.0185582663,44.256160613636794,0.19270420301348137,8153.271028037384
1.79,4,426,102.5,52.0,52.0,157.0,164.2,3002.25,0.9276018099547512,0.5,67.0391061452514
4.15,763,572414,318.0,52.0,169.0,1458.0,1458.0,609473.9669065168,4.719450050958215,0.22935779816513763,2457.8313253012047
6.7,1005,1040273,816.0,52.0,169.0,1458.0,2864.0,1166215.6521828666,7.69117659345158,0.2109452736318408,1871.6417910447763
4.75,897,849762,1166.0,52.0,169.0,1458.0,1458.0,811354.5046252279,14.373629554582624,0.24303232998885171,2741.0526315789475
0.76,596,659800,1239.0,52.0,169.0,1458.0,2864.0,991610.3635647043,27.358978767299924,0.21476510067114093,10026.315789473685
4.9,36,11812,153.0,52.0,52.0,229.0,1269.5,223506.487654321,1.4349618635332921,0.4444444444444444,195.91836734693874
2.59,878,834278,1018.5,52.0,122.5,1458.0,1458.0,918286.0932954893,13.222263893624275,0.24943052391799544,5003.861003861004
9.08,60,33662,169.0,52.0,52.0,1403.25,1458.0,450686.76555555564,7.547993905535805,0.38333333333333336,151.98237885462552
8.69,3388,7005272,1458.0,52.0,680.75,2864.0,4270.0,2617244.5616949326,37.20147564852735,0.20572609208972845,4798.619102416571
6.58,798,645463,379.5,52.0,169.0,1458.0,1458.0,677281.6105944688,6.287109375,0.21929824561403508,1559.2705167173253
9.01,1199,1198712,1166.0,52.0,169.0,1458.0,2864.0,873043.6770828624,9.393576804356119,0.21017514595496248,1658.157602663707
4.57,901,780219,531.0,52.0,52.0,1458.0,1458.0,786484.8085996446,8.111940298507463,0.2641509433962264,3111.597374179431
3.19,139,100106,169.0,52.0,52.0,1458.0,1458.0,801184.8139330263,5.758439103429652,0.30935251798561153,808.7774294670846
2.98,669,691806,1166.0,52.0,169.0,1458.0,1458.0,845009.056231441,24.21342663459436,0.23019431988041852,3080.536912751678
1.89,25,2906,105.0,52.0,52.0,169.0,169.0,7423.3024,1.0831541218637992,0.48,380.95238095238096
1.59,373,363656,990.0,52.0,169.0,1458.0,1458.0,887837.1904347762,8.69801056056323,0.19571045576407506,2716.9811320754716
9.82,719,619634,1239.0,52.0,52.0,1458.0,1458.0,511926.7109317724,22.485218314129774,0.28789986091794156,1264.7657841140528
5.3,6766,14296762,1458.0,52.0,1456.0,2864.0,4270.0,2398220.5199304237,41.37961167926486,0.17617499261010938,13494.33962264151
9.87,38,12740,169.0,52.0,77.25,169.0,1339.0,208418.82548476447,0.530146528945472,0.2631578947368421,60.790273556231014
1.4,1026,773792,475.0,52.0,169.0,1458.0,1458.0,447103.77929011395,4.890800572490027,0.2046783625730994,8657.142857142859
6.0,4058,4937954,1458.0,52.0,169.0,1458.0,2864.0,1289572.2083714188,12.531532765906139,0.21241991128634796,8520.0
7.06,662,642474,1239.0,52.0,52.0,1458.0,1458.0,754099.536988527,3.766410469464063,0.27794561933534745,1563.7393767705385
1.52,356,453968,1385.0,52.0,169.0,1458.0,2864.0,1695118.8736270673,22.541174030284175,0.2303370786516854,3236.842105263158
1.92,108,33018,137.0,52.0,52.0,201.0,1385.0,279128.089506173,3.194359756097561,0.42592592592592593,1437.5
1.21,268,173092,169.0,52.0,52.0,1239.0,1458.0,717421.8924036535,4.512835212433913,0.34328358208955223,4462.809917355372
5.52,68,23182,153.0,52.0,52.0,201.0,1081.0,349787.6686851211,1.4218554116172168,0.47058823529411764,347.82608695652175
5.1,396,217842,169.0,52.0,52.0,1135.0,1458.0,403164.95339761255,1.7377403544049266,0.2828282828282828,1294.1176470588236
8.7,3649,7365345,1458.0,52.0,773.0,2864.0,4270.0,2350309.0318175443,45.083522080262284,0.202521238695533,5075.862068965517
5.96,70,20148,153.0,52.0,52.0,181.0,1083.4,172113.99918367347,0.9879625061667489,0.4857142857142857,342.2818791946309
0.99,474,328812,324.0,52.0,169.0,1458.0,1458.0,431329.9161459168,3.6028248666657334,0.18565400843881857,5212.121212121212
5.34,1351,1594840,1385.0,52.0,169.0,1458.0,2864.0,1275349.561489392,11.36003472006944,0.21317542561065878,3213.483146067416
0.58,62,18489,169.0,52.0,52.0,193.0,1204.5999999999995,169671.35926118618,1.0259697567389876,0.3870967741935484,2482.7586206896553
8.77,156,76106,169.0,52.0,52.0,1097.0,1458.0,348301.1339579224,0.7626922364276449,0.3269230769230769,348.91676168757124
9.11,1720,2702666,1458.0,52.0,169.0,2864.0,4270.0,1893890.8108585724,25.645627526372866,0.21627906976744185,2417.1240395170144
7.76,1350,2540358,1458.0,52.0,286.0,2864.0,4270.0,2223194.2232296295,35.201875391894205,0.18962962962962962,1956.1855670103093
3.16,3491,6994252,1458.0,52.0,670.0,2864.0,4270.0,2204143.846012183,38.547722440855836,0.20423947293039244,13481.012658227848
9.9,76,20498,153.0,52.0,52.0,173.0,600.5,207495.62673130192,0.8893907272559682,0.4868421052631579,218.18181818181816
2.29,8,628,78.5,52.0,52.0,105.0,105.0,702.25,1.0,0.5,104.80349344978166
4.82,1077,961687,754.0,52.0,169.0,1458.0,1458.0,739562.9702093836,7.398939747251116,0.21262766945218198,2825.726141078838
1.89,887,1085283,1385.0,52.0,169.0,1458.0,2864.0,1346492.1038093772,13.914904143475573,0.20518602029312288,5682.539682539683
5.21,164,104681,169.0,52.0,52.0,1458.0,1458.0,580508.0021936349,6.086447332791768,0.2926829268292683,552.7831094049905
6.61,702,575640,257.0,52.0,52.0,1458.0,1458.0,939147.831908832,2.3230385563451423,0.2792022792022792,1779.1225416036307
5.23,60,14464,153.0,52.0,52.0,169.0,545.0000000000001,146837.89555555553,1.26530931871574,0.4666666666666667,321.22370936902485
1.93,153,200885,1113.0,52.0,52.0,2864.0,4270.0,2109333.0189243453,30.217560217560216,0.3006535947712418,1430.0518134715028
9.03,1501,2335063,1458.0,52.0,169.0,2864.0,4216.0,1893890.9587443592,19.901964821196795,0.19786808794137242,1960.1328903654485
9.65,3119,6383830,1458.0,52.0,169.0,2864.0,4270.0,3416735.600624414,31.64083894916606,0.24142353318371274,4681.865284974094
7.43,4067,3951215,1166.0,52.0,169.0,1458.0,1458.0,857138.3754459738,11.832953334892302,0.22768625522498157,7429.3405114401085
1.69,799,782917,1239.0,52.0,169.0,1458.0,1458.0,793251.779376912,23.67201336148489,0.23529411764705882,6674.556213017751
1.87,8,1092,110.5,52.0,52.0,193.0,269.8,8508.25,0.423728813559322,0.5,128.3422459893048
2.0,8,628,78.5,52.0,52.0,105.0,105.0,702.25,1.0,0.5,120.0
7.61,5222,5567418,1239.0,52.0,169.0,1458.0,1458.0,867316.2634311923,25.335318464558547,0.21696667943316736,8925.09855453351
5.78,763,870177,1166.0,52.0,169.0,1458.0,2864.0,1119354.883307081,26.845664,0.20969855832241152,1660.8996539792386
2.14,1554,1647355,1239.0,52.0,169.0,1458.0,1458.0,907355.6682687929,19.792848397642217,0.21621621621621623,9392.523364485982
1.1,8,884,110.5,52.0,52.0,169.0,169.0,3422.25,1.0,0.5,218.1818181818182
5.46,3369,6844675,1458.0,52.0,169.0,2864.0,4270.0,3147939.7856842736,35.843500540971164,0.22766399525081626,8395.604395604396
4.64,8,628,78.5,52.0,52.0,105.0,105.0,702.25,1.0,0.5,51.72413793103449
9.36,2836,3307029,1213.0,52.0,169.0,1458.0,2864.0,1331365.707485836,13.768599027344221,0.21755994358251057,3884.6153846153848
8.67,1874,3149710,1458.0,52.0,169.0,2864.0,4270.0,1829278.78388303,25.581401432996042,0.19530416221985059,2525.951557093426
0.37,175,225092,908.0,52.0,169.0,2864.0,2864.0,1786820.5595428573,27.388447471307856,0.24571428571428572,6972.972972972973
4.66,257,255223,297.0,52.0,52.0,1458.0,2864.0,1242277.8915047918,18.05929355537301,0.311284046692607,1030.0429184549355
0.61,103,44709,169.0,52.0,52.0,473.5,1458.0,319005.18955603737,2.393472485768501,0.33980582524271846,3442.6229508196725
0.05,2,221,110.5,63.7,81.25,139.75,157.3,3422.25,0.3076923076923077,0.5,1200.0
4.98,1350,2444589,1458.0,52.0,169.0,2864.0,4270.0,2209498.7766962964,48.99977501431727,0.23777777777777778,3855.4216867469877
0.72,16,2424,110.5,52.0,52.0,169.0,193.0,29786.25,0.6246648793565683,0.5,666.6666666666666
7.71,91,56050,263.0,52.0,169.0,1385.0,1458.0,454241.929718633,2.272037361354349,0.18681318681318682,116.73151750972762
9.04,1082,2070573,1458.0,52.0,547.0,2864.0,4270.0,2189766.544392188,57.76133041972926,0.20147874306839186,1446.9026548672568
6.42,4135,7735232,1458.0,52.0,227.0,2864.0,4270.0,2109194.973225935,35.492451690821255,0.2135429262394196,8242.990654205607
8.92,1249,1013355,350.0,52.0,169.0,1458.0,1458.0,693181.7929898764,5.1215114171801375,0.22898318654923938,1903.5874439461884
7.95,249,147914,169.0,52.0,52.0,1385.0,1458.0,445742.9708553088,1.2035933496215958,0.26506024096385544,498.1132075471698
9.91,220,192556,169.0,52.0,52.0,1458.0,2864.0,1204081.7624793388,9.634340310377203,0.3,399.5963673057518
0.82,54,32446,185.0,52.0,169.0,1385.0,1458.0,408565.12620027445,2.0959923664122138,0.2222222222222222,804.8780487804879
2.46,4,442,110.5,52.0,52.0,169.0,169.0,3422.25,0.3076923076923077,0.5,48.78048780487805
3.79,4,442,110.5,52.0,52.0,169.0,169.0,3422.25,0.3076923076923077,0.5,31.6622691292876
2.06,6530,13577000,1458.0,52.0,809.0,2864.0,4270.0,2423221.3767927038,38.954915717110836,0.20245022970903523,38388.34951456311
5.57,80,16360,169.0,52.0,52.0,169.0,195.10000000000088,95950.85,0.6198019801980198,0.425,366.24775583482943
5.85,48,5752,110.5,52.0,52.0,169.0,169.0,5557.805555555556,0.8883782009192384,0.5,246.1538461538462
8.35,3858,4186590,1312.0,52.0,169.0,1458.0,2864.0,1079714.6923514144,9.163402342156882,0.1980300673924313,5403.592814371258
1.87,534,295538,169.0,52.0,81.25,1205.0,1458.0,389654.17172354786,2.9647178771699174,0.250936329588015,4299.465240641711
6.42,736,678634,1020.0,52.0,52.0,1458.0,1458.0,834624.0483739959,1.4127321596177365,0.3016304347826087,2074.766355140187
7.93,998,955286,169.0,52.0,52.0,1458.0,2864.0,1362578.725370581,10.686027450884447,0.29458917835671344,2224.4640605296345
2.19,1462,2197328,1458.0,52.0,169.0,2864.0,2864.0,1915946.131121096,18.812525922853588,0.19015047879616964,7616.4383561643845
9.16,2320,4290604,1458.0,52.0,169.0,2864.0,4270.0,2296175.917238407,43.33724631091638,0.21724137931034482,3288.2096069868994
8.78,4,442,110.5,52.0,52.0,169.0,169.0,3422.25,0.3076923076923077,0.5,13.667425968109342
5.19,7302,15111440,1458.0,52.0,1339.0,2864.0,4270.0,2222829.1351918904,38.46184499840705,0.18433305943577102,15491.329479768785
0.94,16,1768,110.5,52.0,52.0,169.0,169.0,3422.25,1.0,0.5,510.63829787234044
2.31,16,1768,110.5,52.0,52.0,169.0,169.0,3422.25,1.0,0.5,207.7922077922078
6.18,96,17192,102.5,52.0,52.0,169.0,461.5,51818.451388888876,0.6348421453023964,0.5,466.0194174757282
3.19,8,1300,158.5,52.0,52.0,269.0,281.0,12242.25,0.19047619047619047,0.5,75.23510971786834
3.98,16,1256,78.5,52.0,52.0,105.0,105.0,702.25,1.0,0.5,120.6030150753769
7.43,4788,6423970,1458.0,52.0,169.0,1458.0,2864.0,1536065.8587391968,14.85468608858329,0.1934001670843776,7364.7375504710635
7.3,276,138866,169.0,52.0,52.0,1128.0,1458.0,367964.1622033186,0.5017411052233157,0.3188405797101449,723.2876712328767
9.01,3476,6104240,1458.0,52.0,169.0,2864.0,4270.0,2010757.4929743456,39.7003600480064,0.19332566168009205,4448.390677025527
3.38,4,442,110.5,52.0,52.0,169.0,169.0,3422.25,0.3076923076923077,0.5,35.50295857988166
8.24,1934,3672522,1458.0,52.0,169.0,2864.0,4270.0,2137775.6449215,51.773703118264116,0.2078593588417787,2927.1844660194174
2.2,1064,1515098,1458.0,52.0,169.0,2864.0,2864.0,1461166.8727846406,17.05536620826084,0.19360902255639098,5618.181818181818
5.39,2528,5132110,1458.0,52.0,871.0,2864.0,4270.0,2169840.613592949,39.73232483570907,0.20094936708860758,5654.916512059369
1.19,16,1768,110.5,52.0,52.0,169.0,169.0,3422.25,1.0,0.5,403.36134453781517
6.41,46,8827,102.5,52.0,52.0,169.0,520.0,69638.79253308129,0.6632749199170906,0.5,215.2886115444618
9.22,12,1278,78.5,52.0,52.0,105.0,249.00000000000006,6116.916666666667,0.48604651162790696,0.5,39.04555314533622
7.12,1822,1758601,734.0,52.0,169.0,1458.0,2864.0,949050.2620505445,8.438909582747405,0.21789242590559824,3252.808988764045
9.36,213,121691,169.0,52.0,52.0,1385.0,1458.0,378391.31592056254,0.5055177533094148,0.28169014084507044,378.20512820512823
3.54,1460,2154123,1458.0,52.0,169.0,2864.0,2864.0,1981658.641889191,28.987095427020254,0.21575342465753425,5305.0847457627115
3.93,217,275735,798.0,52.0,52.0,2864.0,2864.0,1847429.5581133598,13.226344030543803,0.29493087557603687,977.0992366412213
9.23,1240,2498248,1458.0,52.0,403.0,2864.0,4270.0,2383957.6097398545,59.80385523401563,0.19596774193548386,1566.6305525460452
6.55,472,700867,1458.0,52.0,169.0,2864.0,2864.0,1700753.7945947647,19.242815469485603,0.19491525423728814,833.587786259542
5.07,4359,7759413,1458.0,52.0,517.0,2864.0,4270.0,1943387.4401394336,30.405472898588265,0.20440467997247075,10473.372781065089
5.82,2,221,110.5,63.7,81.25,139.75,157.3,3422.25,0.3076923076923077,0.5,10.309278350515463
6.82,1035,921806,435.0,52.0,169.0,1458.0,1458.0,869170.0523830194,6.868058519264583,0.20193236714975846,1794.7214076246335
1.6,656,983855,1458.0,52.0,169.0,2864.0,2864.0,1513739.5166916084,26.10269689540233,0.16615853658536586,3974.9999999999995
7.83,339,189277,169.0,52.0,52.0,1315.5,1458.0,493819.6341834826,1.3205379692518942,0.30383480825958703,781.6091954022988
8.8,1626,2266616,1458.0,52.0,169.0,2864.0,2864.0,1547701.4732582015,20.00605173164787,0.2201722017220172,2434.090909090909
8.13,1485,2511469,1458.0,52.0,169.0,2864.0,4270.0,2000016.6026115248,42.72410731384599,0.21616161616161617,2354.2435424354244
2.34,79,51510,249.0,52.0,164.5,1385.0,1458.0,411700.6575869251,2.6051231802911534,0.24050632911392406,461.53846153846155
1.65,4,442,110.5,52.0,52.0,169.0,169.0,3422.25,0.3076923076923077,0.5,72.72727272727273
5.3,3426,7006068,1458.0,52.0,872.25,2864.0,4270.0,2226844.3914078292,37.86861581137309,0.19994162288382955,7743.396226415094
5.01,51,8230,52.0,52.0,52.0,169.0,169.0,68176.27297193387,0.6566022544283414,0.5098039215686274,311.37724550898207
9.78,4,442,110.5,52.0,52.0,169.0,169.0,3422.25,0.3076923076923077,0.5,12.26993865030675
9.87,2521,2267015,947.0,52.0,169.0,1458.0,1458.0,764244.3449224058,8.50032477737035,0.22848076160253866,3477.203647416414
7.45,8,884,110.5,52.0,52.0,169.0,169.0,3422.25,1.0,0.5,32.21476510067114
0.11,194,199677,1370.5,52.0,169.0,1458.0,1458.0,771595.4618184717,23.392499389201074,0.23711340206185566,25090.909090909092
2.48,1441,1476926,1239.0,52.0,169.0,1458.0,1458.0,800099.2062446034,20.40162295319519,0.2109646079111728,7282.258064516129
3.24,176,117053,169.0,52.0,52.0,1239.0,1458.0,783294.7502259813,7.31874067230474,0.2784090909090909,888.8888888888888
0.51,245,272251,1166.0,52.0,169.0,1458.0,2864.0,1082584.9763265306,27.377214925995414,0.20816326530612245,6000.0
9.14,804,804584,1166.0,52.0,52.0,1458.0,2864.0,910358.7982599441,23.27247496078195,0.26243781094527363,1385.120350109409
5.9,2213,2197174,1166.0,52.0,169.0,1458.0,1458.0,830686.6978257099,19.343073532951873,0.23994577496610936,5369.4915254237285
0.48,104,89835,431.5,52.0,52.0,1458.0,1458.0,820098.834227071,17.236906211936663,0.33653846153846156,4375.0
4.1,340,344937,1166.0,52.0,169.0,1458.0,2749.700000000003,962619.708399654,24.685978107081688,0.24705882352941178,1229.2682926829268
8.76,5442,11793474,1458.0,52.0,1458.0,2864.0,4270.0,2067307.6111642593,38.02410244531948,0.15803013597941934,5890.41095890411
4.32,1188,940648,403.0,52.0,169.0,1458.0,1458.0,648435.3436270675,5.469381017881705,0.22053872053872053,3611.111111111111
6.6,2870,2751700,754.0,52.0,169.0,1458.0,2864.0,935574.9964136995,4.398771802468167,0.21045296167247388,5436.363636363636
4.13,518,623090,1458.0,52.0,169.0,1458.0,2864.0,989598.9113757993,39.815537796410325,0.24324324324324326,1801.452784503632
9.84,5116,7014292,1458.0,52.0,169.0,2810.0,2864.0,1499510.877871382,21.987277887382103,0.21540265832681782,6609.756097560975
9.85,1026,1403332,1219.0,52.0,169.0,2864.0,2864.0,1870364.9802294348,12.540709006349022,0.1949317738791423,1206.0913705583757
9.83,7558,15343616,1458.0,52.0,1339.0,2864.0,4270.0,2028599.1371352708,41.88873359906528,0.18073564435035724,8325.534079348932
4.38,64,14592,102.5,52.0,52.0,169.0,284.0,142135.125,0.5833333333333334,0.5,438.3561643835617
6.52,24,2556,78.5,52.0,52.0,105.0,265.0,6116.916666666667,0.48604651162790696,0.5,110.42944785276075
5.97,3998,4694522,1385.0,52.0,169.0,1458.0,2864.0,1276897.1137269484,13.466672418999957,0.21560780390195097,8542.713567839197
3.1,2668,4327476,1458.0,52.0,169.0,2864.0,4270.0,1902783.0224325617,17.823133335073205,0.19940029985007496,10180.645161290322
3.52,8,884,110.5,52.0,52.0,169.0,169.0,3422.25,1.0,0.5,68.18181818181819
7.11,3208,5201350,1458.0,52.0,169.0,2864.0,4270.0,1964680.9571345167,35.737367744487294,0.20947630922693267,5603.37552742616
6.51,552,1038456,1458.0,52.0,169.0,2864.0,4270.0,2232110.960932577,49.449669646327244,0.19927536231884058,1013.8248847926268
5.98,5992,11339938,1458.0,52.0,637.0,2864.0,4270.0,1942857.8025675311,45.91973949885803,0.1862483311081442,11137.123745819397
9.57,3465,6886015,1458.0,52.0,773.0,2864.0,4270.0,2237452.655621563,38.78010074984691,0.19855699855699857,4300.940438871473
8.48,14,1499,78.5,52.0,52.0,105.0,236.2000000000001,5733.923469387754,0.45675413022351796,0.5,49.52830188679245
9.72,2059,2352143,1185.0,52.0,169.0,1458.0,2864.0,1272035.3884274985,9.145631863628914,0.2020398251578436,2549.3827160493825
6.28,43,12410,153.0,52.0,52.0,177.0,988.200000000002,195603.2623039481,1.3503787878787878,0.4883720930232558,200.63694267515922
0.68,1647,3112633,1458.0,52.0,403.0,2864.0,4270.0,2066806.9019044025,49.74807206325915,0.18882817243472982,27352.941176470587
3.77,232,213408,169.0,52.0,52.0,1458.0,2864.0,1235839.5585612366,16.4624007855331,0.34051724137931033,1257.2944297082227
0.1,13,2316,169.0,52.0,52.0,169.0,194.60000000000002,39997.2071005917,0.5398936170212766,0.38461538461538464,3000.0
8.86,27,3276,169.0,52.0,52.0,169.0,169.0,3304.8888888888882,0.8529411764705882,0.4074074074074074,74.49209932279909
4.39,810,1295979,1458.0,52.0,169.0,2864.0,4270.0,1863848.578340192,21.590625435783014,0.18395061728395062,2009.1116173120731
7.23,1189,2267674,1458.0,52.0,169.0,2864.0,4270.0,2513675.399506692,54.18394860438517,0.20353238015138772,1975.103734439834
0.57,3479,6998900,1458.0,52.0,876.0,2864.0,4270.0,2140385.251883162,39.270082106341235,0.2003449267030756,73157.8947368421
5.39,85,20461,153.0,52.0,52.0,169.0,629.0000000000002,123748.03792387545,0.9583652373660031,0.47058823529411764,445.26901669758814
8.67,25,11919,153.0,52.0,52.0,617.0,1458.0,348429.54240000003,1.1514440433212996,0.44,76.12456747404845
3.54,519,306942,185.0,52.0,168.0,1385.0,1458.0,389868.52713644516,3.182511889026667,0.24084778420038536,2101.694915254237
9.53,372,220679,169.0,52.0,52.0,1385.0,1458.0,459845.3131214591,1.6896656794276452,0.271505376344086,629.5907660020987
7.47,82,37298,169.0,52.0,52.0,894.25,1458.0,328861.5639500298,0.1508886694643298,0.4024390243902439,265.06024096385545
8.46,100,58142,177.0,52.0,169.0,1385.0,1458.0,368533.48359999986,2.226526082130966,0.24,163.1205673758865
8.09,4121,7844076,1458.0,52.0,670.0,2864.0,4270.0,1976678.6613408362,38.37413600108423,0.1970395535064305,6000.0
3.45,42,7056,102.5,52.0,52.0,169.0,279.4,44197.619047619046,0.541958041958042,0.5,365.2173913043478
3.22,8,628,78.5,52.0,52.0,105.0,105.0,702.25,1.0,0.5,74.53416149068323
9.88,2465,2703458,1385.0,52.0,169.0,1458.0,2864.0,1064695.9160969188,10.883070701742819,0.21176470588235294,3109.311740890688
9.83,1798,2895061,1458.0,52.0,236.0,2864.0,2864.0,1657159.1096128933,37.591551361006694,0.185761957730812,2008.1383519837234
4.12,383,540085,1458.0,52.0,52.0,2864.0,2864.0,1700028.838385973,36.72333589439128,0.2793733681462141,1558.252427184466
6.18,1655,3001093,1458.0,52.0,299.5,2864.0,4270.0,1990052.6840704263,43.45470974240472,0.19456193353474321,3087.3786407766993
0.62,5822,12000284,1458.0,52.0,579.75,2864.0,4270.0,2443983.2830631775,41.21230881794262,0.2074888354517348,116129.03225806452
0.95,86,25192,153.0,52.0,52.0,169.0,617.0,277012.76257436455,1.2484826847554444,0.4418604651162791,2400.0000000000005
5.69,68,13332,102.5,52.0,52.0,169.0,169.0,91877.40830449828,0.6024038461538461,0.5,358.52372583479786
3.13,1974,1790514,707.0,52.0,169.0,1458.0,1458.0,772260.583247876,7.359778132616186,0.20972644376899696,7706.0702875399365
2.3,1540,1603794,1033.0,52.0,169.0,1458.0,2864.0,1086654.078092427,4.567028130293521,0.1974025974025974,7721.739130434783
5.89,578,335292,169.0,52.0,52.0,1385.0,1458.0,467496.8223560541,0.6347732813261824,0.30103806228373703,1731.748726655348
9.8,1090,857498,169.0,52.0,52.0,1458.0,1561.0,1008108.314566114,6.322783945345858,0.27522935779816515,1836.7346938775509
3.18,752,950384,363.5,52.0,52.0,2864.0,2864.0,2015749.495246718,13.95254877281309,0.2526595744680851,3584.9056603773583
9.16,92,37014,169.0,52.0,52.0,435.0,1458.0,231191.08931947063,2.210791117279667,0.2826086956521739,170.3056768558952
0.57,2420,4783831,1458.0,52.0,1339.0,2864.0,4270.0,1969026.4884056756,40.75975941897413,0.1871900826446281,47263.15789473684
3.15,7,1066,169.0,52.0,110.5,169.0,215.80000000000004,5587.34693877551,0.9069767441860465,0.2857142857142857,38.095238095238095
2.5,41,12306,153.0,52.0,52.0,185.0,617.0,289452.85663295665,1.3023386342376053,0.4634146341463415,456.0
8.93,41,8232,153.0,52.0,52.0,169.0,286.0,91099.14693634742,0.6300990099009901,0.4878048780487805,134.3784994400896
6.75,22,2655,110.5,52.0,52.0,169.0,169.0,5743.307851239668,0.9608567208271788,0.5,97.77777777777777
9.06,2618,3025068,1385.0,52.0,169.0,1458.0,2864.0,1248861.885459483,9.730083284856912,0.21810542398777694,3715.2317880794703
0.57,4,442,110.5,52.0,52.0,169.0,169.0,3422.25,1.0,0.5,210.5263157894737
2.25,306,380169,1458.0,52.0,169.0,1458.0,2864.0,1328536.9224336795,15.604891897794278,0.20261437908496732,1626.6666666666667
2.11,557,681699,1404.0,52.0,169.0,1458.0,2864.0,1280578.1947081215,9.015117457798933,0.21723518850987433,3383.8862559241707
6.31,1508,2616267,1458.0,52.0,169.0,2864.0,4270.0,1970630.4035361363,50.056085709267606,0.21286472148541113,3023.7717908082413
2.81,422,553365,1458.0,52.0,169.0,1458.0,2864.0,1585474.2159935762,14.762241148488906,0.21800947867298578,1943.0604982206407
2.64,4885,7762611,1458.0,52.0,286.0,2864.0,2864.0,1709101.1941644098,27.416152956335843,0.204503582395087,22545.454545454544
6.04,55,13446,153.0,52.0,52.0,169.0,585.0000000000001,94635.7038016529,0.5456949074606277,0.4,218.54304635761588
3.49,1019,952754,809.0,52.0,169.0,1458.0,1458.0,825113.4827097706,7.4594498606005715,0.2168792934249264,3765.042979942693
0.64,261,209665,286.0,52.0,169.0,1458.0,1458.0,778561.3342434786,4.633732803095443,0.21839080459770116,5250.0
2.47,574,669739,1385.0,52.0,169.0,1458.0,2864.0,1202896.157368063,7.374459199239753,0.16898954703832753,2307.6923076923076
2.1,13,1804,169.0,52.0,52.0,169.0,207.40000000000003,6123.408284023668,0.8483606557377049,0.38461538461538464,142.85714285714283
5.01,1255,1328848,363.0,52.0,169.0,1458.0,2864.0,1438046.7729693183,7.0124451304809226,0.23266932270916335,3485.029940119761
7.57,531,697550,1385.0,52.0,52.0,2864.0,2864.0,1790956.5126950182,22.760133524082022,0.2806026365348399,1165.125495376486
6.25,8,628,78.5,52.0,52.0,105.0,105.0,702.25,1.0,0.5,38.4
6.98,755,962768,1033.0,52.0,169.0,1458.0,2864.0,1718033.0435963336,10.11022895125554,0.2119205298013245,1366.7621776504297
7.66,2,221,110.5,63.7,81.25,139.75,157.3,3422.25,3.25,0.5,7.832898172323759
1.27,2908,6066603,1458.0,52.0,169.0,2864.0,4270.0,3375422.1938771335,32.736899472252965,0.2469050894085282,33874.015748031496
5.26,22,2431,110.5,52.0,52.0,169.0,169.0,3422.25,0.9081632653061225,0.5,125.47528517110267
9.19,38,9544,169.0,52.0,52.0,169.0,471.7000000000003,109612.18559556785,0.5314505776636713,0.34210526315789475,84.87486398258979
8.48,900,781323,398.0,52.0,169.0,1458.0,1458.0,890791.6313222222,6.5965756621164395,0.23,1422.1698113207547
7.94,1849,2602128,1458.0,52.0,169.0,2864.0,2864.0,1601147.018882351,18.346964267126648,0.21200648999459168,2924.4332493702773
8.89,3489,6012316,1458.0,52.0,169.0,2864.0,4270.0,1949743.3715984584,40.788178709444246,0.19231871596445974,4474.690663667042
4.9,1183,2302477,1458.0,52.0,524.0,2864.0,4270.0,2118728.1843244215,33.914052193428056,0.19273034657650043,2779.5918367346935
2.7,686,1348029,1458.0,52.0,169.0,2864.0,4270.0,2188639.0448728846,62.697443651656194,0.21574344023323616,3288.8888888888887
4.5,2219,2568026,1458.0,52.0,169.0,1458.0,2864.0,1024121.5523559185,16.830789740456318,0.2113564668769716,6226.666666666667
2.24,2717,4665024,1458.0,52.0,403.0,2864.0,4270.0,1779472.5835277794,47.87605557068918,0.21751932278248068,15401.785714285714
2.66,671,568306,499.0,52.0,169.0,1458.0,1458.0,781049.4002500883,4.8189916448230665,0.19672131147540983,2887.218045112782
1.93,391,366614,520.0,52.0,64.5,1458.0,2864.0,933320.984569698,11.995427315586118,0.2531969309462916,3046.632124352332
1.5,142,66718,169.0,52.0,52.0,483.75,1458.0,458732.8914897838,3.3269991568843635,0.3732394366197183,2080.0
9.15,111,65416,169.0,52.0,74.0,1385.0,1458.0,420288.85285285284,0.7171356572868542,0.2702702702702703,183.60655737704917
4.06,490,453159,1090.0,52.0,52.0,1458.0,1458.0,843020.8328571429,4.146200756328287,0.2714285714285714,1950.7389162561576
6.57,111,42676,169.0,52.0,52.0,324.0,1458.0,282160.77152828505,2.1285096400557144,0.35135135135135137,356.16438356164383
1.01,2,221,110.5,63.7,81.25,139.75,157.3,3422.25,0.3076923076923077,0.5,59.40594059405941
0.97,2,221,110.5,63.7,81.25,139.75,157.3,3422.25,0.3076923076923077,0.5,61.855670103092784
4.44,90,64093,272.0,52.0,169.0,1385.0,1458.0,646895.212469136,2.3288147917315882,0.2111111111111111,243.2432432432432
7.15,3241,6844917,1458.0,52.0,988.0,2864.0,4270.0,2837714.349665049,36.19901852093387,0.20734341252699784,5630.7692307692305
6.4,52,13580,153.0,52.0,52.0,169.0,535.1999999999999,241907.78402366862,1.325740709025518,0.4807692307692308,234.37499999999997
8.56,75,19634,169.0,52.0,52.0,169.0,805.0000000000024,142014.72782222225,1.0067457072771873,0.44,231.30841121495328
5.99,6,871,110.5,52.0,52.0,241.0,273.0,9903.138888888889,0.21818181818181817,0.5,30.050083472454087
1.46,8,628,78.5,52.0,52.0,105.0,105.0,702.25,1.0,0.5,164.38356164383563
6.05,1748,1850172,1041.5,52.0,169.0,1458.0,2864.0,1042275.7029570243,8.880705577006264,0.20766590389016018,3490.909090909091
1.74,574,752764,1458.0,52.0,169.0,2094.75,2864.0,1593121.050722966,19.940940829554624,0.2038327526132404,3965.5172413793102
6.53,85,54964,169.0,52.0,52.0,1458.0,1458.0,506034.8199307959,0.5463215642143762,0.3176470588235294,248.08575803981623
2.85,249,217509,217.0,52.0,52.0,1458.0,2864.0,1156499.5502975758,8.134811641678215,0.285140562248996,1494.7368421052631
3.96,52,14284,153.0,52.0,52.0,173.0,818.5999999999997,171901.09763313612,1.1938258332053449,0.46153846153846156,363.6363636363636
6.54,141,72330,169.0,52.0,169.0,974.0,1458.0,363975.4960012072,1.8309197651663405,0.24113475177304963,302.7522935779817
7.4,16,2821,110.5,52.0,52.0,169.0,403.0,41869.08984375,0.9203539823008849,0.5,64.86486486486487
4.61,2846,5808701,1458.0,52.0,167.0,2864.0,4270.0,3476210.891398785,33.82309389350503,0.24736472241742796,9149.674620390455
2.51,38,7878,153.0,52.0,52.0,169.0,488.0000000000003,92102.58448753464,0.4761101742551995,0.47368421052631576,430.27888446215144
7.03,10,1222,110.5,52.0,52.0,169.0,180.69999999999996,6023.16,1.0,0.5,42.67425320056899
0.43,10,1690,110.5,52.0,52.0,169.0,414.69999999999993,24640.2,1.0,0.5,697.6744186046511
9.28,11,1391,169.0,52.0,52.0,169.0,169.0,3167.7024793388437,0.7833333333333333,0.36363636363636365,25.862068965517246
4.02,14,2074,169.0,52.0,77.25,169.0,236.2000000000001,5066.979591836735,0.5641025641025641,0.2857142857142857,59.70149253731344
4.16,8,628,78.5,52.0,52.0,105.0,105.0,702.25,1.0,0.5,57.69230769230769
2.1,32,6094,102.5,52.0,52.0,169.0,169.0,77404.62109375,0.622038860793186,0.5,457.1428571428571
7.66,3410,7241235,1458.0,52.0,881.0,2864.0,4270.0,2706726.6057382543,37.7993280931025,0.20674486803519063,5514.360313315927
7.01,2665,3068981,1385.0,52.0,169.0,1458.0,2864.0,1200677.9766571743,9.141402225240318,0.19174484052532834,4288.1597717546365
2.99,73,46954,169.0,52.0,52.0,1458.0,1458.0,554426.3002439484,7.230324276950044,0.3150684931506849,461.53846153846155
3.75,10,901,78.5,52.0,52.0,105.0,158.2,1862.4900000000002,0.6841121495327103,0.5,80.0
7.85,542,266399,169.0,52.0,52.0,772.25,1458.0,407389.3790287442,2.6564138461116142,0.2785977859778598,1146.4968152866243
5.25,782,1122672,1458.0,52.0,169.0,2864.0,4270.0,1915993.1019747385,18.133084513523187,0.1956521739130435,1725.7142857142858
6.84,477,463836,263.0,52.0,52.0,1458.0,2864.0,1356786.7562200862,8.916534827040664,0.2830188679245283,1149.122807017544
0.25,13,2684,169.0,52.0,52.0,169.0,207.40000000000003,84698.55621301771,0.44612068965517243,0.38461538461538464,1200.0
2.42,309,436007,1458.0,52.0,52.0,2864.0,2864.0,1868638.8213361823,27.38217679989585,0.27184466019417475,2082.6446280991736
6.04,800,1570305,1458.0,52.0,490.75,2864.0,4270.0,2133997.8646484376,59.30357142857143,0.2,1569.5364238410596
6.58,4521,7931183,1458.0,52.0,706.0,2864.0,3585.0,1679309.061817787,36.56041921215393,0.19044459190444593,7668.693009118541
7.94,4,442,110.5,52.0,52.0,169.0,169.0,3422.25,0.3076923076923077,0.5,15.113350125944585
1.12,329,245163,403.0,52.0,169.0,1458.0,1458.0,468095.65281178115,3.3620981086418875,0.1580547112462006,2785.7142857142853
9.12,2436,3308395,1458.0,52.0,169.0,1458.0,2864.0,1602951.4919170502,16.178079275574525,0.1990968801313629,3144.7368421052633
3.42,1592,2965096,1458.0,52.0,314.0,2864.0,4270.0,2036283.2135615265,42.2015619080922,0.1865577889447236,5192.982456140351
8.43,407,649299,1458.0,52.0,169.0,2864.0,4270.0,2151515.2429534737,33.03391340811406,0.22604422604422605,654.8042704626336
2.38,4,650,158.5,52.0,52.0,269.0,276.2,12242.25,0.19047619047619047,0.5,50.420168067226896
5.45,1435,2769584,1458.0,52.0,793.0,2864.0,4270.0,1971918.602922944,55.47601957585644,0.17282229965156795,2719.2660550458713
0.33,4240,8712880,1458.0,52.0,1099.25,2864.0,4270.0,2156289.832039872,39.43137291297367,0.18679245283018867,143636.36363636362
8.36,3076,5929374,1458.0,52.0,169.0,2864.0,4270.0,2286268.243518342,34.003447583739685,0.22756827048114434,5023.923444976076
6.04,2910,2967668,969.0,52.0,169.0,1458.0,2864.0,996959.463484843,10.224160363086233,0.2027491408934708,5761.589403973509
3.0,618,365020,169.0,52.0,52.0,1385.0,1458.0,438703.7752432421,0.7953686944203983,0.2686084142394822,3320.0
6.72,468,493244,1057.0,52.0,52.0,1458.0,2864.0,1076592.8083862956,14.78886043533931,0.2692307692307692,1125.0
6.58,1138,1430208,1385.0,52.0,169.0,1458.0,2864.0,1522993.9714480746,22.755240341494204,0.2478031634446397,2553.191489361702
6.45,1754,2293632,1246.0,52.0,169.0,2864.0,2864.0,1730757.762117928,13.200121345699038,0.21550741163055873,3441.860465116279
6.25,76,21328,169.0,52.0,52.0,169.0,893.5,166336.49584487538,1.6507581406910266,0.47368421052631576,345.59999999999997
4.98,2735,5954010,1458.0,52.0,773.0,2864.0,4270.0,3011730.6611913415,37.200033362418516,0.20146252285191957,6626.506024096385
8.67,69,19378,153.0,52.0,52.0,169.0,1006.6000000000003,170398.7137156059,1.0051738410596027,0.4057971014492754,193.77162629757788
3.0,582,448545,383.5,52.0,169.0,1458.0,1458.0,640424.0569933043,4.400382864985914,0.20446735395189003,2300.0
1.48,986,916665,1135.5,52.0,169.0,1458.0,1458.0,720333.3310001276,13.042694976791212,0.22210953346855983,8797.297297297297
4.4,2374,2319800,1166.0,52.0,169.0,1458.0,1458.0,794369.6520335082,11.87783322878444,0.2396798652064027,7731.818181818182
6.55,4,442,110.5,52.0,52.0,169.0,169.0,3422.25,1.0,0.5,18.320610687022903
0.09,134,106500,616.5,52.0,169.0,1458.0,1458.0,467760.65137001564,7.540497193263834,0.21641791044776118,19333.333333333332
1.82,3061,3325493,1239.0,52.0,169.0,1458.0,1458.0,908675.0940846583,26.6930565270977,0.2107154524665142,21230.76923076923
9.31,3656,7322627,1458.0,52.0,519.75,2864.0,4270.0,2236131.807766541,37.21850322809618,0.2076039387308534,4865.735767991407
5.04,8,884,110.5,52.0,52.0,169.0,169.0,3422.25,1.0,0.5,47.61904761904761
1.06,27,6935,169.0,52.0,52.0,169.0,655.4000000000001,104681.3854595336,0.5750624574153986,0.4074074074074074,622.6415094339623
8.93,746,484996,217.0,52.0,169.0,1385.0,1458.0,474330.8145390249,2.5536049237983587,0.22386058981233245,1101.9036954087346
1.87,83,41470,169.0,52.0,52.0,1214.0,1458.0,327184.9295979097,2.3908421913327884,0.3132530120481928,802.1390374331551
3.37,38,12150,153.0,52.0,52.0,197.0,1194.1000000000017,213005.29916897512,1.4203187250996017,0.42105263157894735,284.86646884272994
7.13,60,35016,169.0,52.0,52.0,1458.0,1458.0,671722.7066666665,0.11683092527030906,0.4166666666666667,210.37868162692848
0.13,3,422,185.0,78.6,118.5,185.0,185.0,3930.888888888889,1.281081081081081,0.3333333333333333,461.53846153846155
4.1,5,702,52.0,52.0,52.0,265.0,274.6,11747.439999999999,0.17391304347826086,0.6,43.90243902439025
9.18,82,33292,169.0,52.0,52.0,336.75,1385.0,405562.68292682926,1.8630890952872377,0.34146341463414637,183.00653594771242
4.86,8,884,110.5,52.0,52.0,169.0,169.0,3422.25,0.3076923076923077,0.5,49.382716049382715
6.87,3074,6177820,1458.0,52.0,52.0,2864.0,4270.0,3447122.365861557,32.474503259226346,0.27000650618087185,7240.174672489083
5.52,65,17399,153.0,52.0,52.0,169.0,941.2000000000002,162614.7725443787,1.0777406257463578,0.47692307692307695,336.95652173913044
7.63,141,68183,169.0,52.0,105.0,824.0,1458.0,287263.7490065892,1.6871206747063923,0.24822695035460993,267.36566186107467
9.12,2487,3047296,1416.0,52.0,169.0,1458.0,2864.0,1272778.9288205383,13.179009473468705,0.195416164053076,3111.842105263158
4.54,3,390,169.0,75.4,110.5,169.0,169.0,3042.0,1.3076923076923077,0.3333333333333333,13.215859030837002
8.93,1500,2212338,1458.0,52.0,169.0,2864.0,2864.0,1628023.1283359998,30.884501196206728,0.208,2069.42889137738
9.56,1246,2384596,1458.0,52.0,893.0,2864.0,4270.0,1924284.2846218655,44.133739637354736,0.1709470304975923,1317.991631799163
6.32,1155,2186348,1458.0,52.0,217.0,2864.0,4270.0,2083416.4217432209,55.38405199092222,0.2025974025974026,2221.518987341772
6.36,9,936,52.0,52.0,52.0,169.0,169.0,3380.0,0.5319148936170213,0.5555555555555556,47.16981132075471
4.72,7644,15170862,1458.0,52.0,990.0,2864.0,4270.0,2074573.6837640377,38.68790908662826,0.1902145473574045,18457.627118644068
3.0,864,589514,305.5,52.0,169.0,1385.0,1458.0,462357.9121602795,3.1510393195132944,0.18518518518518517,3000.0
7.98,7300,7761434,1239.0,52.0,169.0,1458.0,2864.0,951688.3106369677,12.505615279406697,0.2210958904109589,12075.187969924811
7.32,1842,1875988,1283.0,52.0,169.0,1458.0,1458.0,704998.5820845726,23.851473081814326,0.21606948968512488,3262.295081967213
1.88,3968,4265124,1239.0,52.0,169.0,1458.0,2864.0,920631.4291580629,24.78734673148081,0.21118951612903225,26744.680851063833
5.16,4458,4440886,1166.0,52.0,169.0,1458.0,1458.0,785009.9341318535,21.774241522903033,0.24091520861372812,12488.372093023254
4.32,2626,2616912,1166.0,52.0,52.0,1458.0,1458.0,816603.0176923134,24.672611689917005,0.25133282559025133,9166.666666666666
2.21,4,442,110.5,52.0,52.0,169.0,169.0,3422.25,0.3076923076923077,0.5,54.29864253393665
5.45,226,110754,169.0,52.0,169.0,681.0,1385.0,445096.9961625813,2.077525841947316,0.23893805309734514,572.4770642201835
1.62,3969,7609525,1458.0,52.0,948.0,2864.0,4270.0,1970820.461994034,38.45743930641833,0.19753086419753085,28851.851851851847
2.0,78,19862,153.0,52.0,52.0,169.0,728.2999999999989,154473.99934253786,0.9846123101518784,0.47435897435897434,1110.0
0.27,2,221,110.5,63.7,81.25,139.75,157.3,3422.25,0.3076923076923077,0.5,222.2222222222222
4.92,12,1278,78.5,52.0,52.0,105.0,249.00000000000006,6116.916666666667,0.48604651162790696,0.5,73.17073170731707
4.72,1220,1146308,802.0,52.0,169.0,1458.0,1468.300000000014,845741.4013007255,9.004084339872932,0.22950819672131148,3495.762711864407
0.3,128,113187,384.5,52.0,169.0,1458.0,1458.0,886895.5267944336,4.346322800056681,0.1640625,4000.0
8.13,739,732757,582.0,52.0,169.0,1458.0,2864.0,1124378.5422790921,10.04048515895736,0.2219215155615697,1202.9520295202951
8.65,2680,4157999,1458.0,52.0,169.0,2864.0,4270.0,2112458.3648639736,24.620164639481434,0.2212686567164179,4099.421965317919
6.63,237,329864,1458.0,52.0,169.0,2864.0,2864.0,1778937.7267887976,26.787381012551595,0.24472573839662448,524.8868778280543
7.29,1081,1942346,1458.0,52.0,286.0,2864.0,4270.0,2022239.0155550288,23.2344911912961,0.1942645698427382,1711.9341563786008
1.6,3044,6249026,1458.0,52.0,1051.0,2864.0,4270.0,2160767.572023377,43.99619092879413,0.19908015768725362,22575.0
0.23,8,884,110.5,52.0,52.0,169.0,169.0,3422.25,1.0,0.5,1043.4782608695652
6.91,58,14126,153.0,52.0,52.0,169.0,561.0000000000003,145170.83353151008,1.3111910994764397,0.46551724137931033,234.44283646888567
9.22,90,24261,153.0,52.0,52.0,185.0,777.400000000002,148393.02333333335,0.7964457608293225,0.4111111111111111,240.7809110629067
5.46,2333,3037987,1458.0,52.0,169.0,1458.0,2864.0,1253302.389639399,17.949401513214113,0.18174024860694385,4560.43956043956
9.51,273,151021,169.0,52.0,52.0,1369.0,1458.0,417848.5717774289,2.7692115706192126,0.2857142857142857,492.1135646687697
7.89,4699,8688406,1458.0,52.0,286.0,2864.0,4270.0,2152754.9526641956,47.240246075943745,0.1991913173015535,7072.2433460076045
9.81,165,262549,1458.0,52.0,286.0,2864.0,2864.0,1502780.9393572088,52.62520424836601,0.21818181818181817,220.1834862385321
8.7,3917,6992001,1458.0,52.0,330.0,2864.0,4270.0,1901960.1980564417,35.893014494435974,0.21164156242021956,5600.0
7.34,44,9393,78.5,52.0,52.0,169.0,530.200000000001,112578.34039256196,0.582378706199461,0.5,179.83651226158037
5.7,2543,2674652,1239.0,52.0,169.0,1458.0,2864.0,944336.3711696377,13.705100997327996,0.21942587495084545,5863.157894736842
0.61,57,35829,169.0,52.0,52.0,1458.0,1458.0,397649.29639889195,4.485989894350023,0.2631578947368421,1475.409836065574
8.44,522,479854,1166.0,52.0,169.0,1458.0,1458.0,721173.1313545016,15.024511604608449,0.2260536398467433,838.8625592417062
7.59,5569,5721853,1166.0,52.0,169.0,1458.0,1458.0,805982.8677816922,17.35286061154252,0.22840725444424492,10039.525691699604
4.33,1203,1268482,1166.0,52.0,169.0,1458.0,2864.0,954247.8962831215,25.02494819556431,0.23524522028262676,3921.478060046189
7.37,1,52,52.0,52.0,52.0,52.0,52.0,0.0,52,1.0,8.14111261872456
9.92,3446,6925161,1458.0,52.0,681.0,2864.0,4270.0,2316076.0288248775,37.22550036982657,0.20226349390597795,4191.532258064516
7.94,1590,1417186,493.0,52.0,169.0,1458.0,1458.0,865997.4838194691,5.87710665637905,0.22327044025157233,2622.1662468513855
7.64,273,170149,169.0,52.0,52.0,1458.0,1458.0,537893.7730816192,0.5235131892337171,0.27106227106227104,581.151832460733
0.35,167,157529,318.0,52.0,169.0,1458.0,2864.0,1161542.10900355,5.5972443253203785,0.23952095808383234,6857.142857142858
2.59,313,278165,185.0,52.0,143.0,1458.0,2864.0,1260351.2235094775,6.934649285449411,0.24920127795527156,1806.949806949807
7.41,955,1421310,1458.0,52.0,169.0,2864.0,3008.6000000000054,1953973.1661412788,18.834354372793367,0.2157068062827225,1635.6275303643724
9.09,66,15579,153.0,52.0,52.0,169.0,416.0,137073.80096418734,1.1613485016648168,0.42424242424242425,184.81848184818483
0.99,1081,1567168,1458.0,52.0,169.0,2864.0,2864.0,1582445.0309294935,16.68852570035441,0.1998149861239593,12909.090909090908
0.11,13,2572,169.0,52.0,52.0,169.0,207.40000000000003,68590.4378698225,0.47477064220183485,0.38461538461538464,2727.2727272727275
0.1,19,4835,169.0,52.0,52.0,169.0,450.59999999999917,163854.35457063717,0.31314502987506787,0.42105263157894735,4800.0
3.34,2,1181,590.5,159.7,321.25,859.75,1021.3000000000001,289982.25,0.046058458813108945,0.5,17.964071856287426
1.3,3817,7619012,1458.0,52.0,871.0,2864.0,4270.0,2060510.1958240268,39.33186524657505,0.1983232905423107,34707.692307692305
8.97,28,3381,105.0,52.0,52.0,169.0,169.0,4421.1875,0.804162219850587,0.39285714285714285,73.57859531772574
3.92,284,166289,185.0,52.0,133.25,1385.0,1458.0,410911.49587135494,3.116573833395222,0.24647887323943662,1071.4285714285716
7.47,488,313210,249.0,52.0,169.0,1385.0,1458.0,420619.04271365225,3.0117068422266056,0.18032786885245902,706.8273092369478
8.89,346,375827,737.5,52.0,121.25,1458.0,2864.0,1356651.232458485,5.6786380679899775,0.24855491329479767,580.4274465691789
6.94,2374,5027857,1458.0,52.0,1105.0,2864.0,4270.0,2363465.944879731,60.799931167570094,0.17186183656276327,3510.0864553314123
5.65,14,1668,105.0,52.0,52.0,166.0,236.2000000000001,5823.265306122449,0.5430157261794635,0.42857142857142855,63.71681415929203
0.16,4,442,110.5,52.0,52.0,169.0,169.0,3422.25,1.0,0.5,750.0
8.44,82,54296,251.5,52.0,169.0,1259.0,1458.0,567954.0273646639,1.9373005139302137,0.18292682926829268,99.5260663507109
9.06,3477,7190862,1458.0,52.0,871.0,2864.0,4270.0,2398001.7261451627,38.816511627906976,0.19585849870578084,4496.688741721854
1.33,4,650,158.5,52.0,52.0,269.0,276.2,12242.25,0.19047619047619047,0.5,90.22556390977444
6.22,1350,1264409,765.5,52.0,169.0,1458.0,1561.0,889028.3260735254,8.183279345757738,0.20666666666666667,2633.440514469454
6.03,495,503699,597.0,52.0,169.0,1458.0,2864.0,1221826.996077951,5.708026475249371,0.23232323232323232,1124.3781094527362
3.65,3569,6508694,1458.0,52.0,286.0,2864.0,4270.0,2157463.2321867244,44.989062157750816,0.17287755673858224,10043.835616438357
7.15,102,35440,169.0,52.0,52.0,169.0,1360.1000000000015,343030.01230296044,3.5453379504937796,0.4019607843137255,344.05594405594405
9.53,449,596157,1385.0,52.0,169.0,1458.0,2864.0,1779089.3174736237,13.38325130283729,0.21380846325167038,598.1112277019937
8.48,7024,13812920,1458.0,52.0,520.0,2864.0,4270.0,2330517.5006914134,37.62478957994284,0.21184510250569477,10485.849056603773
5.27,46,15730,169.0,52.0,157.0,373.75,988.0,143642.3024574669,0.5828134433487623,0.21739130434782608,113.85199240986718
6.31,222,67390,153.0,52.0,52.0,267.5,1081.0,187923.54386819247,1.92212297285578,0.42342342342342343,893.8193343898574
4.47,2048,1843144,441.5,52.0,149.25,1458.0,2226.0,933516.4875335693,7.339716209367987,0.248046875,6738.255033557048
8.14,1394,1189788,283.0,52.0,52.0,1458.0,1531.9000000000044,1004733.0074905981,3.592924863345789,0.27259684361549497,2771.498771498771
9.11,9572,17310812,1458.0,52.0,265.0,2864.0,4270.0,2030967.5652579812,46.62416365877278,0.1893021312160468,11841.93194291987
4.7,1266,2468570,1458.0,52.0,403.0,2864.0,4270.0,2178228.4207352833,58.95749538521325,0.20221169036334913,3268.0851063829787
6.01,776,1194630,1458.0,52.0,169.0,2864.0,2864.0,1859160.6461034648,16.176069703243616,0.19072164948453607,1437.603993344426
9.59,3998,7778023,1458.0,52.0,603.0,2864.0,4270.0,2130555.453139088,37.80939146575124,0.2051025512756378,5099.061522419187
7.66,47,10023,169.0,52.0,52.0,169.0,413.79999999999995,103690.44545043002,0.7014089288745544,0.44680851063829785,164.49086161879893
9.79,803,702080,569.0,52.0,169.0,1458.0,1458.0,760199.1819500038,5.943724656314904,0.1980074719800747,956.0776302349336
6.81,4812,4868302,1239.0,52.0,169.0,1458.0,1458.0,819391.3104487673,21.799895093268642,0.2344139650872818,9920.704845814978
3.51,6603,9378490,1458.0,52.0,169.0,1458.0,2864.0,1579372.5144438338,34.62213941969864,0.2044525215810995,22923.076923076926
2.85,717,801817,1239.0,52.0,169.0,1458.0,2864.0,1033781.4740677198,26.647908692803696,0.21338912133891214,3221.0526315789475
7.91,1759,1888720,1239.0,52.0,169.0,1458.0,2864.0,935341.7253640095,27.1789156446752,0.2245594087549744,2996.207332490518
2.29,1194,2493439,1458.0,52.0,728.0,2864.0,4270.0,2340363.777382866,62.107463744273744,0.18341708542713567,5737.991266375546
9.89,4591,7425331,1458.0,52.0,286.0,2864.0,3894.0,1756995.9469181057,27.357517939865648,0.21171857983010237,5872.598584428716
5.23,22,5691,102.5,52.0,52.0,169.0,917.8000000000015,155614.58057851237,0.5747094631986718,0.5,126.19502868068834
4.02,12,1278,78.5,52.0,52.0,105.0,249.00000000000006,6116.916666666667,0.48604651162790696,0.5,89.55223880597016
1.81,744,658914,603.5,52.0,169.0,1458.0,1458.0,808105.2365808185,6.3111123439667125,0.21774193548387097,5270.718232044199
4.18,3057,3044562,1166.0,52.0,169.0,1458.0,1458.0,818443.496753056,15.096955149387487,0.22571148184494602,9889.952153110047
2.16,775,764834,1166.0,52.0,169.0,1458.0,1458.0,821352.537180437,23.546954233262724,0.24258064516129033,5222.222222222222
1.52,4,442,110.5,52.0,52.0,169.0,169.0,3422.25,1.0,0.5,78.94736842105263
7.86,6974,9825363,1458.0,52.0,169.0,1458.0,2864.0,1887218.133459799,33.30727357163059,0.22039002007456265,11702.290076335878
2.81,201,177268,169.0,52.0,52.0,1458.0,1458.0,1138015.7762431623,15.95533237685318,0.2736318407960199,1174.3772241992883
0.35,3422,7072995,1458.0,52.0,681.0,2864.0,4270.0,2510808.728302974,37.69295615925776,0.2104032729398013,123257.14285714287
6.19,21,2262,52.0,52.0,52.0,169.0,169.0,3414.4897959183677,0.9550561797752809,0.5238095238095238,106.62358642972536
1.27,28,6955,169.0,52.0,52.0,169.0,613.6000000000005,132239.16709183675,0.5724621297761701,0.42857142857142855,566.9291338582677
8.92,39,11968,153.0,52.0,52.0,193.0,1156.400000000001,211726.98356344504,1.3656849179679778,0.48717948717948717,127.80269058295964
3.07,222,134660,242.0,52.0,169.0,1385.0,1458.0,391825.28017206397,2.673914822797588,0.22972972972972974,957.6547231270358
6.07,1409,1352719,634.0,52.0,169.0,1458.0,2864.0,999469.3588152006,6.395786860866903,0.21291696238466998,2896.210873146623
0.81,73,23772,169.0,52.0,52.0,185.0,1333.7999999999993,188324.3936948771,1.0410406113162187,0.3013698630136986,1555.5555555555554
6.85,169,84122,169.0,52.0,52.0,1161.0,1458.0,337000.0386541087,1.9473057248966434,0.33136094674556216,464.2335766423358
9.38,2050,2849098,1458.0,52.0,169.0,2864.0,2864.0,1651891.159594527,18.66590509059534,0.22585365853658537,2955.2238805970146
6.52,473,792022,1458.0,52.0,169.0,2864.0,4270.0,2108047.479227101,30.528283109748816,0.22410147991543342,966.2576687116565
3.44,195,82096,169.0,52.0,52.0,643.5,1443.9999999999998,332867.1230506246,2.0516690208906403,0.38461538461538464,1308.139534883721
4.53,34,11708,153.0,52.0,52.0,197.0,941.7999999999997,348190.0519031142,1.4135229849515565,0.4411764705882353,198.67549668874173
4.56,3253,6898829,1458.0,52.0,520.0,2864.0,4270.0,2963669.221964184,39.81398678348942,0.21549339071626192,9223.684210526317
5.45,58,10675,102.5,52.0,52.0,169.0,348.3000000000004,53688.35939357908,0.5337643678160919,0.5,319.26605504587155
5.94,8,628,78.5,52.0,52.0,105.0,105.0,702.25,1.0,0.5,40.4040404040404
3.32,2,221,110.5,63.7,81.25,139.75,157.3,3422.25,0.3076923076923077,0.5,18.072289156626507
9.75,767,469383,217.0,52.0,169.0,1385.0,1458.0,379512.08138856926,3.0300072120337935,0.2333767926988266,1083.076923076923
0.7,4,442,110.5,52.0,52.0,169.0,169.0,3422.25,1.0,0.5,171.42857142857144
7.49,213,105370,169.0,52.0,52.0,967.0,1458.0,394902.18387004343,1.1117078840835304,0.3380281690140845,576.7690253671561
6.29,96,63980,273.0,52.0,169.0,1217.75,1458.0,649490.1232638889,2.3236363636363637,0.17708333333333334,152.62321144674087
2.07,2994,6284772,1458.0,52.0,611.0,2864.0,4270.0,2891053.962344194,36.81792580557812,0.21643286573146292,18695.652173913044
8.53,73,19086,153.0,52.0,52.0,169.0,988.1999999999987,167610.13811221617,1.0224647663452369,0.4794520547945205,246.18991793669403
7.57,3406,3336113,1166.0,52.0,169.0,1458.0,1458.0,846992.8632699401,13.26469607306561,0.2275396359365825,6110.964332892998
0.03,14,4907,110.5,52.0,52.0,265.0,1238.3000000000006,237122.9642857143,4.820877817319098,0.5,14000.0
1.66,152,82856,169.0,52.0,169.0,1209.0,1458.0,377161.6073407202,0.6000308975745404,0.21052631578947367,1120.4819277108434
1.18,4,442,110.5,52.0,52.0,169.0,169.0,3422.25,1.0,0.5,101.69491525423729
9.22,258,120603,169.0,52.0,52.0,557.25,1458.0,399354.3486118623,2.4781969198823326,0.29457364341085274,494.57700650759216
1.32,12,2264,169.0,52.0,52.0,169.0,197.8,41893.55555555555,0.6171428571428571,0.3333333333333333,181.8181818181818
2.93,359,364464,760.0,52.0,169.0,1458.0,2864.0,1108398.4390406653,7.613523030747052,0.2200557103064067,1576.7918088737201
7.46,9,2340,169.0,52.0,52.0,169.0,683.8000000000001,75374.0,0.9565217391304348,0.3333333333333333,24.128686327077748
4.81,2933,6136883,1458.0,52.0,169.0,2864.0,4270.0,3605426.370695505,35.53232729112718,0.23320831912717355,8532.224532224533
9.65,8,628,78.5,52.0,52.0,105.0,105.0,702.25,1.0,0.5,24.870466321243523
9.35,22,3250,110.5,52.0,52.0,169.0,274.30000000000024,19458.743801652894,1.0,0.5,70.58823529411765
4.52,6,663,110.5,52.0,52.0,169.0,169.0,3422.25,1.4285714285714286,0.5,39.82300884955753
9.26,98,27831,153.0,52.0,52.0,169.0,756.1999999999987,228012.33663057064,1.1507727975270479,0.46938775510204084,298.0561555075594
9.81,1690,1549044,637.0,52.0,169.0,1458.0,1458.0,908372.4837519694,9.305593070367438,0.23491124260355029,2391.4373088685015
0.21,32,21810,169.0,52.0,156.25,1458.0,1458.0,407563.05859375,4.744008427706084,0.21875,2000.0
9.59,1295,1226017,1166.0,52.0,169.0,1458.0,1458.0,709987.6822265619,9.840019097974377,0.22934362934362934,1851.9290928050052
4.88,1961,1918870,1166.0,52.0,169.0,1458.0,1458.0,753589.8020112229,19.8908896921134,0.2325344212136665,5606.557377049181
7.0,1031,1003144,1166.0,52.0,52.0,1458.0,1458.0,793665.8570803632,16.246522823003524,0.2609117361784675,2305.714285714286
9.38,3136,6420652,1458.0,52.0,638.5,2864.0,4270.0,2607609.3315529334,38.29383541104399,0.20440051020408162,4100.213219616204
8.39,1942,1770267,416.5,52.0,169.0,1458.0,2401.800000000001,984900.9095025037,6.168611078490526,0.21627188465499486,2953.5160905840285
6.04,114,81686,169.0,52.0,169.0,1458.0,1458.0,615305.5112342258,0.7420400503294875,0.23684210526315788,268.2119205298013
8.85,234,111162,169.0,52.0,52.0,825.0,1458.0,378215.5529257067,4.124562050525539,0.3034188034188034,481.35593220338984
9.08,313,317428,313.0,52.0,52.0,1458.0,2864.0,1463905.8058773691,9.155421185654413,0.268370607028754,555.0660792951542
2.34,10,849,78.5,52.0,52.0,105.0,111.39999999999998,1410.09,0.7577639751552795,0.5,128.2051282051282
8.71,3198,6633158,1458.0,52.0,645.25,2864.0,4270.0,2550751.092538684,39.03934422271317,0.20356472795497185,4463.834672789896
3.45,2,221,110.5,63.7,81.25,139.75,157.3,3422.25,0.3076923076923077,0.5,17.391304347826086
8.66,1666,1450578,509.5,52.0,169.0,1458.0,1458.0,800253.5948977431,3.570649844974919,0.22088835534213686,2508.083140877598
1.1,1,52,52.0,52.0,52.0,52.0,52.0,0.0,0.0,1.0,54.54545454545455
9.39,308,257691,257.0,52.0,169.0,1458.0,1458.0,932197.5298848877,4.691558441558442,0.2077922077922078,402.555910543131
5.9,110,46103,169.0,52.0,52.0,265.0,1458.0,412996.6678512398,5.388111403630317,0.35454545454545455,396.61016949152537
3.04,14,2352,169.0,52.0,52.0,169.0,191.40000000000003,36677.142857142855,0.5806451612903226,0.42857142857142855,118.42105263157895
1.27,35,11760,153.0,52.0,52.0,193.0,895.4000000000007,340614.0,1.3985315113196002,0.45714285714285713,755.9055118110236
8.77,214,123878,169.0,52.0,52.0,1105.0,1458.0,566310.0576469561,2.591187128569358,0.2757009345794392,403.6488027366021
2.38,3201,6739317,1458.0,52.0,1015.0,2864.0,4270.0,2866906.093439053,36.466668519805424,0.20524835988753515,16537.81512605042
5.74,50,7397,102.5,52.0,52.0,169.0,170.60000000000002,31051.4164,0.6529608938547486,0.5,261.3240418118467
9.49,2453,2293758,1081.0,52.0,169.0,1458.0,1458.0,794525.137464562,11.15789975830047,0.22951487973909498,3515.279241306638
2.17,170,98018,169.0,52.0,52.0,1435.75,1458.0,477445.6088581315,1.4272094693311541,0.35294117647058826,1658.9861751152073
7.04,22,2772,110.5,52.0,52.0,169.0,169.0,8382.818181818182,1.0472673559822747,0.5,93.75
7.72,2883,2964055,1166.0,52.0,169.0,1458.0,1458.0,875946.1148101186,21.627237680827513,0.23309053069719043,5215.025906735752
1.01,4,650,158.5,52.0,52.0,269.0,276.2,12242.25,0.19047619047619047,0.5,118.81188118811882
2.39,7,576,105.0,52.0,52.0,105.0,105.0,687.9183673469388,1.1984732824427482,0.42857142857142855,75.31380753138075
3.89,1066,1132091,1166.0,52.0,169.0,1458.0,2864.0,959358.2729822344,18.3695313703013,0.22138836772983114,3609.2544987146525
9.6,3565,7349660,1458.0,52.0,1154.0,2864.0,4270.0,2310749.283455915,39.11231969087525,0.1929873772791024,4281.25
0.16,4,650,158.5,52.0,52.0,269.0,276.2,12242.25,0.19047619047619047,0.5,750.0
4.67,913,861201,681.0,52.0,169.0,1458.0,2703.4000000000547,933435.7720212725,8.18271578610652,0.20700985761226726,2364.0256959314775
2.28,1299,1597873,1385.0,52.0,169.0,1458.0,2864.0,1337290.7442901835,9.313582350625126,0.2040030792917629,6815.789473684211
9.74,638,615734,363.0,52.0,169.0,1458.0,2864.0,1090311.3378995883,4.320067739204064,0.24608150470219436,960.9856262833675
9.84,1153,1873143,1458.0,52.0,169.0,2864.0,4270.0,2274969.6240284215,23.84373383556375,0.22289679098005205,1560.9756097560976
1.95,503,917700,1458.0,52.0,169.0,2864.0,4270.0,2178632.3869822817,42.127026645989005,0.21868787276341947,3353.846153846154
1.07,2,221,110.5,63.7,81.25,139.75,157.3,3422.25,0.3076923076923077,0.5,56.07476635514019
2.41,109,74238,297.0,52.0,169.0,1385.0,1458.0,510313.7454759701,2.240984894787392,0.1834862385321101,497.92531120331944
9.98,6,780,169.0,52.0,81.25,169.0,169.0,3042.0,0.7647058823529411,0.3333333333333333,12.024048096192384
1.34,149,127815,169.0,52.0,52.0,1458.0,2864.0,1260937.9067609566,17.782512858192504,0.35570469798657717,2373.134328358209
3.65,5029,8006328,1458.0,52.0,403.0,2864.0,2864.0,1682775.0234459187,26.518828624458653,0.20242592960827202,16701.3698630137
2.2,36,7871,102.5,52.0,52.0,169.0,302.0,127451.89737654317,0.624561403508772,0.5,490.90909090909093
4.11,2,221,110.5,63.7,81.25,139.75,157.3,3422.25,0.3076923076923077,0.5,14.5985401459854
9.41,409,237755,185.0,52.0,52.0,1385.0,1458.0,463055.8024043377,3.281405315853922,0.29584352078239606,752.3910733262487
3.56,1756,2242155,1385.0,52.0,169.0,1458.0,2864.0,1432855.606712229,10.677647340680403,0.20273348519362186,5882.0224719101125
4.0,519,350192,169.0,52.0,52.0,1458.0,1458.0,511232.3139058735,1.470490299823633,0.28901734104046245,2235.0
7.53,379,446862,1458.0,52.0,52.0,1458.0,2864.0,1303200.3056369699,13.357934646402981,0.26649076517150394,788.8446215139443
8.53,664,1006235,1458.0,52.0,169.0,2864.0,2864.0,1731852.2998598304,44.3259009009009,0.23493975903614459,1090.269636576788
3.71,401,591277,1458.0,52.0,169.0,2864.0,4270.0,2052095.122779087,18.840844266970908,0.24438902743142144,1568.7331536388142
7.65,305,378829,1374.0,52.0,169.0,1458.0,2864.0,1770589.3830045688,14.017998017839446,0.2459016393442623,588.2352941176471
0.52,34,31605,633.0,52.0,52.0,1458.0,1561.0,1008831.3641868512,29.389423076923077,0.3235294117647059,1269.2307692307693
4.31,4834,7973334,1458.0,52.0,520.0,2864.0,2864.0,1677335.3217425044,31.04123835625246,0.20769549027720313,13614.849187935035
3.15,46,8976,102.5,52.0,52.0,169.0,185.0,108470.28733459357,0.6106226448950296,0.5,438.09523809523813
7.86,79,25689,153.0,52.0,52.0,201.0,1458.0,232368.22175933336,1.1735341399441577,0.4810126582278481,290.07633587786256
4.7,1457,1407759,692.0,52.0,169.0,1458.0,2864.0,992460.3929021799,9.000277043730287,0.22100205902539466,4008.510638297872
7.29,443,296487,169.0,52.0,169.0,1458.0,1458.0,497676.71669155,1.1337214741675243,0.22799097065462753,823.0452674897119
4.93,415,296048,169.0,52.0,52.0,1385.0,1458.0,897586.35805487,4.381908086096567,0.2987951807228916,1509.127789046653
0.12,4,650,158.5,52.0,52.0,269.0,276.2,12242.25,0.19047619047619047,0.5,1000.0
9.16,20,2876,105.0,52.0,52.0,169.0,172.20000000000005,27227.75999999999,0.6937573616018846,0.4,52.40174672489083
0.75,161,132620,761.0,52.0,169.0,1458.0,1458.0,494268.69549785886,3.1011844017688714,0.12422360248447205,1520.0
9.18,32,8130,169.0,52.0,139.75,173.0,570.8000000000001,84028.18359375,0.6351568785197104,0.25,52.287581699346404
0.44,3592,6970714,1458.0,52.0,1221.0,2864.0,4270.0,1956942.4071802096,40.59112415797042,0.18875278396436526,91772.72727272728
2.23,339,650493,1458.0,52.0,484.5,2864.0,4270.0,1968935.4902759288,29.754716089073803,0.1976401179941003,1748.8789237668161
0.47,19,6019,169.0,52.0,102.5,234.5,1105.0,162894.48199445984,0.5319419699669127,0.2631578947368421,638.2978723404256
3.98,12,1278,78.5,52.0,52.0,105.0,249.00000000000006,6116.916666666667,0.48604651162790696,0.5,90.45226130653268
1.81,480,356729,343.0,52.0,169.0,1458.0,1458.0,520424.69687065965,5.297514387600184,0.23958333333333334,3812.1546961325967
3.76,956,1094422,1033.0,52.0,169.0,1458.0,2864.0,1314479.1412046356,10.496995545844188,0.18305439330543932,2760.6382978723404
5.56,439,268976,169.0,52.0,52.0,1458.0,1458.0,500956.37792456447,0.7243488239404566,0.3120728929384966,1467.6258992805756
3.83,318,215967,169.0,52.0,52.0,1439.75,1458.0,704042.7001008663,4.039364383050215,0.279874213836478,1378.5900783289817
5.36,96,33630,169.0,52.0,52.0,253.0,1385.0,345970.5481770833,3.8256564786913474,0.375,402.9850746268657
4.05,407,455434,520.0,52.0,169.0,1458.0,2864.0,1826825.0294779928,9.183212592791342,0.24324324324324326,1451.851851851852
4.46,10,1456,110.5,52.0,52.0,169.0,297.69999999999993,13141.439999999999,1.0,0.5,67.26457399103138
9.45,3640,7315342,1458.0,52.0,876.0,2864.0,4270.0,2208896.659473192,36.596322259682594,0.19972527472527474,4603.174603174603
2.01,38,11916,153.0,52.0,52.0,197.0,1194.1000000000017,215544.29639889195,1.3798681845416416,0.47368421052631576,537.313432835821
2.51,692,630233,414.0,52.0,169.0,1458.0,2864.0,975514.8882918741,7.175712840204447,0.20809248554913296,3346.6135458167337
2.14,1440,1608862,1239.0,52.0,169.0,1458.0,2864.0,1141663.6212943674,17.817099415204677,0.2222222222222222,8943.92523364486
0.19,80,68225,1051.5,52.0,169.0,1458.0,1458.0,443774.77734375,7.405198965134902,0.2,4736.842105263158
4.22,499,404689,414.0,52.0,52.0,1458.0,1458.0,665849.1422845691,6.493408139836315,0.2905811623246493,2061.611374407583
5.85,8,1092,110.5,52.0,52.0,193.0,269.8,8508.25,0.423728813559322,0.5,41.02564102564103
3.08,586,610487,1239.0,52.0,169.0,1458.0,1458.0,900249.655863784,19.741582577379134,0.23720136518771331,2688.311688311688
9.2,1391,1365826,1166.0,52.0,169.0,1458.0,1458.0,849173.4196283907,17.867084760747044,0.22070452911574406,2002.1739130434785
6.03,1021,1116580,1166.0,52.0,169.0,1458.0,2864.0,1041575.0244435896,18.72303181248123,0.22331047992164543,2258.7064676616915
5.34,35,11760,153.0,52.0,52.0,257.0,1307.2000000000005,227651.94285714286,1.4242424242424243,0.42857142857142855,168.53932584269663
9.92,3324,6915357,1458.0,52.0,572.0,2864.0,4270.0,2803228.1473435187,38.92354588228502,0.21209386281588447,4258.064516129032
8.51,14,1499,78.5,52.0,52.0,105.0,236.2000000000001,5733.923469387754,0.45675413022351796,0.5,49.35370152761457
7.07,454,280219,188.5,52.0,169.0,1385.0,1458.0,429927.49015602865,3.1740872596189655,0.22687224669603523,874.1159830268741
4.03,129,57075,169.0,52.0,52.0,618.0,1385.0,260175.37840274023,2.0244820094324627,0.27906976744186046,535.9801488833747
1.55,39,11968,153.0,52.0,52.0,193.0,1156.400000000001,211726.98356344504,1.3656849179679778,0.48717948717948717,735.483870967742
2.14,63,30959,169.0,52.0,52.0,1385.0,1458.0,377884.972537163,0.1364854447340406,0.4444444444444444,785.0467289719626
2.45,59,30334,169.0,52.0,169.0,728.0,1458.0,417107.94771617354,2.0406976744186047,0.1864406779661017,269.3877551020408
3.29,2,221,110.5,63.7,81.25,139.75,157.3,3422.25,0.3076923076923077,0.5,18.237082066869302
6.99,2,221,110.5,63.7,81.25,139.75,157.3,3422.25,0.3076923076923077,0.5,8.583690987124463
9.05,3516,7499900,2477.0,52.0,987.5,2864.0,4270.0,2390793.7403179486,45.13335793811896,0.19027303754266212,4435.359116022099
6.45,30,4820,102.5,52.0,52.0,169.0,215.80000000000067,32792.6888888889,0.6050616050616051,0.5,139.53488372093022
1.86,37,9602,169.0,52.0,52.0,217.0,459.9999999999998,157351.70927684446,2.0531001589825117,0.43243243243243246,516.1290322580645
2.2,27,10343,153.0,52.0,52.0,416.0,1458.0,276436.6611796982,1.3185384442950012,0.4444444444444444,327.27272727272725
4.49,40,11565,161.0,52.0,52.0,233.0,955.3000000000001,175354.009375,1.4854932301740813,0.45,240.53452115812917
4.43,741,709379,637.0,52.0,169.0,1458.0,2864.0,979597.1106157379,8.4874816102715,0.2213225371120108,2180.58690744921
7.58,2699,3048325,1350.0,52.0,169.0,1458.0,2864.0,1106910.1210037447,17.230191432484318,0.2223045572434235,4741.424802110818
3.93,8,1092,110.5,52.0,52.0,193.0,269.8,8508.25,0.423728813559322,0.5,61.06870229007633
9.54,922,716917,265.0,52.0,52.0,1458.0,1458.0,656727.4840898077,11.534609668677332,0.2917570498915401,1672.9559748427675
0.84,12,2184,169.0,52.0,52.0,169.0,197.8,33684.666666666664,0.6545454545454545,0.3333333333333333,285.7142857142857
0.73,438,428227,1239.0,52.0,169.0,1458.0,1458.0,750125.6807041137,20.178387734915926,0.2054794520547945,7397.2602739726035
4.5,885,964599,1239.0,52.0,169.0,1458.0,2864.0,928718.3503514315,27.939127565102606,0.22033898305084745,2600.0
1.66,2,221,110.5,63.7,81.25,139.75,157.3,3422.25,0.3076923076923077,0.5,36.144578313253014
1.48,35,11760,153.0,52.0,52.0,257.0,1307.2000000000005,227651.94285714286,1.4242424242424243,0.42857142857142855,608.1081081081081
8.29,1017,1052040,1239.0,52.0,169.0,1458.0,1458.0,720492.4190008788,21.041483343808924,0.19862340216322516,1454.764776839566
5.87,10334,15669248,1458.0,52.0,286.0,2864.0,2864.0,1676254.6696279247,28.500385952096757,0.2055351267660151,21505.962521294718
1.18,44,11542,169.0,52.0,52.0,185.0,871.0,106813.94421487603,0.5418113812449906,0.4090909090909091,915.2542372881356
7.68,24,2556,78.5,52.0,52.0,105.0,265.0,6116.916666666667,0.48604651162790696,0.5,93.75
4.85,4,442,110.5,52.0,52.0,169.0,169.0,3422.25,0.3076923076923077,0.5,24.742268041237114
6.19,3380,3082648,539.0,52.0,169.0,1458.0,1750.399999999976,883535.7756535135,8.613327345757552,0.2301775147928994,7424.878836833603
4.88,992,670918,169.0,52.0,52.0,1458.0,1458.0,572924.2004707011,0.5899133616440434,0.2782258064516129,3393.44262295082
6.3,654,534482,169.0,52.0,52.0,1458.0,1458.0,1036388.1450682228,10.360838328444501,0.3149847094801223,1961.904761904762
7.53,304,234130,169.0,52.0,52.0,1458.0,1458.0,949213.8742641967,6.260295212106177,0.29605263157894735,717.1314741035857
8.58,680,1065156,1458.0,52.0,169.0,2864.0,4270.0,2033715.5705536332,17.005274011967952,0.21470588235294116,1020.979020979021
4.65,204,136521,169.0,52.0,52.0,1458.0,1458.0,536170.7307525951,12.95777527860137,0.36764705882352944,967.741935483871
8.68,4594,7714932,1458.0,52.0,303.0,2864.0,4270.0,1814725.406304792,26.98804285128659,0.2131040487592512,6691.244239631336
0.17,8,628,78.5,52.0,52.0,105.0,105.0,702.25,1.0,0.5,1411.764705882353
5.23,2,221,110.5,63.7,81.25,139.75,157.3,3422.25,0.3076923076923077,0.5,11.47227533460803
0.11,75,49047,185.0,52.0,52.0,1421.5,1458.0,431490.46506666666,2.516922415029399,0.30666666666666664,12000.0
2.87,294,190072,286.0,52.0,169.0,1385.0,1458.0,386802.61053264845,4.148909657320872,0.20068027210884354,1191.637630662021
4.67,313,167412,169.0,52.0,169.0,1033.0,1458.0,361482.3102001654,1.51373143740897,0.2108626198083067,847.9657387580299
9.06,71,18141,153.0,52.0,52.0,169.0,617.0,151453.94009125172,1.0858916867885477,0.4084507042253521,192.05298013245033
1.58,76,43836,169.0,52.0,52.0,1385.0,1458.0,540307.3767313021,0.2648891966759003,0.35526315789473684,987.3417721518987
5.07,96,56760,185.0,52.0,169.0,846.75,1458.0,519305.9583333333,2.2375085557837098,0.1875,213.01775147928993
4.51,8,628,78.5,52.0,52.0,105.0,105.0,702.25,1.0,0.5,53.21507760532151
1.31,3102,6268838,1458.0,52.0,1339.0,2864.0,4270.0,2006717.9961984553,40.90875968525835,0.1760154738878143,24824.42748091603
7.83,5,728,169.0,98.80000000000001,169.0,169.0,169.0,2190.2400000000002,0.8666666666666667,0.2,7.662835249042145
8.07,21,5171,153.0,52.0,52.0,169.0,988.0,127025.32426303861,0.5847379711921544,0.47619047619047616,74.34944237918215
3.37,834,759467,795.5,52.0,169.0,1458.0,1458.0,791575.9160570824,9.872049244864362,0.22541966426858512,3311.5727002967355
0.82,1101,1082396,1239.0,52.0,169.0,1458.0,1458.0,708558.6715734436,19.801706576469233,0.23705722070844687,18878.048780487807
1.08,750,738370,1239.0,52.0,169.0,1458.0,1458.0,627786.5326222222,23.686392510865932,0.228,9499.999999999998
8.63,1171,1080000,1166.0,52.0,79.0,1458.0,1458.0,732653.3411092579,10.235253729480057,0.2502134927412468,2037.0799536500579
2.81,625,533276,947.0,52.0,52.0,1458.0,1458.0,672271.1720294402,14.38991659692361,0.2832,3779.359430604982
8.21,1227,1208295,1166.0,52.0,169.0,1458.0,1458.0,952852.61177699,17.097188730959907,0.2241238793806031,2009.7442143727162
8.55,47,14419,153.0,52.0,52.0,177.0,1202.5999999999995,204228.16749660484,1.5314255617977528,0.425531914893617,140.35087719298244
