duration_sec,packet_count,total_bytes,median_pkt_size,p10_size,p25_size,p75_size,p90_size,size_variance,up_down_ratio,pct_packets_under_100b,packets_smaller_equal_66b_per_min
9.9,213,25373,86.0,68.0,68.0,126.0,345.0,6985.28087460601,1.1588530587934995,0.6197183098591549,0.0
6.64,114,12310,76.0,68.0,68.0,118.0,134.0,5882.245306248075,0.7123382946167757,0.7017543859649122,0.0
6.64,24,1632,68.0,68.0,68.0,68.0,68.0,0.0,1.0,1.0,0.0
7.93,62,4216,68.0,68.0,68.0,68.0,68.0,0.0,1.0,1.0,0.0
2.18,4,272,68.0,68.0,68.0,68.0,68.0,0.0,1.0,1.0,0.0
3.8,16,1088,68.0,68.0,68.0,68.0,68.0,0.0,1.0,1.0,0.0
1.78,8,544,68.0,68.0,68.0,68.0,68.0,0.0,1.0,1.0,0.0
9.66,46,3128,68.0,68.0,68.0,68.0,68.0,0.0,1.0,1.0,0.0
9.87,158,57065,86.0,68.0,68.0,170.0,1310.8000000000027,523434.2302916199,1.054027787776258,0.6772151898734177,0.0
7.32,116,32790,68.0,68.0,68.0,86.0,564.5,392622.20303210476,0.6742404901710493,0.7586206896551724,8.19672131147541
1.34,4,272,68.0,68.0,68.0,68.0,68.0,0.0,1.0,1.0,0.0
2.79,16,1088,68.0,68.0,68.0,68.0,68.0,0.0,1.0,1.0,0.0
3.47,44,2992,68.0,68.0,68.0,68.0,68.0,0.0,1.0,1.0,0.0
3.04,4,272,68.0,68.0,68.0,68.0,68.0,0.0,1.0,1.0,0.0
9.48,60,4080,68.0,68.0,68.0,68.0,68.0,0.0,1.0,1.0,0.0
1.29,4,272,68.0,68.0,68.0,68.0,68.0,0.0,1.0,1.0,0.0
7.09,150,51647,86.0,68.0,68.0,170.0,847.1999999999998,558276.401822222,1.5268848769509271,0.7066666666666667,0.0
0.26,11,2012,86.0,68.0,77.0,152.5,170.0,66326.26446280994,0.3715064758009543,0.6363636363636364,0.0
5.58,78,27111,86.0,68.0,68.0,170.0,1216.3999999999987,483521.1671597636,1.1070179529027746,0.6794871794871795,0.0
6.29,40,2720,68.0,68.0,68.0,68.0,68.0,0.0,1.0,1.0,0.0
5.97,24,1632,68.0,68.0,68.0,68.0,68.0,0.0,1.0,1.0,0.0
3.35,36,2448,68.0,68.0,68.0,68.0,68.0,0.0,1.0,1.0,0.0
3.83,4,272,68.0,68.0,68.0,68.0,68.0,0.0,1.0,1.0,0.0
5.34,24,1632,68.0,68.0,68.0,68.0,68.0,0.0,1.0,1.0,0.0
4.31,36,2448,68.0,68.0,68.0,68.0,68.0,0.0,1.0,1.0,0.0
6.6,20,1360,68.0,68.0,68.0,68.0,68.0,0.0,1.0,1.0,0.0
4.85,123,44182,86.0,68.0,68.0,170.0,1529.9999999999986,463481.787956904,1.0648689068561012,0.6747967479674797,0.0
6.46,65,30641,86.0,68.0,68.0,170.0,1938.400000000001,725897.4400000001,1.1412299091544376,0.6153846153846154,0.0
2.55,32,3846,68.0,68.0,68.0,72.5,161.6000000000002,28681.83984375,1.0811688311688312,0.875,0.0
3.56,20,1360,68.0,68.0,68.0,68.0,68.0,0.0,1.0,1.0,0.0
3.13,4,272,68.0,68.0,68.0,68.0,68.0,0.0,1.0,1.0,0.0
0.3,4,272,68.0,68.0,68.0,68.0,68.0,0.0,1.0,1.0,0.0
1.7,12,816,68.0,68.0,68.0,68.0,68.0,0.0,1.0,1.0,0.0
0.82,8,544,68.0,68.0,68.0,68.0,68.0,0.0,1.0,1.0,0.0
5.52,40,2720,68.0,68.0,68.0,68.0,68.0,0.0,1.0,1.0,0.0
5.28,24,1632,68.0,68.0,68.0,68.0,68.0,0.0,1.0,1.0,0.0
5.03,36,2448,68.0,68.0,68.0,68.0,68.0,0.0,1.0,1.0,0.0
8.78,36,6460,68.0,68.0,68.0,68.0,128.0,328031.08024691365,0.331684188827046,0.8888888888888888,0.0
6.82,124,59403,86.0,68.0,68.0,170.0,1831.5000000000002,823587.6661680539,0.9496849153209925,0.6451612903225806,0.0
6.67,86,27158,80.0,68.0,68.0,152.0,957.0,436523.630611141,1.281993109822704,0.7441860465116279,0.0
8.23,20,1360,68.0,68.0,68.0,68.0,68.0,0.0,1.0,1.0,0.0
7.12,60,4080,68.0,68.0,68.0,68.0,68.0,0.0,1.0,1.0,0.0
9.31,28,1904,68.0,68.0,68.0,68.0,68.0,0.0,1.0,1.0,0.0
8.83,40,2720,68.0,68.0,68.0,68.0,68.0,0.0,1.0,1.0,0.0
5.91,88,26313,86.0,68.0,68.0,170.0,975.0,387477.1703254133,0.9426356589147287,0.7386363636363636,0.0
6.79,74,28817,86.0,68.0,68.0,170.0,1417.800000000001,570027.2163988313,1.198763924919884,0.6621621621621622,0.0
7.1,101,33388,68.0,68.0,68.0,86.0,1016.0,566436.6405254387,0.8752035944959281,0.7821782178217822,0.0
0.82,4,272,68.0,68.0,68.0,68.0,68.0,0.0,1.0,1.0,0.0
4.93,24,1632,68.0,68.0,68.0,68.0,68.0,0.0,1.0,1.0,0.0
7.71,40,2720,68.0,68.0,68.0,68.0,68.0,0.0,1.0,1.0,0.0
1.65,8,544,68.0,68.0,68.0,68.0,68.0,0.0,1.0,1.0,0.0
9.14,52,3536,68.0,68.0,68.0,68.0,68.0,0.0,1.0,1.0,0.0
1.62,4,272,68.0,68.0,68.0,68.0,68.0,0.0,1.0,1.0,0.0
9.64,151,52652,86.0,68.0,68.0,170.0,954.0,549383.2607341784,0.8297827975673328,0.7019867549668874,0.0
5.24,39,14932,86.0,68.0,68.0,170.0,881.8000000000008,591436.0092044708,1.6909353036583168,0.6410256410256411,0.0
8.97,78,15519,68.0,68.0,68.0,86.0,170.0,256499.39595660762,0.655713218820015,0.8333333333333334,0.0
4.51,8,544,68.0,68.0,68.0,68.0,68.0,0.0,1.0,1.0,0.0
5.04,24,1632,68.0,68.0,68.0,68.0,68.0,0.0,1.0,1.0,0.0
2.75,32,2176,68.0,68.0,68.0,68.0,68.0,0.0,1.0,1.0,0.0
1.11,4,272,68.0,68.0,68.0,68.0,68.0,0.0,1.0,1.0,0.0
0.74,4,272,68.0,68.0,68.0,68.0,68.0,0.0,1.0,1.0,0.0
3.62,20,1360,68.0,68.0,68.0,68.0,68.0,0.0,1.0,1.0,0.0
9.42,44,2992,68.0,68.0,68.0,68.0,68.0,0.0,1.0,1.0,0.0
1.16,12,816,68.0,68.0,68.0,68.0,68.0,0.0,1.0,1.0,0.0
7.69,143,51922,86.0,68.0,68.0,170.0,1074.5999999999997,604632.7539732996,1.2869097956307258,0.6783216783216783,0.0
3.05,56,27023,86.0,68.0,68.0,170.0,1516.0,739754.0685586734,0.6262261539387375,0.625,0.0
2.85,52,9985,68.0,68.0,68.0,68.0,86.0,361747.71116863907,1.2312849162011172,0.9230769230769231,0.0
5.29,8,544,68.0,68.0,68.0,68.0,68.0,0.0,1.0,1.0,0.0
7.19,56,3808,68.0,68.0,68.0,68.0,68.0,0.0,1.0,1.0,0.0
2.36,4,272,68.0,68.0,68.0,68.0,68.0,0.0,1.0,1.0,0.0
5.66,36,3421,68.0,68.0,68.0,68.0,134.0,5979.415895061729,0.9526255707762558,0.8888888888888888,0.0
9.41,44,2992,68.0,68.0,68.0,68.0,68.0,0.0,1.0,1.0,0.0
3.99,28,4953,68.0,68.0,68.0,86.0,170.0,146271.23852040814,0.6477045908183633,0.8571428571428571,0.0
3.57,109,49549,86.0,68.0,68.0,170.0,1876.4000000000005,847203.6017170274,0.986807811058984,0.6605504587155964,0.0
4.58,26,14212,86.0,68.0,68.0,170.0,1516.0,962755.0828402366,0.8522090447022025,0.6153846153846154,0.0
1.93,38,8978,86.0,68.0,68.0,170.0,598.4000000000004,145555.82548476453,0.8893097643097643,0.6578947368421053,0.0
3.38,52,8162,68.0,68.0,68.0,68.0,86.0,189052.49852071007,0.7377049180327869,0.9230769230769231,0.0
7.08,20,1360,68.0,68.0,68.0,68.0,68.0,0.0,1.0,1.0,0.0
8.75,48,3264,68.0,68.0,68.0,68.0,68.0,0.0,1.0,1.0,0.0
2.55,16,1088,68.0,68.0,68.0,68.0,68.0,0.0,1.0,1.0,0.0
0.41,4,272,68.0,68.0,68.0,68.0,68.0,0.0,1.0,1.0,0.0
7.75,44,2992,68.0,68.0,68.0,68.0,68.0,0.0,1.0,1.0,0.0
1.25,4,272,68.0,68.0,68.0,68.0,68.0,0.0,1.0,1.0,0.0
7.78,145,54484,86.0,68.0,68.0,170.0,1120.7999999999993,695843.6211177171,1.322124195541917,0.7034482758620689,0.0
4.3,24,10999,86.0,68.0,68.0,170.0,1256.1999999999994,818984.4565972221,1.9307220889954704,0.625,0.0
3.3,58,20857,86.0,68.0,68.0,170.0,1437.6000000000004,541104.1013674197,0.9030109489051095,0.6896551724137931,0.0
7.22,44,2992,68.0,68.0,68.0,68.0,68.0,0.0,1.0,1.0,0.0
7.82,60,4080,68.0,68.0,68.0,68.0,68.0,0.0,1.0,1.0,0.0
7.84,20,1360,68.0,68.0,68.0,68.0,68.0,0.0,1.0,1.0,0.0
3.68,44,2992,68.0,68.0,68.0,68.0,68.0,0.0,1.0,1.0,0.0
3.72,4,272,68.0,68.0,68.0,68.0,68.0,0.0,1.0,1.0,0.0
7.0,181,57621,86.0,68.0,68.0,170.0,1055.0,423198.0390708466,1.075086430423509,0.6906077348066298,0.0
5.28,40,11046,86.0,68.0,68.0,170.0,423.30000000000075,301261.87749999994,0.7184194150591163,0.675,0.0
2.56,38,12939,86.0,68.0,68.0,170.0,1288.5000000000002,393765.8289473684,0.7466252699784017,0.6842105263157895,0.0
2.96,40,2720,68.0,68.0,68.0,68.0,68.0,0.0,1.0,1.0,0.0
5.98,12,816,68.0,68.0,68.0,68.0,68.0,0.0,1.0,1.0,0.0
2.67,12,816,68.0,68.0,68.0,68.0,68.0,0.0,1.0,1.0,0.0
9.61,56,4781,68.0,68.0,68.0,68.0,86.0,4011.6272321428573,0.9658717105263158,0.9285714285714286,0.0
5.84,24,1632,68.0,68.0,68.0,68.0,68.0,0.0,1.0,1.0,0.0
9.15,44,2992,68.0,68.0,68.0,68.0,68.0,0.0,1.0,1.0,0.0
0.29,4,272,68.0,68.0,68.0,68.0,68.0,0.0,1.0,1.0,0.0
2.63,26,6441,68.0,68.0,68.0,86.0,263.0,350898.1198224853,0.25531085558370686,0.8076923076923077,0.0
4.0,121,45926,86.0,68.0,68.0,170.0,1281.0,556135.5198415408,1.348915711947627,0.6694214876033058,0.0
0.58,11,5012,86.0,68.0,77.0,170.0,1772.0,589954.049586777,1.296975252062328,0.6363636363636364,0.0
9.71,102,26819,68.0,68.0,68.0,86.0,275.8000000000002,364069.7698000769,1.0882192634119754,0.7843137254901961,0.0
7.21,20,1360,68.0,68.0,68.0,68.0,68.0,0.0,1.0,1.0,0.0
3.64,44,2992,68.0,68.0,68.0,68.0,68.0,0.0,1.0,1.0,0.0
3.58,4,272,68.0,68.0,68.0,68.0,68.0,0.0,1.0,1.0,0.0
9.2,76,5548,68.0,68.0,68.0,68.0,86.0,217.6315789473684,0.9263888888888889,0.9342105263157895,0.0
6.79,20,1360,68.0,68.0,68.0,68.0,68.0,0.0,1.0,1.0,0.0
3.88,134,61295,86.0,68.0,68.0,170.0,1629.0000000000011,785617.7518935176,0.9723589793094571,0.6343283582089553,0.0
6.54,63,22313,86.0,68.0,68.0,170.0,1278.4000000000012,438264.144116906,1.4869594293357111,0.6507936507936508,0.0
5.51,51,6661,68.0,68.0,68.0,68.0,86.0,91818.47366397541,1.4257101238164602,0.9215686274509803,0.0
3.94,4,272,68.0,68.0,68.0,68.0,68.0,0.0,1.0,1.0,0.0
2.65,16,1088,68.0,68.0,68.0,68.0,68.0,0.0,1.0,1.0,0.0
6.11,44,2992,68.0,68.0,68.0,68.0,68.0,0.0,1.0,1.0,0.0
9.05,28,1904,68.0,68.0,68.0,68.0,68.0,0.0,1.0,1.0,0.0
4.74,36,2448,68.0,68.0,68.0,68.0,68.0,0.0,1.0,1.0,0.0
1.41,4,272,68.0,68.0,68.0,68.0,68.0,0.0,1.0,1.0,0.0
1.25,8,544,68.0,68.0,68.0,68.0,68.0,0.0,1.0,1.0,0.0
2.34,24,6593,68.0,68.0,68.0,86.0,170.0,653335.7065972221,3.1026757934038582,0.8333333333333334,0.0
0.91,114,41233,86.0,68.0,68.0,170.0,1060.9000000000003,538157.7215297015,1.0014076303271526,0.6754385964912281,0.0
9.9,76,38080,86.0,68.0,68.0,170.0,2332.0,850543.6551246538,1.034079376101704,0.6447368421052632,0.0
7.58,40,2720,68.0,68.0,68.0,68.0,68.0,0.0,1.0,1.0,0.0
2.53,16,1088,68.0,68.0,68.0,68.0,68.0,0.0,1.0,1.0,0.0
8.53,48,3264,68.0,68.0,68.0,68.0,68.0,0.0,1.0,1.0,0.0
5.34,24,1632,68.0,68.0,68.0,68.0,68.0,0.0,1.0,1.0,0.0
8.64,40,2720,68.0,68.0,68.0,68.0,68.0,0.0,1.0,1.0,0.0
1.28,8,544,68.0,68.0,68.0,68.0,68.0,0.0,1.0,1.0,0.0
1.81,8,544,68.0,68.0,68.0,68.0,68.0,0.0,1.0,1.0,0.0
1.91,67,28260,86.0,68.0,68.0,170.0,1551.9999999999998,607065.3294720426,0.8742538798249104,0.6567164179104478,0.0
6.39,79,36583,86.0,68.0,68.0,170.0,1662.0000000000011,840269.2853709342,1.0206020436343552,0.6582278481012658,0.0
7.35,104,28553,68.0,68.0,68.0,86.0,847.0000000000005,323038.86307322484,0.5216904711149009,0.7596153846153846,0.0
1.33,4,272,68.0,68.0,68.0,68.0,68.0,0.0,1.0,1.0,0.0
4.77,24,1632,68.0,68.0,68.0,68.0,68.0,0.0,1.0,1.0,0.0
8.56,40,2720,68.0,68.0,68.0,68.0,68.0,0.0,1.0,1.0,0.0
4.95,24,1632,68.0,68.0,68.0,68.0,68.0,0.0,1.0,1.0,0.0
9.0,40,2720,68.0,68.0,68.0,68.0,68.0,0.0,1.0,1.0,0.0
4.08,20,1360,68.0,68.0,68.0,68.0,68.0,0.0,1.0,1.0,0.0
9.82,140,62239,86.0,68.0,68.0,170.0,1459.6000000000056,798737.7458673469,0.8587683669812448,0.65,0.0
7.25,97,28142,68.0,68.0,68.0,86.0,170.0,539169.2218089063,1.2213276501697057,0.7938144329896907,0.0
2.98,4,272,68.0,68.0,68.0,68.0,68.0,0.0,1.0,1.0,0.0
5.02,24,1632,68.0,68.0,68.0,68.0,68.0,0.0,1.0,1.0,0.0
9.04,40,2720,68.0,68.0,68.0,68.0,68.0,0.0,1.0,1.0,0.0
1.21,4,272,68.0,68.0,68.0,68.0,68.0,0.0,1.0,1.0,0.0
0.54,4,272,68.0,68.0,68.0,68.0,68.0,0.0,1.0,1.0,0.0
6.41,52,3536,68.0,68.0,68.0,68.0,68.0,0.0,1.0,1.0,0.0
7.26,20,1360,68.0,68.0,68.0,68.0,68.0,0.0,1.0,1.0,0.0
4.04,126,58959,86.0,68.0,68.0,170.0,1927.5,794729.6218820864,0.918239198334201,0.6349206349206349,0.0
3.33,11,8236,86.0,68.0,77.0,170.0,3321.0,1925500.7438016525,1.207451085499866,0.6363636363636364,0.0
6.46,88,26497,80.0,68.0,68.0,113.75,252.79999999999922,496642.0918130165,0.7623545061523113,0.7386363636363636,0.0
8.16,24,1632,68.0,68.0,68.0,68.0,68.0,0.0,1.0,1.0,0.0
9.37,60,4080,68.0,68.0,68.0,68.0,68.0,0.0,1.0,1.0,0.0
9.47,28,1904,68.0,68.0,68.0,68.0,68.0,0.0,1.0,1.0,0.0
5.59,40,2720,68.0,68.0,68.0,68.0,68.0,0.0,1.0,1.0,0.0
0.71,4,272,68.0,68.0,68.0,68.0,68.0,0.0,1.0,1.0,0.0
0.24,4,272,68.0,68.0,68.0,68.0,68.0,0.0,1.0,1.0,0.0
8.12,139,51009,86.0,68.0,68.0,170.0,1213.4,597557.4811862741,0.9985503271558986,0.6834532374100719,0.0
6.92,67,30293,86.0,68.0,68.0,170.0,1505.8,816212.5341946983,1.4733017635532333,0.6567164179104478,0.0
9.27,58,9215,68.0,68.0,68.0,68.0,86.0,218461.38198573134,1.9525793015059276,0.9137931034482759,0.0
5.73,24,1632,68.0,68.0,68.0,68.0,68.0,0.0,1.0,1.0,0.0
3.17,36,2448,68.0,68.0,68.0,68.0,68.0,0.0,1.0,1.0,0.0
7.04,20,1360,68.0,68.0,68.0,68.0,68.0,0.0,1.0,1.0,0.0
8.93,48,3264,68.0,68.0,68.0,68.0,68.0,0.0,1.0,1.0,0.0
3.26,16,1088,68.0,68.0,68.0,68.0,68.0,0.0,1.0,1.0,0.0
5.24,134,53441,86.0,68.0,68.0,170.0,967.6000000000004,678109.2562374694,0.8999217861205916,0.6492537313432836,0.0
3.52,15,6877,86.0,68.0,68.0,170.0,1186.9999999999995,962919.8488888888,0.5758478460128322,0.6666666666666666,0.0
5.51,70,24636,86.0,68.0,68.0,170.0,780.4000000000002,527405.4538775508,1.0652192136809455,0.6571428571428571,0.0
5.47,40,2720,68.0,68.0,68.0,68.0,68.0,0.0,1.0,1.0,0.0
2.39,16,1088,68.0,68.0,68.0,68.0,68.0,0.0,1.0,1.0,0.0
0.16,4,272,68.0,68.0,68.0,68.0,68.0,0.0,1.0,1.0,0.0
8.87,44,2992,68.0,68.0,68.0,68.0,68.0,0.0,1.0,1.0,0.0
1.26,4,272,68.0,68.0,68.0,68.0,68.0,0.0,1.0,1.0,0.0
4.62,20,1360,68.0,68.0,68.0,68.0,68.0,0.0,1.0,1.0,0.0
8.84,40,2720,68.0,68.0,68.0,68.0,68.0,0.0,1.0,1.0,0.0
8.22,154,52735,86.0,68.0,68.0,170.0,928.9000000000001,538764.7652639569,0.7928537431155233,0.7077922077922078,0.0
9.67,78,27981,86.0,68.0,68.0,170.0,1012.3999999999983,536305.1711045363,0.9855946636389441,0.6923076923076923,0.0
9.48,44,2992,68.0,68.0,68.0,68.0,68.0,0.0,1.0,1.0,0.0
8.04,56,3808,68.0,68.0,68.0,68.0,68.0,0.0,1.0,1.0,0.0
3.08,4,272,68.0,68.0,68.0,68.0,68.0,0.0,1.0,1.0,0.0
0.12,4,272,68.0,68.0,68.0,68.0,68.0,0.0,1.0,1.0,0.0
5.43,48,3264,68.0,68.0,68.0,68.0,68.0,0.0,1.0,1.0,0.0
6.22,12,816,68.0,68.0,68.0,68.0,68.0,0.0,1.0,1.0,0.0
4.31,20,1360,68.0,68.0,68.0,68.0,68.0,0.0,1.0,1.0,0.0
8.18,140,62118,86.0,68.0,68.0,170.0,1697.9,774743.8242857143,0.9004466744171816,0.6642857142857143,0.0
8.27,106,28785,68.0,68.0,68.0,86.0,375.5,438934.2656639374,0.9086930574895564,0.7924528301886793,0.0
3.53,4,272,68.0,68.0,68.0,68.0,68.0,0.0,1.0,1.0,0.0
8.17,60,4080,68.0,68.0,68.0,68.0,68.0,0.0,1.0,1.0,0.0
8.81,24,1632,68.0,68.0,68.0,68.0,68.0,0.0,1.0,1.0,0.0
7.84,44,2992,68.0,68.0,68.0,68.0,68.0,0.0,1.0,1.0,0.0
5.97,93,32854,86.0,68.0,68.0,170.0,1304.9999999999986,546313.4868770957,1.2374012530645602,0.7311827956989247,0.0
9.58,75,34796,86.0,68.0,68.0,170.0,2024.4000000000074,853217.8371555556,1.0377137502928087,0.6666666666666666,0.0
2.49,41,14642,86.0,68.0,68.0,170.0,1290.0,525782.0582986319,0.9154892726321298,0.6341463414634146,0.0
7.88,57,8483,68.0,68.0,68.0,68.0,86.0,176257.72360726382,0.7238366185734607,0.9298245614035088,0.0
4.28,20,1360,68.0,68.0,68.0,68.0,68.0,0.0,1.0,1.0,0.0
4.15,40,2720,68.0,68.0,68.0,68.0,68.0,0.0,1.0,1.0,0.0
4.11,8,544,68.0,68.0,68.0,68.0,68.0,0.0,1.0,1.0,0.0
7.34,56,3808,68.0,68.0,68.0,68.0,68.0,0.0,1.0,1.0,0.0
1.27,4,272,68.0,68.0,68.0,68.0,68.0,0.0,1.0,1.0,0.0
9.51,165,58453,86.0,68.0,68.0,170.0,764.2,591836.5442056934,1.4839792622811492,0.6909090909090909,0.0
2.76,11,2634,86.0,68.0,77.0,170.0,547.0,109758.42975206612,0.5706618962432916,0.6363636363636364,0.0
7.87,118,38229,68.0,68.0,68.0,86.0,715.3999999999997,577247.5671502445,1.1682831376552663,0.7627118644067796,0.0
4.49,8,544,68.0,68.0,68.0,68.0,68.0,0.0,1.0,1.0,0.0
0.54,4,272,68.0,68.0,68.0,68.0,68.0,0.0,1.0,1.0,0.0
8.61,52,3536,68.0,68.0,68.0,68.0,68.0,0.0,1.0,1.0,0.0
5.57,12,816,68.0,68.0,68.0,68.0,68.0,0.0,1.0,1.0,0.0
2.06,9,612,68.0,68.0,68.0,68.0,68.0,0.0,1.25,1.0,0.0
4.49,43,2924,68.0,68.0,68.0,68.0,68.0,0.0,0.9545454545454546,1.0,0.0
4.32,8,544,68.0,68.0,68.0,68.0,68.0,0.0,1.0,1.0,0.0
6.4,154,57680,86.0,68.0,68.0,170.0,1251.7,623610.9752066116,1.0138258501501292,0.7077922077922078,0.0
8.49,79,30346,86.0,68.0,68.0,170.0,1404.8000000000004,542521.3257490786,0.4635863798591685,0.6582278481012658,0.0
0.98,4,272,68.0,68.0,68.0,68.0,68.0,0.0,1.0,1.0,0.0
4.34,36,2448,68.0,68.0,68.0,68.0,68.0,0.0,1.0,1.0,0.0
7.85,20,1360,68.0,68.0,68.0,68.0,68.0,0.0,1.0,1.0,0.0
1.41,8,544,68.0,68.0,68.0,68.0,68.0,0.0,1.0,1.0,0.0
1.33,36,2448,68.0,68.0,68.0,68.0,68.0,0.0,1.0,1.0,0.0
7.96,20,1360,68.0,68.0,68.0,68.0,68.0,0.0,1.0,1.0,0.0
0.65,4,272,68.0,68.0,68.0,68.0,68.0,0.0,1.0,1.0,0.0
5.3,40,2720,68.0,68.0,68.0,68.0,68.0,0.0,1.0,1.0,0.0
8.16,20,1360,68.0,68.0,68.0,68.0,68.0,0.0,1.0,1.0,0.0
1.64,31,15405,86.0,68.0,68.0,170.0,2589.0,873491.2216441206,0.8848647987275174,0.6774193548387096,0.0
2.25,115,41526,86.0,68.0,68.0,170.0,1133.2000000000037,530280.1908506616,0.7549657678978954,0.6695652173913044,0.0
8.94,83,39243,86.0,68.0,68.0,170.0,2441.1999999999994,797611.3122368996,0.7008928571428571,0.6506024096385542,0.0
1.89,36,2448,68.0,68.0,68.0,68.0,68.0,0.0,1.0,1.0,0.0
6.8,20,1360,68.0,68.0,68.0,68.0,68.0,0.0,1.0,1.0,0.0
8.77,48,3264,68.0,68.0,68.0,68.0,68.0,0.0,1.0,1.0,0.0
2.25,12,816,68.0,68.0,68.0,68.0,68.0,0.0,1.0,1.0,0.0
6.79,48,3264,68.0,68.0,68.0,68.0,68.0,0.0,1.0,1.0,0.0
9.66,51,13059,68.0,68.0,68.0,86.0,170.0,443454.64359861583,1.5367132867132867,0.8235294117647058,0.0
4.66,113,41685,86.0,68.0,68.0,170.0,1341.9999999999995,461827.3692536612,1.1167419895394302,0.672566371681416,0.0
1.8,12,3003,86.0,68.0,68.0,170.0,422.9000000000001,175416.35416666666,2.232508073196986,0.6666666666666666,0.0
8.7,110,24843,68.0,68.0,68.0,86.0,171.60000000000014,285480.23975206603,0.5250460405156537,0.7909090909090909,0.0
5.54,12,816,68.0,68.0,68.0,68.0,68.0,0.0,1.0,1.0,0.0
0.26,7,476,68.0,68.0,68.0,68.0,68.0,0.0,1.3333333333333333,1.0,0.0
0.46,1,68,68.0,68.0,68.0,68.0,68.0,0.0,0.0,1.0,0.0
7.53,48,3264,68.0,68.0,68.0,68.0,68.0,0.0,1.0,1.0,0.0
6.76,60,4080,68.0,68.0,68.0,68.0,68.0,0.0,1.0,1.0,0.0
8.12,24,1632,68.0,68.0,68.0,68.0,68.0,0.0,1.0,1.0,0.0
2.78,128,43525,86.0,68.0,68.0,170.0,1084.7999999999995,423053.8969116211,1.0130891263123816,0.671875,0.0
9.27,83,33579,86.0,68.0,68.0,170.0,1621.199999999999,578534.9203077368,0.7291827591534065,0.6746987951807228,0.0
7.73,40,2720,68.0,68.0,68.0,68.0,68.0,0.0,1.0,1.0,0.0
1.13,4,272,68.0,68.0,68.0,68.0,68.0,0.0,1.0,1.0,0.0
1.93,12,816,68.0,68.0,68.0,68.0,68.0,0.0,1.0,1.0,0.0
8.26,48,3264,68.0,68.0,68.0,68.0,68.0,0.0,1.0,1.0,0.0
4.94,24,1632,68.0,68.0,68.0,68.0,68.0,0.0,1.0,1.0,0.0
9.1,44,2992,68.0,68.0,68.0,68.0,68.0,0.0,1.0,1.0,0.0
5.95,141,54113,86.0,68.0,68.0,170.0,1582.0,631494.781449625,1.0096932333060982,0.6950354609929078,0.0
9.27,89,34544,86.0,68.0,68.0,170.0,1198.8,589203.0604721626,1.2370159305789405,0.6853932584269663,0.0
6.59,40,2720,68.0,68.0,68.0,68.0,68.0,0.0,1.0,1.0,0.0
5.82,24,1632,68.0,68.0,68.0,68.0,68.0,0.0,1.0,1.0,0.0
3.82,44,3965,68.0,68.0,68.0,68.0,86.0,5000.918904958678,1.042761463163318,0.9090909090909091,0.0
9.56,28,1904,68.0,68.0,68.0,68.0,68.0,0.0,1.0,1.0,0.0
2.29,36,2448,68.0,68.0,68.0,68.0,68.0,0.0,1.0,1.0,0.0
9.57,50,14490,68.0,68.0,68.0,86.0,239.80000000000098,473373.9999999998,0.8864731154797553,0.8,0.0
2.23,107,43945,86.0,68.0,68.0,170.0,1343.800000000001,667555.2002795002,0.8811266640982834,0.6542056074766355,0.0
9.46,95,35742,86.0,68.0,68.0,170.0,1212.2,540869.2305817178,1.0947078473890874,0.6842105263157895,0.0
1.32,36,2448,68.0,68.0,68.0,68.0,68.0,0.0,1.0,1.0,0.0
6.85,20,1360,68.0,68.0,68.0,68.0,68.0,0.0,1.0,1.0,0.0
6.27,44,2992,68.0,68.0,68.0,68.0,68.0,0.0,1.0,1.0,0.0
7.89,20,1360,68.0,68.0,68.0,68.0,68.0,0.0,1.0,1.0,0.0
1.59,8,544,68.0,68.0,68.0,68.0,68.0,0.0,1.0,1.0,0.0
7.84,40,2720,68.0,68.0,68.0,68.0,68.0,0.0,1.0,1.0,0.0
2.15,16,1088,68.0,68.0,68.0,68.0,68.0,0.0,1.0,1.0,0.0
7.37,152,54362,86.0,68.0,68.0,170.0,1254.0000000000014,496026.68957756227,1.0483816270394515,0.6842105263157895,0.0
5.76,74,28719,86.0,68.0,68.0,170.0,1182.0,526262.2748356465,0.8253988431958305,0.6486486486486487,0.0
6.56,40,2720,68.0,68.0,68.0,68.0,68.0,0.0,1.0,1.0,0.0
8.39,60,4080,68.0,68.0,68.0,68.0,68.0,0.0,1.0,1.0,0.0
3.9,8,544,68.0,68.0,68.0,68.0,68.0,0.0,1.0,1.0,0.0
9.72,56,3808,68.0,68.0,68.0,68.0,68.0,0.0,1.0,1.0,0.0
0.76,4,272,68.0,68.0,68.0,68.0,68.0,0.0,1.0,1.0,0.0
9.79,158,59455,86.0,68.0,68.0,170.0,1165.4000000000028,582230.9684746035,0.9746587399116543,0.7088607594936709,0.0
1.05,18,8583,86.0,68.0,71.0,170.0,1398.1000000000017,809836.6944444444,1.025725749350956,0.6666666666666666,0.0
1.54,26,9098,86.0,68.0,71.0,170.0,1377.0,394985.1479289941,1.4081524616199048,0.6923076923076923,0.0
0.14,12,7423,86.0,68.0,68.0,170.0,2330.000000000001,1442137.0763888888,1.4353674540682415,0.6666666666666666,0.0
5.68,68,11842,68.0,68.0,68.0,72.5,170.0,194120.5960207613,0.9586503473370823,0.8676470588235294,0.0
3.86,6,408,68.0,68.0,68.0,68.0,68.0,0.0,1.0,1.0,0.0
7.05,58,3944,68.0,68.0,68.0,68.0,68.0,0.0,1.0,1.0,0.0
2.3,4,272,68.0,68.0,68.0,68.0,68.0,0.0,1.0,1.0,0.0
8.92,60,4080,68.0,68.0,68.0,68.0,68.0,0.0,1.0,1.0,0.0
8.28,24,1632,68.0,68.0,68.0,68.0,68.0,0.0,1.0,1.0,0.0
1.19,12,1611,86.0,68.0,68.0,161.0,170.0,13464.6875,0.5445829338446788,0.6666666666666666,0.0
8.5,134,57643,86.0,68.0,68.0,170.0,1639.8000000000013,700660.9183002897,0.9327074601844091,0.6567164179104478,0.0
1.44,23,10266,86.0,68.0,68.0,170.0,1671.2000000000005,655283.270321361,1.0602046959662854,0.6521739130434783,0.0
1.44,26,11291,86.0,68.0,71.0,170.0,1590.5,581878.6582840236,1.8505427922241857,0.6153846153846154,0.0
7.68,57,8122,68.0,68.0,68.0,68.0,86.0,134932.3902739304,0.9083646616541353,0.9298245614035088,0.0
3.43,16,1088,68.0,68.0,68.0,68.0,68.0,0.0,1.0,1.0,0.0
7.56,48,3264,68.0,68.0,68.0,68.0,68.0,0.0,1.0,1.0,0.0
6.31,32,2176,68.0,68.0,68.0,68.0,68.0,0.0,1.0,1.0,0.0
9.58,46,3356,68.0,68.0,68.0,68.0,86.0,215.95463137996214,1.0463414634146342,0.9347826086956522,0.0
4.65,88,24491,86.0,68.0,68.0,170.0,717.3999999999997,354034.053589876,0.8117325048084036,0.7159090909090909,0.0
8.98,98,42610,86.0,68.0,68.0,170.0,1526.8,717749.7338608915,1.0964329643296433,0.6632653061224489,0.0
0.51,12,2785,86.0,68.0,68.75,170.0,297.80000000000007,154605.40972222222,0.34997576345128456,0.6666666666666666,0.0
6.54,77,13470,68.0,68.0,68.0,86.0,170.0,129012.16461460618,0.8844432008953553,0.8311688311688312,0.0
8.58,24,1632,68.0,68.0,68.0,68.0,68.0,0.0,1.0,1.0,0.0
4.14,40,2720,68.0,68.0,68.0,68.0,68.0,0.0,1.0,1.0,0.0
8.92,26,1768,68.0,68.0,68.0,68.0,68.0,0.0,1.0,1.0,0.0
6.84,42,2856,68.0,68.0,68.0,68.0,68.0,0.0,1.0,1.0,0.0
3.53,16,1088,68.0,68.0,68.0,68.0,68.0,0.0,1.0,1.0,0.0
5.9,142,53523,86.0,68.0,68.0,170.0,1160.9000000000012,584560.7334358263,1.526099679063621,0.6901408450704225,0.0
7.54,67,25471,86.0,68.0,68.0,170.0,847.1999999999996,518584.91334372904,0.8922071168561028,0.6417910447761194,0.0
3.04,54,8127,68.0,68.0,68.0,68.0,86.0,173322.9537037037,0.6208615875548464,0.9074074074074074,0.0
7.51,20,1360,68.0,68.0,68.0,68.0,68.0,0.0,1.0,1.0,0.0
0.02,2,136,68.0,68.0,68.0,68.0,68.0,0.0,1.0,1.0,0.0
5.55,42,2856,68.0,68.0,68.0,68.0,68.0,0.0,1.0,1.0,0.0
2.63,4,272,68.0,68.0,68.0,68.0,68.0,0.0,1.0,1.0,0.0
0.51,4,272,68.0,68.0,68.0,68.0,68.0,0.0,1.0,1.0,0.0
2.3,12,816,68.0,68.0,68.0,68.0,68.0,0.0,1.0,1.0,0.0
8.7,48,3264,68.0,68.0,68.0,68.0,68.0,0.0,1.0,1.0,0.0
7.24,147,45224,86.0,68.0,68.0,170.0,563.0000000000016,492675.99731593323,0.9279532762075287,0.7006802721088435,0.0
5.1,27,6407,86.0,68.0,68.0,170.0,237.40000000000003,302559.31961591216,0.30888661899897857,0.6666666666666666,0.0
1.86,38,12984,86.0,68.0,68.0,170.0,836.1000000000004,451220.0581717452,0.4015544041450777,0.6578947368421053,0.0
8.17,57,5488,68.0,68.0,68.0,68.0,86.0,19666.903662665438,1.3303609341825902,0.9298245614035088,0.0
6.22,32,2176,68.0,68.0,68.0,68.0,68.0,0.0,1.0,1.0,0.0
7.04,32,2176,68.0,68.0,68.0,68.0,68.0,0.0,1.0,1.0,0.0
3.07,16,1088,68.0,68.0,68.0,68.0,68.0,0.0,1.0,1.0,0.0
3.98,44,2992,68.0,68.0,68.0,68.0,68.0,0.0,1.0,1.0,0.0
4.78,8,544,68.0,68.0,68.0,68.0,68.0,0.0,1.0,1.0,0.0
1.32,12,816,68.0,68.0,68.0,68.0,68.0,0.0,1.0,1.0,0.0
5.35,131,51981,86.0,68.0,68.0,170.0,1254.0,653362.4338907988,1.2965892020853582,0.6641221374045801,0.0
0.37,13,2377,86.0,68.0,68.0,170.0,239.60000000000005,72549.5147928994,2.234013605442177,0.6923076923076923,0.0
6.25,76,29545,86.0,68.0,68.0,170.0,1213.0,648732.8980263158,0.8230902135011724,0.6973684210526315,0.0
1.91,32,2176,68.0,68.0,68.0,68.0,68.0,0.0,1.0,1.0,0.0
7.2,20,1360,68.0,68.0,68.0,68.0,68.0,0.0,1.0,1.0,0.0
7.14,44,2992,68.0,68.0,68.0,68.0,68.0,0.0,1.0,1.0,0.0
9.66,28,1904,68.0,68.0,68.0,68.0,68.0,0.0,1.0,1.0,0.0
4.13,36,2448,68.0,68.0,68.0,68.0,68.0,0.0,1.0,1.0,0.0
4.95,8,544,68.0,68.0,68.0,68.0,68.0,0.0,1.0,1.0,0.0
6.24,140,47239,86.0,68.0,68.0,170.0,797.8000000000004,527236.4438265307,0.7415941601533698,0.7071428571428572,0.0
9.56,82,29504,86.0,68.0,68.0,170.0,1457.6000000000004,477948.8643664485,1.0893704411868848,0.6829268292682927,0.0
4.54,36,2448,68.0,68.0,68.0,68.0,68.0,0.0,1.0,1.0,0.0
4.31,8,544,68.0,68.0,68.0,68.0,68.0,0.0,1.0,1.0,0.0
2.69,12,816,68.0,68.0,68.0,68.0,68.0,0.0,1.0,1.0,0.0
4.62,44,2992,68.0,68.0,68.0,68.0,68.0,0.0,1.0,1.0,0.0
2.82,4,272,68.0,68.0,68.0,68.0,68.0,0.0,1.0,1.0,0.0
9.14,60,4080,68.0,68.0,68.0,68.0,68.0,0.0,1.0,1.0,0.0
6.84,20,1360,68.0,68.0,68.0,68.0,68.0,0.0,1.0,1.0,0.0
5.89,132,45504,86.0,68.0,68.0,170.0,636.6000000000004,594757.365013774,0.9730303950049863,0.6818181818181818,0.0
7.23,66,32502,86.0,68.0,68.0,170.0,2170.5,873624.8539944905,0.9824336688014639,0.6515151515151515,0.0
3.79,52,8684,68.0,68.0,68.0,68.0,86.0,220427.92307692306,0.9110915492957746,0.9230769230769231,0.0
1.89,4,272,68.0,68.0,68.0,68.0,68.0,0.0,1.0,1.0,0.0
5.64,24,1632,68.0,68.0,68.0,68.0,68.0,0.0,1.0,1.0,0.0
8.12,40,2720,68.0,68.0,68.0,68.0,68.0,0.0,1.0,1.0,0.0
1.15,4,272,68.0,68.0,68.0,68.0,68.0,0.0,1.0,1.0,0.0
5.63,52,3536,68.0,68.0,68.0,68.0,68.0,0.0,1.0,1.0,0.0
8.55,12,816,68.0,68.0,68.0,68.0,68.0,0.0,1.0,1.0,0.0
8.04,139,46964,86.0,68.0,68.0,170.0,900.0000000000008,513112.68826665275,1.1202708803611738,0.7050359712230215,0.0
2.84,15,6319,86.0,68.0,68.0,170.0,1317.1999999999994,701549.928888889,1.3631264023934182,0.6666666666666666,0.0
5.68,66,26004,86.0,68.0,68.0,170.0,975.0,740407.2424242424,1.2806525171022627,0.6818181818181818,0.0
8.85,40,2720,68.0,68.0,68.0,68.0,68.0,0.0,1.0,1.0,0.0
5.52,24,1632,68.0,68.0,68.0,68.0,68.0,0.0,1.0,1.0,0.0
9.19,44,2992,68.0,68.0,68.0,68.0,68.0,0.0,1.0,1.0,0.0
1.95,12,816,68.0,68.0,68.0,68.0,68.0,0.0,1.0,1.0,0.0
7.75,48,3264,68.0,68.0,68.0,68.0,68.0,0.0,1.0,1.0,0.0
0.11,4,272,68.0,68.0,68.0,68.0,68.0,0.0,1.0,1.0,0.0
5.87,141,45361,86.0,68.0,68.0,170.0,920.0,468458.8587093205,1.0098808099605654,0.6950354609929078,0.0
7.85,67,29911,86.0,68.0,68.0,170.0,1753.1999999999991,796756.0066830029,0.8529921942758023,0.6716417910447762,0.0
3.56,52,9657,68.0,68.0,68.0,68.0,86.0,328938.55140532553,1.2840586565752128,0.9230769230769231,0.0
8.36,24,1632,68.0,68.0,68.0,68.0,68.0,0.0,1.0,1.0,0.0
7.3,44,2992,68.0,68.0,68.0,68.0,68.0,0.0,1.0,1.0,0.0
6.1,28,1904,68.0,68.0,68.0,68.0,68.0,0.0,1.0,1.0,0.0
1.49,32,2176,68.0,68.0,68.0,68.0,68.0,0.0,1.0,1.0,0.0
5.77,12,816,68.0,68.0,68.0,68.0,68.0,0.0,1.0,1.0,0.0
3.03,27,8579,68.0,68.0,68.0,86.0,396.0000000000012,576173.599451303,1.185175751400917,0.8148148148148148,0.0
2.96,118,49272,86.0,68.0,68.0,170.0,1385.2999999999984,714843.1278368284,1.2056493128609158,0.652542372881356,0.0
4.51,24,10182,86.0,68.0,68.0,170.0,1383.5,634561.6875,0.5633348687240903,0.6666666666666666,0.0
9.32,93,22963,68.0,68.0,68.0,86.0,355.19999999999993,317974.16464331135,1.394473409801877,0.7956989247311828,0.0
6.9,20,1360,68.0,68.0,68.0,68.0,68.0,0.0,1.0,1.0,0.0
4.01,44,2992,68.0,68.0,68.0,68.0,68.0,0.0,1.0,1.0,0.0
3.12,4,272,68.0,68.0,68.0,68.0,68.0,0.0,1.0,1.0,0.0
9.52,60,4080,68.0,68.0,68.0,68.0,68.0,0.0,1.0,1.0,0.0
6.38,20,1360,68.0,68.0,68.0,68.0,68.0,0.0,1.0,1.0,0.0
8.07,150,58869,86.0,68.0,68.0,170.0,1309.1999999999994,631219.2884,1.170205706702057,0.6866666666666666,0.0
9.98,107,23900,68.0,68.0,68.0,86.0,437.80000000000075,230035.6521966984,1.1346909610575207,0.794392523364486,0.0
3.66,4,272,68.0,68.0,68.0,68.0,68.0,0.0,1.0,1.0,0.0
8.6,60,4080,68.0,68.0,68.0,68.0,68.0,0.0,1.0,1.0,0.0
4.94,8,544,68.0,68.0,68.0,68.0,68.0,0.0,1.0,1.0,0.0
6.53,56,3808,68.0,68.0,68.0,68.0,68.0,0.0,1.0,1.0,0.0
3.91,4,272,68.0,68.0,68.0,68.0,68.0,0.0,1.0,1.0,0.0
4.47,33,5695,68.0,68.0,68.0,80.0,153.20000000000005,174915.2139577594,0.5680066079295154,0.8787878787878788,0.0
7.48,125,46873,86.0,68.0,68.0,170.0,1337.8000000000004,572312.191744,0.8578279825604439,0.672,0.0
5.73,69,26558,86.0,68.0,68.0,170.0,1142.0000000000011,694411.9752152911,1.4427888153053716,0.6811594202898551,0.0
6.56,40,2720,68.0,68.0,68.0,68.0,68.0,0.0,1.0,1.0,0.0
7.15,60,4080,68.0,68.0,68.0,68.0,68.0,0.0,1.0,1.0,0.0
5.68,12,816,68.0,68.0,68.0,68.0,68.0,0.0,1.0,1.0,0.0
9.53,56,3808,68.0,68.0,68.0,68.0,68.0,0.0,1.0,1.0,0.0
5.97,81,28949,86.0,68.0,68.0,170.0,857.0,668694.4859015394,0.6392412231030578,0.7407407407407407,0.0
4.48,62,26555,86.0,68.0,68.0,170.0,1723.3999999999999,769670.2770551508,1.4062160202972092,0.6774193548387096,0.0
0.87,16,7265,86.0,68.0,68.0,295.0,1269.5,587209.05859375,1.5946428571428573,0.625,0.0
2.95,52,26874,86.0,68.0,68.0,170.0,2280.9,863201.9245562131,0.8950708694732389,0.6538461538461539,0.0
8.6,59,10031,68.0,68.0,68.0,68.0,86.0,261810.66072967532,1.0293344123002226,0.9152542372881356,0.0
0.83,4,272,68.0,68.0,68.0,68.0,68.0,0.0,1.0,1.0,0.0
7.03,56,3808,68.0,68.0,68.0,68.0,68.0,0.0,1.0,1.0,0.0
1.63,4,272,68.0,68.0,68.0,68.0,68.0,0.0,1.0,1.0,0.0
0.19,4,272,68.0,68.0,68.0,68.0,68.0,0.0,1.0,1.0,0.0
6.17,56,3808,68.0,68.0,68.0,68.0,68.0,0.0,1.0,1.0,0.0
1.43,4,272,68.0,68.0,68.0,68.0,68.0,0.0,1.0,1.0,0.0
8.81,145,63720,86.0,68.0,68.0,170.0,1585.9999999999966,912554.040428062,1.1316740264953833,0.7034482758620689,0.0
3.21,13,5977,86.0,68.0,68.0,170.0,2006.8000000000015,740676.0236686391,0.9706561160567095,0.6923076923076923,0.0
5.11,71,21118,86.0,68.0,68.0,170.0,824.0,356574.8093632215,0.8519687801455758,0.6901408450704225,0.0
2.86,36,2448,68.0,68.0,68.0,68.0,68.0,0.0,1.0,1.0,0.0
6.98,20,1360,68.0,68.0,68.0,68.0,68.0,0.0,1.0,1.0,0.0
4.46,44,2992,68.0,68.0,68.0,68.0,68.0,0.0,1.0,1.0,0.0
7.75,20,1360,68.0,68.0,68.0,68.0,68.0,0.0,1.0,1.0,0.0
1.2,8,544,68.0,68.0,68.0,68.0,68.0,0.0,1.0,1.0,0.0
3.2,36,2448,68.0,68.0,68.0,68.0,68.0,0.0,1.0,1.0,0.0
8.86,37,10056,68.0,68.0,68.0,86.0,246.79999999999973,523321.46676406136,1.1766233766233767,0.8378378378378378,0.0
0.03,13,6094,86.0,68.0,68.0,170.0,749.2000000000005,1184133.2544378696,3.441690962099125,0.6923076923076923,0.0
7.52,121,55215,86.0,68.0,68.0,170.0,1536.0,810867.2928078684,0.8448661833004778,0.6611570247933884,0.0
7.53,107,29341,68.0,68.0,68.0,86.0,292.20000000000005,418956.0192156519,1.1227752857762987,0.7757009345794392,0.0
0.0,1,68,68.0,68.0,68.0,68.0,68.0,0.0,68,1.0,0
8.02,23,1564,68.0,68.0,68.0,68.0,68.0,0.0,0.9166666666666666,1.0,0.0
6.23,40,2720,68.0,68.0,68.0,68.0,68.0,0.0,1.0,1.0,0.0
5.02,8,544,68.0,68.0,68.0,68.0,68.0,0.0,1.0,1.0,0.0
7.77,56,3808,68.0,68.0,68.0,68.0,68.0,0.0,1.0,1.0,0.0
9.67,49,14569,68.0,68.0,68.0,86.0,170.0,644016.3423573511,0.5860004354452427,0.8367346938775511,0.0
1.11,106,39288,86.0,68.0,68.0,170.0,1277.0,535828.1733713065,0.9971533143554291,0.6698113207547169,0.0
8.24,103,38936,86.0,68.0,68.0,170.0,1166.9999999999989,656339.1646715052,1.1170073945193562,0.6601941747572816,0.0
2.15,40,2720,68.0,68.0,68.0,68.0,68.0,0.0,1.0,1.0,0.0
0.41,4,272,68.0,68.0,68.0,68.0,68.0,0.0,1.0,1.0,0.0
6.35,60,4080,68.0,68.0,68.0,68.0,68.0,0.0,1.0,1.0,0.0
2.04,8,544,68.0,68.0,68.0,68.0,68.0,0.0,1.0,1.0,0.0
4.92,56,3808,68.0,68.0,68.0,68.0,68.0,0.0,1.0,1.0,0.0
4.62,36,9191,68.0,68.0,68.0,68.0,128.0,573809.9899691357,1.3609041870023117,0.8888888888888888,0.0
2.86,112,49117,86.0,68.0,68.0,170.0,1647.4000000000005,789073.4801498725,1.2627263094854195,0.6696428571428571,0.0
6.87,64,18703,86.0,68.0,68.0,170.0,582.7000000000003,381048.3981933594,0.6739461201109819,0.671875,0.0
2.1,21,6071,68.0,68.0,68.0,86.0,170.0,623529.7052154193,0.3255458515283843,0.8095238095238095,0.0
3.37,32,2176,68.0,68.0,68.0,68.0,68.0,0.0,1.0,1.0,0.0
8.82,24,1632,68.0,68.0,68.0,68.0,68.0,0.0,1.0,1.0,0.0
4.41,40,2720,68.0,68.0,68.0,68.0,68.0,0.0,1.0,1.0,0.0
8.06,20,1360,68.0,68.0,68.0,68.0,68.0,0.0,1.0,1.0,0.0
0.45,4,272,68.0,68.0,68.0,68.0,68.0,0.0,1.0,1.0,0.0
3.26,40,2720,68.0,68.0,68.0,68.0,68.0,0.0,1.0,1.0,0.0
3.57,4,272,68.0,68.0,68.0,68.0,68.0,0.0,1.0,1.0,0.0
1.62,8,544,68.0,68.0,68.0,68.0,68.0,0.0,1.0,1.0,0.0
4.4,144,65102,86.0,68.0,68.0,170.0,2262.300000000009,869339.171103395,1.03781262716374,0.7013888888888888,0.0
7.67,61,15858,86.0,68.0,68.0,170.0,357.0,261077.70384305296,0.7002251527822451,0.6557377049180327,0.0
8.67,58,10359,68.0,68.0,68.0,68.0,111.20000000000036,199291.6530915577,1.1585747030631381,0.896551724137931,0.0
2.75,16,1088,68.0,68.0,68.0,68.0,68.0,0.0,1.0,1.0,0.0
7.82,48,3264,68.0,68.0,68.0,68.0,68.0,0.0,1.0,1.0,0.0
3.44,16,1088,68.0,68.0,68.0,68.0,68.0,0.0,1.0,1.0,0.0
1.67,8,544,68.0,68.0,68.0,68.0,68.0,0.0,1.0,1.0,0.0
7.55,40,2720,68.0,68.0,68.0,68.0,68.0,0.0,1.0,1.0,0.0
1.86,8,544,68.0,68.0,68.0,68.0,68.0,0.0,1.0,1.0,0.0
2.79,24,7431,68.0,68.0,68.0,86.0,170.0,610320.734375,0.7130013831258645,0.8333333333333334,0.0
2.52,111,36087,86.0,68.0,68.0,170.0,730.0,464199.9702946188,1.1428062466599371,0.6756756756756757,0.0
0.33,15,8193,86.0,68.0,74.0,170.0,2104.399999999999,1064665.8933333333,1.1313735691987512,0.6666666666666666,0.0
5.98,66,21966,86.0,68.0,68.0,170.0,523.0,627304.3608815427,0.8911752044769694,0.696969696969697,0.0
7.3,40,2720,68.0,68.0,68.0,68.0,68.0,0.0,1.0,1.0,0.0
3.02,16,1088,68.0,68.0,68.0,68.0,68.0,0.0,1.0,1.0,0.0
6.11,44,2992,68.0,68.0,68.0,68.0,68.0,0.0,1.0,1.0,0.0
2.04,4,272,68.0,68.0,68.0,68.0,68.0,0.0,1.0,1.0,0.0
7.15,60,4080,68.0,68.0,68.0,68.0,68.0,0.0,1.0,1.0,0.0
3.07,4,272,68.0,68.0,68.0,68.0,68.0,0.0,1.0,1.0,0.0
6.13,121,43026,86.0,68.0,68.0,170.0,945.0,623828.1267672975,0.701170330539301,0.71900826446281,0.0
3.0,22,9854,86.0,68.0,72.5,170.0,1950.2000000000007,561106.3553719007,1.0093800978792822,0.6363636363636364,0.0
9.76,77,24091,86.0,68.0,68.0,170.0,962.800000000001,416040.424692191,1.2275543226999537,0.6753246753246753,0.0
5.51,40,2720,68.0,68.0,68.0,68.0,68.0,0.0,1.0,1.0,0.0
4.75,20,1360,68.0,68.0,68.0,68.0,68.0,0.0,1.0,1.0,0.0
8.84,44,2992,68.0,68.0,68.0,68.0,68.0,0.0,1.0,1.0,0.0
9.96,60,4080,68.0,68.0,68.0,68.0,68.0,0.0,1.0,1.0,0.0
4.14,8,544,68.0,68.0,68.0,68.0,68.0,0.0,1.0,1.0,0.0
2.78,12,816,68.0,68.0,68.0,68.0,68.0,0.0,1.0,1.0,0.0
7.69,142,63933,86.0,68.0,68.0,170.0,1694.7000000000005,787456.3755703233,0.9594520044133873,0.6690140845070423,0.0
6.85,100,35945,68.0,68.0,68.0,107.0,1243.3000000000027,646539.9675,0.934711233112654,0.75,0.0
4.78,12,816,68.0,68.0,68.0,68.0,68.0,0.0,1.0,1.0,0.0
2.51,16,1088,68.0,68.0,68.0,68.0,68.0,0.0,1.0,1.0,0.0
8.69,48,3264,68.0,68.0,68.0,68.0,68.0,0.0,1.0,1.0,0.0
9.85,72,5200,68.0,68.0,68.0,68.0,84.19999999999997,187.06172839506172,1.0,0.9444444444444444,0.0
2.98,4,272,68.0,68.0,68.0,68.0,68.0,0.0,1.0,1.0,0.0
0.84,4,272,68.0,68.0,68.0,68.0,68.0,0.0,1.0,1.0,0.0
5.01,114,43862,86.0,68.0,68.0,170.0,1130.4000000000005,697864.781779009,1.277717193747728,0.7192982456140351,0.0
0.6,26,12209,86.0,68.0,71.0,170.0,2010.0,831839.0902366866,1.0348333333333333,0.6923076923076923,0.0
8.02,30,10641,86.0,68.0,68.0,158.0,299.10000000000184,722989.4766666668,2.977943925233645,0.7,0.0
2.9,48,28138,86.0,68.0,68.0,170.0,2325.1000000000013,1123490.4565972222,0.9445749827228749,0.6458333333333334,0.0
2.39,40,2720,68.0,68.0,68.0,68.0,68.0,0.0,1.0,1.0,0.0
5.1,8,544,68.0,68.0,68.0,68.0,68.0,0.0,1.0,1.0,0.0
4.04,20,1360,68.0,68.0,68.0,68.0,68.0,0.0,1.0,1.0,0.0
6.59,40,2720,68.0,68.0,68.0,68.0,68.0,0.0,1.0,1.0,0.0
1.55,8,544,68.0,68.0,68.0,68.0,68.0,0.0,1.0,1.0,0.0
1.43,8,544,68.0,68.0,68.0,68.0,68.0,0.0,1.0,1.0,0.0
9.68,48,3264,68.0,68.0,68.0,68.0,68.0,0.0,1.0,1.0,0.0
2.38,16,1088,68.0,68.0,68.0,68.0,68.0,0.0,1.0,1.0,0.0
3.0,124,41678,86.0,68.0,68.0,170.0,934.9000000000002,495618.7130593133,1.2426818768833405,0.6693548387096774,0.0
9.06,78,26891,86.0,68.0,68.0,170.0,854.7999999999996,548798.3380999345,0.8807525528045881,0.6923076923076923,0.0
7.6,40,2720,68.0,68.0,68.0,68.0,68.0,0.0,1.0,1.0,0.0
3.84,16,1088,68.0,68.0,68.0,68.0,68.0,0.0,1.0,1.0,0.0
6.44,56,4781,68.0,68.0,68.0,68.0,86.0,4011.6272321428573,1.0353341847594721,0.9285714285714286,0.0
1.27,4,272,68.0,68.0,68.0,68.0,68.0,0.0,1.0,1.0,0.0
1.13,4,272,68.0,68.0,68.0,68.0,68.0,0.0,1.0,1.0,0.0
7.47,56,3808,68.0,68.0,68.0,68.0,68.0,0.0,1.0,1.0,0.0
9.86,86,35400,68.0,68.0,68.0,86.0,1175.5,907341.1406165495,1.227956447857008,0.7558139534883721,0.0
8.3,74,23776,86.0,68.0,68.0,170.0,970.1,373218.88458728994,0.7145741688901709,0.6621621621621622,0.0
7.17,102,30079,68.0,68.0,68.0,86.0,170.0,491760.1354286814,1.2492335302475137,0.803921568627451,0.0
7.79,20,1360,68.0,68.0,68.0,68.0,68.0,0.0,1.0,1.0,0.0
1.31,8,544,68.0,68.0,68.0,68.0,68.0,0.0,1.0,1.0,0.0
2.27,36,2448,68.0,68.0,68.0,68.0,68.0,0.0,1.0,1.0,0.0
6.14,16,1088,68.0,68.0,68.0,68.0,68.0,0.0,1.0,1.0,0.0
9.04,52,3536,68.0,68.0,68.0,68.0,68.0,0.0,1.0,1.0,0.0
3.17,16,1088,68.0,68.0,68.0,68.0,68.0,0.0,1.0,1.0,0.0
2.5,131,51214,86.0,68.0,68.0,170.0,1466.0,618656.6918011772,0.942941689745438,0.6717557251908397,0.0
1.61,12,7897,86.0,68.0,68.0,170.0,2884.400000000001,1596634.7430555553,0.8655799669265296,0.6666666666666666,0.0
4.86,61,24660,86.0,68.0,68.0,170.0,1494.0,483123.53775866696,1.4505614627844579,0.639344262295082,0.0
8.24,44,2992,68.0,68.0,68.0,68.0,68.0,0.0,1.0,1.0,0.0
0.59,4,272,68.0,68.0,68.0,68.0,68.0,0.0,1.0,1.0,0.0
5.18,40,2720,68.0,68.0,68.0,68.0,68.0,0.0,1.0,1.0,0.0
3.07,16,1088,68.0,68.0,68.0,68.0,68.0,0.0,1.0,1.0,0.0
5.01,8,544,68.0,68.0,68.0,68.0,68.0,0.0,1.0,1.0,0.0
5.16,40,2720,68.0,68.0,68.0,68.0,68.0,0.0,1.0,1.0,0.0
9.84,28,1904,68.0,68.0,68.0,68.0,68.0,0.0,1.0,1.0,0.0
4.62,142,48734,86.0,68.0,68.0,170.0,865.4000000000001,523538.6230906565,1.0664009497964722,0.6971830985915493,0.0
2.17,11,6282,86.0,68.0,77.0,170.0,2582.0,1007975.5371900827,0.9094224924012158,0.6363636363636364,0.0
3.87,50,24210,86.0,68.0,68.0,170.0,2075.600000000001,936218.52,1.0759732464414338,0.68,0.0
9.93,61,8966,68.0,68.0,68.0,68.0,86.0,150336.73743617308,0.9740202553940995,0.9180327868852459,0.0
0.92,4,272,68.0,68.0,68.0,68.0,68.0,0.0,1.0,1.0,0.0
5.42,52,3536,68.0,68.0,68.0,68.0,68.0,0.0,1.0,1.0,0.0
4.07,4,272,68.0,68.0,68.0,68.0,68.0,0.0,1.0,1.0,0.0
7.82,20,1360,68.0,68.0,68.0,68.0,68.0,0.0,1.0,1.0,0.0
2.6,40,2720,68.0,68.0,68.0,68.0,68.0,0.0,1.0,1.0,0.0
7.37,8,544,68.0,68.0,68.0,68.0,68.0,0.0,1.0,1.0,0.0
3.44,16,1088,68.0,68.0,68.0,68.0,68.0,0.0,1.0,1.0,0.0
7.99,136,50644,86.0,68.0,68.0,170.0,982.0,617250.7949826989,1.1157204328027739,0.6764705882352942,0.0
5.29,67,28934,86.0,68.0,68.0,170.0,1343.1999999999994,798563.9478725772,0.8761509531837635,0.6865671641791045,0.0
5.03,36,2448,68.0,68.0,68.0,68.0,68.0,0.0,1.0,1.0,0.0
2.51,4,272,68.0,68.0,68.0,68.0,68.0,0.0,1.0,1.0,0.0
8.75,60,4080,68.0,68.0,68.0,68.0,68.0,0.0,1.0,1.0,0.0
9.93,28,1904,68.0,68.0,68.0,68.0,68.0,0.0,1.0,1.0,0.0
8.71,40,2720,68.0,68.0,68.0,68.0,68.0,0.0,1.0,1.0,0.0
0.46,4,272,68.0,68.0,68.0,68.0,68.0,0.0,1.0,1.0,0.0
4.33,29,6306,68.0,68.0,68.0,86.0,170.0,428080.17835909635,0.3272995158913913,0.8620689655172413,0.0
1.09,117,54252,86.0,68.0,68.0,170.0,1882.2000000000012,939334.2301117686,0.7810899540380827,0.6837606837606838,0.0
2.52,12,4141,86.0,68.0,68.0,170.0,783.8000000000002,403806.9097222222,2.113533834586466,0.6666666666666666,0.0
6.26,71,22948,86.0,68.0,68.0,170.0,508.0,528141.8849434638,0.9692782974341372,0.7183098591549296,0.0
7.87,32,2176,68.0,68.0,68.0,68.0,68.0,0.0,1.0,1.0,0.0
7.33,60,4080,68.0,68.0,68.0,68.0,68.0,0.0,1.0,1.0,0.0
8.96,25,1700,68.0,68.0,68.0,68.0,68.0,0.0,1.0833333333333333,1.0,0.0
7.24,43,2924,68.0,68.0,68.0,68.0,68.0,0.0,0.9545454545454546,1.0,0.0
3.07,16,1088,68.0,68.0,68.0,68.0,68.0,0.0,1.0,1.0,0.0
8.83,146,66731,86.0,68.0,68.0,170.0,1607.0,941051.1126383936,0.9497735573411249,0.684931506849315,0.0
4.52,67,29154,86.0,68.0,68.0,170.0,1261.5999999999995,861003.6685230564,1.2253263109686283,0.6716417910447762,0.0
4.7,40,2720,68.0,68.0,68.0,68.0,68.0,0.0,1.0,1.0,0.0
0.85,4,272,68.0,68.0,68.0,68.0,68.0,0.0,1.0,1.0,0.0
1.41,8,544,68.0,68.0,68.0,68.0,68.0,0.0,1.0,1.0,0.0
2.31,12,816,68.0,68.0,68.0,68.0,68.0,0.0,1.0,1.0,0.0
4.19,40,2720,68.0,68.0,68.0,68.0,68.0,0.0,1.0,1.0,0.0
7.18,20,1360,68.0,68.0,68.0,68.0,68.0,0.0,1.0,1.0,0.0
0.9,8,544,68.0,68.0,68.0,68.0,68.0,0.0,1.0,1.0,0.0
0.45,14,952,68.0,68.0,68.0,68.0,68.0,0.0,1.0,1.0,0.0
8.03,26,1768,68.0,68.0,68.0,68.0,68.0,0.0,1.0,1.0,0.0
6.3,142,46412,86.0,68.0,68.0,130.0,585.500000000001,586162.8351517557,1.0960122837917174,0.7112676056338029,0.0
2.79,31,10908,86.0,68.0,74.0,150.0,1312.0,504990.2414151925,0.8970434782608696,0.6774193548387096,0.0
1.78,12,8622,86.0,68.0,68.0,170.0,3343.4000000000015,1944357.4166666667,0.9383992805755396,0.6666666666666666,0.0
9.87,107,28447,68.0,68.0,68.0,86.0,208.40000000000055,428380.08315136714,1.0138043324366417,0.7850467289719626,0.0
2.07,4,272,68.0,68.0,68.0,68.0,68.0,0.0,1.0,1.0,0.0
0.1,4,272,68.0,68.0,68.0,68.0,68.0,0.0,1.0,1.0,0.0
5.36,32,2176,68.0,68.0,68.0,68.0,68.0,0.0,1.0,1.0,0.0
3.07,24,1632,68.0,68.0,68.0,68.0,68.0,0.0,1.0,1.0,0.0
7.6,20,1360,68.0,68.0,68.0,68.0,68.0,0.0,1.0,1.0,0.0
0.38,4,272,68.0,68.0,68.0,68.0,68.0,0.0,1.0,1.0,0.0
2.44,40,2720,68.0,68.0,68.0,68.0,68.0,0.0,1.0,1.0,0.0
1.35,4,272,68.0,68.0,68.0,68.0,68.0,0.0,1.0,1.0,0.0
5.61,48,14156,68.0,68.0,68.0,86.0,217.70000000000067,536329.4097222222,1.2342171717171717,0.8125,0.0
5.65,127,49564,86.0,68.0,68.0,170.0,1451.8000000000006,656322.0385640771,1.4374938526605685,0.7007874015748031,0.0
1.66,24,12804,86.0,68.0,68.0,170.0,2481.599999999999,1032410.9166666666,0.7660689655172414,0.6666666666666666,0.0
1.58,24,9170,86.0,68.0,68.0,170.0,1457.399999999999,536419.7430555555,0.5489864864864865,0.6666666666666666,0.0
9.75,57,6023,68.0,68.0,68.0,68.0,86.0,43580.60818713453,1.4929635761589404,0.9298245614035088,0.0
5.2,24,1632,68.0,68.0,68.0,68.0,68.0,0.0,1.0,1.0,0.0
5.25,40,2720,68.0,68.0,68.0,68.0,68.0,0.0,1.0,1.0,0.0
4.61,20,1360,68.0,68.0,68.0,68.0,68.0,0.0,1.0,1.0,0.0
6.73,44,2992,68.0,68.0,68.0,68.0,68.0,0.0,1.0,1.0,0.0
7.08,147,64077,86.0,68.0,68.0,170.0,1697.6000000000006,850810.1188393725,1.0805571790375998,0.7074829931972789,0.0
1.41,12,9191,86.0,68.0,68.0,170.0,3708.8000000000015,2247869.4097222225,0.9932769464324441,0.6666666666666666,0.0
4.25,63,28994,86.0,68.0,68.0,170.0,1787.2000000000016,782353.9823633159,1.0997972190034762,0.6666666666666666,0.0
2.77,40,2720,68.0,68.0,68.0,68.0,68.0,0.0,1.0,1.0,0.0
7.21,20,1360,68.0,68.0,68.0,68.0,68.0,0.0,1.0,1.0,0.0
0.08,4,272,68.0,68.0,68.0,68.0,68.0,0.0,1.0,1.0,0.0
8.1,44,2992,68.0,68.0,68.0,68.0,68.0,0.0,1.0,1.0,0.0
0.35,4,272,68.0,68.0,68.0,68.0,68.0,0.0,1.0,1.0,0.0
3.47,16,1088,68.0,68.0,68.0,68.0,68.0,0.0,1.0,1.0,0.0
3.01,40,2720,68.0,68.0,68.0,68.0,68.0,0.0,1.0,1.0,0.0
5.81,12,816,68.0,68.0,68.0,68.0,68.0,0.0,1.0,1.0,0.0
1.44,8,544,68.0,68.0,68.0,68.0,68.0,0.0,1.0,1.0,0.0
7.76,147,58033,86.0,68.0,68.0,170.0,1421.8000000000015,635050.4696191401,0.9659541312375081,0.6802721088435374,0.0
5.61,68,23875,86.0,68.0,68.0,170.0,1048.1000000000026,519169.09234429064,1.2049316586627263,0.7058823529411765,0.0
2.81,36,2448,68.0,68.0,68.0,68.0,68.0,0.0,1.0,1.0,0.0
2.53,4,272,68.0,68.0,68.0,68.0,68.0,0.0,1.0,1.0,0.0
8.08,66,4961,68.0,68.0,68.0,68.0,68.0,1882.4722222222224,1.1065817409766454,0.9696969696969697,0.0
7.85,20,1360,68.0,68.0,68.0,68.0,68.0,0.0,1.0,1.0,0.0
7.76,48,3264,68.0,68.0,68.0,68.0,68.0,0.0,1.0,1.0,0.0
8.01,147,62825,86.0,68.0,68.0,170.0,1444.6000000000001,871830.6712018141,0.8718529332896344,0.7142857142857143,0.0
5.75,41,12677,86.0,68.0,68.0,170.0,920.0,270916.20582986315,0.6169642857142857,0.6585365853658537,0.0
6.94,81,18006,68.0,68.0,68.0,86.0,170.0,300991.3196159122,0.839223697650664,0.8271604938271605,0.0
1.79,4,272,68.0,68.0,68.0,68.0,68.0,0.0,1.0,1.0,0.0
1.82,8,544,68.0,68.0,68.0,68.0,68.0,0.0,1.0,1.0,0.0
8.82,52,3536,68.0,68.0,68.0,68.0,68.0,0.0,1.0,1.0,0.0
2.17,4,272,68.0,68.0,68.0,68.0,68.0,0.0,1.0,1.0,0.0
6.07,24,1632,68.0,68.0,68.0,68.0,68.0,0.0,1.0,1.0,0.0
3.39,36,2448,68.0,68.0,68.0,68.0,68.0,0.0,1.0,1.0,0.0
9.69,49,10972,68.0,68.0,68.0,86.0,170.0,363755.6259891712,1.1979166666666667,0.8367346938775511,0.0
7.64,113,41632,86.0,68.0,68.0,170.0,1115.9999999999998,568712.970005482,1.0458990613789376,0.6637168141592921,0.0
8.24,105,30744,68.0,68.0,68.0,86.0,377.00000000000296,509964.59809523786,1.0581068416119963,0.8,0.0
8.19,22,1496,68.0,68.0,68.0,68.0,68.0,0.0,1.0,1.0,0.0
9.03,46,3128,68.0,68.0,68.0,68.0,68.0,0.0,1.0,1.0,0.0
2.08,16,1088,68.0,68.0,68.0,68.0,68.0,0.0,1.0,1.0,0.0
5.22,44,2992,68.0,68.0,68.0,68.0,68.0,0.0,1.0,1.0,0.0
6.92,20,1360,68.0,68.0,68.0,68.0,68.0,0.0,1.0,1.0,0.0
6.91,140,49418,86.0,68.0,68.0,170.0,1108.4000000000005,502668.32836734684,0.63278926848609,0.6714285714285714,0.0
3.01,49,17835,86.0,68.0,68.0,170.0,1488.0,363212.34652228234,1.2182835820895523,0.6530612244897959,0.0
2.69,53,4719,68.0,68.0,68.0,68.0,86.0,6891.092915628336,1.0446273830155979,0.9245283018867925,0.0
8.15,20,1360,68.0,68.0,68.0,68.0,68.0,0.0,1.0,1.0,0.0
1.66,8,544,68.0,68.0,68.0,68.0,68.0,0.0,1.0,1.0,0.0
8.31,40,2720,68.0,68.0,68.0,68.0,68.0,0.0,1.0,1.0,0.0
9.12,60,4080,68.0,68.0,68.0,68.0,68.0,0.0,1.0,1.0,0.0
5.4,12,816,68.0,68.0,68.0,68.0,68.0,0.0,1.0,1.0,0.0
3.73,36,6038,68.0,68.0,68.0,86.0,170.0,148349.58950617287,2.313940724478595,0.7777777777777778,0.0
5.58,108,49208,86.0,68.0,68.0,170.0,1659.6999999999985,883871.1035665296,0.6028142405784828,0.6481481481481481,0.0
2.64,48,20912,86.0,68.0,68.0,170.0,1572.4000000000017,855433.2222222224,0.5969453990072546,0.6666666666666666,0.0
3.36,52,6692,68.0,68.0,68.0,68.0,86.0,143105.21301775146,0.43543543543543545,0.9230769230769231,0.0
4.48,8,544,68.0,68.0,68.0,68.0,68.0,0.0,1.0,1.0,0.0
4.29,20,1360,68.0,68.0,68.0,68.0,68.0,0.0,1.0,1.0,0.0
5.02,36,2448,68.0,68.0,68.0,68.0,68.0,0.0,1.0,1.0,0.0
9.75,28,1904,68.0,68.0,68.0,68.0,68.0,0.0,1.0,1.0,0.0
8.61,40,2720,68.0,68.0,68.0,68.0,68.0,0.0,1.0,1.0,0.0
1.66,8,544,68.0,68.0,68.0,68.0,68.0,0.0,1.0,1.0,0.0
5.69,136,49958,86.0,68.0,68.0,170.0,1258.0,612438.6355968858,0.651231201454305,0.7058823529411765,0.0
0.15,11,6656,86.0,68.0,86.0,803.5,1516.0,794914.6280991737,0.9791852512637526,0.5454545454545454,0.0
5.82,67,28534,86.0,68.0,68.0,170.0,1516.0,715909.3887280019,0.8390048981696313,0.6268656716417911,0.0
7.01,40,2720,68.0,68.0,68.0,68.0,68.0,0.0,1.0,1.0,0.0
8.66,60,4080,68.0,68.0,68.0,68.0,68.0,0.0,1.0,1.0,0.0
8.05,24,1632,68.0,68.0,68.0,68.0,68.0,0.0,1.0,1.0,0.0
9.64,44,2992,68.0,68.0,68.0,68.0,68.0,0.0,1.0,1.0,0.0
2.73,16,1088,68.0,68.0,68.0,68.0,68.0,0.0,1.0,1.0,0.0
6.44,135,65082,86.0,68.0,68.0,170.0,2360.6000000000013,1003463.1920987655,0.9323060479201923,0.674074074074074,0.0
1.2,12,3130,86.0,68.0,68.0,170.0,314.90000000000003,232973.47222222228,2.868974042027194,0.6666666666666666,0.0
0.45,11,7062,86.0,68.0,77.0,170.0,2430.0,1408171.6363636365,0.7000481463649495,0.6363636363636364,0.0
4.48,55,24374,86.0,68.0,68.0,170.0,1597.4000000000005,875242.4277685949,1.0245867596976492,0.7090909090909091,0.0
3.01,36,2448,68.0,68.0,68.0,68.0,68.0,0.0,1.0,1.0,0.0
2.6,4,272,68.0,68.0,68.0,68.0,68.0,0.0,1.0,1.0,0.0
6.89,52,3536,68.0,68.0,68.0,68.0,68.0,0.0,1.0,1.0,0.0
5.71,12,816,68.0,68.0,68.0,68.0,68.0,0.0,1.0,1.0,0.0
4.18,20,1360,68.0,68.0,68.0,68.0,68.0,0.0,1.0,1.0,0.0
1.61,16,1088,68.0,68.0,68.0,68.0,68.0,0.0,1.0,1.0,0.0
0.81,20,1360,68.0,68.0,68.0,68.0,68.0,0.0,1.0,1.0,0.0
5.92,8,544,68.0,68.0,68.0,68.0,68.0,0.0,1.0,1.0,0.0
7.87,142,57667,86.0,68.0,68.0,170.0,1326.3000000000009,746404.953630232,1.3455218416985275,0.7112676056338029,0.0
6.4,64,30477,86.0,68.0,68.0,170.0,1549.6000000000001,921682.8181152344,0.6860477981854393,0.640625,0.0
9.43,58,10607,68.0,68.0,68.0,68.0,86.0,292243.65784780023,1.0704665235213742,0.9137931034482759,0.0
1.18,4,272,68.0,68.0,68.0,68.0,68.0,0.0,1.0,1.0,0.0
7.26,56,3808,68.0,68.0,68.0,68.0,68.0,0.0,1.0,1.0,0.0
9.75,28,1904,68.0,68.0,68.0,68.0,68.0,0.0,1.0,1.0,0.0
4.39,36,2448,68.0,68.0,68.0,68.0,68.0,0.0,1.0,1.0,0.0
8.28,24,1632,68.0,68.0,68.0,68.0,68.0,0.0,1.0,1.0,0.0
7.76,142,54940,86.0,68.0,68.0,170.0,1406.200000000002,621937.4691529459,0.9901470694776497,0.676056338028169,0.0
1.11,12,6085,86.0,68.0,68.0,170.0,1664.9000000000005,937470.2430555556,1.635339974014725,0.6666666666666666,0.0
1.26,38,9685,86.0,68.0,68.0,170.0,796.7000000000007,178397.114265928,0.5646203554119548,0.6842105263157895,0.0
3.21,53,6244,68.0,68.0,68.0,68.0,86.0,100823.92666429334,0.44906010675330704,0.9433962264150944,0.0
8.43,24,1632,68.0,68.0,68.0,68.0,68.0,0.0,1.0,1.0,0.0
3.83,40,2720,68.0,68.0,68.0,68.0,68.0,0.0,1.0,1.0,0.0
8.61,24,1632,68.0,68.0,68.0,68.0,68.0,0.0,1.0,1.0,0.0
7.03,52,3840,68.0,68.0,68.0,68.0,86.0,249.51479289940835,1.0,0.9230769230769231,0.0
6.55,139,49145,86.0,68.0,68.0,170.0,1162.0000000000005,570348.9512965167,0.5763728509109571,0.7050359712230215,0.0
4.89,19,3073,68.0,68.0,68.0,86.0,242.19999999999976,60804.82548476455,0.6521505376344086,0.7894736842105263,0.0
5.74,65,25735,86.0,68.0,68.0,170.0,1438.4000000000003,621436.3171597632,0.952431530232911,0.6307692307692307,0.0
5.55,40,2720,68.0,68.0,68.0,68.0,68.0,0.0,1.0,1.0,0.0
0.95,4,272,68.0,68.0,68.0,68.0,68.0,0.0,1.0,1.0,0.0
5.07,24,1632,68.0,68.0,68.0,68.0,68.0,0.0,1.0,1.0,0.0
0.52,32,2176,68.0,68.0,68.0,68.0,68.0,0.0,1.0,1.0,0.0
8.34,24,1632,68.0,68.0,68.0,68.0,68.0,0.0,1.0,1.0,0.0
9.44,44,2992,68.0,68.0,68.0,68.0,68.0,0.0,1.0,1.0,0.0
6.69,146,52837,86.0,68.0,68.0,170.0,978.0,641324.3113623569,1.0559143968871596,0.7123287671232876,0.0
0.52,12,2545,86.0,68.0,68.0,170.0,590.3000000000002,73183.40972222222,0.7797202797202797,0.6666666666666666,0.0
9.05,107,38012,68.0,68.0,68.0,86.0,530.8000000000003,802628.9363263167,1.339919975377039,0.7850467289719626,0.0
8.53,24,1632,68.0,68.0,68.0,68.0,68.0,0.0,1.0,1.0,0.0
7.68,56,4781,68.0,68.0,68.0,68.0,86.0,4011.6272321428573,1.0353341847594721,0.9285714285714286,0.0
2.61,16,1088,68.0,68.0,68.0,68.0,68.0,0.0,1.0,1.0,0.0
9.87,48,3264,68.0,68.0,68.0,68.0,68.0,0.0,1.0,1.0,0.0
0.56,4,272,68.0,68.0,68.0,68.0,68.0,0.0,1.0,1.0,0.0
6.31,146,57220,86.0,68.0,68.0,170.0,1071.5,747158.6507787578,0.7527415303559395,0.7054794520547946,0.0
0.43,11,3585,86.0,68.0,77.0,143.0,170.0,509808.082644628,5.0353535353535355,0.6363636363636364,0.0
1.1,12,2688,86.0,68.0,68.0,119.0,170.0,180922.66666666666,3.6344827586206896,0.6666666666666666,0.0
9.47,93,31113,68.0,68.0,68.0,86.0,875.7999999999995,582364.8713146029,0.9802062118126272,0.7956989247311828,0.0
5.25,8,544,68.0,68.0,68.0,68.0,68.0,0.0,1.0,1.0,0.0
5.25,36,2448,68.0,68.0,68.0,68.0,68.0,0.0,1.0,1.0,0.0
7.66,24,1632,68.0,68.0,68.0,68.0,68.0,0.0,1.0,1.0,0.0
1.54,8,544,68.0,68.0,68.0,68.0,68.0,0.0,1.0,1.0,0.0
2.47,12,816,68.0,68.0,68.0,68.0,68.0,0.0,1.0,1.0,0.0
7.42,44,2992,68.0,68.0,68.0,68.0,68.0,0.0,1.0,1.0,0.0
5.48,36,6514,68.0,68.0,68.0,80.0,134.0,181359.44135802472,1.14983498349835,0.8888888888888888,0.0
9.19,134,51484,86.0,68.0,68.0,170.0,1491.4000000000003,549514.5981287593,0.99256908429445,0.6567164179104478,0.0
3.52,52,26152,86.0,68.0,68.0,170.0,2141.499999999999,933604.3017751479,1.1713716373297907,0.6538461538461539,0.0
7.52,44,2992,68.0,68.0,68.0,68.0,68.0,0.0,1.0,1.0,0.0
8.57,60,4080,68.0,68.0,68.0,68.0,68.0,0.0,1.0,1.0,0.0
9.64,28,1904,68.0,68.0,68.0,68.0,68.0,0.0,1.0,1.0,0.0
9.43,44,2992,68.0,68.0,68.0,68.0,68.0,0.0,1.0,1.0,0.0
9.17,140,49601,86.0,68.0,68.0,170.0,846.0000000000035,606237.264234694,1.0942830602938693,0.7142857142857143,0.0
4.23,65,19939,86.0,68.0,68.0,170.0,254.0,488086.9240236686,0.8252471622116441,0.6615384615384615,0.0
5.26,59,23955,86.0,68.0,68.0,170.0,1292.000000000003,752585.5420856073,1.4798136645962734,0.711864406779661,0.0
1.32,24,1632,68.0,68.0,68.0,68.0,68.0,0.0,1.0,1.0,0.0
0.77,4,272,68.0,68.0,68.0,68.0,68.0,0.0,1.0,1.0,0.0
2.91,12,816,68.0,68.0,68.0,68.0,68.0,0.0,1.0,1.0,0.0
7.92,48,3264,68.0,68.0,68.0,68.0,68.0,0.0,1.0,1.0,0.0
2.31,12,816,68.0,68.0,68.0,68.0,68.0,0.0,1.0,1.0,0.0
2.81,16,1088,68.0,68.0,68.0,68.0,68.0,0.0,1.0,1.0,0.0
0.27,4,272,68.0,68.0,68.0,68.0,68.0,0.0,1.0,1.0,0.0
5.47,32,2176,68.0,68.0,68.0,68.0,68.0,0.0,1.0,1.0,0.0
3.03,12,816,68.0,68.0,68.0,68.0,68.0,0.0,1.0,1.0,0.0
9.25,142,56993,86.0,68.0,68.0,170.0,1902.4000000000049,724946.1597401309,1.3903451746843938,0.7183098591549296,0.0
4.16,22,9389,86.0,68.0,72.5,170.0,1328.2000000000016,640002.6301652893,2.1698176907494937,0.6363636363636364,0.0
0.47,9,5482,86.0,82.4,86.0,170.0,1360.0000000000005,1505617.87654321,3.9836363636363634,0.5555555555555556,0.0
1.8,25,8769,86.0,68.0,68.0,170.0,997.4000000000002,442965.14239999995,1.1366959064327486,0.68,0.0
4.72,344,71518,86.0,68.0,68.0,222.0,516.0,72875.46697539212,2.1754728709706064,0.627906976744186,0.0
6.29,183,34028,86.0,68.0,68.0,486.0,516.0,36240.412314491325,4.54924983692107,0.7431693989071039,0.0
3.56,20,1360,68.0,68.0,68.0,68.0,68.0,0.0,1.0,1.0,0.0
7.38,44,2992,68.0,68.0,68.0,68.0,68.0,0.0,1.0,1.0,0.0
0.17,18,1224,68.0,68.0,68.0,68.0,68.0,0.0,1.0,1.0,0.0
5.57,79,6478,68.0,68.0,68.0,68.0,118.0,2088.1772151898736,0.7569839978302143,0.8734177215189873,0.0
6.41,158,56354,86.0,68.0,68.0,170.0,1018.8000000000015,581886.2840890882,0.9407652305678962,0.7088607594936709,0.0
9.35,102,25248,68.0,68.0,68.0,86.0,170.0,397344.9942329875,1.2335456475583864,0.8431372549019608,0.0
7.9,20,1360,68.0,68.0,68.0,68.0,68.0,0.0,1.0,1.0,0.0
6.67,48,3264,68.0,68.0,68.0,68.0,68.0,0.0,1.0,1.0,0.0
7.49,16,1088,68.0,68.0,68.0,68.0,68.0,0.0,1.0,1.0,0.0
2.33,24,1632,68.0,68.0,68.0,68.0,68.0,0.0,1.0,1.0,0.0
4.64,36,5759,68.0,68.0,68.0,68.0,128.0,143165.47145061727,1.5767337807606263,0.8888888888888888,0.0
3.3,148,30284,86.0,68.0,86.0,222.0,516.0,44673.77574872169,3.128135223555071,0.581081081081081,0.0
3.23,269,58026,86.0,68.0,68.0,222.0,486.0,98185.64826356739,2.567976388120273,0.7026022304832714,0.0
6.09,152,56421,86.0,68.0,68.0,170.0,1179.400000000002,614218.1543888503,0.7269972451790634,0.6907894736842105,0.0
1.37,25,8631,86.0,68.0,68.0,170.0,758.6000000000014,522434.4224000001,0.8754889178617992,0.68,0.0
6.29,73,17438,68.0,68.0,68.0,68.0,170.0,383088.2176768624,0.9961080586080586,0.863013698630137,0.0
4.34,8,544,68.0,68.0,68.0,68.0,68.0,0.0,1.0,1.0,0.0
7.05,48,3264,68.0,68.0,68.0,68.0,68.0,0.0,1.0,1.0,0.0
1.02,8,544,68.0,68.0,68.0,68.0,68.0,0.0,1.0,1.0,0.0
1.31,8,544,68.0,68.0,68.0,68.0,68.0,0.0,1.0,1.0,0.0
3.62,12,816,68.0,68.0,68.0,68.0,68.0,0.0,1.0,1.0,0.0
7.21,108,13814,68.0,68.0,68.0,86.0,134.0,66927.58401920438,0.9555492638731596,0.7962962962962963,0.0
6.82,141,62294,86.0,68.0,68.0,170.0,1620.0,793327.1095015341,1.065656398182843,0.6950354609929078,0.0
8.7,69,19039,68.0,68.0,68.0,160.0,583.6000000000004,396168.76286494435,2.327914700227233,0.7391304347826086,0.0
9.09,237,52943,86.0,68.0,68.0,222.0,516.0,106727.73116843814,2.4934345100626856,0.6919831223628692,0.0
4.08,5,1212,86.0,75.2,86.0,486.0,486.0,39603.840000000004,0.05944055944055944,0.6,0.0
3.25,12,816,68.0,68.0,68.0,68.0,68.0,0.0,1.0,1.0,0.0
8.42,64,4352,68.0,68.0,68.0,68.0,68.0,0.0,1.0,1.0,0.0
3.27,40,15671,74.0,68.0,68.0,170.0,1126.300000000001,636277.674375,1.2486726933562922,0.725,0.0
2.44,25,11137,86.0,68.0,68.0,170.0,1515.0000000000005,645725.9296,0.9198414066540251,0.64,0.0
4.8,44,2992,68.0,68.0,68.0,68.0,68.0,0.0,1.0,1.0,0.0
5.45,141,52903,86.0,68.0,68.0,170.0,1248.0,571427.2229767113,0.976130887901087,0.6950354609929078,0.0
5.88,57,8700,68.0,68.0,68.0,86.0,170.0,107090.3730378578,0.9175666740136654,0.8596491228070176,0.0
9.88,97,22305,68.0,68.0,68.0,86.0,170.0,371055.1829099798,1.0384755986108571,0.865979381443299,0.0
7.13,16,1088,68.0,68.0,68.0,68.0,68.0,0.0,1.0,1.0,0.0
3.9,44,2992,68.0,68.0,68.0,68.0,68.0,0.0,1.0,1.0,0.0
3.82,20,1360,68.0,68.0,68.0,68.0,68.0,0.0,1.0,1.0,0.0
1.12,4,272,68.0,68.0,68.0,68.0,68.0,0.0,1.0,1.0,0.0
6.0,52,3536,68.0,68.0,68.0,68.0,68.0,0.0,1.0,1.0,0.0
2.99,73,22580,86.0,68.0,68.0,170.0,516.0,323253.1747044474,0.5242338328608074,0.6438356164383562,0.0
5.26,29,5896,86.0,68.0,68.0,486.0,486.0,36016.35196195006,6.882352941176471,0.6896551724137931,0.0
8.62,170,64619,86.0,68.0,68.0,170.0,1231.9999999999986,690621.3110380623,0.8962643425184141,0.7352941176470589,0.0
1.85,23,9531,86.0,68.0,68.0,170.0,1472.2000000000005,583138.933837429,0.9375889408416345,0.6521739130434783,0.0
4.89,67,17145,68.0,68.0,68.0,86.0,170.0,449437.9741590554,0.8707037643207856,0.8507462686567164,0.0
5.77,24,1632,68.0,68.0,68.0,68.0,68.0,0.0,1.0,1.0,0.0
9.95,72,4896,68.0,68.0,68.0,68.0,68.0,0.0,1.0,1.0,0.0
5.8,20,1360,68.0,68.0,68.0,68.0,68.0,0.0,1.0,1.0,0.0
9.77,97,25316,68.0,68.0,68.0,86.0,651.8000000000054,309399.0205122755,0.6331849558093027,0.8041237113402062,0.0
5.67,136,45935,86.0,68.0,68.0,170.0,1048.0,526793.3161224048,0.7410172832019406,0.6911764705882353,0.0
6.16,41,12731,68.0,68.0,68.0,86.0,170.0,621760.4449732301,1.1029071688140073,0.8048780487804879,0.0
1.61,24,9202,86.0,68.0,68.0,170.0,1172.2,485780.5763888888,1.0317950982556856,0.6666666666666666,0.0
2.05,23,7014,80.0,68.0,68.0,128.0,1371.4000000000005,243240.56332703214,0.5358003065469674,0.7391304347826086,0.0
5.22,56,3808,68.0,68.0,68.0,68.0,68.0,0.0,1.0,1.0,0.0
6.12,20,2668,68.0,68.0,68.0,86.0,486.0,21980.04,0.256120527306968,0.85,0.0
6.31,52,3536,68.0,68.0,68.0,68.0,68.0,0.0,1.0,1.0,0.0
0.44,4,272,68.0,68.0,68.0,68.0,68.0,0.0,1.0,1.0,0.0
8.76,28,1904,68.0,68.0,68.0,68.0,68.0,0.0,1.0,1.0,0.0
9.56,101,31235,68.0,68.0,68.0,86.0,276.0,566203.5178904028,0.9532862235007191,0.7920792079207921,0.0
1.56,8,544,68.0,68.0,68.0,68.0,68.0,0.0,1.0,1.0,0.0
5.69,141,46201,86.0,68.0,68.0,170.0,725.0,496372.46335697407,0.7442237994563576,0.7163120567375887,0.0
7.42,47,22052,86.0,68.0,68.0,170.0,1722.7999999999997,800555.8143956541,1.322730145354961,0.6595744680851063,0.0
7.39,87,14595,68.0,68.0,68.0,68.0,119.60000000000048,270285.6543797066,0.9264783526927138,0.896551724137931,0.0
7.73,56,3808,68.0,68.0,68.0,68.0,68.0,0.0,1.0,1.0,0.0
6.37,24,1632,68.0,68.0,68.0,68.0,68.0,0.0,1.0,1.0,0.0
8.75,104,26204,68.0,68.0,68.0,86.0,238.60000000000028,401505.0754437869,1.0688457287225643,0.8173076923076923,0.0
9.9,76,24774,86.0,68.0,68.0,170.0,486.0,546206.262465374,1.0265030674846625,0.6973684210526315,0.0
6.05,107,46943,86.0,68.0,68.0,170.0,1625.2,821549.7344746268,1.195444766626134,0.6822429906542056,0.0
0.27,16,1088,68.0,68.0,68.0,68.0,68.0,0.0,1.0,1.0,0.0
5.43,50,20506,86.0,68.0,68.0,170.0,1499.8000000000002,642718.0656,1.2077950043066321,0.68,0.0
3.64,40,2720,68.0,68.0,68.0,68.0,68.0,0.0,1.0,1.0,0.0
3.94,16,1088,68.0,68.0,68.0,68.0,68.0,0.0,1.0,1.0,0.0
10.0,60,4080,68.0,68.0,68.0,68.0,68.0,0.0,1.0,1.0,0.0
7.57,28,1904,68.0,68.0,68.0,68.0,68.0,0.0,1.0,1.0,0.0
1.99,8,544,68.0,68.0,68.0,68.0,68.0,0.0,1.0,1.0,0.0
6.7,96,27246,68.0,68.0,68.0,86.0,365.5,439639.3815104167,0.7783434501664382,0.7916666666666666,0.0
9.13,139,52472,86.0,68.0,68.0,170.0,1108.4000000000008,684019.5305626005,1.053136127088469,0.7050359712230215,0.0
0.75,16,1088,68.0,68.0,68.0,68.0,68.0,0.0,1.0,1.0,0.0
4.73,25,11006,86.0,68.0,68.0,170.0,863.0000000000002,945012.1824,1.0043707885631032,0.68,0.0
1.65,23,9986,86.0,68.0,77.0,170.0,1400.2000000000005,551302.8393194708,1.483461825416563,0.6086956521739131,0.0
8.7,76,10349,68.0,68.0,68.0,68.0,86.0,204451.66810941815,0.4391600611875956,0.9342105263157895,0.0
0.45,4,272,68.0,68.0,68.0,68.0,68.0,0.0,1.0,1.0,0.0
6.51,50,3808,68.0,68.0,68.0,68.0,68.0,1330.2144,1.0,0.96,0.0
7.56,36,2448,68.0,68.0,68.0,68.0,68.0,0.0,1.0,1.0,0.0
5.98,89,23910,68.0,68.0,68.0,86.0,170.0,476417.8674409797,1.1909649042426464,0.8202247191011236,0.0
3.56,8,544,68.0,68.0,68.0,68.0,68.0,0.0,1.0,1.0,0.0
2.16,8,544,68.0,68.0,68.0,68.0,68.0,0.0,1.0,1.0,0.0
9.29,159,69619,86.0,68.0,68.0,170.0,1932.0000000000018,892494.3627229936,0.9693086671192578,0.7169811320754716,0.0
1.7,26,6886,86.0,68.0,68.0,170.0,620.5,155789.66863905327,0.34518460636843135,0.6153846153846154,0.0
3.59,27,11848,86.0,68.0,68.0,170.0,1872.6000000000026,747789.6323731138,1.3355016755371576,0.7037037037037037,0.0
3.69,36,2448,68.0,68.0,68.0,68.0,68.0,0.0,1.0,1.0,0.0
4.18,20,1360,68.0,68.0,68.0,68.0,68.0,0.0,1.0,1.0,0.0
3.36,12,816,68.0,68.0,68.0,68.0,68.0,0.0,1.0,1.0,0.0
6.08,56,3808,68.0,68.0,68.0,68.0,68.0,0.0,1.0,1.0,0.0
3.7,8,544,68.0,68.0,68.0,68.0,68.0,0.0,1.0,1.0,0.0
6.61,40,2720,68.0,68.0,68.0,68.0,68.0,0.0,1.0,1.0,0.0
9.12,503,123903,86.0,68.0,83.0,222.0,516.0,170887.9420969215,2.0714675260287554,0.6163021868787276,0.0
2.66,139,60894,86.0,68.0,68.0,170.0,2045.0000000000002,811573.5321153151,1.027097203728362,0.6834532374100719,0.0
6.32,44,3578,68.0,68.0,68.0,68.0,86.0,1862.535123966942,0.8951271186440678,0.9090909090909091,0.0
0.63,12,5423,86.0,68.0,68.0,170.0,1538.9000000000005,685066.0763888889,1.500230520977409,0.6666666666666666,0.0
7.93,79,21716,68.0,68.0,68.0,86.0,170.0,515274.5819580196,1.1661845386533667,0.8227848101265823,0.0
1.06,16,1088,68.0,68.0,68.0,68.0,68.0,0.0,1.0,1.0,0.0
1.06,4,272,68.0,68.0,68.0,68.0,68.0,0.0,1.0,1.0,0.0
5.8,20,1360,68.0,68.0,68.0,68.0,68.0,0.0,1.0,1.0,0.0
1.53,36,2448,68.0,68.0,68.0,68.0,68.0,0.0,1.0,1.0,0.0
3.55,20,1360,68.0,68.0,68.0,68.0,68.0,0.0,1.0,1.0,0.0
4.5,16,1088,68.0,68.0,68.0,68.0,68.0,0.0,1.0,1.0,0.0
4.28,40,2720,68.0,68.0,68.0,68.0,68.0,0.0,1.0,1.0,0.0
2.33,54,13649,86.0,68.0,68.0,170.0,425.3000000000005,242951.10871056246,1.1089307787391842,0.6666666666666666,0.0
8.98,153,55760,86.0,68.0,68.0,170.0,1112.2000000000025,592464.6913580247,1.131009707253688,0.7058823529411765,0.0
2.24,28,7846,68.0,68.0,68.0,86.0,170.0,543690.0969387755,0.7929616087751371,0.8571428571428571,0.0
0.78,12,5602,86.0,68.0,68.0,170.0,1158.2000000000003,875782.3055555555,0.4528008298755187,0.6666666666666666,0.0
3.13,40,18702,86.0,68.0,68.0,170.0,1862.5000000000002,796893.9974999999,0.7711904536414433,0.675,0.0
0.99,4,272,68.0,68.0,68.0,68.0,68.0,0.0,1.0,1.0,0.0
3.63,36,2448,68.0,68.0,68.0,68.0,68.0,0.0,1.0,1.0,0.0
1.83,20,1360,68.0,68.0,68.0,68.0,68.0,0.0,1.0,1.0,0.0
7.56,487,98768,86.0,68.0,68.0,222.0,486.0,92037.89166375033,2.9156359023152554,0.6550308008213552,0.0
2.63,336,69936,86.0,68.0,68.0,486.0,486.0,47615.265306122456,2.595311536088834,0.6934523809523809,0.0
0.67,4,272,68.0,68.0,68.0,68.0,68.0,0.0,1.0,1.0,0.0
7.63,124,25549,68.0,68.0,68.0,86.0,170.0,299139.3612773154,1.0529529931699477,0.8548387096774194,0.0
8.87,186,65609,68.0,68.0,68.0,86.0,752.0,678976.9574806336,0.9844232048877866,0.7526881720430108,0.0
9.4,95,28458,68.0,68.0,68.0,86.0,467.60000000000275,509056.43612188374,1.169550964397347,0.8,0.0
2.92,20,1360,68.0,68.0,68.0,68.0,68.0,0.0,1.0,1.0,0.0
3.49,12,816,68.0,68.0,68.0,68.0,68.0,0.0,1.0,1.0,0.0
1.96,8,544,68.0,68.0,68.0,68.0,68.0,0.0,1.0,1.0,0.0
2.76,36,2448,68.0,68.0,68.0,68.0,68.0,0.0,1.0,1.0,0.0
7.66,32,2176,68.0,68.0,68.0,68.0,68.0,0.0,1.0,1.0,0.0
6.71,95,28849,68.0,68.0,68.0,86.0,170.0,620544.0303601107,1.5297264117853384,0.8210526315789474,0.0
6.44,210,47402,86.0,68.0,80.0,486.0,486.0,48733.50467120181,4.559699741965752,0.6238095238095238,0.0
5.46,128,47571,86.0,68.0,68.0,170.0,1126.7999999999995,555645.8060913086,1.354300702761556,0.6640625,0.0
8.29,92,19598,68.0,68.0,68.0,86.0,266.30000000000064,191115.7603969754,1.0802462583589854,0.782608695652174,0.0
3.23,40,2720,68.0,68.0,68.0,68.0,68.0,0.0,1.0,1.0,0.0
5.74,28,1904,68.0,68.0,68.0,68.0,68.0,0.0,1.0,1.0,0.0
2.02,8,544,68.0,68.0,68.0,68.0,68.0,0.0,1.0,1.0,0.0
0.75,4,272,68.0,68.0,68.0,68.0,68.0,0.0,1.0,1.0,0.0
2.63,36,2448,68.0,68.0,68.0,68.0,68.0,0.0,1.0,1.0,0.0
2.01,4,272,68.0,68.0,68.0,68.0,68.0,0.0,1.0,1.0,0.0
2.3,20,1360,68.0,68.0,68.0,68.0,68.0,0.0,1.0,1.0,0.0
8.01,74,5564,68.0,68.0,68.0,68.0,86.0,297.18042366691014,0.8771929824561403,0.9054054054054054,0.0
4.21,53,20937,86.0,68.0,68.0,170.0,1475.200000000001,452958.5268778925,1.0141414141414142,0.6415094339622641,0.0
5.31,20,6377,68.0,68.0,68.0,86.0,227.90000000000083,785547.5275000001,0.3072980729807298,0.8,0.0
8.09,150,50592,86.0,68.0,68.0,170.0,1249.3999999999996,530760.9216000001,0.8836845632586194,0.7266666666666667,0.0
4.94,48,22299,86.0,68.0,68.0,170.0,1221.3000000000018,829936.87109375,0.8927934810287751,0.6041666666666666,0.0
1.44,16,1088,68.0,68.0,68.0,68.0,68.0,0.0,1.0,1.0,0.0
8.23,77,10032,68.0,68.0,68.0,86.0,486.0,21127.346938775514,2.650655021834061,0.8571428571428571,0.0
2.06,8,544,68.0,68.0,68.0,68.0,68.0,0.0,1.0,1.0,0.0
7.03,68,4624,68.0,68.0,68.0,68.0,68.0,0.0,1.0,1.0,0.0
8.43,52,11210,68.0,68.0,68.0,86.0,170.0,325385.89792899415,1.6563981042654028,0.8461538461538461,0.0
9.2,64,12932,68.0,68.0,68.0,72.5,170.0,268209.43359375,1.0858064516129031,0.875,0.0
2.48,116,47995,86.0,68.0,68.0,170.0,1665.0,652160.3426724138,1.182980078231602,0.6551724137931034,0.0
4.24,35,7386,68.0,68.0,68.0,68.0,136.40000000000012,301195.7420408163,0.9016477857878475,0.8857142857142857,0.0
5.71,59,27432,86.0,68.0,68.0,170.0,1923.8000000000013,718993.6414823328,0.9682858577886202,0.6779661016949152,0.0
5.6,56,3808,68.0,68.0,68.0,68.0,68.0,0.0,1.0,1.0,0.0
1.79,8,544,68.0,68.0,68.0,68.0,68.0,0.0,1.0,1.0,0.0
9.28,68,4624,68.0,68.0,68.0,68.0,68.0,0.0,1.0,1.0,0.0
9.16,56,3808,68.0,68.0,68.0,68.0,68.0,0.0,1.0,1.0,0.0
3.51,51,18596,86.0,68.0,68.0,170.0,1516.0,407989.13571703184,0.6750135110790848,0.6274509803921569,0.0
8.36,139,46495,86.0,68.0,68.0,170.0,899.0000000000006,510444.76797267224,1.0094649494338317,0.7122302158273381,0.0
7.23,54,14320,68.0,68.0,68.0,149.0,595.6,255569.03978052124,0.6155234657039711,0.7407407407407407,0.0
0.06,14,7587,86.0,68.0,68.0,170.0,2014.1000000000013,845446.6377551018,0.6125398512221042,0.6428571428571429,0.0
0.56,12,3516,86.0,68.0,68.0,170.0,1039.4000000000003,199497.0,0.8485804416403786,0.6666666666666666,0.0
5.57,56,3808,68.0,68.0,68.0,68.0,68.0,0.0,1.0,1.0,0.0
1.52,4,272,68.0,68.0,68.0,68.0,68.0,0.0,1.0,1.0,0.0
9.87,56,3808,68.0,68.0,68.0,68.0,68.0,0.0,1.0,1.0,0.0
2.13,20,1360,68.0,68.0,68.0,68.0,68.0,0.0,1.0,1.0,0.0
0.14,4,272,68.0,68.0,68.0,68.0,68.0,0.0,1.0,1.0,0.0
8.44,76,17715,68.0,68.0,68.0,68.0,128.0,507970.42572714685,1.3781715666532421,0.8947368421052632,0.0
3.15,28,12046,86.0,68.0,68.0,170.0,1641.3,843517.7397959182,1.7458399817643036,0.7142857142857143,0.0
0.59,4,272,68.0,68.0,68.0,68.0,68.0,0.0,1.0,1.0,0.0
0.4,4,272,68.0,68.0,68.0,68.0,68.0,0.0,1.0,1.0,0.0
2.08,8,544,68.0,68.0,68.0,68.0,68.0,0.0,1.0,1.0,0.0
8.82,159,62270,86.0,68.0,68.0,170.0,1452.2000000000041,651820.5461809264,1.245825368774119,0.7169811320754716,0.0
4.44,48,22251,86.0,68.0,68.0,170.0,2216.9000000000015,794869.9544270834,0.8052085023527503,0.6666666666666666,0.0
0.84,4,272,68.0,68.0,68.0,68.0,68.0,0.0,1.0,1.0,0.0
2.97,36,2448,68.0,68.0,68.0,68.0,68.0,0.0,1.0,1.0,0.0
5.45,24,1632,68.0,68.0,68.0,68.0,68.0,0.0,1.0,1.0,0.0
5.55,52,3536,68.0,68.0,68.0,68.0,68.0,0.0,1.0,1.0,0.0
0.42,12,816,68.0,68.0,68.0,68.0,68.0,0.0,1.0,1.0,0.0
0.09,4,272,68.0,68.0,68.0,68.0,68.0,0.0,1.0,1.0,0.0
9.76,24,1632,68.0,68.0,68.0,68.0,68.0,0.0,1.0,1.0,0.0
9.93,93,25689,68.0,68.0,68.0,86.0,427.5999999999991,413984.7339576832,0.8102318370798394,0.8064516129032258,0.0
7.18,135,57764,86.0,68.0,68.0,170.0,1837.0000000000005,877269.260027435,0.7147776524372143,0.7037037037037037,0.0
8.75,65,24273,86.0,68.0,68.0,170.0,1516.0,642346.3375147927,1.0600016973606043,0.7076923076923077,0.0
6.38,68,7891,68.0,68.0,68.0,68.0,86.0,68374.18923010379,0.8182027649769585,0.9411764705882353,0.0
2.36,4,272,68.0,68.0,68.0,68.0,68.0,0.0,1.0,1.0,0.0
6.61,36,2448,68.0,68.0,68.0,68.0,68.0,0.0,1.0,1.0,0.0
9.83,48,3264,68.0,68.0,68.0,68.0,68.0,0.0,1.0,1.0,0.0
1.62,4,272,68.0,68.0,68.0,68.0,68.0,0.0,1.0,1.0,0.0
7.61,100,28767,68.0,68.0,68.0,86.0,170.0,541265.2611000001,1.248651606347221,0.84,0.0
3.63,12,816,68.0,68.0,68.0,68.0,68.0,0.0,1.0,1.0,0.0
2.64,126,47412,86.0,68.0,68.0,170.0,1028.0,644602.5532879821,0.8550021518838765,0.6825396825396826,0.0
3.47,28,6549,68.0,68.0,68.0,86.0,170.0,517051.16709183675,0.32036290322580646,0.8571428571428571,0.0
7.22,87,22902,68.0,68.0,68.0,86.0,170.0,449666.89575901715,1.1137055837563452,0.8160919540229885,0.0
0.68,16,1088,68.0,68.0,68.0,68.0,68.0,0.0,1.0,1.0,0.0
1.82,4,272,68.0,68.0,68.0,68.0,68.0,0.0,1.0,1.0,0.0
4.47,16,1088,68.0,68.0,68.0,68.0,68.0,0.0,1.0,1.0,0.0
3.19,40,2720,68.0,68.0,68.0,68.0,68.0,0.0,1.0,1.0,0.0
4.1,20,1360,68.0,68.0,68.0,68.0,68.0,0.0,1.0,1.0,0.0
1.12,8,544,68.0,68.0,68.0,68.0,68.0,0.0,1.0,1.0,0.0
1.59,4,272,68.0,68.0,68.0,68.0,68.0,0.0,1.0,1.0,0.0
2.5,20,1360,68.0,68.0,68.0,68.0,68.0,0.0,1.0,1.0,0.0
6.88,82,26159,68.0,68.0,68.0,86.0,1401.9000000000065,494824.6218024986,0.7706105320157033,0.7560975609756098,0.0
7.3,140,49087,86.0,68.0,68.0,170.0,1290.7000000000005,512348.4923979591,0.7978610409112552,0.7071428571428572,0.0
1.7,28,5862,68.0,68.0,68.0,86.0,169.3,439156.22959183686,0.25497752087347464,0.8571428571428571,0.0
6.4,59,17111,86.0,68.0,68.0,170.0,840.4000000000001,332662.01666187885,0.8731253420908593,0.7288135593220338,0.0
1.04,28,1904,68.0,68.0,68.0,68.0,68.0,0.0,1.0,1.0,0.0
5.0,20,1360,68.0,68.0,68.0,68.0,68.0,0.0,1.0,1.0,0.0
7.97,56,3808,68.0,68.0,68.0,68.0,68.0,0.0,1.0,1.0,0.0
4.82,20,1360,68.0,68.0,68.0,68.0,68.0,0.0,1.0,1.0,0.0
4.75,16,1088,68.0,68.0,68.0,68.0,68.0,0.0,1.0,1.0,0.0
1.33,12,816,68.0,68.0,68.0,68.0,68.0,0.0,1.0,1.0,0.0
1.42,28,1904,68.0,68.0,68.0,68.0,68.0,0.0,1.0,1.0,0.0
5.25,52,22454,86.0,68.0,68.0,170.0,1594.0999999999992,831380.3091715974,0.9019142808741318,0.6923076923076923,0.0
8.76,137,50670,86.0,68.0,68.0,170.0,1241.2,636602.0224838828,1.0947538137169788,0.708029197080292,0.0
7.42,68,20205,83.0,68.0,68.0,144.5,824.6000000000008,428507.76189446374,1.082560296846011,0.7352941176470589,0.0
9.31,74,12914,68.0,68.0,68.0,68.0,84.20000000000002,376323.3579254932,1.0524475524475525,0.9459459459459459,0.0
2.76,12,816,68.0,68.0,68.0,68.0,68.0,0.0,1.0,1.0,0.0
0.46,4,272,68.0,68.0,68.0,68.0,68.0,0.0,1.0,1.0,0.0
0.48,4,272,68.0,68.0,68.0,68.0,68.0,0.0,1.0,1.0,0.0
0.01,4,272,68.0,68.0,68.0,68.0,68.0,0.0,1.0,1.0,0.0
6.09,52,3536,68.0,68.0,68.0,68.0,68.0,0.0,1.0,1.0,0.0
4.99,20,1360,68.0,68.0,68.0,68.0,68.0,0.0,1.0,1.0,0.0
0.26,16,1088,68.0,68.0,68.0,68.0,68.0,0.0,1.0,1.0,0.0
2.6,20,1360,68.0,68.0,68.0,68.0,68.0,0.0,1.0,1.0,0.0
9.34,64,18565,77.0,68.0,68.0,107.0,890.3000000000015,410224.2907714844,1.5649350649350648,0.75,0.0
5.87,144,50547,86.0,68.0,68.0,170.0,862.2000000000003,653986.6870659721,0.9334072827417381,0.7152777777777778,0.0
4.5,29,11820,86.0,68.0,80.0,170.0,1516.0,413656.0356718194,0.8243556104337089,0.6206896551724138,0.0
7.51,76,15649,68.0,68.0,68.0,86.0,170.0,243503.74151662062,0.7449821587867975,0.8421052631578947,0.0
8.68,32,2176,68.0,68.0,68.0,68.0,68.0,0.0,1.0,1.0,0.0
2.65,32,2176,68.0,68.0,68.0,68.0,68.0,0.0,1.0,1.0,0.0
9.75,40,2720,68.0,68.0,68.0,68.0,68.0,0.0,1.0,1.0,0.0
9.54,99,21704,68.0,68.0,68.0,86.0,201.80000000000047,217423.9561269258,0.5669626741751498,0.8181818181818182,0.0
1.5,8,544,68.0,68.0,68.0,68.0,68.0,0.0,1.0,1.0,0.0
7.77,155,63960,86.0,68.0,68.0,170.0,1205.3999999999962,893675.6353798128,0.9718830928597855,0.7290322580645161,0.0
0.01,12,6467,86.0,68.0,68.0,170.0,2216.600000000001,1000027.576388889,0.8242595204513399,0.6666666666666666,0.0
4.76,49,18076,86.0,68.0,68.0,170.0,991.4000000000003,574834.3773427738,1.2637445209768317,0.673469387755102,0.0
2.95,40,2720,68.0,68.0,68.0,68.0,68.0,0.0,1.0,1.0,0.0
5.18,20,1360,68.0,68.0,68.0,68.0,68.0,0.0,1.0,1.0,0.0
1.12,4,272,68.0,68.0,68.0,68.0,68.0,0.0,1.0,1.0,0.0
1.6,8,544,68.0,68.0,68.0,68.0,68.0,0.0,1.0,1.0,0.0
2.16,12,816,68.0,68.0,68.0,68.0,68.0,0.0,1.0,1.0,0.0
4.09,48,3264,68.0,68.0,68.0,68.0,68.0,0.0,1.0,1.0,0.0
0.9,4,272,68.0,68.0,68.0,68.0,68.0,0.0,1.0,1.0,0.0
2.19,8,544,68.0,68.0,68.0,68.0,68.0,0.0,1.0,1.0,0.0
5.74,48,3264,68.0,68.0,68.0,68.0,68.0,0.0,1.0,1.0,0.0
2.74,60,19188,86.0,68.0,68.0,170.0,907.9000000000004,456177.72666666657,0.6640360766629086,0.6833333333333333,0.0
4.38,16,1088,68.0,68.0,68.0,68.0,68.0,0.0,1.0,1.0,0.0
2.32,123,47796,86.0,68.0,68.0,170.0,1303.3999999999999,599040.4378346222,1.166734666122671,0.6747967479674797,0.0
4.46,28,5226,68.0,68.0,68.0,86.0,170.0,182110.0153061224,1.6554878048780488,0.8571428571428571,0.0
3.01,38,13702,86.0,68.0,68.0,170.0,1131.200000000001,566292.9806094182,0.7755604509524426,0.6842105263157895,0.0
0.94,16,5049,77.0,68.0,68.0,107.0,413.5,560852.87109375,0.3364213869772366,0.75,0.0
9.29,60,4080,68.0,68.0,68.0,68.0,68.0,0.0,1.0,1.0,0.0
9.35,68,4624,68.0,68.0,68.0,68.0,68.0,0.0,1.0,1.0,0.0
4.96,8,544,68.0,68.0,68.0,68.0,68.0,0.0,1.0,1.0,0.0
0.97,4,272,68.0,68.0,68.0,68.0,68.0,0.0,1.0,1.0,0.0
5.0,48,3264,68.0,68.0,68.0,68.0,68.0,0.0,1.0,1.0,0.0
0.04,12,5081,86.0,68.0,68.0,170.0,1163.6000000000004,642148.0763888889,0.5262841694202464,0.6666666666666666,0.0
9.04,55,17509,68.0,68.0,68.0,128.0,1154.0000000000014,429207.5715702479,0.7871797489027254,0.7454545454545455,0.0
5.21,130,50621,86.0,68.0,68.0,170.0,1419.9000000000015,672225.4691715977,1.0509278016368204,0.6923076923076923,0.0
9.54,77,26223,86.0,68.0,68.0,170.0,523.6000000000009,675892.1167144545,1.2431993156544054,0.7402597402597403,0.0
1.74,24,1632,68.0,68.0,68.0,68.0,68.0,0.0,1.0,1.0,0.0
3.03,16,1088,68.0,68.0,68.0,68.0,68.0,0.0,1.0,1.0,0.0
2.99,20,1360,68.0,68.0,68.0,68.0,68.0,0.0,1.0,1.0,0.0
3.29,12,816,68.0,68.0,68.0,68.0,68.0,0.0,1.0,1.0,0.0
8.09,64,4352,68.0,68.0,68.0,68.0,68.0,0.0,1.0,1.0,0.0
5.54,20,1360,68.0,68.0,68.0,68.0,68.0,0.0,1.0,1.0,0.0
3.39,36,2448,68.0,68.0,68.0,68.0,68.0,0.0,1.0,1.0,0.0
4.53,55,18698,86.0,68.0,68.0,170.0,1448.4000000000003,391292.8714049587,1.2127810650887574,0.6727272727272727,0.0
3.2,12,816,68.0,68.0,68.0,68.0,68.0,0.0,1.0,1.0,0.0
1.47,28,10401,86.0,68.0,68.0,170.0,387.3000000000003,836874.8915816325,4.141374196737519,0.7142857142857143,0.0
7.98,125,44924,86.0,68.0,68.0,170.0,768.8000000000011,606753.518336,0.9529626570447333,0.704,0.0
1.12,12,4122,86.0,68.0,68.0,167.0,170.0,643127.4166666666,0.18516388729154687,0.6666666666666666,0.0
6.95,76,20182,68.0,68.0,68.0,86.0,170.0,433804.6156509695,0.8269213361093509,0.8289473684210527,0.0
8.89,32,2176,68.0,68.0,68.0,68.0,68.0,0.0,1.0,1.0,0.0
0.21,4,272,68.0,68.0,68.0,68.0,68.0,0.0,1.0,1.0,0.0
9.66,60,4080,68.0,68.0,68.0,68.0,68.0,0.0,1.0,1.0,0.0
5.15,20,1360,68.0,68.0,68.0,68.0,68.0,0.0,1.0,1.0,0.0
5.33,92,26332,68.0,68.0,68.0,86.0,316.70000000000095,542236.1266540643,0.6292538052221259,0.8043478260869565,0.0
6.29,118,44544,86.0,68.0,68.0,170.0,1064.8999999999999,647877.5041654697,1.263989834815756,0.7203389830508474,0.0
1.46,24,8276,86.0,68.0,68.0,170.0,944.7999999999998,456244.7222222222,1.4905206139030995,0.6666666666666666,0.0
0.56,16,1088,68.0,68.0,68.0,68.0,68.0,0.0,1.0,1.0,0.0
2.77,12,4640,86.0,68.0,68.0,170.0,1178.0000000000005,475590.2222222221,1.6244343891402715,0.6666666666666666,0.0
6.53,64,25457,77.0,68.0,68.0,107.0,1344.1000000000022,813361.9606933594,1.0883511074651353,0.75,0.0
3.39,30,2040,68.0,68.0,68.0,68.0,68.0,0.0,1.0,1.0,0.0
4.36,14,952,68.0,68.0,68.0,68.0,68.0,0.0,1.0,1.0,0.0
2.16,12,816,68.0,68.0,68.0,68.0,68.0,0.0,1.0,1.0,0.0
7.95,64,4352,68.0,68.0,68.0,68.0,68.0,0.0,1.0,1.0,0.0
2.11,12,816,68.0,68.0,68.0,68.0,68.0,0.0,1.0,1.0,0.0
6.75,95,26914,68.0,68.0,68.0,86.0,295.4000000000018,495858.48576177296,0.850013747594171,0.8105263157894737,0.0
7.11,16,1088,68.0,68.0,68.0,68.0,68.0,0.0,1.0,1.0,0.0
7.96,160,51281,86.0,68.0,68.0,170.0,741.6999999999999,550886.6249609377,0.7824469933958985,0.725,0.0
7.45,93,24791,68.0,68.0,68.0,86.0,228.3999999999998,434408.0085559025,1.817159090909091,0.8064516129032258,0.0
4.29,20,1360,68.0,68.0,68.0,68.0,68.0,0.0,1.0,1.0,0.0
0.36,4,272,68.0,68.0,68.0,68.0,68.0,0.0,1.0,1.0,0.0
4.55,16,1088,68.0,68.0,68.0,68.0,68.0,0.0,1.0,1.0,0.0
7.13,56,3808,68.0,68.0,68.0,68.0,68.0,0.0,1.0,1.0,0.0
1.99,8,544,68.0,68.0,68.0,68.0,68.0,0.0,1.0,1.0,0.0
2.36,8,544,68.0,68.0,68.0,68.0,68.0,0.0,1.0,1.0,0.0
0.94,4,272,68.0,68.0,68.0,68.0,68.0,0.0,1.0,1.0,0.0
1.47,36,2448,68.0,68.0,68.0,68.0,68.0,0.0,1.0,1.0,0.0
2.81,54,18647,86.0,68.0,68.0,170.0,697.0000000000017,667136.1786694106,1.0091584958517401,0.7037037037037037,0.0
2.24,12,816,68.0,68.0,68.0,68.0,68.0,0.0,1.0,1.0,0.0
1.58,28,10323,86.0,68.0,68.0,170.0,932.9000000000012,599686.2181122449,1.4791066282420748,0.7142857142857143,0.0
9.22,141,49135,86.0,68.0,68.0,170.0,1307.0,551698.1926462451,1.2804696927503945,0.7021276595744681,0.0
6.76,127,27246,86.0,68.0,68.0,170.0,486.0,161934.0755161511,0.5123223801065719,0.7322834645669292,0.0
9.99,125,25170,86.0,68.0,68.0,486.0,516.0,41313.63840000002,1.5589670597803986,0.688,0.0
3.4,20,1360,68.0,68.0,68.0,68.0,68.0,0.0,1.0,1.0,0.0
9.24,56,3808,68.0,68.0,68.0,68.0,68.0,0.0,1.0,1.0,0.0
9.24,100,26369,68.0,68.0,68.0,86.0,170.0,462130.37389999983,0.7251553810925744,0.84,0.0
2.73,8,544,68.0,68.0,68.0,68.0,68.0,0.0,1.0,1.0,0.0
3.89,128,54871,86.0,68.0,68.0,170.0,1242.4999999999998,882602.2958374023,0.9832652618643148,0.671875,0.0
1.74,27,8169,68.0,68.0,68.0,86.0,170.0,711836.024691358,0.5917770849571318,0.8518518518518519,0.0
4.84,45,12700,86.0,68.0,68.0,170.0,332.0000000000002,425024.8839506174,1.025518341307815,0.7333333333333333,0.0
0.22,12,3487,86.0,68.0,68.0,170.0,947.6000000000004,200231.7430555556,1.3062169312169312,0.6666666666666666,0.0
1.45,16,1088,68.0,68.0,68.0,68.0,68.0,0.0,1.0,1.0,0.0
7.01,44,2992,68.0,68.0,68.0,68.0,68.0,0.0,1.0,1.0,0.0
2.32,12,816,68.0,68.0,68.0,68.0,68.0,0.0,1.0,1.0,0.0
6.73,60,4080,68.0,68.0,68.0,68.0,68.0,0.0,1.0,1.0,0.0
4.86,8,544,68.0,68.0,68.0,68.0,68.0,0.0,1.0,1.0,0.0
7.48,52,3536,68.0,68.0,68.0,68.0,68.0,0.0,1.0,1.0,0.0
7.51,205,54596,86.0,68.0,68.0,222.0,516.0,229378.24756692443,1.9958296751536435,0.6146341463414634,0.0
3.65,262,60715,86.0,68.0,68.0,486.0,486.0,97902.3314055125,4.0803280060246,0.6793893129770993,0.0
0.99,120,48220,86.0,68.0,68.0,170.0,1191.2000000000005,654630.3555555554,1.3619887337741856,0.675,0.0
1.69,17,6201,80.0,68.0,68.0,86.0,473.60000000000025,849718.062283737,2.8207024029574863,0.7647058823529411,0.0
4.68,67,20767,82.0,68.0,68.0,118.0,905.199999999999,443836.58008465124,1.0136720643847572,0.746268656716418,0.0
8.48,48,3264,68.0,68.0,68.0,68.0,68.0,0.0,1.0,1.0,0.0
7.55,68,4624,68.0,68.0,68.0,68.0,68.0,0.0,1.0,1.0,0.0
0.43,4,272,68.0,68.0,68.0,68.0,68.0,0.0,1.0,1.0,0.0
7.9,32,2176,68.0,68.0,68.0,68.0,68.0,0.0,1.0,1.0,0.0
4.54,54,9044,68.0,68.0,68.0,68.0,86.0,225487.1385459534,1.2363996043521266,0.9074074074074074,0.0
2.96,49,23502,86.0,68.0,68.0,170.0,1516.0,870381.1711786756,1.1386841386841386,0.673469387755102,0.0
6.22,108,34774,86.0,68.0,68.0,170.0,759.0999999999999,530510.0181755831,1.1838849463040884,0.7129629629629629,0.0
5.33,60,16104,74.0,68.0,68.0,86.0,985.4,293982.2733333333,0.9522366347436053,0.7833333333333333,0.0
9.91,95,18302,68.0,68.0,68.0,86.0,170.0,258732.18459833806,0.7367621939646992,0.8315789473684211,0.0
1.23,12,816,68.0,68.0,68.0,68.0,68.0,0.0,1.0,1.0,0.0
4.28,73,15192,86.0,68.0,68.0,486.0,486.0,41155.385250516054,0.8481751824817518,0.6712328767123288,0.0
4.85,16,1088,68.0,68.0,68.0,68.0,68.0,0.0,1.0,1.0,0.0
6.68,60,4080,68.0,68.0,68.0,68.0,68.0,0.0,1.0,1.0,0.0
5.64,74,25746,80.0,68.0,68.0,149.0,1356.2000000000003,561012.3718042368,1.1165734955606708,0.7432432432432432,0.0
8.67,67,18154,68.0,68.0,68.0,68.0,170.0,611371.654711517,1.079734219269103,0.8805970149253731,0.0
2.91,102,43539,86.0,68.0,68.0,170.0,1739.9000000000015,787814.2626874279,1.4046724842593616,0.6862745098039216,0.0
8.9,77,23265,68.0,68.0,68.0,86.0,344.8000000000003,489445.52504638216,0.7618326391518364,0.7792207792207793,0.0
9.29,71,9760,68.0,68.0,68.0,68.0,86.0,153854.53045030753,1.1863799283154122,0.9436619718309859,0.0
3.67,12,816,68.0,68.0,68.0,68.0,68.0,0.0,1.0,1.0,0.0
6.29,60,4080,68.0,68.0,68.0,68.0,68.0,0.0,1.0,1.0,0.0
4.56,8,544,68.0,68.0,68.0,68.0,68.0,0.0,1.0,1.0,0.0
6.12,61,4376,68.0,68.0,68.0,68.0,68.0,167.40661112604135,0.8202995008319468,0.9508196721311475,0.0
9.37,111,30704,86.0,68.0,68.0,170.0,516.0,347088.2733544353,1.0576330250636643,0.6756756756756757,0.0
8.28,150,67267,86.0,68.0,68.0,170.0,1555.599999999999,895887.7804888888,0.9938643032871921,0.7066666666666667,0.0
1.36,8,544,68.0,68.0,68.0,68.0,68.0,0.0,1.0,1.0,0.0
7.21,86,21775,68.0,68.0,68.0,86.0,170.0,384277.06557598716,1.2310450819672132,0.813953488372093,0.0
5.73,24,1632,68.0,68.0,68.0,68.0,68.0,0.0,1.0,1.0,0.0
0.65,4,272,68.0,68.0,68.0,68.0,68.0,0.0,1.0,1.0,0.0
2.47,8,544,68.0,68.0,68.0,68.0,68.0,0.0,1.0,1.0,0.0
8.17,60,4080,68.0,68.0,68.0,68.0,68.0,0.0,1.0,1.0,0.0
6.34,24,1632,68.0,68.0,68.0,68.0,68.0,0.0,1.0,1.0,0.0
5.54,86,22438,68.0,68.0,68.0,86.0,292.0,353321.89832341817,1.5087209302325582,0.8023255813953488,0.0
2.85,12,816,68.0,68.0,68.0,68.0,68.0,0.0,1.0,1.0,0.0
7.41,159,59114,86.0,68.0,68.0,170.0,1516.0,622483.1743997468,0.9681049407377813,0.710691823899371,0.0
3.16,35,16174,86.0,68.0,68.0,170.0,1329.6000000000008,909131.3583673469,1.3181883330944533,0.6571428571428571,0.0
5.31,52,6610,68.0,68.0,68.0,68.0,86.0,100192.37130177517,0.5897065897065897,0.9230769230769231,0.0
7.96,84,11884,83.0,68.0,68.0,222.0,406.80000000000075,17076.011337868484,5.088114754098361,0.7380952380952381,0.0
4.19,28,1904,68.0,68.0,68.0,68.0,68.0,0.0,1.0,1.0,0.0
9.31,48,3264,68.0,68.0,68.0,68.0,68.0,0.0,1.0,1.0,0.0
8.95,106,27004,68.0,68.0,68.0,86.0,170.0,363483.20398718416,1.249396084964598,0.8301886792452831,0.0
4.07,18,3795,68.0,68.0,68.0,86.0,311.3000000000003,163805.13888888888,1.8684807256235827,0.7777777777777778,0.0
7.39,149,56758,86.0,68.0,68.0,170.0,1465.4000000000033,656331.6119994593,1.098650397485672,0.7315436241610739,0.0
3.36,35,18782,86.0,68.0,68.0,170.0,2394.6000000000017,1098888.290612245,1.0785745905267818,0.6571428571428571,0.0
9.93,72,10955,68.0,68.0,68.0,68.0,84.19999999999997,238294.5461033951,0.7792756212441124,0.9444444444444444,0.0
6.71,40,2720,68.0,68.0,68.0,68.0,68.0,0.0,1.0,1.0,0.0
6.61,36,2448,68.0,68.0,68.0,68.0,68.0,0.0,1.0,1.0,0.0
7.15,56,3808,68.0,68.0,68.0,68.0,68.0,0.0,1.0,1.0,0.0
0.6,51,23417,86.0,68.0,68.0,170.0,2110.0,779110.367550942,1.281469212782541,0.6666666666666666,0.0
4.97,8,544,68.0,68.0,68.0,68.0,68.0,0.0,1.0,1.0,0.0
7.13,135,56625,86.0,68.0,68.0,170.0,1759.8000000000002,759217.550617284,0.7852638880131155,0.7037037037037037,0.0
6.28,40,9112,68.0,68.0,68.0,86.0,181.80000000000018,246732.71000000002,1.7396271797955503,0.8,0.0
2.2,26,8066,86.0,68.0,71.0,170.0,502.0,582538.2544378699,0.4914940828402367,0.6923076923076923,0.0
4.44,53,10210,68.0,68.0,68.0,68.0,86.0,361696.41865432553,1.0153967627319385,0.9245283018867925,0.0
6.05,24,1632,68.0,68.0,68.0,68.0,68.0,0.0,1.0,1.0,0.0
0.17,4,272,68.0,68.0,68.0,68.0,68.0,0.0,1.0,1.0,0.0
5.01,48,3264,68.0,68.0,68.0,68.0,68.0,0.0,1.0,1.0,0.0
3.46,20,1360,68.0,68.0,68.0,68.0,68.0,0.0,1.0,1.0,0.0
3.37,12,816,68.0,68.0,68.0,68.0,68.0,0.0,1.0,1.0,0.0
8.22,99,25834,68.0,68.0,68.0,86.0,170.0,452822.06815631065,1.4161990273101384,0.8282828282828283,0.0
7.89,137,57230,86.0,68.0,68.0,170.0,1816.6000000000004,779822.9090521606,1.1012630342194154,0.6934306569343066,0.0
1.11,19,1393,68.0,68.0,68.0,68.0,71.6,351.3739612188366,0.7836107554417413,0.9473684210526315,0.0
1.11,12,6896,86.0,68.0,68.0,170.0,2013.2000000000007,1242982.2222222222,0.6419047619047619,0.6666666666666666,0.0
6.28,83,26209,86.0,68.0,68.0,170.0,697.7999999999992,511192.5620554508,0.7491324079017618,0.6746987951807228,0.0
0.11,8,544,68.0,68.0,68.0,68.0,68.0,0.0,1.0,1.0,0.0
2.21,311,63570,86.0,68.0,86.0,222.0,486.0,37992.74904105624,2.6847901692557383,0.6109324758842444,0.0
1.35,97,25170,86.0,68.0,86.0,516.0,516.0,45694.290997980665,10.940227703984819,0.5876288659793815,0.0
4.9,4,708,77.0,68.0,68.0,186.0,366.00000000000006,31881.0,0.23776223776223776,0.75,0.0
8.93,72,4896,68.0,68.0,68.0,68.0,68.0,0.0,1.0,1.0,0.0
2.49,4,272,68.0,68.0,68.0,68.0,68.0,0.0,1.0,1.0,0.0
0.18,36,2448,68.0,68.0,68.0,68.0,68.0,0.0,1.0,1.0,0.0
6.35,73,23716,68.0,68.0,68.0,86.0,987.3999999999991,555626.162882342,1.1495513459621136,0.7671232876712328,0.0
7.42,144,55617,86.0,68.0,68.0,170.0,1090.500000000004,734120.2044270835,0.9245302605626492,0.7152777777777778,0.0
2.44,20,5768,68.0,68.0,68.0,86.0,268.4000000000014,475404.63999999996,0.4927536231884058,0.8,0.0
5.85,56,20704,86.0,68.0,68.0,170.0,1020.0,696452.9540816325,0.9917267917267917,0.7142857142857143,0.0
4.92,42,2856,68.0,68.0,68.0,68.0,68.0,0.0,1.0,1.0,0.0
1.29,18,1224,68.0,68.0,68.0,68.0,68.0,0.0,1.0,1.0,0.0
7.0,52,3536,68.0,68.0,68.0,68.0,68.0,0.0,1.0,1.0,0.0
0.87,4,272,68.0,68.0,68.0,68.0,68.0,0.0,1.0,1.0,0.0
3.43,20,1360,68.0,68.0,68.0,68.0,68.0,0.0,1.0,1.0,0.0
8.41,56,3808,68.0,68.0,68.0,68.0,68.0,0.0,1.0,1.0,0.0
0.06,13,7113,86.0,68.0,68.0,170.0,1844.4000000000015,1229080.2840236686,0.6269441903019213,0.6923076923076923,0.0
0.07,12,3625,86.0,68.0,68.0,109.25,170.0,472929.0763888887,5.393298059964726,0.75,0.0
0.27,24,7474,86.0,68.0,68.0,170.0,935.7999999999993,392003.9097222222,2.220163722533391,0.6666666666666666,0.0
1.91,147,27608,86.0,68.0,86.0,222.0,229.2000000000001,42017.59637188207,2.332689521970063,0.5918367346938775,0.0
8.28,393,103628,86.0,68.0,68.0,222.0,486.0,268467.5645682393,1.8922939518267325,0.6895674300254453,0.0
4.22,25,13436,86.0,68.0,68.0,170.0,1974.8000000000034,1329441.4464,0.6964646464646465,0.68,0.0
6.57,95,17322,68.0,68.0,68.0,77.0,170.0,210803.36022160668,0.83846317130121,0.8736842105263158,0.0
3.68,4,272,68.0,68.0,68.0,68.0,68.0,0.0,1.0,1.0,0.0
9.81,72,4896,68.0,68.0,68.0,68.0,68.0,0.0,1.0,1.0,0.0
7.98,36,2448,68.0,68.0,68.0,68.0,68.0,0.0,1.0,1.0,0.0
2.7,40,2720,68.0,68.0,68.0,68.0,68.0,0.0,1.0,1.0,0.0
2.17,55,17316,86.0,68.0,68.0,170.0,1045.0,372287.445950413,1.2938137501655849,0.6909090909090909,0.0
6.17,78,27264,86.0,68.0,68.0,119.0,564.2999999999986,678407.6587771202,1.2437659451896963,0.7435897435897436,0.0
0.11,24,9674,86.0,68.0,68.0,170.0,1345.3999999999999,644118.9930555555,1.665013774104683,0.6666666666666666,0.0
2.03,37,19539,86.0,68.0,68.0,170.0,2415.6,1124327.6961285612,1.4577358490566037,0.6756756756756757,0.0
4.11,28,6585,68.0,68.0,68.0,86.0,170.0,421087.075255102,2.1372081943782755,0.8571428571428571,0.0
8.89,90,23857,68.0,68.0,68.0,86.0,191.2000000000018,455078.69395061734,0.7999849102157839,0.8111111111111111,0.0
7.78,144,27900,86.0,68.0,68.0,486.0,486.0,34198.9375,2.332537028189202,0.7083333333333334,0.0
7.11,68,4624,68.0,68.0,68.0,68.0,68.0,0.0,1.0,1.0,0.0
5.15,16,1088,68.0,68.0,68.0,68.0,68.0,0.0,1.0,1.0,0.0
1.64,8,544,68.0,68.0,68.0,68.0,68.0,0.0,1.0,1.0,0.0
5.31,89,26087,68.0,68.0,68.0,86.0,251.60000000000116,562254.6615326346,1.102772851845881,0.8089887640449438,0.0
1.5,8,544,68.0,68.0,68.0,68.0,68.0,0.0,1.0,1.0,0.0
1.36,59,13990,86.0,68.0,68.0,153.5,519.4000000000001,189179.5621947717,0.9665448411582794,0.6440677966101694,0.0
5.74,124,44277,86.0,68.0,68.0,170.0,839.3000000000002,532492.3576352757,1.0178188944082396,0.6854838709677419,0.0
8.92,126,42100,68.0,68.0,68.0,86.0,501.0,838925.4918115396,2.3149606299212597,0.7857142857142857,0.0
3.24,8,544,68.0,68.0,68.0,68.0,68.0,0.0,1.0,1.0,0.0
1.33,4,272,68.0,68.0,68.0,68.0,68.0,0.0,1.0,1.0,0.0
8.31,64,4352,68.0,68.0,68.0,68.0,68.0,0.0,1.0,1.0,0.0
3.22,8,544,68.0,68.0,68.0,68.0,68.0,0.0,1.0,1.0,0.0
7.96,68,4624,68.0,68.0,68.0,68.0,68.0,0.0,1.0,1.0,0.0
7.07,62,22346,86.0,68.0,68.0,170.0,650.0999999999998,625616.9854318416,0.9944662620492681,0.7258064516129032,0.0
8.43,144,39371,86.0,68.0,68.0,170.0,603.2000000000005,368445.75573881174,1.0396311454178107,0.7152777777777778,0.0
7.13,51,20877,86.0,68.0,68.0,170.0,1923.0,709511.5224913495,1.1762743667257376,0.7058823529411765,0.0
0.53,12,2701,86.0,68.0,68.0,170.0,472.4000000000001,107423.9097222222,0.5730926033779848,0.6666666666666666,0.0
8.35,60,4080,68.0,68.0,68.0,68.0,68.0,0.0,1.0,1.0,0.0
3.44,12,816,68.0,68.0,68.0,68.0,68.0,0.0,1.0,1.0,0.0
6.52,60,4080,68.0,68.0,68.0,68.0,68.0,0.0,1.0,1.0,0.0
5.58,12,816,68.0,68.0,68.0,68.0,68.0,0.0,1.0,1.0,0.0
2.95,12,816,68.0,68.0,68.0,68.0,68.0,0.0,1.0,1.0,0.0
1.94,36,2448,68.0,68.0,68.0,68.0,68.0,0.0,1.0,1.0,0.0
0.72,48,24550,86.0,68.0,68.0,170.0,2458.400000000003,1038301.4565972224,1.2426235498310039,0.6458333333333334,0.0
8.18,20,1360,68.0,68.0,68.0,68.0,68.0,0.0,1.0,1.0,0.0
5.53,143,63649,86.0,68.0,68.0,170.0,1926.1999999999998,861153.4030025918,1.0486336863111139,0.7132867132867133,0.0
7.25,51,20676,86.0,68.0,68.0,170.0,1708.0,528705.3794694347,0.6409523809523809,0.6666666666666666,0.0
6.73,68,10714,68.0,68.0,68.0,68.0,86.0,241065.2759515572,1.032245827010622,0.9411764705882353,0.0
6.97,16,1088,68.0,68.0,68.0,68.0,68.0,0.0,1.0,1.0,0.0
8.13,64,4352,68.0,68.0,68.0,68.0,68.0,0.0,1.0,1.0,0.0
3.75,12,816,68.0,68.0,68.0,68.0,68.0,0.0,1.0,1.0,0.0
7.93,100,25114,68.0,68.0,68.0,86.0,207.20000000000275,403112.22039999993,1.437305900621118,0.81,0.0
4.34,16,1088,68.0,68.0,68.0,68.0,68.0,0.0,1.0,1.0,0.0
6.16,141,58574,86.0,68.0,68.0,170.0,1352.0,833265.3780996931,0.6609669644123068,0.7092198581560284,0.0
6.56,52,24804,86.0,68.0,68.0,170.0,1848.0999999999995,875200.6153846154,0.7264564627270829,0.6538461538461539,0.0
3.93,52,7065,68.0,68.0,68.0,68.0,86.0,97620.69341715981,0.9795460913421127,0.9230769230769231,0.0
4.55,20,1360,68.0,68.0,68.0,68.0,68.0,0.0,1.0,1.0,0.0
7.91,56,3808,68.0,68.0,68.0,68.0,68.0,0.0,1.0,1.0,0.0
4.99,20,1360,68.0,68.0,68.0,68.0,68.0,0.0,1.0,1.0,0.0
9.48,68,8109,68.0,68.0,68.0,68.0,86.0,103152.92279411765,0.6025691699604743,0.9411764705882353,0.0
1.45,38,18083,86.0,68.0,68.0,170.0,1594.900000000001,756042.6932132965,1.2942146663283431,0.631578947368421,0.0
7.73,16,1088,68.0,68.0,68.0,68.0,68.0,0.0,1.0,1.0,0.0
9.41,152,61821,86.0,68.0,68.0,170.0,1636.6000000000001,678426.6502337258,1.1363259382127306,0.7105263157894737,0.0
9.94,91,30568,68.0,68.0,68.0,86.0,170.0,731771.0032604755,1.0231650009927857,0.8131868131868132,0.0
1.69,16,1088,68.0,68.0,68.0,68.0,68.0,0.0,1.0,1.0,0.0
0.28,4,272,68.0,68.0,68.0,68.0,68.0,0.0,1.0,1.0,0.0
9.4,68,4624,68.0,68.0,68.0,68.0,68.0,0.0,1.0,1.0,0.0
0.2,4,272,68.0,68.0,68.0,68.0,68.0,0.0,1.0,1.0,0.0
8.17,56,3808,68.0,68.0,68.0,68.0,68.0,0.0,1.0,1.0,0.0
8.8,65,21018,80.0,68.0,68.0,86.0,503.00000000000045,658464.3517159763,0.7974856751902848,0.7538461538461538,0.0
3.29,126,60436,86.0,68.0,68.0,170.0,2554.5,1027478.703451751,0.8520470703603824,0.6746031746031746,0.0
4.47,30,7456,68.0,68.0,68.0,86.0,304.6000000000019,261618.9822222222,0.7664060649135276,0.8,0.0
4.14,50,25233,86.0,68.0,68.0,170.0,1764.3000000000013,904360.8644000001,1.1605445671718468,0.66,0.0
8.2,60,4080,68.0,68.0,68.0,68.0,68.0,0.0,1.0,1.0,0.0
7.05,56,3808,68.0,68.0,68.0,68.0,68.0,0.0,1.0,1.0,0.0
2.36,20,1360,68.0,68.0,68.0,68.0,68.0,0.0,1.0,1.0,0.0
8.23,56,3808,68.0,68.0,68.0,68.0,68.0,0.0,1.0,1.0,0.0
3.63,54,25519,86.0,68.0,68.0,170.0,1709.9000000000008,886577.9111796988,1.5099832792367462,0.6666666666666666,0.0
8.92,137,57121,86.0,68.0,68.0,170.0,1780.0,740695.003889392,0.955997671472109,0.708029197080292,0.0
8.56,68,24582,83.0,68.0,68.0,170.0,1033.700000000003,615860.3382352941,1.5214893835265155,0.7352941176470589,0.0
4.55,52,7314,68.0,68.0,68.0,68.0,86.0,148074.07248520703,1.7058823529411764,0.9230769230769231,0.0
7.52,32,2176,68.0,68.0,68.0,68.0,68.0,0.0,1.0,1.0,0.0
4.02,44,2992,68.0,68.0,68.0,68.0,68.0,0.0,1.0,1.0,0.0
3.44,20,1360,68.0,68.0,68.0,68.0,68.0,0.0,1.0,1.0,0.0
6.65,36,2448,68.0,68.0,68.0,68.0,68.0,0.0,1.0,1.0,0.0
0.89,66,10780,86.0,68.0,68.0,222.0,486.0,24574.707070707067,0.1280870657178736,0.7121212121212122,0.0
1.52,25,5438,86.0,68.0,86.0,222.0,516.0,35365.5296,0.05265195509097948,0.56,0.0
0.41,54,26701,86.0,68.0,68.0,170.0,1966.8000000000018,738086.4708504801,0.9797582857566546,0.6296296296296297,0.0
5.32,85,20226,86.0,68.0,68.0,516.0,516.0,44432.09190311418,14.654798761609907,0.6352941176470588,0.0
8.96,136,60216,86.0,68.0,68.0,170.0,1749.5,774952.0181660899,1.031236296171361,0.6691176470588235,0.0
2.71,36,6315,68.0,68.0,68.0,68.0,128.0,181761.79861111112,0.7291894852135816,0.8888888888888888,0.0
6.59,77,18285,68.0,68.0,68.0,86.0,170.0,334191.13206274225,1.4517296862429605,0.8441558441558441,0.0
2.98,20,1360,68.0,68.0,68.0,68.0,68.0,0.0,1.0,1.0,0.0
2.03,8,544,68.0,68.0,68.0,68.0,68.0,0.0,1.0,1.0,0.0
6.11,48,3264,68.0,68.0,68.0,68.0,68.0,0.0,1.0,1.0,0.0
7.29,32,2176,68.0,68.0,68.0,68.0,68.0,0.0,1.0,1.0,0.0
8.35,94,19798,68.0,68.0,68.0,86.0,170.0,252687.38524219109,1.8465851905104242,0.8297872340425532,0.0
9.12,137,49314,86.0,68.0,68.0,170.0,833.6000000000005,645746.8010016517,0.633454786353097,0.708029197080292,0.0
6.34,39,10645,68.0,68.0,68.0,86.0,412.20000000000346,383524.4589086127,1.4045629094194714,0.7948717948717948,0.0
6.85,78,17601,68.0,68.0,68.0,86.0,170.0,305558.84171597625,0.5117237825302757,0.8333333333333334,0.0
4.02,202,42652,86.0,68.0,68.0,222.0,516.0,66868.18586413095,3.393489905232798,0.6138613861386139,0.0
7.16,254,46484,86.0,68.0,68.0,486.0,486.0,32947.26765453531,3.0044796691936595,0.7362204724409449,0.0
7.98,60,4080,68.0,68.0,68.0,68.0,68.0,0.0,1.0,1.0,0.0
1.35,16,1088,68.0,68.0,68.0,68.0,68.0,0.0,1.0,1.0,0.0
7.62,55,23154,86.0,68.0,68.0,170.0,1328.2000000000023,897704.599669421,1.07213173438339,0.7090909090909091,0.0
4.71,170,68096,80.0,68.0,68.0,86.0,1301.3999999999953,814642.8458131489,0.8985167837626854,0.7529411764705882,0.0
0.67,16,1088,68.0,68.0,68.0,68.0,68.0,0.0,1.0,1.0,0.0
5.23,37,12974,86.0,68.0,68.0,170.0,525.9999999999999,636210.8224981737,1.116131136845539,0.6756756756756757,0.0
5.05,70,15518,68.0,68.0,68.0,81.5,170.0,332995.15836734686,0.5124756335282651,0.8571428571428571,0.0
9.07,32,2176,68.0,68.0,68.0,68.0,68.0,0.0,1.0,1.0,0.0
8.07,64,4352,68.0,68.0,68.0,68.0,68.0,0.0,1.0,1.0,0.0
4.45,16,1088,68.0,68.0,68.0,68.0,68.0,0.0,1.0,1.0,0.0
0.71,4,272,68.0,68.0,68.0,68.0,68.0,0.0,1.0,1.0,0.0
6.28,125,34298,86.0,68.0,68.0,170.0,504.80000000000024,341394.220544,0.5274103763081719,0.736,0.0
9.93,165,63672,86.0,68.0,68.0,170.0,503.99999999999983,694532.8729476584,1.1719938597987378,0.6787878787878788,0.0
4.86,48,13074,68.0,68.0,68.0,86.0,170.0,425373.234375,0.887942238267148,0.8333333333333334,0.0
1.3,26,7805,86.0,68.0,68.0,170.0,724.5,335425.69378698233,0.4234907897136604,0.6538461538461539,0.0
5.46,52,6626,68.0,68.0,68.0,68.0,86.0,80892.16715976331,1.3159734358615869,0.9230769230769231,0.0
5.75,28,1904,68.0,68.0,68.0,68.0,68.0,0.0,1.0,1.0,0.0
8.99,52,3536,68.0,68.0,68.0,68.0,68.0,0.0,1.0,1.0,0.0
9.31,72,4896,68.0,68.0,68.0,68.0,68.0,0.0,1.0,1.0,0.0
3.15,53,27502,86.0,68.0,68.0,170.0,2251.6000000000045,1181749.4439302243,1.2682061855670104,0.6981132075471698,0.0
1.26,4,272,68.0,68.0,68.0,68.0,68.0,0.0,1.0,1.0,0.0
5.07,140,55074,86.0,68.0,68.0,170.0,1287.500000000002,675084.0083673471,0.8588497367355205,0.7071428571428572,0.0
4.95,29,8505,68.0,68.0,68.0,86.0,170.0,628413.5790725326,0.854153041203401,0.8620689655172413,0.0
0.31,12,7873,86.0,68.0,68.0,170.0,2573.000000000001,1635672.0763888888,1.3728149487643158,0.6666666666666666,0.0
9.07,93,25397,68.0,68.0,68.0,86.0,170.0,508690.7667938488,0.8694884063305116,0.8494623655913979,0.0
2.58,104,23502,86.0,68.0,80.0,486.0,516.0,39098.03809171598,3.5992172211350293,0.6346153846153846,0.0
2.61,4,272,68.0,68.0,68.0,68.0,68.0,0.0,1.0,1.0,0.0
5.68,20,1360,68.0,68.0,68.0,68.0,68.0,0.0,1.0,1.0,0.0
7.84,56,3808,68.0,68.0,68.0,68.0,68.0,0.0,1.0,1.0,0.0
4.66,87,27555,86.0,68.0,68.0,126.0,953.4000000000002,433906.6365437969,1.158975162579331,0.7126436781609196,0.0
8.51,141,52006,86.0,68.0,68.0,170.0,1618.0,603016.845732106,0.739622010369627,0.7163120567375887,0.0
0.33,4,272,68.0,68.0,68.0,68.0,68.0,0.0,1.0,1.0,0.0
4.92,39,8775,68.0,68.0,68.0,68.0,102.80000000000024,414246.2051282051,0.995225102319236,0.8974358974358975,0.0
5.83,53,28227,86.0,68.0,68.0,170.0,2506.200000000002,1059122.0163759342,0.8081481006982256,0.6792452830188679,0.0
4.78,40,2720,68.0,68.0,68.0,68.0,68.0,0.0,1.0,1.0,0.0
9.22,35,2380,68.0,68.0,68.0,68.0,68.0,0.0,1.0588235294117647,1.0,0.0
0.04,1,68,68.0,68.0,68.0,68.0,68.0,0.0,0.0,1.0,0.0
0.28,4,272,68.0,68.0,68.0,68.0,68.0,0.0,1.0,1.0,0.0
1.58,36,2448,68.0,68.0,68.0,68.0,68.0,0.0,1.0,1.0,0.0
1.58,20,1360,68.0,68.0,68.0,68.0,68.0,0.0,1.0,1.0,0.0
8.57,56,3808,68.0,68.0,68.0,68.0,68.0,0.0,1.0,1.0,0.0
5.16,101,26177,86.0,68.0,68.0,170.0,222.0,328323.86922850716,0.9624409625908988,0.6534653465346535,0.0
4.9,70,28951,86.0,68.0,68.0,170.0,1225.5000000000005,726724.8712244896,0.7476155982132078,0.7,0.0
3.01,62,19677,86.0,68.0,68.0,170.0,649.1999999999998,498516.9107700312,0.5677635248187396,0.6935483870967742,0.0
2.54,16,6848,77.0,68.0,68.0,107.0,1170.5,862642.125,1.4588868940754038,0.75,0.0
0.07,20,1360,68.0,68.0,68.0,68.0,68.0,0.0,1.0,1.0,0.0
6.73,85,23619,68.0,68.0,68.0,86.0,498.80000000000166,398014.4891349481,1.1479628955983994,0.788235294117647,0.0
6.54,24,1632,68.0,68.0,68.0,68.0,68.0,0.0,1.0,1.0,0.0
8.57,56,3808,68.0,68.0,68.0,68.0,68.0,0.0,1.0,1.0,0.0
8.08,32,2176,68.0,68.0,68.0,68.0,68.0,0.0,1.0,1.0,0.0
4.14,44,2992,68.0,68.0,68.0,68.0,68.0,0.0,1.0,1.0,0.0
1.39,47,19101,86.0,68.0,68.0,170.0,1615.7999999999993,565037.6450882752,0.5986776029460997,0.6595744680851063,0.0
3.3,4,272,68.0,68.0,68.0,68.0,68.0,0.0,1.0,1.0,0.0
5.93,66,17033,80.0,68.0,68.0,86.0,333.5,351374.52456382,1.4146583498724128,0.7575757575757576,0.0
5.74,102,33146,86.0,68.0,68.0,170.0,498.3000000000002,498732.3317954632,1.4680565897244975,0.7156862745098039,0.0
4.97,51,16963,86.0,68.0,68.0,170.0,1132.0,433065.9638600538,1.2521242697822623,0.6862745098039216,0.0
1.09,36,2448,68.0,68.0,68.0,68.0,68.0,0.0,1.0,1.0,0.0
3.49,20,1360,68.0,68.0,68.0,68.0,68.0,0.0,1.0,1.0,0.0
0.21,4,272,68.0,68.0,68.0,68.0,68.0,0.0,1.0,1.0,0.0
9.28,68,4624,68.0,68.0,68.0,68.0,68.0,0.0,1.0,1.0,0.0
4.29,8,544,68.0,68.0,68.0,68.0,68.0,0.0,1.0,1.0,0.0
5.24,32,2176,68.0,68.0,68.0,68.0,68.0,0.0,1.0,1.0,0.0
4.62,71,14692,68.0,68.0,68.0,86.0,170.0,285119.75560404675,1.1869604048824054,0.7746478873239436,0.0
6.41,126,62860,86.0,68.0,68.0,170.0,2369.5,1057233.6543209879,1.0858081428144806,0.7063492063492064,0.0
0.68,12,3040,86.0,68.0,68.0,170.0,619.1000000000001,148794.3888888889,0.6059165346011621,0.6666666666666666,0.0
4.76,28,9273,68.0,68.0,68.0,86.0,170.0,827523.2181122449,1.0749608413515328,0.8571428571428571,0.0
8.28,88,23289,68.0,68.0,68.0,86.0,188.59999999999982,458343.046358471,1.0427155512674326,0.8068181818181818,0.0
4.85,20,1360,68.0,68.0,68.0,68.0,68.0,0.0,1.0,1.0,0.0
3.98,12,816,68.0,68.0,68.0,68.0,68.0,0.0,1.0,1.0,0.0
9.24,64,4352,68.0,68.0,68.0,68.0,68.0,0.0,1.0,1.0,0.0
0.33,4,272,68.0,68.0,68.0,68.0,68.0,0.0,1.0,1.0,0.0
6.09,52,3536,68.0,68.0,68.0,68.0,68.0,0.0,1.0,1.0,0.0
9.05,65,24786,86.0,68.0,68.0,170.0,1344.0000000000007,693274.8340828404,1.7023549934583515,0.7230769230769231,0.0
2.96,126,59514,86.0,68.0,68.0,170.0,1841.0,891753.0317460316,1.133806604280951,0.6746031746031746,0.0
0.41,8,544,68.0,68.0,68.0,68.0,68.0,0.0,1.0,1.0,0.0
6.58,44,21626,86.0,68.0,68.0,170.0,2460.4000000000015,1064278.25,1.033092037228542,0.7272727272727273,0.0
7.08,64,9562,68.0,68.0,68.0,81.5,170.0,138751.9287109375,1.2991103630680452,0.875,0.0
9.66,36,2448,68.0,68.0,68.0,68.0,68.0,0.0,1.0,1.0,0.0
7.89,60,4080,68.0,68.0,68.0,68.0,68.0,0.0,1.0,1.0,0.0
7.46,56,3808,68.0,68.0,68.0,68.0,68.0,0.0,1.0,1.0,0.0
0.3,20,5775,86.0,68.0,86.0,170.0,682.0,299428.5875,2.3870967741935485,0.6,0.0
6.53,34,10843,83.0,68.0,68.0,121.25,1096.099999999999,469121.25692041515,1.4812356979405035,0.7352941176470589,0.0
1.03,8,544,68.0,68.0,68.0,68.0,68.0,0.0,1.0,1.0,0.0
9.88,156,59716,86.0,68.0,68.0,170.0,1192.0,691878.8168967784,1.0734722222222222,0.7115384615384616,0.0
1.47,24,11524,86.0,68.0,68.0,170.0,1805.199999999999,927836.7222222224,1.438941798941799,0.6666666666666666,0.0
7.18,64,13992,68.0,68.0,68.0,72.5,170.0,433041.359375,2.3699421965317917,0.875,0.0
0.15,6,408,68.0,68.0,68.0,68.0,68.0,0.0,1.0,1.0,0.0
0.83,10,680,68.0,68.0,68.0,68.0,68.0,0.0,1.0,1.0,0.0
8.29,20,1360,68.0,68.0,68.0,68.0,68.0,0.0,1.0,1.0,0.0
2.32,40,2720,68.0,68.0,68.0,68.0,68.0,0.0,1.0,1.0,0.0
1.46,20,1360,68.0,68.0,68.0,68.0,68.0,0.0,1.0,1.0,0.0
4.07,16,1088,68.0,68.0,68.0,68.0,68.0,0.0,1.0,1.0,0.0
3.58,40,2720,68.0,68.0,68.0,68.0,68.0,0.0,1.0,1.0,0.0
5.53,56,20800,86.0,68.0,68.0,170.0,935.0,662645.2806122449,1.1529862333091812,0.7142857142857143,0.0
9.21,142,58604,86.0,68.0,68.0,170.0,843.5000000000014,932110.658996231,1.1437612027654827,0.7112676056338029,0.0
6.57,52,19921,68.0,68.0,68.0,86.0,929.5999999999988,871767.6638313609,0.46166263115415657,0.7692307692307693,0.0
4.78,63,10290,68.0,68.0,68.0,77.0,170.0,150839.07936507926,1.2277549253085083,0.873015873015873,0.0
6.11,24,1632,68.0,68.0,68.0,68.0,68.0,0.0,1.0,1.0,0.0
8.26,52,3536,68.0,68.0,68.0,68.0,68.0,0.0,1.0,1.0,0.0
5.01,20,1360,68.0,68.0,68.0,68.0,68.0,0.0,1.0,1.0,0.0
1.58,8,544,68.0,68.0,68.0,68.0,68.0,0.0,1.0,1.0,0.0
2.43,8,544,68.0,68.0,68.0,68.0,68.0,0.0,1.0,1.0,0.0
6.67,91,24070,68.0,68.0,68.0,86.0,170.0,455777.7664533268,0.8528211838965437,0.8021978021978022,0.0
3.56,12,816,68.0,68.0,68.0,68.0,68.0,0.0,1.0,1.0,0.0
1.2,17,8744,86.0,68.0,68.0,170.0,1516.0,904947.875432526,1.0315985130111525,0.6470588235294118,0.0
0.17,13,6882,86.0,68.0,68.0,170.0,2358.000000000002,1042889.3136094676,1.012869260017549,0.6923076923076923,0.0
1.43,101,42626,86.0,68.0,68.0,170.0,1769.0,747892.9291245955,1.0333921671516482,0.6732673267326733,0.0
4.8,28,3633,68.0,68.0,68.0,86.0,170.0,38807.97321428572,1.3052030456852792,0.8571428571428571,0.0
5.55,53,20236,86.0,68.0,68.0,170.0,674.0000000000001,709180.3417586328,0.9843106491468916,0.6981132075471698,0.0
5.0,52,3536,68.0,68.0,68.0,68.0,68.0,0.0,1.0,1.0,0.0
6.16,16,1088,68.0,68.0,68.0,68.0,68.0,0.0,1.0,1.0,0.0
7.03,60,4080,68.0,68.0,68.0,68.0,68.0,0.0,1.0,1.0,0.0
6.94,16,1088,68.0,68.0,68.0,68.0,68.0,0.0,1.0,1.0,0.0
6.84,94,24190,68.0,68.0,68.0,86.0,187.50000000000006,385737.990493436,0.7217081850533807,0.8085106382978723,0.0
7.71,72,11000,86.0,68.0,68.0,183.0,241.5999999999999,60223.28395061727,1.0,0.7222222222222222,0.0
6.98,156,63448,86.0,68.0,68.0,170.0,1460.5,737140.9332675871,1.4231591811793463,0.7051282051282052,0.0
5.74,39,12805,86.0,68.0,68.0,170.0,1262.2000000000012,398606.7863247863,1.0328623591046198,0.6923076923076923,0.0
7.29,72,7061,68.0,68.0,68.0,68.0,86.0,30720.12017746914,0.5701578830331332,0.9305555555555556,0.0
3.0,12,816,68.0,68.0,68.0,68.0,68.0,0.0,1.0,1.0,0.0
9.03,64,4352,68.0,68.0,68.0,68.0,68.0,0.0,1.0,1.0,0.0
5.36,20,1360,68.0,68.0,68.0,68.0,68.0,0.0,1.0,1.0,0.0
9.64,92,20922,68.0,68.0,68.0,86.0,170.0,368112.6554820415,1.426301751130697,0.8260869565217391,0.0
6.38,136,57866,86.0,68.0,68.0,170.0,1579.5,808000.2644896194,0.8619602291009717,0.6911764705882353,0.0
9.24,63,24199,86.0,68.0,68.0,170.0,1144.4,682172.860670194,0.6865765263451352,0.7301587301587301,0.0
7.19,68,7697,68.0,68.0,68.0,68.0,86.0,55567.654628027696,1.0096605744125327,0.9411764705882353,0.0
7.26,16,1088,68.0,68.0,68.0,68.0,68.0,0.0,1.0,1.0,0.0
1.99,8,544,68.0,68.0,68.0,68.0,68.0,0.0,1.0,1.0,0.0
1.36,36,2448,68.0,68.0,68.0,68.0,68.0,0.0,1.0,1.0,0.0
9.38,32,2176,68.0,68.0,68.0,68.0,68.0,0.0,1.0,1.0,0.0
2.83,44,2992,68.0,68.0,68.0,68.0,68.0,0.0,1.0,1.0,0.0
3.19,51,27415,86.0,68.0,68.0,170.0,2849.0,1250452.4436755094,1.5507071082992185,0.6666666666666666,0.0
5.31,28,9430,68.0,68.0,68.0,86.0,170.0,872444.3112244896,0.8909163825947464,0.8571428571428571,0.0
1.05,112,43514,86.0,68.0,68.0,170.0,1699.9000000000005,573692.3925382653,1.3756073592837255,0.6696428571428571,0.0
2.52,28,6889,68.0,68.0,68.0,86.0,170.0,583444.3201530612,3.0619103773584904,0.8571428571428571,0.0
9.54,87,19649,68.0,68.0,68.0,86.0,170.0,315089.66732725577,1.1949285075960678,0.8160919540229885,0.0
4.18,20,1360,68.0,68.0,68.0,68.0,68.0,0.0,1.0,1.0,0.0
7.31,56,3808,68.0,68.0,68.0,68.0,68.0,0.0,1.0,1.0,0.0
4.27,20,1360,68.0,68.0,68.0,68.0,68.0,0.0,1.0,1.0,0.0
4.47,16,1088,68.0,68.0,68.0,68.0,68.0,0.0,1.0,1.0,0.0
7.53,93,22858,68.0,68.0,68.0,86.0,213.99999999999983,366212.23332177126,1.176123381568926,0.8064516129032258,0.0
2.79,12,816,68.0,68.0,68.0,68.0,68.0,0.0,1.0,1.0,0.0
9.39,152,52146,86.0,68.0,68.0,170.0,708.7000000000007,635427.0219875347,0.9643637459504256,0.7105263157894737,0.0
5.88,55,24329,86.0,68.0,68.0,170.0,1516.0,762831.3897520665,1.166236310212804,0.6727272727272727,0.0
1.09,36,2448,68.0,68.0,68.0,68.0,68.0,0.0,1.0,1.0,0.0
4.71,20,1360,68.0,68.0,68.0,68.0,68.0,0.0,1.0,1.0,0.0
7.43,56,3808,68.0,68.0,68.0,68.0,68.0,0.0,1.0,1.0,0.0
9.65,36,2448,68.0,68.0,68.0,68.0,68.0,0.0,1.0,1.0,0.0
9.42,91,27480,68.0,68.0,68.0,86.0,170.0,570349.1863301533,1.0416047548291234,0.8241758241758241,0.0
1.04,4,272,68.0,68.0,68.0,68.0,68.0,0.0,1.0,1.0,0.0
2.36,8,544,68.0,68.0,68.0,68.0,68.0,0.0,1.0,1.0,0.0
8.79,155,54487,86.0,68.0,68.0,170.0,1366.3999999999987,546190.1717377732,1.0300670640834575,0.7225806451612903,0.0
4.79,49,19997,86.0,68.0,68.0,170.0,1161.200000000002,709043.8875468554,0.8797706335777402,0.6530612244897959,0.0
8.9,60,4080,68.0,68.0,68.0,68.0,68.0,0.0,1.0,1.0,0.0
8.23,56,3808,68.0,68.0,68.0,68.0,68.0,0.0,1.0,1.0,0.0
6.0,24,1632,68.0,68.0,68.0,68.0,68.0,0.0,1.0,1.0,0.0
4.63,16,1088,68.0,68.0,68.0,68.0,68.0,0.0,1.0,1.0,0.0
3.25,36,2448,68.0,68.0,68.0,68.0,68.0,0.0,1.0,1.0,0.0
3.78,58,19023,86.0,68.0,68.0,170.0,971.7000000000004,431901.6376337693,0.7345673383787726,0.6896551724137931,0.0
8.69,136,40788,86.0,68.0,68.0,170.0,588.0,438134.13927335636,0.8177280627478943,0.7058823529411765,0.0
5.01,28,7056,68.0,68.0,68.0,86.0,170.0,524191.5,0.44264976487425883,0.8571428571428571,0.0
6.45,65,17176,86.0,68.0,68.0,170.0,489.0000000000003,309107.7547928994,0.8397600685518424,0.7384615384615385,0.0
6.76,44,2992,68.0,68.0,68.0,68.0,68.0,0.0,1.0,1.0,0.0
2.81,12,816,68.0,68.0,68.0,68.0,68.0,0.0,1.0,1.0,0.0
4.39,44,2992,68.0,68.0,68.0,68.0,68.0,0.0,1.0,1.0,0.0
6.69,28,1904,68.0,68.0,68.0,68.0,68.0,0.0,1.0,1.0,0.0
1.29,4,272,68.0,68.0,68.0,68.0,68.0,0.0,1.0,1.0,0.0
6.27,96,24763,68.0,68.0,68.0,86.0,355.5,354839.92437065975,0.7972855276527798,0.8125,0.0
9.78,44,16174,68.0,68.0,68.0,86.0,170.0,820515.9235537191,0.9913814331445456,0.8181818181818182,0.0
4.52,117,43528,86.0,68.0,68.0,170.0,1517.4000000000015,561602.3919935715,0.8719305035909345,0.717948717948718,0.0
6.32,48,21885,86.0,68.0,68.0,170.0,2003.8000000000009,765549.7669270834,1.382948606271777,0.6458333333333334,0.0
9.32,83,9102,68.0,68.0,68.0,68.0,86.0,56425.81390622738,1.6260819388343912,0.9156626506024096,0.0
8.22,51,3672,68.0,68.0,68.0,68.0,68.0,668.7058823529412,0.8620689655172413,0.9803921568627451,0.0
6.25,28,1904,68.0,68.0,68.0,68.0,68.0,0.0,1.0,1.0,0.0
7.52,48,3264,68.0,68.0,68.0,68.0,68.0,0.0,1.0,1.0,0.0
1.57,47,21790,86.0,68.0,68.0,170.0,1767.599999999999,952587.4277953827,1.0861656294877933,0.6595744680851063,0.0
4.12,12,816,68.0,68.0,68.0,68.0,68.0,0.0,1.0,1.0,0.0
7.12,134,40945,86.0,68.0,68.0,170.0,614.9000000000001,457232.1121073735,0.6392425334294178,0.7014925373134329,0.0
2.46,32,5373,68.0,68.0,68.0,72.5,161.6000000000002,200685.5224609375,2.402786573780874,0.875,0.0
4.31,48,21115,86.0,68.0,68.0,170.0,2126.6000000000017,805773.4266493054,1.5151876116736152,0.6666666666666666,0.0
2.82,40,2720,68.0,68.0,68.0,68.0,68.0,0.0,1.0,1.0,0.0
6.3,24,1632,68.0,68.0,68.0,68.0,68.0,0.0,1.0,1.0,0.0
4.2,16,1088,68.0,68.0,68.0,68.0,68.0,0.0,1.0,1.0,0.0
0.54,28,1904,68.0,68.0,68.0,68.0,68.0,0.0,1.0,1.0,0.0
6.55,28,1904,68.0,68.0,68.0,68.0,68.0,0.0,1.0,1.0,0.0
8.29,472,93102,86.0,68.0,68.0,222.0,516.0,40836.0561440678,1.5511590946456952,0.6377118644067796,0.0
6.43,328,91950,86.0,68.0,68.0,486.0,516.0,257744.4546029149,3.514656061275593,0.7103658536585366,0.0
4.14,340,92272,86.0,68.0,68.0,170.0,486.0,348271.4669204151,1.5739790225396117,0.7205882352941176,0.0
6.2,29,13206,86.0,68.0,68.0,170.0,1732.3999999999996,956426.0285374556,0.9130812690134724,0.7241379310344828,0.0
9.64,98,16176,68.0,68.0,68.0,68.0,170.0,170633.58808829656,1.193653376729048,0.8775510204081632,0.0
7.69,28,1904,68.0,68.0,68.0,68.0,68.0,0.0,1.0,1.0,0.0
6.86,48,3264,68.0,68.0,68.0,68.0,68.0,0.0,1.0,1.0,0.0
5.71,12,816,68.0,68.0,68.0,68.0,68.0,0.0,1.0,1.0,0.0
2.65,20,1360,68.0,68.0,68.0,68.0,68.0,0.0,1.0,1.0,0.0
5.49,89,21566,68.0,68.0,68.0,86.0,170.0,309194.6201237217,1.513226896632094,0.8202247191011236,0.0
2.03,4,272,68.0,68.0,68.0,68.0,68.0,0.0,1.0,1.0,0.0
1.06,8,544,68.0,68.0,68.0,68.0,68.0,0.0,1.0,1.0,0.0
5.38,132,55837,86.0,68.0,68.0,170.0,1471.3000000000002,685616.3560032139,1.2828815568911238,0.6666666666666666,0.0
2.12,28,6913,68.0,68.0,68.0,86.0,170.0,372474.23852040817,1.140247678018576,0.8571428571428571,0.0
6.58,68,23638,74.0,68.0,68.0,107.0,1317.2000000000012,605723.1185121108,0.9093699515347334,0.75,0.0
9.68,229,42580,86.0,68.0,68.0,222.0,516.0,39278.96569478079,2.559010364426613,0.6462882096069869,0.0
5.88,361,63700,86.0,68.0,68.0,222.0,222.0,78119.17311868386,1.973856209150327,0.7229916897506925,0.0
4.02,57,9980,68.0,68.0,68.0,86.0,486.0,31526.465989535245,4.435729847494553,0.7543859649122807,0.0
5.2,121,25772,68.0,68.0,68.0,86.0,170.0,363228.7354688888,0.9440295692841517,0.859504132231405,0.0
3.92,150,53136,86.0,68.0,68.0,170.0,791.0999999999993,659579.9024000001,1.000527088588532,0.7266666666666667,0.0
1.97,27,7309,68.0,68.0,68.0,86.0,170.0,523204.134430727,1.711053412462908,0.8518518518518519,0.0
0.15,13,4719,86.0,68.0,68.0,170.0,1330.000000000001,409810.1538461539,1.1786703601108033,0.6923076923076923,0.0
4.25,40,12510,86.0,68.0,68.0,170.0,904.900000000001,288400.3875,0.5434916718075262,0.675,0.0
4.1,49,3332,68.0,68.0,68.0,68.0,68.0,0.0,1.1304347826086956,1.0,0.0
0.38,3,204,68.0,68.0,68.0,68.0,68.0,0.0,0.0,1.0,0.0
1.8,4,272,68.0,68.0,68.0,68.0,68.0,0.0,1.0,1.0,0.0
2.75,12,816,68.0,68.0,68.0,68.0,68.0,0.0,1.0,1.0,0.0
6.58,60,4080,68.0,68.0,68.0,68.0,68.0,0.0,1.0,1.0,0.0
5.38,12,816,68.0,68.0,68.0,68.0,68.0,0.0,1.0,1.0,0.0
0.7,4,272,68.0,68.0,68.0,68.0,68.0,0.0,1.0,1.0,0.0
0.95,8,544,68.0,68.0,68.0,68.0,68.0,0.0,1.0,1.0,0.0
0.25,4,272,68.0,68.0,68.0,68.0,68.0,0.0,1.0,1.0,0.0
9.1,234,58774,86.0,68.0,68.0,486.0,516.0,176700.65454014167,1.7001424174208664,0.6752136752136753,0.0
4.65,134,51896,86.0,68.0,68.0,170.0,1191.8000000000004,559899.1285364223,0.8255241311383144,0.6417910447761194,0.0
8.61,92,31171,68.0,68.0,68.0,86.0,435.5000000000017,683415.694116257,1.1940592665587386,0.782608695652174,0.0
6.08,40,2720,68.0,68.0,68.0,68.0,68.0,0.0,1.0,1.0,0.0
3.06,20,1360,68.0,68.0,68.0,68.0,68.0,0.0,1.0,1.0,0.0
3.74,12,816,68.0,68.0,68.0,68.0,68.0,0.0,1.0,1.0,0.0
9.81,64,4352,68.0,68.0,68.0,68.0,68.0,0.0,1.0,1.0,0.0
5.94,20,1360,68.0,68.0,68.0,68.0,68.0,0.0,1.0,1.0,0.0
8.29,109,27814,68.0,68.0,68.0,86.0,170.0,444967.4650281963,1.3517375496744737,0.7798165137614679,0.0
7.63,130,51434,86.0,68.0,68.0,170.0,1328.2000000000025,696550.4440236685,1.0495716278143057,0.6923076923076923,0.0
0.06,4,272,68.0,68.0,68.0,68.0,68.0,0.0,1.0,1.0,0.0
3.01,31,8967,68.0,68.0,68.0,77.0,170.0,682744.514047867,1.394392523364486,0.8709677419354839,0.0
6.73,82,17429,68.0,68.0,68.0,86.0,170.0,234501.71103509824,1.6596978483137494,0.8048780487804879,0.0
5.88,35,3626,68.0,68.0,68.0,68.0,167.6000000000002,10851.382857142855,0.3914044512663085,0.8857142857142857,0.0
1.67,51,11782,86.0,68.0,77.0,486.0,486.0,39147.98000768935,7.308885754583921,0.6274509803921569,0.0
9.17,32,2176,68.0,68.0,68.0,68.0,68.0,0.0,1.0,1.0,0.0
5.43,48,3264,68.0,68.0,68.0,68.0,68.0,0.0,1.0,1.0,0.0
9.09,104,15091,68.0,68.0,68.0,86.0,170.0,84760.20996671596,0.8055754965302704,0.8461538461538461,0.0
3.64,17,5390,80.0,68.0,68.0,86.0,872.4000000000007,398802.4083044983,1.0572519083969465,0.7647058823529411,0.0
5.58,139,54485,86.0,68.0,68.0,170.0,1379.0000000000007,711390.1506133223,1.1088790834494504,0.7050359712230215,0.0
9.42,97,22085,68.0,68.0,68.0,86.0,170.0,338746.3205441599,0.6582820243279772,0.8247422680412371,0.0
3.59,20,1360,68.0,68.0,68.0,68.0,68.0,0.0,1.0,1.0,0.0
9.85,56,3808,68.0,68.0,68.0,68.0,68.0,0.0,1.0,1.0,0.0
1.12,16,1088,68.0,68.0,68.0,68.0,68.0,0.0,1.0,1.0,0.0
8.74,24,1632,68.0,68.0,68.0,68.0,68.0,0.0,1.0,1.0,0.0
1.34,36,2448,68.0,68.0,68.0,68.0,68.0,0.0,1.0,1.0,0.0
1.03,48,20752,86.0,68.0,68.0,170.0,1439.4000000000012,749314.4722222224,0.7463603467137928,0.6666666666666666,0.0
2.47,51,7092,86.0,68.0,68.0,222.0,222.0,9357.231833910037,2.748414376321353,0.6470588235294118,0.0
2.6,8,544,68.0,68.0,68.0,68.0,68.0,0.0,1.0,1.0,0.0
7.07,138,67177,86.0,68.0,68.0,170.0,2103.8,995066.0355492545,0.8230345463920323,0.6594202898550725,0.0
9.22,110,30162,68.0,68.0,68.0,86.0,170.0,513063.4872727273,0.8778483376914457,0.8454545454545455,0.0
8.45,32,2176,68.0,68.0,68.0,68.0,68.0,0.0,1.0,1.0,0.0
3.72,44,2992,68.0,68.0,68.0,68.0,68.0,0.0,1.0,1.0,0.0
7.29,32,2176,68.0,68.0,68.0,68.0,68.0,0.0,1.0,1.0,0.0
0.43,4,272,68.0,68.0,68.0,68.0,68.0,0.0,1.0,1.0,0.0
8.98,99,25690,68.0,68.0,68.0,86.0,420.60000000000156,365393.44189368444,1.2310030395136777,0.8080808080808081,0.0
1.29,8,544,68.0,68.0,68.0,68.0,68.0,0.0,1.0,1.0,0.0
9.22,163,58206,86.0,68.0,68.0,170.0,1310.0000000000025,609795.4945989688,0.8419620253164557,0.7300613496932515,0.0
4.51,54,23081,86.0,68.0,68.0,170.0,1461.1000000000006,707313.1334019204,1.0713452391636005,0.6851851851851852,0.0
0.61,4,272,68.0,68.0,68.0,68.0,68.0,0.0,1.0,1.0,0.0
1.26,36,2448,68.0,68.0,68.0,68.0,68.0,0.0,1.0,1.0,0.0
6.3,47,7120,68.0,68.0,68.0,86.0,486.0,26549.356269805325,4.510835913312693,0.8085106382978723,0.0
3.71,8,544,68.0,68.0,68.0,68.0,68.0,0.0,1.0,1.0,0.0
2.27,24,1632,68.0,68.0,68.0,68.0,68.0,0.0,1.0,1.0,0.0
1.01,4,272,68.0,68.0,68.0,68.0,68.0,0.0,1.0,1.0,0.0
1.12,4,272,68.0,68.0,68.0,68.0,68.0,0.0,1.0,1.0,0.0
4.92,40,2720,68.0,68.0,68.0,68.0,68.0,0.0,1.0,1.0,0.0
8.63,105,17506,68.0,68.0,68.0,86.0,170.0,124279.32371882087,1.1340972814823844,0.8380952380952381,0.0
7.76,118,49257,86.0,68.0,68.0,170.0,1362.5999999999997,747146.7369290432,1.3648278841999135,0.6610169491525424,0.0
9.68,89,23102,68.0,68.0,68.0,86.0,170.0,420763.3907334932,0.8143406895468468,0.7865168539325843,0.0
0.52,4,272,68.0,68.0,68.0,68.0,68.0,0.0,1.0,1.0,0.0
8.55,56,3808,68.0,68.0,68.0,68.0,68.0,0.0,1.0,1.0,0.0
3.1,12,816,68.0,68.0,68.0,68.0,68.0,0.0,1.0,1.0,0.0
6.93,60,4080,68.0,68.0,68.0,68.0,68.0,0.0,1.0,1.0,0.0
6.88,16,1088,68.0,68.0,68.0,68.0,68.0,0.0,1.0,1.0,0.0
7.84,98,20003,68.0,68.0,68.0,86.0,170.0,278217.87515618495,0.5012758931251876,0.8367346938775511,0.0
6.94,15,1456,68.0,68.0,68.0,68.0,78.8,10824.995555555552,0.4857142857142857,0.9333333333333333,0.0
2.88,128,47733,86.0,68.0,68.0,170.0,1434.0999999999997,603146.2660522461,1.4243486210574432,0.671875,0.0
9.95,81,29582,86.0,68.0,68.0,170.0,927.0,659326.9312604787,0.9816452304394426,0.7160493827160493,0.0
3.13,40,2720,68.0,68.0,68.0,68.0,68.0,0.0,1.0,1.0,0.0
2.46,20,1360,68.0,68.0,68.0,68.0,68.0,0.0,1.0,1.0,0.0
5.33,20,1360,68.0,68.0,68.0,68.0,68.0,0.0,1.0,1.0,0.0
5.5,56,3808,68.0,68.0,68.0,68.0,68.0,0.0,1.0,1.0,0.0
2.32,12,816,68.0,68.0,68.0,68.0,68.0,0.0,1.0,1.0,0.0
6.43,92,24914,68.0,68.0,68.0,86.0,406.7000000000015,451756.1138941399,1.1117138498050516,0.8043478260869565,0.0
1.77,4,272,68.0,68.0,68.0,68.0,68.0,0.0,1.0,1.0,0.0
6.54,136,52359,86.0,68.0,68.0,170.0,1064.0,667560.0072988755,1.140596892886345,0.6985294117647058,0.0
1.5,28,5266,68.0,68.0,68.0,86.0,170.0,211245.49489795923,1.9971542401821287,0.8571428571428571,0.0
3.69,35,14313,86.0,68.0,68.0,170.0,1399.0000000000011,647953.8824489797,1.527458944022603,0.6571428571428571,0.0
1.16,16,7275,77.0,68.0,68.0,107.0,1334.0,978245.58984375,0.7475378332932981,0.75,0.0
1.32,36,2448,68.0,68.0,68.0,68.0,68.0,0.0,1.0,1.0,0.0
5.41,24,1632,68.0,68.0,68.0,68.0,68.0,0.0,1.0,1.0,0.0
9.17,68,4624,68.0,68.0,68.0,68.0,68.0,0.0,1.0,1.0,0.0
3.8,4,272,68.0,68.0,68.0,68.0,68.0,0.0,1.0,1.0,0.0
3.64,12,816,68.0,68.0,68.0,68.0,68.0,0.0,1.0,1.0,0.0
4.18,44,2992,68.0,68.0,68.0,68.0,68.0,0.0,1.0,1.0,0.0
3.82,53,20933,86.0,68.0,68.0,170.0,812.8000000000025,812015.8853684589,1.0131756106943643,0.6981132075471698,0.0
4.32,16,1088,68.0,68.0,68.0,68.0,68.0,0.0,1.0,1.0,0.0
9.8,148,65370,86.0,68.0,68.0,170.0,1708.3000000000072,866903.5790723155,0.8040568511108045,0.6959459459459459,0.0
2.93,35,8564,86.0,68.0,68.0,170.0,409.8000000000002,296368.9583673469,1.5834087481146304,0.6571428571428571,0.0
1.72,15,6900,86.0,68.0,68.0,170.0,1496.8,624625.6,0.9546742209631728,0.6666666666666666,0.0
8.16,56,3808,68.0,68.0,68.0,68.0,68.0,0.0,1.0,1.0,0.0
0.15,4,272,68.0,68.0,68.0,68.0,68.0,0.0,1.0,1.0,0.0
0.23,4,272,68.0,68.0,68.0,68.0,68.0,0.0,1.0,1.0,0.0
8.34,64,4352,68.0,68.0,68.0,68.0,68.0,0.0,1.0,1.0,0.0
2.4,4,272,68.0,68.0,68.0,68.0,68.0,0.0,1.0,1.0,0.0
8.51,56,3808,68.0,68.0,68.0,68.0,68.0,0.0,1.0,1.0,0.0
4.43,55,22501,86.0,68.0,68.0,170.0,1306.8000000000004,793644.6426446281,1.5293390287769784,0.7090909090909091,0.0
2.98,12,816,68.0,68.0,68.0,68.0,68.0,0.0,1.0,1.0,0.0
3.84,122,55083,86.0,68.0,68.0,170.0,2140.8000000000025,883550.6762295082,1.109570679024166,0.6721311475409836,0.0
4.69,28,5519,68.0,68.0,68.0,86.0,170.0,229668.80994897962,0.5476724621424566,0.8571428571428571,0.0
5.22,54,22641,86.0,68.0,68.0,170.0,1047.8000000000002,728700.0524691357,1.005580653733723,0.6666666666666666,0.0
6.08,56,3808,68.0,68.0,68.0,68.0,68.0,0.0,1.0,1.0,0.0
2.65,12,816,68.0,68.0,68.0,68.0,68.0,0.0,1.0,1.0,0.0
9.16,64,4352,68.0,68.0,68.0,68.0,68.0,0.0,1.0,1.0,0.0
5.39,20,1360,68.0,68.0,68.0,68.0,68.0,0.0,1.0,1.0,0.0
7.67,87,26584,68.0,68.0,68.0,86.0,170.0,629046.337957458,0.7290406504065041,0.8160919540229885,0.0
5.85,41,12684,68.0,68.0,68.0,86.0,170.0,544546.6710291493,1.4072879104194345,0.8048780487804879,0.0
4.35,111,43395,86.0,68.0,68.0,170.0,998.0,749330.0871682499,0.9073886862115951,0.7117117117117117,0.0
4.14,24,10122,86.0,68.0,68.0,170.0,1195.8999999999992,787254.6875,1.5147826086956522,0.6666666666666666,0.0
9.56,95,15335,68.0,68.0,68.0,86.0,170.0,163438.87534626032,0.9766692446506832,0.8631578947368421,0.0
3.19,4,272,68.0,68.0,68.0,68.0,68.0,0.0,1.0,1.0,0.0
1.71,8,544,68.0,68.0,68.0,68.0,68.0,0.0,1.0,1.0,0.0
7.71,52,3536,68.0,68.0,68.0,68.0,68.0,0.0,1.0,1.0,0.0
2.3,16,1088,68.0,68.0,68.0,68.0,68.0,0.0,1.0,1.0,0.0
8.57,56,3808,68.0,68.0,68.0,68.0,68.0,0.0,1.0,1.0,0.0
3.75,62,33173,86.0,68.0,68.0,170.0,1516.0,1094029.0460457855,0.8470489977728285,0.6774193548387096,0.0
7.06,139,44380,86.0,68.0,68.0,170.0,853.6,511033.10832772637,0.7606918987542649,0.7122302158273381,0.0
6.24,40,11090,68.0,68.0,68.0,86.0,210.90000000000057,507854.1875,2.3114362496267544,0.8,0.0
0.26,11,3023,86.0,68.0,77.0,170.0,821.0,151919.78512396698,1.3271747498075444,0.6363636363636364,0.0
6.0,64,8299,68.0,68.0,68.0,72.5,170.0,61309.345458984375,0.8759041591320073,0.875,0.0
2.28,20,1360,68.0,68.0,68.0,68.0,68.0,0.0,1.0,1.0,0.0
9.54,56,3808,68.0,68.0,68.0,68.0,68.0,0.0,1.0,1.0,0.0
3.94,20,1360,68.0,68.0,68.0,68.0,68.0,0.0,1.0,1.0,0.0
9.47,68,11931,68.0,68.0,68.0,68.0,86.0,354343.89511245675,1.093157894736842,0.9411764705882353,0.0
2.72,43,16647,86.0,68.0,68.0,170.0,1457.4000000000012,479472.5851811791,1.0025261638397691,0.6511627906976745,0.0
6.25,122,45933,86.0,68.0,68.0,170.0,1127.5000000000027,709157.9221311476,1.1741373597765892,0.7049180327868853,0.0
6.11,47,12025,68.0,68.0,68.0,86.0,225.19999999999982,311538.3395201448,0.4415008391273076,0.8085106382978723,0.0
0.19,12,5046,86.0,68.0,68.0,170.0,231.20000000000002,1073215.4166666667,6.0474860335195535,0.6666666666666666,0.0
6.96,78,17736,68.0,68.0,68.0,86.0,170.0,369696.1597633137,1.1350668111231492,0.8461538461538461,0.0
1.05,16,1088,68.0,68.0,68.0,68.0,68.0,0.0,1.0,1.0,0.0
3.61,4,272,68.0,68.0,68.0,68.0,68.0,0.0,1.0,1.0,0.0
7.01,56,3808,68.0,68.0,68.0,68.0,68.0,0.0,1.0,1.0,0.0
0.45,16,1088,68.0,68.0,68.0,68.0,68.0,0.0,1.0,1.0,0.0
1.81,4,272,68.0,68.0,68.0,68.0,68.0,0.0,1.0,1.0,0.0
1.77,8,544,68.0,68.0,68.0,68.0,68.0,0.0,1.0,1.0,0.0
7.45,72,13413,68.0,68.0,68.0,68.0,170.0,206728.56770833334,1.184527687296417,0.875,0.0
5.04,31,11354,86.0,68.0,68.0,170.0,1258.0,526544.9656607701,1.115915020499441,0.7096774193548387,0.0
7.88,139,55959,86.0,68.0,68.0,170.0,1055.0000000000018,764343.207183893,1.030663715208477,0.7050359712230215,0.0
2.28,29,5586,68.0,68.0,68.0,86.0,217.99999999999983,134210.23543400716,0.2513440860215054,0.7931034482758621,0.0
6.35,66,21120,83.0,68.0,68.0,95.75,862.5,510707.6666666667,1.3701043653910896,0.7575757575757576,0.0
1.16,24,1632,68.0,68.0,68.0,68.0,68.0,0.0,1.0,1.0,0.0
7.18,28,1904,68.0,68.0,68.0,68.0,68.0,0.0,1.0,1.0,0.0
8.36,64,4352,68.0,68.0,68.0,68.0,68.0,0.0,1.0,1.0,0.0
4.4,8,544,68.0,68.0,68.0,68.0,68.0,0.0,1.0,1.0,0.0
8.22,52,3536,68.0,68.0,68.0,68.0,68.0,0.0,1.0,1.0,0.0
9.72,74,20879,68.0,68.0,68.0,86.0,1299.6000000000013,269223.34276844404,0.9617589025650662,0.7567567567567568,0.0
2.86,120,49819,86.0,68.0,68.0,170.0,1610.300000000004,657690.233263889,0.9217327572905416,0.6666666666666666,0.0
4.67,28,8819,68.0,68.0,68.0,86.0,170.0,743093.2487244898,1.2423086702262904,0.8571428571428571,0.0
3.53,38,16567,86.0,68.0,68.0,170.0,1583.8000000000018,798998.2361495845,0.6298081652729955,0.6842105263157895,0.0
0.37,12,6962,86.0,68.0,68.0,170.0,2026.7000000000007,1274048.138888889,0.637732298282757,0.6666666666666666,0.0
2.6,40,2720,68.0,68.0,68.0,68.0,68.0,0.0,1.0,1.0,0.0
9.72,36,2448,68.0,68.0,68.0,68.0,68.0,0.0,1.0,1.0,0.0
0.62,4,272,68.0,68.0,68.0,68.0,68.0,0.0,1.0,1.0,0.0
3.65,40,2720,68.0,68.0,68.0,68.0,68.0,0.0,1.0,1.0,0.0
1.62,16,1088,68.0,68.0,68.0,68.0,68.0,0.0,1.0,1.0,0.0
4.1,15,1020,68.0,68.0,68.0,68.0,68.0,0.0,1.1428571428571428,1.0,0.0
1.47,5,340,68.0,68.0,68.0,68.0,68.0,0.0,0.6666666666666666,1.0,0.0
6.94,86,24412,68.0,68.0,68.0,86.0,170.0,473641.5619253651,1.5410638076402623,0.813953488372093,0.0
6.35,121,51826,86.0,68.0,68.0,170.0,1779.0,894263.7360836008,0.6061610933771345,0.7024793388429752,0.0
8.69,52,23500,68.0,68.0,68.0,86.0,1711.6999999999975,1124353.6094674552,0.7294671769208125,0.7692307692307693,0.0
5.96,75,14940,68.0,68.0,68.0,86.0,170.0,177755.8133333333,0.5742887249736565,0.8266666666666667,0.0
3.94,20,1360,68.0,68.0,68.0,68.0,68.0,0.0,1.0,1.0,0.0
8.15,56,3808,68.0,68.0,68.0,68.0,68.0,0.0,1.0,1.0,0.0
6.14,24,1632,68.0,68.0,68.0,68.0,68.0,0.0,1.0,1.0,0.0
9.82,103,25028,68.0,68.0,68.0,86.0,170.0,338181.1164105948,0.8363783109545821,0.8252427184466019,0.0
7.16,16,1088,68.0,68.0,68.0,68.0,68.0,0.0,1.0,1.0,0.0
0.77,16,6273,77.0,68.0,68.0,107.0,909.0,745030.05859375,1.773209549071618,0.75,0.0
5.22,138,49591,86.0,68.0,68.0,170.0,1060.8,570928.9536336905,0.7509709766259445,0.6884057971014492,0.0
3.16,37,20439,86.0,68.0,68.0,170.0,2531.3999999999987,1045954.7275383492,0.8694777279795116,0.6486486486486487,0.0
8.56,72,6813,68.0,68.0,68.0,68.0,84.19999999999997,19494.678819444445,0.8851687880464859,0.9444444444444444,0.0
6.97,56,3808,68.0,68.0,68.0,68.0,68.0,0.0,1.0,1.0,0.0
7.1,28,1904,68.0,68.0,68.0,68.0,68.0,0.0,1.0,1.0,0.0
5.34,48,3264,68.0,68.0,68.0,68.0,68.0,0.0,1.0,1.0,0.0
9.35,65,27561,80.0,68.0,68.0,86.0,1930.6000000000006,892999.6459171597,1.6106848536516056,0.7538461538461538,0.0
6.44,142,53232,86.0,68.0,68.0,170.0,658.7000000000024,789567.4346359848,0.9166126593216678,0.7183098591549296,0.0
2.74,12,5527,86.0,68.0,68.0,170.0,375.2000000000001,1261047.4097222225,5.309360730593608,0.6666666666666666,0.0
7.79,85,23588,68.0,68.0,68.0,86.0,170.0,530227.1205536332,1.7714722124309716,0.8117647058823529,0.0
0.85,16,1088,68.0,68.0,68.0,68.0,68.0,0.0,1.0,1.0,0.0
7.87,16,1088,68.0,68.0,68.0,68.0,68.0,0.0,1.0,1.0,0.0
5.22,44,2992,68.0,68.0,68.0,68.0,68.0,0.0,1.0,1.0,0.0
0.83,16,1088,68.0,68.0,68.0,68.0,68.0,0.0,1.0,1.0,0.0
2.04,4,272,68.0,68.0,68.0,68.0,68.0,0.0,1.0,1.0,0.0
6.3,24,1632,68.0,68.0,68.0,68.0,68.0,0.0,1.0,1.0,0.0
9.11,87,28660,68.0,68.0,68.0,86.0,170.0,662659.2559122737,0.9947104677060133,0.8160919540229885,0.0
1.67,8,544,68.0,68.0,68.0,68.0,68.0,0.0,1.0,1.0,0.0
1.73,29,12113,86.0,68.0,68.0,170.0,947.9999999999995,851923.4554102259,0.8481843149221849,0.6896551724137931,0.0
2.17,101,44119,86.0,68.0,68.0,170.0,1559.0,838895.671208705,0.8169425912198336,0.6831683168316832,0.0
7.14,54,20490,68.0,68.0,68.0,149.0,1417.6000000000008,630892.2469135803,1.2516483516483516,0.7407407407407407,0.0
7.23,66,15622,68.0,68.0,68.0,84.5,170.0,429058.6960514234,1.0633998150838726,0.8636363636363636,0.0
2.64,20,1360,68.0,68.0,68.0,68.0,68.0,0.0,1.0,1.0,0.0
0.96,4,272,68.0,68.0,68.0,68.0,68.0,0.0,1.0,1.0,0.0
8.39,52,3536,68.0,68.0,68.0,68.0,68.0,0.0,1.0,1.0,0.0
6.85,28,1904,68.0,68.0,68.0,68.0,68.0,0.0,1.0,1.0,0.0
0.37,4,272,68.0,68.0,68.0,68.0,68.0,0.0,1.0,1.0,0.0
2.14,12,816,68.0,68.0,68.0,68.0,68.0,0.0,1.0,1.0,0.0
3.02,32,2176,68.0,68.0,68.0,68.0,68.0,0.0,1.0,1.0,0.0
2.91,52,23417,86.0,68.0,68.0,170.0,1549.6999999999998,884869.7969674557,1.202709058414072,0.6923076923076923,0.0
1.85,8,544,68.0,68.0,68.0,68.0,68.0,0.0,1.0,1.0,0.0
0.48,4,272,68.0,68.0,68.0,68.0,68.0,0.0,1.0,1.0,0.0
8.77,151,56883,86.0,68.0,68.0,170.0,1277.0,651515.5574755493,0.7822163737193345,0.7086092715231788,0.0
0.1,12,7668,86.0,68.0,68.0,170.0,2687.300000000001,1502845.1666666667,0.815770779067014,0.6666666666666666,0.0
1.34,23,9375,86.0,68.0,77.0,170.0,1393.0000000000005,454945.8034026465,1.370417193426043,0.6086956521739131,0.0
8.16,78,12266,68.0,68.0,68.0,68.0,86.0,159318.959894806,0.8862063662924804,0.9230769230769231,0.0
4.84,16,1088,68.0,68.0,68.0,68.0,68.0,0.0,1.0,1.0,0.0
0.16,4,272,68.0,68.0,68.0,68.0,68.0,0.0,1.0,1.0,0.0
0.71,36,2448,68.0,68.0,68.0,68.0,68.0,0.0,1.0,1.0,0.0
5.59,24,1632,68.0,68.0,68.0,68.0,68.0,0.0,1.0,1.0,0.0
8.99,99,20364,68.0,68.0,68.0,86.0,170.0,259305.2819100092,1.5041810132808657,0.8383838383838383,0.0
3.67,4,272,68.0,68.0,68.0,68.0,68.0,0.0,1.0,1.0,0.0
7.55,137,58689,86.0,68.0,68.0,170.0,1405.6000000000006,891474.4269806597,1.1145379210952981,0.7007299270072993,0.0
0.18,8,544,68.0,68.0,68.0,68.0,68.0,0.0,1.0,1.0,0.0
9.0,69,27853,86.0,68.0,68.0,170.0,1565.2000000000007,786778.8309178746,0.7939585211902614,0.6956521739130435,0.0
9.39,60,4080,68.0,68.0,68.0,68.0,68.0,0.0,1.0,1.0,0.0
7.87,56,3808,68.0,68.0,68.0,68.0,68.0,0.0,1.0,1.0,0.0
6.15,24,1632,68.0,68.0,68.0,68.0,68.0,0.0,1.0,1.0,0.0
0.85,4,272,68.0,68.0,68.0,68.0,68.0,0.0,1.0,1.0,0.0
5.84,60,4384,68.0,68.0,68.0,68.0,86.0,220.19555555555556,1.0,0.9333333333333333,0.0
1.99,52,21143,86.0,68.0,68.0,170.0,1305.099999999999,747186.8176775147,1.1123988410430612,0.6923076923076923,0.0
1.53,8,544,68.0,68.0,68.0,68.0,68.0,0.0,1.0,1.0,0.0
1.36,4,272,68.0,68.0,68.0,68.0,68.0,0.0,1.0,1.0,0.0
1.81,26,7814,86.0,68.0,68.0,170.0,774.5,331838.4023668639,0.6950108459869848,0.6923076923076923,0.0
5.34,129,49265,86.0,68.0,68.0,170.0,1231.6000000000022,647054.1061234301,1.3761636039164618,0.7131782945736435,0.0
5.21,57,19760,86.0,68.0,68.0,170.0,1012.9999999999998,537354.3274853802,0.6620405416771806,0.7017543859649122,0.0
9.92,60,4080,68.0,68.0,68.0,68.0,68.0,0.0,1.0,1.0,0.0
3.99,16,1088,68.0,68.0,68.0,68.0,68.0,0.0,1.0,1.0,0.0
7.13,56,3808,68.0,68.0,68.0,68.0,68.0,0.0,1.0,1.0,0.0
3.17,12,816,68.0,68.0,68.0,68.0,68.0,0.0,1.0,1.0,0.0
0.24,4,272,68.0,68.0,68.0,68.0,68.0,0.0,1.0,1.0,0.0
5.32,91,26488,68.0,68.0,68.0,86.0,1149.0,408231.21386305994,1.050313491756328,0.8021978021978022,0.0
8.73,32,6161,68.0,68.0,68.0,72.5,161.6000000000002,211024.9990234375,0.7612921669525443,0.875,0.0
3.15,107,49249,86.0,68.0,68.0,170.0,1711.8000000000013,892415.5433662329,1.3264679484151354,0.6635514018691588,0.0
7.92,61,22363,86.0,68.0,68.0,170.0,1736.0,599194.9271701154,0.8916427000507529,0.7377049180327869,0.0
2.63,32,2801,68.0,68.0,68.0,72.5,121.10000000000008,3075.3115234375,1.1831644583008574,0.875,0.0
1.75,20,1360,68.0,68.0,68.0,68.0,68.0,0.0,1.0,1.0,0.0
7.02,28,1904,68.0,68.0,68.0,68.0,68.0,0.0,1.0,1.0,0.0
1.33,4,272,68.0,68.0,68.0,68.0,68.0,0.0,1.0,1.0,0.0
1.54,8,544,68.0,68.0,68.0,68.0,68.0,0.0,1.0,1.0,0.0
8.46,56,3808,68.0,68.0,68.0,68.0,68.0,0.0,1.0,1.0,0.0
2.87,12,816,68.0,68.0,68.0,68.0,68.0,0.0,1.0,1.0,0.0
0.94,8,544,68.0,68.0,68.0,68.0,68.0,0.0,1.0,1.0,0.0
6.78,94,28085,68.0,68.0,68.0,86.0,606.8000000000018,539642.9607288365,1.6742525233288896,0.8085106382978723,0.0
1.0,4,272,68.0,68.0,68.0,68.0,68.0,0.0,1.0,1.0,0.0
7.34,133,59010,86.0,68.0,68.0,170.0,2044.1999999999996,805962.080728136,0.8819964917875937,0.6992481203007519,0.0
1.32,33,6705,68.0,68.0,68.0,86.0,170.0,152788.3305785124,0.6036833293470462,0.8181818181818182,0.0
3.63,37,18194,86.0,68.0,68.0,170.0,1992.3999999999996,919358.3593864137,0.5167986661108795,0.6486486486486487,0.0
3.86,52,6406,68.0,68.0,68.0,68.0,86.0,89671.8860946746,1.7190152801358234,0.9230769230769231,0.0
6.4,25,1700,68.0,68.0,68.0,68.0,68.0,0.0,1.0833333333333333,1.0,0.0
2.85,11,748,68.0,68.0,68.0,68.0,68.0,0.0,0.8333333333333334,1.0,0.0
8.92,60,4080,68.0,68.0,68.0,68.0,68.0,0.0,1.0,1.0,0.0
0.4,4,272,68.0,68.0,68.0,68.0,68.0,0.0,1.0,1.0,0.0
0.1,4,272,68.0,68.0,68.0,68.0,68.0,0.0,1.0,1.0,0.0
8.96,95,26688,68.0,68.0,68.0,86.0,170.0,571464.9103601107,1.575813145449281,0.8315789473684211,0.0
0.27,3,204,68.0,68.0,68.0,68.0,68.0,0.0,0.5,1.0,0.0
4.66,29,5578,68.0,68.0,68.0,86.0,326.1999999999995,118083.53626634958,0.6305173925752704,0.8275862068965517,0.0
2.48,109,40208,86.0,68.0,68.0,170.0,1113.200000000001,532907.9582526723,0.9408215475213593,0.6605504587155964,0.0
8.28,64,23270,77.0,68.0,68.0,107.0,947.7000000000015,658446.0537109375,1.0369397759103642,0.75,0.0
3.49,52,6928,68.0,68.0,68.0,68.0,86.0,92354.83136094673,0.8548862115127175,0.9230769230769231,0.0
5.83,24,1632,68.0,68.0,68.0,68.0,68.0,0.0,1.0,1.0,0.0
8.6,56,3808,68.0,68.0,68.0,68.0,68.0,0.0,1.0,1.0,0.0
0.68,12,816,68.0,68.0,68.0,68.0,68.0,0.0,1.0,1.0,0.0
5.49,12,816,68.0,68.0,68.0,68.0,68.0,0.0,1.0,1.0,0.0
9.84,98,20545,68.0,68.0,68.0,86.0,170.0,267734.90306122444,1.5642785821268097,0.8367346938775511,0.0
7.39,138,59952,86.0,68.0,68.0,170.0,1810.6,823623.6950220544,0.7513437719093246,0.6956521739130435,0.0
7.2,50,19688,86.0,68.0,68.0,170.0,1041.7000000000007,756672.1824,0.436451189260178,0.72,0.0
4.01,34,14651,80.0,68.0,68.0,86.0,806.2999999999993,1055765.256920415,1.818041931140604,0.7647058823529411,0.0
4.8,48,3264,68.0,68.0,68.0,68.0,68.0,0.0,1.0,1.0,0.0
1.81,4,272,68.0,68.0,68.0,68.0,68.0,0.0,1.0,1.0,0.0
0.24,4,272,68.0,68.0,68.0,68.0,68.0,0.0,1.0,1.0,0.0
1.25,8,544,68.0,68.0,68.0,68.0,68.0,0.0,1.0,1.0,0.0
1.89,8,544,68.0,68.0,68.0,68.0,68.0,0.0,1.0,1.0,0.0
4.66,52,3536,68.0,68.0,68.0,68.0,68.0,0.0,1.0,1.0,0.0
1.05,4,272,68.0,68.0,68.0,68.0,68.0,0.0,1.0,1.0,0.0
2.09,8,544,68.0,68.0,68.0,68.0,68.0,0.0,1.0,1.0,0.0
7.85,95,30953,68.0,68.0,68.0,86.0,170.0,703072.7785041553,1.5583106041821637,0.8210526315789474,0.0
4.38,8,544,68.0,68.0,68.0,68.0,68.0,0.0,1.0,1.0,0.0
7.36,136,55699,86.0,68.0,68.0,170.0,1286.5,732779.6149978375,0.9606110739554367,0.6985294117647058,0.0
4.79,30,8994,68.0,68.0,68.0,84.5,170.0,719191.7599999999,1.4526861194436869,0.8666666666666667,0.0
1.8,24,4855,86.0,68.0,68.0,170.0,523.9999999999999,67693.87326388889,0.6770293609671848,0.6666666666666666,0.0
3.27,27,7340,86.0,68.0,68.0,170.0,559.2000000000007,318440.5706447189,0.4197292069632495,0.6666666666666666,0.0
8.13,56,3808,68.0,68.0,68.0,68.0,68.0,0.0,1.0,1.0,0.0
7.77,56,3808,68.0,68.0,68.0,68.0,68.0,0.0,1.0,1.0,0.0
1.37,20,1360,68.0,68.0,68.0,68.0,68.0,0.0,1.0,1.0,0.0
1.66,8,544,68.0,68.0,68.0,68.0,68.0,0.0,1.0,1.0,0.0
8.4,94,25290,68.0,68.0,68.0,86.0,170.0,482154.57265731104,0.7484789823008849,0.8191489361702128,0.0
3.54,4,272,68.0,68.0,68.0,68.0,68.0,0.0,1.0,1.0,0.0
0.23,4,272,68.0,68.0,68.0,68.0,68.0,0.0,1.0,1.0,0.0
1.93,8,544,68.0,68.0,68.0,68.0,68.0,0.0,1.0,1.0,0.0
2.26,104,40763,86.0,68.0,68.0,170.0,1057.8,678722.411150148,0.6187356047970772,0.6923076923076923,0.0
8.61,65,14333,80.0,68.0,68.0,86.0,238.40000000000015,326737.2653254438,2.295700160956542,0.7538461538461538,0.0
0.48,11,3866,86.0,68.0,77.0,170.0,1193.0,304727.8842975206,1.3135846798324358,0.6363636363636364,0.0
8.87,79,14335,68.0,68.0,68.0,68.0,102.80000000000024,266840.72904983175,0.8518279292081127,0.8987341772151899,0.0
7.73,16,1088,68.0,68.0,68.0,68.0,68.0,0.0,1.0,1.0,0.0
3.12,44,2992,68.0,68.0,68.0,68.0,68.0,0.0,1.0,1.0,0.0
7.1,28,1904,68.0,68.0,68.0,68.0,68.0,0.0,1.0,1.0,0.0
6.82,48,3264,68.0,68.0,68.0,68.0,68.0,0.0,1.0,1.0,0.0
4.36,52,21066,86.0,68.0,68.0,170.0,2084.999999999998,616934.1789940827,0.9385294929603386,0.6923076923076923,0.0
3.97,12,816,68.0,68.0,68.0,68.0,68.0,0.0,1.0,1.0,0.0
4.65,126,55929,86.0,68.0,68.0,170.0,1525.5,840588.6921768707,0.9319838336384676,0.6825396825396826,0.0
4.64,27,4782,68.0,68.0,68.0,86.0,305.6000000000007,96363.28395061727,0.6052366565961732,0.8148148148148148,0.0
3.51,37,16784,86.0,68.0,68.0,170.0,1315.7999999999993,790753.4243973704,1.2919568482862216,0.6486486486486487,0.0
7.04,68,12294,68.0,68.0,68.0,68.0,86.0,393324.45761245664,1.122949404247971,0.9411764705882353,0.0
9.81,24,1632,68.0,68.0,68.0,68.0,68.0,0.0,1.0,1.0,0.0
5.92,56,3808,68.0,68.0,68.0,68.0,68.0,0.0,1.0,1.0,0.0
7.44,56,3808,68.0,68.0,68.0,68.0,68.0,0.0,1.0,1.0,0.0
6.94,56,19102,86.0,68.0,68.0,170.0,1080.5,500066.4170918368,0.5833885941644562,0.7142857142857143,0.0
9.85,193,73604,86.0,68.0,68.0,170.0,1343.0000000000068,671607.6522322746,1.050364922836927,0.7098445595854922,0.0
6.56,81,28047,68.0,68.0,68.0,86.0,274.0,780421.2043895748,1.2408916586768937,0.7777777777777778,0.0
8.94,36,2448,68.0,68.0,68.0,68.0,68.0,0.0,1.0,1.0,0.0
4.95,20,1360,68.0,68.0,68.0,68.0,68.0,0.0,1.0,1.0,0.0
1.91,32,2176,68.0,68.0,68.0,68.0,68.0,0.0,1.0,1.0,0.0
5.75,24,1632,68.0,68.0,68.0,68.0,68.0,0.0,1.0,1.0,0.0
6.81,52,3536,68.0,68.0,68.0,68.0,68.0,0.0,1.0,1.0,0.0
9.99,68,22036,68.0,68.0,68.0,107.0,464.0000000000017,568101.9965397924,0.9240373701213656,0.75,0.0
3.98,126,52104,86.0,68.0,68.0,170.0,1394.5,691822.0589569159,0.6641860168002811,0.6587301587301587,0.0
2.82,31,8047,68.0,68.0,68.0,86.0,170.0,348910.9531737773,1.0238933601609659,0.8387096774193549,0.0
5.65,53,20103,86.0,68.0,68.0,170.0,1377.2000000000007,584490.3994304024,0.6024711040255082,0.6415094339622641,0.0
7.63,56,3808,68.0,68.0,68.0,68.0,68.0,0.0,1.0,1.0,0.0
8.08,56,3808,68.0,68.0,68.0,68.0,68.0,0.0,1.0,1.0,0.0
9.4,32,2176,68.0,68.0,68.0,68.0,68.0,0.0,1.0,1.0,0.0
9.13,95,26713,68.0,68.0,68.0,86.0,170.0,627918.6167313018,1.298881239242685,0.8315789473684211,0.0
1.71,8,544,68.0,68.0,68.0,68.0,68.0,0.0,1.0,1.0,0.0
0.52,4,272,68.0,68.0,68.0,68.0,68.0,0.0,1.0,1.0,0.0
0.98,16,6275,77.0,68.0,68.0,107.0,794.0,802735.27734375,2.0880905511811023,0.75,0.0
8.36,135,56876,86.0,68.0,68.0,170.0,1208.800000000002,796136.4040603567,1.1400459043533884,0.6888888888888889,0.0
7.32,88,23755,68.0,68.0,68.0,86.0,170.0,482108.55358987604,1.01672467951439,0.8181818181818182,0.0
0.78,16,1088,68.0,68.0,68.0,68.0,68.0,0.0,1.0,1.0,0.0
8.02,20,1360,68.0,68.0,68.0,68.0,68.0,0.0,1.0,1.0,0.0
6.91,60,4080,68.0,68.0,68.0,68.0,68.0,0.0,1.0,1.0,0.0
9.32,56,3808,68.0,68.0,68.0,68.0,68.0,0.0,1.0,1.0,0.0
8.22,66,23944,80.0,68.0,68.0,86.0,917.0,735554.6216712578,1.220326409495549,0.7575757575757576,0.0
8.65,151,58093,86.0,68.0,68.0,170.0,1384.0,705973.4987939126,1.1830446056142196,0.7019867549668874,0.0
1.71,24,10030,86.0,68.0,68.0,170.0,762.3999999999997,827612.1597222224,0.9635865309318715,0.6666666666666666,0.0
0.93,14,1990,86.0,68.0,80.0,149.0,191.00000000000003,22559.693877551017,0.7456140350877193,0.7142857142857143,0.0
5.54,52,11467,68.0,68.0,68.0,68.0,86.0,540858.211168639,1.028121683763707,0.9230769230769231,0.0
8.35,32,2176,68.0,68.0,68.0,68.0,68.0,0.0,1.0,1.0,0.0
5.25,44,2992,68.0,68.0,68.0,68.0,68.0,0.0,1.0,1.0,0.0
7.64,32,2176,68.0,68.0,68.0,68.0,68.0,0.0,1.0,1.0,0.0
7.48,94,23887,68.0,68.0,68.0,86.0,170.0,396298.06077410583,1.2086916319926029,0.8297872340425532,0.0
2.46,12,816,68.0,68.0,68.0,68.0,68.0,0.0,1.0,1.0,0.0
8.56,164,61019,86.0,68.0,68.0,170.0,1111.6000000000038,630023.2942816775,0.9508600294136453,0.7134146341463414,0.0
5.69,53,20408,86.0,68.0,68.0,170.0,772.8000000000005,683033.4118903524,0.7529634083490809,0.6792452830188679,0.0
8.62,56,3808,68.0,68.0,68.0,68.0,68.0,0.0,1.0,1.0,0.0
8.95,56,3808,68.0,68.0,68.0,68.0,68.0,0.0,1.0,1.0,0.0
8.93,32,2176,68.0,68.0,68.0,68.0,68.0,0.0,1.0,1.0,0.0
4.27,44,2992,68.0,68.0,68.0,68.0,68.0,0.0,1.0,1.0,0.0
5.69,51,27039,86.0,68.0,68.0,170.0,2383.0,1075762.341407151,1.5434107797949392,0.6666666666666666,0.0
3.43,12,816,68.0,68.0,68.0,68.0,68.0,0.0,1.0,1.0,0.0
0.15,4,272,68.0,68.0,68.0,68.0,68.0,0.0,1.0,1.0,0.0
7.11,153,56190,86.0,68.0,68.0,170.0,1292.000000000001,637738.738946559,0.7780520220239225,0.7058823529411765,0.0
0.73,15,3124,86.0,68.0,74.0,128.0,492.1999999999998,96768.3288888889,1.3226765799256506,0.7333333333333333,0.0
5.15,56,20025,80.0,68.0,68.0,86.0,686.0,695309.5991709183,1.6173049274604627,0.7678571428571429,0.0
9.8,52,3536,68.0,68.0,68.0,68.0,68.0,0.0,1.0,1.0,0.0
5.46,48,3264,68.0,68.0,68.0,68.0,68.0,0.0,1.0,1.0,0.0
5.67,24,1632,68.0,68.0,68.0,68.0,68.0,0.0,1.0,1.0,0.0
6.53,52,3536,68.0,68.0,68.0,68.0,68.0,0.0,1.0,1.0,0.0
6.4,53,23455,86.0,68.0,68.0,170.0,1794.0,848127.8704165187,1.384607564050427,0.6981132075471698,0.0
7.5,138,51513,86.0,68.0,68.0,170.0,1263.1,623200.463610586,1.0596137699412258,0.7028985507246377,0.0
7.89,64,21013,83.0,68.0,68.0,107.0,480.70000000000107,642076.2204589844,1.293244570555495,0.75,0.0
2.52,37,7646,68.0,68.0,68.0,86.0,461.19999999999897,147716.98466033608,0.3846432452010141,0.8378378378378378,0.0
8.67,40,2720,68.0,68.0,68.0,68.0,68.0,0.0,1.0,1.0,0.0
5.18,36,2448,68.0,68.0,68.0,68.0,68.0,0.0,1.0,1.0,0.0
7.78,36,2448,68.0,68.0,68.0,68.0,68.0,0.0,1.0,1.0,0.0
3.57,12,816,68.0,68.0,68.0,68.0,68.0,0.0,1.0,1.0,0.0
7.08,114,23150,68.0,68.0,68.0,86.0,486.0,167938.17051400433,0.7048383533397158,0.7719298245614035,0.0
3.11,27,6030,86.0,68.0,68.0,516.0,516.0,42880.88888888889,8.852941176470589,0.6666666666666666,0.0
0.6,4,272,68.0,68.0,68.0,68.0,68.0,0.0,1.0,1.0,0.0
3.46,124,55204,86.0,68.0,68.0,170.0,1724.8000000000002,796288.7851196672,0.7817512829616241,0.6612903225806451,0.0
4.61,20,6438,68.0,68.0,68.0,86.0,236.50000000000094,780115.6900000001,3.0618296529968454,0.8,0.0
8.28,91,27290,68.0,68.0,68.0,86.0,170.0,628043.0208911967,0.9167017839584212,0.8241758241758241,0.0
5.1,28,1904,68.0,68.0,68.0,68.0,68.0,0.0,1.0,1.0,0.0
1.94,16,1088,68.0,68.0,68.0,68.0,68.0,0.0,1.0,1.0,0.0
6.59,52,3536,68.0,68.0,68.0,68.0,68.0,0.0,1.0,1.0,0.0
2.29,8,544,68.0,68.0,68.0,68.0,68.0,0.0,1.0,1.0,0.0
3.03,16,1088,68.0,68.0,68.0,68.0,68.0,0.0,1.0,1.0,0.0
5.48,44,2992,68.0,68.0,68.0,68.0,68.0,0.0,1.0,1.0,0.0
9.62,70,26088,68.0,68.0,68.0,149.0,770.8000000000012,773163.2440816327,0.572418781266952,0.7428571428571429,0.0
0.97,4,272,68.0,68.0,68.0,68.0,68.0,0.0,1.0,1.0,0.0
3.89,129,43856,86.0,68.0,68.0,170.0,824.6,561817.2548524728,1.5017683970336566,0.6821705426356589,0.0
2.57,29,7256,68.0,68.0,68.0,86.0,170.0,417948.853745541,1.3189517417705336,0.8620689655172413,0.0
5.25,51,18733,86.0,68.0,68.0,170.0,1224.0,574896.7251057285,0.8141584350184001,0.6666666666666666,0.0
7.59,161,24942,86.0,68.0,68.0,222.0,486.0,22009.589753481734,2.5661995996568487,0.7267080745341615,0.0
3.69,4,272,68.0,68.0,68.0,68.0,68.0,0.0,1.0,1.0,0.0
3.34,20,1360,68.0,68.0,68.0,68.0,68.0,0.0,1.0,1.0,0.0
0.6,4,272,68.0,68.0,68.0,68.0,68.0,0.0,1.0,1.0,0.0
6.51,52,3536,68.0,68.0,68.0,68.0,68.0,0.0,1.0,1.0,0.0
8.51,105,22729,68.0,68.0,68.0,86.0,170.0,259498.34412698404,0.9394999573342435,0.8285714285714286,0.0
9.77,152,72594,86.0,68.0,68.0,170.0,2284.100000000001,1019633.0967797784,1.071214585294873,0.6973684210526315,0.0
4.55,47,20450,86.0,68.0,68.0,170.0,1524.999999999997,899390.4354911726,1.3424971363115692,0.723404255319149,0.0
2.29,19,7625,68.0,68.0,68.0,86.0,685.7999999999981,868229.058171745,0.8480368395540475,0.7894736842105263,0.0
4.76,48,3264,68.0,68.0,68.0,68.0,68.0,0.0,1.0,1.0,0.0
3.61,4,272,68.0,68.0,68.0,68.0,68.0,0.0,1.0,1.0,0.0
5.35,20,1360,68.0,68.0,68.0,68.0,68.0,0.0,1.0,1.0,0.0
6.16,56,3808,68.0,68.0,68.0,68.0,68.0,0.0,1.0,1.0,0.0
5.51,20,1360,68.0,68.0,68.0,68.0,68.0,0.0,1.0,1.0,0.0
7.8,168,42254,86.0,68.0,68.0,170.0,516.0,297729.21414399095,1.2970372383799946,0.7380952380952381,0.0
1.29,24,12343,86.0,68.0,68.0,170.0,2048.999999999998,1180370.123263889,1.9886198547215497,0.6666666666666666,0.0
6.56,108,53841,86.0,68.0,68.0,170.0,2383.2,1026011.7862654318,1.16246284842156,0.6574074074074074,0.0
9.07,118,31814,68.0,68.0,68.0,86.0,170.0,545195.4751508187,1.0270149729213125,0.8559322033898306,0.0
9.82,40,2720,68.0,68.0,68.0,68.0,68.0,0.0,1.0,1.0,0.0
2.54,36,2448,68.0,68.0,68.0,68.0,68.0,0.0,1.0,1.0,0.0
7.08,32,2176,68.0,68.0,68.0,68.0,68.0,0.0,1.0,1.0,0.0
8.0,96,23384,68.0,68.0,68.0,86.0,170.0,387431.9305555555,1.079317090521074,0.8333333333333334,0.0
7.63,134,49372,86.0,68.0,68.0,170.0,727.1000000000006,650819.0830920027,1.1809347115469564,0.6940298507462687,0.0
5.92,41,13341,68.0,68.0,68.0,86.0,170.0,734646.3842950624,0.5473208072372999,0.8048780487804879,0.0
0.05,12,8177,86.0,68.0,68.0,170.0,3133.700000000001,1720739.076388889,0.9303588290840415,0.6666666666666666,0.0
7.4,62,8374,68.0,68.0,68.0,81.5,166.79999999999995,114409.22164412065,1.6771099744245523,0.8709677419354839,0.0
6.71,73,11786,68.0,68.0,68.0,86.0,486.0,26510.713454681925,1.1236036036036037,0.7534246575342466,0.0
9.04,72,4896,68.0,68.0,68.0,68.0,68.0,0.0,1.0,1.0,0.0
7.04,43,3304,68.0,68.0,68.0,68.0,118.00000000000017,350.74094104921573,0.9164733178654292,0.8837209302325582,0.0
8.24,79,21081,68.0,68.0,68.0,86.0,227.0000000000008,457578.05287614174,0.9331499312242091,0.7974683544303798,0.0
4.15,123,54492,86.0,68.0,68.0,170.0,1530.3999999999999,846776.592901051,0.9538886299257772,0.6747967479674797,0.0
6.65,62,17273,68.0,68.0,68.0,86.0,170.0,486032.7890218523,0.5096137038979199,0.8064516129032258,0.0
3.14,27,6889,86.0,68.0,68.0,170.0,630.8000000000006,234962.34842249658,0.5167327168648173,0.7037037037037037,0.0
2.09,36,2448,68.0,68.0,68.0,68.0,68.0,0.0,1.0,1.0,0.0
2.0,20,1360,68.0,68.0,68.0,68.0,68.0,0.0,1.0,1.0,0.0
2.55,12,816,68.0,68.0,68.0,68.0,68.0,0.0,1.0,1.0,0.0
5.6,44,2992,68.0,68.0,68.0,68.0,68.0,0.0,1.0,1.0,0.0
8.18,32,2176,68.0,68.0,68.0,68.0,68.0,0.0,1.0,1.0,0.0
3.82,44,2992,68.0,68.0,68.0,68.0,68.0,0.0,1.0,1.0,0.0
5.94,117,31581,86.0,68.0,68.0,222.0,486.0,298309.1992110453,1.599901210175352,0.6495726495726496,0.0
6.16,120,49034,86.0,68.0,68.0,170.0,1654.3000000000022,747796.1530555554,1.1712792808749946,0.675,0.0
3.94,40,5043,68.0,68.0,68.0,68.0,94.40000000000012,67348.11937499998,0.6173829377806286,0.9,0.0
1.91,26,10030,86.0,68.0,71.0,170.0,1067.5,695847.5621301774,2.2449045616305403,0.6923076923076923,0.0
5.33,63,15583,68.0,68.0,68.0,77.0,170.0,511969.6558327037,0.8531335473897015,0.873015873015873,0.0
5.15,20,1360,68.0,68.0,68.0,68.0,68.0,0.0,1.0,1.0,0.0
0.12,4,272,68.0,68.0,68.0,68.0,68.0,0.0,1.0,1.0,0.0
3.4,12,816,68.0,68.0,68.0,68.0,68.0,0.0,1.0,1.0,0.0
9.07,60,4080,68.0,68.0,68.0,68.0,68.0,0.0,1.0,1.0,0.0
6.08,20,1360,68.0,68.0,68.0,68.0,68.0,0.0,1.0,1.0,0.0
9.24,91,24530,68.0,68.0,68.0,86.0,170.0,519935.54305035615,2.342417223054912,0.8241758241758241,0.0
5.65,127,59108,86.0,68.0,68.0,170.0,1915.0000000000002,968954.9518259036,0.81781276909829,0.6850393700787402,0.0
4.03,27,4132,68.0,68.0,68.0,86.0,170.0,94327.2949245542,1.7237969676994067,0.8518518518518519,0.0
2.79,36,6262,86.0,68.0,68.0,170.0,247.5,64841.83024691358,0.9917302798982188,0.6666666666666666,0.0
5.33,52,8116,68.0,68.0,68.0,68.0,86.0,171003.26331360947,0.9637067505443987,0.9230769230769231,0.0
5.01,20,1360,68.0,68.0,68.0,68.0,68.0,0.0,1.0,1.0,0.0
5.65,20,1360,68.0,68.0,68.0,68.0,68.0,0.0,1.0,1.0,0.0
2.42,36,2448,68.0,68.0,68.0,68.0,68.0,0.0,1.0,1.0,0.0
6.01,24,1632,68.0,68.0,68.0,68.0,68.0,0.0,1.0,1.0,0.0
0.7,4,272,68.0,68.0,68.0,68.0,68.0,0.0,1.0,1.0,0.0
4.3,20,1360,68.0,68.0,68.0,68.0,68.0,0.0,1.0,1.0,0.0
0.45,28,1904,68.0,68.0,68.0,68.0,68.0,0.0,1.0,1.0,0.0
7.32,62,25545,86.0,68.0,68.0,149.0,907.6999999999991,904841.5965140482,1.0780118766777842,0.7419354838709677,0.0
4.21,114,48367,86.0,68.0,68.0,170.0,1675.800000000001,883013.2857032932,0.9950090744101633,0.6842105263157895,0.0
8.35,54,18222,74.0,68.0,68.0,86.0,991.1000000000033,617559.3950617284,0.6808412508071211,0.7777777777777778,0.0
9.14,94,18865,68.0,68.0,68.0,84.5,170.0,288179.57503395184,1.6492065721106586,0.8723404255319149,0.0
1.6,4,272,68.0,68.0,68.0,68.0,68.0,0.0,1.0,1.0,0.0
0.41,4,272,68.0,68.0,68.0,68.0,68.0,0.0,1.0,1.0,0.0
6.63,52,3536,68.0,68.0,68.0,68.0,68.0,0.0,1.0,1.0,0.0
4.55,20,1360,68.0,68.0,68.0,68.0,68.0,0.0,1.0,1.0,0.0
1.04,4,272,68.0,68.0,68.0,68.0,68.0,0.0,1.0,1.0,0.0
9.21,96,25783,68.0,68.0,68.0,86.0,170.0,458587.1821831598,0.940760255927738,0.8333333333333334,0.0
6.66,16,1088,68.0,68.0,68.0,68.0,68.0,0.0,1.0,1.0,0.0
1.97,68,37417,86.0,68.0,68.0,170.0,2666.500000000002,1214123.6286764706,0.899725832656377,0.6911764705882353,0.0
1.48,57,27852,86.0,68.0,68.0,170.0,2113.5999999999995,977031.0397045247,0.8563049853372434,0.6491228070175439,0.0
5.52,40,11991,68.0,68.0,68.0,86.0,286.80000000000166,469813.37437499996,0.7579533792699018,0.8,0.0
7.97,73,15631,68.0,68.0,68.0,86.0,170.0,291669.99849878025,1.7052613361024576,0.8356164383561644,0.0
4.01,20,1360,68.0,68.0,68.0,68.0,68.0,0.0,1.0,1.0,0.0
8.13,56,3808,68.0,68.0,68.0,68.0,68.0,0.0,1.0,1.0,0.0
7.45,32,2176,68.0,68.0,68.0,68.0,68.0,0.0,1.0,1.0,0.0
9.2,98,28199,68.0,68.0,68.0,86.0,376.39999999999804,492500.2104331528,0.8009324307063482,0.8163265306122449,0.0
9.74,160,55867,83.0,68.0,68.0,107.0,852.2999999999996,636190.3527734375,0.8327264376865794,0.75,0.0
0.31,17,6789,86.0,68.0,80.0,170.0,1516.0,369019.169550173,0.6668303461821753,0.6470588235294118,0.0
4.67,48,19117,86.0,68.0,68.0,170.0,1064.5000000000018,660402.9891493055,1.4849863512283894,0.6458333333333334,0.0
1.13,4,272,68.0,68.0,68.0,68.0,68.0,0.0,1.0,1.0,0.0
3.33,36,2448,68.0,68.0,68.0,68.0,68.0,0.0,1.0,1.0,0.0
1.23,16,1088,68.0,68.0,68.0,68.0,68.0,0.0,1.0,1.0,0.0
8.62,20,1360,68.0,68.0,68.0,68.0,68.0,0.0,1.0,1.0,0.0
7.06,60,4080,68.0,68.0,68.0,68.0,68.0,0.0,1.0,1.0,0.0
3.8,12,816,68.0,68.0,68.0,68.0,68.0,0.0,1.0,1.0,0.0
2.03,8,544,68.0,68.0,68.0,68.0,68.0,0.0,1.0,1.0,0.0
1.47,36,2448,68.0,68.0,68.0,68.0,68.0,0.0,1.0,1.0,0.0
7.28,59,22641,86.0,68.0,68.0,170.0,1122.8000000000027,702389.511634588,1.0362442665707348,0.7288135593220338,0.0
0.55,4,272,68.0,68.0,68.0,68.0,68.0,0.0,1.0,1.0,0.0
6.13,148,50034,86.0,68.0,68.0,170.0,771.4000000000008,574606.3197589482,1.2150699486452985,0.7094594594594594,0.0
9.68,65,30429,86.0,68.0,68.0,170.0,1724.2000000000005,835330.7346745562,0.9990145841545132,0.6615384615384615,0.0
9.57,60,4080,68.0,68.0,68.0,68.0,68.0,0.0,1.0,1.0,0.0
2.34,8,544,68.0,68.0,68.0,68.0,68.0,0.0,1.0,1.0,0.0
1.56,8,544,68.0,68.0,68.0,68.0,68.0,0.0,1.0,1.0,0.0
7.98,56,3808,68.0,68.0,68.0,68.0,68.0,0.0,1.0,1.0,0.0
2.51,12,816,68.0,68.0,68.0,68.0,68.0,0.0,1.0,1.0,0.0
2.63,36,2448,68.0,68.0,68.0,68.0,68.0,0.0,1.0,1.0,0.0
5.9,61,14953,86.0,68.0,68.0,125.0,331.0,281657.7205052406,0.6612598600155538,0.7377049180327869,0.0
7.85,138,45686,86.0,68.0,68.0,170.0,786.699999999999,513128.127074144,0.8265632496401727,0.6956521739130435,0.0
2.84,28,6024,68.0,68.0,68.0,86.0,170.0,251113.62244897956,1.2519626168224298,0.8571428571428571,0.0
2.13,26,10575,86.0,68.0,71.0,170.0,840.0,806605.8890532546,1.2263157894736842,0.6923076923076923,0.0
2.4,26,12427,86.0,68.0,68.0,170.0,2477.0,814872.7292899407,1.0229529545824516,0.6923076923076923,0.0
8.26,60,4080,68.0,68.0,68.0,68.0,68.0,0.0,1.0,1.0,0.0
3.87,12,816,68.0,68.0,68.0,68.0,68.0,0.0,1.0,1.0,0.0
5.16,44,2992,68.0,68.0,68.0,68.0,68.0,0.0,1.0,1.0,0.0
1.26,16,1088,68.0,68.0,68.0,68.0,68.0,0.0,1.0,1.0,0.0
2.13,4,272,68.0,68.0,68.0,68.0,68.0,0.0,1.0,1.0,0.0
6.32,28,1904,68.0,68.0,68.0,68.0,68.0,0.0,1.0,1.0,0.0
4.52,80,20902,68.0,68.0,68.0,86.0,377.60000000000446,353054.97437500005,0.9767353886892377,0.775,0.0
8.66,31,5991,68.0,68.0,68.0,77.0,170.0,311147.22372528614,2.5512744516893893,0.8709677419354839,0.0
8.34,142,59695,86.0,68.0,68.0,170.0,1006.7000000000004,851936.3358956557,1.56333734111989,0.6971830985915493,0.0
0.86,12,7356,86.0,68.0,68.0,170.0,2259.8000000000006,1423265.0,1.4767676767676767,0.6666666666666666,0.0
1.0,26,11325,86.0,68.0,80.0,170.0,1409.0,683128.474852071,1.45342287694974,0.6538461538461539,0.0
5.37,52,8500,68.0,68.0,68.0,68.0,86.0,250106.67159763322,0.5855250886028726,0.9230769230769231,0.0
0.16,4,272,68.0,68.0,68.0,68.0,68.0,0.0,1.0,1.0,0.0
6.27,20,1360,68.0,68.0,68.0,68.0,68.0,0.0,1.0,1.0,0.0
4.8,16,1088,68.0,68.0,68.0,68.0,68.0,0.0,1.0,1.0,0.0
0.95,36,2448,68.0,68.0,68.0,68.0,68.0,0.0,1.0,1.0,0.0
9.78,36,2448,68.0,68.0,68.0,68.0,68.0,0.0,1.0,1.0,0.0
5.4,89,22044,68.0,68.0,68.0,86.0,610.4000000000002,298449.474056306,1.2730459888636831,0.797752808988764,0.0
0.68,4,272,68.0,68.0,68.0,68.0,68.0,0.0,1.0,1.0,0.0
7.7,138,57967,86.0,68.0,68.0,170.0,1422.4999999999998,824135.627861794,0.9153147199735668,0.7101449275362319,0.0
5.34,40,13001,68.0,68.0,68.0,86.0,281.40000000000157,609598.6243749999,0.6727997941327843,0.8,0.0
6.56,81,22456,68.0,68.0,68.0,86.0,170.0,462516.327693949,1.148077290989095,0.8271604938271605,0.0
1.05,16,1088,68.0,68.0,68.0,68.0,68.0,0.0,1.0,1.0,0.0
0.07,4,272,68.0,68.0,68.0,68.0,68.0,0.0,1.0,1.0,0.0
4.77,20,1360,68.0,68.0,68.0,68.0,68.0,0.0,1.0,1.0,0.0
2.12,36,2448,68.0,68.0,68.0,68.0,68.0,0.0,1.0,1.0,0.0
8.06,32,2176,68.0,68.0,68.0,68.0,68.0,0.0,1.0,1.0,0.0
7.61,95,26911,68.0,68.0,68.0,86.0,170.0,466499.2724653739,1.3016592541908998,0.8210526315789474,0.0
6.12,113,45462,86.0,68.0,68.0,170.0,1331.5999999999992,786427.102044013,1.3545680546923555,0.7168141592920354,0.0
7.96,53,19877,80.0,68.0,68.0,86.0,1436.4000000000017,637674.5268778924,0.789914452949122,0.7547169811320755,0.0
4.32,55,21293,86.0,68.0,68.0,170.0,1516.0,493376.5970247934,0.5476813490332897,0.6545454545454545,0.0
4.95,44,2992,68.0,68.0,68.0,68.0,68.0,0.0,1.0,1.0,0.0
7.54,28,1904,68.0,68.0,68.0,68.0,68.0,0.0,1.0,1.0,0.0
4.23,44,2992,68.0,68.0,68.0,68.0,68.0,0.0,1.0,1.0,0.0
5.23,20,1360,68.0,68.0,68.0,68.0,68.0,0.0,1.0,1.0,0.0
7.92,56,3808,68.0,68.0,68.0,68.0,68.0,0.0,1.0,1.0,0.0
0.29,27,15690,86.0,68.0,77.0,724.0,1516.0,824897.3580246912,0.8756724447101016,0.5555555555555556,0.0
9.58,44,15168,68.0,68.0,68.0,86.0,170.0,776502.7892561982,0.7508946092577629,0.8181818181818182,0.0
8.94,153,58542,86.0,68.0,68.0,170.0,1198.8,699402.1291810843,0.8029010501678421,0.7058823529411765,0.0
7.77,88,24497,68.0,68.0,68.0,86.0,170.0,444340.93892045453,1.1336991551258602,0.8181818181818182,0.0
2.14,20,1360,68.0,68.0,68.0,68.0,68.0,0.0,1.0,1.0,0.0
6.65,36,2448,68.0,68.0,68.0,68.0,68.0,0.0,1.0,1.0,0.0
2.81,20,1360,68.0,68.0,68.0,68.0,68.0,0.0,1.0,1.0,0.0
5.54,24,1632,68.0,68.0,68.0,68.0,68.0,0.0,1.0,1.0,0.0
6.96,52,3536,68.0,68.0,68.0,68.0,68.0,0.0,1.0,1.0,0.0
4.61,51,20232,86.0,68.0,68.0,170.0,1262.0,679579.1880046135,1.5819295558958653,0.6862745098039216,0.0
3.11,12,816,68.0,68.0,68.0,68.0,68.0,0.0,1.0,1.0,0.0
0.42,16,5664,77.0,68.0,68.0,107.0,833.0,562558.5,0.5936972425436128,0.75,0.0
0.43,48,22374,86.0,68.0,68.0,170.0,2158.2000000000016,751571.3177083334,0.7309299087111248,0.6458333333333334,0.0
8.11,88,33121,86.0,68.0,68.0,170.0,1102.799999999999,665989.8252840909,1.1055944055944056,0.7159090909090909,0.0
7.52,88,30447,68.0,68.0,68.0,86.0,451.69999999999743,744318.5566890494,0.9260501012145749,0.8068181818181818,0.0
7.6,32,2176,68.0,68.0,68.0,68.0,68.0,0.0,1.0,1.0,0.0
5.9,48,3264,68.0,68.0,68.0,68.0,68.0,0.0,1.0,1.0,0.0
5.14,20,1360,68.0,68.0,68.0,68.0,68.0,0.0,1.0,1.0,0.0
0.19,4,272,68.0,68.0,68.0,68.0,68.0,0.0,1.0,1.0,0.0
4.66,48,3264,68.0,68.0,68.0,68.0,68.0,0.0,1.0,1.0,0.0
4.94,51,25239,86.0,68.0,68.0,170.0,1516.0,1006076.9665513262,0.5790165165165165,0.6666666666666666,0.0
7.48,138,53836,86.0,68.0,68.0,170.0,1513.2,654335.4213400546,1.3048206182036133,0.7028985507246377,0.0
6.11,40,11100,68.0,68.0,68.0,86.0,211.9000000000006,429485.65,0.8407960199004975,0.8,0.0
7.89,77,15047,68.0,68.0,68.0,86.0,170.0,231922.9181986844,2.198087141339001,0.8441558441558441,0.0
5.83,24,1632,68.0,68.0,68.0,68.0,68.0,0.0,1.0,1.0,0.0
6.51,52,3536,68.0,68.0,68.0,68.0,68.0,0.0,1.0,1.0,0.0
0.69,16,1088,68.0,68.0,68.0,68.0,68.0,0.0,1.0,1.0,0.0
9.67,24,1632,68.0,68.0,68.0,68.0,68.0,0.0,1.0,1.0,0.0
2.02,36,2448,68.0,68.0,68.0,68.0,68.0,0.0,1.0,1.0,0.0
5.46,51,24203,86.0,68.0,68.0,170.0,1458.0,960588.2060745867,0.7211634191437918,0.6862745098039216,0.0
1.37,8,544,68.0,68.0,68.0,68.0,68.0,0.0,1.0,1.0,0.0
6.4,129,67900,86.0,68.0,68.0,170.0,2414.0000000000005,1231078.4464875907,1.1005413766434649,0.6821705426356589,0.0
0.71,16,1088,68.0,68.0,68.0,68.0,68.0,0.0,1.0,1.0,0.0
7.32,49,15415,86.0,68.0,68.0,170.0,851.0000000000002,363623.6293211162,1.0457863304578634,0.6530612244897959,0.0
9.04,72,9731,68.0,68.0,68.0,68.0,84.19999999999997,227799.51832561736,2.1502104240854645,0.9444444444444444,0.0
3.64,12,816,68.0,68.0,68.0,68.0,68.0,0.0,1.0,1.0,0.0
1.42,8,544,68.0,68.0,68.0,68.0,68.0,0.0,1.0,1.0,0.0
9.13,60,4080,68.0,68.0,68.0,68.0,68.0,0.0,1.0,1.0,0.0
7.79,52,3536,68.0,68.0,68.0,68.0,68.0,0.0,1.0,1.0,0.0
6.9,56,27999,86.0,68.0,68.0,170.0,2202.5,1173801.696109694,0.9857446808510638,0.7142857142857143,0.0
4.93,88,29254,86.0,68.0,68.0,170.0,340.9999999999999,622615.9498966943,1.8551629904352918,0.7045454545454546,0.0
9.89,102,36683,86.0,68.0,68.0,170.0,799.4000000000015,684040.3095924646,1.005521841342737,0.7254901960784313,0.0
0.87,12,3442,86.0,68.0,68.0,170.0,486.8000000000001,270698.3055555556,2.442,0.6666666666666666,0.0
3.13,52,4913,68.0,68.0,68.0,68.0,86.0,19429.865014792897,1.4577288644322162,0.9230769230769231,0.0
3.56,20,1360,68.0,68.0,68.0,68.0,68.0,0.0,1.0,1.0,0.0
8.21,56,3808,68.0,68.0,68.0,68.0,68.0,0.0,1.0,1.0,0.0
0.51,12,816,68.0,68.0,68.0,68.0,68.0,0.0,1.0,1.0,0.0
8.59,20,1360,68.0,68.0,68.0,68.0,68.0,0.0,1.0,1.0,0.0
3.62,44,2992,68.0,68.0,68.0,68.0,68.0,0.0,1.0,1.0,0.0
7.69,61,20040,86.0,68.0,68.0,158.0,313.0,559185.3969363074,1.065979381443299,0.7377049180327869,0.0
1.52,4,272,68.0,68.0,68.0,68.0,68.0,0.0,1.0,1.0,0.0
3.44,128,51607,86.0,68.0,68.0,170.0,1310.7999999999981,713731.1942749023,0.8150388632926528,0.6796875,0.0
1.71,29,5041,68.0,68.0,68.0,86.0,170.0,152404.55648038047,1.7881637168141593,0.8620689655172413,0.0
1.73,24,11618,86.0,68.0,77.0,170.0,1366.2999999999997,802707.5763888889,1.7170252572497662,0.625,0.0
0.07,12,5475,86.0,68.0,68.0,170.0,1794.5000000000007,665039.3541666666,0.8117140966247518,0.6666666666666666,0.0
1.32,16,3432,77.0,68.0,68.0,107.0,613.5,113816.875,1.0538599640933572,0.75,0.0
2.62,36,2448,68.0,68.0,68.0,68.0,68.0,0.0,1.0,1.0,0.0
1.38,16,1088,68.0,68.0,68.0,68.0,68.0,0.0,1.0,1.0,0.0
5.99,12,816,68.0,68.0,68.0,68.0,68.0,0.0,1.0,1.0,0.0
6.7,48,3264,68.0,68.0,68.0,68.0,68.0,0.0,1.0,1.0,0.0
5.78,24,1632,68.0,68.0,68.0,68.0,68.0,0.0,1.0,1.0,0.0
5.68,52,3536,68.0,68.0,68.0,68.0,68.0,0.0,1.0,1.0,0.0
1.88,53,18771,86.0,68.0,68.0,170.0,1028.200000000001,493166.6315414737,1.1625576036866359,0.6792452830188679,0.0
4.16,16,1088,68.0,68.0,68.0,68.0,68.0,0.0,1.0,1.0,0.0
6.58,149,60882,86.0,68.0,68.0,170.0,1350.8000000000056,811527.1921985495,0.9260360645365391,0.7046979865771812,0.0
6.51,65,18781,86.0,68.0,68.0,170.0,839.2000000000003,404873.65775147924,1.0561637836654258,0.7384615384615385,0.0
7.19,44,2992,68.0,68.0,68.0,68.0,68.0,0.0,1.0,1.0,0.0
4.03,16,1088,68.0,68.0,68.0,68.0,68.0,0.0,1.0,1.0,0.0
6.29,56,3808,68.0,68.0,68.0,68.0,68.0,0.0,1.0,1.0,0.0
1.74,4,272,68.0,68.0,68.0,68.0,68.0,0.0,1.0,1.0,0.0
9.15,56,3808,68.0,68.0,68.0,68.0,68.0,0.0,1.0,1.0,0.0
4.25,58,23694,86.0,68.0,68.0,170.0,1516.0,621747.7324613555,0.8282407407407407,0.6551724137931034,0.0
5.81,66,26421,80.0,68.0,68.0,86.0,788.0,895006.5805785123,1.5984461054287962,0.7575757575757576,0.0
0.95,77,37304,86.0,68.0,68.0,170.0,1789.0000000000027,999895.0541406639,1.1399724644332263,0.6623376623376623,0.0
9.6,75,21874,86.0,68.0,68.0,170.0,604.8000000000034,417585.4798222223,1.3652681660899655,0.7333333333333333,0.0
5.74,56,3808,68.0,68.0,68.0,68.0,68.0,0.0,1.0,1.0,0.0
8.59,20,1360,68.0,68.0,68.0,68.0,68.0,0.0,1.0,1.0,0.0
3.5,40,2720,68.0,68.0,68.0,68.0,68.0,0.0,1.0,1.0,0.0
9.87,36,2448,68.0,68.0,68.0,68.0,68.0,0.0,1.0,1.0,0.0
6.74,97,23129,68.0,68.0,68.0,86.0,327.00000000000136,242611.23647571474,0.7950329840900272,0.8041237113402062,0.0
8.05,145,58980,86.0,68.0,68.0,170.0,1736.7999999999997,821855.8244946492,0.9596637538625112,0.7241379310344828,0.0
6.46,53,18596,68.0,68.0,68.0,86.0,170.0,699104.0014239942,1.1007681879801174,0.7735849056603774,0.0
0.27,12,4420,86.0,68.0,68.0,170.0,1274.3000000000004,391828.7222222222,1.3573333333333333,0.6666666666666666,0.0
8.8,72,9640,68.0,68.0,68.0,68.0,84.19999999999997,157147.79320987663,0.6850201013808774,0.9444444444444444,0.0
7.23,56,3808,68.0,68.0,68.0,68.0,68.0,0.0,1.0,1.0,0.0
9.12,32,2176,68.0,68.0,68.0,68.0,68.0,0.0,1.0,1.0,0.0
1.96,8,544,68.0,68.0,68.0,68.0,68.0,0.0,1.0,1.0,0.0
1.22,42,3008,68.0,68.0,68.0,68.0,68.0,162.52154195011335,0.8252427184466019,0.9523809523809523,0.0
0.85,15,1400,86.0,68.0,68.0,126.0,126.0,587.5555555555554,0.8134715025906736,0.6666666666666666,0.0
2.76,50,21911,86.0,68.0,68.0,170.0,1392.5000000000014,870244.7315999998,1.3831846856645638,0.68,0.0
9.97,157,51995,86.0,68.0,68.0,170.0,883.2,594935.2293399326,1.0150757663837537,0.7452229299363057,0.0
9.83,63,26686,86.0,68.0,68.0,170.0,1769.4000000000035,769571.575711766,1.3070804875940174,0.6825396825396826,0.0
1.79,36,2448,68.0,68.0,68.0,68.0,68.0,0.0,1.0,1.0,0.0
8.49,32,2176,68.0,68.0,68.0,68.0,68.0,0.0,1.0,1.0,0.0
1.86,8,544,68.0,68.0,68.0,68.0,68.0,0.0,1.0,1.0,0.0
4.72,52,3536,68.0,68.0,68.0,68.0,68.0,0.0,1.0,1.0,0.0
0.89,4,272,68.0,68.0,68.0,68.0,68.0,0.0,1.0,1.0,0.0
4.7,16,1088,68.0,68.0,68.0,68.0,68.0,0.0,1.0,1.0,0.0
1.65,28,1904,68.0,68.0,68.0,68.0,68.0,0.0,1.0,1.0,0.0
9.56,72,18844,68.0,68.0,68.0,86.0,904.3999999999988,285442.00617283955,0.9376863753213368,0.7638888888888888,0.0
9.5,157,62399,86.0,68.0,68.0,170.0,1577.8000000000018,725681.2406994199,1.0204967134021954,0.7133757961783439,0.0
9.0,90,29903,68.0,68.0,68.0,86.0,1027.6000000000013,624541.5013580247,0.7850405921680993,0.8,0.0
3.25,20,1360,68.0,68.0,68.0,68.0,68.0,0.0,1.0,1.0,0.0
7.99,56,3808,68.0,68.0,68.0,68.0,68.0,0.0,1.0,1.0,0.0
5.11,20,1360,68.0,68.0,68.0,68.0,68.0,0.0,1.0,1.0,0.0
9.76,104,25114,68.0,68.0,68.0,86.0,170.0,391201.4803994083,1.6043762314632375,0.8461538461538461,0.0
5.11,8,544,68.0,68.0,68.0,68.0,68.0,0.0,1.0,1.0,0.0
9.41,152,55891,86.0,68.0,68.0,170.0,1480.400000000002,644258.0373528395,0.791205973784572,0.7302631578947368,0.0
3.39,15,4771,86.0,68.0,80.0,170.0,1128.9999999999998,225186.19555555552,0.4094534711964549,0.6666666666666666,0.0
4.56,49,24129,86.0,68.0,68.0,170.0,1695.4000000000003,1090857.3061224488,1.5839580209895052,0.673469387755102,0.0
3.42,40,2720,68.0,68.0,68.0,68.0,68.0,0.0,1.0,1.0,0.0
4.63,20,1360,68.0,68.0,68.0,68.0,68.0,0.0,1.0,1.0,0.0
1.32,8,544,68.0,68.0,68.0,68.0,68.0,0.0,1.0,1.0,0.0
7.0,48,3264,68.0,68.0,68.0,68.0,68.0,0.0,1.0,1.0,0.0
2.38,20,1360,68.0,68.0,68.0,68.0,68.0,0.0,1.0,1.0,0.0
4.57,16,1088,68.0,68.0,68.0,68.0,68.0,0.0,1.0,1.0,0.0
3.86,40,2720,68.0,68.0,68.0,68.0,68.0,0.0,1.0,1.0,0.0
8.51,62,24108,86.0,68.0,68.0,170.0,862.6999999999996,801575.3288241413,1.4876689712104014,0.7258064516129032,0.0
0.1,4,272,68.0,68.0,68.0,68.0,68.0,0.0,1.0,1.0,0.0
0.57,12,2857,86.0,68.0,68.0,170.0,815.3000000000003,103386.74305555555,1.093040293040293,0.6666666666666666,0.0
1.43,116,46565,86.0,68.0,68.0,170.0,1282.0,635479.6750148633,1.0611278328611897,0.6724137931034483,0.0
3.21,30,6837,68.0,68.0,68.0,86.0,304.6000000000019,201253.62333333332,0.6522474625422909,0.8333333333333334,0.0
1.91,24,9700,86.0,68.0,68.0,170.0,1375.0,638396.8888888889,1.6373028820010875,0.6666666666666666,0.0
0.75,12,6787,86.0,68.0,68.0,170.0,2239.100000000001,1138855.9097222222,1.3030200203596878,0.6666666666666666,0.0
1.17,16,5115,77.0,68.0,68.0,107.0,406.5,589134.96484375,0.32581648522550544,0.75,0.0
4.64,52,3536,68.0,68.0,68.0,68.0,68.0,0.0,1.0,1.0,0.0
2.1,4,272,68.0,68.0,68.0,68.0,68.0,0.0,1.0,1.0,0.0
4.27,16,1088,68.0,68.0,68.0,68.0,68.0,0.0,1.0,1.0,0.0
5.11,44,2992,68.0,68.0,68.0,68.0,68.0,0.0,1.0,1.0,0.0
1.17,16,1088,68.0,68.0,68.0,68.0,68.0,0.0,1.0,1.0,0.0
1.9,8,544,68.0,68.0,68.0,68.0,68.0,0.0,1.0,1.0,0.0
0.17,4,272,68.0,68.0,68.0,68.0,68.0,0.0,1.0,1.0,0.0
5.73,97,20679,68.0,68.0,68.0,86.0,203.20000000000047,273193.4294824105,0.5579748361335041,0.8144329896907216,0.0
2.53,4,272,68.0,68.0,68.0,68.0,68.0,0.0,1.0,1.0,0.0
3.39,12,816,68.0,68.0,68.0,68.0,68.0,0.0,1.0,1.0,0.0
2.04,89,38050,86.0,68.0,68.0,170.0,1997.200000000001,729435.3053907336,0.8487027499757069,0.6853932584269663,0.0
8.16,63,22361,86.0,68.0,68.0,128.0,875.4000000000029,611271.3293020914,0.9464658774373259,0.746031746031746,0.0
9.99,96,29905,68.0,68.0,68.0,86.0,170.0,652616.7082248266,0.9198176799126918,0.8333333333333334,0.0
6.31,20,1360,68.0,68.0,68.0,68.0,68.0,0.0,1.0,1.0,0.0
7.35,48,3264,68.0,68.0,68.0,68.0,68.0,0.0,1.0,1.0,0.0
0.87,16,1088,68.0,68.0,68.0,68.0,68.0,0.0,1.0,1.0,0.0
4.18,8,544,68.0,68.0,68.0,68.0,68.0,0.0,1.0,1.0,0.0
1.43,8,544,68.0,68.0,68.0,68.0,68.0,0.0,1.0,1.0,0.0
1.06,8,544,68.0,68.0,68.0,68.0,68.0,0.0,1.0,1.0,0.0
6.19,90,27736,68.0,68.0,68.0,86.0,452.300000000002,562028.2795061729,0.8210229137942354,0.7888888888888889,0.0
6.48,133,51711,86.0,68.0,68.0,170.0,1535.9999999999998,676648.8189270167,0.8971640312580255,0.6992481203007519,0.0
5.84,40,10247,68.0,68.0,68.0,86.0,170.0,394556.394375,2.292737789203085,0.8,0.0
2.26,24,15638,86.0,68.0,68.0,170.0,2899.5,1519054.0763888888,0.9428500434836625,0.625,0.0
6.19,68,10994,68.0,68.0,68.0,68.0,86.0,268951.68944636686,1.1502053588891061,0.9411764705882353,0.0
8.08,20,1360,68.0,68.0,68.0,68.0,68.0,0.0,1.0,1.0,0.0
8.57,60,4080,68.0,68.0,68.0,68.0,68.0,0.0,1.0,1.0,0.0
3.16,12,816,68.0,68.0,68.0,68.0,68.0,0.0,1.0,1.0,0.0
6.63,92,23647,68.0,68.0,68.0,86.0,170.0,512215.31415406434,1.427324984602751,0.8260869565217391,0.0
0.41,4,272,68.0,68.0,68.0,68.0,68.0,0.0,1.0,1.0,0.0
3.78,12,816,68.0,68.0,68.0,68.0,68.0,0.0,1.0,1.0,0.0
1.14,22,6483,80.0,68.0,68.0,149.0,976.3000000000002,210397.5805785124,0.4002159827213823,0.7272727272727273,0.0
9.29,149,53811,86.0,68.0,68.0,170.0,1104.6000000000015,606414.8372595828,1.2145355775957858,0.7046979865771812,0.0
0.78,16,6835,86.0,68.0,80.0,371.5,1516.0,352269.90234375,0.5236290682122158,0.625,0.0
8.15,81,11850,68.0,68.0,68.0,68.0,86.0,137924.62825788747,0.7816869643662607,0.9012345679012346,0.0
1.97,4,272,68.0,68.0,68.0,68.0,68.0,0.0,1.0,1.0,0.0
9.72,56,3808,68.0,68.0,68.0,68.0,68.0,0.0,1.0,1.0,0.0
6.15,24,1632,68.0,68.0,68.0,68.0,68.0,0.0,1.0,1.0,0.0
5.62,52,3536,68.0,68.0,68.0,68.0,68.0,0.0,1.0,1.0,0.0
3.8,51,16532,86.0,68.0,68.0,170.0,908.0,401268.0930411381,1.6493589743589743,0.6862745098039216,0.0
7.17,136,58859,86.0,68.0,68.0,170.0,1639.0,839583.5648248269,1.2488442287853896,0.7058823529411765,0.0
5.16,30,3743,68.0,68.0,68.0,84.5,170.0,30080.512222222223,1.1786961583236322,0.8666666666666667,0.0
4.99,52,20866,86.0,68.0,68.0,170.0,918.5999999999999,766899.6198224849,0.568282600526118,0.6923076923076923,0.0
8.26,56,3808,68.0,68.0,68.0,68.0,68.0,0.0,1.0,1.0,0.0
1.12,4,272,68.0,68.0,68.0,68.0,68.0,0.0,1.0,1.0,0.0
6.34,52,3536,68.0,68.0,68.0,68.0,68.0,0.0,1.0,1.0,0.0
2.97,20,1360,68.0,68.0,68.0,68.0,68.0,0.0,1.0,1.0,0.0
6.7,48,3264,68.0,68.0,68.0,68.0,68.0,0.0,1.0,1.0,0.0
0.89,8,544,68.0,68.0,68.0,68.0,68.0,0.0,1.0,1.0,0.0
0.81,51,17549,86.0,68.0,68.0,170.0,902.0,567705.1864667435,0.827259475218659,0.6666666666666666,0.0
0.71,9,1223,86.0,68.0,68.0,182.0,245.40000000000003,9046.32098765432,1.7922374429223744,0.6666666666666666,0.0
9.51,28,6094,68.0,68.0,68.0,86.0,170.0,339331.08673469385,0.4673729833855045,0.8571428571428571,0.0
5.19,142,56802,86.0,68.0,68.0,170.0,1513.9,730902.9012100775,0.9514893324629814,0.7183098591549296,0.0
2.35,35,10668,86.0,68.0,68.0,170.0,517.0000000000002,465920.1028571428,2.3547169811320754,0.6571428571428571,0.0
2.72,40,8722,68.0,68.0,68.0,68.0,94.40000000000012,398968.0975,0.8050496688741722,0.9,0.0
8.74,36,2448,68.0,68.0,68.0,68.0,68.0,0.0,1.0,1.0,0.0
2.92,12,816,68.0,68.0,68.0,68.0,68.0,0.0,1.0,1.0,0.0
3.62,40,2720,68.0,68.0,68.0,68.0,68.0,0.0,1.0,1.0,0.0
2.48,20,1360,68.0,68.0,68.0,68.0,68.0,0.0,1.0,1.0,0.0
1.25,8,544,68.0,68.0,68.0,68.0,68.0,0.0,1.0,1.0,0.0
6.63,48,3264,68.0,68.0,68.0,68.0,68.0,0.0,1.0,1.0,0.0
0.47,50,23128,86.0,68.0,68.0,170.0,1081.1000000000013,1028742.1263999997,1.535686876438987,0.68,0.0
1.53,4,272,68.0,68.0,68.0,68.0,68.0,0.0,1.0,1.0,0.0
3.19,12,816,68.0,68.0,68.0,68.0,68.0,0.0,1.0,1.0,0.0
2.94,125,49705,86.0,68.0,68.0,170.0,1285.2000000000012,736836.6304,1.1695766041030118,0.68,0.0
7.74,64,22403,86.0,68.0,68.0,136.25,666.600000000001,594951.9509277344,0.8482798448972857,0.734375,0.0
4.78,52,10478,68.0,68.0,68.0,68.0,86.0,410385.32692307694,0.9566760037348273,0.9230769230769231,0.0
0.57,16,1088,68.0,68.0,68.0,68.0,68.0,0.0,1.0,1.0,0.0
5.53,12,816,68.0,68.0,68.0,68.0,68.0,0.0,1.0,1.0,0.0
4.41,44,2992,68.0,68.0,68.0,68.0,68.0,0.0,1.0,1.0,0.0
9.69,32,2176,68.0,68.0,68.0,68.0,68.0,0.0,1.0,1.0,0.0
0.18,4,272,68.0,68.0,68.0,68.0,68.0,0.0,1.0,1.0,0.0
6.98,92,23622,68.0,68.0,68.0,86.0,170.0,421997.942816635,1.0788524157352812,0.8260869565217391,0.0
4.22,8,544,68.0,68.0,68.0,68.0,68.0,0.0,1.0,1.0,0.0
4.98,112,44651,86.0,68.0,68.0,170.0,1626.8000000000034,732273.3819355868,1.1093631897203327,0.6964285714285714,0.0
9.85,78,24780,86.0,68.0,68.0,149.0,791.5999999999998,473275.2899408285,1.2940196259951862,0.7435897435897436,0.0
2.27,25,10590,86.0,68.0,68.0,170.0,1516.0,401296.08,0.5601060695344726,0.6,0.0
2.89,40,2720,68.0,68.0,68.0,68.0,68.0,0.0,1.0,1.0,0.0
9.25,36,2448,68.0,68.0,68.0,68.0,68.0,0.0,1.0,1.0,0.0
3.83,40,2720,68.0,68.0,68.0,68.0,68.0,0.0,1.0,1.0,0.0
0.38,16,1088,68.0,68.0,68.0,68.0,68.0,0.0,1.0,1.0,0.0
7.91,16,1088,68.0,68.0,68.0,68.0,68.0,0.0,1.0,1.0,0.0
5.25,44,2992,68.0,68.0,68.0,68.0,68.0,0.0,1.0,1.0,0.0
5.79,57,23835,86.0,68.0,68.0,170.0,1547.1999999999996,800664.0627885504,1.209604153147307,0.7192982456140351,0.0
1.72,8,544,68.0,68.0,68.0,68.0,68.0,0.0,1.0,1.0,0.0
1.51,16,6212,77.0,68.0,68.0,107.0,888.0,731417.9375,1.7981981981981983,0.75,0.0
8.75,141,55411,86.0,68.0,68.0,170.0,1622.0,696655.2763945475,1.117105413976235,0.7163120567375887,0.0
8.26,91,26364,68.0,68.0,68.0,86.0,710.0,396011.30298273143,1.0027347310847767,0.7912087912087912,0.0
8.58,32,2176,68.0,68.0,68.0,68.0,68.0,0.0,1.0,1.0,0.0
8.02,64,4352,68.0,68.0,68.0,68.0,68.0,0.0,1.0,1.0,0.0
6.34,28,1904,68.0,68.0,68.0,68.0,68.0,0.0,1.0,1.0,0.0
9.33,85,20619,68.0,68.0,68.0,86.0,170.0,372465.67944636685,0.9652115897826916,0.8,0.0
0.88,8,544,68.0,68.0,68.0,68.0,68.0,0.0,1.0,1.0,0.0
2.16,119,52928,86.0,68.0,68.0,170.0,2174.0000000000005,867815.9401172234,0.9409585976750156,0.6890756302521008,0.0
5.73,45,15068,68.0,68.0,68.0,86.0,977.600000000002,580101.864691358,1.008531058384431,0.8,0.0
0.84,12,2843,86.0,68.0,68.0,170.0,713.6000000000003,105847.57638888889,0.7869264613450659,0.6666666666666666,0.0
7.75,78,18128,68.0,68.0,68.0,86.0,298.99999999999875,272379.9855358316,0.5549837021787614,0.8205128205128205,0.0
9.42,55,7572,68.0,68.0,68.0,77.0,183.0,75799.63834710744,1.0349368449341574,0.8727272727272727,0.0
6.75,95,8732,68.0,68.0,68.0,86.0,183.0,3823.7613296398886,0.9408757501667037,0.8631578947368421,0.0
9.55,73,10189,68.0,68.0,68.0,68.0,84.79999999999998,194707.2854194033,0.6367871485943775,0.9452054794520548,0.0
7.22,46,21395,86.0,68.0,68.0,149.0,1950.0,1040343.7490548205,0.9453537006728496,0.7391304347826086,0.0
7.91,155,46468,86.0,68.0,68.0,170.0,851.3999999999999,405168.1767325702,1.620868584320361,0.7354838709677419,0.0
5.07,23,11981,86.0,68.0,68.0,170.0,1917.4000000000003,981305.1228733461,1.294771116644321,0.6521739130434783,0.0
8.67,83,21912,68.0,68.0,68.0,86.0,170.0,552553.1807228916,0.9731652408824853,0.8433734939759037,0.0
5.54,18,1224,68.0,68.0,68.0,68.0,68.0,0.0,1.0,1.0,0.0
4.92,20,1360,68.0,68.0,68.0,68.0,68.0,0.0,1.0,1.0,0.0
7.67,52,3536,68.0,68.0,68.0,68.0,68.0,0.0,1.0,1.0,0.0
5.01,20,1360,68.0,68.0,68.0,68.0,68.0,0.0,1.0,1.0,0.0
9.93,90,22373,68.0,68.0,68.0,86.0,170.0,380350.7976543209,1.189353165671788,0.8222222222222222,0.0
5.66,129,50089,86.0,68.0,68.0,170.0,1258.0000000000005,668915.7239348596,0.8050740567227648,0.6821705426356589,0.0
0.36,12,816,68.0,68.0,68.0,68.0,68.0,0.0,1.0,1.0,0.0
0.38,4,272,68.0,68.0,68.0,68.0,68.0,0.0,1.0,1.0,0.0
2.07,12,4816,86.0,68.0,68.0,170.0,457.10000000000014,814651.7222222224,3.9803516028955532,0.6666666666666666,0.0
8.4,89,19924,68.0,68.0,68.0,86.0,170.0,268831.24024744343,0.7244244417517742,0.8089887640449438,0.0
5.21,20,1360,68.0,68.0,68.0,68.0,68.0,0.0,1.0,1.0,0.0
0.64,4,272,68.0,68.0,68.0,68.0,68.0,0.0,1.0,1.0,0.0
7.41,52,3536,68.0,68.0,68.0,68.0,68.0,0.0,1.0,1.0,0.0
2.07,20,1360,68.0,68.0,68.0,68.0,68.0,0.0,1.0,1.0,0.0
9.92,104,18800,68.0,68.0,68.0,86.0,170.0,203882.29289940826,0.8157233919258258,0.8461538461538461,0.0
6.53,16,1088,68.0,68.0,68.0,68.0,68.0,0.0,1.0,1.0,0.0
1.6,28,14893,86.0,68.0,68.0,170.0,2619.7,1219006.8099489794,0.7443195127664558,0.7142857142857143,0.0
6.63,128,49298,86.0,68.0,68.0,170.0,1306.7999999999988,701221.9802246094,0.6437049879967991,0.7265625,0.0
7.35,100,32013,68.0,68.0,68.0,86.0,486.0,599923.1130999998,0.9347878641363472,0.79,0.0
0.2,8,544,68.0,68.0,68.0,68.0,68.0,0.0,1.0,1.0,0.0
1.49,12,816,68.0,68.0,68.0,68.0,68.0,0.0,1.0,1.0,0.0
5.38,25,4962,86.0,68.0,68.0,516.0,516.0,39262.8096,7.107843137254902,0.72,0.0
7.65,44,2992,68.0,68.0,68.0,68.0,68.0,0.0,1.0,1.0,0.0
2.92,28,1904,68.0,68.0,68.0,68.0,68.0,0.0,1.0,1.0,0.0
2.25,4,272,68.0,68.0,68.0,68.0,68.0,0.0,1.0,1.0,0.0
4.6,44,6506,68.0,68.0,68.0,68.0,86.0,149596.7541322314,0.568844948155293,0.9090909090909091,0.0
0.05,16,8385,86.0,68.0,77.0,344.0,1516.0,777157.80859375,0.9161334552102377,0.625,0.0
6.4,48,12333,68.0,68.0,68.0,86.0,170.0,439504.68359375,0.6636989073249696,0.8333333333333334,0.0
4.81,65,26779,86.0,68.0,68.0,170.0,1273.400000000001,800442.5382248521,0.8442837465564739,0.6923076923076923,0.0
0.3,55,29278,86.0,68.0,68.0,170.0,2443.4,1253896.9474380165,0.6948191027496382,0.6363636363636364,0.0
0.09,4,272,68.0,68.0,68.0,68.0,68.0,0.0,1.0,1.0,0.0
7.53,70,19649,74.0,68.0,68.0,86.0,332.1,529374.3814285714,0.6672889266016122,0.7714285714285715,0.0
4.34,51,6287,68.0,68.0,68.0,68.0,86.0,109576.27758554404,0.46447705567202424,0.9215686274509803,0.0
9.72,36,2448,68.0,68.0,68.0,68.0,68.0,0.0,1.0,1.0,0.0
5.89,56,3808,68.0,68.0,68.0,68.0,68.0,0.0,1.0,1.0,0.0
9.52,24,1632,68.0,68.0,68.0,68.0,68.0,0.0,1.0,1.0,0.0
7.04,166,35954,86.0,68.0,68.0,170.0,486.0,219557.51894324287,1.1123318253921626,0.7409638554216867,0.0
3.9,14,4727,86.0,68.0,68.0,149.0,268.00000000000017,690772.5153061224,4.115800865800866,0.7142857142857143,0.0
6.73,127,53824,86.0,68.0,68.0,170.0,1806.600000000002,771639.0666501333,1.4298677260620287,0.6850393700787402,0.0
1.37,24,1632,68.0,68.0,68.0,68.0,68.0,0.0,1.0,1.0,0.0
5.04,51,24606,86.0,68.0,68.0,170.0,2192.0,1036744.8765859284,0.927765590723911,0.6666666666666666,0.0
7.86,56,3808,68.0,68.0,68.0,68.0,68.0,0.0,1.0,1.0,0.0
8.73,56,3808,68.0,68.0,68.0,68.0,68.0,0.0,1.0,1.0,0.0
1.95,8,544,68.0,68.0,68.0,68.0,68.0,0.0,1.0,1.0,0.0
7.11,32,2176,68.0,68.0,68.0,68.0,68.0,0.0,1.0,1.0,0.0
7.11,87,27737,68.0,68.0,68.0,86.0,597.0000000000011,590955.5064077158,1.206427491846313,0.7931034482758621,0.0
7.34,129,60234,86.0,68.0,68.0,170.0,2057.4000000000005,959544.995132504,1.0748165753849332,0.689922480620155,0.0
4.2,31,7383,68.0,68.0,68.0,86.0,531.0,199445.42559833507,0.6102508178844057,0.8064516129032258,0.0
4.37,51,27052,86.0,68.0,68.0,170.0,2258.0,1072926.4021530182,0.8460488603794186,0.6666666666666666,0.0
7.47,60,4080,68.0,68.0,68.0,68.0,68.0,0.0,1.0,1.0,0.0
8.75,37,7312,86.0,68.0,68.0,486.0,486.0,35239.532505478455,4.268011527377522,0.7027027027027027,0.0
2.21,24,1632,68.0,68.0,68.0,68.0,68.0,0.0,1.0,1.0,0.0
7.8,52,3536,68.0,68.0,68.0,68.0,68.0,0.0,1.0,1.0,0.0
1.4,24,1632,68.0,68.0,68.0,68.0,68.0,0.0,1.0,1.0,0.0
7.87,86,21257,68.0,68.0,68.0,86.0,231.0,340848.7486479179,1.7442550994061452,0.8023255813953488,0.0
0.75,12,4982,86.0,69.2,84.5,317.25,759.0,480077.4722222222,1.58402489626556,0.5833333333333334,0.0
4.15,119,40777,86.0,68.0,68.0,170.0,1101.8000000000009,521183.2315514441,1.2694234194122884,0.6974789915966386,0.0
2.9,16,5842,77.0,68.0,68.0,107.0,584.5,753596.359375,2.6218226906385618,0.75,0.0
5.6,47,17680,86.0,68.0,68.0,128.0,1791.4,595369.5454956995,1.0881067674501004,0.7446808510638298,0.0
2.65,36,5291,68.0,68.0,68.0,68.0,128.0,141620.4158950618,2.2183698296836982,0.8888888888888888,0.0
7.75,36,2448,68.0,68.0,68.0,68.0,68.0,0.0,1.0,1.0,0.0
3.73,12,816,68.0,68.0,68.0,68.0,68.0,0.0,1.0,1.0,0.0
3.81,44,2992,68.0,68.0,68.0,68.0,68.0,0.0,1.0,1.0,0.0
7.5,32,2176,68.0,68.0,68.0,68.0,68.0,0.0,1.0,1.0,0.0
8.14,106,23613,68.0,68.0,68.0,86.0,170.0,307090.1802242791,0.8038961038961039,0.8018867924528302,0.0
1.74,8,544,68.0,68.0,68.0,68.0,68.0,0.0,1.0,1.0,0.0
7.22,138,61281,86.0,68.0,68.0,170.0,1467.6999999999994,866777.3218336484,1.4305318684805457,0.6956521739130435,0.0
0.98,12,816,68.0,68.0,68.0,68.0,68.0,0.0,1.0,1.0,0.0
4.97,24,10580,86.0,68.0,68.0,170.0,1576.6,746642.3055555555,0.6593475533249686,0.6666666666666666,0.0
7.72,77,20641,68.0,68.0,68.0,86.0,170.0,589095.4892899311,1.6277530235518778,0.8441558441558441,0.0
7.61,28,1904,68.0,68.0,68.0,68.0,68.0,0.0,1.0,1.0,0.0
1.04,4,272,68.0,68.0,68.0,68.0,68.0,0.0,1.0,1.0,0.0
1.17,8,544,68.0,68.0,68.0,68.0,68.0,0.0,1.0,1.0,0.0
7.12,56,3808,68.0,68.0,68.0,68.0,68.0,0.0,1.0,1.0,0.0
8.93,56,3808,68.0,68.0,68.0,68.0,68.0,0.0,1.0,1.0,0.0
7.01,62,23104,86.0,68.0,68.0,149.0,823.5999999999991,752466.7450572322,0.9206916618172749,0.7419354838709677,0.0
6.08,129,54607,86.0,68.0,68.0,170.0,1459.2000000000003,825162.4929992189,0.814728656408893,0.6744186046511628,0.0
8.4,65,25968,86.0,68.0,68.0,170.0,1231.4000000000003,745902.1884023669,0.7748615952429773,0.7384615384615385,0.0
0.38,12,3817,86.0,68.0,68.0,170.0,1232.0000000000005,249781.40972222222,1.088074398249453,0.6666666666666666,0.0
3.03,40,2720,68.0,68.0,68.0,68.0,68.0,0.0,1.0,1.0,0.0
4.2,20,1360,68.0,68.0,68.0,68.0,68.0,0.0,1.0,1.0,0.0
9.36,56,3808,68.0,68.0,68.0,68.0,68.0,0.0,1.0,1.0,0.0
2.28,20,1360,68.0,68.0,68.0,68.0,68.0,0.0,1.0,1.0,0.0
8.44,56,3808,68.0,68.0,68.0,68.0,68.0,0.0,1.0,1.0,0.0
2.29,51,19909,86.0,68.0,68.0,170.0,1976.0,607113.8023836985,1.0926003783897413,0.6862745098039216,0.0
0.11,4,272,68.0,68.0,68.0,68.0,68.0,0.0,1.0,1.0,0.0
6.01,134,54126,86.0,68.0,68.0,170.0,1323.1000000000001,745621.2183114279,0.9889758571271083,0.6940298507462687,0.0
8.35,64,20059,77.0,68.0,68.0,97.5,1012.1000000000034,465373.1501464844,0.9852533650039589,0.75,0.0
6.72,68,8720,68.0,68.0,68.0,68.0,86.0,202814.09169550185,2.450732093391373,0.9411764705882353,0.0
1.57,4,272,68.0,68.0,68.0,68.0,68.0,0.0,1.0,1.0,0.0
7.1,56,3808,68.0,68.0,68.0,68.0,68.0,0.0,1.0,1.0,0.0
8.13,32,2176,68.0,68.0,68.0,68.0,68.0,0.0,1.0,1.0,0.0
5.51,68,17126,68.0,68.0,68.0,72.5,170.0,447933.4783737024,0.997201166180758,0.8676470588235294,0.0
1.51,29,8963,86.0,68.0,68.0,170.0,479.3999999999999,482564.7538644471,3.202062822315987,0.7241379310344828,0.0
3.08,12,816,68.0,68.0,68.0,68.0,68.0,0.0,1.0,1.0,0.0
1.07,14,5447,86.0,68.0,68.0,149.0,335.2000000000003,982520.9234693879,4.7216386554621845,0.7142857142857143,0.0
4.61,124,47541,86.0,68.0,68.0,170.0,1400.2000000000003,685683.7712669094,1.348399525785418,0.7096774193548387,0.0
4.66,29,13448,86.0,68.0,80.0,170.0,1516.0,617148.2687277051,0.8497936726272353,0.6206896551724138,0.0
1.55,24,9955,86.0,68.0,68.0,170.0,1573.4999999999993,596708.1649305555,0.7982297687861272,0.6666666666666666,0.0
6.12,60,6076,68.0,68.0,68.0,68.0,86.0,24971.19555555555,0.8893034825870647,0.9333333333333333,0.0
5.24,16,1088,68.0,68.0,68.0,68.0,68.0,0.0,1.0,1.0,0.0
5.04,20,1360,68.0,68.0,68.0,68.0,68.0,0.0,1.0,1.0,0.0
3.09,32,2176,68.0,68.0,68.0,68.0,68.0,0.0,1.0,1.0,0.0
6.85,28,1904,68.0,68.0,68.0,68.0,68.0,0.0,1.0,1.0,0.0
8.2,98,23381,68.0,68.0,68.0,86.0,170.0,342591.8759891712,1.2367741318281833,0.826530612244898,0.0
3.34,4,272,68.0,68.0,68.0,68.0,68.0,0.0,1.0,1.0,0.0
2.82,12,816,68.0,68.0,68.0,68.0,68.0,0.0,1.0,1.0,0.0
5.74,141,51484,86.0,68.0,68.0,170.0,1431.0,637274.5421256475,1.2403829416884247,0.7092198581560284,0.0
2.72,13,7434,86.0,68.0,68.0,170.0,2086.000000000002,1304830.4378698224,0.6918525261720528,0.6923076923076923,0.0
9.65,88,21688,68.0,68.0,68.0,86.0,170.0,417731.08884297515,0.7772678849463247,0.8181818181818182,0.0
4.98,20,1360,68.0,68.0,68.0,68.0,68.0,0.0,1.0,1.0,0.0
3.59,12,816,68.0,68.0,68.0,68.0,68.0,0.0,1.0,1.0,0.0
3.83,44,2992,68.0,68.0,68.0,68.0,68.0,0.0,1.0,1.0,0.0
8.92,32,2176,68.0,68.0,68.0,68.0,68.0,0.0,1.0,1.0,0.0
9.0,96,24879,68.0,68.0,68.0,86.0,170.0,473535.8193359375,1.196045546826728,0.8333333333333334,0.0
7.75,137,65722,86.0,68.0,68.0,170.0,2065.0000000000023,1066469.2223347009,0.8718350374526501,0.7007299270072993,0.0
4.4,28,7500,68.0,68.0,68.0,86.0,170.0,513342.55102040817,1.5527569775357386,0.8571428571428571,0.0
0.34,12,4116,86.0,68.0,68.0,170.0,834.2000000000003,382505.0,0.5076923076923077,0.6666666666666666,0.0
8.36,81,18893,68.0,68.0,68.0,86.0,170.0,362546.7044657827,0.5501312766655727,0.8271604938271605,0.0
1.55,20,1360,68.0,68.0,68.0,68.0,68.0,0.0,1.0,1.0,0.0
3.54,12,816,68.0,68.0,68.0,68.0,68.0,0.0,1.0,1.0,0.0
2.34,24,1632,68.0,68.0,68.0,68.0,68.0,0.0,1.0,1.0,0.0
3.23,24,1632,68.0,68.0,68.0,68.0,68.0,0.0,1.0,1.0,0.0
4.07,16,1088,68.0,68.0,68.0,68.0,68.0,0.0,1.0,1.0,0.0
6.46,36,2448,68.0,68.0,68.0,68.0,68.0,0.0,1.0,1.0,0.0
3.82,77,20991,86.0,68.0,68.0,170.0,486.0,422586.159892056,0.8967199783139063,0.7272727272727273,0.0
4.76,28,5632,86.0,68.0,68.0,516.0,516.0,39709.55102040817,7.2823529411764705,0.7142857142857143,0.0
8.88,132,47278,86.0,68.0,68.0,170.0,897.8000000000002,611202.2904040406,0.6680073384137737,0.6893939393939394,0.0
8.83,85,22549,80.0,68.0,68.0,86.0,360.2000000000027,416615.7320415227,1.6171077065923862,0.7647058823529411,0.0
2.81,36,2448,68.0,68.0,68.0,68.0,68.0,0.0,1.0,1.0,0.0
5.95,24,1632,68.0,68.0,68.0,68.0,68.0,0.0,1.0,1.0,0.0
2.32,8,544,68.0,68.0,68.0,68.0,68.0,0.0,1.0,1.0,0.0
8.27,56,3808,68.0,68.0,68.0,68.0,68.0,0.0,1.0,1.0,0.0
3.75,16,1088,68.0,68.0,68.0,68.0,68.0,0.0,1.0,1.0,0.0
3.29,12,816,68.0,68.0,68.0,68.0,68.0,0.0,1.0,1.0,0.0
5.8,89,24001,68.0,68.0,68.0,86.0,170.0,473442.8264108067,0.6648862375138734,0.8202247191011236,0.0
5.64,28,3815,68.0,68.0,68.0,86.0,170.0,69624.6875,1.9188982402448356,0.8571428571428571,0.0
5.12,140,54049,86.0,68.0,68.0,170.0,987.3000000000011,728790.645867347,1.0222621319265162,0.7071428571428572,0.0
8.36,86,24828,68.0,68.0,68.0,86.0,413.5,430832.83883180097,1.1995038979447201,0.7906976744186046,0.0
5.0,101,16534,86.0,68.0,68.0,222.0,486.0,21379.75335751396,2.675855935971543,0.6732673267326733,0.0
1.93,4,272,68.0,68.0,68.0,68.0,68.0,0.0,1.0,1.0,0.0
2.15,16,1088,68.0,68.0,68.0,68.0,68.0,0.0,1.0,1.0,0.0
1.38,8,544,68.0,68.0,68.0,68.0,68.0,0.0,1.0,1.0,0.0
2.84,48,3264,68.0,68.0,68.0,68.0,68.0,0.0,1.0,1.0,0.0
1.03,4,272,68.0,68.0,68.0,68.0,68.0,0.0,1.0,1.0,0.0
4.76,67,17023,68.0,68.0,68.0,86.0,592.1999999999996,286718.03920695034,1.1580882352941178,0.7611940298507462,0.0
4.87,40,2720,68.0,68.0,68.0,68.0,68.0,0.0,1.0,1.0,0.0
1.46,40,19830,86.0,68.0,68.0,170.0,1360.1000000000015,1039808.1875,0.6275443204202232,0.65,0.0
7.0,115,43807,86.0,68.0,68.0,170.0,1257.6000000000026,664539.6995085066,0.6167330971361087,0.7043478260869566,0.0
0.45,12,816,68.0,68.0,68.0,68.0,68.0,0.0,1.0,1.0,0.0
5.95,55,28391,86.0,68.0,68.0,170.0,2075.6000000000017,1173041.7236363639,1.590419708029197,0.6727272727272727,0.0
4.05,44,2992,68.0,68.0,68.0,68.0,68.0,0.0,1.0,1.0,0.0
4.88,12,816,68.0,68.0,68.0,68.0,68.0,0.0,1.0,1.0,0.0
3.32,16,1088,68.0,68.0,68.0,68.0,68.0,0.0,1.0,1.0,0.0
2.11,40,2720,68.0,68.0,68.0,68.0,68.0,0.0,1.0,1.0,0.0
4.06,16,1088,68.0,68.0,68.0,68.0,68.0,0.0,1.0,1.0,0.0
5.08,24,1632,68.0,68.0,68.0,68.0,68.0,0.0,1.0,1.0,0.0
5.96,93,25661,68.0,68.0,68.0,86.0,422.7999999999991,544324.112614175,0.7722909040679605,0.8064516129032258,0.0
4.72,44,8702,86.0,68.0,68.0,486.0,486.0,35471.493801652905,3.0701590271281574,0.7045454545454546,0.0
5.92,121,56858,86.0,68.0,68.0,170.0,2174.0,910210.1058670856,1.4061785865425307,0.6694214876033058,0.0
8.94,90,28164,68.0,68.0,68.0,86.0,276.6000000000016,567875.5733333334,0.9120162932790224,0.7777777777777778,0.0
3.15,36,2448,68.0,68.0,68.0,68.0,68.0,0.0,1.0,1.0,0.0
9.89,40,2720,68.0,68.0,68.0,68.0,68.0,0.0,1.0,1.0,0.0
6.95,40,2720,68.0,68.0,68.0,68.0,68.0,0.0,1.0,1.0,0.0
4.2,28,1904,68.0,68.0,68.0,68.0,68.0,0.0,1.0,1.0,0.0
5.7,68,10440,68.0,68.0,68.0,68.0,170.0,119340.80795847751,1.289975871901733,0.8823529411764706,0.0
6.68,37,11718,68.0,68.0,68.0,170.0,1030.9999999999995,368773.3981008036,0.7944869831546707,0.7297297297297297,0.0
1.23,4,272,68.0,68.0,68.0,68.0,68.0,0.0,1.0,1.0,0.0
4.42,124,54114,86.0,68.0,68.0,170.0,1582.5000000000011,880040.9341831423,1.1377948089914274,0.6774193548387096,0.0
4.89,26,9442,68.0,68.0,68.0,86.0,170.0,966242.4378698225,0.9991530806690663,0.8461538461538461,0.0
1.94,24,9389,86.0,68.0,68.0,170.0,1058.7999999999995,599755.4982638889,1.309149040826365,0.6666666666666666,0.0
1.33,12,4064,86.0,68.0,68.0,170.0,1067.3000000000004,321575.72222222225,0.6800330715171559,0.6666666666666666,0.0
6.13,64,6435,68.0,68.0,68.0,68.0,86.0,26528.966552734375,1.1579476861167002,0.9375,0.0
6.27,16,1088,68.0,68.0,68.0,68.0,68.0,0.0,1.0,1.0,0.0
8.66,64,4352,68.0,68.0,68.0,68.0,68.0,0.0,1.0,1.0,0.0
3.63,4,272,68.0,68.0,68.0,68.0,68.0,0.0,1.0,1.0,0.0
2.92,12,816,68.0,68.0,68.0,68.0,68.0,0.0,1.0,1.0,0.0
0.17,4,272,68.0,68.0,68.0,68.0,68.0,0.0,1.0,1.0,0.0
3.48,40,2720,68.0,68.0,68.0,68.0,68.0,0.0,1.0,1.0,0.0
2.1,51,23003,86.0,68.0,68.0,170.0,1338.0,877692.5082660516,1.0479878917378918,0.6666666666666666,0.0
9.0,147,58729,86.0,68.0,68.0,170.0,1096.2,734895.9503910408,1.235421741778319,0.6938775510204082,0.0
5.21,39,15416,68.0,68.0,68.0,86.0,533.0000000000052,909947.1255752794,0.6972365958383794,0.7948717948717948,0.0
0.96,24,12588,86.0,68.0,68.0,170.0,1909.6999999999994,1028810.3333333334,1.2878953107960742,0.625,0.0
4.46,52,9393,68.0,68.0,68.0,68.0,86.0,287404.3857248521,0.9720764224228428,0.9230769230769231,0.0
9.1,32,2176,68.0,68.0,68.0,68.0,68.0,0.0,1.0,1.0,0.0
5.49,44,2992,68.0,68.0,68.0,68.0,68.0,0.0,1.0,1.0,0.0
2.91,20,1360,68.0,68.0,68.0,68.0,68.0,0.0,1.0,1.0,0.0
6.85,48,3264,68.0,68.0,68.0,68.0,68.0,0.0,1.0,1.0,0.0
1.57,8,544,68.0,68.0,68.0,68.0,68.0,0.0,1.0,1.0,0.0
1.27,47,17925,86.0,68.0,68.0,170.0,1452.3999999999999,495457.3852421911,1.4909672040022235,0.6382978723404256,0.0
2.05,4,272,68.0,68.0,68.0,68.0,68.0,0.0,1.0,1.0,0.0
2.44,12,816,68.0,68.0,68.0,68.0,68.0,0.0,1.0,1.0,0.0
5.14,122,50375,86.0,68.0,68.0,170.0,1545.1000000000006,720536.7869524324,0.7648192264573991,0.6721311475409836,0.0
5.96,43,16107,68.0,68.0,68.0,86.0,426.00000000000136,857171.9643050297,1.358272327964861,0.7906976744186046,0.0
3.44,39,18995,86.0,68.0,74.0,170.0,1516.0,650401.1255752794,0.9096209912536443,0.5897435897435898,0.0
6.58,60,4080,68.0,68.0,68.0,68.0,68.0,0.0,1.0,1.0,0.0
5.22,20,1360,68.0,68.0,68.0,68.0,68.0,0.0,1.0,1.0,0.0
2.78,36,2448,68.0,68.0,68.0,68.0,68.0,0.0,1.0,1.0,0.0
2.81,20,1360,68.0,68.0,68.0,68.0,68.0,0.0,1.0,1.0,0.0
4.68,16,1088,68.0,68.0,68.0,68.0,68.0,0.0,1.0,1.0,0.0
8.84,90,21861,68.0,68.0,68.0,86.0,176.80000000000058,316092.46777777775,1.1510380793072912,0.8111111111111111,0.0
0.69,4,272,68.0,68.0,68.0,68.0,68.0,0.0,1.0,1.0,0.0
2.08,8,544,68.0,68.0,68.0,68.0,68.0,0.0,1.0,1.0,0.0
4.98,129,54357,86.0,68.0,68.0,170.0,1446.0000000000007,767468.466197945,0.7847714736012609,0.6821705426356589,0.0
5.84,43,12512,68.0,68.0,68.0,86.0,608.4000000000024,453571.6506219577,0.5653696984861754,0.7906976744186046,0.0
7.22,76,16744,68.0,68.0,68.0,86.0,170.0,330674.21606648195,1.498358698895852,0.8289473684210527,0.0
8.3,32,2176,68.0,68.0,68.0,68.0,68.0,0.0,1.0,1.0,0.0
8.45,64,4352,68.0,68.0,68.0,68.0,68.0,0.0,1.0,1.0,0.0
6.48,36,2448,68.0,68.0,68.0,68.0,68.0,0.0,1.0,1.0,0.0
0.54,20,1360,68.0,68.0,68.0,68.0,68.0,0.0,1.0,1.0,0.0
4.53,51,21626,86.0,68.0,68.0,170.0,1516.0,684295.5278738948,0.9778672032193159,0.6470588235294118,0.0
1.85,8,544,68.0,68.0,68.0,68.0,68.0,0.0,1.0,1.0,0.0
8.12,145,65604,86.0,68.0,68.0,170.0,1751.7999999999997,1011408.1500118906,0.990714610832954,0.7241379310344828,0.0
2.78,12,6376,86.0,68.0,68.0,170.0,1152.8000000000004,1299975.5555555555,0.37532355478861085,0.6666666666666666,0.0
7.31,88,20539,68.0,68.0,68.0,86.0,170.0,330155.6940857437,1.0392176330420968,0.8181818181818182,0.0
8.46,32,2176,68.0,68.0,68.0,68.0,68.0,0.0,1.0,1.0,0.0
7.21,64,4352,68.0,68.0,68.0,68.0,68.0,0.0,1.0,1.0,0.0
2.42,12,816,68.0,68.0,68.0,68.0,68.0,0.0,1.0,1.0,0.0
8.4,107,28468,68.0,68.0,68.0,86.0,327.6000000000015,447799.69779020007,0.9156180606957809,0.8037383177570093,0.0
0.8,24,5360,86.0,68.0,68.0,516.0,516.0,42880.88888888888,8.852941176470589,0.6666666666666666,0.0
5.45,125,58423,86.0,68.0,68.0,170.0,1941.400000000004,886280.604544,1.0643440161125048,0.664,0.0
5.72,55,13107,68.0,68.0,68.0,86.0,170.0,328902.5771900826,1.2128988688164781,0.8363636363636363,0.0
4.11,39,15269,86.0,68.0,68.0,170.0,1134.2000000000016,637339.2754766601,1.2190088649905537,0.6923076923076923,0.0
2.39,36,2448,68.0,68.0,68.0,68.0,68.0,0.0,1.0,1.0,0.0
6.73,28,1904,68.0,68.0,68.0,68.0,68.0,0.0,1.0,1.0,0.0
8.08,52,3536,68.0,68.0,68.0,68.0,68.0,0.0,1.0,1.0,0.0
5.54,24,1632,68.0,68.0,68.0,68.0,68.0,0.0,1.0,1.0,0.0
5.94,48,3264,68.0,68.0,68.0,68.0,68.0,0.0,1.0,1.0,0.0
5.42,55,14716,86.0,68.0,68.0,170.0,272.00000000000006,329899.4095867769,1.1814408538393122,0.7090909090909091,0.0
7.8,149,58689,86.0,68.0,68.0,170.0,1263.4,791288.7319490113,0.8205478177249744,0.7181208053691275,0.0
5.73,44,15010,74.0,68.0,68.0,86.0,170.0,742678.6177685951,1.4958430329231793,0.8181818181818182,0.0
1.48,23,11603,86.0,68.0,77.0,170.0,1443.4000000000003,808188.5103969753,0.6413919932097892,0.6086956521739131,0.0
3.97,52,7576,68.0,68.0,68.0,68.0,86.0,187394.7130177514,0.5142914251449131,0.9230769230769231,0.0
3.65,107,17124,86.0,68.0,68.0,222.0,486.0,21791.624770722327,2.506142506142506,0.7009345794392523,0.0
8.52,20,1360,68.0,68.0,68.0,68.0,68.0,0.0,1.0,1.0,0.0
3.29,56,3808,68.0,68.0,68.0,68.0,68.0,0.0,1.0,1.0,0.0
4.84,4,272,68.0,68.0,68.0,68.0,68.0,0.0,1.0,1.0,0.0
7.77,103,21515,68.0,68.0,68.0,86.0,170.0,271238.56895089085,0.8912623066104078,0.8446601941747572,0.0
8.96,136,51166,86.0,68.0,68.0,170.0,1523.5,596731.8631055364,1.0933638818427298,0.6985294117647058,0.0
4.84,35,16653,68.0,68.0,68.0,86.0,1904.000000000004,1192412.902857143,0.8540414161656646,0.7714285714285715,0.0
0.03,12,6556,86.0,68.0,68.0,170.0,1512.8000000000006,1232850.5555555553,0.4846014492753623,0.6666666666666666,0.0
9.85,84,15137,68.0,68.0,68.0,68.0,144.80000000000024,279858.7328514739,0.43071833648393193,0.8928571428571429,0.0
1.77,8,544,68.0,68.0,68.0,68.0,68.0,0.0,1.0,1.0,0.0
0.28,4,272,68.0,68.0,68.0,68.0,68.0,0.0,1.0,1.0,0.0
5.78,44,2992,68.0,68.0,68.0,68.0,68.0,0.0,1.0,1.0,0.0
4.5,20,1360,68.0,68.0,68.0,68.0,68.0,0.0,1.0,1.0,0.0
4.24,16,1088,68.0,68.0,68.0,68.0,68.0,0.0,1.0,1.0,0.0
6.84,92,27671,68.0,68.0,68.0,86.0,170.0,556829.1326795842,0.7848803457395342,0.8152173913043478,0.0
1.71,42,8868,86.0,68.0,68.0,486.0,486.0,34836.40816326531,2.535885167464115,0.6428571428571429,0.0
0.11,4,272,68.0,68.0,68.0,68.0,68.0,0.0,1.0,1.0,0.0
3.93,119,59788,86.0,68.0,68.0,170.0,2233.8,1028405.5881646778,1.03575198338384,0.6638655462184874,0.0
1.79,12,7611,86.0,68.0,68.0,170.0,2860.1000000000013,1456658.3541666667,0.9151987921489683,0.6666666666666666,0.0
6.65,76,19955,68.0,68.0,68.0,86.0,174.0,385002.2719875346,1.553749680061428,0.7894736842105263,0.0
1.42,12,816,68.0,68.0,68.0,68.0,68.0,0.0,1.0,1.0,0.0
4.4,28,1904,68.0,68.0,68.0,68.0,68.0,0.0,1.0,1.0,0.0
0.77,4,272,68.0,68.0,68.0,68.0,68.0,0.0,1.0,1.0,0.0
0.35,16,1088,68.0,68.0,68.0,68.0,68.0,0.0,1.0,1.0,0.0
6.98,56,3808,68.0,68.0,68.0,68.0,68.0,0.0,1.0,1.0,0.0
1.19,4,272,68.0,68.0,68.0,68.0,68.0,0.0,1.0,1.0,0.0
8.87,72,4896,68.0,68.0,68.0,68.0,68.0,0.0,1.0,1.0,0.0
7.44,63,21803,86.0,68.0,68.0,170.0,1417.2000000000019,486017.4381456289,1.208793435315571,0.7142857142857143,0.0
2.62,21,5245,68.0,68.0,68.0,86.0,170.0,411098.276643991,2.688466947960619,0.8095238095238095,0.0
0.87,106,50616,86.0,68.0,68.0,170.0,1779.0,971874.2310430756,1.2111746974793587,0.660377358490566,0.0
0.93,16,1088,68.0,68.0,68.0,68.0,68.0,0.0,1.0,1.0,0.0
8.87,63,27685,86.0,68.0,68.0,170.0,1514.6000000000001,757406.9453262787,0.870734509088452,0.6666666666666666,0.0
7.84,56,3808,68.0,68.0,68.0,68.0,68.0,0.0,1.0,1.0,0.0
9.93,56,3808,68.0,68.0,68.0,68.0,68.0,0.0,1.0,1.0,0.0
4.83,20,1360,68.0,68.0,68.0,68.0,68.0,0.0,1.0,1.0,0.0
6.61,36,2448,68.0,68.0,68.0,68.0,68.0,0.0,1.0,1.0,0.0
0.22,12,816,68.0,68.0,68.0,68.0,68.0,0.0,1.0,1.0,0.0
4.88,67,13228,86.0,68.0,68.0,126.0,545.9999999999999,118170.42459345068,1.2685645686846168,0.7313432835820896,0.0
1.47,8,544,68.0,68.0,68.0,68.0,68.0,0.0,1.0,1.0,0.0
3.73,58,25270,86.0,68.0,68.0,170.0,1837.2000000000014,737965.2829964327,1.0130646060702622,0.7068965517241379,0.0
3.63,76,39039,86.0,68.0,68.0,170.0,2353.0,1082123.326004155,1.2339914163090129,0.6710526315789473,0.0
3.52,24,5275,68.0,68.0,68.0,86.0,500.39999999999964,154347.16493055553,0.382699868938401,0.7916666666666666,0.0
9.99,94,17697,68.0,68.0,68.0,86.0,170.0,237839.4718198279,0.8717080909571655,0.8297872340425532,0.0
0.16,12,816,68.0,68.0,68.0,68.0,68.0,0.0,1.0,1.0,0.0
8.8,20,1360,68.0,68.0,68.0,68.0,68.0,0.0,1.0,1.0,0.0
1.13,8,544,68.0,68.0,68.0,68.0,68.0,0.0,1.0,1.0,0.0
3.29,32,2176,68.0,68.0,68.0,68.0,68.0,0.0,1.0,1.0,0.0
3.47,20,1360,68.0,68.0,68.0,68.0,68.0,0.0,1.0,1.0,0.0
0.53,4,272,68.0,68.0,68.0,68.0,68.0,0.0,1.0,1.0,0.0
4.61,16,1088,68.0,68.0,68.0,68.0,68.0,0.0,1.0,1.0,0.0
7.52,90,31088,68.0,68.0,68.0,86.0,170.0,810265.7550617284,1.0366876310272537,0.8222222222222222,0.0
6.44,138,53027,86.0,68.0,68.0,170.0,1638.0,646214.2472694811,1.0515727163694046,0.7101449275362319,0.0
9.31,66,29112,80.0,68.0,68.0,95.0,1919.5,974234.476584022,0.9252694927584154,0.7575757575757576,0.0
7.24,70,10553,68.0,68.0,68.0,68.0,86.0,103414.29816326531,0.597003631961259,0.9142857142857143,0.0
5.95,12,816,68.0,68.0,68.0,68.0,68.0,0.0,1.0,1.0,0.0
5.08,48,3264,68.0,68.0,68.0,68.0,68.0,0.0,1.0,1.0,0.0
7.88,54,6724,68.0,68.0,68.0,86.0,183.7,41746.02743484225,1.398002853067047,0.8148148148148148,0.0
0.01,4,272,68.0,68.0,68.0,68.0,68.0,0.0,1.0,1.0,0.0
5.07,44,2992,68.0,68.0,68.0,68.0,68.0,0.0,1.0,1.0,0.0
5.55,60,18167,86.0,68.0,68.0,170.0,1130.9000000000005,301689.6697222222,0.9959349593495935,0.7,0.0
0.17,4,272,68.0,68.0,68.0,68.0,68.0,0.0,1.0,1.0,0.0
0.9,4,272,68.0,68.0,68.0,68.0,68.0,0.0,1.0,1.0,0.0
9.81,161,56277,86.0,68.0,68.0,170.0,1087.0,565923.8503144168,1.5534029038112522,0.7204968944099379,0.0
0.12,12,8052,86.0,68.0,68.0,170.0,2816.900000000001,1688461.1666666667,0.8041676002688775,0.6666666666666666,0.0
4.83,40,15308,86.0,68.0,68.0,170.0,1338.500000000001,550497.81,0.7635944700460829,0.7,0.0
3.42,36,2448,68.0,68.0,68.0,68.0,68.0,0.0,1.0,1.0,0.0
4.98,20,1360,68.0,68.0,68.0,68.0,68.0,0.0,1.0,1.0,0.0
0.75,4,272,68.0,68.0,68.0,68.0,68.0,0.0,1.0,1.0,0.0
8.9,60,4080,68.0,68.0,68.0,68.0,68.0,0.0,1.0,1.0,0.0
5.35,16,1088,68.0,68.0,68.0,68.0,68.0,0.0,1.0,1.0,0.0
6.28,52,3536,68.0,68.0,68.0,68.0,68.0,0.0,1.0,1.0,0.0
7.24,61,22910,86.0,68.0,68.0,170.0,816.0,698359.6871808651,1.34829848298483,0.7213114754098361,0.0
6.92,139,58805,86.0,68.0,68.0,170.0,1516.0,718365.0614357435,1.0492403122386396,0.6906474820143885,0.0
7.9,65,19523,86.0,68.0,68.0,170.0,674.6000000000001,418679.49017751473,0.89857045609258,0.7384615384615385,0.0
4.08,50,7277,68.0,68.0,68.0,68.0,86.0,138049.2484,1.38746719160105,0.92,0.0
0.31,12,816,68.0,68.0,68.0,68.0,68.0,0.0,1.0,1.0,0.0
5.86,12,816,68.0,68.0,68.0,68.0,68.0,0.0,1.0,1.0,0.0
5.21,36,2448,68.0,68.0,68.0,68.0,68.0,0.0,1.0,1.0,0.0
6.35,36,2448,68.0,68.0,68.0,68.0,68.0,0.0,1.0,1.0,0.0
3.05,12,816,68.0,68.0,68.0,68.0,68.0,0.0,1.0,1.0,0.0
4.14,44,2992,68.0,68.0,68.0,68.0,68.0,0.0,1.0,1.0,0.0
4.13,51,20814,86.0,68.0,68.0,170.0,999.0,791769.5155709344,1.692277842452464,0.6666666666666666,0.0
6.6,136,51613,86.0,68.0,68.0,170.0,1044.0,695440.4411224048,0.8349331626848692,0.7058823529411765,0.0
1.19,16,1088,68.0,68.0,68.0,68.0,68.0,0.0,1.0,1.0,0.0
7.64,48,16956,86.0,68.0,68.0,170.0,1247.9000000000008,495154.5208333333,1.6518611197998123,0.6666666666666666,0.0
0.2,12,3298,86.0,68.0,68.0,170.0,597.5000000000002,207942.8055555556,0.5163218390804598,0.6666666666666666,0.0
3.63,43,3025,68.0,68.0,68.0,68.0,68.0,162.22714981070848,0.8941765810895429,0.9767441860465116,0.0
0.06,3,305,86.0,71.6,77.0,118.5,138.0,1270.888888888889,3.485294117647059,0.6666666666666666,0.0
2.05,26,2112,68.0,68.0,68.0,68.0,86.0,1674.1775147928997,1.0,0.9230769230769231,0.0
8.08,52,3536,68.0,68.0,68.0,68.0,68.0,0.0,1.0,1.0,0.0
9.78,36,2448,68.0,68.0,68.0,68.0,68.0,0.0,1.0,1.0,0.0
8.97,100,26329,68.0,68.0,68.0,86.0,170.0,471594.1659000002,0.9781367392937641,0.84,0.0
6.91,137,46723,86.0,68.0,68.0,170.0,882.8000000000013,531320.9615855933,1.0432500983950672,0.6934306569343066,0.0
9.83,79,22046,86.0,68.0,68.0,170.0,1035.2,324050.71751321905,0.5326751946607341,0.7341772151898734,0.0
2.17,40,2720,68.0,68.0,68.0,68.0,68.0,0.0,1.0,1.0,0.0
7.66,32,2176,68.0,68.0,68.0,68.0,68.0,0.0,1.0,1.0,0.0
5.37,44,2992,68.0,68.0,68.0,68.0,68.0,0.0,1.0,1.0,0.0
1.67,20,1360,68.0,68.0,68.0,68.0,68.0,0.0,1.0,1.0,0.0
8.0,56,3808,68.0,68.0,68.0,68.0,68.0,0.0,1.0,1.0,0.0
2.91,51,27117,86.0,68.0,68.0,170.0,1881.0,1162877.3448673587,1.0739579349904398,0.6862745098039216,0.0
0.21,4,272,68.0,68.0,68.0,68.0,68.0,0.0,1.0,1.0,0.0
0.22,4,272,68.0,68.0,68.0,68.0,68.0,0.0,1.0,1.0,0.0
6.12,126,47385,86.0,68.0,68.0,170.0,1489.5,576500.0663265305,0.7289378625898493,0.6825396825396826,0.0
4.83,28,6641,68.0,68.0,68.0,86.0,170.0,451144.5038265306,2.312219451371571,0.8571428571428571,0.0
5.09,50,21251,86.0,68.0,68.0,170.0,1882.2,780317.8596000001,1.1605327368849125,0.68,0.0
8.57,56,3808,68.0,68.0,68.0,68.0,68.0,0.0,1.0,1.0,0.0
0.54,4,272,68.0,68.0,68.0,68.0,68.0,0.0,1.0,1.0,0.0
8.77,64,4352,68.0,68.0,68.0,68.0,68.0,0.0,1.0,1.0,0.0
4.44,8,544,68.0,68.0,68.0,68.0,68.0,0.0,1.0,1.0,0.0
5.32,20,1360,68.0,68.0,68.0,68.0,68.0,0.0,1.0,1.0,0.0
0.18,8,544,68.0,68.0,68.0,68.0,68.0,0.0,1.0,1.0,0.0
5.77,80,19767,68.0,68.0,68.0,86.0,192.50000000000193,319656.40484375,1.7294946147473074,0.8,0.0
3.42,12,816,68.0,68.0,68.0,68.0,68.0,0.0,1.0,1.0,0.0
3.77,124,53499,86.0,68.0,68.0,170.0,1746.9000000000015,732158.0532648286,1.1434752994911654,0.6693548387096774,0.0
5.61,40,12822,68.0,68.0,68.0,86.0,199.20000000000041,669246.5974999999,1.2677750265298904,0.8,0.0
3.05,34,16397,86.0,68.0,68.0,170.0,1627.7999999999988,1067118.488754325,1.953350144092219,0.6470588235294118,0.0
4.93,40,2720,68.0,68.0,68.0,68.0,68.0,0.0,1.0,1.0,0.0
3.32,20,1360,68.0,68.0,68.0,68.0,68.0,0.0,1.0,1.0,0.0
5.18,20,1360,68.0,68.0,68.0,68.0,68.0,0.0,1.0,1.0,0.0
0.34,16,1088,68.0,68.0,68.0,68.0,68.0,0.0,1.0,1.0,0.0
1.83,20,1360,68.0,68.0,68.0,68.0,68.0,0.0,1.0,1.0,0.0
8.82,32,2176,68.0,68.0,68.0,68.0,68.0,0.0,1.0,1.0,0.0
3.18,44,2992,68.0,68.0,68.0,68.0,68.0,0.0,1.0,1.0,0.0
8.42,64,24737,86.0,68.0,68.0,149.0,1133.5000000000036,794650.1247558594,0.7113109650639917,0.734375,0.0
0.55,15,6655,86.0,68.0,68.0,128.0,1622.599999999999,820909.8222222222,1.076443057722309,0.7333333333333333,0.0
8.95,134,57961,86.0,68.0,68.0,170.0,1672.9000000000005,879918.8450100246,0.6948651967951343,0.7014925373134329,0.0
0.96,12,7347,86.0,68.0,68.0,170.0,2039.3000000000006,1485785.3541666667,1.6961467889908257,0.6666666666666666,0.0
3.78,44,20068,86.0,68.0,68.0,170.0,1487.2000000000003,780078.673553719,1.133078231292517,0.6818181818181818,0.0
2.8,36,2448,68.0,68.0,68.0,68.0,68.0,0.0,1.0,1.0,0.0
1.61,20,1360,68.0,68.0,68.0,68.0,68.0,0.0,1.0,1.0,0.0
5.92,24,1632,68.0,68.0,68.0,68.0,68.0,0.0,1.0,1.0,0.0
8.28,52,3536,68.0,68.0,68.0,68.0,68.0,0.0,1.0,1.0,0.0
7.08,56,3808,68.0,68.0,68.0,68.0,68.0,0.0,1.0,1.0,0.0
7.63,65,21607,86.0,68.0,68.0,170.0,1356.4000000000005,460944.735147929,0.7748480367997371,0.7076923076923077,0.0
3.69,30,14001,86.0,68.0,68.0,149.0,1651.200000000002,1024955.0766666669,1.4649647887323944,0.7333333333333333,0.0
7.23,126,53976,86.0,68.0,68.0,170.0,1859.0,755424.3945578232,0.9034453574073421,0.7063492063492064,0.0
3.07,37,14346,86.0,68.0,68.0,170.0,1202.1999999999994,560529.872899927,0.5313834329632793,0.6486486486486487,0.0
8.61,72,8448,68.0,68.0,68.0,68.0,84.19999999999997,143424.47222222222,2.2182857142857144,0.9444444444444444,0.0
8.94,56,3808,68.0,68.0,68.0,68.0,68.0,0.0,1.0,1.0,0.0
6.86,28,1904,68.0,68.0,68.0,68.0,68.0,0.0,1.0,1.0,0.0
0.0,1,68,68.0,68.0,68.0,68.0,68.0,0.0,68,1.0,0
1.96,7,476,68.0,68.0,68.0,68.0,68.0,0.0,0.75,1.0,0.0
4.82,66,8347,68.0,68.0,68.0,80.0,168.5,74114.27938475665,0.7389583333333334,0.8787878787878788,0.0
7.82,40,10560,68.0,68.0,68.0,86.0,242.80000000000103,409617.25,2.120567375886525,0.8,0.0
0.82,17,5885,80.0,68.0,68.0,98.0,527.2000000000003,676355.7923875434,2.3380601247872943,0.7647058823529411,0.0
4.72,126,48322,86.0,68.0,68.0,170.0,1614.5,623781.8054925674,0.9500403551251009,0.7142857142857143,0.0
3.69,14,6676,86.0,68.0,72.5,770.0,1516.0,386522.69387755106,0.4901785714285714,0.5714285714285714,0.0
3.57,38,15002,86.0,68.0,68.0,170.0,1024.4000000000012,677450.6925207758,0.45424583171772004,0.6578947368421053,0.0
3.49,52,10311,68.0,68.0,68.0,68.0,86.0,402446.6283284023,0.7982211370770841,0.9230769230769231,0.0
9.8,36,2448,68.0,68.0,68.0,68.0,68.0,0.0,1.0,1.0,0.0
1.85,32,2176,68.0,68.0,68.0,68.0,68.0,0.0,1.0,1.0,0.0
6.03,28,1904,68.0,68.0,68.0,68.0,68.0,0.0,1.0,1.0,0.0
5.19,20,1360,68.0,68.0,68.0,68.0,68.0,0.0,1.0,1.0,0.0
2.34,36,2448,68.0,68.0,68.0,68.0,68.0,0.0,1.0,1.0,0.0
7.09,62,28477,86.0,68.0,68.0,170.0,1516.0,956693.373829344,0.9894508872432584,0.6935483870967742,0.0
9.3,159,56272,86.0,68.0,68.0,170.0,911.200000000008,593528.6463351924,1.0137417692527912,0.7169811320754716,0.0
3.33,35,18519,86.0,68.0,86.0,275.5,1516.0,719176.1012244899,0.8100869905190109,0.5714285714285714,0.0
8.17,72,10539,68.0,68.0,68.0,68.0,84.19999999999997,250010.984375,1.735981308411215,0.9444444444444444,0.0
4.26,16,1088,68.0,68.0,68.0,68.0,68.0,0.0,1.0,1.0,0.0
9.24,60,4080,68.0,68.0,68.0,68.0,68.0,0.0,1.0,1.0,0.0
5.64,20,1360,68.0,68.0,68.0,68.0,68.0,0.0,1.0,1.0,0.0
0.89,36,2448,68.0,68.0,68.0,68.0,68.0,0.0,1.0,1.0,0.0
7.3,62,19099,86.0,68.0,68.0,163.5,1146.0999999999985,463560.11056191474,0.5737475280158207,0.7258064516129032,0.0
2.86,20,5321,68.0,68.0,68.0,86.0,170.0,606737.6475,0.20712341197822143,0.8,0.0
3.46,110,42978,86.0,68.0,68.0,170.0,1766.500000000001,582876.4608264464,1.1003811944091486,0.6727272727272727,0.0
0.86,16,1088,68.0,68.0,68.0,68.0,68.0,0.0,1.0,1.0,0.0
8.83,63,24216,86.0,68.0,68.0,170.0,1222.0000000000014,612679.5056689343,1.7474472430224643,0.6825396825396826,0.0
0.3,16,1088,68.0,68.0,68.0,68.0,68.0,0.0,1.0,1.0,0.0
1.49,20,1360,68.0,68.0,68.0,68.0,68.0,0.0,1.0,1.0,0.0
1.92,20,1360,68.0,68.0,68.0,68.0,68.0,0.0,1.0,1.0,0.0
1.08,4,272,68.0,68.0,68.0,68.0,68.0,0.0,1.0,1.0,0.0
5.73,52,3536,68.0,68.0,68.0,68.0,68.0,0.0,1.0,1.0,0.0
8.77,32,2176,68.0,68.0,68.0,68.0,68.0,0.0,1.0,1.0,0.0
1.69,8,544,68.0,68.0,68.0,68.0,68.0,0.0,1.0,1.0,0.0
8.87,88,27073,68.0,68.0,68.0,86.0,170.0,524457.478176653,0.9919799867559415,0.8181818181818182,0.0
9.43,138,55717,86.0,68.0,68.0,170.0,1413.0999999999988,701250.6675593363,1.0258517252663346,0.6956521739130435,0.0
8.0,63,25014,86.0,68.0,68.0,128.0,1713.0000000000032,776976.3628117912,0.702675107208495,0.746031746031746,0.0
6.82,68,6962,68.0,68.0,68.0,68.0,86.0,34631.20674740484,1.2443584784010315,0.9411764705882353,0.0
3.24,4,272,68.0,68.0,68.0,68.0,68.0,0.0,1.0,1.0,0.0
3.14,12,816,68.0,68.0,68.0,68.0,68.0,0.0,1.0,1.0,0.0
8.8,64,4352,68.0,68.0,68.0,68.0,68.0,0.0,1.0,1.0,0.0
6.03,24,1632,68.0,68.0,68.0,68.0,68.0,0.0,1.0,1.0,0.0
0.85,32,2176,68.0,68.0,68.0,68.0,68.0,0.0,1.0,1.0,0.0
8.63,63,21112,86.0,68.0,68.0,93.0,802.8000000000034,655206.9559082895,0.9573521231225662,0.746031746031746,0.0
3.94,123,58475,86.0,68.0,68.0,170.0,1873.7999999999986,1019099.7209333067,1.0422240072643454,0.6747967479674797,0.0
1.54,27,2839,68.0,68.0,68.0,86.0,168.20000000000002,14408.496570644716,1.3877207737594617,0.8518518518518519,0.0
8.29,88,20165,68.0,68.0,68.0,86.0,182.59999999999988,323439.0577221073,1.142933049946865,0.8068181818181818,0.0
6.27,24,1632,68.0,68.0,68.0,68.0,68.0,0.0,1.0,1.0,0.0
6.08,52,3536,68.0,68.0,68.0,68.0,68.0,0.0,1.0,1.0,0.0
5.57,24,1632,68.0,68.0,68.0,68.0,68.0,0.0,1.0,1.0,0.0
1.08,8,544,68.0,68.0,68.0,68.0,68.0,0.0,1.0,1.0,0.0
7.1,96,27822,68.0,68.0,68.0,86.0,170.0,572276.1106770834,1.0310994305738064,0.8333333333333334,0.0
4.37,16,1088,68.0,68.0,68.0,68.0,68.0,0.0,1.0,1.0,0.0
3.72,125,46768,86.0,68.0,68.0,170.0,1160.8000000000018,671730.1392639999,0.8903799514955537,0.68,0.0
9.24,75,24341,86.0,68.0,68.0,134.0,455.8000000000009,593977.954488889,0.9013435400718638,0.7466666666666667,0.0
3.58,40,2720,68.0,68.0,68.0,68.0,68.0,0.0,1.0,1.0,0.0
0.91,16,1088,68.0,68.0,68.0,68.0,68.0,0.0,1.0,1.0,0.0
0.19,4,272,68.0,68.0,68.0,68.0,68.0,0.0,1.0,1.0,0.0
7.62,56,3808,68.0,68.0,68.0,68.0,68.0,0.0,1.0,1.0,0.0
6.34,24,1632,68.0,68.0,68.0,68.0,68.0,0.0,1.0,1.0,0.0
6.46,52,3536,68.0,68.0,68.0,68.0,68.0,0.0,1.0,1.0,0.0
3.0,53,23074,86.0,68.0,68.0,170.0,1397.2000000000005,813510.9469562119,1.187731108372049,0.6981132075471698,0.0
4.78,28,7381,68.0,68.0,68.0,86.0,170.0,565080.3099489798,0.4809390048154093,0.8571428571428571,0.0
6.88,196,65966,86.0,68.0,68.0,170.0,901.5,556202.1748229904,0.9422329525379813,0.6887755102040817,0.0
2.64,37,14928,86.0,68.0,68.0,170.0,1430.1999999999998,620154.0321402485,0.7595473833097596,0.6216216216216216,0.0
5.13,47,4438,68.0,68.0,68.0,68.0,86.0,10107.861475780903,0.887707358570821,0.9148936170212766,0.0
5.22,24,1632,68.0,68.0,68.0,68.0,68.0,0.0,1.0,1.0,0.0
0.31,4,272,68.0,68.0,68.0,68.0,68.0,0.0,1.0,1.0,0.0
7.63,48,3264,68.0,68.0,68.0,68.0,68.0,0.0,1.0,1.0,0.0
8.97,36,2448,68.0,68.0,68.0,68.0,68.0,0.0,1.0,1.0,0.0
2.82,37,2516,68.0,68.0,68.0,68.0,68.0,0.0,1.1764705882352942,1.0,0.0
7.1,58,18614,86.0,68.0,68.0,170.0,1181.4,357683.23662306764,1.0457193098142652,0.6896551724137931,0.0
1.09,8,544,68.0,68.0,68.0,68.0,68.0,0.0,1.0,1.0,0.0
3.18,20,2572,68.0,68.0,68.0,86.0,183.1000000000002,24857.739999999998,1.4471931493815413,0.8,0.0
3.81,116,54466,86.0,68.0,68.0,170.0,2155.0,889613.0419143878,0.8505708072845882,0.6724137931034483,0.0
4.0,23,6574,68.0,68.0,68.0,86.0,170.0,618271.9697542533,2.474630021141649,0.8260869565217391,0.0
3.18,35,18256,86.0,68.0,68.0,170.0,2167.4000000000024,1131497.897142857,1.5705435088707407,0.6571428571428571,0.0
4.24,52,5178,68.0,68.0,68.0,68.0,86.0,28962.20562130176,0.6500956022944551,0.9230769230769231,0.0
7.75,32,2176,68.0,68.0,68.0,68.0,68.0,0.0,1.0,1.0,0.0
5.15,44,2992,68.0,68.0,68.0,68.0,68.0,0.0,1.0,1.0,0.0
5.4,24,1632,68.0,68.0,68.0,68.0,68.0,0.0,1.0,1.0,0.0
2.48,8,544,68.0,68.0,68.0,68.0,68.0,0.0,1.0,1.0,0.0
5.51,69,15117,68.0,68.0,68.0,68.0,124.40000000000016,449973.20982986764,1.4616511968734733,0.8840579710144928,0.0
7.17,38,12700,68.0,68.0,68.0,86.0,432.50000000000375,701878.8504155122,1.0700896495517522,0.7894736842105263,0.0
1.68,4,272,68.0,68.0,68.0,68.0,68.0,0.0,1.0,1.0,0.0
2.46,126,55594,86.0,68.0,68.0,170.0,1738.5,828875.5696649029,0.7901210716125708,0.6746031746031746,0.0
5.38,42,8203,68.0,68.0,68.0,86.0,241.9999999999999,115542.1184807256,0.6272564967268399,0.7857142857142857,0.0
0.28,11,5835,86.0,68.0,77.0,170.0,1263.0,1106643.5206611569,2.351522113727743,0.6363636363636364,0.0
8.39,79,15727,68.0,68.0,68.0,68.0,102.80000000000024,326059.51321903564,1.2282516293567582,0.8987341772151899,0.0
1.83,4,272,68.0,68.0,68.0,68.0,68.0,0.0,1.0,1.0,0.0
4.77,16,1088,68.0,68.0,68.0,68.0,68.0,0.0,1.0,1.0,0.0
9.05,60,4080,68.0,68.0,68.0,68.0,68.0,0.0,1.0,1.0,0.0
4.27,16,1088,68.0,68.0,68.0,68.0,68.0,0.0,1.0,1.0,0.0
6.32,86,24052,68.0,68.0,68.0,86.0,344.5,472760.8707409412,1.0912964090079122,0.8023255813953488,0.0
6.66,16,1088,68.0,68.0,68.0,68.0,68.0,0.0,1.0,1.0,0.0
2.91,123,66678,86.0,68.0,68.0,170.0,2468.2,1177648.4620265716,1.0082525149087405,0.6747967479674797,0.0
4.7,28,4466,68.0,68.0,68.0,86.0,170.0,100915.03571428571,0.6577579806978471,0.8571428571428571,0.0
2.65,36,15241,86.0,68.0,68.0,170.0,922.0,873684.3418209874,1.262282915244174,0.6666666666666666,0.0
0.22,12,5380,86.0,68.0,68.0,170.0,1988.0000000000007,623391.8888888889,1.0164917541229386,0.6666666666666666,0.0
9.69,60,4080,68.0,68.0,68.0,68.0,68.0,0.0,1.0,1.0,0.0
9.3,56,3808,68.0,68.0,68.0,68.0,68.0,0.0,1.0,1.0,0.0
6.7,28,1904,68.0,68.0,68.0,68.0,68.0,0.0,1.0,1.0,0.0
4.88,48,3264,68.0,68.0,68.0,68.0,68.0,0.0,1.0,1.0,0.0
8.62,69,21844,86.0,68.0,68.0,126.0,278.60000000000156,516856.27263180004,1.217439853821947,0.6956521739130435,0.0
4.44,36,8341,68.0,68.0,68.0,86.0,445.5,205445.7121913581,0.692573051948052,0.7777777777777778,0.0
1.04,99,38003,86.0,68.0,68.0,170.0,1170.2000000000003,604795.0029588818,0.8475861733676893,0.6767676767676768,0.0
8.0,62,20135,86.0,68.0,68.0,149.0,640.1999999999997,546904.9898543184,0.9427827093786183,0.7419354838709677,0.0
9.33,72,8793,68.0,68.0,68.0,68.0,84.19999999999997,155468.38715277778,0.47781512605042015,0.9444444444444444,0.0
9.33,56,3808,68.0,68.0,68.0,68.0,68.0,0.0,1.0,1.0,0.0
8.15,32,2176,68.0,68.0,68.0,68.0,68.0,0.0,1.0,1.0,0.0
5.1,44,2992,68.0,68.0,68.0,68.0,68.0,0.0,1.0,1.0,0.0
5.7,53,20250,86.0,68.0,68.0,170.0,1192.8000000000002,650523.2395870414,1.5033996785758437,0.6981132075471698,0.0
9.29,139,50735,86.0,68.0,68.0,170.0,1503.2,559301.9136690648,1.309600764783539,0.697841726618705,0.0
7.09,54,20209,80.0,68.0,68.0,86.0,1472.0000000000002,656797.7013031549,0.7761469502548778,0.7592592592592593,0.0
3.56,28,9570,86.0,68.0,68.0,170.0,1417.3000000000002,419481.1683673469,0.7495429616087751,0.7142857142857143,0.0
9.76,60,4080,68.0,68.0,68.0,68.0,68.0,0.0,1.0,1.0,0.0
7.94,52,3536,68.0,68.0,68.0,68.0,68.0,0.0,1.0,1.0,0.0
5.38,23,1564,68.0,68.0,68.0,68.0,68.0,0.0,1.0909090909090908,1.0,0.0
0.95,1,68,68.0,68.0,68.0,68.0,68.0,0.0,0.0,1.0,0.0
6.9,52,3536,68.0,68.0,68.0,68.0,68.0,0.0,1.0,1.0,0.0
2.67,55,19954,86.0,68.0,68.0,170.0,712.4000000000003,648258.4145454543,0.9831047505466111,0.7090909090909091,0.0
4.76,29,6368,68.0,68.0,68.0,86.0,170.0,316144.44946492277,1.6588726513569938,0.8620689655172413,0.0
4.99,122,42485,86.0,68.0,68.0,170.0,838.3000000000002,557993.2139881752,1.1259507606084869,0.6967213114754098,0.0
4.64,25,9339,86.0,68.0,68.0,170.0,1436.200000000003,547112.7263999999,1.7275116822429906,0.68,0.0
3.5,37,18448,86.0,68.0,68.0,170.0,1746.7999999999993,824034.2951059168,0.6385114130917489,0.6216216216216216,0.0
2.62,40,2720,68.0,68.0,68.0,68.0,68.0,0.0,1.0,1.0,0.0
0.19,4,272,68.0,68.0,68.0,68.0,68.0,0.0,1.0,1.0,0.0
8.01,28,1904,68.0,68.0,68.0,68.0,68.0,0.0,1.0,1.0,0.0
0.2,4,272,68.0,68.0,68.0,68.0,68.0,0.0,1.0,1.0,0.0
5.07,44,2992,68.0,68.0,68.0,68.0,68.0,0.0,1.0,1.0,0.0
5.44,20,1360,68.0,68.0,68.0,68.0,68.0,0.0,1.0,1.0,0.0
9.27,99,27582,68.0,68.0,68.0,86.0,170.0,568733.5518824611,0.8732681336593318,0.8383838383838383,0.0
4.79,8,544,68.0,68.0,68.0,68.0,68.0,0.0,1.0,1.0,0.0
1.02,8,544,68.0,68.0,68.0,68.0,68.0,0.0,1.0,1.0,0.0
8.15,152,65766,86.0,68.0,68.0,170.0,1987.8000000000004,802439.4181094181,1.1216891957286188,0.7039473684210527,0.0
0.72,13,3521,86.0,68.0,68.0,170.0,404.4000000000002,266267.97633136093,0.36472868217054266,0.6923076923076923,0.0
1.51,24,11590,86.0,68.0,68.0,170.0,1370.7999999999997,913644.4097222221,1.9142569776213225,0.625,0.0
6.78,68,7002,68.0,68.0,68.0,68.0,86.0,40008.76384083043,0.7348860257680873,0.9411764705882353,0.0
7.82,107,16432,86.0,68.0,68.0,183.0,248.0,60177.01144204734,0.8655767484105359,0.719626168224299,0.0
4.14,36,2448,68.0,68.0,68.0,68.0,68.0,0.0,1.0,1.0,0.0
0.88,16,1088,68.0,68.0,68.0,68.0,68.0,0.0,1.0,1.0,0.0
3.42,4,272,68.0,68.0,68.0,68.0,68.0,0.0,1.0,1.0,0.0
8.47,56,3808,68.0,68.0,68.0,68.0,68.0,0.0,1.0,1.0,0.0
7.18,61,22969,86.0,68.0,68.0,170.0,1516.0,644563.3958613279,0.8000783699059562,0.7049180327868853,0.0
7.37,134,51448,86.0,68.0,68.0,170.0,1298.2000000000005,638899.7277790154,1.2438939288206559,0.6940298507462687,0.0
5.25,36,14672,68.0,68.0,68.0,86.0,1056.5,877312.3580246912,1.2203389830508475,0.7777777777777778,0.0
3.38,40,16474,86.0,68.0,68.0,170.0,1209.8000000000018,824182.5775,1.5282381829343155,0.7,0.0
4.54,40,2720,68.0,68.0,68.0,68.0,68.0,0.0,1.0,1.0,0.0
9.27,36,2448,68.0,68.0,68.0,68.0,68.0,0.0,1.0,1.0,0.0
2.79,40,2720,68.0,68.0,68.0,68.0,68.0,0.0,1.0,1.0,0.0
0.37,16,1088,68.0,68.0,68.0,68.0,68.0,0.0,1.0,1.0,0.0
8.09,20,1360,68.0,68.0,68.0,68.0,68.0,0.0,1.0,1.0,0.0
5.65,87,21087,68.0,68.0,68.0,86.0,170.0,372216.9021006738,0.979628238828389,0.8160919540229885,0.0
0.64,4,272,68.0,68.0,68.0,68.0,68.0,0.0,1.0,1.0,0.0
9.38,141,49011,86.0,68.0,68.0,170.0,956.0,593533.5741662894,1.3865894039735098,0.7092198581560284,0.0
8.28,61,15037,86.0,68.0,68.0,170.0,878.0,173774.41386724,0.930047490694391,0.7213114754098361,0.0
4.54,52,6644,68.0,68.0,68.0,68.0,86.0,85144.13905325446,1.3873517786561265,0.9230769230769231,0.0
0.54,16,1088,68.0,68.0,68.0,68.0,68.0,0.0,1.0,1.0,0.0
5.15,12,816,68.0,68.0,68.0,68.0,68.0,0.0,1.0,1.0,0.0
3.31,12,816,68.0,68.0,68.0,68.0,68.0,0.0,1.0,1.0,0.0
0.95,36,2448,68.0,68.0,68.0,68.0,68.0,0.0,1.0,1.0,0.0
9.87,36,2448,68.0,68.0,68.0,68.0,68.0,0.0,1.0,1.0,0.0
9.73,92,25048,68.0,68.0,68.0,86.0,170.0,475374.9971644613,0.9208588957055215,0.8152173913043478,0.0
1.51,8,544,68.0,68.0,68.0,68.0,68.0,0.0,1.0,1.0,0.0
3.3,20,6175,68.0,68.0,68.0,86.0,209.40000000000055,772737.8875,3.699391171993912,0.8,0.0
5.61,144,52556,86.0,68.0,68.0,170.0,1037.6000000000054,663018.9297839506,0.9972638139393478,0.7152777777777778,0.0
6.64,83,27301,68.0,68.0,68.0,86.0,212.39999999999986,650186.7417622297,1.2501442347317233,0.7951807228915663,0.0
6.07,28,1904,68.0,68.0,68.0,68.0,68.0,0.0,1.0,1.0,0.0
2.35,12,816,68.0,68.0,68.0,68.0,68.0,0.0,1.0,1.0,0.0
3.18,44,2992,68.0,68.0,68.0,68.0,68.0,0.0,1.0,1.0,0.0
2.49,20,1360,68.0,68.0,68.0,68.0,68.0,0.0,1.0,1.0,0.0
7.68,56,3808,68.0,68.0,68.0,68.0,68.0,0.0,1.0,1.0,0.0
1.4,47,19758,86.0,68.0,68.0,170.0,1239.3999999999999,780785.5980081485,1.1681114890815318,0.6595744680851063,0.0
6.48,16,1088,68.0,68.0,68.0,68.0,68.0,0.0,1.0,1.0,0.0
0.33,4,272,68.0,68.0,68.0,68.0,68.0,0.0,1.0,1.0,0.0
5.86,135,59365,86.0,68.0,68.0,170.0,2025.8000000000004,829998.7253772289,1.112708637318054,0.7037037037037037,0.0
2.64,12,5118,86.0,68.0,68.0,170.0,967.4000000000003,723785.4166666666,0.42801339285714285,0.6666666666666666,0.0
5.37,56,29195,86.0,68.0,68.0,170.0,1516.0,1001984.2241709182,1.2177909450015192,0.6607142857142857,0.0
4.46,52,3536,68.0,68.0,68.0,68.0,68.0,0.0,1.0,1.0,0.0
1.99,4,272,68.0,68.0,68.0,68.0,68.0,0.0,1.0,1.0,0.0
3.85,12,816,68.0,68.0,68.0,68.0,68.0,0.0,1.0,1.0,0.0
3.25,44,2992,68.0,68.0,68.0,68.0,68.0,0.0,1.0,1.0,0.0
6.81,28,1904,68.0,68.0,68.0,68.0,68.0,0.0,1.0,1.0,0.0
1.8,4,272,68.0,68.0,68.0,68.0,68.0,0.0,1.0,1.0,0.0
3.03,44,2992,68.0,68.0,68.0,68.0,68.0,0.0,1.0,1.0,0.0
7.96,62,21108,86.0,68.0,68.0,170.0,582.8999999999997,550179.7315296567,0.953720844131803,0.7258064516129032,0.0
6.47,139,59765,86.0,68.0,68.0,170.0,1306.2000000000007,874009.3728067905,0.8113899496878221,0.7122302158273381,0.0
8.16,59,25329,86.0,68.0,68.0,170.0,2144.4000000000005,724999.8391266877,0.7256438206840169,0.6610169491525424,0.0
2.72,40,2720,68.0,68.0,68.0,68.0,68.0,0.0,1.0,1.0,0.0
9.94,36,2448,68.0,68.0,68.0,68.0,68.0,0.0,1.0,1.0,0.0
0.39,4,272,68.0,68.0,68.0,68.0,68.0,0.0,1.0,1.0,0.0
0.83,36,2448,68.0,68.0,68.0,68.0,68.0,0.0,1.0,1.0,0.0
6.02,24,1632,68.0,68.0,68.0,68.0,68.0,0.0,1.0,1.0,0.0
4.4,16,1088,68.0,68.0,68.0,68.0,68.0,0.0,1.0,1.0,0.0
0.81,36,2448,68.0,68.0,68.0,68.0,68.0,0.0,1.0,1.0,0.0
7.42,61,20332,86.0,68.0,68.0,170.0,863.0,585020.6079011017,1.1060700227884814,0.7377049180327869,0.0
8.05,149,58623,86.0,68.0,68.0,170.0,1780.0000000000016,777962.246745642,0.8546300104400646,0.738255033557047,0.0
0.02,13,4560,86.0,68.0,68.0,170.0,588.4000000000003,539044.7928994083,0.3455296547654175,0.6923076923076923,0.0
6.16,61,25462,86.0,68.0,68.0,170.0,1516.0,723282.0451491534,0.7247171984014089,0.7049180327868853,0.0
8.47,52,3536,68.0,68.0,68.0,68.0,68.0,0.0,1.0,1.0,0.0
4.43,16,1088,68.0,68.0,68.0,68.0,68.0,0.0,1.0,1.0,0.0
2.83,40,2720,68.0,68.0,68.0,68.0,68.0,0.0,1.0,1.0,0.0
0.15,6,408,68.0,68.0,68.0,68.0,68.0,0.0,1.0,1.0,0.0
1.28,14,952,68.0,68.0,68.0,68.0,68.0,0.0,1.0,1.0,0.0
6.42,44,2992,68.0,68.0,68.0,68.0,68.0,0.0,1.0,1.0,0.0
0.45,12,816,68.0,68.0,68.0,68.0,68.0,0.0,1.0,1.0,0.0
6.1,55,24982,86.0,68.0,68.0,170.0,1584.6000000000008,919407.8069421485,0.9219879981535621,0.7090909090909091,0.0
0.54,4,272,68.0,68.0,68.0,68.0,68.0,0.0,1.0,1.0,0.0
8.7,159,58320,86.0,68.0,68.0,170.0,932.6000000000015,687134.944345556,0.8328095537397863,0.7232704402515723,0.0
7.2,88,26942,68.0,68.0,68.0,86.0,170.0,601686.2701446282,1.1009045539613225,0.8181818181818182,0.0
1.66,20,1360,68.0,68.0,68.0,68.0,68.0,0.0,1.0,1.0,0.0
0.98,4,272,68.0,68.0,68.0,68.0,68.0,0.0,1.0,1.0,0.0
8.52,56,3808,68.0,68.0,68.0,68.0,68.0,0.0,1.0,1.0,0.0
3.94,16,1088,68.0,68.0,68.0,68.0,68.0,0.0,1.0,1.0,0.0
1.73,8,544,68.0,68.0,68.0,68.0,68.0,0.0,1.0,1.0,0.0
2.85,12,816,68.0,68.0,68.0,68.0,68.0,0.0,1.0,1.0,0.0
9.38,96,23975,68.0,68.0,68.0,86.0,194.5,371738.7759331597,0.8473570658036678,0.8125,0.0
4.32,37,9077,68.0,68.0,68.0,86.0,214.3999999999999,447837.67859751655,3.2695202257761053,0.7837837837837838,0.0
4.99,131,46527,86.0,68.0,68.0,170.0,1359.0,569428.2160713248,1.0896923422411857,0.7251908396946565,0.0
2.16,26,9815,86.0,68.0,71.0,170.0,1334.5,545994.7115384615,1.5761154855643045,0.6538461538461539,0.0
1.54,10,5799,86.0,68.0,72.5,317.0,1949.6999999999996,899594.0899999999,0.5228466386554622,0.6,0.0
8.43,72,7748,68.0,68.0,68.0,68.0,84.19999999999997,45631.987654321,0.9154511742892459,0.9444444444444444,0.0
8.28,56,3808,68.0,68.0,68.0,68.0,68.0,0.0,1.0,1.0,0.0
1.23,16,1088,68.0,68.0,68.0,68.0,68.0,0.0,1.0,1.0,0.0
0.03,4,272,68.0,68.0,68.0,68.0,68.0,0.0,1.0,1.0,0.0
4.58,20,2333,68.0,68.0,68.0,86.0,230.70000000000022,9711.027500000002,1.0737777777777777,0.8,0.0
6.52,44,2992,68.0,68.0,68.0,68.0,68.0,0.0,1.0,1.0,0.0
1.65,50,23415,86.0,68.0,68.0,170.0,1600.6000000000013,795025.5300000001,1.046944662995017,0.66,0.0
7.01,20,1360,68.0,68.0,68.0,68.0,68.0,0.0,1.0,1.0,0.0
7.95,153,53429,86.0,68.0,68.0,170.0,1259.6000000000013,561533.9431842453,1.1182650755263053,0.7124183006535948,0.0
8.2,88,23932,68.0,68.0,68.0,86.0,170.0,503142.4070247934,1.4195733495096552,0.8181818181818182,0.0
7.36,28,1904,68.0,68.0,68.0,68.0,68.0,0.0,1.0,1.0,0.0
5.2,48,3264,68.0,68.0,68.0,68.0,68.0,0.0,1.0,1.0,0.0
4.22,20,1360,68.0,68.0,68.0,68.0,68.0,0.0,1.0,1.0,0.0
8.16,56,3808,68.0,68.0,68.0,68.0,68.0,0.0,1.0,1.0,0.0
7.84,60,24217,86.0,68.0,68.0,170.0,1230.700000000001,805105.8363888889,1.0394980629947785,0.7333333333333333,0.0
8.93,154,53029,86.0,68.0,68.0,170.0,989.5000000000043,577930.7451931186,0.6893596686842943,0.7077922077922078,0.0
7.64,88,27494,68.0,68.0,68.0,86.0,170.0,699267.2226239671,0.6635808071640346,0.8181818181818182,0.0
7.97,32,2176,68.0,68.0,68.0,68.0,68.0,0.0,1.0,1.0,0.0
0.45,4,272,68.0,68.0,68.0,68.0,68.0,0.0,1.0,1.0,0.0
1.24,4,272,68.0,68.0,68.0,68.0,68.0,0.0,1.0,1.0,0.0
6.8,56,3808,68.0,68.0,68.0,68.0,68.0,0.0,1.0,1.0,0.0
5.75,20,1360,68.0,68.0,68.0,68.0,68.0,0.0,1.0,1.0,0.0
6.37,90,21929,68.0,68.0,68.0,86.0,218.2000000000041,305906.53691358026,0.5982071277603673,0.8111111111111111,0.0
1.07,4,272,68.0,68.0,68.0,68.0,68.0,0.0,1.0,1.0,0.0
3.51,24,5950,68.0,68.0,68.0,86.0,170.0,411411.15972222225,2.1886387995712755,0.8333333333333334,0.0
2.37,108,41944,86.0,68.0,68.0,170.0,1303.3,616249.4554183814,0.6632564041557617,0.6666666666666666,0.0
0.87,16,1088,68.0,68.0,68.0,68.0,68.0,0.0,1.0,1.0,0.0
5.21,36,16436,86.0,68.0,77.0,170.0,711.0,1067925.1358024692,1.3868719140284635,0.6666666666666666,0.0
1.96,23,11028,86.0,68.0,68.0,170.0,2095.400000000001,846921.0321361059,1.597268016957136,0.6521739130434783,0.0
7.21,60,4080,68.0,68.0,68.0,68.0,68.0,0.0,1.0,1.0,0.0
7.16,56,3808,68.0,68.0,68.0,68.0,68.0,0.0,1.0,1.0,0.0
8.97,32,2176,68.0,68.0,68.0,68.0,68.0,0.0,1.0,1.0,0.0
4.44,44,2992,68.0,68.0,68.0,68.0,68.0,0.0,1.0,1.0,0.0
6.42,58,21174,86.0,68.0,68.0,170.0,1231.8000000000018,506396.92627824016,0.966016713091922,0.6896551724137931,0.0
3.15,12,816,68.0,68.0,68.0,68.0,68.0,0.0,1.0,1.0,0.0
3.21,122,62986,86.0,68.0,68.0,170.0,2282.1000000000013,1105108.840365493,1.3875516470186877,0.6639344262295082,0.0
9.79,78,31097,86.0,68.0,68.0,170.0,1516.0,726114.7818869164,1.0265232974910394,0.717948717948718,0.0
7.39,60,4080,68.0,68.0,68.0,68.0,68.0,0.0,1.0,1.0,0.0
2.22,12,816,68.0,68.0,68.0,68.0,68.0,0.0,1.0,1.0,0.0
6.04,56,3808,68.0,68.0,68.0,68.0,68.0,0.0,1.0,1.0,0.0
7.24,20,1360,68.0,68.0,68.0,68.0,68.0,0.0,1.0,1.0,0.0
8.7,99,25560,68.0,68.0,68.0,86.0,233.80000000000092,403869.28007346176,0.5978994748687172,0.8181818181818182,0.0
2.62,12,816,68.0,68.0,68.0,68.0,68.0,0.0,1.0,1.0,0.0
5.61,139,53889,86.0,68.0,68.0,170.0,1566.0000000000002,658476.5589772785,0.933931455230576,0.7122302158273381,0.0
4.16,20,5056,68.0,68.0,68.0,86.0,271.90000000000146,294056.26000000007,1.6075296544610624,0.8,0.0
6.73,85,29459,68.0,68.0,68.0,86.0,212.6000000000006,724013.373564014,1.026762985896113,0.8,0.0
1.79,4,272,68.0,68.0,68.0,68.0,68.0,0.0,1.0,1.0,0.0
2.5,20,1360,68.0,68.0,68.0,68.0,68.0,0.0,1.0,1.0,0.0
1.32,8,544,68.0,68.0,68.0,68.0,68.0,0.0,1.0,1.0,0.0
3.35,12,816,68.0,68.0,68.0,68.0,68.0,0.0,1.0,1.0,0.0
3.92,44,2992,68.0,68.0,68.0,68.0,68.0,0.0,1.0,1.0,0.0
3.22,12,816,68.0,68.0,68.0,68.0,68.0,0.0,1.0,1.0,0.0
3.22,12,816,68.0,68.0,68.0,68.0,68.0,0.0,1.0,1.0,0.0
5.61,69,15315,68.0,68.0,68.0,68.0,170.0,454632.9691241336,0.7297266772080415,0.8840579710144928,0.0
6.62,37,11039,80.0,68.0,68.0,170.0,1239.8,310560.2819576334,0.9198260869565218,0.7297297297297297,0.0
4.35,24,5485,68.0,68.0,68.0,86.0,170.0,427586.91493055556,0.29485363550519356,0.8333333333333334,0.0
7.36,139,58476,86.0,68.0,68.0,170.0,1492.2,820249.1201283577,0.844610580107883,0.7122302158273381,0.0
7.45,88,24355,68.0,68.0,68.0,86.0,170.0,441132.6362345041,0.9820149739583334,0.8068181818181818,0.0
2.39,20,1360,68.0,68.0,68.0,68.0,68.0,0.0,1.0,1.0,0.0
0.42,4,272,68.0,68.0,68.0,68.0,68.0,0.0,1.0,1.0,0.0
8.2,52,3536,68.0,68.0,68.0,68.0,68.0,0.0,1.0,1.0,0.0
6.79,28,1904,68.0,68.0,68.0,68.0,68.0,0.0,1.0,1.0,0.0
7.16,48,3264,68.0,68.0,68.0,68.0,68.0,0.0,1.0,1.0,0.0
2.9,52,17315,86.0,68.0,68.0,170.0,839.4999999999994,492034.82655325433,1.2362133539971587,0.6923076923076923,0.0
4.42,32,6283,68.0,68.0,68.0,86.0,370.7000000000005,128873.0380859375,0.3379471890971039,0.8125,0.0
6.19,137,50308,86.0,68.0,68.0,170.0,1527.0000000000002,628154.6778198092,1.0513782417223945,0.7007299270072993,0.0
1.35,28,12878,86.0,68.0,77.0,170.0,1203.1000000000004,948413.6377551022,0.7583287820862916,0.6785714285714286,0.0
5.75,65,15881,68.0,68.0,68.0,86.0,170.0,471420.3417751479,1.3313270698766881,0.8615384615384616,0.0
7.27,28,1904,68.0,68.0,68.0,68.0,68.0,0.0,1.0,1.0,0.0
3.46,12,816,68.0,68.0,68.0,68.0,68.0,0.0,1.0,1.0,0.0
4.61,52,3536,68.0,68.0,68.0,68.0,68.0,0.0,1.0,1.0,0.0
1.46,4,272,68.0,68.0,68.0,68.0,68.0,0.0,1.0,1.0,0.0
2.51,12,816,68.0,68.0,68.0,68.0,68.0,0.0,1.0,1.0,0.0
4.65,44,2992,68.0,68.0,68.0,68.0,68.0,0.0,1.0,1.0,0.0
0.64,49,21530,86.0,68.0,68.0,170.0,1842.000000000001,879228.1557684299,0.9380682329642632,0.673469387755102,0.0
9.72,47,14107,68.0,68.0,68.0,86.0,1225.5999999999997,373949.87143503834,0.9242940935752285,0.7872340425531915,0.0
0.83,91,43169,86.0,68.0,68.0,170.0,2033.0,900679.0718512257,0.9866083755177174,0.6483516483516484,0.0
3.1,28,4843,68.0,68.0,68.0,86.0,170.0,219349.96301020408,2.9664209664209666,0.8571428571428571,0.0
9.8,89,22122,68.0,68.0,68.0,86.0,229.20000000000027,408365.32483272307,1.4725606348496703,0.797752808988764,0.0
0.7,16,1088,68.0,68.0,68.0,68.0,68.0,0.0,1.0,1.0,0.0
6.16,16,1088,68.0,68.0,68.0,68.0,68.0,0.0,1.0,1.0,0.0
4.0,44,2992,68.0,68.0,68.0,68.0,68.0,0.0,1.0,1.0,0.0
8.1,32,2176,68.0,68.0,68.0,68.0,68.0,0.0,1.0,1.0,0.0
3.93,65,4952,68.0,68.0,68.0,68.0,110.00000000000006,330.1813017751479,0.8395245170876672,0.8923076923076924,0.0
5.21,48,21673,86.0,68.0,68.0,170.0,1520.9000000000021,815307.5828993055,0.8260173561378381,0.6666666666666666,0.0
2.07,8,544,68.0,68.0,68.0,68.0,68.0,0.0,1.0,1.0,0.0
1.24,4,272,68.0,68.0,68.0,68.0,68.0,0.0,1.0,1.0,0.0
3.98,131,54691,86.0,68.0,68.0,170.0,1702.0,808543.1506322474,1.2193320618431198,0.6870229007633588,0.0
5.72,40,11721,68.0,68.0,68.0,86.0,281.5000000000016,437340.42437499994,0.8880476804123711,0.8,0.0
2.06,26,8994,86.0,68.0,71.0,170.0,1204.0,232825.6863905326,0.4773324572930355,0.6153846153846154,0.0
0.06,12,3815,86.0,68.0,68.0,170.0,909.8000000000003,280231.74305555556,0.6268656716417911,0.6666666666666666,0.0
1.82,40,2720,68.0,68.0,68.0,68.0,68.0,0.0,1.0,1.0,0.0
4.76,20,1360,68.0,68.0,68.0,68.0,68.0,0.0,1.0,1.0,0.0
7.3,56,3808,68.0,68.0,68.0,68.0,68.0,0.0,1.0,1.0,0.0
4.26,20,1360,68.0,68.0,68.0,68.0,68.0,0.0,1.0,1.0,0.0
9.07,56,3808,68.0,68.0,68.0,68.0,68.0,0.0,1.0,1.0,0.0
8.26,63,19636,86.0,68.0,68.0,128.0,682.0000000000003,491877.83572688315,1.2217696311382666,0.746031746031746,0.0
5.51,135,53918,86.0,68.0,68.0,170.0,1545.400000000002,737352.4458710562,0.9836650601523123,0.7037037037037037,0.0
9.36,76,33350,86.0,68.0,68.0,170.0,1516.0,911943.018698061,1.0490292455148684,0.6973684210526315,0.0
0.83,4,272,68.0,68.0,68.0,68.0,68.0,0.0,1.0,1.0,0.0
3.52,36,2448,68.0,68.0,68.0,68.0,68.0,0.0,1.0,1.0,0.0
7.88,32,2176,68.0,68.0,68.0,68.0,68.0,0.0,1.0,1.0,0.0
0.38,4,272,68.0,68.0,68.0,68.0,68.0,0.0,1.0,1.0,0.0
0.06,4,272,68.0,68.0,68.0,68.0,68.0,0.0,1.0,1.0,0.0
4.12,52,3536,68.0,68.0,68.0,68.0,68.0,0.0,1.0,1.0,0.0
8.78,24,1632,68.0,68.0,68.0,68.0,68.0,0.0,1.0,1.0,0.0
6.98,88,18720,68.0,68.0,68.0,86.0,170.0,262159.15289256204,1.1527138914443422,0.8181818181818182,0.0
4.32,16,1088,68.0,68.0,68.0,68.0,68.0,0.0,1.0,1.0,0.0
1.36,26,12944,86.0,68.0,71.0,170.0,2182.0,990835.2071005919,1.4330827067669174,0.6923076923076923,0.0
4.71,112,41329,86.0,68.0,68.0,170.0,1000.3000000000025,653802.8659917094,2.214763534536403,0.6964285714285714,0.0
6.33,47,19490,86.0,68.0,68.0,170.0,1597.7999999999997,674509.5789950204,1.5357793390580277,0.6595744680851063,0.0
4.74,55,7928,68.0,68.0,68.0,68.0,86.0,91886.66975206607,0.8566744730679157,0.9090909090909091,0.0
6.62,28,1904,68.0,68.0,68.0,68.0,68.0,0.0,1.0,1.0,0.0
1.15,4,272,68.0,68.0,68.0,68.0,68.0,0.0,1.0,1.0,0.0
2.62,36,2448,68.0,68.0,68.0,68.0,68.0,0.0,1.0,1.0,0.0
2.1,8,544,68.0,68.0,68.0,68.0,68.0,0.0,1.0,1.0,0.0
1.28,17,1156,68.0,68.0,68.0,68.0,68.0,0.0,1.125,1.0,0.0
0.45,3,204,68.0,68.0,68.0,68.0,68.0,0.0,0.5,1.0,0.0
5.76,20,1360,68.0,68.0,68.0,68.0,68.0,0.0,1.0,1.0,0.0
6.92,95,20135,68.0,68.0,68.0,86.0,290.4000000000008,205260.40775623271,0.5758785317367144,0.8,0.0
5.95,41,11106,68.0,68.0,68.0,86.0,170.0,444640.4485425342,1.0903444381705252,0.8048780487804879,0.0
0.96,100,42424,86.0,68.0,68.0,170.0,1936.5000000000002,730666.6224000002,1.078487090294449,0.67,0.0
5.88,39,9396,68.0,68.0,68.0,86.0,289.4000000000017,281149.35305719916,0.6775575790037494,0.7948717948717948,0.0
3.72,35,19935,86.0,68.0,68.0,170.0,2482.600000000002,1318811.330612245,1.4385321100917432,0.6285714285714286,0.0
2.54,40,2720,68.0,68.0,68.0,68.0,68.0,0.0,1.0,1.0,0.0
0.76,16,1088,68.0,68.0,68.0,68.0,68.0,0.0,1.0,1.0,0.0
5.91,12,816,68.0,68.0,68.0,68.0,68.0,0.0,1.0,1.0,0.0
7.61,48,3264,68.0,68.0,68.0,68.0,68.0,0.0,1.0,1.0,0.0
4.02,20,1360,68.0,68.0,68.0,68.0,68.0,0.0,1.0,1.0,0.0
2.35,12,816,68.0,68.0,68.0,68.0,68.0,0.0,1.0,1.0,0.0
8.3,96,25980,68.0,68.0,68.0,86.0,170.0,513911.296875,0.9467965530161109,0.8333333333333334,0.0
0.73,4,272,68.0,68.0,68.0,68.0,68.0,0.0,1.0,1.0,0.0
2.16,8,544,68.0,68.0,68.0,68.0,68.0,0.0,1.0,1.0,0.0
3.84,125,50969,86.0,68.0,68.0,170.0,1216.200000000002,757572.6024960001,0.9132507507507508,0.68,0.0
5.97,39,13590,68.0,68.0,68.0,86.0,283.6000000000016,814111.7357001973,0.8593514844711999,0.7948717948717948,0.0
8.7,81,18623,68.0,68.0,68.0,86.0,170.0,383847.7332723671,0.8694037341899217,0.8518518518518519,0.0
9.12,42,3810,68.0,68.0,68.0,86.0,151.0,2635.1564625850338,1.0,0.8571428571428571,0.0
4.29,40,2720,68.0,68.0,68.0,68.0,68.0,0.0,1.0,1.0,0.0
5.05,20,1360,68.0,68.0,68.0,68.0,68.0,0.0,1.0,1.0,0.0
9.27,106,25537,68.0,68.0,68.0,86.0,170.0,426553.81354574586,1.2655251951738822,0.839622641509434,0.0
4.64,4,272,68.0,68.0,68.0,68.0,68.0,0.0,1.0,1.0,0.0
1.61,12,816,68.0,68.0,68.0,68.0,68.0,0.0,1.0,1.0,0.0
4.12,132,56714,86.0,68.0,68.0,170.0,1454.1000000000008,835411.84825528,1.0665354904532867,0.6893939393939394,0.0
3.7,28,5021,68.0,68.0,68.0,86.0,170.0,172118.43239795923,1.8431483578708947,0.8571428571428571,0.0
0.39,12,6951,86.0,68.0,68.0,170.0,1966.4000000000008,1286025.8541666667,0.613884374274437,0.6666666666666666,0.0
3.16,36,13572,86.0,68.0,68.0,170.0,1142.5,531227.0,1.2764173096276417,0.6666666666666666,0.0
9.71,60,4080,68.0,68.0,68.0,68.0,68.0,0.0,1.0,1.0,0.0
0.8,4,272,68.0,68.0,68.0,68.0,68.0,0.0,1.0,1.0,0.0
7.94,52,3536,68.0,68.0,68.0,68.0,68.0,0.0,1.0,1.0,0.0
1.08,16,1088,68.0,68.0,68.0,68.0,68.0,0.0,1.0,1.0,0.0
9.95,24,1632,68.0,68.0,68.0,68.0,68.0,0.0,1.0,1.0,0.0
1.28,72,9942,68.0,68.0,68.0,86.0,486.0,20055.15972222222,0.1963898916967509,0.7916666666666666,0.0
7.85,289,69284,86.0,68.0,86.0,222.0,516.0,189815.12807557383,3.4174955368528437,0.6193771626297578,0.0
8.4,136,51147,86.0,68.0,68.0,170.0,1245.5,623614.5302227509,0.8044452284353502,0.6691176470588235,0.0
4.74,63,21045,68.0,68.0,68.0,86.0,188.4000000000001,677142.3628117912,0.6806420699568759,0.7936507936507936,0.0
2.13,15,5220,86.0,68.0,68.0,128.0,172.4,895630.9333333333,5.624365482233503,0.7333333333333333,0.0
9.19,60,4080,68.0,68.0,68.0,68.0,68.0,0.0,1.0,1.0,0.0
5.28,36,2448,68.0,68.0,68.0,68.0,68.0,0.0,1.0,1.0,0.0
5.58,20,1360,68.0,68.0,68.0,68.0,68.0,0.0,1.0,1.0,0.0
3.25,24,1632,68.0,68.0,68.0,68.0,68.0,0.0,1.0,1.0,0.0
5.74,48,3264,68.0,68.0,68.0,68.0,68.0,0.0,1.0,1.0,0.0
0.21,23,6839,86.0,68.0,68.0,170.0,1190.8000000000009,271927.09640831756,1.5509138381201044,0.6956521739130435,0.0
6.67,33,9830,80.0,68.0,68.0,86.0,640.4000000000004,523193.924701561,0.6454636759290258,0.7575757575757576,0.0
2.15,8,544,68.0,68.0,68.0,68.0,68.0,0.0,1.0,1.0,0.0
2.88,126,58211,86.0,68.0,68.0,170.0,1952.0,864598.4999370117,0.88287618061845,0.6825396825396826,0.0
7.55,64,20949,83.0,68.0,68.0,107.0,566.0000000000003,546596.0329589844,0.9199890019246632,0.75,0.0
6.97,68,5420,68.0,68.0,68.0,68.0,86.0,3510.6487889273358,1.170604725670805,0.9411764705882353,0.0
2.66,103,20402,86.0,68.0,86.0,222.0,486.0,29591.450278065804,5.444093493367024,0.6213592233009708,0.0
8.68,16,1088,68.0,68.0,68.0,68.0,68.0,0.0,1.0,1.0,0.0
6.26,64,4352,68.0,68.0,68.0,68.0,68.0,0.0,1.0,1.0,0.0
6.01,66,22852,68.0,68.0,68.0,86.0,505.0,711191.5169880624,1.0077315058864875,0.7575757575757576,0.0
4.73,40,2720,68.0,68.0,68.0,68.0,68.0,0.0,1.0,1.0,0.0
1.76,92,32808,86.0,68.0,68.0,170.0,1132.600000000001,476869.95557655947,1.443434870037983,0.6521739130434783,0.0
6.22,80,23842,86.0,68.0,68.0,129.0,967.0,416971.47437499993,2.174700399467377,0.725,0.0
4.13,53,18535,86.0,68.0,68.0,129.0,842.6000000000026,628891.6368814526,1.2595391929781787,0.7358490566037735,0.0
3.15,56,9931,68.0,68.0,68.0,68.0,86.0,300089.79559948976,1.186481726111845,0.9285714285714286,0.0
3.43,12,816,68.0,68.0,68.0,68.0,68.0,0.0,1.0,1.0,0.0
7.77,64,4352,68.0,68.0,68.0,68.0,68.0,0.0,1.0,1.0,0.0
7.31,28,1904,68.0,68.0,68.0,68.0,68.0,0.0,1.0,1.0,0.0
6.79,99,26372,68.0,68.0,68.0,86.0,209.00000000000057,431153.9536781961,0.5660332541567696,0.8181818181818182,0.0
8.1,45,5988,68.0,68.0,68.0,86.0,380.4000000000004,18507.662222222218,0.2392384105960265,0.8,0.0
3.34,122,62139,86.0,68.0,68.0,170.0,2198.7000000000003,1111646.419846815,1.0122733160621762,0.6639344262295082,0.0
1.71,24,7145,68.0,68.0,68.0,86.0,170.0,570298.6232638889,0.6413967378819205,0.8333333333333334,0.0
8.6,56,16522,86.0,68.0,68.0,170.0,488.0,439325.57015306124,2.114420358152686,0.7142857142857143,0.0
7.88,56,3808,68.0,68.0,68.0,68.0,68.0,0.0,1.0,1.0,0.0
1.62,8,544,68.0,68.0,68.0,68.0,68.0,0.0,1.0,1.0,0.0
4.47,44,2992,68.0,68.0,68.0,68.0,68.0,0.0,1.0,1.0,0.0
8.88,28,1904,68.0,68.0,68.0,68.0,68.0,0.0,1.0,1.0,0.0
4.69,16,1088,68.0,68.0,68.0,68.0,68.0,0.0,1.0,1.0,0.0
4.09,85,22342,68.0,68.0,68.0,86.0,170.0,457731.65896193765,0.6679357969391564,0.8117647058823529,0.0
9.49,45,6859,68.0,68.0,68.0,86.0,170.0,75166.37728395061,0.9332018038331454,0.8222222222222222,0.0
5.36,127,42552,86.0,68.0,68.0,170.0,975.6000000000006,529670.0205840411,0.8826652508627555,0.7165354330708661,0.0
1.33,24,13982,86.0,68.0,77.0,170.0,2652.799999999999,1301115.9097222222,0.8580730897009967,0.6666666666666666,0.0
9.11,85,15693,68.0,68.0,68.0,68.0,105.80000000000028,319369.1994463669,0.8508078782875339,0.8941176470588236,0.0
6.86,18,2096,68.0,68.0,68.0,68.0,206.00000000000028,17102.913580246914,0.35051546391752575,0.8888888888888888,0.0
7.88,56,3808,68.0,68.0,68.0,68.0,68.0,0.0,1.0,1.0,0.0
2.09,8,544,68.0,68.0,68.0,68.0,68.0,0.0,1.0,1.0,0.0
0.39,4,272,68.0,68.0,68.0,68.0,68.0,0.0,1.0,1.0,0.0
5.25,24,1632,68.0,68.0,68.0,68.0,68.0,0.0,1.0,1.0,0.0
2.69,20,1360,68.0,68.0,68.0,68.0,68.0,0.0,1.0,1.0,0.0
9.68,73,18449,68.0,68.0,68.0,86.0,404.3999999999992,351251.7331581911,1.2203634613070165,0.7808219178082192,0.0
9.77,152,66909,86.0,68.0,68.0,170.0,1755.7,832205.1675467452,0.8276653281979841,0.7039473684210527,0.0
7.29,90,18769,68.0,68.0,68.0,86.0,170.0,239800.7146913581,1.5028670489398586,0.8222222222222222,0.0
9.57,36,2448,68.0,68.0,68.0,68.0,68.0,0.0,1.0,1.0,0.0
0.26,4,272,68.0,68.0,68.0,68.0,68.0,0.0,1.0,1.0,0.0
1.13,36,2448,68.0,68.0,68.0,68.0,68.0,0.0,1.0,1.0,0.0
6.43,24,1632,68.0,68.0,68.0,68.0,68.0,0.0,1.0,1.0,0.0
0.89,8,544,68.0,68.0,68.0,68.0,68.0,0.0,1.0,1.0,0.0
9.03,101,22748,68.0,68.0,68.0,86.0,170.0,390892.7105185768,0.5681786846822005,0.8316831683168316,0.0
6.54,134,48086,86.0,68.0,68.0,170.0,871.3000000000009,612825.8433949656,0.8503155302447284,0.7014925373134329,0.0
3.75,28,7422,68.0,68.0,68.0,86.0,571.700000000001,308730.63775510207,0.8339510748702743,0.8214285714285714,0.0
6.77,87,25715,68.0,68.0,68.0,86.0,175.60000000000008,581571.2789007793,0.8578859908966115,0.8045977011494253,0.0
2.03,4,272,68.0,68.0,68.0,68.0,68.0,0.0,1.0,1.0,0.0
1.66,20,1360,68.0,68.0,68.0,68.0,68.0,0.0,1.0,1.0,0.0
9.53,56,3808,68.0,68.0,68.0,68.0,68.0,0.0,1.0,1.0,0.0
0.69,16,1088,68.0,68.0,68.0,68.0,68.0,0.0,1.0,1.0,0.0
8.95,24,1632,68.0,68.0,68.0,68.0,68.0,0.0,1.0,1.0,0.0
8.54,89,26053,68.0,68.0,68.0,86.0,263.2000000000013,548510.1520010099,0.7581994871102713,0.8089887640449438,0.0
3.73,12,816,68.0,68.0,68.0,68.0,68.0,0.0,1.0,1.0,0.0
2.53,130,58012,86.0,68.0,68.0,170.0,1670.6000000000006,789049.9240236686,1.0766036655211912,0.676923076923077,0.0
1.53,28,5411,68.0,68.0,68.0,86.0,170.0,211537.04464285713,0.5665894614939201,0.8571428571428571,0.0
8.04,87,26325,68.0,68.0,68.0,86.0,170.0,605916.6793499801,1.1604431678292983,0.8160919540229885,0.0
8.22,32,2176,68.0,68.0,68.0,68.0,68.0,0.0,1.0,1.0,0.0
5.89,45,3060,68.0,68.0,68.0,68.0,68.0,0.0,1.0454545454545454,1.0,0.0
4.75,19,1292,68.0,68.0,68.0,68.0,68.0,0.0,0.9,1.0,0.0
3.48,12,816,68.0,68.0,68.0,68.0,68.0,0.0,1.0,1.0,0.0
9.87,99,25877,68.0,68.0,68.0,86.0,170.0,474558.9637792062,0.6022910216718266,0.8282828282828283,0.0
8.29,134,56287,86.0,68.0,68.0,170.0,1556.6000000000001,764216.2883158833,1.0323151357596765,0.6865671641791045,0.0
9.84,76,26904,86.0,68.0,68.0,170.0,1087.0,594858.552631579,0.7560211474446837,0.7368421052631579,0.0
2.34,40,2720,68.0,68.0,68.0,68.0,68.0,0.0,1.0,1.0,0.0
9.62,42,3264,68.0,68.0,68.0,68.0,68.0,1568.4897959183672,1.0,0.9523809523809523,0.0
0.41,4,272,68.0,68.0,68.0,68.0,68.0,0.0,1.0,1.0,0.0
1.2,32,2176,68.0,68.0,68.0,68.0,68.0,0.0,1.0,1.0,0.0
5.7,28,1904,68.0,68.0,68.0,68.0,68.0,0.0,1.0,1.0,0.0
1.24,8,544,68.0,68.0,68.0,68.0,68.0,0.0,1.0,1.0,0.0
5.35,264,49747,86.0,68.0,68.0,222.0,486.0,62343.723126147845,3.1150632806683762,0.6590909090909091,0.0
6.81,83,30553,86.0,68.0,74.0,486.0,516.0,525449.7352300769,2.9050357873210633,0.6265060240963856,0.0
1.35,23,11891,86.0,68.0,68.0,170.0,2068.4000000000005,1006235.8260869565,1.5777151528289617,0.6521739130434783,0.0
9.49,158,65060,86.0,68.0,68.0,170.0,1329.100000000003,849897.8594776479,0.8495565158062315,0.7278481012658228,0.0
2.45,24,10552,86.0,68.0,68.0,170.0,1280.8,548309.3888888889,0.655475368685284,0.625,0.0
2.51,32,8509,68.0,68.0,68.0,72.5,161.6000000000002,538498.3974609375,0.8913091798177373,0.875,0.0
0.2,12,816,68.0,68.0,68.0,68.0,68.0,0.0,1.0,1.0,0.0
6.75,28,1904,68.0,68.0,68.0,68.0,68.0,0.0,1.0,1.0,0.0
1.76,8,544,68.0,68.0,68.0,68.0,68.0,0.0,1.0,1.0,0.0
6.08,48,3264,68.0,68.0,68.0,68.0,68.0,0.0,1.0,1.0,0.0
8.71,40,2720,68.0,68.0,68.0,68.0,68.0,0.0,1.0,1.0,0.0
8.13,87,19524,68.0,68.0,68.0,86.0,170.0,281137.78279825597,1.500832586140643,0.8160919540229885,0.0
1.39,8,544,68.0,68.0,68.0,68.0,68.0,0.0,1.0,1.0,0.0
9.78,160,55354,86.0,68.0,68.0,170.0,1324.9999999999998,485988.13609374996,1.2410526315789474,0.71875,0.0
3.23,40,12197,86.0,68.0,68.0,170.0,587.7000000000003,453215.719375,1.2228904683798067,0.675,0.0
5.9,56,4956,68.0,68.0,68.0,68.0,86.0,9603.75,0.7956521739130434,0.9285714285714286,0.0
0.3,12,816,68.0,68.0,68.0,68.0,68.0,0.0,1.0,1.0,0.0
3.08,83,15074,86.0,68.0,83.0,222.0,486.0,24307.12846566991,2.5907575035731303,0.6265060240963856,0.0
6.35,8,544,68.0,68.0,68.0,68.0,68.0,0.0,1.0,1.0,0.0
5.53,16,1088,68.0,68.0,68.0,68.0,68.0,0.0,1.0,1.0,0.0
7.23,60,4080,68.0,68.0,68.0,68.0,68.0,0.0,1.0,1.0,0.0
9.53,104,23108,68.0,68.0,68.0,86.0,170.0,356335.2130177515,0.6950047678427346,0.8461538461538461,0.0
8.55,134,57158,86.0,68.0,68.0,170.0,1834.2000000000005,815923.6502561818,1.4739439058171746,0.6940298507462687,0.0
2.46,22,3472,74.0,68.0,68.0,86.0,170.0,56543.330578512396,1.2185303514376997,0.8181818181818182,0.0
9.99,95,27788,68.0,68.0,68.0,86.0,170.0,606698.4815512463,1.7104955130706203,0.8315789473684211,0.0
6.55,24,1632,68.0,68.0,68.0,68.0,68.0,0.0,1.0,1.0,0.0
4.98,20,1360,68.0,68.0,68.0,68.0,68.0,0.0,1.0,1.0,0.0
4.98,52,3536,68.0,68.0,68.0,68.0,68.0,0.0,1.0,1.0,0.0
3.07,12,816,68.0,68.0,68.0,68.0,68.0,0.0,1.0,1.0,0.0
2.77,40,2720,68.0,68.0,68.0,68.0,68.0,0.0,1.0,1.0,0.0
9.75,90,28415,86.0,68.0,68.0,170.0,486.0,484868.26728395076,0.7903723772919161,0.7,0.0
6.64,128,57877,86.0,68.0,68.0,170.0,1375.7999999999988,923923.0277709961,1.0394305648542936,0.6796875,0.0
2.25,24,6550,68.0,68.0,68.0,86.0,170.0,630074.3263888889,2.9890377588306944,0.8333333333333334,0.0
4.81,42,18219,86.0,68.0,68.0,170.0,1959.8999999999976,856444.8826530611,0.7288859366103625,0.7142857142857143,0.0
7.07,53,8084,68.0,68.0,68.0,68.0,86.0,170938.62655749382,1.282970912171703,0.9056603773584906,0.0
1.1,12,816,68.0,68.0,68.0,68.0,68.0,0.0,1.0,1.0,0.0
3.74,8,544,68.0,68.0,68.0,68.0,68.0,0.0,1.0,1.0,0.0
7.07,56,3808,68.0,68.0,68.0,68.0,68.0,0.0,1.0,1.0,0.0
3.47,20,1360,68.0,68.0,68.0,68.0,68.0,0.0,1.0,1.0,0.0
3.43,12,816,68.0,68.0,68.0,68.0,68.0,0.0,1.0,1.0,0.0
4.72,44,2992,68.0,68.0,68.0,68.0,68.0,0.0,1.0,1.0,0.0
9.33,69,25816,80.0,68.0,68.0,170.0,1483.2,605050.3558076032,1.1495420482930891,0.7391304347826086,0.0
9.84,155,61646,86.0,68.0,68.0,170.0,1603.5999999999992,676694.9258688865,1.22203799156544,0.7032258064516129,0.0
0.74,12,2878,86.0,68.0,68.0,170.0,290.6,177164.97222222225,0.37309160305343514,0.6666666666666666,0.0
0.85,13,4143,86.0,68.0,80.0,170.0,1234.8000000000009,258733.44378698224,0.2089290925007295,0.6153846153846154,0.0
5.07,63,9859,68.0,68.0,68.0,77.0,170.0,175055.2340639961,2.0149847094801223,0.873015873015873,0.0
7.67,63,9952,68.0,68.0,68.0,86.0,486.0,28026.72915091962,3.515426497277677,0.7936507936507936,0.0
3.3,24,1632,68.0,68.0,68.0,68.0,68.0,0.0,1.0,1.0,0.0
0.75,48,3264,68.0,68.0,68.0,68.0,68.0,0.0,1.0,1.0,0.0
2.89,4,272,68.0,68.0,68.0,68.0,68.0,0.0,1.0,1.0,0.0
7.31,124,30832,68.0,68.0,68.0,86.0,170.0,491900.4869927161,1.0716253443526171,0.8225806451612904,0.0
9.55,157,58593,86.0,68.0,68.0,170.0,1211.8000000000006,622022.6845713821,0.7820797469509413,0.7133757961783439,0.0
9.16,94,23862,68.0,68.0,68.0,86.0,170.0,461164.3182435492,1.1072059342988343,0.8297872340425532,0.0
6.88,28,1904,68.0,68.0,68.0,68.0,68.0,0.0,1.0,1.0,0.0
5.86,48,3264,68.0,68.0,68.0,68.0,68.0,0.0,1.0,1.0,0.0
3.8,20,1360,68.0,68.0,68.0,68.0,68.0,0.0,1.0,1.0,0.0
7.85,56,3808,68.0,68.0,68.0,68.0,68.0,0.0,1.0,1.0,0.0
0.43,50,18430,86.0,68.0,68.0,170.0,530.4000000000013,723405.72,1.7672672672672673,0.68,0.0
6.15,16,1088,68.0,68.0,68.0,68.0,68.0,0.0,1.0,1.0,0.0
1.42,16,3232,77.0,68.0,68.0,107.0,353.0,119614.5,0.5523535062439962,0.75,0.0
4.4,123,49120,86.0,68.0,68.0,170.0,1398.7999999999993,731754.8777843873,1.112960812147804,0.7073170731707317,0.0
5.38,40,15264,86.0,68.0,68.0,170.0,1057.9000000000008,565341.14,1.3624825878347004,0.675,0.0
7.66,66,12352,68.0,68.0,68.0,84.5,170.0,234121.4315886134,0.6878928669035256,0.8636363636363636,0.0
1.47,20,1360,68.0,68.0,68.0,68.0,68.0,0.0,1.0,1.0,0.0
8.83,56,3808,68.0,68.0,68.0,68.0,68.0,0.0,1.0,1.0,0.0
4.15,20,1360,68.0,68.0,68.0,68.0,68.0,0.0,1.0,1.0,0.0
1.95,8,544,68.0,68.0,68.0,68.0,68.0,0.0,1.0,1.0,0.0
2.51,8,544,68.0,68.0,68.0,68.0,68.0,0.0,1.0,1.0,0.0
2.57,40,2720,68.0,68.0,68.0,68.0,68.0,0.0,1.0,1.0,0.0
7.59,58,18184,86.0,68.0,68.0,170.0,805.4000000000009,510478.4221165279,1.0442945474985947,0.7241379310344828,0.0
8.21,145,56741,86.0,68.0,68.0,170.0,1203.3999999999999,713477.7338406659,1.0922197640117994,0.7172413793103448,0.0
6.44,53,25971,86.0,68.0,68.0,170.0,1499.6000000000004,1050616.2826628694,0.8438764643237486,0.6792452830188679,0.0
5.55,52,8155,68.0,68.0,68.0,68.0,86.0,200297.33542899412,1.510003077870114,0.9230769230769231,0.0
3.97,20,1360,68.0,68.0,68.0,68.0,68.0,0.0,1.0,1.0,0.0
1.6,8,544,68.0,68.0,68.0,68.0,68.0,0.0,1.0,1.0,0.0
5.26,48,3264,68.0,68.0,68.0,68.0,68.0,0.0,1.0,1.0,0.0
4.6,20,1360,68.0,68.0,68.0,68.0,68.0,0.0,1.0,1.0,0.0
5.25,20,1360,68.0,68.0,68.0,68.0,68.0,0.0,1.0,1.0,0.0
6.15,87,23239,68.0,68.0,68.0,86.0,170.0,399847.64196062903,0.8629950296616963,0.8160919540229885,0.0
2.59,12,816,68.0,68.0,68.0,68.0,68.0,0.0,1.0,1.0,0.0
4.4,127,36170,86.0,68.0,68.0,170.0,593.6000000000024,380574.9927459856,0.9689711486118672,0.6929133858267716,0.0
2.9,28,5334,68.0,68.0,68.0,86.0,170.0,290913.53571428574,0.3325006245316013,0.8571428571428571,0.0
9.67,87,17273,68.0,68.0,68.0,86.0,170.0,211150.77711718858,1.484608745684695,0.8160919540229885,0.0
6.76,28,1904,68.0,68.0,68.0,68.0,68.0,0.0,1.0,1.0,0.0
1.28,4,272,68.0,68.0,68.0,68.0,68.0,0.0,1.0,1.0,0.0
1.98,8,544,68.0,68.0,68.0,68.0,68.0,0.0,1.0,1.0,0.0
1.24,36,2448,68.0,68.0,68.0,68.0,68.0,0.0,1.0,1.0,0.0
4.82,20,1360,68.0,68.0,68.0,68.0,68.0,0.0,1.0,1.0,0.0
7.61,56,3808,68.0,68.0,68.0,68.0,68.0,0.0,1.0,1.0,0.0
7.12,62,23234,86.0,68.0,68.0,149.0,847.6999999999992,718566.0946930281,1.1344970142397794,0.7419354838709677,0.0
7.99,147,50822,86.0,68.0,68.0,170.0,1179.6000000000004,546778.5654125594,0.9574025573871514,0.7210884353741497,0.0
3.8,12,5501,86.0,68.0,68.0,170.0,1640.6000000000006,695968.9097222222,1.4106047326906224,0.6666666666666666,0.0
7.61,92,17065,68.0,68.0,68.0,86.0,170.0,150668.11944706994,0.7420375663536137,0.8152173913043478,0.0
1.0,16,1088,68.0,68.0,68.0,68.0,68.0,0.0,1.0,1.0,0.0
1.27,4,272,68.0,68.0,68.0,68.0,68.0,0.0,1.0,1.0,0.0
2.51,12,816,68.0,68.0,68.0,68.0,68.0,0.0,1.0,1.0,0.0
8.94,64,4352,68.0,68.0,68.0,68.0,68.0,0.0,1.0,1.0,0.0
5.31,20,1360,68.0,68.0,68.0,68.0,68.0,0.0,1.0,1.0,0.0
1.0,36,2448,68.0,68.0,68.0,68.0,68.0,0.0,1.0,1.0,0.0
9.55,65,19535,80.0,68.0,68.0,86.0,417.00000000000006,485156.4639053255,0.8182241250930752,0.7538461538461538,0.0
2.56,123,49351,86.0,68.0,68.0,170.0,1373.3999999999999,659107.460374116,1.297853517716627,0.6666666666666666,0.0
1.13,16,1088,68.0,68.0,68.0,68.0,68.0,0.0,1.0,1.0,0.0
5.38,34,14975,86.0,68.0,68.0,170.0,1770.4999999999995,707072.0700692041,1.358267716535433,0.6470588235294118,0.0
6.51,69,17334,68.0,68.0,68.0,80.0,170.0,507393.79332073097,0.8493545289661795,0.8695652173913043,0.0
7.66,28,1904,68.0,68.0,68.0,68.0,68.0,0.0,1.0,1.0,0.0
3.81,12,816,68.0,68.0,68.0,68.0,68.0,0.0,1.0,1.0,0.0
9.47,60,4080,68.0,68.0,68.0,68.0,68.0,0.0,1.0,1.0,0.0
3.77,16,1088,68.0,68.0,68.0,68.0,68.0,0.0,1.0,1.0,0.0
4.52,83,20540,68.0,68.0,68.0,86.0,170.0,381824.2008999855,0.7751274738570564,0.8072289156626506,0.0
9.9,82,24609,80.0,68.0,68.0,86.0,783.500000000002,401583.90258774546,1.1096442348906987,0.7560975609756098,0.0
6.59,88,25133,86.0,68.0,68.0,170.0,654.5999999999993,393750.1940857438,1.404151520948919,0.7272727272727273,0.0
7.16,86,17829,68.0,68.0,68.0,86.0,170.0,187706.6107355328,1.279923273657289,0.813953488372093,0.0
4.79,20,1360,68.0,68.0,68.0,68.0,68.0,0.0,1.0,1.0,0.0
0.65,4,272,68.0,68.0,68.0,68.0,68.0,0.0,1.0,1.0,0.0
6.56,52,3536,68.0,68.0,68.0,68.0,68.0,0.0,1.0,1.0,0.0
5.2,24,1632,68.0,68.0,68.0,68.0,68.0,0.0,1.0,1.0,0.0
9.94,102,24432,68.0,68.0,68.0,86.0,170.0,342151.229527105,1.104392764857881,0.8333333333333334,0.0
0.52,4,272,68.0,68.0,68.0,68.0,68.0,0.0,1.0,1.0,0.0
3.1,13,2282,68.0,68.0,68.0,86.0,516.0,34826.55621301774,0.17507723995880536,0.7692307692307693,0.0
1.91,8,544,68.0,68.0,68.0,68.0,68.0,0.0,1.0,1.0,0.0
5.74,137,62056,86.0,68.0,68.0,170.0,1777.8000000000004,921367.9183760455,0.8571856108218112,0.7007299270072993,0.0
3.85,16,4234,77.0,68.0,68.0,107.0,806.5,220573.234375,0.9448782728525493,0.75,0.0
1.73,22,10138,86.0,68.0,72.5,170.0,1070.1000000000017,954573.966942149,1.3354065883436996,0.6363636363636364,0.0
2.3,26,9518,86.0,68.0,80.0,170.0,922.5,439262.5325443788,0.731489903583773,0.6538461538461539,0.0
0.71,4,272,68.0,68.0,68.0,68.0,68.0,0.0,1.0,1.0,0.0
4.02,40,2720,68.0,68.0,68.0,68.0,68.0,0.0,1.0,1.0,0.0
6.15,49,6384,68.0,68.0,68.0,86.0,184.0,44464.57142857143,0.7179763186221744,0.7959183673469388,0.0
3.99,16,1088,68.0,68.0,68.0,68.0,68.0,0.0,1.0,1.0,0.0
2.43,36,2448,68.0,68.0,68.0,68.0,68.0,0.0,1.0,1.0,0.0
0.64,16,1088,68.0,68.0,68.0,68.0,68.0,0.0,1.0,1.0,0.0
2.18,4,272,68.0,68.0,68.0,68.0,68.0,0.0,1.0,1.0,0.0
1.12,4,272,68.0,68.0,68.0,68.0,68.0,0.0,1.0,1.0,0.0
9.34,97,25794,68.0,68.0,68.0,86.0,170.0,546482.9004144968,0.9876704939508361,0.8350515463917526,0.0
7.56,16,1088,68.0,68.0,68.0,68.0,68.0,0.0,1.0,1.0,0.0
1.93,62,22534,86.0,68.0,68.0,170.0,642.4999999999998,659670.763787721,0.7332512883624337,0.6774193548387096,0.0
7.07,88,28460,86.0,68.0,68.0,170.0,924.6999999999998,518147.3326446281,1.1379206730769231,0.7272727272727273,0.0
6.47,69,23701,68.0,68.0,68.0,86.0,994.4000000000008,582715.3224112581,0.8715255843335439,0.7536231884057971,0.0
6.42,96,14612,68.0,68.0,68.0,86.0,516.0,26874.03993055555,0.8514951849974658,0.7916666666666666,0.0
3.46,4,272,68.0,68.0,68.0,68.0,68.0,0.0,1.0,1.0,0.0
9.72,72,4896,68.0,68.0,68.0,68.0,68.0,0.0,1.0,1.0,0.0
3.97,4,272,68.0,68.0,68.0,68.0,68.0,0.0,1.0,1.0,0.0
4.68,58,12620,86.0,68.0,68.0,170.0,372.00000000000097,159751.51843043996,0.9129907533727452,0.7241379310344828,0.0
2.82,44,2992,68.0,68.0,68.0,68.0,68.0,0.0,1.0,1.0,0.0
5.71,117,57318,86.0,68.0,68.0,170.0,1961.8000000000002,999085.2031558182,0.7214680442095146,0.6581196581196581,0.0
7.84,76,28213,68.0,68.0,68.0,86.0,658.5,781348.4368074792,1.0969971755611714,0.7894736842105263,0.0
9.68,72,12752,68.0,68.0,68.0,68.0,84.19999999999997,387605.237654321,0.9736882835474385,0.9444444444444444,0.0
2.85,12,816,68.0,68.0,68.0,68.0,68.0,0.0,1.0,1.0,0.0
6.55,60,4080,68.0,68.0,68.0,68.0,68.0,0.0,1.0,1.0,0.0
9.04,24,1632,68.0,68.0,68.0,68.0,68.0,0.0,1.0,1.0,0.0
4.57,83,20592,68.0,68.0,68.0,86.0,170.0,340753.4605893453,0.8623496427602424,0.8072289156626506,0.0
1.77,90,16344,86.0,68.0,68.0,222.0,486.0,25010.77333333333,3.0098135426889105,0.6333333333333333,0.0
3.17,4,272,68.0,68.0,68.0,68.0,68.0,0.0,1.0,1.0,0.0
0.55,12,5454,86.0,68.0,68.0,170.0,1435.4000000000005,720741.4166666666,0.6041176470588235,0.6666666666666666,0.0
4.06,110,34402,86.0,68.0,68.0,170.0,1067.3000000000006,353738.8624793387,0.6810163694111898,0.6727272727272727,0.0
6.04,60,16089,68.0,68.0,68.0,86.0,185.20000000000022,439723.8608333333,0.6998415213946118,0.8,0.0
7.77,63,16688,68.0,68.0,68.0,86.0,170.0,479181.01940035314,0.9337195828505215,0.8571428571428571,0.0
5.7,24,1632,68.0,68.0,68.0,68.0,68.0,0.0,1.0,1.0,0.0
1.49,8,544,68.0,68.0,68.0,68.0,68.0,0.0,1.0,1.0,0.0
4.16,44,2992,68.0,68.0,68.0,68.0,68.0,0.0,1.0,1.0,0.0
2.83,8,544,68.0,68.0,68.0,68.0,68.0,0.0,1.0,1.0,0.0
5.21,24,1632,68.0,68.0,68.0,68.0,68.0,0.0,1.0,1.0,0.0
6.1,92,30293,68.0,68.0,68.0,86.0,682.6000000000026,637563.0674621927,1.1372230845209539,0.7934782608695652,0.0
1.35,4,272,68.0,68.0,68.0,68.0,68.0,0.0,1.0,1.0,0.0
9.78,152,52460,86.0,68.0,68.0,167.75,1354.7000000000014,580816.8905817175,1.5131742837980262,0.7368421052631579,0.0
3.96,12,5169,86.0,68.0,68.0,170.0,1715.3000000000006,570864.8541666666,0.8434379457917262,0.6666666666666666,0.0
2.91,34,11368,86.0,68.0,68.0,170.0,923.4999999999994,443407.4636678201,1.9037037037037037,0.6470588235294118,0.0
2.46,32,7209,68.0,68.0,68.0,72.5,161.6000000000002,329583.0146484375,0.9843104872006606,0.875,0.0
8.26,79,11040,68.0,68.0,68.0,86.0,486.0,23657.758692517225,3.017467248908297,0.8354430379746836,0.0
3.98,4,272,68.0,68.0,68.0,68.0,68.0,0.0,1.0,1.0,0.0
0.96,16,1088,68.0,68.0,68.0,68.0,68.0,0.0,1.0,1.0,0.0
7.26,60,4080,68.0,68.0,68.0,68.0,68.0,0.0,1.0,1.0,0.0
4.58,62,20874,86.0,68.0,68.0,149.0,1007.4999999999993,552117.5733610824,1.7307692307692308,0.7419354838709677,0.0
9.64,165,52958,80.0,68.0,68.0,86.0,788.1999999999988,544051.3254729109,0.9866451588700904,0.7575757575757576,0.0
3.38,28,6160,68.0,68.0,68.0,86.0,170.0,269602.28571428574,0.7927823050058207,0.8571428571428571,0.0
8.21,87,20546,68.0,68.0,68.0,86.0,170.0,336293.2844497293,1.0316424404232176,0.8160919540229885,0.0
0.66,12,816,68.0,68.0,68.0,68.0,68.0,0.0,1.0,1.0,0.0
3.59,20,1360,68.0,68.0,68.0,68.0,68.0,0.0,1.0,1.0,0.0
2.18,8,544,68.0,68.0,68.0,68.0,68.0,0.0,1.0,1.0,0.0
4.69,48,3264,68.0,68.0,68.0,68.0,68.0,0.0,1.0,1.0,0.0
3.7,20,1360,68.0,68.0,68.0,68.0,68.0,0.0,1.0,1.0,0.0
5.6,20,1360,68.0,68.0,68.0,68.0,68.0,0.0,1.0,1.0,0.0
4.07,85,22333,68.0,68.0,68.0,86.0,170.0,412718.5212456747,1.364531498147168,0.8,0.0
1.67,4,272,68.0,68.0,68.0,68.0,68.0,0.0,1.0,1.0,0.0
5.93,40,15930,68.0,68.0,68.0,86.0,342.1000000000024,965414.7875,1.1211717709720372,0.8,0.0
6.66,128,52782,86.0,68.0,68.0,170.0,1647.7999999999986,783129.2927246094,1.2679499849611138,0.703125,0.0
3.32,35,11976,86.0,68.0,68.0,170.0,820.0000000000011,482464.3134693877,1.5995224658128935,0.6571428571428571,0.0
3.87,56,6931,68.0,68.0,68.0,68.0,86.0,59907.60682397958,0.9258127257571548,0.9107142857142857,0.0
0.76,16,1088,68.0,68.0,68.0,68.0,68.0,0.0,1.0,1.0,0.0
6.5,16,1088,68.0,68.0,68.0,68.0,68.0,0.0,1.0,1.0,0.0
2.43,24,1632,68.0,68.0,68.0,68.0,68.0,0.0,1.0,1.0,0.0
7.97,40,2720,68.0,68.0,68.0,68.0,68.0,0.0,1.0,1.0,0.0
1.95,8,544,68.0,68.0,68.0,68.0,68.0,0.0,1.0,1.0,0.0
3.96,16,1088,68.0,68.0,68.0,68.0,68.0,0.0,1.0,1.0,0.0
2.96,32,2176,68.0,68.0,68.0,68.0,68.0,0.0,1.0,1.0,0.0
3.79,56,20916,86.0,68.0,68.0,170.0,1062.5,645559.6785714285,1.2722433460076046,0.6964285714285714,0.0
8.99,141,52019,86.0,68.0,68.0,170.0,1046.0,638465.7538353201,0.7451355340848095,0.7163120567375887,0.0
0.03,8,544,68.0,68.0,68.0,68.0,68.0,0.0,1.0,1.0,0.0
2.28,20,3446,68.0,68.0,68.0,86.0,191.8000000000003,106351.71,0.4930675909878683,0.8,0.0
8.05,86,24407,68.0,68.0,68.0,86.0,170.0,572364.5539480802,1.3240335174252524,0.813953488372093,0.0
2.35,20,1360,68.0,68.0,68.0,68.0,68.0,0.0,1.0,1.0,0.0
7.94,32,2722,68.0,68.0,68.0,72.5,144.50000000000014,1662.18359375,1.0,0.875,0.0
5.14,52,3536,68.0,68.0,68.0,68.0,68.0,0.0,1.0,1.0,0.0
8.0,56,3808,68.0,68.0,68.0,68.0,68.0,0.0,1.0,1.0,0.0
9.27,68,20288,80.0,68.0,68.0,86.0,437.7000000000003,487249.8166089964,0.9442261619549592,0.7647058823529411,0.0
2.88,131,47055,86.0,68.0,68.0,170.0,1203.0,567261.6552648447,0.9075320252959299,0.6793893129770993,0.0
2.41,28,7218,68.0,68.0,68.0,86.0,170.0,491308.6683673469,0.5616616183470359,0.8571428571428571,0.0
5.76,51,22739,86.0,68.0,68.0,170.0,1463.0,808685.4125336407,1.0248441674087265,0.6666666666666666,0.0
8.6,56,3808,68.0,68.0,68.0,68.0,68.0,0.0,1.0,1.0,0.0
5.6,20,1360,68.0,68.0,68.0,68.0,68.0,0.0,1.0,1.0,0.0
2.38,36,2448,68.0,68.0,68.0,68.0,68.0,0.0,1.0,1.0,0.0
8.69,32,2176,68.0,68.0,68.0,68.0,68.0,0.0,1.0,1.0,0.0
0.57,4,272,68.0,68.0,68.0,68.0,68.0,0.0,1.0,1.0,0.0
7.13,148,38622,86.0,68.0,68.0,170.0,486.0,375483.3767348429,0.4045385118917739,0.7297297297297297,0.0
5.29,37,7612,86.0,68.0,68.0,516.0,516.0,40093.44046749453,4.484149855907781,0.7027027027027027,0.0
8.3,137,60972,86.0,68.0,68.0,170.0,1856.0,768476.8660024509,0.8522388966522875,0.6642335766423357,0.0
0.6,24,1632,68.0,68.0,68.0,68.0,68.0,0.0,1.0,1.0,0.0
6.99,91,21567,68.0,68.0,68.0,86.0,170.0,313457.978021978,0.9016841548364342,0.8021978021978022,0.0
8.41,32,2176,68.0,68.0,68.0,68.0,68.0,0.0,1.0,1.0,0.0
7.46,52,3536,68.0,68.0,68.0,68.0,68.0,0.0,1.0,1.0,0.0
2.27,16,1088,68.0,68.0,68.0,68.0,68.0,0.0,1.0,1.0,0.0
5.11,20,1360,68.0,68.0,68.0,68.0,68.0,0.0,1.0,1.0,0.0
0.01,12,816,68.0,68.0,68.0,68.0,68.0,0.0,1.0,1.0,0.0
9.38,77,19960,68.0,68.0,68.0,86.0,592.0000000000002,324089.57463315915,0.9768247994453798,0.7792207792207793,0.0
6.26,134,49909,86.0,68.0,68.0,170.0,1149.9,634065.3673980841,1.3076105049010542,0.6940298507462687,0.0
5.46,41,9659,68.0,68.0,68.0,86.0,170.0,306533.55978584173,0.9886761375334568,0.8048780487804879,0.0
8.15,76,19375,68.0,68.0,68.0,86.0,173.0,388313.8246191136,0.8683702989392478,0.8157894736842105,0.0
4.17,232,55950,86.0,68.0,77.0,222.0,516.0,106182.93868906065,3.5303643724696356,0.6336206896551724,0.0
4.37,194,36736,86.0,68.0,68.0,486.0,486.0,33996.251248804336,5.431372549019608,0.7216494845360825,0.0
4.94,12,816,68.0,68.0,68.0,68.0,68.0,0.0,1.0,1.0,0.0
0.89,4,272,68.0,68.0,68.0,68.0,68.0,0.0,1.0,1.0,0.0
2.71,60,4080,68.0,68.0,68.0,68.0,68.0,0.0,1.0,1.0,0.0
7.37,62,23097,86.0,68.0,68.0,149.0,624.9999999999998,727075.3457336106,0.9863261093911249,0.7419354838709677,0.0
7.2,170,53831,68.0,68.0,68.0,86.0,1037.7999999999997,522394.4266089965,1.2019470691700413,0.7588235294117647,0.0
2.28,29,8500,68.0,68.0,68.0,86.0,170.0,657517.1961950059,1.3696682464454977,0.8620689655172413,0.0
3.54,43,21221,86.0,68.0,68.0,170.0,2506.2000000000044,1049124.0173066524,1.0800823367967065,0.6976744186046512,0.0
6.87,68,6990,68.0,68.0,68.0,68.0,86.0,32761.751730103813,1.095952023988006,0.9411764705882353,0.0
4.16,8,544,68.0,68.0,68.0,68.0,68.0,0.0,1.0,1.0,0.0
3.8,16,1088,68.0,68.0,68.0,68.0,68.0,0.0,1.0,1.0,0.0
0.16,8,544,68.0,68.0,68.0,68.0,68.0,0.0,1.0,1.0,0.0
4.56,44,2992,68.0,68.0,68.0,68.0,68.0,0.0,1.0,1.0,0.0
9.34,24,1632,68.0,68.0,68.0,68.0,68.0,0.0,1.0,1.0,0.0
1.67,36,2448,68.0,68.0,68.0,68.0,68.0,0.0,1.0,1.0,0.0
9.12,139,42434,86.0,68.0,68.0,222.0,516.0,421194.25940686296,0.9632645507541409,0.6618705035971223,0.0
0.51,12,5950,86.0,68.0,68.0,170.0,774.8000000000002,1258644.9722222222,0.28509719222462204,0.6666666666666666,0.0
4.64,115,53557,86.0,68.0,68.0,170.0,2255.4,937237.0567863896,0.8880702249171544,0.6695652173913044,0.0
2.06,12,5936,86.0,68.0,81.5,391.25,1469.9,559310.3888888889,0.9468678255165628,0.5833333333333334,0.0
7.48,75,27470,68.0,68.0,68.0,86.0,913.2000000000027,716559.5822222222,0.7235537708620906,0.7733333333333333,0.0
3.11,36,2448,68.0,68.0,68.0,68.0,68.0,0.0,1.0,1.0,0.0
4.3,20,1360,68.0,68.0,68.0,68.0,68.0,0.0,1.0,1.0,0.0
2.72,12,816,68.0,68.0,68.0,68.0,68.0,0.0,1.0,1.0,0.0
6.8,48,3264,68.0,68.0,68.0,68.0,68.0,0.0,1.0,1.0,0.0
3.46,16,1088,68.0,68.0,68.0,68.0,68.0,0.0,1.0,1.0,0.0
6.72,48,3264,68.0,68.0,68.0,68.0,68.0,0.0,1.0,1.0,0.0
3.55,82,22993,86.0,68.0,68.0,126.0,196.10000000000016,437326.9234086852,1.0004350095702106,0.6829268292682927,0.0
6.36,134,49669,86.0,68.0,68.0,170.0,1414.3000000000025,675752.4021496993,0.8948954677247063,0.7313432835820896,0.0
9.57,68,17864,80.0,68.0,68.0,86.5,233.3000000000009,386560.41349480976,1.2374749498997997,0.7647058823529411,0.0
2.0,24,9868,86.0,68.0,68.0,170.0,1200.5,719251.5555555555,1.5738132498695878,0.6666666666666666,0.0
0.85,4,272,68.0,68.0,68.0,68.0,68.0,0.0,1.0,1.0,0.0
3.09,36,2448,68.0,68.0,68.0,68.0,68.0,0.0,1.0,1.0,0.0
0.38,16,1088,68.0,68.0,68.0,68.0,68.0,0.0,1.0,1.0,0.0
7.57,80,13078,86.0,68.0,68.0,222.0,486.0,20095.374374999996,3.221433182698515,0.6625,0.0
8.89,72,4896,68.0,68.0,68.0,68.0,68.0,0.0,1.0,1.0,0.0
6.91,28,1904,68.0,68.0,68.0,68.0,68.0,0.0,1.0,1.0,0.0
5.29,79,21931,68.0,68.0,68.0,86.0,261.8000000000013,452865.8839929498,0.881197460971007,0.7974683544303798,0.0
0.97,4,272,68.0,68.0,68.0,68.0,68.0,0.0,1.0,1.0,0.0
9.29,161,61600,86.0,68.0,68.0,170.0,1547.0,709299.5549554414,0.9502311150509719,0.7204968944099379,0.0
3.87,36,16618,86.0,68.0,68.0,170.0,1301.0,761787.5709876543,0.42022049397487393,0.6388888888888888,0.0
8.65,72,8559,68.0,68.0,68.0,68.0,84.19999999999997,102426.859375,0.6368330464716007,0.9444444444444444,0.0
8.18,56,3808,68.0,68.0,68.0,68.0,68.0,0.0,1.0,1.0,0.0
5.55,24,1632,68.0,68.0,68.0,68.0,68.0,0.0,1.0,1.0,0.0
2.37,8,544,68.0,68.0,68.0,68.0,68.0,0.0,1.0,1.0,0.0
8.49,98,25207,68.0,68.0,68.0,86.0,170.0,421927.0051020408,1.7171499407135928,0.8367346938775511,0.0
0.35,24,5120,86.0,68.0,68.0,486.0,486.0,37227.555555555555,8.411764705882353,0.6666666666666666,0.0
5.4,122,55669,86.0,68.0,68.0,170.0,2058.8,829177.3424482666,0.8563139817933242,0.6721311475409836,0.0
4.35,40,4837,68.0,68.0,68.0,68.0,89.00000000000004,78180.36937500002,2.128719275549806,0.9,0.0
7.69,89,21172,68.0,68.0,68.0,86.0,170.0,451038.3918697135,1.5545366795366795,0.8202247191011236,0.0
2.43,8,544,68.0,68.0,68.0,68.0,68.0,0.0,1.0,1.0,0.0
1.41,12,816,68.0,68.0,68.0,68.0,68.0,0.0,1.0,1.0,0.0
7.75,56,3808,68.0,68.0,68.0,68.0,68.0,0.0,1.0,1.0,0.0
0.07,4,272,68.0,68.0,68.0,68.0,68.0,0.0,1.0,1.0,0.0
3.92,20,1360,68.0,68.0,68.0,68.0,68.0,0.0,1.0,1.0,0.0
0.5,4,272,68.0,68.0,68.0,68.0,68.0,0.0,1.0,1.0,0.0
2.45,8,544,68.0,68.0,68.0,68.0,68.0,0.0,1.0,1.0,0.0
0.83,4,272,68.0,68.0,68.0,68.0,68.0,0.0,1.0,1.0,0.0
5.46,87,23509,68.0,68.0,68.0,86.0,170.0,512294.1477077551,1.2766802246755762,0.8160919540229885,0.0
9.13,139,52411,86.0,68.0,68.0,170.0,1006.6000000000004,678250.0686299882,1.0564623714980774,0.7122302158273381,0.0
7.01,52,12288,68.0,68.0,68.0,86.0,280.6999999999998,368993.5207100592,0.4762133589620375,0.7692307692307693,0.0
2.39,27,9603,86.0,68.0,74.0,170.0,1344.4000000000015,438640.37037037045,1.4801136363636365,0.7037037037037037,0.0
8.5,60,4080,68.0,68.0,68.0,68.0,68.0,0.0,1.0,1.0,0.0
4.81,16,1088,68.0,68.0,68.0,68.0,68.0,0.0,1.0,1.0,0.0
8.13,60,4080,68.0,68.0,68.0,68.0,68.0,0.0,1.0,1.0,0.0
7.3,56,3808,68.0,68.0,68.0,68.0,68.0,0.0,1.0,1.0,0.0
5.15,52,16332,86.0,68.0,68.0,170.0,942.0999999999999,401837.6863905326,1.304176072234763,0.6923076923076923,0.0
7.89,141,48761,86.0,68.0,68.0,170.0,1315.0,520674.54303103476,1.035355011061485,0.7163120567375887,0.0
3.45,26,5789,68.0,68.0,68.0,86.0,170.0,265530.5340236687,1.4130887869945812,0.8461538461538461,0.0
9.08,89,26142,68.0,68.0,68.0,86.0,249.60000000000113,480039.949753819,0.7464092457746009,0.8089887640449438,0.0
3.28,23,1768,68.0,68.0,68.0,68.0,68.0,1439.5916824196595,0.7333333333333333,0.9565217391304348,0.0
3.07,15,1224,68.0,68.0,68.0,68.0,78.8,2143.0399999999995,1.5714285714285714,0.9333333333333333,0.0
2.58,36,2448,68.0,68.0,68.0,68.0,68.0,0.0,1.0,1.0,0.0
6.28,24,1632,68.0,68.0,68.0,68.0,68.0,0.0,1.0,1.0,0.0
6.37,28,1904,68.0,68.0,68.0,68.0,68.0,0.0,1.0,1.0,0.0
2.54,268,51912,86.0,68.0,80.0,222.0,486.0,28918.00044553352,7.730575176589304,0.6268656716417911,0.0
3.95,45,18163,86.0,68.0,68.0,170.0,988.2,705650.0128395063,1.3259060058906391,0.6444444444444445,0.0
4.17,142,46714,86.0,68.0,68.0,170.0,641.9000000000017,548970.3935727038,1.2442469373048282,0.7183098591549296,0.0
2.71,28,8396,68.0,68.0,68.0,86.0,170.0,649368.8367346938,1.2199894235854045,0.8571428571428571,0.0
3.95,34,21179,86.0,68.0,68.0,170.0,2919.8,1316471.1392733562,1.0160875773441218,0.6470588235294118,0.0
4.11,52,6226,68.0,68.0,68.0,68.0,86.0,72681.69674556212,0.6324069218668065,0.9230769230769231,0.0
3.72,20,1360,68.0,68.0,68.0,68.0,68.0,0.0,1.0,1.0,0.0
1.42,8,544,68.0,68.0,68.0,68.0,68.0,0.0,1.0,1.0,0.0
5.72,48,3264,68.0,68.0,68.0,68.0,68.0,0.0,1.0,1.0,0.0
7.12,28,1904,68.0,68.0,68.0,68.0,68.0,0.0,1.0,1.0,0.0
9.5,100,28325,68.0,68.0,68.0,86.0,170.0,624162.5675,0.9054826774302052,0.84,0.0
5.08,28,5880,68.0,68.0,68.0,86.0,170.0,240007.5,0.730939063879894,0.8571428571428571,0.0
3.01,108,41987,86.0,68.0,68.0,170.0,1323.6999999999998,638805.5853052125,1.1493217302277963,0.6666666666666666,0.0
2.18,30,5794,68.0,68.0,68.0,84.5,170.0,234292.98222222226,2.0020725388601037,0.8666666666666667,0.0
6.1,55,25349,86.0,68.0,68.0,170.0,1490.8000000000002,959689.2971900824,0.7905629723811542,0.6727272727272727,0.0
1.73,36,2448,68.0,68.0,68.0,68.0,68.0,0.0,1.0,1.0,0.0
6.01,67,11500,86.0,68.0,68.0,154.0,486.0,29941.36422365783,1.6183970856102003,0.746268656716418,0.0
3.54,4,272,68.0,68.0,68.0,68.0,68.0,0.0,1.0,1.0,0.0
7.63,72,4896,68.0,68.0,68.0,68.0,68.0,0.0,1.0,1.0,0.0
0.91,4,272,68.0,68.0,68.0,68.0,68.0,0.0,1.0,1.0,0.0
8.02,103,27598,68.0,68.0,68.0,86.0,170.0,475593.9966066546,0.8407256719802575,0.8446601941747572,0.0
1.08,4,272,68.0,68.0,68.0,68.0,68.0,0.0,1.0,1.0,0.0
4.02,123,53349,86.0,68.0,68.0,170.0,1734.0,719168.32639302,0.9090713902308105,0.6666666666666666,0.0
4.46,40,6948,68.0,68.0,68.0,68.0,93.0000000000001,362836.11000000004,0.29578515479298767,0.9,0.0
5.17,50,21517,86.0,68.0,68.0,170.0,2244.5,655560.2644000001,0.9754865956665443,0.68,0.0
9.4,60,4080,68.0,68.0,68.0,68.0,68.0,0.0,1.0,1.0,0.0
9.38,68,4624,68.0,68.0,68.0,68.0,68.0,0.0,1.0,1.0,0.0
1.5,4,272,68.0,68.0,68.0,68.0,68.0,0.0,1.0,1.0,0.0
3.47,12,816,68.0,68.0,68.0,68.0,68.0,0.0,1.0,1.0,0.0
8.13,95,23568,68.0,68.0,68.0,86.0,170.0,371829.61396121886,1.2202543570419218,0.8210526315789474,0.0
6.02,15,1456,68.0,68.0,68.0,68.0,78.8,10824.995555555552,0.4857142857142857,0.9333333333333333,0.0
1.42,16,6375,77.0,68.0,68.0,107.0,1316.5,678410.12109375,1.0718232044198894,0.75,0.0
6.84,141,56227,86.0,68.0,68.0,170.0,1616.0,709787.3953020473,0.840792273694549,0.7092198581560284,0.0
2.73,36,11374,86.0,68.0,68.0,170.0,527.5,492688.99691358046,0.6019718309859154,0.6666666666666666,0.0
0.57,14,8338,86.0,68.0,72.5,725.75,1516.0,885225.6734693879,0.8859986428409862,0.5714285714285714,0.0
4.26,40,2720,68.0,68.0,68.0,68.0,68.0,0.0,1.0,1.0,0.0
4.13,20,1360,68.0,68.0,68.0,68.0,68.0,0.0,1.0,1.0,0.0
5.25,20,1360,68.0,68.0,68.0,68.0,68.0,0.0,1.0,1.0,0.0
3.75,36,2448,68.0,68.0,68.0,68.0,68.0,0.0,1.0,1.0,0.0
1.27,16,1088,68.0,68.0,68.0,68.0,68.0,0.0,1.0,1.0,0.0
2.97,4,272,68.0,68.0,68.0,68.0,68.0,0.0,1.0,1.0,0.0
8.86,56,3808,68.0,68.0,68.0,68.0,68.0,0.0,1.0,1.0,0.0
8.52,63,18398,86.0,68.0,68.0,128.0,197.00000000000006,468635.6180398086,1.7111700559976422,0.746031746031746,0.0
2.87,128,60107,86.0,68.0,68.0,170.0,2372.799999999999,959312.3051147461,0.940751025152562,0.6796875,0.0
0.68,16,1088,68.0,68.0,68.0,68.0,68.0,0.0,1.0,1.0,0.0
6.95,48,24071,86.0,68.0,68.0,170.0,1898.5000000000025,1034732.2078993056,0.9110034931724357,0.6458333333333334,0.0
7.22,68,11743,68.0,68.0,68.0,68.0,86.0,333707.59580449807,1.0107876712328767,0.9411764705882353,0.0
4.29,8,544,68.0,68.0,68.0,68.0,68.0,0.0,1.0,1.0,0.0
0.28,4,272,68.0,68.0,68.0,68.0,68.0,0.0,1.0,1.0,0.0
8.42,64,4352,68.0,68.0,68.0,68.0,68.0,0.0,1.0,1.0,0.0
9.64,24,1632,68.0,68.0,68.0,68.0,68.0,0.0,1.0,1.0,0.0
1.23,36,2448,68.0,68.0,68.0,68.0,68.0,0.0,1.0,1.0,0.0
4.89,54,21340,86.0,68.0,68.0,170.0,1467.1000000000004,471447.33607681736,0.6898954703832753,0.6481481481481481,0.0
8.48,137,57913,86.0,68.0,68.0,170.0,2122.4,763012.2004368906,1.0175933667781494,0.7007299270072993,0.0
8.12,68,24896,83.0,68.0,68.0,170.0,1304.6000000000013,653738.8685121109,0.8139162112932605,0.7352941176470589,0.0
0.43,15,3822,86.0,68.0,80.0,170.0,597.5999999999999,142827.09333333335,0.45544554455445546,0.6666666666666666,0.0
5.19,48,3264,68.0,68.0,68.0,68.0,68.0,0.0,1.0,1.0,0.0
3.37,12,816,68.0,68.0,68.0,68.0,68.0,0.0,1.0,1.0,0.0
5.67,20,1360,68.0,68.0,68.0,68.0,68.0,0.0,1.0,1.0,0.0
2.0,36,2448,68.0,68.0,68.0,68.0,68.0,0.0,1.0,1.0,0.0
1.28,17,1156,68.0,68.0,68.0,68.0,68.0,0.0,1.125,1.0,0.0
3.91,7,476,68.0,68.0,68.0,68.0,68.0,0.0,0.75,1.0,0.0
7.36,52,3536,68.0,68.0,68.0,68.0,68.0,0.0,1.0,1.0,0.0
8.01,69,25777,80.0,68.0,68.0,170.0,906.8000000000014,761394.6784289018,1.190990225244369,0.7391304347826086,0.0
7.08,154,53697,86.0,68.0,68.0,170.0,994.000000000001,600601.9312278631,0.8896083330400817,0.7142857142857143,0.0
7.8,87,22056,68.0,68.0,68.0,86.0,482.20000000000107,287636.34165675775,0.9600106638229805,0.7931034482758621,0.0
5.12,20,1360,68.0,68.0,68.0,68.0,68.0,0.0,1.0,1.0,0.0
8.32,56,3808,68.0,68.0,68.0,68.0,68.0,0.0,1.0,1.0,0.0
7.09,28,1904,68.0,68.0,68.0,68.0,68.0,0.0,1.0,1.0,0.0
6.3,48,3264,68.0,68.0,68.0,68.0,68.0,0.0,1.0,1.0,0.0
5.14,50,18368,86.0,68.0,68.0,170.0,1402.6000000000001,367177.67039999994,0.9663847553795097,0.66,0.0
6.35,138,42507,86.0,68.0,68.0,170.0,282.79999999999995,552974.5719911783,1.0178969855210065,0.7101449275362319,0.0
7.06,54,15179,80.0,68.0,68.0,86.0,327.5000000000006,453016.00994513027,0.6630875424564479,0.7777777777777778,0.0
6.42,63,10157,68.0,68.0,68.0,86.0,170.0,122694.2998236332,0.4923596826329709,0.8571428571428571,0.0
3.62,20,1360,68.0,68.0,68.0,68.0,68.0,0.0,1.0,1.0,0.0
3.48,12,816,68.0,68.0,68.0,68.0,68.0,0.0,1.0,1.0,0.0
0.28,4,272,68.0,68.0,68.0,68.0,68.0,0.0,1.0,1.0,0.0
8.61,60,4080,68.0,68.0,68.0,68.0,68.0,0.0,1.0,1.0,0.0
1.32,8,544,68.0,68.0,68.0,68.0,68.0,0.0,1.0,1.0,0.0
7.06,48,3264,68.0,68.0,68.0,68.0,68.0,0.0,1.0,1.0,0.0
8.54,67,25075,80.0,68.0,68.0,100.5,1008.5999999999999,760262.4281577191,1.0759168805364683,0.746268656716418,0.0
7.51,155,53566,86.0,68.0,68.0,170.0,1007.3999999999984,528954.0875754423,1.2889496624220151,0.7161290322580646,0.0
8.31,88,28058,68.0,68.0,68.0,86.0,315.19999999999874,627860.9292355371,1.07452865064695,0.8068181818181818,0.0
2.46,20,1360,68.0,68.0,68.0,68.0,68.0,0.0,1.0,1.0,0.0
5.14,20,1360,68.0,68.0,68.0,68.0,68.0,0.0,1.0,1.0,0.0
9.89,60,4080,68.0,68.0,68.0,68.0,68.0,0.0,1.0,1.0,0.0
0.24,4,272,68.0,68.0,68.0,68.0,68.0,0.0,1.0,1.0,0.0
3.62,12,816,68.0,68.0,68.0,68.0,68.0,0.0,1.0,1.0,0.0
5.0,83,30285,68.0,68.0,68.0,86.0,170.0,888809.720423864,1.1116301771022172,0.8072289156626506,0.0
6.04,12,816,68.0,68.0,68.0,68.0,68.0,0.0,1.0,1.0,0.0
6.04,132,53110,86.0,68.0,68.0,170.0,1269.2,744575.333103765,0.9024931938673162,0.696969696969697,0.0
4.09,31,7382,68.0,68.0,68.0,86.0,170.0,346305.98335067637,1.392868719611021,0.8387096774193549,0.0
4.37,48,16670,86.0,68.0,68.0,170.0,927.600000000001,568758.4149305555,0.92139234670355,0.6666666666666666,0.0
8.45,60,4080,68.0,68.0,68.0,68.0,68.0,0.0,1.0,1.0,0.0
5.66,20,1360,68.0,68.0,68.0,68.0,68.0,0.0,1.0,1.0,0.0
8.1,56,3808,68.0,68.0,68.0,68.0,68.0,0.0,1.0,1.0,0.0
7.05,56,3808,68.0,68.0,68.0,68.0,68.0,0.0,1.0,1.0,0.0
1.29,48,15926,86.0,68.0,68.0,170.0,959.5000000000032,431081.9565972222,1.416325292064937,0.6666666666666666,0.0
8.79,32,8177,68.0,68.0,68.0,72.5,161.6000000000002,539705.1865234375,0.608062930186824,0.875,0.0
2.4,108,46815,86.0,68.0,68.0,170.0,1416.3,803633.712191358,1.1722889889100274,0.6666666666666666,0.0
3.58,28,6178,68.0,68.0,68.0,86.0,170.0,481918.30102040817,3.617339312406577,0.8571428571428571,0.0
9.67,91,29507,68.0,68.0,68.0,86.0,1108.0,569149.7493056394,0.9056445362955309,0.8021978021978022,0.0
3.39,20,1360,68.0,68.0,68.0,68.0,68.0,0.0,1.0,1.0,0.0
4.89,20,1360,68.0,68.0,68.0,68.0,68.0,0.0,1.0,1.0,0.0
3.14,36,2448,68.0,68.0,68.0,68.0,68.0,0.0,1.0,1.0,0.0
7.56,32,2176,68.0,68.0,68.0,68.0,68.0,0.0,1.0,1.0,0.0
5.57,68,9968,68.0,68.0,68.0,68.0,170.0,141747.0069204152,0.5144333029474324,0.8823529411764706,0.0
1.39,25,12198,86.0,68.0,68.0,170.0,1444.8000000000002,783716.7135999999,0.8214125727937882,0.64,0.0
4.21,8,544,68.0,68.0,68.0,68.0,68.0,0.0,1.0,1.0,0.0
2.7,8,544,68.0,68.0,68.0,68.0,68.0,0.0,1.0,1.0,0.0
3.26,129,63975,86.0,68.0,68.0,170.0,2272.4,979404.4214890932,1.0748872960788765,0.689922480620155,0.0
1.99,28,4754,68.0,68.0,68.0,86.0,170.0,126101.81122448982,0.6564459930313589,0.8571428571428571,0.0
6.17,61,25409,86.0,68.0,68.0,170.0,1516.0,630544.1827465735,0.7234619819575392,0.6721311475409836,0.0
7.01,52,3536,68.0,68.0,68.0,68.0,68.0,0.0,1.0,1.0,0.0
1.28,8,544,68.0,68.0,68.0,68.0,68.0,0.0,1.0,1.0,0.0
9.52,68,4624,68.0,68.0,68.0,68.0,68.0,0.0,1.0,1.0,0.0
2.78,12,816,68.0,68.0,68.0,68.0,68.0,0.0,1.0,1.0,0.0
9.66,95,25458,68.0,68.0,68.0,86.0,170.0,474656.82060941856,0.9491616262154505,0.8210526315789474,0.0
9.57,151,57398,86.0,68.0,68.0,170.0,1202.0,782426.1712205606,0.7213891554702495,0.7284768211920529,0.0
1.81,20,7141,74.0,68.0,68.0,86.0,316.7000000000021,805844.9474999999,0.5317460317460317,0.8,0.0
7.02,93,26057,68.0,68.0,68.0,86.0,170.0,409029.18163949606,0.8284330924145674,0.8172043010752689,0.0
8.89,32,2176,68.0,68.0,68.0,68.0,68.0,0.0,1.0,1.0,0.0
7.37,64,4352,68.0,68.0,68.0,68.0,68.0,0.0,1.0,1.0,0.0
9.01,56,3808,68.0,68.0,68.0,68.0,68.0,0.0,1.0,1.0,0.0
8.19,66,27005,86.0,68.0,68.0,170.0,1431.5,753651.4722222222,0.8305992407809111,0.7272727272727273,0.0
7.22,156,57819,86.0,68.0,68.0,170.0,1357.5,624955.7959812623,1.0035692009148243,0.7115384615384616,0.0
5.15,50,17274,86.0,68.0,68.0,170.0,873.6000000000008,553529.0896000001,0.7704212360356667,0.68,0.0
8.87,56,3808,68.0,68.0,68.0,68.0,68.0,0.0,1.0,1.0,0.0
7.62,56,3808,68.0,68.0,68.0,68.0,68.0,0.0,1.0,1.0,0.0
5.16,24,1632,68.0,68.0,68.0,68.0,68.0,0.0,1.0,1.0,0.0
4.67,16,1088,68.0,68.0,68.0,68.0,68.0,0.0,1.0,1.0,0.0
1.77,48,4237,68.0,68.0,68.0,68.0,86.0,4621.5308159722235,1.0399614829080404,0.9166666666666666,0.0
6.19,57,28403,86.0,68.0,68.0,170.0,1545.1999999999998,978836.5952600797,0.8823646364901584,0.6842105263157895,0.0
5.23,130,49254,86.0,68.0,68.0,170.0,1190.2000000000012,617453.9233136094,1.1777424061546624,0.6923076923076923,0.0
9.5,77,28704,86.0,68.0,68.0,170.0,1357.0000000000011,675899.2369708213,1.1755343337880855,0.7402597402597403,0.0
5.63,56,3808,68.0,68.0,68.0,68.0,68.0,0.0,1.0,1.0,0.0
0.75,4,272,68.0,68.0,68.0,68.0,68.0,0.0,1.0,1.0,0.0
7.74,56,3808,68.0,68.0,68.0,68.0,68.0,0.0,1.0,1.0,0.0
1.16,16,1088,68.0,68.0,68.0,68.0,68.0,0.0,1.0,1.0,0.0
6.4,16,1088,68.0,68.0,68.0,68.0,68.0,0.0,1.0,1.0,0.0
6.4,115,26996,68.0,68.0,68.0,86.0,170.0,372165.78858223057,1.3852270719208342,0.8,0.0
0.88,4,272,68.0,68.0,68.0,68.0,68.0,0.0,1.0,1.0,0.0
1.03,4,272,68.0,68.0,68.0,68.0,68.0,0.0,1.0,1.0,0.0
6.37,129,47090,86.0,68.0,68.0,170.0,1169.6000000000001,623087.1225286941,0.8491321762349799,0.689922480620155,0.0
2.64,28,4876,68.0,68.0,68.0,86.0,170.0,126539.4081632653,1.3,0.8571428571428571,0.0
3.59,35,11571,86.0,68.0,68.0,170.0,569.8000000000004,471135.1542857143,0.6636951833213516,0.6571428571428571,0.0
9.96,72,10628,68.0,68.0,68.0,68.0,84.19999999999997,203789.62654320983,1.134136546184739,0.9444444444444444,0.0
3.01,12,816,68.0,68.0,68.0,68.0,68.0,0.0,1.0,1.0,0.0
5.81,48,3264,68.0,68.0,68.0,68.0,68.0,0.0,1.0,1.0,0.0
8.54,28,1904,68.0,68.0,68.0,68.0,68.0,0.0,1.0,1.0,0.0
8.52,95,18317,68.0,68.0,68.0,86.0,170.0,234329.1851523546,0.9663982823403113,0.8315789473684211,0.0
3.04,12,816,68.0,68.0,68.0,68.0,68.0,0.0,1.0,1.0,0.0
1.28,17,5118,80.0,68.0,68.0,86.0,417.60000000000025,490524.64359861595,2.647897362794013,0.7647058823529411,0.0
3.61,110,47458,86.0,68.0,68.0,170.0,1565.7000000000028,818820.4641322313,0.758811103287255,0.6727272727272727,0.0
5.48,40,12408,68.0,68.0,68.0,86.0,192.30000000000032,603583.6100000001,1.3976811594202898,0.8,0.0
9.95,97,16963,68.0,68.0,68.0,86.0,170.0,145677.6341800404,0.7690061528835124,0.8556701030927835,0.0
2.79,12,816,68.0,68.0,68.0,68.0,68.0,0.0,1.0,1.0,0.0
2.38,20,1360,68.0,68.0,68.0,68.0,68.0,0.0,1.0,1.0,0.0
7.69,44,2992,68.0,68.0,68.0,68.0,68.0,0.0,1.0,1.0,0.0
0.82,4,272,68.0,68.0,68.0,68.0,68.0,0.0,1.0,1.0,0.0
2.81,8,544,68.0,68.0,68.0,68.0,68.0,0.0,1.0,1.0,0.0
5.44,55,5752,68.0,68.0,68.0,68.0,86.0,26723.62512396694,1.0361061946902654,0.9272727272727272,0.0
3.22,44,17840,86.0,68.0,68.0,170.0,1377.7000000000012,752200.0661157024,1.9654255319148937,0.6818181818181818,0.0
5.96,77,32397,86.0,68.0,68.0,170.0,1445.8000000000006,763227.9585090234,1.1760478237506717,0.7142857142857143,0.0
4.74,92,31403,86.0,68.0,68.0,170.0,1467.3000000000027,457420.4408081286,0.5607077183042593,0.717391304347826,0.0
6.41,60,14898,86.0,68.0,68.0,170.0,444.5000000000001,236996.3433333333,0.7207207207207207,0.7333333333333333,0.0
7.41,48,3264,68.0,68.0,68.0,68.0,68.0,0.0,1.0,1.0,0.0
2.84,12,816,68.0,68.0,68.0,68.0,68.0,0.0,1.0,1.0,0.0
8.87,64,4352,68.0,68.0,68.0,68.0,68.0,0.0,1.0,1.0,0.0
3.62,12,816,68.0,68.0,68.0,68.0,68.0,0.0,1.0,1.0,0.0
6.59,93,23296,68.0,68.0,68.0,86.0,170.0,436355.0241646432,1.0880164918885005,0.8387096774193549,0.0
8.37,20,1360,68.0,68.0,68.0,68.0,68.0,0.0,1.0,1.0,0.0
7.64,152,56182,86.0,68.0,68.0,170.0,1186.7000000000003,610973.5517659279,0.9807502467917077,0.7039473684210527,0.0
1.23,24,11370,86.0,68.0,68.0,170.0,1470.2999999999995,910209.1875,0.9950868573433935,0.6666666666666666,0.0
4.61,58,14765,68.0,68.0,68.0,86.0,173.60000000000005,433958.93489892985,0.9272940869338206,0.8448275862068966,0.0
8.5,32,2176,68.0,68.0,68.0,68.0,68.0,0.0,1.0,1.0,0.0
2.82,11,748,68.0,68.0,68.0,68.0,68.0,0.0,1.2,1.0,0.0
1.55,5,340,68.0,68.0,68.0,68.0,68.0,0.0,0.6666666666666666,1.0,0.0
1.82,36,2448,68.0,68.0,68.0,68.0,68.0,0.0,1.0,1.0,0.0
0.86,16,1088,68.0,68.0,68.0,68.0,68.0,0.0,1.0,1.0,0.0
1.96,4,272,68.0,68.0,68.0,68.0,68.0,0.0,1.0,1.0,0.0
1.25,4,272,68.0,68.0,68.0,68.0,68.0,0.0,1.0,1.0,0.0
2.25,8,544,68.0,68.0,68.0,68.0,68.0,0.0,1.0,1.0,0.0
5.18,44,2992,68.0,68.0,68.0,68.0,68.0,0.0,1.0,1.0,0.0
9.82,66,18734,68.0,68.0,68.0,86.0,404.0,421843.1285583105,1.9258160237388724,0.7575757575757576,0.0
8.01,152,55355,86.0,68.0,68.0,170.0,1120.9000000000024,647772.4618680747,1.10948515681567,0.7105263157894737,0.0
6.27,64,23570,86.0,68.0,68.0,170.0,882.600000000002,698941.9521484375,0.7865534753278254,0.734375,0.0
1.19,45,5988,68.0,68.0,68.0,86.0,380.4000000000004,18507.662222222225,0.20531400966183574,0.8,0.0
1.38,14,3008,86.0,68.0,86.0,222.0,516.0,38707.26530612244,0.07275320970042796,0.5714285714285714,0.0
9.73,57,9934,68.0,68.0,68.0,86.0,516.0,34552.903662665434,6.688854489164087,0.7719298245614035,0.0
9.44,72,4896,68.0,68.0,68.0,68.0,68.0,0.0,1.0,1.0,0.0
8.18,40,2720,68.0,68.0,68.0,68.0,68.0,0.0,1.0,1.0,0.0
4.19,68,18907,68.0,68.0,68.0,86.0,519.7000000000002,449932.6009948096,0.8525377229080933,0.7647058823529411,0.0
9.34,146,44380,86.0,68.0,68.0,170.0,761.5,467922.17733158194,0.9149946062567422,0.726027397260274,0.0
3.66,25,4218,68.0,68.0,68.0,86.0,170.0,92381.40159999998,1.2153361344537814,0.84,0.0
5.05,52,27442,86.0,68.0,68.0,170.0,2424.5,1193119.2352071004,1.1299285936044707,0.6923076923076923,0.0
9.01,60,4080,68.0,68.0,68.0,68.0,68.0,0.0,1.0,1.0,0.0
7.27,52,3536,68.0,68.0,68.0,68.0,68.0,0.0,1.0,1.0,0.0
8.26,32,2176,68.0,68.0,68.0,68.0,68.0,0.0,1.0,1.0,0.0
6.03,89,21756,68.0,68.0,68.0,86.0,170.0,320380.3598030552,0.7943092783505155,0.8202247191011236,0.0
5.67,144,36752,86.0,68.0,86.0,222.0,516.0,130882.11728395062,5.2503401360544215,0.5763888888888888,0.0
1.15,11,7305,86.0,68.0,77.0,170.0,2392.0,1561123.7190082646,1.5452961672473868,0.6363636363636364,0.0
0.25,24,15847,86.0,68.0,68.0,170.0,3152.9,1621199.5399305557,0.8401068276823037,0.6666666666666666,0.0
6.56,96,40543,86.0,68.0,68.0,170.0,1490.5,665282.8019748265,0.8320379575237234,0.6458333333333334,0.0
7.41,79,21946,68.0,68.0,68.0,86.0,177.6000000000001,469355.22480371734,1.1339945546479968,0.7974683544303798,0.0
7.32,56,3808,68.0,68.0,68.0,68.0,68.0,0.0,1.0,1.0,0.0
2.45,12,816,68.0,68.0,68.0,68.0,68.0,0.0,1.0,1.0,0.0
7.46,48,3264,68.0,68.0,68.0,68.0,68.0,0.0,1.0,1.0,0.0
7.97,40,2720,68.0,68.0,68.0,68.0,68.0,0.0,1.0,1.0,0.0
3.52,80,22520,68.0,68.0,68.0,86.0,420.9000000000035,387207.4,1.2448165869218502,0.7875,0.0
5.25,12,816,68.0,68.0,68.0,68.0,68.0,0.0,1.0,1.0,0.0
9.49,157,59087,86.0,68.0,68.0,170.0,1331.2000000000005,647751.2467037202,0.8660034738670457,0.7133757961783439,0.0
9.1,88,21355,68.0,68.0,68.0,86.0,170.0,340651.5618543388,1.3171657986111112,0.8295454545454546,0.0
5.28,79,13968,86.0,68.0,68.0,222.0,486.0,29919.64749238906,0.9324847814056447,0.7215189873417721,0.0
2.49,4,272,68.0,68.0,68.0,68.0,68.0,0.0,1.0,1.0,0.0
7.07,32,2176,68.0,68.0,68.0,68.0,68.0,0.0,1.0,1.0,0.0
0.52,40,2720,68.0,68.0,68.0,68.0,68.0,0.0,1.0,1.0,0.0
3.67,4,272,68.0,68.0,68.0,68.0,68.0,0.0,1.0,1.0,0.0
2.43,20,1360,68.0,68.0,68.0,68.0,68.0,0.0,1.0,1.0,0.0
7.43,88,18049,68.0,68.0,68.0,86.0,195.79999999999976,259219.0918130165,0.8861950047026858,0.8068181818181818,0.0
8.2,160,62833,86.0,68.0,68.0,170.0,1394.2999999999997,643290.2324609375,0.8912500376245373,0.68125,0.0
1.31,12,816,68.0,68.0,68.0,68.0,68.0,0.0,1.0,1.0,0.0
2.72,42,19064,86.0,68.0,68.0,170.0,1905.5999999999995,709907.4195011338,0.959703947368421,0.6428571428571429,0.0
7.04,63,10794,68.0,68.0,68.0,68.0,86.0,298321.1111111109,1.0179472798653955,0.9365079365079365,0.0
9.86,28,1904,68.0,68.0,68.0,68.0,68.0,0.0,1.0,1.0,0.0
5.94,52,3536,68.0,68.0,68.0,68.0,68.0,0.0,1.0,1.0,0.0
4.48,20,1360,68.0,68.0,68.0,68.0,68.0,0.0,1.0,1.0,0.0
3.82,40,2720,68.0,68.0,68.0,68.0,68.0,0.0,1.0,1.0,0.0
4.69,79,28276,86.0,68.0,68.0,170.0,556.0000000000005,517397.9689152381,1.676384287742546,0.6582278481012658,0.0
9.66,131,49892,86.0,68.0,68.0,170.0,1297.0,618045.6049181282,0.7867707624538911,0.6717557251908397,0.0
4.97,66,18247,68.0,68.0,68.0,86.0,170.0,544768.3702938476,1.2026798647996138,0.803030303030303,0.0
9.02,56,9014,68.0,68.0,68.0,68.0,86.0,238661.28443877553,1.5094654788418709,0.9285714285714286,0.0
8.0,40,2720,68.0,68.0,68.0,68.0,68.0,0.0,1.0,1.0,0.0
0.35,20,1360,68.0,68.0,68.0,68.0,68.0,0.0,1.0,1.0,0.0
3.22,12,816,68.0,68.0,68.0,68.0,68.0,0.0,1.0,1.0,0.0
1.11,4,272,68.0,68.0,68.0,68.0,68.0,0.0,1.0,1.0,0.0
7.91,36,2448,68.0,68.0,68.0,68.0,68.0,0.0,1.0,1.0,0.0
5.27,84,19431,68.0,68.0,68.0,86.0,170.0,412747.599064626,1.520887389724961,0.8095238095238095,0.0
2.17,8,544,68.0,68.0,68.0,68.0,68.0,0.0,1.0,1.0,0.0
0.21,4,272,68.0,68.0,68.0,68.0,68.0,0.0,1.0,1.0,0.0
2.01,60,24150,86.0,68.0,68.0,170.0,1278.2,781477.45,1.1279407877346022,0.6833333333333333,0.0
3.4,67,23902,86.0,68.0,68.0,170.0,421.5999999999998,675063.5923368231,0.6858513189448441,0.6865671641791045,0.0
1.87,24,2942,68.0,68.0,68.0,86.0,170.0,31562.493055555547,0.5989130434782609,0.8333333333333334,0.0
3.95,34,20563,86.0,68.0,68.0,170.0,3025.5,1447705.2223183392,1.202785216925549,0.6470588235294118,0.0
2.21,24,5362,68.0,68.0,68.0,86.0,150.79999999999995,463037.49305555556,4.405241935483871,0.8333333333333334,0.0
6.24,48,3264,68.0,68.0,68.0,68.0,68.0,0.0,1.0,1.0,0.0
6.83,19,1728,68.0,68.0,68.0,68.0,71.6,8686.470914127423,0.5483870967741935,0.9473684210526315,0.0
1.74,24,1632,68.0,68.0,68.0,68.0,68.0,0.0,1.0,1.0,0.0
8.46,40,2720,68.0,68.0,68.0,68.0,68.0,0.0,1.0,1.0,0.0
9.07,98,24263,68.0,68.0,68.0,86.0,301.79999999999916,312796.8759891712,0.4472412764688339,0.7959183673469388,0.0
5.96,16,1088,68.0,68.0,68.0,68.0,68.0,0.0,1.0,1.0,0.0
5.67,125,54613,86.0,68.0,68.0,170.0,1645.800000000003,783440.1187840003,0.9072780610463086,0.664,0.0
6.28,41,14230,68.0,68.0,68.0,86.0,170.0,714460.0678167758,0.7661660667742336,0.8048780487804879,0.0
4.92,46,19106,86.0,68.0,68.0,170.0,1516.0,571191.6616257088,0.5429217475571347,0.6739130434782609,0.0
8.65,52,3536,68.0,68.0,68.0,68.0,68.0,0.0,1.0,1.0,0.0
8.06,56,3808,68.0,68.0,68.0,68.0,68.0,0.0,1.0,1.0,0.0
0.63,16,1088,68.0,68.0,68.0,68.0,68.0,0.0,1.0,1.0,0.0
1.44,4,272,68.0,68.0,68.0,68.0,68.0,0.0,1.0,1.0,0.0
4.9,20,1360,68.0,68.0,68.0,68.0,68.0,0.0,1.0,1.0,0.0
8.84,89,21577,68.0,68.0,68.0,86.0,170.0,373166.94281025126,1.548665249232223,0.8202247191011236,0.0
3.38,12,816,68.0,68.0,68.0,68.0,68.0,0.0,1.0,1.0,0.0
4.5,130,54235,86.0,68.0,68.0,170.0,842.9000000000059,811450.4630177513,0.9586493318887686,0.676923076923077,0.0
3.44,28,3883,68.0,68.0,68.0,86.0,170.0,69072.86096938775,1.7875089734386216,0.8571428571428571,0.0
3.21,36,16036,86.0,68.0,68.0,170.0,1473.5,718086.9691358024,1.016853226009307,0.6388888888888888,0.0
2.42,28,8246,68.0,68.0,68.0,86.0,170.0,616028.9642857143,0.8377535101404057,0.8571428571428571,0.0
2.31,24,1632,68.0,68.0,68.0,68.0,68.0,0.0,1.0,1.0,0.0
8.96,32,2176,68.0,68.0,68.0,68.0,68.0,0.0,1.0,1.0,0.0
3.32,44,2992,68.0,68.0,68.0,68.0,68.0,0.0,1.0,1.0,0.0
0.7,16,1088,68.0,68.0,68.0,68.0,68.0,0.0,1.0,1.0,0.0
4.51,8,544,68.0,68.0,68.0,68.0,68.0,0.0,1.0,1.0,0.0
0.3,4,272,68.0,68.0,68.0,68.0,68.0,0.0,1.0,1.0,0.0
3.73,12,816,68.0,68.0,68.0,68.0,68.0,0.0,1.0,1.0,0.0
3.16,36,2448,68.0,68.0,68.0,68.0,68.0,0.0,1.0,1.0,0.0
1.69,48,23251,86.0,68.0,68.0,170.0,1516.0,825639.7808159721,1.1500832254484927,0.625,0.0
7.75,16,1088,68.0,68.0,68.0,68.0,68.0,0.0,1.0,1.0,0.0
2.55,124,52812,86.0,68.0,68.0,170.0,1772.7000000000003,743998.232570239,0.8205384535833706,0.6693548387096774,0.0
2.12,28,6924,68.0,68.0,68.0,86.0,170.0,377439.2755102041,1.197397651539194,0.8571428571428571,0.0
8.71,88,24984,68.0,68.0,68.0,86.0,676.0999999999985,435613.0599173553,0.7125231338679827,0.7954545454545454,0.0
4.27,20,1360,68.0,68.0,68.0,68.0,68.0,0.0,1.0,1.0,0.0
7.99,56,3808,68.0,68.0,68.0,68.0,68.0,0.0,1.0,1.0,0.0
9.83,36,2448,68.0,68.0,68.0,68.0,68.0,0.0,1.0,1.0,0.0
6.56,95,23861,68.0,68.0,68.0,86.0,219.8000000000007,387491.1926869807,0.4576944223837742,0.8105263157894737,0.0
8.93,138,53284,86.0,68.0,68.0,170.0,1116.2999999999995,731842.7981516488,0.8913815135595626,0.7101449275362319,0.0
9.98,76,24372,86.0,68.0,68.0,170.0,617.0,525289.505540166,1.3333652465294399,0.7368421052631579,0.0
8.79,60,4080,68.0,68.0,68.0,68.0,68.0,0.0,1.0,1.0,0.0
2.15,12,816,68.0,68.0,68.0,68.0,68.0,0.0,1.0,1.0,0.0
9.98,64,4352,68.0,68.0,68.0,68.0,68.0,0.0,1.0,1.0,0.0
9.36,68,5346,68.0,68.0,68.0,68.0,86.0,1745.5596885813152,0.9639970609845702,0.9411764705882353,0.0
6.2,44,15029,86.0,68.0,68.0,170.0,904.5000000000006,584385.6998966943,1.0035995200639916,0.7045454545454546,0.0
7.12,138,57717,86.0,68.0,68.0,170.0,1898.8999999999999,796963.4573093888,0.9682512617651071,0.7028985507246377,0.0
3.43,30,4356,68.0,68.0,68.0,84.5,170.0,62800.22666666667,1.216793893129771,0.8666666666666667,0.0
9.0,89,18883,68.0,68.0,68.0,86.0,249.00000000000114,200614.58957202372,0.7680711610486891,0.8089887640449438,0.0
3.4,20,1360,68.0,68.0,68.0,68.0,68.0,0.0,1.0,1.0,0.0
8.77,56,3808,68.0,68.0,68.0,68.0,68.0,0.0,1.0,1.0,0.0
9.07,32,2176,68.0,68.0,68.0,68.0,68.0,0.0,1.0,1.0,0.0
3.81,44,2992,68.0,68.0,68.0,68.0,68.0,0.0,1.0,1.0,0.0
2.8,54,18183,86.0,68.0,68.0,170.0,929.4000000000003,373019.3487654321,0.8361102696152681,0.6666666666666666,0.0
2.41,12,816,68.0,68.0,68.0,68.0,68.0,0.0,1.0,1.0,0.0
2.6,131,55919,86.0,68.0,68.0,170.0,1516.0,812511.2482955537,0.9543214622723937,0.6717557251908397,0.0
7.07,51,13111,68.0,68.0,68.0,86.0,590.0,382449.9546328336,0.47663025115440927,0.7647058823529411,0.0
7.74,70,12885,68.0,68.0,68.0,68.0,170.0,217440.35204081636,0.8071528751753155,0.8714285714285714,0.0
6.05,20,1360,68.0,68.0,68.0,68.0,68.0,0.0,1.0,1.0,0.0
3.52,12,816,68.0,68.0,68.0,68.0,68.0,0.0,1.0,1.0,0.0
6.37,56,3808,68.0,68.0,68.0,68.0,68.0,0.0,1.0,1.0,0.0
8.22,20,1360,68.0,68.0,68.0,68.0,68.0,0.0,1.0,1.0,0.0
5.54,89,33609,68.0,68.0,68.0,86.0,1389.6000000000004,735066.278247696,1.129038388445458,0.7752808988764045,0.0
6.38,16,1088,68.0,68.0,68.0,68.0,68.0,0.0,1.0,1.0,0.0
9.94,156,75079,86.0,68.0,68.0,170.0,2662.0,1109969.250945102,0.920915952411411,0.7115384615384616,0.0
6.59,73,25510,68.0,68.0,68.0,86.0,1027.9999999999993,595111.4805779696,0.9804363015293843,0.7534246575342466,0.0
9.07,36,2448,68.0,68.0,68.0,68.0,68.0,0.0,1.0,1.0,0.0
1.4,8,544,68.0,68.0,68.0,68.0,68.0,0.0,1.0,1.0,0.0
4.35,44,2992,68.0,68.0,68.0,68.0,68.0,0.0,1.0,1.0,0.0
1.59,20,1360,68.0,68.0,68.0,68.0,68.0,0.0,1.0,1.0,0.0
5.53,20,1360,68.0,68.0,68.0,68.0,68.0,0.0,1.0,1.0,0.0
4.84,86,15978,68.0,68.0,68.0,86.0,170.0,155265.58409951322,0.8458872458410351,0.813953488372093,0.0
3.23,4,272,68.0,68.0,68.0,68.0,68.0,0.0,1.0,1.0,0.0
8.34,140,51287,86.0,68.0,68.0,170.0,774.2000000000011,665576.3087244898,1.4342398784944705,0.7071428571428572,0.0
0.15,4,272,68.0,68.0,68.0,68.0,68.0,0.0,1.0,1.0,0.0
7.35,61,25876,86.0,68.0,68.0,170.0,1944.0,790721.4039236763,0.6972320608684245,0.7213114754098361,0.0
4.01,52,7280,68.0,68.0,68.0,68.0,86.0,116236.65384615384,1.2283440465258646,0.9230769230769231,0.0
9.44,32,2176,68.0,68.0,68.0,68.0,68.0,0.0,1.0,1.0,0.0
9.78,64,4352,68.0,68.0,68.0,68.0,68.0,0.0,1.0,1.0,0.0
7.16,56,3808,68.0,68.0,68.0,68.0,68.0,0.0,1.0,1.0,0.0
5.46,53,16852,86.0,68.0,68.0,170.0,957.2000000000021,403611.43253826984,1.3292328956461645,0.660377358490566,0.0
5.98,79,26402,86.0,68.0,68.0,116.5,356.8000000000015,612867.1235378943,0.9131884057971015,0.7468354430379747,0.0
5.7,84,21914,86.0,68.0,68.0,170.0,539.4000000000004,263304.8429705216,0.9643241305127286,0.7142857142857143,0.0
0.01,12,6499,86.0,68.0,68.0,170.0,2024.0000000000007,1044583.2430555556,1.3999261447562776,0.6666666666666666,0.0
5.26,56,17434,68.0,68.0,68.0,86.0,544.0,545303.5395408163,1.6920938851142682,0.7857142857142857,0.0
2.69,20,1360,68.0,68.0,68.0,68.0,68.0,0.0,1.0,1.0,0.0
9.68,36,2448,68.0,68.0,68.0,68.0,68.0,0.0,1.0,1.0,0.0
7.84,60,4080,68.0,68.0,68.0,68.0,68.0,0.0,1.0,1.0,0.0
2.01,8,544,68.0,68.0,68.0,68.0,68.0,0.0,1.0,1.0,0.0
8.48,112,23835,68.0,68.0,68.0,86.0,170.0,359107.3487723214,1.2124756335282652,0.8035714285714286,0.0
0.92,4,272,68.0,68.0,68.0,68.0,68.0,0.0,1.0,1.0,0.0
0.22,4,272,68.0,68.0,68.0,68.0,68.0,0.0,1.0,1.0,0.0
3.41,31,8902,86.0,68.0,68.0,128.0,189.0,548804.5868886576,3.1481826654240446,0.7419354838709677,0.0
9.75,145,62623,86.0,68.0,68.0,170.0,1464.3999999999992,880672.5724613554,0.8643346233998214,0.7172413793103448,0.0
9.53,90,16658,68.0,68.0,68.0,86.0,170.0,209024.5698765431,1.6777045491078604,0.8666666666666667,0.0
7.91,16,1088,68.0,68.0,68.0,68.0,68.0,0.0,1.0,1.0,0.0
4.16,44,2992,68.0,68.0,68.0,68.0,68.0,0.0,1.0,1.0,0.0
9.38,36,2448,68.0,68.0,68.0,68.0,68.0,0.0,1.0,1.0,0.0
0.28,4,272,68.0,68.0,68.0,68.0,68.0,0.0,1.0,1.0,0.0
1.14,36,2448,68.0,68.0,68.0,68.0,68.0,0.0,1.0,1.0,0.0
2.53,53,23053,86.0,68.0,68.0,170.0,1489.0,798315.3193307229,1.7207600613714151,0.6981132075471698,0.0
6.62,142,61274,86.0,68.0,68.0,170.0,1460.200000000002,896323.4612180124,0.9476795931341386,0.7112676056338029,0.0
2.34,28,5510,68.0,68.0,68.0,86.0,170.0,251380.88265306124,2.111236589497459,0.8571428571428571,0.0
8.61,89,27587,68.0,68.0,68.0,86.0,200.80000000000044,600812.0325716452,1.4167323696890057,0.8089887640449438,0.0
7.26,28,1904,68.0,68.0,68.0,68.0,68.0,0.0,1.0,1.0,0.0
3.63,12,816,68.0,68.0,68.0,68.0,68.0,0.0,1.0,1.0,0.0
9.27,60,4080,68.0,68.0,68.0,68.0,68.0,0.0,1.0,1.0,0.0
7.52,52,3536,68.0,68.0,68.0,68.0,68.0,0.0,1.0,1.0,0.0
4.3,51,23494,86.0,68.0,68.0,170.0,1424.0,953687.0849673204,1.2319969599087972,0.6862745098039216,0.0
8.58,135,53225,86.0,68.0,68.0,170.0,1226.000000000003,694834.9920438959,0.8896896967975574,0.6962962962962963,0.0
4.58,28,3325,68.0,68.0,68.0,86.0,170.0,25225.04464285714,1.312239221140473,0.8571428571428571,0.0
0.26,12,5409,86.0,68.0,68.0,170.0,944.0000000000003,870466.8541666666,2.586870026525199,0.6666666666666666,0.0
1.96,27,9770,86.0,68.0,80.0,170.0,1348.6000000000006,307357.31138545956,0.5747904577691811,0.6296296296296297,0.0
2.62,44,9393,68.0,68.0,68.0,68.0,86.0,413728.2040289258,1.1971929824561403,0.9090909090909091,0.0
3.89,24,1632,68.0,68.0,68.0,68.0,68.0,0.0,1.0,1.0,0.0
2.22,4,272,68.0,68.0,68.0,68.0,68.0,0.0,1.0,1.0,0.0
0.26,4,272,68.0,68.0,68.0,68.0,68.0,0.0,1.0,1.0,0.0
5.22,32,2176,68.0,68.0,68.0,68.0,68.0,0.0,1.0,1.0,0.0
2.43,20,1360,68.0,68.0,68.0,68.0,68.0,0.0,1.0,1.0,0.0
4.38,20,1360,68.0,68.0,68.0,68.0,68.0,0.0,1.0,1.0,0.0
0.07,4,272,68.0,68.0,68.0,68.0,68.0,0.0,1.0,1.0,0.0
6.69,52,3536,68.0,68.0,68.0,68.0,68.0,0.0,1.0,1.0,0.0
0.06,12,7315,86.0,68.0,68.0,170.0,2523.500000000001,1348039.909722222,1.2418020226785167,0.6666666666666666,0.0
4.72,42,10214,86.0,68.0,68.0,162.25,268.09999999999985,329982.91609977325,0.4874035241007718,0.7142857142857143,0.0
9.77,155,57805,86.0,68.0,68.0,170.0,970.599999999999,703191.1184183141,1.04092080641175,0.7354838709677419,0.0
4.52,16,5503,77.0,68.0,68.0,107.0,1050.0,465975.80859375,1.16312893081761,0.75,0.0
5.95,51,25939,86.0,68.0,68.0,170.0,2042.0,937821.1011149556,1.045985171162644,0.6666666666666666,0.0
8.02,56,3808,68.0,68.0,68.0,68.0,68.0,0.0,1.0,1.0,0.0
2.58,12,816,68.0,68.0,68.0,68.0,68.0,0.0,1.0,1.0,0.0
4.16,44,2992,68.0,68.0,68.0,68.0,68.0,0.0,1.0,1.0,0.0
0.54,16,1088,68.0,68.0,68.0,68.0,68.0,0.0,1.0,1.0,0.0
3.86,4,272,68.0,68.0,68.0,68.0,68.0,0.0,1.0,1.0,0.0
4.14,16,1088,68.0,68.0,68.0,68.0,68.0,0.0,1.0,1.0,0.0
7.51,92,21283,68.0,68.0,68.0,86.0,170.0,351893.54950378084,1.1556770991593235,0.8260869565217391,0.0
6.69,136,53585,86.0,68.0,68.0,170.0,1354.0,721831.0808282872,1.0686793035555726,0.7058823529411765,0.0
1.38,16,1088,68.0,68.0,68.0,68.0,68.0,0.0,1.0,1.0,0.0
7.65,50,23841,86.0,68.0,68.0,170.0,2532.6000000000004,917541.2676,1.5646514629948365,0.68,0.0
6.1,60,7757,68.0,68.0,68.0,68.0,86.0,147317.8363888889,0.504752667313288,0.9333333333333333,0.0
6.16,20,1360,68.0,68.0,68.0,68.0,68.0,0.0,1.0,1.0,0.0
3.62,12,816,68.0,68.0,68.0,68.0,68.0,0.0,1.0,1.0,0.0
4.25,52,3536,68.0,68.0,68.0,68.0,68.0,0.0,1.0,1.0,0.0
9.53,24,1632,68.0,68.0,68.0,68.0,68.0,0.0,1.0,1.0,0.0
8.35,88,27473,68.0,68.0,68.0,86.0,170.0,653730.5876807851,1.0422985429675884,0.8181818181818182,0.0
2.42,12,816,68.0,68.0,68.0,68.0,68.0,0.0,1.0,1.0,0.0
1.2,16,6947,77.0,68.0,68.0,107.0,1347.0,855417.27734375,0.8238382777631924,0.75,0.0
3.96,117,41636,86.0,68.0,68.0,170.0,1046.2000000000007,596185.9983928704,0.8379094199699832,0.6923076923076923,0.0
0.85,8,544,68.0,68.0,68.0,68.0,68.0,0.0,1.0,1.0,0.0
2.41,14,6529,86.0,68.0,80.0,149.0,1579.1000000000022,871187.3724489796,0.766504329004329,0.7142857142857143,0.0
9.39,101,27102,68.0,68.0,68.0,86.0,222.0,471976.5005391629,1.0126243873459082,0.7920792079207921,0.0
2.67,20,1360,68.0,68.0,68.0,68.0,68.0,0.0,1.0,1.0,0.0
8.29,27,2272,68.0,68.0,68.0,68.0,68.0,6222.496570644719,0.6368876080691642,0.9629629629629629,0.0
8.89,52,3536,68.0,68.0,68.0,68.0,68.0,0.0,1.0,1.0,0.0
4.05,16,1088,68.0,68.0,68.0,68.0,68.0,0.0,1.0,1.0,0.0
0.12,4,272,68.0,68.0,68.0,68.0,68.0,0.0,1.0,1.0,0.0
6.48,91,28027,68.0,68.0,68.0,86.0,1195.0,436355.8130660549,0.7301685289215384,0.7802197802197802,0.0
7.5,32,9077,68.0,68.0,68.0,72.5,161.6000000000002,656262.2880859375,1.2534756703078451,0.875,0.0
5.96,142,48389,86.0,68.0,68.0,170.0,901.9000000000011,583167.981204126,1.1884582334584597,0.7183098591549296,0.0
8.8,93,26150,68.0,68.0,68.0,86.0,246.79999999999973,485757.4397040122,1.1912183676889558,0.8064516129032258,0.0
1.06,16,1088,68.0,68.0,68.0,68.0,68.0,0.0,1.0,1.0,0.0
5.58,12,816,68.0,68.0,68.0,68.0,68.0,0.0,1.0,1.0,0.0
7.04,48,3264,68.0,68.0,68.0,68.0,68.0,0.0,1.0,1.0,0.0
8.66,32,2176,68.0,68.0,68.0,68.0,68.0,0.0,1.0,1.0,0.0
6.66,94,22720,68.0,68.0,68.0,86.0,368.8000000000008,313228.400633771,0.984799510788853,0.8085106382978723,0.0
0.2,4,272,68.0,68.0,68.0,68.0,68.0,0.0,1.0,1.0,0.0
2.07,108,22702,86.0,68.0,86.0,486.0,486.0,32067.032578875165,7.508995502248876,0.6018518518518519,0.0
3.79,17,4564,68.0,68.0,68.0,86.0,623.2000000000004,262513.7785467128,1.2992443324937029,0.7647058823529411,0.0
9.58,157,56383,86.0,68.0,68.0,170.0,837.400000000003,619475.9710333076,1.2073757976745096,0.7070063694267515,0.0
2.15,23,13345,86.0,68.0,68.0,170.0,1971.0000000000002,1301719.4744801514,1.0629154428814345,0.6521739130434783,0.0
4.46,51,7333,68.0,68.0,68.0,68.0,86.0,237326.87504805834,2.7072800808897877,0.9215686274509803,0.0
6.03,28,1904,68.0,68.0,68.0,68.0,68.0,0.0,1.0,1.0,0.0
7.53,48,3264,68.0,68.0,68.0,68.0,68.0,0.0,1.0,1.0,0.0
0.3,4,272,68.0,68.0,68.0,68.0,68.0,0.0,1.0,1.0,0.0
9.63,72,4896,68.0,68.0,68.0,68.0,68.0,0.0,1.0,1.0,0.0
0.88,45,17332,86.0,68.0,68.0,170.0,1164.6000000000013,628192.9313580246,1.5350299839110721,0.6444444444444445,0.0
9.24,32,6552,68.0,68.0,68.0,86.0,170.0,280325.9375,4.11875,0.84375,0.0
7.71,137,41826,86.0,68.0,68.0,170.0,674.4000000000001,437595.9615323139,1.5789863115057343,0.7007299270072993,0.0
0.32,12,3703,86.0,68.0,68.0,170.0,1187.9000000000003,228892.7430555556,0.9246361746361746,0.6666666666666666,0.0
6.13,77,17559,68.0,68.0,68.0,86.0,170.0,347356.81666385557,0.6714897667777249,0.8441558441558441,0.0
5.11,78,14200,86.0,68.0,68.0,222.0,516.0,37877.84352399737,0.754819574888779,0.7307692307692307,0.0
8.74,24,1632,68.0,68.0,68.0,68.0,68.0,0.0,1.0,1.0,0.0
5.54,56,3808,68.0,68.0,68.0,68.0,68.0,0.0,1.0,1.0,0.0
4.11,20,1360,68.0,68.0,68.0,68.0,68.0,0.0,1.0,1.0,0.0
3.06,66,20387,80.0,68.0,68.0,86.0,646.5,514273.609963269,1.6587115284298384,0.7575757575757576,0.0
2.01,20,1360,68.0,68.0,68.0,68.0,68.0,0.0,1.0,1.0,0.0
0.46,4,272,68.0,68.0,68.0,68.0,68.0,0.0,1.0,1.0,0.0
6.65,152,57089,86.0,68.0,68.0,170.0,1516.0,610760.1900536703,0.8274912769294792,0.6973684210526315,0.0
4.18,48,15507,86.0,68.0,68.0,170.0,1171.6000000000022,415030.43359375,0.7091369998897828,0.7083333333333334,0.0
2.26,19,3723,68.0,68.0,68.0,86.0,184.19999999999996,193121.94459833798,2.7568113017154388,0.7894736842105263,0.0
6.78,52,3536,68.0,68.0,68.0,68.0,68.0,0.0,1.0,1.0,0.0
7.47,56,3808,68.0,68.0,68.0,68.0,68.0,0.0,1.0,1.0,0.0
4.65,20,1360,68.0,68.0,68.0,68.0,68.0,0.0,1.0,1.0,0.0
5.39,20,1360,68.0,68.0,68.0,68.0,68.0,0.0,1.0,1.0,0.0
2.36,36,2448,68.0,68.0,68.0,68.0,68.0,0.0,1.0,1.0,0.0
5.11,160,39930,86.0,68.0,68.0,222.0,486.0,192554.14609375,1.915875565941288,0.625,0.0
9.99,137,58659,86.0,68.0,68.0,170.0,1216.6,870183.7601363951,1.0026287938274556,0.6715328467153284,0.0
1.14,28,1904,68.0,68.0,68.0,68.0,68.0,0.0,1.0,1.0,0.0
2.49,34,13126,86.0,68.0,72.5,170.0,1360.1,430142.7024221453,0.9218155197657394,0.6176470588235294,0.0
3.86,52,5659,68.0,68.0,68.0,68.0,86.0,36285.25850591717,0.779559748427673,0.9230769230769231,0.0
6.82,32,2176,68.0,68.0,68.0,68.0,68.0,0.0,1.0,1.0,0.0
1.14,8,544,68.0,68.0,68.0,68.0,68.0,0.0,1.0,1.0,0.0
2.68,36,2448,68.0,68.0,68.0,68.0,68.0,0.0,1.0,1.0,0.0
4.83,24,1632,68.0,68.0,68.0,68.0,68.0,0.0,1.0,1.0,0.0
2.13,8,544,68.0,68.0,68.0,68.0,68.0,0.0,1.0,1.0,0.0
7.98,97,22668,68.0,68.0,68.0,86.0,170.0,307203.61568710813,0.7712142522269104,0.8247422680412371,0.0
1.6,8,544,68.0,68.0,68.0,68.0,68.0,0.0,1.0,1.0,0.0
0.99,4,272,68.0,68.0,68.0,68.0,68.0,0.0,1.0,1.0,0.0
9.04,154,56553,86.0,68.0,68.0,170.0,1442.3000000000036,577469.4613341204,1.0204715969989282,0.7077922077922078,0.0
7.7,91,21503,68.0,68.0,68.0,86.0,170.0,358993.9449341867,0.8126106381185197,0.8131868131868132,0.0
8.28,32,2176,68.0,68.0,68.0,68.0,68.0,0.0,1.0,1.0,0.0
3.84,44,2992,68.0,68.0,68.0,68.0,68.0,0.0,1.0,1.0,0.0
3.48,20,1360,68.0,68.0,68.0,68.0,68.0,0.0,1.0,1.0,0.0
5.04,20,1360,68.0,68.0,68.0,68.0,68.0,0.0,1.0,1.0,0.0
0.49,8,544,68.0,68.0,68.0,68.0,68.0,0.0,1.0,1.0,0.0
6.51,80,26395,68.0,68.0,68.0,86.0,697.0000000000077,563391.08359375,0.8454170453750961,0.775,0.0
7.74,141,53818,86.0,68.0,68.0,170.0,1288.0,647288.4274432877,1.3174439133617535,0.7021276595744681,0.0
1.16,16,1088,68.0,68.0,68.0,68.0,68.0,0.0,1.0,1.0,0.0
9.96,67,35148,86.0,68.0,68.0,170.0,2696.9999999999995,1150993.7928269105,1.118114981318549,0.6865671641791045,0.0
9.5,60,4080,68.0,68.0,68.0,68.0,68.0,0.0,1.0,1.0,0.0
7.94,52,3536,68.0,68.0,68.0,68.0,68.0,0.0,1.0,1.0,0.0
9.45,32,2176,68.0,68.0,68.0,68.0,68.0,0.0,1.0,1.0,0.0
2.22,12,816,68.0,68.0,68.0,68.0,68.0,0.0,1.0,1.0,0.0
9.6,92,22379,68.0,68.0,68.0,86.0,345.50000000000114,299291.73097826086,0.9062180579216355,0.8043478260869565,0.0
2.39,8,544,68.0,68.0,68.0,68.0,68.0,0.0,1.0,1.0,0.0
2.72,123,48782,86.0,68.0,68.0,170.0,1141.5999999999997,730952.8738184943,1.3479976896418946,0.6747967479674797,0.0
6.39,38,11645,68.0,68.0,68.0,86.0,261.5000000000013,603377.5103878118,0.9855072463768116,0.7894736842105263,0.0
8.98,93,18197,68.0,68.0,68.0,86.0,170.0,297965.1899641577,0.5235264567983925,0.8709677419354839,0.0
9.27,24,1632,68.0,68.0,68.0,68.0,68.0,0.0,1.0,1.0,0.0
4.3,52,3536,68.0,68.0,68.0,68.0,68.0,0.0,1.0,1.0,0.0
4.99,8,544,68.0,68.0,68.0,68.0,68.0,0.0,1.0,1.0,0.0
1.94,8,544,68.0,68.0,68.0,68.0,68.0,0.0,1.0,1.0,0.0
6.03,100,27642,68.0,68.0,68.0,86.0,487.40000000000515,390456.0436,0.5988200589970502,0.78,0.0
0.26,4,272,68.0,68.0,68.0,68.0,68.0,0.0,1.0,1.0,0.0
5.94,76,28111,86.0,68.0,68.0,170.0,1075.5,705217.8938711912,0.7071111920811319,0.7368421052631579,0.0
2.79,62,24492,86.0,68.0,68.0,170.0,1732.7999999999986,637752.4828303851,0.6885211995863495,0.6774193548387096,0.0
6.52,40,12807,68.0,68.0,68.0,86.0,221.60000000000073,680755.3943749999,2.3093023255813954,0.8,0.0
2.16,28,8654,86.0,68.0,80.0,170.0,952.5000000000006,276863.49489795923,0.8760026013440277,0.6428571428571429,0.0
9.94,168,26645,68.0,68.0,68.0,86.0,248.0,85351.81118905895,0.9957306568796345,0.7619047619047619,0.0
3.84,10,680,68.0,68.0,68.0,68.0,68.0,0.0,1.5,1.0,0.0
1.51,14,952,68.0,68.0,68.0,68.0,68.0,0.0,0.75,1.0,0.0
8.19,52,3536,68.0,68.0,68.0,68.0,68.0,0.0,1.0,1.0,0.0
8.26,69,17735,68.0,68.0,68.0,80.0,170.0,582799.1585801302,1.2014647467725919,0.8840579710144928,0.0
5.11,40,11164,68.0,68.0,68.0,86.0,215.50000000000065,442169.64,1.3493265993265993,0.8,0.0
5.59,134,48422,86.0,68.0,68.0,170.0,1233.4000000000015,592083.0060147026,0.8538284839203676,0.7014925373134329,0.0
3.38,28,8034,68.0,68.0,68.0,86.0,170.0,585563.2806122449,0.7633889376646181,0.8571428571428571,0.0
2.8,24,9259,68.0,68.0,68.0,86.0,170.0,1029646.6649305556,0.9102537652155973,0.8333333333333334,0.0
8.64,77,17660,68.0,68.0,68.0,86.0,170.0,290893.5004216562,0.7903487429034874,0.8311688311688312,0.0
3.01,20,1360,68.0,68.0,68.0,68.0,68.0,0.0,1.0,1.0,0.0
4.21,16,1088,68.0,68.0,68.0,68.0,68.0,0.0,1.0,1.0,0.0
3.75,40,2720,68.0,68.0,68.0,68.0,68.0,0.0,1.0,1.0,0.0
8.21,32,2176,68.0,68.0,68.0,68.0,68.0,0.0,1.0,1.0,0.0
1.12,8,544,68.0,68.0,68.0,68.0,68.0,0.0,1.0,1.0,0.0
4.71,84,22133,68.0,68.0,68.0,86.0,170.0,432382.6070011338,1.0073462724469435,0.7976190476190477,0.0
1.43,22,4952,86.0,68.0,68.0,420.0,513.0000000000001,54216.264462809915,0.07372072853425846,0.6363636363636364,0.0
6.85,140,29736,86.0,68.0,80.0,222.0,516.0,67023.39714285715,9.56341030195382,0.6,0.0
2.39,110,51021,86.0,68.0,68.0,170.0,1779.5000000000002,783364.6883471071,1.2305237387426773,0.6545454545454545,0.0
0.04,12,7891,86.0,68.0,68.0,170.0,2628.800000000001,1633631.909722222,1.3346153846153845,0.6666666666666666,0.0
1.37,28,1904,68.0,68.0,68.0,68.0,68.0,0.0,1.0,1.0,0.0
8.01,91,27040,68.0,68.0,68.0,86.0,296.0,526782.715855573,1.212041884816754,0.8021978021978022,0.0
4.76,24,1632,68.0,68.0,68.0,68.0,68.0,0.0,1.0,1.0,0.0
3.05,12,816,68.0,68.0,68.0,68.0,68.0,0.0,1.0,1.0,0.0
0.46,4,272,68.0,68.0,68.0,68.0,68.0,0.0,1.0,1.0,0.0
7.29,48,3264,68.0,68.0,68.0,68.0,68.0,0.0,1.0,1.0,0.0
7.0,28,1904,68.0,68.0,68.0,68.0,68.0,0.0,1.0,1.0,0.0
7.25,89,20663,68.0,68.0,68.0,86.0,170.0,262532.0277742709,0.9851090402536267,0.8202247191011236,0.0
4.79,29,7059,68.0,68.0,68.0,86.0,170.0,390958.03567181923,0.6976911976911977,0.8620689655172413,0.0
6.35,138,48801,86.0,68.0,68.0,170.0,1273.6999999999998,513428.81269691256,0.9160188457008245,0.7028985507246377,0.0
2.37,36,22274,86.0,68.0,68.0,170.0,2893.5,1298490.1450617283,0.9718484419263456,0.6388888888888888,0.0
2.98,52,7759,68.0,68.0,68.0,68.0,86.0,232930.5514053255,0.4145852324521422,0.9230769230769231,0.0
6.69,260,44932,86.0,68.0,68.0,183.0,420.0,64202.042840236696,0.9724319578577699,0.6884615384615385,0.0
0.5,8,544,68.0,68.0,68.0,68.0,68.0,0.0,1.0,1.0,0.0
8.69,56,3808,68.0,68.0,68.0,68.0,68.0,0.0,1.0,1.0,0.0
1.22,12,816,68.0,68.0,68.0,68.0,68.0,0.0,1.0,1.0,0.0
3.49,43,13838,68.0,68.0,68.0,86.0,170.0,630870.8025959978,0.7175127218567705,0.813953488372093,0.0
8.86,63,12345,68.0,68.0,68.0,77.0,170.0,333859.7596371882,0.8447399880454274,0.873015873015873,0.0
0.31,12,6312,86.0,68.0,68.0,170.0,2294.000000000001,931078.6666666666,1.0984042553191489,0.6666666666666666,0.0
3.54,108,53453,86.0,68.0,68.0,170.0,2207.1999999999994,943310.3198731139,0.9535487171990351,0.6481481481481481,0.0
5.21,46,7990,68.0,68.0,68.0,86.0,170.0,128563.60302457467,0.9535452322738386,0.8260869565217391,0.0
2.07,16,6001,77.0,68.0,68.0,107.0,957.5,630464.68359375,0.6175202156334232,0.75,0.0
1.93,22,7123,86.0,68.0,72.5,170.0,741.2000000000012,398761.08471074386,0.7653035935563817,0.6363636363636364,0.0
2.63,40,2720,68.0,68.0,68.0,68.0,68.0,0.0,1.0,1.0,0.0
9.68,36,2448,68.0,68.0,68.0,68.0,68.0,0.0,1.0,1.0,0.0
9.19,60,4080,68.0,68.0,68.0,68.0,68.0,0.0,1.0,1.0,0.0
6.47,110,17218,68.0,68.0,68.0,86.0,248.0,76315.66743801655,1.0,0.7636363636363637,0.0
2.8,62,6686,68.0,68.0,68.0,86.0,184.0,5676.070759625388,1.0,0.7741935483870968,0.0
6.83,83,27482,86.0,68.0,68.0,202.5,701.1999999999992,348062.00029031787,1.623079125703923,0.6506024096385542,0.0
4.75,53,20404,86.0,68.0,68.0,170.0,838.0000000000011,669211.7543609826,1.3286920794339192,0.6981132075471698,0.0
4.82,82,31024,86.0,68.0,68.0,170.0,1398.8000000000009,552393.712671029,0.8879084768453721,0.6585365853658537,0.0
5.79,74,23376,68.0,68.0,68.0,86.0,841.1,471397.880204529,0.7166776823088786,0.7567567567567568,0.0
7.24,44,2992,68.0,68.0,68.0,68.0,68.0,0.0,1.0,1.0,0.0
4.61,28,1904,68.0,68.0,68.0,68.0,68.0,0.0,1.0,1.0,0.0
6.46,44,2992,68.0,68.0,68.0,68.0,68.0,0.0,1.0,1.0,0.0
3.43,20,1360,68.0,68.0,68.0,68.0,68.0,0.0,1.0,1.0,0.0
2.65,12,816,68.0,68.0,68.0,68.0,68.0,0.0,1.0,1.0,0.0
0.19,4,272,68.0,68.0,68.0,68.0,68.0,0.0,1.0,1.0,0.0
9.19,108,22225,68.0,68.0,68.0,86.0,170.0,307056.4268689987,1.0311643209650887,0.7962962962962963,0.0
8.69,138,48815,86.0,68.0,68.0,170.0,1251.0999999999992,519948.8194181893,0.8016904111611427,0.7028985507246377,0.0
2.07,28,6501,68.0,68.0,68.0,86.0,170.0,310687.7181122448,0.8734870317002882,0.8571428571428571,0.0
6.35,56,17813,86.0,68.0,68.0,170.0,514.0,575378.9741709185,0.6660119715675271,0.7142857142857143,0.0
2.35,32,2176,68.0,68.0,68.0,68.0,68.0,0.0,1.0,1.0,0.0
8.46,32,2176,68.0,68.0,68.0,68.0,68.0,0.0,1.0,1.0,0.0
6.25,60,4080,68.0,68.0,68.0,68.0,68.0,0.0,1.0,1.0,0.0
0.3,4,272,68.0,68.0,68.0,68.0,68.0,0.0,1.0,1.0,0.0
7.13,56,3808,68.0,68.0,68.0,68.0,68.0,0.0,1.0,1.0,0.0
4.1,51,18395,86.0,68.0,68.0,170.0,576.0,722399.3917723951,0.36471548334446174,0.6862745098039216,0.0
1.68,8,544,68.0,68.0,68.0,68.0,68.0,0.0,1.0,1.0,0.0
3.41,32,12785,77.0,68.0,68.0,107.0,581.300000000001,862880.9990234375,0.5782002221947907,0.75,0.0
6.11,123,39429,86.0,68.0,68.0,170.0,1145.6,397874.0511600239,0.9284456617431283,0.6991869918699187,0.0
3.3,36,15253,86.0,68.0,68.0,170.0,1260.0,737943.9344135802,1.080900409276944,0.6666666666666666,0.0
6.4,68,7684,68.0,68.0,68.0,68.0,86.0,85293.11764705883,1.713276836158192,0.9411764705882353,0.0
9.68,24,1632,68.0,68.0,68.0,68.0,68.0,0.0,1.0,1.0,0.0
3.96,42,2856,68.0,68.0,68.0,68.0,68.0,0.0,1.0,1.0,0.0
0.23,10,680,68.0,68.0,68.0,68.0,68.0,0.0,1.0,1.0,0.0
0.32,4,272,68.0,68.0,68.0,68.0,68.0,0.0,1.0,1.0,0.0
6.55,44,2992,68.0,68.0,68.0,68.0,68.0,0.0,1.0,1.0,0.0
5.07,65,25934,80.0,68.0,68.0,86.0,1238.0000000000002,793284.6920710059,1.0654667091430392,0.7538461538461538,0.0
5.09,28,6563,68.0,68.0,68.0,86.0,170.0,456250.8813775509,2.489101541733121,0.8571428571428571,0.0
2.19,111,39597,86.0,68.0,68.0,170.0,1149.0,536743.5846116387,1.0004546832373447,0.6756756756756757,0.0
4.31,28,2496,68.0,68.0,68.0,86.0,117.50000000000006,3351.336734693878,1.23455684870188,0.8928571428571429,0.0
2.75,36,16094,86.0,68.0,68.0,170.0,2021.5,627168.7746913579,1.000497203231821,0.6388888888888888,0.0
2.98,53,8787,68.0,68.0,68.0,68.0,86.0,229840.0512637948,1.2835239085239085,0.9245283018867925,0.0
2.29,20,1360,68.0,68.0,68.0,68.0,68.0,0.0,1.0,1.0,0.0
6.67,56,3808,68.0,68.0,68.0,68.0,68.0,0.0,1.0,1.0,0.0
8.85,32,2176,68.0,68.0,68.0,68.0,68.0,0.0,1.0,1.0,0.0
5.05,44,2992,68.0,68.0,68.0,68.0,68.0,0.0,1.0,1.0,0.0
8.89,68,31158,83.0,68.0,68.0,170.0,1530.1000000000001,1012177.4576124566,0.8728136082226363,0.7352941176470589,0.0
3.45,125,60239,86.0,68.0,68.0,170.0,2150.0000000000005,975627.9842560004,1.069784222100055,0.672,0.0
7.15,53,17046,68.0,68.0,68.0,86.0,975.6000000000042,519217.9708081168,0.9563870079192012,0.7735849056603774,0.0
6.68,65,14931,68.0,68.0,68.0,80.0,170.0,406452.11455621297,1.2571428571428571,0.8769230769230769,0.0
5.31,24,1632,68.0,68.0,68.0,68.0,68.0,0.0,1.0,1.0,0.0
0.48,4,272,68.0,68.0,68.0,68.0,68.0,0.0,1.0,1.0,0.0
6.49,48,3264,68.0,68.0,68.0,68.0,68.0,0.0,1.0,1.0,0.0
6.14,24,1632,68.0,68.0,68.0,68.0,68.0,0.0,1.0,1.0,0.0
7.17,52,3536,68.0,68.0,68.0,68.0,68.0,0.0,1.0,1.0,0.0
7.26,61,23756,86.0,68.0,68.0,170.0,1516.0,659050.0499865629,1.4122664500406175,0.7049180327868853,0.0
5.87,131,56316,86.0,68.0,68.0,170.0,1552.0,850427.1946856243,1.2595089070775156,0.6946564885496184,0.0
4.46,28,8797,68.0,68.0,68.0,86.0,170.0,735852.1466836735,0.8183133526250517,0.8571428571428571,0.0
5.2,53,24301,86.0,68.0,68.0,170.0,1961.000000000004,878994.0989676045,0.7223757885037919,0.6792452830188679,0.0
0.84,39,2753,68.0,68.0,68.0,68.0,68.0,178.24194608809984,0.8843258042436687,0.9743589743589743,0.0
9.3,41,3233,68.0,68.0,68.0,68.0,86.0,1230.8078524687683,1.110313315926893,0.926829268292683,0.0
7.76,64,4352,68.0,68.0,68.0,68.0,68.0,0.0,1.0,1.0,0.0
6.79,52,3536,68.0,68.0,68.0,68.0,68.0,0.0,1.0,1.0,0.0
9.58,70,24051,80.0,68.0,68.0,149.0,1516.0,490420.09979591815,1.257885843034172,0.7428571428571429,0.0
4.97,129,38815,86.0,68.0,68.0,170.0,608.2000000000007,423239.6471365904,0.7444943820224719,0.689922480620155,0.0
8.06,65,27762,86.0,68.0,68.0,170.0,1181.6,948179.7576331361,1.2492100785870535,0.7384615384615385,0.0
0.2,12,5353,86.0,68.0,68.0,170.0,1183.4000000000003,751151.0763888886,2.0174746335963922,0.6666666666666666,0.0
8.94,60,4080,68.0,68.0,68.0,68.0,68.0,0.0,1.0,1.0,0.0
1.36,8,544,68.0,68.0,68.0,68.0,68.0,0.0,1.0,1.0,0.0
1.04,4,272,68.0,68.0,68.0,68.0,68.0,0.0,1.0,1.0,0.0
4.45,44,2992,68.0,68.0,68.0,68.0,68.0,0.0,1.0,1.0,0.0
6.65,24,1632,68.0,68.0,68.0,68.0,68.0,0.0,1.0,1.0,0.0
5.42,48,3264,68.0,68.0,68.0,68.0,68.0,0.0,1.0,1.0,0.0
2.19,4,272,68.0,68.0,68.0,68.0,68.0,0.0,1.0,1.0,0.0
5.74,53,19676,86.0,68.0,68.0,170.0,681.4000000000013,706211.3926664294,1.5586475942782836,0.6981132075471698,0.0
6.34,124,40665,86.0,68.0,68.0,170.0,694.4000000000001,475225.40810353804,0.9087964701464514,0.6854838709677419,0.0
0.26,12,5579,86.0,68.0,68.0,170.0,1315.7000000000005,808896.576388889,1.9042165538781883,0.6666666666666666,0.0
1.71,28,7000,68.0,68.0,68.0,86.0,170.0,562881.2142857143,0.37551581843191195,0.8571428571428571,0.0
0.11,12,6618,86.0,68.0,68.0,170.0,1646.0000000000005,1214171.4166666667,0.5284064665127021,0.6666666666666666,0.0
1.94,22,10042,86.0,68.0,72.5,170.0,1917.900000000001,605464.0661157024,1.1637578108166344,0.6363636363636364,0.0
8.78,72,10640,68.0,68.0,68.0,68.0,84.19999999999997,211607.97839506168,1.2547149819877093,0.9444444444444444,0.0
1.02,4,272,68.0,68.0,68.0,68.0,68.0,0.0,1.0,1.0,0.0
4.63,16,1088,68.0,68.0,68.0,68.0,68.0,0.0,1.0,1.0,0.0
2.84,36,2448,68.0,68.0,68.0,68.0,68.0,0.0,1.0,1.0,0.0
0.53,16,1088,68.0,68.0,68.0,68.0,68.0,0.0,1.0,1.0,0.0
2.51,4,272,68.0,68.0,68.0,68.0,68.0,0.0,1.0,1.0,0.0
0.79,4,272,68.0,68.0,68.0,68.0,68.0,0.0,1.0,1.0,0.0
7.59,52,3536,68.0,68.0,68.0,68.0,68.0,0.0,1.0,1.0,0.0
8.58,67,23441,86.0,68.0,68.0,170.0,1163.5999999999992,535521.280463355,1.0282945401055636,0.7313432835820896,0.0
6.11,143,47476,86.0,68.0,68.0,170.0,924.9999999999995,532154.5454545454,0.984201947590588,0.7132867132867133,0.0
6.79,49,24567,86.0,68.0,68.0,170.0,2105.600000000001,964900.8854643898,1.0791299932295193,0.673469387755102,0.0
1.53,16,8141,77.0,68.0,68.0,107.0,1494.5,1293108.15234375,0.7291843670348344,0.75,0.0
6.41,56,3808,68.0,68.0,68.0,68.0,68.0,0.0,1.0,1.0,0.0
3.62,12,816,68.0,68.0,68.0,68.0,68.0,0.0,1.0,1.0,0.0
7.99,64,4352,68.0,68.0,68.0,68.0,68.0,0.0,1.0,1.0,0.0
1.69,8,544,68.0,68.0,68.0,68.0,68.0,0.0,1.0,1.0,0.0
6.37,48,3264,68.0,68.0,68.0,68.0,68.0,0.0,1.0,1.0,0.0
3.43,56,14959,86.0,68.0,68.0,170.0,1013.0,213111.43080357142,0.9457596253902185,0.6785714285714286,0.0
5.17,28,6163,68.0,68.0,68.0,86.0,170.0,305918.16709183675,0.5904516129032258,0.8571428571428571,0.0
9.86,152,57805,86.0,68.0,68.0,170.0,1105.300000000002,733551.0899844181,0.7276884452148963,0.7105263157894737,0.0
0.25,12,2173,86.0,68.0,68.0,164.0,170.0,70971.24305555555,2.3953125,0.6666666666666666,0.0
7.57,68,13003,68.0,68.0,68.0,72.5,170.0,254428.4072231834,0.8224246671338472,0.8676470588235294,0.0
6.78,24,1632,68.0,68.0,68.0,68.0,68.0,0.0,1.0,1.0,0.0
8.12,64,4352,68.0,68.0,68.0,68.0,68.0,0.0,1.0,1.0,0.0
9.64,24,1632,68.0,68.0,68.0,68.0,68.0,0.0,1.0,1.0,0.0
6.29,91,20211,68.0,68.0,68.0,86.0,170.0,263014.17703175946,0.6954114587702374,0.8131868131868132,0.0
5.72,41,13993,68.0,68.0,68.0,86.0,170.0,724819.1338488995,0.9958636428469548,0.8048780487804879,0.0
3.21,101,31659,86.0,68.0,68.0,170.0,890.0,401189.4163317321,1.2944629656471953,0.6831683168316832,0.0
6.36,41,7993,68.0,68.0,68.0,86.0,170.0,143863.997620464,1.412616963477211,0.8048780487804879,0.0
8.4,76,19641,68.0,68.0,68.0,86.0,170.0,490638.48251385044,1.1503174950733523,0.8421052631578947,0.0
9.47,36,2448,68.0,68.0,68.0,68.0,68.0,0.0,1.0,1.0,0.0
4.5,40,2720,68.0,68.0,68.0,68.0,68.0,0.0,1.0,1.0,0.0
6.94,28,1904,68.0,68.0,68.0,68.0,68.0,0.0,1.0,1.0,0.0
9.37,109,24403,68.0,68.0,68.0,86.0,170.0,305587.33439946134,0.7932833627278072,0.8348623853211009,0.0
0.42,4,272,68.0,68.0,68.0,68.0,68.0,0.0,1.0,1.0,0.0
6.06,129,66633,86.0,68.0,68.0,170.0,2483.2000000000003,1116002.3573102579,1.0357764810118848,0.6821705426356589,0.0
9.66,77,24770,86.0,68.0,68.0,170.0,794.6000000000012,490098.6560971496,0.814120404277135,0.7012987012987013,0.0
4.37,40,2720,68.0,68.0,68.0,68.0,68.0,0.0,1.0,1.0,0.0
4.99,20,1360,68.0,68.0,68.0,68.0,68.0,0.0,1.0,1.0,0.0
8.49,56,3808,68.0,68.0,68.0,68.0,68.0,0.0,1.0,1.0,0.0
6.43,24,1632,68.0,68.0,68.0,68.0,68.0,0.0,1.0,1.0,0.0
5.79,52,3536,68.0,68.0,68.0,68.0,68.0,0.0,1.0,1.0,0.0
6.64,57,18435,86.0,68.0,68.0,170.0,873.1999999999994,491570.7349953831,0.6891148982957669,0.7017543859649122,0.0
3.12,25,6425,68.0,68.0,68.0,86.0,555.200000000001,357315.84,1.5597609561752988,0.8,0.0
7.98,141,58160,86.0,68.0,68.0,170.0,1248.0,798095.8667069061,1.3436492585428756,0.7092198581560284,0.0
8.76,89,25992,68.0,68.0,68.0,86.0,355.0000000000026,491757.0541598282,1.3365695792880259,0.8089887640449438,0.0
0.3,16,1088,68.0,68.0,68.0,68.0,68.0,0.0,1.0,1.0,0.0
8.02,20,1360,68.0,68.0,68.0,68.0,68.0,0.0,1.0,1.0,0.0
7.83,60,4080,68.0,68.0,68.0,68.0,68.0,0.0,1.0,1.0,0.0
0.48,4,272,68.0,68.0,68.0,68.0,68.0,0.0,1.0,1.0,0.0
0.76,4,272,68.0,68.0,68.0,68.0,68.0,0.0,1.0,1.0,0.0
8.45,96,25119,68.0,68.0,68.0,86.0,170.0,465898.6630859375,1.3508656995788488,0.8333333333333334,0.0
2.37,4,272,68.0,68.0,68.0,68.0,68.0,0.0,1.0,1.0,0.0
3.47,12,816,68.0,68.0,68.0,68.0,68.0,0.0,1.0,1.0,0.0
8.46,160,61000,86.0,68.0,68.0,170.0,1426.2,642820.55,0.7692954723438814,0.7125,0.0
2.49,37,12494,86.0,68.0,68.0,170.0,627.1999999999997,483508.00292184064,0.7604621671128646,0.6486486486486487,0.0
0.18,12,8188,86.0,68.0,68.0,170.0,2812.400000000001,1765837.222222222,1.2845982142857142,0.6666666666666666,0.0
9.38,60,4080,68.0,68.0,68.0,68.0,68.0,0.0,1.0,1.0,0.0
2.24,12,816,68.0,68.0,68.0,68.0,68.0,0.0,1.0,1.0,0.0
4.67,44,2992,68.0,68.0,68.0,68.0,68.0,0.0,1.0,1.0,0.0
0.66,16,1088,68.0,68.0,68.0,68.0,68.0,0.0,1.0,1.0,0.0
2.76,4,272,68.0,68.0,68.0,68.0,68.0,0.0,1.0,1.0,0.0
0.6,4,272,68.0,68.0,68.0,68.0,68.0,0.0,1.0,1.0,0.0
8.55,75,9977,68.0,68.0,68.0,68.0,90.20000000000006,126744.1592888889,2.0380633373934227,0.9066666666666666,0.0
7.43,41,14600,80.0,68.0,68.0,86.0,837.0,648726.9173111244,1.4762550881953866,0.7560975609756098,0.0
0.43,4,272,68.0,68.0,68.0,68.0,68.0,0.0,1.0,1.0,0.0
0.58,16,5061,77.0,68.0,68.0,107.0,440.5,548495.21484375,2.819622641509434,0.75,0.0
6.28,137,58063,86.0,68.0,68.0,170.0,1880.8000000000013,777476.8937077096,1.03744122394554,0.708029197080292,0.0
9.22,90,30241,68.0,68.0,68.0,86.0,481.5000000000057,665495.9443209877,1.0815666299559472,0.7888888888888889,0.0
3.4,20,1360,68.0,68.0,68.0,68.0,68.0,0.0,1.0,1.0,0.0
7.18,56,3808,68.0,68.0,68.0,68.0,68.0,0.0,1.0,1.0,0.0
4.39,320,52280,86.0,68.0,68.0,183.0,248.0,66740.484375,1.0,0.6875,0.0
6.1,16,1088,68.0,68.0,68.0,68.0,68.0,0.0,1.0,1.0,0.0
0.54,24,1632,68.0,68.0,68.0,68.0,68.0,0.0,1.0,1.0,0.0
7.53,70,28852,74.0,68.0,68.0,149.0,1401.7000000000003,802961.7420408161,0.7454325468844525,0.7428571428571429,0.0
0.1,4,272,68.0,68.0,68.0,68.0,68.0,0.0,1.0,1.0,0.0
0.03,4,272,68.0,68.0,68.0,68.0,68.0,0.0,1.0,1.0,0.0
2.54,16,8294,77.0,68.0,68.0,107.0,1737.0,1305877.109375,1.1168963757018888,0.75,0.0
6.28,136,52949,86.0,68.0,68.0,170.0,1417.5,697883.1184580448,0.9896663159476927,0.7058823529411765,0.0
1.38,4,272,68.0,68.0,68.0,68.0,68.0,0.0,1.0,1.0,0.0
7.89,92,23846,68.0,68.0,68.0,86.0,170.0,415556.54867674864,1.7063897400976054,0.8152173913043478,0.0
3.68,23,1768,68.0,68.0,68.0,68.0,68.0,1439.5916824196595,0.7333333333333333,0.9565217391304348,0.0
2.93,15,1224,68.0,68.0,68.0,68.0,78.8,2143.0399999999995,1.5714285714285714,0.9333333333333333,0.0
6.33,56,3808,68.0,68.0,68.0,68.0,68.0,0.0,1.0,1.0,0.0
6.71,20,1360,68.0,68.0,68.0,68.0,68.0,0.0,1.0,1.0,0.0
5.61,64,15239,68.0,68.0,68.0,72.5,170.0,436457.2849121094,0.7530196709996549,0.875,0.0
5.05,28,6999,86.0,68.0,68.0,170.0,810.6000000000004,152783.10586734695,0.7000242895312121,0.6785714285714286,0.0
6.54,137,54096,86.0,68.0,68.0,170.0,1085.8000000000009,823133.2727369599,1.1481157923996346,0.708029197080292,0.0
1.57,27,5504,68.0,68.0,68.0,86.0,170.0,210364.20027434843,1.3551561831407788,0.8518518518518519,0.0
0.99,12,4671,86.0,68.0,68.0,170.0,837.8000000000003,581353.8541666666,2.360431654676259,0.6666666666666666,0.0
2.28,24,7608,86.0,68.0,68.0,170.0,1058.4999999999995,269435.25,1.265634306134604,0.625,0.0
9.87,288,55585,86.0,68.0,68.0,222.0,486.0,84356.21873794365,3.8775886275886275,0.6701388888888888,0.0
3.55,36,2448,68.0,68.0,68.0,68.0,68.0,0.0,1.0,1.0,0.0
1.74,40,2720,68.0,68.0,68.0,68.0,68.0,0.0,1.0,1.0,0.0
1.9,84,21977,68.0,68.0,68.0,86.0,214.1000000000002,460907.51856575976,0.5027008547008547,0.7976190476190477,0.0
1.4,28,1904,68.0,68.0,68.0,68.0,68.0,0.0,1.0,1.0,0.0
4.25,121,50785,86.0,68.0,68.0,170.0,1491.0,679719.2138515129,0.8031244452334457,0.6611570247933884,0.0
6.92,65,23834,68.0,68.0,68.0,86.0,170.0,854263.0494674556,0.9272256812484838,0.8153846153846154,0.0
3.5,27,13632,86.0,68.0,68.0,170.0,1562.6000000000017,973341.2098765433,0.8694459681843115,0.6666666666666666,0.0
3.35,36,2448,68.0,68.0,68.0,68.0,68.0,0.0,1.0,1.0,0.0
8.36,32,2176,68.0,68.0,68.0,68.0,68.0,0.0,1.0,1.0,0.0
1.65,8,544,68.0,68.0,68.0,68.0,68.0,0.0,1.0,1.0,0.0
1.83,36,2448,68.0,68.0,68.0,68.0,68.0,0.0,1.0,1.0,0.0
5.62,24,1632,68.0,68.0,68.0,68.0,68.0,0.0,1.0,1.0,0.0
1.09,8,544,68.0,68.0,68.0,68.0,68.0,0.0,1.0,1.0,0.0
4.27,44,2992,68.0,68.0,68.0,68.0,68.0,0.0,1.0,1.0,0.0
2.9,62,17245,86.0,68.0,68.0,170.0,668.9999999999998,266459.70473465143,0.8343793213487927,0.6774193548387096,0.0
0.76,9,1858,86.0,82.4,86.0,222.0,492.0,27961.58024691358,0.03798882681564246,0.5555555555555556,0.0
8.85,138,51508,86.0,68.0,68.0,170.0,1068.2999999999995,675949.5479941189,1.1232532256069911,0.7028985507246377,0.0
3.81,28,6393,68.0,68.0,68.0,86.0,170.0,348300.6466836735,1.768731052403638,0.8571428571428571,0.0
7.4,92,19899,68.0,68.0,68.0,86.0,170.0,293308.46821833646,0.8749646659756902,0.8152173913043478,0.0
6.34,24,1632,68.0,68.0,68.0,68.0,68.0,0.0,1.0,1.0,0.0
6.65,52,3536,68.0,68.0,68.0,68.0,68.0,0.0,1.0,1.0,0.0
2.51,20,1360,68.0,68.0,68.0,68.0,68.0,0.0,1.0,1.0,0.0
6.79,56,3808,68.0,68.0,68.0,68.0,68.0,0.0,1.0,1.0,0.0
6.22,58,26998,86.0,68.0,68.0,170.0,1516.0,893130.6290130795,0.451739527880841,0.6724137931034483,0.0
1.84,8,544,68.0,68.0,68.0,68.0,68.0,0.0,1.0,1.0,0.0
3.32,123,51016,86.0,68.0,68.0,170.0,1644.3999999999999,748891.5948178993,1.0304875621890548,0.6747967479674797,0.0
8.09,70,21477,80.0,68.0,68.0,86.0,756.0000000000007,483295.72265306127,0.5297008547008547,0.7714285714285715,0.0
8.97,72,11006,68.0,68.0,68.0,68.0,84.19999999999997,269197.39737654326,1.5553749709774785,0.9444444444444444,0.0
4.54,16,1088,68.0,68.0,68.0,68.0,68.0,0.0,1.0,1.0,0.0
0.98,4,272,68.0,68.0,68.0,68.0,68.0,0.0,1.0,1.0,0.0
4.57,52,3536,68.0,68.0,68.0,68.0,68.0,0.0,1.0,1.0,0.0
7.26,16,1088,68.0,68.0,68.0,68.0,68.0,0.0,1.0,1.0,0.0
3.31,44,2992,68.0,68.0,68.0,68.0,68.0,0.0,1.0,1.0,0.0
7.2,59,20608,86.0,68.0,68.0,170.0,979.4000000000003,641141.5949439814,2.377806916898869,0.7288135593220338,0.0
8.35,146,55344,86.0,68.0,68.0,170.0,1096.0,657664.4747607431,1.3068650744029011,0.7191780821917808,0.0
7.76,51,23945,86.0,68.0,68.0,170.0,1516.0,844881.504805844,1.456905397085984,0.6470588235294118,0.0
5.66,52,10063,68.0,68.0,68.0,68.0,86.0,376169.63424556213,0.7741537376586742,0.9230769230769231,0.0
5.82,24,1632,68.0,68.0,68.0,68.0,68.0,0.0,1.0,1.0,0.0
4.35,16,1088,68.0,68.0,68.0,68.0,68.0,0.0,1.0,1.0,0.0
7.84,56,3808,68.0,68.0,68.0,68.0,68.0,0.0,1.0,1.0,0.0
3.51,12,816,68.0,68.0,68.0,68.0,68.0,0.0,1.0,1.0,0.0
2.26,12,816,68.0,68.0,68.0,68.0,68.0,0.0,1.0,1.0,0.0
6.05,110,25872,68.0,68.0,68.0,86.0,170.0,376843.01454545476,1.3197346005559043,0.7727272727272727,0.0
0.15,4,272,68.0,68.0,68.0,68.0,68.0,0.0,1.0,1.0,0.0
0.31,4,272,68.0,68.0,68.0,68.0,68.0,0.0,1.0,1.0,0.0
9.13,161,63149,86.0,68.0,68.0,170.0,1467.0,734731.1707881639,1.03502948664239,0.7142857142857143,0.0
7.38,87,23275,68.0,68.0,68.0,86.0,170.0,447161.9043466774,0.8423968970157524,0.8160919540229885,0.0
1.96,20,1360,68.0,68.0,68.0,68.0,68.0,0.0,1.0,1.0,0.0
5.5,20,1360,68.0,68.0,68.0,68.0,68.0,0.0,1.0,1.0,0.0
8.23,56,3808,68.0,68.0,68.0,68.0,68.0,0.0,1.0,1.0,0.0
5.82,20,1360,68.0,68.0,68.0,68.0,68.0,0.0,1.0,1.0,0.0
2.24,36,2448,68.0,68.0,68.0,68.0,68.0,0.0,1.0,1.0,0.0
9.38,64,21274,83.0,68.0,68.0,107.0,530.1000000000003,592891.3037109375,0.646594427244582,0.75,0.0
4.8,123,59745,86.0,68.0,68.0,170.0,1884.1999999999996,1020614.895498711,1.059533248302251,0.6747967479674797,0.0
4.63,27,6359,68.0,68.0,68.0,86.0,170.0,320123.0644718793,0.7479384277075316,0.8518518518518519,0.0
0.36,12,3182,86.0,68.0,68.0,170.0,973.7000000000003,145388.13888888888,1.0648929266709928,0.6666666666666666,0.0
5.19,45,19822,86.0,68.0,68.0,170.0,1764.6000000000035,978360.5165432099,1.5189986021095438,0.7333333333333333,0.0
4.07,48,3264,68.0,68.0,68.0,68.0,68.0,0.0,1.0,1.0,0.0
4.97,8,544,68.0,68.0,68.0,68.0,68.0,0.0,1.0,1.0,0.0
4.19,16,1088,68.0,68.0,68.0,68.0,68.0,0.0,1.0,1.0,0.0
6.25,56,3808,68.0,68.0,68.0,68.0,68.0,0.0,1.0,1.0,0.0
6.37,24,1632,68.0,68.0,68.0,68.0,68.0,0.0,1.0,1.0,0.0
3.92,81,22813,68.0,68.0,68.0,86.0,170.0,548757.3409541228,0.604628261939931,0.8024691358024691,0.0
9.87,87,26695,80.0,68.0,68.0,86.0,797.0000000000016,476665.2384727176,0.7998247033441208,0.7586206896551724,0.0
9.74,97,32312,86.0,68.0,68.0,170.0,1191.6000000000026,464470.94590285904,0.8682856316854582,0.711340206185567,0.0
0.02,15,5407,86.0,68.0,80.0,170.0,1182.7999999999997,350837.18222222215,1.0197982816585731,0.6666666666666666,0.0
8.21,82,15680,68.0,68.0,68.0,68.0,161.60000000000048,241310.92742415235,0.7619957298572874,0.8902439024390244,0.0
7.34,16,1088,68.0,68.0,68.0,68.0,68.0,0.0,1.0,1.0,0.0
2.92,44,2992,68.0,68.0,68.0,68.0,68.0,0.0,1.0,1.0,0.0
5.29,24,1632,68.0,68.0,68.0,68.0,68.0,0.0,1.0,1.0,0.0
6.04,52,3536,68.0,68.0,68.0,68.0,68.0,0.0,1.0,1.0,0.0
0.2,24,12931,86.0,68.0,68.0,170.0,1422.3999999999999,1057528.748263889,0.6474710154159765,0.625,0.0
0.82,24,12713,86.0,68.0,68.0,170.0,2255.4999999999995,1048213.5399305555,0.7273097826086956,0.6666666666666666,0.0
8.22,20,1360,68.0,68.0,68.0,68.0,68.0,0.0,1.0,1.0,0.0
5.04,134,50250,86.0,68.0,68.0,170.0,1569.2000000000003,613259.671641791,1.3289766407119021,0.6940298507462687,0.0
3.7,23,5375,68.0,68.0,68.0,86.0,170.0,246576.6465028355,0.8866268866268866,0.8260869565217391,0.0
7.16,91,27769,68.0,68.0,68.0,86.0,170.0,518009.62468300905,1.1403576383536302,0.8131868131868132,0.0
5.13,20,1360,68.0,68.0,68.0,68.0,68.0,0.0,1.0,1.0,0.0
3.06,12,816,68.0,68.0,68.0,68.0,68.0,0.0,1.0,1.0,0.0
8.06,64,4352,68.0,68.0,68.0,68.0,68.0,0.0,1.0,1.0,0.0
9.62,81,12840,68.0,68.0,68.0,68.0,86.0,156950.71879286694,0.9842373667130273,0.9012345679012346,0.0
6.85,35,11354,68.0,68.0,68.0,86.0,347.6000000000004,561816.4114285714,1.5875113947128532,0.7714285714285715,0.0
8.86,153,77626,86.0,68.0,68.0,170.0,2467.2000000000003,1123320.5962663935,1.0886855912821203,0.7058823529411765,0.0
6.74,84,14197,68.0,68.0,68.0,86.0,170.0,149192.05938208615,0.5344790315607436,0.8214285714285714,0.0
7.2,24,1632,68.0,68.0,68.0,68.0,68.0,0.0,1.0,1.0,0.0
0.88,4,272,68.0,68.0,68.0,68.0,68.0,0.0,1.0,1.0,0.0
5.38,44,2992,68.0,68.0,68.0,68.0,68.0,0.0,1.2,1.0,0.0
4.64,28,1904,68.0,68.0,68.0,68.0,68.0,0.0,0.75,1.0,0.0
6.67,52,3536,68.0,68.0,68.0,68.0,68.0,0.0,1.0,1.0,0.0
9.51,66,21589,86.0,68.0,68.0,165.25,702.0,525223.0948117541,0.819399966290241,0.7272727272727273,0.0
6.11,126,46553,86.0,68.0,68.0,170.0,810.5,672655.4394683797,0.6641524272538786,0.6825396825396826,0.0
5.04,28,4582,68.0,68.0,68.0,86.0,170.0,119450.58673469386,0.5909722222222222,0.8571428571428571,0.0
4.02,35,16711,86.0,68.0,68.0,170.0,1710.4000000000003,850418.1910204081,0.7984287559190701,0.6571428571428571,0.0
8.24,72,6933,68.0,68.0,68.0,68.0,84.19999999999997,27807.206597222215,1.3319878910191725,0.9444444444444444,0.0
0.52,4,272,68.0,68.0,68.0,68.0,68.0,0.0,1.0,1.0,0.0
0.9,4,272,68.0,68.0,68.0,68.0,68.0,0.0,1.0,1.0,0.0
8.89,64,4352,68.0,68.0,68.0,68.0,68.0,0.0,1.0,1.0,0.0
5.22,12,816,68.0,68.0,68.0,68.0,68.0,0.0,1.0,1.0,0.0
3.99,16,1088,68.0,68.0,68.0,68.0,68.0,0.0,1.0,1.0,0.0
3.7,80,19406,68.0,68.0,68.0,86.0,176.10000000000053,314236.119375,1.3085891030216512,0.8,0.0
6.3,16,1088,68.0,68.0,68.0,68.0,68.0,0.0,1.0,1.0,0.0
0.68,16,6626,77.0,68.0,68.0,107.0,872.0,905052.234375,2.0283363802559413,0.75,0.0
8.27,141,58880,86.0,68.0,68.0,170.0,1793.0,759032.2563251345,1.0666175283422836,0.7021276595744681,0.0
3.16,35,12322,86.0,68.0,68.0,170.0,653.4000000000005,580683.5967346937,1.248129903302317,0.6571428571428571,0.0
8.46,72,5821,68.0,68.0,68.0,68.0,84.19999999999997,5542.018325617282,0.8139607354315986,0.9583333333333334,0.0
6.49,40,2720,68.0,68.0,68.0,68.0,68.0,0.0,1.0,1.0,0.0
4.37,36,2448,68.0,68.0,68.0,68.0,68.0,0.0,1.0,1.0,0.0
8.9,109,12992,68.0,68.0,68.0,86.0,183.0,39251.16471677468,0.9895865237366003,0.8165137614678899,0.0
4.1,52,25878,86.0,68.0,68.0,170.0,1512.7,1035053.6109467454,0.7331725939320876,0.6730769230769231,0.0
2.89,16,1088,68.0,68.0,68.0,68.0,68.0,0.0,1.0,1.0,0.0
8.92,158,64853,86.0,68.0,68.0,170.0,1549.3000000000013,709573.9827351386,1.206559831240856,0.6962025316455697,0.0
0.75,4,272,68.0,68.0,68.0,68.0,68.0,0.0,1.0,1.0,0.0
3.99,34,10135,86.0,68.0,68.0,170.0,724.3999999999996,319893.4333910034,0.637847446670976,0.6470588235294118,0.0
1.96,16,4451,77.0,68.0,68.0,107.0,186.5,502985.77734375,4.447980416156671,0.75,0.0
0.25,4,272,68.0,68.0,68.0,68.0,68.0,0.0,1.0,1.0,0.0
2.2,32,2176,68.0,68.0,68.0,68.0,68.0,0.0,1.0,1.0,0.0
0.73,16,1088,68.0,68.0,68.0,68.0,68.0,0.0,1.0,1.0,0.0
1.15,4,272,68.0,68.0,68.0,68.0,68.0,0.0,1.0,1.0,0.0
6.92,56,3808,68.0,68.0,68.0,68.0,68.0,0.0,1.0,1.0,0.0
6.52,28,1904,68.0,68.0,68.0,68.0,68.0,0.0,1.0,1.0,0.0
9.01,101,22289,68.0,68.0,68.0,86.0,170.0,353578.058033526,1.4970871611023975,0.8316831683168316,0.0
5.09,34,6781,68.0,68.0,68.0,86.0,170.0,150407.30536332182,0.7622141372141372,0.8235294117647058,0.0
1.13,121,50603,86.0,68.0,68.0,170.0,1470.0,749682.5771463698,0.8838836975540747,0.6859504132231405,0.0
4.14,27,5030,68.0,68.0,68.0,86.0,170.0,170465.02331961592,0.6368369671330947,0.8518518518518519,0.0
2.74,33,17375,86.0,68.0,68.0,170.0,2467.600000000001,1043727.3406795225,0.9568645117693434,0.6363636363636364,0.0
5.49,53,11098,68.0,68.0,68.0,68.0,86.0,471632.6543253827,1.054804665802629,0.9245283018867925,0.0
1.04,16,1088,68.0,68.0,68.0,68.0,68.0,0.0,1.0,1.0,0.0
7.84,16,1088,68.0,68.0,68.0,68.0,68.0,0.0,1.0,1.0,0.0
0.2,4,272,68.0,68.0,68.0,68.0,68.0,0.0,1.0,1.0,0.0
4.2,40,2720,68.0,68.0,68.0,68.0,68.0,0.0,1.0,1.0,0.0
0.74,16,1088,68.0,68.0,68.0,68.0,68.0,0.0,1.0,1.0,0.0
1.17,4,272,68.0,68.0,68.0,68.0,68.0,0.0,1.0,1.0,0.0
7.5,56,3808,68.0,68.0,68.0,68.0,68.0,0.0,1.0,1.0,0.0
4.43,58,21472,86.0,68.0,68.0,170.0,1516.0,482684.9571938169,0.9985107967237528,0.6724137931034483,0.0
8.45,140,56664,86.0,68.0,68.0,170.0,1594.9000000000017,698146.9624489795,1.2254339800487,0.7,0.0
5.15,27,7122,68.0,68.0,68.0,86.0,446.40000000000146,347412.4691358025,1.1380966676673672,0.8148148148148148,0.0
8.82,88,27863,68.0,68.0,68.0,86.0,257.8999999999992,577321.984375,1.0101724262318736,0.7954545454545454,0.0
4.59,20,1360,68.0,68.0,68.0,68.0,68.0,0.0,1.0,1.0,0.0
6.43,36,2448,68.0,68.0,68.0,68.0,68.0,0.0,1.0,1.0,0.0
7.27,40,2720,68.0,68.0,68.0,68.0,68.0,0.0,1.0,1.0,0.0
5.69,20,1360,68.0,68.0,68.0,68.0,68.0,0.0,1.0,1.0,0.0
1.71,36,2448,68.0,68.0,68.0,68.0,68.0,0.0,1.0,1.0,0.0
4.79,59,25955,86.0,68.0,68.0,170.0,1516.0,686088.586038495,1.2563679040250368,0.6610169491525424,0.0
7.01,140,57219,86.0,68.0,68.0,170.0,1479.900000000002,803468.6642346939,0.8961757688229056,0.7214285714285714,0.0
0.02,8,544,68.0,68.0,68.0,68.0,68.0,0.0,1.0,1.0,0.0
9.6,67,23254,86.0,68.0,68.0,170.0,1119.3999999999999,483887.94965471147,1.1603493125232256,0.6865671641791045,0.0
8.25,60,4080,68.0,68.0,68.0,68.0,68.0,0.0,1.0,1.0,0.0
9.79,56,3808,68.0,68.0,68.0,68.0,68.0,0.0,1.0,1.0,0.0
0.85,16,1088,68.0,68.0,68.0,68.0,68.0,0.0,1.0,1.0,0.0
0.05,4,272,68.0,68.0,68.0,68.0,68.0,0.0,1.0,1.0,0.0
2.28,8,544,68.0,68.0,68.0,68.0,68.0,0.0,1.0,1.0,0.0
0.04,4,272,68.0,68.0,68.0,68.0,68.0,0.0,1.0,1.0,0.0
0.74,4,272,68.0,68.0,68.0,68.0,68.0,0.0,1.0,1.0,0.0
2.22,40,2720,68.0,68.0,68.0,68.0,68.0,0.0,1.0,1.0,0.0
1.73,45,20323,86.0,68.0,68.0,170.0,1682.6000000000004,870600.5906172841,1.5823379923761118,0.6444444444444445,0.0
8.3,20,1360,68.0,68.0,68.0,68.0,68.0,0.0,1.0,1.0,0.0
2.83,123,52054,86.0,68.0,68.0,170.0,1589.399999999999,754752.0155991805,0.8189251520022364,0.6747967479674797,0.0
0.84,16,1088,68.0,68.0,68.0,68.0,68.0,0.0,1.0,1.0,0.0
3.21,15,7076,86.0,68.0,74.0,170.0,1349.6,764752.4622222221,1.2870071105365224,0.6666666666666666,0.0
5.15,53,20704,86.0,68.0,68.0,170.0,1703.4,571218.267710929,0.6166159131724838,0.6792452830188679,0.0
4.77,52,3536,68.0,68.0,68.0,68.0,68.0,0.0,1.0,1.0,0.0
8.58,20,1360,68.0,68.0,68.0,68.0,68.0,0.0,1.0,1.0,0.0
3.52,40,2720,68.0,68.0,68.0,68.0,68.0,0.0,1.0,1.0,0.0
2.43,20,1360,68.0,68.0,68.0,68.0,68.0,0.0,1.0,1.0,0.0
3.53,12,816,68.0,68.0,68.0,68.0,68.0,0.0,1.0,1.0,0.0
10.0,92,18292,68.0,68.0,68.0,86.0,170.0,168458.12192816634,1.1289571694599627,0.8152173913043478,0.0
4.33,16,1088,68.0,68.0,68.0,68.0,68.0,0.0,1.0,1.0,0.0
0.74,13,2632,86.0,68.0,68.0,100.0,170.0,140570.55621301773,3.0,0.6923076923076923,0.0
4.11,117,46266,86.0,68.0,68.0,170.0,1067.2000000000014,723843.4595660752,1.2337775202780996,0.6837606837606838,0.0
1.71,20,6191,68.0,68.0,68.0,86.0,343.70000000000243,480687.64749999996,1.3300715092209259,0.8,0.0
1.3,24,11937,86.0,68.0,68.0,170.0,1981.9999999999986,1025554.8177083334,1.880550193050193,0.6666666666666666,0.0
4.79,64,14544,68.0,68.0,68.0,72.5,170.0,407246.84375,0.8646153846153846,0.875,0.0
7.76,32,2176,68.0,68.0,68.0,68.0,68.0,0.0,1.0,1.0,0.0
2.28,12,816,68.0,68.0,68.0,68.0,68.0,0.0,1.0,1.0,0.0
9.06,56,3808,68.0,68.0,68.0,68.0,68.0,0.0,1.0,1.0,0.0
0.9,4,272,68.0,68.0,68.0,68.0,68.0,0.0,1.0,1.0,0.0
2.56,9,612,68.0,68.0,68.0,68.0,68.0,0.0,1.25,1.0,0.0
0.84,3,204,68.0,68.0,68.0,68.0,68.0,0.0,0.5,1.0,0.0
6.12,91,25414,68.0,68.0,68.0,86.0,170.0,553035.7157348146,1.2813285457809696,0.8241758241758241,0.0
5.01,28,4889,68.0,68.0,68.0,86.0,170.0,132744.38137755104,1.4083743842364531,0.8571428571428571,0.0
1.08,111,48113,86.0,68.0,68.0,170.0,1285.0,818264.3376349321,0.7430351773357968,0.6756756756756757,0.0
6.37,41,11952,68.0,68.0,68.0,86.0,170.0,683122.1035098155,3.4864864864864864,0.8048780487804879,0.0
2.14,27,10959,86.0,68.0,68.0,170.0,1516.0,368288.17283950606,0.6342081717864599,0.6296296296296297,0.0
2.52,39,10307,68.0,68.0,68.0,68.0,102.80000000000024,662384.7666009205,1.0709262607996786,0.8974358974358975,0.0
8.83,36,2448,68.0,68.0,68.0,68.0,68.0,0.0,1.0,1.0,0.0
8.58,52,3536,68.0,68.0,68.0,68.0,68.0,0.0,1.0,1.0,0.0
1.96,20,1360,68.0,68.0,68.0,68.0,68.0,0.0,1.0,1.0,0.0
8.23,56,3808,68.0,68.0,68.0,68.0,68.0,0.0,1.0,1.0,0.0
1.66,48,12858,86.0,68.0,68.0,170.0,783.2,252784.52604166666,0.6584547916935379,0.6666666666666666,0.0
4.38,8,544,68.0,68.0,68.0,68.0,68.0,0.0,1.0,1.0,0.0
4.21,24,7235,68.0,68.0,68.0,86.0,170.0,544588.4149305555,1.1739783653846154,0.8333333333333334,0.0
8.15,137,61013,86.0,68.0,68.0,170.0,1523.2000000000016,962520.7969524217,0.886902736972321,0.708029197080292,0.0
0.03,11,3160,86.0,68.0,77.0,170.0,947.0,167809.8347107438,0.7526344980587909,0.6363636363636364,0.0
7.97,77,20032,68.0,68.0,68.0,86.0,170.0,449332.988699612,0.6314032087303526,0.8441558441558441,0.0
8.04,32,2176,68.0,68.0,68.0,68.0,68.0,0.0,1.0,1.0,0.0
7.27,64,4352,68.0,68.0,68.0,68.0,68.0,0.0,1.0,1.0,0.0
4.97,20,1360,68.0,68.0,68.0,68.0,68.0,0.0,1.0,1.0,0.0
0.75,36,2448,68.0,68.0,68.0,68.0,68.0,0.0,1.0,1.0,0.0
5.05,64,20060,86.0,68.0,68.0,170.0,578.3000000000003,404980.49609375,0.9277339996156064,0.6875,0.0
8.15,60,18804,86.0,68.0,68.0,170.0,525.6000000000001,349484.4733333333,1.1473107228502912,0.7,0.0
9.14,136,53689,86.0,68.0,68.0,170.0,1442.5,686379.7642192906,1.002349606534144,0.7132352941176471,0.0
0.54,12,6646,86.0,68.0,68.0,170.0,2073.500000000001,1103362.8055555557,1.4053564965617082,0.6666666666666666,0.0
9.26,72,14382,68.0,68.0,68.0,68.0,170.0,273243.21527777775,0.4639657980456026,0.875,0.0
5.41,24,1632,68.0,68.0,68.0,68.0,68.0,0.0,1.0,1.0,0.0
0.06,4,272,68.0,68.0,68.0,68.0,68.0,0.0,1.0,1.0,0.0
4.87,40,2720,68.0,68.0,68.0,68.0,68.0,0.0,1.0,1.0,0.0
7.16,28,1904,68.0,68.0,68.0,68.0,68.0,0.0,1.0,1.0,0.0
0.98,4,272,68.0,68.0,68.0,68.0,68.0,0.0,1.0,1.0,0.0
1.37,8,544,68.0,68.0,68.0,68.0,68.0,0.0,1.0,1.0,0.0
9.0,91,24934,68.0,68.0,68.0,86.0,170.0,463153.8241758242,0.8206644760861629,0.8131868131868132,0.0
4.43,36,11781,68.0,68.0,68.0,86.0,307.5,614102.5763888889,0.6339805825242718,0.7777777777777778,0.0
3.33,95,39220,86.0,68.0,68.0,170.0,1506.2000000000037,721914.3645429363,0.8429585075889291,0.6631578947368421,0.0
0.07,4,272,68.0,68.0,68.0,68.0,68.0,0.0,1.0,1.0,0.0
2.03,24,5966,68.0,68.0,68.0,86.0,170.0,568927.7430555555,0.25838430710820504,0.8333333333333334,0.0
9.86,92,25914,68.0,68.0,68.0,86.0,170.0,487061.850189036,0.7646578140960163,0.8152173913043478,0.0
6.08,88,14182,86.0,68.0,68.0,222.0,486.0,22743.338326446283,3.2845921450151057,0.7045454545454546,0.0
2.76,24,1632,68.0,68.0,68.0,68.0,68.0,0.0,1.0,1.0,0.0
7.14,52,3536,68.0,68.0,68.0,68.0,68.0,0.0,1.0,1.0,0.0
0.12,4,272,68.0,68.0,68.0,68.0,68.0,0.0,1.0,1.0,0.0
9.61,103,27733,68.0,68.0,68.0,86.0,170.0,501980.20812517655,1.1899084017687935,0.8349514563106796,0.0
2.91,119,50666,86.0,68.0,68.0,170.0,1335.8000000000009,738623.5412753337,1.3834972009220492,0.6470588235294118,0.0
4.49,40,7971,68.0,68.0,68.0,68.0,94.40000000000012,373283.799375,0.5168411037107516,0.9,0.0
7.36,86,23137,68.0,68.0,68.0,86.0,231.5,449513.4987831263,1.0292054025609543,0.8023255813953488,0.0
5.57,24,1632,68.0,68.0,68.0,68.0,68.0,0.0,1.0,1.0,0.0
2.23,8,544,68.0,68.0,68.0,68.0,68.0,0.0,1.0,1.0,0.0
4.48,44,2992,68.0,68.0,68.0,68.0,68.0,0.0,1.0,1.0,0.0
7.73,32,2176,68.0,68.0,68.0,68.0,68.0,0.0,1.0,1.0,0.0
9.83,108,24780,68.0,68.0,68.0,86.0,250.79999999999973,313472.1913580248,0.9323144104803494,0.8055555555555556,0.0
3.57,12,816,68.0,68.0,68.0,68.0,68.0,0.0,1.0,1.0,0.0
2.06,77,27177,86.0,68.0,68.0,170.0,885.8000000000011,584625.3998988025,1.1404268724895645,0.6883116883116883,0.0
8.97,85,33263,86.0,68.0,68.0,170.0,1432.4000000000017,766701.5620761244,0.8751338857883759,0.7294117647058823,0.0
3.62,38,15368,86.0,68.0,68.0,170.0,1319.0000000000052,734966.980609418,1.4707395498392284,0.6842105263157895,0.0
9.84,60,4080,68.0,68.0,68.0,68.0,68.0,0.0,1.0,1.0,0.0
2.03,8,544,68.0,68.0,68.0,68.0,68.0,0.0,1.0,1.0,0.0
1.31,8,544,68.0,68.0,68.0,68.0,68.0,0.0,1.0,1.0,0.0
9.38,60,4080,68.0,68.0,68.0,68.0,68.0,0.0,1.0,1.0,0.0
2.89,12,816,68.0,68.0,68.0,68.0,68.0,0.0,1.0,1.0,0.0
5.7,100,26839,68.0,68.0,68.0,86.0,367.90000000000043,394129.0179000001,1.0537955310682583,0.79,0.0
7.33,16,1088,68.0,68.0,68.0,68.0,68.0,0.0,1.0,1.0,0.0
1.19,16,4338,77.0,68.0,68.0,107.0,760.0,241770.984375,1.2087576374745417,0.75,0.0
6.04,144,60805,86.0,68.0,68.0,170.0,1592.1000000000029,838191.704812886,1.2425684148410416,0.7152777777777778,0.0
7.0,90,24071,68.0,68.0,68.0,86.0,360.9000000000018,463029.2035802469,0.374464683378062,0.8,0.0
7.58,63,9952,68.0,68.0,68.0,86.0,486.0,28026.72915091962,2.675036927621861,0.7936507936507936,0.0
2.5,24,1632,68.0,68.0,68.0,68.0,68.0,0.0,1.0,1.0,0.0
6.52,52,3536,68.0,68.0,68.0,68.0,68.0,0.0,1.0,1.0,0.0
6.88,101,29726,86.0,68.0,68.0,126.0,170.0,637607.3055582786,1.3885897950984332,0.7425742574257426,0.0
6.25,12,816,68.0,68.0,68.0,68.0,68.0,0.0,1.0,1.0,0.0
1.28,24,14523,86.0,68.0,68.0,170.0,2718.4999999999986,1480528.859375,0.8151481064866891,0.6666666666666666,0.0
0.46,85,28400,86.0,68.0,68.0,170.0,972.4000000000001,509052.2920415228,1.3504096664735579,0.6705882352941176,0.0
8.85,72,21450,68.0,68.0,68.0,86.0,170.0,620001.6319444445,1.5128865979381443,0.8333333333333334,0.0
8.92,83,22887,68.0,68.0,68.0,86.0,170.0,554179.9480330963,0.7063296801610378,0.8554216867469879,0.0
7.59,24,1632,68.0,68.0,68.0,68.0,68.0,0.0,1.0,1.0,0.0
9.92,64,4352,68.0,68.0,68.0,68.0,68.0,0.0,1.0,1.0,0.0
2.18,8,544,68.0,68.0,68.0,68.0,68.0,0.0,1.0,1.0,0.0
4.85,48,3264,68.0,68.0,68.0,68.0,68.0,0.0,1.0,1.0,0.0
8.53,68,21290,80.0,68.0,68.0,105.75,659.5000000000032,508513.55103806243,2.054519368723099,0.75,0.0
7.84,155,62796,86.0,68.0,68.0,170.0,1578.7999999999995,728872.9945473466,1.0256120770297732,0.7096774193548387,0.0
6.37,65,23516,86.0,68.0,68.0,170.0,1197.8000000000006,609056.3228402367,0.6694590373420417,0.7230769230769231,0.0
2.75,24,1632,68.0,68.0,68.0,68.0,68.0,0.0,1.0,1.0,0.0
7.85,32,2176,68.0,68.0,68.0,68.0,68.0,0.0,1.0,1.0,0.0
1.42,8,544,68.0,68.0,68.0,68.0,68.0,0.0,1.0,1.0,0.0
5.25,56,3808,68.0,68.0,68.0,68.0,68.0,0.0,1.0,1.0,0.0
7.1,56,3808,68.0,68.0,68.0,68.0,68.0,0.0,1.0,1.0,0.0
0.83,48,17292,86.0,68.0,68.0,170.0,974.1000000000013,613018.6875,0.9993062781824489,0.6666666666666666,0.0
4.62,8,544,68.0,68.0,68.0,68.0,68.0,0.0,1.0,1.0,0.0
0.1,4,272,68.0,68.0,68.0,68.0,68.0,0.0,1.0,1.0,0.0
6.01,131,53217,86.0,68.0,68.0,170.0,990.0,885243.3409474972,1.1164048518592165,0.6946564885496184,0.0
2.75,28,4441,68.0,68.0,68.0,86.0,170.0,109539.09566326528,1.7396668723010487,0.8571428571428571,0.0
0.77,12,5605,86.0,68.0,68.0,170.0,1493.9000000000005,769068.5763888889,0.6078600114744693,0.6666666666666666,0.0
7.97,81,19582,68.0,68.0,68.0,86.0,170.0,343000.01310775813,1.3918407230975938,0.8271604938271605,0.0
9.46,32,2176,68.0,68.0,68.0,68.0,68.0,0.0,1.0,1.0,0.0
4.99,44,2992,68.0,68.0,68.0,68.0,68.0,0.0,1.0,1.0,0.0
9.63,36,2448,68.0,68.0,68.0,68.0,68.0,0.0,1.0,1.0,0.0
8.98,93,17480,68.0,68.0,68.0,86.0,170.0,215852.92288125798,1.6101239360907869,0.8279569892473119,0.0
0.19,4,272,68.0,68.0,68.0,68.0,68.0,0.0,1.0,1.0,0.0
5.18,136,51692,86.0,68.0,68.0,170.0,1101.0,708907.2863321799,1.1856158301974546,0.7058823529411765,0.0
3.28,29,5834,68.0,68.0,68.0,86.0,282.1999999999996,142810.28061831155,0.40612195709809595,0.8275862068965517,0.0
7.74,90,27286,68.0,68.0,68.0,86.0,940.5000000000008,470662.41283950605,0.8718529189819578,0.7888888888888889,0.0
4.32,20,1360,68.0,68.0,68.0,68.0,68.0,0.0,1.0,1.0,0.0
0.45,4,272,68.0,68.0,68.0,68.0,68.0,0.0,1.0,1.0,0.0
1.68,8,544,68.0,68.0,68.0,68.0,68.0,0.0,1.0,1.0,0.0
6.26,60,4080,68.0,68.0,68.0,68.0,68.0,0.0,1.0,1.0,0.0
4.42,8,544,68.0,68.0,68.0,68.0,68.0,0.0,1.0,1.0,0.0
3.51,12,816,68.0,68.0,68.0,68.0,68.0,0.0,1.0,1.0,0.0
8.92,94,19237,68.0,68.0,68.0,86.0,247.70000000000033,173527.14271163425,0.5398223004882734,0.8085106382978723,0.0
6.0,65,24553,80.0,68.0,68.0,86.0,491.0000000000008,797764.1008284022,1.1854027592345349,0.7692307692307693,0.0
8.62,105,36863,86.0,68.0,68.0,170.0,694.4000000000016,628981.2894331067,1.757555356074207,0.7238095238095238,0.0
3.9,36,17901,86.0,68.0,68.0,170.0,2229.0,991251.0763888889,1.5793948126801152,0.6666666666666666,0.0
2.37,28,6212,68.0,68.0,68.0,86.0,170.0,477508.9081632653,0.28852935075710434,0.8571428571428571,0.0
0.25,12,816,68.0,68.0,68.0,68.0,68.0,0.0,1.0,1.0,0.0
9.56,40,2720,68.0,68.0,68.0,68.0,68.0,0.0,1.0,1.0,0.0
2.35,8,544,68.0,68.0,68.0,68.0,68.0,0.0,1.0,1.0,0.0
4.08,40,2720,68.0,68.0,68.0,68.0,68.0,0.0,1.0,1.0,0.0
1.8,20,1360,68.0,68.0,68.0,68.0,68.0,0.0,1.0,1.0,0.0
3.75,12,816,68.0,68.0,68.0,68.0,68.0,0.0,1.0,1.0,0.0
1.14,8,544,68.0,68.0,68.0,68.0,68.0,0.0,1.0,1.0,0.0
7.03,91,27300,68.0,68.0,68.0,86.0,998.0,481894.6153846154,0.9259259259259259,0.7912087912087912,0.0
6.18,114,37149,86.0,68.0,68.0,170.0,615.7,522853.85110803315,0.8540200628836652,0.7192982456140351,0.0
3.88,40,10742,68.0,68.0,68.0,86.0,237.10000000000096,362407.44750000007,1.5245593419506462,0.8,0.0
8.0,51,13839,86.0,68.0,68.0,170.0,841.0,214696.3460207613,1.1035111719106248,0.6666666666666666,0.0
9.68,72,9234,68.0,68.0,68.0,68.0,84.19999999999997,184159.1875,0.4805194805194805,0.9444444444444444,0.0
9.01,56,3808,68.0,68.0,68.0,68.0,68.0,0.0,1.0,1.0,0.0
1.53,16,1088,68.0,68.0,68.0,68.0,68.0,0.0,1.0,1.0,0.0
3.92,8,544,68.0,68.0,68.0,68.0,68.0,0.0,1.0,1.0,0.0
1.85,8,544,68.0,68.0,68.0,68.0,68.0,0.0,1.0,1.0,0.0
8.21,95,20274,68.0,68.0,68.0,86.0,170.0,256056.3683102492,1.6096022654138242,0.8315789473684211,0.0
9.3,138,45588,86.0,68.0,68.0,170.0,978.1999999999992,483966.3427851292,0.653896386591206,0.6956521739130435,0.0
3.12,27,2812,68.0,68.0,68.0,86.0,170.0,12746.71879286694,0.6768038163387,0.8518518518518519,0.0
2.38,36,16801,86.0,68.0,68.0,170.0,1984.0,917478.7121913582,1.0706186837564704,0.6666666666666666,0.0
2.57,44,6447,68.0,68.0,68.0,68.0,86.0,141825.93130165295,1.7133838383838385,0.9090909090909091,0.0
2.74,8,544,68.0,68.0,68.0,68.0,68.0,0.0,1.0,1.0,0.0
7.9,32,2176,68.0,68.0,68.0,68.0,68.0,0.0,1.0,1.0,0.0
5.26,44,2992,68.0,68.0,68.0,68.0,68.0,0.0,1.0,1.0,0.0
8.11,32,2176,68.0,68.0,68.0,68.0,68.0,0.0,1.0,1.0,0.0
6.72,92,24169,68.0,68.0,68.0,86.0,170.0,470958.5986531191,0.9000786163522012,0.8260869565217391,0.0
9.71,45,13529,68.0,68.0,68.0,86.0,170.0,663263.1180246914,1.2167786334589545,0.8222222222222222,0.0
6.27,129,52267,86.0,68.0,68.0,170.0,1685.400000000001,766009.211225287,1.1400728821193138,0.7131782945736435,0.0
0.66,12,1765,86.0,68.0,68.0,170.0,230.3,19135.909722222223,0.680952380952381,0.6666666666666666,0.0
7.03,78,17856,68.0,68.0,68.0,86.0,254.89999999999918,235032.94280078894,0.9719491993373827,0.8205128205128205,0.0
4.68,20,1360,68.0,68.0,68.0,68.0,68.0,0.0,1.0,1.0,0.0
8.99,56,3808,68.0,68.0,68.0,68.0,68.0,0.0,1.0,1.0,0.0
3.51,20,1360,68.0,68.0,68.0,68.0,68.0,0.0,1.0,1.0,0.0
4.45,16,1088,68.0,68.0,68.0,68.0,68.0,0.0,1.0,1.0,0.0
4.32,40,2720,68.0,68.0,68.0,68.0,68.0,0.0,1.0,1.0,0.0
4.63,51,21857,86.0,68.0,68.0,170.0,1216.0,790073.1472510576,0.7279626847972172,0.6666666666666666,0.0
9.18,139,50578,86.0,68.0,68.0,170.0,1181.4000000000003,649027.8249573004,1.2785962066945984,0.7122302158273381,0.0
9.98,77,23881,86.0,68.0,68.0,166.0,541.6000000000029,504911.42115027807,0.8667239896818573,0.7402597402597403,0.0
4.72,40,2720,68.0,68.0,68.0,68.0,68.0,0.0,1.0,1.0,0.0
7.58,28,1904,68.0,68.0,68.0,68.0,68.0,0.0,1.0,1.0,0.0
9.73,68,4624,68.0,68.0,68.0,68.0,68.0,0.0,1.0,1.0,0.0
9.51,68,11673,68.0,68.0,68.0,68.0,86.0,328774.7238321799,0.9167487684729064,0.9411764705882353,0.0
6.25,46,19839,86.0,68.0,68.0,149.0,1429.0,950359.2896975421,1.5285495794035178,0.7391304347826086,0.0
6.77,131,44053,86.0,68.0,68.0,170.0,695.0,537733.7141192238,0.7077453868816871,0.6946564885496184,0.0
7.14,55,17673,80.0,68.0,68.0,86.0,1016.4000000000003,485184.83834710735,0.6369951834012597,0.7636363636363637,0.0
2.46,26,10298,86.0,68.0,71.0,170.0,369.0,948551.8402366866,5.079102715466352,0.6923076923076923,0.0
2.31,40,2720,68.0,68.0,68.0,68.0,68.0,0.0,1.0,1.0,0.0
5.89,24,1632,68.0,68.0,68.0,68.0,68.0,0.0,1.0,1.0,0.0
0.26,4,272,68.0,68.0,68.0,68.0,68.0,0.0,1.0,1.0,0.0
9.82,68,4624,68.0,68.0,68.0,68.0,68.0,0.0,1.0,1.0,0.0
5.7,20,1360,68.0,68.0,68.0,68.0,68.0,0.0,1.0,1.0,0.0
0.88,36,2448,68.0,68.0,68.0,68.0,68.0,0.0,1.0,1.0,0.0
1.77,46,22250,86.0,68.0,68.0,170.0,2220.0,878077.2986767488,1.267631471667346,0.6521739130434783,0.0
7.34,15,1020,68.0,68.0,68.0,68.0,68.0,0.0,0.875,1.0,0.0
6.97,154,56910,86.0,68.0,68.0,170.0,925.9000000000004,739026.1440377805,0.8400801862390067,0.7142857142857143,0.0
9.15,90,26797,68.0,68.0,68.0,86.0,170.0,640325.5013580247,0.5685436665886209,0.8222222222222222,0.0
8.72,32,2176,68.0,68.0,68.0,68.0,68.0,0.0,1.0,1.0,0.0
3.61,44,2992,68.0,68.0,68.0,68.0,68.0,0.0,1.0,1.0,0.0
3.53,20,1360,68.0,68.0,68.0,68.0,68.0,0.0,1.0,1.0,0.0
9.54,80,16438,68.0,68.0,68.0,68.0,94.40000000000072,425437.79937500006,0.5695598204907858,0.9,0.0
5.77,34,6443,80.0,68.0,68.0,86.0,170.0,160820.83823529413,1.194482288828338,0.7647058823529411,0.0
5.56,132,54531,86.0,68.0,68.0,170.0,1852.2000000000012,743491.1916322313,0.877918589434534,0.696969696969697,0.0
6.91,52,19817,68.0,68.0,68.0,86.0,906.1999999999988,759837.1253698225,0.7074788902291917,0.7692307692307693,0.0
2.55,24,8766,86.0,68.0,68.0,170.0,797.4999999999999,523733.8541666667,2.3911025145067697,0.6666666666666666,0.0
8.69,73,5736,68.0,68.0,68.0,68.0,76.0,2129.121035841621,1.0987925356750823,0.9315068493150684,0.0
1.22,4,272,68.0,68.0,68.0,68.0,68.0,0.0,1.0,1.0,0.0
4.95,20,1360,68.0,68.0,68.0,68.0,68.0,0.0,1.0,1.0,0.0
6.0,68,5597,68.0,68.0,68.0,68.0,86.0,3347.5663927335645,1.0301051867972433,0.9411764705882353,0.0
3.0,12,816,68.0,68.0,68.0,68.0,68.0,0.0,1.0,1.0,0.0
9.27,104,19311,68.0,68.0,68.0,86.0,170.0,200899.46662352068,0.7507706255666364,0.8461538461538461,0.0
5.43,28,5078,68.0,68.0,68.0,86.0,170.0,203328.87244897962,0.4525171624713959,0.8571428571428571,0.0
0.78,113,48785,86.0,68.0,68.0,170.0,1899.7999999999988,772083.809695356,1.5395627277459656,0.6814159292035398,0.0
7.25,56,15764,68.0,68.0,68.0,86.0,452.5,394487.3214285714,1.0968342644320297,0.7857142857142857,0.0
7.07,76,20481,68.0,68.0,68.0,86.0,170.0,517798.27614265925,1.419492025989368,0.8289473684210527,0.0
9.55,36,2448,68.0,68.0,68.0,68.0,68.0,0.0,1.0,1.0,0.0
9.79,64,4352,68.0,68.0,68.0,68.0,68.0,0.0,1.0,1.0,0.0
1.8,8,544,68.0,68.0,68.0,68.0,68.0,0.0,1.0,1.0,0.0
0.3,4,272,68.0,68.0,68.0,68.0,68.0,0.0,1.0,1.0,0.0
0.52,4,272,68.0,68.0,68.0,68.0,68.0,0.0,1.0,1.0,0.0
6.77,96,19160,68.0,68.0,68.0,86.0,170.0,319271.07638888893,0.6471801925722146,0.8333333333333334,0.0
6.49,137,49953,86.0,68.0,68.0,170.0,721.6,670341.7537428739,0.7069778567523237,0.7007299270072993,0.0
2.96,20,1360,68.0,68.0,68.0,68.0,68.0,0.0,1.0,1.0,0.0
2.76,11,5005,86.0,68.0,77.0,170.0,493.0,1018218.7272727273,4.15447991761071,0.6363636363636364,0.0
3.36,39,18258,86.0,68.0,68.0,170.0,1631.8000000000015,819169.9250493096,1.2168528411850412,0.6410256410256411,0.0
3.25,52,7376,68.0,68.0,68.0,68.0,86.0,152185.2455621301,0.5886280422140857,0.9230769230769231,0.0
0.55,12,4012,86.0,68.0,68.0,170.0,1206.8000000000004,293247.88888888893,0.8137432188065099,0.6666666666666666,0.0
5.6,24,1632,68.0,68.0,68.0,68.0,68.0,0.0,1.0,1.0,0.0
6.31,56,3808,68.0,68.0,68.0,68.0,68.0,0.0,1.0,1.0,0.0
9.35,32,2176,68.0,68.0,68.0,68.0,68.0,0.0,1.0,1.0,0.0
7.24,102,19040,68.0,68.0,68.0,86.0,170.0,228481.59477124177,0.8799368088467614,0.8431372549019608,0.0
3.32,12,816,68.0,68.0,68.0,68.0,68.0,0.0,1.0,1.0,0.0
0.46,18,6570,80.0,68.0,68.0,86.0,704.3000000000013,661625.7777777778,0.714062092355857,0.7777777777777778,0.0
5.27,144,57793,86.0,68.0,68.0,170.0,1225.8000000000036,793009.1133777007,0.9751537935748462,0.7222222222222222,0.0
4.07,49,16364,86.0,68.0,68.0,170.0,1084.4000000000008,428841.9167013744,1.0447332250406098,0.673469387755102,0.0
6.69,72,7955,68.0,68.0,68.0,68.0,84.19999999999997,52710.9442515432,1.0640892579138557,0.9444444444444444,0.0
8.42,60,4080,68.0,68.0,68.0,68.0,68.0,0.0,1.0,1.0,0.0
1.57,20,1360,68.0,68.0,68.0,68.0,68.0,0.0,1.0,1.0,0.0
8.74,60,4080,68.0,68.0,68.0,68.0,68.0,0.0,1.0,1.0,0.0
9.44,65,24896,80.0,68.0,68.0,86.0,696.0000000000011,863574.3228402367,0.7243385510458512,0.7538461538461538,0.0
5.44,132,54102,86.0,68.0,68.0,170.0,1507.7000000000014,710781.1480716253,0.9383061049011178,0.6893939393939394,0.0
1.93,26,9565,68.0,68.0,68.0,86.0,170.0,988349.7174556213,1.040315699658703,0.8461538461538461,0.0
5.18,52,18283,86.0,68.0,68.0,170.0,507.29999999999967,645123.0099852071,0.583903664558607,0.6923076923076923,0.0
3.22,46,9270,68.0,68.0,68.0,68.0,86.0,392757.24952741014,0.6714749368914533,0.9130434782608695,0.0
7.64,32,2176,68.0,68.0,68.0,68.0,68.0,0.0,1.0,1.0,0.0
5.44,48,3264,68.0,68.0,68.0,68.0,68.0,0.0,1.0,1.0,0.0
3.24,20,1360,68.0,68.0,68.0,68.0,68.0,0.0,1.0,1.0,0.0
9.96,119,30046,68.0,68.0,68.0,86.0,222.0,398822.2498411129,1.0506415506415507,0.8235294117647058,0.0
9.94,65,20597,80.0,68.0,68.0,86.0,516.0,467021.40023668646,1.0002913469942702,0.7538461538461538,0.0
7.53,120,41257,86.0,68.0,68.0,170.0,1194.2000000000003,527302.2215972223,1.232521645021645,0.725,0.0
2.03,24,11708,86.0,68.0,68.0,170.0,1354.7999999999993,1061602.388888889,1.290745450988065,0.6666666666666666,0.0
1.9,30,11449,86.0,68.0,80.0,170.0,1239.7000000000005,437594.43222222227,0.8451248992747784,0.6666666666666666,0.0
5.37,56,7257,68.0,68.0,68.0,68.0,86.0,93486.77774234694,1.2777777777777777,0.9285714285714286,0.0
7.89,28,1904,68.0,68.0,68.0,68.0,68.0,0.0,1.0,1.0,0.0
6.52,52,3536,68.0,68.0,68.0,68.0,68.0,0.0,1.0,1.0,0.0
4.21,20,1360,68.0,68.0,68.0,68.0,68.0,0.0,1.0,1.0,0.0
5.52,48,3264,68.0,68.0,68.0,68.0,68.0,0.0,1.0,1.0,0.0
3.4,55,15238,86.0,68.0,68.0,170.0,442.2000000000004,475905.069752066,2.4258093525179856,0.7090909090909091,0.0
0.36,4,272,68.0,68.0,68.0,68.0,68.0,0.0,1.0,1.0,0.0
9.48,145,51427,86.0,68.0,68.0,170.0,954.7999999999994,607849.5869678954,1.2102028537046587,0.7172413793103448,0.0
0.7,10,680,68.0,68.0,68.0,68.0,68.0,0.0,1.0,1.0,0.0
6.37,47,19925,86.0,68.0,68.0,170.0,1319.7999999999995,758732.6129470349,1.3524203069657614,0.6382978723404256,0.0
6.57,90,15950,68.0,68.0,68.0,80.0,170.0,177156.52839506173,0.5430008706587985,0.8777777777777778,0.0
7.8,68,12164,86.0,68.0,68.0,222.0,486.0,27336.7508650519,2.034930139720559,0.6764705882352942,0.0
9.73,76,5168,68.0,68.0,68.0,68.0,68.0,0.0,1.0,1.0,0.0
2.28,4,272,68.0,68.0,68.0,68.0,68.0,0.0,1.0,1.0,0.0
2.81,20,1360,68.0,68.0,68.0,68.0,68.0,0.0,1.0,1.0,0.0
3.59,90,29922,68.0,68.0,68.0,86.0,236.10000000000565,687465.6933333334,0.8259596021236346,0.8111111111111111,0.0
0.46,4,272,68.0,68.0,68.0,68.0,68.0,0.0,1.0,1.0,0.0
6.82,151,55207,86.0,68.0,68.0,170.0,783.0,662854.5162054296,1.0905407452287186,0.7019867549668874,0.0
5.52,48,14114,77.0,68.0,68.0,107.0,475.10000000000065,475757.9982638888,0.6900969943719315,0.75,0.0
5.08,65,16878,68.0,68.0,68.0,68.0,170.0,527374.7469822486,0.883495145631068,0.8769230769230769,0.0
1.3,20,1360,68.0,68.0,68.0,68.0,68.0,0.0,1.0,1.0,0.0
8.68,60,4080,68.0,68.0,68.0,68.0,68.0,0.0,1.0,1.0,0.0
4.22,20,1360,68.0,68.0,68.0,68.0,68.0,0.0,1.0,1.0,0.0
8.8,60,4080,68.0,68.0,68.0,68.0,68.0,0.0,1.0,1.0,0.0
9.77,87,24574,86.0,68.0,68.0,170.0,486.0,382057.97251948743,1.0962211038130172,0.6896551724137931,0.0
8.41,143,59465,86.0,68.0,68.0,170.0,1418.9999999999998,766271.183920974,0.9155070222909419,0.6853146853146853,0.0
6.51,71,23853,68.0,68.0,68.0,86.0,934.0,554915.6461019638,0.8303406998158379,0.7605633802816901,0.0
4.76,53,5622,68.0,68.0,68.0,68.0,86.0,34247.35279458883,1.40359127832407,0.9245283018867925,0.0
9.34,36,2448,68.0,68.0,68.0,68.0,68.0,0.0,1.0,1.0,0.0
2.39,40,2720,68.0,68.0,68.0,68.0,68.0,0.0,1.0,1.0,0.0
6.4,24,1632,68.0,68.0,68.0,68.0,68.0,0.0,1.0,1.0,0.0
0.19,4,272,68.0,68.0,68.0,68.0,68.0,0.0,1.0,1.0,0.0
7.28,80,6048,68.0,68.0,68.0,68.0,90.00000000000034,311.04,0.8260869565217391,0.9,0.0
3.88,55,23120,86.0,68.0,68.0,170.0,1577.8000000000002,788426.0859504134,1.0845730772698585,0.6909090909090909,0.0
6.13,140,45978,86.0,68.0,68.0,170.0,731.8000000000015,578242.7426530613,1.0028750653423941,0.7142857142857143,0.0
2.07,29,7421,68.0,68.0,68.0,86.0,170.0,548813.9548156958,2.0805313408053134,0.8620689655172413,0.0
8.21,96,29047,68.0,68.0,68.0,86.0,233.5,624453.640516493,0.944243641231593,0.7916666666666666,0.0
7.65,39,3432,68.0,68.0,68.0,68.0,86.0,5321.2307692307695,0.507908611599297,0.9230769230769231,0.0
0.53,4,272,68.0,68.0,68.0,68.0,68.0,0.0,1.0,1.0,0.0
5.81,56,3808,68.0,68.0,68.0,68.0,68.0,0.0,1.0,1.0,0.0
4.48,12,816,68.0,68.0,68.0,68.0,68.0,0.0,1.0,1.0,0.0
1.91,8,544,68.0,68.0,68.0,68.0,68.0,0.0,1.0,1.0,0.0
5.17,44,2992,68.0,68.0,68.0,68.0,68.0,0.0,1.0,1.0,0.0
2.33,49,21061,86.0,68.0,68.0,170.0,1760.6000000000008,682514.9662640566,1.591166338582677,0.673469387755102,0.0
2.0,4,272,68.0,68.0,68.0,68.0,68.0,0.0,1.0,1.0,0.0
2.58,12,816,68.0,68.0,68.0,68.0,68.0,0.0,1.0,1.0,0.0
3.0,121,54975,86.0,68.0,68.0,170.0,2072.0,881798.9678300662,1.1481322288215068,0.6611570247933884,0.0
9.38,58,18833,68.0,68.0,68.0,86.0,298.4000000000018,638753.2761593341,1.813835350366054,0.7931034482758621,0.0
8.56,93,20751,68.0,68.0,68.0,86.0,170.0,408057.81130766566,0.5546149235840575,0.8602150537634409,0.0
2.91,4,272,68.0,68.0,68.0,68.0,68.0,0.0,1.0,1.0,0.0
9.99,66,4488,68.0,68.0,68.0,68.0,68.0,0.0,1.0,1.0,0.0
8.5,26,1768,68.0,68.0,68.0,68.0,68.0,0.0,1.0,1.0,0.0
7.99,102,21308,68.0,68.0,68.0,86.0,170.0,246678.12764321407,1.1286713286713286,0.8431372549019608,0.0
4.36,16,1088,68.0,68.0,68.0,68.0,68.0,0.0,1.0,1.0,0.0
0.01,12,5509,86.0,68.0,68.0,170.0,1606.4000000000005,705242.9097222221,1.4549910873440286,0.6666666666666666,0.0
5.78,141,53037,86.0,68.0,68.0,170.0,1228.0,635980.1976761732,0.7812594458438287,0.7163120567375887,0.0
4.45,48,19178,86.0,68.0,68.0,170.0,677.0000000000073,881966.4149305556,1.478097945470991,0.6875,0.0
1.29,8,544,68.0,68.0,68.0,68.0,68.0,0.0,1.0,1.0,0.0
5.1,64,7790,68.0,68.0,68.0,68.0,86.0,80471.4521484375,1.2263503858245213,0.9375,0.0
9.44,60,4080,68.0,68.0,68.0,68.0,68.0,0.0,1.0,1.0,0.0
3.87,20,1360,68.0,68.0,68.0,68.0,68.0,0.0,1.0,1.0,0.0
3.15,12,816,68.0,68.0,68.0,68.0,68.0,0.0,1.0,1.0,0.0
5.2,48,3264,68.0,68.0,68.0,68.0,68.0,0.0,1.0,1.0,0.0
9.46,65,23101,80.0,68.0,68.0,86.0,859.800000000001,637252.2707692306,0.870374868431706,0.7538461538461538,0.0
7.01,153,54610,86.0,68.0,68.0,170.0,947.2000000000025,583845.8445042506,0.9802016099789688,0.7058823529411765,0.0
0.71,12,3677,86.0,68.0,68.0,170.0,1231.1000000000004,223447.57638888888,0.9875675675675676,0.6666666666666666,0.0
2.53,22,10983,86.0,68.0,72.5,170.0,2379.200000000003,810713.8119834709,0.7323343848580441,0.6363636363636364,0.0
2.86,52,6412,68.0,68.0,68.0,68.0,86.0,78666.17455621304,1.5095890410958903,0.9230769230769231,0.0
2.03,12,4892,86.0,68.0,68.0,170.0,790.1000000000003,693115.3888888889,0.3760900140646976,0.6666666666666666,0.0
6.93,28,1904,68.0,68.0,68.0,68.0,68.0,0.0,1.0,1.0,0.0
5.86,52,3536,68.0,68.0,68.0,68.0,68.0,0.0,1.0,1.0,0.0
4.28,20,1360,68.0,68.0,68.0,68.0,68.0,0.0,1.0,1.0,0.0
9.27,60,4080,68.0,68.0,68.0,68.0,68.0,0.0,1.0,1.0,0.0
7.1,59,17259,86.0,68.0,68.0,170.0,578.4000000000001,389534.07986210857,1.3808801213960546,0.7288135593220338,0.0
5.15,132,54746,86.0,68.0,68.0,170.0,1352.2000000000003,797641.4791092748,0.9717630109850531,0.6893939393939394,0.0
0.07,4,272,68.0,68.0,68.0,68.0,68.0,0.0,1.0,1.0,0.0
4.75,24,8149,68.0,68.0,68.0,86.0,170.0,738661.3315972221,0.9933953033268101,0.8333333333333334,0.0
3.74,37,17979,86.0,68.0,68.0,170.0,2094.4,934254.5609934259,1.1947021484375,0.6756756756756757,0.0
3.77,64,15382,68.0,68.0,68.0,81.5,170.0,450752.9755859375,0.6417974170135553,0.875,0.0
0.23,4,272,68.0,68.0,68.0,68.0,68.0,0.0,1.0,1.0,0.0
4.87,16,1088,68.0,68.0,68.0,68.0,68.0,0.0,1.0,1.0,0.0
5.58,20,1360,68.0,68.0,68.0,68.0,68.0,0.0,1.0,1.0,0.0
2.1,40,2720,68.0,68.0,68.0,68.0,68.0,0.0,1.0,1.0,0.0
8.67,32,2176,68.0,68.0,68.0,68.0,68.0,0.0,1.0,1.0,0.0
0.08,4,272,68.0,68.0,68.0,68.0,68.0,0.0,1.0,1.0,0.0
8.39,132,35650,68.0,68.0,68.0,86.0,516.0,407071.1912304867,0.9365527731001141,0.7651515151515151,0.0
5.01,24,8712,68.0,68.0,68.0,86.0,170.0,886564.0833333334,0.8715359828141783,0.8333333333333334,0.0
7.8,147,50577,86.0,68.0,68.0,170.0,912.6000000000009,575287.6629182284,1.0662227306152463,0.7278911564625851,0.0
1.65,23,12139,86.0,68.0,68.0,170.0,1737.000000000001,1199777.4744801514,2.3813370473537603,0.6521739130434783,0.0
5.26,80,16131,68.0,68.0,68.0,86.0,170.0,308816.63109375007,0.6031604054859869,0.85,0.0
0.34,4,272,68.0,68.0,68.0,68.0,68.0,0.0,1.0,1.0,0.0
2.71,16,1088,68.0,68.0,68.0,68.0,68.0,0.0,1.0,1.0,0.0
8.57,60,4080,68.0,68.0,68.0,68.0,68.0,0.0,1.0,1.0,0.0
9.75,36,2448,68.0,68.0,68.0,68.0,68.0,0.0,1.0,1.0,0.0
6.6,96,18110,68.0,68.0,68.0,86.0,170.0,202452.56206597216,1.3073002930309594,0.8333333333333334,0.0
6.4,140,50681,86.0,68.0,68.0,170.0,1544.5000000000007,577258.5642346939,0.9678884833423934,0.7142857142857143,0.0
8.07,45,8129,68.0,68.0,68.0,86.0,170.0,126104.89580246918,0.6674871794871795,0.8222222222222222,0.0
2.09,25,13032,86.0,68.0,68.0,170.0,2170.800000000003,1127687.5616000004,0.4654222422129765,0.64,0.0
3.74,64,11177,68.0,68.0,68.0,86.0,170.0,166384.85522460938,1.209329907096264,0.859375,0.0
4.52,84,14874,86.0,68.0,68.0,222.0,486.0,26700.99489795918,3.147796988287786,0.6785714285714286,0.0
4.5,12,816,68.0,68.0,68.0,68.0,68.0,0.0,1.0,1.0,0.0
2.82,32,2176,68.0,68.0,68.0,68.0,68.0,0.0,1.0,1.0,0.0
6.17,48,3264,68.0,68.0,68.0,68.0,68.0,0.0,1.0,1.0,0.0
7.47,99,29048,68.0,68.0,68.0,86.0,170.0,547394.0810121417,1.1600237953599049,0.8383838383838383,0.0
7.07,130,54224,86.0,68.0,68.0,170.0,1351.6000000000017,790899.1884023667,0.9327060165383518,0.6923076923076923,0.0
1.65,4,272,68.0,68.0,68.0,68.0,68.0,0.0,1.0,1.0,0.0
6.03,45,10762,68.0,68.0,68.0,86.0,170.0,452211.33135802456,0.7880046519355375,0.8222222222222222,0.0
3.3,36,20840,86.0,68.0,68.0,170.0,2875.5,1435443.0987654324,1.7544277028813111,0.6666666666666666,0.0
0.08,4,272,68.0,68.0,68.0,68.0,68.0,0.0,1.0,1.0,0.0
4.35,64,9831,68.0,68.0,68.0,68.0,86.0,242219.67553710938,1.5755829185223997,0.9375,0.0
4.28,8,544,68.0,68.0,68.0,68.0,68.0,0.0,1.0,1.0,0.0
3.91,16,1088,68.0,68.0,68.0,68.0,68.0,0.0,1.0,1.0,0.0
0.67,28,1904,68.0,68.0,68.0,68.0,68.0,0.0,1.0,1.0,0.0
8.03,32,2176,68.0,68.0,68.0,68.0,68.0,0.0,1.0,1.0,0.0
6.33,24,1632,68.0,68.0,68.0,68.0,68.0,0.0,1.0,1.0,0.0
5.95,87,21253,68.0,68.0,68.0,86.0,170.0,386811.0093803673,1.9749440089585666,0.8160919540229885,0.0
2.74,18,3342,86.0,68.0,68.0,222.0,486.0,29168.555555555562,0.08859934853420195,0.6666666666666666,0.0
7.86,147,45433,86.0,68.0,68.0,170.0,708.4000000000002,473918.1858484891,0.9809461521691738,0.7278911564625851,0.0
2.66,16,5086,77.0,68.0,68.0,107.0,941.0,377745.234375,1.1865864144454,0.75,0.0
1.69,24,16391,86.0,68.0,68.0,170.0,3496.0999999999995,1772106.7899305557,1.1845928295348527,0.6666666666666666,0.0
3.74,28,11541,86.0,68.0,68.0,170.0,1836.1000000000004,678993.218112245,1.3462085789794673,0.7142857142857143,0.0
5.43,67,9210,68.0,68.0,68.0,68.0,86.0,138566.39786143904,1.0277410832232496,0.9402985074626866,0.0
6.85,56,3808,68.0,68.0,68.0,68.0,68.0,0.0,1.0,1.0,0.0
7.89,24,1632,68.0,68.0,68.0,68.0,68.0,0.0,1.0,1.0,0.0
7.66,60,4080,68.0,68.0,68.0,68.0,68.0,0.0,1.0,1.0,0.0
8.84,70,21715,83.0,68.0,68.0,170.0,921.5000000000006,416771.9969387754,0.7349792265899648,0.7285714285714285,0.0
7.04,160,54879,86.0,68.0,68.0,170.0,994.8999999999993,576802.7437109376,0.8475911524088476,0.725,0.0
3.61,36,12573,86.0,68.0,68.0,170.0,587.5,596528.2430555555,1.0874979246222813,0.6666666666666666,0.0
7.08,81,13182,68.0,68.0,68.0,68.0,86.0,184111.13031550072,1.2010352312573052,0.9012345679012346,0.0
8.7,20,1360,68.0,68.0,68.0,68.0,68.0,0.0,1.0,1.0,0.0
2.18,40,2720,68.0,68.0,68.0,68.0,68.0,0.0,1.0,1.0,0.0
0.0,1,68,68.0,68.0,68.0,68.0,68.0,0.0,68,1.0,0
7.03,23,1564,68.0,68.0,68.0,68.0,68.0,0.0,0.9166666666666666,1.0,0.0
1.85,8,544,68.0,68.0,68.0,68.0,68.0,0.0,1.0,1.0,0.0
2.86,12,816,68.0,68.0,68.0,68.0,68.0,0.0,1.0,1.0,0.0
1.4,40,2720,68.0,68.0,68.0,68.0,68.0,0.0,1.0,1.0,0.0
3.32,53,19708,86.0,68.0,68.0,170.0,1291.2000000000048,640534.3168387327,0.7916363636363636,0.660377358490566,0.0
6.05,78,32216,86.0,68.0,68.0,170.0,1038.8999999999987,879807.178829717,1.0329399886413833,0.7307692307692307,0.0
6.07,95,29617,86.0,68.0,68.0,102.0,262.6000000000004,592923.5098060943,0.8207918357309726,0.7473684210526316,0.0
2.25,41,14974,86.0,68.0,80.0,170.0,1197.0,381747.34205829864,0.48566326024407186,0.6341463414634146,0.0
5.22,62,10978,68.0,68.0,68.0,81.5,170.0,156199.0280957336,0.9902102973168962,0.8709677419354839,0.0
8.3,32,2176,68.0,68.0,68.0,68.0,68.0,0.0,1.0,1.0,0.0
1.0,8,544,68.0,68.0,68.0,68.0,68.0,0.0,1.0,1.0,0.0
0.34,16,1088,68.0,68.0,68.0,68.0,68.0,0.0,1.0,1.0,0.0
5.05,44,2992,68.0,68.0,68.0,68.0,68.0,0.0,1.0,1.0,0.0
4.04,12,816,68.0,68.0,68.0,68.0,68.0,0.0,1.0,1.0,0.0
1.57,8,544,68.0,68.0,68.0,68.0,68.0,0.0,1.0,1.0,0.0
9.37,94,26290,68.0,68.0,68.0,86.0,170.0,510505.00452693546,1.3242860931836267,0.8297872340425532,0.0
2.32,8,544,68.0,68.0,68.0,68.0,68.0,0.0,1.0,1.0,0.0
0.98,16,4201,77.0,68.0,68.0,107.0,542.5,255871.24609375,0.5722305389221557,0.75,0.0
8.14,146,61404,86.0,68.0,68.0,170.0,1487.0,845505.0936385813,0.8562273276904474,0.7191780821917808,0.0
1.96,24,5211,86.0,68.0,68.0,170.0,208.49999999999997,147320.94270833334,1.0435294117647058,0.6666666666666666,0.0
7.33,81,19528,68.0,68.0,68.0,86.0,421.0,332946.0048773053,1.0458878994237821,0.8148148148148148,0.0
0.7,16,1088,68.0,68.0,68.0,68.0,68.0,0.0,1.0,1.0,0.0
1.85,4,272,68.0,68.0,68.0,68.0,68.0,0.0,1.0,1.0,0.0
5.65,20,1360,68.0,68.0,68.0,68.0,68.0,0.0,1.0,1.0,0.0
1.0,36,2448,68.0,68.0,68.0,68.0,68.0,0.0,1.0,1.0,0.0
6.88,24,1632,68.0,68.0,68.0,68.0,68.0,0.0,1.0,1.0,0.0
8.84,60,4080,68.0,68.0,68.0,68.0,68.0,0.0,1.0,1.0,0.0
0.55,50,17896,86.0,68.0,80.0,170.0,1144.3000000000006,473875.8736,1.4670526606010477,0.64,0.0
0.69,4,272,68.0,68.0,68.0,68.0,68.0,0.0,1.0,1.0,0.0
9.08,141,61914,86.0,68.0,68.0,170.0,1597.0,883841.967406066,0.7669520547945206,0.7092198581560284,0.0
5.05,28,8830,68.0,68.0,68.0,86.0,170.0,765807.443877551,0.7212475633528265,0.8571428571428571,0.0
3.87,37,16615,86.0,68.0,68.0,170.0,1718.3999999999992,697862.699780862,0.6706887883358471,0.6486486486486487,0.0
1.64,17,7098,80.0,68.0,68.0,86.0,838.0000000000006,944845.4256055363,0.5593145869947276,0.7647058823529411,0.0
6.7,68,8260,68.0,68.0,68.0,68.0,86.0,113027.83737024221,1.6835607537361923,0.9411764705882353,0.0
1.62,8,544,68.0,68.0,68.0,68.0,68.0,0.0,1.0,1.0,0.0
2.9,12,816,68.0,68.0,68.0,68.0,68.0,0.0,1.0,1.0,0.0
3.74,44,2992,68.0,68.0,68.0,68.0,68.0,0.0,1.0,1.0,0.0
2.05,16,1088,68.0,68.0,68.0,68.0,68.0,0.0,1.0,1.0,0.0
0.07,4,272,68.0,68.0,68.0,68.0,68.0,0.0,1.0,1.0,0.0
0.92,4,272,68.0,68.0,68.0,68.0,68.0,0.0,1.0,1.0,0.0
6.41,52,3536,68.0,68.0,68.0,68.0,68.0,0.0,1.0,1.0,0.0
4.9,55,21128,86.0,68.0,68.0,170.0,1516.0,472590.2333884298,0.7014011918183283,0.6363636363636364,0.0
4.09,12,816,68.0,68.0,68.0,68.0,68.0,0.0,1.0,1.0,0.0
9.95,158,60845,86.0,68.0,68.0,170.0,1436.2000000000012,727145.5542781606,0.8559924351035598,0.7151898734177216,0.0
8.88,103,28466,68.0,68.0,68.0,86.0,437.199999999999,479834.7765105099,0.6712264427875301,0.7961165048543689,0.0
1.08,16,1088,68.0,68.0,68.0,68.0,68.0,0.0,1.0,1.0,0.0
8.72,24,1632,68.0,68.0,68.0,68.0,68.0,0.0,1.0,1.0,0.0
8.5,60,4080,68.0,68.0,68.0,68.0,68.0,0.0,1.0,1.0,0.0
0.44,4,272,68.0,68.0,68.0,68.0,68.0,0.0,1.0,1.0,0.0
0.58,4,272,68.0,68.0,68.0,68.0,68.0,0.0,1.0,1.0,0.0
2.72,12,816,68.0,68.0,68.0,68.0,68.0,0.0,1.0,1.0,0.0
2.79,40,2720,68.0,68.0,68.0,68.0,68.0,0.0,1.0,1.0,0.0
3.87,52,20878,86.0,68.0,68.0,170.0,1304.8999999999999,634432.5192307692,1.0718467797955742,0.6923076923076923,0.0
3.42,12,816,68.0,68.0,68.0,68.0,68.0,0.0,1.0,1.0,0.0
6.09,139,53245,86.0,68.0,68.0,170.0,1061.200000000001,726976.3995652399,0.8103155174758602,0.7122302158273381,0.0
1.99,16,4444,86.0,68.0,80.0,170.0,860.0,181752.5625,0.7712235950577919,0.6875,0.0
9.99,106,31874,68.0,68.0,68.0,86.0,601.5,485376.0220719118,1.0864043987693919,0.8018867924528302,0.0
9.52,32,2176,68.0,68.0,68.0,68.0,68.0,0.0,1.0,1.0,0.0
3.13,44,2992,68.0,68.0,68.0,68.0,68.0,0.0,1.0,1.0,0.0
2.3,20,1360,68.0,68.0,68.0,68.0,68.0,0.0,1.0,1.0,0.0
9.45,73,8546,68.0,68.0,68.0,68.0,84.79999999999998,73267.59804841435,1.0757833373815886,0.9452054794520548,0.0
6.66,42,12350,86.0,68.0,68.0,170.0,408.5999999999997,389658.28344671195,1.1293103448275863,0.7142857142857143,0.0
2.05,8,544,68.0,68.0,68.0,68.0,68.0,0.0,1.0,1.0,0.0
0.55,16,4310,77.0,68.0,68.0,107.0,349.0,360316.859375,2.774080560420315,0.75,0.0
3.44,119,39270,86.0,68.0,68.0,170.0,1236.4000000000003,478582.5210084034,1.0623916811091854,0.6974789915966386,0.0
7.06,56,18825,80.0,68.0,68.0,170.0,1266.5,480083.8848852041,1.1003012384246347,0.7321428571428571,0.0
8.53,93,23544,68.0,68.0,68.0,86.0,170.0,474242.1782865073,0.8385131969389349,0.8602150537634409,0.0
8.51,20,1360,68.0,68.0,68.0,68.0,68.0,0.0,1.0,1.0,0.0
0.11,4,272,68.0,68.0,68.0,68.0,68.0,0.0,1.0,1.0,0.0
3.51,40,2720,68.0,68.0,68.0,68.0,68.0,0.0,1.0,1.0,0.0
4.49,20,1360,68.0,68.0,68.0,68.0,68.0,0.0,1.0,1.0,0.0
4.52,16,1088,68.0,68.0,68.0,68.0,68.0,0.0,1.0,1.0,0.0
5.69,92,29468,68.0,68.0,68.0,86.0,170.0,675625.820415879,1.0943852167732764,0.8260869565217391,0.0
4.48,8,544,68.0,68.0,68.0,68.0,68.0,0.0,1.0,1.0,0.0
5.25,133,58858,86.0,68.0,68.0,170.0,1871.199999999998,959364.3986658374,0.7192849214231466,0.6992481203007519,0.0
4.41,32,5677,68.0,68.0,68.0,81.5,161.6000000000002,287205.8037109375,0.3370230805463966,0.875,0.0
0.11,12,4628,86.0,68.0,68.0,170.0,1495.7000000000005,428108.7222222222,0.846031112883925,0.6666666666666666,0.0
1.92,23,10397,86.0,68.0,68.0,170.0,1365.0000000000002,778332.9981096408,1.3989386248269498,0.6521739130434783,0.0
7.54,84,13566,68.0,68.0,68.0,68.0,86.0,175520.34523809524,0.8457142857142858,0.9047619047619048,0.0
7.21,60,4080,68.0,68.0,68.0,68.0,68.0,0.0,1.0,1.0,0.0
3.1,28,2877,68.0,68.0,68.0,86.0,192.20000000000002,7419.473214285715,0.9439189189189189,0.8571428571428571,0.0
7.67,16,1088,68.0,68.0,68.0,68.0,68.0,0.0,1.0,1.0,0.0
3.89,48,3264,68.0,68.0,68.0,68.0,68.0,0.0,1.0,1.0,0.0
5.32,52,17083,86.0,68.0,68.0,170.0,289.7,605078.9803994081,1.6679681399344057,0.7115384615384616,0.0
2.11,12,816,68.0,68.0,68.0,68.0,68.0,0.0,1.0,1.0,0.0
6.47,158,48685,86.0,68.0,68.0,170.0,751.8000000000031,433534.710182663,0.9418075941289088,0.7215189873417721,0.0
2.47,40,18331,86.0,68.0,68.0,170.0,1873.9000000000015,886935.0493750001,1.5916866958857627,0.675,0.0
1.63,16,5816,77.0,68.0,68.0,107.0,894.0,590567.75,0.6227678571428571,0.75,0.0
2.34,48,4265,68.0,68.0,68.0,68.0,86.0,6934.6245659722235,0.8399482312338222,0.9166666666666666,0.0
4.19,20,1360,68.0,68.0,68.0,68.0,68.0,0.0,1.0,1.0,0.0
5.58,20,1360,68.0,68.0,68.0,68.0,68.0,0.0,1.0,1.0,0.0
3.95,48,3264,68.0,68.0,68.0,68.0,68.0,0.0,1.0,1.0,0.0
8.92,24,1632,68.0,68.0,68.0,68.0,68.0,0.0,1.0,1.0,0.0
7.7,100,21899,68.0,68.0,68.0,86.0,170.0,250993.84989999994,1.1744613245953728,0.83,0.0
9.73,154,48529,86.0,68.0,68.0,113.5,861.0000000000041,497750.82244054653,0.9945337224117381,0.7402597402597403,0.0
2.68,15,5327,86.0,68.0,68.0,128.0,249.19999999999996,883825.7155555557,0.1893279749944184,0.7333333333333333,0.0
0.41,12,4537,86.0,68.0,68.0,170.0,831.5000000000002,530876.4097222221,2.2805495300072307,0.6666666666666666,0.0
7.61,88,23767,68.0,68.0,68.0,86.0,170.0,432487.8913997933,0.637973811164714,0.8181818181818182,0.0
5.45,24,1632,68.0,68.0,68.0,68.0,68.0,0.0,1.0,1.0,0.0
7.16,56,3808,68.0,68.0,68.0,68.0,68.0,0.0,1.0,1.0,0.0
0.96,16,1088,68.0,68.0,68.0,68.0,68.0,0.0,1.0,1.0,0.0
5.9,12,816,68.0,68.0,68.0,68.0,68.0,0.0,1.0,1.0,0.0
5.07,48,3264,68.0,68.0,68.0,68.0,68.0,0.0,1.0,1.0,0.0
5.48,54,22027,86.0,68.0,68.0,170.0,1516.0,584567.6395747599,0.7847188462161724,0.6666666666666666,0.0
7.66,150,50559,86.0,68.0,68.0,170.0,638.8,552941.4564000001,1.4145852237451646,0.7266666666666667,0.0
5.03,28,5488,68.0,68.0,68.0,86.0,170.0,255445.2142857143,0.45454545454545453,0.8571428571428571,0.0
2.53,42,19797,86.0,68.0,71.0,170.0,1699.3999999999996,866867.4676870748,1.0122992478145965,0.6904761904761905,0.0
2.11,20,5428,68.0,68.0,68.0,86.0,197.9000000000004,548737.7400000001,0.2835185623078742,0.8,0.0
8.74,65,6910,68.0,68.0,68.0,68.0,86.0,62500.21301775149,0.5633484162895928,0.9384615384615385,0.0
1.0,4,272,68.0,68.0,68.0,68.0,68.0,0.0,1.0,1.0,0.0
9.73,73,4964,68.0,68.0,68.0,68.0,68.0,0.0,1.0277777777777777,1.0,0.0
5.05,7,476,68.0,68.0,68.0,68.0,68.0,0.0,0.75,1.0,0.0
8.46,122,27784,68.0,68.0,68.0,86.0,170.0,321267.98038161785,0.8227383061077216,0.8114754098360656,0.0
5.98,8,544,68.0,68.0,68.0,68.0,68.0,0.0,1.0,1.0,0.0
9.1,168,63941,86.0,68.0,68.0,170.0,1353.800000000001,674178.5016652494,1.1373512501671346,0.7202380952380952,0.0
2.09,23,13433,86.0,68.0,68.0,170.0,2521.0000000000005,1183142.911153119,1.3508925446272313,0.6521739130434783,0.0
3.91,31,7811,86.0,68.0,68.0,162.5,520.0,222715.70863683656,0.46136576239476146,0.7096774193548387,0.0
2.04,48,6786,68.0,68.0,68.0,68.0,86.0,116580.359375,1.371069182389937,0.9166666666666666,0.0
4.84,20,1360,68.0,68.0,68.0,68.0,68.0,0.0,1.0,1.0,0.0
2.23,8,544,68.0,68.0,68.0,68.0,68.0,0.0,1.0,1.0,0.0
1.69,4,272,68.0,68.0,68.0,68.0,68.0,0.0,1.0,1.0,0.0
9.22,68,4624,68.0,68.0,68.0,68.0,68.0,0.0,1.0,1.0,0.0
4.42,16,1088,68.0,68.0,68.0,68.0,68.0,0.0,1.0,1.0,0.0
3.07,44,2992,68.0,68.0,68.0,68.0,68.0,0.0,1.0,1.0,0.0
1.15,50,23653,86.0,68.0,68.0,170.0,1637.4000000000017,875847.0164000002,1.2456090382607043,0.66,0.0
2.78,4,272,68.0,68.0,68.0,68.0,68.0,0.0,1.0,1.0,0.0
3.84,12,816,68.0,68.0,68.0,68.0,68.0,0.0,1.0,1.0,0.0
7.33,161,59401,86.0,68.0,68.0,170.0,1333.0,613480.2584005249,1.0148226036225494,0.7204968944099379,0.0
9.33,102,28854,68.0,68.0,68.0,86.0,576.8000000000026,465616.20184544387,1.0026374236535258,0.7941176470588235,0.0
0.03,8,544,68.0,68.0,68.0,68.0,68.0,0.0,1.0,1.0,0.0
8.8,24,1632,68.0,68.0,68.0,68.0,68.0,0.0,1.0,1.0,0.0
2.03,8,544,68.0,68.0,68.0,68.0,68.0,0.0,1.0,1.0,0.0
1.72,40,2720,68.0,68.0,68.0,68.0,68.0,0.0,1.0,1.0,0.0
7.54,32,2176,68.0,68.0,68.0,68.0,68.0,0.0,1.0,1.0,0.0
4.72,48,3264,68.0,68.0,68.0,68.0,68.0,0.0,1.0,1.0,0.0
7.54,64,20123,86.0,68.0,68.0,170.0,922.0000000000002,473094.2751464844,0.6151376514969099,0.71875,0.0
5.39,131,52861,86.0,68.0,68.0,170.0,1253.0,740185.9290251152,1.058370001168179,0.6946564885496184,0.0
5.25,27,3992,68.0,68.0,68.0,86.0,165.8,112784.94101508918,2.3687763713080168,0.8518518518518519,0.0
0.28,14,6666,86.0,68.0,68.0,156.5,1844.4000000000026,878509.4081632654,0.8735244519392917,0.6428571428571429,0.0
1.64,26,11315,86.0,68.0,71.0,170.0,1538.5,763860.3860946746,1.1932545066873426,0.6923076923076923,0.0
7.44,86,14233,68.0,68.0,68.0,68.0,86.0,209564.80813953487,1.286425702811245,0.9069767441860465,0.0
7.85,60,4080,68.0,68.0,68.0,68.0,68.0,0.0,1.0,1.0,0.0
1.22,16,1088,68.0,68.0,68.0,68.0,68.0,0.0,1.0,1.0,0.0
1.72,4,272,68.0,68.0,68.0,68.0,68.0,0.0,1.0,1.0,0.0
2.77,12,816,68.0,68.0,68.0,68.0,68.0,0.0,1.0,1.0,0.0
9.77,101,19557,68.0,68.0,68.0,86.0,170.0,227276.64797568868,0.911169744942832,0.8415841584158416,0.0
9.31,141,56003,86.0,68.0,68.0,170.0,1958.0,708065.6539409488,1.3723048248400898,0.723404255319149,0.0
5.31,41,13849,68.0,68.0,68.0,86.0,191.0,672150.1713265912,0.4905822839306856,0.7804878048780488,0.0
3.61,40,13969,86.0,68.0,68.0,170.0,846.9000000000007,595012.374375,1.8467495414713675,0.7,0.0
2.34,48,8023,68.0,68.0,68.0,68.0,86.0,202152.87456597225,0.8922169811320755,0.9166666666666666,0.0
3.99,20,1360,68.0,68.0,68.0,68.0,68.0,0.0,1.0,1.0,0.0
4.69,16,1088,68.0,68.0,68.0,68.0,68.0,0.0,1.0,1.0,0.0
0.43,4,272,68.0,68.0,68.0,68.0,68.0,0.0,1.0,1.0,0.0
6.67,60,4080,68.0,68.0,68.0,68.0,68.0,0.0,1.0,1.0,0.0
1.45,8,544,68.0,68.0,68.0,68.0,68.0,0.0,1.0,1.0,0.0
1.89,8,544,68.0,68.0,68.0,68.0,68.0,0.0,1.0,1.0,0.0
8.47,99,21915,68.0,68.0,68.0,86.0,241.80000000000103,259535.42332415053,0.7324110671936759,0.8181818181818182,0.0
4.23,16,1088,68.0,68.0,68.0,68.0,68.0,0.0,1.0,1.0,0.0
9.84,155,65882,86.0,68.0,68.0,170.0,1800.9999999999984,874653.3850572319,1.1762626763122255,0.7096774193548387,0.0
6.6,77,24077,68.0,68.0,68.0,86.0,526.0000000000028,550765.8249283184,1.2560907046476761,0.7792207792207793,0.0
5.76,55,8951,68.0,68.0,68.0,83.0,151.0,198175.49884297512,0.5329679739681452,0.8727272727272727,0.0
6.19,18,1568,68.0,68.0,68.0,68.0,126.8000000000001,2305.8765432098767,1.0,0.8888888888888888,0.0
3.88,40,2720,68.0,68.0,68.0,68.0,68.0,0.0,1.0,1.0,0.0
2.96,20,1360,68.0,68.0,68.0,68.0,68.0,0.0,1.0,1.0,0.0
9.31,28,1904,68.0,68.0,68.0,68.0,68.0,0.0,1.0,1.0,0.0
3.52,48,8384,68.0,68.0,68.0,68.0,86.0,253225.55555555553,0.7180327868852459,0.9166666666666666,0.0
0.65,36,17953,86.0,68.0,68.0,170.0,1914.5,827540.2677469137,1.3159184726522188,0.6388888888888888,0.0
6.84,20,1360,68.0,68.0,68.0,68.0,68.0,0.0,1.0,1.0,0.0
2.81,126,52805,86.0,68.0,68.0,170.0,1201.0,813393.587616528,0.7455621301775148,0.6746031746031746,0.0
2.21,28,8847,68.0,68.0,68.0,86.0,170.0,764858.7487244898,1.3554313099041533,0.8571428571428571,0.0
0.32,4,272,68.0,68.0,68.0,68.0,68.0,0.0,1.0,1.0,0.0
5.12,54,22924,86.0,68.0,68.0,170.0,1315.600000000002,867541.5459533604,1.2640987654320988,0.6666666666666666,0.0
9.52,72,9892,68.0,68.0,68.0,68.0,84.19999999999997,177044.6543209877,0.6684095125653567,0.9444444444444444,0.0
8.55,60,4080,68.0,68.0,68.0,68.0,68.0,0.0,1.0,1.0,0.0
7.94,28,1904,68.0,68.0,68.0,68.0,68.0,0.0,1.0,1.0,0.0
1.28,8,544,68.0,68.0,68.0,68.0,68.0,0.0,1.0,1.0,0.0
7.29,148,33983,86.0,68.0,68.0,164.0,486.0,227957.75031957636,1.3709621153980325,0.7432432432432432,0.0
3.14,4,272,68.0,68.0,68.0,68.0,68.0,0.0,1.0,1.0,0.0
8.31,134,50423,86.0,68.0,68.0,170.0,1202.8000000000009,623571.3555914457,1.191446825155374,0.6716417910447762,0.0
8.78,116,30691,68.0,68.0,68.0,86.0,170.0,531586.7957045184,1.3719761959965995,0.853448275862069,0.0
6.41,33,5571,68.0,68.0,68.0,80.0,153.20000000000005,181460.57300275486,2.047592997811816,0.8787878787878788,0.0
0.68,4,272,68.0,68.0,68.0,68.0,68.0,0.0,1.0,1.0,0.0
3.03,12,816,68.0,68.0,68.0,68.0,68.0,0.0,1.0,1.0,0.0
5.67,44,2992,68.0,68.0,68.0,68.0,68.0,0.0,1.0,1.0,0.0
5.33,28,1904,68.0,68.0,68.0,68.0,68.0,0.0,1.0,1.0,0.0
7.06,52,3536,68.0,68.0,68.0,68.0,68.0,0.0,1.0,1.0,0.0
2.71,49,23436,86.0,68.0,68.0,170.0,1559.4000000000005,898081.9591836735,0.9376601901612236,0.6530612244897959,0.0
5.52,28,5035,68.0,68.0,68.0,86.0,170.0,196886.57525510207,2.1907477820025347,0.8571428571428571,0.0
8.73,145,61985,86.0,68.0,68.0,170.0,1516.0,848237.8221165279,1.1787346221441124,0.696551724137931,0.0
3.5,36,20297,86.0,68.0,68.0,170.0,2322.5,1288214.7121913582,1.7204128132958048,0.6666666666666666,0.0
4.38,66,12090,68.0,68.0,68.0,77.0,170.0,293867.48209366394,1.3046130385055281,0.8787878787878788,0.0
4.34,78,12298,86.0,68.0,68.0,222.0,486.0,22307.32478632478,1.819348922512609,0.717948717948718,0.0
5.45,4,272,68.0,68.0,68.0,68.0,68.0,0.0,1.0,1.0,0.0
4.96,49,4104,68.0,68.0,68.0,68.0,92.40000000000009,3090.348188254893,0.8765432098765432,0.8979591836734694,0.0
4.7,44,2992,68.0,68.0,68.0,68.0,68.0,0.0,1.0,1.0,0.0
2.68,40,2720,68.0,68.0,68.0,68.0,68.0,0.0,1.0,1.0,0.0
9.32,88,21876,68.0,68.0,68.0,107.0,449.6999999999998,247080.15082644628,0.8499788583509513,0.75,0.0
1.61,66,22674,86.0,68.0,68.0,170.0,1094.0,438168.7024793388,1.2030703458997278,0.6666666666666666,0.0
1.25,71,28955,86.0,68.0,68.0,170.0,1287.0,777068.6566157512,0.6693571634476795,0.6901408450704225,0.0
9.93,99,29515,68.0,68.0,68.0,86.0,287.60000000000116,542549.8110396899,1.124451162455913,0.7676767676767676,0.0
3.32,53,5889,68.0,68.0,68.0,68.0,86.0,63672.89284442862,1.871282301316431,0.9245283018867925,0.0
0.75,12,816,68.0,68.0,68.0,68.0,68.0,0.0,1.0,1.0,0.0
8.95,32,2176,68.0,68.0,68.0,68.0,68.0,0.0,1.0,1.0,0.0
9.95,71,11073,68.0,68.0,68.0,68.0,86.0,150033.984130133,0.8504344919786097,0.9295774647887324,0.0
1.19,12,816,68.0,68.0,68.0,68.0,68.0,0.0,1.0,1.0,0.0
5.81,99,21195,68.0,68.0,68.0,86.0,170.0,329986.80991735536,0.5071464125719974,0.8383838383838383,0.0
3.54,7,912,68.0,68.0,68.0,77.0,246.00000000000014,21127.34693877551,0.288135593220339,0.8571428571428571,0.0
2.6,12,816,68.0,68.0,68.0,68.0,68.0,0.0,1.0,1.0,0.0
5.4,136,55012,86.0,68.0,68.0,170.0,1018.0,772814.3676470588,1.3232400016892605,0.6911764705882353,0.0
1.2,28,8580,68.0,68.0,68.0,86.0,488.30000000000075,566974.4591836735,1.3616845582163501,0.8214285714285714,0.0
0.33,12,1762,86.0,68.0,68.0,128.0,170.0,28251.638888888876,1.9763513513513513,0.6666666666666666,0.0
1.0,30,11657,86.0,68.0,80.0,170.0,1368.4000000000003,437227.77888888883,0.8780409215401965,0.6666666666666666,0.0
4.83,69,10466,68.0,68.0,68.0,68.0,170.0,139200.10123923546,2.0719107719401233,0.8695652173913043,0.0
6.48,28,1904,68.0,68.0,68.0,68.0,68.0,0.0,1.0,1.0,0.0
5.12,49,3332,68.0,68.0,68.0,68.0,68.0,0.0,1.0416666666666667,1.0,0.0
6.33,41,7163,68.0,68.0,68.0,86.0,170.0,108406.4509220702,0.3675066819396716,0.8536585365853658,0.0
6.29,32,2176,68.0,68.0,68.0,68.0,68.0,0.0,1.0,1.0,0.0
9.68,87,17189,68.0,68.0,68.0,86.0,170.0,243876.29039503235,0.9987209302325581,0.8160919540229885,0.0
0.83,4,272,68.0,68.0,68.0,68.0,68.0,0.0,1.0,1.0,0.0
7.94,156,46082,86.0,68.0,68.0,170.0,418.5,439274.226660092,0.7070568623819226,0.7307692307692307,0.0
5.89,36,16128,86.0,68.0,68.0,170.0,1765.0,707627.2222222222,1.510585305105853,0.6666666666666666,0.0
4.74,64,11397,68.0,68.0,68.0,72.5,170.0,165160.54077148438,1.208720930232558,0.875,0.0
0.02,12,3491,86.0,68.0,68.0,170.0,884.6000000000003,207302.2430555556,1.4209431345353676,0.6666666666666666,0.0
3.61,24,1632,68.0,68.0,68.0,68.0,68.0,0.0,1.0,1.0,0.0
2.09,12,816,68.0,68.0,68.0,68.0,68.0,0.0,1.0,1.0,0.0
6.26,81,8117,68.0,68.0,68.0,68.0,86.0,34300.560890108216,0.875028875028875,0.9506172839506173,0.0
3.17,4,272,68.0,68.0,68.0,68.0,68.0,0.0,1.0,1.0,0.0
4.83,16,1088,68.0,68.0,68.0,68.0,68.0,0.0,1.0,1.0,0.0
8.53,102,26989,68.0,68.0,68.0,86.0,170.0,427173.25999615534,0.6698013982552744,0.8235294117647058,0.0
4.55,28,6817,68.0,68.0,68.0,86.0,170.0,492068.3201530612,0.4205042717232757,0.8571428571428571,0.0
4.42,134,42091,86.0,68.0,68.0,170.0,917.6000000000001,468777.32329026505,0.9333517063984199,0.7313432835820896,0.0
5.09,23,12590,86.0,68.0,68.0,170.0,2026.800000000001,1227146.8468809074,2.101749199310175,0.6521739130434783,0.0
9.05,108,24011,68.0,68.0,68.0,86.0,170.0,271893.42275377223,1.1917845732542218,0.8518518518518519,0.0
4.29,8,544,68.0,68.0,68.0,68.0,68.0,0.0,1.0,1.0,0.0
1.2,8,544,68.0,68.0,68.0,68.0,68.0,0.0,1.0,1.0,0.0
1.27,8,544,68.0,68.0,68.0,68.0,68.0,0.0,1.0,1.0,0.0
9.15,80,9420,68.0,68.0,68.0,68.0,86.0,55218.6625,0.7086885543261382,0.9375,0.0
9.43,106,22229,68.0,68.0,68.0,86.0,170.0,358906.67862228554,1.6044522554188636,0.8490566037735849,0.0
4.61,8,544,68.0,68.0,68.0,68.0,68.0,0.0,1.0,1.0,0.0
9.91,166,59010,86.0,68.0,68.0,170.0,702.5,640664.9364203801,0.7372232689590202,0.7349397590361446,0.0
9.37,103,29514,68.0,68.0,68.0,86.0,170.0,559270.0150815346,1.2182638105975196,0.7961165048543689,0.0
0.2,4,272,68.0,68.0,68.0,68.0,68.0,0.0,1.0,1.0,0.0
6.83,24,1632,68.0,68.0,68.0,68.0,68.0,0.0,1.0,1.0,0.0
5.71,52,3536,68.0,68.0,68.0,68.0,68.0,0.0,1.0,1.0,0.0
6.1,34,6827,68.0,68.0,68.0,84.5,170.0,232509.16349480965,1.2108160621761659,0.8529411764705882,0.0
4.85,16,1088,68.0,68.0,68.0,68.0,68.0,0.0,1.0,1.0,0.0
2.62,44,2992,68.0,68.0,68.0,68.0,68.0,0.0,1.0,1.0,0.0
5.5,57,17505,86.0,68.0,68.0,170.0,560.3999999999999,473137.9538319483,0.8285803823252899,0.7192982456140351,0.0
9.14,142,51203,86.0,68.0,68.0,170.0,993.200000000001,642918.327365602,1.0935928364067546,0.7183098591549296,0.0
6.5,39,9355,68.0,68.0,68.0,86.0,239.00000000000097,411133.2912557529,2.181972789115646,0.7948717948717948,0.0
2.44,23,11491,86.0,68.0,68.0,170.0,1683.8000000000006,975070.586011342,2.0065410779696493,0.6521739130434783,0.0
1.06,16,6445,77.0,68.0,68.0,107.0,1206.0,712839.90234375,1.2566526610644257,0.75,0.0
1.88,48,10955,68.0,68.0,68.0,68.0,86.0,553393.6349826389,1.1471971775774206,0.9166666666666666,0.0
1.19,12,816,68.0,68.0,68.0,68.0,68.0,0.0,1.0,1.0,0.0
8.14,24,1632,68.0,68.0,68.0,68.0,68.0,0.0,1.0,1.0,0.0
2.74,40,2720,68.0,68.0,68.0,68.0,68.0,0.0,1.0,1.0,0.0
0.11,4,272,68.0,68.0,68.0,68.0,68.0,0.0,1.0,1.0,0.0
0.01,4,272,68.0,68.0,68.0,68.0,68.0,0.0,1.0,1.0,0.0
5.62,34,8084,68.0,68.0,68.0,83.0,170.0,293073.5916955017,0.8958724202626641,0.8529411764705882,0.0
9.13,64,4352,68.0,68.0,68.0,68.0,68.0,0.0,1.0,1.0,0.0
9.89,66,15494,86.0,68.0,68.0,124.0,443.5,227949.82001836548,0.8833110489850492,0.7272727272727273,0.0
5.2,134,51339,86.0,68.0,68.0,170.0,1049.6000000000008,651165.4689797281,1.541660478241497,0.6940298507462687,0.0
5.81,32,10503,77.0,68.0,68.0,107.0,627.2000000000011,542628.7333984375,1.2432721059376335,0.75,0.0
1.17,24,12844,86.0,68.0,68.0,170.0,2306.1999999999994,1054747.8888888888,1.1073010664479082,0.6666666666666666,0.0
5.19,69,8748,68.0,68.0,68.0,68.0,170.0,82516.34404536866,0.6036663611365719,0.8840579710144928,0.0
3.41,20,1360,68.0,68.0,68.0,68.0,68.0,0.0,1.0,1.0,0.0
9.59,78,9028,68.0,68.0,68.0,68.0,105.49999999999982,54545.65220249835,1.1000232612235403,0.8974358974358975,0.0
5.3,24,1632,68.0,68.0,68.0,68.0,68.0,0.0,1.0,1.0,0.0
3.31,16,1088,68.0,68.0,68.0,68.0,68.0,0.0,1.0,1.0,0.0
7.25,120,36216,68.0,68.0,68.0,86.0,486.0,603033.4599999998,0.8452132266775361,0.7833333333333333,0.0
6.1,34,5108,68.0,68.0,68.0,86.0,516.0,28712.88581314878,4.3655462184873945,0.8235294117647058,0.0
6.68,151,52955,86.0,68.0,68.0,170.0,947.0,613014.529713609,0.7110960320537676,0.6754966887417219,0.0
7.02,71,15332,68.0,68.0,68.0,86.0,484.0,155616.0813330688,0.6121976866456361,0.7605633802816901,0.0
3.89,54,9295,68.0,68.0,68.0,68.0,86.0,255187.92764060368,1.0692341941228851,0.9259259259259259,0.0
6.47,32,2176,68.0,68.0,68.0,68.0,68.0,0.0,1.0,1.0,0.0
3.8,50,3400,68.0,68.0,68.0,68.0,68.0,0.0,1.0,1.0,0.0
9.47,47,9532,68.0,68.0,68.0,68.0,170.0,247917.09099139884,0.8939002582952513,0.8723404255319149,0.0
0.63,4,272,68.0,68.0,68.0,68.0,68.0,0.0,1.0,1.0,0.0
4.83,100,32735,68.0,68.0,68.0,86.0,170.0,731004.4075,1.2045255572765843,0.83,0.0
1.74,4,272,68.0,68.0,68.0,68.0,68.0,0.0,1.0,1.0,0.0
5.1,28,2970,68.0,68.0,68.0,86.0,170.0,13786.423469387757,0.7470588235294118,0.8571428571428571,0.0
5.16,150,52989,86.0,68.0,68.0,170.0,938.9999999999992,638851.9257333332,1.0071590909090908,0.7333333333333333,0.0
3.91,34,16382,86.0,68.0,72.5,170.0,1787.5999999999997,866207.0865051905,1.2116916430403672,0.6176470588235294,0.0
2.45,32,8248,68.0,68.0,68.0,72.5,161.6000000000002,510178.1875,0.7556406981694338,0.875,0.0
8.31,150,27056,86.0,68.0,68.0,209.0,486.0,108649.78062222223,2.7946704067321178,0.7333333333333333,0.0
6.84,28,1904,68.0,68.0,68.0,68.0,68.0,0.0,1.0,1.0,0.0
0.89,10,668,68.0,66.8,68.0,68.0,68.0,12.959999999999999,0.9647058823529412,1.0,67.41573033707866
4.81,58,9123,68.0,68.0,68.0,68.0,111.20000000000036,99868.96581450655,0.47382875605815833,0.896551724137931,0.0
8.62,40,2720,68.0,68.0,68.0,68.0,68.0,0.0,1.0,1.0,0.0
8.18,80,19444,68.0,68.0,68.0,86.0,174.30000000000035,427212.97250000003,2.200658436213992,0.8,0.0
3.44,127,54377,86.0,68.0,68.0,170.0,1745.8000000000018,837848.7679335357,1.2060529838938698,0.6771653543307087,0.0
0.25,4,272,68.0,68.0,68.0,68.0,68.0,0.0,1.0,1.0,0.0
2.56,32,8250,68.0,68.0,68.0,86.0,1020.500000000002,233374.77734375,0.596053395240859,0.8125,0.0
3.24,35,7858,68.0,68.0,68.0,86.0,170.0,443201.39265306125,0.33639455782312927,0.7714285714285715,0.0
0.52,14,5756,86.0,68.0,68.0,170.0,974.8000000000005,585373.6938775509,3.7847049044056527,0.6428571428571429,0.0
7.11,83,17119,68.0,68.0,68.0,68.0,86.0,350502.91188851796,0.8483049017490822,0.9036144578313253,0.0
8.4,20,1360,68.0,68.0,68.0,68.0,68.0,0.0,1.0,1.0,0.0
3.86,56,5423,68.0,68.0,68.0,68.0,86.0,16390.95631377551,1.118359375,0.9285714285714286,0.0
9.22,35,2380,68.0,68.0,68.0,68.0,68.0,0.0,1.0588235294117647,1.0,0.0
7.66,100,18863,68.0,68.0,68.0,86.0,170.0,184222.85310000004,0.6750732616996714,0.84,0.0
4.73,10,1552,68.0,68.0,68.0,86.0,486.0,27405.760000000002,0.2125,0.8,0.0
3.4,19,3849,68.0,68.0,68.0,86.0,221.99999999999983,183767.92797783937,2.261864406779661,0.7894736842105263,0.0
4.87,130,45162,86.0,68.0,68.0,170.0,987.5000000000033,606525.7323076922,0.9203980099502488,0.7230769230769231,0.0
6.54,53,22730,86.0,68.0,68.0,170.0,1111.4000000000015,861812.7184051261,0.89290473017988,0.6792452830188679,0.0
6.7,83,13386,68.0,68.0,68.0,68.0,86.0,252361.81477718096,2.2309920347574224,0.9036144578313253,0.0
3.2,4,272,68.0,68.0,68.0,68.0,68.0,0.0,1.0,1.0,0.0
2.13,12,816,68.0,68.0,68.0,68.0,68.0,0.0,1.0,1.0,0.0
1.82,8,544,68.0,68.0,68.0,68.0,68.0,0.0,1.0,1.0,0.0
1.22,40,2720,68.0,68.0,68.0,68.0,68.0,0.0,1.0,1.0,0.0
9.25,45,9210,68.0,68.0,68.0,68.0,136.40000000000012,287455.46666666673,1.0941336971350615,0.8888888888888888,0.0
8.4,104,26404,68.0,68.0,68.0,86.0,170.0,358833.525147929,1.1371104815864022,0.8269230769230769,0.0
4.88,29,6161,68.0,68.0,68.0,86.0,170.0,377933.3507728894,0.3621490161397303,0.8620689655172413,0.0
7.69,145,52259,86.0,68.0,68.0,170.0,1158.7999999999977,622283.4551248513,1.0563075470213268,0.7172413793103448,0.0
7.72,99,23643,68.0,68.0,68.0,86.0,259.00000000000125,351838.1487603306,1.734559333795975,0.7878787878787878,0.0
3.02,24,1632,68.0,68.0,68.0,68.0,68.0,0.0,1.0,1.0,0.0
0.09,3,640,86.0,71.6,77.0,286.0,406.0,37227.555555555555,0.11888111888111888,0.6666666666666666,0.0
8.21,56,3808,68.0,68.0,68.0,68.0,68.0,0.0,1.0,1.0,0.0
6.62,40,7493,68.0,68.0,68.0,68.0,170.0,167713.26937499997,0.8579221423258121,0.875,0.0
2.0,8,544,68.0,68.0,68.0,68.0,68.0,0.0,1.0,1.0,0.0
3.54,56,4112,68.0,68.0,68.0,68.0,86.0,233.9591836734694,0.7542662116040956,0.9285714285714286,0.0
5.15,64,21390,86.0,68.0,68.0,137.0,492.3000000000011,601919.1396484375,2.3589824120603016,0.6875,0.0
2.11,4,272,68.0,68.0,68.0,68.0,68.0,0.0,1.0,1.0,0.0
3.76,138,54345,86.0,68.0,68.0,170.0,908.4999999999995,765037.7805608065,1.1930107743836003,0.7028985507246377,0.0
6.22,36,7739,68.0,68.0,68.0,68.0,128.0,407988.86033950624,0.5273337280442076,0.8888888888888888,0.0
6.9,86,24759,68.0,68.0,68.0,86.0,170.0,563351.4657923203,1.25,0.813953488372093,0.0
4.41,36,8720,68.0,68.0,68.0,68.0,128.0,513896.89506172825,0.660003807348182,0.8888888888888888,0.0
6.11,24,1632,68.0,68.0,68.0,68.0,68.0,0.0,1.0,1.0,0.0
9.09,75,12169,68.0,68.0,68.0,68.0,86.0,183864.53582222227,0.8767735965453424,0.92,0.0
7.88,60,4080,68.0,68.0,68.0,68.0,68.0,0.0,1.0,1.0,0.0
6.08,56,15547,86.0,68.0,68.0,170.0,836.5,321152.6629464286,1.3808575803981624,0.7142857142857143,0.0
0.5,4,272,68.0,68.0,68.0,68.0,68.0,0.0,1.0,1.0,0.0
1.57,4,272,68.0,68.0,68.0,68.0,68.0,0.0,1.0,1.0,0.0
9.92,159,57695,86.0,68.0,68.0,170.0,1074.6000000000017,643737.0374589612,0.6972112725775137,0.7232704402515723,0.0
7.21,89,16509,68.0,68.0,68.0,86.0,206.80000000000015,127086.02524933721,0.39717332430602575,0.7865168539325843,0.0
7.95,40,8539,68.0,68.0,68.0,68.0,94.40000000000012,363451.749375,0.9974269005847953,0.9,0.0
8.2,73,8596,68.0,68.0,68.0,68.0,86.0,53111.473447175835,0.625874787213921,0.9315068493150684,0.0
7.51,28,1904,68.0,68.0,68.0,68.0,68.0,0.0,1.0,1.0,0.0
0.81,4,272,68.0,68.0,68.0,68.0,68.0,0.0,1.0,1.0,0.0
0.39,4,272,68.0,68.0,68.0,68.0,68.0,0.0,1.0,1.0,0.0
3.73,48,3264,68.0,68.0,68.0,68.0,68.0,0.0,1.0,1.0,0.0
2.47,57,21863,86.0,68.0,68.0,170.0,1605.1999999999996,505129.0883348723,1.0383181055379451,0.7017543859649122,0.0
8.78,151,53367,86.0,68.0,68.0,170.0,948.0,665111.0389018027,0.8209642747466476,0.7284768211920529,0.0
1.65,27,6845,68.0,68.0,68.0,86.0,170.0,381296.24965706444,1.0038056206088992,0.8518518518518519,0.0
9.22,106,33494,68.0,68.0,68.0,86.0,326.5,582350.1317194732,1.1890072544278152,0.8018867924528302,0.0
2.15,20,1360,68.0,68.0,68.0,68.0,68.0,0.0,1.0,1.0,0.0
2.8,12,816,68.0,68.0,68.0,68.0,68.0,0.0,1.0,1.0,0.0
4.5,62,8674,68.0,68.0,68.0,68.0,86.0,150039.89386056186,2.541853817884851,0.9193548387096774,0.0
3.48,20,1360,68.0,68.0,68.0,68.0,68.0,0.0,1.0,1.0,0.0
0.04,4,272,68.0,68.0,68.0,68.0,68.0,0.0,1.0,1.0,0.0
6.16,56,3808,68.0,68.0,68.0,68.0,68.0,0.0,1.0,1.0,0.0
5.46,57,18101,86.0,68.0,68.0,170.0,604.1999999999996,442543.2637734688,0.8940043946845244,0.7192982456140351,0.0
4.8,30,10273,68.0,68.0,68.0,84.5,171.20000000000002,968076.3788888889,0.9955322455322455,0.8666666666666667,0.0
9.07,162,55543,86.0,68.0,68.0,170.0,848.2000000000007,600941.3316948635,0.9593269366445605,0.7283950617283951,0.0
1.63,26,6568,86.0,68.0,71.0,170.0,465.5,232861.23668639048,1.5626219274287945,0.6923076923076923,0.0
5.0,70,15299,68.0,68.0,68.0,80.0,170.0,422989.61816326523,1.2548268238761975,0.8857142857142857,0.0
1.0,16,1088,68.0,68.0,68.0,68.0,68.0,0.0,1.0,1.0,0.0
7.6,16,1088,68.0,68.0,68.0,68.0,68.0,0.0,1.0,1.0,0.0
4.31,61,9075,68.0,68.0,68.0,68.0,86.0,157493.25880139755,1.8156996587030716,0.9180327868852459,0.0
6.76,25,1700,68.0,68.0,68.0,68.0,68.0,0.0,0.9230769230769231,1.0,0.0
5.28,36,2448,68.0,68.0,68.0,68.0,68.0,0.0,1.0,1.0,0.0
2.63,24,1632,68.0,68.0,68.0,68.0,68.0,0.0,1.0,1.0,0.0
0.47,49,16694,86.0,68.0,68.0,170.0,1672.8000000000004,421879.0287380258,0.7310244711737868,0.673469387755102,0.0
4.13,8,544,68.0,68.0,68.0,68.0,68.0,0.0,1.0,1.0,0.0
8.87,156,51253,86.0,68.0,68.0,170.0,980.0,543678.1326019067,1.2330515859184386,0.7371794871794872,0.0
0.43,12,6804,86.0,68.0,68.0,170.0,1566.8000000000006,1353097.6666666667,2.0927272727272728,0.6666666666666666,0.0
7.62,100,31387,68.0,68.0,68.0,86.0,170.0,684695.7331000001,0.7537576130077667,0.8,0.0
0.75,4,272,68.0,68.0,68.0,68.0,68.0,0.0,1.0,1.0,0.0
1.33,16,1088,68.0,68.0,68.0,68.0,68.0,0.0,1.0,1.0,0.0
7.44,22,1904,68.0,68.0,68.0,68.0,86.0,2830.611570247933,1.0,0.9090909090909091,0.0
5.23,59,9167,68.0,68.0,68.0,68.0,87.20000000000002,128078.53892559609,0.7703746620316725,0.9152542372881356,0.0
5.22,20,1360,68.0,68.0,68.0,68.0,68.0,0.0,1.0,1.0,0.0
7.55,60,4080,68.0,68.0,68.0,68.0,68.0,0.0,1.0,1.0,0.0
4.27,53,26732,86.0,68.0,68.0,170.0,1886.2000000000014,1088537.7821288714,0.699211797609967,0.6981132075471698,0.0
3.35,16,1088,68.0,68.0,68.0,68.0,68.0,0.0,1.0,1.0,0.0
0.42,17,9250,80.0,68.0,68.0,86.0,1630.0000000000014,1569468.9273356404,1.0491803278688525,0.7647058823529411,0.0
3.95,126,54941,86.0,68.0,68.0,170.0,2125.0,893093.4984252959,1.3923797082516873,0.7063492063492064,0.0
2.22,22,5520,68.0,68.0,68.0,86.0,611.900000000001,211285.4462809917,0.8430717863105175,0.7727272727272727,0.0
0.47,12,6061,86.0,68.0,68.0,170.0,1564.1000000000006,955377.2430555555,1.7587619481110606,0.6666666666666666,0.0
2.7,24,9181,86.0,68.0,68.0,170.0,1064.8999999999992,678853.5815972221,1.2359961032635167,0.6666666666666666,0.0
8.33,285,58139,86.0,68.0,68.0,222.0,486.0,119239.73682979376,3.5869033530571994,0.6596491228070176,0.0
9.07,36,7680,86.0,68.0,68.0,486.0,486.0,37227.55555555555,8.411764705882353,0.6666666666666666,0.0
8.58,96,10410,68.0,68.0,68.0,68.0,68.0,45396.079427083336,0.7029281858334696,0.9479166666666666,0.0
2.61,83,21385,68.0,68.0,68.0,86.0,170.0,358048.75743939617,1.5836655793161774,0.8072289156626506,0.0
7.23,44,8656,68.0,68.0,68.0,68.0,86.0,339392.3801652893,1.4192286193404136,0.9090909090909091,0.0
5.13,144,60677,86.0,68.0,68.0,170.0,1494.7000000000012,802141.4964795524,1.0274325046778936,0.7083333333333334,0.0
0.53,12,816,68.0,68.0,68.0,68.0,68.0,0.0,1.0,1.0,0.0
5.48,51,29535,86.0,68.0,68.0,170.0,3034.0,1333810.888119954,1.1843798535611272,0.6862745098039216,0.0
3.54,52,9158,68.0,68.0,68.0,68.0,86.0,342301.14053254446,1.909148665819568,0.9230769230769231,0.0
5.67,24,1632,68.0,68.0,68.0,68.0,68.0,0.0,1.0,1.0,0.0
3.13,12,816,68.0,68.0,68.0,68.0,68.0,0.0,1.0,1.0,0.0
2.7,44,2992,68.0,68.0,68.0,68.0,68.0,0.0,1.0,1.0,0.0
4.28,32,5258,68.0,68.0,68.0,72.5,161.6000000000002,211628.27734375,2.8046309696092617,0.875,0.0
4.43,42,5646,68.0,68.0,68.0,86.0,183.9,50610.48299319727,1.6457357075913777,0.7619047619047619,0.0
4.18,44,2992,68.0,68.0,68.0,68.0,68.0,0.0,1.0,1.0,0.0
3.95,73,27992,86.0,68.0,68.0,170.0,889.1999999999997,703481.6997560518,0.9920296043267862,0.7123287671232876,0.0
7.98,40,9578,80.0,68.0,68.0,86.0,486.0,317519.7975,0.9715932482503088,0.775,0.0
3.48,119,41206,86.0,68.0,68.0,170.0,1207.6000000000004,499939.92768872244,0.9891865797731113,0.6974789915966386,0.0
6.65,56,22003,68.0,68.0,68.0,86.0,1380.0,795878.1884566328,1.2683505154639174,0.7678571428571429,0.0
3.13,28,11424,86.0,68.0,68.0,170.0,1435.5000000000005,664323.0714285715,0.8530413625304136,0.6785714285714286,0.0
3.23,51,5764,68.0,68.0,68.0,68.0,86.0,42733.07804690505,1.2909379968203498,0.9215686274509803,0.0
3.43,20,1360,68.0,68.0,68.0,68.0,68.0,0.0,1.0,1.0,0.0
4.21,16,1088,68.0,68.0,68.0,68.0,68.0,0.0,1.0,1.0,0.0
4.99,60,9966,68.0,68.0,68.0,68.0,94.40000000000012,141626.18999999997,0.7386601535240753,0.9,0.0
8.86,32,2176,68.0,68.0,68.0,68.0,68.0,0.0,1.0,1.0,0.0
9.21,104,21579,68.0,68.0,68.0,86.0,170.0,224385.7499075444,1.2690851735015773,0.8269230769230769,0.0
6.36,123,36443,86.0,68.0,68.0,170.0,880.4,361909.6182166699,1.4984917043740573,0.7073170731707317,0.0
5.59,48,8231,68.0,68.0,68.0,86.0,170.0,120027.45789930555,1.2737569060773481,0.8333333333333334,0.0
9.93,106,27221,68.0,68.0,68.0,86.0,170.0,340205.2720719116,0.8925815198498227,0.8113207547169812,0.0
3.97,16,1088,68.0,68.0,68.0,68.0,68.0,0.0,1.0,1.0,0.0
9.85,79,9124,68.0,68.0,68.0,68.0,86.0,52346.098061208155,0.6342468207057138,0.9367088607594937,0.0
4.46,16,1088,68.0,68.0,68.0,68.0,68.0,0.0,1.0,1.0,0.0
6.0,24,1632,68.0,68.0,68.0,68.0,68.0,0.0,1.0,1.0,0.0
8.02,99,27588,68.0,68.0,68.0,86.0,503.40000000000157,400713.696969697,1.1812144212523719,0.8080808080808081,0.0
6.98,142,53863,86.0,68.0,68.0,170.0,1348.5000000000011,648957.3150664552,0.9442318798729425,0.7112676056338029,0.0
3.65,36,5184,68.0,68.0,68.0,68.0,128.0,142970.0,0.41407528641571195,0.8888888888888888,0.0
5.59,57,22616,86.0,68.0,68.0,170.0,1214.6,695057.8602646966,0.8771580345285525,0.6842105263157895,0.0
6.52,72,10808,68.0,68.0,68.0,68.0,84.19999999999997,248130.32098765427,1.514657980456026,0.9444444444444444,0.0
0.38,4,272,68.0,68.0,68.0,68.0,68.0,0.0,1.0,1.0,0.0
4.59,16,1088,68.0,68.0,68.0,68.0,68.0,0.0,1.0,1.0,0.0
7.78,74,6914,68.0,68.0,68.0,68.0,80.60000000000005,30398.191380569755,1.5096188747731398,0.9459459459459459,0.0
6.97,56,3808,68.0,68.0,68.0,68.0,68.0,0.0,1.0,1.0,0.0
4.66,68,29887,86.0,68.0,68.0,170.0,1516.0,784552.3674307959,1.113350304058832,0.7058823529411765,0.0
9.84,164,67272,83.0,68.0,68.0,88.0,1872.3000000000077,853092.4863176682,1.1290628857169984,0.7560975609756098,0.0
2.23,11,5315,86.0,68.0,77.0,170.0,1939.0,680273.6033057851,1.199007033512619,0.6363636363636364,0.0
5.84,51,14936,86.0,68.0,68.0,170.0,709.0,393696.275278739,0.45080135988343856,0.6862745098039216,0.0
0.76,28,1904,68.0,68.0,68.0,68.0,68.0,0.0,1.0,1.0,0.0
4.29,40,6535,68.0,68.0,68.0,68.0,94.40000000000012,261188.734375,0.36944677284157584,0.9,0.0
3.06,4,272,68.0,68.0,68.0,68.0,68.0,0.0,1.0,1.0,0.0
1.37,8,544,68.0,68.0,68.0,68.0,68.0,0.0,1.0,1.0,0.0
1.24,4,272,68.0,68.0,68.0,68.0,68.0,0.0,1.0,1.0,0.0
9.53,84,10458,68.0,68.0,68.0,68.0,80.60000000000005,77372.84523809524,0.7975249226538329,0.9404761904761905,0.0
3.41,12,816,68.0,68.0,68.0,68.0,68.0,0.0,1.0,1.0,0.0
1.55,8,544,68.0,68.0,68.0,68.0,68.0,0.0,1.0,1.0,0.0
0.26,11,748,68.0,68.0,68.0,68.0,68.0,0.0,1.75,1.0,0.0
4.17,81,22021,68.0,68.0,68.0,86.0,614.0,333504.43834781286,0.6712962962962963,0.7777777777777778,0.0
3.2,4,272,68.0,68.0,68.0,68.0,68.0,0.0,1.0,1.0,0.0
8.88,143,50664,86.0,68.0,68.0,170.0,883.5999999999992,629349.004645704,1.0748628061266279,0.7272727272727273,0.0
1.83,27,6475,68.0,68.0,68.0,86.0,170.0,330908.15089163237,1.186022957461175,0.8518518518518519,0.0
5.22,50,19701,86.0,68.0,68.0,170.0,1723.2000000000005,637921.5795999999,0.8072653884964682,0.68,0.0
5.79,71,8887,68.0,68.0,68.0,68.0,86.0,102098.8728426899,0.8518441341946239,0.9436619718309859,0.0
9.36,77,10952,68.0,68.0,68.0,68.0,86.0,139703.6856130882,1.229641693811075,0.922077922077922,0.0
1.06,16,1088,68.0,68.0,68.0,68.0,68.0,0.0,1.0,1.0,0.0
5.78,12,816,68.0,68.0,68.0,68.0,68.0,0.0,1.0,1.0,0.0
0.51,4,272,68.0,68.0,68.0,68.0,68.0,0.0,1.0,1.0,0.0
3.64,48,3264,68.0,68.0,68.0,68.0,68.0,0.0,1.0,1.0,0.0
6.36,56,26140,86.0,68.0,68.0,170.0,1781.5,866724.5969387756,0.6598933197866396,0.6785714285714286,0.0
9.25,148,53889,86.0,68.0,68.0,170.0,1271.900000000003,594473.4259952519,1.1733817301875378,0.7162162162162162,0.0
1.65,24,6355,68.0,68.0,68.0,86.0,170.0,418110.91493055556,1.5470941883767535,0.8333333333333334,0.0
0.39,12,6716,86.0,68.0,68.0,170.0,2107.7000000000007,1129704.7222222227,1.3977151017493752,0.6666666666666666,0.0
3.93,50,21207,86.0,68.0,68.0,170.0,1516.0,634851.4004,1.161553358475181,0.68,0.0
5.56,75,9553,68.0,68.0,68.0,68.0,83.60000000000005,164319.1406222222,1.7443263430048837,0.9466666666666667,0.0
7.31,56,3808,68.0,68.0,68.0,68.0,68.0,0.0,1.0,1.0,0.0
1.36,22,8028,76.0,68.0,68.0,149.0,1416.000000000002,493812.62809917354,0.8978723404255319,0.7272727272727273,0.0
1.06,16,1088,68.0,68.0,68.0,68.0,68.0,0.0,1.0,1.0,0.0
2.47,4,272,68.0,68.0,68.0,68.0,68.0,0.0,1.0,1.0,0.0
6.4,24,1632,68.0,68.0,68.0,68.0,68.0,0.0,1.0,1.0,0.0
7.69,92,27068,68.0,68.0,68.0,86.0,170.0,548743.0614366729,0.8835154129844827,0.8260869565217391,0.0
7.44,145,57034,86.0,68.0,68.0,170.0,1253.1999999999998,715880.085802616,1.2604732273790178,0.7241379310344828,0.0
4.47,32,6388,68.0,68.0,68.0,72.5,161.6000000000002,288933.609375,0.5202284626368396,0.875,0.0
5.4,52,20837,86.0,68.0,68.0,170.0,1509.8,621638.8206360945,1.33782116010322,0.6730769230769231,0.0
2.32,48,7456,68.0,68.0,68.0,68.0,86.0,213577.72222222222,1.9610802223987291,0.9166666666666666,0.0
8.36,32,2176,68.0,68.0,68.0,68.0,68.0,0.0,1.0,1.0,0.0
1.89,8,544,68.0,68.0,68.0,68.0,68.0,0.0,1.0,1.0,0.0
8.78,82,12198,68.0,68.0,68.0,68.0,86.0,149274.13563355143,1.0797953964194373,0.9146341463414634,0.0
4.94,20,1360,68.0,68.0,68.0,68.0,68.0,0.0,1.0,1.0,0.0
0.2,4,272,68.0,68.0,68.0,68.0,68.0,0.0,1.0,1.0,0.0
4.45,88,20115,68.0,68.0,68.0,86.0,170.0,300191.81185433886,0.8905075187969925,0.8181818181818182,0.0
0.99,4,272,68.0,68.0,68.0,68.0,68.0,0.0,1.0,1.0,0.0
9.57,156,53197,86.0,68.0,68.0,162.5,477.5,687033.2243178831,0.5339388696655133,0.7435897435897436,0.0
8.53,51,21032,86.0,68.0,68.0,170.0,1318.0,716059.4540561322,1.1326302981139729,0.6666666666666666,0.0
4.94,68,18571,68.0,68.0,68.0,86.0,170.0,606913.357050173,0.854318522216675,0.8529411764705882,0.0
1.14,16,1088,68.0,68.0,68.0,68.0,68.0,0.0,1.0,1.0,0.0
5.12,24,2485,68.0,68.0,68.0,86.0,222.0,3950.664930555556,1.2108540925266904,0.7916666666666666,0.0
3.32,12,816,68.0,68.0,68.0,68.0,68.0,0.0,1.0,1.0,0.0
7.06,75,9422,68.0,68.0,68.0,68.0,86.0,69927.40728888888,0.7438460114751064,0.9333333333333333,0.0
5.02,12,816,68.0,68.0,68.0,68.0,68.0,0.0,1.0,1.0,0.0
6.51,52,3536,68.0,68.0,68.0,68.0,68.0,0.0,1.0,1.0,0.0
4.89,57,24704,86.0,68.0,68.0,170.0,1612.9999999999998,825119.3284087412,0.8613622664255576,0.7192982456140351,0.0
6.9,138,48051,86.0,68.0,68.0,170.0,866.5,591302.0269376182,0.8170851610951445,0.7028985507246377,0.0
2.97,32,4719,68.0,68.0,68.0,86.0,168.50000000000003,76878.4990234375,0.6680805938494168,0.84375,0.0
7.02,54,17734,86.0,68.0,68.0,170.0,934.0000000000006,413680.46364883403,1.1498363437992485,0.6851851851851852,0.0
5.3,63,6988,68.0,68.0,68.0,68.0,86.0,46818.422272612734,0.8994291927154118,0.9365079365079365,0.0
9.79,32,2176,68.0,68.0,68.0,68.0,68.0,0.0,1.0,1.0,0.0
2.49,53,7610,68.0,68.0,68.0,68.0,86.0,207990.12958348164,2.3101348412353198,0.9245283018867925,0.0
4.24,20,1360,68.0,68.0,68.0,68.0,68.0,0.0,1.0,1.0,0.0
0.28,4,272,68.0,68.0,68.0,68.0,68.0,0.0,1.0,1.0,0.0
9.73,318,72685,86.0,68.0,68.0,222.0,486.0,212617.748358451,2.498339510035135,0.6698113207547169,0.0
8.65,156,72225,86.0,68.0,68.0,170.0,1497.5,889035.4034763315,1.3080241587575496,0.6602564102564102,0.0
9.69,87,22685,68.0,68.0,68.0,86.0,170.0,400306.2578940415,0.9103157894736842,0.8160919540229885,0.0
1.45,15,7905,86.0,68.0,68.0,128.0,1954.399999999999,1253716.9333333333,0.8754448398576512,0.7333333333333333,0.0
0.32,12,816,68.0,68.0,68.0,68.0,68.0,0.0,1.0,1.0,0.0
5.3,44,5990,68.0,68.0,68.0,68.0,86.0,85592.61776859504,1.2637944066515494,0.9090909090909091,0.0
7.3,36,2448,68.0,68.0,68.0,68.0,68.0,0.0,1.0,1.0,0.0
0.24,4,272,68.0,68.0,68.0,68.0,68.0,0.0,1.0,1.0,0.0
3.18,55,11180,68.0,68.0,68.0,68.0,136.40000000000012,271785.6892561983,0.8655097613882863,0.8909090909090909,0.0
6.5,32,2176,68.0,68.0,68.0,68.0,68.0,0.0,1.0,1.0,0.0
0.21,4,272,68.0,68.0,68.0,68.0,68.0,0.0,1.0,1.0,0.0
4.06,48,3264,68.0,68.0,68.0,68.0,68.0,0.0,1.0,1.0,0.0
7.79,58,28215,86.0,68.0,68.0,170.0,2391.500000000002,1088727.5591557669,0.9761171032357473,0.7241379310344828,0.0
2.12,8,544,68.0,68.0,68.0,68.0,68.0,0.0,1.0,1.0,0.0
1.46,37,15778,86.0,68.0,68.0,170.0,1844.1999999999998,682496.7859751642,1.3084125822970007,0.6756756756756757,0.0
6.94,122,42916,86.0,68.0,68.0,170.0,570.0000000000016,658148.701424348,0.8408613220091794,0.7295081967213115,0.0
0.28,12,5669,86.0,68.0,68.0,170.0,1187.9000000000003,896841.2430555556,0.45732647814910027,0.6666666666666666,0.0
9.38,110,25920,68.0,68.0,68.0,86.0,170.0,361876.776859504,1.0945454545454545,0.8363636363636363,0.0
1.92,16,2770,86.0,68.0,68.0,222.0,486.0,26398.984375,0.1088871096877502,0.6875,0.0
3.06,8,544,68.0,68.0,68.0,68.0,68.0,0.0,1.0,1.0,0.0
1.95,8,544,68.0,68.0,68.0,68.0,68.0,0.0,1.0,1.0,0.0
1.84,40,2720,68.0,68.0,68.0,68.0,68.0,0.0,1.0,1.0,0.0
0.91,16,5409,86.0,68.0,68.0,170.0,844.0,444886.80859375,1.3375108038029386,0.6875,0.0
7.84,32,2176,68.0,68.0,68.0,68.0,68.0,0.0,1.0,1.0,0.0
6.83,98,19317,68.0,68.0,68.0,86.0,170.0,286340.1608704707,1.1675269299820468,0.8367346938775511,0.0
4.06,12,816,68.0,68.0,68.0,68.0,68.0,0.0,1.0,1.0,0.0
2.7,20,6404,68.0,68.0,68.0,86.0,300.90000000000185,600518.8600000001,0.5338922155688622,0.8,0.0
6.63,146,48944,86.0,68.0,68.0,170.0,1035.5,556212.8224807656,0.8814484508341662,0.726027397260274,0.0
8.24,75,20133,68.0,68.0,68.0,86.0,685.8000000000012,312293.47306666663,0.911965811965812,0.76,0.0
2.1,32,3988,68.0,68.0,68.0,72.5,110.30000000000005,67018.921875,2.137686860739575,0.875,0.0
3.54,24,1632,68.0,68.0,68.0,68.0,68.0,0.0,1.0,1.0,0.0
4.77,16,1088,68.0,68.0,68.0,68.0,68.0,0.0,1.0,1.0,0.0
3.15,44,2992,68.0,68.0,68.0,68.0,68.0,0.0,1.0,1.0,0.0
1.55,23,2414,68.0,68.0,68.0,86.0,170.0,8227.345935727793,1.314477468839885,0.8260869565217391,0.0
4.26,12,816,68.0,68.0,68.0,68.0,68.0,0.0,1.0,1.0,0.0
7.08,56,3808,68.0,68.0,68.0,68.0,68.0,0.0,1.0,1.0,0.0
1.51,8,544,68.0,68.0,68.0,68.0,68.0,0.0,1.0,1.0,0.0
5.78,60,22684,86.0,68.0,68.0,170.0,896.0000000000015,671661.3622222223,1.072733918128655,0.7166666666666667,0.0
4.56,37,15492,80.0,68.0,68.0,86.0,821.9999999999977,1004002.2089116143,1.481101857783472,0.7837837837837838,0.0
3.4,101,43915,86.0,68.0,68.0,170.0,1556.0,799661.3271247915,0.8509230380173649,0.6831683168316832,0.0
3.3,28,2708,68.0,68.0,68.0,86.0,170.0,6264.346938775509,0.8174496644295302,0.8571428571428571,0.0
6.4,58,19545,86.0,68.0,68.0,116.25,582.5000000000059,576417.7065992865,1.4043547791856317,0.7241379310344828,0.0
3.71,56,10830,68.0,68.0,68.0,68.0,86.0,396318.66709183675,1.1535096440644264,0.9285714285714286,0.0
1.3,8,544,68.0,68.0,68.0,68.0,68.0,0.0,1.0,1.0,0.0
4.1,15,1020,68.0,68.0,68.0,68.0,68.0,0.0,1.1428571428571428,1.0,0.0
8.83,78,8726,68.0,68.0,68.0,68.0,73.39999999999995,62652.316896778415,1.0536596846316781,0.9487179487179487,0.0
8.02,84,6320,68.0,68.0,68.0,68.0,86.0,298.84807256235825,0.8329466357308585,0.9047619047619048,0.0
8.44,49,18801,86.0,68.0,68.0,170.0,1150.0000000000002,590372.498125781,1.7216270990156342,0.6530612244897959,0.0
1.9,64,28016,86.0,68.0,68.0,170.0,1962.3000000000036,787468.78125,1.0172811059907834,0.6875,0.0
6.56,110,39946,68.0,68.0,68.0,86.0,495.6000000000006,761033.3242975207,0.6778393817204301,0.7818181818181819,0.0
0.21,12,7186,86.0,68.0,68.0,170.0,2766.500000000001,1268026.1388888888,1.033965468440419,0.6666666666666666,0.0
2.21,24,7576,86.0,68.0,68.0,170.0,400.2999999999998,648672.0555555556,0.37296121783254804,0.6666666666666666,0.0
0.22,13,4365,86.0,68.0,68.0,170.0,1186.8000000000009,329820.94674556213,1.183591795897949,0.6923076923076923,0.0
8.37,77,7162,68.0,68.0,68.0,68.0,82.40000000000003,18365.75307809075,0.9032686686154664,0.948051948051948,0.0
9.68,73,8957,68.0,68.0,68.0,68.0,82.39999999999995,112228.18314880841,1.407795698924731,0.9452054794520548,0.0
4.36,20,1360,68.0,68.0,68.0,68.0,68.0,0.0,1.0,1.0,0.0
3.88,12,816,68.0,68.0,68.0,68.0,68.0,0.0,1.0,1.0,0.0
8.41,103,23116,68.0,68.0,68.0,86.0,170.0,353763.62333867484,0.6680617693750902,0.8446601941747572,0.0
6.67,136,60690,86.0,68.0,68.0,170.0,2058.5,876527.8051470588,1.0815612566881603,0.6985294117647058,0.0
9.18,58,13961,68.0,68.0,68.0,86.0,200.00000000000043,365969.1382282997,0.7092311459353575,0.7931034482758621,0.0
2.76,27,7863,86.0,68.0,68.0,170.0,299.20000000000056,525887.3580246912,3.5163699023549686,0.7037037037037037,0.0
9.32,76,10603,68.0,68.0,68.0,68.0,77.0,174477.24982686984,1.1629946960424316,0.9473684210526315,0.0
2.67,8,544,68.0,68.0,68.0,68.0,68.0,0.0,1.0,1.0,0.0
5.48,63,8762,68.0,68.0,68.0,68.0,86.0,151282.390526581,1.4877910278250994,0.9206349206349206,0.0
3.07,20,1360,68.0,68.0,68.0,68.0,68.0,0.0,1.0,1.0,0.0
2.15,12,816,68.0,68.0,68.0,68.0,68.0,0.0,1.0,1.0,0.0
5.35,52,3536,68.0,68.0,68.0,68.0,68.0,0.0,1.0,1.0,0.0
4.01,51,17006,86.0,68.0,68.0,170.0,478.0,642297.4632833524,1.0354278874925193,0.6862745098039216,0.0
5.08,28,5150,68.0,68.0,68.0,86.0,170.0,145037.56632653062,1.0387965162311956,0.8571428571428571,0.0
7.07,144,57028,86.0,68.0,68.0,170.0,1518.7000000000003,695962.4714506172,1.235515484123873,0.7222222222222222,0.0
3.15,39,12232,86.0,68.0,68.0,170.0,1004.8000000000018,284736.9480604866,1.159223300970874,0.6666666666666666,0.0
6.11,78,11283,68.0,68.0,68.0,68.0,111.19999999999976,134968.53402366865,1.2993682494395762,0.8974358974358975,0.0
3.49,8,544,68.0,68.0,68.0,68.0,68.0,0.0,1.0,1.0,0.0
1.17,4,272,68.0,68.0,68.0,68.0,68.0,0.0,1.0,1.0,0.0
1.79,8,544,68.0,68.0,68.0,68.0,68.0,0.0,1.0,1.0,0.0
0.49,4,272,68.0,68.0,68.0,68.0,68.0,0.0,1.0,1.0,0.0
8.13,78,9618,68.0,68.0,68.0,68.0,86.0,67559.4694280079,0.7811111111111111,0.9358974358974359,0.0
5.04,20,1360,68.0,68.0,68.0,68.0,68.0,0.0,1.0,1.0,0.0
9.26,99,28938,68.0,68.0,68.0,86.0,283.8000000000016,509509.90817263536,1.0088858035404373,0.8181818181818182,0.0
5.28,136,45580,86.0,68.0,68.0,170.0,542.5,586997.1842560554,1.2501974723538705,0.7058823529411765,0.0
3.57,36,6041,68.0,68.0,68.0,68.0,128.0,184793.3233024691,1.7993512511584802,0.8888888888888888,0.0
7.44,102,32817,68.0,68.0,68.0,86.0,578.3000000000002,554767.8613033447,1.1249028749028749,0.7843137254901961,0.0
5.11,24,1632,68.0,68.0,68.0,68.0,68.0,0.0,1.0,1.0,0.0
6.19,24,1632,68.0,68.0,68.0,68.0,68.0,0.0,1.0,1.0,0.0
6.54,71,7659,68.0,68.0,68.0,68.0,86.0,38190.58956556238,0.6175290390707497,0.9295774647887324,0.0
4.1,15,1020,68.0,68.0,68.0,68.0,68.0,0.0,1.1428571428571428,1.0,0.0
3.75,45,3060,68.0,68.0,68.0,68.0,68.0,0.0,0.9565217391304348,1.0,0.0
8.06,66,14901,83.0,68.0,68.0,149.0,344.5,265442.0241046832,0.7644760213143872,0.7424242424242424,0.0
6.44,133,54838,86.0,68.0,68.0,170.0,1951.1999999999982,747794.8025326474,0.8536997599972957,0.6992481203007519,0.0
1.06,16,1088,68.0,68.0,68.0,68.0,68.0,0.0,1.0,1.0,0.0
6.57,54,20444,86.0,68.0,68.0,170.0,1403.400000000001,544336.9451303154,1.0552930531818638,0.6851851851851852,0.0
3.76,73,15205,68.0,68.0,68.0,86.0,170.0,365136.1227247138,1.1488128886376483,0.8493150684931506,0.0
2.28,20,1360,68.0,68.0,68.0,68.0,68.0,0.0,1.0,1.0,0.0
0.57,4,272,68.0,68.0,68.0,68.0,68.0,0.0,1.0,1.0,0.0
7.25,60,4080,68.0,68.0,68.0,68.0,68.0,0.0,1.0,1.0,0.0
7.6,41,8526,68.0,68.0,68.0,68.0,170.0,258038.92444973227,1.2088082901554404,0.8536585365853658,0.0
5.58,36,2448,68.0,68.0,68.0,68.0,68.0,0.0,1.0,1.0,0.0
4.82,82,23318,68.0,68.0,68.0,86.0,857.8000000000026,379836.4515169541,0.7603804922240677,0.7804878048780488,0.0
4.84,24,4609,68.0,68.0,68.0,86.0,170.0,180183.87326388888,0.526158940397351,0.8333333333333334,0.0
7.5,150,51476,86.0,68.0,68.0,170.0,1120.1999999999998,590826.7699555556,1.3508243138329452,0.7266666666666667,0.0
0.93,12,7055,86.0,68.0,68.0,170.0,1785.5000000000007,1409109.0763888892,1.8878428162095784,0.6666666666666666,0.0
7.45,91,22839,68.0,68.0,68.0,86.0,170.0,372507.40611037315,0.5396386679250371,0.8131868131868132,0.0
0.17,4,272,68.0,68.0,68.0,68.0,68.0,0.0,1.0,1.0,0.0
1.52,16,1088,68.0,68.0,68.0,68.0,68.0,0.0,1.0,1.0,0.0
3.74,4,272,68.0,68.0,68.0,68.0,68.0,0.0,1.0,1.0,0.0
0.66,4,272,68.0,68.0,68.0,68.0,68.0,0.0,1.0,1.0,0.0
6.6,56,3808,68.0,68.0,68.0,68.0,68.0,0.0,1.0,1.0,0.0
4.0,37,7024,68.0,68.0,68.0,86.0,185.99999999999994,138163.97370343312,0.6214219759926131,0.8378378378378378,0.0
0.71,4,272,68.0,68.0,68.0,68.0,68.0,0.0,1.0,1.0,0.0
1.75,8,544,68.0,68.0,68.0,68.0,68.0,0.0,1.0,1.0,0.0
8.89,103,19923,68.0,68.0,68.0,86.0,170.0,286715.35149401444,0.9452255418863503,0.8446601941747572,0.0
6.86,141,48275,86.0,68.0,68.0,170.0,936.0,532009.1282128664,1.1723967239672397,0.7021276595744681,0.0
5.11,41,8560,68.0,68.0,68.0,80.0,170.0,172445.68352171328,0.6407897258961088,0.8536585365853658,0.0
2.56,36,19719,86.0,68.0,68.0,170.0,2725.0,1109961.6875,0.6521994134897361,0.6388888888888888,0.0
2.95,53,6160,68.0,68.0,68.0,68.0,86.0,68474.25062299753,0.587219788714249,0.9245283018867925,0.0
7.15,51,10770,68.0,68.0,68.0,86.0,516.0,225607.4394463668,0.7312329207522906,0.8235294117647058,0.0
9.8,61,11029,68.0,68.0,68.0,68.0,170.0,199899.63343187314,1.0378787878787878,0.8852459016393442,0.0
5.78,40,2720,68.0,68.0,68.0,68.0,68.0,0.0,1.0,1.0,0.0
2.46,4,272,68.0,68.0,68.0,68.0,68.0,0.0,1.0,1.0,0.0
8.8,108,26160,68.0,68.0,68.0,86.0,170.0,448675.63580246916,1.0862907727888986,0.8518518518518519,0.0
2.01,8,544,68.0,68.0,68.0,68.0,68.0,0.0,1.0,1.0,0.0
4.54,131,53275,86.0,68.0,68.0,170.0,1614.0,760293.0117126041,1.1241178581396276,0.6870229007633588,0.0
1.75,29,7222,68.0,68.0,68.0,86.0,573.5999999999992,227822.2401902497,0.6702127659574468,0.7931034482758621,0.0
6.84,84,29189,86.0,68.0,68.0,170.0,1029.0000000000025,558130.3212868482,1.2210470248059655,0.6785714285714286,0.0
0.76,4,272,68.0,68.0,68.0,68.0,68.0,0.0,1.0,1.0,0.0
1.04,36,2448,68.0,68.0,68.0,68.0,68.0,0.0,1.0,1.0,0.0
3.34,31,8004,68.0,68.0,68.0,77.0,170.0,535673.8980228928,0.6182773958754549,0.8709677419354839,0.0
1.91,8,544,68.0,68.0,68.0,68.0,68.0,0.0,1.0,1.0,0.0
6.22,56,3808,68.0,68.0,68.0,68.0,68.0,0.0,1.0,1.0,0.0
3.01,28,4345,68.0,68.0,68.0,86.0,170.0,77109.78954081635,0.9501795332136446,0.8571428571428571,0.0
3.96,16,1088,68.0,68.0,68.0,68.0,68.0,0.0,1.0,1.0,0.0
2.26,16,1088,68.0,68.0,68.0,68.0,68.0,0.0,1.0,1.0,0.0
4.49,87,24406,68.0,68.0,68.0,86.0,170.0,476512.1342317346,1.3857282502443793,0.8160919540229885,0.0
9.9,199,75383,86.0,68.0,68.0,170.0,800.2000000000006,586129.4208227063,1.0914160470536012,0.6532663316582915,0.0
2.56,8,544,68.0,68.0,68.0,68.0,68.0,0.0,1.0,1.0,0.0
8.74,91,30595,68.0,68.0,68.0,86.0,907.0,593844.5608018356,1.1847329334475865,0.7692307692307693,0.0
4.22,57,10122,68.0,68.0,68.0,68.0,86.0,313737.2262234534,1.3056947608200455,0.9298245614035088,0.0
8.12,36,2448,68.0,68.0,68.0,68.0,68.0,0.0,1.0,1.0,0.0
1.89,97,14186,68.0,68.0,68.0,86.0,184.0,66134.12434902752,0.7871000251952633,0.7835051546391752,0.0
9.42,164,27675,86.0,68.0,68.0,183.0,248.0,116835.15091463414,1.191905591636306,0.7317073170731707,0.0
3.47,8,544,68.0,68.0,68.0,68.0,68.0,0.0,1.0,1.0,0.0
6.77,103,24326,68.0,68.0,68.0,86.0,170.0,307781.67819775664,0.9477940587717191,0.8349514563106796,0.0
5.9,48,20686,77.0,68.0,68.0,107.0,998.1000000000107,1006935.7065972221,1.4500769868530143,0.75,0.0
5.23,136,50964,80.0,68.0,68.0,170.0,1384.0,694701.4446366782,0.8432493037722883,0.7426470588235294,0.0
7.11,88,18359,68.0,68.0,68.0,86.0,170.0,205223.93892045456,1.1923811798423691,0.8181818181818182,0.0
0.47,12,5144,86.0,68.0,68.0,170.0,1603.7000000000005,574134.3888888888,1.2954038375725123,0.6666666666666666,0.0
3.06,24,1632,68.0,68.0,68.0,68.0,68.0,0.0,1.0,1.0,0.0
1.71,67,12190,86.0,68.0,86.0,222.0,486.0,23390.085987970593,3.6669218989280243,0.6119402985074627,0.0
7.16,28,1904,68.0,68.0,68.0,68.0,68.0,0.0,1.0,1.0,0.0
6.15,66,7203,68.0,68.0,68.0,68.0,86.0,81348.4814049587,1.8962605548854041,0.9393939393939394,0.0
8.56,36,2448,68.0,68.0,68.0,68.0,68.0,0.0,1.0,1.0,0.0
5.0,80,22092,68.0,68.0,68.0,86.0,208.10000000000326,397768.75249999994,1.1660947151681538,0.8,0.0
3.99,4,272,68.0,68.0,68.0,68.0,68.0,0.0,1.0,1.0,0.0
9.04,169,60267,86.0,68.0,68.0,170.0,1096.8000000000018,611256.8060642134,0.8919164966253336,0.7337278106508875,0.0
8.8,97,24451,68.0,68.0,68.0,86.0,304.00000000000193,338851.6133489214,0.8824389868350142,0.7938144329896907,0.0
3.82,24,1632,68.0,68.0,68.0,68.0,68.0,0.0,1.0,1.0,0.0
9.85,82,13016,68.0,68.0,68.0,68.0,86.0,156998.58655562164,0.963789981894991,0.9146341463414634,0.0
2.26,16,1088,68.0,68.0,68.0,68.0,68.0,0.0,1.0,1.0,0.0
1.86,8,544,68.0,68.0,68.0,68.0,68.0,0.0,1.0,1.0,0.0
6.01,52,3536,68.0,68.0,68.0,68.0,68.0,0.0,1.0,1.0,0.0
6.31,87,30963,86.0,68.0,68.0,170.0,486.0,666268.8513674196,0.9293993020937188,0.6896551724137931,0.0
3.64,8,544,68.0,68.0,68.0,68.0,68.0,0.0,1.0,1.0,0.0
9.5,165,53282,86.0,68.0,68.0,170.0,570.5999999999996,568973.8907621669,0.9247886713387761,0.7333333333333333,0.0
4.55,48,19071,86.0,68.0,68.0,170.0,1516.0,545862.96484375,1.3474889217134416,0.625,0.0
5.16,60,8461,68.0,68.0,68.0,68.0,86.0,142257.24972222224,1.2389521037311457,0.9333333333333333,0.0
3.92,20,1360,68.0,68.0,68.0,68.0,68.0,0.0,1.0,1.0,0.0
7.01,56,3808,68.0,68.0,68.0,68.0,68.0,0.0,1.0,1.0,0.0
9.6,45,7345,68.0,68.0,68.0,68.0,136.40000000000012,191776.3950617284,2.25,0.8888888888888888,0.0
1.84,8,544,68.0,68.0,68.0,68.0,68.0,0.0,1.0,1.0,0.0
7.97,95,22816,68.0,68.0,68.0,86.0,170.0,356849.3400554017,1.1622441243366186,0.8315789473684211,0.0
8.29,140,40644,86.0,68.0,68.0,170.0,812.9000000000009,382028.958367347,0.963952645566562,0.7142857142857143,0.0
4.23,32,8525,68.0,68.0,68.0,72.5,161.6000000000002,548438.4912109375,1.216588663546542,0.875,0.0
3.04,34,13580,86.0,68.0,68.0,170.0,1374.2999999999997,516380.1833910034,1.6674523669220191,0.6470588235294118,0.0
6.85,86,15104,68.0,68.0,68.0,68.0,86.0,289012.6755002704,0.8164762477450391,0.9069767441860465,0.0
9.54,24,1632,68.0,68.0,68.0,68.0,68.0,0.0,1.0,1.0,0.0
3.53,55,10107,68.0,68.0,68.0,68.0,136.40000000000012,184622.21685950414,0.7678852545041105,0.8909090909090909,0.0
5.8,24,1632,68.0,68.0,68.0,68.0,68.0,0.0,1.0,1.0,0.0
3.21,12,816,68.0,68.0,68.0,68.0,68.0,0.0,1.0,1.0,0.0
2.61,44,2992,68.0,68.0,68.0,68.0,68.0,0.0,1.0,1.0,0.0
0.5,4,272,68.0,68.0,68.0,68.0,68.0,0.0,1.0,1.0,0.0
1.9,52,18112,86.0,68.0,68.0,170.0,1382.7999999999988,473397.9822485209,0.8221327967806841,0.6730769230769231,0.0
5.47,28,7851,68.0,68.0,68.0,86.0,170.0,632055.8813775509,1.8758241758241758,0.8571428571428571,0.0
2.61,114,46936,86.0,68.0,68.0,170.0,1801.5000000000005,712281.9212065251,0.8622440882399619,0.6842105263157895,0.0
9.79,69,19446,86.0,68.0,68.0,170.0,707.2000000000015,343060.43352236925,0.712549537648613,0.7391304347826086,0.0
1.55,15,4465,86.0,68.0,68.0,128.0,822.1999999999996,301186.08888888895,1.2885699641209636,0.7333333333333333,0.0
4.0,60,9639,68.0,68.0,68.0,68.0,86.0,237368.46083333337,0.7705731080088171,0.9333333333333333,0.0
4.49,12,816,68.0,68.0,68.0,68.0,68.0,0.0,1.0,1.0,0.0
0.99,4,272,68.0,68.0,68.0,68.0,68.0,0.0,1.0,1.0,0.0
8.96,80,9414,68.0,68.0,68.0,68.0,86.0,71658.119375,1.0034049797829325,0.9375,0.0
5.56,16,1088,68.0,68.0,68.0,68.0,68.0,0.0,1.0,1.0,0.0
1.13,8,544,68.0,68.0,68.0,68.0,68.0,0.0,1.0,1.0,0.0
2.74,40,2720,68.0,68.0,68.0,68.0,68.0,0.0,1.0,1.0,0.0
0.68,8,544,68.0,68.0,68.0,68.0,68.0,0.0,1.0,1.0,0.0
1.24,30,9128,86.0,68.0,68.0,149.0,734.4000000000003,425852.19555555575,0.8197767145135566,0.7333333333333333,0.0
8.33,40,11494,68.0,68.0,68.0,86.0,243.40000000000106,497080.8275,0.9294947121034077,0.8,0.0
3.92,131,51865,86.0,68.0,68.0,170.0,1389.0,677171.1150865334,0.9824554697653085,0.6870229007633588,0.0
5.38,32,4949,68.0,68.0,68.0,72.5,161.6000000000002,142075.7255859375,0.4633353045535186,0.875,0.0
8.96,109,27822,68.0,68.0,68.0,86.0,186.80000000000024,401030.5900176755,0.9343669609956198,0.7981651376146789,0.0
8.3,35,2584,68.0,68.0,68.0,68.0,68.0,963.7420408163265,1.2352941176470589,0.9714285714285714,0.0
9.59,84,8429,68.0,68.0,68.0,68.0,80.60000000000005,30312.035572562356,0.6710943695479777,0.9404761904761905,0.0
7.46,56,3808,68.0,68.0,68.0,68.0,68.0,0.0,1.0,1.0,0.0
0.4,4,272,68.0,68.0,68.0,68.0,68.0,0.0,1.0,1.0,0.0
3.32,54,26499,86.0,68.0,68.0,170.0,2674.400000000001,1054048.6820987654,0.796542372881356,0.7037037037037037,0.0
8.08,139,51397,86.0,68.0,68.0,170.0,1502.0,645013.0443558822,1.0036254483081242,0.7122302158273381,0.0
9.51,72,21993,68.0,68.0,68.0,86.0,673.0999999999992,560351.7482638888,1.588934667451442,0.7777777777777778,0.0
2.5,36,6814,68.0,68.0,68.0,68.0,128.0,361531.3117283951,2.7834536368684066,0.8888888888888888,0.0
7.38,287,53567,86.0,68.0,80.0,222.0,486.0,35616.215153759294,4.786647942097872,0.6515679442508711,0.0
0.75,75,10404,68.0,68.0,68.0,68.0,86.0,86812.7616,0.6862236628849271,0.92,0.0
9.29,28,1904,68.0,68.0,68.0,68.0,68.0,0.0,1.0,1.0,0.0
0.18,52,3536,68.0,68.0,68.0,68.0,68.0,0.0,1.0,1.0,0.0
4.19,54,22180,86.0,68.0,68.0,170.0,1516.0,573137.488340192,1.1172203130966019,0.6481481481481481,0.0
5.89,51,6520,68.0,68.0,68.0,86.0,184.0,42867.03421760862,0.6926272066458983,0.803921568627451,0.0
4.39,131,45734,86.0,68.0,68.0,170.0,948.0,568759.1090262806,1.3577872866938185,0.6870229007633588,0.0
4.6,32,4723,68.0,68.0,68.0,86.0,170.0,71280.2412109375,0.4452264381884945,0.84375,0.0
5.13,57,26423,86.0,68.0,68.0,170.0,1422.1999999999991,894719.895352416,1.2168806107894958,0.6842105263157895,0.0
7.45,68,10822,68.0,68.0,68.0,68.0,86.0,249974.50778546717,1.020537714712472,0.9411764705882353,0.0
7.04,60,4080,68.0,68.0,68.0,68.0,68.0,0.0,1.0,1.0,0.0
3.28,37,10688,68.0,68.0,68.0,86.0,1105.7999999999997,351916.4952520087,0.9614608184988072,0.8108108108108109,0.0
2.94,4,272,68.0,68.0,68.0,68.0,68.0,0.0,1.0,1.0,0.0
6.21,24,1632,68.0,68.0,68.0,68.0,68.0,0.0,1.0,1.0,0.0
3.19,64,10429,68.0,68.0,68.0,72.5,170.0,210298.57592773438,0.6305503439649781,0.875,0.0
6.35,32,10562,77.0,68.0,68.0,107.0,686.6000000000013,620789.37109375,0.7201954397394137,0.75,0.0
3.33,28,7939,68.0,68.0,68.0,86.0,1071.5000000000005,272583.96301020414,0.6543029797874558,0.7857142857142857,0.0
4.41,135,51030,86.0,68.0,68.0,170.0,1074.0000000000014,735354.088888889,0.8844165435745938,0.7333333333333333,0.0
7.12,49,17136,86.0,68.0,68.0,170.0,1516.0,322679.71428571426,0.9406568516421291,0.6326530612244898,0.0
2.28,28,7117,68.0,68.0,68.0,86.0,170.0,594311.575255102,0.3681276432141484,0.8571428571428571,0.0
7.79,59,12132,68.0,68.0,68.0,68.0,86.0,503262.74231542664,0.9539378321790949,0.9322033898305084,0.0
2.51,12,816,68.0,68.0,68.0,68.0,68.0,0.0,1.0,1.0,0.0
3.64,48,3264,68.0,68.0,68.0,68.0,68.0,0.0,1.0,1.0,0.0
5.09,36,7508,68.0,68.0,68.0,81.5,170.0,221763.30246913576,0.961850013065064,0.8611111111111112,0.0
0.31,4,272,68.0,68.0,68.0,68.0,68.0,0.0,1.0,1.0,0.0
8.27,73,9519,68.0,68.0,68.0,68.0,84.79999999999998,141264.1846500281,1.4147640791476408,0.9452054794520548,0.0
9.85,54,12209,68.0,68.0,68.0,86.0,223.20000000000022,263700.2692043897,0.5684737923946557,0.7777777777777778,0.0
0.05,11,6956,86.0,68.0,77.0,170.0,2895.0,1286498.9586776858,0.9052314434401534,0.6363636363636364,0.0
3.51,122,54977,86.0,68.0,68.0,170.0,1527.300000000002,909761.6590298307,1.046341100275441,0.6885245901639344,0.0
4.9,28,5734,68.0,68.0,68.0,86.0,170.0,231165.16836734695,1.5006541648495422,0.8571428571428571,0.0
0.78,13,5240,86.0,68.0,68.0,170.0,673.2,588555.4556213019,3.5172413793103448,0.6153846153846154,0.0
6.56,90,22056,68.0,68.0,68.0,86.0,197.40000000000234,328109.79555555555,0.7821590174531351,0.8111111111111111,0.0
7.15,37,3824,68.0,68.0,68.0,68.0,86.0,12943.363038714388,0.4332833583208396,0.918918918918919,0.0
0.32,4,272,68.0,68.0,68.0,68.0,68.0,0.0,1.0,1.0,0.0
8.37,83,9263,68.0,68.0,68.0,68.0,82.39999999999995,49892.62505443459,0.896989555601065,0.9397590361445783,0.0
2.39,8,544,68.0,68.0,68.0,68.0,68.0,0.0,1.0,1.0,0.0
7.99,95,17723,68.0,68.0,68.0,86.0,170.0,219098.92033240997,0.926831919982605,0.8421052631578947,0.0
0.39,4,272,68.0,68.0,68.0,68.0,68.0,0.0,1.0,1.0,0.0
6.38,20,1360,68.0,68.0,68.0,68.0,68.0,0.0,1.0,1.0,0.0
9.19,166,67377,86.0,68.0,68.0,170.0,1337.0,799570.0411162721,0.9156431252132378,0.7289156626506024,0.0
0.47,12,6672,86.0,68.0,68.0,170.0,1494.8000000000006,1307490.6666666667,0.46572934973637964,0.6666666666666666,0.0
6.43,90,26035,68.0,68.0,68.0,86.0,170.0,672252.7561728396,1.3387531440891125,0.8222222222222222,0.0
3.29,24,1632,68.0,68.0,68.0,68.0,68.0,0.0,1.0,1.0,0.0
5.23,20,1360,68.0,68.0,68.0,68.0,68.0,0.0,1.0,1.0,0.0
5.8,75,7942,68.0,68.0,68.0,68.0,86.0,38957.93528888889,0.5976664654998994,0.9333333333333333,0.0
3.01,12,816,68.0,68.0,68.0,68.0,68.0,0.0,1.0,1.0,0.0
8.79,116,23802,68.0,68.0,68.0,86.0,170.0,256820.56747919146,1.4472547809993832,0.8275862068965517,0.0
1.25,4,272,68.0,68.0,68.0,68.0,68.0,0.0,1.0,1.0,0.0
2.9,20,3599,68.0,68.0,68.0,86.0,175.50000000000009,152886.64750000002,0.3715701219512195,0.8,0.0
3.04,120,47852,86.0,68.0,68.0,170.0,1332.1000000000004,743078.6788888889,0.9003216711012271,0.7,0.0
1.75,28,5398,68.0,68.0,68.0,86.0,170.0,190354.02551020408,0.6706901887960384,0.8571428571428571,0.0
8.89,104,30193,68.0,68.0,68.0,86.0,198.0000000000001,481124.2935465977,0.8000953914028498,0.7980769230769231,0.0
7.68,32,2176,68.0,68.0,68.0,68.0,68.0,0.0,1.0,1.0,0.0
0.88,4,272,68.0,68.0,68.0,68.0,68.0,0.0,1.0,1.0,0.0
1.94,40,2720,68.0,68.0,68.0,68.0,68.0,0.0,1.0,1.0,0.0
9.86,46,6921,68.0,68.0,68.0,68.0,86.0,140489.46550094514,1.3209255533199196,0.9130434782608695,0.0
4.94,48,3264,68.0,68.0,68.0,68.0,68.0,0.0,1.0,1.0,0.0
4.14,61,24737,86.0,68.0,68.0,170.0,1516.0,739677.0362805697,1.6149048625792812,0.7049180327868853,0.0
2.55,12,816,68.0,68.0,68.0,68.0,68.0,0.0,1.0,1.0,0.0
1.5,16,5777,77.0,68.0,68.0,107.0,636.5,695627.68359375,2.364589400116482,0.75,0.0
0.62,88,42437,86.0,68.0,68.0,170.0,2465.3999999999996,1074282.2725981402,0.8824912389655325,0.6818181818181818,0.0
3.05,35,15725,68.0,68.0,68.0,86.0,1208.6000000000024,1096257.5183673468,0.8072635329272497,0.7714285714285715,0.0
6.39,53,17072,80.0,68.0,68.0,170.0,1380.800000000003,410549.6852972588,0.8592899150511871,0.7358490566037735,0.0
1.76,11,2922,86.0,68.0,83.0,170.0,673.0,145415.68595041326,0.6611711199545196,0.6363636363636364,0.0
7.4,88,13090,68.0,68.0,68.0,68.0,86.0,167844.96022727274,0.8990279994197011,0.9090909090909091,0.0
9.86,77,8217,68.0,68.0,68.0,68.0,75.2000000000001,46514.1521335807,0.9411764705882353,0.948051948051948,0.0
3.39,16,1088,68.0,68.0,68.0,68.0,68.0,0.0,1.0,1.0,0.0
0.52,4,272,68.0,68.0,68.0,68.0,68.0,0.0,1.0,1.0,0.0
7.02,56,3808,68.0,68.0,68.0,68.0,68.0,0.0,1.0,1.0,0.0
5.34,56,24091,86.0,68.0,68.0,170.0,1725.5,777690.014987245,1.3307856037151702,0.7142857142857143,0.0
7.04,144,53920,86.0,68.0,68.0,170.0,1196.3000000000065,660696.8441358025,1.4849071385778148,0.7152777777777778,0.0
9.78,72,19572,68.0,68.0,68.0,86.0,220.39999999999992,365699.05555555556,0.6394705980901324,0.7777777777777778,0.0
6.18,84,16113,68.0,68.0,68.0,68.0,86.0,334689.78954081656,1.5826254207405033,0.9047619047619048,0.0
2.22,4,272,68.0,68.0,68.0,68.0,68.0,0.0,1.0,1.0,0.0
3.78,12,816,68.0,68.0,68.0,68.0,68.0,0.0,1.0,1.0,0.0
5.18,63,8464,68.0,68.0,68.0,68.0,86.0,92613.30662635429,0.9725005826147751,0.9206349206349206,0.0
4.41,20,1360,68.0,68.0,68.0,68.0,68.0,0.0,1.0,1.0,0.0
1.89,8,544,68.0,68.0,68.0,68.0,68.0,0.0,1.0,1.0,0.0
0.49,4,272,68.0,68.0,68.0,68.0,68.0,0.0,1.0,1.0,0.0
2.4,24,1632,68.0,68.0,68.0,68.0,68.0,0.0,1.0,1.0,0.0
3.4,78,20412,68.0,68.0,68.0,86.0,260.2999999999993,383900.9566074951,0.8936821597550794,0.7692307692307693,0.0
4.71,8,544,68.0,68.0,68.0,68.0,68.0,0.0,1.0,1.0,0.0
8.1,144,53384,86.0,68.0,68.0,170.0,1264.3000000000013,643572.5895061729,1.2662591271862795,0.7222222222222222,0.0
6.46,40,12496,68.0,68.0,68.0,86.0,290.3000000000017,521111.09,0.7271596406357982,0.8,0.0
1.9,24,5671,86.0,68.0,68.0,170.0,492.69999999999976,170105.45659722222,2.1348811498065228,0.6666666666666666,0.0
7.96,89,12402,68.0,68.0,68.0,68.0,86.0,116330.83373311454,0.7986947063089195,0.9101123595505618,0.0
4.8,16,1088,68.0,68.0,68.0,68.0,68.0,0.0,1.0,1.0,0.0
5.19,71,8153,68.0,68.0,68.0,68.0,86.0,56475.77425114066,0.9655255544840887,0.9295774647887324,0.0
4.45,8,544,68.0,68.0,68.0,68.0,68.0,0.0,1.0,1.0,0.0
2.45,12,816,68.0,68.0,68.0,68.0,68.0,0.0,1.0,1.0,0.0
4.44,52,3536,68.0,68.0,68.0,68.0,68.0,0.0,1.0,1.0,0.0
4.51,53,20316,86.0,68.0,68.0,170.0,1355.2000000000025,496232.2556069777,0.5962913491003379,0.6415094339622641,0.0
3.32,12,816,68.0,68.0,68.0,68.0,68.0,0.0,1.0,1.0,0.0
3.82,131,55292,86.0,68.0,68.0,170.0,1516.0,721578.8338674903,0.7855712717173674,0.6717557251908397,0.0
2.78,34,4318,68.0,68.0,68.0,80.0,144.79999999999995,49078.58823529412,0.7418313836224284,0.8823529411764706,0.0
7.32,101,30682,68.0,68.0,68.0,86.0,1148.0,427725.95255367126,0.7243859944922161,0.7821782178217822,0.0
6.33,27,2244,68.0,68.0,68.0,68.0,86.0,2358.320987654321,1.0625,0.9259259259259259,0.0
9.45,75,8800,68.0,68.0,68.0,68.0,86.0,51849.20888888889,0.7261671243624951,0.9333333333333333,0.0
4.81,20,1360,68.0,68.0,68.0,68.0,68.0,0.0,1.0,1.0,0.0
5.9,20,1360,68.0,68.0,68.0,68.0,68.0,0.0,1.0,1.0,0.0
9.21,102,22871,68.0,68.0,68.0,86.0,170.0,283971.15503652446,0.7809531225665785,0.8333333333333334,0.0
2.1,8,544,68.0,68.0,68.0,68.0,68.0,0.0,1.0,1.0,0.0
6.75,163,64767,86.0,68.0,68.0,170.0,1371.4000000000012,765796.0169370319,1.0366340681110657,0.7239263803680982,0.0
4.03,40,16315,86.0,68.0,68.0,170.0,1516.0,613311.259375,1.1928763440860215,0.65,0.0
2.61,40,8153,68.0,68.0,68.0,68.0,94.40000000000012,428165.094375,0.4600644699140401,0.9,0.0
4.32,42,4531,68.0,68.0,68.0,68.0,86.0,24854.390589569164,0.8124,0.9047619047619048,0.0
0.6,4,272,68.0,68.0,68.0,68.0,68.0,0.0,1.0,1.0,0.0
8.53,74,8063,68.0,68.0,68.0,68.0,80.60000000000005,78829.0388970051,1.6903570236903571,0.9459459459459459,0.0
1.72,20,1360,68.0,68.0,68.0,68.0,68.0,0.0,1.0,1.0,0.0
9.48,323,57441,86.0,68.0,68.0,222.0,486.0,36166.66347803583,2.860282258064516,0.6780185758513931,0.0
7.66,118,30726,86.0,68.0,86.0,486.0,486.0,129595.61074403909,4.5967213114754095,0.6186440677966102,0.0
6.09,130,51346,86.0,68.0,68.0,170.0,1169.6000000000051,759324.3221301775,0.6881801742561237,0.6923076923076923,0.0
0.76,13,5438,86.0,68.0,68.0,170.0,1341.4000000000005,456858.21301775146,1.010351201478743,0.6153846153846154,0.0
6.94,80,26425,68.0,68.0,68.0,86.0,924.000000000001,648222.13984375,1.0790715971675846,0.7875,0.0
1.63,48,6307,68.0,68.0,68.0,68.0,86.0,135546.23914930553,0.45088566827697263,0.9166666666666666,0.0
8.31,32,2176,68.0,68.0,68.0,68.0,68.0,0.0,1.0,1.0,0.0
2.46,8,544,68.0,68.0,68.0,68.0,68.0,0.0,1.0,1.0,0.0
4.1,66,11252,68.0,68.0,68.0,68.0,86.0,181842.94674012854,0.8340668296658517,0.9090909090909091,0.0
8.42,36,2448,68.0,68.0,68.0,68.0,68.0,0.0,1.0,1.0,0.0
4.94,412,71405,86.0,68.0,68.0,183.0,248.0,111839.55002238667,1.026938798682866,0.6990291262135923,0.0
7.17,48,18046,77.0,68.0,68.0,107.0,1191.4000000000012,677830.1649305554,0.7072847682119205,0.75,0.0
6.69,138,62040,86.0,68.0,68.0,170.0,1800.0999999999992,952433.5211090107,1.1508805990847317,0.7028985507246377,0.0
4.4,28,4341,68.0,68.0,68.0,86.0,170.0,82758.67729591837,1.312733084709643,0.8571428571428571,0.0
8.68,100,29749,68.0,68.0,68.0,86.0,197.0000000000023,607088.1699000002,0.7707738095238095,0.8,0.0
6.32,94,13348,86.0,68.0,68.0,222.0,222.0,21906.297872340427,0.8549193996664813,0.7127659574468085,0.0
4.69,47,6047,68.0,68.0,68.0,68.0,119.59999999999988,59339.245812584886,0.7481931193986702,0.8936170212765957,0.0
9.37,56,3808,68.0,68.0,68.0,68.0,68.0,0.0,1.0,1.0,0.0
8.72,105,22508,68.0,68.0,68.0,86.0,170.0,334138.3071201814,1.6545583205566694,0.8476190476190476,0.0
8.44,176,70192,86.0,68.0,68.0,170.0,1399.0,723843.8987603305,0.988216632676184,0.7045454545454546,0.0
0.47,4,272,68.0,68.0,68.0,68.0,68.0,0.0,1.0,1.0,0.0
3.07,45,15940,86.0,68.0,68.0,170.0,1382.6000000000001,412169.23950617295,2.1558107305484064,0.6444444444444445,0.0
0.17,12,6794,86.0,68.0,68.0,170.0,2321.000000000001,1129852.3055555557,0.808839190628328,0.6666666666666666,0.0
4.15,55,11576,68.0,68.0,68.0,68.0,86.0,499859.7765289257,1.0125173852573017,0.9272727272727272,0.0
10.0,36,2448,68.0,68.0,68.0,68.0,68.0,0.0,1.0,1.0,0.0
6.07,67,8706,68.0,68.0,68.0,68.0,86.0,133899.2203163288,2.5419039869812856,0.9253731343283582,0.0
7.53,24,1632,68.0,68.0,68.0,68.0,68.0,0.0,1.0,1.0,0.0
6.52,101,22270,68.0,68.0,68.0,86.0,170.0,303586.3291834134,1.0902947249859207,0.8316831683168316,0.0
4.6,8,544,68.0,68.0,68.0,68.0,68.0,0.0,1.0,1.0,0.0
8.71,160,53184,86.0,68.0,68.0,170.0,893.6999999999996,544919.7774999999,1.3076322297912961,0.74375,0.0
1.78,13,5952,86.0,68.0,68.0,170.0,1730.0000000000014,751128.2840236687,0.774597495527728,0.6923076923076923,0.0
1.26,25,11307,86.0,68.0,68.0,170.0,1228.400000000001,909704.3616000001,1.014430785676109,0.68,0.0
8.87,98,25224,68.0,68.0,68.0,84.5,170.0,493886.4006663889,0.8821071481868378,0.8673469387755102,0.0
7.28,16,1088,68.0,68.0,68.0,68.0,68.0,0.0,1.0,1.0,0.0
2.7,40,2720,68.0,68.0,68.0,68.0,68.0,0.0,1.0,1.0,0.0
1.35,8,544,68.0,68.0,68.0,68.0,68.0,0.0,1.0,1.0,0.0
3.19,34,8324,68.0,68.0,68.0,81.5,316.99999999999983,286223.08650519024,0.828646748681898,0.8235294117647058,0.0
5.27,20,1360,68.0,68.0,68.0,68.0,68.0,0.0,1.0,1.0,0.0
8.95,95,20121,68.0,68.0,68.0,86.0,170.0,351283.0231578948,0.7157840880020465,0.8315789473684211,0.0
8.92,149,51579,86.0,68.0,68.0,170.0,1146.6000000000006,560275.5624521417,1.149483247207868,0.7181208053691275,0.0
9.72,75,30639,86.0,68.0,68.0,170.0,1165.0000000000014,771494.6495999998,0.6339928537144686,0.72,0.0
4.92,58,9204,68.0,68.0,68.0,68.0,86.0,270229.8692033293,0.5133179875041105,0.9310344827586207,0.0
4.65,23,2000,68.0,68.0,68.0,68.0,68.0,7251.432892249528,0.597444089456869,0.9565217391304348,0.0
0.91,4,272,68.0,68.0,68.0,68.0,68.0,0.0,1.0,1.0,0.0
7.21,52,3536,68.0,68.0,68.0,68.0,68.0,0.0,1.0,1.0,0.0
6.04,40,7437,68.0,68.0,68.0,68.0,170.0,151544.51937500003,0.6863945578231293,0.875,0.0
3.01,12,816,68.0,68.0,68.0,68.0,68.0,0.0,1.0,1.0,0.0
8.66,104,29890,68.0,68.0,68.0,86.0,170.0,661473.9715236686,0.9422964455130288,0.8461538461538461,0.0
4.7,28,9575,68.0,68.0,68.0,86.0,170.0,908091.3201530612,1.1268325188804975,0.8571428571428571,0.0
6.53,145,51870,86.0,68.0,68.0,170.0,1253.399999999997,566181.9376932224,1.3565489982281587,0.7103448275862069,0.0
7.7,98,23475,68.0,68.0,68.0,86.0,418.4999999999991,295561.1054768846,0.909934098120576,0.7857142857142857,0.0
4.95,24,1632,68.0,68.0,68.0,68.0,68.0,0.0,1.0,1.0,0.0
3.15,12,816,68.0,68.0,68.0,68.0,68.0,0.0,1.0,1.0,0.0
7.41,86,11889,68.0,68.0,68.0,68.0,86.0,133497.0217685235,1.0997880607559167,0.9302325581395349,0.0
4.92,20,1360,68.0,68.0,68.0,68.0,68.0,0.0,1.0,1.0,0.0
1.87,40,2720,68.0,68.0,68.0,68.0,68.0,0.0,1.0,1.0,0.0
2.83,57,26742,86.0,68.0,68.0,170.0,2483.3999999999996,1054533.1505078487,0.8255171001433544,0.7192982456140351,0.0
0.9,4,272,68.0,68.0,68.0,68.0,68.0,0.0,1.0,1.0,0.0
4.89,112,50620,86.0,68.0,68.0,170.0,1662.9000000000017,895481.1772959185,1.0825276669272226,0.7053571428571429,0.0
5.44,60,18325,68.0,68.0,68.0,86.0,290.8000000000017,505889.64305555564,0.8038192735505463,0.8,0.0
1.45,26,12388,86.0,68.0,68.0,170.0,1516.0,574628.3254437869,0.6693168036652742,0.6153846153846154,0.0
7.97,89,19453,68.0,68.0,68.0,86.0,170.0,359927.0536548416,0.7899337504600662,0.8539325842696629,0.0
7.7,24,1632,68.0,68.0,68.0,68.0,68.0,0.0,1.0,1.0,0.0
0.06,4,272,68.0,68.0,68.0,68.0,68.0,0.0,1.0,1.0,0.0
2.79,44,2992,68.0,68.0,68.0,68.0,68.0,0.0,1.0,1.0,0.0
3.48,38,8264,68.0,68.0,68.0,84.5,222.50000000000057,220356.40720221604,0.7661893567001496,0.8421052631578947,0.0
4.57,16,1088,68.0,68.0,68.0,68.0,68.0,0.0,1.0,1.0,0.0
2.4,40,2720,68.0,68.0,68.0,68.0,68.0,0.0,1.0,1.0,0.0
1.52,8,544,68.0,68.0,68.0,68.0,68.0,0.0,1.0,1.0,0.0
4.55,51,18175,86.0,68.0,68.0,170.0,1134.0,575539.2141484043,0.6992333582647718,0.6862745098039216,0.0
9.22,152,40913,86.0,68.0,68.0,170.0,366.0000000000006,401698.5584747231,1.3039193602883208,0.7368421052631579,0.0
7.8,63,22875,86.0,68.0,68.0,170.0,1150.6000000000008,529719.6099773243,0.5645304698721018,0.7142857142857143,0.0
6.65,83,15877,68.0,68.0,68.0,68.0,86.0,295715.2657860356,1.1121458028468805,0.9036144578313253,0.0
2.77,4,272,68.0,68.0,68.0,68.0,68.0,0.0,1.0,1.0,0.0
4.01,16,1088,68.0,68.0,68.0,68.0,68.0,0.0,1.0,1.0,0.0
6.68,79,7132,68.0,68.0,68.0,68.0,81.20000000000002,15445.264220477491,1.2238852510134082,0.9493670886075949,0.0
6.19,32,2176,68.0,68.0,68.0,68.0,68.0,0.0,1.0,1.0,0.0
4.09,82,22282,68.0,68.0,68.0,86.0,170.0,453602.75728732895,1.3714346530438484,0.7804878048780488,0.0
7.48,16,1088,68.0,68.0,68.0,68.0,68.0,0.0,1.0,1.0,0.0
3.87,130,64175,86.0,68.0,68.0,170.0,2327.000000000002,1023339.2571005916,0.7698077824660103,0.6846153846153846,0.0
0.36,4,272,68.0,68.0,68.0,68.0,68.0,0.0,1.0,1.0,0.0
6.62,53,11283,68.0,68.0,68.0,86.0,170.0,252568.40227839092,0.9966377632277473,0.7735849056603774,0.0
6.2,76,15903,68.0,68.0,68.0,86.0,170.0,304098.0032894737,1.2066046898848342,0.8421052631578947,0.0
7.74,32,2176,68.0,68.0,68.0,68.0,68.0,0.0,1.0,1.0,0.0
3.33,12,816,68.0,68.0,68.0,68.0,68.0,0.0,1.0,1.0,0.0
7.37,75,9737,68.0,68.0,68.0,68.0,86.0,69084.46328888889,0.6091555114857048,0.92,0.0
8.5,64,4352,68.0,68.0,68.0,68.0,68.0,0.0,1.0,1.0,0.0
3.78,51,20947,86.0,68.0,68.0,170.0,1833.0,564832.7873894656,0.9254527070502804,0.6666666666666666,0.0
7.38,140,54459,86.0,68.0,68.0,170.0,899.7000000000033,817849.7356632655,0.9162883986065661,0.7071428571428572,0.0
5.25,32,4437,68.0,68.0,68.0,72.5,161.6000000000002,84283.6005859375,0.5427677329624478,0.875,0.0
2.36,42,16600,86.0,68.0,71.0,170.0,1513.1,552109.3242630386,0.8780405023192669,0.6666666666666666,0.0
6.28,84,15154,68.0,68.0,68.0,68.0,86.0,280009.5028344672,0.9047259929612871,0.9047619047619048,0.0
9.92,24,1632,68.0,68.0,68.0,68.0,68.0,0.0,1.0,1.0,0.0
7.13,75,8785,68.0,68.0,68.0,68.0,86.0,112210.83555555558,2.1285612535612537,0.9333333333333333,0.0
1.2,4,272,68.0,68.0,68.0,68.0,68.0,0.0,1.0,1.0,0.0
9.49,110,22463,68.0,68.0,68.0,86.0,170.0,240278.27446280987,0.39851824181297474,0.8363636363636363,0.0
8.23,20,1360,68.0,68.0,68.0,68.0,68.0,0.0,1.0,1.0,0.0
2.17,124,49288,86.0,68.0,68.0,170.0,1281.8000000000004,670130.3142559835,1.0624320026780483,0.6854838709677419,0.0
8.62,59,19022,68.0,68.0,68.0,86.0,274.20000000000147,573864.5802930193,1.1564448475229565,0.7966101694915254,0.0
1.0,12,8326,128.0,69.8,86.0,813.25,1516.0,1201879.4722222222,1.0706291967172346,0.5,0.0
4.03,63,15018,68.0,68.0,68.0,77.0,170.0,438520.83900226763,1.3218923933209648,0.873015873015873,0.0
3.75,24,1632,68.0,68.0,68.0,68.0,68.0,0.0,1.0,1.0,0.0
7.16,56,3808,68.0,68.0,68.0,68.0,68.0,0.0,1.0,1.0,0.0
6.5,40,8185,68.0,68.0,68.0,72.5,239.70000000000098,158482.334375,0.5557878730279414,0.85,0.0
4.71,16,1088,68.0,68.0,68.0,68.0,68.0,0.0,1.0,1.0,0.0
3.51,44,2992,68.0,68.0,68.0,68.0,68.0,0.0,1.0,1.0,0.0
6.39,55,17468,86.0,68.0,68.0,149.0,364.40000000000043,555042.0218181818,1.5943858606861725,0.7090909090909091,0.0
1.34,8,544,68.0,68.0,68.0,68.0,68.0,0.0,1.0,1.0,0.0
2.47,21,7272,68.0,68.0,68.0,86.0,170.0,815122.0136054422,0.46672045179507865,0.8095238095238095,0.0
9.03,147,54866,86.0,68.0,68.0,170.0,1215.200000000001,669576.9160997733,0.8701342968164155,0.7210884353741497,0.0
6.05,57,22714,86.0,68.0,68.0,170.0,1516.0,559477.7937827023,1.0229782686141788,0.6491228070175439,0.0
3.85,59,7074,68.0,68.0,68.0,68.0,86.0,63899.684573398445,1.0873413986426674,0.9322033898305084,0.0
2.07,12,816,68.0,68.0,68.0,68.0,68.0,0.0,1.0,1.0,0.0
9.55,77,9929,68.0,68.0,68.0,68.0,86.0,125994.49080789341,1.2726024261844815,0.935064935064935,0.0
7.87,32,2176,68.0,68.0,68.0,68.0,68.0,0.0,1.0,1.0,0.0
5.02,52,3536,68.0,68.0,68.0,68.0,68.0,0.0,1.0,1.0,0.0
5.53,53,20192,86.0,68.0,68.0,170.0,1283.0000000000027,626842.9619081526,1.163737676810973,0.6981132075471698,0.0
6.08,75,22096,86.0,68.0,68.0,170.0,746.8000000000038,368845.41048888885,0.6578631452581032,0.7333333333333333,0.0
6.46,98,32994,80.0,68.0,68.0,95.0,764.6999999999987,604412.9546022491,0.9361539815738513,0.7551020408163265,0.0
8.37,100,32344,68.0,68.0,68.0,86.0,608.9000000000043,593622.5463999998,0.941533105228405,0.79,0.0
2.6,24,1632,68.0,68.0,68.0,68.0,68.0,0.0,1.0,1.0,0.0
6.11,20,1360,68.0,68.0,68.0,68.0,68.0,0.0,1.0,1.0,0.0
0.99,36,2448,68.0,68.0,68.0,68.0,68.0,0.0,1.0,1.0,0.0
6.46,40,9475,68.0,68.0,68.0,72.5,253.9000000000012,291899.759375,1.2516634980988592,0.85,0.0
2.5,12,816,68.0,68.0,68.0,68.0,68.0,0.0,1.0,1.0,0.0
8.69,104,24729,68.0,68.0,68.0,86.0,170.0,398665.9414755917,1.0228220858895705,0.8461538461538461,0.0
0.91,4,272,68.0,68.0,68.0,68.0,68.0,0.0,1.0,1.0,0.0
2.49,8,544,68.0,68.0,68.0,68.0,68.0,0.0,1.0,1.0,0.0
1.65,31,11826,86.0,68.0,68.0,128.0,1514.0,627102.2497398545,1.1201147364646826,0.7419354838709677,0.0
6.34,137,47625,86.0,68.0,68.0,170.0,866.6000000000006,598889.8687196975,1.0310034543050877,0.7299270072992701,0.0
7.6,101,28441,68.0,68.0,68.0,86.0,308.0,493129.8847171846,0.5781267339917878,0.7920792079207921,0.0
1.18,8,544,68.0,68.0,68.0,68.0,68.0,0.0,1.0,1.0,0.0
8.48,28,1904,68.0,68.0,68.0,68.0,68.0,0.0,1.0,1.0,0.0
4.84,64,9367,68.0,68.0,68.0,68.0,86.0,101881.94897460938,0.7391385072409952,0.90625,0.0
4.89,20,1360,68.0,68.0,68.0,68.0,68.0,0.0,1.0,1.0,0.0
5.7,20,1360,68.0,68.0,68.0,68.0,68.0,0.0,1.0,1.0,0.0
5.44,114,24718,68.0,68.0,68.0,86.0,170.0,338746.03939673747,1.0843241420018552,0.7982456140350878,0.0
4.93,20,4966,68.0,68.0,68.0,86.0,325.7000000000022,245823.21000000002,1.0048445700444086,0.8,0.0
3.96,137,58152,86.0,68.0,68.0,170.0,2124.6000000000004,828731.0956364216,0.8972301066849369,0.7372262773722628,0.0
7.15,56,23816,86.0,68.0,68.0,170.0,1565.5,617862.8826530613,1.133476663979217,0.6785714285714286,0.0
2.19,20,5981,68.0,68.0,68.0,86.0,194.20000000000033,754037.9474999998,0.24112886490973232,0.8,0.0
3.47,52,6894,68.0,68.0,68.0,68.0,86.0,87612.82100591715,1.0146113383985973,0.9230769230769231,0.0
2.68,16,1088,68.0,68.0,68.0,68.0,68.0,0.0,1.0,1.0,0.0
7.78,60,4080,68.0,68.0,68.0,68.0,68.0,0.0,1.0,1.0,0.0
5.41,33,5469,68.0,68.0,68.0,68.0,153.20000000000005,129346.62258953169,1.1788844621513945,0.8787878787878788,0.0
3.04,12,816,68.0,68.0,68.0,68.0,68.0,0.0,1.0,1.0,0.0
3.55,48,3264,68.0,68.0,68.0,68.0,68.0,0.0,1.0,1.0,0.0
0.66,4,272,68.0,68.0,68.0,68.0,68.0,0.0,1.0,1.0,0.0
9.21,72,28646,86.0,68.0,68.0,170.0,1516.0,647133.5640432099,1.1888897379078476,0.7083333333333334,0.0
2.57,126,58411,86.0,68.0,68.0,170.0,1575.0,901807.7198916603,0.9591802508888442,0.6746031746031746,0.0
5.1,36,6247,68.0,68.0,68.0,68.0,128.0,173488.36033950618,1.3432108027006753,0.8888888888888888,0.0
5.39,54,19466,86.0,68.0,68.0,170.0,1371.4000000000003,444989.02743484237,0.7484954639360459,0.6666666666666666,0.0
4.96,68,11392,68.0,68.0,68.0,68.0,86.0,316728.51384083036,0.7681204407884525,0.9411764705882353,0.0
0.3,4,272,68.0,68.0,68.0,68.0,68.0,0.0,1.0,1.0,0.0
5.73,20,1360,68.0,68.0,68.0,68.0,68.0,0.0,1.0,1.0,0.0
6.07,74,7875,68.0,68.0,68.0,68.0,80.60000000000005,84936.54072315557,1.8481012658227849,0.9459459459459459,0.0
2.52,12,816,68.0,68.0,68.0,68.0,68.0,0.0,1.0,1.0,0.0
2.7,32,2176,68.0,68.0,68.0,68.0,68.0,0.0,1.0,1.0,0.0
7.86,75,22088,80.0,68.0,68.0,86.0,343.60000000000207,480875.71662222216,0.7034009408498496,0.7733333333333333,0.0
0.37,4,272,68.0,68.0,68.0,68.0,68.0,0.0,1.0,1.0,0.0
6.28,143,58082,86.0,68.0,68.0,170.0,1242.9999999999998,815662.9788253702,0.9218450135662762,0.7202797202797203,0.0
4.18,34,8419,68.0,68.0,68.0,80.0,144.79999999999995,471688.9420415225,0.8609637488947833,0.8823529411764706,0.0
3.4,37,14912,86.0,68.0,68.0,170.0,1390.5999999999997,503989.81008035067,1.0794868219216287,0.6486486486486487,0.0
0.33,12,2937,86.0,68.0,68.0,170.0,766.7000000000003,116570.1875,0.8062730627306273,0.6666666666666666,0.0
6.57,76,9814,68.0,68.0,68.0,68.0,77.0,197529.79847645425,2.0525660964230172,0.9473684210526315,0.0
6.98,56,3808,68.0,68.0,68.0,68.0,68.0,0.0,1.0,1.0,0.0
4.75,42,9009,68.0,68.0,68.0,77.0,170.0,230380.63095238095,0.7924791086350975,0.8571428571428571,0.0
0.17,4,272,68.0,68.0,68.0,68.0,68.0,0.0,1.0,1.0,0.0
3.03,12,816,68.0,68.0,68.0,68.0,68.0,0.0,1.0,1.0,0.0
4.88,100,20024,68.0,68.0,68.0,86.0,170.0,217772.78239999994,0.9467237021193856,0.83,0.0
9.06,32,5450,68.0,68.0,68.0,72.5,161.6000000000002,150471.02734375,1.520814061054579,0.875,0.0
1.13,108,46421,86.0,68.0,68.0,170.0,1486.8999999999999,803955.0709019206,0.8693271050618129,0.6759259259259259,0.0
6.46,36,4620,68.0,68.0,68.0,68.0,128.0,61866.38888888889,0.633085896076352,0.8888888888888888,0.0
5.22,52,14684,86.0,68.0,68.0,170.0,495.69999999999976,437723.39053254446,1.116155065571408,0.6923076923076923,0.0
8.92,72,9175,68.0,68.0,68.0,68.0,84.19999999999997,138648.6896219136,0.6276388149725031,0.9444444444444444,0.0
2.92,12,816,68.0,68.0,68.0,68.0,68.0,0.0,1.0,1.0,0.0
8.63,81,11062,68.0,68.0,68.0,68.0,68.0,118904.44292028656,0.8899709550657783,0.9382716049382716,0.0
4.58,16,1088,68.0,68.0,68.0,68.0,68.0,0.0,1.0,1.0,0.0
2.56,40,2720,68.0,68.0,68.0,68.0,68.0,0.0,1.0,1.0,0.0
9.83,70,22918,80.0,68.0,68.0,86.0,775.8000000000003,578192.6685714285,1.230028218351659,0.7571428571428571,0.0
9.91,162,62649,86.0,68.0,68.0,170.0,1031.7000000000003,723471.4722222224,0.8269808404537634,0.7037037037037037,0.0
3.51,38,19461,86.0,68.0,68.0,170.0,1713.1000000000029,932337.2195290858,1.2589669181659895,0.631578947368421,0.0
9.26,88,15061,68.0,68.0,68.0,68.0,86.0,298582.921358471,1.0891940629768344,0.9090909090909091,0.0
8.85,76,10215,68.0,68.0,68.0,68.0,86.0,74798.37309556786,0.5075265643447462,0.9210526315789473,0.0
9.29,36,2448,68.0,68.0,68.0,68.0,68.0,0.0,1.0,1.0,0.0
3.83,48,3264,68.0,68.0,68.0,68.0,68.0,0.0,1.0,1.0,0.0
4.69,49,20929,86.0,68.0,68.0,170.0,1558.600000000003,783685.6992919615,0.6532901493008927,0.673469387755102,0.0
0.82,4,272,68.0,68.0,68.0,68.0,68.0,0.0,1.0,1.0,0.0
4.52,38,11433,68.0,68.0,68.0,86.0,556.4000000000053,414567.6932132964,1.0832725947521866,0.7894736842105263,0.0
8.33,134,44060,86.0,68.0,68.0,170.0,747.0000000000003,587117.4101136109,0.47234753550543024,0.7313432835820896,0.0
0.73,12,4480,86.0,69.2,80.0,170.0,1025.0000000000005,446308.2222222222,0.6057347670250897,0.6666666666666666,0.0
3.46,37,16270,86.0,68.0,68.0,170.0,1407.1999999999994,699393.5485756026,0.7869302580999451,0.6486486486486487,0.0
5.42,72,6484,68.0,68.0,68.0,68.0,84.19999999999997,11775.024691358027,1.003089280197714,0.9444444444444444,0.0
4.9,8,544,68.0,68.0,68.0,68.0,68.0,0.0,1.0,1.0,0.0
1.91,8,544,68.0,68.0,68.0,68.0,68.0,0.0,1.0,1.0,0.0
3.21,44,2992,68.0,68.0,68.0,68.0,68.0,0.0,1.0,1.0,0.0
0.98,4,272,68.0,68.0,68.0,68.0,68.0,0.0,1.0,1.0,0.0
8.46,43,7635,68.0,68.0,68.0,68.0,153.20000000000036,147751.73499188756,0.8200238379022646,0.8837209302325582,0.0
4.77,48,3264,68.0,68.0,68.0,68.0,68.0,0.0,1.0,1.0,0.0
7.08,68,20529,86.0,68.0,68.0,170.0,1180.7000000000003,310516.9746972318,0.7111777944486122,0.7205882352941176,0.0
3.42,12,816,68.0,68.0,68.0,68.0,68.0,0.0,1.0,1.0,0.0
4.89,134,61267,86.0,68.0,68.0,170.0,2052.4,906038.0800289594,0.9011667597592007,0.6940298507462687,0.0
9.53,80,27172,86.0,68.0,68.0,170.0,1265.1000000000008,472053.12749999994,0.7538243077518879,0.725,0.0
1.46,8,544,68.0,68.0,68.0,68.0,68.0,0.0,1.0,1.0,0.0
9.0,72,11318,68.0,68.0,68.0,68.0,84.19999999999997,278794.4899691359,1.3943304421408926,0.9444444444444444,0.0
4.13,16,1088,68.0,68.0,68.0,68.0,68.0,0.0,1.0,1.0,0.0
2.74,56,7898,68.0,68.0,68.0,68.0,86.0,153969.71301020408,2.451923076923077,0.9107142857142857,0.0
0.33,16,1088,68.0,68.0,68.0,68.0,68.0,0.0,1.0,1.0,0.0
7.89,16,1088,68.0,68.0,68.0,68.0,68.0,0.0,1.0,1.0,0.0
0.5,4,272,68.0,68.0,68.0,68.0,68.0,0.0,1.0,1.0,0.0
1.47,8,544,68.0,68.0,68.0,68.0,68.0,0.0,1.0,1.0,0.0
9.26,97,19977,68.0,68.0,68.0,86.0,170.0,221068.60559039214,0.9370697178318627,0.8350515463917526,0.0
5.78,133,51057,86.0,68.0,68.0,170.0,1090.9999999999998,742166.8218666969,0.943769749114859,0.6992481203007519,0.0
0.3,4,272,68.0,68.0,68.0,68.0,68.0,0.0,1.0,1.0,0.0
3.41,32,8228,68.0,68.0,68.0,72.5,161.6000000000002,544649.546875,1.6145535430568796,0.875,0.0
9.82,111,31903,68.0,68.0,68.0,86.0,752.0,421440.13456699956,1.1369817134436333,0.7837837837837838,0.0
6.39,20,1360,68.0,68.0,68.0,68.0,68.0,0.0,1.0,1.0,0.0
9.74,88,7350,68.0,68.0,68.0,68.0,68.0,10865.908574380162,0.7926829268292683,0.9545454545454546,0.0
4.31,16,1088,68.0,68.0,68.0,68.0,68.0,0.0,1.0,1.0,0.0
5.2,95,21733,68.0,68.0,68.0,86.0,170.0,304981.90426592785,1.3103008398001488,0.8210526315789474,0.0
9.57,32,5076,68.0,68.0,68.0,72.5,161.6000000000002,136638.421875,1.8629441624365481,0.875,0.0
4.2,136,56602,86.0,68.0,68.0,170.0,1341.5,874575.9781574396,0.8870478413068845,0.7205882352941176,0.0
4.57,24,12127,86.0,68.0,68.0,170.0,1381.8999999999996,940669.4565972224,1.8123840445269017,0.625,0.0
3.0,34,18368,86.0,68.0,68.0,170.0,2347.399999999999,1115702.2387543255,1.3277151184894183,0.6470588235294118,0.0
1.43,8,544,68.0,68.0,68.0,68.0,68.0,0.0,1.0,1.0,0.0
3.59,54,8576,68.0,68.0,68.0,68.0,86.0,291191.5212620028,2.2497158014399394,0.9259259259259259,0.0
5.62,18,1224,68.0,68.0,68.0,68.0,68.0,0.0,1.0,1.0,0.0
8.83,76,7091,68.0,68.0,68.0,68.0,80.0,17379.789993074788,1.0382293762575452,0.9473684210526315,0.0
9.24,28,1904,68.0,68.0,68.0,68.0,68.0,0.0,1.0,1.0,0.0
6.59,101,19453,68.0,68.0,68.0,86.0,170.0,188930.87285560236,0.780106149341142,0.8415841584158416,0.0
7.48,143,61797,86.0,68.0,68.0,170.0,1524.4,887943.5238886987,0.7736352677802651,0.7202797202797203,0.0
2.49,32,8268,68.0,68.0,68.0,72.5,161.6000000000002,561621.109375,1.6791963707064161,0.875,0.0
6.3,63,20451,86.0,68.0,68.0,170.0,942.2000000000002,520936.553287982,0.83088630259624,0.7301587301587301,0.0
6.6,60,9903,68.0,68.0,68.0,68.0,86.0,249069.84750000003,0.9125144843568945,0.9333333333333333,0.0
5.44,20,1360,68.0,68.0,68.0,68.0,68.0,0.0,1.0,1.0,0.0
3.55,57,11289,68.0,68.0,68.0,68.0,170.0,227586.4007386888,1.1647171620325982,0.8771929824561403,0.0
5.79,24,1632,68.0,68.0,68.0,68.0,68.0,0.0,1.0,1.0,0.0
6.35,56,3808,68.0,68.0,68.0,68.0,68.0,0.0,1.0,1.0,0.0
8.09,64,19369,83.0,68.0,68.0,88.75,955.4000000000032,441687.2614746094,0.8762956504891989,0.765625,0.0
9.69,161,65238,86.0,68.0,68.0,170.0,1893.0,762329.3430808997,0.9745157384987894,0.7267080745341615,0.0
3.35,37,13441,86.0,68.0,68.0,170.0,1348.3999999999999,411888.4134404675,1.3584839445516756,0.6486486486486487,0.0
1.23,21,8054,80.0,68.0,68.0,170.0,1516.0,552678.4399092968,0.976926853215513,0.7142857142857143,0.0
9.28,75,10978,68.0,68.0,68.0,68.0,78.80000000000015,203386.39395555557,1.0221035181433045,0.9466666666666667,0.0
1.85,8,544,68.0,68.0,68.0,68.0,68.0,0.0,1.0,1.0,0.0
9.02,84,9968,68.0,68.0,68.0,68.0,84.20000000000002,90271.86507936507,1.1376796054042462,0.9404761904761905,0.0
1.82,8,544,68.0,68.0,68.0,68.0,68.0,0.0,1.0,1.0,0.0
0.15,4,272,68.0,68.0,68.0,68.0,68.0,0.0,1.0,1.0,0.0
9.78,104,28554,68.0,68.0,68.0,86.0,170.0,581264.4389792898,0.8623793373336812,0.8461538461538461,0.0
9.55,155,59535,86.0,68.0,68.0,170.0,1024.3999999999992,795212.4099895942,1.1724930667055904,0.7290322580645161,0.0
4.31,20,6524,68.0,68.0,68.0,86.0,237.80000000000098,808641.16,0.32440113682501015,0.8,0.0
7.18,88,22439,68.0,68.0,68.0,86.0,170.0,472479.6703254132,0.930236559139785,0.8068181818181818,0.0
6.13,36,5441,68.0,68.0,68.0,68.0,128.0,132816.06404320995,0.5404869762174406,0.8888888888888888,0.0
9.19,80,10361,68.0,68.0,68.0,68.0,86.0,128343.87484375,1.3080864335041211,0.925,0.0
2.72,20,1360,68.0,68.0,68.0,68.0,68.0,0.0,1.0,1.0,0.0
4.66,16,1088,68.0,68.0,68.0,68.0,68.0,0.0,1.0,1.0,0.0
5.02,96,25344,68.0,68.0,68.0,86.0,170.0,476308.4375,1.2432288900690387,0.8333333333333334,0.0
6.1,12,816,68.0,68.0,68.0,68.0,68.0,0.0,1.0,1.0,0.0
5.85,135,49352,86.0,68.0,68.0,170.0,947.8000000000018,608810.7339368999,0.7813391084641761,0.7037037037037037,0.0
3.39,32,6219,68.0,68.0,68.0,72.5,138.20000000000013,410642.2880859375,0.2647956070774863,0.875,0.0
0.68,12,4948,86.0,68.0,68.0,170.0,1521.8000000000006,520303.2222222222,1.3013953488372092,0.6666666666666666,0.0
8.5,94,22493,68.0,68.0,68.0,86.0,170.0,329256.4387732005,1.074425896892004,0.8191489361702128,0.0
4.07,20,1360,68.0,68.0,68.0,68.0,68.0,0.0,1.0,1.0,0.0
4.76,16,1088,68.0,68.0,68.0,68.0,68.0,0.0,1.0,1.0,0.0
2.62,44,2992,68.0,68.0,68.0,68.0,68.0,0.0,1.0,1.0,0.0
4.18,36,9173,68.0,68.0,68.0,86.0,576.0,319534.26774691354,1.4632116004296456,0.8333333333333334,0.0
8.5,64,4352,68.0,68.0,68.0,68.0,68.0,0.0,1.0,1.0,0.0
1.45,50,20188,86.0,68.0,68.0,170.0,1062.2000000000012,759347.2224,1.162845511034926,0.68,0.0
7.3,16,1088,68.0,68.0,68.0,68.0,68.0,0.0,1.0,1.0,0.0
7.85,162,58977,86.0,68.0,68.0,170.0,1255.4000000000003,641519.4969135801,0.7953971201558647,0.7160493827160493,0.0
4.43,48,23956,86.0,68.0,68.0,170.0,1812.1000000000022,1067156.9513888888,1.5027162557459257,0.6666666666666666,0.0
2.6,53,9627,68.0,68.0,68.0,68.0,86.0,346018.07903168385,0.630589430894309,0.9245283018867925,0.0
7.6,32,2176,68.0,68.0,68.0,68.0,68.0,0.0,1.0,1.0,0.0
5.76,52,3536,68.0,68.0,68.0,68.0,68.0,0.0,1.0,1.0,0.0
1.84,33,8151,68.0,68.0,68.0,86.0,715.6000000000005,229673.21212121213,0.6387213510253317,0.8181818181818182,0.0
1.56,4,272,68.0,68.0,68.0,68.0,68.0,0.0,1.0,1.0,0.0
1.99,8,544,68.0,68.0,68.0,68.0,68.0,0.0,1.0,1.0,0.0
4.12,28,1904,68.0,68.0,68.0,68.0,68.0,0.0,1.0,1.0,0.0
0.75,20,1360,68.0,68.0,68.0,68.0,68.0,0.0,1.0,1.0,0.0
7.92,65,20630,86.0,68.0,68.0,170.0,618.0000000000001,497214.2059171598,0.9756751580157058,0.7384615384615385,0.0
7.43,140,54488,86.0,68.0,68.0,170.0,1395.8000000000036,728475.6885714286,0.8865076342485199,0.7142857142857143,0.0
9.16,65,20519,80.0,68.0,68.0,98.0,846.8000000000009,478650.74177514797,1.309657811796488,0.7538461538461538,0.0
4.41,68,13048,68.0,68.0,68.0,80.0,170.0,362836.9567474048,1.1966329966329967,0.8823529411764706,0.0
6.2,28,1904,68.0,68.0,68.0,68.0,68.0,0.0,1.0,1.0,0.0
8.79,76,7848,68.0,68.0,68.0,68.0,68.0,44847.457063711896,1.2747826086956522,0.9473684210526315,0.0
5.5,16,1088,68.0,68.0,68.0,68.0,68.0,0.0,1.0,1.0,0.0
6.57,56,3808,68.0,68.0,68.0,68.0,68.0,0.0,1.0,1.0,0.0
8.34,64,25159,77.0,68.0,68.0,107.0,1337.500000000002,786389.8474121094,0.9178990699801799,0.75,0.0
0.97,4,272,68.0,68.0,68.0,68.0,68.0,0.0,1.0,1.0,0.0
4.38,131,50797,86.0,68.0,68.0,170.0,1206.0,665362.1653749782,1.2990269291694954,0.6793893129770993,0.0
0.68,2,136,68.0,68.0,68.0,68.0,68.0,0.0,1.0,1.0,0.0
8.98,63,16741,86.0,68.0,68.0,117.5,490.0000000000017,326952.9271856891,2.461029563779202,0.746031746031746,0.0
3.21,52,9426,68.0,68.0,68.0,68.0,86.0,314525.6582840235,1.4015286624203822,0.9230769230769231,0.0
9.05,39,9374,68.0,68.0,68.0,68.0,102.80000000000024,517376.58908612747,0.8124516627996906,0.8974358974358975,0.0
6.43,56,3808,68.0,68.0,68.0,68.0,68.0,0.0,1.0,1.0,0.0
4.47,35,6652,68.0,68.0,68.0,77.0,170.0,253208.3395918367,1.8403074295473953,0.8571428571428571,0.0
2.21,12,816,68.0,68.0,68.0,68.0,68.0,0.0,1.0,1.0,0.0
7.84,107,25113,68.0,68.0,68.0,86.0,170.0,314216.6582234256,1.0205165339126236,0.8317757009345794,0.0
8.4,148,46518,86.0,68.0,68.0,170.0,613.7000000000003,497003.7547479912,0.7072705251954343,0.722972972972973,0.0
3.57,31,7079,68.0,68.0,68.0,77.0,170.0,502892.680541103,2.6508509541000516,0.8709677419354839,0.0
3.14,37,15690,86.0,68.0,68.0,170.0,1254.7999999999993,829865.9430241049,1.3369079535299375,0.6756756756756757,0.0
7.17,84,7619,68.0,68.0,68.0,68.0,86.0,6168.280470521542,0.939663951120163,0.9047619047619048,0.0
8.81,24,1632,68.0,68.0,68.0,68.0,68.0,0.0,1.0,1.0,0.0
2.08,40,2720,68.0,68.0,68.0,68.0,68.0,0.0,1.0,1.0,0.0
1.15,15,6391,86.0,68.0,68.0,634.5,1404.0,314634.72888888896,0.3466076696165192,0.6,0.0
2.63,20,1360,68.0,68.0,68.0,68.0,68.0,0.0,1.0,1.0,0.0
6.97,56,3808,68.0,68.0,68.0,68.0,68.0,0.0,1.0,1.0,0.0
6.13,60,15154,86.0,68.0,68.0,170.0,790.7000000000002,215789.57888888888,1.454089068825911,0.7333333333333333,0.0
1.86,8,544,68.0,68.0,68.0,68.0,68.0,0.0,1.0,1.0,0.0
4.05,122,41702,86.0,68.0,68.0,170.0,521.5000000000006,593070.9510884172,1.2635835640232318,0.7049180327868853,0.0
5.12,48,13177,68.0,68.0,68.0,86.0,170.0,459244.8745659722,1.1845159151193634,0.8333333333333334,0.0
1.69,24,8935,86.0,68.0,68.0,170.0,1172.899999999999,632570.9565972224,2.2314647377938517,0.6666666666666666,0.0
8.55,105,20043,68.0,68.0,68.0,86.0,170.0,164815.75836734695,0.6457016175383857,0.8571428571428571,0.0
5.79,12,816,68.0,68.0,68.0,68.0,68.0,0.0,1.0,1.0,0.0
8.37,84,12621,68.0,68.0,68.0,68.0,86.0,149168.23511904763,1.2662955647333454,0.9285714285714286,0.0
2.17,4,272,68.0,68.0,68.0,68.0,68.0,0.0,1.0,1.0,0.0
9.66,113,21616,68.0,68.0,68.0,86.0,170.0,273337.5872816979,0.9948320413436692,0.8584070796460177,0.0
3.02,4,272,68.0,68.0,68.0,68.0,68.0,0.0,1.0,1.0,0.0
9.61,157,52657,86.0,68.0,68.0,170.0,1021.4000000000016,576576.1243052456,1.0689560331617618,0.7452229299363057,0.0
7.29,51,24523,86.0,68.0,68.0,170.0,2051.0,886888.4067666283,1.0759332938288326,0.6862745098039216,0.0
0.4,12,5039,86.0,68.0,68.0,170.0,1608.2000000000005,539580.7430555556,1.2435440783615317,0.6666666666666666,0.0
5.9,72,8554,68.0,68.0,68.0,68.0,84.19999999999997,78190.51774691358,0.9136465324384787,0.9444444444444444,0.0
8.47,20,1360,68.0,68.0,68.0,68.0,68.0,0.0,1.0,1.0,0.0
6.14,75,9585,68.0,68.0,68.0,68.0,86.0,67628.08000000002,0.6028428093645485,0.92,0.0
3.9,4,272,68.0,68.0,68.0,68.0,68.0,0.0,1.0,1.0,0.0
5.32,20,1360,68.0,68.0,68.0,68.0,68.0,0.0,1.0,1.0,0.0
2.02,40,2720,68.0,68.0,68.0,68.0,68.0,0.0,1.0,1.0,0.0
4.05,57,26548,86.0,68.0,68.0,170.0,2138.399999999999,971320.1502000616,0.8930405019965773,0.7192982456140351,0.0
7.24,147,52612,86.0,68.0,68.0,170.0,1256.2000000000023,566252.5351473922,1.2049369263651983,0.7210884353741497,0.0
5.41,32,10415,68.0,68.0,68.0,72.5,161.6000000000002,925465.2490234375,0.9740333586050038,0.875,0.0
8.3,104,36386,68.0,68.0,68.0,86.0,922.5000000000018,720523.2511094672,0.8142201834862385,0.7884615384615384,0.0
3.72,24,1632,68.0,68.0,68.0,68.0,68.0,0.0,1.0,1.0,0.0
3.09,12,816,68.0,68.0,68.0,68.0,68.0,0.0,1.0,1.0,0.0
4.82,61,7226,68.0,68.0,68.0,68.0,86.0,62223.92045149153,1.137869822485207,0.9344262295081968,0.0
3.04,20,1360,68.0,68.0,68.0,68.0,68.0,0.0,1.0,1.0,0.0
4.81,16,1088,68.0,68.0,68.0,68.0,68.0,0.0,1.0,1.0,0.0
3.2,65,4952,68.0,68.0,68.0,68.0,110.00000000000006,330.181301775148,0.8395245170876672,0.8923076923076924,0.0
8.95,57,13054,86.0,68.0,68.0,170.0,651.0,173788.8242536165,1.508455034588778,0.7192982456140351,0.0
4.97,144,61371,86.0,68.0,68.0,170.0,1788.2000000000069,807168.3051215278,1.4069890575361808,0.7083333333333334,0.0
7.89,64,18857,77.0,68.0,68.0,107.0,642.2000000000004,473467.7927246094,0.7792979807510851,0.75,0.0
7.43,87,17640,68.0,68.0,68.0,68.0,86.0,371331.9302417758,1.4324324324324325,0.9080459770114943,0.0
1.25,8,544,68.0,68.0,68.0,68.0,68.0,0.0,1.0,1.0,0.0
3.43,12,816,68.0,68.0,68.0,68.0,68.0,0.0,1.0,1.0,0.0
2.0,40,2720,68.0,68.0,68.0,68.0,68.0,0.0,1.0,1.0,0.0
1.91,29,5180,68.0,68.0,68.0,80.0,170.0,166359.40784780018,1.8698060941828254,0.8620689655172413,0.0
5.46,12,816,68.0,68.0,68.0,68.0,68.0,0.0,1.0,1.0,0.0
5.47,52,3536,68.0,68.0,68.0,68.0,68.0,0.0,1.0,1.0,0.0
4.34,55,22242,86.0,68.0,68.0,170.0,987.0,685859.149090909,1.23290834253589,0.6909090909090909,0.0
7.31,142,61432,86.0,68.0,68.0,170.0,1841.200000000001,873474.446935132,0.9351708930540242,0.7183098591549296,0.0
5.58,32,8093,68.0,68.0,68.0,72.5,161.6000000000002,539120.5849609375,1.7452510176390774,0.875,0.0
3.58,36,14607,86.0,68.0,68.0,170.0,1261.5,719277.7986111111,1.3720363754465736,0.6666666666666666,0.0
6.26,84,15354,68.0,68.0,68.0,68.0,86.0,346336.6921768707,0.8818482657188381,0.9047619047619048,0.0
5.76,12,816,68.0,68.0,68.0,68.0,68.0,0.0,1.0,1.0,0.0
8.39,80,10590,68.0,68.0,68.0,68.0,86.0,74301.434375,0.5305680011562365,0.925,0.0
5.69,12,816,68.0,68.0,68.0,68.0,68.0,0.0,1.0,1.0,0.0
5.09,48,3264,68.0,68.0,68.0,68.0,68.0,0.0,1.0,1.0,0.0
7.0,63,22053,86.0,68.0,68.0,128.0,440.6000000000003,721924.6485260769,2.132083510864934,0.746031746031746,0.0
3.59,12,816,68.0,68.0,68.0,68.0,68.0,0.0,1.0,1.0,0.0
9.5,157,61282,86.0,68.0,68.0,170.0,1007.2000000000018,798752.310681975,0.7912951974511122,0.7133757961783439,0.0
3.72,36,13624,86.0,68.0,68.0,170.0,1176.5,410773.02469135803,0.7271805273833671,0.6111111111111112,0.0
6.77,84,15518,68.0,68.0,68.0,68.0,144.80000000000024,277085.97902494326,1.159476760367381,0.8928571428571429,0.0
6.15,15,1020,68.0,68.0,68.0,68.0,68.0,0.0,0.875,1.0,0.0
7.37,65,9386,68.0,68.0,68.0,68.0,86.0,84522.36307692307,0.5870815015218126,0.9076923076923077,0.0
0.63,16,1088,68.0,68.0,68.0,68.0,68.0,0.0,1.0,1.0,0.0
3.65,4,272,68.0,68.0,68.0,68.0,68.0,0.0,1.0,1.0,0.0
0.44,4,272,68.0,68.0,68.0,68.0,68.0,0.0,1.0,1.0,0.0
0.64,4,272,68.0,68.0,68.0,68.0,68.0,0.0,1.0,1.0,0.0
9.58,107,26928,68.0,68.0,68.0,86.0,170.0,343122.55969953706,0.9319845027981059,0.8317757009345794,0.0
9.27,146,61594,86.0,68.0,68.0,170.0,1646.0,827190.2450741227,0.9311490829283586,0.7191780821917808,0.0
3.98,28,6938,68.0,68.0,68.0,86.0,170.0,419938.66836734687,0.6202709014479215,0.8571428571428571,0.0
2.7,37,17389,86.0,68.0,68.0,170.0,1917.3999999999999,677135.5938641344,0.7943452688061088,0.6486486486486487,0.0
9.8,87,14798,68.0,68.0,68.0,68.0,86.0,207685.85361342307,0.9230669265756986,0.9080459770114943,0.0
7.65,60,4080,68.0,68.0,68.0,68.0,68.0,0.0,1.0,1.0,0.0
4.16,32,5324,68.0,68.0,68.0,72.5,142.70000000000013,234645.671875,3.0734506503443,0.875,0.0
5.97,24,1632,68.0,68.0,68.0,68.0,68.0,0.0,1.0,1.0,0.0
0.51,16,1088,68.0,68.0,68.0,68.0,68.0,0.0,1.0,1.0,0.0
3.33,74,27413,68.0,68.0,68.0,86.0,514.4000000000015,817186.0849159971,1.003874269005848,0.7837837837837838,0.0
4.82,8,544,68.0,68.0,68.0,68.0,68.0,0.0,1.0,1.0,0.0
6.09,138,54279,86.0,68.0,68.0,170.0,1375.6999999999998,675836.0023629488,1.0798145451758756,0.7101449275362319,0.0
7.94,55,20659,68.0,68.0,68.0,86.0,1199.4,754553.4360330582,1.0719085347507773,0.7636363636363637,0.0
8.58,96,18363,68.0,68.0,68.0,72.5,170.0,270091.8271484375,0.9023101626437376,0.875,0.0
9.62,24,1632,68.0,68.0,68.0,68.0,68.0,0.0,1.0,1.0,0.0
1.4,40,2720,68.0,68.0,68.0,68.0,68.0,0.0,1.0,1.0,0.0
6.59,35,8200,68.0,68.0,68.0,86.0,797.6000000000015,194732.37551020412,0.5168331483536811,0.8285714285714286,0.0
6.84,52,3536,68.0,68.0,68.0,68.0,68.0,0.0,1.0,1.0,0.0
7.47,65,22734,86.0,68.0,68.0,170.0,1516.0,470702.0009467456,0.6654945054945055,0.7230769230769231,0.0
6.07,74,29613,86.0,68.0,68.0,170.0,1617.0,772277.5231921109,1.0442496203230704,0.7297297297297297,0.0
0.63,60,23617,86.0,68.0,68.0,170.0,1465.9,696075.4030555554,1.2774349083895853,0.6833333333333333,0.0
2.67,24,1632,68.0,68.0,68.0,68.0,68.0,0.0,1.0,1.0,0.0
5.94,36,14323,86.0,68.0,68.0,170.0,1537.5,517697.0640432098,0.948177366702938,0.6666666666666666,0.0
1.28,13,4974,86.0,68.0,68.0,170.0,1018.8000000000008,542489.3136094674,1.7803242034656233,0.6923076923076923,0.0
1.72,16,5802,77.0,68.0,68.0,107.0,401.5,872037.234375,0.27376509330406146,0.75,0.0
0.07,4,272,68.0,68.0,68.0,68.0,68.0,0.0,1.0,1.0,0.0
1.84,43,9388,68.0,68.0,68.0,68.0,86.0,425711.2428339643,0.918267266040049,0.9069767441860465,0.0
3.61,24,1632,68.0,68.0,68.0,68.0,68.0,0.0,1.0,1.0,0.0
2.32,12,816,68.0,68.0,68.0,68.0,68.0,0.0,1.0,1.0,0.0
0.33,4,272,68.0,68.0,68.0,68.0,68.0,0.0,1.0,1.0,0.0
6.59,78,8949,68.0,68.0,68.0,68.0,86.0,53409.99161735701,0.8772813089993706,0.9358974358974359,0.0
3.6,12,816,68.0,68.0,68.0,68.0,68.0,0.0,1.0,1.0,0.0
5.86,98,21047,68.0,68.0,68.0,86.0,170.0,303529.42451062053,1.0315637065637067,0.826530612244898,0.0
5.89,12,816,68.0,68.0,68.0,68.0,68.0,0.0,1.0,1.0,0.0
9.1,168,63131,86.0,68.0,68.0,170.0,1177.800000000001,690971.3026856576,1.2334606948277083,0.7261904761904762,0.0
7.39,100,27529,68.0,68.0,68.0,86.0,630.3000000000002,386743.9059,1.150703125,0.77,0.0
8.92,38,3516,68.0,68.0,68.0,68.0,73.40000000000008,9978.880886426588,0.5340314136125655,0.9473684210526315,0.0
0.18,4,272,68.0,68.0,68.0,68.0,68.0,0.0,1.0,1.0,0.0
6.5,75,10014,68.0,68.0,68.0,68.0,86.0,151001.23626666673,1.3803185167577847,0.9333333333333333,0.0
3.94,12,816,68.0,68.0,68.0,68.0,68.0,0.0,1.0,1.0,0.0
6.71,48,3264,68.0,68.0,68.0,68.0,68.0,0.0,1.0,1.0,0.0
6.59,63,21600,86.0,68.0,68.0,128.0,1055.2000000000007,600674.8208616783,1.1935614908093837,0.746031746031746,0.0
2.12,8,544,68.0,68.0,68.0,68.0,68.0,0.0,1.0,1.0,0.0
3.08,130,54120,86.0,68.0,68.0,170.0,1462.8000000000002,861438.8437869821,1.0473632443065748,0.6923076923076923,0.0
5.48,38,8039,68.0,68.0,68.0,77.0,170.0,356377.8261772854,1.5840565734490517,0.868421052631579,0.0
3.51,34,17331,86.0,68.0,72.5,170.0,2153.299999999999,982304.4887543254,1.6370967741935485,0.6176470588235294,0.0
9.09,87,14276,68.0,68.0,68.0,68.0,86.0,250516.38234905535,0.8427778494901252,0.9080459770114943,0.0
4.71,16,1088,68.0,68.0,68.0,68.0,68.0,0.0,1.0,1.0,0.0
1.45,8,544,68.0,68.0,68.0,68.0,68.0,0.0,1.0,1.0,0.0
8.12,72,8831,68.0,68.0,68.0,68.0,86.0,60479.8655478395,0.4618440655520609,0.9166666666666666,0.0
5.81,20,1360,68.0,68.0,68.0,68.0,68.0,0.0,1.0,1.0,0.0
1.0,36,2448,68.0,68.0,68.0,68.0,68.0,0.0,1.0,1.0,0.0
8.4,114,32857,86.0,68.0,68.0,170.0,516.0,412320.574715297,1.0685595567867037,0.7105263157894737,0.0
7.34,131,47806,86.0,68.0,68.0,170.0,1004.0,624514.8273410642,0.8345997390436718,0.6946564885496184,0.0
2.28,35,7111,68.0,68.0,68.0,68.0,136.40000000000012,385618.08489795914,2.319794584500467,0.8857142857142857,0.0
3.34,37,10242,86.0,68.0,68.0,170.0,277.9999999999996,376354.207450694,1.2401574803149606,0.6756756756756757,0.0
8.79,80,15825,68.0,68.0,68.0,68.0,94.40000000000072,345413.45234375,0.6844065992549229,0.9,0.0
7.83,28,1904,68.0,68.0,68.0,68.0,68.0,0.0,1.0,1.0,0.0
6.53,60,5925,68.0,68.0,68.0,68.0,86.0,33783.520833333336,1.5560828300258844,0.9333333333333333,0.0
8.28,32,2176,68.0,68.0,68.0,68.0,68.0,0.0,1.0,1.0,0.0
5.06,95,21323,68.0,68.0,68.0,86.0,175.4000000000001,292894.8582825485,0.6455471523383238,0.8105263157894737,0.0
3.34,4,272,68.0,68.0,68.0,68.0,68.0,0.0,1.0,1.0,0.0
3.12,12,816,68.0,68.0,68.0,68.0,68.0,0.0,1.0,1.0,0.0
7.41,162,63479,86.0,68.0,68.0,170.0,1141.5000000000014,752481.1181603414,1.0763091616786054,0.7160493827160493,0.0
8.4,99,30511,68.0,68.0,68.0,86.0,1079.2000000000003,438783.32680338743,1.1330397091722595,0.7777777777777778,0.0
0.6,4,272,68.0,68.0,68.0,68.0,68.0,0.0,1.0,1.0,0.0
8.36,81,12206,68.0,68.0,68.0,86.0,486.0,22431.7195549459,2.0963977676306444,0.7530864197530864,0.0
1.64,28,1904,68.0,68.0,68.0,68.0,68.0,0.0,1.0,1.0,0.0
6.14,59,11199,68.0,68.0,68.0,68.0,86.0,329426.96523987356,1.2058302146937168,0.9152542372881356,0.0
3.21,8,544,68.0,68.0,68.0,68.0,68.0,0.0,1.0,1.0,0.0
2.91,32,2176,68.0,68.0,68.0,68.0,68.0,0.0,1.0,1.0,0.0
6.77,81,26315,68.0,68.0,68.0,86.0,170.0,629794.0094497789,0.9533105700712589,0.8024691358024691,0.0
1.12,4,272,68.0,68.0,68.0,68.0,68.0,0.0,1.0,1.0,0.0
7.57,152,58459,86.0,68.0,68.0,170.0,1116.6000000000004,678768.5955245845,0.992875161928138,0.7105263157894737,0.0
5.91,56,26482,86.0,68.0,68.0,170.0,2487.5,1049166.2028061224,1.132034457773126,0.6964285714285714,0.0
3.33,53,8811,68.0,68.0,68.0,68.0,86.0,234711.80776076898,1.3679118516527815,0.9245283018867925,0.0
2.73,24,1632,68.0,68.0,68.0,68.0,68.0,0.0,1.0,1.0,0.0
7.6,60,4080,68.0,68.0,68.0,68.0,68.0,0.0,1.0,1.0,0.0
0.33,16,7715,86.0,68.0,68.0,170.0,1516.0,807285.77734375,1.153223555679598,0.625,0.0
0.46,16,1088,68.0,68.0,68.0,68.0,68.0,0.0,1.0,1.0,0.0
2.47,4,272,68.0,68.0,68.0,68.0,68.0,0.0,1.0,1.0,0.0
3.15,12,816,68.0,68.0,68.0,68.0,68.0,0.0,1.0,1.0,0.0
2.76,36,2448,68.0,68.0,68.0,68.0,68.0,0.0,1.0,1.0,0.0
6.64,76,21857,80.0,68.0,68.0,107.0,555.5,427769.7678324099,0.9426717625099991,0.75,0.0
2.37,8,544,68.0,68.0,68.0,68.0,68.0,0.0,1.0,1.0,0.0
7.74,160,56357,86.0,68.0,68.0,170.0,1024.7999999999988,578459.1152734375,1.0219933983926521,0.71875,0.0
6.72,53,22198,86.0,68.0,68.0,170.0,1619.600000000002,752197.461730153,0.7498029323663882,0.6981132075471698,0.0
1.92,40,2720,68.0,68.0,68.0,68.0,68.0,0.0,1.0,1.0,0.0
3.25,32,6315,68.0,68.0,68.0,72.5,161.6000000000002,225342.1005859375,1.259391771019678,0.875,0.0
9.28,24,1632,68.0,68.0,68.0,68.0,68.0,0.0,1.0,1.0,0.0
8.2,74,10121,68.0,68.0,68.0,68.0,86.0,77977.42019722426,0.497189349112426,0.918918918918919,0.0
0.76,4,272,68.0,68.0,68.0,68.0,68.0,0.0,1.0,1.0,0.0
5.91,56,3808,68.0,68.0,68.0,68.0,68.0,0.0,1.0,1.0,0.0
8.23,65,24116,86.0,68.0,68.0,170.0,1212.0000000000011,662512.9997633137,1.0820167486834154,0.7230769230769231,0.0
7.53,145,56044,86.0,68.0,68.0,170.0,1088.3999999999985,795302.539548157,1.0504152489664509,0.7241379310344828,0.0
7.7,58,19664,86.0,68.0,68.0,170.0,1028.100000000003,448490.6195005946,1.0120740816535352,0.6896551724137931,0.0
1.21,16,6035,77.0,68.0,68.0,107.0,866.0,676119.90234375,1.7734375,0.75,0.0
8.23,102,18625,68.0,68.0,68.0,86.0,486.0,251396.78940792,1.268298623797345,0.8627450980392157,0.0
2.48,8,544,68.0,68.0,68.0,68.0,68.0,0.0,1.0,1.0,0.0
4.22,40,3700,68.0,68.0,68.0,68.0,94.40000000000012,9198.0,1.3081721771678103,0.9,0.0
2.94,44,2992,68.0,68.0,68.0,68.0,68.0,0.0,1.0,1.0,0.0
7.39,32,2176,68.0,68.0,68.0,68.0,68.0,0.0,1.0,1.0,0.0
9.53,92,25858,68.0,68.0,68.0,86.0,170.0,537341.4740075613,1.2760320394331486,0.8152173913043478,0.0
2.87,120,52671,86.0,68.0,68.0,170.0,1799.400000000001,711939.5693749998,0.9847388650237395,0.6583333333333333,0.0
6.2,44,6711,68.0,68.0,68.0,68.0,86.0,172211.56766528924,1.8316455696202532,0.9090909090909091,0.0
6.38,63,21773,86.0,68.0,68.0,128.0,895.800000000003,619369.318720081,2.0796322489391796,0.746031746031746,0.0
9.98,68,10628,68.0,68.0,68.0,68.0,86.0,265652.06055363314,0.672383949645948,0.9411764705882353,0.0
2.5,8,544,68.0,68.0,68.0,68.0,68.0,0.0,1.0,1.0,0.0
3.77,56,9368,68.0,68.0,68.0,68.0,86.0,300364.45408163266,1.850015211439002,0.9285714285714286,0.0
3.77,20,1360,68.0,68.0,68.0,68.0,68.0,0.0,1.0,1.0,0.0
2.73,12,816,68.0,68.0,68.0,68.0,68.0,0.0,1.0,1.0,0.0
9.42,105,26936,68.0,68.0,68.0,86.0,170.0,481365.52507936506,1.4471699827382574,0.8476190476190476,0.0
0.79,4,272,68.0,68.0,68.0,68.0,68.0,0.0,1.0,1.0,0.0
4.56,38,10962,74.0,68.0,68.0,86.0,516.500000000005,418288.1440443215,0.7416587225929456,0.7894736842105263,0.0
3.87,122,50892,86.0,68.0,68.0,170.0,1347.1000000000006,860962.3880677238,0.9021491310035508,0.7295081967213115,0.0
3.28,16,4275,77.0,68.0,68.0,107.0,832.0,226624.65234375,0.972773419473927,0.75,0.0
9.71,108,33483,68.0,68.0,68.0,86.0,476.2999999999982,581398.5455246913,1.074792415417028,0.7962962962962963,0.0
7.12,28,1904,68.0,68.0,68.0,68.0,68.0,0.0,1.0,1.0,0.0
9.89,87,12485,68.0,68.0,68.0,68.0,86.0,151032.3649094992,0.9386645962732919,0.9310344827586207,0.0
3.34,12,816,68.0,68.0,68.0,68.0,68.0,0.0,1.0,1.0,0.0
3.85,48,3264,68.0,68.0,68.0,68.0,68.0,0.0,1.0,1.0,0.0
4.83,58,23024,86.0,68.0,68.0,170.0,1334.0000000000011,657976.8263971463,1.0101274663872883,0.7068965517241379,0.0
1.27,4,272,68.0,68.0,68.0,68.0,68.0,0.0,1.0,1.0,0.0
3.31,24,3044,68.0,68.0,68.0,86.0,170.0,27745.30555555556,1.3060606060606061,0.8333333333333334,0.0
4.16,133,50831,86.0,68.0,68.0,170.0,1310.8,669728.0774492624,0.9020730429576411,0.7218045112781954,0.0
2.29,11,3434,86.0,68.0,86.0,348.5,571.0,175147.78512396693,0.3999184671830412,0.5454545454545454,0.0
0.5,12,5692,86.0,69.2,80.0,170.0,1942.1000000000008,717098.0555555555,1.2330325617889368,0.6666666666666666,0.0
8.58,92,23585,68.0,68.0,68.0,86.0,170.0,383203.7517722118,1.2666987025468526,0.8152173913043478,0.0
7.33,28,1904,68.0,68.0,68.0,68.0,68.0,0.0,1.0,1.0,0.0
5.51,52,3536,68.0,68.0,68.0,68.0,68.0,0.0,1.0,1.0,0.0
5.42,35,7572,68.0,68.0,68.0,83.0,170.0,242744.39673469387,1.0660300136425649,0.8571428571428571,0.0
4.93,20,1360,68.0,68.0,68.0,68.0,68.0,0.0,1.0,1.0,0.0
1.07,36,2448,68.0,68.0,68.0,68.0,68.0,0.0,1.0,1.0,0.0
8.42,64,34101,86.0,68.0,68.0,170.0,2265.700000000003,1257943.4860839844,1.0202014218009479,0.71875,0.0
9.58,177,66291,80.0,68.0,68.0,86.0,1599.8000000000002,698864.260653069,1.0439997533300445,0.751412429378531,0.0
0.81,13,3867,86.0,68.0,68.0,170.0,873.6000000000004,184549.94082840235,0.6125938281901585,0.6153846153846154,0.0
8.65,99,26924,68.0,68.0,68.0,86.0,170.0,506351.04887256405,1.0118060225659418,0.8282828282828283,0.0
2.78,16,1088,68.0,68.0,68.0,68.0,68.0,0.0,1.0,1.0,0.0
5.8,20,1360,68.0,68.0,68.0,68.0,68.0,0.0,1.0,1.0,0.0
9.64,78,9899,68.0,68.0,68.0,68.0,81.79999999999998,209218.72271531887,2.178869621066153,0.9487179487179487,0.0
0.12,4,272,68.0,68.0,68.0,68.0,68.0,0.0,1.0,1.0,0.0
3.46,12,816,68.0,68.0,68.0,68.0,68.0,0.0,1.0,1.0,0.0
7.22,104,19960,68.0,68.0,68.0,86.0,170.0,248412.49408284016,0.8647234678624813,0.8269230769230769,0.0
9.61,150,49816,86.0,68.0,68.0,170.0,918.8,564104.6019555555,0.7279822401054493,0.7333333333333333,0.0
6.32,46,15037,86.0,68.0,68.0,149.0,795.0,547508.1838374292,1.4426575698505524,0.7391304347826086,0.0
9.02,96,23786,68.0,68.0,68.0,81.5,170.0,494764.0933159723,1.5840304182509506,0.875,0.0
9.98,24,1632,68.0,68.0,68.0,68.0,68.0,0.0,1.0,1.0,0.0
9.81,79,9877,68.0,68.0,68.0,68.0,86.0,121687.31581477328,2.3055555555555554,0.9367088607594937,0.0
5.31,32,2176,68.0,68.0,68.0,68.0,68.0,0.0,1.0,1.0,0.0
1.47,24,1632,68.0,68.0,68.0,68.0,68.0,0.0,1.0,1.0,0.0
8.15,64,19808,77.0,68.0,68.0,107.0,1172.9000000000012,404369.25,1.0418513555303577,0.75,0.0
7.8,151,59934,86.0,68.0,68.0,170.0,1224.0,776399.1382834087,0.9564536136319123,0.7350993377483444,0.0
7.8,50,17741,86.0,68.0,68.0,170.0,1248.4,562762.5075999999,0.39725919508545326,0.68,0.0
1.07,18,6883,80.0,68.0,68.0,86.0,557.3000000000009,878776.3487654324,2.3171084337349397,0.7777777777777778,0.0
9.08,129,20216,68.0,68.0,68.0,86.0,492.0000000000001,91411.52238447209,0.5476956055734191,0.8294573643410853,0.0
5.42,24,1632,68.0,68.0,68.0,68.0,68.0,0.0,1.0,1.0,0.0
8.62,70,8247,68.0,68.0,68.0,68.0,86.0,50132.15122448981,0.7191994996873046,0.9285714285714286,0.0
6.71,28,1904,68.0,68.0,68.0,68.0,68.0,0.0,1.0,1.0,0.0
4.81,83,23626,68.0,68.0,68.0,86.0,170.0,514678.1068369865,0.8804520853231455,0.8072289156626506,0.0
3.17,8,544,68.0,68.0,68.0,68.0,68.0,0.0,1.0,1.0,0.0
2.01,117,58853,86.0,68.0,68.0,170.0,2209.6000000000004,1025650.1877419826,1.379533416892411,0.6581196581196581,0.0
4.48,35,9003,68.0,68.0,68.0,68.0,136.40000000000012,582923.2048979593,0.6675310242637525,0.8857142857142857,0.0
0.69,8,544,68.0,68.0,68.0,68.0,68.0,0.0,1.0,1.0,0.0
4.57,47,17206,86.0,68.0,68.0,170.0,852.7999999999993,594547.9076505207,1.6268702290076336,0.6382978723404256,0.0
8.67,77,10177,68.0,68.0,68.0,68.0,82.40000000000003,178958.37409343908,1.644063393089114,0.948051948051948,0.0
5.39,20,1360,68.0,68.0,68.0,68.0,68.0,0.0,1.0,1.0,0.0
0.07,4,272,68.0,68.0,68.0,68.0,68.0,0.0,1.0,1.0,0.0
4.06,61,7437,68.0,68.0,68.0,68.0,86.0,68970.63262563823,0.9805592543275633,0.9180327868852459,0.0
5.7,12,816,68.0,68.0,68.0,68.0,68.0,0.0,1.0,1.0,0.0
4.15,16,1088,68.0,68.0,68.0,68.0,68.0,0.0,1.0,1.0,0.0
7.15,158,30574,86.0,68.0,68.0,126.0,282.3000000000023,175039.70565614483,1.7376432664756447,0.740506329113924,0.0
6.29,143,45591,86.0,68.0,68.0,170.0,463.79999999999995,546778.4284806103,0.8632908288376655,0.7202797202797203,0.0
1.29,11,5421,86.0,68.0,77.0,170.0,1375.0,844843.4214876032,0.4909240924092409,0.6363636363636364,0.0
1.65,20,1360,68.0,68.0,68.0,68.0,68.0,0.0,1.0,1.0,0.0
2.31,34,20656,86.0,68.0,68.0,170.0,3017.3999999999983,1482846.8961937714,1.7011900091539165,0.6470588235294118,0.0
4.93,68,12147,68.0,68.0,68.0,68.0,170.0,203631.58542387537,0.8926456840137115,0.8823529411764706,0.0
2.11,8,544,68.0,68.0,68.0,68.0,68.0,0.0,1.0,1.0,0.0
5.86,24,1632,68.0,68.0,68.0,68.0,68.0,0.0,1.0,1.0,0.0
1.25,8,544,68.0,68.0,68.0,68.0,68.0,0.0,1.0,1.0,0.0
0.56,32,2176,68.0,68.0,68.0,68.0,68.0,0.0,1.0,1.0,0.0
4.09,26,6778,68.0,68.0,68.0,86.0,470.0,354878.1360946746,2.140871177015755,0.8076923076923077,0.0
8.77,36,2448,68.0,68.0,68.0,68.0,68.0,0.0,1.0,1.0,0.0
3.95,93,26426,68.0,68.0,68.0,86.0,170.0,551275.5472308939,0.5028434940855323,0.8279569892473119,0.0
0.04,4,272,68.0,68.0,68.0,68.0,68.0,0.0,1.0,1.0,0.0
1.16,4,272,68.0,68.0,68.0,68.0,68.0,0.0,1.0,1.0,0.0
6.08,134,55336,86.0,68.0,68.0,170.0,1838.5000000000002,723474.5651592781,0.9134163208852005,0.6940298507462687,0.0
9.13,60,17798,68.0,68.0,68.0,86.0,200.10000000000042,498395.6322222223,1.3225890643351168,0.8,0.0
8.31,97,20248,68.0,68.0,68.0,86.0,170.0,321472.54182166024,1.019952114924182,0.865979381443299,0.0
8.54,19,1728,68.0,68.0,68.0,68.0,71.6,8686.470914127423,0.5483870967741935,0.9473684210526315,0.0
6.32,83,12766,68.0,68.0,68.0,68.0,170.0,105405.2399477428,0.7237375101269241,0.8795180722891566,0.0
3.58,8,544,68.0,68.0,68.0,68.0,68.0,0.0,1.0,1.0,0.0
3.62,8,544,68.0,68.0,68.0,68.0,68.0,0.0,1.0,1.0,0.0
2.83,44,2992,68.0,68.0,68.0,68.0,68.0,0.0,1.0,1.0,0.0
7.74,64,18842,77.0,68.0,68.0,107.0,1137.000000000001,344807.9599609375,1.2706676307543987,0.75,0.0
8.82,140,54709,86.0,68.0,68.0,170.0,820.0000000000013,829022.858112245,0.8208413765559476,0.7142857142857143,0.0
9.47,79,29018,86.0,68.0,68.0,167.5,978.4000000000019,694060.08972921,1.4512586585571887,0.7341772151898734,0.0
2.41,52,5089,68.0,68.0,68.0,68.0,86.0,16131.308801775149,1.1292887029288703,0.9230769230769231,0.0
4.8,24,1632,68.0,68.0,68.0,68.0,68.0,0.0,1.0,1.0,0.0
0.71,4,272,68.0,68.0,68.0,68.0,68.0,0.0,1.0,1.0,0.0
8.03,68,11644,68.0,68.0,68.0,68.0,86.0,183772.00346020763,0.8069522036002483,0.9117647058823529,0.0
3.96,20,1360,68.0,68.0,68.0,68.0,68.0,0.0,1.0,1.0,0.0
0.45,4,272,68.0,68.0,68.0,68.0,68.0,0.0,1.0,1.0,0.0
5.62,52,3536,68.0,68.0,68.0,68.0,68.0,0.0,1.0,1.0,0.0
4.53,60,28521,86.0,68.0,68.0,170.0,2681.6000000000004,1104688.1275000002,0.7278124432059127,0.7333333333333333,0.0
5.22,29,5024,68.0,68.0,68.0,86.0,486.0,31177.217598097504,3.012779552715655,0.7586206896551724,0.0
0.25,12,2559,86.0,68.0,68.0,170.0,504.8000000000001,81638.1875,0.6627680311890838,0.6666666666666666,0.0
7.9,158,61790,86.0,68.0,68.0,170.0,1119.0000000000027,770063.551193719,0.8676137222306181,0.740506329113924,0.0
1.26,24,18066,86.0,68.0,68.0,170.0,4000.1,2160898.1875,0.9931597528684908,0.6666666666666666,0.0
8.99,83,14790,68.0,68.0,68.0,86.0,170.0,183698.61344171863,1.0679530201342282,0.8554216867469879,0.0
6.86,28,1904,68.0,68.0,68.0,68.0,68.0,0.0,1.0,1.0,0.0
8.85,72,10230,68.0,68.0,68.0,68.0,86.0,144222.46527777778,1.3297654292871783,0.9166666666666666,0.0
4.12,24,1632,68.0,68.0,68.0,68.0,68.0,0.0,1.0,1.0,0.0
2.3,12,816,68.0,68.0,68.0,68.0,68.0,0.0,1.0,1.0,0.0
6.91,92,16946,68.0,68.0,68.0,86.0,170.0,181527.76606805294,1.3213698630136985,0.8260869565217391,0.0
9.65,149,61360,86.0,68.0,68.0,170.0,1536.0000000000018,801437.3606594296,0.725728428394645,0.7248322147651006,0.0
7.59,58,19380,86.0,68.0,68.0,170.0,569.3000000000002,580807.6706302022,1.248781619865398,0.7241379310344828,0.0
1.41,16,8303,77.0,68.0,68.0,107.0,1716.0,1312203.18359375,1.142156862745098,0.75,0.0
7.75,72,5909,68.0,68.0,68.0,68.0,84.19999999999997,4145.120177469135,1.0682534126706336,0.9444444444444444,0.0
9.44,74,10691,68.0,68.0,68.0,68.0,86.0,121099.08710737768,0.8563986803264456,0.918918918918919,0.0
8.78,32,2176,68.0,68.0,68.0,68.0,68.0,0.0,1.0,1.0,0.0
7.75,106,23053,68.0,68.0,68.0,86.0,170.0,312518.74021003913,1.0402690503584389,0.8490566037735849,0.0
4.47,27,5651,68.0,68.0,68.0,86.0,170.0,221993.76406035665,1.2540885520542482,0.8518518518518519,0.0
5.61,147,57366,86.0,68.0,68.0,170.0,1516.0,715302.5658753298,0.9371243330857028,0.7142857142857143,0.0
8.75,101,24498,68.0,68.0,68.0,86.0,170.0,336147.01931183215,1.117921673726982,0.801980198019802,0.0
4.32,24,1632,68.0,68.0,68.0,68.0,68.0,0.0,1.0,1.0,0.0
2.44,12,816,68.0,68.0,68.0,68.0,68.0,0.0,1.0,1.0,0.0
0.22,4,272,68.0,68.0,68.0,68.0,68.0,0.0,1.0,1.0,0.0
2.57,44,2992,68.0,68.0,68.0,68.0,68.0,0.0,1.0,1.0,0.0
8.31,40,3894,68.0,68.0,68.0,68.0,94.40000000000012,13282.477499999999,1.3151010701545778,0.9,0.0
8.39,105,23115,68.0,68.0,68.0,86.0,170.0,233263.30340136052,0.9173025879230259,0.8285714285714286,0.0
7.6,16,1088,68.0,68.0,68.0,68.0,68.0,0.0,1.0,1.0,0.0
7.13,160,49212,86.0,68.0,68.0,170.0,968.5,415540.63187499996,1.040213921479209,0.71875,0.0
5.28,60,25245,86.0,68.0,68.0,170.0,1516.0,709957.1541666667,0.9071541890156379,0.6833333333333333,0.0
4.52,68,9998,68.0,68.0,68.0,68.0,86.0,219612.49913494813,1.5524636201174369,0.9411764705882353,0.0
1.94,4,272,68.0,68.0,68.0,68.0,68.0,0.0,1.0,1.0,0.0
3.55,12,816,68.0,68.0,68.0,68.0,68.0,0.0,1.0,1.0,0.0
2.95,44,2992,68.0,68.0,68.0,68.0,68.0,0.0,1.0,1.0,0.0
7.54,34,6381,68.0,68.0,68.0,68.0,144.79999999999995,348333.571799308,3.005649717514124,0.8823529411764706,0.0
2.53,12,816,68.0,68.0,68.0,68.0,68.0,0.0,1.0,1.0,0.0
8.99,103,22908,68.0,68.0,68.0,86.0,170.0,322017.6395513243,0.599832390530065,0.8543689320388349,0.0
6.34,118,44529,86.0,68.0,68.0,170.0,1210.8999999999999,670113.0790721058,1.0976540418315432,0.7203389830508474,0.0
8.57,72,21873,68.0,68.0,68.0,86.0,588.4999999999993,536371.0815972222,1.5657478005865102,0.7777777777777778,0.0
2.92,37,15974,86.0,68.0,68.0,170.0,1726.4,731416.7918188459,0.4645640414412762,0.6486486486486487,0.0
4.88,59,8446,68.0,68.0,68.0,68.0,86.0,231418.33266302792,0.4512027491408935,0.9322033898305084,0.0
1.49,16,1088,68.0,68.0,68.0,68.0,68.0,0.0,1.0,1.0,0.0
8.48,73,8826,68.0,68.0,68.0,68.0,86.0,79627.70313379621,1.0655277322724082,0.9315068493150684,0.0
7.26,28,1904,68.0,68.0,68.0,68.0,68.0,0.0,1.0,1.0,0.0
8.19,108,19995,68.0,68.0,68.0,86.0,170.0,153466.08256172837,0.9599098216036072,0.8425925925925926,0.0
5.73,12,816,68.0,68.0,68.0,68.0,68.0,0.0,1.0,1.0,0.0
6.85,157,65112,86.0,68.0,68.0,170.0,1493.000000000001,736044.2370887258,0.8815778066753359,0.6942675159235668,0.0
2.07,27,4174,68.0,68.0,68.0,86.0,170.0,75708.90809327846,0.7814767392232181,0.8518518518518519,0.0
9.02,113,32318,68.0,68.0,68.0,86.0,950.3999999999992,367084.7256637168,1.1985034013605442,0.7610619469026548,0.0
7.62,28,1904,68.0,68.0,68.0,68.0,68.0,0.0,1.0,1.0,0.0
5.3,52,3536,68.0,68.0,68.0,68.0,68.0,0.0,1.0,1.0,0.0
2.2,26,6755,68.0,68.0,68.0,86.0,975.5,191201.5399408284,0.33129680725266064,0.7692307692307693,0.0
1.4,4,272,68.0,68.0,68.0,68.0,68.0,0.0,1.0,1.0,0.0
0.28,4,272,68.0,68.0,68.0,68.0,68.0,0.0,1.0,1.0,0.0
4.03,20,1360,68.0,68.0,68.0,68.0,68.0,0.0,1.0,1.0,0.0
1.71,40,2720,68.0,68.0,68.0,68.0,68.0,0.0,1.0,1.0,0.0
3.79,56,18410,86.0,68.0,68.0,170.0,857.5,513379.97321428574,1.3029772329246936,0.7142857142857143,0.0
2.23,8,544,68.0,68.0,68.0,68.0,68.0,0.0,1.0,1.0,0.0
7.92,154,49060,86.0,68.0,68.0,170.0,625.5000000000047,515734.90723562153,1.2791043389389576,0.7402597402597403,0.0
4.95,25,12191,86.0,68.0,68.0,170.0,1516.0,735280.3104000001,0.6661199945332786,0.6,0.0
8.74,98,22044,68.0,68.0,68.0,86.0,170.0,321909.6084964598,1.1843043995243758,0.826530612244898,0.0
3.25,14,952,68.0,68.0,68.0,68.0,68.0,0.0,1.0,1.0,0.0
5.89,21,1428,68.0,68.0,68.0,68.0,68.0,0.0,1.1,1.0,0.0
9.87,76,10563,68.0,68.0,68.0,68.0,86.0,182062.72351108032,1.3811992786293958,0.9342105263157895,0.0
7.35,56,3808,68.0,68.0,68.0,68.0,68.0,0.0,1.0,1.0,0.0
0.42,4,272,68.0,68.0,68.0,68.0,68.0,0.0,1.0,1.0,0.0
8.1,63,20817,86.0,68.0,68.0,128.0,1013.4000000000004,558862.5623582762,0.8226950354609929,0.746031746031746,0.0
3.54,129,46840,86.0,68.0,68.0,170.0,1268.2000000000012,552394.9123249804,1.1773893640758646,0.689922480620155,0.0
9.72,72,24265,80.0,68.0,68.0,170.0,1101.299999999999,543504.2081404321,1.1899819494584838,0.7361111111111112,0.0
8.31,88,17346,68.0,68.0,68.0,68.0,86.0,347742.25981404964,1.1143344709897611,0.9090909090909091,0.0
3.2,12,816,68.0,68.0,68.0,68.0,68.0,0.0,1.0,1.0,0.0
5.05,62,11372,68.0,68.0,68.0,68.0,86.0,276888.0822060353,1.0702712543236848,0.9032258064516129,0.0
9.44,32,2176,68.0,68.0,68.0,68.0,68.0,0.0,1.0,1.0,0.0
0.27,4,272,68.0,68.0,68.0,68.0,68.0,0.0,1.0,1.0,0.0
5.25,97,25267,68.0,68.0,68.0,86.0,170.0,424964.22914231045,0.8580042650194867,0.8350515463917526,0.0
7.97,16,1088,68.0,68.0,68.0,68.0,68.0,0.0,1.0,1.0,0.0
6.03,151,54005,86.0,68.0,68.0,170.0,1336.0,557556.4529625893,1.0854572134692617,0.7284768211920529,0.0
1.11,11,4399,86.0,68.0,86.0,445.5,1342.0,268772.0826446281,0.3460832313341493,0.5454545454545454,0.0
9.63,104,28045,68.0,68.0,68.0,86.0,187.50000000000006,373308.49251109466,1.0375617553036909,0.7980769230769231,0.0
8.36,32,2176,68.0,68.0,68.0,68.0,68.0,0.0,1.0,1.0,0.0
0.87,8,544,68.0,68.0,68.0,68.0,68.0,0.0,1.0,1.0,0.0
5.51,72,9119,68.0,68.0,68.0,68.0,84.19999999999997,156016.08777006168,1.7861289336999695,0.9444444444444444,0.0
6.15,24,1632,68.0,68.0,68.0,68.0,68.0,0.0,1.0,1.0,0.0
3.62,89,23047,68.0,68.0,68.0,86.0,170.0,496214.87438454747,1.357025976682348,0.8202247191011236,0.0
2.81,4,272,68.0,68.0,68.0,68.0,68.0,0.0,1.0,1.0,0.0
7.08,137,51672,86.0,68.0,68.0,170.0,915.8000000000006,708309.1032020887,0.7988511749347258,0.708029197080292,0.0
8.8,62,18734,68.0,68.0,68.0,86.0,170.0,533120.3288241415,0.7638640429338104,0.8064516129032258,0.0
3.03,28,9103,86.0,68.0,68.0,170.0,964.3000000000006,408251.4528061225,1.0108239452175833,0.7142857142857143,0.0
3.22,52,5098,68.0,68.0,68.0,68.0,86.0,21486.53698224853,1.3689591078066914,0.9230769230769231,0.0
7.08,28,1904,68.0,68.0,68.0,68.0,68.0,0.0,1.0,1.0,0.0
4.7,48,3264,68.0,68.0,68.0,68.0,68.0,0.0,1.0,1.0,0.0
1.48,19,6609,86.0,68.0,68.0,170.0,683.1999999999992,487760.6592797784,1.4725028058361391,0.6842105263157895,0.0
2.63,20,1360,68.0,68.0,68.0,68.0,68.0,0.0,1.0,1.0,0.0
9.31,76,9356,68.0,68.0,68.0,68.0,77.0,154725.2257617729,1.915550015581178,0.9473684210526315,0.0
2.29,42,14596,86.0,68.0,68.0,170.0,576.9999999999998,601507.5827664398,1.1604499703966844,0.6904761904761905,0.0
3.25,12,816,68.0,68.0,68.0,68.0,68.0,0.0,1.0,1.0,0.0
6.0,151,49920,86.0,68.0,68.0,170.0,694.0,547431.5917722908,1.4256559766763848,0.7218543046357616,0.0
1.93,12,6001,86.0,68.0,68.0,170.0,1325.6000000000004,1009523.0763888886,0.4748095355124109,0.6666666666666666,0.0
0.34,12,4998,86.0,68.0,68.0,170.0,1098.8000000000004,627884.75,1.975,0.6666666666666666,0.0
0.72,12,5824,86.0,68.0,68.0,170.0,1849.4000000000005,787068.2222222224,1.316626889419252,0.6666666666666666,0.0
7.18,82,21637,68.0,68.0,68.0,86.0,170.0,551031.5551754907,1.7360900354071827,0.8536585365853658,0.0
6.1,24,1632,68.0,68.0,68.0,68.0,68.0,0.0,1.0,1.0,0.0
5.16,32,2176,68.0,68.0,68.0,68.0,68.0,0.0,1.0,1.0,0.0
2.94,37,6949,68.0,68.0,68.0,68.0,170.0,215130.80204528855,1.2635179153094462,0.8648648648648649,0.0
5.26,20,1360,68.0,68.0,68.0,68.0,68.0,0.0,1.0,1.0,0.0
2.03,8,544,68.0,68.0,68.0,68.0,68.0,0.0,1.0,1.0,0.0
0.65,4,272,68.0,68.0,68.0,68.0,68.0,0.0,1.0,1.0,0.0
0.79,8,544,68.0,68.0,68.0,68.0,68.0,0.0,1.0,1.0,0.0
9.38,104,24738,68.0,68.0,68.0,86.0,170.0,424905.9818786982,1.3654618473895583,0.8365384615384616,0.0
3.12,12,816,68.0,68.0,68.0,68.0,68.0,0.0,1.0,1.0,0.0
7.75,159,56701,86.0,68.0,68.0,170.0,1336.400000000001,543563.4202760968,1.0493349718085876,0.7169811320754716,0.0
1.66,26,11698,86.0,68.0,68.0,170.0,1469.5,870260.2248520709,0.5146963615175449,0.6538461538461539,0.0
9.97,105,25384,68.0,68.0,68.0,80.0,170.0,448433.5386848073,0.9255101266782978,0.8666666666666667,0.0
9.63,74,8680,68.0,68.0,68.0,68.0,86.0,113731.07377647913,2.214814814814815,0.9324324324324325,0.0
9.56,36,2448,68.0,68.0,68.0,68.0,68.0,0.0,1.0,1.0,0.0
3.55,44,2992,68.0,68.0,68.0,68.0,68.0,0.0,1.0,1.0,0.0
8.85,64,22410,83.0,68.0,68.0,107.0,1420.3000000000022,597799.4130859375,1.0981181537309241,0.75,0.0
5.79,136,56583,86.0,68.0,68.0,170.0,1556.5,775199.7105860726,1.2076001716671219,0.6985294117647058,0.0
0.05,2,136,68.0,68.0,68.0,68.0,68.0,0.0,1.0,1.0,0.0
1.24,14,952,68.0,68.0,68.0,68.0,68.0,0.0,1.0,1.0,0.0
4.53,16,7719,77.0,68.0,68.0,107.0,1659.5,1092850.37109375,0.9512133468149646,0.75,0.0
7.5,101,23887,68.0,68.0,68.0,86.0,170.0,389486.92324281944,1.1963037881574108,0.801980198019802,0.0
0.81,4,272,68.0,68.0,68.0,68.0,68.0,0.0,1.0,1.0,0.0
9.43,32,2176,68.0,68.0,68.0,68.0,68.0,0.0,1.0,1.0,0.0
3.9,48,3264,68.0,68.0,68.0,68.0,68.0,0.0,1.0,1.0,0.0
7.48,40,8354,68.0,68.0,68.0,72.5,191.00000000000028,257555.57750000004,1.2481162540365984,0.85,0.0
0.58,4,272,68.0,68.0,68.0,68.0,68.0,0.0,1.0,1.0,0.0
7.11,56,3808,68.0,68.0,68.0,68.0,68.0,0.0,1.0,1.0,0.0
4.94,54,24090,86.0,68.0,68.0,170.0,1506.1000000000001,813700.3580246912,0.5586180124223602,0.6851851851851852,0.0
1.08,4,272,68.0,68.0,68.0,68.0,68.0,0.0,1.0,1.0,0.0
4.17,25,8712,68.0,68.0,68.0,86.0,177.20000000000002,820389.6096000001,0.952050190454851,0.84,0.0
4.71,129,42928,86.0,68.0,68.0,170.0,674.8000000000005,608397.2440358152,0.5561516711375335,0.7209302325581395,0.0
6.83,48,19388,86.0,68.0,68.0,170.0,905.2000000000023,764873.7430555555,0.7189467151343204,0.6666666666666666,0.0
5.31,69,16124,68.0,68.0,68.0,68.0,170.0,522672.1012392355,1.9005216765605324,0.8840579710144928,0.0
6.7,28,1904,68.0,68.0,68.0,68.0,68.0,0.0,1.0,1.0,0.0
6.04,52,3536,68.0,68.0,68.0,68.0,68.0,0.0,1.0,1.0,0.0
5.84,36,9820,68.0,68.0,68.0,86.0,714.0,341306.50617283944,0.8158284023668639,0.8055555555555556,0.0
0.18,4,272,68.0,68.0,68.0,68.0,68.0,0.0,1.0,1.0,0.0
0.08,4,272,68.0,68.0,68.0,68.0,68.0,0.0,1.0,1.0,0.0
3.29,12,816,68.0,68.0,68.0,68.0,68.0,0.0,1.0,1.0,0.0
4.94,91,26770,68.0,68.0,68.0,86.0,1081.0,444118.4745803647,1.309351276742581,0.7912087912087912,0.0
2.53,4,272,68.0,68.0,68.0,68.0,68.0,0.0,1.0,1.0,0.0
5.09,27,5155,68.0,68.0,68.0,86.0,170.0,231483.03155006855,2.201863354037267,0.8518518518518519,0.0
6.19,143,47766,86.0,68.0,68.0,170.0,1165.1999999999996,536822.3208958873,0.9639817441717035,0.7132867132867133,0.0
2.79,37,19275,86.0,68.0,68.0,170.0,2172.9999999999995,1032065.0241051866,1.5652116050039926,0.6756756756756757,0.0
3.97,64,10284,68.0,68.0,68.0,72.5,170.0,141476.12109375,0.7922621122342279,0.875,0.0
9.89,36,2448,68.0,68.0,68.0,68.0,68.0,0.0,1.0,1.0,0.0
7.74,80,7524,68.0,68.0,68.0,68.0,69.80000000000015,21432.322500000006,0.881470367591898,0.95,0.0
6.71,56,3808,68.0,68.0,68.0,68.0,68.0,0.0,1.0,1.0,0.0
5.2,60,21782,86.0,68.0,68.0,170.0,1526.8000000000004,559697.7988888888,0.7693119974006986,0.7333333333333333,0.0
0.99,4,272,68.0,68.0,68.0,68.0,68.0,0.0,1.0,1.0,0.0
8.97,156,54405,86.0,68.0,68.0,170.0,1191.0,599665.4823717949,0.7175464073746686,0.7435897435897436,0.0
8.5,64,28641,86.0,68.0,68.0,170.0,1504.6000000000001,768802.4685058594,0.436143007571579,0.640625,0.0
3.07,52,7024,68.0,68.0,68.0,68.0,86.0,183638.26331360952,2.5208020050125315,0.9230769230769231,0.0
7.09,28,1904,68.0,68.0,68.0,68.0,68.0,0.0,1.0,1.0,0.0
6.72,56,3808,68.0,68.0,68.0,68.0,68.0,0.0,1.0,1.0,0.0
6.0,33,7538,68.0,68.0,68.0,86.0,170.0,305379.57759412297,1.8423831070889893,0.8484848484848485,0.0
3.65,12,816,68.0,68.0,68.0,68.0,68.0,0.0,1.0,1.0,0.0
9.2,103,27124,68.0,68.0,68.0,86.0,170.0,499351.56414365146,0.7228150406504065,0.8446601941747572,0.0
8.6,144,52378,86.0,68.0,68.0,170.0,1479.700000000002,530990.9442515431,0.8817316328363571,0.7083333333333334,0.0
2.62,28,6776,68.0,68.0,68.0,86.0,170.0,528065.2142857143,2.7665369649805447,0.8571428571428571,0.0
8.18,102,30995,68.0,68.0,68.0,86.0,775.4000000000024,520933.4445405612,1.153926337734538,0.7843137254901961,0.0
4.92,24,1632,68.0,68.0,68.0,68.0,68.0,0.0,1.0,1.0,0.0
9.91,75,10916,68.0,68.0,68.0,68.0,86.0,143606.24782222224,1.2981052631578947,0.92,0.0
5.94,24,1632,68.0,68.0,68.0,68.0,68.0,0.0,1.0,1.0,0.0
4.44,16,1088,68.0,68.0,68.0,68.0,68.0,0.0,1.0,1.0,0.0
5.78,113,22560,68.0,68.0,68.0,86.0,170.0,199935.9100947607,1.2148046338111134,0.7876106194690266,0.0
4.46,12,816,68.0,68.0,68.0,68.0,68.0,0.0,1.0,1.0,0.0
3.35,135,57936,86.0,68.0,68.0,170.0,1400.400000000001,878510.1609876542,1.2956769822086618,0.6962962962962963,0.0
4.08,36,6624,68.0,68.0,68.0,68.0,128.0,202640.0,0.8461538461538461,0.8888888888888888,0.0
5.99,53,24188,86.0,68.0,68.0,170.0,2044.0000000000007,835432.4613741542,0.753261815018846,0.6792452830188679,0.0
7.66,72,10990,68.0,68.0,68.0,68.0,84.19999999999997,267608.86959876545,1.553438661710037,0.9444444444444444,0.0
5.93,24,1632,68.0,68.0,68.0,68.0,68.0,0.0,1.0,1.0,0.0
3.07,52,9066,68.0,68.0,68.0,68.0,161.59999999999988,124280.99556213018,0.5410504844467109,0.8846153846153846,0.0
6.06,24,1632,68.0,68.0,68.0,68.0,68.0,0.0,1.0,1.0,0.0
6.73,56,3808,68.0,68.0,68.0,68.0,68.0,0.0,1.0,1.0,0.0
3.17,57,19874,86.0,68.0,68.0,170.0,674.3999999999997,573468.8538011697,0.7418054338299737,0.7192982456140351,0.0
0.51,4,272,68.0,68.0,68.0,68.0,68.0,0.0,1.0,1.0,0.0
8.77,158,60170,86.0,68.0,68.0,170.0,1123.4000000000028,730883.5888479409,0.8253799714831781,0.7341772151898734,0.0
6.82,47,18832,86.0,68.0,68.0,170.0,1315.8,652555.4938886374,0.9684331556391763,0.6595744680851063,0.0
4.14,64,10915,68.0,68.0,68.0,72.5,170.0,224953.71655273438,0.7137698225781127,0.875,0.0
1.78,20,1360,68.0,68.0,68.0,68.0,68.0,0.0,1.0,1.0,0.0
7.06,16,1088,68.0,68.0,68.0,68.0,68.0,0.0,1.0,1.0,0.0
5.8,65,8826,68.0,68.0,68.0,68.0,86.0,140699.06130177513,1.6737352317479552,0.9230769230769231,0.0
1.64,16,1088,68.0,68.0,68.0,68.0,68.0,0.0,1.0,1.0,0.0
8.46,64,4352,68.0,68.0,68.0,68.0,68.0,0.0,1.0,1.0,0.0
2.31,54,19453,86.0,68.0,68.0,170.0,1126.5000000000018,586722.812414266,1.5930418555051986,0.7037037037037037,0.0
8.23,142,51732,86.0,68.0,68.0,170.0,984.0000000000009,644991.1575084307,1.16,0.704225352112676,0.0
7.75,56,16647,68.0,68.0,68.0,86.0,252.5,509204.0889668366,1.2751127511275113,0.7857142857142857,0.0
3.39,29,12421,86.0,68.0,68.0,170.0,1536.3999999999996,840294.2140309154,0.8998164576323034,0.7241379310344828,0.0
2.22,48,7282,68.0,68.0,68.0,68.0,86.0,211583.83159722222,0.46873739411052845,0.9166666666666666,0.0
1.49,20,1360,68.0,68.0,68.0,68.0,68.0,0.0,1.0,1.0,0.0
8.91,24,1632,68.0,68.0,68.0,68.0,68.0,0.0,1.0,1.0,0.0
5.29,75,12343,68.0,68.0,68.0,68.0,86.0,172616.80462222223,1.13214717567801,0.9066666666666666,0.0
2.81,12,816,68.0,68.0,68.0,68.0,68.0,0.0,1.0,1.0,0.0
2.0,8,544,68.0,68.0,68.0,68.0,68.0,0.0,1.0,1.0,0.0
7.2,96,21074,68.0,68.0,68.0,86.0,170.0,331847.64539930556,1.5451690821256039,0.8333333333333334,0.0
9.53,149,56632,86.0,68.0,68.0,170.0,884.0000000000026,754212.9599567588,0.9222048740750798,0.7248322147651006,0.0
0.22,8,544,68.0,68.0,68.0,68.0,68.0,0.0,1.0,1.0,0.0
2.98,16,3640,77.0,68.0,68.0,107.0,443.5,167711.875,1.734785875281743,0.75,0.0
7.13,89,20975,68.0,68.0,68.0,86.0,179.40000000000015,335415.2084332786,0.663626269035533,0.8089887640449438,0.0
0.37,12,5107,86.0,69.2,80.0,170.0,1669.4000000000005,546296.2430555556,0.7850401957357567,0.6666666666666666,0.0
0.07,2,136,68.0,68.0,68.0,68.0,68.0,0.0,1.0,1.0,0.0
6.24,26,1768,68.0,68.0,68.0,68.0,68.0,0.0,1.0,1.0,0.0
7.26,70,9115,68.0,68.0,68.0,68.0,86.0,131775.0540816326,2.416416791604198,0.9285714285714286,0.0
5.34,20,1360,68.0,68.0,68.0,68.0,68.0,0.0,1.0,1.0,0.0
0.6,4,272,68.0,68.0,68.0,68.0,68.0,0.0,1.0,1.0,0.0
8.9,110,28611,68.0,68.0,68.0,86.0,170.0,427823.72636363626,0.9009368148295794,0.8363636363636363,0.0
0.64,4,272,68.0,68.0,68.0,68.0,68.0,0.0,1.0,1.0,0.0
7.22,140,61216,86.0,68.0,68.0,170.0,2223.4,919746.3910204085,1.0607978454805589,0.7142857142857143,0.0
8.4,66,32193,77.0,68.0,68.0,149.0,2205.0,1189760.2362258954,0.9338619571093891,0.7424242424242424,0.0
0.57,13,8374,86.0,68.0,86.0,943.0,1516.0,963076.4378698225,0.8805299797889063,0.5384615384615384,0.0
6.99,90,9774,68.0,68.0,68.0,68.0,86.0,80805.10666666669,1.6675764192139737,0.9111111111111111,0.0
1.39,8,544,68.0,68.0,68.0,68.0,68.0,0.0,1.0,1.0,0.0
9.48,87,10899,68.0,68.0,68.0,68.0,86.0,66029.96987713041,0.6424050632911392,0.9310344827586207,0.0
1.12,4,272,68.0,68.0,68.0,68.0,68.0,0.0,1.0,1.0,0.0
0.33,4,272,68.0,68.0,68.0,68.0,68.0,0.0,1.0,1.0,0.0
9.94,107,21706,68.0,68.0,68.0,86.0,170.0,318628.68128220807,0.9955870184793602,0.8504672897196262,0.0
5.96,61,22613,86.0,68.0,68.0,170.0,647.0,695070.9293200752,0.8289388547395665,0.7377049180327869,0.0
3.98,97,34996,80.0,68.0,68.0,86.0,1269.6000000000017,634474.2727176109,1.2324572595049759,0.7525773195876289,0.0
7.96,46,18996,86.0,68.0,68.0,170.0,1173.5,747313.6937618149,2.1003753876285294,0.6521739130434783,0.0
2.68,40,7187,68.0,68.0,68.0,68.0,94.40000000000012,352732.91937499994,2.8026455026455026,0.9,0.0
2.55,41,10306,86.0,68.0,68.0,170.0,516.0,213472.23200475905,0.36775049767750495,0.7317073170731707,0.0
1.42,20,1360,68.0,68.0,68.0,68.0,68.0,0.0,1.0,1.0,0.0
6.81,26,4564,68.0,68.0,68.0,86.0,516.0,34826.55621301776,5.711764705882353,0.7692307692307693,0.0
8.29,87,6999,68.0,68.0,68.0,68.0,68.0,3860.5921521997616,1.036368926389293,0.9540229885057471,0.0
3.61,8,544,68.0,68.0,68.0,68.0,68.0,0.0,1.0,1.0,0.0
7.86,106,23412,68.0,68.0,68.0,86.0,170.0,280600.05802776787,1.2492074166586609,0.8490566037735849,0.0
1.76,8,544,68.0,68.0,68.0,68.0,68.0,0.0,1.0,1.0,0.0
7.93,156,62026,86.0,68.0,68.0,170.0,1372.5,713867.585634451,1.3665916288297912,0.717948717948718,0.0
2.82,18,2586,68.0,68.0,68.0,86.0,170.0,53863.55555555556,2.180811808118081,0.7777777777777778,0.0
3.36,35,13938,86.0,68.0,68.0,170.0,1054.8000000000009,730734.1763265308,0.3383906280007682,0.6571428571428571,0.0
1.71,24,1632,68.0,68.0,68.0,68.0,68.0,0.0,1.0,1.0,0.0
6.02,52,6900,68.0,68.0,68.0,68.0,86.0,94844.28994082843,1.2802379378717779,0.9230769230769231,0.0
7.79,60,4080,68.0,68.0,68.0,68.0,68.0,0.0,1.0,1.0,0.0
9.36,45,6263,68.0,68.0,68.0,68.0,86.0,108793.47950617287,1.4794140934283453,0.9111111111111111,0.0
1.68,8,544,68.0,68.0,68.0,68.0,68.0,0.0,1.0,1.0,0.0
1.1,40,2720,68.0,68.0,68.0,68.0,68.0,0.0,1.0,1.0,0.0
4.24,86,29542,86.0,68.0,68.0,170.0,691.0,523609.9707950244,0.6460689808881708,0.6744186046511628,0.0
6.72,77,20843,86.0,68.0,86.0,222.0,486.0,256340.21453870804,3.8014282423404744,0.5844155844155844,0.0
8.48,163,59686,80.0,68.0,68.0,97.0,1313.0000000000007,679860.7312281231,1.0909441233140655,0.7484662576687117,0.0
4.74,45,19391,86.0,68.0,68.0,170.0,1470.2,677788.5698765432,1.6246616134271792,0.6444444444444445,0.0
9.19,76,9839,68.0,68.0,68.0,68.0,77.0,211096.56423130204,2.17797157622739,0.9473684210526315,0.0
8.06,60,4080,68.0,68.0,68.0,68.0,68.0,0.0,1.0,1.0,0.0
4.36,22,4345,68.0,68.0,68.0,86.0,339.2000000000004,115053.97727272728,0.6140416047548292,0.7727272727272727,0.0
5.23,24,1632,68.0,68.0,68.0,68.0,68.0,0.0,1.0,1.0,0.0
4.05,48,3264,68.0,68.0,68.0,68.0,68.0,0.0,1.0,1.0,0.0
5.1,54,18975,86.0,68.0,68.0,170.0,804.0000000000024,641905.1265432099,1.4713467048710602,0.7037037037037037,0.0
8.9,147,54690,86.0,68.0,68.0,170.0,1282.4000000000012,613836.5289462723,0.8675727359650321,0.7142857142857143,0.0
4.5,28,6443,68.0,68.0,68.0,86.0,170.0,352291.0242346939,0.577233782129743,0.8571428571428571,0.0
8.11,104,29888,68.0,68.0,68.0,86.0,613.7000000000008,470369.5828402367,1.1796966161026838,0.7884615384615384,0.0
3.85,24,1632,68.0,68.0,68.0,68.0,68.0,0.0,1.0,1.0,0.0
3.61,7,912,68.0,68.0,68.0,77.0,246.00000000000014,21127.346938775507,0.288135593220339,0.8571428571428571,0.0
5.89,52,3536,68.0,68.0,68.0,68.0,68.0,0.0,1.0,1.0,0.0
6.98,42,7903,68.0,68.0,68.0,68.0,170.0,237864.757936508,1.4505426356589148,0.8571428571428571,0.0
0.49,4,272,68.0,68.0,68.0,68.0,68.0,0.0,1.0,1.0,0.0
3.62,48,3264,68.0,68.0,68.0,68.0,68.0,0.0,1.0,1.0,0.0
6.4,60,23215,86.0,68.0,68.0,170.0,1175.7000000000019,694912.7430555555,0.9485479268087964,0.7333333333333333,0.0
2.22,8,544,68.0,68.0,68.0,68.0,68.0,0.0,1.0,1.0,0.0
9.46,173,63411,86.0,68.0,68.0,170.0,628.6,726683.40465769,1.1401667285429815,0.7341040462427746,0.0
5.19,58,27090,86.0,68.0,68.0,170.0,1537.0000000000002,920316.7193816885,0.9210041128917884,0.6896551724137931,0.0
6.44,70,9363,68.0,68.0,68.0,68.0,86.0,130331.84102040812,0.939714108141703,0.9428571428571428,0.0
1.72,8,544,68.0,68.0,68.0,68.0,68.0,0.0,1.0,1.0,0.0
6.32,64,6367,68.0,68.0,68.0,68.0,86.0,22989.624755859375,0.9890659169009685,0.9375,0.0
9.05,32,2176,68.0,68.0,68.0,68.0,68.0,0.0,1.0,1.0,0.0
5.65,87,18458,68.0,68.0,68.0,86.0,170.0,332360.7787026027,1.0901370173253313,0.8620689655172413,0.0
6.89,24,5361,68.0,68.0,68.0,86.0,170.0,410377.484375,0.30596833130328865,0.8333333333333334,0.0
0.32,4,272,68.0,68.0,68.0,68.0,68.0,0.0,1.0,1.0,0.0
6.64,160,58721,86.0,68.0,68.0,170.0,1167.8999999999999,636984.6687109375,1.2258822637504265,0.7125,0.0
5.9,53,15381,86.0,68.0,68.0,170.0,495.40000000000066,430307.7871128516,1.3482442748091603,0.6981132075471698,0.0
4.79,68,9404,68.0,68.0,68.0,68.0,86.0,195096.29584775082,1.7732232379828958,0.9411764705882353,0.0
6.05,12,816,68.0,68.0,68.0,68.0,68.0,0.0,1.0,1.0,0.0
3.16,12,816,68.0,68.0,68.0,68.0,68.0,0.0,1.0,1.0,0.0
5.03,66,8402,68.0,68.0,68.0,68.0,86.0,67501.15059687788,0.8030042918454936,0.9242424242424242,0.0
6.58,16,1088,68.0,68.0,68.0,68.0,68.0,0.0,1.0,1.0,0.0
7.71,102,26517,68.0,68.0,68.0,86.0,170.0,506183.5775663207,1.2435908283272696,0.8431372549019608,0.0
2.13,8,544,68.0,68.0,68.0,68.0,68.0,0.0,1.0,1.0,0.0
0.62,4,272,68.0,68.0,68.0,68.0,68.0,0.0,1.0,1.0,0.0
4.03,125,53040,86.0,68.0,68.0,170.0,1844.600000000003,736724.6655999996,0.9769652241976965,0.68,0.0
9.0,69,20248,68.0,68.0,68.0,86.0,615.2000000000005,437307.23293425736,0.7065318162663295,0.7536231884057971,0.0
0.63,12,6134,86.0,68.0,68.0,170.0,1973.6000000000008,893389.638888889,0.7616312464101092,0.6666666666666666,0.0
3.4,52,8090,68.0,68.0,68.0,68.0,86.0,224298.62869822487,1.8455856489623637,0.9230769230769231,0.0
4.77,24,1632,68.0,68.0,68.0,68.0,68.0,0.0,1.0,1.0,0.0
6.59,40,2720,68.0,68.0,68.0,68.0,68.0,0.0,1.0,1.0,0.0
9.28,54,6806,68.0,68.0,68.0,68.0,86.0,101748.51714677646,1.7029388403494836,0.9259259259259259,0.0
0.6,4,272,68.0,68.0,68.0,68.0,68.0,0.0,1.0,1.0,0.0
4.1,17,1156,68.0,68.0,68.0,68.0,68.0,0.0,1.125,1.0,0.0
7.76,93,24858,68.0,68.0,68.0,86.0,959.9999999999998,313762.98022892827,0.7231387772078192,0.7956989247311828,0.0
9.26,148,47028,86.0,68.0,68.0,170.0,568.2000000000038,530414.184075968,1.0040056249201006,0.7297297297297297,0.0
7.9,63,26226,86.0,68.0,68.0,170.0,1516.0,537305.8231292517,0.6373852781419741,0.6825396825396826,0.0
7.07,116,24247,68.0,68.0,68.0,86.0,183.0,382985.38726218784,0.774646856473688,0.8448275862068966,0.0
2.08,8,544,68.0,68.0,68.0,68.0,68.0,0.0,1.0,1.0,0.0
5.38,52,3536,68.0,68.0,68.0,68.0,68.0,0.0,1.0,1.0,0.0
5.01,33,5027,68.0,68.0,68.0,80.0,153.20000000000005,88303.19191919192,0.9063329541145241,0.8787878787878788,0.0
4.91,20,1360,68.0,68.0,68.0,68.0,68.0,0.0,1.0,1.0,0.0
6.41,99,19805,68.0,68.0,68.0,86.0,170.0,195898.14896439144,1.011476741824091,0.8282828282828283,0.0
3.26,12,816,68.0,68.0,68.0,68.0,68.0,0.0,1.0,1.0,0.0
9.85,170,61081,86.0,68.0,68.0,170.0,880.9999999999999,664379.3747058823,0.8420639946922405,0.7411764705882353,0.0
3.31,37,7808,86.0,68.0,68.0,170.0,613.6,96171.1073776479,0.9104477611940298,0.6756756756756757,0.0
1.55,16,6048,77.0,68.0,68.0,107.0,1026.5,625618.125,1.4221065278334,0.75,0.0
5.49,72,9841,68.0,68.0,68.0,68.0,84.19999999999997,218131.384066358,0.5091243674283086,0.9444444444444444,0.0
1.8,8,544,68.0,68.0,68.0,68.0,68.0,0.0,1.0,1.0,0.0
4.86,48,3264,68.0,68.0,68.0,68.0,68.0,0.0,1.0,1.0,0.0
8.04,42,9280,68.0,68.0,68.0,68.0,170.0,221773.75963718825,0.67933405718422,0.8571428571428571,0.0
5.6,40,2720,68.0,68.0,68.0,68.0,68.0,0.0,1.0,1.0,0.0
5.61,70,16397,68.0,68.0,68.0,86.0,190.00000000000028,286528.49816326535,1.6476667204908768,0.7714285714285715,0.0
7.16,140,54912,86.0,68.0,68.0,170.0,963.8000000000036,784509.290612245,0.8587773339652021,0.7142857142857143,0.0
6.27,35,6550,68.0,68.0,68.0,68.0,136.40000000000012,249031.83673469388,1.7155887230514095,0.8857142857142857,0.0
1.23,24,13330,86.0,68.0,68.0,170.0,2408.699999999999,1175304.2430555557,0.8905119841157283,0.6666666666666666,0.0
6.96,81,23503,68.0,68.0,68.0,86.0,170.0,593969.0976985216,0.8622137706996276,0.8395061728395061,0.0
1.42,20,1360,68.0,68.0,68.0,68.0,68.0,0.0,1.0,1.0,0.0
3.55,12,816,68.0,68.0,68.0,68.0,68.0,0.0,1.0,1.0,0.0
9.56,82,10449,68.0,68.0,68.0,68.0,86.0,66907.1958655562,0.4972059034245594,0.926829268292683,0.0
6.31,28,1904,68.0,68.0,68.0,68.0,68.0,0.0,1.0,1.0,0.0
9.08,92,26357,68.0,68.0,68.0,86.0,170.0,568014.0324905481,1.3207713304569868,0.8260869565217391,0.0
7.09,140,51202,86.0,68.0,68.0,170.0,1012.0000000000011,659087.8120408164,1.2578824359483176,0.7071428571428572,0.0
9.74,67,23818,68.0,68.0,68.0,128.0,857.1999999999985,618309.6230786366,0.9303022935408056,0.746268656716418,0.0
5.65,68,10720,68.0,68.0,68.0,68.0,170.0,218911.49307958467,0.40277414289453023,0.8823529411764706,0.0
8.59,32,2176,68.0,68.0,68.0,68.0,68.0,0.0,1.0,1.0,0.0
5.11,59,8536,68.0,68.0,68.0,68.0,86.0,103157.9132433209,0.8621291448516579,0.9152542372881356,0.0
5.34,24,1632,68.0,68.0,68.0,68.0,68.0,0.0,1.0,1.0,0.0
6.7,56,3808,68.0,68.0,68.0,68.0,68.0,0.0,1.0,1.0,0.0
6.61,55,17794,86.0,68.0,68.0,170.0,887.0000000000005,475466.43107437994,1.955323036040525,0.7090909090909091,0.0
2.96,12,816,68.0,68.0,68.0,68.0,68.0,0.0,1.0,1.0,0.0
5.02,136,58724,86.0,68.0,68.0,170.0,1756.0,821809.6634948096,1.232257574029726,0.6985294117647058,0.0
3.18,29,6807,68.0,68.0,68.0,86.0,172.39999999999998,335832.88941736025,1.2143786597267403,0.8620689655172413,0.0
6.15,59,23839,86.0,68.0,68.0,170.0,1533.4000000000005,662224.2177535192,0.9433439308714437,0.711864406779661,0.0
0.29,20,1360,68.0,68.0,68.0,68.0,68.0,0.0,1.0,1.0,0.0
3.78,44,8961,68.0,68.0,68.0,68.0,86.0,354723.2701446281,0.8711630820630611,0.9090909090909091,0.0
9.17,24,1632,68.0,68.0,68.0,68.0,68.0,0.0,1.0,1.0,0.0
2.69,52,8238,68.0,68.0,68.0,68.0,86.0,254067.70562130178,2.009864815491414,0.9230769230769231,0.0
3.09,20,1360,68.0,68.0,68.0,68.0,68.0,0.0,1.0,1.0,0.0
9.73,108,24845,68.0,68.0,68.0,86.0,170.0,438754.59970850474,1.246383363471971,0.8518518518518519,0.0
5.56,12,816,68.0,68.0,68.0,68.0,68.0,0.0,1.0,1.0,0.0
2.56,20,4799,68.0,68.0,68.0,86.0,197.8000000000004,366012.84750000003,0.3326853651763399,0.8,0.0
2.46,115,48602,86.0,68.0,68.0,170.0,1364.6000000000017,760802.6862759923,0.9160293306000158,0.6869565217391305,0.0
6.82,44,12282,68.0,68.0,68.0,86.0,170.0,430114.9814049587,0.8947855600123419,0.8181818181818182,0.0
8.78,99,21734,68.0,68.0,68.0,86.0,170.0,321711.54167942045,1.367022435199303,0.8383838383838383,0.0
3.85,15,1020,68.0,68.0,68.0,68.0,68.0,0.0,0.875,1.0,0.0
5.15,20,1360,68.0,68.0,68.0,68.0,68.0,0.0,1.0,1.0,0.0
7.17,73,7422,68.0,68.0,68.0,68.0,84.79999999999998,33535.75492587727,1.2056463595839524,0.9452054794520548,0.0
9.03,64,4352,68.0,68.0,68.0,68.0,68.0,0.0,1.0,1.0,0.0
3.01,52,15939,86.0,68.0,68.0,170.0,1195.1,313213.01886094676,0.8386203714384589,0.6923076923076923,0.0
0.83,4,272,68.0,68.0,68.0,68.0,68.0,0.0,1.0,1.0,0.0
1.7,8,544,68.0,68.0,68.0,68.0,68.0,0.0,1.0,1.0,0.0
3.95,134,56634,86.0,68.0,68.0,170.0,1700.4000000000012,816036.7373579863,1.0544128849711611,0.7014925373134329,0.0
0.25,4,272,68.0,68.0,68.0,68.0,68.0,0.0,1.0,1.0,0.0
5.03,29,8336,68.0,68.0,68.0,86.0,170.0,589957.4887039238,0.9305233904585456,0.8620689655172413,0.0
5.78,57,18263,86.0,68.0,68.0,170.0,1206.3999999999999,329775.3985841797,0.5900226362528296,0.6842105263157895,0.0
1.97,48,9631,68.0,68.0,68.0,68.0,86.0,401556.8537326388,0.6911325724319578,0.9166666666666666,0.0
5.96,24,1632,68.0,68.0,68.0,68.0,68.0,0.0,1.0,1.0,0.0
6.93,56,3808,68.0,68.0,68.0,68.0,68.0,0.0,1.0,1.0,0.0
9.13,43,5523,68.0,68.0,68.0,68.0,153.20000000000036,54910.060573282855,0.5834288990825688,0.8837209302325582,0.0
0.37,4,272,68.0,68.0,68.0,68.0,68.0,0.0,1.0,1.0,0.0
6.28,98,29210,68.0,68.0,68.0,86.0,170.0,611397.7921699291,1.0719250957582636,0.8367346938775511,0.0
3.94,8,544,68.0,68.0,68.0,68.0,68.0,0.0,1.0,1.0,0.0
1.02,4,272,68.0,68.0,68.0,68.0,68.0,0.0,1.0,1.0,0.0
4.76,126,49430,86.0,68.0,68.0,170.0,1202.5,688059.9249181154,0.8534628220030748,0.6825396825396826,0.0
3.48,36,4683,68.0,68.0,68.0,68.0,128.0,54277.46527777778,1.266698935140368,0.8888888888888888,0.0
7.05,91,25621,68.0,68.0,68.0,86.0,170.0,452577.19260958827,1.1823679727427598,0.8021978021978022,0.0
2.39,16,8025,77.0,68.0,68.0,107.0,1705.0,1203074.12109375,0.9239990409973627,0.75,0.0
5.96,24,1632,68.0,68.0,68.0,68.0,68.0,0.0,1.0,1.0,0.0
1.93,8,544,68.0,68.0,68.0,68.0,68.0,0.0,1.0,1.0,0.0
8.58,81,9322,68.0,68.0,68.0,68.0,86.0,54176.078951379364,0.8441147378832838,0.9382716049382716,0.0
4.19,16,1088,68.0,68.0,68.0,68.0,68.0,0.0,1.0,1.0,0.0
0.93,4,272,68.0,68.0,68.0,68.0,68.0,0.0,1.0,1.0,0.0
0.63,20,1360,68.0,68.0,68.0,68.0,68.0,0.0,1.0,1.0,0.0
9.22,92,21355,68.0,68.0,68.0,96.0,170.0,292325.64874763705,1.3024258760107816,0.75,0.0
9.92,171,56928,86.0,68.0,68.0,170.0,899.0,549004.7232994768,0.8499333831605629,0.7426900584795322,0.0
0.2,11,5241,86.0,68.0,77.0,170.0,1943.0,653409.7024793387,1.164807930607187,0.6363636363636364,0.0
3.34,35,17090,86.0,68.0,68.0,170.0,2099.6000000000013,886035.4040816325,1.0925676502999877,0.6571428571428571,0.0
2.96,52,10887,68.0,68.0,68.0,68.0,86.0,461748.4626479289,1.0034965034965035,0.9230769230769231,0.0
4.11,24,1632,68.0,68.0,68.0,68.0,68.0,0.0,1.0,1.0,0.0
8.52,75,9643,68.0,68.0,68.0,68.0,86.0,66011.41795555556,0.5631382720051872,0.92,0.0
0.13,4,272,68.0,68.0,68.0,68.0,68.0,0.0,1.0,1.0,0.0
7.09,24,1632,68.0,68.0,68.0,68.0,68.0,0.0,1.0,1.0,0.0
1.31,4,272,68.0,68.0,68.0,68.0,68.0,0.0,1.0,1.0,0.0
1.7,8,544,68.0,68.0,68.0,68.0,68.0,0.0,1.0,1.0,0.0
8.24,100,21959,68.0,68.0,68.0,86.0,170.0,361108.5218999999,0.7393267326732673,0.84,0.0
6.42,135,57071,86.0,68.0,68.0,170.0,1462.2000000000019,809451.2106447187,1.0881416706304197,0.6962962962962963,0.0
5.31,35,4105,68.0,68.0,68.0,68.0,136.40000000000012,45263.175510204084,1.6655844155844155,0.8857142857142857,0.0
1.96,24,8735,86.0,68.0,68.0,170.0,1012.8999999999992,548564.2065972221,1.0413648048609487,0.6666666666666666,0.0
6.42,77,20580,68.0,68.0,68.0,86.0,170.0,559210.0684769776,0.820272421722979,0.8441558441558441,0.0
2.05,20,1360,68.0,68.0,68.0,68.0,68.0,0.0,1.0,1.0,0.0
2.57,4,272,68.0,68.0,68.0,68.0,68.0,0.0,1.0,1.0,0.0
2.54,12,816,68.0,68.0,68.0,68.0,68.0,0.0,1.0,1.0,0.0
6.28,77,10148,68.0,68.0,68.0,68.0,86.0,144506.55422499578,1.3190127970749543,0.935064935064935,0.0
9.94,24,1632,68.0,68.0,68.0,68.0,68.0,0.0,1.0,1.0,0.0
1.18,36,2448,68.0,68.0,68.0,68.0,68.0,0.0,1.0,1.0,0.0
0.67,4,272,68.0,68.0,68.0,68.0,68.0,0.0,1.0,1.0,0.0
2.65,59,22719,86.0,68.0,68.0,170.0,1516.0,615675.3174375179,0.8366208569118836,0.6610169491525424,0.0
2.28,12,816,68.0,68.0,68.0,68.0,68.0,0.0,1.0,1.0,0.0
1.45,16,8897,77.0,68.0,68.0,107.0,1949.0,1537909.55859375,0.953238199780461,0.75,0.0
6.07,145,50896,86.0,68.0,68.0,170.0,899.7999999999984,591140.6275386446,1.1634856535600424,0.7172413793103448,0.0
5.96,55,26981,86.0,68.0,68.0,170.0,2016.200000000002,1131512.7914049586,0.6895860730164695,0.6909090909090909,0.0
8.55,72,6584,68.0,68.0,68.0,68.0,84.19999999999997,15409.052469135802,0.8562165210036651,0.9444444444444444,0.0
7.35,60,4080,68.0,68.0,68.0,68.0,68.0,0.0,1.0,1.0,0.0
2.37,30,7382,68.0,68.0,68.0,86.0,297.3000000000018,269641.66222222225,0.8231662138799704,0.8333333333333334,0.0
5.57,12,816,68.0,68.0,68.0,68.0,68.0,0.0,1.0,1.0,0.0
5.94,52,3536,68.0,68.0,68.0,68.0,68.0,0.0,1.0,1.0,0.0
4.19,55,18961,86.0,68.0,68.0,170.0,803.6000000000005,617443.0624793387,0.7757070612474246,0.7090909090909091,0.0
1.09,4,272,68.0,68.0,68.0,68.0,68.0,0.0,1.0,1.0,0.0
1.32,8,544,68.0,68.0,68.0,68.0,68.0,0.0,1.0,1.0,0.0
0.27,4,272,68.0,68.0,68.0,68.0,68.0,0.0,1.0,1.0,0.0
9.63,163,67943,86.0,68.0,68.0,170.0,1451.4000000000046,842024.0809213744,0.6318330291094245,0.7239263803680982,0.0
9.87,105,25616,68.0,68.0,68.0,86.0,170.0,333710.6842630385,1.069979797979798,0.8095238095238095,0.0
8.99,32,2176,68.0,68.0,68.0,68.0,68.0,0.0,1.0,1.0,0.0
8.91,81,12443,68.0,68.0,68.0,68.0,86.0,147910.08809632677,0.7844543238204503,0.9259259259259259,0.0
2.94,12,816,68.0,68.0,68.0,68.0,68.0,0.0,1.0,1.0,0.0
5.06,52,3536,68.0,68.0,68.0,68.0,68.0,0.0,1.0,1.0,0.0
0.64,49,22969,86.0,68.0,68.0,170.0,2036.800000000001,893861.735943357,0.5937413266722176,0.673469387755102,0.0
7.82,16,1088,68.0,68.0,68.0,68.0,68.0,0.0,1.0,1.0,0.0
2.6,125,52917,86.0,68.0,68.0,170.0,1660.4000000000033,784783.8551039997,0.8438621554758006,0.672,0.0
4.7,34,6106,68.0,68.0,68.0,68.0,144.79999999999995,171508.8892733564,1.1026170798898072,0.8823529411764706,0.0
5.45,50,19379,86.0,68.0,68.0,170.0,1091.500000000001,645644.2836000002,1.3208383233532934,0.68,0.0
9.37,76,10963,68.0,68.0,68.0,68.0,77.0,205361.84539473685,0.7933911336495992,0.9473684210526315,0.0
5.79,52,3536,68.0,68.0,68.0,68.0,68.0,0.0,1.0,1.0,0.0
1.89,17,5285,86.0,68.0,68.0,170.0,1226.8000000000002,241379.04498269892,0.6609050911376493,0.7058823529411765,0.0
3.18,20,1360,68.0,68.0,68.0,68.0,68.0,0.0,1.0,1.0,0.0
3.65,12,816,68.0,68.0,68.0,68.0,68.0,0.0,1.0,1.0,0.0
7.91,114,23704,68.0,68.0,68.0,86.0,211.8000000000001,274308.41612803936,0.7346505671423345,0.8157894736842105,0.0
4.42,26,4564,68.0,68.0,68.0,86.0,516.0,34826.55621301776,5.711764705882353,0.7692307692307693,0.0
3.79,130,54695,86.0,68.0,68.0,170.0,1542.1000000000008,783113.8428994083,0.9447802588536481,0.6923076923076923,0.0
5.2,36,8170,68.0,68.0,68.0,68.0,128.0,458848.10802469146,0.5651340996168582,0.8888888888888888,0.0
8.95,100,29097,68.0,68.0,68.0,86.0,404.10000000000144,519851.1090999999,1.8737777777777778,0.79,0.0
6.11,24,1632,68.0,68.0,68.0,68.0,68.0,0.0,1.0,1.0,0.0
3.17,12,816,68.0,68.0,68.0,68.0,68.0,0.0,1.0,1.0,0.0
9.55,84,13503,68.0,68.0,68.0,68.0,86.0,159906.63988095237,0.9467993079584776,0.9166666666666666,0.0
4.47,16,1088,68.0,68.0,68.0,68.0,68.0,0.0,1.0,1.0,0.0
8.78,100,24739,68.0,68.0,68.0,86.0,170.0,379616.9779000001,0.7629159837525832,0.82,0.0
2.78,12,816,68.0,68.0,68.0,68.0,68.0,0.0,1.0,1.0,0.0
2.59,129,47540,86.0,68.0,68.0,170.0,1512.8,569081.1639925485,1.0000841432117464,0.6821705426356589,0.0
0.87,4,272,68.0,68.0,68.0,68.0,68.0,0.0,1.0,1.0,0.0
7.13,44,9724,68.0,68.0,68.0,86.0,170.0,261088.13636363635,1.755454803060357,0.8181818181818182,0.0
4.9,47,14018,86.0,68.0,68.0,128.0,1003.3999999999992,380455.50928021705,1.4903179960916682,0.7446808510638298,0.0
1.57,44,6706,68.0,68.0,68.0,68.0,86.0,245224.05991735542,0.3517436000806289,0.9090909090909091,0.0
5.64,102,15544,86.0,68.0,68.0,222.0,486.0,19489.728565936177,1.70801393728223,0.7156862745098039,0.0
6.31,12,816,68.0,68.0,68.0,68.0,68.0,0.0,1.0,1.0,0.0
7.62,86,13280,68.0,68.0,68.0,68.0,86.0,153989.68523526238,0.8810198300283286,0.9186046511627907,0.0
9.88,90,21465,68.0,68.0,68.0,86.0,170.0,425752.2055555555,1.1585880933226067,0.8222222222222222,0.0
8.4,47,8949,68.0,68.0,68.0,68.0,86.0,347461.7301946582,1.5532097004279601,0.9148936170212766,0.0
9.2,166,69523,86.0,68.0,68.0,170.0,1455.0,821000.3205472493,0.9633719288336628,0.7228915662650602,0.0
4.56,38,12565,86.0,68.0,68.0,170.0,1044.2000000000005,463664.0145429364,0.5983971504897596,0.6842105263157895,0.0
2.74,46,3963,68.0,68.0,68.0,68.0,86.0,4948.433364839319,1.1992230854605994,0.9130434782608695,0.0
2.71,24,1632,68.0,68.0,68.0,68.0,68.0,0.0,1.0,1.0,0.0
5.49,20,1360,68.0,68.0,68.0,68.0,68.0,0.0,1.0,1.0,0.0
1.69,40,2720,68.0,68.0,68.0,68.0,68.0,0.0,1.0,1.0,0.0
7.05,36,5568,68.0,68.0,68.0,68.0,128.0,105467.77777777774,0.9843193157519601,0.8888888888888888,0.0
3.17,12,816,68.0,68.0,68.0,68.0,68.0,0.0,1.0,1.0,0.0
9.24,110,32513,68.0,68.0,68.0,86.0,201.6000000000027,551411.0447107438,1.0342238628542826,0.8272727272727273,0.0
2.11,12,816,68.0,68.0,68.0,68.0,68.0,0.0,1.0,1.0,0.0
6.07,152,60875,86.0,68.0,68.0,170.0,1224.000000000002,888161.5131146122,0.7999172112001419,0.7368421052631579,0.0
5.87,41,21091,86.0,68.0,68.0,170.0,1985.0,1142297.1695419392,1.2513877028181042,0.6829268292682927,0.0
5.62,76,22011,68.0,68.0,68.0,86.0,170.0,545460.2622922437,0.929266368656324,0.8289473684210527,0.0
1.1,12,816,68.0,68.0,68.0,68.0,68.0,0.0,1.0,1.0,0.0
2.64,12,816,68.0,68.0,68.0,68.0,68.0,0.0,1.0,1.0,0.0
6.2,24,1632,68.0,68.0,68.0,68.0,68.0,0.0,1.0,1.0,0.0
4.03,64,9087,68.0,68.0,68.0,68.0,86.0,160250.20288085938,1.3122137404580152,0.921875,0.0
7.95,20,1360,68.0,68.0,68.0,68.0,68.0,0.0,1.0,1.0,0.0
6.14,98,23568,68.0,68.0,68.0,86.0,170.0,364541.39275301964,0.9120558169722538,0.8367346938775511,0.0
6.86,16,1088,68.0,68.0,68.0,68.0,68.0,0.0,1.0,1.0,0.0
7.65,167,47434,86.0,68.0,68.0,170.0,791.6000000000013,365689.6993079708,1.2691350937619594,0.7305389221556886,0.0
0.41,12,8115,86.0,68.0,68.0,170.0,3108.500000000001,1690459.3541666667,1.0738563761819575,0.6666666666666666,0.0
0.96,24,11164,86.0,68.0,68.0,170.0,1494.5,800099.5555555556,0.946982908964074,0.6666666666666666,0.0
2.69,43,6355,68.0,68.0,68.0,74.0,153.20000000000036,76848.9096809086,0.5879560219890055,0.8837209302325582,0.0
6.32,72,14063,68.0,68.0,68.0,86.0,486.0,239244.10628858022,1.1278559540021182,0.8333333333333334,0.0
6.63,32,2176,68.0,68.0,68.0,68.0,68.0,0.0,1.0,1.0,0.0
3.62,29,2424,68.0,68.0,68.0,86.0,127.59999999999997,1158.2425683709866,1.008285004142502,0.8620689655172413,0.0
2.36,32,2176,68.0,68.0,68.0,68.0,68.0,0.0,1.0,1.0,0.0
9.84,93,20254,68.0,68.0,68.0,86.0,170.0,227930.21181639488,0.7598401251194717,0.8279569892473119,0.0
5.31,24,1632,68.0,68.0,68.0,68.0,68.0,0.0,1.0,1.0,0.0
8.57,159,66713,86.0,68.0,68.0,170.0,1470.6000000000074,911596.6337565761,0.9911356513953141,0.7232704402515723,0.0
3.34,31,9471,86.0,68.0,68.0,128.0,296.0,519861.5400624349,1.4631989596879065,0.7419354838709677,0.0
0.12,13,8757,86.0,68.0,68.0,170.0,2552.4000000000015,1481994.0828402366,1.0140294388224471,0.6153846153846154,0.0
3.14,52,7679,68.0,68.0,68.0,68.0,86.0,141546.98927514796,1.1753541076487253,0.9230769230769231,0.0
1.28,10,3084,86.0,68.0,86.0,170.0,755.9999999999997,215017.44,0.5864197530864198,0.6,0.0
9.9,36,2448,68.0,68.0,68.0,68.0,68.0,0.0,1.0,1.0,0.0
6.97,82,9812,68.0,68.0,68.0,68.0,84.2000000000001,93679.1029149316,1.1882247992863515,0.9390243902439024,0.0
2.45,12,816,68.0,68.0,68.0,68.0,68.0,0.0,1.0,1.0,0.0
7.9,109,28932,68.0,68.0,68.0,86.0,170.0,460833.54801784374,0.687784389219461,0.8256880733944955,0.0
4.49,32,6432,68.0,68.0,68.0,86.0,210.50000000000009,139436.5625,0.3012340683795266,0.8125,0.0
5.21,148,42739,86.0,68.0,68.0,170.0,356.50000000000017,387643.5110938641,0.9006937650093392,0.7297297297297297,0.0
8.9,101,31927,68.0,68.0,68.0,86.0,646.0,562431.7406136652,0.9422679158048425,0.7821782178217822,0.0
9.96,36,2448,68.0,68.0,68.0,68.0,68.0,0.0,1.0,1.0,0.0
5.1,62,8139,68.0,68.0,68.0,68.0,86.0,138085.16675338184,1.9824111396115793,0.9193548387096774,0.0
2.46,20,1360,68.0,68.0,68.0,68.0,68.0,0.0,1.0,1.0,0.0
7.24,56,3808,68.0,68.0,68.0,68.0,68.0,0.0,1.0,1.0,0.0
4.14,63,23106,86.0,68.0,68.0,170.0,755.8000000000002,679853.5782312927,2.216314031180401,0.7142857142857143,0.0
1.91,8,544,68.0,68.0,68.0,68.0,68.0,0.0,1.0,1.0,0.0
9.15,168,67547,86.0,68.0,68.0,170.0,1438.2000000000012,839094.1445223923,1.120452048344059,0.7261904761904762,0.0
8.6,100,24628,68.0,68.0,68.0,86.0,382.9000000000016,309013.98159999994,0.7181526440630668,0.79,0.0
4.58,24,1632,68.0,68.0,68.0,68.0,68.0,0.0,1.0,1.0,0.0
8.84,76,11955,68.0,68.0,68.0,68.0,86.0,164138.10578254843,0.8949120304327152,0.9210526315789473,0.0
7.18,28,1904,68.0,68.0,68.0,68.0,68.0,0.0,1.0,1.0,0.0
8.14,107,25490,68.0,68.0,68.0,86.0,170.0,401919.23940955556,0.9931190867151458,0.8411214953271028,0.0
2.11,4,272,68.0,68.0,68.0,68.0,68.0,0.0,1.0,1.0,0.0
2.25,12,816,68.0,68.0,68.0,68.0,68.0,0.0,1.0,1.0,0.0
1.91,32,11432,86.0,68.0,68.0,170.0,1463.8000000000004,428879.5625,0.35998096597668333,0.6875,0.0
3.49,108,46356,86.0,68.0,68.0,170.0,1827.8999999999999,838846.2469135805,0.8660333306497061,0.7037037037037037,0.0
5.35,38,8964,68.0,68.0,68.0,149.0,646.7000000000032,167274.56786703604,0.43838254172015406,0.7368421052631579,0.0
2.25,26,14567,86.0,68.0,68.0,170.0,1533.5,1180411.9659763314,1.5741297048948577,0.6153846153846154,0.0
7.53,89,16240,68.0,68.0,68.0,68.0,86.0,266773.41775028396,1.0330495743615422,0.9101123595505618,0.0
5.59,20,1360,68.0,68.0,68.0,68.0,68.0,0.0,1.0,1.0,0.0
3.13,53,6843,68.0,68.0,68.0,68.0,86.0,131649.8739765041,2.0935804701627485,0.9245283018867925,0.0
5.09,20,1360,68.0,68.0,68.0,68.0,68.0,0.0,1.0,1.0,0.0
3.69,12,816,68.0,68.0,68.0,68.0,68.0,0.0,1.0,1.0,0.0
9.63,106,26619,68.0,68.0,68.0,86.0,170.0,339716.7868458526,0.9669696297938373,0.8207547169811321,0.0
9.14,143,55755,86.0,68.0,68.0,170.0,1363.7999999999997,680011.8281578561,1.1156984024589232,0.7132867132867133,0.0
4.1,28,5668,68.0,68.0,68.0,86.0,170.0,286871.6020408163,0.4396748793497587,0.8571428571428571,0.0
0.43,12,7175,86.0,68.0,68.0,170.0,2499.2000000000007,1283409.4097222227,1.2172435105067985,0.6666666666666666,0.0
3.41,35,13123,86.0,68.0,68.0,170.0,1697.6000000000004,465334.2253061225,0.9085223967422921,0.6571428571428571,0.0
7.21,77,9107,68.0,68.0,68.0,68.0,82.40000000000003,139839.10743801654,1.9472491909385112,0.948051948051948,0.0
4.94,18,1632,68.0,68.0,68.0,68.0,136.40000000000012,3366.2222222222217,1.0,0.8888888888888888,0.0
3.03,40,2720,68.0,68.0,68.0,68.0,68.0,0.0,1.0,1.0,0.0
9.45,48,6758,68.0,68.0,68.0,68.0,86.0,120473.95659722223,1.473645680819912,0.9166666666666666,0.0
4.01,16,1088,68.0,68.0,68.0,68.0,68.0,0.0,1.0,1.0,0.0
2.63,36,2448,68.0,68.0,68.0,68.0,68.0,0.0,1.0,1.0,0.0
1.89,51,24655,86.0,68.0,68.0,170.0,1504.0,1094918.1668589006,0.728598471569796,0.6862745098039216,0.0
2.31,12,816,68.0,68.0,68.0,68.0,68.0,0.0,1.0,1.0,0.0
2.39,20,5209,68.0,68.0,68.0,86.0,266.90000000000134,334420.44750000007,0.5689759036144578,0.8,0.0
4.5,133,50515,86.0,68.0,68.0,170.0,1219.7999999999997,749003.8969981344,1.328846065188327,0.7293233082706767,0.0
7.62,48,19044,86.0,68.0,68.0,170.0,1498.5,556596.4791666666,0.9792143005612138,0.6458333333333334,0.0
5.81,355,74494,86.0,68.0,80.0,222.0,486.0,83727.11314421744,3.2839726263729943,0.6394366197183099,0.0
0.68,18,4020,86.0,68.0,68.0,516.0,516.0,42880.88888888889,8.852941176470589,0.6666666666666666,0.0
4.28,71,9014,68.0,68.0,68.0,68.0,86.0,111053.16722872447,1.2289812067260137,0.9436619718309859,0.0
0.64,24,1632,68.0,68.0,68.0,68.0,68.0,0.0,1.0,1.0,0.0
9.67,119,26098,68.0,68.0,68.0,86.0,170.0,356225.4915613304,0.6690969557431569,0.865546218487395,0.0
4.07,145,63371,86.0,68.0,68.0,170.0,1855.399999999998,940216.8672532698,1.0994202418419745,0.7241379310344828,0.0
4.34,31,6994,68.0,68.0,68.0,77.0,170.0,456735.33402705536,0.4004805766920304,0.8709677419354839,0.0
7.84,100,27933,68.0,68.0,68.0,86.0,473.0000000000043,379017.30110000004,1.1961632203789605,0.78,0.0
2.63,24,1632,68.0,68.0,68.0,68.0,68.0,0.0,1.0,1.0,0.0
0.87,4,272,68.0,68.0,68.0,68.0,68.0,0.0,1.0,1.0,0.0
2.93,12,816,68.0,68.0,68.0,68.0,68.0,0.0,1.0,1.0,0.0
0.77,4,272,68.0,68.0,68.0,68.0,68.0,0.0,1.0,1.0,0.0
9.95,79,9468,68.0,68.0,68.0,68.0,86.0,58220.15414196445,0.5979746835443038,0.9240506329113924,0.0
2.89,12,816,68.0,68.0,68.0,68.0,68.0,0.0,1.0,1.0,0.0
9.04,214,47059,86.0,68.0,68.0,170.0,486.0,195498.752052581,2.0830057651991614,0.7149532710280374,0.0
6.11,64,35394,86.0,68.0,68.0,170.0,2860.800000000001,1234802.4677734375,0.8728966028151127,0.671875,0.0
8.35,110,35850,68.0,68.0,68.0,86.0,1203.4000000000012,577154.482644628,1.1795963035019454,0.7818181818181819,0.0
0.81,12,6248,86.0,68.0,68.0,170.0,1784.6000000000006,982136.2222222224,0.6416184971098265,0.6666666666666666,0.0
6.55,86,23923,68.0,68.0,68.0,86.0,170.0,521724.63236884796,0.5694417109492882,0.813953488372093,0.0
2.65,8,544,68.0,68.0,68.0,68.0,68.0,0.0,1.0,1.0,0.0
0.43,4,272,68.0,68.0,68.0,68.0,68.0,0.0,1.0,1.0,0.0
7.28,32,2176,68.0,68.0,68.0,68.0,68.0,0.0,1.0,1.0,0.0
1.85,40,2720,68.0,68.0,68.0,68.0,68.0,0.0,1.0,1.0,0.0
9.59,48,7752,68.0,68.0,68.0,68.0,170.0,98496.75,0.49191685912240185,0.875,0.0
6.58,98,25581,68.0,68.0,68.0,86.0,170.0,540516.2745730946,0.8320561483921793,0.8367346938775511,0.0
8.59,32,7297,68.0,68.0,68.0,72.5,161.6000000000002,414290.6552734375,0.5443386243386243,0.875,0.0
7.43,150,57513,86.0,68.0,68.0,170.0,1282.099999999999,726063.6436000001,1.04512481331342,0.7266666666666667,0.0
3.94,36,12232,86.0,68.0,68.0,170.0,1094.0,438619.06172839494,0.8145675715769174,0.6666666666666666,0.0
8.23,97,15968,68.0,68.0,68.0,68.0,170.0,186305.2874907003,0.47578558225508316,0.8865979381443299,0.0
2.09,12,1686,83.0,80.0,80.0,120.0,222.0,15562.75,0.3842364532019704,0.75,0.0
4.28,12,816,68.0,68.0,68.0,68.0,68.0,0.0,1.0,1.0,0.0
5.36,67,11420,68.0,68.0,68.0,68.0,86.0,173314.99353976393,0.7702681754766703,0.9104477611940298,0.0
4.73,16,1088,68.0,68.0,68.0,68.0,68.0,0.0,1.0,1.0,0.0
1.31,4,272,68.0,68.0,68.0,68.0,68.0,0.0,1.0,1.0,0.0
7.38,64,7438,68.0,68.0,68.0,68.0,86.0,62409.7333984375,0.8534762023423872,0.9375,0.0
5.09,48,16939,86.0,68.0,68.0,170.0,661.8000000000046,670829.5933159721,0.9584923112498555,0.7291666666666666,0.0
4.93,25,5223,68.0,68.0,68.0,86.0,177.20000000000002,207591.5136,0.6628462273161414,0.84,0.0
5.37,150,53244,86.0,68.0,68.0,170.0,1357.9999999999995,504381.5050666666,0.8608324887288995,0.7133333333333334,0.0
2.52,16,6065,77.0,68.0,68.0,107.0,657.5,797953.18359375,2.4479818078453666,0.75,0.0
2.63,27,10436,86.0,68.0,80.0,170.0,1660.4000000000008,499603.95336076815,1.1892175372351583,0.6666666666666666,0.0
2.01,16,8365,77.0,68.0,68.0,107.0,1758.0,1332402.90234375,1.1123737373737375,0.75,0.0
2.58,48,7329,68.0,68.0,68.0,68.0,86.0,220754.63151041666,0.4564785373608903,0.9166666666666666,0.0
8.51,36,2448,68.0,68.0,68.0,68.0,68.0,0.0,1.0,1.0,0.0
4.04,48,3264,68.0,68.0,68.0,68.0,68.0,0.0,1.0,1.0,0.0
7.97,40,7692,68.0,68.0,68.0,68.0,170.0,208815.71000000002,1.0512,0.875,0.0
5.3,61,4376,68.0,68.0,68.0,68.0,68.0,167.40661112604135,0.8202995008319468,0.9508196721311475,0.0
4.34,66,11539,86.0,68.0,68.0,126.0,265.0,67404.86616161616,1.2233140655105974,0.6818181818181818,0.0
2.74,16,4357,77.0,68.0,68.0,107.0,180.0,475733.21484375,0.2262876442443006,0.75,0.0
0.82,114,51964,86.0,68.0,68.0,170.0,1720.3,885521.5306248077,1.19600219752356,0.6754385964912281,0.0
4.94,51,9089,68.0,68.0,68.0,68.0,86.0,292694.2475970781,1.4413107708836959,0.9215686274509803,0.0
5.02,53,20208,86.0,68.0,68.0,170.0,1122.6000000000015,646293.787824849,0.575181230025723,0.6792452830188679,0.0
1.42,47,7807,68.0,68.0,68.0,68.0,86.0,202114.7333635129,1.3283626603042051,0.9148936170212766,0.0
3.05,24,1632,68.0,68.0,68.0,68.0,68.0,0.0,1.0,1.0,0.0
4.71,16,1088,68.0,68.0,68.0,68.0,68.0,0.0,1.0,1.0,0.0
2.8,44,2992,68.0,68.0,68.0,68.0,68.0,0.0,1.0,1.0,0.0
5.49,34,8529,68.0,68.0,68.0,81.5,170.0,448151.41955017304,1.359988931931378,0.8529411764705882,0.0
2.16,12,816,68.0,68.0,68.0,68.0,68.0,0.0,1.0,1.0,0.0
10.0,107,27571,68.0,68.0,68.0,86.0,170.0,427185.21076076524,0.9513766013164414,0.8317757009345794,0.0
3.64,12,816,68.0,68.0,68.0,68.0,68.0,0.0,1.0,1.0,0.0
5.78,142,54852,86.0,68.0,68.0,170.0,1102.6000000000004,727610.385439397,0.8042234063548451,0.7183098591549296,0.0
2.81,18,3390,68.0,68.0,68.0,86.0,316.4000000000003,99975.66666666669,0.6536585365853659,0.7777777777777778,0.0
4.81,48,17327,86.0,68.0,68.0,170.0,568.9,664868.2287326389,0.754277614660322,0.6458333333333334,0.0
2.91,52,8171,68.0,68.0,68.0,68.0,86.0,203593.96264792903,1.532858028518289,0.9230769230769231,0.0
8.22,32,2176,68.0,68.0,68.0,68.0,68.0,0.0,1.0,1.0,0.0
9.9,88,11943,68.0,68.0,68.0,68.0,86.0,127572.4761105372,1.3991562876657293,0.9318181818181818,0.0
8.92,64,4352,68.0,68.0,68.0,68.0,68.0,0.0,1.0,1.0,0.0
8.72,67,26250,86.0,68.0,68.0,170.0,1412.1999999999998,757412.7324571175,0.7029972752043597,0.7313432835820896,0.0
1.72,29,5839,86.0,68.0,68.0,170.0,336.1999999999998,135494.29488703923,0.7018361993587875,0.7241379310344828,0.0
0.2,38,13535,86.0,68.0,68.0,170.0,965.7000000000004,503628.67659279774,1.6492464278723822,0.6842105263157895,0.0
5.81,98,41090,77.0,68.0,68.0,138.5,865.6999999999952,967727.8163265308,0.9225190661114491,0.7448979591836735,0.0
4.44,53,21251,86.0,68.0,68.0,170.0,1516.0,547304.4514061945,0.6465984813265148,0.6226415094339622,0.0
8.26,77,8050,68.0,68.0,68.0,68.0,82.40000000000003,41010.35182998818,0.9444444444444444,0.948051948051948,0.0
2.59,12,816,68.0,68.0,68.0,68.0,68.0,0.0,1.0,1.0,0.0
4.89,65,11671,68.0,68.0,68.0,68.0,136.40000000000012,197387.93940828403,1.1116337977202821,0.8923076923076924,0.0
5.86,24,1632,68.0,68.0,68.0,68.0,68.0,0.0,1.0,1.0,0.0
8.14,60,4080,68.0,68.0,68.0,68.0,68.0,0.0,1.0,1.0,0.0
6.54,55,19866,86.0,68.0,68.0,170.0,1004.6000000000003,600415.1418181817,1.0387931034482758,0.6909090909090909,0.0
6.5,143,54320,86.0,68.0,68.0,170.0,1291.599999999998,679610.8335859942,1.0318695294381686,0.7132867132867133,0.0
7.86,58,9482,68.0,68.0,68.0,86.0,209.30000000000055,77123.73246135551,1.0269345874305258,0.7758620689655172,0.0
9.25,99,11568,68.0,68.0,68.0,68.0,170.0,40441.28007346187,0.75325856320097,0.8787878787878788,0.0
8.53,72,10379,68.0,68.0,68.0,68.0,86.0,145372.2127700617,1.3054198134162593,0.9166666666666666,0.0
8.32,32,2176,68.0,68.0,68.0,68.0,68.0,0.0,1.0,1.0,0.0
0.36,4,272,68.0,68.0,68.0,68.0,68.0,0.0,1.0,1.0,0.0
5.42,96,21720,68.0,68.0,68.0,86.0,170.0,281333.0625,0.895618781637284,0.8333333333333334,0.0
9.64,31,5186,68.0,68.0,68.0,77.0,170.0,127655.10926118627,1.325560538116592,0.8709677419354839,0.0
3.67,122,39822,86.0,68.0,68.0,170.0,1161.8000000000036,485656.1435098091,1.181549249479566,0.6885245901639344,0.0
7.35,49,12753,68.0,68.0,68.0,86.0,254.40000000000015,441367.74593919195,2.218016654049962,0.7551020408163265,0.0
8.45,96,23961,68.0,68.0,68.0,86.0,170.0,468269.5120442708,1.1812471552116524,0.8645833333333334,0.0
6.87,16,1088,68.0,68.0,68.0,68.0,68.0,0.0,1.0,1.0,0.0
2.5,24,1632,68.0,68.0,68.0,68.0,68.0,0.0,1.0,1.0,0.0
8.33,58,11158,68.0,68.0,68.0,68.0,170.0,213629.54577883478,0.9348014565632045,0.8793103448275862,0.0
2.95,12,816,68.0,68.0,68.0,68.0,68.0,0.0,1.0,1.0,0.0
6.78,97,19849,68.0,68.0,68.0,86.0,170.0,292543.7179296419,1.7261365197088312,0.8350515463917526,0.0
0.65,4,272,68.0,68.0,68.0,68.0,68.0,0.0,1.0,1.0,0.0
0.58,4,272,68.0,68.0,68.0,68.0,68.0,0.0,1.0,1.0,0.0
0.02,4,272,68.0,68.0,68.0,68.0,68.0,0.0,1.0,1.0,0.0
4.42,155,58269,86.0,68.0,68.0,170.0,1308.6,616422.7368990633,0.9289899692124342,0.6774193548387096,0.0
4.38,32,7597,68.0,68.0,68.0,72.5,161.6000000000002,441121.1787109375,0.6024045560008437,0.875,0.0
6.43,69,13591,80.0,68.0,68.0,86.0,170.0,234062.28901491288,1.035799880167765,0.782608695652174,0.0
7.65,56,4394,68.0,68.0,68.0,68.0,86.0,1162.141581632653,0.9792792792792793,0.9285714285714286,0.0
2.7,12,816,68.0,68.0,68.0,68.0,68.0,0.0,1.0,1.0,0.0
1.48,12,816,68.0,68.0,68.0,68.0,68.0,0.0,1.0,1.0,0.0
5.82,71,7235,68.0,68.0,68.0,68.0,86.0,35130.03253322752,0.7903984162336055,0.9436619718309859,0.0
0.23,4,272,68.0,68.0,68.0,68.0,68.0,0.0,1.0,1.0,0.0
6.12,52,3536,68.0,68.0,68.0,68.0,68.0,0.0,1.0,1.0,0.0
8.88,62,20109,86.0,68.0,68.0,149.0,620.8999999999993,580493.869146722,1.674780526735834,0.7419354838709677,0.0
1.41,8,544,68.0,68.0,68.0,68.0,68.0,0.0,1.0,1.0,0.0
6.11,150,51983,86.0,68.0,68.0,170.0,983.7999999999997,631504.8338222223,0.8782021172814972,0.7266666666666667,0.0
6.31,46,14868,86.0,68.0,68.0,170.0,1154.5,325197.90926275996,1.1146351870288722,0.6521739130434783,0.0
3.34,62,16735,68.0,68.0,68.0,81.5,170.0,567337.4289802288,1.1705577172503243,0.8709677419354839,0.0
0.3,4,272,68.0,68.0,68.0,68.0,68.0,0.0,1.0,1.0,0.0
3.29,20,1360,68.0,68.0,68.0,68.0,68.0,0.0,1.0,1.0,0.0
2.34,12,816,68.0,68.0,68.0,68.0,68.0,0.0,1.0,1.0,0.0
9.26,81,9026,68.0,68.0,68.0,68.0,86.0,50910.22069806432,0.49461831429044545,0.9259259259259259,0.0
6.87,56,3808,68.0,68.0,68.0,68.0,68.0,0.0,1.0,1.0,0.0
3.68,60,23110,86.0,68.0,68.0,170.0,1232.5000000000005,646304.9388888889,1.686896872456691,0.7166666666666667,0.0
3.14,4,272,68.0,68.0,68.0,68.0,68.0,0.0,1.0,1.0,0.0
9.49,158,49892,86.0,68.0,68.0,149.0,848.2000000000015,530928.7075789137,0.8501817103018616,0.7468354430379747,0.0
1.88,20,4982,68.0,68.0,68.0,86.0,196.7000000000004,418242.49000000005,0.31277997364953886,0.8,0.0
3.9,37,17408,86.0,68.0,68.0,170.0,1948.6,867331.3308984662,0.8854110256687967,0.6756756756756757,0.0
7.72,89,13645,68.0,68.0,68.0,68.0,86.0,133651.56394394647,1.1060348819262231,0.9101123595505618,0.0
4.07,12,816,68.0,68.0,68.0,68.0,68.0,0.0,1.0,1.0,0.0
1.29,8,544,68.0,68.0,68.0,68.0,68.0,0.0,1.0,1.0,0.0
5.34,74,8350,68.0,68.0,68.0,68.0,86.0,44150.595325054775,0.6295862607338018,0.9324324324324325,0.0
0.23,4,272,68.0,68.0,68.0,68.0,68.0,0.0,1.0,1.0,0.0
9.37,115,31455,68.0,68.0,68.0,86.0,170.0,560253.4147448015,0.6894940380277151,0.8521739130434782,0.0
2.5,10,2204,68.0,68.0,68.0,86.0,265.5999999999995,180844.03999999998,4.2601431980906925,0.8,0.0
2.77,12,816,68.0,68.0,68.0,68.0,68.0,0.0,1.0,1.0,0.0
7.09,196,68448,86.0,68.0,68.0,170.0,1495.0,521551.7047063723,1.312119983785975,0.7091836734693877,0.0
6.87,92,22231,68.0,68.0,68.0,86.0,170.0,332954.4039461248,1.0895760879781935,0.8152173913043478,0.0
4.22,35,7504,68.0,68.0,68.0,68.0,136.40000000000012,407704.41142857145,0.5032051282051282,0.8857142857142857,0.0
0.3,4,272,68.0,68.0,68.0,68.0,68.0,0.0,1.0,1.0,0.0
2.26,8,544,68.0,68.0,68.0,68.0,68.0,0.0,1.0,1.0,0.0
8.96,82,9058,68.0,68.0,68.0,68.0,85.40000000000003,46148.199881023196,0.8310086921366485,0.9390243902439024,0.0
9.29,77,9556,68.0,68.0,68.0,68.0,82.40000000000003,197363.0281666385,0.4205440761111937,0.948051948051948,0.0
8.67,55,17967,80.0,68.0,68.0,128.0,1069.8000000000004,455899.892892562,1.3628353498158863,0.7454545454545455,0.0
7.59,163,65372,86.0,68.0,68.0,170.0,1111.2000000000003,802330.7147427454,0.8494355956658274,0.7300613496932515,0.0
5.36,51,19199,86.0,68.0,68.0,170.0,590.0,775254.2868127645,1.5812046248991665,0.6862745098039216,0.0
9.04,76,8865,68.0,68.0,68.0,68.0,77.0,88429.33431440439,1.3856297093649086,0.9473684210526315,0.0
7.19,69,9430,68.0,68.0,68.0,68.0,86.0,114727.61352657006,1.057155322862129,0.927536231884058,0.0
2.49,20,1360,68.0,68.0,68.0,68.0,68.0,0.0,1.0,1.0,0.0
3.44,12,816,68.0,68.0,68.0,68.0,68.0,0.0,1.0,1.0,0.0
0.45,4,272,68.0,68.0,68.0,68.0,68.0,0.0,1.0,1.0,0.0
4.03,48,3264,68.0,68.0,68.0,68.0,68.0,0.0,1.0,1.0,0.0
5.96,58,20956,86.0,68.0,68.0,170.0,598.7000000000021,697548.8347205707,1.6597283919279096,0.7241379310344828,0.0
1.03,8,544,68.0,68.0,68.0,68.0,68.0,0.0,1.0,1.0,0.0
6.26,148,54132,86.0,68.0,68.0,170.0,1072.1000000000029,656185.9678597517,0.6820060280272193,0.722972972972973,0.0
5.49,39,15265,86.0,68.0,80.0,170.0,1253.6000000000008,477415.7804076265,1.0285714285714285,0.6410256410256411,0.0
6.86,80,21160,68.0,68.0,68.0,86.0,170.0,546326.15,1.386645612452064,0.85,0.0
2.58,20,1360,68.0,68.0,68.0,68.0,68.0,0.0,1.0,1.0,0.0
2.46,12,816,68.0,68.0,68.0,68.0,68.0,0.0,1.0,1.0,0.0
4.66,59,7759,68.0,68.0,68.0,68.0,86.0,186801.33467394434,2.3749456285341455,0.9322033898305084,0.0
0.67,16,1088,68.0,68.0,68.0,68.0,68.0,0.0,1.0,1.0,0.0
6.08,12,816,68.0,68.0,68.0,68.0,68.0,0.0,1.0,1.0,0.0
4.74,48,3264,68.0,68.0,68.0,68.0,68.0,0.0,1.0,1.0,0.0
8.85,67,20691,80.0,68.0,68.0,128.0,393.7999999999995,578037.2515036756,0.6281869688385269,0.746268656716418,0.0
0.1,4,272,68.0,68.0,68.0,68.0,68.0,0.0,1.0,1.0,0.0
4.75,132,45024,86.0,68.0,68.0,170.0,954.4000000000001,516746.94628099183,0.9156703399566013,0.6893939393939394,0.0
1.32,8,544,68.0,68.0,68.0,68.0,68.0,0.0,1.0,1.0,0.0
9.85,75,29261,86.0,68.0,68.0,170.0,1457.2000000000012,584566.5784888889,0.7150811792978137,0.7066666666666667,0.0
2.78,52,8720,68.0,68.0,68.0,68.0,86.0,224452.8668639053,0.8927718688951596,0.9230769230769231,0.0
6.95,28,1904,68.0,68.0,68.0,68.0,68.0,0.0,1.0,1.0,0.0
1.34,8,544,68.0,68.0,68.0,68.0,68.0,0.0,1.0,1.0,0.0
2.33,28,1904,68.0,68.0,68.0,68.0,68.0,0.0,1.0,1.0,0.0
4.72,56,10867,68.0,68.0,68.0,68.0,128.0,224830.0864158163,1.3013553578991952,0.8928571428571429,0.0
3.1,12,816,68.0,68.0,68.0,68.0,68.0,0.0,1.0,1.0,0.0
1.05,8,544,68.0,68.0,68.0,68.0,68.0,0.0,1.0,1.0,0.0
4.87,96,28117,68.0,68.0,68.0,86.0,451.5,516015.05978732643,0.660975897920605,0.8020833333333334,0.0
4.42,8,544,68.0,68.0,68.0,68.0,68.0,0.0,1.0,1.0,0.0
3.59,25,7785,68.0,68.0,68.0,86.0,170.0,620783.5199999999,1.141089108910891,0.84,0.0
7.93,146,52661,86.0,68.0,68.0,170.0,742.5,683743.2817132671,0.9173159542707348,0.7191780821917808,0.0
2.44,43,20578,86.0,68.0,68.0,170.0,1516.0,843201.1303407248,1.0206205813040063,0.6744186046511628,0.0
8.22,88,14790,68.0,68.0,68.0,68.0,86.0,287228.88171487604,2.2187159956474427,0.9090909090909091,0.0
8.74,76,10833,68.0,68.0,68.0,68.0,86.0,145748.30107340723,1.0428059588911938,0.9342105263157895,0.0
8.97,32,2176,68.0,68.0,68.0,68.0,68.0,0.0,1.0,1.0,0.0
7.06,100,24574,68.0,68.0,68.0,86.0,238.9000000000059,288746.5124,0.8540817866304512,0.82,0.0
4.08,8,544,68.0,68.0,68.0,68.0,68.0,0.0,1.0,1.0,0.0
3.88,24,5645,68.0,68.0,68.0,86.0,170.0,291311.9149305555,0.6622497055359247,0.8333333333333334,0.0
1.58,109,37390,86.0,68.0,68.0,170.0,641.8000000000002,565311.4212608365,1.7068703395352205,0.6697247706422018,0.0
4.39,35,5654,68.0,68.0,68.0,68.0,136.40000000000012,132904.19102040818,0.6973881717202042,0.8857142857142857,0.0
7.01,88,26705,68.0,68.0,68.0,86.0,170.0,512211.5215650827,0.9724499593766157,0.8181818181818182,0.0
4.36,36,4337,68.0,68.0,68.0,68.0,128.0,34603.02700617284,1.1012596899224807,0.8888888888888888,0.0
0.58,4,272,68.0,68.0,68.0,68.0,68.0,0.0,1.0,1.0,0.0
0.31,4,272,68.0,68.0,68.0,68.0,68.0,0.0,1.0,1.0,0.0
0.1,4,272,68.0,68.0,68.0,68.0,68.0,0.0,1.0,1.0,0.0
6.24,78,9510,68.0,68.0,68.0,68.0,86.0,63751.53254437869,0.7098166127292341,0.9358974358974359,0.0
5.75,12,816,68.0,68.0,68.0,68.0,68.0,0.0,1.0,1.0,0.0
4.77,48,3264,68.0,68.0,68.0,68.0,68.0,0.0,1.0,1.0,0.0
5.57,61,16024,86.0,68.0,68.0,170.0,802.0,215930.21445847888,0.8486386709736964,0.7213114754098361,0.0
1.94,8,544,68.0,68.0,68.0,68.0,68.0,0.0,1.0,1.0,0.0
3.94,81,38771,86.0,68.0,68.0,170.0,2474.0,980749.0163084893,0.8451837045497811,0.7037037037037037,0.0
7.91,88,31174,80.0,68.0,68.0,107.0,1499.1999999999998,611282.9147727273,0.933031561976809,0.75,0.0
3.47,36,17061,86.0,68.0,80.0,170.0,1620.0,688785.2430555555,0.8908345339687466,0.6111111111111112,0.0
0.08,13,5652,86.0,68.0,68.0,170.0,1529.2000000000012,668779.5621301774,1.3288009888751544,0.6923076923076923,0.0
0.03,4,272,68.0,68.0,68.0,68.0,68.0,0.0,1.0,1.0,0.0
6.57,73,10896,68.0,68.0,68.0,68.0,84.79999999999998,212742.98705197973,0.9233892321270962,0.9452054794520548,0.0
5.56,20,1360,68.0,68.0,68.0,68.0,68.0,0.0,1.0,1.0,0.0
0.65,36,2448,68.0,68.0,68.0,68.0,68.0,0.0,1.0,1.0,0.0
1.95,18,6912,86.0,68.0,68.0,170.0,1516.0,422628.0,0.7428139183055976,0.6666666666666666,0.0
8.76,32,2176,68.0,68.0,68.0,68.0,68.0,0.0,1.0,1.0,0.0
2.19,16,1088,68.0,68.0,68.0,68.0,68.0,0.0,1.0,1.0,0.0
9.52,93,21127,68.0,68.0,68.0,86.0,170.0,274833.66932593356,0.7134630981346309,0.8064516129032258,0.0
7.23,146,53860,86.0,68.0,68.0,170.0,1663.0,615879.1962844811,0.6786660433224249,0.726027397260274,0.0
3.02,28,3764,68.0,68.0,68.0,86.0,170.0,41233.3163265306,0.9717129387113672,0.8571428571428571,0.0
9.24,106,23181,68.0,68.0,68.0,86.0,170.0,308527.2898718405,0.5732998506854894,0.8113207547169812,0.0
2.19,20,1360,68.0,68.0,68.0,68.0,68.0,0.0,1.0,1.0,0.0
1.94,8,544,68.0,68.0,68.0,68.0,68.0,0.0,1.0,1.0,0.0
0.32,4,272,68.0,68.0,68.0,68.0,68.0,0.0,1.0,1.0,0.0
0.71,4,272,68.0,68.0,68.0,68.0,68.0,0.0,1.0,1.0,0.0
3.38,44,2992,68.0,68.0,68.0,68.0,68.0,0.0,1.0,1.0,0.0
5.58,33,7140,68.0,68.0,68.0,86.0,170.0,235096.65564738293,1.0336086585018514,0.8484848484848485,0.0
1.1,4,272,68.0,68.0,68.0,68.0,68.0,0.0,1.0,1.0,0.0
8.92,107,27778,68.0,68.0,68.0,86.0,170.0,481525.3599440998,1.0658932024393872,0.8504672897196262,0.0
6.68,16,1088,68.0,68.0,68.0,68.0,68.0,0.0,1.0,1.0,0.0
2.86,123,43216,86.0,68.0,68.0,170.0,869.0,562167.8046136559,1.02378945396647,0.6747967479674797,0.0
7.91,48,10581,68.0,68.0,68.0,86.0,170.0,253956.49609375,0.9203266787658803,0.8333333333333334,0.0
7.84,96,19523,68.0,68.0,68.0,86.0,460.0,146334.79416232638,0.9350778075131331,0.8125,0.0
6.09,24,1632,68.0,68.0,68.0,68.0,68.0,0.0,1.0,1.0,0.0
3.95,16,1088,68.0,68.0,68.0,68.0,68.0,0.0,1.0,1.0,0.0
8.29,72,8553,68.0,68.0,68.0,68.0,84.19999999999997,95178.10937500001,1.4648414985590779,0.9444444444444444,0.0
1.28,8,544,68.0,68.0,68.0,68.0,68.0,0.0,1.0,1.0,0.0
8.46,106,28836,68.0,68.0,68.0,86.0,170.0,545610.0174439301,1.5973698432714827,0.839622641509434,0.0
0.86,4,272,68.0,68.0,68.0,68.0,68.0,0.0,1.0,1.0,0.0
9.33,150,58863,86.0,68.0,68.0,170.0,1642.5999999999992,729665.2836000001,0.8199610425749003,0.7333333333333333,0.0
1.19,24,4441,68.0,68.0,68.0,86.0,170.0,198412.45659722225,2.535828025477707,0.8333333333333334,0.0
0.04,11,4108,86.0,68.0,77.0,170.0,499.0,565449.7024793389,3.204708290685773,0.6363636363636364,0.0
5.26,56,15493,68.0,68.0,68.0,100.0,472.5,376271.0098852041,1.0482548915917504,0.75,0.0
9.26,60,10612,68.0,68.0,68.0,68.0,86.0,331324.2155555556,1.3074581430745815,0.9333333333333333,0.0
0.56,4,272,68.0,68.0,68.0,68.0,68.0,0.0,1.0,1.0,0.0
0.13,4,272,68.0,68.0,68.0,68.0,68.0,0.0,1.0,1.0,0.0
1.48,8,544,68.0,68.0,68.0,68.0,68.0,0.0,1.0,1.0,0.0
9.0,76,9066,68.0,68.0,68.0,68.0,86.0,58887.65304709142,0.8081372157957718,0.9342105263157895,0.0
6.49,56,3808,68.0,68.0,68.0,68.0,68.0,0.0,1.0,1.0,0.0
9.85,67,15175,68.0,68.0,68.0,86.0,206.79999999999987,299703.0857652039,1.2895292697646348,0.7611940298507462,0.0
3.99,130,55056,86.0,68.0,68.0,170.0,1565.0000000000036,772682.388402367,1.1490300167844179,0.6846153846153846,0.0
9.48,69,23856,80.0,68.0,68.0,86.0,1287.2000000000003,631248.627599244,1.3224299065420562,0.7681159420289855,0.0
3.25,54,9768,68.0,68.0,68.0,68.0,86.0,305539.098765432,1.2326857142857144,0.9259259259259259,0.0
3.7,32,8395,68.0,68.0,68.0,72.5,161.6000000000002,516018.2880859375,0.9352236053480867,0.875,0.0
9.07,24,1632,68.0,68.0,68.0,68.0,68.0,0.0,1.0,1.0,0.0
5.42,74,10737,68.0,68.0,68.0,68.0,86.0,94900.7072680789,0.5918458117123795,0.918918918918919,0.0
4.52,16,1088,68.0,68.0,68.0,68.0,68.0,0.0,1.0,1.0,0.0
7.75,99,27185,68.0,68.0,68.0,86.0,170.0,546322.7256402409,1.2545198208658153,0.8383838383838383,0.0
6.28,101,34339,86.0,68.0,68.0,170.0,1357.0,492731.59396137635,0.7467317767943435,0.7128712871287128,0.0
1.72,39,12772,86.0,68.0,68.0,170.0,694.8000000000031,471145.1216305062,1.1152699569393838,0.6923076923076923,0.0
5.49,33,5756,68.0,68.0,68.0,86.0,184.4,118319.69880624425,0.3147555961626313,0.8181818181818182,0.0
5.83,52,20416,86.0,68.0,68.0,170.0,844.6999999999996,697243.5828402364,0.8697682937997985,0.6730769230769231,0.0
7.05,74,7326,68.0,68.0,68.0,68.0,84.20000000000002,43794.27027027027,0.6055226824457594,0.9459459459459459,0.0
6.37,28,1904,68.0,68.0,68.0,68.0,68.0,0.0,1.0,1.0,0.0
8.11,65,6944,68.0,68.0,68.0,68.0,86.0,37682.72520710059,0.5559041003809096,0.9230769230769231,0.0
5.9,24,1632,68.0,68.0,68.0,68.0,68.0,0.0,1.0,1.0,0.0
1.07,45,3288,68.0,68.0,68.0,68.0,86.0,220.1955555555555,0.7677419354838709,0.9333333333333333,0.0
7.89,79,27182,86.0,68.0,68.0,126.0,1262.0000000000005,557648.5258772632,1.2015064388110472,0.6962025316455697,0.0
4.4,130,54230,86.0,68.0,68.0,170.0,1293.3000000000095,735579.8224852071,1.143224123621705,0.6846153846153846,0.0
9.51,71,17798,68.0,68.0,68.0,86.0,170.0,411928.1908351518,1.0122102882984738,0.8309859154929577,0.0
1.61,13,2883,86.0,68.0,80.0,170.0,525.2000000000003,103271.71597633137,1.64010989010989,0.6923076923076923,0.0
8.1,87,18577,68.0,68.0,68.0,68.0,86.0,401078.73193288397,1.0177039209297274,0.9080459770114943,0.0
4.89,20,1360,68.0,68.0,68.0,68.0,68.0,0.0,1.0,1.0,0.0
4.95,69,6593,68.0,68.0,68.0,68.0,86.0,30186.363369040122,0.6339529120198265,0.927536231884058,0.0
5.92,12,816,68.0,68.0,68.0,68.0,68.0,0.0,1.0,1.0,0.0
1.7,4,272,68.0,68.0,68.0,68.0,68.0,0.0,1.0,1.0,0.0
1.01,8,544,68.0,68.0,68.0,68.0,68.0,0.0,1.0,1.0,0.0
5.58,97,27556,68.0,68.0,68.0,86.0,170.0,487809.62206398137,0.737452711223203,0.8144329896907216,0.0
5.59,28,6253,68.0,68.0,68.0,86.0,170.0,367613.57525510207,0.4616643291257597,0.8571428571428571,0.0
1.18,113,47977,86.0,68.0,68.0,170.0,1472.1999999999994,758709.9257576945,0.8501079747030695,0.6637168141592921,0.0
8.8,59,14642,68.0,68.0,68.0,86.0,170.0,415448.4119505889,0.7244140855022966,0.7966101694915254,0.0
6.36,75,15626,68.0,68.0,68.0,86.0,170.0,286508.06648888893,1.2023960535588443,0.8266666666666667,0.0
3.1,24,1632,68.0,68.0,68.0,68.0,68.0,0.0,1.0,1.0,0.0
2.9,12,816,68.0,68.0,68.0,68.0,68.0,0.0,1.0,1.0,0.0
0.84,8,544,68.0,68.0,68.0,68.0,68.0,0.0,1.0,1.0,0.0
8.2,72,9109,68.0,68.0,68.0,68.0,84.19999999999997,134884.8609182099,1.5958962667426617,0.9444444444444444,0.0
4.61,17,1156,68.0,68.0,68.0,68.0,68.0,0.0,1.125,1.0,0.0
4.95,74,14314,68.0,68.0,68.0,80.0,144.80000000000024,296144.1913805697,1.8154996066089693,0.8918918918918919,0.0
1.42,24,13477,86.0,68.0,68.0,170.0,2643.699999999999,1139631.0815972222,1.258588905647729,0.625,0.0
9.67,44,10336,68.0,68.0,68.0,86.0,170.0,239391.12809917357,0.9942118464209917,0.8181818181818182,0.0
5.69,135,47170,86.0,68.0,68.0,170.0,805.0000000000017,607679.1155006859,1.0565922567143355,0.725925925925926,0.0
4.46,49,27098,86.0,68.0,68.0,170.0,2849.6000000000004,1079596.5914202414,0.8589558894148316,0.6530612244897959,0.0
6.26,76,8531,68.0,68.0,68.0,68.0,77.0,70422.21381578948,1.3257906215921482,0.9473684210526315,0.0
7.53,60,4080,68.0,68.0,68.0,68.0,68.0,0.0,1.0,1.0,0.0
6.92,35,5790,68.0,68.0,68.0,68.0,170.0,93888.87346938775,0.6595012897678418,0.8571428571428571,0.0
7.31,60,4080,68.0,68.0,68.0,68.0,68.0,0.0,1.0,1.0,0.0
9.94,69,25617,68.0,68.0,68.0,86.0,1031.400000000002,725404.308758664,0.8280882038107472,0.7681159420289855,0.0
8.47,161,57755,86.0,68.0,68.0,170.0,1305.0,556673.3911500328,0.997820747863987,0.7080745341614907,0.0
9.74,104,26070,68.0,68.0,68.0,86.0,170.0,375405.0277366862,1.0193648334624321,0.8076923076923077,0.0
1.15,16,1088,68.0,68.0,68.0,68.0,68.0,0.0,1.0,1.0,0.0
0.94,4,272,68.0,68.0,68.0,68.0,68.0,0.0,1.0,1.0,0.0
1.19,4,272,68.0,68.0,68.0,68.0,68.0,0.0,1.0,1.0,0.0
5.68,52,3536,68.0,68.0,68.0,68.0,68.0,0.0,1.0,1.0,0.0
2.15,20,4806,80.0,68.0,68.0,149.75,364.9000000000018,182810.21000000002,0.29786659465298404,0.7,0.0
8.92,32,2176,68.0,68.0,68.0,68.0,68.0,0.0,1.0,1.0,0.0
1.72,8,544,68.0,68.0,68.0,68.0,68.0,0.0,1.0,1.0,0.0
5.69,97,27077,68.0,68.0,68.0,86.0,170.0,544446.6389626953,0.9710999490427313,0.8350515463917526,0.0
2.28,8,544,68.0,68.0,68.0,68.0,68.0,0.0,1.0,1.0,0.0
9.18,162,55010,86.0,68.0,68.0,170.0,978.2000000000007,594902.7639079408,0.9238974574196481,0.7283950617283951,0.0
7.9,103,27895,68.0,68.0,68.0,86.0,934.9999999999997,297183.58111037797,0.7694259435458294,0.7766990291262136,0.0
7.41,28,1904,68.0,68.0,68.0,68.0,68.0,0.0,1.0,1.0,0.0
8.2,69,6958,68.0,68.0,68.0,68.0,86.0,31763.264440243638,0.6476438550793275,0.927536231884058,0.0
2.19,20,1360,68.0,68.0,68.0,68.0,68.0,0.0,1.0,1.0,0.0
9.02,64,4352,68.0,68.0,68.0,68.0,68.0,0.0,1.0,1.0,0.0
9.02,68,25245,83.0,68.0,68.0,170.0,1042.7000000000007,642561.3933823529,1.1175138399597384,0.7352941176470589,0.0
8.83,162,57732,86.0,68.0,68.0,170.0,1108.4000000000005,571350.3813443073,1.1057776480887074,0.7160493827160493,0.0
9.82,109,25292,68.0,68.0,68.0,86.0,170.0,314507.06287349557,1.2592228673514962,0.8165137614678899,0.0
9.73,32,2176,68.0,68.0,68.0,68.0,68.0,0.0,1.0,1.0,0.0
8.08,77,9397,68.0,68.0,68.0,68.0,75.2000000000001,163920.27120931016,2.0234877734877736,0.948051948051948,0.0
0.41,4,272,68.0,68.0,68.0,68.0,68.0,0.0,1.0,1.0,0.0
9.58,108,28233,68.0,68.0,68.0,86.0,170.0,551303.0208333334,1.2020903205678184,0.8518518518518519,0.0
5.46,12,816,68.0,68.0,68.0,68.0,68.0,0.0,1.0,1.0,0.0
4.21,134,50183,86.0,68.0,68.0,170.0,1467.3000000000004,608703.0111940298,1.0978638016805318,0.7014925373134329,0.0
5.35,36,5758,68.0,68.0,68.0,68.0,128.0,122209.66358024694,0.8706952566601689,0.8888888888888888,0.0
7.92,100,29908,68.0,68.0,68.0,86.0,827.000000000003,414538.4336,0.7546494573188618,0.78,0.0
7.72,32,2176,68.0,68.0,68.0,68.0,68.0,0.0,1.0,1.0,0.0
7.79,77,11819,68.0,68.0,68.0,68.0,86.0,137494.09411367856,0.8180279956929704,0.922077922077922,0.0
1.64,12,816,68.0,68.0,68.0,68.0,68.0,0.0,1.0,1.0,0.0
5.66,20,1360,68.0,68.0,68.0,68.0,68.0,0.0,1.0,1.0,0.0
1.91,40,2720,68.0,68.0,68.0,68.0,68.0,0.0,1.0,1.0,0.0
0.19,4,272,68.0,68.0,68.0,68.0,68.0,0.0,1.0,1.0,0.0
4.39,52,21346,86.0,68.0,68.0,170.0,1535.4999999999986,801396.4423076923,0.5989513108614232,0.6923076923076923,0.0
4.11,16,1088,68.0,68.0,68.0,68.0,68.0,0.0,1.0,1.0,0.0
4.51,130,46324,86.0,68.0,68.0,170.0,1062.2000000000003,593219.8239053254,0.9626318688302334,0.6846153846153846,0.0
2.4,29,9212,68.0,68.0,68.0,86.0,967.1999999999995,479940.9845422117,0.8861588861588862,0.7931034482758621,0.0
2.79,38,17546,86.0,68.0,68.0,170.0,1516.0,832795.4044321331,0.5607543141789717,0.631578947368421,0.0
9.88,88,14317,68.0,68.0,68.0,68.0,86.0,237001.7354080578,1.6992835595776772,0.9090909090909091,0.0
7.83,60,4080,68.0,68.0,68.0,68.0,68.0,0.0,1.0,1.0,0.0
3.03,32,3399,68.0,68.0,68.0,72.5,161.6000000000002,14062.1083984375,1.1444794952681387,0.875,0.0
9.3,64,4352,68.0,68.0,68.0,68.0,68.0,0.0,1.0,1.0,0.0
8.63,67,25331,86.0,68.0,68.0,167.0,1349.1999999999996,721396.3377144128,1.7147143928839352,0.7313432835820896,0.0
1.14,19,8086,86.0,68.0,68.0,170.0,1516.0,741663.8227146816,1.1112271540469973,0.6842105263157895,0.0
9.64,162,70291,86.0,68.0,68.0,170.0,1434.2000000000007,945936.4396052433,0.8706852960745176,0.7283950617283951,0.0
7.2,95,25595,68.0,68.0,68.0,86.0,181.40000000000015,430584.4542936287,0.7729980604045442,0.8,0.0
4.77,24,1632,68.0,68.0,68.0,68.0,68.0,0.0,1.0,1.0,0.0
5.67,20,1360,68.0,68.0,68.0,68.0,68.0,0.0,1.0,1.0,0.0
8.13,75,11788,68.0,68.0,68.0,68.0,86.0,163795.5299555555,1.0608391608391607,0.9066666666666666,0.0
7.15,56,3808,68.0,68.0,68.0,68.0,68.0,0.0,1.0,1.0,0.0
1.92,8,544,68.0,68.0,68.0,68.0,68.0,0.0,1.0,1.0,0.0
3.47,51,22960,86.0,68.0,68.0,170.0,1910.0,841690.3144944252,0.7396575238672526,0.6862745098039216,0.0
4.33,16,1088,68.0,68.0,68.0,68.0,68.0,0.0,1.0,1.0,0.0
0.97,12,3998,86.0,68.0,68.0,170.0,1317.5000000000005,284359.4722222222,1.079043161726469,0.6666666666666666,0.0
5.82,142,52780,86.0,68.0,68.0,170.0,1267.500000000002,676631.3265225155,0.8706361864256601,0.7112676056338029,0.0
0.24,13,6656,86.0,68.0,68.0,170.0,1286.800000000001,1199360.0,0.44319167389418906,0.6923076923076923,0.0
6.72,89,24050,68.0,68.0,68.0,86.0,172.20000000000005,425910.82590581995,0.8786127167630058,0.8089887640449438,0.0
4.72,24,1632,68.0,68.0,68.0,68.0,68.0,0.0,1.0,1.0,0.0
8.27,60,4080,68.0,68.0,68.0,68.0,68.0,0.0,1.0,1.0,0.0
4.62,32,4375,68.0,68.0,68.0,72.5,161.6000000000002,54470.8896484375,1.1033653846153846,0.875,0.0
4.95,20,1360,68.0,68.0,68.0,68.0,68.0,0.0,1.0,1.0,0.0
6.04,100,24097,68.0,68.0,68.0,86.0,170.0,376159.3491,0.9706411514556755,0.83,0.0
5.35,29,7694,68.0,68.0,68.0,86.0,170.0,587856.0071343639,2.071457085828343,0.8620689655172413,0.0
1.39,110,46699,86.0,68.0,68.0,170.0,1138.4000000000053,815599.2304958677,1.0348148148148149,0.6727272727272727,0.0
3.96,38,6392,68.0,68.0,68.0,80.0,111.20000000000036,291718.9556786703,3.3276912660798916,0.8947368421052632,0.0
9.76,103,35227,68.0,68.0,68.0,86.0,351.59999999999934,690258.0096144783,0.7751070798689846,0.7961165048543689,0.0
6.91,28,1904,68.0,68.0,68.0,68.0,68.0,0.0,1.0,1.0,0.0
2.96,12,816,68.0,68.0,68.0,68.0,68.0,0.0,1.0,1.0,0.0
4.31,68,8684,68.0,68.0,68.0,68.0,86.0,80491.35467128026,0.9405586592178771,0.9264705882352942,0.0
1.36,4,272,68.0,68.0,68.0,68.0,68.0,0.0,1.0,1.0,0.0
8.01,60,4080,68.0,68.0,68.0,68.0,68.0,0.0,1.0,1.0,0.0
3.22,59,21335,86.0,68.0,68.0,170.0,1789.2,565696.7463372593,0.7111806223933269,0.7288135593220338,0.0
2.6,12,816,68.0,68.0,68.0,68.0,68.0,0.0,1.0,1.0,0.0
5.28,135,59812,86.0,68.0,68.0,170.0,1542.2000000000037,922945.8713854591,0.8281627288565577,0.6962962962962963,0.0
4.49,28,8076,68.0,68.0,68.0,86.0,170.0,573033.8877551019,1.0154729223858248,0.8571428571428571,0.0
8.99,105,34776,68.0,68.0,68.0,86.0,301.40000000000185,640401.2647619047,1.0720967645832091,0.8,0.0
6.39,24,1632,68.0,68.0,68.0,68.0,68.0,0.0,1.0,1.0,0.0
7.1,56,3808,68.0,68.0,68.0,68.0,68.0,0.0,1.0,1.0,0.0
9.72,45,8136,68.0,68.0,68.0,68.0,136.40000000000012,210948.2044444444,1.1713370696557246,0.8888888888888888,0.0
4.34,48,3264,68.0,68.0,68.0,68.0,68.0,0.0,1.0,1.0,0.0
8.66,66,23993,80.0,68.0,68.0,86.0,796.0,736937.8854453627,1.0589547755942676,0.7575757575757576,0.0
0.49,4,272,68.0,68.0,68.0,68.0,68.0,0.0,1.0,1.0,0.0
1.4,16,4085,86.0,68.0,68.0,159.5,711.5,185587.58984375,0.7869641294838146,0.6875,0.0
5.85,142,66074,86.0,68.0,68.0,170.0,2125.8000000000025,1038449.8758182899,0.9073929736439479,0.7183098591549296,0.0
1.6,25,7820,86.0,68.0,68.0,170.0,900.6000000000005,241773.04000000004,1.04177545691906,0.64,0.0
1.09,14,5650,86.0,68.0,80.0,149.0,758.0000000000009,799608.6734693878,2.797043010752688,0.7142857142857143,0.0
8.03,88,11280,68.0,68.0,68.0,68.0,86.0,117105.4442148761,0.5037994934008799,0.9090909090909091,0.0
8.84,72,6665,68.0,68.0,68.0,68.0,84.19999999999997,15277.911844135802,0.9654969035682689,0.9444444444444444,0.0
8.14,32,2176,68.0,68.0,68.0,68.0,68.0,0.0,1.0,1.0,0.0
0.13,4,272,68.0,68.0,68.0,68.0,68.0,0.0,1.0,1.0,0.0
1.06,8,544,68.0,68.0,68.0,68.0,68.0,0.0,1.0,1.0,0.0
5.61,91,21888,68.0,68.0,68.0,86.0,170.0,441006.8646298755,0.8916256157635468,0.8241758241758241,0.0
4.16,16,1088,68.0,68.0,68.0,68.0,68.0,0.0,1.0,1.0,0.0
6.34,156,62749,86.0,68.0,68.0,170.0,1431.0,737608.9373356344,0.8936234420738147,0.6987179487179487,0.0
6.91,84,18405,68.0,68.0,68.0,86.0,170.0,226236.33375850343,0.9213905418102099,0.8095238095238095,0.0
2.43,20,4030,68.0,68.0,68.0,86.0,191.7000000000003,203652.25,0.39301762875907365,0.8,0.0
4.6,20,1360,68.0,68.0,68.0,68.0,68.0,0.0,1.0,1.0,0.0
0.41,4,272,68.0,68.0,68.0,68.0,68.0,0.0,1.0,1.0,0.0
5.95,52,3536,68.0,68.0,68.0,68.0,68.0,0.0,1.0,1.0,0.0
7.41,38,7874,68.0,68.0,68.0,68.0,170.0,318671.8504155126,1.422023992617656,0.868421052631579,0.0
5.21,20,1360,68.0,68.0,68.0,68.0,68.0,0.0,1.0,1.0,0.0
2.35,44,2992,68.0,68.0,68.0,68.0,68.0,0.0,1.0,1.0,0.0
3.81,52,19419,86.0,68.0,68.0,170.0,791.8999999999999,698865.4389792903,0.934741456610541,0.6923076923076923,0.0
7.48,144,58177,86.0,68.0,68.0,170.0,1752.100000000004,755325.159673997,0.8835432382555768,0.7222222222222222,0.0
9.58,69,20142,80.0,68.0,68.0,86.0,410.8000000000022,411027.7605545052,1.5999741835549244,0.7681159420289855,0.0
3.9,64,11795,68.0,68.0,68.0,72.5,170.0,283407.5837402344,2.516696481812761,0.875,0.0
5.6,24,1632,68.0,68.0,68.0,68.0,68.0,0.0,1.0,1.0,0.0
6.17,24,1632,68.0,68.0,68.0,68.0,68.0,0.0,1.0,1.0,0.0
9.84,72,5820,68.0,68.0,68.0,68.0,84.19999999999997,5128.555555555555,0.8284637134778511,0.9444444444444444,0.0
4.53,16,1088,68.0,68.0,68.0,68.0,68.0,0.0,1.0,1.0,0.0
9.81,100,27001,68.0,68.0,68.0,86.0,170.0,588187.3698999999,0.8558663825692487,0.84,0.0
7.85,141,52789,86.0,68.0,68.0,170.0,1489.0,641134.0818872289,1.0388938241087637,0.7092198581560284,0.0
8.48,69,20976,86.0,68.0,68.0,170.0,1241.6000000000004,280391.59420289856,0.7820066264548466,0.7246376811594203,0.0
1.08,18,3419,80.0,68.0,68.0,86.0,329.9000000000004,95310.94135802472,0.7715025906735752,0.7777777777777778,0.0
9.53,76,11965,68.0,68.0,68.0,68.0,77.0,272095.0088296398,0.9865515523825337,0.9473684210526315,0.0
7.65,68,8814,68.0,68.0,68.0,68.0,86.0,121712.3832179931,1.3478955780500799,0.9411764705882353,0.0
8.13,32,2176,68.0,68.0,68.0,68.0,68.0,0.0,1.0,1.0,0.0
0.65,4,272,68.0,68.0,68.0,68.0,68.0,0.0,1.0,1.0,0.0
9.9,99,22488,68.0,68.0,68.0,86.0,170.0,331238.08815427,1.1297471351453736,0.8383838383838383,0.0
6.74,138,50746,86.0,68.0,68.0,170.0,1213.1999999999998,626952.1125813904,1.0464572327297657,0.7101449275362319,0.0
7.09,36,7500,68.0,68.0,68.0,68.0,128.0,330753.05555555556,0.6589250165892502,0.8888888888888888,0.0
1.14,12,4939,86.0,68.0,68.0,119.0,170.0,1095469.5763888888,0.1330580408350539,0.6666666666666666,0.0
4.96,45,21062,86.0,68.0,68.0,170.0,1582.800000000001,953203.8646913582,1.4117714416580787,0.7111111111111111,0.0
1.34,44,8688,68.0,68.0,68.0,68.0,86.0,324551.3388429752,0.8344594594594594,0.9090909090909091,0.0
1.37,20,1360,68.0,68.0,68.0,68.0,68.0,0.0,1.0,1.0,0.0
6.29,16,1088,68.0,68.0,68.0,68.0,68.0,0.0,1.0,1.0,0.0
4.13,48,3264,68.0,68.0,68.0,68.0,68.0,0.0,1.0,1.0,0.0
6.94,38,6466,68.0,68.0,68.0,81.5,170.0,111899.65927977838,0.45368705035971224,0.8421052631578947,0.0
0.1,4,272,68.0,68.0,68.0,68.0,68.0,0.0,1.0,1.0,0.0
9.99,110,22718,68.0,68.0,68.0,86.0,170.0,279182.10380165296,0.834760135680827,0.8363636363636363,0.0
9.55,151,57401,86.0,68.0,68.0,170.0,1692.0,705037.8150958291,1.2724969317866899,0.7350993377483444,0.0
9.39,73,25069,86.0,68.0,68.0,170.0,1042.999999999998,544128.3242634642,0.774545197140228,0.7123287671232876,0.0
1.01,4,272,68.0,68.0,68.0,68.0,68.0,0.0,1.0,1.0,0.0
9.16,72,10639,68.0,68.0,68.0,68.0,84.19999999999997,206672.90258487655,0.8499391410189532,0.9444444444444444,0.0
2.53,12,816,68.0,68.0,68.0,68.0,68.0,0.0,1.0,1.0,0.0
3.68,48,3264,68.0,68.0,68.0,68.0,68.0,0.0,1.0,1.0,0.0
4.33,33,5083,68.0,68.0,68.0,86.0,170.0,83301.24150596878,0.7265625,0.8484848484848485,0.0
6.76,56,3808,68.0,68.0,68.0,68.0,68.0,0.0,1.0,1.0,0.0
9.85,68,20417,68.0,68.0,68.0,89.5,508.80000000000456,424129.3051470588,0.76160483175151,0.75,0.0
0.69,4,272,68.0,68.0,68.0,68.0,68.0,0.0,1.0,1.0,0.0
2.19,94,39253,86.0,68.0,68.0,170.0,1516.0,696125.4767994569,0.5507664348925411,0.6702127659574468,0.0
4.09,64,15616,68.0,68.0,68.0,86.0,170.0,341707.78125,1.253065935651421,0.8125,0.0
0.82,12,5117,86.0,68.0,68.0,170.0,1155.5000000000005,659245.5763888889,1.9357429718875503,0.6666666666666666,0.0
8.0,98,29941,68.0,68.0,68.0,86.0,330.49999999999847,546650.9638692212,0.9980647313980647,0.7959183673469388,0.0
5.48,24,1632,68.0,68.0,68.0,68.0,68.0,0.0,1.0,1.0,0.0
0.51,4,272,68.0,68.0,68.0,68.0,68.0,0.0,1.0,1.0,0.0
3.73,16,1088,68.0,68.0,68.0,68.0,68.0,0.0,1.0,1.0,0.0
7.53,73,6327,68.0,68.0,68.0,68.0,84.79999999999998,10011.672734096453,0.8165374677002584,0.9452054794520548,0.0
3.38,12,816,68.0,68.0,68.0,68.0,68.0,0.0,1.0,1.0,0.0
5.67,102,22905,68.0,68.0,68.0,86.0,170.0,242924.12889273354,0.7794437538844002,0.8235294117647058,0.0
2.58,4,272,68.0,68.0,68.0,68.0,68.0,0.0,1.0,1.0,0.0
1.01,4,272,68.0,68.0,68.0,68.0,68.0,0.0,1.0,1.0,0.0
1.61,8,544,68.0,68.0,68.0,68.0,68.0,0.0,1.0,1.0,0.0
5.82,149,60397,86.0,68.0,68.0,170.0,1237.6000000000104,817209.5963244896,0.7938459710713119,0.7315436241610739,0.0
7.22,47,23184,86.0,68.0,68.0,170.0,1863.5999999999976,1061835.5617926666,2.0070038910505836,0.6595744680851063,0.0
6.34,84,15273,68.0,68.0,68.0,68.0,86.0,280146.81335034024,0.9394285714285714,0.9047619047619048,0.0
0.81,4,272,68.0,68.0,68.0,68.0,68.0,0.0,1.0,1.0,0.0
3.16,12,816,68.0,68.0,68.0,68.0,68.0,0.0,1.0,1.0,0.0
1.56,8,544,68.0,68.0,68.0,68.0,68.0,0.0,1.0,1.0,0.0
2.06,40,2720,68.0,68.0,68.0,68.0,68.0,0.0,1.0,1.0,0.0
0.54,15,7684,86.0,68.0,68.0,170.0,1394.3999999999999,991771.128888889,1.3469761759315821,0.6666666666666666,0.0
9.2,32,2176,68.0,68.0,68.0,68.0,68.0,0.0,1.0,1.0,0.0
8.15,125,30867,68.0,68.0,68.0,86.0,170.0,428871.355904,0.8789262235208181,0.808,0.0
4.81,24,5709,68.0,68.0,68.0,86.0,170.0,510641.1927083333,0.2566585956416465,0.8333333333333334,0.0
7.88,151,56275,86.0,68.0,68.0,170.0,983.0,665015.2234551117,0.8513340132249894,0.7284768211920529,0.0
5.49,54,25480,86.0,68.0,68.0,170.0,1847.8000000000013,816649.4595336074,0.85039941902687,0.6666666666666666,0.0
2.85,49,8643,68.0,68.0,68.0,68.0,86.0,312549.66597251146,1.8581349206349207,0.9183673469387755,0.0
2.17,22,1496,68.0,68.0,68.0,68.0,68.0,0.0,1.0,1.0,0.0
5.38,20,1360,68.0,68.0,68.0,68.0,68.0,0.0,1.0,1.0,0.0
4.02,60,12101,68.0,68.0,68.0,68.0,94.40000000000012,311903.5163888888,0.9577738230059861,0.9,0.0
0.95,12,816,68.0,68.0,68.0,68.0,68.0,0.0,1.0,1.0,0.0
5.41,12,816,68.0,68.0,68.0,68.0,68.0,0.0,1.0,1.0,0.0
8.51,105,24041,68.0,68.0,68.0,86.0,170.0,393094.6652154195,2.129930998567895,0.8476190476190476,0.0
4.64,8,544,68.0,68.0,68.0,68.0,68.0,0.0,1.0,1.0,0.0
2.3,8,544,68.0,68.0,68.0,68.0,68.0,0.0,1.0,1.0,0.0
7.57,157,56229,86.0,68.0,68.0,170.0,1136.8000000000009,585937.6027425047,0.9096281202241467,0.7197452229299363,0.0
0.84,12,4060,86.0,68.0,68.0,170.0,310.40000000000003,546317.2222222221,4.0497512437810945,0.6666666666666666,0.0
9.52,108,25192,68.0,68.0,68.0,86.0,170.0,353846.9698216736,0.8452973923234691,0.8518518518518519,0.0
7.64,16,1088,68.0,68.0,68.0,68.0,68.0,0.0,1.0,1.0,0.0
4.79,61,7371,68.0,68.0,68.0,68.0,86.0,50617.74361730718,0.6264342453662842,0.9180327868852459,0.0
2.26,20,1360,68.0,68.0,68.0,68.0,68.0,0.0,1.0,1.0,0.0
4.33,16,1088,68.0,68.0,68.0,68.0,68.0,0.0,1.0,1.0,0.0
2.48,40,2720,68.0,68.0,68.0,68.0,68.0,0.0,1.0,1.0,0.0
6.34,61,21583,86.0,68.0,68.0,170.0,601.0,678288.4428916955,0.9426642664266427,0.7213114754098361,0.0
3.75,12,816,68.0,68.0,68.0,68.0,68.0,0.0,1.0,1.0,0.0
3.88,128,59077,86.0,68.0,68.0,170.0,1662.299999999999,969752.4047241211,1.1342075792059536,0.6796875,0.0
6.12,33,8299,68.0,68.0,68.0,86.0,780.4000000000005,240153.34067952246,0.6417408506429277,0.8181818181818182,0.0
3.93,36,12757,86.0,68.0,68.0,170.0,1143.0,519204.78626543214,2.308350622406639,0.6666666666666666,0.0
3.31,64,12868,68.0,68.0,68.0,72.5,170.0,306174.15234375,1.9988347704497786,0.875,0.0
7.46,32,2176,68.0,68.0,68.0,68.0,68.0,0.0,1.0,1.0,0.0
3.36,12,816,68.0,68.0,68.0,68.0,68.0,0.0,1.0,1.0,0.0
7.54,72,5586,68.0,68.0,68.0,68.0,84.19999999999997,1574.4097222222224,0.9456635318704284,0.9444444444444444,0.0
2.44,12,816,68.0,68.0,68.0,68.0,68.0,0.0,1.0,1.0,0.0
6.66,102,20316,68.0,68.0,68.0,86.0,170.0,197480.61591695505,1.4295623056685003,0.8333333333333334,0.0
5.65,12,816,68.0,68.0,68.0,68.0,68.0,0.0,1.0,1.0,0.0
2.99,20,2846,68.0,68.0,68.0,86.0,192.6000000000003,39860.11,1.4834205933682374,0.8,0.0
4.38,137,51875,86.0,68.0,68.0,170.0,1106.2000000000023,714720.9137407427,0.8034696147962731,0.7299270072992701,0.0
9.65,66,26068,86.0,68.0,68.0,170.0,1612.5,606017.9990817263,1.1112820928160687,0.696969696969697,0.0
5.54,75,10387,68.0,68.0,68.0,68.0,83.60000000000005,230968.83662222227,1.8179598480737926,0.9466666666666667,0.0
9.33,73,9093,68.0,68.0,68.0,68.0,84.79999999999998,130141.17770688683,1.5935539075869938,0.9452054794520548,0.0
8.47,32,2176,68.0,68.0,68.0,68.0,68.0,0.0,1.0,1.0,0.0
6.27,107,26091,68.0,68.0,68.0,86.0,395.20000000000095,297887.1616735085,0.6451856989721925,0.8130841121495327,0.0
3.84,4,272,68.0,68.0,68.0,68.0,68.0,0.0,1.0,1.0,0.0
9.08,148,58208,86.0,68.0,68.0,170.0,1325.0000000000068,714425.3845872899,1.1964454171540697,0.7297297297297297,0.0
7.2,52,13911,68.0,68.0,68.0,86.0,402.19999999999965,302268.44193786976,1.5141876016627507,0.7692307692307693,0.0
1.54,15,5204,86.0,68.0,74.0,170.0,1316.8,264434.5955555555,0.5154338963308096,0.6666666666666666,0.0
9.73,88,16059,68.0,68.0,68.0,68.0,86.0,273808.6362345041,0.9579370885149964,0.9090909090909091,0.0
3.46,12,816,68.0,68.0,68.0,68.0,68.0,0.0,1.0,1.0,0.0
7.39,83,12550,68.0,68.0,68.0,68.0,86.0,173077.75322978655,0.9448318611498527,0.927710843373494,0.0
3.95,12,816,68.0,68.0,68.0,68.0,68.0,0.0,1.0,1.0,0.0
8.49,124,33265,68.0,68.0,68.0,86.0,486.0,456912.3243366285,0.6363323331201731,0.7903225806451613,0.0
0.81,15,3350,86.0,68.0,68.0,516.0,516.0,42880.88888888889,8.852941176470589,0.6666666666666666,0.0
6.47,139,51615,86.0,68.0,68.0,170.0,1052.2000000000003,682059.530769629,0.9943972179289027,0.7050359712230215,0.0
0.55,4,272,68.0,68.0,68.0,68.0,68.0,0.0,1.0,1.0,0.0
3.77,20,7236,68.0,68.0,68.0,107.0,893.200000000001,624839.5599999998,1.341747572815534,0.75,0.0
9.14,107,24733,68.0,68.0,68.0,86.0,170.0,336043.8841820247,0.7330950879405788,0.8411214953271028,0.0
5.68,22,7031,68.0,68.0,68.0,86.0,170.0,698169.5144628099,2.0424058848983124,0.8181818181818182,0.0
1.34,12,816,68.0,68.0,68.0,68.0,68.0,0.0,1.0,1.0,0.0
9.86,75,8260,68.0,68.0,68.0,68.0,86.0,50080.56888888889,0.9299065420560748,0.9333333333333333,0.0
9.34,34,2312,68.0,68.0,68.0,68.0,68.0,0.0,1.0,1.0,0.0
9.66,100,25144,68.0,68.0,68.0,86.0,170.0,360393.2463999998,0.8161068977970386,0.83,0.0
1.29,8,544,68.0,68.0,68.0,68.0,68.0,0.0,1.0,1.0,0.0
5.57,139,51979,86.0,68.0,68.0,170.0,1289.8000000000002,651302.0334351225,0.8769725201314411,0.7122302158273381,0.0
0.94,8,544,68.0,68.0,68.0,68.0,68.0,0.0,1.0,1.0,0.0
2.43,24,5452,68.0,68.0,68.0,86.0,170.0,468271.05555555556,0.2416306080619449,0.8333333333333334,0.0
8.4,99,29744,68.0,68.0,68.0,86.0,285.6000000000016,555091.6004489338,0.9620052770448548,0.797979797979798,0.0
4.06,102,17988,86.0,68.0,68.0,222.0,486.0,28412.816608996545,3.947194719471947,0.7058823529411765,0.0
5.77,5,340,68.0,68.0,68.0,68.0,68.0,0.0,0.6666666666666666,1.0,0.0
7.11,91,13600,68.0,68.0,68.0,68.0,86.0,164198.33546673108,0.8888888888888888,0.9340659340659341,0.0
8.63,89,21208,68.0,68.0,68.0,86.0,265.20000000000016,322884.7685898245,0.9546543778801844,0.797752808988764,0.0
7.86,48,5327,68.0,68.0,68.0,68.0,86.0,57195.06206597221,0.547197211733953,0.9166666666666666,0.0
5.95,142,60391,86.0,68.0,68.0,170.0,1523.6000000000008,818743.9236758581,1.105096207473508,0.7112676056338029,0.0
6.63,57,15749,86.0,68.0,68.0,170.0,758.9999999999999,265521.8584179748,1.0573481384715873,0.7192982456140351,0.0
4.98,56,7680,68.0,68.0,68.0,68.0,86.0,188666.83673469382,0.4452389913436206,0.9285714285714286,0.0
2.42,20,1360,68.0,68.0,68.0,68.0,68.0,0.0,1.0,1.0,0.0
0.89,4,272,68.0,68.0,68.0,68.0,68.0,0.0,1.0,1.0,0.0
5.76,52,3536,68.0,68.0,68.0,68.0,68.0,0.0,1.0,1.0,0.0
1.93,17,5458,68.0,68.0,68.0,86.0,214.80000000000004,794740.2906574393,5.091517857142857,0.7647058823529411,0.0
5.04,20,1360,68.0,68.0,68.0,68.0,68.0,0.0,1.0,1.0,0.0
5.19,20,1360,68.0,68.0,68.0,68.0,68.0,0.0,1.0,1.0,0.0
1.78,40,2720,68.0,68.0,68.0,68.0,68.0,0.0,1.0,1.0,0.0
6.11,79,28550,86.0,68.0,68.0,170.0,516.0,604638.5928537092,0.9043489861259338,0.6835443037974683,0.0
1.17,4,272,68.0,68.0,68.0,68.0,68.0,0.0,1.0,1.0,0.0
9.26,158,58371,86.0,68.0,68.0,170.0,1302.9000000000003,612328.6130828392,0.8345276258721478,0.7151898734177216,0.0
2.86,21,6659,68.0,68.0,68.0,86.0,170.0,524320.9433106576,1.096662468513854,0.8095238095238095,0.0
9.58,104,30409,68.0,68.0,68.0,86.0,170.0,564848.681120562,0.8959411434628094,0.8461538461538461,0.0
3.5,8,544,68.0,68.0,68.0,68.0,68.0,0.0,1.0,1.0,0.0
0.91,4,272,68.0,68.0,68.0,68.0,68.0,0.0,1.0,1.0,0.0
5.11,20,1360,68.0,68.0,68.0,68.0,68.0,0.0,1.0,1.0,0.0
8.75,67,9839,68.0,68.0,68.0,68.0,86.0,145741.67921586105,1.0687552565180825,0.9253731343283582,0.0
5.09,20,1360,68.0,68.0,68.0,68.0,68.0,0.0,1.0,1.0,0.0
0.22,4,272,68.0,68.0,68.0,68.0,68.0,0.0,1.0,1.0,0.0
3.89,90,18318,68.0,68.0,68.0,86.0,186.9000000000001,242750.0711111111,0.543218197135636,0.8,0.0
2.47,4,272,68.0,68.0,68.0,68.0,68.0,0.0,1.0,1.0,0.0
5.56,44,11044,68.0,68.0,68.0,86.0,170.0,310769.2272727273,0.7378442171518489,0.8181818181818182,0.0
9.6,144,57843,86.0,68.0,68.0,170.0,1379.6000000000035,735891.4926215278,1.31372,0.7083333333333334,0.0
8.08,94,27846,68.0,68.0,68.0,86.0,296.7000000000005,554607.221819828,0.7687861271676301,0.8085106382978723,0.0
8.16,33,2588,68.0,68.0,68.0,68.0,82.4,1348.3048668503213,0.6505102040816326,0.9393939393939394,0.0
8.04,80,8416,68.0,68.0,68.0,68.0,69.80000000000015,44675.86,1.0456976178901312,0.95,0.0
5.86,12,816,68.0,68.0,68.0,68.0,68.0,0.0,1.0,1.0,0.0
9.38,109,20210,68.0,68.0,68.0,86.0,170.0,217328.866257049,1.2890474572431758,0.8532110091743119,0.0
7.35,136,47212,86.0,68.0,68.0,170.0,1322.5,528674.7577854672,0.7535935816959477,0.7058823529411765,0.0
7.33,53,10473,68.0,68.0,68.0,86.0,170.0,298505.29583481664,0.7811224489795918,0.8490566037735849,0.0
1.4,24,10857,86.0,68.0,68.0,170.0,1067.0,889575.984375,1.179245283018868,0.6666666666666666,0.0
9.91,89,15918,68.0,68.0,68.0,68.0,86.0,249434.50675419768,0.972001982160555,0.9101123595505618,0.0
8.54,92,9428,68.0,68.0,68.0,68.0,181.70000000000007,25305.90170132325,0.8328149300155521,0.8804347826086957,0.0
7.23,27,6037,68.0,68.0,68.0,68.0,119.60000000000018,340248.31550068595,1.7242779783393503,0.8888888888888888,0.0
8.54,64,4352,68.0,68.0,68.0,68.0,68.0,0.0,1.0,1.0,0.0
2.57,51,15693,86.0,68.0,68.0,170.0,484.0,445475.54094579007,1.0583683105981112,0.6862745098039216,0.0
0.29,4,272,68.0,68.0,68.0,68.0,68.0,0.0,1.0,1.0,0.0
5.0,100,39524,86.0,68.0,68.0,170.0,1421.9000000000005,704123.8224,1.5542199819051312,0.71,0.0
7.46,72,22371,68.0,68.0,68.0,86.0,303.1999999999998,566795.1788194443,0.9127051983584131,0.7777777777777778,0.0
1.38,26,12521,86.0,68.0,80.0,170.0,1253.0,961215.3210059173,2.0368663594470044,0.6538461538461539,0.0
4.13,36,12642,68.0,68.0,68.0,86.0,684.5,730055.638888889,1.0111358574610245,0.7777777777777778,0.0
4.16,61,11559,68.0,68.0,68.0,68.0,86.0,409052.4138672401,0.8347619047619048,0.9344262295081968,0.0
6.07,12,816,68.0,68.0,68.0,68.0,68.0,0.0,1.0,1.0,0.0
6.88,65,8742,68.0,68.0,68.0,68.0,86.0,86777.57301775148,0.8747587390092215,0.9230769230769231,0.0
4.36,20,1360,68.0,68.0,68.0,68.0,68.0,0.0,1.0,1.0,0.0
7.85,60,4080,68.0,68.0,68.0,68.0,68.0,0.0,1.0,1.0,0.0
1.75,57,19854,86.0,68.0,68.0,170.0,1010.7999999999988,469500.81255771004,0.6442236024844721,0.6842105263157895,0.0
8.83,32,4524,68.0,68.0,68.0,72.5,161.6000000000002,92316.859375,1.8815286624203822,0.875,0.0
2.58,114,51868,86.0,68.0,68.0,170.0,2107.400000000002,900351.245306248,0.8921640157595214,0.6754385964912281,0.0
9.4,67,24528,68.0,68.0,68.0,86.0,847.9999999999978,708414.3800400981,0.8712236801953006,0.7611940298507462,0.0
9.25,88,18410,68.0,68.0,68.0,68.0,86.0,399219.299070248,0.8618527508090615,0.9090909090909091,0.0
3.63,12,816,68.0,68.0,68.0,68.0,68.0,0.0,1.0,1.0,0.0
0.75,4,272,68.0,68.0,68.0,68.0,68.0,0.0,1.0,1.0,0.0
5.78,74,10032,68.0,68.0,68.0,68.0,86.0,75233.56975894814,0.5133504299290994,0.918918918918919,0.0
7.18,16,1088,68.0,68.0,68.0,68.0,68.0,0.0,1.0,1.0,0.0
3.61,48,3264,68.0,68.0,68.0,68.0,68.0,0.0,1.0,1.0,0.0
7.3,60,19325,86.0,68.0,68.0,170.0,1087.5000000000002,468212.4097222221,0.9488705123033482,0.7333333333333333,0.0
9.51,169,54023,86.0,68.0,68.0,170.0,537.2000000000035,537741.6909772066,1.4576016740969884,0.7396449704142012,0.0
2.39,41,16630,86.0,68.0,68.0,170.0,1516.0,488948.28673408687,0.7742451723034247,0.6585365853658537,0.0
7.71,88,12316,68.0,68.0,68.0,68.0,86.0,150429.20247933883,0.9103458973165813,0.9090909090909091,0.0
4.88,20,1360,68.0,68.0,68.0,68.0,68.0,0.0,1.0,1.0,0.0
9.83,75,6993,68.0,68.0,68.0,68.0,78.80000000000015,27790.849066666662,0.707275390625,0.9466666666666667,0.0
1.61,8,544,68.0,68.0,68.0,68.0,68.0,0.0,1.0,1.0,0.0
0.99,8,544,68.0,68.0,68.0,68.0,68.0,0.0,1.0,1.0,0.0
8.29,102,24417,68.0,68.0,68.0,86.0,170.0,328265.39302191464,0.648794651900871,0.8235294117647058,0.0
8.01,144,55205,86.0,68.0,68.0,170.0,1406.4000000000015,703161.6075906635,0.8998210475600523,0.7222222222222222,0.0
3.57,32,10474,68.0,68.0,68.0,86.0,170.0,820553.65234375,1.0150057714505578,0.84375,0.0
3.35,36,19092,86.0,68.0,68.0,170.0,1934.5,1153991.7777777775,1.274481772694782,0.6666666666666666,0.0
1.75,18,5891,80.0,68.0,68.0,86.0,288.8000000000003,774274.4228395061,3.9923728813559323,0.7777777777777778,0.0
2.67,50,5457,68.0,68.0,68.0,68.0,86.0,49030.3204,1.5838068181818181,0.92,0.0
4.47,24,1632,68.0,68.0,68.0,68.0,68.0,0.0,1.0,1.0,0.0
8.34,60,4080,68.0,68.0,68.0,68.0,68.0,0.0,1.0,1.0,0.0
3.94,32,6278,68.0,68.0,68.0,72.5,161.6000000000002,388752.33984375,3.2941176470588234,0.875,0.0
3.23,12,816,68.0,68.0,68.0,68.0,68.0,0.0,1.0,1.0,0.0
0.34,4,272,68.0,68.0,68.0,68.0,68.0,0.0,1.0,1.0,0.0
3.17,44,2992,68.0,68.0,68.0,68.0,68.0,0.0,1.0,1.0,0.0
4.27,60,27642,86.0,68.0,68.0,170.0,1526.8000000000002,845558.1433333332,0.9399256088146537,0.7,0.0
0.44,4,272,68.0,68.0,68.0,68.0,68.0,0.0,1.0,1.0,0.0
9.4,172,62771,86.0,68.0,68.0,170.0,990.7000000000011,655697.4333085452,1.1292740841248303,0.7325581395348837,0.0
1.88,27,8844,86.0,68.0,74.0,170.0,1405.6000000000004,288291.28395061725,0.6380811261344693,0.6666666666666666,0.0
7.36,104,19878,68.0,68.0,68.0,86.0,348.0000000000005,215523.02034023678,0.8682330827067669,0.7884615384615384,0.0
9.64,42,5652,68.0,68.0,68.0,86.0,516.0,24286.530612244904,3.6176470588235294,0.8571428571428571,0.0
8.22,87,7939,68.0,68.0,68.0,68.0,68.0,24485.84410093805,0.659489966555184,0.9425287356321839,0.0
9.73,117,19210,68.0,68.0,68.0,86.0,170.0,163587.2125063919,0.6231516687790452,0.8632478632478633,0.0
0.49,15,5989,86.0,68.0,68.0,128.0,759.7999999999997,838061.9288888889,0.39603729603729604,0.7333333333333333,0.0
8.56,161,53771,86.0,68.0,68.0,170.0,704.0,558463.0369198719,1.0876266645960322,0.7391304347826086,0.0
7.98,101,31846,68.0,68.0,68.0,86.0,800.0,555445.123615332,1.166836769408723,0.7920792079207921,0.0
3.58,24,1632,68.0,68.0,68.0,68.0,68.0,0.0,1.0,1.0,0.0
1.05,4,272,68.0,68.0,68.0,68.0,68.0,0.0,1.0,1.0,0.0
3.69,12,816,68.0,68.0,68.0,68.0,68.0,0.0,1.0,1.0,0.0
7.59,78,9497,68.0,68.0,68.0,68.0,86.0,63018.36374095992,0.414507000297885,0.9230769230769231,0.0
1.12,4,272,68.0,68.0,68.0,68.0,68.0,0.0,1.0,1.0,0.0
2.51,8,544,68.0,68.0,68.0,68.0,68.0,0.0,1.0,1.0,0.0
7.5,104,27339,68.0,68.0,68.0,86.0,170.0,493860.82091346156,1.0321861294878465,0.8461538461538461,0.0
9.33,189,52225,86.0,68.0,68.0,222.0,486.0,308766.6206993085,1.6192386779678019,0.656084656084656,0.0
3.34,44,13803,86.0,68.0,68.0,170.0,491.4000000000002,552441.0717975206,1.1737007874015748,0.7272727272727273,0.0
7.45,77,27496,68.0,68.0,68.0,86.0,1143.000000000001,669458.7319952773,1.2968841366636037,0.7792207792207793,0.0
8.67,76,14774,68.0,68.0,68.0,68.0,128.0,322477.23891966755,1.6097862568450805,0.8947368421052632,0.0
0.58,12,816,68.0,68.0,68.0,68.0,68.0,0.0,1.0,1.0,0.0
0.35,4,272,68.0,68.0,68.0,68.0,68.0,0.0,1.0,1.0,0.0
7.05,56,3808,68.0,68.0,68.0,68.0,68.0,0.0,1.0,1.0,0.0
1.97,19,6632,86.0,68.0,68.0,170.0,1516.0,299815.3130193905,0.5656279508970727,0.6842105263157895,0.0
4.74,20,1360,68.0,68.0,68.0,68.0,68.0,0.0,1.0,1.0,0.0
5.39,48,3264,68.0,68.0,68.0,68.0,68.0,0.0,1.0,1.0,0.0
0.64,8,544,68.0,68.0,68.0,68.0,68.0,0.0,1.0,1.0,0.0
7.89,59,16972,86.0,68.0,68.0,170.0,1006.2000000000003,327933.71559896576,1.2107594112283444,0.7288135593220338,0.0
0.76,4,272,68.0,68.0,68.0,68.0,68.0,0.0,1.0,1.0,0.0
5.57,133,50562,86.0,68.0,68.0,170.0,1009.7999999999998,715050.694442874,0.736630602782071,0.6992481203007519,0.0
0.09,4,272,68.0,68.0,68.0,68.0,68.0,0.0,1.0,1.0,0.0
7.96,65,19713,80.0,68.0,68.0,86.0,618.4000000000001,501735.92331360944,1.037729997932603,0.7538461538461538,0.0
4.73,66,13171,68.0,68.0,68.0,86.0,188.0,205775.15541781456,0.8899411680298465,0.8333333333333334,0.0
1.63,20,1360,68.0,68.0,68.0,68.0,68.0,0.0,1.0,1.0,0.0
8.93,32,3980,68.0,68.0,68.0,72.5,446.00000000000085,20326.609375,0.3143989431968296,0.875,0.0
9.92,86,12408,68.0,68.0,68.0,68.0,86.0,173710.0616549487,1.0693795863909272,0.9302325581395349,0.0
4.03,12,816,68.0,68.0,68.0,68.0,68.0,0.0,1.0,1.0,0.0
9.19,107,27868,68.0,68.0,68.0,86.0,170.0,519863.7053017731,0.9512673295056715,0.8411214953271028,0.0
4.33,20,4375,68.0,68.0,68.0,86.0,273.30000000000143,171431.6875,0.8063583815028902,0.8,0.0
7.26,149,55598,86.0,68.0,68.0,170.0,957.0000000000052,698668.7519481103,1.1455640026241656,0.7315436241610739,0.0
8.96,104,36243,68.0,68.0,68.0,86.0,590.7000000000012,756312.1922152366,1.1789815427162869,0.7884615384615384,0.0
6.25,26,1768,68.0,68.0,68.0,68.0,68.0,0.0,1.0,1.0,0.0
4.92,24,1632,68.0,68.0,68.0,68.0,68.0,0.0,1.0,1.0,0.0
8.95,70,8420,68.0,68.0,68.0,68.0,86.0,72228.83265306127,1.0,0.9285714285714286,0.0
6.22,68,4928,68.0,68.0,68.0,68.0,86.0,196.95501730103808,0.7906976744186046,0.9411764705882353,0.0
1.37,13,1112,68.0,68.0,68.0,86.0,126.0,543.4792899408284,1.2975206611570247,0.7692307692307693,0.0
0.96,45,18236,86.0,68.0,68.0,170.0,639.2000000000002,791154.0958024692,1.8758870840561426,0.6444444444444445,0.0
5.5,8,544,68.0,68.0,68.0,68.0,68.0,0.0,1.0,1.0,0.0
6.54,143,63928,86.0,68.0,68.0,170.0,1878.3999999999999,888324.2563450537,0.9649597344316715,0.7132867132867133,0.0
7.1,55,15353,80.0,68.0,68.0,86.0,640.2000000000007,381408.45157024794,1.1060356652949246,0.7636363636363637,0.0
6.57,78,18876,68.0,68.0,68.0,86.0,170.0,416627.0256410256,1.313235294117647,0.8461538461538461,0.0
8.35,32,2176,68.0,68.0,68.0,68.0,68.0,0.0,1.0,1.0,0.0
0.17,4,272,68.0,68.0,68.0,68.0,68.0,0.0,1.0,1.0,0.0
9.65,80,6572,68.0,68.0,68.0,68.0,69.80000000000015,7700.702500000002,0.8079779917469051,0.95,0.0
3.14,12,816,68.0,68.0,68.0,68.0,68.0,0.0,1.0,1.0,0.0
9.3,105,27615,68.0,68.0,68.0,86.0,170.0,508410.24761904764,1.1941045606229144,0.8476190476190476,0.0
6.44,141,51498,86.0,68.0,68.0,170.0,1049.0,604333.0728836576,1.059014033825117,0.7021276595744681,0.0
9.36,59,16162,68.0,68.0,68.0,86.0,180.60000000000014,487550.6394714162,1.908403815008098,0.7966101694915254,0.0
6.51,76,17619,68.0,68.0,68.0,86.0,170.0,346991.58916205,0.694949494949495,0.8421052631578947,0.0
9.32,36,2448,68.0,68.0,68.0,68.0,68.0,0.0,1.0,1.0,0.0
2.22,12,816,68.0,68.0,68.0,68.0,68.0,0.0,1.0,1.0,0.0
8.6,74,12134,68.0,68.0,68.0,68.0,86.0,168388.9992695398,0.9461106655974338,0.9054054054054054,0.0
2.2,12,816,68.0,68.0,68.0,68.0,68.0,0.0,1.0,1.0,0.0
2.15,12,816,68.0,68.0,68.0,68.0,68.0,0.0,1.0,1.0,0.0
7.94,97,25279,68.0,68.0,68.0,86.0,170.0,401436.81560208305,1.267988516059573,0.8247422680412371,0.0
6.92,140,56341,86.0,68.0,68.0,170.0,1257.8000000000004,783349.6315816328,1.138827727583327,0.7071428571428572,0.0
5.64,36,9171,68.0,68.0,68.0,68.0,128.0,552103.5763888889,0.837875751503006,0.8888888888888888,0.0
6.78,95,27437,68.0,68.0,68.0,86.0,184.4000000000002,484363.7325207754,1.3139917348401788,0.8105263157894737,0.0
9.53,44,6638,68.0,68.0,68.0,68.0,86.0,140390.57231404958,0.6834897286330205,0.9090909090909091,0.0
6.62,67,8801,68.0,68.0,68.0,68.0,86.0,82337.81198485185,0.8598901098901099,0.9253731343283582,0.0
5.81,24,1632,68.0,68.0,68.0,68.0,68.0,0.0,1.0,1.0,0.0
0.78,8,544,68.0,68.0,68.0,68.0,68.0,0.0,1.0,1.0,0.0
6.56,100,21771,68.0,68.0,68.0,86.0,170.0,399026.40589999995,0.7402877697841727,0.84,0.0
4.28,8,544,68.0,68.0,68.0,68.0,68.0,0.0,1.0,1.0,0.0
2.06,8,544,68.0,68.0,68.0,68.0,68.0,0.0,1.0,1.0,0.0
9.44,162,62131,86.0,68.0,68.0,170.0,1381.6000000000004,664383.6321063861,0.911723076923077,0.7222222222222222,0.0
2.67,36,14589,86.0,68.0,68.0,170.0,876.5,701779.1875,1.225629290617849,0.6666666666666666,0.0
9.3,88,15454,68.0,68.0,68.0,68.0,86.0,261983.6916322314,1.616661022688791,0.9090909090909091,0.0
0.71,4,272,68.0,68.0,68.0,68.0,68.0,0.0,1.0,1.0,0.0
8.85,79,11544,68.0,68.0,68.0,68.0,86.0,153420.59157186342,1.0076521739130435,0.9240506329113924,0.0
2.42,12,816,68.0,68.0,68.0,68.0,68.0,0.0,1.0,1.0,0.0
8.52,64,4352,68.0,68.0,68.0,68.0,68.0,0.0,1.0,1.0,0.0
9.06,63,20837,86.0,68.0,68.0,170.0,913.0000000000032,584264.1259763165,0.929709205408409,0.7301587301587301,0.0
4.25,129,57900,86.0,68.0,68.0,170.0,2251.0,888948.6169100414,0.7994219473536999,0.689922480620155,0.0
9.58,68,22150,77.0,68.0,68.0,170.0,1076.8,503331.4005190313,0.9296105932572524,0.7352941176470589,0.0
0.69,12,3866,86.0,68.0,68.0,170.0,1248.2000000000005,259130.97222222225,0.9138613861386139,0.6666666666666666,0.0
3.69,54,7115,68.0,68.0,68.0,68.0,86.0,69946.701303155,0.9829988851727982,0.9074074074074074,0.0
3.69,20,1360,68.0,68.0,68.0,68.0,68.0,0.0,1.0,1.0,0.0
5.21,20,1360,68.0,68.0,68.0,68.0,68.0,0.0,1.0,1.0,0.0
0.6,24,1632,68.0,68.0,68.0,68.0,68.0,0.0,1.0,1.0,0.0
8.32,51,7305,68.0,68.0,68.0,68.0,86.0,149704.53287197236,1.606136282554406,0.9215686274509803,0.0
2.24,12,816,68.0,68.0,68.0,68.0,68.0,0.0,1.0,1.0,0.0
0.88,4,272,68.0,68.0,68.0,68.0,68.0,0.0,1.0,1.0,0.0
2.7,44,2992,68.0,68.0,68.0,68.0,68.0,0.0,1.0,1.0,0.0
7.79,60,24558,86.0,68.0,68.0,170.0,1567.4000000000008,767097.5433333332,0.9651116267904297,0.7166666666666667,0.0
8.17,144,52503,86.0,68.0,68.0,170.0,1256.6000000000004,620631.5724826389,0.9213569494254557,0.7152777777777778,0.0
5.12,27,4866,68.0,68.0,68.0,86.0,170.0,168586.6913580247,1.8078476630121176,0.8518518518518519,0.0
2.44,38,17990,86.0,68.0,71.0,170.0,1563.7000000000007,978180.7174515236,1.1674698795180722,0.6578947368421053,0.0
5.55,68,16549,68.0,68.0,68.0,71.0,170.0,453671.37954152253,1.1806562129397813,0.8823529411764706,0.0
2.3,20,1360,68.0,68.0,68.0,68.0,68.0,0.0,1.0,1.0,0.0
2.89,12,816,68.0,68.0,68.0,68.0,68.0,0.0,1.0,1.0,0.0
2.07,12,816,68.0,68.0,68.0,68.0,68.0,0.0,1.0,1.0,0.0
7.13,68,5856,68.0,68.0,68.0,68.0,86.0,7066.368512110725,1.0773323873714082,0.9411764705882353,0.0
4.7,16,1088,68.0,68.0,68.0,68.0,68.0,0.0,1.0,1.0,0.0
7.59,124,34963,68.0,68.0,68.0,86.0,486.0,503855.79676118644,0.7700992304576751,0.782258064516129,0.0
4.22,54,11754,86.0,68.0,80.0,486.0,507.0000000000001,38845.88888888889,7.617302052785924,0.6666666666666666,0.0
9.54,169,63986,86.0,68.0,68.0,170.0,1360.8000000000002,713394.7218934911,1.2355530710642164,0.7337278106508875,0.0
6.66,78,17247,68.0,68.0,68.0,86.0,218.59999999999954,326698.2815581855,0.6048199497534196,0.7948717948717948,0.0
6.79,44,10485,68.0,68.0,68.0,68.0,86.0,568342.8445247934,0.881392427776781,0.9090909090909091,0.0
2.12,8,544,68.0,68.0,68.0,68.0,68.0,0.0,1.0,1.0,0.0
1.39,4,272,68.0,68.0,68.0,68.0,68.0,0.0,1.0,1.0,0.0
6.08,64,6480,68.0,68.0,68.0,68.0,86.0,31840.96875,0.7651865976573141,0.9375,0.0
1.78,4,272,68.0,68.0,68.0,68.0,68.0,0.0,1.0,1.0,0.0
4.8,28,1904,68.0,68.0,68.0,68.0,68.0,0.0,1.0,1.0,0.0
6.59,99,29941,68.0,68.0,68.0,86.0,170.0,620686.7305377002,1.0055596490052918,0.8383838383838383,0.0
8.22,20,1360,68.0,68.0,68.0,68.0,68.0,0.0,1.0,1.0,0.0
3.49,124,54605,86.0,68.0,68.0,170.0,1703.4000000000003,816222.2150754427,1.2901899928700247,0.6693548387096774,0.0
9.14,76,25057,80.0,68.0,68.0,170.0,1516.0,402551.5005193906,0.7720650636492221,0.7236842105263158,0.0
6.75,84,14608,68.0,68.0,68.0,68.0,86.0,255930.44331065766,1.8326546441729687,0.9047619047619048,0.0
9.07,76,13366,86.0,68.0,68.0,222.0,486.0,24747.71952908588,3.399605003291639,0.6578947368421053,0.0
0.15,4,272,68.0,68.0,68.0,68.0,68.0,0.0,1.0,1.0,0.0
1.64,28,1904,68.0,68.0,68.0,68.0,68.0,0.0,1.0,1.0,0.0
7.77,63,8855,68.0,68.0,68.0,68.0,86.0,80905.92945326283,0.41634676903390916,0.9047619047619048,0.0
2.15,32,2176,68.0,68.0,68.0,68.0,68.0,0.0,1.0,1.0,0.0
7.84,90,27354,68.0,68.0,68.0,86.0,205.60000000000304,583508.4177777778,1.2880803011292346,0.8,0.0
8.17,172,60037,86.0,68.0,68.0,170.0,1049.0,596353.2240062195,1.1897727687201372,0.7034883720930233,0.0
1.58,24,5953,68.0,68.0,68.0,86.0,170.0,324469.03993055556,1.33359466875735,0.8333333333333334,0.0
1.37,34,14927,86.0,68.0,68.0,170.0,1543.0,645371.5579584775,1.9297350343473993,0.6470588235294118,0.0
0.23,1,68,68.0,68.0,68.0,68.0,68.0,0.0,0.0,1.0,0.0
4.51,66,13689,68.0,68.0,68.0,68.0,170.0,289228.6659779615,1.0480251346499103,0.8787878787878788,0.0
0.56,4,272,68.0,68.0,68.0,68.0,68.0,0.0,1.0,1.0,0.0
4.92,12,816,68.0,68.0,68.0,68.0,68.0,0.0,1.0,1.0,0.0
5.12,28,1904,68.0,68.0,68.0,68.0,68.0,0.0,1.0,1.0,0.0
4.3,60,5150,68.0,68.0,68.0,68.0,86.0,9528.538888888888,0.757079495052883,0.9333333333333333,0.0
4.01,8,544,68.0,68.0,68.0,68.0,68.0,0.0,1.0,1.0,0.0
5.89,44,2992,68.0,68.0,68.0,68.0,68.0,0.0,1.2,1.0,0.0
4.73,78,21838,68.0,68.0,68.0,86.0,220.39999999999952,491497.2044707428,1.7420894023103968,0.7948717948717948,0.0
4.69,19,3016,86.0,68.0,68.0,154.0,492.0,24678.825484764548,0.1930379746835443,0.7368421052631579,0.0
7.69,146,44450,86.0,68.0,68.0,170.0,857.0,413185.1107149559,1.1663904864021835,0.726027397260274,0.0
8.46,69,35682,86.0,68.0,68.0,170.0,2972.8,1154628.8380592312,0.8102582314443711,0.6956521739130435,0.0
9.63,77,10547,68.0,68.0,68.0,68.0,82.40000000000003,159429.76555911617,0.9964035585841378,0.948051948051948,0.0
0.72,4,272,68.0,68.0,68.0,68.0,68.0,0.0,1.0,1.0,0.0
9.82,85,7889,68.0,68.0,68.0,68.0,75.2000000000001,36615.35280276815,1.526096701889209,0.9529411764705882,0.0
8.01,20,1360,68.0,68.0,68.0,68.0,68.0,0.0,1.0,1.0,0.0
7.62,96,23123,68.0,68.0,68.0,86.0,170.0,407183.304578993,1.252167137430603,0.8333333333333334,0.0
8.05,151,50309,86.0,68.0,68.0,170.0,546.0,545682.3014780052,1.1419934431813343,0.7284768211920529,0.0
4.01,32,6379,68.0,68.0,68.0,72.5,161.6000000000002,350334.1005859375,0.3840312432197874,0.875,0.0
0.06,10,2660,86.0,68.0,86.0,170.0,571.1999999999997,146206.4,0.5062287655719139,0.6,0.0
6.74,85,28013,68.0,68.0,68.0,86.0,170.0,714211.045813149,1.3601819866880107,0.8117647058823529,0.0
4.35,27,2272,68.0,68.0,68.0,68.0,68.0,6222.496570644719,0.6368876080691642,0.9629629629629629,0.0
9.11,68,9446,68.0,68.0,68.0,68.0,86.0,157947.6980968858,0.7735636500187758,0.9411764705882353,0.0
7.45,36,2448,68.0,68.0,68.0,68.0,68.0,0.0,1.0,1.0,0.0
3.19,44,2992,68.0,68.0,68.0,68.0,68.0,0.0,1.0,1.0,0.0
2.4,51,19644,86.0,68.0,68.0,170.0,1331.0,611759.4786620531,0.6146638171954628,0.6862745098039216,0.0
1.13,4,272,68.0,68.0,68.0,68.0,68.0,0.0,1.0,1.0,0.0
1.97,4,272,68.0,68.0,68.0,68.0,68.0,0.0,1.0,1.0,0.0
5.26,29,6257,68.0,68.0,68.0,86.0,170.0,263246.59690844227,1.2266903914590748,0.8620689655172413,0.0
6.14,143,46154,86.0,68.0,68.0,170.0,834.1999999999998,495735.5554794855,1.377479008911554,0.7132867132867133,0.0
0.24,12,7329,86.0,68.0,68.0,170.0,2878.1000000000013,1328114.1875,0.9959150326797386,0.6666666666666666,0.0
9.54,110,26101,68.0,68.0,68.0,86.0,170.0,428916.8751239669,0.7633427915146602,0.8545454545454545,0.0
5.92,12,816,68.0,68.0,68.0,68.0,68.0,0.0,1.0,1.0,0.0
2.33,8,544,68.0,68.0,68.0,68.0,68.0,0.0,1.0,1.0,0.0
6.59,79,10100,68.0,68.0,68.0,68.0,86.0,93890.73642044542,1.0383451059535822,0.9367088607594937,0.0
3.74,12,816,68.0,68.0,68.0,68.0,68.0,0.0,1.0,1.0,0.0
6.02,98,16079,68.0,68.0,68.0,86.0,170.0,159186.67857142858,0.6792689295039165,0.8367346938775511,0.0
2.18,4,272,68.0,68.0,68.0,68.0,68.0,0.0,1.0,1.0,0.0
3.97,12,816,68.0,68.0,68.0,68.0,68.0,0.0,1.0,1.0,0.0
5.39,140,43188,86.0,68.0,68.0,170.0,749.2000000000006,422544.8355102039,0.9511181386943754,0.7142857142857143,0.0
8.89,60,19910,86.0,68.0,68.0,124.25,1001.3000000000004,523528.20555555547,1.2456575682382134,0.7333333333333333,0.0
1.66,17,4868,80.0,68.0,68.0,86.0,547.2000000000003,350787.5224913494,1.6939679026009962,0.7647058823529411,0.0
4.26,66,10769,68.0,68.0,68.0,68.0,86.0,283926.9570707071,1.3497708924285403,0.9393939393939394,0.0
4.25,8,544,68.0,68.0,68.0,68.0,68.0,0.0,1.0,1.0,0.0
3.9,16,1088,68.0,68.0,68.0,68.0,68.0,0.0,1.0,1.0,0.0
3.48,53,8095,68.0,68.0,68.0,68.0,86.0,281004.6849412602,0.3769348528661337,0.9245283018867925,0.0
4.65,20,1360,68.0,68.0,68.0,68.0,68.0,0.0,1.0,1.0,0.0
0.58,4,272,68.0,68.0,68.0,68.0,68.0,0.0,1.0,1.0,0.0
0.12,4,272,68.0,68.0,68.0,68.0,68.0,0.0,1.0,1.0,0.0
2.1,8,544,68.0,68.0,68.0,68.0,68.0,0.0,1.0,1.0,0.0
2.61,44,2992,68.0,68.0,68.0,68.0,68.0,0.0,1.0,1.0,0.0
5.01,62,20964,86.0,68.0,68.0,170.0,1384.699999999999,483343.1446409989,1.1848879624804585,0.7096774193548387,0.0
2.41,12,816,68.0,68.0,68.0,68.0,68.0,0.0,1.0,1.0,0.0
4.4,135,49546,86.0,68.0,68.0,170.0,1010.0000000000011,601909.2814266117,1.1542675768511674,0.6962962962962963,0.0
1.23,12,816,68.0,68.0,68.0,68.0,68.0,0.0,1.0,1.0,0.0
2.22,21,4761,68.0,68.0,68.0,86.0,170.0,212291.72789115645,1.3627791563275433,0.8095238095238095,0.0
1.79,24,7582,86.0,68.0,68.0,170.0,774.6999999999996,376883.9097222222,1.5974648852346693,0.6666666666666666,0.0
2.67,25,11254,86.0,68.0,68.0,170.0,1658.6000000000035,953448.6944000002,0.75186799501868,0.68,0.0
7.58,76,11134,68.0,68.0,68.0,68.0,77.0,236586.19736842104,1.4692836549123973,0.9473684210526315,0.0
7.71,60,4080,68.0,68.0,68.0,68.0,68.0,0.0,1.0,1.0,0.0
6.4,33,9070,68.0,68.0,68.0,86.0,318.8000000000001,430801.94674012857,0.9951605807303123,0.8181818181818182,0.0
4.78,16,1088,68.0,68.0,68.0,68.0,68.0,0.0,1.0,1.0,0.0
2.27,40,2720,68.0,68.0,68.0,68.0,68.0,0.0,1.0,1.0,0.0
5.46,60,19620,86.0,68.0,68.0,170.0,654.6000000000001,589868.9333333333,0.8300531666822125,0.7333333333333333,0.0
2.36,12,816,68.0,68.0,68.0,68.0,68.0,0.0,1.0,1.0,0.0
8.71,167,58855,86.0,68.0,68.0,170.0,1155.4,605899.0228405463,1.5602488254741604,0.7305389221556886,0.0
4.39,49,18541,86.0,68.0,68.0,170.0,1231.8000000000002,520416.97209496034,1.4179707876890975,0.6530612244897959,0.0
4.83,55,7583,68.0,68.0,68.0,68.0,86.0,192733.4565289255,0.44300666032350144,0.9272727272727272,0.0
2.92,20,1360,68.0,68.0,68.0,68.0,68.0,0.0,1.0,1.0,0.0
4.46,16,1088,68.0,68.0,68.0,68.0,68.0,0.0,1.0,1.0,0.0
4.97,56,6132,68.0,68.0,68.0,68.0,86.0,47441.92857142857,0.6897216864149903,0.9285714285714286,0.0
1.4,20,1360,68.0,68.0,68.0,68.0,68.0,0.0,1.0,1.0,0.0
0.48,4,272,68.0,68.0,68.0,68.0,68.0,0.0,1.0,1.0,0.0
2.05,8,544,68.0,68.0,68.0,68.0,68.0,0.0,1.0,1.0,0.0
6.99,102,24429,68.0,68.0,68.0,86.0,170.0,375872.1911764706,0.7414456800684346,0.8431372549019608,0.0
1.49,4,272,68.0,68.0,68.0,68.0,68.0,0.0,1.0,1.0,0.0
1.45,8,544,68.0,68.0,68.0,68.0,68.0,0.0,1.0,1.0,0.0
7.9,151,52063,86.0,68.0,68.0,170.0,633.0,613833.4517784308,1.1498534087624397,0.7284768211920529,0.0
3.84,12,6604,86.0,68.0,68.0,170.0,2243.600000000001,1055535.8888888888,1.2371273712737128,0.6666666666666666,0.0
0.14,12,2535,86.0,68.0,68.0,170.0,179.0,129996.85416666667,0.35055940330314334,0.6666666666666666,0.0
9.19,110,31697,68.0,68.0,68.0,86.0,170.0,599090.8579338845,1.3514094955489615,0.8454545454545455,0.0
5.86,12,816,68.0,68.0,68.0,68.0,68.0,0.0,1.0,1.0,0.0
8.94,80,10335,68.0,68.0,68.0,68.0,69.80000000000015,130932.90234375,1.0828295042321645,0.95,0.0
9.95,24,1632,68.0,68.0,68.0,68.0,68.0,0.0,1.0,1.0,0.0
4.43,93,32459,68.0,68.0,68.0,86.0,170.0,760658.0425482715,0.8281610813855252,0.8172043010752689,0.0
1.97,4,272,68.0,68.0,68.0,68.0,68.0,0.0,1.0,1.0,0.0
9.38,148,69070,86.0,68.0,68.0,170.0,2282.9000000000005,1029670.6601533968,0.9880263650231701,0.722972972972973,0.0
4.19,24,7653,68.0,68.0,68.0,86.0,170.0,749315.9427083334,1.9344325153374233,0.8333333333333334,0.0
3.12,36,15508,86.0,68.0,68.0,170.0,1248.5,786035.839506173,2.4485212363798086,0.6666666666666666,0.0
9.72,88,15174,68.0,68.0,68.0,68.0,86.0,236162.24535123966,1.4781969622733955,0.9090909090909091,0.0
8.14,60,4080,68.0,68.0,68.0,68.0,68.0,0.0,1.0,1.0,0.0
3.69,45,7275,68.0,68.0,68.0,86.0,202.40000000000003,141747.77777777772,1.7115169586284011,0.8222222222222222,0.0
9.43,72,9279,68.0,68.0,68.0,68.0,84.19999999999997,142269.13715277778,1.5590182018753447,0.9444444444444444,0.0
5.88,50,16303,80.0,68.0,68.0,86.0,220.6000000000007,674221.3364000001,0.326417704011065,0.76,0.0
1.65,4,272,68.0,68.0,68.0,68.0,68.0,0.0,1.0,1.0,0.0
4.96,136,48689,86.0,68.0,68.0,170.0,1106.0,608985.2720047578,1.0298078125651395,0.6911764705882353,0.0
0.73,16,1088,68.0,68.0,68.0,68.0,68.0,0.0,1.0,1.0,0.0
1.33,16,6644,77.0,68.0,68.0,107.0,1048.5,828244.0625,0.6193029490616622,0.75,0.0
1.73,24,11745,86.0,68.0,68.0,170.0,2004.699999999999,940861.984375,1.7031070195627158,0.6666666666666666,0.0
8.81,94,17958,68.0,68.0,68.0,81.5,170.0,231613.04074241745,0.9639107611548556,0.8723404255319149,0.0
8.45,20,1360,68.0,68.0,68.0,68.0,68.0,0.0,1.0,1.0,0.0
5.29,62,10479,68.0,68.0,68.0,68.0,86.0,279252.2094172736,1.0124831956980986,0.9354838709677419,0.0
8.72,26,1768,68.0,68.0,68.0,68.0,68.0,0.0,1.0,1.0,0.0
7.66,103,23400,68.0,68.0,68.0,86.0,170.0,335052.59704024874,1.0113460546673543,0.8446601941747572,0.0
6.95,140,55581,86.0,68.0,68.0,170.0,1487.1000000000004,742482.6356632654,1.5425892040256175,0.7,0.0
3.42,36,6634,68.0,68.0,68.0,68.0,128.0,209321.7561728395,0.77427119550682,0.8888888888888888,0.0
7.04,91,22569,68.0,68.0,68.0,86.0,863.0,256453.85702209867,0.8464370449153236,0.8021978021978022,0.0
1.79,17,5903,68.0,68.0,68.0,86.0,594.0000000000005,646841.1211072664,2.0873430962343096,0.7647058823529411,0.0
0.82,16,1088,68.0,68.0,68.0,68.0,68.0,0.0,1.0,1.0,0.0
0.65,4,272,68.0,68.0,68.0,68.0,68.0,0.0,1.0,1.0,0.0
0.84,4,272,68.0,68.0,68.0,68.0,68.0,0.0,1.0,1.0,0.0
5.97,56,3808,68.0,68.0,68.0,68.0,68.0,0.0,1.0,1.0,0.0
5.21,33,3504,68.0,68.0,68.0,80.0,135.60000000000005,23521.300275482085,1.5281385281385282,0.8787878787878788,0.0
3.89,12,816,68.0,68.0,68.0,68.0,68.0,0.0,1.0,1.0,0.0
0.41,4,272,68.0,68.0,68.0,68.0,68.0,0.0,1.0,1.0,0.0
5.81,96,23312,68.0,68.0,68.0,86.0,170.0,468662.8472222222,0.6077241379310345,0.8333333333333334,0.0
9.94,56,13125,68.0,68.0,68.0,86.0,309.0,287132.734375,1.8250107619457598,0.7857142857142857,0.0
3.27,92,33194,86.0,68.0,68.0,170.0,1228.2000000000003,590377.1138941398,1.0986280584181576,0.6956521739130435,0.0
5.75,43,14287,68.0,68.0,68.0,86.0,918.000000000004,629097.8647917792,0.6857817109144543,0.7906976744186046,0.0
0.31,12,2733,86.0,68.0,81.5,170.0,204.20000000000002,152914.6875,0.29219858156028367,0.5833333333333334,0.0
2.49,24,6802,86.0,68.0,68.0,170.0,698.7999999999995,333542.57638888893,2.2891682785299805,0.6666666666666666,0.0
3.2,53,8941,68.0,68.0,68.0,68.0,86.0,317100.6635813457,0.5044590274272253,0.9245283018867925,0.0
7.31,28,1904,68.0,68.0,68.0,68.0,68.0,0.0,1.0,1.0,0.0
4.29,16,1088,68.0,68.0,68.0,68.0,68.0,0.0,1.0,1.0,0.0
8.56,71,8052,68.0,68.0,68.0,68.0,86.0,68927.59373140248,1.313793103448276,0.9436619718309859,0.0
5.79,20,1360,68.0,68.0,68.0,68.0,68.0,0.0,1.0,1.0,0.0
