duration_sec,packet_count,total_bytes,median_pkt_size,p10_size,p25_size,p75_size,p90_size,size_variance,up_down_ratio,pct_packets_under_100b,packets_smaller_equal_66b_per_min
9.59,155,18946,86.0,68.0,68.0,122.0,345.0,7835.67508844953,1.4627583517483427,0.6193548387096774,0.0
6.29,36,2448,68.0,68.0,68.0,68.0,68.0,0.0,1.0,1.0,0.0
0.81,36,2448,68.0,68.0,68.0,68.0,68.0,0.0,1.0,1.0,0.0
7.79,36,2448,68.0,68.0,68.0,68.0,68.0,0.0,1.0,1.0,0.0
8.41,109,41128,86.0,68.0,68.0,170.0,1437.6000000000004,440535.22716943023,0.8814272644098811,0.6330275229357798,0.0
3.12,36,2436,68.0,68.0,68.0,68.0,68.0,3.888888888888889,0.9901960784313726,1.0,19.23076923076923
4.15,34,2300,68.0,68.0,68.0,68.0,68.0,4.110726643598614,0.9896193771626297,1.0,14.457831325301205
2.01,32,2176,68.0,68.0,68.0,68.0,68.0,0.0,1.0,1.0,0.0
0.76,109,39445,86.0,68.0,68.0,170.0,1516.0,291930.30687652563,1.7682644396097973,0.6238532110091743,0.0
9.24,32,2176,68.0,68.0,68.0,68.0,68.0,0.0,1.0,1.0,0.0
4.44,32,2176,68.0,68.0,68.0,68.0,68.0,0.0,1.0,1.0,0.0
9.24,32,2176,68.0,68.0,68.0,68.0,68.0,0.0,1.0,1.0,0.0
7.54,111,42264,86.0,68.0,68.0,170.0,1516.0,409138.49038227426,1.1593010780156339,0.6216216216216216,0.0
4.49,32,2176,68.0,68.0,68.0,68.0,68.0,0.0,1.0,1.0,0.0
3.2,32,2176,68.0,68.0,68.0,68.0,68.0,0.0,1.0,1.0,0.0
1.19,32,2176,68.0,68.0,68.0,68.0,68.0,0.0,1.0,1.0,0.0
2.72,122,45723,86.0,68.0,68.0,170.0,1516.0,420928.188726149,0.9325837947504121,0.6147540983606558,0.0
1.51,32,2176,68.0,68.0,68.0,68.0,68.0,0.0,1.0,1.0,0.0
2.78,32,2176,68.0,68.0,68.0,68.0,68.0,0.0,1.0,1.0,0.0
2.13,32,2176,68.0,68.0,68.0,68.0,68.0,0.0,1.0,1.0,0.0
7.67,107,35554,86.0,68.0,68.0,170.0,1332.6,360788.8559699537,0.8538950881218063,0.6542056074766355,0.0
9.38,32,2176,68.0,68.0,68.0,68.0,68.0,0.0,1.0,1.0,0.0
0.66,32,2176,68.0,68.0,68.0,68.0,68.0,0.0,1.0,1.0,0.0
0.84,32,2176,68.0,68.0,68.0,68.0,68.0,0.0,1.0,1.0,0.0
1.99,102,39360,86.0,68.0,68.0,170.0,1516.0,459936.495963091,0.7732924851324563,0.6274509803921569,0.0
6.28,32,2176,68.0,68.0,68.0,68.0,68.0,0.0,1.0,1.0,0.0
9.64,32,2176,68.0,68.0,68.0,68.0,68.0,0.0,1.0,1.0,0.0
4.67,32,2176,68.0,68.0,68.0,68.0,68.0,0.0,1.0,1.0,0.0
5.9,101,39034,86.0,68.0,68.0,170.0,1516.0,390256.78404078045,1.0591897024688752,0.6237623762376238,0.0
3.93,32,2176,68.0,68.0,68.0,68.0,68.0,0.0,1.0,1.0,0.0
8.4,32,2176,68.0,68.0,68.0,68.0,68.0,0.0,1.0,1.0,0.0
1.8,32,2176,68.0,68.0,68.0,68.0,68.0,0.0,1.0,1.0,0.0
3.48,115,54956,86.0,68.0,68.0,604.0,1516.0,542464.6286578451,1.3448393565729402,0.5826086956521739,0.0
1.6,32,2176,68.0,68.0,68.0,68.0,68.0,0.0,1.0,1.0,0.0
0.19,12,816,68.0,68.0,68.0,68.0,68.0,0.0,1.0,1.0,0.0
7.18,20,1360,68.0,68.0,68.0,68.0,68.0,0.0,1.0,1.0,0.0
6.38,32,2176,68.0,68.0,68.0,68.0,68.0,0.0,1.0,1.0,0.0
5.74,111,42110,86.0,68.0,68.0,170.0,1502.0,430058.5932959985,1.1415857193714083,0.6216216216216216,0.0
4.51,32,2176,68.0,68.0,68.0,68.0,68.0,0.0,1.0,1.0,0.0
5.01,32,2176,68.0,68.0,68.0,68.0,68.0,0.0,1.0,1.0,0.0
3.28,32,2176,68.0,68.0,68.0,68.0,68.0,0.0,1.0,1.0,0.0
8.39,105,47832,86.0,68.0,68.0,359.0,1516.0,529045.1624489797,1.2656309208033345,0.580952380952381,0.0
7.72,32,2176,68.0,68.0,68.0,68.0,68.0,0.0,1.0,1.0,0.0
5.38,32,2176,68.0,68.0,68.0,68.0,68.0,0.0,1.0,1.0,0.0
7.93,32,2176,68.0,68.0,68.0,68.0,68.0,0.0,1.0,1.0,0.0
0.31,53,19487,86.0,68.0,68.0,170.0,1178.400000000001,482807.3122107513,0.6668377384312719,0.6415094339622641,0.0
9.92,56,24594,86.0,68.0,68.0,218.5,1516.0,517278.2895408162,1.3636713118692936,0.5892857142857143,0.0
2.6,32,2176,68.0,68.0,68.0,68.0,68.0,0.0,1.0,1.0,0.0
7.07,41,3016,68.0,68.0,68.0,68.0,86.0,238.92920880428315,1.1002785515320335,0.926829268292683,0.0
5.51,20,1360,68.0,68.0,68.0,68.0,68.0,0.0,1.0,1.0,0.0
1.26,12,816,68.0,68.0,68.0,68.0,68.0,0.0,1.0,1.0,0.0
1.16,104,45566,86.0,68.0,68.0,173.75,1516.0,564372.7703402367,0.8571836152435297,0.5961538461538461,0.0
0.77,29,1972,68.0,68.0,68.0,68.0,68.0,0.0,1.0714285714285714,1.0,0.0
4.83,3,204,68.0,68.0,68.0,68.0,68.0,0.0,0.5,1.0,0.0
9.41,32,2176,68.0,68.0,68.0,68.0,68.0,0.0,1.0,1.0,0.0
1.95,32,2176,68.0,68.0,68.0,68.0,68.0,0.0,1.0,1.0,0.0
5.3,110,38373,86.0,68.0,68.0,170.0,1346.5000000000016,321001.23975206615,1.046450855954349,0.6545454545454545,0.0
3.62,32,2176,68.0,68.0,68.0,68.0,68.0,0.0,1.0,1.0,0.0
1.13,32,2176,68.0,68.0,68.0,68.0,68.0,0.0,1.0,1.0,0.0
1.72,32,2176,68.0,68.0,68.0,68.0,68.0,0.0,1.0,1.0,0.0
3.09,112,44800,86.0,68.0,68.0,170.0,1516.0,473326.39285714284,1.081204125243891,0.6160714285714286,0.0
5.78,32,2176,68.0,68.0,68.0,68.0,68.0,0.0,1.0,1.0,0.0
7.31,32,2176,68.0,68.0,68.0,68.0,68.0,0.0,1.0,1.0,0.0
8.55,32,2176,68.0,68.0,68.0,68.0,68.0,0.0,1.0,1.0,0.0
5.55,107,37452,86.0,68.0,68.0,170.0,1378.0000000000014,337000.0557253908,1.0221370336374926,0.6355140186915887,0.0
3.54,32,2176,68.0,68.0,68.0,68.0,68.0,0.0,1.0,1.0,0.0
4.42,40,3693,68.0,68.0,68.0,68.0,95.60000000000014,5447.219375000001,1.045983379501385,0.9,0.0
8.06,32,2176,68.0,68.0,68.0,68.0,68.0,0.0,1.0,1.0,0.0
6.93,100,41617,86.0,68.0,68.0,170.0,1516.0,486568.2811,0.8246667835847071,0.6,0.0
7.63,32,2176,68.0,68.0,68.0,68.0,68.0,0.0,1.0,1.0,0.0
4.34,32,2176,68.0,68.0,68.0,68.0,68.0,0.0,1.0,1.0,0.0
5.82,32,2176,68.0,68.0,68.0,68.0,68.0,0.0,1.0,1.0,0.0
5.09,110,45867,86.0,68.0,68.0,170.0,1516.0,580932.662892562,0.7279611211573237,0.6363636363636364,0.0
1.88,32,2176,68.0,68.0,68.0,68.0,68.0,0.0,1.0,1.0,0.0
8.96,32,2176,68.0,68.0,68.0,68.0,68.0,0.0,1.0,1.0,0.0
7.23,32,2176,68.0,68.0,68.0,68.0,68.0,0.0,1.0,1.0,0.0
4.12,114,40624,86.0,68.0,68.0,170.0,1505.2,335789.8242536165,1.3123861566484518,0.6228070175438597,0.0
7.58,32,2176,68.0,68.0,68.0,68.0,68.0,0.0,1.0,1.0,0.0
5.25,32,2176,68.0,68.0,68.0,68.0,68.0,0.0,1.0,1.0,0.0
7.46,32,2176,68.0,68.0,68.0,68.0,68.0,0.0,1.0,1.0,0.0
6.28,118,45600,86.0,68.0,68.0,170.0,1516.0,428395.07698937075,1.049530315969257,0.6186440677966102,0.0
4.08,32,2176,68.0,68.0,68.0,68.0,68.0,0.0,1.0,1.0,0.0
6.35,32,2176,68.0,68.0,68.0,68.0,68.0,0.0,1.0,1.0,0.0
1.9,32,2176,68.0,68.0,68.0,68.0,68.0,0.0,1.0,1.0,0.0
3.42,127,49282,86.0,68.0,68.0,170.0,1516.0,458844.8481616964,0.8764802193199558,0.6377952755905512,0.0
9.4,32,2176,68.0,68.0,68.0,68.0,68.0,0.0,1.0,1.0,0.0
7.77,32,2176,68.0,68.0,68.0,68.0,68.0,0.0,1.0,1.0,0.0
5.89,32,2176,68.0,68.0,68.0,68.0,68.0,0.0,1.0,1.0,0.0
9.65,117,47105,86.0,68.0,68.0,170.0,1516.0,488820.80268828996,0.8312405240446293,0.6581196581196581,0.0
4.15,32,2176,68.0,68.0,68.0,68.0,68.0,0.0,1.0,1.0,0.0
2.91,32,2176,68.0,68.0,68.0,68.0,68.0,0.0,1.0,1.0,0.0
9.37,32,2176,68.0,68.0,68.0,68.0,68.0,0.0,1.0,1.0,0.0
6.93,125,47463,86.0,68.0,68.0,170.0,1516.0,422307.4883840001,0.9630655968235586,0.664,0.0
2.58,32,2176,68.0,68.0,68.0,68.0,68.0,0.0,1.0,1.0,0.0
5.23,32,2176,68.0,68.0,68.0,68.0,68.0,0.0,1.0,1.0,0.0
7.75,32,2176,68.0,68.0,68.0,68.0,68.0,0.0,1.0,1.0,0.0
0.14,30,11974,86.0,68.0,68.0,170.0,1451.2,644642.5155555554,1.021610670268445,0.6666666666666666,0.0
5.89,100,36502,86.0,68.0,68.0,170.0,1516.0,383123.83960000006,1.0284523478744096,0.65,0.0
7.85,32,2176,68.0,68.0,68.0,68.0,68.0,0.0,1.0,1.0,0.0
2.66,32,2176,68.0,68.0,68.0,68.0,68.0,0.0,1.0,1.0,0.0
3.25,32,2176,68.0,68.0,68.0,68.0,68.0,0.0,1.0,1.0,0.0
1.73,113,44625,86.0,68.0,68.0,170.0,1516.0,413869.0895136659,1.1191471174850414,0.6371681415929203,0.0
1.7,32,2176,68.0,68.0,68.0,68.0,68.0,0.0,1.0,1.0,0.0
0.08,10,680,68.0,68.0,68.0,68.0,68.0,0.0,1.0,1.0,0.0
1.81,22,1496,68.0,68.0,68.0,68.0,68.0,0.0,1.0,1.0,0.0
6.31,32,2176,68.0,68.0,68.0,68.0,68.0,0.0,1.0,1.0,0.0
2.49,131,50062,86.0,68.0,68.0,170.0,1516.0,417322.190431793,1.221324932333496,0.648854961832061,0.0
4.03,32,2176,68.0,68.0,68.0,68.0,68.0,0.0,1.0,1.0,0.0
7.43,32,2176,68.0,68.0,68.0,68.0,68.0,0.0,1.0,1.0,0.0
1.41,32,2176,68.0,68.0,68.0,68.0,68.0,0.0,1.0,1.0,0.0
5.98,123,42989,86.0,68.0,68.0,170.0,1456.999999999999,385381.6483574593,0.9162432022822502,0.6666666666666666,0.0
8.2,32,2176,68.0,68.0,68.0,68.0,68.0,0.0,1.0,1.0,0.0
4.87,32,2176,68.0,68.0,68.0,68.0,68.0,0.0,1.0,1.0,0.0
4.73,32,2176,68.0,68.0,68.0,68.0,68.0,0.0,1.0,1.0,0.0
7.2,131,46296,86.0,68.0,68.0,170.0,1516.0,393589.126391236,0.9709651326152667,0.6564885496183206,0.0
5.01,32,2176,68.0,68.0,68.0,68.0,68.0,0.0,1.0,1.0,0.0
1.77,32,2176,68.0,68.0,68.0,68.0,68.0,0.0,1.0,1.0,0.0
6.67,32,2176,68.0,68.0,68.0,68.0,68.0,0.0,1.0,1.0,0.0
4.95,119,38331,86.0,68.0,68.0,170.0,1281.0000000000007,327020.0132758985,1.102979096944094,0.6638655462184874,0.0
1.48,32,2176,68.0,68.0,68.0,68.0,68.0,0.0,1.0,1.0,0.0
3.41,32,2176,68.0,68.0,68.0,68.0,68.0,0.0,1.0,1.0,0.0
9.69,32,2176,68.0,68.0,68.0,68.0,68.0,0.0,1.0,1.0,0.0
9.97,126,50293,86.0,68.0,68.0,170.0,1516.0,458589.60424540186,0.9520648967551623,0.6349206349206349,0.0
5.08,32,2176,68.0,68.0,68.0,68.0,68.0,0.0,1.0,1.0,0.0
2.07,32,2176,68.0,68.0,68.0,68.0,68.0,0.0,1.0,1.0,0.0
6.91,32,2176,68.0,68.0,68.0,68.0,68.0,0.0,1.0,1.0,0.0
6.86,124,55061,86.0,68.0,68.0,170.0,1516.0,517353.9903095733,1.1354716103009619,0.6209677419354839,0.0
8.76,32,2176,68.0,68.0,68.0,68.0,68.0,0.0,1.0,1.0,0.0
3.9,32,2176,68.0,68.0,68.0,68.0,68.0,0.0,1.0,1.0,0.0
6.31,32,2176,68.0,68.0,68.0,68.0,68.0,0.0,1.0,1.0,0.0
4.16,113,32084,86.0,68.0,68.0,170.0,1281.8,221055.19852768426,1.3622441466647033,0.672566371681416,0.0
2.3,32,2176,68.0,68.0,68.0,68.0,68.0,0.0,1.0,1.0,0.0
9.32,44,3296,68.0,68.0,68.0,68.0,86.0,287.53719008264466,1.0,0.9090909090909091,0.0
5.46,20,1360,68.0,68.0,68.0,68.0,68.0,0.0,1.0,1.0,0.0
0.59,12,816,68.0,68.0,68.0,68.0,68.0,0.0,1.0,1.0,0.0
3.98,120,46052,86.0,68.0,68.0,170.0,1516.0,421612.1788888889,0.7794435857805255,0.6333333333333333,0.0
4.45,32,2176,68.0,68.0,68.0,68.0,68.0,0.0,1.0,1.0,0.0
5.12,32,2176,68.0,68.0,68.0,68.0,68.0,0.0,1.0,1.0,0.0
9.46,32,2176,68.0,68.0,68.0,68.0,68.0,0.0,1.0,1.0,0.0
5.01,113,41220,86.0,68.0,68.0,170.0,1516.0,313442.36698253587,1.921953640036861,0.6106194690265486,0.0
5.46,32,2176,68.0,68.0,68.0,68.0,68.0,0.0,1.0,1.0,0.0
1.68,32,2176,68.0,68.0,68.0,68.0,68.0,0.0,1.0,1.0,0.0
7.22,32,2176,68.0,68.0,68.0,68.0,68.0,0.0,1.0,1.0,0.0
9.43,115,46364,86.0,68.0,68.0,170.0,1516.0,468643.042268431,1.104298098307085,0.6347826086956522,0.0
9.21,32,2176,68.0,68.0,68.0,68.0,68.0,0.0,1.0,1.0,0.0
9.15,32,2176,68.0,68.0,68.0,68.0,68.0,0.0,1.0,1.0,0.0
0.01,16,1088,68.0,68.0,68.0,68.0,68.0,0.0,1.0,1.0,0.0
0.96,16,1088,68.0,68.0,68.0,68.0,68.0,0.0,1.0,1.0,0.0
3.17,122,44310,86.0,68.0,68.0,170.0,1410.6000000000022,421179.6006449879,0.8606701940035273,0.6639344262295082,0.0
1.83,32,2176,68.0,68.0,68.0,68.0,68.0,0.0,1.0,1.0,0.0
1.59,32,2176,68.0,68.0,68.0,68.0,68.0,0.0,1.0,1.0,0.0
2.24,32,2176,68.0,68.0,68.0,68.0,68.0,0.0,1.0,1.0,0.0
2.62,115,46550,86.0,68.0,68.0,170.0,1500.8000000000004,440708.57013232505,1.0185594727028315,0.6260869565217392,0.0
9.43,32,2176,68.0,68.0,68.0,68.0,68.0,0.0,1.0,1.0,0.0
0.39,16,1088,68.0,68.0,68.0,68.0,68.0,0.0,1.0,1.0,0.0
1.84,16,1088,68.0,68.0,68.0,68.0,68.0,0.0,1.0,1.0,0.0
4.18,32,2176,68.0,68.0,68.0,68.0,68.0,0.0,1.0,1.0,0.0
3.65,116,41605,86.0,68.0,68.0,170.0,1466.5,425501.41282699176,0.8900195339117793,0.6379310344827587,0.0
7.3,32,2176,68.0,68.0,68.0,68.0,68.0,0.0,1.0,1.0,0.0
6.78,32,2176,68.0,68.0,68.0,68.0,68.0,0.0,1.0,1.0,0.0
0.61,32,2176,68.0,68.0,68.0,68.0,68.0,0.0,1.0,1.0,0.0
8.39,113,36744,86.0,68.0,68.0,170.0,1257.1999999999994,344797.4496045109,1.055263452287728,0.672566371681416,0.0
4.78,32,2176,68.0,68.0,68.0,68.0,68.0,0.0,1.0,1.0,0.0
1.98,32,2176,68.0,68.0,68.0,68.0,68.0,0.0,1.0,1.0,0.0
4.63,32,2176,68.0,68.0,68.0,68.0,68.0,0.0,1.0,1.0,0.0
3.69,130,51295,86.0,68.0,68.0,170.0,1516.0,404424.7671597633,1.3571986581499011,0.6538461538461539,0.0
4.07,32,2176,68.0,68.0,68.0,68.0,68.0,0.0,1.0,1.0,0.0
1.82,32,2176,68.0,68.0,68.0,68.0,68.0,0.0,1.0,1.0,0.0
4.56,32,2176,68.0,68.0,68.0,68.0,68.0,0.0,1.0,1.0,0.0
6.58,113,37371,86.0,68.0,68.0,170.0,979.4,337215.1764429479,0.6661910918899638,0.6548672566371682,0.0
1.49,32,2176,68.0,68.0,68.0,68.0,68.0,0.0,1.0,1.0,0.0
1.2,32,2176,68.0,68.0,68.0,68.0,68.0,0.0,1.0,1.0,0.0
9.03,32,2176,68.0,68.0,68.0,68.0,68.0,0.0,1.0,1.0,0.0
2.86,114,41385,86.0,68.0,68.0,170.0,1516.0,397040.48176361946,1.0290743282996666,0.6140350877192983,0.0
6.52,32,2176,68.0,68.0,68.0,68.0,68.0,0.0,1.0,1.0,0.0
3.06,32,2176,68.0,68.0,68.0,68.0,68.0,0.0,1.0,1.0,0.0
1.03,32,2176,68.0,68.0,68.0,68.0,68.0,0.0,1.0,1.0,0.0
7.24,118,48863,86.0,68.0,68.0,170.0,1516.0,444860.2709709854,1.0108230452674898,0.635593220338983,0.0
7.59,44,3758,68.0,68.0,68.0,68.0,108.40000000000009,3410.7871900826444,1.627972027972028,0.8863636363636364,0.0
7.78,34,2312,68.0,68.0,68.0,68.0,68.0,0.0,1.0,1.0,0.0
7.6,34,2312,68.0,68.0,68.0,68.0,68.0,0.0,1.0,1.0,0.0
9.63,122,44706,86.0,68.0,68.0,170.0,1516.0,314733.72211771033,2.26678845451224,0.6311475409836066,0.0
6.85,34,2312,68.0,68.0,68.0,68.0,68.0,0.0,1.0,1.0,0.0
4.24,30,2040,68.0,68.0,68.0,68.0,68.0,0.0,1.0,1.0,0.0
4.14,4,272,68.0,68.0,68.0,68.0,68.0,0.0,1.0,1.0,0.0
0.24,2,124,62.0,57.2,59.0,65.0,66.8,36.0,0.8235294117647058,1.0,250.0
5.14,32,2176,68.0,68.0,68.0,68.0,68.0,0.0,1.0,1.0,0.0
9.9,120,48307,86.0,68.0,68.0,170.0,1516.0,568189.0299305555,0.6686932191094683,0.6666666666666666,0.0
8.86,32,2176,68.0,68.0,68.0,68.0,68.0,0.0,1.0,1.0,0.0
5.09,32,2176,68.0,68.0,68.0,68.0,68.0,0.0,1.0,1.0,0.0
8.71,32,2176,68.0,68.0,68.0,68.0,68.0,0.0,1.0,1.0,0.0
3.05,116,37956,86.0,68.0,68.0,170.0,1042.0,291171.0951248513,1.3201907207041996,0.6379310344827587,0.0
9.12,32,2176,68.0,68.0,68.0,68.0,68.0,0.0,1.0,1.0,0.0
0.54,32,2176,68.0,68.0,68.0,68.0,68.0,0.0,1.0,1.0,0.0
3.28,32,2176,68.0,68.0,68.0,68.0,68.0,0.0,1.0,1.0,0.0
5.4,129,42782,86.0,68.0,68.0,170.0,1168.6000000000001,317817.9038519319,1.2846309943394212,0.6356589147286822,0.0
3.8,32,2176,68.0,68.0,68.0,68.0,68.0,0.0,1.0,1.0,0.0
8.37,32,2176,68.0,68.0,68.0,68.0,68.0,0.0,1.0,1.0,0.0
3.82,32,2176,68.0,68.0,68.0,68.0,68.0,0.0,1.0,1.0,0.0
7.19,125,51395,86.0,68.0,68.0,188.0,1516.0,438132.40640000004,1.4844104993474163,0.608,0.0
7.23,32,2176,68.0,68.0,68.0,68.0,68.0,0.0,1.0,1.0,0.0
2.16,32,2176,68.0,68.0,68.0,68.0,68.0,0.0,1.0,1.0,0.0
0.95,32,2176,68.0,68.0,68.0,68.0,68.0,0.0,1.0,1.0,0.0
9.72,103,39301,86.0,68.0,68.0,170.0,1516.0,422852.59553209535,0.8880188316679477,0.6116504854368932,0.0
1.6,32,2176,68.0,68.0,68.0,68.0,68.0,0.0,1.0,1.0,0.0
0.12,10,680,68.0,68.0,68.0,68.0,68.0,0.0,1.0,1.0,0.0
4.6,22,1496,68.0,68.0,68.0,68.0,68.0,0.0,1.0,1.0,0.0
9.11,32,2176,68.0,68.0,68.0,68.0,68.0,0.0,1.0,1.0,0.0
0.61,104,41746,86.0,68.0,68.0,170.0,1516.0,457527.7215236686,0.8498692781495103,0.6442307692307693,0.0
0.6,13,5293,86.0,68.0,68.0,170.0,1464.2000000000003,328862.7455621302,1.6813576494427558,0.6153846153846154,0.0
2.09,32,2176,68.0,68.0,68.0,68.0,68.0,0.0,1.0,1.0,0.0
0.96,32,2176,68.0,68.0,68.0,68.0,68.0,0.0,1.0,1.0,0.0
8.4,32,2176,68.0,68.0,68.0,68.0,68.0,0.0,1.0,1.0,0.0
2.73,129,52794,86.0,68.0,68.0,170.0,1516.0,494649.7562646475,0.8476237138657521,0.6434108527131783,0.0
8.74,32,2176,68.0,68.0,68.0,68.0,68.0,0.0,1.0,1.0,0.0
6.21,32,2176,68.0,68.0,68.0,68.0,68.0,0.0,1.0,1.0,0.0
7.62,32,2176,68.0,68.0,68.0,68.0,68.0,0.0,1.0,1.0,0.0
0.03,18,4570,86.0,68.0,80.0,149.0,836.0,149446.43209876542,1.7530120481927711,0.7222222222222222,0.0
4.58,120,31766,86.0,68.0,68.0,170.0,959.1000000000001,186713.9197222222,0.8895960977931117,0.6666666666666666,0.0
9.86,32,2176,68.0,68.0,68.0,68.0,68.0,0.0,1.0,1.0,0.0
4.04,32,2176,68.0,68.0,68.0,68.0,68.0,0.0,1.0,1.0,0.0
7.58,10,908,86.0,68.0,68.0,116.0,126.0,586.5600000000001,1.1826923076923077,0.7,0.0
6.1,24,1632,68.0,68.0,68.0,68.0,68.0,0.0,1.0,1.0,0.0
6.63,8,544,68.0,68.0,68.0,68.0,68.0,0.0,1.0,1.0,0.0
1.55,111,33960,86.0,68.0,68.0,170.0,1128.0,327756.9159970782,0.9937767862384782,0.6846846846846847,0.0
6.78,32,2176,68.0,68.0,68.0,68.0,68.0,0.0,1.0,1.0,0.0
7.16,32,2176,68.0,68.0,68.0,68.0,68.0,0.0,1.0,1.0,0.0
6.4,32,2176,68.0,68.0,68.0,68.0,68.0,0.0,1.0,1.0,0.0
6.11,122,46090,86.0,68.0,68.0,170.0,1516.0,398671.1513034131,1.450031894535403,0.6311475409836066,0.0
5.3,32,2176,68.0,68.0,68.0,68.0,68.0,0.0,1.0,1.0,0.0
1.37,32,2176,68.0,68.0,68.0,68.0,68.0,0.0,1.0,1.0,0.0
5.91,32,2176,68.0,68.0,68.0,68.0,68.0,0.0,1.0,1.0,0.0
0.99,124,49925,86.0,68.0,68.0,170.0,1516.0,463740.8160119667,1.2094618516551603,0.6290322580645161,0.0
3.37,32,2176,68.0,68.0,68.0,68.0,68.0,0.0,1.0,1.0,0.0
4.88,32,2176,68.0,68.0,68.0,68.0,68.0,0.0,1.0,1.0,0.0
0.87,32,2176,68.0,68.0,68.0,68.0,68.0,0.0,1.0,1.0,0.0
4.19,117,40643,86.0,68.0,68.0,170.0,1437.4000000000005,411389.7560084739,1.0691884736788515,0.6581196581196581,0.0
7.2,32,2176,68.0,68.0,68.0,68.0,68.0,0.0,1.0,1.0,0.0
8.16,32,2176,68.0,68.0,68.0,68.0,68.0,0.0,1.0,1.0,0.0
6.88,32,2176,68.0,68.0,68.0,68.0,68.0,0.0,1.0,1.0,0.0
0.94,111,38509,86.0,68.0,68.0,170.0,1117.0,424335.9227335444,0.5699376248522158,0.6576576576576577,0.0
6.59,32,2176,68.0,68.0,68.0,68.0,68.0,0.0,1.0,1.0,0.0
5.74,32,2176,68.0,68.0,68.0,68.0,68.0,0.0,1.0,1.0,0.0
9.26,32,2176,68.0,68.0,68.0,68.0,68.0,0.0,1.0,1.0,0.0
3.52,117,34850,86.0,68.0,68.0,170.0,1103.2000000000007,269163.4684783402,1.2265525172501917,0.6666666666666666,0.0
3.56,32,2176,68.0,68.0,68.0,68.0,68.0,0.0,1.0,1.0,0.0
3.32,32,2176,68.0,68.0,68.0,68.0,68.0,0.0,1.0,1.0,0.0
6.63,32,2176,68.0,68.0,68.0,68.0,68.0,0.0,1.0,1.0,0.0
3.14,127,50012,86.0,68.0,68.0,170.0,1516.0,464433.81635563273,0.9464466412391999,0.6535433070866141,0.0
3.23,32,2176,68.0,68.0,68.0,68.0,68.0,0.0,1.0,1.0,0.0
4.17,32,2176,68.0,68.0,68.0,68.0,68.0,0.0,1.0,1.0,0.0
8.13,32,2176,68.0,68.0,68.0,68.0,68.0,0.0,1.0,1.0,0.0
7.13,121,43881,86.0,68.0,68.0,170.0,1516.0,437175.1357147735,0.8263964038957796,0.6694214876033058,0.0
0.88,32,2176,68.0,68.0,68.0,68.0,68.0,0.0,1.0,1.0,0.0
8.44,32,2176,68.0,68.0,68.0,68.0,68.0,0.0,1.0,1.0,0.0
2.95,32,2176,68.0,68.0,68.0,68.0,68.0,0.0,1.0,1.0,0.0
0.58,7,635,86.0,68.0,68.0,107.5,129.4,657.3469387755102,0.8091168091168092,0.7142857142857143,0.0
0.2,58,19312,86.0,68.0,68.0,170.0,1259.8000000000004,319783.30915576697,1.2547577349678927,0.6379310344827587,0.0
5.99,73,26665,86.0,68.0,68.0,170.0,1516.0,397658.99343216355,1.1214893786299627,0.6438356164383562,0.0
1.6,32,2176,68.0,68.0,68.0,68.0,68.0,0.0,1.0,1.0,0.0
7.29,32,2176,68.0,68.0,68.0,68.0,68.0,0.0,1.0,1.0,0.0
8.96,32,2176,68.0,68.0,68.0,68.0,68.0,0.0,1.0,1.0,0.0
7.0,116,43773,86.0,68.0,68.0,170.0,1393.0,414154.5733501782,0.8397427814903543,0.6293103448275862,0.0
2.87,32,2176,68.0,68.0,68.0,68.0,68.0,0.0,1.0,1.0,0.0
9.21,32,2176,68.0,68.0,68.0,68.0,68.0,0.0,1.0,1.0,0.0
5.93,32,2176,68.0,68.0,68.0,68.0,68.0,0.0,1.0,1.0,0.0
4.71,128,52234,86.0,68.0,68.0,170.0,1516.0,499250.2126464844,0.978560606060606,0.640625,0.0
4.68,44,3758,68.0,68.0,68.0,68.0,108.40000000000009,3410.7871900826444,1.627972027972028,0.8863636363636364,0.0
6.67,34,2312,68.0,68.0,68.0,68.0,68.0,0.0,1.0,1.0,0.0
8.87,34,2312,68.0,68.0,68.0,68.0,68.0,0.0,1.0,1.0,0.0
1.34,2,136,68.0,68.0,68.0,68.0,68.0,0.0,1.0,1.0,0.0
7.7,119,41706,86.0,68.0,68.0,170.0,1372.0000000000005,395887.8289668808,0.8845910528694081,0.6638655462184874,0.0
7.47,34,2312,68.0,68.0,68.0,68.0,68.0,0.0,1.0,1.0,0.0
6.66,34,2312,68.0,68.0,68.0,68.0,68.0,0.0,1.0,1.0,0.0
1.37,2,124,62.0,57.2,59.0,65.0,66.8,36.0,0.8235294117647058,1.0,43.7956204379562
2.57,32,2176,68.0,68.0,68.0,68.0,68.0,0.0,1.0,1.0,0.0
3.52,124,45709,86.0,68.0,68.0,170.0,1516.0,362241.67085067637,1.4866173430529865,0.6451612903225806,0.0
1.37,32,2176,68.0,68.0,68.0,68.0,68.0,0.0,1.0,1.0,0.0
8.99,32,2176,68.0,68.0,68.0,68.0,68.0,0.0,1.0,1.0,0.0
3.33,32,2176,68.0,68.0,68.0,68.0,68.0,0.0,1.0,1.0,0.0
5.12,122,49688,86.0,68.0,68.0,170.0,1516.0,544686.2174146737,0.8504394458513332,0.6475409836065574,0.0
2.86,32,2176,68.0,68.0,68.0,68.0,68.0,0.0,1.0,1.0,0.0
5.52,32,2176,68.0,68.0,68.0,68.0,68.0,0.0,1.0,1.0,0.0
2.37,32,2176,68.0,68.0,68.0,68.0,68.0,0.0,1.0,1.0,0.0
2.67,119,46693,86.0,68.0,68.0,170.0,1516.0,410749.8654049855,1.2933693516699412,0.6470588235294118,0.0
8.76,32,2176,68.0,68.0,68.0,68.0,68.0,0.0,1.0,1.0,0.0
7.82,32,2176,68.0,68.0,68.0,68.0,68.0,0.0,1.0,1.0,0.0
6.37,32,2176,68.0,68.0,68.0,68.0,68.0,0.0,1.0,1.0,0.0
7.66,125,43205,86.0,68.0,68.0,170.0,1508.4,335691.39840000006,1.2253412310069534,0.672,0.0
1.41,32,2176,68.0,68.0,68.0,68.0,68.0,0.0,1.0,1.0,0.0
4.5,32,2176,68.0,68.0,68.0,68.0,68.0,0.0,1.0,1.0,0.0
6.38,32,2176,68.0,68.0,68.0,68.0,68.0,0.0,1.0,1.0,0.0
4.38,140,52106,86.0,68.0,68.0,170.0,1515.1,425262.72265306127,0.9693110094863752,0.65,0.0
5.65,32,2176,68.0,68.0,68.0,68.0,68.0,0.0,1.0,1.0,0.0
8.54,32,2176,68.0,68.0,68.0,68.0,68.0,0.0,1.0,1.0,0.0
4.15,32,2176,68.0,68.0,68.0,68.0,68.0,0.0,1.0,1.0,0.0
5.36,112,43463,86.0,68.0,68.0,170.0,1508.5,494193.70145089284,0.6161454653627338,0.6517857142857143,0.0
9.07,32,2176,68.0,68.0,68.0,68.0,68.0,0.0,1.0,1.0,0.0
2.56,32,2176,68.0,68.0,68.0,68.0,68.0,0.0,1.0,1.0,0.0
2.67,32,2176,68.0,68.0,68.0,68.0,68.0,0.0,1.0,1.0,0.0
3.22,113,33279,86.0,68.0,68.0,170.0,1097.9999999999995,262301.7367060851,1.4111722938704536,0.672566371681416,0.0
7.55,32,2176,68.0,68.0,68.0,68.0,68.0,0.0,1.0,1.0,0.0
5.4,32,2176,68.0,68.0,68.0,68.0,68.0,0.0,1.0,1.0,0.0
7.87,32,2176,68.0,68.0,68.0,68.0,68.0,0.0,1.0,1.0,0.0
7.13,117,40911,86.0,68.0,68.0,170.0,1516.0,340833.72649572656,1.5627035830618892,0.6239316239316239,0.0
8.74,32,2176,68.0,68.0,68.0,68.0,68.0,0.0,1.0,1.0,0.0
0.87,32,2176,68.0,68.0,68.0,68.0,68.0,0.0,1.0,1.0,0.0
6.87,6,560,86.0,68.0,72.5,116.0,126.0,587.5555555555555,3.1176470588235294,0.6666666666666666,0.0
7.82,32,2176,68.0,68.0,68.0,68.0,68.0,0.0,1.0,1.0,0.0
1.6,117,41783,86.0,68.0,68.0,170.0,1221.6000000000008,423486.2762802251,0.8184706445576011,0.6666666666666666,0.0
0.23,8,544,68.0,68.0,68.0,68.0,68.0,0.0,1.0,1.0,0.0
6.28,24,1632,68.0,68.0,68.0,68.0,68.0,0.0,1.0,1.0,0.0
9.53,32,2176,68.0,68.0,68.0,68.0,68.0,0.0,1.0,1.0,0.0
8.55,32,2176,68.0,68.0,68.0,68.0,68.0,0.0,1.0,1.0,0.0
8.16,120,45061,86.0,68.0,68.0,170.0,1516.0,468956.4665972223,0.9883946694907775,0.6583333333333333,0.0
2.21,32,2176,68.0,68.0,68.0,68.0,68.0,0.0,1.0,1.0,0.0
6.02,32,2176,68.0,68.0,68.0,68.0,68.0,0.0,1.0,1.0,0.0
2.25,32,2176,68.0,68.0,68.0,68.0,68.0,0.0,1.0,1.0,0.0
2.95,117,43603,86.0,68.0,68.0,170.0,1516.0,476469.82613777474,0.9930977739178132,0.6752136752136753,0.0
7.54,32,2176,68.0,68.0,68.0,68.0,68.0,0.0,1.0,1.0,0.0
7.18,32,2176,68.0,68.0,68.0,68.0,68.0,0.0,1.0,1.0,0.0
5.62,32,2176,68.0,68.0,68.0,68.0,68.0,0.0,1.0,1.0,0.0
1.89,116,44358,86.0,68.0,68.0,170.0,1516.0,416595.87722948875,1.309590752889722,0.6293103448275862,0.0
3.7,32,2176,68.0,68.0,68.0,68.0,68.0,0.0,1.0,1.0,0.0
7.55,32,2176,68.0,68.0,68.0,68.0,68.0,0.0,1.0,1.0,0.0
9.62,32,2176,68.0,68.0,68.0,68.0,68.0,0.0,1.0,1.0,0.0
5.33,117,33456,86.0,68.0,68.0,170.0,786.0000000000005,336195.89480604854,0.7555753791257805,0.6666666666666666,0.0
9.35,14,4740,86.0,68.0,68.0,170.0,1139.2000000000014,331080.8163265307,0.9602977667493796,0.6428571428571429,0.0
7.08,32,2176,68.0,68.0,68.0,68.0,68.0,0.0,1.0,1.0,0.0
5.84,32,2176,68.0,68.0,68.0,68.0,68.0,0.0,1.0,1.0,0.0
3.94,32,2176,68.0,68.0,68.0,68.0,68.0,0.0,1.0,1.0,0.0
0.26,50,18412,86.0,68.0,68.0,170.0,932.8000000000009,521998.74240000005,0.5143938147721665,0.66,0.0
0.24,36,15399,86.0,68.0,68.0,193.25,1516.0,474536.90972222225,1.1876687029407587,0.6388888888888888,0.0
9.88,141,39587,86.0,68.0,68.0,222.0,848.0,198330.6085206982,1.13556670442898,0.6524822695035462,0.0
0.64,12,2154,77.0,68.0,68.0,186.0,486.0,33494.75,0.23367697594501718,0.75,0.0
0.9,28,1904,68.0,68.0,68.0,68.0,68.0,0.0,1.0,1.0,0.0
0.23,4,272,68.0,68.0,68.0,68.0,68.0,0.0,1.0,1.0,0.0
0.89,28,1904,68.0,68.0,68.0,68.0,68.0,0.0,1.0,1.0,0.0
6.15,26,2616,68.0,68.0,68.0,86.0,130.0,5370.005917159762,0.8078783690393918,0.7692307692307693,0.0
0.92,24,1632,68.0,68.0,68.0,68.0,68.0,0.0,1.0,1.0,0.0
5.84,8,544,68.0,68.0,68.0,68.0,68.0,0.0,1.0,1.0,0.0
8.52,108,37438,86.0,68.0,68.0,170.0,1516.0,395274.5984224965,0.8919547200323429,0.6574074074074074,0.0
2.32,4,272,68.0,68.0,68.0,68.0,68.0,0.0,1.0,1.0,0.0
8.37,28,1904,68.0,68.0,68.0,68.0,68.0,0.0,1.0,1.0,0.0
6.53,28,1904,68.0,68.0,68.0,68.0,68.0,0.0,1.0,1.0,0.0
0.57,4,272,68.0,68.0,68.0,68.0,68.0,0.0,1.0,1.0,0.0
1.18,16,8842,86.0,68.0,68.0,765.0,1516.0,652273.234375,0.8760874177806068,0.5625,0.0
2.93,61,12794,86.0,68.0,68.0,240.0,516.0,60753.11152915883,0.8954074074074074,0.6885245901639344,0.0
4.91,47,8600,68.0,68.0,68.0,354.0,486.0,33265.16976007243,0.6250944822373394,0.723404255319149,0.0
3.02,3,640,86.0,71.6,77.0,286.0,406.0,37227.555555555555,0.11888111888111888,0.6666666666666666,0.0
1.65,8,544,68.0,68.0,68.0,68.0,68.0,0.0,1.0,1.0,0.0
5.31,98,33696,86.0,68.0,68.0,170.0,1024.1999999999996,469047.97334443993,0.873144699538607,0.673469387755102,0.0
0.47,4,272,68.0,68.0,68.0,68.0,68.0,0.0,1.0,1.0,0.0
5.78,28,1904,68.0,68.0,68.0,68.0,68.0,0.0,1.0,1.0,0.0
6.52,32,2176,68.0,68.0,68.0,68.0,68.0,0.0,1.0,1.0,0.0
0.83,43,7752,86.0,68.0,68.0,130.0,345.0,88851.17793401839,0.8706563706563707,0.627906976744186,0.0
9.15,40,2720,68.0,68.0,68.0,68.0,68.0,0.0,1.0,1.0,0.0
5.01,111,40494,86.0,68.0,68.0,170.0,1516.0,473311.6488921353,0.8092216960057189,0.6576576576576577,0.0
2.17,12,816,68.0,68.0,68.0,68.0,68.0,0.0,1.0,1.0,0.0
9.27,132,25846,86.0,68.0,68.0,252.75,516.0,42462.88544536272,0.658283074554087,0.6893939393939394,0.0
8.31,42,2856,68.0,68.0,68.0,68.0,68.0,0.0,1.0,1.0,0.0
4.97,47,20764,86.0,68.0,68.0,582.0,1516.0,408817.2313263921,1.2471861471861472,0.574468085106383,0.0
4.66,28,1904,68.0,68.0,68.0,68.0,68.0,0.0,1.0,1.0,0.0
0.69,12,816,68.0,68.0,68.0,68.0,68.0,0.0,1.0,1.0,0.0
0.38,2,136,68.0,68.0,68.0,68.0,68.0,0.0,1.0,1.0,0.0
1.39,97,31943,86.0,68.0,68.0,170.0,1231.8000000000015,359410.5022850462,0.7059923093356121,0.6804123711340206,0.0
6.67,38,2584,68.0,68.0,68.0,68.0,68.0,0.0,1.0,1.0,0.0
0.64,4,272,68.0,68.0,68.0,68.0,68.0,0.0,1.0,1.0,0.0
8.04,42,2856,68.0,68.0,68.0,68.0,68.0,0.0,1.0,1.0,0.0
5.59,90,23772,86.0,68.0,68.0,213.5,718.2,150304.93777777778,1.245819555975437,0.6666666666666666,10.733452593917711
4.43,23,2000,68.0,68.0,68.0,68.0,68.0,7251.432892249528,1.6737967914438503,0.9565217391304348,0.0
9.65,119,41748,86.0,68.0,68.0,170.0,1290.2000000000007,462660.11171527434,0.9131152048391531,0.6890756302521008,0.0
1.83,8,544,68.0,68.0,68.0,68.0,68.0,0.0,1.0,1.0,0.0
4.75,32,2176,68.0,68.0,68.0,68.0,68.0,0.0,1.0,1.0,0.0
9.57,40,2720,68.0,68.0,68.0,68.0,68.0,0.0,1.0,1.0,0.0
0.7,41,13697,86.0,68.0,68.0,170.0,1129.0,337072.8483045806,1.3132916737037663,0.6341463414634146,0.0
7.88,28,1904,68.0,68.0,68.0,68.0,68.0,0.0,1.0,1.0,0.0
8.6,105,33957,86.0,68.0,68.0,170.0,1085.200000000002,407695.4971428571,0.7669372463315641,0.6857142857142857,0.0
3.07,24,2988,68.0,68.0,68.0,81.5,365.9999999999997,18712.75,0.4067796610169492,0.875,0.0
6.53,24,1632,68.0,68.0,68.0,68.0,68.0,0.0,1.0,1.0,0.0
7.26,40,2720,68.0,68.0,68.0,68.0,68.0,0.0,1.0,1.0,0.0
9.14,68,18766,68.0,68.0,68.0,86.0,1006.3000000000017,304792.7050173011,1.1166253101736974,0.7647058823529411,0.0
0.38,8,544,68.0,68.0,68.0,68.0,68.0,0.0,1.0,1.0,0.0
5.46,8,544,68.0,68.0,68.0,68.0,68.0,0.0,1.0,1.0,0.0
0.55,83,28365,86.0,68.0,68.0,170.0,1346.9999999999993,299383.03237044567,1.5199893390191899,0.6265060240963856,0.0
4.7,13,4442,86.0,68.0,68.0,170.0,858.8000000000006,411802.82840236684,0.5881301394351091,0.6923076923076923,0.0
5.76,12,816,68.0,68.0,68.0,68.0,68.0,0.0,1.0,1.0,0.0
0.47,12,816,68.0,68.0,68.0,68.0,68.0,0.0,1.0,1.0,0.0
7.24,16,1088,68.0,68.0,68.0,68.0,68.0,0.0,1.0,1.0,0.0
9.14,40,2720,68.0,68.0,68.0,68.0,68.0,0.0,1.0,1.0,0.0
5.46,45,17641,86.0,68.0,68.0,170.0,1022.2000000000002,618075.1772839505,0.51191292423723,0.6666666666666666,0.0
9.25,36,2448,68.0,68.0,68.0,68.0,68.0,0.0,1.0,1.0,0.0
4.03,109,41490,86.0,68.0,68.0,170.0,1516.0,410810.9086777209,1.311935807422267,0.6422018348623854,0.0
8.87,40,2720,68.0,68.0,68.0,68.0,68.0,0.0,1.0,1.0,0.0
3.26,12,816,68.0,68.0,68.0,68.0,68.0,0.0,1.0,1.0,0.0
2.53,28,1904,68.0,68.0,68.0,68.0,68.0,0.0,1.0,1.0,0.0
8.25,75,19111,68.0,68.0,68.0,86.0,751.4000000000044,270063.8051555555,0.9594996411360607,0.7866666666666666,0.0
9.49,110,38736,86.0,68.0,68.0,170.0,1308.400000000001,413884.48793388443,1.220337040009171,0.6818181818181818,0.0
0.61,7,680,68.0,68.0,68.0,77.0,153.20000000000005,4139.265306122449,2.3333333333333335,0.8571428571428571,0.0
8.94,37,3352,68.0,68.0,68.0,68.0,111.99999999999991,5549.3221329437565,0.7242798353909465,0.8918918918918919,0.0
3.06,20,1360,68.0,68.0,68.0,68.0,68.0,0.0,1.0,1.0,0.0
3.98,30,2485,68.0,68.0,68.0,68.0,92.50000000000009,1623.0722222222232,0.8258633357825128,0.9,0.0
7.3,75,22845,68.0,68.0,68.0,86.0,1382.800000000003,307531.6,0.8819507372930225,0.76,0.0
2.8,4,272,68.0,68.0,68.0,68.0,68.0,0.0,1.0,1.0,0.0
7.71,123,37432,86.0,68.0,68.0,170.0,1208.9999999999998,313563.6991208937,1.032028662939037,0.7154471544715447,0.0
4.6,12,816,68.0,68.0,68.0,68.0,68.0,0.0,1.0,1.0,0.0
3.41,28,1904,68.0,68.0,68.0,68.0,68.0,0.0,1.0,1.0,0.0
3.68,12,816,68.0,68.0,68.0,68.0,68.0,0.0,1.0,1.0,0.0
6.06,28,1904,68.0,68.0,68.0,68.0,68.0,0.0,1.0,1.0,0.0
1.11,208,40666,86.0,68.0,68.0,240.0,504.0,36786.009522929,1.4684958115818867,0.6490384615384616,0.0
4.44,46,17034,86.0,68.0,68.0,170.0,1275.5,552450.1682419659,0.6888756692444973,0.6739130434782609,0.0
0.56,24,1632,68.0,68.0,68.0,68.0,68.0,0.0,1.0,1.0,0.0
0.33,4,272,68.0,68.0,68.0,68.0,68.0,0.0,1.0,1.0,0.0
7.09,107,32842,86.0,68.0,68.0,170.0,1048.000000000001,319679.03310332773,0.8547467103405433,0.6915887850467289,0.0
6.46,20,1360,68.0,68.0,68.0,68.0,68.0,0.0,1.0,1.0,0.0
9.31,32,2176,68.0,68.0,68.0,68.0,68.0,0.0,1.0,1.0,0.0
5.55,28,1904,68.0,68.0,68.0,68.0,68.0,0.0,1.0,1.0,0.0
6.85,48,18532,86.0,68.0,68.0,170.0,1516.0,548105.4930555556,0.8914064094713207,0.6875,0.0
6.69,20,1360,68.0,68.0,68.0,68.0,68.0,0.0,1.0,1.0,0.0
0.01,4,272,68.0,68.0,68.0,68.0,68.0,0.0,1.0,1.0,0.0
3.21,8,544,68.0,68.0,68.0,68.0,68.0,0.0,1.0,1.0,0.0
1.23,102,42841,86.0,68.0,68.0,170.0,1516.0,600093.48029604,0.7293424292576596,0.6372549019607843,0.0
2.36,12,816,68.0,68.0,68.0,68.0,68.0,0.0,1.0,1.0,0.0
5.4,141,34440,86.0,68.0,80.0,486.0,516.0,67819.05537950808,0.988911988911989,0.5886524822695035,0.0
8.92,42,6516,68.0,68.0,68.0,86.0,486.0,26679.265306122456,0.2806603773584906,0.7857142857142857,0.0
5.29,24,1632,68.0,68.0,68.0,68.0,68.0,0.0,1.0,1.0,0.0
4.17,44,14345,86.0,68.0,68.0,170.0,819.6000000000001,468277.7949380165,0.622737556561086,0.6818181818181818,0.0
3.46,4,272,68.0,68.0,68.0,68.0,68.0,0.0,1.0,1.0,0.0
2.64,16,1088,68.0,68.0,68.0,68.0,68.0,0.0,1.0,1.0,0.0
6.01,24,1632,68.0,68.0,68.0,68.0,68.0,0.0,1.0,1.0,0.0
1.08,98,39756,86.0,68.0,68.0,170.0,1516.0,551615.7913369428,0.8958512160228899,0.6428571428571429,0.0
4.85,12,816,68.0,68.0,68.0,68.0,68.0,0.0,1.0,1.0,0.0
5.58,28,1904,68.0,68.0,68.0,68.0,68.0,0.0,1.0,1.0,0.0
0.08,4,272,68.0,68.0,68.0,68.0,68.0,0.0,1.0,1.0,0.0
3.86,8,544,68.0,68.0,68.0,68.0,68.0,0.0,1.0,1.0,0.0
6.99,28,1904,68.0,68.0,68.0,68.0,68.0,0.0,1.0,1.0,0.0
4.08,92,31132,86.0,68.0,80.0,361.25,922.8000000000025,281807.56427221175,0.6896607869742198,0.5652173913043478,0.0
6.6,106,19140,86.0,68.0,68.0,222.0,486.0,30542.396582413672,1.256011315417256,0.7075471698113207,0.0
0.36,22,3848,77.0,68.0,68.0,188.0,486.0,30130.809917355375,0.24129032258064517,0.7272727272727273,0.0
9.15,117,44677,86.0,68.0,68.0,170.0,1516.0,447574.3635035428,1.023231591341364,0.6666666666666666,0.0
9.5,40,2720,68.0,68.0,68.0,68.0,68.0,0.0,1.0,1.0,0.0
7.43,32,2176,68.0,68.0,68.0,68.0,68.0,0.0,1.0,1.0,0.0
1.73,8,544,68.0,68.0,68.0,68.0,68.0,0.0,1.0,1.0,0.0
2.51,53,18567,86.0,68.0,68.0,170.0,1516.0,386457.915984336,1.073830001116944,0.6415094339622641,0.0
1.16,24,1632,68.0,68.0,68.0,68.0,68.0,0.0,1.0,1.0,0.0
9.27,113,39060,86.0,68.0,68.0,170.0,1361.9999999999993,449783.10815255705,0.8896952104499274,0.6902654867256637,0.0
2.56,12,816,68.0,68.0,68.0,68.0,68.0,0.0,1.0,1.0,0.0
2.83,34,10656,86.0,68.0,68.0,486.0,516.0,121380.35986159169,1.347136563876652,0.5882352941176471,0.0
4.15,20,1360,68.0,68.0,68.0,68.0,68.0,0.0,1.0,1.0,0.0
8.44,40,2720,68.0,68.0,68.0,68.0,68.0,0.0,1.0,1.0,0.0
2.46,42,13123,86.0,68.0,68.0,170.0,1235.5,224965.4858276644,1.8112682090831191,0.6428571428571429,0.0
8.34,28,1904,68.0,68.0,68.0,68.0,68.0,0.0,1.0,1.0,0.0
3.37,16,1088,68.0,68.0,68.0,68.0,68.0,0.0,1.0,1.0,0.0
3.21,101,41393,86.0,68.0,68.0,170.0,1516.0,620188.4172139986,0.7775153519130845,0.6633663366336634,0.0
3.03,12,816,68.0,68.0,68.0,68.0,68.0,0.0,1.0,1.0,0.0
7.91,28,1904,68.0,68.0,68.0,68.0,68.0,0.0,1.0,1.0,0.0
7.8,40,2720,68.0,68.0,68.0,68.0,68.0,0.0,1.0,1.0,0.0
5.13,41,15964,86.0,68.0,68.0,306.0,1516.0,289966.5734681736,1.122307896835948,0.5609756097560976,0.0
8.46,32,2176,68.0,68.0,68.0,68.0,68.0,0.0,1.0,1.0,0.0
5.53,8,544,68.0,68.0,68.0,68.0,68.0,0.0,1.0,1.0,0.0
5.9,97,38531,86.0,68.0,68.0,170.0,1516.0,414106.9382506111,1.1422773268097408,0.6288659793814433,0.0
7.17,40,2720,68.0,68.0,68.0,68.0,68.0,0.0,1.0,1.0,0.0
1.78,12,816,68.0,68.0,68.0,68.0,68.0,0.0,1.0,1.0,0.0
0.38,12,816,68.0,68.0,68.0,68.0,68.0,0.0,1.0,1.0,0.0
4.81,16,1088,68.0,68.0,68.0,68.0,68.0,0.0,1.0,1.0,0.0
5.9,43,14513,86.0,68.0,68.0,170.0,1118.6000000000015,332455.8312601407,1.3396743511204257,0.627906976744186,0.0
3.44,28,1904,68.0,68.0,68.0,68.0,68.0,0.0,1.0,1.0,0.0
2.62,12,816,68.0,68.0,68.0,68.0,68.0,0.0,1.0,1.0,0.0
8.81,108,43244,86.0,68.0,68.0,170.0,1516.0,513528.1117969822,0.8615583297460181,0.6574074074074074,0.0
7.79,40,2720,68.0,68.0,68.0,68.0,68.0,0.0,1.0,1.0,0.0
7.97,40,2720,68.0,68.0,68.0,68.0,68.0,0.0,1.0,1.0,0.0
1.99,40,16930,86.0,68.0,68.0,171.5,1516.0,547053.4875,1.1613685688752713,0.6,0.0
6.52,28,1904,68.0,68.0,68.0,68.0,68.0,0.0,1.0,1.0,0.0
8.65,118,36931,86.0,68.0,68.0,170.0,1432.6999999999996,309601.9400316002,1.138819713905137,0.7033898305084746,0.0
9.31,40,2720,68.0,68.0,68.0,68.0,68.0,0.0,1.0,1.0,0.0
0.4,4,272,68.0,68.0,68.0,68.0,68.0,0.0,1.0,1.0,0.0
8.34,36,2448,68.0,68.0,68.0,68.0,68.0,0.0,1.0,1.0,0.0
8.31,70,20090,68.0,68.0,68.0,86.0,1516.0,334494.28571428574,0.799373040752351,0.7571428571428571,0.0
1.06,12,816,68.0,68.0,68.0,68.0,68.0,0.0,1.0,1.0,0.0
6.49,98,35643,86.0,68.0,68.0,170.0,1516.0,352481.7593710954,1.6390493114171478,0.6224489795918368,0.0
6.59,24,1632,68.0,68.0,68.0,68.0,68.0,0.0,1.0,1.0,0.0
0.86,16,1088,68.0,68.0,68.0,68.0,68.0,0.0,1.0,1.0,0.0
8.45,40,2720,68.0,68.0,68.0,68.0,68.0,0.0,1.0,1.0,0.0
4.64,42,12296,86.0,68.0,68.0,170.0,980.7999999999995,257189.65759637184,1.004237978810106,0.6666666666666666,0.0
6.86,28,1904,68.0,68.0,68.0,68.0,68.0,0.0,1.0,1.0,0.0
4.15,12,816,68.0,68.0,68.0,68.0,68.0,0.0,1.0,1.0,0.0
2.92,96,34694,86.0,68.0,68.0,170.0,1287.0,377034.0308159722,0.9172192749778957,0.65625,0.0
2.76,12,816,68.0,68.0,68.0,68.0,68.0,0.0,1.0,1.0,0.0
7.28,28,1904,68.0,68.0,68.0,68.0,68.0,0.0,1.0,1.0,0.0
6.5,22,1496,68.0,68.0,68.0,68.0,68.0,0.0,1.0,1.0,0.0
0.3,18,1224,68.0,68.0,68.0,68.0,68.0,0.0,1.0,1.0,0.0
2.15,46,17009,86.0,68.0,68.0,170.0,1516.0,281851.3558601134,1.2715010683760684,0.6086956521739131,0.0
3.06,28,1904,68.0,68.0,68.0,68.0,68.0,0.0,1.0,1.0,0.0
3.8,12,816,68.0,68.0,68.0,68.0,68.0,0.0,1.0,1.0,0.0
2.02,92,28644,86.0,68.0,68.0,170.0,849.1000000000005,343420.16162570886,0.7389509470616804,0.6739130434782609,0.0
8.83,40,2720,68.0,68.0,68.0,68.0,68.0,0.0,1.0,1.0,0.0
2.91,12,816,68.0,68.0,68.0,68.0,68.0,0.0,1.0,1.0,0.0
1.9,28,1904,68.0,68.0,68.0,68.0,68.0,0.0,1.0,1.0,0.0
4.33,45,19039,86.0,68.0,68.0,170.0,1516.0,408220.658765432,0.9963300828352731,0.6,0.0
0.71,24,1632,68.0,68.0,68.0,68.0,68.0,0.0,1.0,1.0,0.0
7.51,4,272,68.0,68.0,68.0,68.0,68.0,0.0,1.0,1.0,0.0
6.53,52,12284,83.0,68.0,68.0,170.0,381.5999999999999,229825.83136094673,0.8751335673942909,0.7307692307692307,0.0
9.9,73,27498,86.0,68.0,68.0,170.0,1516.0,421874.92812910484,1.1509699624530663,0.6712328767123288,0.0
0.44,12,816,68.0,68.0,68.0,68.0,68.0,0.0,1.0,1.0,0.0
0.52,16,1088,68.0,68.0,68.0,68.0,68.0,0.0,1.0,1.0,0.0
1.15,12,816,68.0,68.0,68.0,68.0,68.0,0.0,1.0,1.0,0.0
7.46,28,1904,68.0,68.0,68.0,68.0,68.0,0.0,1.0,1.0,0.0
8.8,72,18636,68.0,68.0,68.0,86.0,719.9999999999998,284162.75,1.0425252082419991,0.7916666666666666,0.0
2.77,12,816,68.0,68.0,68.0,68.0,68.0,0.0,1.0,1.0,0.0
6.27,96,39525,86.0,68.0,68.0,170.0,1516.0,509558.9104817708,1.016787427288499,0.6354166666666666,0.0
2.69,12,816,68.0,68.0,68.0,68.0,68.0,0.0,1.0,1.0,0.0
5.92,28,1904,68.0,68.0,68.0,68.0,68.0,0.0,1.0,1.0,0.0
2.96,12,816,68.0,68.0,68.0,68.0,68.0,0.0,1.0,1.0,0.0
4.34,28,1904,68.0,68.0,68.0,68.0,68.0,0.0,1.0,1.0,0.0
1.86,50,17678,86.0,68.0,68.0,170.0,1370.2000000000003,347629.1264,1.306327462491846,0.66,0.0
5.56,28,1904,68.0,68.0,68.0,68.0,68.0,0.0,1.0,1.0,0.0
0.97,12,816,68.0,68.0,68.0,68.0,68.0,0.0,1.0,1.0,0.0
3.45,99,39817,86.0,68.0,68.0,170.0,1516.0,510375.6500357106,0.6734753919219939,0.6262626262626263,0.0
3.77,12,816,68.0,68.0,68.0,68.0,68.0,0.0,1.0,1.0,0.0
0.81,28,1904,68.0,68.0,68.0,68.0,68.0,0.0,1.0,1.0,0.0
2.21,12,816,68.0,68.0,68.0,68.0,68.0,0.0,1.0,1.0,0.0
1.31,28,1904,68.0,68.0,68.0,68.0,68.0,0.0,1.0,1.0,0.0
4.92,40,13386,86.0,68.0,68.0,170.0,1427.7,241197.82749999998,1.3793103448275863,0.625,0.0
8.32,28,1904,68.0,68.0,68.0,68.0,68.0,0.0,1.0,1.0,0.0
8.59,121,42967,86.0,68.0,68.0,170.0,1516.0,445368.9157844409,1.019031060570462,0.6776859504132231,0.0
7.09,40,2720,68.0,68.0,68.0,68.0,68.0,0.0,1.0,1.0,0.0
9.74,40,2720,68.0,68.0,68.0,68.0,68.0,0.0,1.0,1.0,0.0
0.67,46,17018,86.0,68.0,68.0,170.0,1516.0,412776.17202268436,1.5256752745621847,0.6521739130434783,0.0
8.04,28,1904,68.0,68.0,68.0,68.0,68.0,0.0,1.0,1.0,0.0
2.44,12,816,68.0,68.0,68.0,68.0,68.0,0.0,1.0,1.0,0.0
8.5,103,42517,86.0,68.0,68.0,170.0,1516.0,464555.2553492317,0.9653769703693431,0.6407766990291263,0.0
9.11,40,2720,68.0,68.0,68.0,68.0,68.0,0.0,1.0,1.0,0.0
9.44,40,2720,68.0,68.0,68.0,68.0,68.0,0.0,1.0,1.0,0.0
7.44,73,18046,68.0,68.0,68.0,86.0,879.1999999999997,232314.3824357291,0.909831728225209,0.7808219178082192,0.0
9.92,113,35303,86.0,68.0,68.0,170.0,935.5999999999995,356791.51726838446,0.8907932087194044,0.6902654867256637,0.0
2.18,12,816,68.0,68.0,68.0,68.0,68.0,0.0,1.0,1.0,0.0
4.93,28,1904,68.0,68.0,68.0,68.0,68.0,0.0,1.0,1.0,0.0
2.82,12,816,68.0,68.0,68.0,68.0,68.0,0.0,1.0,1.0,0.0
0.65,24,1632,68.0,68.0,68.0,68.0,68.0,0.0,1.0,1.0,0.0
0.75,4,272,68.0,68.0,68.0,68.0,68.0,0.0,1.0,1.0,0.0
2.01,45,16898,86.0,68.0,68.0,170.0,1516.0,385654.4720987656,1.23223249669749,0.6222222222222222,0.0
0.61,24,1632,68.0,68.0,68.0,68.0,68.0,0.0,1.0,1.0,0.0
3.1,4,272,68.0,68.0,68.0,68.0,68.0,0.0,1.0,1.0,0.0
1.05,12,816,68.0,68.0,68.0,68.0,68.0,0.0,1.0,1.0,0.0
9.98,114,41178,86.0,68.0,68.0,170.0,1303.3000000000002,408778.44690674054,1.1795373948023078,0.6754385964912281,0.0
9.19,34,2312,68.0,68.0,68.0,68.0,68.0,0.0,1.0,1.0,0.0
3.2,6,408,68.0,68.0,68.0,68.0,68.0,0.0,1.0,1.0,0.0
4.26,28,1904,68.0,68.0,68.0,68.0,68.0,0.0,1.0,1.0,0.0
0.73,43,16816,86.0,68.0,68.0,170.0,1469.400000000001,427619.8788534343,0.7591798305262056,0.6511627906976745,0.0
6.48,28,1904,68.0,68.0,68.0,68.0,68.0,0.0,1.0,1.0,0.0
4.52,12,816,68.0,68.0,68.0,68.0,68.0,0.0,1.0,1.0,0.0
9.13,150,49292,86.0,68.0,68.0,222.0,1112.0,319897.3171555556,0.6570967525045385,0.6133333333333333,0.0
0.42,8,544,68.0,68.0,68.0,68.0,68.0,0.0,1.0,1.0,0.0
2.62,3,670,86.0,71.6,77.0,301.0,430.0,42880.88888888888,0.11295681063122924,0.6666666666666666,0.0
9.29,36,2448,68.0,68.0,68.0,68.0,68.0,0.0,1.0,1.0,0.0
8.63,12,816,68.0,68.0,68.0,68.0,68.0,0.0,1.0,1.0,0.0
7.94,69,20499,68.0,68.0,68.0,163.0,1068.0000000000016,326073.00693131716,0.6819002297341648,0.7391304347826086,0.0
6.17,8,544,68.0,68.0,68.0,68.0,68.0,0.0,1.0,1.0,0.0
3.54,28,1904,68.0,68.0,68.0,68.0,68.0,0.0,1.0,1.0,0.0
7.05,90,31545,86.0,68.0,68.0,170.0,1102.900000000004,421628.27222222224,0.746194298367008,0.6444444444444445,0.0
3.35,12,816,68.0,68.0,68.0,68.0,68.0,0.0,1.0,1.0,0.0
8.91,28,1904,68.0,68.0,68.0,68.0,68.0,0.0,1.0,1.0,0.0
8.79,40,2720,68.0,68.0,68.0,68.0,68.0,0.0,1.0,1.0,0.0
7.43,106,29382,86.0,68.0,68.0,240.0,516.0,204760.83232467074,1.0495256696428572,0.660377358490566,0.0
9.37,36,12200,363.0,68.0,86.0,504.0,504.0,89167.43209876542,3.6423135464231353,0.4444444444444444,0.0
7.5,114,42499,86.0,68.0,68.0,170.0,1516.0,436641.8628039397,0.993667026317024,0.6578947368421053,0.0
9.61,40,2720,68.0,68.0,68.0,68.0,68.0,0.0,1.0,1.0,0.0
3.78,40,2720,68.0,68.0,68.0,68.0,68.0,0.0,1.0,1.0,0.0
4.68,49,17217,86.0,68.0,68.0,170.0,1516.0,353847.82423990004,1.2749735729386893,0.673469387755102,0.0
3.7,28,1904,68.0,68.0,68.0,68.0,68.0,0.0,1.0,1.0,0.0
1.7,12,816,68.0,68.0,68.0,68.0,68.0,0.0,1.0,1.0,0.0
3.72,94,41291,86.0,68.0,68.0,170.0,1516.0,565099.3654368492,0.9211371144093425,0.6170212765957447,0.0
3.81,65,15204,86.0,68.0,68.0,486.0,516.0,60644.853017751484,0.6504559270516718,0.676923076923077,0.0
8.26,29,3188,68.0,68.0,68.0,86.0,222.0,11971.995243757428,0.3836805555555556,0.8620689655172413,0.0
3.17,16,1088,68.0,68.0,68.0,68.0,68.0,0.0,1.0,1.0,0.0
8.88,70,13103,68.0,68.0,68.0,86.0,171.90000000000003,123738.32265306123,1.1992279288351795,0.8,0.0
1.07,8,544,68.0,68.0,68.0,68.0,68.0,0.0,1.0,1.0,0.0
8.63,26,1768,68.0,68.0,68.0,68.0,68.0,0.0,1.0,1.0,0.0
3.81,14,952,68.0,68.0,68.0,68.0,68.0,0.0,1.0,1.0,0.0
8.19,103,41114,86.0,68.0,68.0,170.0,1516.0,492554.8756715996,0.9212149532710281,0.6310679611650486,0.0
7.24,40,2720,68.0,68.0,68.0,68.0,68.0,0.0,1.0,1.0,0.0
6.36,14,952,68.0,68.0,68.0,68.0,68.0,0.0,1.0,1.0,0.0
6.69,37,2744,68.0,68.0,68.0,68.0,86.0,261.05478451424403,1.0058479532163742,0.918918918918919,0.0
4.09,65,20162,86.0,68.0,68.0,230.0,504.0,380580.858224852,1.0596588006946572,0.6153846153846154,0.0
8.54,24,1632,68.0,68.0,68.0,68.0,68.0,0.0,1.0,1.0,0.0
8.72,114,39727,86.0,68.0,68.0,170.0,1504.9,411874.2847799323,1.133795251906757,0.6754385964912281,0.0
0.2,4,272,68.0,68.0,68.0,68.0,68.0,0.0,1.0,1.0,0.0
2.42,8,544,68.0,68.0,68.0,68.0,68.0,0.0,1.0,1.0,0.0
3.97,28,1904,68.0,68.0,68.0,68.0,68.0,0.0,1.0,1.0,0.0
4.1,12,816,68.0,68.0,68.0,68.0,68.0,0.0,1.0,1.0,0.0
8.01,28,1904,68.0,68.0,68.0,68.0,68.0,0.0,1.0,1.0,0.0
8.2,71,14959,68.0,68.0,68.0,86.0,420.0,197596.3265225153,0.7947210557888422,0.7746478873239436,0.0
7.25,103,35321,86.0,68.0,68.0,170.0,1371.3999999999999,380097.9939673862,1.0278447582960155,0.6699029126213593,0.0
2.46,12,816,68.0,68.0,68.0,68.0,68.0,0.0,1.0,1.0,0.0
0.51,12,816,68.0,68.0,68.0,68.0,68.0,0.0,1.0,1.0,0.0
2.94,16,1088,68.0,68.0,68.0,68.0,68.0,0.0,1.0,1.0,0.0
5.75,12,816,68.0,68.0,68.0,68.0,68.0,0.0,1.0,1.0,0.0
7.91,28,1904,68.0,68.0,68.0,68.0,68.0,0.0,1.0,1.0,0.0
1.28,43,14854,86.0,68.0,68.0,170.0,1466.600000000001,263435.0838290967,1.6629616349946217,0.627906976744186,0.0
3.34,28,1904,68.0,68.0,68.0,68.0,68.0,0.0,1.0,1.0,0.0
8.9,104,44064,86.0,68.0,68.0,170.0,1516.0,661894.6360946746,0.8674351585014409,0.6538461538461539,0.0
2.35,12,816,68.0,68.0,68.0,68.0,68.0,0.0,1.0,1.0,0.0
6.93,28,1904,68.0,68.0,68.0,68.0,68.0,0.0,1.0,1.0,0.0
0.22,4,272,68.0,68.0,68.0,68.0,68.0,0.0,1.0,1.0,0.0
0.71,8,544,68.0,68.0,68.0,68.0,68.0,0.0,1.0,1.0,0.0
7.51,28,1904,68.0,68.0,68.0,68.0,68.0,0.0,1.0,1.0,0.0
0.74,39,13152,86.0,68.0,68.0,170.0,1462.2,350395.9723865878,1.35361488904796,0.6666666666666666,0.0
9.46,40,2720,68.0,68.0,68.0,68.0,68.0,0.0,1.0,1.0,0.0
7.71,101,44212,86.0,68.0,68.0,197.0,1516.0,535285.4188805018,1.2486013630352966,0.6039603960396039,0.0
7.31,67,7608,68.0,68.0,68.0,86.0,183.0,33281.112942748936,1.3686176836861768,0.8507462686567164,0.0
9.81,40,2720,68.0,68.0,68.0,68.0,68.0,0.0,1.0,1.0,0.0
6.44,46,15130,86.0,68.0,68.0,170.0,1304.5,277378.64461247623,0.6688727112287668,0.6521739130434783,0.0
4.69,24,1632,68.0,68.0,68.0,68.0,68.0,0.0,1.0,1.0,0.0
0.2,3,408,86.0,71.6,77.0,170.0,220.4,7016.0,5.0,0.6666666666666666,0.0
3.24,15,1121,68.0,68.0,68.0,68.0,78.8,435.5288888888889,1.3550420168067228,0.9333333333333333,0.0
1.5,4,272,68.0,68.0,68.0,68.0,68.0,0.0,1.0,1.0,0.0
0.68,91,38427,86.0,68.0,68.0,170.0,1516.0,559381.0783721772,1.0209845377090565,0.6043956043956044,0.0
6.16,113,32629,86.0,68.0,68.0,504.0,516.0,113760.25718537082,1.6963887282042807,0.5663716814159292,0.0
8.19,32,6910,86.0,68.0,81.5,486.0,486.0,35131.37109375,0.08545397423814012,0.625,0.0
8.86,40,2720,68.0,68.0,68.0,68.0,68.0,0.0,1.0,1.0,0.0
1.06,28,1904,68.0,68.0,68.0,68.0,68.0,0.0,1.0,1.0,0.0
7.16,56,20761,77.0,68.0,68.0,170.0,1468.5,589780.7675382653,0.910111325788941,0.7142857142857143,0.0
8.91,130,37754,68.0,68.0,68.0,149.0,973.4000000000009,378512.1813017752,0.8009826837761771,0.7461538461538462,0.0
1.4,12,816,68.0,68.0,68.0,68.0,68.0,0.0,1.0,1.0,0.0
8.44,28,1904,68.0,68.0,68.0,68.0,68.0,0.0,1.0,1.0,0.0
9.41,40,2720,68.0,68.0,68.0,68.0,68.0,0.0,1.0,1.0,0.0
6.94,83,23954,86.0,68.0,80.0,516.0,635.1999999999998,144600.62505443458,1.030860534124629,0.6024096385542169,0.0
9.77,93,21124,68.0,68.0,68.0,240.0,504.0,113861.9697074806,1.7649214659685863,0.6774193548387096,0.0
2.6,8,544,68.0,68.0,68.0,68.0,68.0,0.0,1.0,1.0,0.0
6.6,91,39509,86.0,68.0,68.0,170.0,1516.0,557388.9288733247,0.8497588838428766,0.6153846153846154,0.0
4.18,12,816,68.0,68.0,68.0,68.0,68.0,0.0,1.0,1.0,0.0
0.14,4,272,68.0,68.0,68.0,68.0,68.0,0.0,1.0,1.0,0.0
3.2,24,1632,68.0,68.0,68.0,68.0,68.0,0.0,1.0,1.0,0.0
4.34,12,816,68.0,68.0,68.0,68.0,68.0,0.0,1.0,1.0,0.0
2.44,28,1904,68.0,68.0,68.0,68.0,68.0,0.0,1.0,1.0,0.0
3.47,55,19886,86.0,68.0,68.0,170.0,1516.0,567338.027768595,0.8607654159258913,0.7090909090909091,0.0
4.72,28,1904,68.0,68.0,68.0,68.0,68.0,0.0,1.0,1.0,0.0
8.65,105,39793,86.0,68.0,68.0,170.0,1516.0,459883.8472562358,1.1825910487055726,0.6666666666666666,0.0
0.68,12,816,68.0,68.0,68.0,68.0,68.0,0.0,1.0,1.0,0.0
5.9,59,9706,68.0,68.0,68.0,86.0,516.0,31324.826199368003,0.44908928038220364,0.7796610169491526,0.0
7.23,20,2232,68.0,68.0,68.0,68.0,126.00000000000057,15603.840000000002,0.4381443298969072,0.9,0.0
4.92,24,1632,68.0,68.0,68.0,68.0,68.0,0.0,1.0,1.0,0.0
5.55,57,21631,86.0,68.0,68.0,170.0,1188.3999999999992,638892.8113265621,0.8647413793103448,0.7017543859649122,0.0
6.27,20,1360,68.0,68.0,68.0,68.0,68.0,0.0,1.0,1.0,0.0
6.81,20,1360,68.0,68.0,68.0,68.0,68.0,0.0,1.0,1.0,0.0
1.53,119,38876,86.0,68.0,68.0,170.0,1178.2000000000003,297966.14702351525,1.2923521434046819,0.6302521008403361,0.0
0.18,4,272,68.0,68.0,68.0,68.0,68.0,0.0,1.0,1.0,0.0
9.5,36,2448,68.0,68.0,68.0,68.0,68.0,0.0,1.0,1.0,0.0
7.65,40,2720,68.0,68.0,68.0,68.0,68.0,0.0,1.0,1.0,0.0
5.33,45,19901,86.0,68.0,68.0,170.0,1516.0,665611.1624691358,0.9956879261933413,0.6444444444444445,0.0
0.46,20,1360,68.0,68.0,68.0,68.0,68.0,0.0,1.0,1.0,0.0
2.63,8,544,68.0,68.0,68.0,68.0,68.0,0.0,1.0,1.0,0.0
2.81,12,816,68.0,68.0,68.0,68.0,68.0,0.0,1.0,1.0,0.0
1.15,94,32674,86.0,68.0,68.0,170.0,1401.400000000001,366343.32593933906,1.1739188290086493,0.6276595744680851,0.0
7.98,40,2720,68.0,68.0,68.0,68.0,68.0,0.0,1.0,1.0,0.0
4.6,12,816,68.0,68.0,68.0,68.0,68.0,0.0,1.0,1.0,0.0
7.76,28,1904,68.0,68.0,68.0,68.0,68.0,0.0,1.0,1.0,0.0
5.64,45,17662,86.0,68.0,68.0,170.0,1516.0,501694.5609876543,0.9189482833550631,0.6666666666666666,0.0
9.32,40,2720,68.0,68.0,68.0,68.0,68.0,0.0,1.0,1.0,0.0
6.81,96,41627,86.0,68.0,68.0,191.0,1516.0,496067.57020399295,1.3995273230343555,0.59375,0.0
4.72,12,816,68.0,68.0,68.0,68.0,68.0,0.0,1.0,1.0,0.0
7.85,28,1904,68.0,68.0,68.0,68.0,68.0,0.0,1.0,1.0,0.0
4.37,12,816,68.0,68.0,68.0,68.0,68.0,0.0,1.0,1.0,0.0
4.55,28,1904,68.0,68.0,68.0,68.0,68.0,0.0,1.0,1.0,0.0
9.86,79,18474,68.0,68.0,68.0,86.0,258.0000000000002,316537.41996474913,0.8202778598876737,0.7974683544303798,0.0
8.26,105,37499,86.0,68.0,68.0,170.0,1370.6000000000017,509482.9346031746,0.7699896157840083,0.6952380952380952,0.0
3.52,12,816,68.0,68.0,68.0,68.0,68.0,0.0,1.0,1.0,0.0
9.37,40,2720,68.0,68.0,68.0,68.0,68.0,0.0,1.0,1.0,0.0
4.28,28,1904,68.0,68.0,68.0,68.0,68.0,0.0,1.0,1.0,0.0
8.81,72,15411,68.0,68.0,68.0,86.0,430.9999999999996,182809.59548611112,1.0317732366512855,0.8055555555555556,0.0
9.09,103,29414,86.0,68.0,68.0,170.0,1050.3999999999994,237377.17673673292,1.3069803921568628,0.6699029126213593,0.0
9.04,40,2720,68.0,68.0,68.0,68.0,68.0,0.0,1.0,1.0,0.0
4.55,12,816,68.0,68.0,68.0,68.0,68.0,0.0,1.0,1.0,0.0
5.04,28,1904,68.0,68.0,68.0,68.0,68.0,0.0,1.0,1.0,0.0
0.81,46,16656,86.0,68.0,68.0,170.0,1424.0,277199.8620037807,2.188361408882083,0.6521739130434783,0.0
7.2,28,1904,68.0,68.0,68.0,68.0,68.0,0.0,1.0,1.0,0.0
7.35,106,36701,86.0,68.0,68.0,170.0,1364.5,432849.1802242791,0.9088261299214646,0.6792452830188679,0.0
1.71,12,816,68.0,68.0,68.0,68.0,68.0,0.0,1.0,1.0,0.0
3.04,28,1904,68.0,68.0,68.0,68.0,68.0,0.0,1.0,1.0,0.0
9.9,40,2720,68.0,68.0,68.0,68.0,68.0,0.0,1.0,1.0,0.0
5.08,45,14950,86.0,68.0,68.0,170.0,1384.4000000000005,268189.5506172839,2.1184814351272423,0.6444444444444445,0.0
9.51,40,2720,68.0,68.0,68.0,68.0,68.0,0.0,1.0,1.0,0.0
0.77,91,38073,86.0,68.0,68.0,170.0,1516.0,570796.67624683,0.9715706074258195,0.6153846153846154,0.0
1.46,12,816,68.0,68.0,68.0,68.0,68.0,0.0,1.0,1.0,0.0
8.44,28,1904,68.0,68.0,68.0,68.0,68.0,0.0,1.0,1.0,0.0
8.01,40,2720,68.0,68.0,68.0,68.0,68.0,0.0,1.0,1.0,0.0
3.23,95,28011,86.0,68.0,68.0,222.0,516.0,349522.9256509695,0.24129220951874503,0.631578947368421,0.0
4.59,33,5792,68.0,68.0,68.0,86.0,486.0,44883.88613406795,0.23129251700680273,0.7878787878787878,0.0
6.05,32,2176,68.0,68.0,68.0,68.0,68.0,0.0,1.0,1.0,0.0
4.08,91,37388,86.0,68.0,68.0,170.0,1516.0,437597.52904238616,1.1099322799097064,0.6043956043956044,0.0
5.59,12,816,68.0,68.0,68.0,68.0,68.0,0.0,1.0,1.0,0.0
7.66,28,1904,68.0,68.0,68.0,68.0,68.0,0.0,1.0,1.0,0.0
9.15,40,2720,68.0,68.0,68.0,68.0,68.0,0.0,1.0,1.0,0.0
5.8,45,17432,86.0,68.0,68.0,170.0,1333.6000000000006,529037.6128395061,1.4034192747828484,0.6444444444444445,0.0
4.69,28,1904,68.0,68.0,68.0,68.0,68.0,0.0,1.0,1.0,0.0
5.5,12,816,68.0,68.0,68.0,68.0,68.0,0.0,1.0,1.0,0.0
0.94,94,37659,86.0,68.0,68.0,170.0,1444.9000000000008,595537.5954051607,0.8194511547009373,0.6382978723404256,0.0
3.51,83,19824,86.0,68.0,68.0,516.0,516.0,68094.46944404121,1.2324324324324325,0.6626506024096386,0.0
6.81,108,21880,86.0,68.0,68.0,226.5,486.0,63713.79698216733,1.6722032242305813,0.6759259259259259,0.0
3.92,24,1632,68.0,68.0,68.0,68.0,68.0,0.0,1.0,1.0,0.0
9.12,60,15518,68.0,68.0,68.0,170.0,1124.3000000000002,198910.29888888885,1.2402194312112025,0.7333333333333333,0.0
9.74,28,1904,68.0,68.0,68.0,68.0,68.0,0.0,1.0,1.0,0.0
7.24,115,37122,86.0,68.0,68.0,170.0,1387.0000000000005,410946.9947826087,0.9199379363847944,0.7130434782608696,0.0
8.87,40,2720,68.0,68.0,68.0,68.0,68.0,0.0,1.0,1.0,0.0
2.75,12,816,68.0,68.0,68.0,68.0,68.0,0.0,1.0,1.0,0.0
8.92,72,20271,68.0,68.0,68.0,107.0,1154.7,279236.08159722225,0.7324160328177078,0.75,0.0
2.62,10,1490,86.0,68.0,68.0,188.0,251.3999999999999,18349.8,0.15863141524105753,0.7,0.0
8.63,50,7684,77.0,68.0,68.0,222.0,486.0,21697.1776,0.6362862010221465,0.72,0.0
1.32,4,272,68.0,68.0,68.0,68.0,68.0,0.0,1.0,1.0,0.0
5.23,109,39409,86.0,68.0,68.0,170.0,1516.0,440462.2841511656,1.395829533710256,0.6605504587155964,0.0
2.74,4,272,68.0,68.0,68.0,68.0,68.0,0.0,1.0,1.0,0.0
7.14,36,2448,68.0,68.0,68.0,68.0,68.0,0.0,1.0,1.0,0.0
2.0,4,272,68.0,68.0,68.0,68.0,68.0,0.0,1.0,1.0,0.0
0.19,8,544,68.0,68.0,68.0,68.0,68.0,0.0,1.0,1.0,0.0
4.06,28,1904,68.0,68.0,68.0,68.0,68.0,0.0,1.0,1.0,0.0
0.41,32,13836,86.0,68.0,68.0,387.0,1516.0,409972.734375,0.9833715596330275,0.59375,0.0
7.18,47,9304,68.0,68.0,68.0,68.0,170.0,237803.7003168855,0.6331402492539934,0.8723404255319149,0.0
5.05,12,816,68.0,68.0,68.0,68.0,68.0,0.0,1.0,1.0,0.0
0.26,39,15551,86.0,68.0,68.0,170.0,1516.0,452375.0624589087,1.194609088343212,0.6153846153846154,0.0
8.48,55,24046,86.0,68.0,68.0,170.0,1516.0,675750.7054545454,0.7279390629491234,0.6545454545454545,0.0
7.66,37,3824,68.0,68.0,68.0,68.0,86.0,12943.363038714388,0.4332833583208396,0.918918918918919,0.0
0.57,12,816,68.0,68.0,68.0,68.0,68.0,0.0,1.0,1.0,0.0
6.87,28,1904,68.0,68.0,68.0,68.0,68.0,0.0,1.0,1.0,0.0
7.17,62,18494,86.0,68.0,68.0,159.0,1120.8,289750.8189386057,0.7463644948064212,0.6935483870967742,0.0
6.89,20,1360,68.0,68.0,68.0,68.0,68.0,0.0,1.0,1.0,0.0
7.02,102,31423,86.0,68.0,68.0,170.0,536.5000000000007,546370.1227412533,0.47859025032938074,0.7156862745098039,0.0
8.98,40,2720,68.0,68.0,68.0,68.0,68.0,0.0,1.0,1.0,0.0
6.8,36,2448,68.0,68.0,68.0,68.0,68.0,0.0,1.0,1.0,0.0
1.05,4,272,68.0,68.0,68.0,68.0,68.0,0.0,1.0,1.0,0.0
4.71,64,26701,86.0,68.0,68.0,486.0,1516.0,437008.4118652344,0.9801987540789083,0.625,0.0
5.37,20,1360,68.0,68.0,68.0,68.0,68.0,0.0,1.0,1.0,0.0
8.5,118,41785,86.0,68.0,68.0,170.0,1516.0,406217.4031169204,1.3595346998701225,0.6779661016949152,0.0
3.14,12,816,68.0,68.0,68.0,68.0,68.0,0.0,1.0,1.0,0.0
6.66,28,1904,68.0,68.0,68.0,68.0,68.0,0.0,1.0,1.0,0.0
7.14,40,2720,68.0,68.0,68.0,68.0,68.0,0.0,1.0,1.0,0.0
0.76,44,13983,86.0,68.0,68.0,170.0,1169.3000000000015,365323.11725206603,0.8430209568999605,0.6818181818181818,0.0
4.8,28,1904,68.0,68.0,68.0,68.0,68.0,0.0,1.0,1.0,0.0
1.5,12,816,68.0,68.0,68.0,68.0,68.0,0.0,1.0,1.0,0.0
8.15,90,36416,86.0,68.0,68.0,170.0,1516.0,508614.3239506173,0.9586919104991394,0.6111111111111112,0.0
3.03,12,816,68.0,68.0,68.0,68.0,68.0,0.0,1.0,1.0,0.0
9.03,32,2176,68.0,68.0,68.0,68.0,68.0,0.0,1.0,1.0,0.0
2.84,8,544,68.0,68.0,68.0,68.0,68.0,0.0,1.0,1.0,0.0
1.01,28,1904,68.0,68.0,68.0,68.0,68.0,0.0,1.0,1.0,0.0
2.89,47,20903,86.0,68.0,68.0,170.0,1516.0,639812.5731100047,0.726094137076796,0.6382978723404256,0.0
1.95,28,1904,68.0,68.0,68.0,68.0,68.0,0.0,1.0,1.0,0.0
3.81,12,816,68.0,68.0,68.0,68.0,68.0,0.0,1.0,1.0,0.0
2.01,97,39854,86.0,68.0,68.0,170.0,1516.0,474896.42533744295,1.0379423194927389,0.6185567010309279,0.0
0.75,12,816,68.0,68.0,68.0,68.0,68.0,0.0,1.0,1.0,0.0
3.04,28,1904,68.0,68.0,68.0,68.0,68.0,0.0,1.0,1.0,0.0
4.77,12,816,68.0,68.0,68.0,68.0,68.0,0.0,1.0,1.0,0.0
8.66,43,7680,68.0,68.0,68.0,68.0,170.0,116568.7041644132,2.534284399447768,0.8604651162790697,0.0
5.55,30,11525,86.0,68.0,68.0,170.0,1516.0,536388.6055555557,0.7456831263253559,0.6666666666666666,0.0
7.35,28,1904,68.0,68.0,68.0,68.0,68.0,0.0,1.0,1.0,0.0
9.74,102,34794,86.0,68.0,68.0,170.0,1297.9000000000015,447084.5940023069,0.9867526979957746,0.6764705882352942,0.0
4.62,12,816,68.0,68.0,68.0,68.0,68.0,0.0,1.0,1.0,0.0
4.5,28,1904,68.0,68.0,68.0,68.0,68.0,0.0,1.0,1.0,0.0
2.56,12,816,68.0,68.0,68.0,68.0,68.0,0.0,1.0,1.0,0.0
5.79,28,1904,68.0,68.0,68.0,68.0,68.0,0.0,1.0,1.0,0.0
7.88,77,23086,68.0,68.0,68.0,86.0,1493.8000000000002,305875.629279811,1.3090618123624724,0.7532467532467533,0.0
6.18,19,2796,68.0,68.0,68.0,86.0,170.0,76591.71191135734,3.210843373493976,0.8421052631578947,0.0
8.04,85,34444,86.0,68.0,68.0,170.0,1516.0,549130.5735640137,1.0117983762630687,0.6352941176470588,0.0
8.32,40,2720,68.0,68.0,68.0,68.0,68.0,0.0,1.0,1.0,0.0
2.58,12,816,68.0,68.0,68.0,68.0,68.0,0.0,1.0,1.0,0.0
9.08,75,18595,68.0,68.0,68.0,86.0,520.4000000000035,269795.68888888875,0.9249482401656315,0.7866666666666666,0.0
0.89,28,1904,68.0,68.0,68.0,68.0,68.0,0.0,1.0,1.0,0.0
2.56,12,816,68.0,68.0,68.0,68.0,68.0,0.0,1.0,1.0,0.0
8.11,93,42005,86.0,68.0,68.0,170.0,1516.0,725260.7168458782,0.6697141948563025,0.6344086021505376,0.0
4.0,12,816,68.0,68.0,68.0,68.0,68.0,0.0,1.0,1.0,0.0
8.31,28,1904,68.0,68.0,68.0,68.0,68.0,0.0,1.0,1.0,0.0
3.85,12,816,68.0,68.0,68.0,68.0,68.0,0.0,1.0,1.0,0.0
7.55,28,1904,68.0,68.0,68.0,68.0,68.0,0.0,1.0,1.0,0.0
6.31,45,15787,86.0,68.0,68.0,170.0,1128.4000000000015,487474.94617283955,0.5780687724910036,0.6888888888888889,0.0
5.08,28,1904,68.0,68.0,68.0,68.0,68.0,0.0,1.0,1.0,0.0
5.23,12,816,68.0,68.0,68.0,68.0,68.0,0.0,1.0,1.0,0.0
9.84,104,38151,86.0,68.0,68.0,170.0,1516.0,475051.98289571,0.9105112925033803,0.6634615384615384,0.0
4.87,28,1904,68.0,68.0,68.0,68.0,68.0,0.0,1.0,1.0,0.0
5.67,12,816,68.0,68.0,68.0,68.0,68.0,0.0,1.0,1.0,0.0
0.38,16,1088,68.0,68.0,68.0,68.0,68.0,0.0,1.0,1.0,0.0
3.74,12,816,68.0,68.0,68.0,68.0,68.0,0.0,1.0,1.0,0.0
0.94,48,18643,86.0,68.0,68.0,170.0,1516.0,379540.5308159722,1.081621259490844,0.6458333333333334,0.0
8.47,32,2176,68.0,68.0,68.0,68.0,68.0,0.0,1.0,1.0,0.0
9.93,97,34888,86.0,68.0,68.0,170.0,1516.0,425928.5921989585,1.0615730071500324,0.6391752577319587,0.0
6.27,16,1088,68.0,68.0,68.0,68.0,68.0,0.0,1.0,1.0,0.0
7.71,24,1632,68.0,68.0,68.0,68.0,68.0,0.0,1.0,1.0,0.0
9.07,40,2720,68.0,68.0,68.0,68.0,68.0,0.0,1.0,1.0,0.0
5.69,45,17622,86.0,68.0,68.0,170.0,1162.0000000000002,554329.0844444446,0.4713200300576104,0.6666666666666666,0.0
6.37,28,1904,68.0,68.0,68.0,68.0,68.0,0.0,1.0,1.0,0.0
6.79,80,27342,86.0,68.0,68.0,170.0,1516.0,371270.0243749999,0.8270631473438022,0.6875,0.0
0.26,26,11283,86.0,68.0,68.0,170.0,1407.0,484268.0369822485,0.8814407203601801,0.6153846153846154,0.0
0.76,12,816,68.0,68.0,68.0,68.0,68.0,0.0,1.0,1.0,0.0
4.19,28,1904,68.0,68.0,68.0,68.0,68.0,0.0,1.0,1.0,0.0
0.97,12,816,68.0,68.0,68.0,68.0,68.0,0.0,1.0,1.0,0.0
6.3,28,1904,68.0,68.0,68.0,68.0,68.0,0.0,1.0,1.0,0.0
1.55,51,20577,86.0,68.0,68.0,170.0,1516.0,399708.71972318337,1.5359871826472764,0.6274509803921569,0.0
3.29,28,1904,68.0,68.0,68.0,68.0,68.0,0.0,1.0,1.0,0.0
5.54,12,816,68.0,68.0,68.0,68.0,68.0,0.0,1.0,1.0,0.0
8.04,99,37889,86.0,68.0,68.0,170.0,1516.0,460776.2634425058,0.9661148876550257,0.6262626262626263,0.0
6.88,36,2448,68.0,68.0,68.0,68.0,68.0,0.0,1.0,1.0,0.0
9.69,16,1088,68.0,68.0,68.0,68.0,68.0,0.0,1.0,1.0,0.0
2.11,28,1904,68.0,68.0,68.0,68.0,68.0,0.0,1.0,1.0,0.0
8.8,75,19813,68.0,68.0,68.0,86.0,955.800000000005,263173.9299555555,0.8135469107551487,0.7733333333333333,0.0
7.78,97,30675,86.0,68.0,68.0,170.0,997.6000000000005,295038.1396535233,1.352377300613497,0.6597938144329897,0.0
5.6,12,816,68.0,68.0,68.0,68.0,68.0,0.0,1.0,1.0,0.0
8.23,28,1904,68.0,68.0,68.0,68.0,68.0,0.0,1.0,1.0,0.0
3.98,12,816,68.0,68.0,68.0,68.0,68.0,0.0,1.0,1.0,0.0
7.37,28,1904,68.0,68.0,68.0,68.0,68.0,0.0,1.0,1.0,0.0
3.88,40,12592,86.0,68.0,68.0,170.0,1073.4,323339.30999999994,0.6574963801500592,0.625,0.0
5.04,28,1904,68.0,68.0,68.0,68.0,68.0,0.0,1.0,1.0,0.0
0.2,4,272,68.0,68.0,68.0,68.0,68.0,0.0,1.0,1.0,0.0
7.44,95,29534,86.0,68.0,68.0,170.0,1281.0000000000011,266379.4708033242,1.3568749501236932,0.6421052631578947,0.0
3.9,12,816,68.0,68.0,68.0,68.0,68.0,0.0,1.0,1.0,0.0
3.11,28,1904,68.0,68.0,68.0,68.0,68.0,0.0,1.0,1.0,0.0
1.28,12,816,68.0,68.0,68.0,68.0,68.0,0.0,1.0,1.0,0.0
1.83,28,1904,68.0,68.0,68.0,68.0,68.0,0.0,1.0,1.0,0.0
1.48,50,19405,86.0,68.0,68.0,170.0,1176.7000000000005,539290.0500000002,0.5721461557157903,0.66,0.0
0.5,20,1360,68.0,68.0,68.0,68.0,68.0,0.0,1.0,1.0,0.0
6.46,8,544,68.0,68.0,68.0,68.0,68.0,0.0,1.0,1.0,0.0
7.28,98,31553,86.0,68.0,68.0,170.0,1259.0999999999997,324096.8868179925,1.0392296257997802,0.673469387755102,0.0
6.33,16,1088,68.0,68.0,68.0,68.0,68.0,0.0,1.0,1.0,0.0
4.93,24,1632,68.0,68.0,68.0,68.0,68.0,0.0,1.0,1.0,0.0
2.52,12,816,68.0,68.0,68.0,68.0,68.0,0.0,1.0,1.0,0.0
0.35,12,816,68.0,68.0,68.0,68.0,68.0,0.0,1.0,1.0,0.0
9.23,60,16339,68.0,68.0,68.0,101.5,673.1000000000008,301256.84972222225,0.7268019446205876,0.75,0.0
6.31,28,1904,68.0,68.0,68.0,68.0,68.0,0.0,1.0,1.0,0.0
2.29,12,816,68.0,68.0,68.0,68.0,68.0,0.0,1.0,1.0,0.0
2.46,92,33647,86.0,68.0,68.0,170.0,1207.900000000002,511620.91528827994,0.760332740399707,0.6413043478260869,0.0
3.82,15,1224,68.0,68.0,68.0,68.0,78.8,2143.0399999999995,1.5714285714285714,0.9333333333333333,0.0
2.73,27,2040,68.0,68.0,68.0,68.0,68.0,1236.2469135802476,0.7647058823529411,0.9629629629629629,0.0
2.77,12,816,68.0,68.0,68.0,68.0,68.0,0.0,1.0,1.0,0.0
2.29,28,1904,68.0,68.0,68.0,68.0,68.0,0.0,1.0,1.0,0.0
3.31,45,17658,86.0,68.0,68.0,170.0,1516.0,447960.50666666654,1.3616423699344657,0.6222222222222222,0.0
2.49,28,1904,68.0,68.0,68.0,68.0,68.0,0.0,1.0,1.0,0.0
3.98,12,816,68.0,68.0,68.0,68.0,68.0,0.0,1.0,1.0,0.0
5.87,98,38570,86.0,68.0,68.0,170.0,1516.0,436978.2448979592,1.0260545253979094,0.6428571428571429,0.0
0.22,4,272,68.0,68.0,68.0,68.0,68.0,0.0,1.0,1.0,0.0
7.92,36,2448,68.0,68.0,68.0,68.0,68.0,0.0,1.0,1.0,0.0
1.61,12,816,68.0,68.0,68.0,68.0,68.0,0.0,1.0,1.0,0.0
5.88,28,1904,68.0,68.0,68.0,68.0,68.0,0.0,1.0,1.0,0.0
0.53,162,39916,86.0,68.0,68.0,486.0,516.0,63323.251333638174,1.2195284697508897,0.5555555555555556,0.0
9.02,75,17990,86.0,68.0,68.0,196.0,516.0,168214.88888888888,0.395655546935609,0.6666666666666666,0.0
1.72,20,1360,68.0,68.0,68.0,68.0,68.0,0.0,1.0,1.0,0.0
5.59,20,1360,68.0,68.0,68.0,68.0,68.0,0.0,1.0,1.0,0.0
5.06,102,44162,86.0,68.0,68.0,185.5,1516.0,495234.9788542868,1.4406985741129656,0.6078431372549019,0.0
7.84,40,2720,68.0,68.0,68.0,68.0,68.0,0.0,1.0,1.0,0.0
0.31,8,544,68.0,68.0,68.0,68.0,68.0,0.0,1.0,1.0,0.0
8.62,32,2176,68.0,68.0,68.0,68.0,68.0,0.0,1.0,1.0,0.0
9.51,73,20859,68.0,68.0,68.0,86.0,769.999999999999,388813.78157252766,0.974536160545248,0.7808219178082192,0.0
1.3,12,816,68.0,68.0,68.0,68.0,68.0,0.0,1.0,1.0,0.0
3.02,97,40066,86.0,68.0,68.0,170.0,1516.0,487515.49218833033,1.284655300222387,0.6185567010309279,0.0
1.06,12,816,68.0,68.0,68.0,68.0,68.0,0.0,1.0,1.0,0.0
3.76,119,34212,86.0,68.0,80.0,516.0,516.0,127168.35082268201,0.9872211895910781,0.5966386554621849,0.0
5.1,52,10416,86.0,68.0,68.0,222.0,258.0,56127.90532544379,2.171741778319123,0.5576923076923077,0.0
7.68,106,24796,86.0,68.0,68.0,486.0,504.0,83811.99430402281,1.5861493533583646,0.6226415094339622,0.0
1.18,8,544,68.0,68.0,68.0,68.0,68.0,0.0,1.0,1.0,0.0
7.95,74,16177,68.0,68.0,68.0,86.0,195.2000000000001,215929.8869612856,0.7488648648648648,0.8108108108108109,0.0
5.62,8,544,68.0,68.0,68.0,68.0,68.0,0.0,1.0,1.0,0.0
6.08,32,2176,68.0,68.0,68.0,68.0,68.0,0.0,1.0,1.0,0.0
9.55,107,37391,86.0,68.0,68.0,170.0,1391.800000000001,395166.88287186646,1.016339516824849,0.6728971962616822,0.0
5.74,28,1904,68.0,68.0,68.0,68.0,68.0,0.0,1.0,1.0,0.0
0.76,10,680,68.0,68.0,68.0,68.0,68.0,0.0,1.0,1.0,0.0
7.66,30,2040,68.0,68.0,68.0,68.0,68.0,0.0,1.0,1.0,0.0
7.81,177,55279,86.0,68.0,68.0,486.0,713.2,202357.7283028504,1.040116622379687,0.6271186440677966,0.0
4.22,38,7976,86.0,68.0,68.0,235.5,491.4000000000001,42270.93628808863,2.0724191063174113,0.6052631578947368,0.0
8.7,142,42641,86.0,68.0,68.0,170.0,1097.4000000000005,256776.51522515374,1.1091655537419003,0.6830985915492958,0.0
6.52,12,816,68.0,68.0,68.0,68.0,68.0,0.0,1.0,1.0,0.0
5.17,40,2720,68.0,68.0,68.0,68.0,68.0,0.0,1.0,1.0,0.0
8.35,49,3560,68.0,68.0,68.0,68.0,86.0,204.1449396084965,1.0843091334894615,0.9387755102040817,0.0
1.98,43,12181,86.0,68.0,68.0,170.0,801.2,201789.31746890213,1.8688177107866226,0.6511627906976745,0.0
3.94,20,1360,68.0,68.0,68.0,68.0,68.0,0.0,1.0,1.0,0.0
5.44,20,1360,68.0,68.0,68.0,68.0,68.0,0.0,1.0,1.0,0.0
9.08,91,41312,86.0,68.0,68.0,170.0,1516.0,641954.0434730106,0.9799664509944884,0.6153846153846154,0.0
0.67,8,544,68.0,68.0,68.0,68.0,68.0,0.0,1.0,1.0,0.0
5.22,46,8612,68.0,68.0,68.0,188.0,486.0,56494.86578449904,1.641717791411043,0.7391304347826086,0.0
7.15,40,2720,68.0,68.0,68.0,68.0,68.0,0.0,1.0,1.0,0.0
8.66,77,22629,68.0,68.0,68.0,86.0,1516.0,255429.86945522024,0.9598995323055604,0.7532467532467533,0.0
8.31,104,33928,86.0,68.0,68.0,170.0,886.4000000000004,527676.9275147929,0.7256497634911754,0.6923076923076923,0.0
7.45,40,2720,68.0,68.0,68.0,68.0,68.0,0.0,1.0,1.0,0.0
9.21,40,2720,68.0,68.0,68.0,68.0,68.0,0.0,1.0,1.0,0.0
6.13,53,10953,86.0,68.0,68.0,170.0,457.2000000000001,83221.43182627267,1.5081291504465308,0.6415094339622641,0.0
1.07,24,1632,68.0,68.0,68.0,68.0,68.0,0.0,1.0,1.0,0.0
4.9,16,1088,68.0,68.0,68.0,68.0,68.0,0.0,1.0,1.0,0.0
7.8,91,43607,86.0,68.0,68.0,170.0,1516.0,695887.1257094555,0.960393814062219,0.5934065934065934,0.0
7.78,40,2720,68.0,68.0,68.0,68.0,68.0,0.0,1.0,1.0,0.0
7.54,40,2720,68.0,68.0,68.0,68.0,68.0,0.0,1.0,1.0,0.0
0.63,44,18977,86.0,68.0,68.0,170.0,1316.5000000000018,879011.2536157023,0.49448732083792724,0.6590909090909091,0.0
6.13,28,1904,68.0,68.0,68.0,68.0,68.0,0.0,1.0,1.0,0.0
7.72,101,32246,86.0,68.0,68.0,170.0,974.0,395174.59190275485,0.7407687324551933,0.693069306930693,0.0
4.79,15,1456,68.0,68.0,68.0,68.0,78.8,10824.995555555555,0.4857142857142857,0.9333333333333333,0.0
8.65,24,1632,68.0,68.0,68.0,68.0,68.0,0.0,1.0,1.0,0.0
4.1,16,1088,68.0,68.0,68.0,68.0,68.0,0.0,1.0,1.0,0.0
3.35,24,1632,68.0,68.0,68.0,68.0,68.0,0.0,1.0,1.0,0.0
3.17,44,16148,86.0,68.0,68.0,170.0,1324.2000000000003,358554.4090909091,1.389817966553204,0.6590909090909091,0.0
4.7,24,1632,68.0,68.0,68.0,68.0,68.0,0.0,1.0,1.0,0.0
2.07,12,816,68.0,68.0,68.0,68.0,68.0,0.0,1.0,1.0,0.0
2.21,4,272,68.0,68.0,68.0,68.0,68.0,0.0,1.0,1.0,0.0
9.82,100,33916,86.0,68.0,68.0,170.0,1233.4000000000026,450020.71440000006,0.9591035120147874,0.65,0.0
8.22,28,1904,68.0,68.0,68.0,68.0,68.0,0.0,1.0,1.0,0.0
0.3,8,544,68.0,68.0,68.0,68.0,68.0,0.0,1.0,1.0,0.0
2.27,4,272,68.0,68.0,68.0,68.0,68.0,0.0,1.0,1.0,0.0
4.36,28,1904,68.0,68.0,68.0,68.0,68.0,0.0,1.0,1.0,0.0
5.95,44,17930,86.0,68.0,68.0,170.0,1516.0,451449.25,1.2013505217925107,0.6363636363636364,0.0
8.02,28,1904,68.0,68.0,68.0,68.0,68.0,0.0,1.0,1.0,0.0
5.3,12,816,68.0,68.0,68.0,68.0,68.0,0.0,1.0,1.0,0.0
9.3,99,35210,86.0,68.0,68.0,170.0,1516.0,317094.91235588206,1.7869241728668672,0.6262626262626263,0.0
3.65,8,544,68.0,68.0,68.0,68.0,68.0,0.0,1.0,1.0,0.0
6.38,28,1904,68.0,68.0,68.0,68.0,68.0,0.0,1.0,1.0,0.0
9.28,40,2720,68.0,68.0,68.0,68.0,68.0,0.0,1.0,1.0,0.0
6.48,42,14527,86.0,68.0,68.0,170.0,1455.7999999999993,368601.81916099775,0.8853990914990266,0.6666666666666666,0.0
6.88,28,1904,68.0,68.0,68.0,68.0,68.0,0.0,1.0,1.0,0.0
9.42,104,44231,86.0,68.0,68.0,170.0,1516.0,679130.2669193788,0.8057154521330884,0.6634615384615384,0.0
6.82,36,2448,68.0,68.0,68.0,68.0,68.0,0.0,1.0,1.0,0.0
6.25,4,272,68.0,68.0,68.0,68.0,68.0,0.0,1.0,1.0,0.0
9.49,40,2720,68.0,68.0,68.0,68.0,68.0,0.0,1.0,1.0,0.0
9.35,75,20905,68.0,68.0,68.0,86.0,776.6000000000016,324434.6488888888,1.110550227158001,0.76,0.0
7.09,100,38910,86.0,68.0,68.0,170.0,1356.3000000000009,683278.25,0.728795485848847,0.69,0.0
8.24,40,2720,68.0,68.0,68.0,68.0,68.0,0.0,1.0,1.0,0.0
8.3,40,2720,68.0,68.0,68.0,68.0,68.0,0.0,1.0,1.0,0.0
3.23,39,11835,86.0,68.0,68.0,170.0,963.0000000000013,321062.0433925049,0.8190900707039656,0.6410256410256411,0.0
7.19,28,1904,68.0,68.0,68.0,68.0,68.0,0.0,1.0,1.0,0.0
0.03,4,272,68.0,68.0,68.0,68.0,68.0,0.0,1.0,1.0,0.0
1.27,8,544,68.0,68.0,68.0,68.0,68.0,0.0,1.0,1.0,0.0
5.57,93,39453,86.0,68.0,68.0,170.0,1516.0,604471.228581339,1.070045647725484,0.6129032258064516,0.0
0.43,4,272,68.0,68.0,68.0,68.0,68.0,0.0,1.0,1.0,0.0
2.25,8,544,68.0,68.0,68.0,68.0,68.0,0.0,1.0,1.0,0.0
3.59,28,1904,68.0,68.0,68.0,68.0,68.0,0.0,1.0,1.0,0.0
7.41,40,2720,68.0,68.0,68.0,68.0,68.0,0.0,1.0,1.0,0.0
7.58,69,15020,68.0,68.0,68.0,86.0,655.8000000000005,164960.4200798152,1.1943024105186268,0.7971014492753623,0.0
3.49,12,816,68.0,68.0,68.0,68.0,68.0,0.0,1.0,1.0,0.0
4.92,94,46151,86.0,68.0,68.0,315.5,1516.0,643851.7968537799,1.1755998680054685,0.5957446808510638,0.0
6.97,40,2720,68.0,68.0,68.0,68.0,68.0,0.0,1.0,1.0,0.0
1.48,12,816,68.0,68.0,68.0,68.0,68.0,0.0,1.0,1.0,0.0
5.39,28,1904,68.0,68.0,68.0,68.0,68.0,0.0,1.0,1.0,0.0
5.14,47,15648,86.0,68.0,68.0,170.0,1115.8,377201.5065640561,0.5398543593780751,0.6808510638297872,0.0
7.71,28,1904,68.0,68.0,68.0,68.0,68.0,0.0,1.0,1.0,0.0
2.27,12,816,68.0,68.0,68.0,68.0,68.0,0.0,1.0,1.0,0.0
7.02,91,28866,86.0,68.0,68.0,170.0,1152.0,353449.9014611762,0.8571704304188381,0.6703296703296703,0.0
0.89,12,816,68.0,68.0,68.0,68.0,68.0,0.0,1.0,1.0,0.0
5.8,28,1904,68.0,68.0,68.0,68.0,68.0,0.0,1.0,1.0,0.0
2.03,12,816,68.0,68.0,68.0,68.0,68.0,0.0,1.0,1.0,0.0
3.73,28,1904,68.0,68.0,68.0,68.0,68.0,0.0,1.0,1.0,0.0
0.76,48,20123,86.0,68.0,68.0,170.0,1516.0,497264.384982639,1.058829547779824,0.625,0.0
1.32,28,1904,68.0,68.0,68.0,68.0,68.0,0.0,1.0,1.0,0.0
4.2,12,816,68.0,68.0,68.0,68.0,68.0,0.0,1.0,1.0,0.0
0.69,88,30690,86.0,68.0,68.0,170.0,1461.8,388358.05113636365,1.111890999174236,0.625,0.0
9.5,40,2720,68.0,68.0,68.0,68.0,68.0,0.0,1.0,1.0,0.0
1.96,12,816,68.0,68.0,68.0,68.0,68.0,0.0,1.0,1.0,0.0
7.61,28,1904,68.0,68.0,68.0,68.0,68.0,0.0,1.0,1.0,0.0
3.96,50,18151,86.0,68.0,68.0,170.0,1513.3,364790.33960000006,1.3911210644183902,0.66,0.0
3.21,28,1904,68.0,68.0,68.0,68.0,68.0,0.0,1.0,1.0,0.0
0.55,12,816,68.0,68.0,68.0,68.0,68.0,0.0,1.0,1.0,0.0
6.85,97,38911,86.0,68.0,68.0,170.0,1516.0,472778.0822616643,0.9834335814048323,0.6288659793814433,0.0
8.04,40,2720,68.0,68.0,68.0,68.0,68.0,0.0,1.0,1.0,0.0
3.98,12,816,68.0,68.0,68.0,68.0,68.0,0.0,1.0,1.0,0.0
4.55,28,1904,68.0,68.0,68.0,68.0,68.0,0.0,1.0,1.0,0.0
2.66,45,16756,86.0,68.0,68.0,170.0,1186.4000000000012,509511.7402469137,0.5291111516700128,0.6666666666666666,0.0
6.27,28,1904,68.0,68.0,68.0,68.0,68.0,0.0,1.0,1.0,0.0
7.84,107,32479,86.0,68.0,68.0,170.0,1258.0000000000007,253162.04262380995,1.5261725130279225,0.6635514018691588,0.0
7.94,40,2720,68.0,68.0,68.0,68.0,68.0,0.0,1.0,1.0,0.0
4.64,12,816,68.0,68.0,68.0,68.0,68.0,0.0,1.0,1.0,0.0
9.7,79,25173,68.0,68.0,68.0,128.0,1516.0,290578.3553917642,1.4660070532915361,0.7468354430379747,0.0
7.25,28,1904,68.0,68.0,68.0,68.0,68.0,0.0,1.0,1.0,0.0
4.99,12,816,68.0,68.0,68.0,68.0,68.0,0.0,1.0,1.0,0.0
9.31,105,32136,86.0,68.0,68.0,170.0,1422.400000000002,300114.56816326524,1.0556515064287084,0.6761904761904762,0.0
4.36,2,136,68.0,68.0,68.0,68.0,68.0,0.0,1.0,1.0,0.0
8.25,28,1904,68.0,68.0,68.0,68.0,68.0,0.0,1.0,1.0,0.0
5.37,12,816,68.0,68.0,68.0,68.0,68.0,0.0,1.0,1.0,0.0
8.55,43,7951,68.0,68.0,68.0,68.0,170.0,139044.13088155762,1.6618680950786742,0.8604651162790697,0.0
3.24,31,12591,86.0,68.0,68.0,170.0,1516.0,521814.1352757545,1.1844205412907702,0.6451612903225806,0.0
4.15,28,1904,68.0,68.0,68.0,68.0,68.0,0.0,1.0,1.0,0.0
9.77,96,29869,86.0,68.0,68.0,170.0,1093.5,304014.4087456597,1.149467472654001,0.6666666666666666,0.0
6.13,12,816,68.0,68.0,68.0,68.0,68.0,0.0,1.0,1.0,0.0
4.41,28,1904,68.0,68.0,68.0,68.0,68.0,0.0,1.0,1.0,0.0
6.1,12,816,68.0,68.0,68.0,68.0,68.0,0.0,1.0,1.0,0.0
7.6,28,1904,68.0,68.0,68.0,68.0,68.0,0.0,1.0,1.0,0.0
7.89,77,23627,68.0,68.0,68.0,170.0,1316.2000000000019,239496.49519311855,1.0084155049302959,0.7402597402597403,0.0
5.45,12,816,68.0,68.0,68.0,68.0,68.0,0.0,1.0,1.0,0.0
6.53,97,38233,86.0,68.0,68.0,170.0,1516.0,439299.92454033374,1.5531218697829716,0.6082474226804123,0.0
5.56,12,816,68.0,68.0,68.0,68.0,68.0,0.0,1.0,1.0,0.0
6.98,28,1904,68.0,68.0,68.0,68.0,68.0,0.0,1.0,1.0,0.0
0.88,12,816,68.0,68.0,68.0,68.0,68.0,0.0,1.0,1.0,0.0
6.11,28,1904,68.0,68.0,68.0,68.0,68.0,0.0,1.0,1.0,0.0
8.48,70,16372,68.0,68.0,68.0,86.0,442.2000000000002,349379.84408163273,0.5377101530947684,0.8,0.0
4.75,12,816,68.0,68.0,68.0,68.0,68.0,0.0,1.0,1.0,0.0
9.64,102,38884,86.0,68.0,68.0,170.0,1470.6000000000026,592691.5613225681,0.6751680165431674,0.6666666666666666,0.0
6.49,28,1904,68.0,68.0,68.0,68.0,68.0,0.0,1.0,1.0,0.0
0.65,12,816,68.0,68.0,68.0,68.0,68.0,0.0,1.0,1.0,0.0
0.53,24,1632,68.0,68.0,68.0,68.0,68.0,0.0,1.0,1.0,0.0
2.17,4,272,68.0,68.0,68.0,68.0,68.0,0.0,1.0,1.0,0.0
2.92,41,14003,86.0,68.0,68.0,170.0,1027.0,335954.73646638903,1.1602900339401419,0.6585365853658537,0.0
2.73,28,1904,68.0,68.0,68.0,68.0,68.0,0.0,1.0,1.0,0.0
5.12,12,816,68.0,68.0,68.0,68.0,68.0,0.0,1.0,1.0,0.0
3.46,94,34090,86.0,68.0,68.0,170.0,1516.0,370833.245812585,1.2980989618444114,0.6276595744680851,0.0
3.65,12,816,68.0,68.0,68.0,68.0,68.0,0.0,1.0,1.0,0.0
0.2,12,816,68.0,68.0,68.0,68.0,68.0,0.0,1.0,1.0,0.0
5.84,16,1088,68.0,68.0,68.0,68.0,68.0,0.0,1.0,1.0,0.0
5.73,12,816,68.0,68.0,68.0,68.0,68.0,0.0,1.0,1.0,0.0
6.44,28,1904,68.0,68.0,68.0,68.0,68.0,0.0,1.0,1.0,0.0
1.24,43,19598,86.0,68.0,68.0,536.0,1516.0,432331.71335857233,0.9149892515145593,0.5813953488372093,0.0
3.48,28,1904,68.0,68.0,68.0,68.0,68.0,0.0,1.0,1.0,0.0
3.3,12,816,68.0,68.0,68.0,68.0,68.0,0.0,1.0,1.0,0.0
8.31,92,36249,86.0,68.0,68.0,170.0,1516.0,428834.46727315674,1.1295382446246034,0.6086956521739131,0.0
4.57,12,816,68.0,68.0,68.0,68.0,68.0,0.0,1.0,1.0,0.0
7.82,28,1904,68.0,68.0,68.0,68.0,68.0,0.0,1.0,1.0,0.0
7.77,40,2720,68.0,68.0,68.0,68.0,68.0,0.0,1.0,1.0,0.0
5.39,54,17068,86.0,68.0,68.0,170.0,1159.7000000000003,306067.99451303156,0.9484018264840183,0.6111111111111112,0.0
8.77,40,2720,68.0,68.0,68.0,68.0,68.0,0.0,1.0,1.0,0.0
6.23,91,38221,86.0,68.0,68.0,170.0,1516.0,543793.9009781429,1.08084712543554,0.6153846153846154,0.0
9.4,40,2720,68.0,68.0,68.0,68.0,68.0,0.0,1.0,1.0,0.0
8.45,40,2720,68.0,68.0,68.0,68.0,68.0,0.0,1.0,1.0,0.0
8.17,68,15226,68.0,68.0,68.0,86.0,218.3000000000007,269448.75692041527,0.7630847614636406,0.7941176470588235,0.0
4.81,12,816,68.0,68.0,68.0,68.0,68.0,0.0,1.0,1.0,0.0
1.5,84,44428,86.0,68.0,68.0,287.0,1516.0,848146.9195011338,0.8708889543942393,0.5714285714285714,0.0
6.68,32,2176,68.0,68.0,68.0,68.0,68.0,0.0,1.0,1.0,0.0
0.14,8,544,68.0,68.0,68.0,68.0,68.0,0.0,1.0,1.0,0.0
5.35,12,816,68.0,68.0,68.0,68.0,68.0,0.0,1.0,1.0,0.0
6.66,28,1904,68.0,68.0,68.0,68.0,68.0,0.0,1.0,1.0,0.0
8.18,73,21086,68.0,68.0,68.0,86.0,1470.3999999999999,285215.49784199666,1.5834354324920363,0.7671232876712328,0.0
9.77,104,37381,86.0,68.0,68.0,170.0,1516.0,342828.4954696745,1.7786367353006765,0.6346153846153846,0.0
5.62,12,816,68.0,68.0,68.0,68.0,68.0,0.0,1.0,1.0,0.0
5.58,28,1904,68.0,68.0,68.0,68.0,68.0,0.0,1.0,1.0,0.0
2.14,12,816,68.0,68.0,68.0,68.0,68.0,0.0,1.0,1.0,0.0
7.89,28,1904,68.0,68.0,68.0,68.0,68.0,0.0,1.0,1.0,0.0
6.39,48,15609,86.0,68.0,68.0,170.0,1291.600000000001,232861.90234375,1.4760469543147208,0.6666666666666666,0.0
6.13,28,1904,68.0,68.0,68.0,68.0,68.0,0.0,1.0,1.0,0.0
6.42,37,14858,68.0,68.0,68.0,170.0,1486.0,675633.1102994888,0.9271076523994812,0.7297297297297297,0.0
5.71,63,28044,86.0,68.0,68.0,170.0,1516.0,676822.3446712018,0.8153806317969964,0.6190476190476191,0.0
6.15,14,952,68.0,68.0,68.0,68.0,68.0,0.0,1.0,1.0,0.0
4.21,26,1768,68.0,68.0,68.0,68.0,68.0,0.0,1.0,1.0,0.0
0.37,8,544,68.0,68.0,68.0,68.0,68.0,0.0,1.0,1.0,0.0
3.34,4,272,68.0,68.0,68.0,68.0,68.0,0.0,1.0,1.0,0.0
8.2,28,1904,68.0,68.0,68.0,68.0,68.0,0.0,1.0,1.0,0.0
6.36,40,15996,86.0,68.0,68.0,170.0,1241.5000000000005,517304.33999999985,1.524222818368313,0.625,0.0
3.21,28,1904,68.0,68.0,68.0,68.0,68.0,0.0,1.0,1.0,0.0
7.6,98,28707,86.0,68.0,68.0,170.0,805.9999999999997,320692.8010204081,0.8848982271831911,0.6836734693877551,0.0
0.92,12,816,68.0,68.0,68.0,68.0,68.0,0.0,1.0,1.0,0.0
6.61,28,1904,68.0,68.0,68.0,68.0,68.0,0.0,1.0,1.0,0.0
4.31,12,816,68.0,68.0,68.0,68.0,68.0,0.0,1.0,1.0,0.0
9.07,68,17303,68.0,68.0,68.0,86.0,385.00000000000074,295674.21864186856,0.7623752291709106,0.7794117647058824,0.0
2.19,28,1904,68.0,68.0,68.0,68.0,68.0,0.0,1.0,1.0,0.0
7.82,103,39182,86.0,68.0,68.0,170.0,1516.0,425914.20265812037,1.1983953318745442,0.6504854368932039,0.0
5.6,12,816,68.0,68.0,68.0,68.0,68.0,0.0,1.0,1.0,0.0
9.58,40,2720,68.0,68.0,68.0,68.0,68.0,0.0,1.0,1.0,0.0
8.71,41,7362,68.0,68.0,68.0,68.0,170.0,138291.22189173114,1.5109140518417463,0.8780487804878049,0.0
8.15,56,9178,68.0,68.0,68.0,86.0,177.0,102742.59566326531,1.5831691528285956,0.8214285714285714,0.0
4.23,12,816,68.0,68.0,68.0,68.0,68.0,0.0,1.0,1.0,0.0
9.94,103,43022,86.0,68.0,68.0,170.0,1516.0,581001.9811480816,0.8718238774799861,0.6504854368932039,0.0
3.04,28,1904,68.0,68.0,68.0,68.0,68.0,0.0,1.0,1.0,0.0
2.73,12,816,68.0,68.0,68.0,68.0,68.0,0.0,1.0,1.0,0.0
3.86,28,1904,68.0,68.0,68.0,68.0,68.0,0.0,1.0,1.0,0.0
3.81,42,15195,86.0,68.0,68.0,170.0,1282.1,317569.7397959184,1.4134371029224904,0.6428571428571429,0.0
2.71,28,1904,68.0,68.0,68.0,68.0,68.0,0.0,1.0,1.0,0.0
5.07,12,816,68.0,68.0,68.0,68.0,68.0,0.0,1.0,1.0,0.0
7.65,87,35213,86.0,68.0,68.0,170.0,1516.0,438277.47628484614,0.9589986091794158,0.6091954022988506,0.0
7.07,40,2720,68.0,68.0,68.0,68.0,68.0,0.0,1.0,1.0,0.0
2.68,12,816,68.0,68.0,68.0,68.0,68.0,0.0,1.0,1.0,0.0
6.05,28,1904,68.0,68.0,68.0,68.0,68.0,0.0,1.0,1.0,0.0
1.97,49,20130,86.0,68.0,68.0,410.0,1516.0,326632.92544773006,1.4258857556037599,0.6122448979591837,0.0
8.08,28,1904,68.0,68.0,68.0,68.0,68.0,0.0,1.0,1.0,0.0
3.23,12,816,68.0,68.0,68.0,68.0,68.0,0.0,1.0,1.0,0.0
1.74,99,34378,86.0,68.0,68.0,170.0,1516.0,313757.29986736045,1.8383421400264202,0.6161616161616161,0.0
8.12,40,2720,68.0,68.0,68.0,68.0,68.0,0.0,1.0,1.0,0.0
8.79,40,2720,68.0,68.0,68.0,68.0,68.0,0.0,1.0,1.0,0.0
6.82,51,21297,86.0,68.0,68.0,170.0,1516.0,616759.5363321799,0.7691476989533145,0.6666666666666666,0.0
0.09,8,544,68.0,68.0,68.0,68.0,68.0,0.0,1.0,1.0,0.0
6.38,16,1088,68.0,68.0,68.0,68.0,68.0,0.0,1.0,1.0,0.0
8.35,101,31845,86.0,68.0,68.0,170.0,934.0,364326.1097931575,0.8805361993622298,0.6831683168316832,0.0
1.91,12,816,68.0,68.0,68.0,68.0,68.0,0.0,1.0,1.0,0.0
6.34,28,1904,68.0,68.0,68.0,68.0,68.0,0.0,1.0,1.0,0.0
2.87,12,816,68.0,68.0,68.0,68.0,68.0,0.0,1.0,1.0,0.0
1.66,28,1904,68.0,68.0,68.0,68.0,68.0,0.0,1.0,1.0,0.0
9.39,67,15457,68.0,68.0,68.0,86.0,339.19999999999936,257987.46313210082,0.5902263374485597,0.8059701492537313,0.0
5.17,12,816,68.0,68.0,68.0,68.0,68.0,0.0,1.0,1.0,0.0
9.92,111,47222,86.0,68.0,68.0,170.0,1516.0,567645.7216135054,1.2538182512409317,0.6486486486486487,0.0
5.74,28,1904,68.0,68.0,68.0,68.0,68.0,0.0,1.0,1.0,0.0
4.55,12,816,68.0,68.0,68.0,68.0,68.0,0.0,1.0,1.0,0.0
2.37,28,1904,68.0,68.0,68.0,68.0,68.0,0.0,1.0,1.0,0.0
4.81,42,18000,86.0,68.0,68.0,170.0,1509.3999999999999,505500.38775510207,1.4314467107929219,0.6190476190476191,0.0
6.56,28,1904,68.0,68.0,68.0,68.0,68.0,0.0,1.0,1.0,0.0
8.96,112,43970,86.0,68.0,68.0,170.0,1516.0,439829.54559948976,1.3408219761499147,0.6607142857142857,0.0
2.76,12,816,68.0,68.0,68.0,68.0,68.0,0.0,1.0,1.0,0.0
3.89,28,1904,68.0,68.0,68.0,68.0,68.0,0.0,1.0,1.0,0.0
5.17,12,816,68.0,68.0,68.0,68.0,68.0,0.0,1.0,1.0,0.0
1.19,28,1904,68.0,68.0,68.0,68.0,68.0,0.0,1.0,1.0,0.0
5.02,42,16391,86.0,68.0,68.0,170.0,1489.0999999999997,436120.5742630386,1.0896226415094339,0.6190476190476191,0.0
9.55,40,2720,68.0,68.0,68.0,68.0,68.0,0.0,1.0,1.0,0.0
9.8,101,44074,86.0,68.0,68.0,170.0,1516.0,589496.4525046563,1.0539658868487278,0.6435643564356436,0.0
7.05,28,1904,68.0,68.0,68.0,68.0,68.0,0.0,1.0,1.0,0.0
1.48,12,816,68.0,68.0,68.0,68.0,68.0,0.0,1.0,1.0,0.0
3.44,28,1904,68.0,68.0,68.0,68.0,68.0,0.0,1.0,1.0,0.0
3.85,43,15193,86.0,68.0,68.0,170.0,1377.200000000003,427713.10329908057,0.7732259570494865,0.6744186046511628,0.0
9.43,40,2720,68.0,68.0,68.0,68.0,68.0,0.0,1.0,1.0,0.0
0.22,34,11741,86.0,68.0,72.0,170.0,1328.4999999999995,272442.3365051904,1.9574307304785894,0.6176470588235294,0.0
1.33,55,18122,86.0,68.0,68.0,170.0,1339.6000000000004,308385.84991735546,0.7990668122704259,0.6545454545454545,0.0
4.72,12,816,68.0,68.0,68.0,68.0,68.0,0.0,1.0,1.0,0.0
4.66,28,1904,68.0,68.0,68.0,68.0,68.0,0.0,1.0,1.0,0.0
8.89,40,2720,68.0,68.0,68.0,68.0,68.0,0.0,1.0,1.0,0.0
6.0,44,16072,86.0,68.0,68.0,170.0,1472.5000000000005,320110.6528925619,0.764021512457469,0.6363636363636364,0.0
6.11,28,1904,68.0,68.0,68.0,68.0,68.0,0.0,1.0,1.0,0.0
3.79,12,816,68.0,68.0,68.0,68.0,68.0,0.0,1.0,1.0,0.0
6.64,90,25701,86.0,68.0,68.0,170.0,936.5000000000008,295240.48999999993,0.8305555555555556,0.6666666666666666,0.0
3.61,12,816,68.0,68.0,68.0,68.0,68.0,0.0,1.0,1.0,0.0
5.84,28,1904,68.0,68.0,68.0,68.0,68.0,0.0,1.0,1.0,0.0
5.92,12,816,68.0,68.0,68.0,68.0,68.0,0.0,1.0,1.0,0.0
0.56,28,1904,68.0,68.0,68.0,68.0,68.0,0.0,1.0,1.0,0.0
4.17,57,17726,86.0,68.0,68.0,170.0,852.5999999999993,306365.56109572167,0.7327468230694038,0.631578947368421,0.0
8.15,23,2030,68.0,68.0,68.0,68.0,68.0,8329.844990548208,0.5834633385335414,0.9565217391304348,0.0
1.9,4,272,68.0,68.0,68.0,68.0,68.0,0.0,1.0,1.0,0.0
2.26,12,816,68.0,68.0,68.0,68.0,68.0,0.0,1.0,1.0,0.0
3.12,85,38469,86.0,68.0,68.0,170.0,1516.0,564737.3029757785,1.157543466068424,0.6235294117647059,0.0
6.96,14,7722,86.0,68.0,72.5,952.25,1516.0,590711.9591836735,1.574858286095365,0.5714285714285714,0.0
1.33,12,816,68.0,68.0,68.0,68.0,68.0,0.0,1.0,1.0,0.0
1.16,28,1904,68.0,68.0,68.0,68.0,68.0,0.0,1.0,1.0,0.0
3.7,12,816,68.0,68.0,68.0,68.0,68.0,0.0,1.0,1.0,0.0
8.91,72,20975,68.0,68.0,68.0,86.0,1473.2999999999995,261525.9396219136,1.6291050388568564,0.7638888888888888,0.0
2.86,28,1904,68.0,68.0,68.0,68.0,68.0,0.0,1.0,1.0,0.0
8.47,95,32352,86.0,68.0,68.0,170.0,1125.2000000000005,415254.8372299168,0.8160996968676322,0.6631578947368421,0.0
4.15,117,21498,86.0,68.0,68.0,222.0,516.0,30548.959894806052,1.2431135225375627,0.6923076923076923,0.0
5.39,4,272,68.0,68.0,68.0,68.0,68.0,0.0,1.0,1.0,0.0
0.09,28,1904,68.0,68.0,68.0,68.0,68.0,0.0,1.0,1.0,0.0
1.25,8,544,68.0,68.0,68.0,68.0,68.0,0.0,1.0,1.0,0.0
1.58,4,272,68.0,68.0,68.0,68.0,68.0,0.0,1.0,1.0,0.0
2.76,39,13858,86.0,68.0,68.0,170.0,927.4000000000002,563602.6324786324,0.722346507581407,0.6666666666666666,0.0
1.77,24,1632,68.0,68.0,68.0,68.0,68.0,0.0,1.0,1.0,0.0
9.93,16,1088,68.0,68.0,68.0,68.0,68.0,0.0,1.0,1.0,0.0
4.74,110,42582,86.0,68.0,68.0,170.0,1516.0,547717.0971900827,0.8255165909285775,0.7,0.0
9.09,40,2720,68.0,68.0,68.0,68.0,68.0,0.0,1.0,1.0,0.0
4.54,12,816,68.0,68.0,68.0,68.0,68.0,0.0,1.0,1.0,0.0
4.71,28,1904,68.0,68.0,68.0,68.0,68.0,0.0,1.0,1.0,0.0
3.58,84,27509,86.0,68.0,68.0,486.0,940.0,240711.13081065766,1.347584912101041,0.6190476190476191,0.0
4.29,10,1582,68.0,68.0,68.0,86.0,489.0,29471.559999999998,0.20763358778625954,0.8,0.0
3.94,105,28839,68.0,68.0,68.0,86.0,417.6000000000001,394024.3776870748,0.6296903254972875,0.7523809523809524,0.0
7.41,13,5019,86.0,68.0,68.0,170.0,1365.0000000000002,288964.0710059172,1.6360294117647058,0.6153846153846154,0.0
8.55,40,2720,68.0,68.0,68.0,68.0,68.0,0.0,1.0,1.0,0.0
6.08,40,2720,68.0,68.0,68.0,68.0,68.0,0.0,1.0,1.0,0.0
2.52,42,11836,86.0,68.0,68.0,170.0,603.9999999999999,240883.86848072562,1.0091665252079443,0.6666666666666666,0.0
4.72,28,1904,68.0,68.0,68.0,68.0,68.0,0.0,1.0,1.0,0.0
8.99,104,39398,86.0,68.0,68.0,170.0,1516.0,317597.1431213017,1.745313915406592,0.6442307692307693,0.0
3.25,19,2072,68.0,68.0,68.0,86.0,222.0,10058.260387811633,0.2982456140350877,0.8421052631578947,0.0
4.43,24,1632,68.0,68.0,68.0,68.0,68.0,0.0,1.0,1.0,0.0
3.95,16,1088,68.0,68.0,68.0,68.0,68.0,0.0,1.0,1.0,0.0
3.97,24,1632,68.0,68.0,68.0,68.0,68.0,0.0,1.0,1.0,0.0
6.69,54,19448,86.0,68.0,68.0,170.0,1501.3000000000002,353916.3113854594,1.5007072135785007,0.6111111111111112,0.0
5.71,24,1632,68.0,68.0,68.0,68.0,68.0,0.0,1.0,1.0,0.0
0.12,4,272,68.0,68.0,68.0,68.0,68.0,0.0,1.0,1.0,0.0
2.66,12,816,68.0,68.0,68.0,68.0,68.0,0.0,1.0,1.0,0.0
8.44,95,35405,86.0,68.0,68.0,170.0,1516.0,283755.0581717451,2.313523631258774,0.6,0.0
8.73,40,2720,68.0,68.0,68.0,68.0,68.0,0.0,1.0,1.0,0.0
9.27,40,2720,68.0,68.0,68.0,68.0,68.0,0.0,1.0,1.0,0.0
0.16,14,5668,86.0,68.0,68.0,170.0,1012.0000000000009,598719.2653061225,0.2028862478777589,0.6428571428571429,0.0
4.51,22,7148,86.0,68.0,86.0,170.0,1057.0000000000002,194095.53719008266,0.7614588467225234,0.5909090909090909,0.0
7.4,28,1904,68.0,68.0,68.0,68.0,68.0,0.0,1.0,1.0,0.0
2.49,12,816,68.0,68.0,68.0,68.0,68.0,0.0,1.0,1.0,0.0
0.33,46,14772,86.0,68.0,80.0,170.0,1421.5,245753.5916824197,1.9044435705859222,0.6521739130434783,0.0
0.86,51,21524,86.0,68.0,68.0,170.0,1516.0,615686.1945405613,0.8373026034997866,0.6470588235294118,0.0
7.13,40,2720,68.0,68.0,68.0,68.0,68.0,0.0,1.0,1.0,0.0
2.27,12,816,68.0,68.0,68.0,68.0,68.0,0.0,1.0,1.0,0.0
2.73,28,1904,68.0,68.0,68.0,68.0,68.0,0.0,1.0,1.0,0.0
0.85,43,15703,86.0,68.0,68.0,170.0,1511.0,295908.4305029746,1.476813880126183,0.627906976744186,0.0
2.62,28,1904,68.0,68.0,68.0,68.0,68.0,0.0,1.0,1.0,0.0
3.87,12,816,68.0,68.0,68.0,68.0,68.0,0.0,1.0,1.0,0.0
4.25,99,47034,86.0,68.0,68.0,368.0,1516.0,631762.466483012,1.3018646307443842,0.5959595959595959,0.0
3.31,12,816,68.0,68.0,68.0,68.0,68.0,0.0,1.0,1.0,0.0
8.21,28,1904,68.0,68.0,68.0,68.0,68.0,0.0,1.0,1.0,0.0
6.13,12,816,68.0,68.0,68.0,68.0,68.0,0.0,1.0,1.0,0.0
9.78,68,18431,68.0,68.0,68.0,86.0,998.3000000000005,237698.071583045,0.7523293401787412,0.7647058823529411,0.0
2.06,28,1904,68.0,68.0,68.0,68.0,68.0,0.0,1.0,1.0,0.0
4.77,12,816,68.0,68.0,68.0,68.0,68.0,0.0,1.0,1.0,0.0
2.42,91,31317,86.0,68.0,68.0,170.0,1516.0,396946.64992150705,0.9379331683168317,0.6483516483516484,0.0
4.86,12,816,68.0,68.0,68.0,68.0,68.0,0.0,1.0,1.0,0.0
7.77,28,1904,68.0,68.0,68.0,68.0,68.0,0.0,1.0,1.0,0.0
2.21,12,816,68.0,68.0,68.0,68.0,68.0,0.0,1.0,1.0,0.0
5.01,28,1904,68.0,68.0,68.0,68.0,68.0,0.0,1.0,1.0,0.0
0.63,36,11527,86.0,68.0,69.5,170.0,1294.5,227375.82330246916,1.5401057734684884,0.6388888888888888,0.0
4.35,28,1904,68.0,68.0,68.0,68.0,68.0,0.0,1.0,1.0,0.0
9.22,101,34051,86.0,68.0,68.0,170.0,1381.0,426632.45603372215,0.8791942604856512,0.6534653465346535,0.0
5.15,12,816,68.0,68.0,68.0,68.0,68.0,0.0,1.0,1.0,0.0
1.57,28,1904,68.0,68.0,68.0,68.0,68.0,0.0,1.0,1.0,0.0
6.49,24,1632,68.0,68.0,68.0,68.0,68.0,0.0,1.0,1.0,0.0
6.18,16,1088,68.0,68.0,68.0,68.0,68.0,0.0,1.0,1.0,0.0
2.8,42,17277,86.0,68.0,71.0,435.5,1516.0,364959.22959183675,1.414337618781442,0.5952380952380952,0.0
8.8,32,2176,68.0,68.0,68.0,68.0,68.0,0.0,1.0,1.0,0.0
6.25,77,36130,86.0,68.0,68.0,170.0,1516.0,826853.2109967954,0.6588613406795225,0.6493506493506493,0.0
2.24,31,15257,86.0,68.0,68.0,170.0,1516.0,779322.1352757544,0.9876237623762376,0.6451612903225806,0.0
6.74,32,2176,68.0,68.0,68.0,68.0,68.0,0.0,1.0,1.0,0.0
2.55,8,544,68.0,68.0,68.0,68.0,68.0,0.0,1.0,1.0,0.0
7.13,40,2720,68.0,68.0,68.0,68.0,68.0,0.0,1.0,1.0,0.0
9.98,67,18849,68.0,68.0,68.0,86.0,615.1999999999995,390345.6533749164,0.8158959537572255,0.7761194029850746,0.0
4.85,12,816,68.0,68.0,68.0,68.0,68.0,0.0,1.0,1.0,0.0
6.26,101,43653,86.0,68.0,68.0,170.0,1516.0,578353.432016469,0.9281360424028269,0.6138613861386139,0.0
0.94,12,816,68.0,68.0,68.0,68.0,68.0,0.0,1.0,1.0,0.0
6.16,28,1904,68.0,68.0,68.0,68.0,68.0,0.0,1.0,1.0,0.0
6.61,26,1768,68.0,68.0,68.0,68.0,68.0,0.0,1.0,1.0,0.0
7.0,14,952,68.0,68.0,68.0,68.0,68.0,0.0,1.0,1.0,0.0
7.75,66,10011,68.0,68.0,68.0,86.0,170.0,73948.3078512397,0.9438834951456311,0.8181818181818182,0.0
6.24,12,816,68.0,68.0,68.0,68.0,68.0,0.0,1.0,1.0,0.0
9.4,106,35095,86.0,68.0,68.0,170.0,1376.5,340716.3041117835,1.344668626402993,0.6792452830188679,0.0
9.09,32,2176,68.0,68.0,68.0,68.0,68.0,0.0,1.0,1.0,0.0
3.38,8,544,68.0,68.0,68.0,68.0,68.0,0.0,1.0,1.0,0.0
3.16,28,1904,68.0,68.0,68.0,68.0,68.0,0.0,1.0,1.0,0.0
3.56,37,13521,86.0,68.0,80.0,170.0,808.1999999999998,627581.4346238129,0.5041717654911558,0.6486486486486487,0.0
0.02,2,136,68.0,68.0,68.0,68.0,68.0,0.0,1.0,1.0,0.0
6.63,26,1768,68.0,68.0,68.0,68.0,68.0,0.0,1.0,1.0,0.0
2.47,12,816,68.0,68.0,68.0,68.0,68.0,0.0,1.0,1.0,0.0
5.12,101,42510,86.0,68.0,68.0,170.0,1516.0,487173.24556416046,1.2495634227655184,0.6237623762376238,0.0
8.77,40,2720,68.0,68.0,68.0,68.0,68.0,0.0,1.0,1.0,0.0
8.66,40,2720,68.0,68.0,68.0,68.0,68.0,0.0,1.0,1.0,0.0
7.28,66,16832,68.0,68.0,68.0,86.0,1129.5,232669.27180899912,1.270912034538586,0.7727272727272727,0.0
3.2,12,816,68.0,68.0,68.0,68.0,68.0,0.0,1.0,1.0,0.0
1.12,91,34409,86.0,68.0,68.0,170.0,1516.0,406146.15022340283,1.108265424912689,0.6263736263736264,0.0
4.27,12,816,68.0,68.0,68.0,68.0,68.0,0.0,1.0,1.0,0.0
4.62,28,1904,68.0,68.0,68.0,68.0,68.0,0.0,1.0,1.0,0.0
9.21,40,2720,68.0,68.0,68.0,68.0,68.0,0.0,1.0,1.0,0.0
2.99,39,17659,86.0,68.0,68.0,254.0,1516.0,501535.44510190655,1.1643583772521142,0.5897435897435898,0.0
7.34,28,1904,68.0,68.0,68.0,68.0,68.0,0.0,1.0,1.0,0.0
3.53,12,816,68.0,68.0,68.0,68.0,68.0,0.0,1.0,1.0,0.0
1.46,83,26928,86.0,68.0,68.0,170.0,1197.1999999999994,304243.73958484543,0.835207524023717,0.6265060240963856,0.0
5.63,12,816,68.0,68.0,68.0,68.0,68.0,0.0,1.0,1.0,0.0
6.67,28,1904,68.0,68.0,68.0,68.0,68.0,0.0,1.0,1.0,0.0
3.04,12,816,68.0,68.0,68.0,68.0,68.0,0.0,1.0,1.0,0.0
5.19,28,1904,68.0,68.0,68.0,68.0,68.0,0.0,1.0,1.0,0.0
2.13,40,15126,86.0,68.0,68.0,170.0,1120.0000000000007,517639.67750000005,1.2172383465259455,0.625,0.0
8.02,28,1904,68.0,68.0,68.0,68.0,68.0,0.0,1.0,1.0,0.0
3.78,12,816,68.0,68.0,68.0,68.0,68.0,0.0,1.0,1.0,0.0
5.53,84,32351,86.0,68.0,68.0,170.0,1500.7,333004.2804705216,1.3424082253276375,0.5952380952380952,0.0
6.14,12,816,68.0,68.0,68.0,68.0,68.0,0.0,1.0,1.0,0.0
1.73,28,1904,68.0,68.0,68.0,68.0,68.0,0.0,1.0,1.0,0.0
7.06,40,2720,68.0,68.0,68.0,68.0,68.0,0.0,1.0,1.0,0.0
0.25,11,3187,86.0,68.0,77.0,170.0,690.0,203897.83471074383,0.5270723526593196,0.6363636363636364,0.0
7.41,54,12906,68.0,68.0,68.0,86.0,170.0,360137.85185185185,0.6223758642363294,0.8333333333333334,0.0
5.1,12,816,68.0,68.0,68.0,68.0,68.0,0.0,1.0,1.0,0.0
2.67,90,36139,86.0,68.0,68.0,170.0,1516.0,431504.3591358026,1.0353120072088309,0.6,0.0
8.69,40,2720,68.0,68.0,68.0,68.0,68.0,0.0,1.0,1.0,0.0
4.45,12,816,68.0,68.0,68.0,68.0,68.0,0.0,1.0,1.0,0.0
7.28,28,1904,68.0,68.0,68.0,68.0,68.0,0.0,1.0,1.0,0.0
3.96,41,14783,86.0,68.0,68.0,170.0,1516.0,329868.83164782875,1.7099908340971586,0.6097560975609756,0.0
7.44,28,1904,68.0,68.0,68.0,68.0,68.0,0.0,1.0,1.0,0.0
8.29,104,40060,86.0,68.0,68.0,170.0,1516.0,444987.6745562131,0.9085278704144831,0.6442307692307693,0.0
0.3,4,272,68.0,68.0,68.0,68.0,68.0,0.0,1.0,1.0,0.0
9.56,36,2448,68.0,68.0,68.0,68.0,68.0,0.0,1.0,1.0,0.0
1.23,12,816,68.0,68.0,68.0,68.0,68.0,0.0,1.0,1.0,0.0
8.43,42,5862,68.0,68.0,68.0,68.0,161.59999999999988,67823.72108843538,1.3675282714054928,0.8809523809523809,0.0
4.28,30,11307,86.0,68.0,69.0,170.0,1516.0,299075.75666666665,0.9899683210137276,0.6333333333333333,0.0
5.0,28,1904,68.0,68.0,68.0,68.0,68.0,0.0,1.0,1.0,0.0
4.3,12,816,68.0,68.0,68.0,68.0,68.0,0.0,1.0,1.0,0.0
9.26,104,36010,86.0,68.0,68.0,170.0,1346.6000000000001,476966.6298076923,0.7042120208234738,0.6826923076923077,0.0
0.18,4,272,68.0,68.0,68.0,68.0,68.0,0.0,1.0,1.0,0.0
7.23,24,1632,68.0,68.0,68.0,68.0,68.0,0.0,1.0,1.0,0.0
9.48,40,2720,68.0,68.0,68.0,68.0,68.0,0.0,1.0,1.0,0.0
3.75,45,18139,86.0,68.0,68.0,170.0,1516.0,552101.9476543209,0.9282449239927714,0.6444444444444445,0.0
7.55,28,1904,68.0,68.0,68.0,68.0,68.0,0.0,1.0,1.0,0.0
7.65,102,36983,86.0,68.0,68.0,170.0,1497.600000000001,400627.1850249903,1.3739007638487708,0.6470588235294118,0.0
9.21,40,2720,68.0,68.0,68.0,68.0,68.0,0.0,1.0,1.0,0.0
9.27,40,2720,68.0,68.0,68.0,68.0,68.0,0.0,1.0,1.0,0.0
7.3,64,20136,68.0,68.0,68.0,170.0,1449.7000000000007,289957.109375,1.7632770687525732,0.734375,0.0
6.01,8,544,68.0,68.0,68.0,68.0,68.0,0.0,1.0,1.0,0.0
2.84,12,816,68.0,68.0,68.0,68.0,68.0,0.0,1.0,1.0,0.0
4.12,88,29936,86.0,68.0,68.0,170.0,1348.3,302406.71694214875,1.4348108987393249,0.6363636363636364,0.0
1.12,12,816,68.0,68.0,68.0,68.0,68.0,0.0,1.0,1.0,0.0
5.17,28,1904,68.0,68.0,68.0,68.0,68.0,0.0,1.0,1.0,0.0
0.89,12,816,68.0,68.0,68.0,68.0,68.0,0.0,1.0,1.0,0.0
9.25,66,12955,68.0,68.0,68.0,86.0,200.5,141232.44742883378,1.167475322067927,0.803030303030303,0.0
6.03,28,1904,68.0,68.0,68.0,68.0,68.0,0.0,1.0,1.0,0.0
3.12,12,816,68.0,68.0,68.0,68.0,68.0,0.0,1.0,1.0,0.0
1.28,98,36847,86.0,68.0,68.0,170.0,1516.0,418739.2754060808,0.884275121452314,0.6326530612244898,0.0
9.54,40,2720,68.0,68.0,68.0,68.0,68.0,0.0,1.0,1.0,0.0
0.05,4,272,68.0,68.0,68.0,68.0,68.0,0.0,1.0,1.0,0.0
3.79,8,544,68.0,68.0,68.0,68.0,68.0,0.0,1.0,1.0,0.0
8.22,28,1904,68.0,68.0,68.0,68.0,68.0,0.0,1.0,1.0,0.0
2.96,40,15654,86.0,68.0,68.0,170.0,1370.2000000000003,663136.8775000001,0.5644613232060763,0.625,0.0
4.37,28,1904,68.0,68.0,68.0,68.0,68.0,0.0,1.0,1.0,0.0
0.91,12,816,68.0,68.0,68.0,68.0,68.0,0.0,1.0,1.0,0.0
8.26,95,32847,86.0,68.0,68.0,170.0,1471.200000000001,365599.172963989,1.0408201304753029,0.6421052631578947,0.0
5.94,12,816,68.0,68.0,68.0,68.0,68.0,0.0,1.0,1.0,0.0
5.91,28,1904,68.0,68.0,68.0,68.0,68.0,0.0,1.0,1.0,0.0
4.81,12,816,68.0,68.0,68.0,68.0,68.0,0.0,1.0,1.0,0.0
5.99,28,1904,68.0,68.0,68.0,68.0,68.0,0.0,1.0,1.0,0.0
6.8,46,15196,86.0,68.0,68.0,170.0,1196.5,338176.83553875244,0.7068403908794788,0.6956521739130435,0.0
3.89,19,1292,68.0,68.0,68.0,68.0,68.0,0.0,0.7272727272727273,1.0,0.0
6.76,102,37488,86.0,68.0,68.0,170.0,1151.7000000000003,528449.9158016148,0.6855357223146441,0.6764705882352942,0.0
8.38,5,340,68.0,68.0,68.0,68.0,68.0,0.0,0.6666666666666666,1.0,0.0
5.73,8,544,68.0,68.0,68.0,68.0,68.0,0.0,1.0,1.0,0.0
6.86,28,1904,68.0,68.0,68.0,68.0,68.0,0.0,1.0,1.0,0.0
0.05,4,272,68.0,68.0,68.0,68.0,68.0,0.0,1.0,1.0,0.0
8.36,36,2448,68.0,68.0,68.0,68.0,68.0,0.0,1.0,1.0,0.0
0.32,19,1748,86.0,68.0,68.0,126.0,126.0,588.6315789473684,0.7764227642276422,0.6842105263157895,0.0
7.22,46,18812,86.0,68.0,68.0,170.0,1516.0,583934.4763705105,1.0234484242228676,0.6521739130434783,0.0
5.41,4,272,68.0,68.0,68.0,68.0,68.0,0.0,1.0,1.0,0.0
6.18,28,1904,68.0,68.0,68.0,68.0,68.0,0.0,1.0,1.0,0.0
7.79,92,41672,86.0,68.0,68.0,170.0,1516.0,611827.9111531189,0.8501975758113928,0.6086956521739131,0.0
6.28,16,1088,68.0,68.0,68.0,68.0,68.0,0.0,1.0,1.0,0.0
4.36,24,1632,68.0,68.0,68.0,68.0,68.0,0.0,1.0,1.0,0.0
2.78,12,816,68.0,68.0,68.0,68.0,68.0,0.0,1.0,1.0,0.0
3.56,28,1904,68.0,68.0,68.0,68.0,68.0,0.0,1.0,1.0,0.0
3.13,44,18830,86.0,68.0,68.0,192.5,1516.0,448984.1342975208,0.8437285812200137,0.6136363636363636,0.0
7.19,28,1904,68.0,68.0,68.0,68.0,68.0,0.0,1.0,1.0,0.0
3.15,12,816,68.0,68.0,68.0,68.0,68.0,0.0,1.0,1.0,0.0
9.62,104,39465,86.0,68.0,68.0,170.0,1516.0,402994.9414755917,1.1725846407927332,0.625,0.0
7.82,28,1904,68.0,68.0,68.0,68.0,68.0,0.0,1.0,1.0,0.0
0.15,4,272,68.0,68.0,68.0,68.0,68.0,0.0,1.0,1.0,0.0
2.07,8,544,68.0,68.0,68.0,68.0,68.0,0.0,1.0,1.0,0.0
1.22,28,1904,68.0,68.0,68.0,68.0,68.0,0.0,1.0,1.0,0.0
1.3,46,21757,86.0,68.0,68.0,170.0,1516.0,675197.8038752364,0.9980714482505281,0.6304347826086957,0.0
4.72,28,1904,68.0,68.0,68.0,68.0,68.0,0.0,1.0,1.0,0.0
9.56,104,37735,86.0,68.0,68.0,170.0,1516.0,382093.2905880178,1.1359030961679968,0.6826923076923077,0.0
6.98,40,2720,68.0,68.0,68.0,68.0,68.0,0.0,1.0,1.0,0.0
7.5,40,2720,68.0,68.0,68.0,68.0,68.0,0.0,1.0,1.0,0.0
2.72,42,11285,86.0,68.0,68.0,170.0,503.7999999999996,295015.7851473923,0.5710705833217319,0.6666666666666666,0.0
9.2,40,2720,68.0,68.0,68.0,68.0,68.0,0.0,1.0,1.0,0.0
1.82,98,42807,86.0,68.0,68.0,170.0,1516.0,564956.1358808829,1.2085956041688164,0.6224489795918368,0.0
5.71,12,816,68.0,68.0,68.0,68.0,68.0,0.0,1.0,1.0,0.0
1.47,28,1904,68.0,68.0,68.0,68.0,68.0,0.0,1.0,1.0,0.0
8.49,40,2720,68.0,68.0,68.0,68.0,68.0,0.0,1.0,1.0,0.0
9.13,72,20244,68.0,68.0,68.0,86.0,1160.3999999999999,264963.13888888893,0.9051383399209486,0.7638888888888888,0.0
3.83,12,816,68.0,68.0,68.0,68.0,68.0,0.0,1.0,1.0,0.0
5.72,99,43758,86.0,68.0,68.0,170.0,1516.0,489199.9595959596,1.242964785483623,0.6060606060606061,0.0
5.26,12,816,68.0,68.0,68.0,68.0,68.0,0.0,1.0,1.0,0.0
6.23,28,1904,68.0,68.0,68.0,68.0,68.0,0.0,1.0,1.0,0.0
3.51,12,816,68.0,68.0,68.0,68.0,68.0,0.0,1.0,1.0,0.0
1.58,28,1904,68.0,68.0,68.0,68.0,68.0,0.0,1.0,1.0,0.0
4.92,39,12510,86.0,68.0,68.0,170.0,781.2000000000023,401631.4082840236,0.7881646655231561,0.6410256410256411,0.0
1.24,28,1904,68.0,68.0,68.0,68.0,68.0,0.0,1.0,1.0,0.0
6.25,24,5619,68.0,68.0,68.0,86.0,170.0,284755.6927083333,0.6763126491646778,0.8333333333333334,0.0
5.48,85,32286,86.0,68.0,68.0,170.0,1516.0,434279.36110726645,1.1247778874629812,0.6352941176470588,0.0
7.98,40,2720,68.0,68.0,68.0,68.0,68.0,0.0,1.0,1.0,0.0
8.24,40,2720,68.0,68.0,68.0,68.0,68.0,0.0,1.0,1.0,0.0
7.96,70,17273,68.0,68.0,68.0,86.0,360.0,331297.84102040826,0.49978292958235654,0.8,0.0
0.07,4,272,68.0,68.0,68.0,68.0,68.0,0.0,1.0,1.0,0.0
1.11,8,544,68.0,68.0,68.0,68.0,68.0,0.0,1.0,1.0,0.0
5.42,88,33543,86.0,68.0,68.0,170.0,1301.3999999999999,548347.5959452479,0.572205296461214,0.6363636363636364,0.0
4.98,12,816,68.0,68.0,68.0,68.0,68.0,0.0,1.0,1.0,0.0
0.08,12,816,68.0,68.0,68.0,68.0,68.0,0.0,1.0,1.0,0.0
5.11,16,1088,68.0,68.0,68.0,68.0,68.0,0.0,1.0,1.0,0.0
1.44,12,816,68.0,68.0,68.0,68.0,68.0,0.0,1.0,1.0,0.0
8.82,66,16813,68.0,68.0,68.0,86.0,280.0,362641.9791092746,0.45667995148154567,0.7878787878787878,0.0
2.57,28,1904,68.0,68.0,68.0,68.0,68.0,0.0,1.0,1.0,0.0
5.89,12,816,68.0,68.0,68.0,68.0,68.0,0.0,1.0,1.0,0.0
4.32,98,36272,86.0,68.0,68.0,170.0,1516.0,433664.71970012493,1.1177020084072864,0.6326530612244898,0.0
1.96,12,816,68.0,68.0,68.0,68.0,68.0,0.0,1.0,1.0,0.0
2.01,28,1904,68.0,68.0,68.0,68.0,68.0,0.0,1.0,1.0,0.0
2.77,12,816,68.0,68.0,68.0,68.0,68.0,0.0,1.0,1.0,0.0
4.88,28,1904,68.0,68.0,68.0,68.0,68.0,0.0,1.0,1.0,0.0
8.23,67,18110,68.0,68.0,68.0,86.0,993.7999999999989,284015.2541768768,1.0751690156984073,0.7761194029850746,0.0
7.6,107,33119,86.0,68.0,68.0,170.0,1310.6000000000001,262003.57655690447,1.9120724522993053,0.6542056074766355,0.0
3.48,12,816,68.0,68.0,68.0,68.0,68.0,0.0,1.0,1.0,0.0
8.42,28,1904,68.0,68.0,68.0,68.0,68.0,0.0,1.0,1.0,0.0
8.84,40,2720,68.0,68.0,68.0,68.0,68.0,0.0,1.0,1.0,0.0
0.13,13,5519,86.0,68.0,68.0,170.0,1449.6000000000001,379517.94082840247,1.3575395130286203,0.6153846153846154,0.0
6.55,41,12893,68.0,68.0,68.0,170.0,1516.0,301196.4437834622,1.3800996861731585,0.7073170731707317,0.0
4.6,16,1088,68.0,68.0,68.0,68.0,68.0,0.0,1.0,1.0,0.0
8.43,96,30319,86.0,68.0,68.0,170.0,1181.5,384289.85405815975,0.8760596497741476,0.6770833333333334,0.0
2.67,12,816,68.0,68.0,68.0,68.0,68.0,0.0,1.0,1.0,0.0
8.05,28,1904,68.0,68.0,68.0,68.0,68.0,0.0,1.0,1.0,0.0
7.22,40,2720,68.0,68.0,68.0,68.0,68.0,0.0,1.0,1.0,0.0
6.96,47,18628,86.0,68.0,68.0,170.0,1513.0,604447.713897691,0.8896327855548792,0.6808510638297872,0.0
2.81,20,1360,68.0,68.0,68.0,68.0,68.0,0.0,1.0,1.0,0.0
0.34,12,816,68.0,68.0,68.0,68.0,68.0,0.0,1.0,1.0,0.0
5.84,96,39528,86.0,68.0,68.0,170.0,1516.0,407987.1666666667,1.4919934434497542,0.6145833333333334,0.0
8.43,40,2720,68.0,68.0,68.0,68.0,68.0,0.0,1.0,1.0,0.0
2.36,12,816,68.0,68.0,68.0,68.0,68.0,0.0,1.0,1.0,0.0
0.38,14,952,68.0,68.0,68.0,68.0,68.0,0.0,1.0,1.0,0.0
5.82,14,952,68.0,68.0,68.0,68.0,68.0,0.0,1.0,1.0,0.0
5.92,40,13029,86.0,68.0,80.0,170.0,826.5000000000007,444523.89937500004,0.6601681957186545,0.675,0.0
3.08,28,1904,68.0,68.0,68.0,68.0,68.0,0.0,1.0,1.0,0.0
6.47,51,16332,86.0,68.0,68.0,170.0,1144.0,448357.08189158025,1.2130081300813007,0.7058823529411765,0.0
2.64,52,19217,86.0,68.0,68.0,185.5,1511.5,376968.1312869822,1.5839720317332258,0.5961538461538461,0.0
0.19,4,272,68.0,68.0,68.0,68.0,68.0,0.0,1.0,1.0,0.0
6.12,10,680,68.0,68.0,68.0,68.0,68.0,0.0,1.0,1.0,0.0
6.37,26,1768,68.0,68.0,68.0,68.0,68.0,0.0,1.0,1.0,0.0
7.64,40,2720,68.0,68.0,68.0,68.0,68.0,0.0,1.0,1.0,0.0
0.86,42,20543,86.0,68.0,68.0,734.75,1516.0,559030.7239229025,1.4526026743075453,0.5952380952380952,0.0
5.87,28,1904,68.0,68.0,68.0,68.0,68.0,0.0,1.0,1.0,0.0
1.62,12,816,68.0,68.0,68.0,68.0,68.0,0.0,1.0,1.0,0.0
9.05,94,36787,86.0,68.0,68.0,170.0,1398.9000000000003,414282.3342009962,1.1309737589063316,0.6276595744680851,0.0
7.0,36,2448,68.0,68.0,68.0,68.0,68.0,0.0,1.0,1.0,0.0
5.83,12,816,68.0,68.0,68.0,68.0,68.0,0.0,1.0,1.0,0.0
8.51,39,3967,68.0,68.0,68.0,68.0,102.80000000000024,13562.202498356342,1.0427394438722966,0.8974358974358975,0.0
0.62,32,11931,86.0,68.0,77.0,283.75,1484.8000000000006,268815.6943359375,1.7308308537422752,0.625,0.0
2.03,28,1904,68.0,68.0,68.0,68.0,68.0,0.0,1.0,1.0,0.0
4.87,12,816,68.0,68.0,68.0,68.0,68.0,0.0,1.0,1.0,0.0
8.43,98,36745,86.0,68.0,68.0,170.0,1516.0,394674.1708663057,1.4148922187171398,0.6224489795918368,0.0
2.91,12,816,68.0,68.0,68.0,68.0,68.0,0.0,1.0,1.0,0.0
3.11,28,1904,68.0,68.0,68.0,68.0,68.0,0.0,1.0,1.0,0.0
6.8,36,2448,68.0,68.0,68.0,68.0,68.0,0.0,1.0,1.0,0.0
8.52,49,21580,86.0,68.0,68.0,170.0,1516.0,600202.5680966264,0.7413055757282336,0.6326530612244898,0.0
4.65,28,1904,68.0,68.0,68.0,68.0,68.0,0.0,1.0,1.0,0.0
8.92,105,37812,86.0,68.0,68.0,170.0,1516.0,425088.95836734696,1.172978564450319,0.6666666666666666,0.0
2.63,12,816,68.0,68.0,68.0,68.0,68.0,0.0,1.0,1.0,0.0
2.0,28,1904,68.0,68.0,68.0,68.0,68.0,0.0,1.0,1.0,0.0
1.27,12,816,68.0,68.0,68.0,68.0,68.0,0.0,1.0,1.0,0.0
9.59,69,16271,68.0,68.0,68.0,86.0,716.6000000000007,227700.9355177484,0.8825639245632304,0.782608695652174,0.0
1.16,28,1904,68.0,68.0,68.0,68.0,68.0,0.0,1.0,1.0,0.0
3.72,12,816,68.0,68.0,68.0,68.0,68.0,0.0,1.0,1.0,0.0
8.83,106,42929,86.0,68.0,68.0,170.0,1516.0,536153.8961374154,0.7361886273558198,0.6226415094339622,0.0
2.71,12,816,68.0,68.0,68.0,68.0,68.0,0.0,1.0,1.0,0.0
3.87,24,1632,68.0,68.0,68.0,68.0,68.0,0.0,1.0,1.0,0.0
1.22,4,272,68.0,68.0,68.0,68.0,68.0,0.0,1.0,1.0,0.0
7.04,36,2448,68.0,68.0,68.0,68.0,68.0,0.0,1.0,1.0,0.0
1.7,4,272,68.0,68.0,68.0,68.0,68.0,0.0,1.0,1.0,0.0
0.42,26,9954,86.0,68.0,68.0,170.0,1277.5,403264.36094674555,1.0876677852348993,0.6153846153846154,0.0
1.65,14,7750,86.0,68.0,72.5,648.5,1516.0,699370.9591836736,1.258158508158508,0.5714285714285714,0.0
7.07,28,1904,68.0,68.0,68.0,68.0,68.0,0.0,1.0,1.0,0.0
4.23,12,816,68.0,68.0,68.0,68.0,68.0,0.0,1.0,1.0,0.0
8.78,90,30804,86.0,68.0,68.0,170.0,1443.1000000000006,385843.21777777787,0.8008769365682549,0.6444444444444445,0.0
1.91,12,816,68.0,68.0,68.0,68.0,68.0,0.0,1.0,1.0,0.0
9.0,32,2176,68.0,68.0,68.0,68.0,68.0,0.0,1.0,1.0,0.0
5.94,12,816,68.0,68.0,68.0,68.0,68.0,0.0,1.0,1.0,0.0
6.06,24,1632,68.0,68.0,68.0,68.0,68.0,0.0,1.0,1.0,0.0
0.78,43,18260,86.0,68.0,74.0,170.0,1516.0,543878.3666846944,1.1886611530624476,0.627906976744186,0.0
3.74,33,8222,86.0,68.0,68.0,486.0,516.0,41139.64370982553,1.9833091436865022,0.5757575757575758,0.0
4.8,8,544,68.0,68.0,68.0,68.0,68.0,0.0,1.0,1.0,0.0
3.02,32,2176,68.0,68.0,68.0,68.0,68.0,0.0,1.0,1.0,0.0
2.75,89,36604,86.0,68.0,68.0,170.0,1516.0,431516.47165761894,1.1054932412999712,0.5955056179775281,0.0
2.4,4,272,68.0,68.0,68.0,68.0,68.0,0.0,1.0,1.0,0.0
3.59,36,2448,68.0,68.0,68.0,68.0,68.0,0.0,1.0,1.0,0.0
1.16,4,272,68.0,68.0,68.0,68.0,68.0,0.0,1.0,1.0,0.0
6.07,36,2448,68.0,68.0,68.0,68.0,68.0,0.0,1.0,1.0,0.0
1.57,33,11898,86.0,68.0,86.0,421.0,1166.0000000000002,221385.46005509648,1.230178069353327,0.5454545454545454,0.0
9.38,40,2720,68.0,68.0,68.0,68.0,68.0,0.0,1.0,1.0,0.0
6.11,96,41594,86.0,68.0,68.0,170.0,1516.0,467603.17664930556,1.339501659260926,0.6041666666666666,0.0
7.59,43,4698,68.0,68.0,68.0,68.0,86.0,15185.678745267713,0.3793305930710511,0.9069767441860465,0.0
5.64,20,1360,68.0,68.0,68.0,68.0,68.0,0.0,1.0,1.0,0.0
3.54,20,1360,68.0,68.0,68.0,68.0,68.0,0.0,1.0,1.0,0.0
1.25,40,15589,86.0,68.0,68.0,170.0,1516.0,432628.699375,0.6311604059851418,0.6,0.0
1.99,8,544,68.0,68.0,68.0,68.0,68.0,0.0,1.0,1.0,0.0
3.09,20,1360,68.0,68.0,68.0,68.0,68.0,0.0,1.0,1.0,0.0
6.8,96,29384,86.0,68.0,68.0,170.0,1057.0,384061.30555555556,1.1251175236855429,0.7083333333333334,0.0
9.04,24,4982,68.0,68.0,68.0,86.0,566.1999999999996,125632.99305555556,2.205920205920206,0.7916666666666666,0.0
5.05,28,1904,68.0,68.0,68.0,68.0,68.0,0.0,1.0,1.0,0.0
1.42,12,816,68.0,68.0,68.0,68.0,68.0,0.0,1.0,1.0,0.0
0.13,2,136,68.0,68.0,68.0,68.0,68.0,0.0,1.0,1.0,0.0
5.58,26,1768,68.0,68.0,68.0,68.0,68.0,0.0,1.0,1.0,0.0
5.88,56,16768,86.0,68.0,68.0,170.0,768.5,297623.9591836734,1.0347045261497392,0.625,0.0
9.64,28,1904,68.0,68.0,68.0,68.0,68.0,0.0,1.0,1.0,0.0
3.97,97,31083,86.0,68.0,68.0,170.0,1176.8000000000006,351018.08183653944,1.0057430470413629,0.6597938144329897,0.0
8.24,40,2720,68.0,68.0,68.0,68.0,68.0,0.0,1.0,1.0,0.0
7.47,40,2720,68.0,68.0,68.0,68.0,68.0,0.0,1.0,1.0,0.0
5.67,36,13212,86.0,68.0,68.0,170.0,607.0,818493.2222222222,0.28771929824561404,0.6666666666666666,0.0
1.09,28,1904,68.0,68.0,68.0,68.0,68.0,0.0,1.0,1.0,0.0
3.38,12,816,68.0,68.0,68.0,68.0,68.0,0.0,1.0,1.0,0.0
4.06,89,33908,86.0,68.0,68.0,170.0,1516.0,379110.05605352856,1.3318891410494464,0.5955056179775281,0.0
3.76,12,816,68.0,68.0,68.0,68.0,68.0,0.0,1.0,1.0,0.0
1.67,28,1904,68.0,68.0,68.0,68.0,68.0,0.0,1.0,1.0,0.0
3.65,12,816,68.0,68.0,68.0,68.0,68.0,0.0,1.0,1.0,0.0
4.64,28,1904,68.0,68.0,68.0,68.0,68.0,0.0,1.0,1.0,0.0
8.51,71,19659,68.0,68.0,68.0,86.0,1168.0,331839.95913509245,0.8342041425639112,0.7887323943661971,0.0
6.89,90,32983,86.0,68.0,68.0,170.0,1474.6000000000004,514448.6717283951,0.7479993640362499,0.6888888888888889,0.0
1.16,14,6168,86.0,68.0,68.0,170.0,1358.8000000000006,544562.5306122449,0.9807321772639692,0.6428571428571429,0.0
7.59,40,2720,68.0,68.0,68.0,68.0,68.0,0.0,1.0,1.0,0.0
6.39,12,816,68.0,68.0,68.0,68.0,68.0,0.0,1.0,1.0,0.0
9.8,74,16975,68.0,68.0,68.0,86.0,544.9000000000011,234354.42750182617,0.8705234159779615,0.7972972972972973,0.0
1.94,28,1904,68.0,68.0,68.0,68.0,68.0,0.0,1.0,1.0,0.0
6.09,12,816,68.0,68.0,68.0,68.0,68.0,0.0,1.0,1.0,0.0
9.73,105,41098,86.0,68.0,68.0,170.0,1218.2000000000023,735263.3846712017,0.5419074060178585,0.6952380952380952,0.0
0.55,62,10320,86.0,68.0,68.0,183.0,248.0,66722.1186264308,1.595573440643863,0.6774193548387096,0.0
3.2,31,5160,86.0,68.0,68.0,183.0,248.0,66722.11862643082,1.595573440643863,0.6774193548387096,0.0
1.72,20,1360,68.0,68.0,68.0,68.0,68.0,0.0,1.0,1.0,0.0
2.53,12,816,68.0,68.0,68.0,68.0,68.0,0.0,1.0,1.0,0.0
6.04,28,1904,68.0,68.0,68.0,68.0,68.0,0.0,1.0,1.0,0.0
9.55,67,16157,68.0,68.0,68.0,86.0,491.79999999999967,251508.42548451773,1.026210183095059,0.7761194029850746,0.0
0.08,4,272,68.0,68.0,68.0,68.0,68.0,0.0,1.0,1.0,0.0
8.52,105,35519,86.0,68.0,68.0,170.0,1492.0000000000005,385955.95229024946,1.0011831652487464,0.6666666666666666,0.0
1.35,12,816,68.0,68.0,68.0,68.0,68.0,0.0,1.0,1.0,0.0
9.93,40,2720,68.0,68.0,68.0,68.0,68.0,0.0,1.0,1.0,0.0
2.5,28,1904,68.0,68.0,68.0,68.0,68.0,0.0,1.0,1.0,0.0
8.1,68,14128,68.0,68.0,68.0,86.0,494.2000000000018,136840.3858131488,1.7174456626274284,0.7941176470588235,0.0
0.59,12,816,68.0,68.0,68.0,68.0,68.0,0.0,1.0,1.0,0.0
6.63,85,28712,86.0,68.0,68.0,170.0,1264.2000000000014,306666.99044982705,1.091796590412356,0.6352941176470588,0.0
5.29,12,816,68.0,68.0,68.0,68.0,68.0,0.0,1.0,1.0,0.0
5.85,28,1904,68.0,68.0,68.0,68.0,68.0,0.0,1.0,1.0,0.0
5.48,12,816,68.0,68.0,68.0,68.0,68.0,0.0,1.0,1.0,0.0
0.46,20,1360,68.0,68.0,68.0,68.0,68.0,0.0,1.0,1.0,0.0
5.97,19,2974,86.0,68.0,68.0,154.0,486.0,23700.144044321332,0.12908124525436598,0.7368421052631579,0.0
4.22,39,16944,86.0,68.0,68.0,170.0,1342.4000000000005,882821.1203155816,0.5392441860465116,0.6410256410256411,0.0
4.16,28,1904,68.0,68.0,68.0,68.0,68.0,0.0,1.0,1.0,0.0
2.72,12,816,68.0,68.0,68.0,68.0,68.0,0.0,1.0,1.0,0.0
9.92,103,30557,86.0,68.0,68.0,170.0,1151.6,284950.8619096992,1.3047971036355408,0.6699029126213593,0.0
7.89,28,1904,68.0,68.0,68.0,68.0,68.0,0.0,1.0,1.0,0.0
8.16,40,2720,68.0,68.0,68.0,68.0,68.0,0.0,1.0,1.0,0.0
6.64,43,14328,86.0,68.0,68.0,170.0,1098.0000000000014,386336.3980530016,0.5671005140544679,0.6744186046511628,0.0
7.23,28,1904,68.0,68.0,68.0,68.0,68.0,0.0,1.0,1.0,0.0
8.22,107,40297,86.0,68.0,68.0,170.0,1516.0,513515.71508428693,0.9106253852354085,0.6822429906542056,0.0
8.3,57,8540,68.0,68.0,68.0,86.0,486.0,24117.232379193596,3.0245051837888783,0.7719298245614035,0.0
0.19,4,272,68.0,68.0,68.0,68.0,68.0,0.0,1.0,1.0,0.0
2.73,20,1360,68.0,68.0,68.0,68.0,68.0,0.0,1.0,1.0,0.0
3.96,16,1088,68.0,68.0,68.0,68.0,68.0,0.0,1.0,1.0,0.0
1.53,42,17273,86.0,68.0,68.0,170.0,1486.9999999999995,577278.0980725624,0.4363046732080492,0.6428571428571429,0.0
3.25,12,816,68.0,68.0,68.0,68.0,68.0,0.0,1.0,1.0,0.0
8.01,22,2444,68.0,68.0,68.0,68.0,86.0,31259.991735537187,1.955259975816203,0.9090909090909091,0.0
0.94,12,816,68.0,68.0,68.0,68.0,68.0,0.0,1.0,1.0,0.0
5.45,118,43982,86.0,68.0,68.0,170.0,1381.0,508515.50272910076,0.7440716948211595,0.6779661016949152,0.0
1.53,8,544,68.0,68.0,68.0,68.0,68.0,0.0,1.0,1.0,0.0
6.82,32,2176,68.0,68.0,68.0,68.0,68.0,0.0,1.0,1.0,0.0
3.66,8,544,68.0,68.0,68.0,68.0,68.0,0.0,1.0,1.0,0.0
5.15,32,2176,68.0,68.0,68.0,68.0,68.0,0.0,1.0,1.0,0.0
1.76,36,11924,86.0,68.0,68.0,170.0,1404.0,261211.17283950618,0.6697941464780843,0.6111111111111112,0.0
2.23,7,1378,86.0,68.0,68.0,286.0,498.0,37120.97959183673,0.1737649063032368,0.7142857142857143,0.0
0.45,16,1088,68.0,68.0,68.0,68.0,68.0,0.0,1.0,1.0,0.0
9.49,16,1088,68.0,68.0,68.0,68.0,68.0,0.0,1.0,1.0,0.0
6.48,102,48084,86.0,68.0,68.0,170.0,1516.0,665813.3010380622,1.1066374589266155,0.6372549019607843,0.0
9.05,40,2720,68.0,68.0,68.0,68.0,68.0,0.0,1.0,1.0,0.0
2.89,12,816,68.0,68.0,68.0,68.0,68.0,0.0,1.0,1.0,0.0
7.97,28,1904,68.0,68.0,68.0,68.0,68.0,0.0,1.0,1.0,0.0
4.39,38,14201,86.0,68.0,68.0,170.0,1516.0,422447.0477839334,0.9753790513284184,0.6052631578947368,0.0
9.78,40,2720,68.0,68.0,68.0,68.0,68.0,0.0,1.0,1.0,0.0
7.05,88,33471,86.0,68.0,68.0,170.0,1259.4,512944.8190857438,0.6960222954142387,0.6363636363636364,0.0
2.08,12,816,68.0,68.0,68.0,68.0,68.0,0.0,1.0,1.0,0.0
0.75,12,2560,86.0,68.0,68.0,486.0,486.0,37227.55555555554,2.2989690721649483,0.6666666666666666,0.0
7.32,20,1360,68.0,68.0,68.0,68.0,68.0,0.0,1.0,1.0,0.0
6.6,28,1904,68.0,68.0,68.0,68.0,68.0,0.0,1.0,1.0,0.0
8.53,51,17485,86.0,68.0,68.0,170.0,1239.0,496342.798923491,0.8622856534242198,0.7254901960784313,0.0
0.85,8,544,68.0,68.0,68.0,68.0,68.0,0.0,1.0,1.0,0.0
9.02,32,2176,68.0,68.0,68.0,68.0,68.0,0.0,1.0,1.0,0.0
5.99,100,34029,86.0,68.0,68.0,170.0,1516.0,362835.66589999996,1.2538746853887932,0.63,0.0
0.16,4,272,68.0,68.0,68.0,68.0,68.0,0.0,1.0,1.0,0.0
9.89,36,2448,68.0,68.0,68.0,68.0,68.0,0.0,1.0,1.0,0.0
5.72,12,816,68.0,68.0,68.0,68.0,68.0,0.0,1.0,1.0,0.0
6.0,28,1904,68.0,68.0,68.0,68.0,68.0,0.0,1.0,1.0,0.0
3.19,46,18414,86.0,68.0,71.0,170.0,1516.0,316441.34215500945,2.004405286343612,0.6086956521739131,0.0
9.04,40,2720,68.0,68.0,68.0,68.0,68.0,0.0,1.0,1.0,0.0
6.95,96,38158,86.0,68.0,68.0,170.0,1516.0,494850.5620659723,0.8597329174383468,0.6145833333333334,0.0
9.06,40,2720,68.0,68.0,68.0,68.0,68.0,0.0,1.0,1.0,0.0
8.42,40,2720,68.0,68.0,68.0,68.0,68.0,0.0,1.0,1.0,0.0
2.44,40,12473,86.0,68.0,68.0,170.0,1327.6000000000001,217095.09437499996,1.5081439774783834,0.625,0.0
1.9,28,1904,68.0,68.0,68.0,68.0,68.0,0.0,1.0,1.0,0.0
1.11,12,816,68.0,68.0,68.0,68.0,68.0,0.0,1.0,1.0,0.0
0.77,91,38520,86.0,68.0,68.0,179.0,1516.0,535875.5493297911,1.1147405984079055,0.6043956043956044,0.0
1.57,12,816,68.0,68.0,68.0,68.0,68.0,0.0,1.0,1.0,0.0
5.82,28,1904,68.0,68.0,68.0,68.0,68.0,0.0,1.0,1.0,0.0
5.31,12,816,68.0,68.0,68.0,68.0,68.0,0.0,1.0,1.0,0.0
2.57,28,1904,68.0,68.0,68.0,68.0,68.0,0.0,1.0,1.0,0.0
6.56,37,17346,86.0,68.0,68.0,170.0,1516.0,710835.1263696129,0.9951690821256038,0.5945945945945946,0.0
9.3,40,2720,68.0,68.0,68.0,68.0,68.0,0.0,1.0,1.0,0.0
7.33,95,42555,86.0,68.0,68.0,170.0,1516.0,664000.8709141274,0.8141706100524364,0.6421052631578947,0.0
7.3,40,2720,68.0,68.0,68.0,68.0,68.0,0.0,1.0,1.0,0.0
7.53,40,2720,68.0,68.0,68.0,68.0,68.0,0.0,1.0,1.0,0.0
7.75,54,19439,86.0,68.0,68.0,222.0,1060.8000000000002,347294.4626200274,0.5507778220981252,0.6111111111111112,0.0
3.35,24,1632,68.0,68.0,68.0,68.0,68.0,0.0,1.0,1.0,0.0
7.14,16,1088,68.0,68.0,68.0,68.0,68.0,0.0,1.0,1.0,0.0
7.12,97,42935,86.0,68.0,68.0,273.0,1516.0,505134.7900945903,1.5043747083527765,0.5876288659793815,0.0
3.01,12,816,68.0,68.0,68.0,68.0,68.0,0.0,1.0,1.0,0.0
0.53,20,1360,68.0,68.0,68.0,68.0,68.0,0.0,1.0,1.0,0.0
9.95,20,1360,68.0,68.0,68.0,68.0,68.0,0.0,1.0,1.0,0.0
8.96,59,13786,68.0,68.0,68.0,86.0,316.20000000000107,234846.56305659295,1.7434825870646766,0.7966101694915254,0.0
5.74,12,3713,86.0,68.0,68.0,170.0,1065.5000000000005,237392.07638888888,0.793719806763285,0.6666666666666666,0.0
0.91,28,1904,68.0,68.0,68.0,68.0,68.0,0.0,1.0,1.0,0.0
8.23,107,39347,86.0,68.0,68.0,170.0,1507.6000000000001,373176.7396279151,1.3008595988538683,0.6542056074766355,0.0
8.22,67,10908,68.0,68.0,68.0,154.0,504.0,27659.94742704388,1.1548794942710392,0.746268656716418,0.0
7.94,40,2720,68.0,68.0,68.0,68.0,68.0,0.0,1.0,1.0,0.0
6.72,55,19306,86.0,68.0,68.0,170.0,1472.8000000000002,270777.98148760333,2.409749205227835,0.6727272727272727,0.0
9.37,28,1904,68.0,68.0,68.0,68.0,68.0,0.0,1.0,1.0,0.0
7.87,106,43355,86.0,68.0,68.0,170.0,1516.0,537443.9338732645,0.9444319863658788,0.6509433962264151,0.0
4.3,12,816,68.0,68.0,68.0,68.0,68.0,0.0,1.0,1.0,0.0
9.26,36,2448,68.0,68.0,68.0,68.0,68.0,0.0,1.0,1.0,0.0
9.7,32,2176,68.0,68.0,68.0,68.0,68.0,0.0,1.0,1.0,0.0
5.47,55,16530,86.0,68.0,68.0,486.0,823.6000000000004,167575.73884297517,1.1958023379383635,0.6181818181818182,0.0
5.41,20,1360,68.0,68.0,68.0,68.0,68.0,0.0,1.0,1.0,0.0
5.25,20,1360,68.0,68.0,68.0,68.0,68.0,0.0,1.0,1.0,0.0
9.33,97,37257,86.0,68.0,68.0,170.0,1516.0,423377.0120097778,1.1717866511221218,0.6391752577319587,0.0
1.74,4,272,68.0,68.0,68.0,68.0,68.0,0.0,1.0,1.0,0.0
4.39,32,2176,68.0,68.0,68.0,68.0,68.0,0.0,1.0,1.0,0.0
5.4,12,816,68.0,68.0,68.0,68.0,68.0,0.0,1.0,1.0,0.0
3.08,28,1904,68.0,68.0,68.0,68.0,68.0,0.0,1.0,1.0,0.0
1.29,39,14702,86.0,68.0,68.0,170.0,1422.4000000000003,424153.1531886916,0.9967404590520168,0.6410256410256411,0.0
0.84,28,1904,68.0,68.0,68.0,68.0,68.0,0.0,1.0,1.0,0.0
7.07,105,40980,86.0,68.0,68.0,170.0,1492.8000000000004,556622.9659863946,0.9178210408086859,0.6666666666666666,0.0
4.12,12,816,68.0,68.0,68.0,68.0,68.0,0.0,1.0,1.0,0.0
2.29,28,1904,68.0,68.0,68.0,68.0,68.0,0.0,1.0,1.0,0.0
0.52,12,816,68.0,68.0,68.0,68.0,68.0,0.0,1.0,1.0,0.0
8.88,77,16475,68.0,68.0,68.0,86.0,254.8000000000012,192547.93354697252,0.9634131807889406,0.7662337662337663,0.0
7.79,28,1904,68.0,68.0,68.0,68.0,68.0,0.0,1.0,1.0,0.0
7.14,99,39018,86.0,68.0,68.0,170.0,1516.0,489397.6822773188,0.9243440520812783,0.6565656565656566,0.0
5.81,12,816,68.0,68.0,68.0,68.0,68.0,0.0,1.0,1.0,0.0
2.99,28,1904,68.0,68.0,68.0,68.0,68.0,0.0,1.0,1.0,0.0
3.16,12,816,68.0,68.0,68.0,68.0,68.0,0.0,1.0,1.0,0.0
3.02,28,1904,68.0,68.0,68.0,68.0,68.0,0.0,1.0,1.0,0.0
9.35,68,16026,68.0,68.0,68.0,86.0,1028.1000000000013,172095.5423875432,2.1221507890122737,0.7794117647058824,0.0
1.08,12,816,68.0,68.0,68.0,68.0,68.0,0.0,1.0,1.0,0.0
2.29,95,33563,86.0,68.0,68.0,170.0,1516.0,310101.2604986149,1.648804356404388,0.6210526315789474,0.0
2.6,12,816,68.0,68.0,68.0,68.0,68.0,0.0,1.0,1.0,0.0
3.82,28,1904,68.0,68.0,68.0,68.0,68.0,0.0,1.0,1.0,0.0
0.88,12,816,68.0,68.0,68.0,68.0,68.0,0.0,1.0,1.0,0.0
9.35,71,19848,68.0,68.0,68.0,86.0,894.0,360783.5433445746,1.199224376731302,0.7746478873239436,0.0
2.73,28,1904,68.0,68.0,68.0,68.0,68.0,0.0,1.0,1.0,0.0
0.79,12,816,68.0,68.0,68.0,68.0,68.0,0.0,1.0,1.0,0.0
0.5,64,22517,86.0,68.0,68.0,170.0,1012.3000000000002,492028.4548339844,0.7181991606257154,0.65625,0.0
8.86,39,12787,68.0,68.0,68.0,128.0,1329.6000000000006,366659.137409599,1.1545071609098567,0.7435897435897436,0.0
0.94,28,1904,68.0,68.0,68.0,68.0,68.0,0.0,1.0,1.0,0.0
2.23,12,816,68.0,68.0,68.0,68.0,68.0,0.0,1.0,1.0,0.0
0.47,16,1088,68.0,68.0,68.0,68.0,68.0,0.0,1.0,1.0,0.0
1.69,12,816,68.0,68.0,68.0,68.0,68.0,0.0,1.0,1.0,0.0
2.02,40,14937,86.0,68.0,68.0,170.0,1516.0,531551.894375,0.7176862925482981,0.625,0.0
8.84,36,2448,68.0,68.0,68.0,68.0,68.0,0.0,1.0,1.0,0.0
3.92,4,272,68.0,68.0,68.0,68.0,68.0,0.0,1.0,1.0,0.0
5.88,87,35996,86.0,68.0,68.0,170.0,1516.0,508877.95904346666,0.8855945521215296,0.5977011494252874,0.0
9.84,40,2720,68.0,68.0,68.0,68.0,68.0,0.0,1.0,1.0,0.0
1.43,12,816,68.0,68.0,68.0,68.0,68.0,0.0,1.0,1.0,0.0
6.67,28,1904,68.0,68.0,68.0,68.0,68.0,0.0,1.0,1.0,0.0
9.19,70,20811,68.0,68.0,68.0,86.0,1095.7000000000007,313320.8385714284,0.793124246079614,0.7571428571428571,0.0
0.22,4,272,68.0,68.0,68.0,68.0,68.0,0.0,1.0,1.0,0.0
3.0,8,544,68.0,68.0,68.0,68.0,68.0,0.0,1.0,1.0,0.0
7.81,100,41759,86.0,68.0,68.0,170.0,1516.0,427724.0219,1.082223884318125,0.61,0.0
0.08,4,272,68.0,68.0,68.0,68.0,68.0,0.0,1.0,1.0,0.0
9.97,36,2448,68.0,68.0,68.0,68.0,68.0,0.0,1.0,1.0,0.0
9.13,40,2720,68.0,68.0,68.0,68.0,68.0,0.0,1.0,1.0,0.0
3.38,41,14302,86.0,68.0,68.0,170.0,1439.0,273054.67816775735,1.6329160530191458,0.6341463414634146,0.0
5.83,28,1904,68.0,68.0,68.0,68.0,68.0,0.0,1.0,1.0,0.0
0.71,12,816,68.0,68.0,68.0,68.0,68.0,0.0,1.0,1.0,0.0
5.99,92,36248,86.0,68.0,68.0,170.0,1516.0,399740.39130434784,1.2810395821534202,0.6086956521739131,0.0
4.03,12,816,68.0,68.0,68.0,68.0,68.0,0.0,1.0,1.0,0.0
6.16,28,1904,68.0,68.0,68.0,68.0,68.0,0.0,1.0,1.0,0.0
7.95,40,2720,68.0,68.0,68.0,68.0,68.0,0.0,1.0,1.0,0.0
9.21,67,13674,68.0,68.0,68.0,86.0,170.0,262469.156159501,0.5405588102748986,0.8059701492537313,0.0
8.03,100,34152,86.0,68.0,68.0,170.0,1301.800000000002,391700.9295999999,0.9468703682590355,0.67,0.0
5.74,12,816,68.0,68.0,68.0,68.0,68.0,0.0,1.0,1.0,0.0
8.78,32,2176,68.0,68.0,68.0,68.0,68.0,0.0,1.0,1.0,0.0
2.39,8,544,68.0,68.0,68.0,68.0,68.0,0.0,1.0,1.0,0.0
3.92,28,1904,68.0,68.0,68.0,68.0,68.0,0.0,1.0,1.0,0.0
4.41,39,14195,86.0,68.0,68.0,170.0,960.800000000002,544137.5121630506,0.51948190965532,0.6410256410256411,0.0
0.94,28,1904,68.0,68.0,68.0,68.0,68.0,0.0,1.0,1.0,0.0
7.21,102,33405,86.0,68.0,68.0,170.0,935.1000000000004,398469.85784313723,0.7018187375821489,0.696078431372549,0.0
8.62,40,2720,68.0,68.0,68.0,68.0,68.0,0.0,1.0,1.0,0.0
8.19,40,2720,68.0,68.0,68.0,68.0,68.0,0.0,1.0,1.0,0.0
3.0,40,14604,86.0,68.0,68.0,170.0,1358.9,501792.09,1.0676766246637406,0.65,0.0
8.26,28,1904,68.0,68.0,68.0,68.0,68.0,0.0,1.0,1.0,0.0
8.58,110,41384,86.0,68.0,68.0,170.0,1516.0,456055.9705785124,1.3748421898312866,0.6545454545454545,0.0
2.07,12,816,68.0,68.0,68.0,68.0,68.0,0.0,1.0,1.0,0.0
4.64,28,1904,68.0,68.0,68.0,68.0,68.0,0.0,1.0,1.0,0.0
1.66,12,816,68.0,68.0,68.0,68.0,68.0,0.0,1.0,1.0,0.0
1.7,28,1904,68.0,68.0,68.0,68.0,68.0,0.0,1.0,1.0,0.0
4.45,39,13228,86.0,68.0,68.0,170.0,1456.8000000000002,238197.32675871134,1.67719085205424,0.5897435897435898,0.0
2.28,28,1904,68.0,68.0,68.0,68.0,68.0,0.0,1.0,1.0,0.0
5.49,12,816,68.0,68.0,68.0,68.0,68.0,0.0,1.0,1.0,0.0
3.96,86,39192,86.0,68.0,68.0,170.0,1516.0,580286.0849107627,1.0943728958478063,0.5930232558139535,0.0
8.29,40,2720,68.0,68.0,68.0,68.0,68.0,0.0,1.0,1.0,0.0
5.36,12,816,68.0,68.0,68.0,68.0,68.0,0.0,1.0,1.0,0.0
0.12,8,544,68.0,68.0,68.0,68.0,68.0,0.0,1.0,1.0,0.0
6.31,20,1360,68.0,68.0,68.0,68.0,68.0,0.0,1.0,1.0,0.0
1.44,41,16172,86.0,68.0,80.0,170.0,1516.0,398076.88042831636,1.7853944195659663,0.6097560975609756,0.0
4.14,28,1904,68.0,68.0,68.0,68.0,68.0,0.0,1.0,1.0,0.0
7.77,104,41029,86.0,68.0,68.0,170.0,1429.9000000000008,607507.8268306213,0.6862849862315564,0.6826923076923077,0.0
6.95,40,2720,68.0,68.0,68.0,68.0,68.0,0.0,1.0,1.0,0.0
0.17,4,272,68.0,68.0,68.0,68.0,68.0,0.0,1.0,1.0,0.0
0.81,8,544,68.0,68.0,68.0,68.0,68.0,0.0,1.0,1.0,0.0
4.72,28,1904,68.0,68.0,68.0,68.0,68.0,0.0,1.0,1.0,0.0
1.43,41,16742,86.0,68.0,68.0,202.0,1516.0,426702.2736466389,1.4872975783687417,0.5853658536585366,0.0
5.62,28,1904,68.0,68.0,68.0,68.0,68.0,0.0,1.0,1.0,0.0
5.61,12,816,68.0,68.0,68.0,68.0,68.0,0.0,1.0,1.0,0.0
0.04,9,2322,86.0,68.0,86.0,170.0,614.6000000000001,103314.88888888889,1.7741935483870968,0.5555555555555556,0.0
5.45,77,33974,86.0,68.0,68.0,170.0,1516.0,614237.548659133,0.7331020762128245,0.6103896103896104,0.0
6.7,32,2176,68.0,68.0,68.0,68.0,68.0,0.0,1.0,1.0,0.0
7.06,8,544,68.0,68.0,68.0,68.0,68.0,0.0,1.0,1.0,0.0
0.72,12,816,68.0,68.0,68.0,68.0,68.0,0.0,1.0,1.0,0.0
6.49,28,1904,68.0,68.0,68.0,68.0,68.0,0.0,1.0,1.0,0.0
7.16,64,23664,68.0,68.0,68.0,170.0,1516.0,440463.65625,1.4946236559139785,0.71875,0.0
8.47,20,1360,68.0,68.0,68.0,68.0,68.0,0.0,1.0,1.0,0.0
0.66,90,36973,86.0,68.0,68.0,170.0,1516.0,514066.55320987635,1.0295877477081847,0.6222222222222222,0.0
6.59,20,1360,68.0,68.0,68.0,68.0,68.0,0.0,1.0,1.0,0.0
3.35,20,1360,68.0,68.0,68.0,68.0,68.0,0.0,1.0,1.0,0.0
2.54,12,816,68.0,68.0,68.0,68.0,68.0,0.0,1.0,1.0,0.0
7.92,28,1904,68.0,68.0,68.0,68.0,68.0,0.0,1.0,1.0,0.0
3.27,39,14039,86.0,68.0,68.0,170.0,1136.0000000000014,385385.0506245891,0.9868383809793376,0.6410256410256411,0.0
2.6,28,1904,68.0,68.0,68.0,68.0,68.0,0.0,1.0,1.0,0.0
4.79,12,816,68.0,68.0,68.0,68.0,68.0,0.0,1.0,1.0,0.0
5.13,83,33035,86.0,68.0,68.0,170.0,1412.3999999999992,478254.37334881705,0.7212901208837016,0.6144578313253012,0.0
2.39,12,816,68.0,68.0,68.0,68.0,68.0,0.0,1.0,1.0,0.0
4.78,28,1904,68.0,68.0,68.0,68.0,68.0,0.0,1.0,1.0,0.0
1.78,12,816,68.0,68.0,68.0,68.0,68.0,0.0,1.0,1.0,0.0
1.66,28,1904,68.0,68.0,68.0,68.0,68.0,0.0,1.0,1.0,0.0
8.18,66,14027,68.0,68.0,68.0,86.0,181.0,270066.7339302112,0.46603260869565216,0.803030303030303,0.0
6.36,24,6235,68.0,68.0,68.0,86.0,170.0,554018.998263889,0.336262323189027,0.8333333333333334,0.0
7.68,79,31692,86.0,68.0,68.0,170.0,1516.0,555521.5298830316,1.0424051040793967,0.620253164556962,0.0
2.28,12,816,68.0,68.0,68.0,68.0,68.0,0.0,1.0,1.0,0.0
6.91,28,1904,68.0,68.0,68.0,68.0,68.0,0.0,1.0,1.0,0.0
0.27,8,544,68.0,68.0,68.0,68.0,68.0,0.0,1.0,1.0,0.0
6.89,32,2176,68.0,68.0,68.0,68.0,68.0,0.0,1.0,1.0,0.0
1.78,45,18280,86.0,68.0,68.0,170.0,1516.0,395720.0395061728,0.884924726747783,0.6444444444444445,0.0
5.47,28,1904,68.0,68.0,68.0,68.0,68.0,0.0,1.0,1.0,0.0
4.54,12,816,68.0,68.0,68.0,68.0,68.0,0.0,1.0,1.0,0.0
0.55,79,35752,86.0,68.0,68.0,170.0,1516.0,656846.8543502645,0.7876893844692234,0.6075949367088608,0.0
0.39,12,5090,86.0,68.0,68.0,170.0,430.1000000000001,971931.4722222221,0.22562003371057068,0.6666666666666666,0.0
6.9,36,2448,68.0,68.0,68.0,68.0,68.0,0.0,1.0,1.0,0.0
4.68,4,272,68.0,68.0,68.0,68.0,68.0,0.0,1.0,1.0,0.0
8.89,40,2720,68.0,68.0,68.0,68.0,68.0,0.0,1.0,1.0,0.0
8.09,68,16780,68.0,68.0,68.0,86.0,438.8000000000001,272805.12110726646,1.0961898813241724,0.7794117647058824,0.0
0.59,12,816,68.0,68.0,68.0,68.0,68.0,0.0,1.0,1.0,0.0
1.94,94,35904,86.0,68.0,68.0,170.0,1516.0,452150.6577636939,1.119355409952187,0.6382978723404256,0.0
4.44,12,816,68.0,68.0,68.0,68.0,68.0,0.0,1.0,1.0,0.0
9.04,32,2176,68.0,68.0,68.0,68.0,68.0,0.0,1.0,1.0,0.0
7.95,36,2448,68.0,68.0,68.0,68.0,68.0,0.0,1.0,1.0,0.0
2.6,38,11865,86.0,68.0,68.0,170.0,1186.3000000000015,274451.28601108043,1.041817243159525,0.6578947368421053,0.0
8.05,28,1904,68.0,68.0,68.0,68.0,68.0,0.0,1.0,1.0,0.0
2.67,12,816,68.0,68.0,68.0,68.0,68.0,0.0,1.0,1.0,0.0
6.76,88,37666,86.0,68.0,68.0,170.0,1516.0,639417.3403925621,0.7625643425362658,0.6363636363636364,0.0
8.41,40,2720,68.0,68.0,68.0,68.0,68.0,0.0,1.0,1.0,0.0
8.59,40,2720,68.0,68.0,68.0,68.0,68.0,0.0,1.0,1.0,0.0
1.05,39,17615,86.0,68.0,74.0,170.0,1516.0,672795.0940170941,0.4803765022270779,0.5897435897435898,0.0
7.01,28,1904,68.0,68.0,68.0,68.0,68.0,0.0,1.0,1.0,0.0
6.54,70,27571,86.0,68.0,68.0,170.0,1516.0,620414.9406122451,0.6869187469407734,0.7142857142857143,0.0
1.4,38,14891,86.0,68.0,68.0,170.0,1245.3000000000004,551179.7984764542,0.7904292413129734,0.6578947368421053,0.0
0.23,4,272,68.0,68.0,68.0,68.0,68.0,0.0,1.0,1.0,0.0
3.76,8,544,68.0,68.0,68.0,68.0,68.0,0.0,1.0,1.0,0.0
4.46,28,1904,68.0,68.0,68.0,68.0,68.0,0.0,1.0,1.0,0.0
8.13,40,2720,68.0,68.0,68.0,68.0,68.0,0.0,1.0,1.0,0.0
9.48,66,19545,68.0,68.0,68.0,86.0,485.5,558424.6329201102,0.8201713540696591,0.7727272727272727,0.0
2.02,12,816,68.0,68.0,68.0,68.0,68.0,0.0,1.0,1.0,0.0
9.77,106,39029,86.0,68.0,68.0,170.0,1502.0,426015.04565681744,1.1474002751031638,0.6698113207547169,0.0
4.82,28,1904,68.0,68.0,68.0,68.0,68.0,0.0,1.0,1.0,0.0
9.83,40,2720,68.0,68.0,68.0,68.0,68.0,0.0,1.0,1.0,0.0
1.65,12,1120,86.0,68.0,68.0,126.0,126.0,587.5555555555554,1.0,0.6666666666666666,0.0
9.97,53,16694,86.0,68.0,68.0,170.0,1438.0000000000005,283066.5468138128,1.4633318577541685,0.7169811320754716,0.0
5.9,24,1632,68.0,68.0,68.0,68.0,68.0,0.0,1.0,1.0,0.0
2.52,89,31635,86.0,68.0,68.0,170.0,1350.4000000000005,470932.7642974373,0.9173889326625856,0.6179775280898876,0.0
4.97,12,816,68.0,68.0,68.0,68.0,68.0,0.0,1.0,1.0,0.0
6.97,28,1904,68.0,68.0,68.0,68.0,68.0,0.0,1.0,1.0,0.0
6.3,12,816,68.0,68.0,68.0,68.0,68.0,0.0,1.0,1.0,0.0
7.82,28,1904,68.0,68.0,68.0,68.0,68.0,0.0,1.0,1.0,0.0
9.94,69,18980,68.0,68.0,68.0,86.0,1192.2000000000003,320738.5019953791,0.9949548034475509,0.782608695652174,0.0
7.37,109,39055,86.0,68.0,68.0,170.0,1516.0,440822.4129282047,0.8271345029239766,0.6697247706422018,0.0
4.14,12,816,68.0,68.0,68.0,68.0,68.0,0.0,1.0,1.0,0.0
0.19,4,272,68.0,68.0,68.0,68.0,68.0,0.0,1.0,1.0,0.0
5.0,24,1632,68.0,68.0,68.0,68.0,68.0,0.0,1.0,1.0,0.0
3.89,12,816,68.0,68.0,68.0,68.0,68.0,0.0,1.0,1.0,0.0
2.21,28,1904,68.0,68.0,68.0,68.0,68.0,0.0,1.0,1.0,0.0
9.1,68,20857,68.0,68.0,68.0,86.0,769.0000000000005,481818.23075259523,0.783869312350325,0.7794117647058824,0.0
1.41,12,816,68.0,68.0,68.0,68.0,68.0,0.0,1.0,1.0,0.0
2.88,94,41409,86.0,68.0,68.0,170.0,1516.0,590882.0793345405,1.0637428357837029,0.6170212765957447,0.0
7.22,40,2720,68.0,68.0,68.0,68.0,68.0,0.0,1.0,1.0,0.0
4.34,12,816,68.0,68.0,68.0,68.0,68.0,0.0,1.0,1.0,0.0
9.01,69,12301,68.0,68.0,68.0,86.0,176.8000000000001,128782.7502625499,1.5253541367275714,0.7971014492753623,0.0
2.0,28,1904,68.0,68.0,68.0,68.0,68.0,0.0,1.0,1.0,0.0
5.77,12,816,68.0,68.0,68.0,68.0,68.0,0.0,1.0,1.0,0.0
9.86,98,35920,86.0,68.0,68.0,170.0,1516.0,491446.9021241149,0.8275248028491478,0.6428571428571429,0.0
4.4,28,1904,68.0,68.0,68.0,68.0,68.0,0.0,1.0,1.0,0.0
2.08,12,816,68.0,68.0,68.0,68.0,68.0,0.0,1.0,1.0,0.0
5.84,28,1904,68.0,68.0,68.0,68.0,68.0,0.0,1.0,1.0,0.0
4.55,38,16050,86.0,68.0,72.5,189.5,1516.0,478471.811634349,0.80235822571589,0.5789473684210527,0.0
8.57,32,2176,68.0,68.0,68.0,68.0,68.0,0.0,1.0,1.0,0.0
0.72,8,544,68.0,68.0,68.0,68.0,68.0,0.0,1.0,1.0,0.0
1.01,88,34239,86.0,68.0,68.0,170.0,1470.4999999999998,566566.3913997933,0.8687370374413274,0.6136363636363636,0.0
6.59,24,1632,68.0,68.0,68.0,68.0,68.0,0.0,1.0,1.0,0.0
0.69,16,1088,68.0,68.0,68.0,68.0,68.0,0.0,1.0,1.0,0.0
0.36,8,544,68.0,68.0,68.0,68.0,68.0,0.0,1.0,1.0,0.0
1.58,4,272,68.0,68.0,68.0,68.0,68.0,0.0,1.0,1.0,0.0
7.83,28,1904,68.0,68.0,68.0,68.0,68.0,0.0,1.0,1.0,0.0
5.55,39,13745,86.0,68.0,68.0,170.0,1298.4000000000008,440951.98948060494,0.9353703182202197,0.6410256410256411,0.0
9.87,40,2720,68.0,68.0,68.0,68.0,68.0,0.0,1.0,1.0,0.0
3.39,88,29519,86.0,68.0,68.0,170.0,1449.4999999999998,255756.99677169425,1.4211778215223096,0.6136363636363636,0.0
0.72,12,816,68.0,68.0,68.0,68.0,68.0,0.0,1.0,1.0,0.0
3.18,28,1904,68.0,68.0,68.0,68.0,68.0,0.0,1.0,1.0,0.0
6.88,32,2176,68.0,68.0,68.0,68.0,68.0,0.0,1.0,1.0,0.0
7.6,8,544,68.0,68.0,68.0,68.0,68.0,0.0,1.0,1.0,0.0
3.12,39,16249,86.0,68.0,68.0,390.0,1516.0,411851.6660092044,1.0810706967213115,0.5897435897435898,0.0
7.82,28,1904,68.0,68.0,68.0,68.0,68.0,0.0,1.0,1.0,0.0
6.81,108,40957,86.0,68.0,68.0,170.0,1516.0,372157.3630829904,1.6148885909468174,0.6388888888888888,0.0
1.87,12,816,68.0,68.0,68.0,68.0,68.0,0.0,1.0,1.0,0.0
0.5,16,1088,68.0,68.0,68.0,68.0,68.0,0.0,1.0,1.0,0.0
9.03,24,1632,68.0,68.0,68.0,68.0,68.0,0.0,1.0,1.0,0.0
2.63,28,1904,68.0,68.0,68.0,68.0,68.0,0.0,1.0,1.0,0.0
7.28,65,17682,68.0,68.0,68.0,170.0,1229.200000000001,205997.56828402367,1.7140445126630852,0.7230769230769231,0.0
9.53,16,1088,68.0,68.0,68.0,68.0,68.0,0.0,1.0,1.0,0.0
1.28,92,34607,86.0,68.0,68.0,170.0,1515.7,435724.9408081285,1.2621911360962217,0.6195652173913043,0.0
1.24,12,816,68.0,68.0,68.0,68.0,68.0,0.0,1.0,1.0,0.0
4.92,28,1904,68.0,68.0,68.0,68.0,68.0,0.0,1.0,1.0,0.0
8.42,40,2720,68.0,68.0,68.0,68.0,68.0,0.0,1.0,1.0,0.0
2.59,42,15880,86.0,68.0,68.0,170.0,1484.6999999999996,409260.84807256225,1.4292488909285606,0.6428571428571429,0.0
6.75,28,1904,68.0,68.0,68.0,68.0,68.0,0.0,1.0,1.0,0.0
3.33,12,816,68.0,68.0,68.0,68.0,68.0,0.0,1.0,1.0,0.0
5.04,90,35120,86.0,68.0,68.0,170.0,1258.5000000000002,643860.4172839507,0.6770127017476841,0.6444444444444445,0.0
5.43,12,816,68.0,68.0,68.0,68.0,68.0,0.0,1.0,1.0,0.0
6.3,28,1904,68.0,68.0,68.0,68.0,68.0,0.0,1.0,1.0,0.0
7.3,40,2720,68.0,68.0,68.0,68.0,68.0,0.0,1.0,1.0,0.0
3.64,41,17146,86.0,68.0,68.0,170.0,1516.0,539167.4253420583,1.0300734075301918,0.6341463414634146,0.0
3.21,28,1904,68.0,68.0,68.0,68.0,68.0,0.0,1.0,1.0,0.0
7.03,93,36782,86.0,68.0,68.0,170.0,1424.1999999999994,487033.71233668627,1.0696601395453522,0.6344086021505376,0.0
7.65,40,2720,68.0,68.0,68.0,68.0,68.0,0.0,1.0,1.0,0.0
4.32,12,816,68.0,68.0,68.0,68.0,68.0,0.0,1.0,1.0,0.0
5.19,28,1904,68.0,68.0,68.0,68.0,68.0,0.0,1.0,1.0,0.0
3.81,42,19305,86.0,68.0,68.0,170.0,1516.0,601392.2772108844,1.370747881616112,0.6190476190476191,0.0
3.49,28,1904,68.0,68.0,68.0,68.0,68.0,0.0,1.0,1.0,0.0
3.8,12,816,68.0,68.0,68.0,68.0,68.0,0.0,1.0,1.0,0.0
8.59,86,29847,86.0,68.0,68.0,170.0,1298.0,406575.0315035154,0.8012673506336753,0.6395348837209303,0.0
6.5,24,1632,68.0,68.0,68.0,68.0,68.0,0.0,1.0,1.0,0.0
6.54,16,1088,68.0,68.0,68.0,68.0,68.0,0.0,1.0,1.0,0.0
7.05,40,2720,68.0,68.0,68.0,68.0,68.0,0.0,1.0,1.0,0.0
8.44,68,16557,68.0,68.0,68.0,86.0,388.7000000000008,282123.0144896194,1.0350294985250736,0.7794117647058824,0.0
1.63,12,816,68.0,68.0,68.0,68.0,68.0,0.0,1.0,1.0,0.0
8.87,79,34902,86.0,68.0,77.0,282.0,1516.0,431901.098221439,1.1755282677803403,0.569620253164557,0.0
9.48,40,2720,68.0,68.0,68.0,68.0,68.0,0.0,1.0,1.0,0.0
1.08,12,816,68.0,68.0,68.0,68.0,68.0,0.0,1.0,1.0,0.0
2.75,28,1904,68.0,68.0,68.0,68.0,68.0,0.0,1.0,1.0,0.0
0.42,26,7990,86.0,68.0,68.0,170.0,972.0,228336.3668639054,1.2355903749300503,0.6538461538461539,0.0
4.28,12,4467,86.0,68.0,81.5,287.5,1344.7000000000003,264266.6875,1.3498158863755918,0.5833333333333334,0.0
0.22,4,272,68.0,68.0,68.0,68.0,68.0,0.0,1.0,1.0,0.0
2.0,24,1632,68.0,68.0,68.0,68.0,68.0,0.0,1.0,1.0,0.0
7.48,107,36253,86.0,68.0,68.0,170.0,1491.4000000000003,438032.22674469376,0.7955029468575108,0.6822429906542056,0.0
6.87,36,2448,68.0,68.0,68.0,68.0,68.0,0.0,1.0,1.0,0.0
1.15,4,272,68.0,68.0,68.0,68.0,68.0,0.0,1.0,1.0,0.0
9.37,40,2720,68.0,68.0,68.0,68.0,68.0,0.0,1.0,1.0,0.0
8.16,65,12762,68.0,68.0,68.0,86.0,170.0,142181.0546745562,1.3373626373626373,0.8,0.0
8.49,114,40859,86.0,68.0,68.0,170.0,1516.0,394478.1370421669,1.0298574196433008,0.6754385964912281,0.0
4.88,12,816,68.0,68.0,68.0,68.0,68.0,0.0,1.0,1.0,0.0
0.22,8,544,68.0,68.0,68.0,68.0,68.0,0.0,1.0,1.0,0.0
2.51,20,1360,68.0,68.0,68.0,68.0,68.0,0.0,1.0,1.0,0.0
9.76,40,2720,68.0,68.0,68.0,68.0,68.0,0.0,1.0,1.0,0.0
7.22,57,14678,68.0,68.0,68.0,170.0,950.0,172807.26746691292,2.155202063628547,0.7368421052631579,0.0
6.48,8,544,68.0,68.0,68.0,68.0,68.0,0.0,1.0,1.0,0.0
3.67,12,816,68.0,68.0,68.0,68.0,68.0,0.0,1.0,1.0,0.0
6.66,97,42230,86.0,68.0,68.0,170.0,1516.0,543244.890424062,1.224036233410575,0.6082474226804123,0.0
2.23,12,816,68.0,68.0,68.0,68.0,68.0,0.0,1.0,1.0,0.0
1.85,28,1904,68.0,68.0,68.0,68.0,68.0,0.0,1.0,1.0,0.0
4.59,12,816,68.0,68.0,68.0,68.0,68.0,0.0,1.0,1.0,0.0
9.53,68,23108,68.0,68.0,68.0,86.0,1459.3000000000004,457517.26297577855,1.1832955404383976,0.7647058823529411,0.0
2.93,28,1904,68.0,68.0,68.0,68.0,68.0,0.0,1.0,1.0,0.0
0.56,12,816,68.0,68.0,68.0,68.0,68.0,0.0,1.0,1.0,0.0
6.58,97,42569,86.0,68.0,68.0,170.0,1516.0,593610.9894781592,1.143130443538237,0.6185567010309279,0.0
4.05,12,816,68.0,68.0,68.0,68.0,68.0,0.0,1.0,1.0,0.0
6.76,28,1904,68.0,68.0,68.0,68.0,68.0,0.0,1.0,1.0,0.0
9.69,40,2720,68.0,68.0,68.0,68.0,68.0,0.0,1.0,1.0,0.0
9.13,72,18033,68.0,68.0,68.0,86.0,568.6999999999994,307297.2204861112,0.8710313343017223,0.8055555555555556,0.0
3.88,12,816,68.0,68.0,68.0,68.0,68.0,0.0,1.0,1.0,0.0
8.57,94,32493,86.0,68.0,68.0,170.0,1186.8000000000002,390790.58272974193,1.259596662030598,0.6382978723404256,0.0
4.41,12,816,68.0,68.0,68.0,68.0,68.0,0.0,1.0,1.0,0.0
3.01,28,1904,68.0,68.0,68.0,68.0,68.0,0.0,1.0,1.0,0.0
8.29,40,2720,68.0,68.0,68.0,68.0,68.0,0.0,1.0,1.0,0.0
2.09,39,12956,86.0,68.0,68.0,170.0,1348.6000000000006,292074.9322813939,1.1100977198697068,0.6410256410256411,0.0
5.75,28,1904,68.0,68.0,68.0,68.0,68.0,0.0,1.0,1.0,0.0
0.46,8,544,68.0,68.0,68.0,68.0,68.0,0.0,1.0,1.0,0.0
7.94,96,36025,86.0,68.0,68.0,170.0,1516.0,443797.33843315975,0.8914732752283944,0.6458333333333334,0.0
0.73,12,816,68.0,68.0,68.0,68.0,68.0,0.0,1.0,1.0,0.0
8.27,28,1904,68.0,68.0,68.0,68.0,68.0,0.0,1.0,1.0,0.0
2.73,12,816,68.0,68.0,68.0,68.0,68.0,0.0,1.0,1.0,0.0
9.63,68,18250,68.0,68.0,68.0,86.0,1161.700000000001,245917.23615916955,1.2912743251726302,0.7794117647058824,0.0
1.27,28,1904,68.0,68.0,68.0,68.0,68.0,0.0,1.0,1.0,0.0
2.45,12,816,68.0,68.0,68.0,68.0,68.0,0.0,1.0,1.0,0.0
6.96,96,38246,86.0,68.0,80.0,170.0,1516.0,413777.09331597225,1.5328476821192052,0.6145833333333334,0.0
5.85,12,816,68.0,68.0,68.0,68.0,68.0,0.0,1.0,1.0,0.0
9.6,40,2720,68.0,68.0,68.0,68.0,68.0,0.0,1.0,1.0,0.0
1.31,28,1904,68.0,68.0,68.0,68.0,68.0,0.0,1.0,1.0,0.0
6.73,45,15469,86.0,68.0,68.0,170.0,1353.2000000000005,438431.74024691357,1.1935621100397051,0.6444444444444445,0.0
0.76,28,1904,68.0,68.0,68.0,68.0,68.0,0.0,1.0,1.0,0.0
8.97,104,39075,86.0,68.0,68.0,170.0,1516.0,510222.8933986686,0.9829992387718853,0.6634615384615384,0.0
9.22,40,2720,68.0,68.0,68.0,68.0,68.0,0.0,1.0,1.0,0.0
5.91,12,816,68.0,68.0,68.0,68.0,68.0,0.0,1.0,1.0,0.0
6.1,28,1904,68.0,68.0,68.0,68.0,68.0,0.0,1.0,1.0,0.0
6.55,43,13420,86.0,68.0,68.0,170.0,1058.6000000000013,247894.73553272034,1.6422524118921047,0.627906976744186,0.0
1.49,20,1360,68.0,68.0,68.0,68.0,68.0,0.0,1.0,1.0,0.0
7.51,20,1360,68.0,68.0,68.0,68.0,68.0,0.0,1.0,1.0,0.0
5.2,89,37737,86.0,68.0,68.0,170.0,1516.0,471465.6740310567,1.265534009725641,0.6067415730337079,0.0
0.64,12,816,68.0,68.0,68.0,68.0,68.0,0.0,1.0,1.0,0.0
8.95,28,1904,68.0,68.0,68.0,68.0,68.0,0.0,1.0,1.0,0.0
4.91,12,816,68.0,68.0,68.0,68.0,68.0,0.0,1.0,1.0,0.0
2.68,28,1904,68.0,68.0,68.0,68.0,68.0,0.0,1.0,1.0,0.0
7.42,67,16137,68.0,68.0,68.0,86.0,603.5999999999997,231877.44040989084,1.199700109051254,0.7761194029850746,0.0
8.17,97,41996,86.0,68.0,68.0,170.0,1516.0,713672.9354872993,0.6007013264217106,0.6597938144329897,0.0
0.67,12,816,68.0,68.0,68.0,68.0,68.0,0.0,1.0,1.0,0.0
9.02,32,2176,68.0,68.0,68.0,68.0,68.0,0.0,1.0,1.0,0.0
9.22,36,2448,68.0,68.0,68.0,68.0,68.0,0.0,1.0,1.0,0.0
6.01,37,15427,86.0,68.0,68.0,170.0,1492.0,535797.9970781594,0.7570615034168565,0.6216216216216216,0.0
1.09,28,1904,68.0,68.0,68.0,68.0,68.0,0.0,1.0,1.0,0.0
0.46,12,816,68.0,68.0,68.0,68.0,68.0,0.0,1.0,1.0,0.0
8.14,94,34091,86.0,68.0,68.0,170.0,1489.9000000000003,416467.5188999547,1.3718778264802058,0.6170212765957447,0.0
2.24,12,816,68.0,68.0,68.0,68.0,68.0,0.0,1.0,1.0,0.0
7.18,28,1904,68.0,68.0,68.0,68.0,68.0,0.0,1.0,1.0,0.0
0.18,4,272,68.0,68.0,68.0,68.0,68.0,0.0,1.0,1.0,0.0
2.84,8,544,68.0,68.0,68.0,68.0,68.0,0.0,1.0,1.0,0.0
3.98,28,1904,68.0,68.0,68.0,68.0,68.0,0.0,1.0,1.0,0.0
5.48,39,15230,86.0,68.0,68.0,170.0,1404.8000000000004,488855.37804076256,1.2374026737182313,0.6153846153846154,0.0
5.84,28,1904,68.0,68.0,68.0,68.0,68.0,0.0,1.0,1.0,0.0
4.94,12,816,68.0,68.0,68.0,68.0,68.0,0.0,1.0,1.0,0.0
2.84,91,33897,86.0,68.0,68.0,170.0,1493.0,485567.3049148653,1.1534210024776061,0.6373626373626373,0.0
3.99,12,816,68.0,68.0,68.0,68.0,68.0,0.0,1.0,1.0,0.0
7.09,28,1904,68.0,68.0,68.0,68.0,68.0,0.0,1.0,1.0,0.0
2.22,12,816,68.0,68.0,68.0,68.0,68.0,0.0,1.0,1.0,0.0
8.66,42,10125,68.0,68.0,68.0,68.0,170.0,419174.87585034006,0.9049858889934148,0.8571428571428571,0.0
8.19,55,11388,68.0,68.0,68.0,86.0,572.0000000000009,140779.9424793388,2.5755102040816324,0.8,0.0
0.71,12,816,68.0,68.0,68.0,68.0,68.0,0.0,1.0,1.0,0.0
4.5,103,45117,86.0,68.0,68.0,419.0,1516.0,456057.63992836274,1.5299725228508945,0.5825242718446602,0.0
2.17,12,816,68.0,68.0,68.0,68.0,68.0,0.0,1.0,1.0,0.0
5.25,28,1904,68.0,68.0,68.0,68.0,68.0,0.0,1.0,1.0,0.0
10.0,40,2720,68.0,68.0,68.0,68.0,68.0,0.0,1.0,1.0,0.0
6.24,38,12796,86.0,68.0,68.0,170.0,1108.3000000000002,491762.87811634335,0.6657120541525644,0.6578947368421053,0.0
3.6,28,1904,68.0,68.0,68.0,68.0,68.0,0.0,1.0,1.0,0.0
2.97,12,816,68.0,68.0,68.0,68.0,68.0,0.0,1.0,1.0,0.0
6.53,90,34792,86.0,68.0,68.0,170.0,1481.8000000000004,517944.9772839507,0.7295685026844303,0.6333333333333333,0.0
0.14,4,272,68.0,68.0,68.0,68.0,68.0,0.0,1.0,1.0,0.0
9.47,36,2448,68.0,68.0,68.0,68.0,68.0,0.0,1.0,1.0,0.0
6.93,40,2720,68.0,68.0,68.0,68.0,68.0,0.0,1.0,1.0,0.0
1.01,39,16817,86.0,68.0,68.0,170.0,1516.0,703067.18869165,0.6123681687440077,0.6666666666666666,0.0
5.09,28,1904,68.0,68.0,68.0,68.0,68.0,0.0,1.0,1.0,0.0
2.37,12,816,68.0,68.0,68.0,68.0,68.0,0.0,1.0,1.0,0.0
9.85,105,39455,86.0,68.0,68.0,170.0,1516.0,400516.733786848,1.3151625396080273,0.6666666666666666,0.0
0.4,20,1360,68.0,68.0,68.0,68.0,68.0,0.0,1.0,1.0,0.0
3.26,8,544,68.0,68.0,68.0,68.0,68.0,0.0,1.0,1.0,0.0
1.96,12,816,68.0,68.0,68.0,68.0,68.0,0.0,1.0,1.0,0.0
6.16,28,1904,68.0,68.0,68.0,68.0,68.0,0.0,1.0,1.0,0.0
0.75,41,18676,86.0,68.0,68.0,170.0,1516.0,581670.6400951814,0.7813811522319726,0.6097560975609756,0.0
4.35,28,1904,68.0,68.0,68.0,68.0,68.0,0.0,1.0,1.0,0.0
9.43,111,38484,86.0,68.0,68.0,170.0,1516.0,399258.6773800828,0.9992726894903632,0.6666666666666666,0.0
1.97,12,816,68.0,68.0,68.0,68.0,68.0,0.0,1.0,1.0,0.0
9.11,44,6448,68.0,68.0,68.0,86.0,486.0,23952.79338842976,0.20298507462686566,0.7954545454545454,0.0
1.69,8,544,68.0,68.0,68.0,68.0,68.0,0.0,1.0,1.0,0.0
9.58,32,2176,68.0,68.0,68.0,68.0,68.0,0.0,1.0,1.0,0.0
3.28,51,17615,86.0,68.0,68.0,170.0,1077.0,447338.98346789693,0.8013089272931793,0.7058823529411765,0.0
0.35,12,816,68.0,68.0,68.0,68.0,68.0,0.0,1.0,1.0,0.0
7.01,10,1676,68.0,68.0,68.0,86.0,212.7999999999997,71336.84,3.0,0.8,0.0
7.14,114,40703,86.0,68.0,68.0,170.0,1510.9,473828.56825176976,0.8636051462845108,0.6842105263157895,0.0
8.67,40,2720,68.0,68.0,68.0,68.0,68.0,0.0,1.0,1.0,0.0
8.04,40,2720,68.0,68.0,68.0,68.0,68.0,0.0,1.0,1.0,0.0
3.7,85,30482,86.0,68.0,68.0,516.0,1174.4000000000033,323319.5080968858,1.6759722588008077,0.611764705882353,0.0
0.96,5,1242,86.0,75.2,86.0,486.0,504.0,42671.04000000001,0.05792163543441227,0.6,0.0
6.03,8,544,68.0,68.0,68.0,68.0,68.0,0.0,1.0,1.0,0.0
3.0,46,7862,68.0,68.0,68.0,68.0,170.0,109992.07939508502,2.6080770995869664,0.8695652173913043,0.0
3.22,69,27871,86.0,68.0,68.0,170.0,1346.2000000000003,611896.4730098719,0.5087424890380555,0.6376811594202898,0.0
4.99,40,2720,68.0,68.0,68.0,68.0,68.0,0.0,1.0,1.0,0.0
5.15,40,2720,68.0,68.0,68.0,68.0,68.0,0.0,1.0,1.0,0.0
4.26,38,10590,86.0,68.0,68.0,170.0,762.9000000000003,267943.6897506926,0.6876494023904383,0.6842105263157895,0.0
8.2,28,1904,68.0,68.0,68.0,68.0,68.0,0.0,1.0,1.0,0.0
1.94,12,816,68.0,68.0,68.0,68.0,68.0,0.0,1.0,1.0,0.0
9.58,108,41728,86.0,68.0,68.0,170.0,1516.0,427602.6220850479,1.162408664559258,0.6481481481481481,0.0
3.78,24,3284,68.0,68.0,68.0,86.0,406.79999999999984,19146.30555555555,1.0576441102756893,0.7916666666666666,0.0
2.4,10,680,68.0,68.0,68.0,68.0,68.0,0.0,0.6666666666666666,1.0,0.0
0.73,4,272,68.0,68.0,68.0,68.0,68.0,0.0,1.0,1.0,0.0
6.08,36,2448,68.0,68.0,68.0,68.0,68.0,0.0,1.0,1.0,0.0
4.79,51,16365,86.0,68.0,68.0,170.0,1228.0,321156.80968858127,0.7288189309106275,0.6862745098039216,0.0
0.73,20,1360,68.0,68.0,68.0,68.0,68.0,0.0,1.0,1.0,0.0
1.09,12,816,68.0,68.0,68.0,68.0,68.0,0.0,1.0,1.0,0.0
2.84,8,544,68.0,68.0,68.0,68.0,68.0,0.0,1.0,1.0,0.0
8.91,94,35410,86.0,68.0,68.0,170.0,1312.900000000002,619270.7623358987,0.5620450835943359,0.6595744680851063,0.0
1.93,8,544,68.0,68.0,68.0,68.0,68.0,0.0,1.0,1.0,0.0
0.26,10,680,68.0,68.0,68.0,68.0,68.0,0.0,1.5,1.0,0.0
9.12,26,1768,68.0,68.0,68.0,68.0,68.0,0.0,0.8571428571428571,1.0,0.0
3.63,4,272,68.0,68.0,68.0,68.0,68.0,0.0,1.0,1.0,0.0
2.34,28,1904,68.0,68.0,68.0,68.0,68.0,0.0,1.0,1.0,0.0
8.38,73,15273,86.0,68.0,68.0,170.0,486.0,116864.55470069431,1.3109396277802996,0.6986301369863014,0.0
4.85,24,1632,68.0,68.0,68.0,68.0,68.0,0.0,1.0,1.0,0.0
8.78,94,45874,86.0,68.0,68.0,350.25,1516.0,629663.7867813489,1.2827428343949046,0.5851063829787234,0.0
8.48,40,2720,68.0,68.0,68.0,68.0,68.0,0.0,1.0,1.0,0.0
2.62,8,544,68.0,68.0,68.0,68.0,68.0,0.0,1.0,1.0,0.0
2.5,4,272,68.0,68.0,68.0,68.0,68.0,0.0,1.0,1.0,0.0
2.82,28,1904,68.0,68.0,68.0,68.0,68.0,0.0,1.0,1.0,0.0
6.27,42,16840,86.0,68.0,68.0,170.0,1516.0,464063.664399093,0.9287595922574734,0.6428571428571429,0.0
6.94,28,1904,68.0,68.0,68.0,68.0,68.0,0.0,1.0,1.0,0.0
4.7,12,816,68.0,68.0,68.0,68.0,68.0,0.0,1.0,1.0,0.0
3.8,91,39700,86.0,68.0,68.0,170.0,1516.0,679293.8425310954,0.7017446097132325,0.6373626373626373,0.0
4.5,19,2102,68.0,68.0,68.0,86.0,222.0,11293.495844875344,0.29274292742927427,0.8421052631578947,0.0
0.87,24,1632,68.0,68.0,68.0,68.0,68.0,0.0,1.0,1.0,0.0
7.94,40,2720,68.0,68.0,68.0,68.0,68.0,0.0,1.0,1.0,0.0
2.39,41,18761,86.0,68.0,68.0,170.0,1516.0,678723.6573468173,0.49812345284676196,0.6097560975609756,0.0
1.08,4,272,68.0,68.0,68.0,68.0,68.0,0.0,1.0,1.0,0.0
9.61,36,2448,68.0,68.0,68.0,68.0,68.0,0.0,1.0,1.0,0.0
0.77,4,272,68.0,68.0,68.0,68.0,68.0,0.0,1.0,1.0,0.0
8.32,89,40464,86.0,68.0,68.0,170.0,1516.0,705404.6539578335,0.9175433608188798,0.6067415730337079,0.0
0.08,4,272,68.0,68.0,68.0,68.0,68.0,0.0,1.0,1.0,0.0
1.15,8,544,68.0,68.0,68.0,68.0,68.0,0.0,1.0,1.0,0.0
0.81,28,1904,68.0,68.0,68.0,68.0,68.0,0.0,1.0,1.0,0.0
0.87,12,816,68.0,68.0,68.0,68.0,68.0,0.0,1.0,1.0,0.0
0.95,28,1904,68.0,68.0,68.0,68.0,68.0,0.0,1.0,1.0,0.0
5.75,55,21759,86.0,68.0,80.0,459.5,1516.0,409667.254214876,0.8955483927171356,0.5818181818181818,0.0
8.21,28,1904,68.0,68.0,68.0,68.0,68.0,0.0,1.0,1.0,0.0
3.34,12,816,68.0,68.0,68.0,68.0,68.0,0.0,1.0,1.0,0.0
1.06,96,29410,86.0,68.0,68.0,170.0,1201.5,251482.7078993055,1.0556371007199272,0.65625,0.0
0.8,12,816,68.0,68.0,68.0,68.0,68.0,0.0,1.0,1.0,0.0
2.31,28,1904,68.0,68.0,68.0,68.0,68.0,0.0,1.0,1.0,0.0
9.41,40,2720,68.0,68.0,68.0,68.0,68.0,0.0,1.0,1.0,0.0
6.48,37,17295,86.0,68.0,68.0,170.0,1516.0,640803.3265157047,0.7554811205846529,0.6216216216216216,0.0
4.69,28,1904,68.0,68.0,68.0,68.0,68.0,0.0,1.0,1.0,0.0
1.98,12,816,68.0,68.0,68.0,68.0,68.0,0.0,1.0,1.0,0.0
6.0,93,33073,86.0,68.0,68.0,170.0,1516.0,335891.8906231934,1.6363491430848944,0.6021505376344086,0.0
4.77,67,13842,86.0,68.0,68.0,412.0,516.0,38082.03163288037,1.1042870173304955,0.6417910447761194,0.0
0.6,16,1088,68.0,68.0,68.0,68.0,68.0,0.0,1.0,1.0,0.0
3.3,24,1632,68.0,68.0,68.0,68.0,68.0,0.0,1.0,1.0,0.0
9.27,55,16527,68.0,68.0,68.0,170.0,1142.6000000000006,294849.48628099175,1.0917605366409315,0.7272727272727273,0.0
5.68,28,1904,68.0,68.0,68.0,68.0,68.0,0.0,1.0,1.0,0.0
2.59,12,816,68.0,68.0,68.0,68.0,68.0,0.0,1.0,1.0,0.0
5.54,101,39017,86.0,68.0,68.0,170.0,1516.0,521762.25232820323,0.8810625783434577,0.6732673267326733,0.0
5.31,12,816,68.0,68.0,68.0,68.0,68.0,0.0,1.0,1.0,0.0
4.46,28,1904,68.0,68.0,68.0,68.0,68.0,0.0,1.0,1.0,0.0
0.31,4,272,68.0,68.0,68.0,68.0,68.0,0.0,1.0,1.0,0.0
1.84,8,544,68.0,68.0,68.0,68.0,68.0,0.0,1.0,1.0,0.0
3.27,28,1904,68.0,68.0,68.0,68.0,68.0,0.0,1.0,1.0,0.0
9.06,110,30833,86.0,68.0,68.0,486.0,516.0,213198.53727272726,1.21215382407806,0.6545454545454545,0.0
3.09,46,10631,68.0,68.0,68.0,68.0,170.0,409245.9229678638,0.8997498213009293,0.8695652173913043,0.0
5.55,85,30877,86.0,68.0,68.0,170.0,1416.4000000000021,356494.2388927335,1.4486122125297383,0.6235294117647059,0.0
7.65,40,2720,68.0,68.0,68.0,68.0,68.0,0.0,1.0,1.0,0.0
4.44,40,2720,68.0,68.0,68.0,68.0,68.0,0.0,1.0,1.0,0.0
8.34,67,15196,68.0,68.0,68.0,86.0,191.99999999999991,299787.23100913345,1.0291093603952464,0.7910447761194029,0.0
6.9,102,39651,86.0,68.0,68.0,170.0,1516.0,442544.9985582468,1.0318216756341276,0.6470588235294118,0.0
4.22,28,3992,68.0,68.0,68.0,86.0,486.0,21163.102040816328,0.7326388888888888,0.7857142857142857,0.0
8.25,20,1360,68.0,68.0,68.0,68.0,68.0,0.0,1.0,1.0,0.0
6.62,40,2720,68.0,68.0,68.0,68.0,68.0,0.0,1.0,1.0,0.0
7.33,54,18294,86.0,68.0,68.0,170.0,1314.100000000002,456574.20987654326,1.0125412541254126,0.6481481481481481,0.0
3.95,12,816,68.0,68.0,68.0,68.0,68.0,0.0,1.0,1.0,0.0
7.51,28,1904,68.0,68.0,68.0,68.0,68.0,0.0,1.0,1.0,0.0
1.61,88,39332,86.0,68.0,68.0,192.0,1516.0,576283.7252066116,0.9229490564192823,0.5909090909090909,0.0
4.21,12,816,68.0,68.0,68.0,68.0,68.0,0.0,1.0,1.0,0.0
1.66,28,1904,68.0,68.0,68.0,68.0,68.0,0.0,1.0,1.0,0.0
1.81,12,816,68.0,68.0,68.0,68.0,68.0,0.0,1.0,1.0,0.0
3.26,28,1904,68.0,68.0,68.0,68.0,68.0,0.0,1.0,1.0,0.0
0.03,13,6166,86.0,68.0,68.0,170.0,1339.6000000000006,711162.3668639052,0.742792538157151,0.6153846153846154,0.0
1.1,24,5698,86.0,68.0,68.0,170.0,625.4999999999998,112155.57638888889,2.451241671714113,0.625,0.0
4.68,32,3208,68.0,68.0,68.0,86.0,222.0,3987.1875,2.6289592760180995,0.8125,0.0
5.74,20,1360,68.0,68.0,68.0,68.0,68.0,0.0,1.0,1.0,0.0
1.78,93,43348,86.0,68.0,68.0,188.0,1516.0,714801.0206960343,1.0498415850948124,0.5913978494623656,0.0
3.52,12,816,68.0,68.0,68.0,68.0,68.0,0.0,1.0,1.0,0.0
1.96,28,1904,68.0,68.0,68.0,68.0,68.0,0.0,1.0,1.0,0.0
7.39,40,2720,68.0,68.0,68.0,68.0,68.0,0.0,1.0,1.0,0.0
5.13,44,15448,86.0,68.0,68.0,170.0,1516.0,267129.62809917354,0.9802589411613896,0.6136363636363636,0.0
8.51,32,2176,68.0,68.0,68.0,68.0,68.0,0.0,1.0,1.0,0.0
2.7,8,544,68.0,68.0,68.0,68.0,68.0,0.0,1.0,1.0,0.0
0.04,14,7445,86.0,68.0,72.5,533.0,1516.0,644840.8826530612,1.2691252666869857,0.5714285714285714,0.0
2.54,79,33367,86.0,68.0,68.0,170.0,1516.0,593945.4981573464,0.9003872878459961,0.6329113924050633,0.0
4.46,12,816,68.0,68.0,68.0,68.0,68.0,0.0,1.0,1.0,0.0
7.16,28,1904,68.0,68.0,68.0,68.0,68.0,0.0,1.0,1.0,0.0
2.88,12,816,68.0,68.0,68.0,68.0,68.0,0.0,1.0,1.0,0.0
1.74,28,1904,68.0,68.0,68.0,68.0,68.0,0.0,1.0,1.0,0.0
2.17,38,12254,86.0,68.0,68.0,170.0,924.9000000000019,398769.35457063717,1.0181159420289856,0.631578947368421,0.0
7.43,28,1904,68.0,68.0,68.0,68.0,68.0,0.0,1.0,1.0,0.0
7.62,108,43197,86.0,68.0,68.0,170.0,1516.0,498761.23070987663,1.1165662207849478,0.6574074074074074,0.0
6.83,36,2448,68.0,68.0,68.0,68.0,68.0,0.0,1.0,1.0,0.0
0.45,4,272,68.0,68.0,68.0,68.0,68.0,0.0,1.0,1.0,0.0
6.46,28,1904,68.0,68.0,68.0,68.0,68.0,0.0,1.0,1.0,0.0
3.39,12,816,68.0,68.0,68.0,68.0,68.0,0.0,1.0,1.0,0.0
5.67,44,19167,86.0,68.0,77.0,261.0,1516.0,524463.4189049588,1.071884120635607,0.6136363636363636,0.0
0.14,4,272,68.0,68.0,68.0,68.0,68.0,0.0,1.0,1.0,0.0
7.64,24,1632,68.0,68.0,68.0,68.0,68.0,0.0,1.0,1.0,0.0
6.32,23,5281,68.0,68.0,68.0,86.0,824.4000000000005,154541.97731568996,1.924141749723145,0.782608695652174,0.0
5.51,80,32308,86.0,68.0,68.0,176.0,1516.0,393414.7025,1.3113464014880527,0.6,0.0
7.11,40,2720,68.0,68.0,68.0,68.0,68.0,0.0,1.0,1.0,0.0
4.24,12,816,68.0,68.0,68.0,68.0,68.0,0.0,1.0,1.0,0.0
0.75,24,1632,68.0,68.0,68.0,68.0,68.0,0.0,1.0,1.0,0.0
5.74,4,272,68.0,68.0,68.0,68.0,68.0,0.0,1.0,1.0,0.0
0.94,39,18615,86.0,68.0,68.0,170.0,1516.0,847394.8796844182,0.7223353071798667,0.6153846153846154,0.0
4.21,28,1904,68.0,68.0,68.0,68.0,68.0,0.0,1.0,1.0,0.0
1.86,12,816,68.0,68.0,68.0,68.0,68.0,0.0,1.0,1.0,0.0
3.21,92,40550,86.0,68.0,68.0,467.5,1516.0,500305.6819470699,1.327116212338594,0.5760869565217391,0.0
8.0,39,3118,68.0,68.0,68.0,68.0,68.0,5011.792241946091,0.7075575027382256,0.9743589743589743,0.0
9.02,40,2720,68.0,68.0,68.0,68.0,68.0,0.0,1.0,1.0,0.0
1.14,43,22875,86.0,68.0,74.0,952.5,1516.0,586609.4180638182,1.3932831136220967,0.5581395348837209,0.0
1.8,4,272,68.0,68.0,68.0,68.0,68.0,0.0,1.0,1.0,0.0
7.96,24,1632,68.0,68.0,68.0,68.0,68.0,0.0,1.0,1.0,0.0
1.5,12,816,68.0,68.0,68.0,68.0,68.0,0.0,1.0,1.0,0.0
7.33,94,38860,86.0,68.0,68.0,170.0,1516.0,468990.11317338154,1.2288500143389733,0.6063829787234043,0.0
0.43,12,816,68.0,68.0,68.0,68.0,68.0,0.0,1.0,1.0,0.0
1.09,28,1904,68.0,68.0,68.0,68.0,68.0,0.0,1.0,1.0,0.0
8.64,40,2720,68.0,68.0,68.0,68.0,68.0,0.0,1.0,1.0,0.0
3.18,65,24576,86.0,68.0,68.0,516.0,1189.2,370604.23763313604,1.59623917177266,0.6,0.0
9.83,13,2100,86.0,68.0,68.0,222.0,433.20000000000016,21879.47928994083,0.10759493670886076,0.6923076923076923,0.0
1.07,36,2448,68.0,68.0,68.0,68.0,68.0,0.0,1.0,1.0,0.0
0.12,10,1784,86.0,68.0,72.5,183.5,472.4,24697.440000000002,0.9734513274336283,0.6,0.0
9.21,75,29732,86.0,68.0,68.0,170.0,1516.0,450673.76462222217,1.071338999581998,0.6,0.0
7.38,40,2720,68.0,68.0,68.0,68.0,68.0,0.0,1.0,1.0,0.0
3.52,24,1632,68.0,68.0,68.0,68.0,68.0,0.0,1.0,1.0,0.0
6.89,16,1088,68.0,68.0,68.0,68.0,68.0,0.0,1.0,1.0,0.0
9.37,64,14126,68.0,68.0,68.0,86.0,223.20000000000013,261321.6708984375,1.2252678008821676,0.78125,0.0
1.87,12,816,68.0,68.0,68.0,68.0,68.0,0.0,1.0,1.0,0.0
9.0,88,31900,86.0,68.0,68.0,170.0,926.7999999999996,561922.1363636364,0.6065672844480258,0.6477272727272727,0.0
6.87,62,9274,68.0,68.0,68.0,86.0,486.0,22762.211238293436,1.9181875393329137,0.7580645161290323,0.0
2.77,24,1632,68.0,68.0,68.0,68.0,68.0,0.0,1.0,1.0,0.0
3.39,16,1088,68.0,68.0,68.0,68.0,68.0,0.0,1.0,1.0,0.0
7.34,67,19699,68.0,68.0,68.0,86.0,939.9999999999994,440102.2236578303,0.7169877102763009,0.7761194029850746,0.0
5.34,24,1632,68.0,68.0,68.0,68.0,68.0,0.0,1.0,1.0,0.0
3.6,92,28425,86.0,68.0,68.0,170.0,1153.7000000000003,225899.31415406428,1.2923387096774193,0.6413043478260869,0.0
1.33,12,816,68.0,68.0,68.0,68.0,68.0,0.0,1.0,1.0,0.0
5.24,28,1904,68.0,68.0,68.0,68.0,68.0,0.0,1.0,1.0,0.0
3.36,12,816,68.0,68.0,68.0,68.0,68.0,0.0,1.0,1.0,0.0
0.17,4,272,68.0,68.0,68.0,68.0,68.0,0.0,1.0,1.0,0.0
0.61,24,1632,68.0,68.0,68.0,68.0,68.0,0.0,1.0,1.0,0.0
3.1,53,23736,86.0,68.0,68.0,486.0,1516.0,533508.8828764685,0.7231215970961887,0.5849056603773585,0.0
0.25,4,272,68.0,68.0,68.0,68.0,68.0,0.0,1.0,1.0,0.0
2.83,20,1360,68.0,68.0,68.0,68.0,68.0,0.0,1.0,1.0,0.0
0.08,4,272,68.0,68.0,68.0,68.0,68.0,0.0,1.0,1.0,0.0
5.59,12,816,68.0,68.0,68.0,68.0,68.0,0.0,1.0,1.0,0.0
6.79,90,39734,86.0,68.0,68.0,170.0,1516.0,669580.4943209878,0.7861991458754777,0.6222222222222222,0.0
3.35,12,816,68.0,68.0,68.0,68.0,68.0,0.0,1.0,1.0,0.0
0.84,28,1904,68.0,68.0,68.0,68.0,68.0,0.0,1.0,1.0,0.0
0.11,4,272,68.0,68.0,68.0,68.0,68.0,0.0,1.0,1.0,0.0
6.98,36,2448,68.0,68.0,68.0,68.0,68.0,0.0,1.0,1.0,0.0
7.94,70,19881,68.0,68.0,68.0,86.0,1472.8000000000002,268084.8426530611,1.4666253101736972,0.7571428571428571,0.0
0.2,4,272,68.0,68.0,68.0,68.0,68.0,0.0,1.0,1.0,0.0
7.85,96,35151,86.0,68.0,68.0,170.0,1271.5,423173.7151692708,1.099569943853781,0.6458333333333334,0.0
1.45,12,816,68.0,68.0,68.0,68.0,68.0,0.0,1.0,1.0,0.0
3.32,6,1280,86.0,68.0,72.5,386.0,486.0,37227.555555555555,0.11888111888111888,0.6666666666666666,0.0
3.67,24,1632,68.0,68.0,68.0,68.0,68.0,0.0,1.0,1.0,0.0
4.52,16,1088,68.0,68.0,68.0,68.0,68.0,0.0,1.0,1.0,0.0
6.19,24,1632,68.0,68.0,68.0,68.0,68.0,0.0,1.0,1.0,0.0
8.69,69,19633,68.0,68.0,68.0,86.0,506.6000000000016,434656.3936147869,0.9459807711368817,0.7681159420289855,0.0
9.13,104,42503,86.0,68.0,68.0,170.0,1516.0,658165.9473927513,0.8378880913257805,0.6634615384615384,0.0
0.49,8,544,68.0,68.0,68.0,68.0,68.0,0.0,1.0,1.0,0.0
0.7,4,272,68.0,68.0,68.0,68.0,68.0,0.0,1.0,1.0,0.0
4.68,28,1904,68.0,68.0,68.0,68.0,68.0,0.0,1.0,1.0,0.0
3.69,12,816,68.0,68.0,68.0,68.0,68.0,0.0,1.0,1.0,0.0
2.92,28,1904,68.0,68.0,68.0,68.0,68.0,0.0,1.0,1.0,0.0
0.01,13,5227,86.0,68.0,68.0,170.0,1398.2,315374.8402366864,1.7656084656084656,0.6153846153846154,0.0
2.08,29,13250,86.0,68.0,80.0,170.0,1516.0,680836.5065398337,0.8195550672892062,0.6206896551724138,0.0
0.51,12,816,68.0,68.0,68.0,68.0,68.0,0.0,1.0,1.0,0.0
5.96,16,1088,68.0,68.0,68.0,68.0,68.0,0.0,1.0,1.0,0.0
6.02,12,816,68.0,68.0,68.0,68.0,68.0,0.0,1.0,1.0,0.0
0.55,78,30115,86.0,68.0,68.0,170.0,1416.5999999999997,485800.82527942135,0.6078483715963695,0.6282051282051282,0.0
2.25,13,4649,86.0,68.0,68.0,170.0,1247.800000000001,367708.54437869816,0.8745967741935484,0.6153846153846154,0.0
0.25,4,272,68.0,68.0,68.0,68.0,68.0,0.0,1.0,1.0,0.0
9.63,36,2448,68.0,68.0,68.0,68.0,68.0,0.0,1.0,1.0,0.0
0.57,12,816,68.0,68.0,68.0,68.0,68.0,0.0,1.0,1.0,0.0
8.71,52,10011,68.0,68.0,68.0,86.0,170.0,329274.711168639,0.5569206842923795,0.8461538461538461,0.0
0.79,12,4356,86.0,68.0,68.0,170.0,385.1000000000001,636501.1666666666,0.25569328336696456,0.6666666666666666,0.0
0.42,20,1360,68.0,68.0,68.0,68.0,68.0,0.0,1.0,1.0,0.0
9.39,20,1360,68.0,68.0,68.0,68.0,68.0,0.0,1.0,1.0,0.0
3.76,85,36064,86.0,68.0,68.0,170.0,1516.0,559271.1908650519,0.9650193428867215,0.5882352941176471,0.0
5.67,12,816,68.0,68.0,68.0,68.0,68.0,0.0,1.0,1.0,0.0
0.41,16,1088,68.0,68.0,68.0,68.0,68.0,0.0,1.0,1.0,0.0
9.27,24,1632,68.0,68.0,68.0,68.0,68.0,0.0,1.0,1.0,0.0
9.17,67,18102,68.0,68.0,68.0,86.0,677.9999999999992,365112.89329472044,1.0111098766803688,0.7910447761194029,0.0
6.3,28,1904,68.0,68.0,68.0,68.0,68.0,0.0,1.0,1.0,0.0
7.44,101,34258,86.0,68.0,68.0,170.0,1252.0,419956.7071855701,1.054575986565911,0.6534653465346535,0.0
6.56,24,1632,68.0,68.0,68.0,68.0,68.0,0.0,1.0,1.0,0.0
8.2,16,1088,68.0,68.0,68.0,68.0,68.0,0.0,1.0,1.0,0.0
8.38,40,2720,68.0,68.0,68.0,68.0,68.0,0.0,1.0,1.0,0.0
9.43,96,25391,86.0,68.0,77.0,222.0,516.0,224623.8123914931,0.36937762916621725,0.6458333333333334,0.0
5.72,12,816,68.0,68.0,68.0,68.0,68.0,0.0,1.0,1.0,0.0
7.79,47,15405,68.0,68.0,68.0,86.0,1489.6,447261.6260751471,1.109695973705834,0.7659574468085106,0.0
7.85,65,26910,86.0,68.0,68.0,170.0,1516.0,571396.0923076923,0.6660475482912332,0.6307692307692307,0.0
8.89,40,2720,68.0,68.0,68.0,68.0,68.0,0.0,1.0,1.0,0.0
5.97,12,816,68.0,68.0,68.0,68.0,68.0,0.0,1.0,1.0,0.0
3.12,28,1904,68.0,68.0,68.0,68.0,68.0,0.0,1.0,1.0,0.0
4.38,39,16048,86.0,68.0,68.0,170.0,1516.0,605096.6600920449,0.688374539715939,0.6410256410256411,0.0
1.63,28,1904,68.0,68.0,68.0,68.0,68.0,0.0,1.0,1.0,0.0
8.66,98,34259,86.0,68.0,68.0,170.0,1455.3999999999999,353585.38619325287,1.555306929216081,0.6428571428571429,0.0
3.17,87,18128,86.0,68.0,68.0,249.0,516.0,49249.88769982825,2.468809797168006,0.632183908045977,0.0
5.49,38,8184,86.0,68.0,68.0,486.0,486.0,46422.75900277008,2.4502529510961213,0.6578947368421053,0.0
6.21,40,2720,68.0,68.0,68.0,68.0,68.0,0.0,1.0,1.0,0.0
1.14,38,11583,86.0,68.0,68.0,170.0,1104.200000000001,219688.04501385044,0.616382919341334,0.631578947368421,0.0
4.92,20,1360,68.0,68.0,68.0,68.0,68.0,0.0,1.0,1.0,0.0
9.69,20,1360,68.0,68.0,68.0,68.0,68.0,0.0,1.0,1.0,0.0
8.68,105,40916,86.0,68.0,68.0,170.0,1516.0,517238.9046712019,0.9020966017386454,0.6666666666666666,0.0
5.1,12,816,68.0,68.0,68.0,68.0,68.0,0.0,1.0,1.0,0.0
1.86,28,1904,68.0,68.0,68.0,68.0,68.0,0.0,1.0,1.0,0.0
9.21,40,2720,68.0,68.0,68.0,68.0,68.0,0.0,1.0,1.0,0.0
2.68,42,14512,86.0,68.0,68.0,170.0,1401.5,376556.2018140589,1.38880658436214,0.6428571428571429,0.0
9.52,106,19890,86.0,68.0,68.0,222.0,486.0,38311.45639017445,0.5654021722021092,0.6886792452830188,0.0
0.85,4,272,68.0,68.0,68.0,68.0,68.0,0.0,1.0,1.0,0.0
2.78,20,1360,68.0,68.0,68.0,68.0,68.0,0.0,1.0,1.0,0.0
4.79,87,31749,86.0,68.0,68.0,170.0,1307.4000000000015,459699.53547364275,0.7755718360270678,0.6551724137931034,0.0
7.31,36,2448,68.0,68.0,68.0,68.0,68.0,0.0,1.0,1.0,0.0
3.47,4,272,68.0,68.0,68.0,68.0,68.0,0.0,1.0,1.0,0.0
7.51,36,2448,68.0,68.0,68.0,68.0,68.0,0.0,1.0,1.0,0.0
2.57,4,272,68.0,68.0,68.0,68.0,68.0,0.0,1.0,1.0,0.0
1.2,13,1188,86.0,68.0,68.0,126.0,126.0,587.9289940828402,1.1214285714285714,0.6923076923076923,0.0
1.07,45,18182,86.0,68.0,68.0,170.0,1358.0000000000005,684487.9091358025,0.5988392543088287,0.6666666666666666,0.0
2.82,16,1088,68.0,68.0,68.0,68.0,68.0,0.0,1.0,1.0,0.0
2.44,20,1360,68.0,68.0,68.0,68.0,68.0,0.0,1.0,1.0,0.0
5.92,37,14666,86.0,68.0,68.0,170.0,1427.1999999999998,377639.58655953256,1.7199554896142433,0.6216216216216216,0.0
0.48,55,24274,86.0,68.0,68.0,471.0,1516.0,402682.5533884297,1.4870901639344263,0.5818181818181818,0.0
6.29,38,6416,77.0,68.0,68.0,188.0,486.0,28344.343490304705,1.6295081967213114,0.7368421052631579,0.0
3.91,14,952,68.0,68.0,68.0,68.0,68.0,0.0,1.0,1.0,0.0
6.43,40,2720,68.0,68.0,68.0,68.0,68.0,0.0,1.0,1.0,0.0
1.63,41,13989,86.0,68.0,68.0,170.0,1516.0,302788.69363474124,0.6954308568658344,0.6341463414634146,0.0
2.81,12,816,68.0,68.0,68.0,68.0,68.0,0.0,1.0,1.0,0.0
2.26,16,1088,68.0,68.0,68.0,68.0,68.0,0.0,1.0,1.0,0.0
1.83,12,816,68.0,68.0,68.0,68.0,68.0,0.0,1.0,1.0,0.0
8.79,105,36705,86.0,68.0,68.0,170.0,1308.4000000000044,445697.1972789116,1.0206440957886045,0.6666666666666666,0.0
3.02,12,816,68.0,68.0,68.0,68.0,68.0,0.0,1.0,1.0,0.0
9.72,40,2720,68.0,68.0,68.0,68.0,68.0,0.0,1.0,1.0,0.0
2.98,28,1904,68.0,68.0,68.0,68.0,68.0,0.0,1.0,1.0,0.0
2.45,41,13888,86.0,68.0,68.0,170.0,1364.0,375624.34265318257,1.0953530476765239,0.6341463414634146,0.0
6.71,30,2912,68.0,68.0,68.0,68.0,86.0,10824.995555555557,0.4857142857142857,0.9333333333333333,0.0
9.44,110,47360,86.0,68.0,68.0,170.0,1516.0,595635.7933884299,0.8537654610928448,0.6545454545454545,0.0
6.58,26,1768,68.0,68.0,68.0,68.0,68.0,0.0,1.0,1.0,0.0
3.36,14,952,68.0,68.0,68.0,68.0,68.0,0.0,1.0,1.0,0.0
4.14,12,816,68.0,68.0,68.0,68.0,68.0,0.0,1.0,1.0,0.0
1.35,28,1904,68.0,68.0,68.0,68.0,68.0,0.0,1.0,1.0,0.0
1.56,40,12006,86.0,68.0,68.0,170.0,782.5000000000011,255955.52749999994,0.5651153695737192,0.625,0.0
7.27,28,1904,68.0,68.0,68.0,68.0,68.0,0.0,1.0,1.0,0.0
3.94,12,816,68.0,68.0,68.0,68.0,68.0,0.0,1.0,1.0,0.0
5.0,92,34415,86.0,68.0,68.0,170.0,1501.6000000000008,424866.2007325142,0.8410634997057722,0.6413043478260869,0.0
6.23,16,1088,68.0,68.0,68.0,68.0,68.0,0.0,1.0,1.0,0.0
4.78,24,1632,68.0,68.0,68.0,68.0,68.0,0.0,1.0,1.0,0.0
2.71,12,816,68.0,68.0,68.0,68.0,68.0,0.0,1.0,1.0,0.0
6.14,28,1904,68.0,68.0,68.0,68.0,68.0,0.0,1.0,1.0,0.0
8.39,71,16927,68.0,68.0,68.0,86.0,316.0,282273.114858163,0.6967722534081796,0.8028169014084507,0.0
3.48,12,816,68.0,68.0,68.0,68.0,68.0,0.0,1.0,1.0,0.0
6.83,98,39381,86.0,68.0,68.0,170.0,1516.0,499495.7010620574,0.7808981142314476,0.6326530612244898,0.0
0.9,12,816,68.0,68.0,68.0,68.0,68.0,0.0,1.0,1.0,0.0
2.17,28,1904,68.0,68.0,68.0,68.0,68.0,0.0,1.0,1.0,0.0
0.57,12,816,68.0,68.0,68.0,68.0,68.0,0.0,1.0,1.0,0.0
4.64,28,1904,68.0,68.0,68.0,68.0,68.0,0.0,1.0,1.0,0.0
3.37,57,21882,86.0,68.0,80.0,222.0,1516.0,456058.4099722991,0.6008486355988002,0.6140350877192983,0.0
8.21,28,1904,68.0,68.0,68.0,68.0,68.0,0.0,1.0,1.0,0.0
1.41,12,816,68.0,68.0,68.0,68.0,68.0,0.0,1.0,1.0,0.0
5.87,96,37461,86.0,68.0,68.0,170.0,1516.0,458565.9833984375,1.0036906290115533,0.6041666666666666,0.0
5.7,12,816,68.0,68.0,68.0,68.0,68.0,0.0,1.0,1.0,0.0
0.02,4,272,68.0,68.0,68.0,68.0,68.0,0.0,1.0,1.0,0.0
7.75,24,1632,68.0,68.0,68.0,68.0,68.0,0.0,1.0,1.0,0.0
7.92,40,2720,68.0,68.0,68.0,68.0,68.0,0.0,1.0,1.0,0.0
9.68,67,14992,68.0,68.0,68.0,86.0,579.9999999999993,161071.61461349967,1.9014902264370042,0.7761194029850746,0.0
3.98,12,816,68.0,68.0,68.0,68.0,68.0,0.0,1.0,1.0,0.0
0.56,86,33703,86.0,68.0,68.0,257.0,1516.0,346765.512303948,1.7116421272829672,0.6046511627906976,0.0
4.84,15,7511,86.0,68.0,68.0,338.5,1516.0,659584.0622222221,1.149685174585003,0.6,0.0
2.8,36,5412,83.0,68.0,68.0,120.0,486.0,21659.888888888887,0.1868421052631579,0.75,0.0
0.7,30,7098,86.0,68.0,71.0,486.0,505.20000000000005,35605.10666666666,5.292553191489362,0.5333333333333333,0.0
5.7,8,544,68.0,68.0,68.0,68.0,68.0,0.0,1.0,1.0,0.0
7.27,40,2720,68.0,68.0,68.0,68.0,68.0,0.0,1.0,1.0,0.0
1.86,39,17337,86.0,68.0,68.0,176.0,1516.0,575162.7613412229,0.9043277680140598,0.6153846153846154,0.0
0.41,16,1088,68.0,68.0,68.0,68.0,68.0,0.0,1.0,1.0,0.0
9.09,12,816,68.0,68.0,68.0,68.0,68.0,0.0,1.0,1.0,0.0
5.41,32,2176,68.0,68.0,68.0,68.0,68.0,0.0,1.0,1.0,0.0
0.95,90,39449,86.0,68.0,68.0,170.0,1516.0,560488.7295061729,0.8049505856515373,0.6111111111111112,0.0
0.39,12,816,68.0,68.0,68.0,68.0,68.0,0.0,1.0,1.0,0.0
7.99,28,1904,68.0,68.0,68.0,68.0,68.0,0.0,1.0,1.0,0.0
8.12,40,2720,68.0,68.0,68.0,68.0,68.0,0.0,1.0,1.0,0.0
9.07,66,18676,86.0,68.0,68.0,170.0,877.0,192496.27180899912,1.5316524332384438,0.696969696969697,0.0
7.91,123,42251,86.0,68.0,68.0,170.0,1516.0,411373.1930729064,1.44056146025878,0.6910569105691057,0.0
3.9,12,816,68.0,68.0,68.0,68.0,68.0,0.0,1.0,1.0,0.0
9.16,28,1904,68.0,68.0,68.0,68.0,68.0,0.0,1.0,1.0,0.0
7.91,40,2720,68.0,68.0,68.0,68.0,68.0,0.0,1.0,1.0,0.0
3.61,45,17502,86.0,68.0,80.0,215.0,1516.0,282566.151111111,2.6183584866652883,0.6,0.0
8.65,32,2176,68.0,68.0,68.0,68.0,68.0,0.0,1.0,1.0,0.0
4.65,8,544,68.0,68.0,68.0,68.0,68.0,0.0,1.0,1.0,0.0
9.64,101,35798,86.0,68.0,68.0,170.0,1516.0,352300.740907754,1.2232020866973048,0.6435643564356436,0.0
1.23,28,1904,68.0,68.0,68.0,68.0,68.0,0.0,1.0,1.0,0.0
0.97,12,816,68.0,68.0,68.0,68.0,68.0,0.0,1.0,1.0,0.0
0.4,20,1360,68.0,68.0,68.0,68.0,68.0,0.0,1.0,1.0,0.0
4.54,8,544,68.0,68.0,68.0,68.0,68.0,0.0,1.0,1.0,0.0
4.89,40,11853,86.0,68.0,68.0,170.0,429.1000000000006,473977.86937499995,0.5076316458916307,0.7,0.0
8.86,40,2720,68.0,68.0,68.0,68.0,68.0,0.0,1.0,1.0,0.0
8.07,91,48540,86.0,68.0,68.0,195.0,1516.0,840965.472044439,0.7853464763866411,0.5824175824175825,0.0
4.23,12,816,68.0,68.0,68.0,68.0,68.0,0.0,1.0,1.0,0.0
1.01,28,1904,68.0,68.0,68.0,68.0,68.0,0.0,1.0,1.0,0.0
1.59,12,816,68.0,68.0,68.0,68.0,68.0,0.0,1.0,1.0,0.0
5.04,28,1904,68.0,68.0,68.0,68.0,68.0,0.0,1.0,1.0,0.0
4.12,37,16120,86.0,68.0,68.0,170.0,1237.5999999999995,782514.0029218406,0.46518814760952554,0.6486486486486487,0.0
0.05,4,272,68.0,68.0,68.0,68.0,68.0,0.0,1.0,1.0,0.0
6.13,24,1632,68.0,68.0,68.0,68.0,68.0,0.0,1.0,1.0,0.0
1.07,12,816,68.0,68.0,68.0,68.0,68.0,0.0,1.0,1.0,0.0
7.74,93,42650,86.0,68.0,68.0,298.0,1516.0,570213.6589201065,1.075425790754258,0.5913978494623656,0.0
0.1,4,272,68.0,68.0,68.0,68.0,68.0,0.0,1.0,1.0,0.0
4.98,8,544,68.0,68.0,68.0,68.0,68.0,0.0,1.0,1.0,0.0
7.05,28,1904,68.0,68.0,68.0,68.0,68.0,0.0,1.0,1.0,0.0
0.76,12,816,68.0,68.0,68.0,68.0,68.0,0.0,1.0,1.0,0.0
1.84,28,1904,68.0,68.0,68.0,68.0,68.0,0.0,1.0,1.0,0.0
2.36,39,15903,86.0,68.0,80.0,170.0,1516.0,685676.536489152,0.8100386979285227,0.6153846153846154,0.0
3.54,28,1904,68.0,68.0,68.0,68.0,68.0,0.0,1.0,1.0,0.0
0.24,4,272,68.0,68.0,68.0,68.0,68.0,0.0,1.0,1.0,0.0
7.07,99,46888,86.0,68.0,68.0,170.0,1516.0,727387.9738802164,0.835362273456766,0.6363636363636364,0.0
1.6,12,816,68.0,68.0,68.0,68.0,68.0,0.0,1.0,1.0,0.0
1.43,28,1904,68.0,68.0,68.0,68.0,68.0,0.0,1.0,1.0,0.0
8.44,40,2720,68.0,68.0,68.0,68.0,68.0,0.0,1.0,1.0,0.0
2.36,41,14510,86.0,68.0,68.0,180.0,1516.0,270111.99048185605,1.5663247258577997,0.5853658536585366,0.0
1.98,28,1904,68.0,68.0,68.0,68.0,68.0,0.0,1.0,1.0,0.0
9.81,105,40829,86.0,68.0,68.0,170.0,1512.4,529841.7672562358,1.0094000689010285,0.6666666666666666,0.0
6.02,12,816,68.0,68.0,68.0,68.0,68.0,0.0,1.0,1.0,0.0
1.45,28,1904,68.0,68.0,68.0,68.0,68.0,0.0,1.0,1.0,0.0
9.54,40,2720,68.0,68.0,68.0,68.0,68.0,0.0,1.0,1.0,0.0
3.1,37,15895,86.0,68.0,86.0,288.0,1516.0,399721.4302410519,0.8636416930472506,0.5675675675675675,0.0
3.76,28,1904,68.0,68.0,68.0,68.0,68.0,0.0,1.0,1.0,0.0
6.02,12,816,68.0,68.0,68.0,68.0,68.0,0.0,1.0,1.0,0.0
0.58,77,29819,86.0,68.0,68.0,170.0,1504.0,454102.11435317923,0.8208964338055691,0.6493506493506493,0.0
0.18,15,7411,86.0,68.0,68.0,364.5,1448.8,644140.8622222225,0.8522869282679331,0.6,0.0
9.47,40,2720,68.0,68.0,68.0,68.0,68.0,0.0,1.0,1.0,0.0
7.42,40,2720,68.0,68.0,68.0,68.0,68.0,0.0,1.0,1.0,0.0
7.09,58,13816,68.0,68.0,68.0,86.0,661.6000000000007,240746.50891795475,1.060244557113033,0.7586206896551724,0.0
8.74,20,1360,68.0,68.0,68.0,68.0,68.0,0.0,1.0,1.0,0.0
8.68,93,37193,86.0,68.0,68.0,170.0,1516.0,570016.241646433,0.777868068833652,0.6236559139784946,0.0
6.59,26,1768,68.0,68.0,68.0,68.0,68.0,0.0,1.0,1.0,0.0
4.7,14,952,68.0,68.0,68.0,68.0,68.0,0.0,1.0,1.0,0.0
5.15,12,816,68.0,68.0,68.0,68.0,68.0,0.0,1.0,1.0,0.0
8.57,41,9064,68.0,68.0,68.0,68.0,170.0,378884.16537775134,0.746099017530341,0.8780487804878049,0.0
8.32,53,15572,68.0,68.0,68.0,86.0,409.2000000000013,524830.0021359914,0.7252382007533791,0.8113207547169812,0.0
5.69,12,816,68.0,68.0,68.0,68.0,68.0,0.0,1.0,1.0,0.0
1.28,94,42057,86.0,68.0,68.0,170.0,1516.0,592334.3491398821,1.0245992393972945,0.5957446808510638,0.0
2.59,12,816,68.0,68.0,68.0,68.0,68.0,0.0,1.0,1.0,0.0
0.36,12,816,68.0,68.0,68.0,68.0,68.0,0.0,1.0,1.0,0.0
1.98,16,1088,68.0,68.0,68.0,68.0,68.0,0.0,1.0,1.0,0.0
6.07,12,816,68.0,68.0,68.0,68.0,68.0,0.0,1.0,1.0,0.0
4.17,28,1904,68.0,68.0,68.0,68.0,68.0,0.0,1.0,1.0,0.0
2.96,41,18199,86.0,68.0,68.0,170.0,1516.0,607947.9119571684,0.9663965424095083,0.6097560975609756,0.0
6.13,28,1904,68.0,68.0,68.0,68.0,68.0,0.0,1.0,1.0,0.0
8.08,106,38227,86.0,68.0,68.0,170.0,1412.0,399588.5155749376,1.051795394772154,0.660377358490566,0.0
5.54,12,816,68.0,68.0,68.0,68.0,68.0,0.0,1.0,1.0,0.0
0.14,6,408,68.0,68.0,68.0,68.0,68.0,0.0,1.0,1.0,0.0
9.56,34,2312,68.0,68.0,68.0,68.0,68.0,0.0,1.0,1.0,0.0
7.61,28,1904,68.0,68.0,68.0,68.0,68.0,0.0,1.0,1.0,0.0
0.87,40,13744,86.0,68.0,68.0,170.0,1246.0000000000005,422886.99000000005,0.6769155685700342,0.675,0.0
2.16,28,1904,68.0,68.0,68.0,68.0,68.0,0.0,1.0,1.0,0.0
1.99,12,816,68.0,68.0,68.0,68.0,68.0,0.0,1.0,1.0,0.0
6.05,89,30211,86.0,68.0,68.0,170.0,1141.2000000000003,355836.0227244035,0.8238951943974885,0.6292134831460674,0.0
7.34,40,2720,68.0,68.0,68.0,68.0,68.0,0.0,1.0,1.0,0.0
0.82,12,816,68.0,68.0,68.0,68.0,68.0,0.0,1.0,1.0,0.0
5.2,28,1904,68.0,68.0,68.0,68.0,68.0,0.0,1.0,1.0,0.0
8.63,70,16447,68.0,68.0,68.0,86.0,396.0000000000005,263633.2695918368,1.006955460646736,0.8,0.0
8.13,106,39002,86.0,68.0,68.0,170.0,1465.0,507027.52509789955,0.8747356277638916,0.6698113207547169,0.0
0.97,12,816,68.0,68.0,68.0,68.0,68.0,0.0,1.0,1.0,0.0
1.25,28,1904,68.0,68.0,68.0,68.0,68.0,0.0,1.0,1.0,0.0
6.59,24,1632,68.0,68.0,68.0,68.0,68.0,0.0,1.0,1.0,0.0
7.93,28,2208,68.0,68.0,68.0,86.0,126.0,408.97959183673476,1.0,0.8571428571428571,0.0
3.5,40,12820,86.0,68.0,68.0,170.0,782.7000000000005,379788.3,0.5929423459244533,0.65,0.0
5.13,16,1088,68.0,68.0,68.0,68.0,68.0,0.0,1.0,1.0,0.0
4.59,24,1632,68.0,68.0,68.0,68.0,68.0,0.0,1.0,1.0,0.0
9.51,102,34886,86.0,68.0,68.0,170.0,1235.1000000000004,387534.9603998461,1.1761586925332168,0.6470588235294118,0.0
6.14,28,1904,68.0,68.0,68.0,68.0,68.0,0.0,1.0,1.0,0.0
8.73,40,2720,68.0,68.0,68.0,68.0,68.0,0.0,1.0,1.0,0.0
4.4,44,20924,86.0,68.0,68.0,260.0,1516.0,524691.2024793387,1.3677718682810909,0.6136363636363636,0.0
2.97,28,1904,68.0,68.0,68.0,68.0,68.0,0.0,1.0,1.0,0.0
7.99,103,33166,86.0,68.0,68.0,170.0,1320.7999999999993,292744.17475728155,1.6748931365432695,0.6601941747572816,0.0
2.16,12,816,68.0,68.0,68.0,68.0,68.0,0.0,1.0,1.0,0.0
5.45,28,1904,68.0,68.0,68.0,68.0,68.0,0.0,1.0,1.0,0.0
5.84,12,816,68.0,68.0,68.0,68.0,68.0,0.0,1.0,1.0,0.0
5.7,28,1904,68.0,68.0,68.0,68.0,68.0,0.0,1.0,1.0,0.0
9.23,69,16121,68.0,68.0,68.0,86.0,215.40000000000066,346894.31800042,0.5568324480927088,0.8115942028985508,0.0
6.19,12,816,68.0,68.0,68.0,68.0,68.0,0.0,1.0,1.0,0.0
4.58,98,43454,86.0,68.0,68.0,170.0,1516.0,621454.4660558101,0.8992132867132867,0.6326530612244898,0.0
1.73,12,816,68.0,68.0,68.0,68.0,68.0,0.0,1.0,1.0,0.0
9.03,36,2448,68.0,68.0,68.0,68.0,68.0,0.0,1.0,1.0,0.0
3.87,4,272,68.0,68.0,68.0,68.0,68.0,0.0,1.0,1.0,0.0
6.58,28,1904,68.0,68.0,68.0,68.0,68.0,0.0,1.0,1.0,0.0
3.92,38,13418,86.0,68.0,68.0,170.0,760.300000000002,620320.620498615,0.3644498678055725,0.6578947368421053,0.0
7.65,28,1904,68.0,68.0,68.0,68.0,68.0,0.0,1.0,1.0,0.0
3.53,12,816,68.0,68.0,68.0,68.0,68.0,0.0,1.0,1.0,0.0
8.91,92,33062,86.0,68.0,68.0,170.0,1346.4,380615.1895085066,0.9717318702290076,0.6413043478260869,0.0
2.85,12,816,68.0,68.0,68.0,68.0,68.0,0.0,1.0,1.0,0.0
3.1,28,1904,68.0,68.0,68.0,68.0,68.0,0.0,1.0,1.0,0.0
6.22,16,1088,68.0,68.0,68.0,68.0,68.0,0.0,1.0,1.0,0.0
9.67,63,14362,68.0,68.0,68.0,86.0,244.60000000000005,205598.37994457042,1.1477493644384626,0.7777777777777778,0.0
6.31,28,1904,68.0,68.0,68.0,68.0,68.0,0.0,1.0,1.0,0.0
7.14,106,39825,86.0,68.0,68.0,170.0,1516.0,459167.7352260591,1.0790916209866876,0.6698113207547169,0.0
1.67,35,7364,86.0,68.0,86.0,222.0,516.0,33070.81142857143,0.058654399079930995,0.5714285714285714,0.0
6.99,36,3320,68.0,68.0,68.0,68.0,77.0,9138.172839506173,0.583969465648855,0.9444444444444444,0.0
5.74,20,1360,68.0,68.0,68.0,68.0,68.0,0.0,1.0,1.0,0.0
7.98,20,1360,68.0,68.0,68.0,68.0,68.0,0.0,1.0,1.0,0.0
1.15,8,544,68.0,68.0,68.0,68.0,68.0,0.0,1.0,1.0,0.0
9.28,64,25763,86.0,68.0,68.0,176.0,1516.0,383865.5603027344,1.1314635558864896,0.640625,0.0
9.83,121,36093,86.0,68.0,68.0,170.0,1130.0,364767.4452564716,0.9029366794959667,0.7107438016528925,0.0
4.74,12,816,68.0,68.0,68.0,68.0,68.0,0.0,1.0,1.0,0.0
8.52,28,1904,68.0,68.0,68.0,68.0,68.0,0.0,1.0,1.0,0.0
5.23,12,816,68.0,68.0,68.0,68.0,68.0,0.0,1.0,1.0,0.0
3.37,28,1904,68.0,68.0,68.0,68.0,68.0,0.0,1.0,1.0,0.0
0.32,15,6298,86.0,68.0,68.0,170.0,1145.3999999999999,586610.2488888889,0.34429028815368196,0.6666666666666666,0.0
8.01,151,38939,86.0,68.0,68.0,486.0,516.0,162666.12324020878,2.5286814680561847,0.6225165562913907,0.0
1.86,4,272,68.0,68.0,68.0,68.0,68.0,0.0,1.0,1.0,0.0
0.71,4,272,68.0,68.0,68.0,68.0,68.0,0.0,1.0,1.0,0.0
4.88,103,41271,86.0,68.0,68.0,170.0,1516.0,460213.7287208972,1.1612379555927943,0.6407766990291263,0.0
7.57,36,2448,68.0,68.0,68.0,68.0,68.0,0.0,1.0,1.0,0.0
9.52,8,544,68.0,68.0,68.0,68.0,68.0,0.0,1.0,1.0,0.0
0.75,4,272,68.0,68.0,68.0,68.0,68.0,0.0,1.0,1.0,0.0
1.75,28,1904,68.0,68.0,68.0,68.0,68.0,0.0,1.0,1.0,0.0
6.95,19,9277,86.0,68.0,68.0,535.0,1516.0,585051.351800554,0.9331110648051677,0.631578947368421,0.0
4.29,29,11708,86.0,68.0,68.0,170.0,1516.0,515736.4756242569,0.4891885016535233,0.6206896551724138,0.0
0.25,4,272,68.0,68.0,68.0,68.0,68.0,0.0,1.0,1.0,0.0
1.16,24,1632,68.0,68.0,68.0,68.0,68.0,0.0,1.0,1.0,0.0
6.35,25,6936,68.0,68.0,68.0,86.0,1009.6000000000017,267757.2864,1.4456981664315938,0.76,0.0
5.22,76,28560,86.0,68.0,68.0,170.0,1471.0,441820.3504155125,1.222568093385214,0.618421052631579,0.0
3.4,32,6290,86.0,68.0,68.0,222.0,486.0,94454.05859375,0.10778443113772455,0.71875,0.0
1.81,27,2272,68.0,68.0,68.0,68.0,68.0,6222.496570644719,0.6368876080691642,0.9629629629629629,0.0
5.62,12,816,68.0,68.0,68.0,68.0,68.0,0.0,1.0,1.0,0.0
0.64,16,1088,68.0,68.0,68.0,68.0,68.0,0.0,1.0,1.0,0.0
0.6,8,544,68.0,68.0,68.0,68.0,68.0,0.0,1.0,1.0,0.0
7.03,17,5180,86.0,68.0,68.0,170.0,899.8000000000004,286716.79584775073,1.0226474033580633,0.7058823529411765,0.0
5.74,31,13883,86.0,68.0,68.0,170.0,1516.0,697158.1352757546,0.7618020304568528,0.6451612903225806,0.0
7.28,24,1632,68.0,68.0,68.0,68.0,68.0,0.0,1.0,1.0,0.0
9.56,119,42134,86.0,68.0,68.0,170.0,1434.4000000000003,355465.0711107973,1.2433180704930253,0.6722689075630253,0.0
9.73,40,2720,68.0,68.0,68.0,68.0,68.0,0.0,1.0,1.0,0.0
4.26,8,544,68.0,68.0,68.0,68.0,68.0,0.0,1.0,1.0,0.0
3.67,32,2176,68.0,68.0,68.0,68.0,68.0,0.0,1.0,1.0,0.0
3.74,44,18181,86.0,68.0,68.0,318.75,1516.0,355795.38997933886,1.4568918918918918,0.5909090909090909,0.0
3.71,28,1904,68.0,68.0,68.0,68.0,68.0,0.0,1.0,1.0,0.0
9.34,105,38867,86.0,68.0,68.0,170.0,1516.0,371647.3166439909,1.581667220192627,0.638095238095238,0.0
4.58,12,816,68.0,68.0,68.0,68.0,68.0,0.0,1.0,1.0,0.0
3.04,28,1904,68.0,68.0,68.0,68.0,68.0,0.0,1.0,1.0,0.0
8.53,40,2720,68.0,68.0,68.0,68.0,68.0,0.0,1.0,1.0,0.0
5.19,39,10834,86.0,68.0,80.0,170.0,662.6000000000003,161377.95792241942,0.6899079706754017,0.6153846153846154,0.0
4.3,28,1904,68.0,68.0,68.0,68.0,68.0,0.0,1.0,1.0,0.0
8.95,104,38343,86.0,68.0,68.0,170.0,1305.6000000000004,497614.8897004438,0.8350323043790381,0.6730769230769231,0.0
8.72,40,2720,68.0,68.0,68.0,68.0,68.0,0.0,1.0,1.0,0.0
6.64,24,1632,68.0,68.0,68.0,68.0,68.0,0.0,1.0,1.0,0.0
2.31,16,1088,68.0,68.0,68.0,68.0,68.0,0.0,1.0,1.0,0.0
6.88,52,13702,86.0,68.0,68.0,170.0,813.5,178116.13461538462,3.597986577181208,0.6923076923076923,0.0
1.12,16,1088,68.0,68.0,68.0,68.0,68.0,0.0,1.0,1.0,0.0
7.58,101,36046,86.0,68.0,68.0,170.0,1516.0,437869.7406136653,1.1627167456650866,0.6633663366336634,0.0
1.36,12,816,68.0,68.0,68.0,68.0,68.0,0.0,1.0,1.0,0.0
0.35,16,1088,68.0,68.0,68.0,68.0,68.0,0.0,1.0,1.0,0.0
1.65,12,816,68.0,68.0,68.0,68.0,68.0,0.0,1.0,1.0,0.0
3.01,12,816,68.0,68.0,68.0,68.0,68.0,0.0,1.0,1.0,0.0
2.35,28,1904,68.0,68.0,68.0,68.0,68.0,0.0,1.0,1.0,0.0
1.03,39,18390,86.0,68.0,74.0,217.5,1516.0,703842.453648915,1.1193961046444623,0.5897435897435898,0.0
7.03,28,1904,68.0,68.0,68.0,68.0,68.0,0.0,1.0,1.0,0.0
7.55,99,31599,86.0,68.0,68.0,170.0,1227.4,327331.5022956841,1.2519241733181299,0.6666666666666666,0.0
1.86,12,816,68.0,68.0,68.0,68.0,68.0,0.0,1.0,1.0,0.0
8.08,28,1904,68.0,68.0,68.0,68.0,68.0,0.0,1.0,1.0,0.0
1.18,12,816,68.0,68.0,68.0,68.0,68.0,0.0,1.0,1.0,0.0
3.59,28,1904,68.0,68.0,68.0,68.0,68.0,0.0,1.0,1.0,0.0
4.82,38,15710,86.0,68.0,80.0,170.0,1177.900000000002,718090.7700831023,0.3881770787311125,0.6578947368421053,0.0
8.57,32,2176,68.0,68.0,68.0,68.0,68.0,0.0,1.0,1.0,0.0
6.1,45,9669,86.0,68.0,68.0,170.0,642.0000000000002,110066.82666666668,1.1120576671035387,0.7111111111111111,0.0
6.38,51,22539,86.0,68.0,68.0,179.0,1516.0,541623.5455594002,1.064767314034445,0.6078431372549019,0.0
5.89,12,816,68.0,68.0,68.0,68.0,68.0,0.0,1.0,1.0,0.0
1.69,28,1904,68.0,68.0,68.0,68.0,68.0,0.0,1.0,1.0,0.0
5.75,12,816,68.0,68.0,68.0,68.0,68.0,0.0,1.0,1.0,0.0
4.75,28,1904,68.0,68.0,68.0,68.0,68.0,0.0,1.0,1.0,0.0
3.88,39,18912,86.0,68.0,68.0,170.0,1516.0,773779.4043392504,0.7823013853548205,0.6153846153846154,0.0
3.33,28,1904,68.0,68.0,68.0,68.0,68.0,0.0,1.0,1.0,0.0
2.94,12,816,68.0,68.0,68.0,68.0,68.0,0.0,1.0,1.0,0.0
6.29,95,42689,86.0,68.0,68.0,170.0,1516.0,649783.282437673,0.8855565371024735,0.6210526315789474,0.0
1.87,12,816,68.0,68.0,68.0,68.0,68.0,0.0,1.0,1.0,0.0
8.29,28,1904,68.0,68.0,68.0,68.0,68.0,0.0,1.0,1.0,0.0
7.87,40,2720,68.0,68.0,68.0,68.0,68.0,0.0,1.0,1.0,0.0
3.21,38,9536,86.0,68.0,71.0,170.0,810.3000000000004,141734.04986149582,1.9642524090767797,0.6578947368421053,0.0
2.66,28,1904,68.0,68.0,68.0,68.0,68.0,0.0,1.0,1.0,0.0
4.6,12,816,68.0,68.0,68.0,68.0,68.0,0.0,1.0,1.0,0.0
7.79,98,39647,86.0,68.0,68.0,170.0,1516.0,518026.79727197014,1.1636651386160226,0.6224489795918368,0.0
9.71,40,2720,68.0,68.0,68.0,68.0,68.0,0.0,1.0,1.0,0.0
7.7,40,2720,68.0,68.0,68.0,68.0,68.0,0.0,1.0,1.0,0.0
3.31,38,12912,86.0,68.0,68.0,170.0,1322.9000000000008,457978.218836565,0.9237187127532777,0.6578947368421053,0.0
3.31,28,1904,68.0,68.0,68.0,68.0,68.0,0.0,1.0,1.0,0.0
3.28,12,816,68.0,68.0,68.0,68.0,68.0,0.0,1.0,1.0,0.0
4.21,93,38934,86.0,68.0,68.0,170.0,1516.0,495937.00312174816,1.121165894851539,0.6129032258064516,0.0
7.27,40,2720,68.0,68.0,68.0,68.0,68.0,0.0,1.0,1.0,0.0
8.33,40,2720,68.0,68.0,68.0,68.0,68.0,0.0,1.0,1.0,0.0
7.73,67,17968,68.0,68.0,68.0,86.0,498.3999999999995,431109.1619514369,0.6717528842575363,0.7910447761194029,0.0
5.26,12,816,68.0,68.0,68.0,68.0,68.0,0.0,1.0,1.0,0.0
3.28,87,34206,86.0,68.0,68.0,170.0,1516.0,496389.7288941735,0.8528790423054006,0.6091954022988506,0.0
0.55,12,816,68.0,68.0,68.0,68.0,68.0,0.0,1.0,1.0,0.0
1.39,28,1904,68.0,68.0,68.0,68.0,68.0,0.0,1.0,1.0,0.0
9.51,40,2720,68.0,68.0,68.0,68.0,68.0,0.0,1.0,1.0,0.0
7.94,69,19368,68.0,68.0,68.0,86.0,591.6000000000004,407432.8783868934,0.76731453599781,0.782608695652174,0.0
9.05,103,38486,86.0,68.0,68.0,170.0,1516.0,546039.9360919974,0.7941354715397884,0.6699029126213593,0.0
1.27,12,816,68.0,68.0,68.0,68.0,68.0,0.0,1.0,1.0,0.0
2.48,28,1904,68.0,68.0,68.0,68.0,68.0,0.0,1.0,1.0,0.0
9.67,40,2720,68.0,68.0,68.0,68.0,68.0,0.0,1.0,1.0,0.0
1.16,39,14242,86.0,68.0,68.0,170.0,905.600000000001,491927.2754766601,0.43916734033953114,0.6666666666666666,0.0
3.54,28,1904,68.0,68.0,68.0,68.0,68.0,0.0,1.0,1.0,0.0
2.31,12,816,68.0,68.0,68.0,68.0,68.0,0.0,1.0,1.0,0.0
9.31,102,38378,86.0,68.0,68.0,170.0,1504.8000000000006,552573.9350249904,0.8360922399770357,0.6666666666666666,0.0
6.05,28,1904,68.0,68.0,68.0,68.0,68.0,0.0,1.0,1.0,0.0
9.29,40,2720,68.0,68.0,68.0,68.0,68.0,0.0,1.0,1.0,0.0
3.24,60,19725,86.0,68.0,68.0,137.0,1449.4,348186.1541666667,1.1461212055271461,0.65,0.0
2.81,20,1360,68.0,68.0,68.0,68.0,68.0,0.0,1.0,1.0,0.0
1.96,8,544,68.0,68.0,68.0,68.0,68.0,0.0,1.0,1.0,0.0
2.48,12,816,68.0,68.0,68.0,68.0,68.0,0.0,1.0,1.0,0.0
0.07,12,6822,86.0,68.0,77.0,477.25,1498.9,808783.25,0.9654278305963699,0.5833333333333334,0.0
6.69,78,33644,86.0,68.0,68.0,170.0,1516.0,578671.52991453,0.9854824431985837,0.6153846153846154,0.0
4.63,12,816,68.0,68.0,68.0,68.0,68.0,0.0,1.0,1.0,0.0
7.61,28,1904,68.0,68.0,68.0,68.0,68.0,0.0,1.0,1.0,0.0
6.14,12,816,68.0,68.0,68.0,68.0,68.0,0.0,1.0,1.0,0.0
9.94,71,20301,68.0,68.0,68.0,86.0,567.0,437901.81194207486,0.8119421635130311,0.7887323943661971,0.0
7.47,28,1904,68.0,68.0,68.0,68.0,68.0,0.0,1.0,1.0,0.0
0.57,12,816,68.0,68.0,68.0,68.0,68.0,0.0,1.0,1.0,0.0
7.69,94,37296,86.0,68.0,68.0,170.0,1435.5000000000002,523091.11543684936,0.9642913572444304,0.648936170212766,0.0
8.75,40,2720,68.0,68.0,68.0,68.0,68.0,0.0,1.0,1.0,0.0
5.46,12,816,68.0,68.0,68.0,68.0,68.0,0.0,1.0,1.0,0.0
9.77,68,14670,68.0,68.0,68.0,86.0,470.4000000000008,176676.87110726643,1.331532104259377,0.7794117647058824,0.0
1.05,28,1904,68.0,68.0,68.0,68.0,68.0,0.0,1.0,1.0,0.0
9.46,108,36254,86.0,68.0,68.0,170.0,1516.0,332830.54903978057,1.1376179245283018,0.6759259259259259,0.0
6.49,28,1904,68.0,68.0,68.0,68.0,68.0,0.0,1.0,1.0,0.0
8.24,12,816,68.0,68.0,68.0,68.0,68.0,0.0,1.0,1.0,0.0
1.97,12,816,68.0,68.0,68.0,68.0,68.0,0.0,1.0,1.0,0.0
0.16,4,272,68.0,68.0,68.0,68.0,68.0,0.0,1.0,1.0,0.0
2.61,24,1632,68.0,68.0,68.0,68.0,68.0,0.0,1.0,1.0,0.0
6.26,38,16219,86.0,68.0,68.0,170.0,1516.0,502744.6765927978,0.7507556131260794,0.6052631578947368,0.0
8.18,28,1904,68.0,68.0,68.0,68.0,68.0,0.0,1.0,1.0,0.0
7.78,103,40930,86.0,68.0,68.0,170.0,1481.5999999999995,639605.4197379585,0.7153514102510372,0.6504854368932039,0.0
5.78,12,816,68.0,68.0,68.0,68.0,68.0,0.0,1.0,1.0,0.0
6.73,28,1904,68.0,68.0,68.0,68.0,68.0,0.0,1.0,1.0,0.0
4.77,12,816,68.0,68.0,68.0,68.0,68.0,0.0,1.0,1.0,0.0
7.02,28,1904,68.0,68.0,68.0,68.0,68.0,0.0,1.0,1.0,0.0
7.68,70,18777,68.0,68.0,68.0,158.0,1075.9000000000008,201749.4124489796,1.3708333333333333,0.7285714285714285,0.0
4.34,12,816,68.0,68.0,68.0,68.0,68.0,0.0,1.0,1.0,0.0
0.53,79,30867,86.0,68.0,68.0,170.0,1516.0,521138.4540938952,0.7631233220997315,0.6329113924050633,0.0
1.41,12,5948,128.0,68.0,81.5,982.0,1482.4,331670.55555555556,3.4856711915535445,0.5,0.0
8.29,40,2720,68.0,68.0,68.0,68.0,68.0,0.0,1.0,1.0,0.0
4.42,12,816,68.0,68.0,68.0,68.0,68.0,0.0,1.0,1.0,0.0
4.28,28,1904,68.0,68.0,68.0,68.0,68.0,0.0,1.0,1.0,0.0
4.74,41,16347,86.0,68.0,68.0,170.0,1516.0,393801.0850684117,1.6485742060920285,0.5853658536585366,0.0
2.67,28,1904,68.0,68.0,68.0,68.0,68.0,0.0,1.0,1.0,0.0
5.53,12,816,68.0,68.0,68.0,68.0,68.0,0.0,1.0,1.0,0.0
8.1,88,34874,86.0,68.0,68.0,170.0,1516.0,505670.7308884297,0.7336448598130841,0.6363636363636364,0.0
9.02,41,3720,68.0,68.0,68.0,68.0,68.0,9289.51338488995,0.5321252059308073,0.9512195121951219,0.0
5.83,16,1088,68.0,68.0,68.0,68.0,68.0,0.0,1.0,1.0,0.0
3.12,24,1632,68.0,68.0,68.0,68.0,68.0,0.0,1.0,1.0,0.0
9.16,69,19257,68.0,68.0,68.0,86.0,835.0000000000008,336943.5576559546,0.8360983981693364,0.782608695652174,0.0
6.23,16,1088,68.0,68.0,68.0,68.0,68.0,0.0,1.0,1.0,0.0
2.36,95,44190,86.0,68.0,68.0,271.5,1516.0,564746.1329639889,0.9797500112002151,0.5894736842105263,0.0
9.72,40,2720,68.0,68.0,68.0,68.0,68.0,0.0,1.0,1.0,0.0
8.65,40,2720,68.0,68.0,68.0,68.0,68.0,0.0,1.0,1.0,0.0
7.31,101,31109,86.0,68.0,68.0,516.0,534.0,147657.1385158318,2.733229329173167,0.5742574257425742,0.0
8.85,137,49489,68.0,68.0,68.0,170.0,1516.0,504682.5001864777,0.9253423591658886,0.708029197080292,0.0
7.58,40,2720,68.0,68.0,68.0,68.0,68.0,0.0,1.0,1.0,0.0
7.12,40,2720,68.0,68.0,68.0,68.0,68.0,0.0,1.0,1.0,0.0
9.84,73,21409,68.0,68.0,68.0,86.0,882.5999999999996,368445.04822668416,1.3714000886132034,0.7671232876712328,0.0
6.43,45,12126,86.0,68.0,68.0,170.0,904.4000000000005,184823.13777777777,2.7014652014652016,0.6888888888888889,0.0
7.16,61,19448,86.0,68.0,68.0,170.0,1062.0,315782.08223595814,0.894962486602358,0.639344262295082,0.0
0.61,12,816,68.0,68.0,68.0,68.0,68.0,0.0,1.0,1.0,0.0
5.77,75,16156,86.0,68.0,68.0,486.0,504.0,40304.402488888896,1.2974971558589306,0.6266666666666667,0.0
6.01,28,1904,68.0,68.0,68.0,68.0,68.0,0.0,1.0,1.0,0.0
3.57,12,816,68.0,68.0,68.0,68.0,68.0,0.0,1.0,1.0,0.0
7.69,76,21152,68.0,68.0,68.0,107.0,1292.0,274796.2423822714,1.1971538381634985,0.75,0.0
0.71,12,816,68.0,68.0,68.0,68.0,68.0,0.0,1.0,1.0,0.0
4.43,109,41085,86.0,68.0,68.0,170.0,1372.8000000000004,497680.0680077435,1.0366331234818817,0.6605504587155964,0.0
7.88,40,2720,68.0,68.0,68.0,68.0,68.0,0.0,1.0,1.0,0.0
10.0,40,2720,68.0,68.0,68.0,68.0,68.0,0.0,1.0,1.0,0.0
3.65,68,22802,86.0,68.0,68.0,284.25,1222.7000000000019,278670.6894463668,1.4034995256667018,0.6176470588235294,0.0
6.08,12,816,68.0,68.0,68.0,68.0,68.0,0.0,1.0,1.0,0.0
7.08,117,43035,86.0,68.0,68.0,170.0,1516.0,513115.1900065745,0.9501087547580207,0.6837606837606838,0.0
4.06,12,816,68.0,68.0,68.0,68.0,68.0,0.0,1.0,1.0,0.0
0.27,14,952,68.0,68.0,68.0,68.0,68.0,0.0,1.0,1.0,0.0
9.77,18,1224,68.0,68.0,68.0,68.0,68.0,0.0,1.0,1.0,0.0
5.87,36,2448,68.0,68.0,68.0,68.0,68.0,0.0,1.0,1.0,0.0
4.72,43,14169,86.0,68.0,68.0,170.0,769.0000000000011,375874.6219578151,0.7488274500123426,0.6511627906976745,0.0
9.01,40,2720,68.0,68.0,68.0,68.0,68.0,0.0,1.0,1.0,0.0
0.4,50,13547,86.0,68.0,68.0,170.0,819.3000000000002,239002.9364,0.5420603301081389,0.66,0.0
1.46,40,12719,86.0,68.0,77.0,170.0,1091.7,311107.02437500004,0.8551633605600933,0.65,0.0
5.14,12,816,68.0,68.0,68.0,68.0,68.0,0.0,1.0,1.0,0.0
9.8,40,2720,68.0,68.0,68.0,68.0,68.0,0.0,1.0,1.0,0.0
0.98,28,1904,68.0,68.0,68.0,68.0,68.0,0.0,1.0,1.0,0.0
5.09,39,15629,86.0,68.0,68.0,170.0,1132.2,629191.2163050624,0.6986197152483425,0.6666666666666666,0.0
1.65,28,1904,68.0,68.0,68.0,68.0,68.0,0.0,1.0,1.0,0.0
6.31,12,816,68.0,68.0,68.0,68.0,68.0,0.0,1.0,1.0,0.0
2.65,95,46069,86.0,68.0,68.0,309.0,1516.0,647353.8486426594,1.1066855679531735,0.6,0.0
7.88,40,2720,68.0,68.0,68.0,68.0,68.0,0.0,1.0,1.0,0.0
7.14,40,2720,68.0,68.0,68.0,68.0,68.0,0.0,1.0,1.0,0.0
8.54,69,19061,68.0,68.0,68.0,86.0,191.8000000000003,452898.76538542315,0.6145180416737253,0.8115942028985508,0.0
8.56,104,36120,86.0,68.0,68.0,170.0,1281.1000000000006,407798.5399408284,1.3462163039948034,0.6634615384615384,0.0
6.71,36,2448,68.0,68.0,68.0,68.0,68.0,0.0,1.0,1.0,0.0
2.77,4,272,68.0,68.0,68.0,68.0,68.0,0.0,1.0,1.0,0.0
6.67,36,2448,68.0,68.0,68.0,68.0,68.0,0.0,1.0,1.0,0.0
3.15,4,272,68.0,68.0,68.0,68.0,68.0,0.0,1.0,1.0,0.0
5.86,39,12362,86.0,68.0,68.0,170.0,1290.6000000000001,221660.38395792246,1.3162825557429267,0.6153846153846154,0.0
5.32,28,1904,68.0,68.0,68.0,68.0,68.0,0.0,1.0,1.0,0.0
9.63,109,42128,86.0,68.0,68.0,170.0,1516.0,406353.9013551047,1.6185977125808055,0.6330275229357798,0.0
0.26,22,4860,86.0,86.0,86.0,420.0,486.0,31091.90082644629,0.028789161727349702,0.5454545454545454,0.0
9.73,56,6392,68.0,68.0,68.0,72.5,222.0,15286.551020408164,0.42424242424242425,0.875,0.0
2.15,8,544,68.0,68.0,68.0,68.0,68.0,0.0,1.0,1.0,0.0
2.14,12,816,68.0,68.0,68.0,68.0,68.0,0.0,1.0,1.0,0.0
7.21,20,1360,68.0,68.0,68.0,68.0,68.0,0.0,1.0,1.0,0.0
7.63,51,19729,86.0,68.0,68.0,170.0,1516.0,552459.8185313339,1.08221635883905,0.6862745098039216,0.0
6.02,16,1088,68.0,68.0,68.0,68.0,68.0,0.0,1.0,1.0,0.0
5.65,20,1360,68.0,68.0,68.0,68.0,68.0,0.0,1.0,1.0,0.0
5.25,93,32365,86.0,68.0,68.0,170.0,1064.399999999999,521523.4730026592,0.6957455726710678,0.6666666666666666,0.0
6.01,12,816,68.0,68.0,68.0,68.0,68.0,0.0,1.0,1.0,0.0
5.05,28,1904,68.0,68.0,68.0,68.0,68.0,0.0,1.0,1.0,0.0
4.46,12,816,68.0,68.0,68.0,68.0,68.0,0.0,1.0,1.0,0.0
7.34,28,1904,68.0,68.0,68.0,68.0,68.0,0.0,1.0,1.0,0.0
2.69,43,17606,86.0,68.0,68.0,170.0,1471.8000000000009,495597.7349918875,1.1255583725703249,0.6511627906976745,0.0
3.35,67,16894,86.0,68.0,80.0,486.0,516.0,54968.515036756515,2.7912926391382404,0.5373134328358209,0.0
2.99,12,816,68.0,68.0,68.0,68.0,68.0,0.0,1.0,1.0,0.0
6.15,28,1904,68.0,68.0,68.0,68.0,68.0,0.0,1.0,1.0,0.0
5.65,91,38555,86.0,68.0,68.0,170.0,1516.0,570416.5467938655,1.0042106357540157,0.6153846153846154,0.0
8.65,40,2720,68.0,68.0,68.0,68.0,68.0,0.0,1.0,1.0,0.0
0.46,4,272,68.0,68.0,68.0,68.0,68.0,0.0,1.0,1.0,0.0
7.02,36,2448,68.0,68.0,68.0,68.0,68.0,0.0,1.0,1.0,0.0
4.96,44,15377,86.0,68.0,68.0,170.0,1454.2000000000005,256955.47675619836,1.3351556567957479,0.6363636363636364,0.0
2.07,28,1904,68.0,68.0,68.0,68.0,68.0,0.0,1.0,1.0,0.0
9.98,109,32667,86.0,68.0,68.0,170.0,1236.6000000000001,237821.40375389284,1.6183873036229561,0.6788990825688074,0.0
9.66,52,7772,68.0,68.0,68.0,86.0,486.0,23142.940828402367,0.929493545183714,0.7692307692307693,0.0
4.46,32,2176,68.0,68.0,68.0,68.0,68.0,0.0,1.0,1.0,0.0
5.93,8,544,68.0,68.0,68.0,68.0,68.0,0.0,1.0,1.0,0.0
0.98,44,17497,86.0,68.0,68.0,196.0,1516.0,347429.99741735536,1.7786247419406067,0.6136363636363636,0.0
3.03,20,1360,68.0,68.0,68.0,68.0,68.0,0.0,1.0,1.0,0.0
8.98,20,1360,68.0,68.0,68.0,68.0,68.0,0.0,1.0,1.0,0.0
9.4,110,42204,86.0,68.0,68.0,170.0,1516.0,437279.47471074376,1.2458492975734354,0.6727272727272727,0.0
2.76,12,816,68.0,68.0,68.0,68.0,68.0,0.0,1.0,1.0,0.0
1.22,28,1904,68.0,68.0,68.0,68.0,68.0,0.0,1.0,1.0,0.0
5.84,12,816,68.0,68.0,68.0,68.0,68.0,0.0,1.0,1.0,0.0
1.82,28,1904,68.0,68.0,68.0,68.0,68.0,0.0,1.0,1.0,0.0
6.93,60,16066,80.0,68.0,68.0,86.0,511.60000000000036,349035.37888888904,0.6061181645506348,0.7666666666666667,0.0
7.73,15,1020,68.0,68.0,68.0,68.0,68.0,0.0,0.6666666666666666,1.0,0.0
6.56,53,19178,86.0,68.0,68.0,170.0,1466.0000000000011,466529.0715557138,1.2652964800377982,0.6981132075471698,0.0
5.19,54,18282,86.0,68.0,68.0,170.0,1381.3000000000013,294799.5432098766,1.532483723507411,0.6296296296296297,0.0
0.52,8,544,68.0,68.0,68.0,68.0,68.0,0.0,1.0,1.0,0.0
3.23,8,544,68.0,68.0,68.0,68.0,68.0,0.0,1.0,1.0,0.0
9.58,32,2176,68.0,68.0,68.0,68.0,68.0,0.0,1.0,1.0,0.0
3.62,24,1632,68.0,68.0,68.0,68.0,68.0,0.0,1.0,1.0,0.0
8.7,64,18921,86.0,68.0,68.0,137.0,1179.0000000000007,298124.7614746094,1.5231364181890918,0.6875,0.0
7.13,28,1904,68.0,68.0,68.0,68.0,68.0,0.0,1.0,1.0,0.0
4.97,12,816,68.0,68.0,68.0,68.0,68.0,0.0,1.0,1.0,0.0
6.83,92,36472,86.0,68.0,68.0,170.0,1390.7000000000003,514045.0066162571,0.9884418274997274,0.6413043478260869,0.0
0.92,12,816,68.0,68.0,68.0,68.0,68.0,0.0,1.0,1.0,0.0
0.75,28,1904,68.0,68.0,68.0,68.0,68.0,0.0,1.0,1.0,0.0
9.31,40,2720,68.0,68.0,68.0,68.0,68.0,0.0,1.0,1.0,0.0
2.94,49,20765,86.0,68.0,68.0,170.0,1516.0,523665.52103290294,0.7059645087085114,0.6326530612244898,0.0
5.66,28,1904,68.0,68.0,68.0,68.0,68.0,0.0,1.0,1.0,0.0
4.33,12,816,68.0,68.0,68.0,68.0,68.0,0.0,1.0,1.0,0.0
0.35,51,23336,86.0,68.0,68.0,172.0,1516.0,545171.3041138025,1.0871120651104553,0.5882352941176471,0.0
7.27,42,18151,86.0,68.0,68.0,170.0,1516.0,612801.0912698413,1.1623778889683107,0.6190476190476191,0.0
1.18,12,816,68.0,68.0,68.0,68.0,68.0,0.0,1.0,1.0,0.0
8.43,28,1904,68.0,68.0,68.0,68.0,68.0,0.0,1.0,1.0,0.0
5.56,12,816,68.0,68.0,68.0,68.0,68.0,0.0,1.0,1.0,0.0
9.59,70,19950,68.0,68.0,68.0,86.0,1116.1000000000001,387384.5142857143,0.6675025075225677,0.8,0.0
5.63,28,1904,68.0,68.0,68.0,68.0,68.0,0.0,1.0,1.0,0.0
3.21,12,816,68.0,68.0,68.0,68.0,68.0,0.0,1.0,1.0,0.0
9.28,101,34453,86.0,68.0,68.0,170.0,1422.0,442425.05519066774,0.9399211711711711,0.6831683168316832,0.0
9.73,32,2176,68.0,68.0,68.0,68.0,68.0,0.0,1.0,1.0,0.0
9.71,40,2720,68.0,68.0,68.0,68.0,68.0,0.0,1.0,1.0,0.0
3.38,39,12075,86.0,68.0,68.0,170.0,1081.4,275831.67258382635,1.0403852652923284,0.6410256410256411,0.0
3.0,28,1904,68.0,68.0,68.0,68.0,68.0,0.0,1.0,1.0,0.0
7.11,102,35874,86.0,68.0,68.0,170.0,1513.9,361625.38408304495,1.1414756446991403,0.6568627450980392,0.0
5.91,12,816,68.0,68.0,68.0,68.0,68.0,0.0,1.0,1.0,0.0
5.71,28,1904,68.0,68.0,68.0,68.0,68.0,0.0,1.0,1.0,0.0
9.11,40,2720,68.0,68.0,68.0,68.0,68.0,0.0,1.0,1.0,0.0
4.55,43,17791,86.0,68.0,74.0,170.0,1516.0,414419.027582477,1.8406514449944116,0.5813953488372093,0.0
5.8,28,1904,68.0,68.0,68.0,68.0,68.0,0.0,1.0,1.0,0.0
3.3,12,816,68.0,68.0,68.0,68.0,68.0,0.0,1.0,1.0,0.0
1.08,84,30899,86.0,68.0,68.0,170.0,837.9000000000004,663437.6546201815,0.4112998995158491,0.6428571428571429,0.0
9.45,40,2720,68.0,68.0,68.0,68.0,68.0,0.0,1.0,1.0,0.0
9.91,40,2720,68.0,68.0,68.0,68.0,68.0,0.0,1.0,1.0,0.0
5.26,38,13335,86.0,68.0,68.0,170.0,1372.500000000001,288119.1779778393,1.4170744970092441,0.6052631578947368,0.0
1.21,28,1904,68.0,68.0,68.0,68.0,68.0,0.0,1.0,1.0,0.0
0.72,12,816,68.0,68.0,68.0,68.0,68.0,0.0,1.0,1.0,0.0
6.43,95,44075,86.0,68.0,68.0,297.5,1516.0,598346.7024930748,1.1150247132779885,0.6,0.0
7.95,40,2720,68.0,68.0,68.0,68.0,68.0,0.0,1.0,1.0,0.0
1.54,12,816,68.0,68.0,68.0,68.0,68.0,0.0,1.0,1.0,0.0
0.43,20,1360,68.0,68.0,68.0,68.0,68.0,0.0,1.0,1.0,0.0
7.82,8,544,68.0,68.0,68.0,68.0,68.0,0.0,1.0,1.0,0.0
3.95,37,12716,86.0,68.0,68.0,170.0,1037.5999999999997,427494.32724616514,0.9853239656518346,0.6486486486486487,0.0
4.25,28,1904,68.0,68.0,68.0,68.0,68.0,0.0,1.0,1.0,0.0
4.81,12,816,68.0,68.0,68.0,68.0,68.0,0.0,1.0,1.0,0.0
9.57,110,43081,86.0,68.0,68.0,170.0,1516.0,461480.71975206624,1.2824370860927152,0.6454545454545455,0.0
9.0,32,2176,68.0,68.0,68.0,68.0,68.0,0.0,1.0,1.0,0.0
7.34,36,2448,68.0,68.0,68.0,68.0,68.0,0.0,1.0,1.0,0.0
0.75,43,16982,86.0,68.0,70.5,170.0,1516.0,443753.73931855056,1.209471766848816,0.627906976744186,0.0
6.87,28,1904,68.0,68.0,68.0,68.0,68.0,0.0,1.0,1.0,0.0
4.21,12,816,68.0,68.0,68.0,68.0,68.0,0.0,1.0,1.0,0.0
5.1,91,31777,86.0,68.0,68.0,170.0,1420.0,440322.97186330147,1.2309042403819153,0.6373626373626373,0.0
2.47,12,816,68.0,68.0,68.0,68.0,68.0,0.0,1.0,1.0,0.0
7.27,28,1904,68.0,68.0,68.0,68.0,68.0,0.0,1.0,1.0,0.0
3.55,12,816,68.0,68.0,68.0,68.0,68.0,0.0,1.0,1.0,0.0
3.3,28,1904,68.0,68.0,68.0,68.0,68.0,0.0,1.0,1.0,0.0
9.63,68,12800,68.0,68.0,68.0,86.0,170.0,152101.85640138408,1.4123633622314362,0.7941176470588235,0.0
9.88,99,35482,86.0,68.0,68.0,170.0,1312.6000000000004,477983.2104887255,0.8661968127070951,0.6767676767676768,0.0
8.68,40,2720,68.0,68.0,68.0,68.0,68.0,0.0,1.0,1.0,0.0
2.16,12,816,68.0,68.0,68.0,68.0,68.0,0.0,1.0,1.0,0.0
2.9,28,1904,68.0,68.0,68.0,68.0,68.0,0.0,1.0,1.0,0.0
8.52,71,20947,68.0,68.0,68.0,86.0,1516.0,300149.12596707017,1.3854914018904452,0.7605633802816901,0.0
2.04,12,816,68.0,68.0,68.0,68.0,68.0,0.0,1.0,1.0,0.0
6.56,94,34903,86.0,68.0,68.0,170.0,1516.0,513907.8729062924,0.7282990839316662,0.648936170212766,0.0
0.67,12,816,68.0,68.0,68.0,68.0,68.0,0.0,1.0,1.0,0.0
4.12,28,1904,68.0,68.0,68.0,68.0,68.0,0.0,1.0,1.0,0.0
8.4,40,2720,68.0,68.0,68.0,68.0,68.0,0.0,1.0,1.0,0.0
6.38,41,15892,86.0,68.0,68.0,170.0,1516.0,321881.4086853064,1.882641030292037,0.6097560975609756,0.0
8.76,34,2312,68.0,68.0,68.0,68.0,68.0,0.0,1.0,1.0,0.0
2.63,6,408,68.0,68.0,68.0,68.0,68.0,0.0,1.0,1.0,0.0
1.51,95,34912,86.0,68.0,68.0,188.0,1516.0,357689.9762880886,1.3344700768973587,0.6,0.0
1.78,12,816,68.0,68.0,68.0,68.0,68.0,0.0,1.0,1.0,0.0
8.21,28,1904,68.0,68.0,68.0,68.0,68.0,0.0,1.0,1.0,0.0
6.91,32,2176,68.0,68.0,68.0,68.0,68.0,0.0,1.0,1.0,0.0
6.09,8,544,68.0,68.0,68.0,68.0,68.0,0.0,1.0,1.0,0.0
7.65,73,18970,68.0,68.0,68.0,86.0,878.9999999999995,235695.65246762993,1.7389546635864856,0.7671232876712328,0.0
4.86,12,816,68.0,68.0,68.0,68.0,68.0,0.0,1.0,1.0,0.0
6.61,95,37643,86.0,68.0,68.0,170.0,1516.0,459320.309806094,0.9435667079719124,0.6105263157894737,0.0
8.85,40,2720,68.0,68.0,68.0,68.0,68.0,0.0,1.0,1.0,0.0
7.72,40,2720,68.0,68.0,68.0,68.0,68.0,0.0,1.0,1.0,0.0
9.7,68,21276,68.0,68.0,68.0,86.0,1230.4000000000017,434189.63321799296,0.9951237809452363,0.7647058823529411,0.0
5.52,12,816,68.0,68.0,68.0,68.0,68.0,0.0,1.0,1.0,0.0
6.49,96,39992,86.0,68.0,68.0,170.0,1516.0,447983.18055555556,1.147682723806455,0.6145833333333334,0.0
6.32,16,1088,68.0,68.0,68.0,68.0,68.0,0.0,1.0,1.0,0.0
5.12,24,1632,68.0,68.0,68.0,68.0,68.0,0.0,1.0,1.0,0.0
4.23,12,816,68.0,68.0,68.0,68.0,68.0,0.0,1.0,1.0,0.0
4.41,28,1904,68.0,68.0,68.0,68.0,68.0,0.0,1.0,1.0,0.0
0.89,42,17811,86.0,68.0,71.0,170.0,1495.7999999999997,562257.1139455782,1.1274486383182036,0.6428571428571429,0.0
9.19,40,2720,68.0,68.0,68.0,68.0,68.0,0.0,1.0,1.0,0.0
7.9,93,27620,86.0,68.0,68.0,170.0,806.3999999999997,291643.21493814315,0.9087767795438839,0.6666666666666666,0.0
2.39,12,816,68.0,68.0,68.0,68.0,68.0,0.0,1.0,1.0,0.0
6.46,28,1904,68.0,68.0,68.0,68.0,68.0,0.0,1.0,1.0,0.0
0.28,4,272,68.0,68.0,68.0,68.0,68.0,0.0,1.0,1.0,0.0
4.68,8,544,68.0,68.0,68.0,68.0,68.0,0.0,1.0,1.0,0.0
2.3,28,1904,68.0,68.0,68.0,68.0,68.0,0.0,1.0,1.0,0.0
6.99,47,13915,86.0,68.0,68.0,170.0,1001.9999999999999,200366.40018107754,3.135215453194651,0.6808510638297872,0.0
0.85,20,1360,68.0,68.0,68.0,68.0,68.0,0.0,1.0,1.0,0.0
4.7,12,816,68.0,68.0,68.0,68.0,68.0,0.0,1.0,1.0,0.0
4.85,91,32875,86.0,68.0,68.0,170.0,1516.0,373735.24912450183,1.2526380704399067,0.6263736263736264,0.0
5.65,12,816,68.0,68.0,68.0,68.0,68.0,0.0,1.0,1.0,0.0
6.09,28,1904,68.0,68.0,68.0,68.0,68.0,0.0,1.0,1.0,0.0
8.22,40,2720,68.0,68.0,68.0,68.0,68.0,0.0,1.0,1.0,0.0
4.29,36,12699,86.0,68.0,68.0,170.0,1011.5,430041.63194444444,0.8337906137184116,0.6388888888888888,0.0
2.51,28,1904,68.0,68.0,68.0,68.0,68.0,0.0,1.0,1.0,0.0
8.03,113,37679,86.0,68.0,68.0,170.0,1497.8,386858.0166027097,0.9553191489361702,0.6991150442477876,0.0
5.14,23,3246,68.0,68.0,68.0,86.0,433.20000000000016,20704.287334593573,0.17184115523465704,0.782608695652174,0.0
1.39,24,1632,68.0,68.0,68.0,68.0,68.0,0.0,1.0,1.0,0.0
7.88,16,1088,68.0,68.0,68.0,68.0,68.0,0.0,1.0,1.0,0.0
2.46,24,1632,68.0,68.0,68.0,68.0,68.0,0.0,1.0,1.0,0.0
6.28,42,16532,86.0,68.0,68.0,394.75,1516.0,288739.1882086168,0.7046813776036296,0.5714285714285714,0.0
9.83,40,2720,68.0,68.0,68.0,68.0,68.0,0.0,1.0,1.0,0.0
3.54,85,31146,86.0,68.0,68.0,170.0,1441.2000000000016,345823.93826989614,0.9902869192919675,0.6235294117647059,0.0
3.44,12,816,68.0,68.0,68.0,68.0,68.0,0.0,1.0,1.0,0.0
9.48,40,2720,68.0,68.0,68.0,68.0,68.0,0.0,1.0,1.0,0.0
4.85,28,1904,68.0,68.0,68.0,68.0,68.0,0.0,1.0,1.0,0.0
0.31,15,7720,86.0,68.0,68.0,184.0,1516.0,852409.9555555558,0.9574036511156186,0.6,0.0
1.67,25,11562,86.0,68.0,68.0,170.0,1516.0,477847.44959999993,1.1939278937381403,0.6,0.0
2.36,53,13676,222.0,68.0,86.0,486.0,516.0,41677.508009967976,1.3522531819745442,0.49056603773584906,0.0
6.76,12,816,68.0,68.0,68.0,68.0,68.0,0.0,1.0,1.0,0.0
0.84,28,1904,68.0,68.0,68.0,68.0,68.0,0.0,1.0,1.0,0.0
4.91,91,41199,86.0,68.0,68.0,170.0,1516.0,544238.018355271,1.2322821846553966,0.6043956043956044,0.0
6.98,40,2720,68.0,68.0,68.0,68.0,68.0,0.0,1.0,1.0,0.0
0.2,4,272,68.0,68.0,68.0,68.0,68.0,0.0,1.0,1.0,0.0
6.35,36,2448,68.0,68.0,68.0,68.0,68.0,0.0,1.0,1.0,0.0
9.41,70,17437,68.0,68.0,68.0,86.0,1052.7000000000003,194864.6042857144,1.9629566694987255,0.7714285714285715,0.0
4.05,12,816,68.0,68.0,68.0,68.0,68.0,0.0,1.0,1.0,0.0
0.44,65,23731,86.0,68.0,68.0,170.0,1413.2,388487.1607100592,1.145272102693907,0.6307692307692307,0.0
9.61,40,12818,68.0,68.0,68.0,170.0,1278.4000000000003,367177.4475,1.260271557044613,0.725,0.0
9.67,34,6174,86.0,68.0,68.0,222.0,486.0,30463.712802768157,1.0759919300605245,0.7058823529411765,0.0
0.36,8,544,68.0,68.0,68.0,68.0,68.0,0.0,1.0,1.0,0.0
5.56,32,2176,68.0,68.0,68.0,68.0,68.0,0.0,1.0,1.0,0.0
8.46,69,18546,68.0,68.0,68.0,86.0,677.6000000000005,365681.12665406434,0.8729549585942233,0.782608695652174,0.0
4.3,32,2176,68.0,68.0,68.0,68.0,68.0,0.0,1.0,1.0,0.0
7.72,96,41889,86.0,68.0,68.0,575.25,1516.0,417955.7255859375,1.6718331419823957,0.5833333333333334,0.0
0.39,12,816,68.0,68.0,68.0,68.0,68.0,0.0,1.0,1.0,0.0
1.48,28,1904,68.0,68.0,68.0,68.0,68.0,0.0,1.0,1.0,0.0
2.35,12,816,68.0,68.0,68.0,68.0,68.0,0.0,1.0,1.0,0.0
5.37,28,1904,68.0,68.0,68.0,68.0,68.0,0.0,1.0,1.0,0.0
3.75,56,15149,86.0,68.0,68.0,137.0,658.5,295843.8925382653,1.1939174511223751,0.6428571428571429,0.0
8.34,32,2176,68.0,68.0,68.0,68.0,68.0,0.0,1.0,1.0,0.0
4.77,8,544,68.0,68.0,68.0,68.0,68.0,0.0,1.0,1.0,0.0
2.84,92,41077,86.0,68.0,68.0,170.0,1516.0,679296.010751418,0.7570041490226271,0.6304347826086957,0.0
1.93,12,816,68.0,68.0,68.0,68.0,68.0,0.0,1.0,1.0,0.0
3.34,28,1904,68.0,68.0,68.0,68.0,68.0,0.0,1.0,1.0,0.0
3.34,12,816,68.0,68.0,68.0,68.0,68.0,0.0,1.0,1.0,0.0
4.64,28,1904,68.0,68.0,68.0,68.0,68.0,0.0,1.0,1.0,0.0
0.49,41,16287,86.0,68.0,68.0,170.0,1516.0,387902.13563355146,1.4007959905660377,0.6097560975609756,0.0
4.2,28,1904,68.0,68.0,68.0,68.0,68.0,0.0,1.0,1.0,0.0
3.44,12,816,68.0,68.0,68.0,68.0,68.0,0.0,1.0,1.0,0.0
5.74,95,35975,86.0,68.0,68.0,170.0,1471.8000000000009,505168.74238227145,0.8282766681912893,0.6526315789473685,0.0
3.34,12,816,68.0,68.0,68.0,68.0,68.0,0.0,1.0,1.0,0.0
9.45,40,2720,68.0,68.0,68.0,68.0,68.0,0.0,1.0,1.0,0.0
6.25,28,1904,68.0,68.0,68.0,68.0,68.0,0.0,1.0,1.0,0.0
6.11,40,18695,86.0,68.0,68.0,170.0,1516.0,656642.484375,0.9166495796596268,0.6,0.0
9.29,40,2720,68.0,68.0,68.0,68.0,68.0,0.0,1.0,1.0,0.0
7.15,88,30837,86.0,68.0,68.0,170.0,1516.0,311073.31185433886,1.1780618731459245,0.625,0.0
0.47,12,816,68.0,68.0,68.0,68.0,68.0,0.0,1.0,1.0,0.0
6.87,28,1904,68.0,68.0,68.0,68.0,68.0,0.0,1.0,1.0,0.0
4.58,12,816,68.0,68.0,68.0,68.0,68.0,0.0,1.0,1.0,0.0
7.38,28,1904,68.0,68.0,68.0,68.0,68.0,0.0,1.0,1.0,0.0
7.85,66,17142,68.0,68.0,68.0,86.0,521.0,358481.5316804408,0.8329769033361848,0.7878787878787878,0.0
1.22,12,816,68.0,68.0,68.0,68.0,68.0,0.0,1.0,1.0,0.0
6.21,88,35444,86.0,68.0,68.0,219.25,1516.0,410681.03925619833,1.2496985084100285,0.5909090909090909,0.0
1.12,12,816,68.0,68.0,68.0,68.0,68.0,0.0,1.0,1.0,0.0
9.9,40,2720,68.0,68.0,68.0,68.0,68.0,0.0,1.0,1.0,0.0
5.64,28,1904,68.0,68.0,68.0,68.0,68.0,0.0,1.0,1.0,0.0
6.3,39,15686,86.0,68.0,77.0,242.0,1516.0,420145.59894806053,0.5737935186114177,0.5641025641025641,0.0
3.64,28,1904,68.0,68.0,68.0,68.0,68.0,0.0,1.0,1.0,0.0
8.61,108,36488,86.0,68.0,68.0,170.0,1261.199999999999,419194.40397805226,1.1028123559243892,0.6759259259259259,0.0
0.19,2,136,68.0,68.0,68.0,68.0,68.0,0.0,1.0,1.0,0.0
8.44,38,2584,68.0,68.0,68.0,68.0,68.0,0.0,1.0,1.0,0.0
4.64,12,816,68.0,68.0,68.0,68.0,68.0,0.0,1.0,1.0,0.0
6.16,28,1904,68.0,68.0,68.0,68.0,68.0,0.0,1.0,1.0,0.0
7.24,61,19730,68.0,68.0,68.0,170.0,1483.0,385090.9352324644,0.9136760426770126,0.7377049180327869,0.0
5.8,8,544,68.0,68.0,68.0,68.0,68.0,0.0,1.0,1.0,0.0
2.04,12,816,68.0,68.0,68.0,68.0,68.0,0.0,1.0,1.0,0.0
4.72,87,36869,86.0,68.0,68.0,174.5,1516.0,471945.3431100542,1.488626392170098,0.5747126436781609,0.0
0.7,12,816,68.0,68.0,68.0,68.0,68.0,0.0,1.0,1.0,0.0
4.07,28,1904,68.0,68.0,68.0,68.0,68.0,0.0,1.0,1.0,0.0
9.68,40,2720,68.0,68.0,68.0,68.0,68.0,0.0,1.0,1.0,0.0
7.96,69,15370,68.0,68.0,68.0,86.0,602.6000000000007,149149.11321151015,0.8833476289670383,0.7681159420289855,0.0
0.79,12,816,68.0,68.0,68.0,68.0,68.0,0.0,1.0,1.0,0.0
6.74,84,35547,86.0,68.0,68.0,170.0,1516.0,464077.74192176864,1.0175378852375276,0.6071428571428571,0.0
3.61,12,816,68.0,68.0,68.0,68.0,68.0,0.0,1.0,1.0,0.0
1.56,28,1904,68.0,68.0,68.0,68.0,68.0,0.0,1.0,1.0,0.0
8.88,40,2720,68.0,68.0,68.0,68.0,68.0,0.0,1.0,1.0,0.0
9.12,71,17117,68.0,68.0,68.0,86.0,508.0,230771.82384447532,1.2448524590163934,0.7746478873239436,0.0
5.55,12,816,68.0,68.0,68.0,68.0,68.0,0.0,1.0,1.0,0.0
8.77,91,41328,86.0,68.0,68.0,170.0,1516.0,575945.4488588333,0.9314857222975184,0.6153846153846154,0.0
7.21,40,2720,68.0,68.0,68.0,68.0,68.0,0.0,1.0,1.0,0.0
3.94,12,816,68.0,68.0,68.0,68.0,68.0,0.0,1.0,1.0,0.0
7.88,28,1904,68.0,68.0,68.0,68.0,68.0,0.0,1.0,1.0,0.0
8.63,72,22545,68.0,68.0,68.0,96.75,1315.6999999999998,412141.41493055556,1.3592507325240686,0.75,0.0
9.83,24,4136,68.0,68.0,68.0,86.0,129.0,100647.38888888889,3.246406570841889,0.8333333333333334,0.0
3.46,95,29018,86.0,68.0,68.0,170.0,1020.4000000000003,252825.46880886424,1.1007746325924854,0.6421052631578947,0.0
2.82,4,272,68.0,68.0,68.0,68.0,68.0,0.0,1.0,1.0,0.0
0.84,8,544,68.0,68.0,68.0,68.0,68.0,0.0,1.0,1.0,0.0
7.47,32,2176,68.0,68.0,68.0,68.0,68.0,0.0,1.0,1.0,0.0
4.92,8,544,68.0,68.0,68.0,68.0,68.0,0.0,1.0,1.0,0.0
7.7,32,2176,68.0,68.0,68.0,68.0,68.0,0.0,1.0,1.0,0.0
8.05,63,17715,68.0,68.0,68.0,86.0,170.0,586329.995464853,0.3539437480892693,0.8095238095238095,0.0
8.25,105,33128,86.0,68.0,68.0,170.0,1104.2000000000007,381405.6214058957,1.0725725725725725,0.6857142857142857,0.0
1.03,12,816,68.0,68.0,68.0,68.0,68.0,0.0,1.0,1.0,0.0
3.52,28,1904,68.0,68.0,68.0,68.0,68.0,0.0,1.0,1.0,0.0
3.12,12,816,68.0,68.0,68.0,68.0,68.0,0.0,1.0,1.0,0.0
2.95,28,1904,68.0,68.0,68.0,68.0,68.0,0.0,1.0,1.0,0.0
0.9,37,16249,86.0,68.0,68.0,170.0,1516.0,537831.5953250548,0.8372908186341023,0.6216216216216216,0.0
2.22,28,1904,68.0,68.0,68.0,68.0,68.0,0.0,1.0,1.0,0.0
3.27,12,816,68.0,68.0,68.0,68.0,68.0,0.0,1.0,1.0,0.0
7.82,93,35926,86.0,68.0,68.0,170.0,1481.9999999999995,478974.9201063707,0.8673527730131504,0.6451612903225806,0.0
2.4,12,816,68.0,68.0,68.0,68.0,68.0,0.0,1.0,1.0,0.0
8.7,28,1904,68.0,68.0,68.0,68.0,68.0,0.0,1.0,1.0,0.0
6.89,36,2448,68.0,68.0,68.0,68.0,68.0,0.0,1.0,1.0,0.0
1.12,4,272,68.0,68.0,68.0,68.0,68.0,0.0,1.0,1.0,0.0
7.68,67,16689,68.0,68.0,68.0,86.0,787.3999999999994,209838.49944308307,1.346927295738996,0.7611940298507462,0.0
2.8,12,816,68.0,68.0,68.0,68.0,68.0,0.0,1.0,1.0,0.0
4.22,90,37634,86.0,68.0,68.0,170.0,1316.2000000000019,616145.6424691358,0.6965243655051165,0.6444444444444445,0.0
6.03,12,816,68.0,68.0,68.0,68.0,68.0,0.0,1.0,1.0,0.0
3.96,28,1904,68.0,68.0,68.0,68.0,68.0,0.0,1.0,1.0,0.0
7.74,40,2720,68.0,68.0,68.0,68.0,68.0,0.0,1.0,1.0,0.0
9.73,72,17799,68.0,68.0,68.0,86.0,635.0999999999999,222936.63715277772,1.2880833011955264,0.7777777777777778,0.0
7.47,103,38804,86.0,68.0,68.0,170.0,1516.0,496710.73711000115,0.8922319208075291,0.6504854368932039,0.0
0.42,4,272,68.0,68.0,68.0,68.0,68.0,0.0,1.0,1.0,0.0
5.63,8,544,68.0,68.0,68.0,68.0,68.0,0.0,1.0,1.0,0.0
5.42,28,1904,68.0,68.0,68.0,68.0,68.0,0.0,1.0,1.0,0.0
4.68,12,816,68.0,68.0,68.0,68.0,68.0,0.0,1.0,1.0,0.0
4.59,28,1904,68.0,68.0,68.0,68.0,68.0,0.0,1.0,1.0,0.0
9.05,72,19276,68.0,68.0,68.0,86.0,956.8,343340.2839506173,1.1096640035022436,0.7777777777777778,0.0
9.01,107,41246,86.0,68.0,68.0,170.0,1516.0,560486.1373045683,0.8901975161541634,0.6728971962616822,0.0
6.26,16,1088,68.0,68.0,68.0,68.0,68.0,0.0,1.0,1.0,0.0
9.44,36,2448,68.0,68.0,68.0,68.0,68.0,0.0,1.0,1.0,0.0
3.19,28,1904,68.0,68.0,68.0,68.0,68.0,0.0,1.0,1.0,0.0
4.84,39,16454,86.0,68.0,68.0,170.0,1516.0,705973.2202498356,0.4624477824193405,0.6153846153846154,0.0
6.6,28,1904,68.0,68.0,68.0,68.0,68.0,0.0,1.0,1.0,0.0
6.93,97,29793,86.0,68.0,68.0,170.0,683.800000000001,415860.70081836544,0.3717482388691929,0.6804123711340206,0.0
7.31,40,2720,68.0,68.0,68.0,68.0,68.0,0.0,1.0,1.0,0.0
4.93,12,816,68.0,68.0,68.0,68.0,68.0,0.0,1.0,1.0,0.0
6.48,40,4402,68.0,68.0,68.0,72.5,222.0,13211.897500000001,0.3283041641520821,0.875,0.0
7.59,64,18318,68.0,68.0,68.0,86.0,1008.8000000000018,352905.2021484375,0.8351031857343217,0.78125,0.0
4.32,16,1088,68.0,68.0,68.0,68.0,68.0,0.0,1.0,1.0,0.0
0.94,94,39886,86.0,68.0,68.0,170.0,1516.0,529651.5364418288,1.0556614956450034,0.6063829787234043,0.0
2.21,12,816,68.0,68.0,68.0,68.0,68.0,0.0,1.0,1.0,0.0
2.01,28,1904,68.0,68.0,68.0,68.0,68.0,0.0,1.0,1.0,0.0
0.11,4,272,68.0,68.0,68.0,68.0,68.0,0.0,1.0,1.0,0.0
4.63,8,544,68.0,68.0,68.0,68.0,68.0,0.0,1.0,1.0,0.0
9.43,69,15077,68.0,68.0,68.0,86.0,274.00000000000006,281659.06154169294,0.8631982204646564,0.7971014492753623,0.0
1.48,28,1904,68.0,68.0,68.0,68.0,68.0,0.0,1.0,1.0,0.0
8.49,102,38860,86.0,68.0,68.0,170.0,1516.0,465198.1564782776,1.1560142032845095,0.6568627450980392,0.0
3.02,44,8134,86.0,68.0,68.0,240.0,512.4000000000001,30921.163223140502,1.1149245969838792,0.6818181818181818,0.0
4.65,16,1088,68.0,68.0,68.0,68.0,68.0,0.0,1.0,1.0,0.0
8.5,40,2720,68.0,68.0,68.0,68.0,68.0,0.0,1.0,1.0,0.0
0.75,42,18123,86.0,68.0,68.0,170.0,1516.0,400784.0595238095,1.558300395256917,0.5952380952380952,0.0
1.74,12,816,68.0,68.0,68.0,68.0,68.0,0.0,1.0,1.0,0.0
5.05,16,1088,68.0,68.0,68.0,68.0,68.0,0.0,1.0,1.0,0.0
5.02,24,1632,68.0,68.0,68.0,68.0,68.0,0.0,1.0,1.0,0.0
8.98,95,37261,86.0,68.0,68.0,226.5,1516.0,385240.5932409972,1.508651450885343,0.6,0.0
9.39,36,2448,68.0,68.0,68.0,68.0,68.0,0.0,1.0,1.0,0.0
4.77,12,816,68.0,68.0,68.0,68.0,68.0,0.0,1.0,1.0,0.0
4.67,28,1904,68.0,68.0,68.0,68.0,68.0,0.0,1.0,1.0,0.0
1.44,42,14760,86.0,68.0,68.0,170.0,1462.0999999999992,381998.7210884353,1.4372523117569354,0.6428571428571429,0.0
2.38,12,2590,86.0,68.0,68.0,486.0,486.0,38659.638888888876,0.11734253666954271,0.6666666666666666,0.0
7.76,20,1360,68.0,68.0,68.0,68.0,68.0,0.0,1.0,1.0,0.0
8.23,113,36914,86.0,68.0,68.0,170.0,1464.7999999999993,351865.1936721748,0.9746442708890554,0.6991150442477876,0.0
9.97,40,2720,68.0,68.0,68.0,68.0,68.0,0.0,1.0,1.0,0.0
9.46,40,2720,68.0,68.0,68.0,68.0,68.0,0.0,1.0,1.0,0.0
6.61,40,11075,86.0,68.0,68.0,170.0,559.7000000000004,292928.309375,1.104713036868111,0.65,0.0
3.29,28,1904,68.0,68.0,68.0,68.0,68.0,0.0,1.0,1.0,0.0
6.26,25,5208,68.0,68.0,68.0,86.0,170.0,190808.61760000003,0.9097909790979097,0.84,0.0
1.2,82,35276,86.0,68.0,68.0,170.0,1516.0,524404.1326591315,0.779997981632859,0.6219512195121951,0.0
3.6,18,2096,68.0,68.0,68.0,68.0,206.00000000000028,17102.913580246914,2.8529411764705883,0.8888888888888888,0.0
6.03,24,1632,68.0,68.0,68.0,68.0,68.0,0.0,1.0,1.0,0.0
8.97,40,2720,68.0,68.0,68.0,68.0,68.0,0.0,1.0,1.0,0.0
1.29,15,1400,86.0,68.0,68.0,126.0,126.0,587.5555555555554,0.8134715025906736,0.6666666666666666,0.0
1.04,40,19287,86.0,68.0,68.0,227.75,1516.0,722331.844375,1.1325740822644847,0.6,0.0
6.11,16,1088,68.0,68.0,68.0,68.0,68.0,0.0,1.0,1.0,0.0
2.57,24,1632,68.0,68.0,68.0,68.0,68.0,0.0,1.0,1.0,0.0
4.04,90,39203,86.0,68.0,68.0,250.25,1516.0,494796.86432098754,1.3414561309203847,0.5888888888888889,0.0
1.48,12,816,68.0,68.0,68.0,68.0,68.0,0.0,1.0,1.0,0.0
3.95,28,1904,68.0,68.0,68.0,68.0,68.0,0.0,1.0,1.0,0.0
4.87,12,816,68.0,68.0,68.0,68.0,68.0,0.0,1.0,1.0,0.0
1.18,28,1904,68.0,68.0,68.0,68.0,68.0,0.0,1.0,1.0,0.0
8.36,71,19791,68.0,68.0,68.0,128.0,1361.0,219900.97798055946,2.381342901076371,0.7464788732394366,0.0
7.17,105,41560,86.0,68.0,68.0,170.0,1516.0,547186.5351473922,0.9077346798255681,0.6666666666666666,0.0
6.32,16,1088,68.0,68.0,68.0,68.0,68.0,0.0,1.0,1.0,0.0
2.86,24,1632,68.0,68.0,68.0,68.0,68.0,0.0,1.0,1.0,0.0
6.45,24,1632,68.0,68.0,68.0,68.0,68.0,0.0,1.0,1.0,0.0
6.9,16,1088,68.0,68.0,68.0,68.0,68.0,0.0,1.0,1.0,0.0
4.69,35,10453,86.0,68.0,68.0,170.0,444.4000000000004,420014.7395918367,0.5162460110240789,0.6571428571428571,0.0
7.63,28,1904,68.0,68.0,68.0,68.0,68.0,0.0,1.0,1.0,0.0
7.42,109,35835,86.0,68.0,68.0,170.0,1342.6000000000004,308438.12658867094,1.225776397515528,0.6697247706422018,0.0
5.14,12,816,68.0,68.0,68.0,68.0,68.0,0.0,1.0,1.0,0.0
8.51,28,1904,68.0,68.0,68.0,68.0,68.0,0.0,1.0,1.0,0.0
9.23,40,2720,68.0,68.0,68.0,68.0,68.0,0.0,1.0,1.0,0.0
7.61,66,17083,68.0,68.0,68.0,86.0,723.5,258688.77525252526,1.4840773593136543,0.7575757575757576,0.0
9.08,110,40285,86.0,68.0,68.0,170.0,1472.8000000000004,438714.102892562,1.0317228162194876,0.6545454545454545,0.0
0.02,4,272,68.0,68.0,68.0,68.0,68.0,0.0,1.0,1.0,0.0
5.87,8,544,68.0,68.0,68.0,68.0,68.0,0.0,1.0,1.0,0.0
3.1,28,1904,68.0,68.0,68.0,68.0,68.0,0.0,1.0,1.0,0.0
6.77,36,2448,68.0,68.0,68.0,68.0,68.0,0.0,1.0,1.0,0.0
9.99,45,17718,86.0,68.0,68.0,170.0,1425.6000000000004,485506.41777777777,1.1080309339678762,0.6666666666666666,0.0
5.59,28,1904,68.0,68.0,68.0,68.0,68.0,0.0,1.0,1.0,0.0
5.96,12,816,68.0,68.0,68.0,68.0,68.0,0.0,1.0,1.0,0.0
0.66,106,48143,86.0,68.0,68.0,310.25,1516.0,534852.4301352794,1.1193431942243353,0.6132075471698113,0.0
9.83,40,2720,68.0,68.0,68.0,68.0,68.0,0.0,1.0,1.0,0.0
6.25,16,1088,68.0,68.0,68.0,68.0,68.0,0.0,1.0,1.0,0.0
6.2,24,1632,68.0,68.0,68.0,68.0,68.0,0.0,1.0,1.0,0.0
1.93,42,13761,86.0,68.0,68.0,170.0,1495.6999999999998,306779.7534013606,0.9664189768505287,0.6666666666666666,0.0
3.98,28,1904,68.0,68.0,68.0,68.0,68.0,0.0,1.0,1.0,0.0
4.06,12,816,68.0,68.0,68.0,68.0,68.0,0.0,1.0,1.0,0.0
7.99,95,36592,86.0,68.0,68.0,170.0,1516.0,395576.9469252078,1.6012653728584632,0.6105263157894737,0.0
9.02,40,2720,68.0,68.0,68.0,68.0,68.0,0.0,1.0,1.0,0.0
1.61,12,816,68.0,68.0,68.0,68.0,68.0,0.0,1.0,1.0,0.0
9.92,71,21729,68.0,68.0,68.0,86.0,505.0,510544.6601864709,0.710136943176452,0.7746478873239436,0.0
1.58,28,1904,68.0,68.0,68.0,68.0,68.0,0.0,1.0,1.0,0.0
6.08,12,816,68.0,68.0,68.0,68.0,68.0,0.0,1.0,1.0,0.0
7.21,96,41791,86.0,68.0,68.0,191.0,1516.0,482779.593641493,1.1703972994027525,0.6041666666666666,0.0
9.87,40,2720,68.0,68.0,68.0,68.0,68.0,0.0,1.0,1.0,0.0
0.01,4,272,68.0,68.0,68.0,68.0,68.0,0.0,1.0,1.0,0.0
2.6,8,544,68.0,68.0,68.0,68.0,68.0,0.0,1.0,1.0,0.0
7.84,28,1904,68.0,68.0,68.0,68.0,68.0,0.0,1.0,1.0,0.0
9.72,73,20505,68.0,68.0,68.0,86.0,1214.3999999999999,231352.481140927,1.3680563575470608,0.7534246575342466,0.0
8.12,109,44093,86.0,68.0,68.0,170.0,1516.0,500835.42378587654,1.0264258467760468,0.6513761467889908,0.0
3.12,12,816,68.0,68.0,68.0,68.0,68.0,0.0,1.0,1.0,0.0
0.3,12,816,68.0,68.0,68.0,68.0,68.0,0.0,1.0,1.0,0.0
1.75,16,1088,68.0,68.0,68.0,68.0,68.0,0.0,1.0,1.0,0.0
5.0,12,816,68.0,68.0,68.0,68.0,68.0,0.0,1.0,1.0,0.0
6.47,28,1904,68.0,68.0,68.0,68.0,68.0,0.0,1.0,1.0,0.0
3.47,38,12599,86.0,68.0,68.0,170.0,1292.4000000000003,222593.98407202214,1.7605170902716916,0.6052631578947368,0.0
5.51,28,1904,68.0,68.0,68.0,68.0,68.0,0.0,1.0,1.0,0.0
8.23,113,39054,86.0,68.0,68.0,170.0,1516.0,385200.8395332446,1.3489714904366654,0.6637168141592921,0.0
5.75,12,816,68.0,68.0,68.0,68.0,68.0,0.0,1.0,1.0,0.0
0.05,6,408,68.0,68.0,68.0,68.0,68.0,0.0,1.0,1.0,0.0
0.27,22,1496,68.0,68.0,68.0,68.0,68.0,0.0,1.0,1.0,0.0
9.23,40,2720,68.0,68.0,68.0,68.0,68.0,0.0,1.0,1.0,0.0
0.58,37,11074,86.0,68.0,68.0,170.0,730.799999999999,293891.88458729,0.5263955892487939,0.6216216216216216,0.0
0.89,28,1904,68.0,68.0,68.0,68.0,68.0,0.0,1.0,1.0,0.0
9.94,112,43385,86.0,68.0,68.0,170.0,1516.0,468208.69634885195,1.261284269780048,0.6607142857142857,0.0
9.92,40,2720,68.0,68.0,68.0,68.0,68.0,0.0,1.0,1.0,0.0
1.08,12,816,68.0,68.0,68.0,68.0,68.0,0.0,1.0,1.0,0.0
5.1,28,1904,68.0,68.0,68.0,68.0,68.0,0.0,1.0,1.0,0.0
5.71,42,20911,86.0,68.0,68.0,170.0,1516.0,831045.4858276645,0.9579588014981273,0.6190476190476191,0.0
2.76,28,1904,68.0,68.0,68.0,68.0,68.0,0.0,1.0,1.0,0.0
2.67,12,816,68.0,68.0,68.0,68.0,68.0,0.0,1.0,1.0,0.0
6.56,100,42955,86.0,68.0,68.0,170.0,1516.0,587924.0075000001,1.1045024741560923,0.63,0.0
7.46,40,2720,68.0,68.0,68.0,68.0,68.0,0.0,1.0,1.0,0.0
8.73,40,2720,68.0,68.0,68.0,68.0,68.0,0.0,1.0,1.0,0.0
0.86,44,12846,86.0,68.0,68.0,170.0,1147.4000000000005,199926.1342975206,2.5812656816281017,0.6590909090909091,0.0
9.87,40,2720,68.0,68.0,68.0,68.0,68.0,0.0,1.0,1.0,0.0
8.91,90,36607,86.0,68.0,68.0,170.0,1516.0,549045.3680246912,0.8876398700562058,0.6222222222222222,0.0
9.41,40,2720,68.0,68.0,68.0,68.0,68.0,0.0,1.0,1.0,0.0
1.6,12,816,68.0,68.0,68.0,68.0,68.0,0.0,1.0,1.0,0.0
9.14,69,18538,68.0,68.0,68.0,86.0,881.2000000000005,341541.0338164252,1.2332249126611252,0.782608695652174,0.0
8.37,28,1904,68.0,68.0,68.0,68.0,68.0,0.0,1.0,1.0,0.0
1.42,12,816,68.0,68.0,68.0,68.0,68.0,0.0,1.0,1.0,0.0
9.34,96,27415,86.0,68.0,68.0,170.0,1171.0,239230.9738498264,1.6619089231964268,0.6770833333333334,0.0
6.44,32,2176,68.0,68.0,68.0,68.0,68.0,0.0,1.0,1.0,0.0
2.49,12,816,68.0,68.0,68.0,68.0,68.0,0.0,1.0,1.0,0.0
5.77,28,1904,68.0,68.0,68.0,68.0,68.0,0.0,1.0,1.0,0.0
2.01,44,21109,86.0,68.0,68.0,515.0,1516.0,609121.9602272727,1.2064388000418105,0.5909090909090909,0.0
9.92,40,2720,68.0,68.0,68.0,68.0,68.0,0.0,1.0,1.0,0.0
5.66,92,36607,86.0,68.0,68.0,170.0,1516.0,558852.805647448,0.7697365240512448,0.6304347826086957,0.0
0.89,12,816,68.0,68.0,68.0,68.0,68.0,0.0,1.0,1.0,0.0
4.17,28,1904,68.0,68.0,68.0,68.0,68.0,0.0,1.0,1.0,0.0
8.11,40,2720,68.0,68.0,68.0,68.0,68.0,0.0,1.0,1.0,0.0
9.46,75,22975,68.0,68.0,68.0,128.0,1372.400000000003,292368.5688888889,1.1715500945179584,0.7466666666666667,0.0
5.27,12,816,68.0,68.0,68.0,68.0,68.0,0.0,1.0,1.0,0.0
3.44,98,48025,86.0,68.0,68.0,170.0,1516.0,641143.1708663057,0.8938796435050083,0.6122448979591837,0.0
1.2,12,816,68.0,68.0,68.0,68.0,68.0,0.0,1.0,1.0,0.0
5.75,28,1904,68.0,68.0,68.0,68.0,68.0,0.0,1.0,1.0,0.0
2.64,12,816,68.0,68.0,68.0,68.0,68.0,0.0,1.0,1.0,0.0
0.9,28,1904,68.0,68.0,68.0,68.0,68.0,0.0,1.0,1.0,0.0
5.09,41,10255,86.0,68.0,68.0,170.0,576.0,147416.69244497325,1.413509060955519,0.6341463414634146,0.0
2.46,28,1904,68.0,68.0,68.0,68.0,68.0,0.0,1.0,1.0,0.0
1.97,12,816,68.0,68.0,68.0,68.0,68.0,0.0,1.0,1.0,0.0
3.44,95,28612,86.0,68.0,68.0,170.0,872.2000000000012,259930.42060941822,1.4986464064273863,0.6526315789473685,0.0
9.48,40,2720,68.0,68.0,68.0,68.0,68.0,0.0,1.0,1.0,0.0
4.76,12,816,68.0,68.0,68.0,68.0,68.0,0.0,1.0,1.0,0.0
6.15,28,1904,68.0,68.0,68.0,68.0,68.0,0.0,1.0,1.0,0.0
2.56,51,18177,86.0,68.0,68.0,196.0,981.0,429412.2814302192,0.6292013982253294,0.6078431372549019,0.0
8.92,32,2176,68.0,68.0,68.0,68.0,68.0,0.0,1.0,1.0,0.0
8.25,94,31458,86.0,68.0,68.0,170.0,1269.7,391704.03304662753,0.7848510638297872,0.6595744680851063,0.0
0.79,12,816,68.0,68.0,68.0,68.0,68.0,0.0,1.0,1.0,0.0
7.36,28,1904,68.0,68.0,68.0,68.0,68.0,0.0,1.0,1.0,0.0
0.35,4,272,68.0,68.0,68.0,68.0,68.0,0.0,1.0,1.0,0.0
2.41,8,544,68.0,68.0,68.0,68.0,68.0,0.0,1.0,1.0,0.0
2.72,28,1904,68.0,68.0,68.0,68.0,68.0,0.0,1.0,1.0,0.0
1.87,42,16833,86.0,68.0,68.0,170.0,1516.0,343076.88265306124,2.7531772575250835,0.5952380952380952,0.0
1.5,28,1904,68.0,68.0,68.0,68.0,68.0,0.0,1.0,1.0,0.0
5.73,12,816,68.0,68.0,68.0,68.0,68.0,0.0,1.0,1.0,0.0
0.96,92,33981,86.0,68.0,68.0,170.0,1516.0,380152.316989603,1.582142857142857,0.6086956521739131,0.0
1.16,12,816,68.0,68.0,68.0,68.0,68.0,0.0,1.0,1.0,0.0
4.21,43,7312,68.0,68.0,68.0,163.0,486.0,30161.207138994054,0.7401237505949548,0.7441860465116279,0.0
7.62,40,2720,68.0,68.0,68.0,68.0,68.0,0.0,1.0,1.0,0.0
1.83,46,16948,86.0,68.0,68.0,170.0,1321.5,352815.7674858224,1.4576566125290022,0.6304347826086957,0.0
4.07,20,1360,68.0,68.0,68.0,68.0,68.0,0.0,1.0,1.0,0.0
0.53,8,544,68.0,68.0,68.0,68.0,68.0,0.0,1.0,1.0,0.0
2.71,12,816,68.0,68.0,68.0,68.0,68.0,0.0,1.0,1.0,0.0
4.13,111,47571,86.0,68.0,68.0,170.0,1516.0,620978.8940832725,1.0294795221843003,0.6486486486486487,0.0
9.34,40,2720,68.0,68.0,68.0,68.0,68.0,0.0,1.0,1.0,0.0
8.44,40,2720,68.0,68.0,68.0,68.0,68.0,0.0,1.0,1.0,0.0
1.55,39,13170,86.0,68.0,68.0,170.0,1397.6000000000004,280724.87968441815,1.1891622340425532,0.6410256410256411,0.0
4.91,39,4740,68.0,68.0,68.0,86.0,274.80000000000075,16320.094674556218,0.7477876106194691,0.8461538461538461,0.0
8.81,117,52377,86.0,68.0,68.0,170.0,1516.0,720332.358974359,0.8646137415450338,0.6666666666666666,0.0
3.8,12,816,68.0,68.0,68.0,68.0,68.0,0.0,1.0,1.0,0.0
9.82,32,2176,68.0,68.0,68.0,68.0,68.0,0.0,1.0,1.0,0.0
5.8,36,2448,68.0,68.0,68.0,68.0,68.0,0.0,1.0,1.0,0.0
1.41,12,1120,86.0,68.0,68.0,126.0,126.0,587.5555555555554,1.0,0.6666666666666666,0.0
1.81,38,12991,86.0,68.0,68.0,170.0,1275.9000000000015,248612.48268698057,2.5035059331175837,0.6052631578947368,0.0
7.38,28,1904,68.0,68.0,68.0,68.0,68.0,0.0,1.0,1.0,0.0
0.48,8,544,68.0,68.0,68.0,68.0,68.0,0.0,1.0,1.0,0.0
3.13,4,272,68.0,68.0,68.0,68.0,68.0,0.0,1.0,1.0,0.0
3.7,91,31556,86.0,68.0,68.0,170.0,1508.0,294645.62806424353,1.692491467576792,0.6153846153846154,0.0
6.59,24,1632,68.0,68.0,68.0,68.0,68.0,0.0,1.0,1.0,0.0
0.6,16,1088,68.0,68.0,68.0,68.0,68.0,0.0,1.0,1.0,0.0
9.95,40,2720,68.0,68.0,68.0,68.0,68.0,0.0,1.0,1.0,0.0
8.81,66,14415,68.0,68.0,68.0,86.0,221.5,196087.75688705238,0.736328595519152,0.7727272727272727,0.0
0.41,4,272,68.0,68.0,68.0,68.0,68.0,0.0,1.0,1.0,0.0
2.45,8,544,68.0,68.0,68.0,68.0,68.0,0.0,1.0,1.0,0.0
0.81,93,41350,86.0,68.0,80.0,219.0,1516.0,479783.50352641934,1.174599000788851,0.5806451612903226,0.0
4.79,12,816,68.0,68.0,68.0,68.0,68.0,0.0,1.0,1.0,0.0
4.45,28,1904,68.0,68.0,68.0,68.0,68.0,0.0,1.0,1.0,0.0
9.75,40,2720,68.0,68.0,68.0,68.0,68.0,0.0,1.0,1.0,0.0
5.55,42,14988,86.0,68.0,68.0,170.0,1428.0999999999988,489151.1700680271,0.9319412219644239,0.6428571428571429,0.0
2.71,28,1904,68.0,68.0,68.0,68.0,68.0,0.0,1.0,1.0,0.0
2.39,12,816,68.0,68.0,68.0,68.0,68.0,0.0,1.0,1.0,0.0
8.25,91,37189,86.0,68.0,68.0,231.5,1516.0,372105.0561526385,1.4019246915972357,0.5824175824175825,0.0
5.86,12,816,68.0,68.0,68.0,68.0,68.0,0.0,1.0,1.0,0.0
1.73,28,1904,68.0,68.0,68.0,68.0,68.0,0.0,1.0,1.0,0.0
5.08,12,816,68.0,68.0,68.0,68.0,68.0,0.0,1.0,1.0,0.0
4.01,28,1904,68.0,68.0,68.0,68.0,68.0,0.0,1.0,1.0,0.0
2.3,43,13801,86.0,68.0,68.0,184.0,1403.0000000000025,219973.95132504057,4.80605805637358,0.6046511627906976,0.0
6.08,28,1904,68.0,68.0,68.0,68.0,68.0,0.0,1.0,1.0,0.0
9.35,101,30463,86.0,68.0,68.0,170.0,902.0,396819.9400058817,0.7215597626448149,0.7128712871287128,0.0
0.51,8,544,68.0,68.0,68.0,68.0,68.0,0.0,1.0,1.0,0.0
3.81,4,272,68.0,68.0,68.0,68.0,68.0,0.0,1.0,1.0,0.0
4.29,28,1904,68.0,68.0,68.0,68.0,68.0,0.0,1.0,1.0,0.0
6.09,12,816,68.0,68.0,68.0,68.0,68.0,0.0,1.0,1.0,0.0
4.43,28,1904,68.0,68.0,68.0,68.0,68.0,0.0,1.0,1.0,0.0
7.96,69,17084,68.0,68.0,68.0,86.0,1005.400000000001,183649.83532871245,1.8121810699588476,0.7681159420289855,0.0
4.37,12,816,68.0,68.0,68.0,68.0,68.0,0.0,1.0,1.0,0.0
1.45,92,46220,86.0,68.0,68.0,241.0,1516.0,692375.9773156901,1.0034677069787603,0.5978260869565217,0.0
2.89,12,816,68.0,68.0,68.0,68.0,68.0,0.0,1.0,1.0,0.0
6.72,28,1904,68.0,68.0,68.0,68.0,68.0,0.0,1.0,1.0,0.0
4.22,12,816,68.0,68.0,68.0,68.0,68.0,0.0,1.0,1.0,0.0
6.64,41,4470,68.0,68.0,68.0,68.0,222.0,12931.73111243308,0.3488231744115872,0.8780487804878049,0.0
9.46,73,18695,86.0,68.0,68.0,170.0,797.599999999999,180059.81272283735,1.406048906048906,0.7123287671232876,0.0
1.01,4,272,68.0,68.0,68.0,68.0,68.0,0.0,1.0,1.0,0.0
5.7,16,1088,68.0,68.0,68.0,68.0,68.0,0.0,1.0,1.0,0.0
1.13,85,26198,86.0,68.0,68.0,170.0,1117.6000000000013,245540.26103806225,0.9875578484181777,0.6352941176470588,0.0
3.62,12,816,68.0,68.0,68.0,68.0,68.0,0.0,1.0,1.0,0.0
7.15,28,1904,68.0,68.0,68.0,68.0,68.0,0.0,1.0,1.0,0.0
9.16,40,2720,68.0,68.0,68.0,68.0,68.0,0.0,1.0,1.0,0.0
1.71,42,15711,86.0,68.0,71.0,170.0,1359.7999999999997,490654.6853741497,0.5281587394222352,0.6666666666666666,0.0
8.56,32,2176,68.0,68.0,68.0,68.0,68.0,0.0,1.0,1.0,0.0
1.16,8,544,68.0,68.0,68.0,68.0,68.0,0.0,1.0,1.0,0.0
8.17,87,33797,86.0,68.0,68.0,170.0,1516.0,561139.1917029992,0.7996272630457933,0.6206896551724138,0.0
8.86,86,13214,68.0,68.0,68.0,86.0,486.0,25226.62249864794,1.3020905923344948,0.7790697674418605,0.0
7.08,40,2720,68.0,68.0,68.0,68.0,68.0,0.0,1.0,1.0,0.0
8.97,69,19507,68.0,68.0,68.0,86.0,1000.4000000000002,375238.7855492545,1.2661477695167287,0.7681159420289855,0.0
8.55,106,37274,86.0,68.0,68.0,170.0,1459.5,525501.2111071557,0.7714937502970391,0.6981132075471698,0.0
8.75,40,2720,68.0,68.0,68.0,68.0,68.0,0.0,1.0,1.0,0.0
1.01,12,816,68.0,68.0,68.0,68.0,68.0,0.0,1.0,1.0,0.0
5.0,28,1904,68.0,68.0,68.0,68.0,68.0,0.0,1.0,1.0,0.0
9.18,72,18325,68.0,68.0,68.0,86.0,491.2999999999995,349198.66647376545,0.7024340393905611,0.8055555555555556,0.0
1.14,12,816,68.0,68.0,68.0,68.0,68.0,0.0,1.0,1.0,0.0
5.96,101,44835,86.0,68.0,68.0,222.0,1516.0,520234.33859425545,1.303128371089536,0.594059405940594,0.0
6.16,16,1088,68.0,68.0,68.0,68.0,68.0,0.0,1.0,1.0,0.0
9.87,36,2448,68.0,68.0,68.0,68.0,68.0,0.0,1.0,1.0,0.0
8.57,40,6571,68.0,68.0,68.0,68.0,94.40000000000012,188064.549375,0.5849011095031356,0.9,0.0
6.94,51,13441,68.0,68.0,68.0,86.0,258.0,400938.7966166858,0.6286198957954683,0.7843137254901961,0.0
8.72,16,1088,68.0,68.0,68.0,68.0,68.0,0.0,1.0,1.0,0.0
0.52,72,31356,86.0,68.0,68.0,362.75,1516.0,442602.72222222225,1.7235299226960827,0.5972222222222222,0.0
3.43,28,11716,86.0,68.0,68.0,314.5,1516.0,350361.03061224485,1.8361171629145485,0.6071428571428571,0.0
9.67,40,2720,68.0,68.0,68.0,68.0,68.0,0.0,1.0,1.0,0.0
4.83,12,816,68.0,68.0,68.0,68.0,68.0,0.0,1.0,1.0,0.0
1.99,28,1904,68.0,68.0,68.0,68.0,68.0,0.0,1.0,1.0,0.0
1.06,43,22163,86.0,68.0,68.0,671.0,1516.0,580746.0573282856,1.0455006922011998,0.5581395348837209,0.0
0.4,20,1360,68.0,68.0,68.0,68.0,68.0,0.0,1.0,1.0,0.0
8.58,20,1360,68.0,68.0,68.0,68.0,68.0,0.0,1.0,1.0,0.0
0.28,45,18734,86.0,68.0,68.0,170.0,1516.0,403344.52543209883,1.3585547022535567,0.6444444444444445,0.0
2.07,52,23766,86.0,68.0,68.0,170.0,1516.0,601630.9600591717,1.0387749849875612,0.5961538461538461,0.0
5.84,12,816,68.0,68.0,68.0,68.0,68.0,0.0,1.0,1.0,0.0
2.21,28,1904,68.0,68.0,68.0,68.0,68.0,0.0,1.0,1.0,0.0
6.05,12,816,68.0,68.0,68.0,68.0,68.0,0.0,1.0,1.0,0.0
5.07,28,1904,68.0,68.0,68.0,68.0,68.0,0.0,1.0,1.0,0.0
1.25,41,19873,86.0,68.0,68.0,605.0,1516.0,512312.6948245092,1.431840430739109,0.5853658536585366,0.0
5.71,28,1904,68.0,68.0,68.0,68.0,68.0,0.0,1.0,1.0,0.0
6.22,12,816,68.0,68.0,68.0,68.0,68.0,0.0,1.0,1.0,0.0
7.46,95,37590,86.0,68.0,68.0,188.5,1516.0,425867.2897506927,1.303591126363525,0.6,0.0
1.94,12,816,68.0,68.0,68.0,68.0,68.0,0.0,1.0,1.0,0.0
3.64,28,1904,68.0,68.0,68.0,68.0,68.0,0.0,1.0,1.0,0.0
4.54,12,816,68.0,68.0,68.0,68.0,68.0,0.0,1.0,1.0,0.0
3.33,28,1904,68.0,68.0,68.0,68.0,68.0,0.0,1.0,1.0,0.0
0.59,40,17048,86.0,68.0,68.0,170.0,1516.0,584408.9600000001,0.8484224222053561,0.625,0.0
8.42,28,1904,68.0,68.0,68.0,68.0,68.0,0.0,1.0,1.0,0.0
7.97,107,37625,86.0,68.0,68.0,170.0,1322.8000000000018,515254.82976679184,0.6746038810753071,0.7009345794392523,0.0
9.07,40,2720,68.0,68.0,68.0,68.0,68.0,0.0,1.0,1.0,0.0
4.53,12,816,68.0,68.0,68.0,68.0,68.0,0.0,1.0,1.0,0.0
8.53,40,5239,68.0,68.0,68.0,68.0,94.40000000000012,78601.97437500002,0.6179740580605312,0.9,0.0
1.66,23,10839,86.0,68.0,77.0,170.0,1514.2,591575.584120983,0.8061989668388602,0.6086956521739131,0.0
6.24,28,1904,68.0,68.0,68.0,68.0,68.0,0.0,1.0,1.0,0.0
1.22,12,816,68.0,68.0,68.0,68.0,68.0,0.0,1.0,1.0,0.0
9.34,96,37732,86.0,68.0,68.0,170.0,1508.0,618709.6232638889,0.7942840838841599,0.65625,0.0
3.53,4,272,68.0,68.0,68.0,68.0,68.0,0.0,1.0,1.0,0.0
3.13,28,1904,68.0,68.0,68.0,68.0,68.0,0.0,1.0,1.0,0.0
5.92,12,816,68.0,68.0,68.0,68.0,68.0,0.0,1.0,1.0,0.0
9.43,69,16666,68.0,68.0,68.0,86.0,1012.6000000000001,176338.71245536645,2.273620113926537,0.7681159420289855,0.0
5.2,28,1904,68.0,68.0,68.0,68.0,68.0,0.0,1.0,1.0,0.0
7.59,103,32533,86.0,68.0,68.0,170.0,1214.9999999999993,325935.4253935339,1.0646696706225804,0.6796116504854369,0.0
9.17,40,2720,68.0,68.0,68.0,68.0,68.0,0.0,1.0,1.0,0.0
9.46,40,2720,68.0,68.0,68.0,68.0,68.0,0.0,1.0,1.0,0.0
9.38,72,22395,68.0,68.0,68.0,86.0,1210.5999999999997,366480.0121527778,1.4561307304233384,0.7638888888888888,0.0
1.14,12,816,68.0,68.0,68.0,68.0,68.0,0.0,1.0,1.0,0.0
9.36,103,34566,86.0,68.0,68.0,170.0,1461.1999999999994,426143.73663870315,0.8337400530503979,0.6796116504854369,0.0
2.94,28,1904,68.0,68.0,68.0,68.0,68.0,0.0,1.0,1.0,0.0
8.88,40,2720,68.0,68.0,68.0,68.0,68.0,0.0,1.0,1.0,0.0
5.26,42,18000,86.0,68.0,72.5,482.5,1516.0,313455.91156462586,1.5263157894736843,0.5476190476190477,0.0
7.68,28,1904,68.0,68.0,68.0,68.0,68.0,0.0,1.0,1.0,0.0
8.36,107,43364,86.0,68.0,68.0,170.0,1516.0,516413.5807494105,1.0537058962822639,0.6355140186915887,0.0
7.27,40,2720,68.0,68.0,68.0,68.0,68.0,0.0,1.0,1.0,0.0
5.19,12,816,68.0,68.0,68.0,68.0,68.0,0.0,1.0,1.0,0.0
5.37,28,1904,68.0,68.0,68.0,68.0,68.0,0.0,1.0,1.0,0.0
0.13,12,3821,86.0,68.0,68.0,170.0,431.9000000000001,406745.5763888888,0.32581540596807773,0.6666666666666666,0.0
5.89,28,12050,86.0,68.0,77.0,696.5,1516.0,309022.08673469385,1.4561761108846312,0.5714285714285714,0.0
0.49,12,816,68.0,68.0,68.0,68.0,68.0,0.0,1.0,1.0,0.0
2.83,16,1088,68.0,68.0,68.0,68.0,68.0,0.0,1.0,1.0,0.0
2.92,12,816,68.0,68.0,68.0,68.0,68.0,0.0,1.0,1.0,0.0
2.09,99,41110,86.0,68.0,68.0,170.0,1516.0,500002.2695643301,1.3534463018090221,0.6161616161616161,0.0
9.27,40,2720,68.0,68.0,68.0,68.0,68.0,0.0,1.0,1.0,0.0
0.51,4,272,68.0,68.0,68.0,68.0,68.0,0.0,1.0,1.0,0.0
7.51,36,2448,68.0,68.0,68.0,68.0,68.0,0.0,1.0,1.0,0.0
6.59,45,19337,86.0,68.0,68.0,170.0,1516.0,539542.5609876544,1.3604736328125,0.6222222222222222,0.0
3.08,28,1904,68.0,68.0,68.0,68.0,68.0,0.0,1.0,1.0,0.0
6.44,47,13823,86.0,68.0,68.0,170.0,630.7999999999995,389118.5205975554,0.7914722654224987,0.723404255319149,0.0
9.61,65,19665,86.0,68.0,68.0,170.0,1000.0,329366.1562130177,1.2295918367346939,0.7076923076923077,0.0
7.49,28,1904,68.0,68.0,68.0,68.0,68.0,0.0,1.0,1.0,0.0
5.23,12,816,68.0,68.0,68.0,68.0,68.0,0.0,1.0,1.0,0.0
4.97,28,1904,68.0,68.0,68.0,68.0,68.0,0.0,1.0,1.0,0.0
0.01,13,2404,86.0,68.0,68.0,170.0,397.2000000000002,56118.5325443787,0.6331521739130435,0.6923076923076923,0.0
3.61,25,7095,86.0,68.0,68.0,170.0,958.8000000000003,185233.44,2.2847222222222223,0.6,0.0
1.38,28,1904,68.0,68.0,68.0,68.0,68.0,0.0,1.0,1.0,0.0
9.62,104,30538,86.0,68.0,68.0,170.0,1211.5000000000007,245663.38572485207,1.5945624468988955,0.6634615384615384,0.0
7.46,40,2720,68.0,68.0,68.0,68.0,68.0,0.0,1.0,1.0,0.0
8.78,40,2720,68.0,68.0,68.0,68.0,68.0,0.0,1.0,1.0,0.0
9.01,56,22610,86.0,68.0,68.0,170.0,1516.0,469322.72321428574,1.3810025273799496,0.6071428571428571,0.0
4.57,20,1360,68.0,68.0,68.0,68.0,68.0,0.0,1.0,1.0,0.0
4.62,16,1088,68.0,68.0,68.0,68.0,68.0,0.0,1.0,1.0,0.0
4.72,87,41910,86.0,68.0,68.0,484.0,1516.0,641269.831946096,0.9344564966535888,0.5747126436781609,0.0
3.92,12,816,68.0,68.0,68.0,68.0,68.0,0.0,1.0,1.0,0.0
3.53,28,1904,68.0,68.0,68.0,68.0,68.0,0.0,1.0,1.0,0.0
1.87,12,816,68.0,68.0,68.0,68.0,68.0,0.0,1.0,1.0,0.0
7.59,28,1904,68.0,68.0,68.0,68.0,68.0,0.0,1.0,1.0,0.0
6.97,45,13489,86.0,68.0,68.0,170.0,874.2000000000005,420481.69580246904,0.8191503708698584,0.7111111111111111,0.0
0.03,12,816,68.0,68.0,68.0,68.0,68.0,0.0,1.0,1.0,0.0
7.56,8,544,68.0,68.0,68.0,68.0,68.0,0.0,1.0,1.0,0.0
9.72,110,43690,86.0,68.0,68.0,170.0,1516.0,483233.494214876,1.175905174560486,0.6545454545454545,0.0
9.15,40,2720,68.0,68.0,68.0,68.0,68.0,0.0,1.0,1.0,0.0
2.64,12,816,68.0,68.0,68.0,68.0,68.0,0.0,1.0,1.0,0.0
7.06,28,1904,68.0,68.0,68.0,68.0,68.0,0.0,1.0,1.0,0.0
0.99,48,18498,86.0,68.0,77.0,221.0,1516.0,288752.8177083333,2.190410486374612,0.5833333333333334,0.0
7.83,28,1904,68.0,68.0,68.0,68.0,68.0,0.0,1.0,1.0,0.0
4.97,12,816,68.0,68.0,68.0,68.0,68.0,0.0,1.0,1.0,0.0
3.86,95,38493,86.0,68.0,68.0,170.0,1516.0,485147.1009418283,1.2666941467436108,0.6210526315789474,0.0
5.51,12,816,68.0,68.0,68.0,68.0,68.0,0.0,1.0,1.0,0.0
1.97,28,1904,68.0,68.0,68.0,68.0,68.0,0.0,1.0,1.0,0.0
3.82,12,816,68.0,68.0,68.0,68.0,68.0,0.0,1.0,1.0,0.0
0.87,28,1904,68.0,68.0,68.0,68.0,68.0,0.0,1.0,1.0,0.0
4.07,39,13964,86.0,68.0,68.0,170.0,1098.4000000000015,337212.2537804076,1.3659776347001016,0.6153846153846154,0.0
7.28,28,1904,68.0,68.0,68.0,68.0,68.0,0.0,1.0,1.0,0.0
4.02,12,816,68.0,68.0,68.0,68.0,68.0,0.0,1.0,1.0,0.0
9.51,99,34172,86.0,68.0,68.0,170.0,1414.0000000000002,450717.3139475564,0.7674562946105307,0.6767676767676768,0.0
0.07,4,272,68.0,68.0,68.0,68.0,68.0,0.0,1.0,1.0,0.0
7.37,24,1632,68.0,68.0,68.0,68.0,68.0,0.0,1.0,1.0,0.0
5.59,12,816,68.0,68.0,68.0,68.0,68.0,0.0,1.0,1.0,0.0
9.83,69,15625,68.0,68.0,68.0,86.0,515.4000000000002,210863.31989077927,0.560939060939061,0.782608695652174,0.0
8.73,36,2448,68.0,68.0,68.0,68.0,68.0,0.0,1.0,1.0,0.0
2.42,4,272,68.0,68.0,68.0,68.0,68.0,0.0,1.0,1.0,0.0
3.1,91,37977,86.0,68.0,68.0,170.0,1516.0,591534.7704383528,0.8017364076288073,0.6263736263736264,0.0
5.19,15,1456,68.0,68.0,68.0,68.0,78.8,10824.995555555552,0.4857142857142857,0.9333333333333333,0.0
6.15,24,1632,68.0,68.0,68.0,68.0,68.0,0.0,1.0,1.0,0.0
5.24,16,1088,68.0,68.0,68.0,68.0,68.0,0.0,1.0,1.0,0.0
1.62,24,1632,68.0,68.0,68.0,68.0,68.0,0.0,1.0,1.0,0.0
1.9,45,16348,86.0,68.0,68.0,170.0,1494.8000000000002,331223.0498765431,1.5166256157635467,0.6444444444444445,0.0
5.69,24,1632,68.0,68.0,68.0,68.0,68.0,0.0,1.0,1.0,0.0
8.51,110,33866,86.0,68.0,68.0,170.0,1312.6000000000004,232706.83834710738,1.968618513323983,0.6727272727272727,0.0
3.29,12,816,68.0,68.0,68.0,68.0,68.0,0.0,1.0,1.0,0.0
0.97,28,1904,68.0,68.0,68.0,68.0,68.0,0.0,1.0,1.0,0.0
9.2,40,2720,68.0,68.0,68.0,68.0,68.0,0.0,1.0,1.0,0.0
8.42,70,20534,86.0,68.0,68.0,222.0,516.0,285338.76816326525,0.5351375598086124,0.6428571428571429,0.0
3.49,12,816,68.0,68.0,68.0,68.0,68.0,0.0,1.0,1.0,0.0
9.67,115,32165,86.0,68.0,68.0,170.0,848.6000000000001,365365.96824196604,0.9109434410646388,0.7217391304347827,0.0
5.88,12,816,68.0,68.0,68.0,68.0,68.0,0.0,1.0,1.0,0.0
5.37,28,1904,68.0,68.0,68.0,68.0,68.0,0.0,1.0,1.0,0.0
6.69,36,2448,68.0,68.0,68.0,68.0,68.0,0.0,1.0,1.0,0.0
3.99,4,272,68.0,68.0,68.0,68.0,68.0,0.0,1.0,1.0,0.0
3.49,43,16903,86.0,68.0,68.0,170.5,1516.0,544745.386695511,1.8384550797649035,0.6046511627906976,0.0
7.0,28,1904,68.0,68.0,68.0,68.0,68.0,0.0,1.0,1.0,0.0
2.25,12,816,68.0,68.0,68.0,68.0,68.0,0.0,1.0,1.0,0.0
6.4,91,42193,86.0,68.0,68.0,179.0,1516.0,649472.598236928,1.0050848263080359,0.6043956043956044,0.0
2.49,12,816,68.0,68.0,68.0,68.0,68.0,0.0,1.0,1.0,0.0
8.88,43,5876,68.0,68.0,68.0,86.0,436.80000000000103,19571.669010275822,1.073394495412844,0.7906976744186046,0.0
2.69,21,2200,68.0,68.0,68.0,86.0,134.0,6438.562358276643,1.2797927461139897,0.7619047619047619,0.0
8.03,32,2176,68.0,68.0,68.0,68.0,68.0,0.0,1.0,1.0,0.0
3.94,52,19413,86.0,68.0,68.0,170.0,1468.5999999999992,537501.0277366864,0.882929194956353,0.7115384615384616,0.0
5.85,34,4601,68.0,68.0,68.0,86.0,205.79999999999998,46405.39532871973,1.7386904761904762,0.8235294117647058,0.0
9.81,32,4808,68.0,68.0,68.0,72.5,124.70000000000009,86380.5625,2.8587479935794544,0.875,0.0
9.18,108,44782,86.0,68.0,68.0,170.0,1473.9999999999998,608513.9687928668,0.8645959112295457,0.6481481481481481,0.0
6.89,36,2448,68.0,68.0,68.0,68.0,68.0,0.0,1.0,1.0,0.0
4.58,19,7537,68.0,68.0,68.0,128.0,1516.0,481530.32132963993,1.2694971394158385,0.7368421052631579,0.0
8.84,80,17455,68.0,68.0,68.0,86.0,170.0,297727.10234375,0.5021514629948365,0.825,0.0
4.96,5,776,68.0,68.0,68.0,86.0,326.0,27405.760000000002,0.35664335664335667,0.8,0.0
7.32,28,1904,68.0,68.0,68.0,68.0,68.0,0.0,1.0,1.0,0.0
1.54,12,816,68.0,68.0,68.0,68.0,68.0,0.0,1.0,1.0,0.0
8.55,101,38491,86.0,68.0,68.0,170.0,1516.0,448959.8911871385,1.1057497674927512,0.6534653465346535,0.0
0.68,4,272,68.0,68.0,68.0,68.0,68.0,0.0,1.0,1.0,0.0
2.39,8,544,68.0,68.0,68.0,68.0,68.0,0.0,1.0,1.0,0.0
2.41,4,272,68.0,68.0,68.0,68.0,68.0,0.0,1.0,1.0,0.0
6.17,28,1904,68.0,68.0,68.0,68.0,68.0,0.0,1.0,1.0,0.0
1.74,26,6143,74.0,68.0,68.0,86.0,648.5,160589.65828402367,3.2394755003450655,0.7692307692307693,0.0
4.65,32,2176,68.0,68.0,68.0,68.0,68.0,0.0,1.0,1.0,0.0
1.29,49,21441,86.0,68.0,68.0,170.0,1516.0,400012.65306122456,1.1344947735191637,0.6326530612244898,0.0
6.2,28,1904,68.0,68.0,68.0,68.0,68.0,0.0,1.0,1.0,0.0
4.09,16,1088,68.0,68.0,68.0,68.0,68.0,0.0,1.0,1.0,0.0
0.08,16,4053,86.0,68.0,68.0,170.0,688.5,168314.83984375,3.2663157894736843,0.6875,0.0
3.36,84,38461,86.0,68.0,68.0,183.5,1516.0,545986.2566609976,1.0234111952861953,0.5952380952380952,0.0
8.46,44,2992,68.0,68.0,68.0,68.0,68.0,0.0,1.0,1.0,0.0
3.04,29,4581,68.0,68.0,68.0,86.0,170.0,90608.99881093937,1.2678217821782178,0.8620689655172413,0.0
8.38,46,8799,68.0,68.0,68.0,68.0,170.0,148094.2896975425,1.7687224669603525,0.8695652173913043,0.0
7.68,57,11059,68.0,68.0,68.0,86.0,419.5999999999998,124099.31548168667,2.048235942668137,0.8070175438596491,0.0
1.52,16,1088,68.0,68.0,68.0,68.0,68.0,0.0,1.0,1.0,0.0
6.22,95,38390,86.0,68.0,68.0,170.0,1516.0,382457.4204986149,1.3917512927543456,0.6105263157894737,0.0
5.78,16,1088,68.0,68.0,68.0,68.0,68.0,0.0,1.0,1.0,0.0
4.19,28,1904,68.0,68.0,68.0,68.0,68.0,0.0,1.0,1.0,0.0
8.45,56,7788,68.0,68.0,68.0,68.0,86.0,77368.45918367346,1.519572953736655,0.9107142857142857,0.0
6.0,47,17818,86.0,68.0,68.0,170.0,1516.0,429727.4993209596,1.3083300945718357,0.6382978723404256,0.0
5.81,28,1904,68.0,68.0,68.0,68.0,68.0,0.0,1.0,1.0,0.0
8.18,110,37673,86.0,68.0,68.0,170.0,1125.0000000000036,371877.19512396696,1.0488932397889814,0.6818181818181818,0.0
7.88,44,2992,68.0,68.0,68.0,68.0,68.0,0.0,1.0,1.0,0.0
3.05,26,6283,68.0,68.0,68.0,86.0,252.0,296954.9955621301,0.8122295933083358,0.8076923076923077,0.0
5.52,28,1904,68.0,68.0,68.0,68.0,68.0,0.0,1.0,1.0,0.0
2.31,43,18270,86.0,68.0,68.0,170.0,1493.4000000000005,666811.2655489453,0.8480679749140199,0.6511627906976745,0.0
7.38,28,1904,68.0,68.0,68.0,68.0,68.0,0.0,1.0,1.0,0.0
6.78,16,1088,68.0,68.0,68.0,68.0,68.0,0.0,1.0,1.0,0.0
2.48,102,51704,86.0,68.0,68.0,195.5,1516.0,772713.559015763,0.7885706378857064,0.6078431372549019,0.0
5.57,16,1088,68.0,68.0,68.0,68.0,68.0,0.0,1.0,1.0,0.0
7.8,42,8628,68.0,68.0,68.0,68.0,161.59999999999988,241693.95918367346,1.1085043988269794,0.8809523809523809,0.0
6.08,12,816,68.0,68.0,68.0,68.0,68.0,0.0,1.0,1.0,0.0
3.18,28,1904,68.0,68.0,68.0,68.0,68.0,0.0,1.0,1.0,0.0
3.95,45,13902,86.0,68.0,68.0,170.0,774.8000000000004,399117.0399999999,0.7239583333333334,0.6666666666666666,0.0
4.45,28,1904,68.0,68.0,68.0,68.0,68.0,0.0,1.0,1.0,0.0
1.0,8,544,68.0,68.0,68.0,68.0,68.0,0.0,1.0,1.0,0.0
9.26,112,39152,86.0,68.0,68.0,170.0,1301.8000000000002,420170.11989795923,1.1529832279351113,0.6696428571428571,0.0
2.92,16,1088,68.0,68.0,68.0,68.0,68.0,0.0,1.0,1.0,0.0
4.52,28,1904,68.0,68.0,68.0,68.0,68.0,0.0,1.0,1.0,0.0
5.86,22,4674,68.0,68.0,68.0,86.0,170.0,177762.52066115697,0.8315047021943573,0.8181818181818182,0.0
1.71,28,1904,68.0,68.0,68.0,68.0,68.0,0.0,1.0,1.0,0.0
7.75,71,23643,86.0,68.0,68.0,222.0,1119.0,338155.04225352115,0.7762001352265044,0.6197183098591549,0.0
0.72,16,1088,68.0,68.0,68.0,68.0,68.0,0.0,1.0,1.0,0.0
8.39,42,7355,68.0,68.0,68.0,68.0,161.59999999999988,167586.29535147393,0.8873492430074417,0.8809523809523809,0.0
1.16,82,35299,86.0,68.0,68.0,170.0,1516.0,478488.249405116,1.1208243210766642,0.6097560975609756,0.0
6.22,16,1088,68.0,68.0,68.0,68.0,68.0,0.0,1.0,1.0,0.0
8.74,43,9260,68.0,68.0,68.0,74.0,170.0,269131.3434288805,1.1223928489571395,0.8604651162790697,0.0
2.82,12,816,68.0,68.0,68.0,68.0,68.0,0.0,1.0,1.0,0.0
7.88,28,1904,68.0,68.0,68.0,68.0,68.0,0.0,1.0,1.0,0.0
9.26,75,24814,68.0,68.0,68.0,86.0,1478.8000000000009,454776.1518222224,1.1747589833479404,0.7733333333333333,0.0
9.73,107,38982,86.0,68.0,68.0,170.0,1516.0,501124.21678749245,0.8893035428682208,0.6728971962616822,0.0
3.97,33,5608,68.0,68.0,68.0,222.0,500.40000000000003,29132.72359963269,3.4792332268370605,0.7272727272727273,0.0
5.0,25,2916,68.0,68.0,68.0,86.0,222.0,13561.1904,0.265625,0.84,0.0
8.65,54,8851,68.0,68.0,68.0,68.0,144.80000000000024,106632.30624142665,2.164461923489453,0.8888888888888888,0.0
7.57,64,20523,74.0,68.0,68.0,95.5,1376.2000000000014,429320.5642089844,1.0183910306845003,0.75,0.0
8.01,14,952,68.0,68.0,68.0,68.0,68.0,0.0,1.0,1.0,0.0
8.93,117,33883,86.0,68.0,68.0,170.0,964.0000000000007,291498.34290306084,1.1884001808435058,0.7008547008547008,0.0
3.78,16,1088,68.0,68.0,68.0,68.0,68.0,0.0,1.0,1.0,0.0
6.41,28,1904,68.0,68.0,68.0,68.0,68.0,0.0,1.0,1.0,0.0
3.34,24,3247,68.0,68.0,68.0,86.0,170.0,35658.039930555555,0.8292957746478873,0.8333333333333334,0.0
3.45,28,1904,68.0,68.0,68.0,68.0,68.0,0.0,1.0,1.0,0.0
7.87,75,22619,68.0,68.0,68.0,170.0,1416.000000000002,229714.642488889,1.0154147732335383,0.72,0.0
7.52,113,40866,86.0,68.0,68.0,170.0,1505.1999999999998,464949.71540449525,1.0708422012769838,0.6902654867256637,0.0
5.08,16,1088,68.0,68.0,68.0,68.0,68.0,0.0,1.0,1.0,0.0
8.85,45,9210,68.0,68.0,68.0,68.0,136.40000000000012,287455.46666666673,0.9139650872817955,0.8888888888888888,0.0
6.3,18,1224,68.0,68.0,68.0,68.0,68.0,0.0,1.0,1.0,0.0
9.89,62,21771,68.0,68.0,68.0,86.0,1142.9999999999998,595854.6402185225,0.7820250470655644,0.7580645161290323,0.0
8.8,44,2992,68.0,68.0,68.0,68.0,68.0,0.0,1.0,1.0,0.0
9.13,101,37416,86.0,68.0,68.0,170.0,1350.0,458023.6737574745,0.9064506267196576,0.6831683168316832,0.0
1.7,8,544,68.0,68.0,68.0,68.0,68.0,0.0,1.0,1.0,0.0
6.77,28,1904,68.0,68.0,68.0,68.0,68.0,0.0,1.0,1.0,0.0
9.98,52,8309,68.0,68.0,68.0,68.0,86.0,131537.74371301773,1.1481385729058946,0.9038461538461539,0.0
0.83,16,1468,86.0,68.0,68.0,126.0,126.0,588.4375,0.9015544041450777,0.6875,0.0
0.96,16,6936,86.0,68.0,68.0,125.75,843.0,1039860.875,0.4562250682343061,0.6875,0.0
6.95,42,11632,68.0,68.0,68.0,86.0,291.49999999999983,438719.1405895693,0.660054231482803,0.7857142857142857,0.0
5.89,12,816,68.0,68.0,68.0,68.0,68.0,0.0,1.0,1.0,0.0
9.25,111,47544,86.0,68.0,68.0,170.0,1516.0,601755.5344533722,0.9388304379740641,0.6666666666666666,0.0
7.83,44,2992,68.0,68.0,68.0,68.0,68.0,0.0,1.0,1.0,0.0
1.4,23,8633,68.0,68.0,68.0,128.0,1386.0000000000005,534064.1398865785,1.2039826397753384,0.7391304347826086,0.0
9.42,32,2176,68.0,68.0,68.0,68.0,68.0,0.0,1.0,1.0,0.0
7.09,42,13906,86.0,68.0,68.0,170.0,1503.3999999999999,264897.6099773242,1.5656826568265683,0.6190476190476191,0.0
2.35,28,1904,68.0,68.0,68.0,68.0,68.0,0.0,1.0,1.0,0.0
5.02,16,1088,68.0,68.0,68.0,68.0,68.0,0.0,1.0,1.0,0.0
1.95,92,33240,86.0,68.0,68.0,170.0,1212.200000000001,455149.4725897921,1.0771105417734175,0.6195652173913043,0.0
1.45,16,1088,68.0,68.0,68.0,68.0,68.0,0.0,1.0,1.0,0.0
0.0,1,68,68.0,68.0,68.0,68.0,68.0,0.0,68,1.0,0
1.5,27,1836,68.0,68.0,68.0,68.0,68.0,0.0,0.9285714285714286,1.0,0.0
9.52,57,7508,68.0,68.0,68.0,68.0,86.0,67130.0615574023,1.715370705244123,0.9122807017543859,0.0
7.71,63,14870,68.0,68.0,68.0,86.0,997.2000000000015,159671.42756361797,1.123072529982867,0.7619047619047619,0.0
0.46,8,544,68.0,68.0,68.0,68.0,68.0,0.0,1.0,1.0,0.0
0.62,4,272,68.0,68.0,68.0,68.0,68.0,0.0,1.0,1.0,0.0
7.26,105,40823,86.0,68.0,68.0,170.0,1497.2000000000005,567123.0799092972,0.9309871813064661,0.6666666666666666,0.0
6.13,16,1088,68.0,68.0,68.0,68.0,68.0,0.0,1.0,1.0,0.0
1.25,28,1904,68.0,68.0,68.0,68.0,68.0,0.0,1.0,1.0,0.0
8.31,54,8130,68.0,68.0,68.0,68.0,86.0,171388.61728395056,0.3656979674113892,0.9074074074074074,0.0
6.56,44,12202,86.0,68.0,68.0,170.0,705.7,341108.21694214875,0.7327463788696393,0.7045454545454546,0.0
0.47,16,1088,68.0,68.0,68.0,68.0,68.0,0.0,1.0,1.0,0.0
9.78,28,1904,68.0,68.0,68.0,68.0,68.0,0.0,1.0,1.0,0.0
1.86,103,42530,86.0,68.0,74.0,245.0,1516.0,399614.9923649731,1.659454727363682,0.6019417475728155,0.0
4.69,16,1088,68.0,68.0,68.0,68.0,68.0,0.0,1.0,1.0,0.0
6.0,28,1904,68.0,68.0,68.0,68.0,68.0,0.0,1.0,1.0,0.0
7.43,28,6831,68.0,68.0,68.0,86.0,352.40000000000043,326359.6058673469,0.45464224872231684,0.8214285714285714,0.0
7.5,26,1768,68.0,68.0,68.0,68.0,68.0,0.0,1.0,1.0,0.0
3.77,44,15880,86.0,68.0,68.0,170.0,1319.7000000000014,467961.53719008254,0.8877793628150261,0.6818181818181818,0.0
9.08,44,2992,68.0,68.0,68.0,68.0,68.0,0.0,1.0,1.0,0.0
2.79,93,39213,86.0,68.0,68.0,170.0,1501.3999999999999,569820.7450572323,1.0880191693290735,0.6344086021505376,0.0
4.96,16,1088,68.0,68.0,68.0,68.0,68.0,0.0,1.0,1.0,0.0
5.74,28,1904,68.0,68.0,68.0,68.0,68.0,0.0,1.0,1.0,0.0
8.48,55,8895,68.0,68.0,68.0,68.0,89.60000000000001,136797.76198347105,1.3085907085388009,0.9090909090909091,0.0
0.39,4,272,68.0,68.0,68.0,68.0,68.0,0.0,1.0,1.0,0.0
5.1,39,15558,86.0,68.0,68.0,170.0,1363.2000000000005,508050.84023668634,0.9019559902200489,0.6153846153846154,0.0
9.01,44,2992,68.0,68.0,68.0,68.0,68.0,0.0,1.0,1.0,0.0
6.81,109,40373,86.0,68.0,68.0,170.0,1464.8000000000002,482440.7893274977,0.7032865038180821,0.6422018348623854,0.0
3.64,22,2742,68.0,68.0,68.0,86.0,222.0,16072.14049586777,0.24749772520473157,0.8181818181818182,0.0
8.16,23,2030,68.0,68.0,68.0,68.0,68.0,8329.844990548208,0.5834633385335414,0.9565217391304348,0.0
2.21,20,5242,68.0,68.0,68.0,107.0,999.8000000000005,188075.29000000004,2.060128429655575,0.75,0.0
4.21,16,1088,68.0,68.0,68.0,68.0,68.0,0.0,1.0,1.0,0.0
8.14,28,1904,68.0,68.0,68.0,68.0,68.0,0.0,1.0,1.0,0.0
9.62,72,24329,68.0,68.0,68.0,170.0,1516.0,362806.55999228393,1.0794017094017094,0.7222222222222222,0.0
8.14,36,5478,68.0,68.0,68.0,68.0,128.0,131298.0277777778,0.5638024550385384,0.8888888888888888,0.0
8.18,85,33816,86.0,68.0,68.0,170.0,1485.6000000000006,533207.2669896195,0.7834502399662465,0.6470588235294118,0.0
1.62,12,816,68.0,68.0,68.0,68.0,68.0,0.0,1.0,1.0,0.0
8.31,40,5802,68.0,68.0,68.0,68.0,94.40000000000012,170786.7975,0.3987463837994214,0.9,0.0
0.0,1,68,68.0,68.0,68.0,68.0,68.0,0.0,68,1.0,0
3.1,11,748,68.0,68.0,68.0,68.0,68.0,0.0,0.8333333333333334,1.0,0.0
2.27,28,1904,68.0,68.0,68.0,68.0,68.0,0.0,1.0,1.0,0.0
4.47,86,28850,86.0,68.0,71.0,420.0,1222.0,276774.66738777724,1.0027768136063866,0.627906976744186,0.0
1.98,16,1088,68.0,68.0,68.0,68.0,68.0,0.0,1.0,1.0,0.0
3.69,12,816,68.0,68.0,68.0,68.0,68.0,0.0,1.0,1.0,0.0
3.61,102,42092,86.0,68.0,68.0,170.0,1516.0,507166.888888889,1.1696907216494845,0.6568627450980392,0.0
5.01,15,8134,86.0,68.0,77.0,591.0,1516.0,652145.3955555557,0.9882669274016133,0.5333333333333333,0.0
7.69,44,2992,68.0,68.0,68.0,68.0,68.0,0.0,1.0,1.0,0.0
4.6,28,7790,68.0,68.0,68.0,86.0,915.4000000000005,279916.668367347,1.4761602034329306,0.7857142857142857,0.0
4.54,28,1904,68.0,68.0,68.0,68.0,68.0,0.0,1.0,1.0,0.0
0.29,4,272,68.0,68.0,68.0,68.0,68.0,0.0,1.0,1.0,0.0
6.77,44,15775,86.0,68.0,68.0,170.0,1472.2000000000005,300630.2949380165,1.0064868990078861,0.6363636363636364,0.0
0.98,24,1632,68.0,68.0,68.0,68.0,68.0,0.0,1.0,1.0,0.0
9.16,109,41855,86.0,68.0,68.0,170.0,1516.0,446560.74303509813,1.167417534047952,0.6605504587155964,0.0
4.41,16,1088,68.0,68.0,68.0,68.0,68.0,0.0,1.0,1.0,0.0
1.67,28,1904,68.0,68.0,68.0,68.0,68.0,0.0,1.0,1.0,0.0
0.11,15,4772,86.0,68.0,68.0,170.0,1134.6,225002.51555555552,2.495970695970696,0.6666666666666666,0.0
5.34,12,816,68.0,68.0,68.0,68.0,68.0,0.0,1.0,1.0,0.0
0.37,12,816,68.0,68.0,68.0,68.0,68.0,0.0,1.0,1.0,0.0
5.29,16,1088,68.0,68.0,68.0,68.0,68.0,0.0,1.0,1.0,0.0
1.18,42,14037,86.0,68.0,68.0,170.0,1214.7999999999997,350583.97789115645,0.8614242142951863,0.6428571428571429,0.0
7.92,28,1904,68.0,68.0,68.0,68.0,68.0,0.0,1.0,1.0,0.0
0.6,8,544,68.0,68.0,68.0,68.0,68.0,0.0,1.0,1.0,0.0
6.51,101,30860,86.0,68.0,68.0,170.0,733.0,412237.57474757376,0.5506758454349028,0.6732673267326733,0.0
2.46,16,1088,68.0,68.0,68.0,68.0,68.0,0.0,1.0,1.0,0.0
7.55,28,1904,68.0,68.0,68.0,68.0,68.0,0.0,1.0,1.0,0.0
0.45,14,2834,86.0,68.0,68.0,148.25,170.0,146023.95918367352,0.3374233128834356,0.7142857142857143,0.0
6.3,12,816,68.0,68.0,68.0,68.0,68.0,0.0,1.0,1.0,0.0
8.35,44,5565,68.0,68.0,68.0,68.0,86.0,81295.61311983471,0.5841161400512382,0.9090909090909091,0.0
7.46,58,15974,68.0,68.0,68.0,86.0,800.6000000000005,367480.9667063019,0.7454108391608392,0.8103448275862069,0.0
0.39,4,272,68.0,68.0,68.0,68.0,68.0,0.0,1.0,1.0,0.0
9.59,109,41438,86.0,68.0,68.0,170.0,1516.0,474722.8718121371,1.2036800680706232,0.6513761467889908,0.0
9.4,44,2992,68.0,68.0,68.0,68.0,68.0,0.0,1.0,1.0,0.0
3.43,28,6650,68.0,68.0,68.0,86.0,531.8000000000009,212965.0357142857,1.4305555555555556,0.8214285714285714,0.0
3.46,28,1904,68.0,68.0,68.0,68.0,68.0,0.0,1.0,1.0,0.0
8.88,77,21639,68.0,68.0,68.0,86.0,1015.6000000000013,335235.06426041503,1.0764801842433547,0.7662337662337663,0.0
0.66,8,544,68.0,68.0,68.0,68.0,68.0,0.0,1.0,1.0,0.0
2.94,8,544,68.0,68.0,68.0,68.0,68.0,0.0,1.0,1.0,0.0
7.24,90,37591,86.0,68.0,68.0,170.0,1516.0,586140.1517283949,1.0255954305420842,0.6,0.0
9.66,44,2992,68.0,68.0,68.0,68.0,68.0,0.0,1.0,1.0,0.0
7.17,29,7688,68.0,68.0,68.0,86.0,499.59999999999974,346719.33412604034,0.7441016333938294,0.7931034482758621,0.0
6.29,28,1904,68.0,68.0,68.0,68.0,68.0,0.0,1.0,1.0,0.0
0.48,4,272,68.0,68.0,68.0,68.0,68.0,0.0,1.0,1.0,0.0
0.45,49,22808,86.0,68.0,68.0,699.0,1516.0,466518.73885880876,1.2214863153793707,0.6122448979591837,0.0
5.23,28,1904,68.0,68.0,68.0,68.0,68.0,0.0,1.0,1.0,0.0
9.24,111,39131,86.0,68.0,68.0,170.0,1516.0,412849.52828504186,1.2074237039544198,0.6846846846846847,0.0
6.58,16,1088,68.0,68.0,68.0,68.0,68.0,0.0,1.0,1.0,0.0
1.15,28,1904,68.0,68.0,68.0,68.0,68.0,0.0,1.0,1.0,0.0
3.01,30,8572,68.0,68.0,68.0,86.0,616.0000000000014,379368.46222222236,1.106142506142506,0.8,0.0
3.52,28,1904,68.0,68.0,68.0,68.0,68.0,0.0,1.0,1.0,0.0
1.91,45,16700,86.0,68.0,68.0,170.0,1376.8000000000004,401867.56543209875,1.5264750378214826,0.6444444444444445,0.0
3.44,28,1904,68.0,68.0,68.0,68.0,68.0,0.0,1.0,1.0,0.0
4.17,16,1088,68.0,68.0,68.0,68.0,68.0,0.0,1.0,1.0,0.0
1.73,87,34866,86.0,68.0,68.0,170.0,1516.0,385417.33254062635,1.0069072699015713,0.6091954022988506,0.0
5.68,16,1088,68.0,68.0,68.0,68.0,68.0,0.0,1.0,1.0,0.0
8.4,46,9750,68.0,68.0,68.0,80.0,183.5,256999.25897920606,0.9083969465648855,0.8478260869565217,0.0
8.18,40,2720,68.0,68.0,68.0,68.0,68.0,0.0,1.0,1.0,0.0
7.78,68,16307,68.0,68.0,68.0,86.0,545.6000000000021,221988.47815743941,1.81932918395574,0.7647058823529411,0.0
7.68,9,612,68.0,68.0,68.0,68.0,68.0,0.0,1.25,1.0,0.0
5.42,11,748,68.0,68.0,68.0,68.0,68.0,0.0,0.8333333333333334,1.0,0.0
9.84,110,44293,86.0,68.0,68.0,170.0,1516.0,602071.7323140497,0.7617835408297203,0.6636363636363637,0.0
7.98,38,3029,68.0,68.0,68.0,68.0,86.0,1317.9425207756235,0.8548683404776485,0.9210526315789473,0.0
9.81,55,8062,68.0,68.0,68.0,68.0,86.0,93708.8614876033,1.4144953578915842,0.9090909090909091,0.0
3.14,40,13205,86.0,68.0,68.0,170.0,574.6000000000009,522382.059375,0.6198478900883219,0.675,0.0
1.84,28,1904,68.0,68.0,68.0,68.0,68.0,0.0,1.0,1.0,0.0
2.88,16,1088,68.0,68.0,68.0,68.0,68.0,0.0,1.0,1.0,0.0
0.85,92,39727,86.0,68.0,68.0,170.0,1516.0,564164.0636814747,1.148566792861006,0.6304347826086957,0.0
5.59,16,1088,68.0,68.0,68.0,68.0,68.0,0.0,1.0,1.0,0.0
6.75,28,1904,68.0,68.0,68.0,68.0,68.0,0.0,1.0,1.0,0.0
0.49,13,4890,86.0,68.0,68.0,170.0,417.2000000000002,776292.74556213,0.23766135155656795,0.6923076923076923,0.0
1.51,12,816,68.0,68.0,68.0,68.0,68.0,0.0,1.0,1.0,0.0
4.14,28,1904,68.0,68.0,68.0,68.0,68.0,0.0,1.0,1.0,0.0
4.32,77,21769,86.0,68.0,68.0,222.0,807.0000000000009,194617.76252319108,1.4689803788136555,0.6623376623376623,0.0
1.65,3,670,86.0,71.6,77.0,301.0,430.0,42880.88888888888,0.11295681063122924,0.6666666666666666,0.0
2.49,20,1360,68.0,68.0,68.0,68.0,68.0,0.0,1.0,1.0,0.0
2.61,20,1360,68.0,68.0,68.0,68.0,68.0,0.0,1.0,1.0,0.0
7.53,92,31175,86.0,68.0,68.0,170.0,1324.6000000000024,408483.40394612483,0.827588228397233,0.6521739130434783,0.0
2.7,16,1088,68.0,68.0,68.0,68.0,68.0,0.0,1.0,1.0,0.0
2.84,28,1904,68.0,68.0,68.0,68.0,68.0,0.0,1.0,1.0,0.0
8.75,59,11452,68.0,68.0,68.0,68.0,102.80000000000024,254516.0235564493,1.151418373097877,0.8983050847457628,0.0
4.31,45,16073,86.0,68.0,68.0,170.0,1516.0,289654.8572839505,1.82726473175022,0.6444444444444445,0.0
3.27,28,1904,68.0,68.0,68.0,68.0,68.0,0.0,1.0,1.0,0.0
6.39,16,1088,68.0,68.0,68.0,68.0,68.0,0.0,1.0,1.0,0.0
1.39,97,42297,86.0,68.0,68.0,170.0,1516.0,563268.337549155,1.0305808929428708,0.6185567010309279,0.0
7.24,64,9140,68.0,68.0,68.0,86.0,486.0,22521.33984375,0.9446808510638298,0.8125,0.0
4.35,8,544,68.0,68.0,68.0,68.0,68.0,0.0,1.0,1.0,0.0
9.1,56,8129,68.0,68.0,68.0,68.0,86.0,141994.95631377547,0.8246913580246914,0.9107142857142857,0.0
1.6,50,19312,86.0,68.0,68.0,170.0,1516.0,508392.74240000005,0.604786438424464,0.64,0.0
5.83,28,1904,68.0,68.0,68.0,68.0,68.0,0.0,1.0,1.0,0.0
7.41,95,29948,80.0,68.0,68.0,170.0,1345.400000000001,359092.7940166205,1.0942657342657343,0.7368421052631579,0.0
1.0,22,7246,86.0,68.0,68.0,170.0,848.7000000000016,395520.7768595041,0.37417030153612746,0.6363636363636364,0.0
4.64,16,1088,68.0,68.0,68.0,68.0,68.0,0.0,1.0,1.0,0.0
8.56,43,3774,68.0,68.0,68.0,68.0,86.0,4740.457544618713,0.8400780107264749,0.9069767441860465,0.0
5.76,12,816,68.0,68.0,68.0,68.0,68.0,0.0,1.0,1.0,0.0
7.13,28,1904,68.0,68.0,68.0,68.0,68.0,0.0,1.0,1.0,0.0
8.77,69,15641,68.0,68.0,68.0,86.0,896.4000000000002,159724.68094938036,1.579320580474934,0.7681159420289855,0.0
4.92,16,1088,68.0,68.0,68.0,68.0,68.0,0.0,1.0,1.0,0.0
3.28,96,37127,86.0,68.0,68.0,170.0,1516.0,491225.5675998263,1.1301853233117218,0.6354166666666666,0.0
8.89,44,2992,68.0,68.0,68.0,68.0,68.0,0.0,1.0,1.0,0.0
1.8,25,5122,68.0,68.0,68.0,86.0,170.0,182744.26559999998,0.890734588409007,0.84,0.0
9.02,82,17234,68.0,68.0,68.0,86.0,170.0,278263.38548483053,0.5596380090497738,0.7926829268292683,0.0
2.62,20,1360,68.0,68.0,68.0,68.0,68.0,0.0,1.0,1.0,0.0
0.53,8,544,68.0,68.0,68.0,68.0,68.0,0.0,1.0,1.0,0.0
0.65,8,544,68.0,68.0,68.0,68.0,68.0,0.0,1.0,1.0,0.0
2.64,8,544,68.0,68.0,68.0,68.0,68.0,0.0,1.0,1.0,0.0
4.78,102,38484,86.0,68.0,68.0,170.0,1516.0,441748.8350634372,1.2115970346531808,0.6274509803921569,0.0
4.29,16,1088,68.0,68.0,68.0,68.0,68.0,0.0,1.0,1.0,0.0
4.02,28,1904,68.0,68.0,68.0,68.0,68.0,0.0,1.0,1.0,0.0
4.31,25,5693,68.0,68.0,68.0,86.0,170.0,310932.2816000001,0.5791955617198336,0.84,0.0
6.83,28,1904,68.0,68.0,68.0,68.0,68.0,0.0,1.0,1.0,0.0
5.62,44,19478,86.0,68.0,68.0,170.0,1461.7000000000005,840340.444214876,0.6154930745624948,0.6818181818181818,0.0
0.8,28,1904,68.0,68.0,68.0,68.0,68.0,0.0,1.0,1.0,0.0
0.2,4,272,68.0,68.0,68.0,68.0,68.0,0.0,1.0,1.0,0.0
7.79,108,44136,86.0,68.0,68.0,170.0,1516.0,590048.1666666666,0.6237215804576558,0.6666666666666666,0.0
0.41,4,272,68.0,68.0,68.0,68.0,68.0,0.0,1.0,1.0,0.0
4.73,12,816,68.0,68.0,68.0,68.0,68.0,0.0,1.0,1.0,0.0
6.42,28,1904,68.0,68.0,68.0,68.0,68.0,0.0,1.0,1.0,0.0
8.32,55,8218,68.0,68.0,68.0,68.0,86.0,172445.33421487603,0.6541867954911433,0.9090909090909091,0.0
1.14,45,13232,86.0,68.0,68.0,170.0,966.2000000000002,196607.10913580246,2.7199887545684565,0.6444444444444445,0.0
7.28,28,1904,68.0,68.0,68.0,68.0,68.0,0.0,1.0,1.0,0.0
0.77,9,612,68.0,68.0,68.0,68.0,68.0,0.0,1.25,1.0,0.0
7.25,104,36606,86.0,68.0,68.0,170.0,1451.5000000000007,359641.63424556213,1.162069576516449,0.6538461538461539,0.0
2.87,16,1088,68.0,68.0,68.0,68.0,68.0,0.0,1.0,1.0,0.0
1.82,28,1904,68.0,68.0,68.0,68.0,68.0,0.0,1.0,1.0,0.0
6.16,26,6082,68.0,68.0,68.0,86.0,700.0,184324.76331360947,1.4824489795918367,0.8076923076923077,0.0
0.64,28,1904,68.0,68.0,68.0,68.0,68.0,0.0,1.0,1.0,0.0
8.94,73,20672,68.0,68.0,68.0,170.0,1326.7999999999972,295419.6806155,1.1567031820552947,0.7397260273972602,0.0
6.86,16,1088,68.0,68.0,68.0,68.0,68.0,0.0,1.0,1.0,0.0
6.1,92,37998,86.0,68.0,68.0,170.0,1516.0,484938.62996219285,0.7044047725845519,0.6195652173913043,0.0
0.43,4,272,68.0,68.0,68.0,68.0,68.0,0.0,1.0,1.0,0.0
5.34,12,816,68.0,68.0,68.0,68.0,68.0,0.0,1.0,1.0,0.0
1.7,28,1904,68.0,68.0,68.0,68.0,68.0,0.0,1.0,1.0,0.0
6.28,27,4667,68.0,68.0,68.0,86.0,264.4000000000005,93613.97805212623,2.268207282913165,0.8148148148148148,0.0
5.65,28,1904,68.0,68.0,68.0,68.0,68.0,0.0,1.0,1.0,0.0
8.36,72,22434,68.0,68.0,68.0,86.0,1178.8999999999996,471637.0763888889,0.9770864545694897,0.7777777777777778,0.0
6.33,16,1088,68.0,68.0,68.0,68.0,68.0,0.0,1.0,1.0,0.0
2.64,84,28256,86.0,68.0,68.0,170.0,1242.4000000000005,333910.1882086168,0.7395801268238625,0.6428571428571429,0.0
9.06,44,2992,68.0,68.0,68.0,68.0,68.0,0.0,1.0,1.0,0.0
5.97,29,7710,68.0,68.0,68.0,86.0,413.9999999999995,353355.2913198574,0.8107092531705026,0.7931034482758621,0.0
3.76,28,1904,68.0,68.0,68.0,68.0,68.0,0.0,1.0,1.0,0.0
5.39,46,13464,86.0,68.0,68.0,170.0,593.5,318150.08128544415,1.1532064608987687,0.6739130434782609,0.0
1.86,24,1632,68.0,68.0,68.0,68.0,68.0,0.0,1.0,1.0,0.0
2.15,16,1088,68.0,68.0,68.0,68.0,68.0,0.0,1.0,1.0,0.0
8.34,97,35922,86.0,68.0,68.0,170.0,1488.4000000000003,323218.4272505048,1.5426104190260477,0.6288659793814433,0.0
7.84,44,2992,68.0,68.0,68.0,68.0,68.0,0.0,1.0,1.0,0.0
7.68,35,6888,68.0,68.0,68.0,86.0,194.00000000000006,145162.33142857146,1.625,0.8285714285714286,0.0
9.77,74,21745,68.0,68.0,68.0,86.0,1103.9,402449.4238495253,0.7923672931091329,0.7702702702702703,0.0
7.17,28,1904,68.0,68.0,68.0,68.0,68.0,0.0,1.0,1.0,0.0
5.0,16,1088,68.0,68.0,68.0,68.0,68.0,0.0,1.0,1.0,0.0
9.15,105,37639,86.0,68.0,68.0,170.0,1516.0,370740.80126984126,1.1898417500581802,0.6476190476190476,0.0
3.15,51,8972,86.0,68.0,68.0,155.0,516.0,32166.58208381392,2.2720641867250184,0.7450980392156863,0.0
6.51,57,10757,68.0,68.0,68.0,68.0,170.0,212972.06155740228,0.9625980660463419,0.8771929824561403,0.0
6.41,79,19055,68.0,68.0,68.0,86.0,653.4000000000008,245426.38936067934,0.9811811187357039,0.7974683544303798,0.0
0.58,4,272,68.0,68.0,68.0,68.0,68.0,0.0,1.0,1.0,0.0
7.86,131,34435,68.0,68.0,68.0,170.0,689.0,277299.8284482256,1.149769009863903,0.7404580152671756,0.0
7.03,20,1360,68.0,68.0,68.0,68.0,68.0,0.0,1.0,1.0,0.0
3.28,24,1632,68.0,68.0,68.0,68.0,68.0,0.0,1.0,1.0,0.0
4.56,24,4073,68.0,68.0,68.0,86.0,170.0,88483.62326388892,1.0560323069156992,0.8333333333333334,0.0
9.58,75,20992,68.0,68.0,68.0,86.0,915.0000000000045,390074.8152888889,1.0661417322834645,0.7866666666666666,0.0
8.08,55,9772,86.0,68.0,68.0,222.0,486.0,30714.001983471062,0.6883206634416034,0.7090909090909091,0.0
7.63,130,46016,86.0,68.0,68.0,170.0,1516.0,434846.6452071006,1.233569556353752,0.7076923076923077,0.0
7.1,24,1632,68.0,68.0,68.0,68.0,68.0,0.0,1.0,1.0,0.0
6.57,20,1360,68.0,68.0,68.0,68.0,68.0,0.0,1.0,1.0,0.0
3.58,19,7093,68.0,68.0,68.0,128.0,1034.3999999999996,605407.7950138504,0.7817131374026627,0.7368421052631579,0.0
0.3,4,272,68.0,68.0,68.0,68.0,68.0,0.0,1.0,1.0,0.0
9.66,32,2176,68.0,68.0,68.0,68.0,68.0,0.0,1.0,1.0,0.0
5.81,50,18881,86.0,68.0,68.0,170.0,1516.0,325921.7956,1.1462998749573718,0.66,0.0
3.15,28,1904,68.0,68.0,68.0,68.0,68.0,0.0,1.0,1.0,0.0
8.59,108,38416,86.0,68.0,68.0,170.0,1486.6,481281.37517146795,0.9698492462311558,0.6851851851851852,0.0
7.65,45,4368,68.0,68.0,68.0,68.0,86.0,10824.995555555555,2.0588235294117645,0.9333333333333333,0.0
6.78,34,5027,68.0,68.0,68.0,68.0,144.79999999999995,154820.12543252588,0.3856119073869901,0.8823529411764706,0.0
8.57,37,8991,68.0,68.0,68.0,68.0,170.0,450948.75675675675,0.7214244686961516,0.8648648648648649,0.0
5.33,39,11822,86.0,68.0,68.0,156.5,1191.2000000000012,351339.9066403681,0.6655395886165117,0.717948717948718,0.0
3.21,20,1360,68.0,68.0,68.0,68.0,68.0,0.0,1.0,1.0,0.0
1.14,16,1088,68.0,68.0,68.0,68.0,68.0,0.0,1.0,1.0,0.0
7.0,106,44917,86.0,68.0,68.0,170.0,1516.0,611582.850213599,0.8916403453358602,0.6320754716981132,0.0
4.14,16,1088,68.0,68.0,68.0,68.0,68.0,0.0,1.0,1.0,0.0
8.4,46,10568,68.0,68.0,68.0,68.0,436.0,268382.36672967864,1.0464756003098374,0.8478260869565217,0.0
3.58,12,816,68.0,68.0,68.0,68.0,68.0,0.0,1.0,1.0,0.0
0.79,28,1904,68.0,68.0,68.0,68.0,68.0,0.0,1.0,1.0,0.0
7.81,65,16077,68.0,68.0,68.0,86.0,721.2000000000005,205845.08544378693,0.9651631829849652,0.7538461538461538,0.0
9.36,20,1360,68.0,68.0,68.0,68.0,68.0,0.0,1.0,1.0,0.0
2.69,4,272,68.0,68.0,68.0,68.0,68.0,0.0,1.0,1.0,0.0
7.73,95,40271,86.0,68.0,68.0,240.0,1516.0,488098.23313019384,1.2645785300567958,0.5894736842105263,0.0
6.82,16,1088,68.0,68.0,68.0,68.0,68.0,0.0,1.0,1.0,0.0
2.22,28,1904,68.0,68.0,68.0,68.0,68.0,0.0,1.0,1.0,0.0
1.25,13,5169,86.0,68.0,68.0,170.0,666.2,586581.775147929,0.29321991493620214,0.6153846153846154,0.0
6.78,40,2720,68.0,68.0,68.0,68.0,68.0,0.0,1.0,1.0,0.0
4.61,48,20130,86.0,68.0,68.0,170.0,1516.0,507926.6927083333,0.8520563069279603,0.625,0.0
7.8,32,2176,68.0,68.0,68.0,68.0,68.0,0.0,1.0,1.0,0.0
9.37,98,31771,86.0,68.0,68.0,170.0,1136.5999999999995,355420.52363598504,1.2497521597507435,0.6530612244897959,0.0
8.95,44,2992,68.0,68.0,68.0,68.0,68.0,0.0,1.0,1.0,0.0
0.87,15,7387,86.0,68.0,68.0,474.5,1516.0,545913.9822222221,1.437953795379538,0.6,0.0
0.75,12,816,68.0,68.0,68.0,68.0,68.0,0.0,1.0,1.0,0.0
6.43,28,1904,68.0,68.0,68.0,68.0,68.0,0.0,1.0,1.0,0.0
8.06,78,20223,68.0,68.0,68.0,86.0,755.3999999999996,332825.11982248514,0.9230696082160518,0.7948717948717948,0.0
8.85,112,38721,86.0,68.0,68.0,170.0,1053.0000000000005,434048.98588966846,0.8420151277294134,0.6785714285714286,0.0
8.32,44,2992,68.0,68.0,68.0,68.0,68.0,0.0,1.0,1.0,0.0
7.56,36,6422,68.0,68.0,68.0,72.5,170.0,152538.12654320983,0.9950295122708915,0.8611111111111112,0.0
4.46,20,1360,68.0,68.0,68.0,68.0,68.0,0.0,1.0,1.0,0.0
3.12,47,15088,86.0,68.0,68.0,170.0,756.9999999999999,494141.76550475333,0.7505511080171714,0.723404255319149,0.0
4.26,28,1904,68.0,68.0,68.0,68.0,68.0,0.0,1.0,1.0,0.0
0.34,4,272,68.0,68.0,68.0,68.0,68.0,0.0,1.0,1.0,0.0
4.15,12,816,68.0,68.0,68.0,68.0,68.0,0.0,1.0,1.0,0.0
0.08,14,3581,86.0,68.0,80.0,149.0,345.7000000000003,250768.02551020408,0.3351976137211036,0.7142857142857143,0.0
2.94,84,33266,86.0,68.0,68.0,170.0,1516.0,484769.6899092969,0.8911881750994883,0.6309523809523809,0.0
7.63,40,2720,68.0,68.0,68.0,68.0,68.0,0.0,1.0,1.0,0.0
5.43,4,272,68.0,68.0,68.0,68.0,68.0,0.0,1.0,1.0,0.0
3.07,28,4621,68.0,68.0,68.0,86.0,256.7000000000002,84658.8201530612,2.1201890614449694,0.8214285714285714,0.0
6.76,28,1904,68.0,68.0,68.0,68.0,68.0,0.0,1.0,1.0,0.0
5.91,50,16595,86.0,68.0,68.0,170.0,934.6000000000009,447581.49,0.9950709305121423,0.68,0.0
3.89,28,1904,68.0,68.0,68.0,68.0,68.0,0.0,1.0,1.0,0.0
1.07,12,816,68.0,68.0,68.0,68.0,68.0,0.0,1.0,1.0,0.0
5.05,4,272,68.0,68.0,68.0,68.0,68.0,0.0,1.0,1.0,0.0
7.26,97,39671,86.0,68.0,68.0,170.0,1516.0,481921.54596662766,1.1362950996230479,0.6185567010309279,0.0
4.81,21,2674,68.0,68.0,68.0,86.0,222.0,16677.460317460314,0.21656050955414013,0.8095238095238095,0.0
1.83,3,670,86.0,71.6,77.0,301.0,430.0,42880.88888888888,0.11295681063122924,0.6666666666666666,0.0
2.64,24,1632,68.0,68.0,68.0,68.0,68.0,0.0,1.0,1.0,0.0
9.59,63,9588,68.0,68.0,68.0,68.0,86.0,102214.43990929701,1.5060115002613697,0.9047619047619048,0.0
2.25,46,16004,86.0,68.0,68.0,170.0,1257.0,414309.5576559547,0.7869584635998214,0.6739130434782609,0.0
1.45,4,272,68.0,68.0,68.0,68.0,68.0,0.0,1.0,1.0,0.0
5.46,266,42528,86.0,68.0,68.0,183.0,248.0,62803.11334727797,1.560693641618497,0.6992481203007519,0.0
2.55,12,816,68.0,68.0,68.0,68.0,68.0,0.0,1.0,1.0,0.0
2.85,86,34661,86.0,68.0,68.0,197.0,1516.0,414999.5685505677,1.3403781228899392,0.6046511627906976,0.0
8.97,29,6355,68.0,68.0,68.0,86.0,170.0,416652.118906064,0.3791232638888889,0.8620689655172413,0.0
3.78,32,2176,68.0,68.0,68.0,68.0,68.0,0.0,1.0,1.0,0.0
4.67,29,10144,68.0,68.0,68.0,86.0,1255.9999999999998,431827.75029726507,1.0422790416750554,0.7586206896551724,0.0
7.57,28,1904,68.0,68.0,68.0,68.0,68.0,0.0,1.0,1.0,0.0
1.24,46,17763,86.0,68.0,68.0,170.0,1516.0,375402.12901701324,0.8033502538071066,0.6086956521739131,0.0
2.64,56,10140,86.0,68.0,80.0,222.0,486.0,25116.99489795919,1.1995661605206074,0.6428571428571429,0.0
1.3,12,816,68.0,68.0,68.0,68.0,68.0,0.0,1.0,1.0,0.0
6.54,32,2176,68.0,68.0,68.0,68.0,68.0,0.0,1.0,1.0,0.0
5.58,91,39336,86.0,68.0,68.0,170.0,1516.0,631714.6557179085,0.8564349426589268,0.6263736263736264,0.0
7.32,28,1904,68.0,68.0,68.0,68.0,68.0,0.0,1.0,1.0,0.0
1.24,16,1088,68.0,68.0,68.0,68.0,68.0,0.0,1.0,1.0,0.0
6.45,28,6964,68.0,68.0,68.0,86.0,420.50000000000057,277866.9897959183,1.0428278087415663,0.8214285714285714,0.0
0.91,28,1904,68.0,68.0,68.0,68.0,68.0,0.0,1.0,1.0,0.0
8.76,74,18811,68.0,68.0,68.0,86.0,1141.300000000001,195762.2156683711,1.7050618349151567,0.7702702702702703,0.0
6.04,16,1088,68.0,68.0,68.0,68.0,68.0,0.0,1.0,1.0,0.0
4.35,89,32946,86.0,68.0,68.0,170.0,1502.4,285112.9339729833,1.681588800260459,0.6067415730337079,0.0
6.69,40,6146,68.0,68.0,68.0,86.0,486.0,25148.977500000005,0.6692015209125475,0.775,0.0
5.52,16,1088,68.0,68.0,68.0,68.0,68.0,0.0,1.0,1.0,0.0
5.43,39,6271,68.0,68.0,68.0,68.0,170.0,101616.93228139379,1.1744105409153953,0.8717948717948718,0.0
2.52,16,1088,68.0,68.0,68.0,68.0,68.0,0.0,1.0,1.0,0.0
6.85,55,20331,86.0,68.0,68.0,170.0,1502.4,512870.37157024787,0.881803035912625,0.7090909090909091,0.0
5.86,16,1088,68.0,68.0,68.0,68.0,68.0,0.0,1.0,1.0,0.0
9.75,111,35002,86.0,68.0,68.0,170.0,1037.0,354710.996996997,0.8274943873022503,0.7027027027027027,0.0
2.3,16,1088,68.0,68.0,68.0,68.0,68.0,0.0,1.0,1.0,0.0
8.34,43,5766,68.0,68.0,68.0,68.0,153.20000000000036,66086.0843699297,2.0621348911311737,0.8837209302325582,0.0
3.52,12,816,68.0,68.0,68.0,68.0,68.0,0.0,1.0,1.0,0.0
5.45,28,1904,68.0,68.0,68.0,68.0,68.0,0.0,1.0,1.0,0.0
4.54,60,12037,86.0,68.0,68.0,126.0,188.80000000000027,119474.1697222222,1.7456660583941606,0.6666666666666666,0.0
3.93,20,1360,68.0,68.0,68.0,68.0,68.0,0.0,1.0,1.0,0.0
7.26,24,1632,68.0,68.0,68.0,68.0,68.0,0.0,1.0,1.0,0.0
4.12,95,39067,86.0,68.0,68.0,255.0,1516.0,440626.7884764541,1.4752581891909016,0.6,0.0
3.84,16,1088,68.0,68.0,68.0,68.0,68.0,0.0,1.0,1.0,0.0
4.23,28,1904,68.0,68.0,68.0,68.0,68.0,0.0,1.0,1.0,0.0
8.04,53,7397,68.0,68.0,68.0,68.0,86.0,122713.64186543251,0.7854211923726768,0.9245283018867925,0.0
4.85,1,68,68.0,68.0,68.0,68.0,68.0,0.0,0.0,1.0,0.0
8.09,75,17820,68.0,68.0,68.0,86.0,317.40000000000003,311479.76000000007,0.5108096651123357,0.8,0.0
4.96,16,1088,68.0,68.0,68.0,68.0,68.0,0.0,1.0,1.0,0.0
3.11,94,35033,86.0,68.0,68.0,170.0,1516.0,351849.40482118604,1.3846572731604383,0.6170212765957447,0.0
0.71,8,544,68.0,68.0,68.0,68.0,68.0,0.0,1.0,1.0,0.0
0.46,8,544,68.0,68.0,68.0,68.0,68.0,0.0,1.0,1.0,0.0
4.25,28,1904,68.0,68.0,68.0,68.0,68.0,0.0,1.0,1.0,0.0
4.27,25,4681,68.0,68.0,68.0,86.0,170.0,133661.7024,1.1123646209386282,0.84,0.0
9.56,73,18490,68.0,68.0,68.0,86.0,170.0,398335.7939575906,0.6249231039634414,0.8082191780821918,0.0
6.14,28,1904,68.0,68.0,68.0,68.0,68.0,0.0,1.0,1.0,0.0
0.86,8,544,68.0,68.0,68.0,68.0,68.0,0.0,1.0,1.0,0.0
6.14,50,16862,86.0,68.0,68.0,170.0,1516.0,300799.66240000003,1.796351575456053,0.68,0.0
6.45,53,22945,86.0,68.0,68.0,170.0,1516.0,681285.0131719472,0.6339101331624297,0.6415094339622641,0.0
6.06,16,1088,68.0,68.0,68.0,68.0,68.0,0.0,1.0,1.0,0.0
6.12,28,1904,68.0,68.0,68.0,68.0,68.0,0.0,1.0,1.0,0.0
1.39,19,5472,68.0,68.0,68.0,128.0,780.7999999999994,273283.05263157893,1.0440791931266342,0.7368421052631579,0.0
0.23,6,408,68.0,68.0,68.0,68.0,68.0,0.0,1.0,1.0,0.0
1.89,2,136,68.0,68.0,68.0,68.0,68.0,0.0,1.0,1.0,0.0
2.84,28,1904,68.0,68.0,68.0,68.0,68.0,0.0,1.0,1.0,0.0
5.83,49,13788,86.0,68.0,68.0,170.0,1173.8000000000002,205475.46189087877,2.306474820143885,0.6938775510204082,0.0
2.59,28,1904,68.0,68.0,68.0,68.0,68.0,0.0,1.0,1.0,0.0
0.8,12,816,68.0,68.0,68.0,68.0,68.0,0.0,1.0,1.0,0.0
3.57,4,272,68.0,68.0,68.0,68.0,68.0,0.0,1.0,1.0,0.0
6.76,93,36607,86.0,68.0,68.0,170.0,1516.0,486767.84761244076,1.1668639753758732,0.6236559139784946,0.0
6.15,16,1088,68.0,68.0,68.0,68.0,68.0,0.0,1.0,1.0,0.0
4.25,28,1904,68.0,68.0,68.0,68.0,68.0,0.0,1.0,1.0,0.0
8.27,55,7065,68.0,68.0,68.0,68.0,86.0,72081.48429752066,1.041317538283733,0.9090909090909091,0.0
1.88,43,14815,86.0,68.0,68.0,170.0,1377.4000000000028,354829.36506219575,1.0922186131902274,0.6744186046511628,0.0
5.86,28,1904,68.0,68.0,68.0,68.0,68.0,0.0,1.0,1.0,0.0
9.47,111,38686,86.0,68.0,68.0,170.0,1516.0,354250.59183507843,1.5021667421253477,0.6756756756756757,0.0
7.01,19,1700,68.0,68.0,68.0,68.0,119.59999999999988,3214.6703601108034,0.9230769230769231,0.8947368421052632,0.0
1.5,28,1904,68.0,68.0,68.0,68.0,68.0,0.0,1.0,1.0,0.0
7.91,49,7032,68.0,68.0,68.0,68.0,102.80000000000024,77384.41316118283,1.557090909090909,0.8979591836734694,0.0
7.27,10,680,68.0,68.0,68.0,68.0,68.0,0.0,0.6666666666666666,1.0,0.0
0.19,13,4844,86.0,68.0,68.0,170.0,1354.8000000000006,297348.54437869816,1.263551401869159,0.6153846153846154,0.0
0.84,31,10122,86.0,68.0,68.0,170.0,1516.0,237858.76586888658,1.9313640312771503,0.6451612903225806,0.0
4.98,28,1904,68.0,68.0,68.0,68.0,68.0,0.0,1.0,1.0,0.0
6.87,16,1088,68.0,68.0,68.0,68.0,68.0,0.0,1.0,1.0,0.0
3.63,95,35853,86.0,68.0,68.0,170.0,1516.0,308304.8084210526,2.020726261690117,0.6,0.0
7.5,40,2720,68.0,68.0,68.0,68.0,68.0,0.0,1.0,1.0,0.0
4.71,4,272,68.0,68.0,68.0,68.0,68.0,0.0,1.0,1.0,0.0
4.71,26,4799,68.0,68.0,68.0,86.0,170.0,215544.32100591718,0.3974956319161328,0.8461538461538461,0.0
7.34,125,29966,86.0,68.0,68.0,412.0,516.0,89329.43001599998,3.3809941520467834,0.664,0.0
6.18,46,19014,86.0,68.0,68.0,170.0,1516.0,478728.0964083175,0.763821892393321,0.6304347826086957,0.0
8.18,60,11066,68.0,68.0,68.0,68.0,94.40000000000012,213812.9788888889,1.135056916843527,0.9,0.0
4.45,85,29590,86.0,68.0,68.0,170.0,1480.0000000000007,364376.9979238755,1.505079580088046,0.6352941176470588,0.0
6.01,16,1088,68.0,68.0,68.0,68.0,68.0,0.0,1.0,1.0,0.0
0.23,12,816,68.0,68.0,68.0,68.0,68.0,0.0,1.0,1.0,0.0
9.06,50,10164,68.0,68.0,68.0,68.0,170.0,235596.16160000005,1.2226109774764924,0.88,0.0
2.14,28,1904,68.0,68.0,68.0,68.0,68.0,0.0,1.0,1.0,0.0
8.51,72,18616,68.0,68.0,68.0,86.0,798.8999999999992,270847.024691358,1.2049034703304513,0.7777777777777778,0.0
6.34,16,1088,68.0,68.0,68.0,68.0,68.0,0.0,1.0,1.0,0.0
4.21,96,39187,86.0,68.0,68.0,170.0,1516.0,495126.8670789932,1.1173006267559975,0.6145833333333334,0.0
3.76,63,12896,86.0,68.0,68.0,449.0,504.0,46168.274124464595,1.6821963394342763,0.6825396825396826,0.0
0.1,10,1896,86.0,68.0,86.0,222.0,486.0,25031.039999999997,0.07727272727272727,0.6,0.0
7.48,4,272,68.0,68.0,68.0,68.0,68.0,0.0,1.0,1.0,0.0
2.05,19,4143,68.0,68.0,68.0,128.0,437.99999999999955,133372.89196675902,1.53239608801956,0.7368421052631579,0.0
9.04,36,2448,68.0,68.0,68.0,68.0,68.0,0.0,1.0,1.0,0.0
7.76,71,17499,68.0,68.0,68.0,86.0,170.0,409123.2065066456,0.42651014918072877,0.8169014084507042,0.0
7.85,150,39247,68.0,68.0,68.0,159.75,1103.5999999999995,209188.1751555556,1.63508795488116,0.7333333333333333,0.0
8.5,44,2992,68.0,68.0,68.0,68.0,68.0,0.0,1.0,1.0,0.0
4.99,19,5442,68.0,68.0,68.0,115.0,329.99999999999943,437992.24376731296,0.1789428076256499,0.7368421052631579,0.0
6.2,36,2448,68.0,68.0,68.0,68.0,68.0,0.0,1.0,1.0,0.0
3.38,51,18684,86.0,68.0,68.0,170.0,986.0,514687.1695501729,0.42931456548347613,0.6666666666666666,0.0
8.22,30,4656,68.0,68.0,68.0,86.0,486.0,27405.759999999995,2.5272727272727273,0.8,0.0
7.85,130,35261,74.0,68.0,68.0,170.0,939.2,291291.02775147924,1.0996189115160175,0.7230769230769231,0.0
2.68,8,544,68.0,68.0,68.0,68.0,68.0,0.0,1.0,1.0,0.0
8.24,36,2448,68.0,68.0,68.0,68.0,68.0,0.0,1.0,1.0,0.0
1.26,14,6964,86.0,68.0,68.0,327.5,1516.0,586637.3877551021,1.2522639068564037,0.5714285714285714,0.0
8.69,40,2720,68.0,68.0,68.0,68.0,68.0,0.0,1.0,1.0,0.0
4.76,47,18584,86.0,68.0,68.0,170.0,1516.0,423119.04934359447,1.1253430924062213,0.6382978723404256,0.0
3.82,28,1904,68.0,68.0,68.0,68.0,68.0,0.0,1.0,1.0,0.0
8.94,105,31724,86.0,68.0,68.0,170.0,1130.4,315256.9346031746,1.1116954003860746,0.6857142857142857,0.0
1.21,16,1088,68.0,68.0,68.0,68.0,68.0,0.0,1.0,1.0,0.0
1.05,28,1904,68.0,68.0,68.0,68.0,68.0,0.0,1.0,1.0,0.0
5.35,28,6621,68.0,68.0,68.0,86.0,558.200000000001,207978.1058673469,1.5280641466208476,0.8214285714285714,0.0
0.66,24,1632,68.0,68.0,68.0,68.0,68.0,0.0,1.0,1.0,0.0
7.93,22,6634,68.0,68.0,68.0,149.0,1400.9000000000024,267696.611570248,1.667470848411741,0.7272727272727273,0.0
5.6,31,13348,86.0,68.0,68.0,180.0,1516.0,465679.27575442253,0.4794945688317446,0.6129032258064516,0.0
0.71,24,1632,68.0,68.0,68.0,68.0,68.0,0.0,1.0,1.0,0.0
4.08,4,272,68.0,68.0,68.0,68.0,68.0,0.0,1.0,1.0,0.0
4.94,16,1088,68.0,68.0,68.0,68.0,68.0,0.0,1.0,1.0,0.0
0.89,90,33600,86.0,68.0,68.0,170.0,1516.0,451470.26666666666,0.7404817404817405,0.6111111111111112,0.0
3.11,16,1088,68.0,68.0,68.0,68.0,68.0,0.0,1.0,1.0,0.0
3.65,28,1904,68.0,68.0,68.0,68.0,68.0,0.0,1.0,1.0,0.0
1.4,24,7673,68.0,68.0,68.0,107.0,955.0999999999995,432688.2899305555,0.8628307841709153,0.75,0.0
9.93,34,2312,68.0,68.0,68.0,68.0,68.0,0.0,1.0,1.0,0.0
5.86,51,23904,86.0,68.0,68.0,474.5,1516.0,590396.7174163783,0.9761904761904762,0.6078431372549019,0.0
8.86,36,2448,68.0,68.0,68.0,68.0,68.0,0.0,1.0,1.0,0.0
7.73,102,39344,86.0,68.0,68.0,170.0,1516.0,502282.4344482891,0.8628787878787879,0.6568627450980392,0.0
3.63,16,1088,68.0,68.0,68.0,68.0,68.0,0.0,1.0,1.0,0.0
1.69,28,1904,68.0,68.0,68.0,68.0,68.0,0.0,1.0,1.0,0.0
6.28,30,7720,68.0,68.0,68.0,86.0,436.9000000000017,271571.35555555555,1.3302143072743737,0.8,0.0
1.64,28,1904,68.0,68.0,68.0,68.0,68.0,0.0,1.0,1.0,0.0
1.54,43,18506,86.0,68.0,68.0,170.0,1505.8000000000002,541414.7917793402,1.211255825068706,0.6511627906976745,0.0
4.29,28,1904,68.0,68.0,68.0,68.0,68.0,0.0,1.0,1.0,0.0
0.6,4,272,68.0,68.0,68.0,68.0,68.0,0.0,1.0,1.0,0.0
6.7,82,22693,86.0,68.0,68.0,170.0,854.8000000000019,260016.995389649,0.9788106034182071,0.6829268292682927,0.0
9.65,42,15172,68.0,68.0,68.0,86.0,1477.5999999999995,456534.6575963719,1.5160862354892206,0.7619047619047619,0.0
1.34,28,1904,68.0,68.0,68.0,68.0,68.0,0.0,1.0,1.0,0.0
8.83,55,5500,68.0,68.0,68.0,68.0,86.0,21873.927272727273,0.7690575747828884,0.9272727272727272,0.0
2.26,40,12606,86.0,68.0,68.0,170.0,1093.6000000000004,257727.57749999996,1.086395233366435,0.65,0.0
8.44,32,2176,68.0,68.0,68.0,68.0,68.0,0.0,1.0,1.0,0.0
1.61,12,816,68.0,68.0,68.0,68.0,68.0,0.0,1.0,1.0,0.0
2.55,98,38146,86.0,68.0,68.0,170.0,1516.0,452397.4706372345,1.3285313148577707,0.6326530612244898,0.0
7.41,36,2448,68.0,68.0,68.0,68.0,68.0,0.0,1.0,1.0,0.0
5.73,8,544,68.0,68.0,68.0,68.0,68.0,0.0,1.0,1.0,0.0
2.6,27,6473,68.0,68.0,68.0,86.0,740.6000000000013,173024.5624142661,2.1514118792599803,0.7777777777777778,0.0
8.95,72,11863,68.0,68.0,68.0,86.0,170.0,150234.68036265433,0.9390323635174894,0.8333333333333334,0.0
3.12,28,1904,68.0,68.0,68.0,68.0,68.0,0.0,1.0,1.0,0.0
5.16,16,1088,68.0,68.0,68.0,68.0,68.0,0.0,1.0,1.0,0.0
0.57,74,26579,86.0,68.0,68.0,170.0,1132.3000000000002,440333.9285975164,0.8302575402837075,0.6351351351351351,0.0
0.26,15,4735,86.0,68.0,68.0,170.0,1111.6,219763.15555555557,1.5594594594594595,0.6666666666666666,0.0
0.08,4,272,68.0,68.0,68.0,68.0,68.0,0.0,1.0,1.0,0.0
7.3,40,2720,68.0,68.0,68.0,68.0,68.0,0.0,1.0,1.0,0.0
3.89,27,5521,68.0,68.0,68.0,86.0,170.0,299775.3607681756,0.2706559263521289,0.8148148148148148,0.0
0.8,28,1904,68.0,68.0,68.0,68.0,68.0,0.0,1.0,1.0,0.0
3.91,51,14408,86.0,68.0,68.0,170.0,1056.0,196729.23029603998,0.9699207000273449,0.6666666666666666,0.0
8.43,32,2176,68.0,68.0,68.0,68.0,68.0,0.0,1.0,1.0,0.0
2.53,12,816,68.0,68.0,68.0,68.0,68.0,0.0,1.0,1.0,0.0
5.72,91,34672,86.0,68.0,68.0,170.0,1146.0,555961.6372418791,0.6601388556380177,0.6483516483516484,0.0
0.03,4,272,68.0,68.0,68.0,68.0,68.0,0.0,1.0,1.0,0.0
4.6,12,816,68.0,68.0,68.0,68.0,68.0,0.0,1.0,1.0,0.0
5.85,28,1904,68.0,68.0,68.0,68.0,68.0,0.0,1.0,1.0,0.0
1.17,20,6825,77.0,68.0,68.0,170.0,1516.0,279631.8875,2.0414438502673797,0.7,0.0
8.99,36,2448,68.0,68.0,68.0,68.0,68.0,0.0,1.0,1.0,0.0
0.13,4,272,68.0,68.0,68.0,68.0,68.0,0.0,1.0,1.0,0.0
4.65,41,15846,86.0,68.0,68.0,170.0,1516.0,388892.44497323025,1.1603271983640082,0.6341463414634146,0.0
5.63,28,1904,68.0,68.0,68.0,68.0,68.0,0.0,1.0,1.0,0.0
9.97,107,30220,86.0,68.0,68.0,170.0,876.000000000003,282192.03947943053,1.1066573719065878,0.6822429906542056,0.0
6.3,16,1088,68.0,68.0,68.0,68.0,68.0,0.0,1.0,1.0,0.0
9.06,49,8025,68.0,68.0,68.0,68.0,102.80000000000024,194655.72511453563,0.7415364583333334,0.8979591836734694,0.0
4.75,8,544,68.0,68.0,68.0,68.0,68.0,0.0,1.0,1.0,0.0
1.24,28,1904,68.0,68.0,68.0,68.0,68.0,0.0,1.0,1.0,0.0
3.52,46,21065,86.0,68.0,68.0,391.25,1516.0,449548.40879017016,1.0768017351868284,0.5869565217391305,0.0
6.2,28,1904,68.0,68.0,68.0,68.0,68.0,0.0,1.0,1.0,0.0
4.14,16,1088,68.0,68.0,68.0,68.0,68.0,0.0,1.0,1.0,0.0
2.53,97,40952,86.0,68.0,68.0,170.0,1516.0,569674.501647359,0.7569179286970698,0.6082474226804123,0.0
1.33,16,1088,68.0,68.0,68.0,68.0,68.0,0.0,1.0,1.0,0.0
1.9,28,1904,68.0,68.0,68.0,68.0,68.0,0.0,1.0,1.0,0.0
1.57,28,8659,68.0,68.0,68.0,86.0,1084.9,399539.1875,0.782053920559786,0.7857142857142857,0.0
8.85,36,3421,68.0,68.0,68.0,68.0,134.0,5979.41589506173,1.0497303774715399,0.8888888888888888,0.0
5.05,48,15930,86.0,68.0,68.0,170.0,1249.3000000000015,238304.234375,1.9870616913557098,0.6458333333333334,0.0
8.76,40,2720,68.0,68.0,68.0,68.0,68.0,0.0,1.0,1.0,0.0
8.39,94,34072,86.0,68.0,68.0,170.0,1501.6000000000001,433268.7170665459,1.1418154387729444,0.6276595744680851,0.0
3.68,16,1088,68.0,68.0,68.0,68.0,68.0,0.0,1.0,1.0,0.0
9.89,56,8823,68.0,68.0,68.0,68.0,128.0,115434.03284438777,1.3788083041251011,0.8928571428571429,0.0
4.42,28,1904,68.0,68.0,68.0,68.0,68.0,0.0,1.0,1.0,0.0
1.41,15,1400,86.0,68.0,68.0,126.0,126.0,587.5555555555554,0.8134715025906736,0.6666666666666666,0.0
8.42,58,19796,68.0,68.0,68.0,170.0,1183.500000000002,418124.903686088,0.8737340274491244,0.7241379310344828,0.0
3.09,28,1904,68.0,68.0,68.0,68.0,68.0,0.0,1.0,1.0,0.0
6.96,90,40427,86.0,68.0,68.0,288.5,1516.0,512467.08654320985,1.038575966920478,0.5888888888888889,0.0
6.63,16,1088,68.0,68.0,68.0,68.0,68.0,0.0,1.0,1.0,0.0
4.81,28,1904,68.0,68.0,68.0,68.0,68.0,0.0,1.0,1.0,0.0
4.42,25,4925,68.0,68.0,68.0,86.0,170.0,166703.36,0.8328991440267957,0.84,0.0
4.42,28,1904,68.0,68.0,68.0,68.0,68.0,0.0,1.0,1.0,0.0
7.18,42,12752,86.0,68.0,68.0,170.0,1203.7999999999997,235620.28344671198,1.567861457913814,0.6666666666666666,0.0
1.84,28,1904,68.0,68.0,68.0,68.0,68.0,0.0,1.0,1.0,0.0
4.57,16,1088,68.0,68.0,68.0,68.0,68.0,0.0,1.0,1.0,0.0
5.2,99,51162,86.0,68.0,68.0,460.5,1516.0,676229.3590449954,0.9272234150751497,0.5757575757575758,0.0
4.54,16,1088,68.0,68.0,68.0,68.0,68.0,0.0,1.0,1.0,0.0
1.22,28,1904,68.0,68.0,68.0,68.0,68.0,0.0,1.0,1.0,0.0
9.89,54,6515,68.0,68.0,68.0,68.0,86.0,115645.37620027439,0.4706546275395034,0.9259259259259259,0.0
5.43,46,16121,86.0,68.0,68.0,170.0,1516.0,279723.94376181473,1.1189537329127235,0.6521739130434783,0.0
6.13,28,1904,68.0,68.0,68.0,68.0,68.0,0.0,1.0,1.0,0.0
5.14,16,1088,68.0,68.0,68.0,68.0,68.0,0.0,1.0,1.0,0.0
9.96,109,37492,86.0,68.0,68.0,170.0,1498.2,313697.15461661475,1.5549952296578984,0.6788990825688074,0.0
9.18,54,9825,68.0,68.0,68.0,68.0,144.80000000000024,182894.45987654332,1.237531314051469,0.8888888888888888,0.0
8.36,32,2176,68.0,68.0,68.0,68.0,68.0,0.0,1.0,1.0,0.0
9.45,75,20910,68.0,68.0,68.0,86.0,1053.600000000003,352174.50666666677,1.38562464346834,0.7733333333333333,0.0
9.87,100,26113,86.0,68.0,68.0,170.0,585.2000000000012,285651.05309999996,0.6644145579705526,0.71,0.0
3.12,16,1088,68.0,68.0,68.0,68.0,68.0,0.0,1.0,1.0,0.0
8.27,41,8342,68.0,68.0,68.0,68.0,170.0,225846.88280785247,1.1673161860223435,0.8780487804878049,0.0
3.47,12,816,68.0,68.0,68.0,68.0,68.0,0.0,1.0,1.0,0.0
7.28,28,1904,68.0,68.0,68.0,68.0,68.0,0.0,1.0,1.0,0.0
6.86,47,15343,86.0,68.0,68.0,170.0,1233.9999999999993,421051.69397917617,1.1046639231824418,0.6808510638297872,0.0
3.13,28,1904,68.0,68.0,68.0,68.0,68.0,0.0,1.0,1.0,0.0
7.31,56,16208,80.0,68.0,68.0,170.0,1052.5,273014.92346938775,1.5012345679012347,0.7321428571428571,0.0
8.01,57,21280,86.0,68.0,68.0,170.0,1516.0,396931.48538011697,1.5722228937507554,0.631578947368421,0.0
1.65,14,952,68.0,68.0,68.0,68.0,68.0,0.0,1.0,1.0,0.0
5.0,28,1904,68.0,68.0,68.0,68.0,68.0,0.0,1.0,1.0,0.0
6.26,28,6951,68.0,68.0,68.0,86.0,944.5000000000002,182504.11607142858,2.8467072495849473,0.7857142857142857,0.0
3.35,28,1904,68.0,68.0,68.0,68.0,68.0,0.0,1.0,1.0,0.0
7.16,48,21664,86.0,68.0,68.0,296.25,1516.0,559360.8472222221,0.9759211966435607,0.6041666666666666,0.0
3.19,28,1904,68.0,68.0,68.0,68.0,68.0,0.0,1.0,1.0,0.0
7.85,110,33364,86.0,68.0,68.0,170.0,875.400000000001,337629.8680991736,0.9883194278903457,0.6909090909090909,0.0
1.45,16,1088,68.0,68.0,68.0,68.0,68.0,0.0,1.0,1.0,0.0
9.03,47,7907,68.0,68.0,68.0,68.0,119.59999999999988,136111.71118153006,1.2111297539149888,0.8936170212765957,0.0
0.37,8,544,68.0,68.0,68.0,68.0,68.0,0.0,1.0,1.0,0.0
1.64,28,1904,68.0,68.0,68.0,68.0,68.0,0.0,1.0,1.0,0.0
4.53,45,10269,86.0,68.0,68.0,170.0,509.4000000000001,171139.00444444444,1.0080172076652327,0.7111111111111111,0.0
9.44,44,2992,68.0,68.0,68.0,68.0,68.0,0.0,1.0,1.0,0.0
1.41,98,33272,86.0,68.0,68.0,170.0,1516.0,345414.86214077467,1.3011273255411855,0.6326530612244898,0.0
2.64,16,1088,68.0,68.0,68.0,68.0,68.0,0.0,1.0,1.0,0.0
3.73,28,1904,68.0,68.0,68.0,68.0,68.0,0.0,1.0,1.0,0.0
9.31,56,7898,68.0,68.0,68.0,68.0,86.0,153969.71301020405,0.40784313725490196,0.9107142857142857,0.0
6.97,45,19592,86.0,68.0,68.0,170.0,1516.0,444574.72395061736,1.5047302480184097,0.6222222222222222,0.0
3.52,28,1904,68.0,68.0,68.0,68.0,68.0,0.0,1.0,1.0,0.0
1.67,16,1088,68.0,68.0,68.0,68.0,68.0,0.0,1.0,1.0,0.0
2.12,90,28719,86.0,68.0,68.0,170.0,1078.4000000000003,287565.3788888889,1.0786768963520557,0.6555555555555556,0.0
5.22,16,1088,68.0,68.0,68.0,68.0,68.0,0.0,1.0,1.0,0.0
7.61,28,1904,68.0,68.0,68.0,68.0,68.0,0.0,1.0,1.0,0.0
1.63,24,2998,68.0,68.0,68.0,86.0,170.0,37485.659722222226,1.7914338919925512,0.8333333333333334,0.0
8.58,46,8659,68.0,68.0,68.0,68.0,170.0,139040.83412098303,1.708476696903347,0.8478260869565217,0.0
2.36,25,11612,86.0,68.0,68.0,170.0,1248.000000000001,920406.0895999998,0.46708780795957044,0.64,0.0
1.9,28,1904,68.0,68.0,68.0,68.0,68.0,0.0,1.0,1.0,0.0
5.32,16,1088,68.0,68.0,68.0,68.0,68.0,0.0,1.0,1.0,0.0
0.08,13,3966,86.0,68.0,68.0,170.0,341.20000000000016,425532.0710059172,0.3115079365079365,0.6923076923076923,0.0
8.37,85,30462,86.0,68.0,68.0,170.0,1471.200000000001,440198.32885813125,0.8713601179506082,0.6588235294117647,0.0
5.45,12,816,68.0,68.0,68.0,68.0,68.0,0.0,1.0,1.0,0.0
0.54,28,1904,68.0,68.0,68.0,68.0,68.0,0.0,1.0,1.0,0.0
8.26,52,5459,68.0,68.0,68.0,68.0,86.0,24969.365014792886,0.9524320457796852,0.9230769230769231,0.0
2.95,45,14574,86.0,68.0,68.0,170.0,1292.0000000000002,222904.8711111111,1.2864763100094132,0.6444444444444445,0.0
7.58,28,1904,68.0,68.0,68.0,68.0,68.0,0.0,1.0,1.0,0.0
5.21,16,1088,68.0,68.0,68.0,68.0,68.0,0.0,1.0,1.0,0.0
1.4,93,45503,86.0,68.0,68.0,292.0,1516.0,671615.5562492774,0.872166220942193,0.5913978494623656,0.0
4.61,16,1088,68.0,68.0,68.0,68.0,68.0,0.0,1.0,1.0,0.0
0.21,4,272,68.0,68.0,68.0,68.0,68.0,0.0,1.0,1.0,0.0
1.32,24,1632,68.0,68.0,68.0,68.0,68.0,0.0,1.0,1.0,0.0
2.23,29,9385,68.0,68.0,68.0,86.0,1266.3999999999999,415227.2009512484,0.8322920734088247,0.7586206896551724,0.0
7.68,28,1904,68.0,68.0,68.0,68.0,68.0,0.0,1.0,1.0,0.0
5.24,46,16715,86.0,68.0,68.0,170.0,1516.0,394707.7982041587,1.1573309241094476,0.6521739130434783,0.0
8.03,32,2176,68.0,68.0,68.0,68.0,68.0,0.0,1.0,1.0,0.0
9.15,106,36793,86.0,68.0,68.0,170.0,1433.5,394381.2439480242,0.9922568767598008,0.6698113207547169,0.0
7.31,36,2448,68.0,68.0,68.0,68.0,68.0,0.0,1.0,1.0,0.0
5.51,8,544,68.0,68.0,68.0,68.0,68.0,0.0,1.0,1.0,0.0
7.78,48,7520,68.0,68.0,68.0,68.0,111.20000000000036,154606.4305555556,0.842685616270522,0.8958333333333334,0.0
9.02,53,18412,86.0,68.0,68.0,170.0,1267.8000000000006,393734.4279102884,1.1409302325581396,0.7169811320754716,0.0
4.16,28,1904,68.0,68.0,68.0,68.0,68.0,0.0,1.0,1.0,0.0
8.86,110,32705,86.0,68.0,68.0,170.0,1005.3000000000001,285795.3987603305,1.1366041680276997,0.6909090909090909,0.0
7.67,40,2720,68.0,68.0,68.0,68.0,68.0,0.0,1.0,1.0,0.0
6.1,4,272,68.0,68.0,68.0,68.0,68.0,0.0,1.0,1.0,0.0
3.47,32,7097,68.0,68.0,68.0,86.0,170.0,306670.4833984375,0.6738207547169811,0.8125,0.0
7.37,28,1904,68.0,68.0,68.0,68.0,68.0,0.0,1.0,1.0,0.0
6.96,48,22421,86.0,68.0,68.0,288.0,1516.0,551767.8849826389,1.536886173342385,0.6041666666666666,0.0
7.09,28,1904,68.0,68.0,68.0,68.0,68.0,0.0,1.0,1.0,0.0
9.66,109,32069,86.0,68.0,68.0,170.0,1033.4000000000005,350601.54263109167,0.7898643746162862,0.7155963302752294,0.0
4.33,16,1088,68.0,68.0,68.0,68.0,68.0,0.0,1.0,1.0,0.0
9.3,52,10261,68.0,68.0,68.0,68.0,161.59999999999988,228649.56619822484,0.7121641915568163,0.8846153846153846,0.0
5.21,4,272,68.0,68.0,68.0,68.0,68.0,0.0,1.0,1.0,0.0
2.57,28,1904,68.0,68.0,68.0,68.0,68.0,0.0,1.0,1.0,0.0
8.19,68,15076,68.0,68.0,68.0,86.0,275.3000000000015,223439.03114186856,0.9658364845481809,0.8088235294117647,0.0
2.8,16,1088,68.0,68.0,68.0,68.0,68.0,0.0,1.0,1.0,0.0
2.11,91,37323,86.0,68.0,68.0,170.0,1236.0,580263.5070643642,0.7316846842666914,0.6373626373626373,0.0
0.08,4,272,68.0,68.0,68.0,68.0,68.0,0.0,1.0,1.0,0.0
0.65,12,816,68.0,68.0,68.0,68.0,68.0,0.0,1.0,1.0,0.0
0.38,18,1224,68.0,68.0,68.0,68.0,68.0,0.0,1.0,1.0,0.0
9.64,39,8559,68.0,68.0,68.0,77.0,306.4000000000019,198509.88954635113,1.5314995563442768,0.8461538461538461,0.0
3.55,28,1904,68.0,68.0,68.0,68.0,68.0,0.0,1.0,1.0,0.0
9.79,74,22144,68.0,68.0,68.0,86.0,1139.4,349528.1029948867,1.1622888389805683,0.7567567567567568,0.0
2.63,16,1088,68.0,68.0,68.0,68.0,68.0,0.0,1.0,1.0,0.0
8.85,98,41058,86.0,68.0,68.0,170.0,1516.0,575166.4677217825,0.8888531076045453,0.6326530612244898,0.0
1.27,12,816,68.0,68.0,68.0,68.0,68.0,0.0,1.0,1.0,0.0
1.98,28,1904,68.0,68.0,68.0,68.0,68.0,0.0,1.0,1.0,0.0
1.83,24,4312,68.0,68.0,68.0,86.0,182.6,133485.22222222222,0.6395437262357414,0.8333333333333334,0.0
2.97,28,1904,68.0,68.0,68.0,68.0,68.0,0.0,1.0,1.0,0.0
9.55,72,16327,68.0,68.0,68.0,86.0,205.99999999999994,246842.347029321,0.639586262301667,0.7916666666666666,0.0
5.65,16,1088,68.0,68.0,68.0,68.0,68.0,0.0,1.0,1.0,0.0
6.32,91,29106,86.0,68.0,68.0,170.0,1088.0,319041.932375317,1.2006653561167397,0.6373626373626373,0.0
5.38,16,1088,68.0,68.0,68.0,68.0,68.0,0.0,1.0,1.0,0.0
5.94,28,1904,68.0,68.0,68.0,68.0,68.0,0.0,1.0,1.0,0.0
8.6,55,8012,68.0,68.0,68.0,68.0,86.0,164580.03834710747,0.6056112224448897,0.9090909090909091,0.0
2.54,44,17973,86.0,68.0,68.0,170.0,1393.0000000000011,517638.29493801633,0.722706795744273,0.6590909090909091,0.0
1.91,28,1904,68.0,68.0,68.0,68.0,68.0,0.0,1.0,1.0,0.0
4.8,16,1088,68.0,68.0,68.0,68.0,68.0,0.0,1.0,1.0,0.0
8.06,95,40430,86.0,68.0,68.0,170.0,1516.0,531857.0858725762,1.0205907341696236,0.6210526315789474,0.0
1.95,16,1088,68.0,68.0,68.0,68.0,68.0,0.0,1.0,1.0,0.0
4.23,28,1904,68.0,68.0,68.0,68.0,68.0,0.0,1.0,1.0,0.0
4.74,27,7207,68.0,68.0,68.0,86.0,1153.8000000000002,206454.2908093278,2.5104724792985875,0.7777777777777778,0.0
8.23,32,2176,68.0,68.0,68.0,68.0,68.0,0.0,1.0,1.0,0.0
6.83,51,17692,86.0,68.0,68.0,170.0,1516.0,405699.0296039985,1.2032378580323786,0.6862745098039216,0.0
5.69,20,1360,68.0,68.0,68.0,68.0,68.0,0.0,1.0,1.0,0.0
8.24,114,41872,86.0,68.0,68.0,170.0,1506.4,468594.77069867635,0.981543703563485,0.6842105263157895,0.0
5.56,16,1088,68.0,68.0,68.0,68.0,68.0,0.0,1.0,1.0,0.0
3.23,28,1904,68.0,68.0,68.0,68.0,68.0,0.0,1.0,1.0,0.0
4.97,28,8813,68.0,68.0,68.0,86.0,1201.9,406914.33035714284,0.7119269619269619,0.7857142857142857,0.0
1.37,28,1904,68.0,68.0,68.0,68.0,68.0,0.0,1.0,1.0,0.0
6.54,42,13174,86.0,68.0,68.0,170.0,1121.1999999999998,334287.2222222223,0.6252158894645942,0.6904761904761905,0.0
1.27,28,1904,68.0,68.0,68.0,68.0,68.0,0.0,1.0,1.0,0.0
5.6,16,1088,68.0,68.0,68.0,68.0,68.0,0.0,1.0,1.0,0.0
8.8,100,38192,86.0,68.0,68.0,170.0,1516.0,494284.0136000001,1.073398479913138,0.65,0.0
8.8,40,2720,68.0,68.0,68.0,68.0,68.0,0.0,1.0,1.0,0.0
8.86,55,8225,68.0,68.0,68.0,68.0,136.40000000000012,90446.8661157025,1.811965811965812,0.8909090909090909,0.0
2.7,48,15325,86.0,68.0,68.0,170.0,988.9000000000033,398657.44748263893,0.9718219248584663,0.6666666666666666,0.0
4.45,28,1904,68.0,68.0,68.0,68.0,68.0,0.0,1.0,1.0,0.0
3.76,16,1088,68.0,68.0,68.0,68.0,68.0,0.0,1.0,1.0,0.0
7.3,103,39750,86.0,68.0,68.0,170.0,1516.0,376508.6541615609,1.423780487804878,0.6213592233009708,0.0
4.8,16,1088,68.0,68.0,68.0,68.0,68.0,0.0,1.0,1.0,0.0
4.97,28,1904,68.0,68.0,68.0,68.0,68.0,0.0,1.0,1.0,0.0
3.75,25,4778,68.0,68.0,68.0,86.0,170.0,142880.3456,0.8222730739893211,0.84,0.0
3.92,28,1904,68.0,68.0,68.0,68.0,68.0,0.0,1.0,1.0,0.0
5.85,61,19778,86.0,68.0,68.0,170.0,1350.0,348132.43912926636,1.349489189831314,0.6557377049180327,0.0
3.17,12,816,68.0,68.0,68.0,68.0,68.0,0.0,1.0,1.0,0.0
9.43,119,42245,86.0,68.0,68.0,170.0,1267.4000000000003,489078.08403361344,0.7727654217373059,0.7058823529411765,0.0
5.03,16,1088,68.0,68.0,68.0,68.0,68.0,0.0,1.0,1.0,0.0
2.0,28,1904,68.0,68.0,68.0,68.0,68.0,0.0,1.0,1.0,0.0
4.07,25,4908,68.0,68.0,68.0,86.0,170.0,190705.73760000002,0.5152824945970979,0.84,0.0
6.42,28,1904,68.0,68.0,68.0,68.0,68.0,0.0,1.0,1.0,0.0
2.59,43,18900,86.0,68.0,68.0,170.0,1516.0,575348.295294754,0.9622093023255814,0.6511627906976745,0.0
7.07,28,1904,68.0,68.0,68.0,68.0,68.0,0.0,1.0,1.0,0.0
2.67,16,1088,68.0,68.0,68.0,68.0,68.0,0.0,1.0,1.0,0.0
2.15,89,32078,86.0,68.0,68.0,170.0,1424.0000000000002,466642.6042166394,0.7852849510240427,0.6404494382022472,0.0
3.45,16,1088,68.0,68.0,68.0,68.0,68.0,0.0,1.0,1.0,0.0
4.85,28,1904,68.0,68.0,68.0,68.0,68.0,0.0,1.0,1.0,0.0
1.8,24,6782,68.0,68.0,68.0,107.0,1139.9999999999998,215439.24305555553,2.8381437464629315,0.75,0.0
7.64,28,1904,68.0,68.0,68.0,68.0,68.0,0.0,1.0,1.0,0.0
9.39,77,19950,68.0,68.0,68.0,86.0,1041.4000000000003,218214.21251475796,1.9516200621393698,0.7662337662337663,0.0
0.78,8,544,68.0,68.0,68.0,68.0,68.0,0.0,1.0,1.0,0.0
7.28,102,39888,86.0,68.0,68.0,170.0,1516.0,451247.4475201845,1.2907023488198472,0.6372549019607843,0.0
1.36,16,1088,68.0,68.0,68.0,68.0,68.0,0.0,1.0,1.0,0.0
7.56,28,1904,68.0,68.0,68.0,68.0,68.0,0.0,1.0,1.0,0.0
4.54,28,6870,68.0,68.0,68.0,86.0,884.2000000000003,178307.15816326533,2.1513761467889907,0.7857142857142857,0.0
0.86,28,1904,68.0,68.0,68.0,68.0,68.0,0.0,1.0,1.0,0.0
8.91,73,17022,68.0,68.0,68.0,86.0,654.7999999999982,234421.1874648152,1.0753474762253108,0.8082191780821918,0.0
0.46,4,272,68.0,68.0,68.0,68.0,68.0,0.0,1.0,1.0,0.0
9.35,104,31858,86.0,68.0,68.0,170.0,1347.900000000001,289608.7777366864,1.4391700482352041,0.6730769230769231,0.0
0.99,8,544,68.0,68.0,68.0,68.0,68.0,0.0,1.0,1.0,0.0
1.66,8,544,68.0,68.0,68.0,68.0,68.0,0.0,1.0,1.0,0.0
1.69,28,1904,68.0,68.0,68.0,68.0,68.0,0.0,1.0,1.0,0.0
2.18,24,4780,68.0,68.0,68.0,86.0,163.7,308559.7222222222,0.27636849132176233,0.8333333333333334,0.0
2.31,28,1904,68.0,68.0,68.0,68.0,68.0,0.0,1.0,1.0,0.0
9.97,73,17749,68.0,68.0,68.0,86.0,614.3999999999994,207377.78945393133,1.296416095225773,0.7671232876712328,0.0
1.31,16,1088,68.0,68.0,68.0,68.0,68.0,0.0,1.0,1.0,0.0
1.56,98,36958,86.0,68.0,68.0,170.0,1516.0,356045.10745522706,1.2285335262904005,0.6122448979591837,0.0
4.5,16,1088,68.0,68.0,68.0,68.0,68.0,0.0,1.0,1.0,0.0
7.51,28,1904,68.0,68.0,68.0,68.0,68.0,0.0,1.0,1.0,0.0
8.98,55,9560,68.0,68.0,68.0,68.0,136.40000000000012,130319.1669421488,1.7518710420264825,0.8909090909090909,0.0
0.05,4,272,68.0,68.0,68.0,68.0,68.0,0.0,1.0,1.0,0.0
9.68,66,18791,68.0,68.0,68.0,86.0,418.0,527947.2050045913,0.5089536657833453,0.7878787878787878,0.0
1.55,16,1088,68.0,68.0,68.0,68.0,68.0,0.0,1.0,1.0,0.0
0.9,4,272,68.0,68.0,68.0,68.0,68.0,0.0,1.0,1.0,0.0
7.71,95,32877,86.0,68.0,68.0,170.0,1366.4000000000033,304746.8472022159,1.4927591174463568,0.6210526315789474,0.0
1.78,16,1088,68.0,68.0,68.0,68.0,68.0,0.0,1.0,1.0,0.0
4.82,28,1904,68.0,68.0,68.0,68.0,68.0,0.0,1.0,1.0,0.0
0.33,14,4597,86.0,68.0,68.0,170.0,1201.1000000000008,241950.8010204082,1.2916251246261217,0.6428571428571429,0.0
3.34,12,816,68.0,68.0,68.0,68.0,68.0,0.0,1.0,1.0,0.0
3.59,28,1904,68.0,68.0,68.0,68.0,68.0,0.0,1.0,1.0,0.0
9.33,75,19933,68.0,68.0,68.0,86.0,581.000000000001,360654.97528888885,0.8339313644309504,0.7866666666666666,0.0
0.21,4,272,68.0,68.0,68.0,68.0,68.0,0.0,1.0,1.0,0.0
0.66,12,816,68.0,68.0,68.0,68.0,68.0,0.0,1.0,1.0,0.0
3.5,94,39096,86.0,68.0,68.0,170.0,1516.0,473345.80126754177,1.3536210944554814,0.6063829787234043,0.0
5.15,57,9752,68.0,68.0,68.0,86.0,516.0,31626.536164973837,1.7194645844952594,0.7543859649122807,0.0
0.01,14,5866,86.0,68.0,68.0,170.0,1113.1000000000015,708731.7142857143,0.5858340091916734,0.6428571428571429,0.0
2.59,1,68,68.0,68.0,68.0,68.0,68.0,0.0,0.0,1.0,0.0
0.46,32,2176,68.0,68.0,68.0,68.0,68.0,0.0,1.0,1.0,0.0
7.49,8,544,68.0,68.0,68.0,68.0,68.0,0.0,1.0,1.0,0.0
7.41,75,17735,68.0,68.0,68.0,86.0,721.2000000000037,199661.92888888894,0.9506159260888694,0.8,0.0
6.87,44,2992,68.0,68.0,68.0,68.0,68.0,0.0,1.0,1.0,0.0
3.7,86,36949,86.0,68.0,68.0,170.0,1516.0,509571.34680908587,0.9730335878677845,0.6046511627906976,0.0
9.57,44,2992,68.0,68.0,68.0,68.0,68.0,0.0,1.0,1.0,0.0
6.62,28,5839,68.0,68.0,68.0,86.0,378.5000000000002,143450.03443877556,3.512364760432767,0.7857142857142857,0.0
2.57,28,1904,68.0,68.0,68.0,68.0,68.0,0.0,1.0,1.0,0.0
8.02,87,21677,86.0,68.0,68.0,170.0,504.0,301557.49134628096,0.673899613899614,0.7241379310344828,0.0
6.37,28,1904,68.0,68.0,68.0,68.0,68.0,0.0,1.0,1.0,0.0
3.65,90,32989,86.0,68.0,68.0,170.0,1367.5000000000014,436970.714691358,0.6965286706094111,0.6333333333333333,0.0
6.5,16,1088,68.0,68.0,68.0,68.0,68.0,0.0,1.0,1.0,0.0
2.13,28,1904,68.0,68.0,68.0,68.0,68.0,0.0,1.0,1.0,0.0
9.94,52,5381,68.0,68.0,68.0,68.0,86.0,38813.13424556213,0.6134932533733134,0.9230769230769231,0.0
0.39,4,272,68.0,68.0,68.0,68.0,68.0,0.0,1.0,1.0,0.0
8.01,69,21636,68.0,68.0,68.0,86.0,1457.6000000000001,408237.46313799615,0.8745451394905562,0.7536231884057971,0.0
1.58,16,1088,68.0,68.0,68.0,68.0,68.0,0.0,1.0,1.0,0.0
9.47,113,40606,86.0,68.0,68.0,170.0,1511.1999999999998,452751.3410603806,1.0272591113330005,0.672566371681416,0.0
2.76,3,640,86.0,71.6,77.0,286.0,406.0,37227.555555555555,0.11888111888111888,0.6666666666666666,0.0
2.49,24,1632,68.0,68.0,68.0,68.0,68.0,0.0,1.0,1.0,0.0
8.2,55,10927,68.0,68.0,68.0,68.0,86.0,352227.6383471074,0.8254259939859673,0.9090909090909091,0.0
2.52,43,16473,86.0,68.0,68.0,170.0,1442.6000000000015,448214.456462953,1.178391959798995,0.627906976744186,0.0
4.14,28,1904,68.0,68.0,68.0,68.0,68.0,0.0,1.0,1.0,0.0
5.85,20,1360,68.0,68.0,68.0,68.0,68.0,0.0,1.0,1.0,0.0
6.82,93,42037,86.0,68.0,68.0,170.0,1516.0,711733.9461209388,0.8149907171538362,0.6344086021505376,0.0
9.97,44,2992,68.0,68.0,68.0,68.0,68.0,0.0,1.0,1.0,0.0
4.75,28,8531,68.0,68.0,68.0,86.0,573.800000000001,503318.71811224474,0.8790748898678414,0.7857142857142857,0.0
9.97,71,14638,68.0,68.0,68.0,86.0,648.0,135758.50664550692,1.9446791390062361,0.8028169014084507,0.0
7.66,40,5244,68.0,68.0,68.0,86.0,486.0,19101.389999999992,2.2053789731051343,0.825,0.0
8.24,121,43164,86.0,68.0,68.0,170.0,1516.0,497956.7603305784,0.9226726057906459,0.6942148760330579,0.0
4.53,16,1088,68.0,68.0,68.0,68.0,68.0,0.0,1.0,1.0,0.0
7.78,28,1904,68.0,68.0,68.0,68.0,68.0,0.0,1.0,1.0,0.0
3.99,14,6041,86.0,68.0,72.5,674.75,1424.2000000000003,305032.10714285716,3.5730507191521577,0.5714285714285714,0.0
0.67,12,816,68.0,68.0,68.0,68.0,68.0,0.0,1.0,1.0,0.0
8.2,32,2176,68.0,68.0,68.0,68.0,68.0,0.0,1.0,1.0,0.0
5.43,40,17873,86.0,68.0,68.0,255.0,1516.0,576759.744375,0.5754076685764654,0.6,0.0
9.64,44,2992,68.0,68.0,68.0,68.0,68.0,0.0,1.0,1.0,0.0
9.41,116,40657,86.0,68.0,68.0,170.0,1516.0,354390.59475326986,1.2407958553791887,0.6637931034482759,0.0
5.48,28,1904,68.0,68.0,68.0,68.0,68.0,0.0,1.0,1.0,0.0
8.48,52,4516,68.0,68.0,68.0,68.0,86.0,7181.937869822484,0.8027944111776447,0.9230769230769231,0.0
8.51,75,17855,68.0,68.0,68.0,86.0,571.4000000000009,235816.19555555552,0.7323178422431358,0.7866666666666666,0.0
2.36,16,1088,68.0,68.0,68.0,68.0,68.0,0.0,1.0,1.0,0.0
4.7,95,38412,86.0,68.0,68.0,170.0,1516.0,431878.4760110802,1.2371578334304019,0.6105263157894737,0.0
5.31,16,1088,68.0,68.0,68.0,68.0,68.0,0.0,1.0,1.0,0.0
4.84,28,1904,68.0,68.0,68.0,68.0,68.0,0.0,1.0,1.0,0.0
6.57,24,7192,68.0,68.0,68.0,86.0,170.0,670182.1388888889,0.4404165832165031,0.8333333333333334,0.0
7.5,28,1904,68.0,68.0,68.0,68.0,68.0,0.0,1.0,1.0,0.0
9.72,71,16905,68.0,68.0,68.0,86.0,865.0,226387.91985717116,1.1877830982269963,0.8028169014084507,0.0
8.99,103,31947,86.0,68.0,68.0,170.0,1249.6,263709.38052596844,1.2428390901432183,0.6796116504854369,0.0
8.62,31,2767,68.0,68.0,68.0,86.0,151.0,1898.126951092612,1.015294974508376,0.8387096774193549,0.0
7.73,39,9221,68.0,68.0,68.0,83.0,216.40000000000066,321265.57922419463,1.0895082710174484,0.8461538461538461,0.0
3.15,12,816,68.0,68.0,68.0,68.0,68.0,0.0,1.0,1.0,0.0
1.37,4,272,68.0,68.0,68.0,68.0,68.0,0.0,1.0,1.0,0.0
8.89,73,24781,68.0,68.0,68.0,86.0,1441.399999999999,451700.0296490898,1.1487037197606866,0.7534246575342466,0.0
1.81,4,272,68.0,68.0,68.0,68.0,68.0,0.0,1.0,1.0,0.0
2.31,24,1632,68.0,68.0,68.0,68.0,68.0,0.0,1.0,1.0,0.0
2.88,16,1088,68.0,68.0,68.0,68.0,68.0,0.0,1.0,1.0,0.0
6.88,95,38387,86.0,68.0,68.0,170.0,1516.0,401047.58404432127,1.3123305824950304,0.631578947368421,0.0
8.78,43,3390,68.0,68.0,68.0,68.0,68.0,4557.624661979449,0.72782874617737,0.9767441860465116,0.0
6.16,31,7300,68.0,68.0,68.0,86.0,170.0,270860.44328824134,0.935826040837974,0.8387096774193549,0.0
2.84,24,1632,68.0,68.0,68.0,68.0,68.0,0.0,1.0,1.0,0.0
5.76,47,16308,86.0,68.0,68.0,170.0,1516.0,356549.0846536894,1.3323798627002288,0.6595744680851063,0.0
2.47,24,1632,68.0,68.0,68.0,68.0,68.0,0.0,1.0,1.0,0.0
2.97,16,1088,68.0,68.0,68.0,68.0,68.0,0.0,1.0,1.0,0.0
9.36,98,40290,86.0,68.0,68.0,170.0,1516.0,675132.7197001249,0.6245967741935484,0.6632653061224489,0.0
0.46,4,272,68.0,68.0,68.0,68.0,68.0,0.0,1.0,1.0,0.0
6.81,36,2448,68.0,68.0,68.0,68.0,68.0,0.0,1.0,1.0,0.0
1.38,4,272,68.0,68.0,68.0,68.0,68.0,0.0,1.0,1.0,0.0
4.92,26,6363,68.0,68.0,68.0,86.0,170.0,606833.6582840236,0.26828782140721547,0.8461538461538461,0.0
6.49,28,1904,68.0,68.0,68.0,68.0,68.0,0.0,1.0,1.0,0.0
8.91,104,29362,86.0,68.0,68.0,231.75,516.0,208490.27773668643,1.1078248384781049,0.6730769230769231,0.0
6.6,44,2992,68.0,68.0,68.0,68.0,68.0,0.0,1.0,1.0,0.0
7.32,92,33737,86.0,68.0,68.0,170.0,1472.0000000000025,484471.5116965973,0.8819099682043845,0.6304347826086957,0.0
5.66,16,1088,68.0,68.0,68.0,68.0,68.0,0.0,1.0,1.0,0.0
2.6,28,1904,68.0,68.0,68.0,68.0,68.0,0.0,1.0,1.0,0.0
5.17,27,6341,68.0,68.0,68.0,86.0,176.40000000000003,337723.31138545956,0.2382347197812927,0.8148148148148148,0.0
3.98,28,1904,68.0,68.0,68.0,68.0,68.0,0.0,1.0,1.0,0.0
0.35,4,272,68.0,68.0,68.0,68.0,68.0,0.0,1.0,1.0,0.0
5.72,49,23352,86.0,68.0,68.0,170.0,1516.0,757463.2653061225,1.0647214854111406,0.6530612244897959,0.0
5.52,28,1904,68.0,68.0,68.0,68.0,68.0,0.0,1.0,1.0,0.0
2.73,16,1088,68.0,68.0,68.0,68.0,68.0,0.0,1.0,1.0,0.0
9.62,112,40166,86.0,68.0,68.0,170.0,1516.0,387474.0379464286,1.2292152292152292,0.6696428571428571,0.0
3.22,35,8734,86.0,68.0,68.0,495.0,511.20000000000005,56324.59102040815,2.716595744680851,0.5428571428571428,0.0
8.14,26,5255,68.0,68.0,68.0,86.0,494.5,123665.10207100592,1.6893551688843398,0.8076923076923077,0.0
0.73,28,1904,68.0,68.0,68.0,68.0,68.0,0.0,1.0,1.0,0.0
9.35,55,17315,68.0,68.0,68.0,128.0,707.0000000000002,540410.7669421487,0.6887740173607725,0.7454545454545455,0.0
0.0,1,68,68.0,68.0,68.0,68.0,68.0,0.0,68,1.0,0
0.85,15,1020,68.0,68.0,68.0,68.0,68.0,0.0,0.875,1.0,0.0
4.24,12,816,68.0,68.0,68.0,68.0,68.0,0.0,1.0,1.0,0.0
4.26,32,2176,68.0,68.0,68.0,68.0,68.0,0.0,1.0,1.0,0.0
3.95,91,34687,86.0,68.0,68.0,170.0,1516.0,488231.5515034415,0.9765798621004046,0.6263736263736264,0.0
0.3,4,272,68.0,68.0,68.0,68.0,68.0,0.0,1.0,1.0,0.0
5.01,12,816,68.0,68.0,68.0,68.0,68.0,0.0,1.0,1.0,0.0
7.86,28,1904,68.0,68.0,68.0,68.0,68.0,0.0,1.0,1.0,0.0
5.1,25,4989,68.0,68.0,68.0,86.0,170.0,158073.76640000002,1.029698942229455,0.8,0.0
0.48,12,816,68.0,68.0,68.0,68.0,68.0,0.0,1.0,1.0,0.0
8.94,73,17841,80.0,68.0,68.0,126.0,313.9999999999995,321478.5956089322,0.7069460390355913,0.7397260273972602,0.0
1.02,24,1632,68.0,68.0,68.0,68.0,68.0,0.0,1.0,1.0,0.0
2.61,20,1360,68.0,68.0,68.0,68.0,68.0,0.0,1.0,1.0,0.0
2.62,88,33163,86.0,68.0,68.0,170.0,1371.7999999999995,424729.08044938016,0.8670757797545321,0.6136363636363636,0.0
4.34,16,1088,68.0,68.0,68.0,68.0,68.0,0.0,1.0,1.0,0.0
5.21,28,1904,68.0,68.0,68.0,68.0,68.0,0.0,1.0,1.0,0.0
1.85,26,6778,68.0,68.0,68.0,86.0,470.0,354878.1360946746,0.4670995670995671,0.8076923076923077,0.0
1.85,28,1904,68.0,68.0,68.0,68.0,68.0,0.0,1.0,1.0,0.0
5.09,47,22106,86.0,68.0,68.0,170.0,1516.0,707866.096876415,0.8970222260362138,0.6170212765957447,0.0
6.82,28,1904,68.0,68.0,68.0,68.0,68.0,0.0,1.0,1.0,0.0
9.32,112,36835,86.0,68.0,68.0,170.0,1031.7000000000003,419536.70974170923,0.676833431966131,0.6964285714285714,0.0
9.83,44,2992,68.0,68.0,68.0,68.0,68.0,0.0,1.0,1.0,0.0
7.52,31,8257,68.0,68.0,68.0,86.0,1071.0,254790.74505723198,1.6948433420365536,0.8064516129032258,0.0
1.22,24,1632,68.0,68.0,68.0,68.0,68.0,0.0,1.0,1.0,0.0
9.21,74,16816,68.0,68.0,68.0,86.0,170.0,264186.5894813733,1.078358670127302,0.7972972972972973,0.0
4.7,16,1088,68.0,68.0,68.0,68.0,68.0,0.0,1.0,1.0,0.0
2.19,101,37360,86.0,68.0,68.0,170.0,1516.0,370668.72287030675,1.341145506955759,0.6237623762376238,0.0
7.57,44,2992,68.0,68.0,68.0,68.0,68.0,0.0,1.0,1.0,0.0
8.48,52,10556,68.0,68.0,68.0,68.0,161.59999999999988,236029.0,1.2671821305841924,0.8846153846153846,0.0
5.9,52,19020,86.0,68.0,68.0,170.0,1516.0,380225.86982248526,1.4210794297352343,0.6538461538461539,0.0
3.44,28,1904,68.0,68.0,68.0,68.0,68.0,0.0,1.0,1.0,0.0
8.17,111,43063,86.0,68.0,68.0,170.0,1516.0,487701.98896193504,1.1146631310155175,0.6756756756756757,0.0
0.89,8,544,68.0,68.0,68.0,68.0,68.0,0.0,1.0,1.0,0.0
7.52,36,2448,68.0,68.0,68.0,68.0,68.0,0.0,1.0,1.0,0.0
8.72,56,9142,68.0,68.0,68.0,71.0,128.0,183412.75892857142,0.7265344664778093,0.8928571428571429,0.0
7.83,60,15172,68.0,68.0,68.0,144.5,771.1,209336.61555555553,2.0545600966378097,0.7333333333333333,0.0
3.08,12,816,68.0,68.0,68.0,68.0,68.0,0.0,1.0,1.0,0.0
9.65,107,43074,86.0,68.0,68.0,170.0,1516.0,491208.37715084286,1.2226006191950465,0.6635514018691588,0.0
2.07,16,1088,68.0,68.0,68.0,68.0,68.0,0.0,1.0,1.0,0.0
8.05,42,8515,68.0,68.0,68.0,77.0,170.0,205514.5266439909,1.2151404786680542,0.8571428571428571,0.0
9.87,40,2720,68.0,68.0,68.0,68.0,68.0,0.0,1.0,1.0,0.0
6.54,40,12070,86.0,68.0,68.0,170.0,893.9000000000001,362282.8375,0.4484579383175327,0.675,0.0
0.06,4,272,68.0,68.0,68.0,68.0,68.0,0.0,1.0,1.0,0.0
2.7,24,1632,68.0,68.0,68.0,68.0,68.0,0.0,1.0,1.0,0.0
8.23,109,36768,86.0,68.0,68.0,170.0,1068.2000000000005,474649.5574446596,0.8035906994996567,0.6880733944954128,0.0
0.61,8,544,68.0,68.0,68.0,68.0,68.0,0.0,1.0,1.0,0.0
1.96,8,544,68.0,68.0,68.0,68.0,68.0,0.0,1.0,1.0,0.0
3.77,28,1904,68.0,68.0,68.0,68.0,68.0,0.0,1.0,1.0,0.0
9.62,52,4710,68.0,68.0,68.0,68.0,86.0,10370.205621301777,0.7977099236641222,0.9230769230769231,0.0
3.12,51,17791,86.0,68.0,68.0,170.0,1516.0,256187.23029604004,1.3123212893163505,0.6470588235294118,0.0
5.08,28,1904,68.0,68.0,68.0,68.0,68.0,0.0,1.0,1.0,0.0
8.9,107,40488,86.0,68.0,68.0,170.0,1382.2000000000012,440795.97676652996,0.9242431443372463,0.6635514018691588,0.0
9.77,44,2992,68.0,68.0,68.0,68.0,68.0,0.0,1.0,1.0,0.0
0.09,10,4749,86.0,68.0,72.5,170.0,702.6999999999989,1067462.89,0.19561933534743203,0.6,0.0
0.65,12,816,68.0,68.0,68.0,68.0,68.0,0.0,1.0,1.0,0.0
6.14,28,1904,68.0,68.0,68.0,68.0,68.0,0.0,1.0,1.0,0.0
5.16,42,19333,86.0,68.0,68.0,170.0,1506.3999999999999,842649.1660997733,0.6466229452346478,0.6666666666666666,0.0
4.16,28,1904,68.0,68.0,68.0,68.0,68.0,0.0,1.0,1.0,0.0
0.74,4,272,68.0,68.0,68.0,68.0,68.0,0.0,1.0,1.0,0.0
2.12,12,816,68.0,68.0,68.0,68.0,68.0,0.0,1.0,1.0,0.0
9.36,106,37204,86.0,68.0,68.0,170.0,1366.0,396836.84870060533,1.1616408111091743,0.660377358490566,0.0
3.45,4,272,68.0,68.0,68.0,68.0,68.0,0.0,1.0,1.0,0.0
9.58,53,7466,68.0,68.0,68.0,68.0,86.0,108221.17123531507,0.927704621740253,0.9056603773584906,0.0
0.1,2,136,68.0,68.0,68.0,68.0,68.0,0.0,1.0,1.0,0.0
9.18,68,20229,68.0,68.0,68.0,86.0,1365.2000000000005,393196.69096020766,1.0543312684066213,0.7794117647058824,0.0
5.42,33,5164,68.0,68.0,68.0,68.0,120.40000000000003,105027.28007346188,2.929984779299848,0.8787878787878788,0.0
3.55,18,2684,68.0,68.0,68.0,68.0,98.90000000000003,96873.0987654321,2.8842257597684515,0.8888888888888888,0.0
0.4,4,272,68.0,68.0,68.0,68.0,68.0,0.0,1.0,1.0,0.0
2.38,4,272,68.0,68.0,68.0,68.0,68.0,0.0,1.0,1.0,0.0
8.6,123,49022,86.0,68.0,68.0,170.0,1516.0,411629.6455813338,1.3428598738290958,0.6341463414634146,0.0
1.51,4,272,68.0,68.0,68.0,68.0,68.0,0.0,1.0,1.0,0.0
4.19,32,2176,68.0,68.0,68.0,68.0,68.0,0.0,1.0,1.0,0.0
9.98,54,8659,68.0,68.0,68.0,68.0,144.80000000000024,101244.93175582986,2.288644132168629,0.8888888888888888,0.0
0.79,4,272,68.0,68.0,68.0,68.0,68.0,0.0,1.0,1.0,0.0
7.6,47,13507,86.0,68.0,68.0,132.5,397.9999999999993,447449.5554549573,0.6722793116256036,0.7446808510638298,0.0
0.13,14,952,68.0,68.0,68.0,68.0,68.0,0.0,1.0,1.0,0.0
3.32,8,544,68.0,68.0,68.0,68.0,68.0,0.0,1.0,1.0,0.0
9.51,110,39498,86.0,68.0,68.0,170.0,967.9000000000011,470892.9219834712,0.681624659400545,0.6727272727272727,0.0
3.29,16,1088,68.0,68.0,68.0,68.0,68.0,0.0,1.0,1.0,0.0
0.32,12,816,68.0,68.0,68.0,68.0,68.0,0.0,1.0,1.0,0.0
0.95,16,1088,68.0,68.0,68.0,68.0,68.0,0.0,1.0,1.0,0.0
6.59,25,7095,68.0,68.0,68.0,86.0,227.60000000000014,522219.99999999994,0.6026654619381071,0.8,0.0
8.65,44,5423,68.0,68.0,68.0,68.0,86.0,51687.369318181816,1.1417851500789888,0.9090909090909091,0.0
3.73,27,5730,86.0,68.0,68.0,170.0,582.4000000000004,102333.65432098765,0.5090861206215433,0.6666666666666666,0.0
8.92,40,2720,68.0,68.0,68.0,68.0,68.0,0.0,1.0,1.0,0.0
8.72,99,36003,86.0,68.0,68.0,170.0,1516.0,427158.56565656565,0.9206721792477994,0.6565656565656566,0.0
6.25,16,1088,68.0,68.0,68.0,68.0,68.0,0.0,1.0,1.0,0.0
8.68,42,10012,68.0,68.0,68.0,68.0,170.0,399375.14058956923,0.925754952875553,0.8571428571428571,0.0
1.86,12,816,68.0,68.0,68.0,68.0,68.0,0.0,1.0,1.0,0.0
6.98,28,1904,68.0,68.0,68.0,68.0,68.0,0.0,1.0,1.0,0.0
5.59,43,11908,86.0,68.0,68.0,170.0,977.8000000000011,228141.4602487832,0.6705948372615039,0.6744186046511628,0.0
0.12,12,816,68.0,68.0,68.0,68.0,68.0,0.0,1.0,1.0,0.0
9.07,32,2176,68.0,68.0,68.0,68.0,68.0,0.0,1.0,1.0,0.0
6.77,94,36575,86.0,68.0,68.0,170.0,1516.0,426819.61849253037,0.9589202506560977,0.6382978723404256,0.0
6.43,16,1088,68.0,68.0,68.0,68.0,68.0,0.0,1.0,1.0,0.0
7.06,28,1904,68.0,68.0,68.0,68.0,68.0,0.0,1.0,1.0,0.0
9.89,52,7759,68.0,68.0,68.0,68.0,86.0,214190.24371301782,0.5019357336430507,0.9230769230769231,0.0
6.71,41,10009,86.0,68.0,68.0,170.0,770.0,224951.76561570494,0.5087428399155863,0.7073170731707317,0.0
4.26,28,1904,68.0,68.0,68.0,68.0,68.0,0.0,1.0,1.0,0.0
7.75,113,43196,86.0,68.0,68.0,170.0,1516.0,447277.2038530817,1.2232744865922076,0.6637168141592921,0.0
9.71,44,2992,68.0,68.0,68.0,68.0,68.0,0.0,1.0,1.0,0.0
3.16,27,7153,68.0,68.0,68.0,86.0,404.80000000000024,359567.32784636476,0.6998574144486692,0.7777777777777778,0.0
9.55,71,16691,68.0,68.0,68.0,86.0,600.0,194122.21821067246,1.4952907759007326,0.7887323943661971,0.0
7.07,28,1904,68.0,68.0,68.0,68.0,68.0,0.0,1.0,1.0,0.0
1.16,16,1088,68.0,68.0,68.0,68.0,68.0,0.0,1.0,1.0,0.0
2.23,94,28913,86.0,68.0,68.0,170.0,974.5000000000002,260159.47679945672,1.3432206823891726,0.6382978723404256,0.0
7.79,44,2992,68.0,68.0,68.0,68.0,68.0,0.0,1.0,1.0,0.0
7.56,33,6677,68.0,68.0,68.0,86.0,170.0,239256.404040404,0.7838632113278119,0.8484848484848485,0.0
1.75,20,1360,68.0,68.0,68.0,68.0,68.0,0.0,1.0,1.0,0.0
6.68,42,18826,86.0,68.0,68.0,170.0,1515.3,792722.8480725624,0.6320762895535327,0.6428571428571429,0.0
4.31,28,1904,68.0,68.0,68.0,68.0,68.0,0.0,1.0,1.0,0.0
7.52,103,37640,86.0,68.0,68.0,170.0,1516.0,423245.17805636727,1.2436814496900335,0.6699029126213593,0.0
4.75,9,2376,86.0,68.0,86.0,170.0,464.0000000000002,168678.22222222222,2.7358490566037736,0.5555555555555556,0.0
3.14,16,1088,68.0,68.0,68.0,68.0,68.0,0.0,1.0,1.0,0.0
6.24,28,1904,68.0,68.0,68.0,68.0,68.0,0.0,1.0,1.0,0.0
1.46,26,5416,68.0,68.0,68.0,86.0,170.0,310926.6745562131,0.24563017479300828,0.8076923076923077,0.0
3.76,28,1904,68.0,68.0,68.0,68.0,68.0,0.0,1.0,1.0,0.0
0.81,19,8973,86.0,68.0,68.0,874.5,1516.0,348593.8781163435,0.9434697855750487,0.5789473684210527,0.0
6.55,33,13559,86.0,68.0,68.0,170.0,1516.0,356735.4398530762,1.385887735351047,0.6363636363636364,0.0
8.03,28,1904,68.0,68.0,68.0,68.0,68.0,0.0,1.0,1.0,0.0
6.31,28,7022,68.0,68.0,68.0,86.0,388.7000000000005,301530.0255102041,0.8871271163665682,0.8214285714285714,0.0
8.18,90,39047,86.0,68.0,68.0,170.0,1516.0,572367.0569135802,0.7469130279169649,0.6222222222222222,0.0
0.93,10,680,68.0,68.0,68.0,68.0,68.0,0.0,1.0,1.0,0.0
2.72,4,272,68.0,68.0,68.0,68.0,68.0,0.0,1.0,1.0,0.0
8.73,44,8626,68.0,68.0,68.0,68.0,170.0,235780.99793388427,0.8068705488060327,0.8636363636363636,0.0
8.32,40,2720,68.0,68.0,68.0,68.0,68.0,0.0,1.0,1.0,0.0
5.09,41,13989,86.0,68.0,68.0,170.0,1192.0,494191.8643664486,0.7525682786269106,0.6829268292682927,0.0
2.75,28,1904,68.0,68.0,68.0,68.0,68.0,0.0,1.0,1.0,0.0
6.04,16,1088,68.0,68.0,68.0,68.0,68.0,0.0,1.0,1.0,0.0
3.61,92,33339,86.0,68.0,68.0,170.0,1350.0000000000007,348757.82266068057,1.0443340691685064,0.6304347826086957,0.0
9.62,44,2992,68.0,68.0,68.0,68.0,68.0,0.0,1.0,1.0,0.0
7.45,36,9820,68.0,68.0,68.0,86.0,714.0,341306.50617283944,1.2257479601087942,0.8055555555555556,0.0
1.27,20,1360,68.0,68.0,68.0,68.0,68.0,0.0,1.0,1.0,0.0
0.49,4,272,68.0,68.0,68.0,68.0,68.0,0.0,1.0,1.0,0.0
2.37,45,19287,86.0,68.0,68.0,170.0,1516.0,530556.3733333334,1.1039598560052362,0.6444444444444445,0.0
5.0,28,1904,68.0,68.0,68.0,68.0,68.0,0.0,1.0,1.0,0.0
1.96,16,1088,68.0,68.0,68.0,68.0,68.0,0.0,1.0,1.0,0.0
9.62,110,39201,86.0,68.0,68.0,170.0,1394.9000000000005,457619.87016528903,0.7710761724044457,0.6909090909090909,0.0
7.06,28,1904,68.0,68.0,68.0,68.0,68.0,0.0,1.0,1.0,0.0
5.6,24,3716,68.0,68.0,68.0,86.0,170.0,66163.05555555555,1.2924120913016657,0.8333333333333334,0.0
1.91,28,1904,68.0,68.0,68.0,68.0,68.0,0.0,1.0,1.0,0.0
1.43,45,14544,86.0,68.0,68.0,170.0,1164.6000000000006,331532.82666666654,0.6600844652436937,0.6888888888888889,0.0
8.83,40,2720,68.0,68.0,68.0,68.0,68.0,0.0,1.0,1.0,0.0
7.62,98,34497,86.0,68.0,68.0,170.0,1429.1999999999996,406878.2141815909,0.7717117764881105,0.6530612244897959,0.0
8.02,44,2992,68.0,68.0,68.0,68.0,68.0,0.0,1.0,1.0,0.0
6.22,25,6994,68.0,68.0,68.0,86.0,526.4000000000008,392230.1823999999,0.5158214130905938,0.8,0.0
5.55,28,1904,68.0,68.0,68.0,68.0,68.0,0.0,1.0,1.0,0.0
6.61,40,11632,86.0,68.0,68.0,170.0,1064.0,188178.16,1.274095796676442,0.65,0.0
6.45,28,1904,68.0,68.0,68.0,68.0,68.0,0.0,1.0,1.0,0.0
8.89,109,35854,86.0,68.0,68.0,170.0,1165.4000000000005,310617.4912886121,1.2046362909672261,0.6788990825688074,0.0
9.17,44,2992,68.0,68.0,68.0,68.0,68.0,0.0,1.0,1.0,0.0
2.63,27,7652,68.0,68.0,68.0,86.0,662.4000000000001,369210.01920438954,0.6876929863255403,0.7777777777777778,0.0
2.24,28,1904,68.0,68.0,68.0,68.0,68.0,0.0,1.0,1.0,0.0
9.0,68,16772,86.0,68.0,68.0,126.0,734.8000000000027,203963.7577854671,1.0816681146828844,0.6911764705882353,0.0
1.34,8,544,68.0,68.0,68.0,68.0,68.0,0.0,1.0,1.0,0.0
4.51,32,2176,68.0,68.0,68.0,68.0,68.0,0.0,1.0,1.0,0.0
7.73,91,35455,86.0,68.0,68.0,170.0,1516.0,400963.11580726964,1.2353571653741882,0.6153846153846154,0.0
1.42,16,1088,68.0,68.0,68.0,68.0,68.0,0.0,1.0,1.0,0.0
4.98,28,1904,68.0,68.0,68.0,68.0,68.0,0.0,1.0,1.0,0.0
5.24,28,7434,68.0,68.0,68.0,86.0,1180.6000000000001,212804.67857142858,2.140684410646388,0.7857142857142857,0.0
2.89,28,1904,68.0,68.0,68.0,68.0,68.0,0.0,1.0,1.0,0.0
9.16,72,12705,68.0,68.0,68.0,86.0,170.0,135275.49826388888,0.5231986572353435,0.8333333333333334,0.0
7.15,54,15244,68.0,68.0,68.0,92.75,1165.700000000002,303782.61591220857,0.8826725947881932,0.7592592592592593,0.0
5.43,60,26058,86.0,68.0,77.0,188.75,1516.0,432286.97666666674,1.448139797068771,0.6,0.0
5.79,16,1088,68.0,68.0,68.0,68.0,68.0,0.0,1.0,1.0,0.0
0.43,20,1360,68.0,68.0,68.0,68.0,68.0,0.0,1.0,1.0,0.0
1.88,8,544,68.0,68.0,68.0,68.0,68.0,0.0,1.0,1.0,0.0
7.11,25,6106,68.0,68.0,68.0,86.0,257.0000000000002,346703.3824000001,0.46602641056422567,0.8,0.0
2.34,28,1904,68.0,68.0,68.0,68.0,68.0,0.0,1.0,1.0,0.0
9.96,71,22624,68.0,68.0,68.0,86.0,1516.0,426955.24221384653,1.1047539305981953,0.7605633802816901,0.0
7.1,44,13032,68.0,68.0,68.0,95.5,1247.300000000002,350873.6487603306,1.1673041742890404,0.75,0.0
4.93,62,24372,86.0,68.0,68.0,183.5,1516.0,408304.1841831426,1.2419280654953546,0.5967741935483871,0.0
8.3,44,2992,68.0,68.0,68.0,68.0,68.0,0.0,1.0,1.0,0.0
4.44,27,9079,68.0,68.0,68.0,128.0,1249.6000000000008,433434.7846364885,0.8445753758634701,0.7407407407407407,0.0
0.29,16,1088,68.0,68.0,68.0,68.0,68.0,0.0,1.0,1.0,0.0
6.82,12,816,68.0,68.0,68.0,68.0,68.0,0.0,1.0,1.0,0.0
5.79,48,16472,86.0,68.0,68.0,170.0,1516.0,409372.6388888888,1.172227350652776,0.6666666666666666,0.0
7.72,30,2040,68.0,68.0,68.0,68.0,68.0,0.0,1.0,1.0,0.0
0.78,10,680,68.0,68.0,68.0,68.0,68.0,0.0,1.0,1.0,0.0
8.59,95,40593,86.0,68.0,68.0,170.0,1516.0,479287.72365650965,1.174003856041131,0.6210526315789474,0.0
0.84,8,544,68.0,68.0,68.0,68.0,68.0,0.0,1.0,1.0,0.0
5.47,8,544,68.0,68.0,68.0,68.0,68.0,0.0,1.0,1.0,0.0
9.76,54,8027,68.0,68.0,68.0,68.0,86.0,169332.8576817559,0.3598170421819414,0.9074074074074074,0.0
5.88,28,1904,68.0,68.0,68.0,68.0,68.0,0.0,1.0,1.0,0.0
9.45,73,15910,68.0,68.0,68.0,86.0,646.5999999999998,144573.5038468756,0.4377372130851256,0.7808219178082192,0.0
5.59,16,1088,68.0,68.0,68.0,68.0,68.0,0.0,1.0,1.0,0.0
2.31,95,35042,86.0,68.0,68.0,170.0,1429.0000000000016,465372.18127423816,1.0883194278903456,0.631578947368421,0.0
6.47,19,1496,68.0,68.0,68.0,68.0,71.6,1722.6149584487532,0.6923076923076923,0.9473684210526315,0.0
9.94,55,8723,68.0,68.0,68.0,68.0,136.40000000000012,101428.24000000008,1.7474015748031495,0.8909090909090909,0.0
3.0,24,1632,68.0,68.0,68.0,68.0,68.0,0.0,1.0,1.0,0.0
3.73,49,17200,86.0,68.0,68.0,170.0,1128.0000000000005,483197.77509371086,0.6247874551294162,0.6938775510204082,0.0
9.73,44,2992,68.0,68.0,68.0,68.0,68.0,0.0,1.0,1.0,0.0
1.05,90,37735,86.0,68.0,68.0,170.0,1516.0,548956.7117283951,0.9487192728775047,0.6111111111111112,0.0
3.79,70,24968,86.0,68.0,68.0,516.0,1284.0,189175.07265306122,5.431736218444101,0.6142857142857143,0.0
5.24,3,670,86.0,71.6,77.0,301.0,430.0,42880.88888888888,0.11295681063122924,0.6666666666666666,0.0
0.38,40,2720,68.0,68.0,68.0,68.0,68.0,0.0,1.0,1.0,0.0
8.07,15,2103,86.0,68.0,68.0,128.0,333.7999999999999,18077.36,0.8877917414721723,0.7333333333333333,0.0
9.0,82,19265,68.0,68.0,68.0,86.0,170.0,367683.64262343844,0.6254640566992913,0.8292682926829268,0.0
8.12,90,25936,68.0,68.0,68.0,86.0,955.9000000000032,441730.72395061736,1.0420439335485394,0.8222222222222222,0.0
5.61,64,24686,86.0,68.0,68.0,170.0,1516.0,356102.9208984375,1.6424748447869835,0.65625,0.0
3.54,16,1088,68.0,68.0,68.0,68.0,68.0,0.0,1.0,1.0,0.0
8.46,41,5991,68.0,68.0,68.0,68.0,86.0,118864.98512790007,0.663704526520411,0.9024390243902439,0.0
4.93,12,816,68.0,68.0,68.0,68.0,68.0,0.0,1.0,1.0,0.0
8.02,32,2176,68.0,68.0,68.0,68.0,68.0,0.0,1.0,1.0,0.0
6.61,60,20734,86.0,68.0,68.0,183.0,928.7,461688.71222222224,0.8340557275541796,0.65,0.0
3.21,20,1360,68.0,68.0,68.0,68.0,68.0,0.0,1.0,1.0,0.0
0.06,4,272,68.0,68.0,68.0,68.0,68.0,0.0,1.0,1.0,0.0
0.39,4,272,68.0,68.0,68.0,68.0,68.0,0.0,1.0,1.0,0.0
2.32,16,1088,68.0,68.0,68.0,68.0,68.0,0.0,1.0,1.0,0.0
7.11,90,41101,86.0,68.0,68.0,170.0,1516.0,583907.0183950617,1.0160396330995243,0.6111111111111112,0.0
1.14,8,544,68.0,68.0,68.0,68.0,68.0,0.0,1.0,1.0,0.0
0.14,8,544,68.0,68.0,68.0,68.0,68.0,0.0,1.0,1.0,0.0
2.76,28,1904,68.0,68.0,68.0,68.0,68.0,0.0,1.0,1.0,0.0
6.33,26,4617,68.0,68.0,68.0,86.0,264.0,99536.474852071,1.5807713806595864,0.8076923076923077,0.0
8.04,32,2176,68.0,68.0,68.0,68.0,68.0,0.0,1.0,1.0,0.0
3.53,42,17995,86.0,68.0,68.0,170.0,1516.0,620243.5810657596,0.9060480881262578,0.6428571428571429,0.0
3.04,28,1904,68.0,68.0,68.0,68.0,68.0,0.0,1.0,1.0,0.0
7.37,67,13910,80.0,68.0,68.0,89.5,584.7999999999998,171938.71508130993,0.7243089128548407,0.7611940298507462,0.0
1.95,42,15843,86.0,68.0,68.0,261.5,1516.0,292062.5017006802,2.9796533534287866,0.5952380952380952,0.0
1.32,16,1088,68.0,68.0,68.0,68.0,68.0,0.0,1.0,1.0,0.0
4.52,28,1904,68.0,68.0,68.0,68.0,68.0,0.0,1.0,1.0,0.0
5.3,26,6815,68.0,68.0,68.0,86.0,281.5,369888.4866863905,0.6485244315432994,0.7692307692307693,0.0
0.27,12,816,68.0,68.0,68.0,68.0,68.0,0.0,1.0,1.0,0.0
5.96,16,1088,68.0,68.0,68.0,68.0,68.0,0.0,1.0,1.0,0.0
2.48,48,19665,86.0,68.0,68.0,170.0,1162.5000000000023,707697.1315104166,0.5660587719996815,0.6875,0.0
1.55,28,1904,68.0,68.0,68.0,68.0,68.0,0.0,1.0,1.0,0.0
4.74,16,1088,68.0,68.0,68.0,68.0,68.0,0.0,1.0,1.0,0.0
4.29,99,41666,86.0,68.0,68.0,170.0,1516.0,480232.17467605346,1.158860103626943,0.6161616161616161,0.0
6.85,16,1088,68.0,68.0,68.0,68.0,68.0,0.0,1.0,1.0,0.0
2.43,28,1904,68.0,68.0,68.0,68.0,68.0,0.0,1.0,1.0,0.0
6.98,24,3647,68.0,68.0,68.0,86.0,170.0,56900.039930555555,1.0193798449612403,0.8333333333333334,0.0
2.69,28,1904,68.0,68.0,68.0,68.0,68.0,0.0,1.0,1.0,0.0
2.75,44,19636,86.0,68.0,68.0,225.5,1516.0,512708.0165289256,1.6070100902814657,0.6136363636363636,0.0
6.05,28,1904,68.0,68.0,68.0,68.0,68.0,0.0,1.0,1.0,0.0
8.12,109,37416,86.0,68.0,68.0,170.0,1152.8000000000013,467645.4613248043,0.6217059639389736,0.7064220183486238,0.0
3.6,16,1088,68.0,68.0,68.0,68.0,68.0,0.0,1.0,1.0,0.0
6.85,28,1904,68.0,68.0,68.0,68.0,68.0,0.0,1.0,1.0,0.0
8.17,50,7314,68.0,68.0,68.0,68.0,94.40000000000012,87616.00159999999,1.2870544090056286,0.9,0.0
8.2,75,18103,68.0,68.0,68.0,86.0,927.800000000001,172074.10062222218,1.1008471625855867,0.7733333333333333,0.0
5.47,16,1088,68.0,68.0,68.0,68.0,68.0,0.0,1.0,1.0,0.0
8.51,94,39300,86.0,68.0,68.0,170.0,1516.0,621660.6736079673,0.7357890552537432,0.6382978723404256,0.0
9.84,40,2720,68.0,68.0,68.0,68.0,68.0,0.0,1.0,1.0,0.0
4.37,22,4630,68.0,68.0,68.0,86.0,186.20000000000005,237720.70247933874,0.446875,0.8181818181818182,0.0
5.8,28,1904,68.0,68.0,68.0,68.0,68.0,0.0,1.0,1.0,0.0
5.09,43,12823,86.0,68.0,68.0,170.0,759.600000000001,277850.53758788534,0.9634052978104425,0.6744186046511628,0.0
3.95,28,1904,68.0,68.0,68.0,68.0,68.0,0.0,1.0,1.0,0.0
7.48,92,30743,86.0,68.0,68.0,170.0,1436.1000000000001,378678.83211247623,1.1754174922162468,0.6847826086956522,0.0
2.0,15,8474,86.0,68.0,68.0,312.5,1516.0,1055477.662222222,0.9081287998198604,0.6,0.0
0.82,8,544,68.0,68.0,68.0,68.0,68.0,0.0,1.0,1.0,0.0
0.94,8,544,68.0,68.0,68.0,68.0,68.0,0.0,1.0,1.0,0.0
2.32,28,1904,68.0,68.0,68.0,68.0,68.0,0.0,1.0,1.0,0.0
0.85,13,3667,86.0,68.0,68.0,170.0,1019.6000000000008,196379.1479289941,1.1444444444444444,0.6923076923076923,0.0
7.63,40,2720,68.0,68.0,68.0,68.0,68.0,0.0,1.0,1.0,0.0
8.67,71,16386,68.0,68.0,68.0,86.0,190.0,236903.43423923824,1.1924003211131924,0.7887323943661971,0.0
5.45,16,1088,68.0,68.0,68.0,68.0,68.0,0.0,1.0,1.0,0.0
7.47,96,32661,86.0,68.0,68.0,170.0,1516.0,271315.1708984375,2.041627863661762,0.6145833333333334,0.0
0.52,4,272,68.0,68.0,68.0,68.0,68.0,0.0,1.0,1.0,0.0
5.53,12,816,68.0,68.0,68.0,68.0,68.0,0.0,1.0,1.0,0.0
7.2,28,1904,68.0,68.0,68.0,68.0,68.0,0.0,1.0,1.0,0.0
3.64,26,8192,68.0,68.0,68.0,86.0,1290.0,334993.9171597634,1.5520249221183802,0.7692307692307693,0.0
1.57,28,1904,68.0,68.0,68.0,68.0,68.0,0.0,1.0,1.0,0.0
4.78,45,14075,86.0,68.0,68.0,170.0,1227.0000000000002,311637.23950617283,0.9762707104745858,0.6888888888888889,0.0
9.72,44,2992,68.0,68.0,68.0,68.0,68.0,0.0,1.0,1.0,0.0
3.89,94,35117,86.0,68.0,68.0,170.0,1516.0,403441.3278632866,1.0273063156679367,0.6063829787234043,0.0
3.45,16,1088,68.0,68.0,68.0,68.0,68.0,0.0,1.0,1.0,0.0
9.3,54,8545,68.0,68.0,68.0,68.0,144.80000000000024,98819.14574759941,2.3935663224781574,0.8888888888888888,0.0
2.98,28,1904,68.0,68.0,68.0,68.0,68.0,0.0,1.0,1.0,0.0
1.04,35,13171,86.0,68.0,68.0,170.0,1516.0,321965.1297959183,2.4779508846052285,0.6571428571428571,0.0
0.85,14,5837,86.0,68.0,72.5,473.0,1443.7000000000003,301705.78061224485,4.548479087452471,0.5714285714285714,0.0
4.66,28,1904,68.0,68.0,68.0,68.0,68.0,0.0,1.0,1.0,0.0
8.15,104,34904,86.0,68.0,68.0,170.0,811.5,507020.3328402366,0.533567662565905,0.7019230769230769,0.0
2.98,16,1088,68.0,68.0,68.0,68.0,68.0,0.0,1.0,1.0,0.0
3.64,28,1904,68.0,68.0,68.0,68.0,68.0,0.0,1.0,1.0,0.0
1.9,23,6088,68.0,68.0,68.0,86.0,858.4000000000005,241015.51606805305,1.2316715542521994,0.782608695652174,0.0
6.34,28,1904,68.0,68.0,68.0,68.0,68.0,0.0,1.0,1.0,0.0
1.45,46,16688,86.0,68.0,68.0,170.0,1516.0,333955.6483931947,1.4759643916913947,0.6521739130434783,0.0
0.07,4,272,68.0,68.0,68.0,68.0,68.0,0.0,1.0,1.0,0.0
3.75,24,1632,68.0,68.0,68.0,68.0,68.0,0.0,1.0,1.0,0.0
1.9,16,1088,68.0,68.0,68.0,68.0,68.0,0.0,1.0,1.0,0.0
3.65,90,41151,86.0,68.0,68.0,170.0,1516.0,738514.8677777778,0.6470941402497599,0.6111111111111112,0.0
9.48,44,2992,68.0,68.0,68.0,68.0,68.0,0.0,1.0,1.0,0.0
1.19,16,5790,77.0,68.0,68.0,107.0,534.5,765930.609375,0.353752630348375,0.75,0.0
5.09,8,544,68.0,68.0,68.0,68.0,68.0,0.0,1.0,1.0,0.0
0.89,28,1904,68.0,68.0,68.0,68.0,68.0,0.0,1.0,1.0,0.0
9.18,70,19589,68.0,68.0,68.0,86.0,188.20000000000027,485823.67530612234,0.6178559629996696,0.8,0.0
0.85,8,544,68.0,68.0,68.0,68.0,68.0,0.0,1.0,1.0,0.0
7.25,102,38909,86.0,68.0,68.0,170.0,1516.0,457389.30728565936,1.36255996113911,0.6274509803921569,0.0
6.84,16,1088,68.0,68.0,68.0,68.0,68.0,0.0,1.0,1.0,0.0
5.88,28,1904,68.0,68.0,68.0,68.0,68.0,0.0,1.0,1.0,0.0
9.63,53,6062,68.0,68.0,68.0,68.0,86.0,45601.48024207902,0.7950843944329287,0.9245283018867925,0.0
4.54,48,17523,86.0,68.0,68.0,170.0,1516.0,319741.55859375,1.6822286851369967,0.6458333333333334,0.0
3.24,28,1904,68.0,68.0,68.0,68.0,68.0,0.0,1.0,1.0,0.0
9.22,106,39726,86.0,68.0,68.0,170.0,1516.0,437447.1562833748,1.272394462876101,0.6509433962264151,0.0
7.29,32,2176,68.0,68.0,68.0,68.0,68.0,0.0,1.0,1.0,0.0
8.37,23,4163,68.0,68.0,68.0,86.0,427.60000000000025,96718.86956521739,2.0723247232472324,0.782608695652174,0.0
8.8,40,2720,68.0,68.0,68.0,68.0,68.0,0.0,1.0,1.0,0.0
1.71,43,16224,86.0,68.0,68.0,170.0,1395.4000000000026,469050.21092482423,0.7478991596638656,0.6511627906976745,0.0
3.74,28,1904,68.0,68.0,68.0,68.0,68.0,0.0,1.0,1.0,0.0
4.48,16,1088,68.0,68.0,68.0,68.0,68.0,0.0,1.0,1.0,0.0
5.38,94,39276,86.0,68.0,80.0,170.0,1516.0,539734.736985061,0.92190252495596,0.6170212765957447,0.0
4.98,16,1088,68.0,68.0,68.0,68.0,68.0,0.0,1.0,1.0,0.0
6.31,28,1904,68.0,68.0,68.0,68.0,68.0,0.0,1.0,1.0,0.0
6.33,25,5514,68.0,68.0,68.0,86.0,517.4000000000008,159439.44640000002,1.3334743969530258,0.8,0.0
1.6,28,1904,68.0,68.0,68.0,68.0,68.0,0.0,1.0,1.0,0.0
0.21,6,560,86.0,68.0,72.5,116.0,126.0,587.5555555555555,0.32075471698113206,0.6666666666666666,0.0
4.59,49,11900,86.0,68.0,68.0,126.0,533.2000000000002,297923.1836734694,0.7476868850051402,0.6938775510204082,0.0
4.47,20,1360,68.0,68.0,68.0,68.0,68.0,0.0,1.0,1.0,0.0
3.85,24,1632,68.0,68.0,68.0,68.0,68.0,0.0,1.0,1.0,0.0
3.43,91,40539,86.0,68.0,68.0,429.0,1516.0,443325.942035986,1.448302935137094,0.5714285714285714,0.0
3.97,16,1088,68.0,68.0,68.0,68.0,68.0,0.0,1.0,1.0,0.0
8.51,43,7467,68.0,68.0,68.0,74.0,170.0,110373.66901027584,2.1295054484492875,0.8604651162790697,0.0
3.7,12,816,68.0,68.0,68.0,68.0,68.0,0.0,1.0,1.0,0.0
3.17,28,1904,68.0,68.0,68.0,68.0,68.0,0.0,1.0,1.0,0.0
8.09,69,20754,68.0,68.0,68.0,86.0,728.4000000000004,496062.98172652797,0.685398733149261,0.7971014492753623,0.0
0.33,4,272,68.0,68.0,68.0,68.0,68.0,0.0,1.0,1.0,0.0
3.36,12,816,68.0,68.0,68.0,68.0,68.0,0.0,1.0,1.0,0.0
0.89,92,36081,86.0,68.0,68.0,170.0,1516.0,556927.1288988658,1.1274174528301886,0.6304347826086957,0.0
4.44,16,1088,68.0,68.0,68.0,68.0,68.0,0.0,1.0,1.0,0.0
3.78,28,1904,68.0,68.0,68.0,68.0,68.0,0.0,1.0,1.0,0.0
2.35,25,6612,68.0,68.0,68.0,86.0,191.60000000000005,419009.6895999999,0.6513486513486514,0.8,0.0
1.91,28,1904,68.0,68.0,68.0,68.0,68.0,0.0,1.0,1.0,0.0
9.3,69,13525,68.0,68.0,68.0,86.0,196.2000000000004,145548.73892039486,1.1192416170479473,0.7971014492753623,0.0
0.38,4,272,68.0,68.0,68.0,68.0,68.0,0.0,1.0,1.0,0.0
0.15,4,272,68.0,68.0,68.0,68.0,68.0,0.0,1.0,1.0,0.0
5.35,8,544,68.0,68.0,68.0,68.0,68.0,0.0,1.0,1.0,0.0
5.62,84,39070,86.0,68.0,68.0,227.5,1516.0,613147.2239229025,0.9610500426642574,0.5833333333333334,0.0
6.74,16,1088,68.0,68.0,68.0,68.0,68.0,0.0,1.0,1.0,0.0
8.9,46,8470,68.0,68.0,68.0,68.0,128.0,183045.93950850662,1.1846788754191384,0.8913043478260869,0.0
1.81,8,544,68.0,68.0,68.0,68.0,68.0,0.0,1.0,1.0,0.0
5.96,28,1904,68.0,68.0,68.0,68.0,68.0,0.0,1.0,1.0,0.0
5.3,41,9636,86.0,68.0,68.0,170.0,496.0,138763.5847709697,0.8284629981024668,0.6829268292682927,0.0
8.6,36,2448,68.0,68.0,68.0,68.0,68.0,0.0,1.0,1.0,0.0
6.8,106,44527,86.0,68.0,68.0,170.0,1516.0,547759.835261659,1.0620079651755117,0.6509433962264151,0.0
4.82,16,1088,68.0,68.0,68.0,68.0,68.0,0.0,1.0,1.0,0.0
6.57,28,1904,68.0,68.0,68.0,68.0,68.0,0.0,1.0,1.0,0.0
3.74,25,8635,68.0,68.0,68.0,86.0,1370.0000000000005,426028.1599999999,1.421480650588895,0.76,0.0
9.66,71,14162,68.0,68.0,68.0,86.0,170.0,185644.1924221385,0.45415340384023,0.8169014084507042,0.0
8.2,32,2176,68.0,68.0,68.0,68.0,68.0,0.0,1.0,1.0,0.0
1.98,12,816,68.0,68.0,68.0,68.0,68.0,0.0,1.0,1.0,0.0
4.87,91,36177,86.0,68.0,68.0,170.0,1516.0,586893.9398623356,0.7511496200203301,0.6373626373626373,0.0
8.29,44,2992,68.0,68.0,68.0,68.0,68.0,0.0,1.0,1.0,0.0
3.58,12,1789,86.0,68.0,68.0,190.5,348.30000000000007,13555.243055555553,1.0973036342321218,0.6666666666666666,0.0
5.59,25,5829,68.0,68.0,68.0,86.0,699.2000000000012,176974.37439999997,1.4543157894736842,0.8,0.0
4.63,28,1904,68.0,68.0,68.0,68.0,68.0,0.0,1.0,1.0,0.0
0.3,11,2430,86.0,86.0,86.0,354.0,486.0,31091.900826446283,0.028789161727349702,0.5454545454545454,0.0
1.29,45,20266,86.0,68.0,68.0,170.0,1516.0,581437.6958024692,1.0843361102540368,0.6444444444444445,0.0
5.0,19,1758,68.0,68.0,68.0,68.0,71.6,9978.880886426596,0.5340314136125655,0.9473684210526315,0.0
1.34,4,272,68.0,68.0,68.0,68.0,68.0,0.0,1.0,1.0,0.0
8.02,24,1632,68.0,68.0,68.0,68.0,68.0,0.0,1.0,1.0,0.0
2.45,92,37888,86.0,68.0,68.0,170.0,1516.0,560049.8393194708,1.099290780141844,0.6086956521739131,0.0
0.37,4,272,68.0,68.0,68.0,68.0,68.0,0.0,1.0,1.0,0.0
2.61,12,816,68.0,68.0,68.0,68.0,68.0,0.0,1.0,1.0,0.0
3.24,28,1904,68.0,68.0,68.0,68.0,68.0,0.0,1.0,1.0,0.0
3.35,28,9695,68.0,68.0,68.0,107.0,1234.6000000000004,428104.54464285716,1.0791336049753377,0.75,0.0
3.07,28,1904,68.0,68.0,68.0,68.0,68.0,0.0,1.0,1.0,0.0
8.2,72,16117,68.0,68.0,68.0,86.0,260.9,240798.296103395,0.8203072057826971,0.7916666666666666,0.0
5.82,16,1088,68.0,68.0,68.0,68.0,68.0,0.0,1.0,1.0,0.0
7.67,99,44157,86.0,68.0,68.0,188.0,1516.0,616355.5243342516,1.0970223678586692,0.6060606060606061,0.0
7.87,56,8044,68.0,68.0,68.0,86.0,486.0,28809.872448979593,0.7006342494714588,0.8214285714285714,0.0
7.81,54,11104,68.0,68.0,68.0,68.0,170.0,238194.67764060362,1.1636788776305533,0.8703703703703703,0.0
0.01,4,272,68.0,68.0,68.0,68.0,68.0,0.0,1.0,1.0,0.0
8.77,70,16807,68.0,68.0,68.0,86.0,725.3000000000004,215228.31857142862,0.8662003109038419,0.7714285714285715,0.0
4.01,16,1088,68.0,68.0,68.0,68.0,68.0,0.0,1.0,1.0,0.0
5.42,103,44361,86.0,68.0,68.0,170.0,1516.0,520129.0296917711,1.0873800112930547,0.6213592233009708,0.0
5.97,16,1088,68.0,68.0,68.0,68.0,68.0,0.0,1.0,1.0,0.0
2.08,28,1904,68.0,68.0,68.0,68.0,68.0,0.0,1.0,1.0,0.0
5.54,24,4752,68.0,68.0,68.0,86.0,170.0,152568.33333333334,1.0186915887850467,0.8333333333333334,0.0
9.94,70,16031,68.0,68.0,68.0,86.0,413.9000000000002,250478.27122448976,0.672509128847157,0.8,0.0
2.74,13,2536,86.0,68.0,86.0,222.0,486.0,27945.609467455615,0.9154078549848943,0.6153846153846154,0.0
2.09,24,1632,68.0,68.0,68.0,68.0,68.0,0.0,1.0,1.0,0.0
4.45,20,1360,68.0,68.0,68.0,68.0,68.0,0.0,1.0,1.0,0.0
8.74,93,33418,86.0,68.0,68.0,170.0,1395.4,430728.2867383514,0.942906976744186,0.6559139784946236,0.0
6.08,12,816,68.0,68.0,68.0,68.0,68.0,0.0,1.0,1.0,0.0
3.82,28,1904,68.0,68.0,68.0,68.0,68.0,0.0,1.0,1.0,0.0
9.07,52,8271,68.0,68.0,68.0,68.0,86.0,195676.36205621297,0.7416298168035376,0.9038461538461539,0.0
9.43,73,19560,68.0,68.0,68.0,86.0,467.1999999999997,323021.9969975606,0.9793564055859137,0.7808219178082192,0.0
8.82,113,36696,86.0,68.0,68.0,170.0,1412.1999999999985,332159.39431435504,1.1231196482295764,0.6902654867256637,0.0
6.59,23,2466,68.0,68.0,68.0,68.0,86.0,14813.126654064272,0.43538998835855647,0.9130434782608695,0.0
4.2,24,1632,68.0,68.0,68.0,68.0,68.0,0.0,1.0,1.0,0.0
0.95,13,1336,86.0,68.0,68.0,117.0,170.0,1916.7928994082843,0.9851411589895989,0.6923076923076923,0.0
9.46,40,2720,68.0,68.0,68.0,68.0,68.0,0.0,1.0,1.0,0.0
5.84,49,16336,86.0,68.0,68.0,170.0,1394.4000000000005,298829.5027072053,1.6701536449820202,0.673469387755102,0.0
3.45,24,1632,68.0,68.0,68.0,68.0,68.0,0.0,1.0,1.0,0.0
7.61,104,37366,86.0,68.0,68.0,170.0,1358.3000000000004,499644.10909763316,0.7575729068673566,0.6923076923076923,0.0
1.42,16,1088,68.0,68.0,68.0,68.0,68.0,0.0,1.0,1.0,0.0
9.27,54,7908,68.0,68.0,68.0,68.0,86.0,140152.24691358028,0.8071297989031079,0.9074074074074074,0.0
9.02,74,22236,68.0,68.0,68.0,86.0,719.5000000000023,510827.87143900647,0.7247905677939808,0.7972972972972973,0.0
7.8,32,2176,68.0,68.0,68.0,68.0,68.0,0.0,1.0,1.0,0.0
1.13,12,816,68.0,68.0,68.0,68.0,68.0,0.0,1.0,1.0,0.0
0.15,17,6875,86.0,68.0,68.0,170.0,974.2000000000003,539183.1833910035,0.6299193930772878,0.6470588235294118,0.0
1.23,78,38911,86.0,68.0,68.0,183.5,1516.0,749348.4801117685,0.9095548903175148,0.5897435897435898,0.0
9.05,44,2992,68.0,68.0,68.0,68.0,68.0,0.0,1.0,1.0,0.0
5.17,26,5691,68.0,68.0,68.0,86.0,185.0,316060.9482248521,0.3595317725752508,0.8076923076923077,0.0
5.04,28,1904,68.0,68.0,68.0,68.0,68.0,0.0,1.0,1.0,0.0
6.06,48,15612,86.0,68.0,68.0,170.0,1395.5000000000002,333384.6041666667,0.6038627491267722,0.6666666666666666,0.0
6.94,28,1904,68.0,68.0,68.0,68.0,68.0,0.0,1.0,1.0,0.0
9.32,114,42705,86.0,68.0,68.0,170.0,1516.0,451072.88804247463,0.8866799204771372,0.6754385964912281,0.0
1.08,12,816,68.0,68.0,68.0,68.0,68.0,0.0,1.0,1.0,0.0
6.73,32,2176,68.0,68.0,68.0,68.0,68.0,0.0,1.0,1.0,0.0
7.31,32,8963,68.0,68.0,68.0,86.0,700.1000000000013,363784.7724609375,1.1597590361445782,0.8125,0.0
2.54,24,1632,68.0,68.0,68.0,68.0,68.0,0.0,1.0,1.0,0.0
7.31,48,17006,86.0,68.0,68.0,170.0,1509.0,268122.45659722225,2.1942148760330578,0.6458333333333334,0.0
3.78,24,1632,68.0,68.0,68.0,68.0,68.0,0.0,1.0,1.0,0.0
0.99,8,544,68.0,68.0,68.0,68.0,68.0,0.0,1.0,1.0,0.0
7.32,102,37133,86.0,68.0,68.0,170.0,1516.0,373999.83093041147,1.219147791788681,0.6568627450980392,0.0
2.14,16,1088,68.0,68.0,68.0,68.0,68.0,0.0,1.0,1.0,0.0
8.7,41,6027,68.0,68.0,68.0,68.0,86.0,168768.48780487804,0.42718446601941745,0.9024390243902439,0.0
3.29,12,816,68.0,68.0,68.0,68.0,68.0,0.0,1.0,1.0,0.0
7.37,28,1904,68.0,68.0,68.0,68.0,68.0,0.0,1.0,1.0,0.0
8.26,75,16483,68.0,68.0,68.0,86.0,263.0000000000013,223346.65528888884,1.2937656554411356,0.8,0.0
2.13,16,1088,68.0,68.0,68.0,68.0,68.0,0.0,1.0,1.0,0.0
9.7,110,35292,86.0,68.0,68.0,170.0,1235.5000000000011,339959.08231404965,1.0193397036104594,0.6818181818181818,0.0
9.3,52,7030,68.0,68.0,68.0,68.0,86.0,111582.96301775146,0.6890917827967323,0.9230769230769231,0.0
2.13,28,1904,68.0,68.0,68.0,68.0,68.0,0.0,1.0,1.0,0.0
2.29,44,16336,86.0,68.0,68.0,170.0,1434.7000000000007,476878.5165289257,0.8262716601453326,0.6818181818181818,0.0
2.96,28,1904,68.0,68.0,68.0,68.0,68.0,0.0,1.0,1.0,0.0
5.79,16,1088,68.0,68.0,68.0,68.0,68.0,0.0,1.0,1.0,0.0
9.31,139,52767,86.0,68.0,68.0,222.0,1516.0,442752.46612494177,0.8770276038702334,0.6330935251798561,0.0
8.2,32,3144,68.0,68.0,68.0,68.0,85.4,11662.6875,0.5564356435643565,0.9375,0.0
7.24,35,6566,68.0,68.0,68.0,68.0,140.4000000000001,218026.46857142862,0.7528029898558463,0.8857142857142857,0.0
9.22,67,17768,68.0,68.0,68.0,86.0,852.9999999999991,292133.3205613722,1.0327193684933074,0.7761194029850746,0.0
6.4,24,1632,68.0,68.0,68.0,68.0,68.0,0.0,1.0,1.0,0.0
7.43,24,1632,68.0,68.0,68.0,68.0,68.0,0.0,1.0,1.0,0.0
2.6,86,29211,86.0,68.0,68.0,170.0,1295.0,323230.7816387237,1.2144644075506026,0.6162790697674418,0.0
4.16,16,1088,68.0,68.0,68.0,68.0,68.0,0.0,1.0,1.0,0.0
3.45,28,1904,68.0,68.0,68.0,68.0,68.0,0.0,1.0,1.0,0.0
9.25,55,7836,68.0,68.0,68.0,68.0,136.40000000000012,81940.39471074381,1.8734873487348735,0.8909090909090909,0.0
5.63,87,26554,86.0,68.0,80.0,404.5,789.6000000000021,175784.42356982426,1.045447542751502,0.5862068965517241,0.0
6.45,16,1088,68.0,68.0,68.0,68.0,68.0,0.0,1.0,1.0,0.0
5.91,28,1904,68.0,68.0,68.0,68.0,68.0,0.0,1.0,1.0,0.0
3.05,93,31054,86.0,68.0,68.0,170.0,1244.9999999999993,305339.1323852468,1.2205219878441187,0.6344086021505376,0.0
7.74,44,2992,68.0,68.0,68.0,68.0,68.0,0.0,1.0,1.0,0.0
3.59,20,5848,83.0,68.0,68.0,170.0,981.4000000000009,207018.23999999993,2.6458852867830425,0.7,0.0
7.23,36,2448,68.0,68.0,68.0,68.0,68.0,0.0,1.0,1.0,0.0
7.65,57,19388,86.0,68.0,68.0,170.0,1501.0,277395.98030163127,1.8411488862837047,0.6842105263157895,0.0
2.11,16,1088,68.0,68.0,68.0,68.0,68.0,0.0,1.0,1.0,0.0
0.53,8,544,68.0,68.0,68.0,68.0,68.0,0.0,1.0,1.0,0.0
6.77,99,45481,86.0,68.0,68.0,170.0,1516.0,673481.069074584,0.8839733233917402,0.6262626262626263,0.0
1.13,16,1088,68.0,68.0,68.0,68.0,68.0,0.0,1.0,1.0,0.0
3.85,32,6008,86.0,68.0,68.0,288.0,486.0,31864.9375,0.7775147928994083,0.6875,0.0
3.13,10,680,68.0,68.0,68.0,68.0,68.0,0.0,1.0,1.0,0.0
4.07,27,8700,68.0,68.0,68.0,86.0,1262.200000000001,391493.50617283955,1.4106400665004157,0.7777777777777778,0.0
9.0,28,1904,68.0,68.0,68.0,68.0,68.0,0.0,1.0,1.0,0.0
8.41,73,19836,68.0,68.0,68.0,86.0,1147.9999999999998,231825.34959654725,1.706877729257642,0.7671232876712328,0.0
6.19,24,1632,68.0,68.0,68.0,68.0,68.0,0.0,1.0,1.0,0.0
2.35,101,44782,86.0,68.0,68.0,186.0,1516.0,518633.36574845604,1.2129867562759438,0.6138613861386139,0.0
0.75,4,272,68.0,68.0,68.0,68.0,68.0,0.0,1.0,1.0,0.0
8.97,40,2720,68.0,68.0,68.0,68.0,68.0,0.0,1.0,1.0,0.0
4.68,24,6604,68.0,68.0,68.0,86.0,613.7999999999995,330858.97222222225,0.9434961742201294,0.7916666666666666,0.0
3.39,28,1904,68.0,68.0,68.0,68.0,68.0,0.0,1.0,1.0,0.0
3.68,68,22681,86.0,68.0,68.0,137.0,1516.0,421781.01275951567,1.1051605717467978,0.6617647058823529,0.0
1.42,3,670,86.0,71.6,77.0,301.0,430.0,42880.88888888888,0.11295681063122924,0.6666666666666666,0.0
2.61,12,816,68.0,68.0,68.0,68.0,68.0,0.0,1.0,1.0,0.0
6.92,32,2176,68.0,68.0,68.0,68.0,68.0,0.0,1.0,1.0,0.0
2.13,92,33738,86.0,68.0,68.0,170.0,1232.6000000000008,356047.7896975426,1.0916305021698698,0.6195652173913043,0.0
8.7,44,2992,68.0,68.0,68.0,68.0,68.0,0.0,1.0,1.0,0.0
0.08,14,7169,86.0,68.0,68.0,170.0,1322.8000000000006,972368.0663265307,0.6927981109799292,0.6428571428571429,0.0
8.63,40,2720,68.0,68.0,68.0,68.0,68.0,0.0,1.0,1.0,0.0
5.96,44,15729,86.0,68.0,68.0,170.0,1171.8000000000006,474254.74948347104,1.284199825733372,0.6590909090909091,0.0
7.98,32,2176,68.0,68.0,68.0,68.0,68.0,0.0,1.0,1.0,0.0
4.53,12,816,68.0,68.0,68.0,68.0,68.0,0.0,1.0,1.0,0.0
6.96,94,37457,86.0,68.0,68.0,170.0,1516.0,535550.1006111362,0.9684166272531399,0.6170212765957447,0.0
4.66,16,1088,68.0,68.0,68.0,68.0,68.0,0.0,1.0,1.0,0.0
7.39,28,1904,68.0,68.0,68.0,68.0,68.0,0.0,1.0,1.0,0.0
9.58,56,9767,68.0,68.0,68.0,68.0,128.0,196353.49202806124,0.6619023311213204,0.8928571428571429,0.0
7.73,63,17316,68.0,68.0,68.0,128.0,1162.6,225136.0907029479,1.1179060665362035,0.746031746031746,0.0
0.15,8,544,68.0,68.0,68.0,68.0,68.0,0.0,1.0,1.0,0.0
5.39,16,1088,68.0,68.0,68.0,68.0,68.0,0.0,1.0,1.0,0.0
1.09,94,41657,86.0,68.0,68.0,170.0,1442.2000000000007,696925.5596423722,0.7121660501438554,0.6382978723404256,0.0
2.77,16,1088,68.0,68.0,68.0,68.0,68.0,0.0,1.0,1.0,0.0
1.35,28,1904,68.0,68.0,68.0,68.0,68.0,0.0,1.0,1.0,0.0
3.63,29,9223,68.0,68.0,68.0,86.0,1159.1999999999996,407796.30915576714,0.8745934959349594,0.7586206896551724,0.0
2.42,28,1904,68.0,68.0,68.0,68.0,68.0,0.0,1.0,1.0,0.0
1.68,46,19757,86.0,68.0,68.0,287.75,1516.0,548003.2065217391,1.8604314463587666,0.6086956521739131,0.0
9.65,44,2992,68.0,68.0,68.0,68.0,68.0,0.0,1.0,1.0,0.0
6.45,88,29487,86.0,68.0,68.0,170.0,1264.8999999999994,299773.6413997934,1.1705557600294443,0.6136363636363636,0.0
1.76,16,1088,68.0,68.0,68.0,68.0,68.0,0.0,1.0,1.0,0.0
2.31,28,1904,68.0,68.0,68.0,68.0,68.0,0.0,1.0,1.0,0.0
4.57,24,7115,68.0,68.0,68.0,107.0,514.0999999999999,401321.1649305555,0.6760895170789164,0.75,0.0
8.7,46,7550,68.0,68.0,68.0,68.0,170.0,102744.37429111528,2.81120646138314,0.8695652173913043,0.0
3.56,25,12471,170.0,68.0,86.0,1141.0,1516.0,361189.97439999995,0.5722390317700454,0.48,0.0
6.52,28,1904,68.0,68.0,68.0,68.0,68.0,0.0,1.0,1.0,0.0
4.86,16,1088,68.0,68.0,68.0,68.0,68.0,0.0,1.0,1.0,0.0
5.99,91,38882,86.0,68.0,68.0,170.0,1516.0,566891.1882622873,0.7378206847233396,0.6153846153846154,0.0
5.73,16,1088,68.0,68.0,68.0,68.0,68.0,0.0,1.0,1.0,0.0
9.11,46,10342,68.0,68.0,68.0,68.0,345.5,264270.4914933838,1.0754565522777444,0.8478260869565217,0.0
1.68,8,544,68.0,68.0,68.0,68.0,68.0,0.0,1.0,1.0,0.0
1.56,28,1904,68.0,68.0,68.0,68.0,68.0,0.0,1.0,1.0,0.0
6.16,45,16314,86.0,68.0,68.0,170.0,1391.2000000000005,364752.248888889,1.8451342867108476,0.6444444444444445,0.0
9.43,257,38840,86.0,68.0,68.0,183.0,248.0,57611.14693636541,1.5425504058654098,0.7276264591439688,0.0
9.73,105,38940,86.0,68.0,68.0,170.0,1456.8000000000013,512793.4176870749,0.8868107374745615,0.6761904761904762,0.0
0.13,4,272,68.0,68.0,68.0,68.0,68.0,0.0,1.0,1.0,0.0
9.57,51,5875,68.0,68.0,68.0,68.0,86.0,48279.05959246444,1.3369132856006365,0.9215686274509803,0.0
4.11,28,1904,68.0,68.0,68.0,68.0,68.0,0.0,1.0,1.0,0.0
7.67,55,15409,68.0,68.0,68.0,86.5,541.0000000000007,377505.37322314037,0.6651177869029609,0.7636363636363637,0.0
5.76,16,1088,68.0,68.0,68.0,68.0,68.0,0.0,1.0,1.0,0.0
6.34,16,1088,68.0,68.0,68.0,68.0,68.0,0.0,1.0,1.0,0.0
2.83,91,36313,86.0,68.0,68.0,170.0,1516.0,557449.9321338002,0.8947560657448473,0.6373626373626373,0.0
6.4,16,1088,68.0,68.0,68.0,68.0,68.0,0.0,1.0,1.0,0.0
2.23,28,1904,68.0,68.0,68.0,68.0,68.0,0.0,1.0,1.0,0.0
4.5,25,5218,68.0,68.0,68.0,86.0,245.80000000000007,151258.7616,3.8180978762696216,0.76,0.0
1.43,28,1904,68.0,68.0,68.0,68.0,68.0,0.0,1.0,1.0,0.0
0.93,16,3835,77.0,68.0,68.0,107.0,550.5,180056.96484375,0.6746724890829694,0.75,0.0
3.14,29,10460,86.0,68.0,80.0,170.0,1196.7999999999997,244747.5243757432,1.2749021313614615,0.6206896551724138,0.0
7.0,28,1904,68.0,68.0,68.0,68.0,68.0,0.0,1.0,1.0,0.0
4.36,16,1088,68.0,68.0,68.0,68.0,68.0,0.0,1.0,1.0,0.0
6.99,97,40314,86.0,68.0,68.0,170.0,1516.0,549018.0114783718,1.1749028916702633,0.6185567010309279,0.0
7.05,20,1360,68.0,68.0,68.0,68.0,68.0,0.0,1.0,1.0,0.0
4.61,24,1632,68.0,68.0,68.0,68.0,68.0,0.0,1.0,1.0,0.0
3.77,26,5086,68.0,68.0,68.0,86.0,439.0,115095.6982248521,2.190715181932246,0.8076923076923077,0.0
1.19,28,1904,68.0,68.0,68.0,68.0,68.0,0.0,1.0,1.0,0.0
6.77,45,17451,86.0,68.0,68.0,170.0,1516.0,458695.7599999999,1.6769443166129774,0.6444444444444445,0.0
4.24,28,1904,68.0,68.0,68.0,68.0,68.0,0.0,1.0,1.0,0.0
6.02,21,4476,68.0,68.0,68.0,86.0,129.0,173285.74149659867,3.9403973509933774,0.8095238095238095,0.0
7.07,105,42721,86.0,68.0,68.0,170.0,1516.0,576082.7631746032,0.9012461059190031,0.6476190476190476,0.0
1.01,4,272,68.0,68.0,68.0,68.0,68.0,0.0,1.0,1.0,0.0
2.54,4,272,68.0,68.0,68.0,68.0,68.0,0.0,1.0,1.0,0.0
2.99,28,1904,68.0,68.0,68.0,68.0,68.0,0.0,1.0,1.0,0.0
2.01,8,544,68.0,68.0,68.0,68.0,68.0,0.0,1.0,1.0,0.0
6.8,18,4706,83.0,68.0,68.0,149.0,789.0000000000006,181024.24691358028,1.4320413436692507,0.7222222222222222,0.0
4.52,28,1904,68.0,68.0,68.0,68.0,68.0,0.0,1.0,1.0,0.0
4.15,54,13155,80.0,68.0,68.0,149.0,775.2000000000002,165889.38580246916,0.808993399339934,0.7407407407407407,0.0
8.14,32,2176,68.0,68.0,68.0,68.0,68.0,0.0,1.0,1.0,0.0
5.6,12,816,68.0,68.0,68.0,68.0,68.0,0.0,1.0,1.0,0.0
4.63,90,38119,86.0,68.0,68.0,170.0,1516.0,609332.0258024691,0.7849316351376663,0.6333333333333333,0.0
1.65,16,1088,68.0,68.0,68.0,68.0,68.0,0.0,1.0,1.0,0.0
5.4,28,1904,68.0,68.0,68.0,68.0,68.0,0.0,1.0,1.0,0.0
1.2,17,5894,86.0,68.0,68.0,170.0,1018.0000000000002,407119.9723183392,0.9148797920727745,0.7058823529411765,0.0
1.74,8,544,68.0,68.0,68.0,68.0,68.0,0.0,1.0,1.0,0.0
8.3,32,2176,68.0,68.0,68.0,68.0,68.0,0.0,1.0,1.0,0.0
8.76,68,15830,68.0,68.0,68.0,86.0,644.0000000000002,308858.33996539784,0.9531153608883405,0.7941176470588235,0.0
9.44,107,38424,86.0,68.0,68.0,170.0,1516.0,494232.8398986812,0.7648355686202462,0.6915887850467289,0.0
7.71,44,2992,68.0,68.0,68.0,68.0,68.0,0.0,1.0,1.0,0.0
6.94,23,5311,68.0,68.0,68.0,86.0,170.0,462991.73156899813,0.2537771482530689,0.8260869565217391,0.0
9.33,72,20718,68.0,68.0,68.0,86.0,170.0,559972.7430555555,0.5743161094224924,0.8055555555555556,0.0
6.34,28,1904,68.0,68.0,68.0,68.0,68.0,0.0,1.0,1.0,0.0
0.2,2,136,68.0,68.0,68.0,68.0,68.0,0.0,1.0,1.0,0.0
4.05,14,952,68.0,68.0,68.0,68.0,68.0,0.0,1.0,1.0,0.0
4.76,106,49667,86.0,68.0,68.0,284.75,1516.0,560425.7562299751,1.0952119805948113,0.5849056603773585,0.0
0.36,4,272,68.0,68.0,68.0,68.0,68.0,0.0,1.0,1.0,0.0
7.39,40,2720,68.0,68.0,68.0,68.0,68.0,0.0,1.0,1.0,0.0
3.62,28,8963,68.0,68.0,68.0,86.0,1282.5,417881.16709183675,0.7259772771037936,0.7857142857142857,0.0
7.03,28,1904,68.0,68.0,68.0,68.0,68.0,0.0,1.0,1.0,0.0
6.13,44,21508,86.0,68.0,68.0,327.0,1516.0,613398.6487603304,0.9338248516453875,0.5909090909090909,0.0
6.93,28,1904,68.0,68.0,68.0,68.0,68.0,0.0,1.0,1.0,0.0
7.13,56,19636,68.0,68.0,68.0,170.0,1197.0,532832.5867346938,0.6852042567799519,0.7321428571428571,0.0
8.31,57,24965,86.0,68.0,68.0,170.0,1516.0,491432.0874115112,0.8708782973621103,0.631578947368421,0.0
6.41,20,1360,68.0,68.0,68.0,68.0,68.0,0.0,1.0,1.0,0.0
0.37,20,1360,68.0,68.0,68.0,68.0,68.0,0.0,1.0,1.0,0.0
4.54,28,7569,68.0,68.0,68.0,86.0,455.3000000000007,369749.5038265307,0.9417650076962545,0.8214285714285714,0.0
0.86,28,1904,68.0,68.0,68.0,68.0,68.0,0.0,1.0,1.0,0.0
5.12,46,22438,86.0,68.0,68.0,170.0,1516.0,730450.0396975427,1.0134601579325198,0.6521739130434783,0.0
4.3,28,1904,68.0,68.0,68.0,68.0,68.0,0.0,1.0,1.0,0.0
2.87,16,1088,68.0,68.0,68.0,68.0,68.0,0.0,1.0,1.0,0.0
1.87,94,36386,86.0,68.0,68.0,170.0,1516.0,467096.84382073354,1.0723317006492767,0.6382978723404256,0.0
7.46,40,2720,68.0,68.0,68.0,68.0,68.0,0.0,1.0,1.0,0.0
5.29,4,272,68.0,68.0,68.0,68.0,68.0,0.0,1.0,1.0,0.0
1.71,26,5974,68.0,68.0,68.0,86.0,732.0,173808.4082840237,1.7403669724770643,0.8076923076923077,0.0
2.01,28,1904,68.0,68.0,68.0,68.0,68.0,0.0,1.0,1.0,0.0
4.71,47,16548,86.0,68.0,68.0,170.0,1451.1999999999998,255156.03531009506,1.4970574920778632,0.6382978723404256,0.0
4.5,28,1904,68.0,68.0,68.0,68.0,68.0,0.0,1.0,1.0,0.0
0.87,12,816,68.0,68.0,68.0,68.0,68.0,0.0,1.0,1.0,0.0
7.05,96,38895,86.0,68.0,68.0,170.0,1516.0,542111.6110026041,0.8465153816938853,0.6145833333333334,0.0
0.09,3,305,86.0,71.6,77.0,118.5,138.0,1270.888888888889,3.485294117647059,0.6666666666666666,0.0
4.56,16,1088,68.0,68.0,68.0,68.0,68.0,0.0,1.0,1.0,0.0
4.59,24,1632,68.0,68.0,68.0,68.0,68.0,0.0,1.0,1.0,0.0
3.64,35,8513,68.0,68.0,68.0,118.5,280.8000000000001,239580.80489795917,1.2221352127381884,0.7428571428571429,0.0
9.98,70,16453,68.0,68.0,68.0,86.0,761.8000000000001,206138.24102040817,0.9466398485565547,0.7714285714285715,0.0
0.12,8,544,68.0,68.0,68.0,68.0,68.0,0.0,1.0,1.0,0.0
2.52,16,1088,68.0,68.0,68.0,68.0,68.0,0.0,1.0,1.0,0.0
8.02,20,1360,68.0,68.0,68.0,68.0,68.0,0.0,1.0,1.0,0.0
8.5,103,41428,86.0,68.0,68.0,170.0,1516.0,483771.99321330956,1.1365652398143373,0.6407766990291263,0.0
9.28,40,2720,68.0,68.0,68.0,68.0,68.0,0.0,1.0,1.0,0.0
8.65,53,8500,68.0,68.0,68.0,68.0,86.0,151552.800996796,0.972615456022279,0.9056603773584906,0.0
3.83,43,15086,86.0,68.0,68.0,170.0,1439.6000000000017,333652.5548945375,0.8193439459720212,0.627906976744186,0.0
7.77,32,2176,68.0,68.0,68.0,68.0,68.0,0.0,1.0,1.0,0.0
4.83,12,816,68.0,68.0,68.0,68.0,68.0,0.0,1.0,1.0,0.0
2.53,96,44171,86.0,68.0,68.0,272.25,1516.0,533216.3306206597,1.1542625829106516,0.5833333333333334,0.0
5.89,16,1088,68.0,68.0,68.0,68.0,68.0,0.0,1.0,1.0,0.0
1.69,28,1904,68.0,68.0,68.0,68.0,68.0,0.0,1.0,1.0,0.0
1.33,16,4745,77.0,68.0,68.0,107.0,561.0,387669.74609375,0.4926077382824788,0.75,0.0
8.14,36,2448,68.0,68.0,68.0,68.0,68.0,0.0,1.0,1.0,0.0
7.18,48,16192,86.0,68.0,68.0,170.0,1308.1000000000013,391067.38888888893,1.1813283039202478,0.6875,0.0
6.79,24,1632,68.0,68.0,68.0,68.0,68.0,0.0,1.0,1.0,0.0
0.01,4,272,68.0,68.0,68.0,68.0,68.0,0.0,1.0,1.0,0.0
3.32,12,816,68.0,68.0,68.0,68.0,68.0,0.0,1.0,1.0,0.0
6.8,100,39846,86.0,68.0,68.0,170.0,1516.0,475264.70839999994,1.0426513559235147,0.61,0.0
3.7,16,1088,68.0,68.0,68.0,68.0,68.0,0.0,1.0,1.0,0.0
0.72,28,1904,68.0,68.0,68.0,68.0,68.0,0.0,1.0,1.0,0.0
9.46,52,7434,68.0,68.0,68.0,68.0,86.0,84292.07544378695,1.2972805933250926,0.9038461538461539,0.0
5.34,52,20855,86.0,68.0,68.0,170.0,1516.0,581448.862056213,0.725264725347452,0.6730769230769231,0.0
0.37,20,1360,68.0,68.0,68.0,68.0,68.0,0.0,1.0,1.0,0.0
5.43,8,544,68.0,68.0,68.0,68.0,68.0,0.0,1.0,1.0,0.0
5.71,16,1088,68.0,68.0,68.0,68.0,68.0,0.0,1.0,1.0,0.0
6.38,92,32398,86.0,68.0,68.0,170.0,922.300000000001,563041.1072778828,0.5082165634746986,0.6739130434782609,0.0
7.7,44,2992,68.0,68.0,68.0,68.0,68.0,0.0,1.0,1.0,0.0
7.96,50,9105,68.0,68.0,68.0,68.0,170.0,136230.73,1.8668136020151134,0.88,0.0
0.02,4,272,68.0,68.0,68.0,68.0,68.0,0.0,1.0,1.0,0.0
4.06,43,12981,86.0,68.0,68.0,170.0,691.6000000000015,420590.75392103853,0.5719302494550739,0.6976744186046512,0.0
0.28,16,1088,68.0,68.0,68.0,68.0,68.0,0.0,1.0,1.0,0.0
5.66,12,816,68.0,68.0,68.0,68.0,68.0,0.0,1.0,1.0,0.0
7.41,74,33241,86.0,68.0,68.0,170.0,1516.0,553744.9724251279,0.9911944411165688,0.6486486486486487,0.0
8.28,46,18976,86.0,68.0,68.0,170.0,1516.0,517500.0756143665,1.405984531507544,0.6521739130434783,0.0
0.4,8,544,68.0,68.0,68.0,68.0,68.0,0.0,1.0,1.0,0.0
1.04,4,272,68.0,68.0,68.0,68.0,68.0,0.0,1.0,1.0,0.0
3.87,28,1904,68.0,68.0,68.0,68.0,68.0,0.0,1.0,1.0,0.0
3.1,25,4224,68.0,68.0,68.0,86.0,209.00000000000009,91702.5184,2.768064228367529,0.8,0.0
7.33,41,3092,68.0,68.0,68.0,68.0,86.0,304.82807852468767,1.0449735449735449,0.9024390243902439,0.0
2.47,44,12317,86.0,68.0,68.0,170.0,957.6000000000003,237192.8362603306,1.091881793478261,0.7045454545454546,0.0
9.12,44,2992,68.0,68.0,68.0,68.0,68.0,0.0,1.0,1.0,0.0
0.97,89,41562,86.0,68.0,68.0,170.0,1516.0,552456.8650422926,1.2563517915309446,0.5955056179775281,0.0
9.08,44,2992,68.0,68.0,68.0,68.0,68.0,0.0,1.0,1.0,0.0
1.58,25,3601,68.0,68.0,68.0,86.0,170.0,79627.23839999999,2.390772128060264,0.8,0.0
8.04,32,2176,68.0,68.0,68.0,68.0,68.0,0.0,1.0,1.0,0.0
0.31,14,5651,86.0,68.0,68.0,149.0,312.80000000000024,1099265.943877551,0.19446205876136125,0.7142857142857143,0.0
2.12,26,6991,86.0,68.0,68.0,170.0,857.0,171815.64053254446,1.6183520599250936,0.6153846153846154,0.0
6.2,28,1904,68.0,68.0,68.0,68.0,68.0,0.0,1.0,1.0,0.0
0.74,4,272,68.0,68.0,68.0,68.0,68.0,0.0,1.0,1.0,0.0
2.22,12,816,68.0,68.0,68.0,68.0,68.0,0.0,1.0,1.0,0.0
8.21,93,32500,86.0,68.0,68.0,170.0,1012.5999999999989,548211.4743901029,0.5695933545832126,0.6559139784946236,0.0
5.71,12,816,68.0,68.0,68.0,68.0,68.0,0.0,1.0,1.0,0.0
3.1,28,1904,68.0,68.0,68.0,68.0,68.0,0.0,1.0,1.0,0.0
3.91,24,5845,68.0,68.0,68.0,86.0,170.0,384111.33159722225,0.4730342741935484,0.8333333333333334,0.0
5.2,28,1904,68.0,68.0,68.0,68.0,68.0,0.0,1.0,1.0,0.0
7.86,68,17964,68.0,68.0,68.0,86.0,348.20000000000255,458582.4688581314,0.6443020594965675,0.8088235294117647,0.0
9.91,20,1360,68.0,68.0,68.0,68.0,68.0,0.0,1.0,1.0,0.0
3.03,91,33503,86.0,68.0,68.0,179.0,1516.0,348357.1046975003,1.6903557375732756,0.6043956043956044,0.0
2.77,16,1088,68.0,68.0,68.0,68.0,68.0,0.0,1.0,1.0,0.0
6.44,28,1904,68.0,68.0,68.0,68.0,68.0,0.0,1.0,1.0,0.0
4.33,23,4974,68.0,68.0,68.0,86.0,646.0000000000005,135337.93194706997,1.6275752773375594,0.782608695652174,0.0
2.12,28,1904,68.0,68.0,68.0,68.0,68.0,0.0,1.0,1.0,0.0
6.88,45,15508,86.0,68.0,68.0,170.0,1352.8000000000006,325869.34617283946,1.213215356072499,0.6666666666666666,0.0
8.47,36,2448,68.0,68.0,68.0,68.0,68.0,0.0,1.0,1.0,0.0
2.86,8,544,68.0,68.0,68.0,68.0,68.0,0.0,1.0,1.0,0.0
4.09,103,43286,86.0,68.0,68.0,170.0,1516.0,483103.89744556515,1.4719319285020844,0.6213592233009708,0.0
8.39,44,2992,68.0,68.0,68.0,68.0,68.0,0.0,1.0,1.0,0.0
6.01,28,5350,68.0,68.0,68.0,86.0,190.10000000000005,136637.35204081627,2.890909090909091,0.7857142857142857,0.0
9.45,69,14995,68.0,68.0,68.0,86.0,545.8000000000001,180461.7534131485,0.9895183760116757,0.782608695652174,0.0
3.82,28,1904,68.0,68.0,68.0,68.0,68.0,0.0,1.0,1.0,0.0
2.32,16,1088,68.0,68.0,68.0,68.0,68.0,0.0,1.0,1.0,0.0
6.9,95,39993,86.0,68.0,68.0,170.0,1516.0,519726.98903047113,1.258343215314247,0.6105263157894737,0.0
7.13,20,1360,68.0,68.0,68.0,68.0,68.0,0.0,1.0,1.0,0.0
2.3,24,1632,68.0,68.0,68.0,68.0,68.0,0.0,1.0,1.0,0.0
1.49,21,3694,68.0,68.0,68.0,86.0,325.0,96265.22902494328,2.3490480507706257,0.7619047619047619,0.0
7.17,32,2176,68.0,68.0,68.0,68.0,68.0,0.0,1.0,1.0,0.0
3.66,45,20751,86.0,68.0,68.0,170.0,1516.0,573516.6933333336,0.7124112889915828,0.6222222222222222,0.0
0.41,12,816,68.0,68.0,68.0,68.0,68.0,0.0,1.0,1.0,0.0
0.35,16,1088,68.0,68.0,68.0,68.0,68.0,0.0,1.0,1.0,0.0
6.64,16,1088,68.0,68.0,68.0,68.0,68.0,0.0,1.0,1.0,0.0
8.69,102,39845,86.0,68.0,68.0,170.0,1516.0,509256.1527297194,1.0680438054704935,0.6372549019607843,0.0
0.55,12,816,68.0,68.0,68.0,68.0,68.0,0.0,1.0,1.0,0.0
8.6,41,6949,68.0,68.0,68.0,68.0,86.0,303034.7864366448,0.371964461994077,0.9024390243902439,0.0
0.06,4,272,68.0,68.0,68.0,68.0,68.0,0.0,1.0,1.0,0.0
5.79,8,544,68.0,68.0,68.0,68.0,68.0,0.0,1.0,1.0,0.0
1.39,28,1904,68.0,68.0,68.0,68.0,68.0,0.0,1.0,1.0,0.0
9.88,72,17972,68.0,68.0,68.0,107.0,1000.2999999999993,181554.43209876545,3.2547348484848486,0.75,0.0
4.14,16,1088,68.0,68.0,68.0,68.0,68.0,0.0,1.0,1.0,0.0
1.31,99,44162,86.0,68.0,68.0,272.0,1516.0,492473.6702377308,1.1027521188458242,0.5959595959595959,0.0
0.02,4,272,68.0,68.0,68.0,68.0,68.0,0.0,1.0,1.0,0.0
5.95,12,816,68.0,68.0,68.0,68.0,68.0,0.0,1.0,1.0,0.0
6.89,28,1904,68.0,68.0,68.0,68.0,68.0,0.0,1.0,1.0,0.0
8.8,57,10459,68.0,68.0,68.0,68.0,119.59999999999988,182273.16220375497,1.255066839154808,0.8947368421052632,0.0
7.75,57,9750,68.0,68.0,68.0,86.0,170.0,89533.48845798707,2.4355179704016914,0.7719298245614035,0.0
7.45,16,1088,68.0,68.0,68.0,68.0,68.0,0.0,1.0,1.0,0.0
3.3,12,816,68.0,68.0,68.0,68.0,68.0,0.0,1.0,1.0,0.0
5.71,94,39131,86.0,68.0,68.0,170.0,1516.0,504490.28983703034,1.0496019275089044,0.6170212765957447,0.0
5.65,16,1088,68.0,68.0,68.0,68.0,68.0,0.0,1.0,1.0,0.0
8.97,44,4215,68.0,68.0,68.0,68.0,86.0,10516.708161157027,0.896939693969397,0.9090909090909091,0.0
9.66,36,2448,68.0,68.0,68.0,68.0,68.0,0.0,1.0,1.0,0.0
2.48,43,15122,86.0,68.0,68.0,170.0,1287.2000000000003,473410.0800432666,0.9897368421052631,0.6511627906976745,0.0
9.71,44,2992,68.0,68.0,68.0,68.0,68.0,0.0,1.0,1.0,0.0
5.29,85,30524,86.0,68.0,68.0,170.0,1329.600000000004,400732.61231833923,0.7620504531547654,0.611764705882353,0.0
9.44,44,2992,68.0,68.0,68.0,68.0,68.0,0.0,1.0,1.0,0.0
3.71,27,8524,68.0,68.0,68.0,128.0,958.000000000002,415719.0233196159,0.9215509467989179,0.7407407407407407,0.0
4.97,28,1904,68.0,68.0,68.0,68.0,68.0,0.0,1.0,1.0,0.0
8.74,71,17384,68.0,68.0,68.0,86.0,547.0,283258.9196587979,0.6323004694835681,0.7746478873239436,0.0
5.69,16,1088,68.0,68.0,68.0,68.0,68.0,0.0,1.0,1.0,0.0
7.83,95,39306,86.0,68.0,68.0,170.0,1516.0,446611.1361772852,1.228610307875489,0.631578947368421,0.0
3.58,16,1088,68.0,68.0,68.0,68.0,68.0,0.0,1.0,1.0,0.0
6.09,28,1904,68.0,68.0,68.0,68.0,68.0,0.0,1.0,1.0,0.0
9.39,52,5735,68.0,68.0,68.0,68.0,86.0,34638.24371301776,0.9277310924369748,0.9230769230769231,0.0
2.09,45,19157,86.0,68.0,68.0,170.0,1516.0,480938.24987654324,1.2487381148022068,0.6222222222222222,0.0
9.99,44,2992,68.0,68.0,68.0,68.0,68.0,0.0,1.0,1.0,0.0
8.42,97,33571,86.0,68.0,68.0,170.0,1172.0000000000011,449346.1460303964,0.6071137919479151,0.6494845360824743,0.0
6.54,22,1496,68.0,68.0,68.0,68.0,68.0,0.0,1.0,1.0,0.0
1.36,18,1224,68.0,68.0,68.0,68.0,68.0,0.0,1.0,1.0,0.0
3.01,24,5692,68.0,68.0,68.0,86.0,454.8999999999997,209541.72222222222,1.098046443051972,0.7916666666666666,0.0
7.7,32,2176,68.0,68.0,68.0,68.0,68.0,0.0,1.0,1.0,0.0
9.8,77,23774,68.0,68.0,68.0,86.0,1343.8000000000015,364964.4975543938,0.9450216804385175,0.7662337662337663,0.0
2.85,16,1088,68.0,68.0,68.0,68.0,68.0,0.0,1.0,1.0,0.0
7.75,93,34457,86.0,68.0,68.0,170.0,1482.9999999999995,401852.87362700887,0.8695133199500841,0.6344086021505376,0.0
6.18,16,1088,68.0,68.0,68.0,68.0,68.0,0.0,1.0,1.0,0.0
6.37,28,1904,68.0,68.0,68.0,68.0,68.0,0.0,1.0,1.0,0.0
7.27,25,6776,68.0,68.0,68.0,86.0,467.0000000000007,361384.43840000004,0.8269075222431922,0.8,0.0
1.87,28,1904,68.0,68.0,68.0,68.0,68.0,0.0,1.0,1.0,0.0
6.27,45,13076,86.0,68.0,68.0,170.0,927.4000000000001,257613.88839506175,0.6526794742163802,0.6888888888888889,0.0
0.84,28,1904,68.0,68.0,68.0,68.0,68.0,0.0,1.0,1.0,0.0
3.94,16,1088,68.0,68.0,68.0,68.0,68.0,0.0,1.0,1.0,0.0
7.46,91,32881,86.0,68.0,68.0,170.0,1516.0,356783.9572515397,1.327858407079646,0.6153846153846154,0.0
2.44,16,1088,68.0,68.0,68.0,68.0,68.0,0.0,1.0,1.0,0.0
4.36,28,1904,68.0,68.0,68.0,68.0,68.0,0.0,1.0,1.0,0.0
0.92,12,2585,86.0,68.0,68.0,170.0,697.4000000000002,73557.74305555556,1.0948136142625609,0.6666666666666666,0.0
1.92,12,816,68.0,68.0,68.0,68.0,68.0,0.0,1.0,1.0,0.0
9.02,73,20329,68.0,68.0,68.0,86.0,1446.5999999999995,282060.30437230255,1.3643870667597116,0.7808219178082192,0.0
0.52,24,1632,68.0,68.0,68.0,68.0,68.0,0.0,1.0,1.0,0.0
9.66,20,1360,68.0,68.0,68.0,68.0,68.0,0.0,1.0,1.0,0.0
7.83,100,38891,86.0,68.0,68.0,170.0,1516.0,377030.92189999996,1.4407556169197941,0.63,0.0
7.09,22,1496,68.0,68.0,68.0,68.0,68.0,0.0,1.0,1.0,0.0
6.88,22,1496,68.0,68.0,68.0,68.0,68.0,0.0,1.0,1.0,0.0
4.06,26,7058,68.0,68.0,68.0,86.0,271.5,452678.55621301784,0.6744958481613286,0.8076923076923077,0.0
6.41,28,1904,68.0,68.0,68.0,68.0,68.0,0.0,1.0,1.0,0.0
7.98,71,17554,68.0,68.0,68.0,86.0,766.0,194507.0553461614,1.4952380952380953,0.7605633802816901,0.0
0.48,4,272,68.0,68.0,68.0,68.0,68.0,0.0,1.0,1.0,0.0
1.29,12,816,68.0,68.0,68.0,68.0,68.0,0.0,1.0,1.0,0.0
8.1,98,38341,86.0,68.0,68.0,170.0,1516.0,416932.7510412328,0.9687291399229782,0.6326530612244898,0.0
2.63,16,1088,68.0,68.0,68.0,68.0,68.0,0.0,1.0,1.0,0.0
1.28,28,1904,68.0,68.0,68.0,68.0,68.0,0.0,1.0,1.0,0.0
1.1,12,1740,86.0,68.0,68.0,131.75,170.0,25830.5,1.914572864321608,0.6666666666666666,0.0
0.24,4,272,68.0,68.0,68.0,68.0,68.0,0.0,1.0,1.0,0.0
0.39,8,544,68.0,68.0,68.0,68.0,68.0,0.0,1.0,1.0,0.0
3.21,28,1904,68.0,68.0,68.0,68.0,68.0,0.0,1.0,1.0,0.0
0.81,17,6055,86.0,68.0,68.0,170.0,1260.4,375701.43944636674,1.1358024691358024,0.7058823529411765,0.0
2.86,26,8672,86.0,68.0,68.0,170.0,1162.0,304667.4792899409,1.4748858447488584,0.6153846153846154,0.0
2.99,28,1904,68.0,68.0,68.0,68.0,68.0,0.0,1.0,1.0,0.0
7.65,92,30109,86.0,68.0,68.0,170.0,1460.3000000000004,295638.480505671,1.3091494746529642,0.6739130434782609,0.0
7.27,12,2419,86.0,68.0,68.0,170.0,574.1000000000001,59478.909722222226,1.2051048313582498,0.6666666666666666,0.0
4.07,16,1088,68.0,68.0,68.0,68.0,68.0,0.0,1.0,1.0,0.0
2.16,28,1904,68.0,68.0,68.0,68.0,68.0,0.0,1.0,1.0,0.0
3.07,24,5822,68.0,68.0,68.0,86.0,170.0,325129.8263888889,0.6335578002244668,0.8333333333333334,0.0
7.24,28,1904,68.0,68.0,68.0,68.0,68.0,0.0,1.0,1.0,0.0
5.12,42,14625,86.0,68.0,68.0,170.0,1328.1,309387.9302721088,1.1232578397212543,0.6666666666666666,0.0
2.17,28,1904,68.0,68.0,68.0,68.0,68.0,0.0,1.0,1.0,0.0
2.18,16,1088,68.0,68.0,68.0,68.0,68.0,0.0,1.0,1.0,0.0
6.32,97,42341,86.0,68.0,68.0,170.0,1516.0,529195.9819321926,0.8159632870132099,0.6185567010309279,0.0
3.27,16,1088,68.0,68.0,68.0,68.0,68.0,0.0,1.0,1.0,0.0
0.41,20,1360,68.0,68.0,68.0,68.0,68.0,0.0,1.0,1.0,0.0
4.87,8,544,68.0,68.0,68.0,68.0,68.0,0.0,1.0,1.0,0.0
5.94,26,5650,68.0,68.0,68.0,86.0,447.0,156505.82840236684,2.5093167701863353,0.7692307692307693,0.0
1.95,28,1904,68.0,68.0,68.0,68.0,68.0,0.0,1.0,1.0,0.0
3.48,43,14313,86.0,68.0,68.0,170.0,1287.4000000000003,272488.25959978363,1.7051597051597052,0.6511627906976745,0.0
6.68,28,1904,68.0,68.0,68.0,68.0,68.0,0.0,1.0,1.0,0.0
7.23,55,12435,68.0,68.0,68.0,128.0,475.00000000000017,212364.22809917355,0.7309298440979956,0.7454545454545455,0.0
0.08,28,13251,86.0,68.0,68.0,170.0,1516.0,900785.1875,0.45823704192802905,0.6428571428571429,0.0
1.87,27,8505,86.0,68.0,68.0,170.0,1379.8000000000004,258677.33333333334,1.1305110220440882,0.6296296296296297,0.0
0.25,4,272,68.0,68.0,68.0,68.0,68.0,0.0,1.0,1.0,0.0
5.27,12,816,68.0,68.0,68.0,68.0,68.0,0.0,1.0,1.0,0.0
7.05,28,1904,68.0,68.0,68.0,68.0,68.0,0.0,1.0,1.0,0.0
2.66,25,4539,68.0,68.0,68.0,86.0,230.00000000000014,106831.3664,1.4311730048205678,0.8,0.0
1.96,28,1904,68.0,68.0,68.0,68.0,68.0,0.0,1.0,1.0,0.0
1.53,43,17053,86.0,68.0,68.0,229.5,1516.0,367697.5922120065,0.9319134473773649,0.6046511627906976,0.0
3.62,28,1904,68.0,68.0,68.0,68.0,68.0,0.0,1.0,1.0,0.0
3.53,16,1088,68.0,68.0,68.0,68.0,68.0,0.0,1.0,1.0,0.0
4.01,98,38218,86.0,68.0,68.0,170.0,1516.0,503444.775093711,0.7720591644642277,0.6326530612244898,0.0
8.59,44,2992,68.0,68.0,68.0,68.0,68.0,0.0,1.0,1.0,0.0
3.31,25,3063,68.0,68.0,68.0,86.0,170.0,27279.609599999996,1.5272277227722773,0.84,0.0
3.26,28,1904,68.0,68.0,68.0,68.0,68.0,0.0,1.0,1.0,0.0
5.64,49,19986,86.0,68.0,68.0,170.0,1516.0,530840.8013327781,1.091023226616447,0.6530612244897959,0.0
2.03,28,1904,68.0,68.0,68.0,68.0,68.0,0.0,1.0,1.0,0.0
4.83,16,1088,68.0,68.0,68.0,68.0,68.0,0.0,1.0,1.0,0.0
9.64,110,33719,86.0,68.0,68.0,170.0,1355.8000000000015,342507.6123140495,0.7308659719726913,0.6909090909090909,0.0
4.66,28,1904,68.0,68.0,68.0,68.0,68.0,0.0,1.0,1.0,0.0
6.09,27,8500,68.0,68.0,68.0,86.0,586.8000000000022,599718.0027434842,0.7642175176421752,0.8148148148148148,0.0
1.31,28,1904,68.0,68.0,68.0,68.0,68.0,0.0,1.0,1.0,0.0
9.26,71,19745,68.0,68.0,68.0,106.0,351.0,403158.87760365,0.7724416517055656,0.7464788732394366,0.0
7.33,16,1088,68.0,68.0,68.0,68.0,68.0,0.0,1.0,1.0,0.0
2.91,12,816,68.0,68.0,68.0,68.0,68.0,0.0,1.0,1.0,0.0
2.66,97,40666,86.0,68.0,68.0,170.0,1516.0,492137.0674885748,1.1147165886635466,0.6082474226804123,0.0
4.24,16,1088,68.0,68.0,68.0,68.0,68.0,0.0,1.0,1.0,0.0
6.31,28,1904,68.0,68.0,68.0,68.0,68.0,0.0,1.0,1.0,0.0
2.94,28,9925,68.0,68.0,68.0,86.0,1221.3000000000002,624598.3915816328,1.0540149006622517,0.7857142857142857,0.0
2.59,28,1904,68.0,68.0,68.0,68.0,68.0,0.0,1.0,1.0,0.0
4.72,47,16258,86.0,68.0,68.0,170.0,1429.6,249673.39701222265,2.976033259965762,0.6382978723404256,0.0
1.05,28,1904,68.0,68.0,68.0,68.0,68.0,0.0,1.0,1.0,0.0
1.17,16,1088,68.0,68.0,68.0,68.0,68.0,0.0,1.0,1.0,0.0
1.3,91,28377,86.0,68.0,68.0,170.0,1200.0,246837.3024996981,1.3149779735682818,0.6373626373626373,0.0
6.57,16,1088,68.0,68.0,68.0,68.0,68.0,0.0,1.0,1.0,0.0
4.73,28,1904,68.0,68.0,68.0,68.0,68.0,0.0,1.0,1.0,0.0
0.03,13,4107,86.0,68.0,68.0,170.0,870.6000000000001,189147.45562130178,2.4026512013256007,0.6153846153846154,0.0
2.61,12,816,68.0,68.0,68.0,68.0,68.0,0.0,1.0,1.0,0.0
0.43,20,1360,68.0,68.0,68.0,68.0,68.0,0.0,1.0,1.0,0.0
0.55,8,544,68.0,68.0,68.0,68.0,68.0,0.0,1.0,1.0,0.0
4.92,45,19655,86.0,68.0,68.0,170.0,1516.0,551593.150617284,1.2221594120972301,0.6222222222222222,0.0
8.23,32,2176,68.0,68.0,68.0,68.0,68.0,0.0,1.0,1.0,0.0
5.47,12,816,68.0,68.0,68.0,68.0,68.0,0.0,1.0,1.0,0.0
9.22,114,37897,86.0,68.0,68.0,170.0,1335.1000000000001,353335.10472453065,0.9057125616011265,0.6929824561403509,0.0
3.16,28,1904,68.0,68.0,68.0,68.0,68.0,0.0,1.0,1.0,0.0
2.51,24,2322,68.0,68.0,68.0,86.0,170.0,4172.1875,1.1440443213296398,0.8333333333333334,0.0
8.17,32,2176,68.0,68.0,68.0,68.0,68.0,0.0,1.0,1.0,0.0
9.15,70,20630,68.0,68.0,68.0,86.0,1087.6000000000006,415754.37551020406,0.7275163289231285,0.7571428571428571,0.0
8.58,104,31574,86.0,68.0,68.0,170.0,1090.900000000001,289257.663831361,1.0216416954795748,0.6826923076923077,0.0
1.97,16,1088,68.0,68.0,68.0,68.0,68.0,0.0,1.0,1.0,0.0
6.84,28,1904,68.0,68.0,68.0,68.0,68.0,0.0,1.0,1.0,0.0
2.27,25,5829,68.0,68.0,68.0,86.0,170.0,362076.1344000001,0.47383059418457646,0.84,0.0
9.35,76,22176,68.0,68.0,68.0,86.0,847.0,430122.0346260388,0.8475381154711322,0.7894736842105263,0.0
0.16,4,272,68.0,68.0,68.0,68.0,68.0,0.0,1.0,1.0,0.0
9.85,40,2720,68.0,68.0,68.0,68.0,68.0,0.0,1.0,1.0,0.0
1.43,94,40815,86.0,68.0,68.0,170.0,1516.0,512734.82084653695,0.9193510463202446,0.6063829787234043,0.0
0.24,4,272,68.0,68.0,68.0,68.0,68.0,0.0,1.0,1.0,0.0
1.73,12,816,68.0,68.0,68.0,68.0,68.0,0.0,1.0,1.0,0.0
9.91,55,10646,68.0,68.0,68.0,68.0,136.40000000000012,255871.33685950405,1.0691933916423713,0.8909090909090909,0.0
7.84,32,2176,68.0,68.0,68.0,68.0,68.0,0.0,1.0,1.0,0.0
2.73,38,12926,86.0,68.0,68.0,170.0,1398.2,309082.8171745152,1.0721385059313884,0.631578947368421,0.0
0.48,3,670,86.0,71.6,77.0,301.0,430.0,42880.88888888888,0.11295681063122924,0.6666666666666666,0.0
8.72,36,2448,68.0,68.0,68.0,68.0,68.0,0.0,1.0,1.0,0.0
1.18,4,272,68.0,68.0,68.0,68.0,68.0,0.0,1.0,1.0,0.0
4.77,107,49713,86.0,68.0,68.0,179.0,1516.0,619154.2571403616,1.0043139942748862,0.616822429906542,0.0
6.06,16,1088,68.0,68.0,68.0,68.0,68.0,0.0,1.0,1.0,0.0
6.9,28,1904,68.0,68.0,68.0,68.0,68.0,0.0,1.0,1.0,0.0
6.51,25,4860,68.0,68.0,68.0,86.0,174.8,139590.4,1.131578947368421,0.8,0.0
6.59,28,1904,68.0,68.0,68.0,68.0,68.0,0.0,1.0,1.0,0.0
8.34,73,18109,68.0,68.0,68.0,86.0,687.9999999999991,260720.28297992118,1.328233479043456,0.7808219178082192,0.0
2.28,16,1088,68.0,68.0,68.0,68.0,68.0,0.0,1.0,1.0,0.0
5.32,99,50005,86.0,68.0,68.0,658.0,1516.0,658754.6766656463,1.090247878610542,0.5959595959595959,0.0
7.08,66,11622,86.0,68.0,68.0,222.0,516.0,31236.90082644628,1.1301319648093842,0.7272727272727273,0.0
3.9,15,8432,86.0,68.0,68.0,638.0,1516.0,792216.2488888889,1.209643605870021,0.6,0.0
2.71,40,2720,68.0,68.0,68.0,68.0,68.0,0.0,1.0,1.0,0.0
9.42,76,18646,68.0,68.0,68.0,86.0,664.0,198530.382963989,1.2775131305728593,0.7763157894736842,0.0
6.79,44,2992,68.0,68.0,68.0,68.0,68.0,0.0,1.0,1.0,0.0
0.52,66,31163,86.0,68.0,68.0,570.5,1516.0,477041.5934343434,1.4611435792133944,0.5757575757575758,0.0
2.72,27,11332,86.0,68.0,68.0,170.0,1516.0,584610.8010973937,0.7664848012470772,0.6296296296296297,0.0
5.21,16,1088,68.0,68.0,68.0,68.0,68.0,0.0,1.0,1.0,0.0
3.66,28,1904,68.0,68.0,68.0,68.0,68.0,0.0,1.0,1.0,0.0
3.73,25,6002,68.0,68.0,68.0,86.0,170.0,554358.2336,0.24162184526272237,0.84,0.0
9.81,71,15209,68.0,68.0,68.0,86.0,694.0,140540.70184487203,1.444783796817232,0.7746478873239436,0.0
4.28,42,6834,68.0,68.0,68.0,86.0,486.0,29881.489795918365,1.1805998723675815,0.7857142857142857,0.0
4.71,4,272,68.0,68.0,68.0,68.0,68.0,0.0,1.0,1.0,0.0
9.88,120,41885,86.0,68.0,68.0,170.0,1296.5000000000011,534937.323263889,0.770811313575445,0.725,0.0
1.09,4,272,68.0,68.0,68.0,68.0,68.0,0.0,1.0,1.0,0.0
0.1,4,272,68.0,68.0,68.0,68.0,68.0,0.0,1.0,1.0,0.0
8.92,36,2448,68.0,68.0,68.0,68.0,68.0,0.0,1.0,1.0,0.0
9.14,51,8751,68.0,68.0,68.0,68.0,86.0,188902.04613610147,0.9279576999339062,0.9019607843137255,0.0
2.27,49,17824,86.0,68.0,68.0,170.0,1484.8000000000002,445891.8583923365,1.3247684883265944,0.673469387755102,0.0
6.05,28,1904,68.0,68.0,68.0,68.0,68.0,0.0,1.0,1.0,0.0
5.02,16,1088,68.0,68.0,68.0,68.0,68.0,0.0,1.0,1.0,0.0
1.79,97,29588,86.0,68.0,68.0,170.0,1479.6,225590.4011053247,1.7267532946272233,0.6391752577319587,0.0
9.18,44,2992,68.0,68.0,68.0,68.0,68.0,0.0,1.0,1.0,0.0
4.66,24,4608,68.0,68.0,68.0,86.0,170.0,138156.33333333334,0.9216013344453712,0.8333333333333334,0.0
6.91,28,1904,68.0,68.0,68.0,68.0,68.0,0.0,1.0,1.0,0.0
6.17,43,13160,86.0,68.0,68.0,170.0,1209.6000000000004,247504.74202271499,1.201773464948971,0.6744186046511628,0.0
0.43,20,1360,68.0,68.0,68.0,68.0,68.0,0.0,1.0,1.0,0.0
5.91,8,544,68.0,68.0,68.0,68.0,68.0,0.0,1.0,1.0,0.0
3.86,16,1088,68.0,68.0,68.0,68.0,68.0,0.0,1.0,1.0,0.0
4.39,92,39808,86.0,68.0,68.0,295.25,1516.0,457288.23345935723,1.3538315988647114,0.5978260869565217,0.0
3.44,16,1088,68.0,68.0,68.0,68.0,68.0,0.0,1.0,1.0,0.0
4.69,28,1904,68.0,68.0,68.0,68.0,68.0,0.0,1.0,1.0,0.0
6.6,21,5749,68.0,68.0,68.0,86.0,170.0,426760.94331065763,0.5109067017082786,0.8095238095238095,0.0
7.8,32,2176,68.0,68.0,68.0,68.0,68.0,0.0,1.0,1.0,0.0
9.63,66,17519,68.0,68.0,68.0,86.0,773.5,358547.60996326903,0.798849984598008,0.7878787878787878,0.0
8.69,104,37923,86.0,68.0,68.0,170.0,1345.0,362497.30612056213,1.2205761798805481,0.6634615384615384,0.0
8.4,44,2992,68.0,68.0,68.0,68.0,68.0,0.0,1.0,1.0,0.0
1.43,21,5750,68.0,68.0,68.0,86.0,901.0,239924.43990929704,1.2260936895083236,0.7619047619047619,0.0
7.11,32,2176,68.0,68.0,68.0,68.0,68.0,0.0,1.0,1.0,0.0
6.32,48,20686,86.0,68.0,68.0,170.0,1516.0,591171.2065972221,1.0262513468508179,0.6458333333333334,0.0
9.7,44,2992,68.0,68.0,68.0,68.0,68.0,0.0,1.0,1.0,0.0
0.26,42,19812,86.0,68.0,68.0,623.0,1516.0,539801.0136054421,0.893167701863354,0.5714285714285714,0.0
9.82,70,24411,83.0,68.0,68.0,170.0,1286.5000000000005,450003.0834693879,0.959463798362498,0.7142857142857143,0.0
1.83,28,1904,68.0,68.0,68.0,68.0,68.0,0.0,1.0,1.0,0.0
5.51,26,6768,68.0,68.0,68.0,86.0,982.0,190137.8284023669,2.8215697346132127,0.7692307692307693,0.0
8.27,32,2176,68.0,68.0,68.0,68.0,68.0,0.0,1.0,1.0,0.0
2.47,38,12857,86.0,68.0,68.0,170.0,854.6000000000021,502405.17243767326,0.49586969168121,0.6578947368421053,0.0
9.92,44,2992,68.0,68.0,68.0,68.0,68.0,0.0,1.0,1.0,0.0
8.39,99,41989,86.0,68.0,68.0,170.0,1516.0,594226.0736659524,0.7902703163639464,0.6161616161616161,0.0
8.05,40,2720,68.0,68.0,68.0,68.0,68.0,0.0,1.0,1.0,0.0
3.65,23,3457,68.0,68.0,68.0,86.0,170.0,85925.68998109637,2.062001771479185,0.8260869565217391,0.0
5.52,28,1904,68.0,68.0,68.0,68.0,68.0,0.0,1.0,1.0,0.0
6.32,44,14014,86.0,68.0,68.0,170.0,1094.4,319964.9772727273,0.686401925391095,0.6590909090909091,0.0
5.08,28,1904,68.0,68.0,68.0,68.0,68.0,0.0,1.0,1.0,0.0
3.17,16,1088,68.0,68.0,68.0,68.0,68.0,0.0,1.0,1.0,0.0
8.02,93,36754,86.0,68.0,68.0,170.0,1516.0,400257.1733148341,1.2070497808202727,0.6129032258064516,0.0
3.03,16,1088,68.0,68.0,68.0,68.0,68.0,0.0,1.0,1.0,0.0
1.43,28,1904,68.0,68.0,68.0,68.0,68.0,0.0,1.0,1.0,0.0
5.81,24,5734,68.0,68.0,68.0,86.0,170.0,511033.3263888888,0.26188380281690143,0.8333333333333334,0.0
3.57,28,1904,68.0,68.0,68.0,68.0,68.0,0.0,1.0,1.0,0.0
1.6,46,16013,86.0,68.0,68.0,170.0,1256.5,364536.2707939508,1.1039285245040074,0.6521739130434783,0.0
3.28,28,1904,68.0,68.0,68.0,68.0,68.0,0.0,1.0,1.0,0.0
7.99,114,44157,86.0,68.0,68.0,170.0,1516.0,455239.90927977837,1.0276897644303624,0.6578947368421053,0.0
1.79,15,2702,86.0,68.0,68.0,222.0,486.0,27373.048888888887,0.08166533226581266,0.6666666666666666,0.0
3.91,15,1486,68.0,68.0,68.0,68.0,78.8,12436.72888888889,0.47128712871287126,0.9333333333333333,0.0
5.13,20,1360,68.0,68.0,68.0,68.0,68.0,0.0,1.0,1.0,0.0
5.52,27,3859,68.0,68.0,68.0,86.0,170.0,75027.17969821676,2.4609865470852017,0.8148148148148148,0.0
2.92,8,544,68.0,68.0,68.0,68.0,68.0,0.0,1.0,1.0,0.0
0.57,16,1088,68.0,68.0,68.0,68.0,68.0,0.0,1.0,1.0,0.0
3.31,50,18683,86.0,68.0,68.0,170.0,1516.0,615056.0244,0.653362831858407,0.68,0.0
6.52,24,1632,68.0,68.0,68.0,68.0,68.0,0.0,1.0,1.0,0.0
7.82,24,1632,68.0,68.0,68.0,68.0,68.0,0.0,1.0,1.0,0.0
1.48,95,33885,86.0,68.0,68.0,170.0,1327.0000000000014,386197.58448753465,1.046072097095586,0.6210526315789474,0.0
3.49,16,1088,68.0,68.0,68.0,68.0,68.0,0.0,1.0,1.0,0.0
4.35,28,1904,68.0,68.0,68.0,68.0,68.0,0.0,1.0,1.0,0.0
0.62,14,5145,86.0,68.0,72.5,170.0,1369.6000000000006,277502.10714285716,7.476112026359143,0.5714285714285714,0.0
6.8,34,2312,68.0,68.0,68.0,68.0,68.0,0.0,1.0,1.0,0.0
2.44,6,408,68.0,68.0,68.0,68.0,68.0,0.0,1.0,1.0,0.0
6.74,81,20543,86.0,68.0,68.0,222.0,516.0,216720.7547629935,0.8404407812220033,0.6296296296296297,0.0
0.04,4,272,68.0,68.0,68.0,68.0,68.0,0.0,1.0,1.0,0.0
4.05,16,1088,68.0,68.0,68.0,68.0,68.0,0.0,1.0,1.0,0.0
6.93,38,5868,68.0,68.0,68.0,77.0,170.0,81509.98060941827,1.5347732181425486,0.868421052631579,0.0
0.47,63,19429,86.0,68.0,68.0,170.0,1171.2000000000003,200271.38221214406,2.033885071830106,0.6190476190476191,0.0
4.52,12,1729,86.0,68.0,68.0,170.0,346.4000000000001,13030.409722222224,0.9536723163841808,0.6666666666666666,0.0
0.93,4,272,68.0,68.0,68.0,68.0,68.0,0.0,1.0,1.0,0.0
5.11,12,816,68.0,68.0,68.0,68.0,68.0,0.0,1.0,1.0,0.0
3.74,28,1904,68.0,68.0,68.0,68.0,68.0,0.0,1.0,1.0,0.0
4.82,27,7176,68.0,68.0,68.0,86.0,960.4000000000019,227451.06172839509,1.6896551724137931,0.7777777777777778,0.0
5.8,28,1904,68.0,68.0,68.0,68.0,68.0,0.0,1.0,1.0,0.0
1.48,47,20233,86.0,68.0,68.0,170.0,1516.0,451504.42009959277,1.5392821285140563,0.6382978723404256,0.0
5.11,28,1904,68.0,68.0,68.0,68.0,68.0,0.0,1.0,1.0,0.0
5.31,16,1088,68.0,68.0,68.0,68.0,68.0,0.0,1.0,1.0,0.0
9.59,109,40014,86.0,68.0,68.0,170.0,1516.0,379145.66871475475,1.319921150278293,0.6513761467889908,0.0
2.1,6,1280,86.0,68.0,72.5,386.0,486.0,37227.555555555555,0.11888111888111888,0.6666666666666666,0.0
1.44,24,1632,68.0,68.0,68.0,68.0,68.0,0.0,1.0,1.0,0.0
6.97,34,8872,68.0,68.0,68.0,86.0,170.0,416875.34948096884,0.9104220499569337,0.8235294117647058,0.0
7.67,24,1632,68.0,68.0,68.0,68.0,68.0,0.0,1.0,1.0,0.0
5.94,50,17971,86.0,68.0,68.0,170.0,1383.7000000000003,411834.6436,1.292219387755102,0.7,0.0
7.94,28,1904,68.0,68.0,68.0,68.0,68.0,0.0,1.0,1.0,0.0
4.11,16,1088,68.0,68.0,68.0,68.0,68.0,0.0,1.0,1.0,0.0
8.81,95,33279,86.0,68.0,68.0,170.0,1030.4000000000015,425947.13839335175,0.6430828478325269,0.6421052631578947,0.0
4.64,12,816,68.0,68.0,68.0,68.0,68.0,0.0,1.0,1.0,0.0
7.16,28,1904,68.0,68.0,68.0,68.0,68.0,0.0,1.0,1.0,0.0
1.62,26,5428,68.0,68.0,68.0,86.0,207.0,182006.4852071006,1.0,0.8076923076923077,0.0
3.1,28,1904,68.0,68.0,68.0,68.0,68.0,0.0,1.0,1.0,0.0
6.4,69,23636,86.0,68.0,68.0,170.0,1516.0,314381.63873135904,1.0909412597310686,0.6376811594202898,0.0
1.6,16,1088,68.0,68.0,68.0,68.0,68.0,0.0,1.0,1.0,0.0
7.97,28,1904,68.0,68.0,68.0,68.0,68.0,0.0,1.0,1.0,0.0
4.36,92,42541,86.0,68.0,68.0,393.5,1516.0,553190.6752126655,1.2203027139874738,0.5869565217391305,0.0
3.73,12,816,68.0,68.0,68.0,68.0,68.0,0.0,1.0,1.0,0.0
8.66,32,2176,68.0,68.0,68.0,68.0,68.0,0.0,1.0,1.0,0.0
5.03,24,2764,68.0,68.0,68.0,86.0,163.1,24111.72222222223,1.675701839303001,0.8333333333333334,0.0
6.06,28,1904,68.0,68.0,68.0,68.0,68.0,0.0,1.0,1.0,0.0
7.38,46,17171,86.0,68.0,68.0,170.0,1353.0,479352.8549149339,0.7205410821643287,0.6521739130434783,0.0
0.53,28,1904,68.0,68.0,68.0,68.0,68.0,0.0,1.0,1.0,0.0
5.66,16,1088,68.0,68.0,68.0,68.0,68.0,0.0,1.0,1.0,0.0
4.21,90,36531,86.0,68.0,68.0,170.0,1516.0,568174.1344444443,0.9837632364919903,0.6222222222222222,0.0
1.23,12,816,68.0,68.0,68.0,68.0,68.0,0.0,1.0,1.0,0.0
2.75,4,272,68.0,68.0,68.0,68.0,68.0,0.0,1.0,1.0,0.0
5.19,28,1904,68.0,68.0,68.0,68.0,68.0,0.0,1.0,1.0,0.0
0.22,18,8326,86.0,68.0,68.0,406.25,1516.0,574458.4691358025,1.0841051314142678,0.6111111111111112,0.0
1.73,12,816,68.0,68.0,68.0,68.0,68.0,0.0,1.0,1.0,0.0
0.93,28,1904,68.0,68.0,68.0,68.0,68.0,0.0,1.0,1.0,0.0
8.35,73,19891,68.0,68.0,68.0,86.0,1101.3999999999999,273906.60574216547,1.4037462235649547,0.7808219178082192,0.0
9.77,103,41551,86.0,68.0,68.0,170.0,1502.7999999999997,591809.1735319068,0.8938468550592525,0.6601941747572816,0.0
5.67,16,1088,68.0,68.0,68.0,68.0,68.0,0.0,1.0,1.0,0.0
9.37,55,7985,68.0,68.0,68.0,68.0,86.0,99235.49421487597,1.1810980606391697,0.9090909090909091,0.0
4.92,28,1904,68.0,68.0,68.0,68.0,68.0,0.0,1.0,1.0,0.0
0.72,22,8459,83.0,68.0,68.0,170.0,1486.0000000000007,306477.9772727273,1.5280932456664673,0.6818181818181818,0.0
4.98,30,13708,86.0,68.0,68.0,197.75,1516.0,567377.9288888888,1.922814498933902,0.6,0.0
0.25,12,816,68.0,68.0,68.0,68.0,68.0,0.0,1.0,1.0,0.0
6.6,16,1088,68.0,68.0,68.0,68.0,68.0,0.0,1.0,1.0,0.0
2.87,16,1088,68.0,68.0,68.0,68.0,68.0,0.0,1.0,1.0,0.0
0.76,100,45222,86.0,68.0,68.0,190.25,1516.0,596386.3916,1.0797461368653423,0.61,0.0
5.78,16,1088,68.0,68.0,68.0,68.0,68.0,0.0,1.0,1.0,0.0
7.78,43,9096,68.0,68.0,68.0,68.0,170.0,272477.36506219575,0.9903719912472647,0.8604651162790697,0.0
6.82,36,2448,68.0,68.0,68.0,68.0,68.0,0.0,1.0,1.0,0.0
1.62,4,272,68.0,68.0,68.0,68.0,68.0,0.0,1.0,1.0,0.0
9.15,73,17753,68.0,68.0,68.0,86.0,707.9999999999992,220998.23719271904,1.7506972420204525,0.7808219178082192,0.0
7.99,111,39151,86.0,68.0,68.0,170.0,1516.0,394533.7727457187,1.1846437140784554,0.6756756756756757,0.0
0.43,3,408,86.0,71.6,77.0,170.0,220.4,7016.0,5.0,0.6666666666666666,0.0
6.05,38,7584,86.0,68.0,68.0,486.0,486.0,34277.71745152354,5.196078431372549,0.6842105263157895,0.0
4.6,55,7577,68.0,68.0,68.0,68.0,86.0,139198.6532231405,0.6336783096162139,0.9272727272727272,0.0
5.69,84,23118,68.0,68.0,68.0,86.0,959.6000000000032,381765.43027210876,0.9733674775928297,0.8214285714285714,0.0
6.94,44,2992,68.0,68.0,68.0,68.0,68.0,0.0,1.0,1.0,0.0
5.79,88,34216,86.0,68.0,68.0,170.0,1516.0,449180.48966942145,1.2512007368905849,0.6136363636363636,0.0
5.87,16,1088,68.0,68.0,68.0,68.0,68.0,0.0,1.0,1.0,0.0
4.99,28,1904,68.0,68.0,68.0,68.0,68.0,0.0,1.0,1.0,0.0
6.49,23,2796,68.0,68.0,68.0,86.0,170.0,18993.11531190926,0.8144062297209604,0.8260869565217391,0.0
3.74,28,1904,68.0,68.0,68.0,68.0,68.0,0.0,1.0,1.0,0.0
1.45,147,29816,86.0,68.0,86.0,222.0,486.0,32132.508491832104,7.0627366143861545,0.6054421768707483,0.0
1.59,35,15001,86.0,68.0,68.0,170.0,1773.6000000000013,672110.0114285715,0.8535771654516249,0.6571428571428571,0.0
4.72,3,670,86.0,71.6,77.0,301.0,430.0,42880.88888888888,0.11295681063122924,0.6666666666666666,0.0
3.47,40,2720,68.0,68.0,68.0,68.0,68.0,0.0,1.0,1.0,0.0
1.46,4,272,68.0,68.0,68.0,68.0,68.0,0.0,1.0,1.0,0.0
4.63,84,45103,86.0,68.0,68.0,170.0,2627.4000000000033,1163072.2940759636,1.4276333494805964,0.6547619047619048,0.0
9.64,44,2992,68.0,68.0,68.0,68.0,68.0,0.0,1.0,1.0,0.0
7.59,28,4032,68.0,68.0,68.0,86.0,170.0,69530.35714285714,1.5438485804416404,0.8571428571428571,0.0
0.74,24,1632,68.0,68.0,68.0,68.0,68.0,0.0,1.0,1.0,0.0
4.18,4,272,68.0,68.0,68.0,68.0,68.0,0.0,1.0,1.0,0.0
0.55,4,272,68.0,68.0,68.0,68.0,68.0,0.0,1.0,1.0,0.0
0.45,35,11642,86.0,68.0,68.0,170.0,1108.6000000000001,359565.60489795916,1.2221798053063562,0.6571428571428571,0.0
4.86,28,1904,68.0,68.0,68.0,68.0,68.0,0.0,1.0,1.0,0.0
5.99,16,1088,68.0,68.0,68.0,68.0,68.0,0.0,1.0,1.0,0.0
3.83,83,35745,86.0,68.0,68.0,170.0,1655.6,740668.0307736972,0.6313723700424444,0.6385542168674698,0.0
3.35,16,1088,68.0,68.0,68.0,68.0,68.0,0.0,1.0,1.0,0.0
2.24,12,2560,86.0,68.0,68.0,486.0,486.0,37227.555555555555,2.2989690721649483,0.6666666666666666,0.0
3.79,20,1360,68.0,68.0,68.0,68.0,68.0,0.0,1.0,1.0,0.0
0.1,13,5455,86.0,68.0,68.0,170.0,374.00000000000017,1080781.7751479286,4.617919670442842,0.6923076923076923,0.0
3.36,20,1360,68.0,68.0,68.0,68.0,68.0,0.0,1.0,1.0,0.0
8.95,48,16036,68.0,68.0,68.0,86.0,170.0,920272.8263888886,0.626369168356998,0.8333333333333334,0.0
3.6,20,4870,68.0,68.0,68.0,86.0,257.20000000000124,273118.75,0.5821962313190383,0.8,0.0
2.98,20,1360,68.0,68.0,68.0,68.0,68.0,0.0,1.0,1.0,0.0
6.41,18,2796,68.0,68.0,68.0,68.0,98.90000000000003,113483.66666666667,3.0463096960926195,0.8888888888888888,0.0
7.83,97,31764,86.0,68.0,68.0,170.0,1257.4,438730.6610691891,0.7866021711007368,0.6907216494845361,0.0
2.29,4,272,68.0,68.0,68.0,68.0,68.0,0.0,1.0,1.0,0.0
2.27,12,816,68.0,68.0,68.0,68.0,68.0,0.0,1.0,1.0,0.0
9.22,51,4538,68.0,68.0,68.0,68.0,86.0,11144.019223375624,1.4151144225651942,0.9215686274509803,0.0
3.63,1,68,68.0,68.0,68.0,68.0,68.0,0.0,0.0,1.0,0.0
1.38,28,1904,68.0,68.0,68.0,68.0,68.0,0.0,1.0,1.0,0.0
0.4,4,272,68.0,68.0,68.0,68.0,68.0,0.0,1.0,1.0,0.0
8.84,68,21602,68.0,68.0,68.0,86.0,170.0,645021.2776816608,1.0520566163199392,0.8235294117647058,0.0
5.04,16,1088,68.0,68.0,68.0,68.0,68.0,0.0,1.0,1.0,0.0
4.19,88,33193,86.0,68.0,68.0,170.0,1192.8999999999987,645904.8376807851,0.7351280710925249,0.6818181818181818,0.0
1.02,8,544,68.0,68.0,68.0,68.0,68.0,0.0,1.0,1.0,0.0
5.52,8,544,68.0,68.0,68.0,68.0,68.0,0.0,1.0,1.0,0.0
7.7,28,1904,68.0,68.0,68.0,68.0,68.0,0.0,1.0,1.0,0.0
7.97,49,5441,68.0,68.0,68.0,68.0,86.0,62731.83506872136,0.53613777526821,0.9183673469387755,0.0
0.14,4,272,68.0,68.0,68.0,68.0,68.0,0.0,1.0,1.0,0.0
7.58,52,12900,80.0,68.0,68.0,86.0,270.79999999999984,268562.5325443787,1.775984506132989,0.7692307692307693,0.0
4.71,16,1088,68.0,68.0,68.0,68.0,68.0,0.0,1.0,1.0,0.0
5.88,16,1088,68.0,68.0,68.0,68.0,68.0,0.0,1.0,1.0,0.0
5.9,82,34234,86.0,68.0,68.0,170.0,1165.3000000000002,766708.4205829863,1.3598262907561867,0.6463414634146342,0.0
1.44,16,1088,68.0,68.0,68.0,68.0,68.0,0.0,1.0,1.0,0.0
1.48,28,1904,68.0,68.0,68.0,68.0,68.0,0.0,1.0,1.0,0.0
6.6,24,6454,68.0,68.0,68.0,86.0,170.0,421398.32638888893,1.4596036585365855,0.8333333333333334,0.0
3.49,28,1904,68.0,68.0,68.0,68.0,68.0,0.0,1.0,1.0,0.0
4.09,41,17857,86.0,68.0,68.0,170.0,1516.0,831322.8828078525,0.9703188789584023,0.7073170731707317,0.0
3.51,28,1904,68.0,68.0,68.0,68.0,68.0,0.0,1.0,1.0,0.0
5.25,16,1088,68.0,68.0,68.0,68.0,68.0,0.0,1.0,1.0,0.0
1.96,83,32301,86.0,68.0,68.0,170.0,1160.1999999999991,676990.3570910147,1.0566025722653762,0.6626506024096386,0.0
9.69,44,2992,68.0,68.0,68.0,68.0,68.0,0.0,1.0,1.0,0.0
9.45,54,8400,68.0,68.0,68.0,68.0,86.0,173385.1728395061,0.9404019404019404,0.9259259259259259,0.0
9.49,70,23269,68.0,68.0,68.0,86.0,170.0,701907.4997959185,0.9517698372756249,0.8285714285714286,0.0
6.29,16,1088,68.0,68.0,68.0,68.0,68.0,0.0,1.0,1.0,0.0
4.58,84,34922,86.0,68.0,68.0,170.0,1572.3000000000004,749394.6933106576,0.9301387276847399,0.6547619047619048,0.0
1.43,16,1088,68.0,68.0,68.0,68.0,68.0,0.0,1.0,1.0,0.0
7.71,28,1904,68.0,68.0,68.0,68.0,68.0,0.0,1.0,1.0,0.0
6.72,25,6191,68.0,68.0,68.0,86.0,170.0,578681.3504000001,3.8979430379746836,0.84,0.0
1.66,28,1904,68.0,68.0,68.0,68.0,68.0,0.0,1.0,1.0,0.0
9.21,68,22638,68.0,68.0,68.0,86.0,170.0,698265.492214533,1.3350180505415163,0.8235294117647058,0.0
7.24,75,29104,86.0,68.0,68.0,170.0,979.0000000000032,790565.7304888889,1.03155102610638,0.7333333333333333,0.0
8.97,40,16328,68.0,68.0,68.0,86.0,436.8000000000038,964779.51,0.9313934232316063,0.8,0.0
9.27,51,10294,68.0,68.0,68.0,68.0,86.0,403456.9165705497,0.9780937740199847,0.9215686274509803,0.0
2.86,28,1904,68.0,68.0,68.0,68.0,68.0,0.0,1.0,1.0,0.0
5.0,39,18619,86.0,68.0,68.0,170.0,1516.6000000000045,1057553.5752794216,1.2181319990469384,0.6923076923076923,0.0
6.53,28,1904,68.0,68.0,68.0,68.0,68.0,0.0,1.0,1.0,0.0
6.18,16,1088,68.0,68.0,68.0,68.0,68.0,0.0,1.0,1.0,0.0
0.53,73,29769,86.0,68.0,68.0,170.0,1412.399999999998,755094.6016138113,1.4003386550556363,0.6712328767123288,0.0
9.4,28,7115,68.0,68.0,68.0,86.0,170.0,453694.8813775509,0.6111865942028986,0.8571428571428571,0.0
1.69,28,1904,68.0,68.0,68.0,68.0,68.0,0.0,1.0,1.0,0.0
0.64,12,3140,86.0,68.0,68.0,170.0,493.10000000000014,191926.0555555556,2.118172790466733,0.6666666666666666,0.0
2.93,12,816,68.0,68.0,68.0,68.0,68.0,0.0,1.0,1.0,0.0
7.48,28,1904,68.0,68.0,68.0,68.0,68.0,0.0,1.0,1.0,0.0
0.29,4,272,68.0,68.0,68.0,68.0,68.0,0.0,1.0,1.0,0.0
5.85,42,19345,86.0,68.0,71.0,170.0,1516.0,703508.9075963718,0.6699758287292817,0.6428571428571429,0.0
7.56,28,1904,68.0,68.0,68.0,68.0,68.0,0.0,1.0,1.0,0.0
7.28,56,18199,80.0,68.0,68.0,86.0,704.5,601582.0889668368,0.710271591015882,0.7678571428571429,0.0
2.65,49,23636,86.0,68.0,68.0,170.0,2403.000000000001,1007251.4568929613,0.5928297055057619,0.673469387755102,0.0
3.78,16,1088,68.0,68.0,68.0,68.0,68.0,0.0,1.0,1.0,0.0
5.37,28,1904,68.0,68.0,68.0,68.0,68.0,0.0,1.0,1.0,0.0
2.54,24,6527,68.0,68.0,68.0,86.0,170.0,407323.7065972222,0.8815220524646872,0.8333333333333334,0.0
1.06,28,1904,68.0,68.0,68.0,68.0,68.0,0.0,1.0,1.0,0.0
0.59,4,272,68.0,68.0,68.0,68.0,68.0,0.0,1.0,1.0,0.0
8.66,64,16901,68.0,68.0,68.0,86.0,170.0,500262.5095214844,0.9615831012070566,0.8125,0.0
4.37,16,1088,68.0,68.0,68.0,68.0,68.0,0.0,1.0,1.0,0.0
6.46,82,32248,86.0,68.0,68.0,170.0,1374.0000000000011,592452.9524092801,1.205896436144743,0.6585365853658537,0.0
4.33,16,1088,68.0,68.0,68.0,68.0,68.0,0.0,1.0,1.0,0.0
6.27,28,1904,68.0,68.0,68.0,68.0,68.0,0.0,1.0,1.0,0.0
8.95,53,6846,68.0,68.0,68.0,68.0,86.0,119501.61267354932,0.5492192803801765,0.9245283018867925,0.0
6.78,43,16781,86.0,68.0,68.0,170.0,1516.0,485629.6322336398,0.6828118732450862,0.6744186046511628,0.0
8.51,36,2448,68.0,68.0,68.0,68.0,68.0,0.0,1.0,1.0,0.0
9.84,94,29925,86.0,68.0,68.0,170.0,866.7000000000014,480459.7597329108,1.2867950481430537,0.7021276595744681,0.0
0.39,4,272,68.0,68.0,68.0,68.0,68.0,0.0,1.0,1.0,0.0
6.23,16,1088,68.0,68.0,68.0,68.0,68.0,0.0,1.0,1.0,0.0
0.14,8,544,68.0,68.0,68.0,68.0,68.0,0.0,1.0,1.0,0.0
0.63,16,1088,68.0,68.0,68.0,68.0,68.0,0.0,1.0,1.0,0.0
8.31,52,9799,68.0,68.0,68.0,68.0,86.0,330614.8235946746,0.9868207623682076,0.9230769230769231,0.0
3.36,42,14818,86.0,68.0,68.0,170.0,1508.3,307877.7256235827,0.6766236705136909,0.6666666666666666,0.0
9.69,44,2992,68.0,68.0,68.0,68.0,68.0,0.0,1.0,1.0,0.0
3.28,86,47700,86.0,68.0,68.0,170.0,2940.5,1265788.9015684156,0.7624889151640556,0.6511627906976745,0.0
4.36,16,1088,68.0,68.0,68.0,68.0,68.0,0.0,1.0,1.0,0.0
6.34,28,1904,68.0,68.0,68.0,68.0,68.0,0.0,1.0,1.0,0.0
0.2,13,2144,86.0,68.0,68.0,148.0,170.0,54014.5325443787,0.4909596662030598,0.6923076923076923,0.0
9.5,40,2720,68.0,68.0,68.0,68.0,68.0,0.0,1.0,1.0,0.0
6.09,38,15823,86.0,68.0,68.0,170.0,1869.200000000001,653102.0810249307,1.177077600440286,0.6842105263157895,0.0
9.06,44,2992,68.0,68.0,68.0,68.0,68.0,0.0,1.0,1.0,0.0
1.1,83,32146,86.0,68.0,68.0,170.0,1445.2,633170.8128901146,1.1328290870488322,0.6626506024096386,0.0
2.15,16,1088,68.0,68.0,68.0,68.0,68.0,0.0,1.0,1.0,0.0
7.62,28,1904,68.0,68.0,68.0,68.0,68.0,0.0,1.0,1.0,0.0
7.18,23,4788,68.0,68.0,68.0,86.0,170.0,199492.83931947063,0.6285714285714286,0.8260869565217391,0.0
2.89,28,1904,68.0,68.0,68.0,68.0,68.0,0.0,1.0,1.0,0.0
3.88,51,19806,86.0,68.0,68.0,170.0,1516.0,596586.6989619376,0.6513256628314157,0.6274509803921569,0.0
