duration_sec,packet_count,total_bytes,median_pkt_size,p10_size,p25_size,p75_size,p90_size,size_variance,up_down_ratio,pct_packets_under_100b,packets_smaller_equal_66b_per_min
4.81,38,13991,79.0,66.0,66.0,371.75,1514.0,262931.62396121887,3.611404087013843,0.5526315789473685,187.11018711018713
2.69,14,4937,107.5,66.0,66.0,359.25,1213.700000000001,234932.65816326538,2.1975388601036268,0.5,111.52416356877325
5.9,15,14947,1484.0,66.0,66.0,1484.0,1484.0,435867.8488888888,44.2939393939394,0.3333333333333333,50.84745762711864
5.39,1,60,60.0,60.0,60.0,60.0,60.0,0.0,60,1.0,11.131725417439704
2.79,27,11774,74.0,66.0,66.0,455.5,1514.0,343119.2537722908,5.272775705913692,0.5555555555555556,258.06451612903226
1.51,24,9971,74.0,66.0,66.0,391.75,1514.0,327252.49826388893,4.81399416909621,0.5833333333333334,437.08609271523176
5.65,21,7266,74.0,66.0,66.0,376.0,1514.0,245322.66666666666,3.286725663716814,0.5714285714285714,95.57522123893804
8.85,15,5031,157.0,66.0,66.0,335.0,1033.5999999999997,208112.90666666665,2.774193548387097,0.4666666666666667,33.898305084745765
0.12,7,3702,84.0,70.8,74.0,945.0,1514.0,398614.69387755095,6.174418604651163,0.5714285714285714,500.0
9.91,317,262495,1514.0,66.0,94.0,1514.0,1514.0,502632.8639154534,18.156024228271182,0.45425867507886436,387.48738647830476
5.91,5135,5515520,1514.0,66.0,94.0,1514.0,1514.0,437512.092560269,46.961877597871265,0.2993184031158715,11340.101522842639
1.71,2886,3449458,1514.0,66.0,1514.0,1514.0,1514.0,359566.96673116426,80.68651131950365,0.22002772002772003,21122.80701754386
7.19,1,60,60.0,60.0,60.0,60.0,60.0,0.0,60,1.0,8.344923504867872
6.47,46,26412,150.5,66.0,66.0,1484.0,1484.0,392012.1436672968,6.550600343053174,0.43478260869565216,139.10355486862443
0.53,3,198,66.0,66.0,66.0,66.0,66.0,0.0,0.0,1.0,339.62264150943395
1.88,1,60,60.0,60.0,60.0,60.0,60.0,0.0,60,1.0,31.914893617021278
6.08,22,9236,79.0,66.0,66.0,471.25,1514.0,305383.6033057852,4.607771706132362,0.5454545454545454,88.81578947368422
5.77,31,21296,216.0,66.0,66.0,1484.0,1484.0,434473.5150884496,8.62748643761302,0.41935483870967744,114.38474870017332
0.2,1,60,60.0,60.0,60.0,60.0,60.0,0.0,60,1.0,300.0
1.74,16,5766,75.0,56.0,56.0,298.0,1336.5,257980.109375,3.635048231511254,0.5625,275.8620689655172
0.68,1,56,56.0,56.0,56.0,56.0,56.0,0.0,0.0,1.0,88.23529411764706
9.59,22,8516,79.0,66.0,66.0,340.0,1514.0,295621.3553719009,4.024188790560472,0.5454545454545454,56.308654848800835
9.39,16,5097,115.5,66.0,66.0,315.0,926.0,199358.37109375,2.6433166547533955,0.5,38.33865814696485
3.45,29,14541,80.0,66.0,66.0,1514.0,1514.0,396871.27705112955,7.483663943990665,0.5172413793103449,191.30434782608694
3.63,23,8758,74.0,66.0,66.0,367.5,1514.0,284922.3440453688,4.0189111747851,0.5652173913043478,165.28925619834712
4.93,892,824827,1474.0,66.0,78.0,1474.0,1474.0,466665.4590216473,31.617328377095856,0.3845291479820628,2361.05476673428
2.38,156,145229,1484.0,66.0,66.0,1484.0,1484.0,467933.10696088104,26.875047984644915,0.36538461538461536,1109.2436974789916
0.36,1,60,60.0,60.0,60.0,60.0,60.0,0.0,60,1.0,166.66666666666666
3.59,25,8906,74.0,66.0,66.0,359.0,1514.0,269660.9024000001,3.704701531959852,0.6,200.55710306406687
4.34,20,7360,79.0,66.0,66.0,403.75,1514.0,256490.4,3.512568976088289,0.55,110.59907834101382
4.92,136,125984,1484.0,66.0,66.0,1484.0,1484.0,465924.11072664364,26.66447079490558,0.3602941176470588,573.170731707317
5.66,1,60,60.0,60.0,60.0,60.0,60.0,0.0,60,1.0,10.600706713780918
8.53,22,8196,74.0,66.0,66.0,340.0,1492.1000000000004,277638.6115702479,3.6541737649063033,0.5909090909090909,70.33997655334115
8.59,13,5063,157.0,66.0,66.0,567.0,1289.4000000000005,240545.78698224854,2.0610640870616685,0.46153846153846156,27.939464493597207
8.86,18,15129,1436.5,66.0,66.0,1466.0,1466.0,480054.25,31.746753246753247,0.4444444444444444,54.17607223476298
6.95,29,19884,216.0,66.0,66.0,1484.0,1484.0,440554.6397146255,9.432318992654775,0.41379310344827586,86.33093525179856
8.57,1,60,60.0,60.0,60.0,60.0,60.0,0.0,60,1.0,7.001166861143523
6.6,14,4971,170.5,66.0,68.0,355.0,1141.2000000000012,217173.6377551021,2.7291822955738936,0.42857142857142855,36.36363636363637
6.76,1,60,60.0,60.0,60.0,60.0,60.0,0.0,60,1.0,8.875739644970414
9.08,20,5420,74.0,56.0,66.0,195.0,704.9000000000012,188445.4,2.9970501474926254,0.6,59.471365638766514
0.2,7,3909,144.0,70.8,74.0,1033.5,1484.0,371078.24489795923,4.406639004149378,0.42857142857142855,300.0
6.54,14,4844,100.5,66.0,66.0,344.25,1199.300000000001,234266.85714285713,3.223190932868352,0.5,64.22018348623853
6.75,1,60,60.0,60.0,60.0,60.0,60.0,0.0,60,1.0,8.88888888888889
4.1,22,8660,79.0,66.0,66.0,371.75,1514.0,292802.0495867768,4.258044930176077,0.5454545454545454,131.70731707317074
6.16,28,16906,150.0,56.0,56.0,1494.0,1494.0,445995.52551020397,11.11031518624642,0.4642857142857143,116.88311688311688
6.42,1,56,56.0,56.0,56.0,56.0,56.0,0.0,0.0,1.0,9.345794392523365
8.9,3,176,60.0,56.8,58.0,60.0,60.0,3.5555555555555554,2.142857142857143,1.0,20.224719101123593
0.23,1,60,60.0,60.0,60.0,60.0,60.0,0.0,60,1.0,260.8695652173913
0.13,2,124,62.0,62.0,62.0,62.0,62.0,0.0,1.0,1.0,923.0769230769231
5.27,31,22405,255.0,56.0,56.0,1494.0,1494.0,470160.1914672216,14.494467496542185,0.41935483870967744,136.6223908918406
4.91,1,56,56.0,56.0,56.0,56.0,56.0,0.0,0.0,1.0,12.219959266802443
5.13,30,10951,117.5,66.0,66.0,567.0,1466.0,219780.63222222222,2.1128482092097784,0.5,116.9590643274854
7.29,19,15185,1407.0,66.0,66.0,1466.0,1466.0,485475.00831024925,32.59513274336283,0.47368421052631576,74.07407407407408
3.2,16,5103,115.5,66.0,66.0,315.0,926.0,199166.55859375,2.4832764505119456,0.5,112.49999999999999
3.93,1,60,60.0,60.0,60.0,60.0,60.0,0.0,60,1.0,15.267175572519083
4.21,38,13991,79.0,66.0,66.0,371.75,1514.0,262931.62396121887,3.611404087013843,0.5526315789473685,213.77672209026127
4.39,863,854810,1494.0,56.0,56.0,1494.0,1494.0,467189.9972958059,47.017638467587915,0.34414831981460026,4045.558086560365
6.64,573,559328,1494.0,56.0,56.0,1494.0,1494.0,474315.5860919992,47.96078431372549,0.35776614310645727,1852.4096385542168
5.76,1,56,56.0,56.0,56.0,56.0,56.0,0.0,0.0,1.0,10.416666666666666
6.17,20,7104,79.0,66.0,66.0,377.75,1514.0,252422.5599999999,3.493358633776091,0.55,77.79578606158833
3.47,19,7581,135.0,66.0,66.0,559.0,1484.0,260012.1052631579,3.2023281596452327,0.47368421052631576,121.03746397694525
0.45,1,60,60.0,60.0,60.0,60.0,60.0,0.0,60,1.0,133.33333333333331
8.27,41,17696,135.0,66.0,66.0,583.0,1484.0,294717.4574657942,3.7340823970037453,0.4634146341463415,108.82708585247883
2.03,1,60,60.0,60.0,60.0,60.0,60.0,0.0,60,1.0,29.55665024630542
5.84,1,60,60.0,60.0,60.0,60.0,60.0,0.0,60,1.0,10.273972602739727
0.43,13,4983,141.0,66.0,66.0,519.0,1303.8000000000006,247645.2899408284,2.0090579710144927,0.46153846153846156,558.1395348837209
0.5,6,2374,100.5,66.0,66.0,451.5,1020.5,267414.2222222222,16.984848484848484,0.5,360.0
2.27,1,60,60.0,60.0,60.0,60.0,60.0,0.0,60,1.0,26.431718061674005
2.99,31,20533,216.0,66.0,66.0,1484.0,1484.0,440419.9708636838,8.928916827852998,0.41935483870967744,220.73578595317724
6.95,1,60,60.0,60.0,60.0,60.0,60.0,0.0,60,1.0,8.633093525179856
1.68,19,7549,135.0,66.0,66.0,559.0,1484.0,258830.32132963988,3.184589800443459,0.47368421052631576,250.0
9.92,1,60,60.0,60.0,60.0,60.0,60.0,0.0,60,1.0,6.048387096774194
8.78,19,7485,135.0,66.0,66.0,551.0,1484.0,257025.73407202208,3.186241610738255,0.47368421052631576,47.835990888382696
4.66,1,60,60.0,60.0,60.0,60.0,60.0,0.0,60,1.0,12.875536480686694
0.92,19,7421,135.0,66.0,66.0,551.0,1484.0,255269.19113573412,3.1504474272930647,0.47368421052631576,456.52173913043475
7.88,1,60,60.0,60.0,60.0,60.0,60.0,0.0,60,1.0,7.614213197969543
9.2,35,15056,74.0,66.0,66.0,436.5,1514.0,330168.77061224484,5.053880176919984,0.5714285714285714,97.82608695652175
3.27,3,455,157.0,84.2,111.5,194.5,217.0,4606.88888888889,0.5268456375838926,0.3333333333333333,18.34862385321101
3.12,6,1227,100.5,66.0,66.0,303.0,447.0,32579.583333333332,0.9600638977635783,0.5,57.692307692307686
1.09,3,214,74.0,67.6,70.0,74.0,74.0,14.222222222222221,0.5285714285714286,1.0,55.04587155963302
5.83,9,4085,164.0,66.0,66.0,386.0,1474.0,306516.5432098765,4.006127450980392,0.3333333333333333,30.874785591766724
2.72,72,70998,1474.0,66.0,66.0,1474.0,1474.0,439919.90972222225,37.52306022788931,0.3333333333333333,507.35294117647055
6.98,80,55668,66.0,56.0,56.0,1474.0,1474.0,495503.55249999993,21.52853095912586,0.5375,361.0315186246418
5.91,9,3844,74.0,66.0,66.0,386.0,1474.0,322605.43209876545,4.8419452887537995,0.5555555555555556,30.45685279187817
1.39,3,455,157.0,84.2,111.5,194.5,217.0,4606.88888888889,0.5268456375838926,0.3333333333333333,43.16546762589928
9.28,145,129294,1474.0,56.0,66.0,1474.0,1474.0,481167.4717717004,31.83240223463687,0.4,375.00000000000006
8.06,12,4299,115.5,66.0,66.0,270.5,1365.2000000000003,257331.35416666666,3.4968619246861925,0.5,29.77667493796526
0.35,2,457,228.5,98.5,147.25,309.75,358.5,26406.25,0.16879795396419436,0.5,171.42857142857144
0.07,6,8844,1474.0,1474.0,1474.0,1474.0,1474.0,0.0,8844,0.0,0.0
0.82,66,71940,1474.0,66.0,66.0,1474.0,1474.0,393216.0,59.55555555555556,0.2727272727272727,1317.0731707317075
3.52,63,47605,135.0,56.0,56.0,1474.0,1474.0,500020.26354245417,24.802168021680217,0.49206349206349204,528.4090909090909
4.45,19,9112,141.0,66.0,66.0,773.0,1484.0,321286.13850415504,4.096196868008948,0.47368421052631576,94.3820224719101
5.14,1,60,60.0,60.0,60.0,60.0,60.0,0.0,60,1.0,11.673151750972764
5.58,14,4971,170.5,66.0,68.0,355.0,1141.2000000000012,217173.6377551021,2.7291822955738936,0.42857142857142855,43.01075268817204
4.36,1,60,60.0,60.0,60.0,60.0,60.0,0.0,60,1.0,13.761467889908255
8.97,19,7741,135.0,66.0,66.0,639.0,1484.0,263579.08587257616,2.9414460285132384,0.47368421052631576,46.82274247491638
1.03,1,60,60.0,60.0,60.0,60.0,60.0,0.0,60,1.0,58.25242718446602
7.16,17,5005,129.0,58.4,60.0,283.0,761.0000000000005,193702.35986159166,2.794541319181198,0.4117647058823529,58.659217877094974
9.18,48,47777,1478.0,56.0,64.5,1478.0,1478.0,420261.93706597225,36.9785373608903,0.2916666666666667,91.50326797385621
1.5,16,4499,91.0,58.0,60.0,170.5,880.5,209051.90234375,3.3426640926640925,0.5,320.0
6.59,49,44969,1478.0,56.0,56.0,1478.0,1478.0,450938.72553102876,30.983641536273115,0.3469387755102041,154.77996965098635
6.1,67,49821,283.0,56.0,60.0,1478.0,1478.0,462890.50924482057,17.216087751371116,0.3880597014925373,255.73770491803282
0.41,17,15104,1478.0,56.0,56.0,1478.0,1478.0,454723.8961937716,25.82770870337478,0.35294117647058826,878.048780487805
2.31,34,30208,1478.0,56.0,56.0,1478.0,1478.0,454723.8961937716,25.82770870337478,0.35294117647058826,311.68831168831167
4.44,51,45312,1478.0,56.0,56.0,1478.0,1478.0,454723.8961937716,25.82770870337478,0.35294117647058826,243.2432432432432
1.66,15,14761,1478.0,56.0,56.0,1478.0,1478.0,436017.9288888889,51.71785714285714,0.3333333333333333,180.72289156626508
1.69,19,15447,1179.0,56.0,58.0,1478.0,1478.0,456581.2631578947,17.25886524822695,0.3684210526315789,248.5207100591716
7.0,50,45025,1478.0,56.0,56.0,1478.0,1478.0,456474.65,29.796853625171,0.36,154.28571428571428
6.99,3,239,60.0,56.8,58.0,91.5,110.4,941.5555555555555,0.33519553072625696,0.6666666666666666,17.167381974248926
4.55,45,16074,74.0,66.0,66.0,376.0,1514.0,262217.3155555555,3.605730659025788,0.5777777777777777,263.7362637362637
7.86,20,7088,79.0,66.0,66.0,377.75,1514.0,252198.2399999999,3.529073482428115,0.55,61.06870229007633
1.87,46,36119,757.5,56.0,56.0,1494.0,1494.0,485029.7660680529,19.66304347826087,0.41304347826086957,577.5401069518716
5.85,1,56,56.0,56.0,56.0,56.0,56.0,0.0,0.0,1.0,10.256410256410257
2.06,16,5858,107.5,66.0,66.0,591.0,1065.5,220052.234375,2.1664864864864866,0.5,174.75728155339806
4.39,64,53580,1484.0,66.0,66.0,1484.0,1484.0,479393.77734375,19.59185242121445,0.390625,300.6833712984055
1.24,1,60,60.0,60.0,60.0,60.0,60.0,0.0,60,1.0,48.38709677419355
0.35,7,3516,80.0,70.8,74.0,854.0,1514.0,411099.9183673469,9.52694610778443,0.5714285714285714,171.42857142857144
4.88,9,1666,119.0,66.0,66.0,216.0,371.80000000000007,29408.098765432103,0.9739336492890995,0.4444444444444444,49.180327868852466
0.75,12,4387,116.5,56.4,61.5,290.0,1384.1000000000004,264669.74305555556,3.2021072796934864,0.5,400.0
5.26,18,14933,1264.5,56.0,56.0,1494.0,1494.0,488695.4598765432,37.09438775510204,0.4444444444444444,91.25475285171103
7.89,1,56,56.0,56.0,56.0,56.0,56.0,0.0,0.0,1.0,7.604562737642585
4.04,25,11354,74.0,66.0,66.0,487.0,1514.0,355004.7743999999,5.4401588201928535,0.56,163.36633663366337
4.15,28,16874,118.0,56.0,56.0,1494.0,1494.0,447788.0153061225,10.816526610644258,0.5,173.49397590361446
0.73,1,56,56.0,56.0,56.0,56.0,56.0,0.0,0.0,1.0,82.19178082191782
0.32,7,3905,240.0,70.8,74.0,1008.5,1434.0,335296.69387755095,4.401106500691563,0.42857142857142855,187.5
8.18,49,30368,232.0,66.0,66.0,1434.0,1434.0,398664.14410662226,9.849589138978207,0.42857142857142855,139.3643031784841
9.57,25,15044,144.0,66.0,66.0,1484.0,1484.0,401198.18240000005,7.036324786324786,0.44,56.426332288401255
7.75,1,60,60.0,60.0,60.0,60.0,60.0,0.0,60,1.0,7.741935483870967
1.36,18,8726,142.5,66.0,66.0,664.0,1484.0,319023.61728395056,4.014942528735633,0.4444444444444444,264.70588235294116
9.14,1,60,60.0,60.0,60.0,60.0,60.0,0.0,60,1.0,6.564551422319474
2.13,2,116,58.0,58.0,58.0,58.0,58.0,0.0,0.0,1.0,56.33802816901409
0.69,18,8998,142.5,66.0,66.0,868.0,1484.0,329137.9876543209,4.171264367816092,0.4444444444444444,521.7391304347826
3.43,1,60,60.0,60.0,60.0,60.0,60.0,0.0,60,1.0,17.492711370262388
3.79,16,5698,107.5,66.0,66.0,487.0,1065.5,216574.734375,2.436670687575392,0.5,94.9868073878628
8.23,1,60,60.0,60.0,60.0,60.0,60.0,0.0,60,1.0,7.290400972053462
4.14,37,26689,216.0,66.0,66.0,1484.0,1484.0,459136.1650840029,10.308898305084746,0.40540540540540543,188.4057971014493
9.47,1,60,60.0,60.0,60.0,60.0,60.0,0.0,60,1.0,6.335797254487856
7.18,37,26689,216.0,66.0,66.0,1484.0,1484.0,459136.1650840029,10.308898305084746,0.40540540540540543,108.63509749303623
8.21,326,274705,1494.0,56.0,66.0,1494.0,1494.0,493282.705003952,24.057466022074248,0.4110429447852761,913.5200974421438
1.31,8,587,66.0,63.0,66.0,66.0,86.69999999999999,553.234375,0.29010989010989013,0.875,320.6106870229008
4.66,15,5037,157.0,66.0,66.0,335.0,1033.5999999999997,207894.82666666666,2.6004288777698354,0.4666666666666667,64.37768240343347
0.21,1,60,60.0,60.0,60.0,60.0,60.0,0.0,60,1.0,285.7142857142857
4.65,50,36821,255.5,66.0,66.0,1514.0,1514.0,490942.0436,16.03098982423682,0.44,245.16129032258064
1.63,25,12325,74.0,66.0,66.0,1031.0,1514.0,370514.16,5.990924560408395,0.56,404.9079754601227
7.44,22,10644,117.5,66.0,66.0,781.0,1514.0,347169.0578512396,5.598884066955983,0.5,64.51612903225806
4.44,29,13554,74.0,66.0,66.0,535.0,1514.0,361594.78715814516,5.975810602161606,0.5517241379310345,175.67567567567565
7.87,389,441284,1514.0,66.0,94.0,1514.0,1514.0,396420.49312388897,53.654941788456775,0.2519280205655527,373.5705209656925
9.86,38,13975,79.0,66.0,66.0,371.75,1514.0,262784.23337950127,3.630550033134526,0.5526315789473685,91.27789046653145
3.37,458,500406,1484.0,66.0,94.0,1484.0,1484.0,395071.3380561011,49.68942463533225,0.26419213973799127,1673.5905044510384
6.72,1,60,60.0,60.0,60.0,60.0,60.0,0.0,60,1.0,8.928571428571429
9.8,1,56,56.0,56.0,56.0,56.0,56.0,0.0,0.0,1.0,6.1224489795918355
6.24,20,7184,79.0,66.0,66.0,385.75,1514.0,253371.36000000002,3.4100675260896254,0.55,76.92307692307692
3.81,84,29115,130.0,66.0,66.0,499.0,1484.0,206474.50042517003,2.0328125,0.4642857142857143,456.6929133858268
7.46,2,120,60.0,60.0,60.0,60.0,60.0,0.0,120,1.0,16.0857908847185
0.65,10,4069,105.5,56.0,61.5,346.0,1506.0,311894.88999999996,4.176844783715013,0.5,461.53846153846155
7.76,212,200592,1506.0,56.0,66.0,1506.0,1506.0,489135.0870416518,31.680351906158357,0.37735849056603776,556.7010309278351
0.3,20,21420,1506.0,56.0,56.0,1506.0,1506.0,441525.0,62.75,0.3,1200.0
6.4,255,259738,1506.0,56.0,66.0,1506.0,1506.0,465522.21216455207,49.2394584139265,0.3333333333333333,750.0
7.96,442,453120,1506.0,56.0,66.0,1506.0,1506.0,462720.8844208759,50.51432469304229,0.33031674208144796,1025.1256281407036
2.87,166,174912,1506.0,56.0,74.0,1506.0,1506.0,448536.14283640584,53.185873605947954,0.3132530120481928,836.2369337979094
3.33,144,136063,1506.0,56.0,66.0,1506.0,1506.0,494810.0624517748,38.15482014388489,0.3819444444444444,882.8828828828829
9.98,17,5723,184.0,66.0,66.0,359.0,818.4000000000003,183472.11072664362,2.3157589803012746,0.4117647058823529,30.060120240480963
3.95,1,60,60.0,60.0,60.0,60.0,60.0,0.0,60,1.0,15.189873417721516
5.12,17,5405,119.0,66.0,66.0,319.0,942.6000000000004,186309.4671280276,2.8579586009992863,0.47058823529411764,70.3125
7.24,20,8608,117.5,66.0,66.0,427.75,1514.0,311191.04,4.396865203761755,0.5,58.011049723756905
4.88,28,19714,251.0,66.0,66.0,1514.0,1514.0,464380.7091836735,12.160213618157544,0.39285714285714285,98.36065573770493
7.55,203,194564,1484.0,66.0,66.0,1484.0,1484.0,461231.8034409959,32.372898799313894,0.3497536945812808,548.3443708609271
9.05,32,10708,79.0,66.0,66.0,387.0,1420.900000000002,222430.359375,2.2399394856278367,0.5625,79.55801104972375
3.98,24,23418,1514.0,66.0,66.0,1514.0,1514.0,483336.4375,43.35227272727273,0.3333333333333333,120.6030150753769
2.62,1,60,60.0,60.0,60.0,60.0,60.0,0.0,60,1.0,22.900763358778626
4.55,29,20076,216.0,66.0,66.0,1484.0,1484.0,439193.4411414982,8.642651296829971,0.41379310344827586,131.86813186813185
1.65,1,60,60.0,60.0,60.0,60.0,60.0,0.0,60,1.0,36.36363636363637
5.3,23,12442,144.0,66.0,66.0,992.0,1484.0,329481.7807183365,3.7615767317259854,0.43478260869565216,90.56603773584905
9.42,1,60,60.0,60.0,60.0,60.0,60.0,0.0,60,1.0,6.369426751592357
3.77,47,37189,679.0,66.0,66.0,1484.0,1484.0,472400.95608872804,13.629819040125884,0.40425531914893614,254.64190981432358
3.43,1,60,60.0,60.0,60.0,60.0,60.0,0.0,60,1.0,17.492711370262388
9.02,491,407280,1514.0,56.0,66.0,1514.0,1514.0,520638.4006288342,26.281130685243486,0.4623217922606925,1436.8070953436809
2.46,17,7124,141.0,66.0,66.0,567.0,1484.0,272627.1141868513,3.024858757062147,0.47058823529411764,146.34146341463415
4.94,1,60,60.0,60.0,60.0,60.0,60.0,0.0,60,1.0,12.14574898785425
4.88,20,10810,142.5,66.0,66.0,1109.75,1484.0,355641.35,4.459595959595959,0.45,86.06557377049181
1.6,1,60,60.0,60.0,60.0,60.0,60.0,0.0,60,1.0,37.5
8.64,173,165593,1484.0,66.0,66.0,1484.0,1484.0,459232.3010458083,30.350435441120787,0.3468208092485549,402.7777777777777
3.94,1,60,60.0,60.0,60.0,60.0,60.0,0.0,60,1.0,15.228426395939087
4.73,31,20608,147.0,66.0,66.0,1484.0,1484.0,442518.36836628505,8.249551166965889,0.41935483870967744,139.53488372093022
7.49,1,60,60.0,60.0,60.0,60.0,60.0,0.0,60,1.0,8.01068090787717
7.25,39,14281,74.0,66.0,66.0,376.0,1514.0,260023.32675871125,3.703886693017128,0.5641025641025641,132.41379310344828
2.17,14,5179,170.5,66.0,68.0,364.75,1199.700000000001,220635.35204081624,2.3608046722907203,0.42857142857142855,110.59907834101382
5.05,1,60,60.0,60.0,60.0,60.0,60.0,0.0,60,1.0,11.881188118811881
4.87,23,8790,74.0,66.0,66.0,367.5,1514.0,285394.056710775,3.9465391108610017,0.5652173913043478,123.20328542094457
9.96,23,8726,74.0,66.0,66.0,367.5,1514.0,284535.8034026466,4.093987157034443,0.5652173913043478,60.24096385542168
1.27,14,4985,107.5,66.0,66.0,395.25,1213.700000000001,235458.20918367352,2.1312814070351758,0.5,236.2204724409449
6.88,12,12125,1484.0,66.0,66.0,1484.0,1484.0,445970.24305555556,44.928030303030305,0.3333333333333333,34.883720930232556
9.8,1,60,60.0,60.0,60.0,60.0,60.0,0.0,60,1.0,6.1224489795918355
4.61,21,8130,74.0,66.0,66.0,376.0,1514.0,291096.5986394558,3.984671980380135,0.5714285714285714,117.13665943600867
6.63,15,5070,88.0,56.0,58.0,333.0,1118.3999999999996,226225.6,3.325938566552901,0.5333333333333333,63.34841628959276
0.21,1,56,56.0,56.0,56.0,56.0,56.0,0.0,0.0,1.0,285.7142857142857
7.27,3744,3794541,1484.0,66.0,66.0,1484.0,1484.0,444363.41239252035,43.43672709387296,0.33092948717948717,9334.250343878955
5.71,4960,4907075,1484.0,66.0,66.0,1484.0,1484.0,456658.7209764812,41.976659660185675,0.3487903225806452,18178.63397548161
8.42,1,60,60.0,60.0,60.0,60.0,60.0,0.0,60,1.0,7.1258907363420425
4.93,35,12681,78.0,66.0,66.0,304.0,1464.0,259570.15836734697,3.43857192859643,0.5428571428571428,170.38539553752537
4.97,47,36615,407.0,56.0,66.0,1514.0,1514.0,492853.1045722046,17.719325153374232,0.40425531914893614,193.15895372233402
6.87,1,56,56.0,56.0,56.0,56.0,56.0,0.0,0.0,1.0,8.73362445414847
6.67,34,24235,399.5,66.0,66.0,1484.0,1484.0,443471.45761245675,9.564516129032258,0.4117647058823529,107.94602698650675
3.91,1,60,60.0,60.0,60.0,60.0,60.0,0.0,60,1.0,15.34526854219949
0.08,2,148,74.0,74.0,74.0,74.0,74.0,0.0,1.0,1.0,0.0
5.22,33,20261,84.0,66.0,66.0,1514.0,1514.0,449489.42332415056,9.19677906391545,0.5151515151515151,183.9080459770115
9.66,41,20678,141.0,66.0,66.0,631.0,1484.0,340573.05413444387,4.3933229003651535,0.4634146341463415,93.16770186335404
7.87,1,60,60.0,60.0,60.0,60.0,60.0,0.0,60,1.0,7.623888182973316
3.46,14,5211,170.5,66.0,68.0,364.75,1209.3000000000009,221677.31122448973,2.3127781309599493,0.42857142857142855,69.36416184971098
7.17,54,18642,74.0,66.0,66.0,355.75,1464.0,227174.4691358025,2.6631951267439575,0.5370370370370371,167.36401673640168
1.66,3,198,66.0,66.0,66.0,66.0,66.0,0.0,0.5,1.0,108.43373493975903
1.22,3,198,66.0,66.0,66.0,66.0,66.0,0.0,0.5,1.0,147.54098360655738
2.08,23,16650,255.0,56.0,62.0,1494.0,1494.0,462174.07939508493,12.737623762376238,0.34782608695652173,201.92307692307693
8.25,5,284,56.0,56.0,56.0,56.0,58.4,2.5599999999999996,0.26785714285714285,1.0,36.36363636363636
3.89,41,25744,84.0,66.0,66.0,1514.0,1514.0,461047.25877453893,10.207662168045276,0.5121951219512195,277.63496143958866
0.07,1,60,60.0,60.0,60.0,60.0,60.0,0.0,60,1.0,857.1428571428571
9.99,16,7204,267.0,56.0,66.0,719.0,1119.5,219930.6875,1.261142498430634,0.3125,30.03003003003003
5.65,1,60,60.0,60.0,60.0,60.0,60.0,0.0,60,1.0,10.619469026548671
9.63,3533,4328849,1514.0,66.0,1514.0,1514.0,1514.0,331927.66949971276,89.48030014840207,0.19671667138409285,3800.6230529595014
8.11,31,19680,145.0,56.0,56.0,1494.0,1494.0,456057.7481789804,11.913385826771654,0.4838709677419355,103.57583230579532
8.03,41,14493,74.0,66.0,66.0,376.0,1514.0,252650.8352171327,3.648171905067351,0.5853658536585366,134.49564134495643
8.21,13,4943,234.0,56.0,128.0,283.0,1235.8000000000009,224547.10059171592,3.2759515570934257,0.23076923076923078,21.924482338611448
7.96,1,60,60.0,60.0,60.0,60.0,60.0,0.0,60,1.0,7.537688442211056
5.29,15,5037,157.0,66.0,66.0,335.0,1033.5999999999997,207894.82666666666,2.7786946736684173,0.4666666666666667,56.71077504725898
9.03,1,60,60.0,60.0,60.0,60.0,60.0,0.0,60,1.0,6.644518272425249
7.73,22,5347,70.0,66.0,66.0,197.25,339.80000000000007,168199.49793388433,3.0599848139711465,0.6363636363636364,85.38163001293661
7.67,29,18588,144.0,66.0,66.0,1484.0,1484.0,423323.20570749114,7.597594819611471,0.4482758620689655,86.04954367666232
8.51,1,60,60.0,60.0,60.0,60.0,60.0,0.0,60,1.0,7.050528789659224
9.31,17,5033,119.0,66.0,66.0,235.0,805.0000000000005,192911.82006920417,2.7756939234808704,0.47058823529411764,38.66809881847475
6.63,24,10248,79.0,66.0,66.0,411.75,1514.0,324244.3333333333,4.9271255060728745,0.5416666666666666,90.49773755656109
7.46,52,37100,310.0,66.0,66.0,1464.0,1464.0,454583.28698224854,14.426195426195425,0.4423076923076923,168.90080428954423
9.27,3,198,66.0,66.0,66.0,66.0,66.0,0.0,0.5,1.0,19.41747572815534
7.41,44,15765,157.0,66.0,66.0,388.0,1464.0,215669.48088842977,2.2946708463949843,0.45454545454545453,113.36032388663968
4.37,1,60,60.0,60.0,60.0,60.0,60.0,0.0,60,1.0,13.729977116704806
5.76,2,120,60.0,60.0,60.0,60.0,60.0,0.0,120,1.0,20.833333333333332
3.58,22,10900,117.5,66.0,66.0,997.0,1514.0,361594.9752066115,5.964856230031949,0.5,134.0782122905028
3.18,3,222,74.0,74.0,74.0,74.0,74.0,0.0,0.0,1.0,0.0
4.07,24,9440,74.0,66.0,66.0,407.75,1514.0,292350.88888888893,4.282596530498042,0.5833333333333334,147.4201474201474
3.59,1,74,74.0,74.0,74.0,74.0,74.0,0.0,0.0,1.0,0.0
2.32,1,74,74.0,74.0,74.0,74.0,74.0,0.0,0.0,1.0,0.0
1.06,20,10538,142.5,66.0,66.0,929.75,1484.0,347173.99,4.409650924024641,0.45,396.2264150943396
5.62,1,60,60.0,60.0,60.0,60.0,60.0,0.0,60,1.0,10.676156583629894
6.19,22,8580,79.0,66.0,66.0,347.75,1514.0,293680.7272727273,4.159350571256764,0.5454545454545454,87.23747980613894
8.73,28,18586,180.0,66.0,66.0,1484.0,1484.0,428336.38265306124,7.596669750231268,0.42857142857142855,68.72852233676976
8.39,1,60,60.0,60.0,60.0,60.0,60.0,0.0,60,1.0,7.151370679380214
8.8,24,8840,74.0,66.0,66.0,363.25,1514.0,277240.55555555556,3.8385331143951835,0.5833333333333334,75.0
5.93,26,16838,180.0,66.0,66.0,1484.0,1484.0,415062.31360946747,6.972537878787879,0.4230769230769231,91.06239460370995
6.57,1,60,60.0,60.0,60.0,60.0,60.0,0.0,60,1.0,9.132420091324201
5.53,1,58,58.0,58.0,58.0,58.0,58.0,0.0,0.0,1.0,10.849909584086799
3.3,25,11957,74.0,66.0,66.0,663.0,1514.0,359875.7216,5.782189449801475,0.56,200.0
8.23,20,7136,79.0,66.0,66.0,381.75,1514.0,252726.55999999997,3.4683782091421413,0.55,58.323207776427694
2.3,20,8592,117.5,66.0,66.0,423.75,1514.0,310959.04,4.441418619379354,0.5,182.60869565217394
3.89,4,228,56.0,56.0,56.0,57.0,58.8,3.0,0.35714285714285715,1.0,61.69665809768637
0.56,14,4874,79.0,66.0,66.0,340.0,1215.5000000000011,244038.69387755104,2.1835401698236447,0.5714285714285714,535.7142857142857
3.92,8,2394,66.0,66.0,66.0,213.0,733.4999999999998,222446.6875,11.090909090909092,0.625,76.53061224489797
4.41,16,4577,74.0,66.0,66.0,157.0,960.0,222302.68359375,3.13086642599278,0.625,95.23809523809524
6.95,12,4572,105.5,56.4,60.0,401.75,1399.7000000000003,269378.5,2.7200976403580146,0.5,51.79856115107914
9.57,104,96084,1506.0,56.0,56.0,1506.0,1506.0,485543.8136094675,30.889810819780948,0.33653846153846156,219.43573667711598
8.18,1384,1362398,1484.0,66.0,66.0,1484.0,1484.0,454793.11831125343,37.91676188299817,0.34898843930635837,2897.3105134474326
6.94,28,9566,79.0,66.0,66.0,339.25,1514.0,243296.443877551,3.310950878774223,0.5714285714285714,86.45533141210375
9.31,12,4503,66.0,66.0,66.0,395.0,1412.9000000000003,277485.3541666667,4.405762304921969,0.5833333333333334,45.11278195488722
8.23,22,10686,79.0,66.0,66.0,769.0,1514.0,349729.9256198346,4.763754045307444,0.5454545454545454,65.61360874848116
1.83,13,5486,129.0,56.0,64.0,587.0,1328.6000000000006,258094.15384615384,2.43734335839599,0.46153846153846156,196.7213114754098
7.42,1,60,60.0,60.0,60.0,60.0,60.0,0.0,60,1.0,8.086253369272237
6.76,312,325996,1484.0,66.0,72.0,1484.0,1484.0,421704.56985535834,41.70317002881844,0.2948717948717949,692.3076923076923
0.68,1,60,60.0,60.0,60.0,60.0,60.0,0.0,60,1.0,88.23529411764706
6.73,21,7266,74.0,66.0,66.0,376.0,1514.0,245322.66666666666,3.286725663716814,0.5714285714285714,80.2377414561664
0.73,13,5436,157.0,66.0,74.0,583.0,1340.6000000000006,254479.66863905327,2.759336099585062,0.46153846153846156,246.57534246575344
0.46,16,8015,146.0,66.0,66.0,815.75,1514.0,359947.18359375,4.322045152722444,0.4375,652.1739130434783
7.61,58,38518,109.5,66.0,66.0,1514.0,1514.0,469184.6099881094,12.976052249637155,0.5,204.99342969776612
2.91,1,58,58.0,58.0,58.0,58.0,58.0,0.0,0.0,1.0,20.618556701030926
8.74,76,48345,180.5,56.0,65.0,1466.0,1466.0,426120.8412396121,8.735199355618203,0.42105263157894735,199.08466819221968
4.27,33,32431,1466.0,56.0,56.0,1466.0,1466.0,434467.5775941231,19.332915360501566,0.3333333333333333,154.56674473067918
4.91,1,60,60.0,60.0,60.0,60.0,60.0,0.0,60,1.0,12.219959266802443
8.56,423,413935,1454.0,66.0,74.0,1454.0,1454.0,414938.368067781,28.495154624483398,0.2978723404255319,728.9719626168225
7.83,52,21618,74.0,66.0,66.0,403.75,1514.0,322023.38905325445,5.180102915951973,0.5769230769230769,183.90804597701148
6.39,2,116,58.0,56.4,57.0,59.0,59.6,4.0,1.0714285714285714,1.0,18.779342723004696
7.96,25,15252,144.0,66.0,66.0,1484.0,1484.0,400683.6735999999,6.332692307692308,0.44,67.8391959798995
7.73,21,9004,84.0,66.0,66.0,487.0,1514.0,307895.80045351473,5.006671114076051,0.5238095238095238,62.095730918499356
3.95,311,326110,1484.0,66.0,82.0,1484.0,1484.0,418850.6028680432,41.08957150232318,0.29260450160771706,1093.6708860759493
7.12,25,15246,144.0,66.0,66.0,1484.0,1484.0,400946.2144,6.329807692307693,0.44,75.84269662921348
0.24,1,60,60.0,60.0,60.0,60.0,60.0,0.0,60,1.0,250.0
2.84,22,9734,99.5,66.0,66.0,376.75,1514.0,345072.3388429752,5.497997329773031,0.5,169.01408450704227
7.29,47,37141,631.0,66.0,66.0,1484.0,1484.0,472678.2218198281,13.89214113873296,0.40425531914893614,131.6872427983539
1.2,1,60,60.0,60.0,60.0,60.0,60.0,0.0,60,1.0,50.0
4.41,14,4985,107.5,66.0,66.0,395.25,1213.700000000001,235458.20918367352,2.1312814070351758,0.5,68.02721088435375
6.31,15,14915,1484.0,66.0,66.0,1484.0,1484.0,434802.8888888888,44.196969696969695,0.3333333333333333,47.54358161648178
0.53,1,60,60.0,60.0,60.0,60.0,60.0,0.0,60,1.0,113.20754716981132
9.15,88,64769,112.5,66.0,66.0,1514.0,1514.0,504650.98850723135,15.19225,0.5,268.8524590163934
6.15,5,383,66.0,66.0,66.0,66.0,97.80000000000001,449.43999999999994,0.5258964143426295,0.8,39.02439024390244
9.28,1,56,56.0,56.0,56.0,56.0,56.0,0.0,0.0,1.0,6.465517241379311
9.41,21,3501,66.0,56.0,60.0,219.0,571.0,30219.346938775514,0.4197080291970803,0.5714285714285714,76.51434643995749
8.14,6,366,61.0,56.0,56.0,66.0,66.0,25.0,1.1785714285714286,1.0,44.22604422604422
8.2,6,366,61.0,56.0,56.0,66.0,66.0,25.0,1.1785714285714286,1.0,43.90243902439025
8.06,3,180,60.0,60.0,60.0,60.0,60.0,0.0,180,1.0,22.332506203473944
4.19,29,20028,216.0,66.0,66.0,1484.0,1484.0,436226.6492271106,8.473982970671713,0.41379310344827586,143.19809069212408
2.92,1,60,60.0,60.0,60.0,60.0,60.0,0.0,60,1.0,20.547945205479454
1.81,14,4937,107.5,66.0,66.0,359.25,1213.700000000001,234932.65816326538,2.1975388601036268,0.5,165.74585635359117
1.8,15,14915,1484.0,66.0,66.0,1484.0,1484.0,434802.8888888888,44.196969696969695,0.3333333333333333,166.66666666666666
1.94,1,60,60.0,60.0,60.0,60.0,60.0,0.0,60,1.0,30.927835051546392
2.05,21,7202,74.0,66.0,66.0,376.0,1514.0,244527.09297052145,3.3307276007215876,0.5714285714285714,263.4146341463415
0.54,18,11783,304.0,66.0,74.0,1514.0,1514.0,412356.0154320987,7.519884309472162,0.3888888888888889,444.4444444444444
7.04,4,264,66.0,66.0,66.0,66.0,66.0,0.0,0.3333333333333333,1.0,34.09090909090909
9.57,16,5571,79.0,66.0,66.0,399.75,1096.5,224469.65234375,2.7565745111260958,0.5625,37.61755485893417
8.94,34,22702,194.5,66.0,66.0,1514.0,1514.0,458275.08996539796,9.319090909090908,0.47058823529411764,80.53691275167786
1.43,1,60,60.0,60.0,60.0,60.0,60.0,0.0,60,1.0,41.95804195804196
6.61,33,20233,157.0,66.0,66.0,1514.0,1514.0,426723.5004591368,6.349436977842354,0.48484848484848486,108.92586989409983
9.34,1,60,60.0,60.0,60.0,60.0,60.0,0.0,60,1.0,6.423982869379015
3.6,24,15619,202.0,66.0,66.0,1514.0,1514.0,433647.24826388893,7.0969414204250905,0.4583333333333333,150.0
3.14,1,60,60.0,60.0,60.0,60.0,60.0,0.0,60,1.0,19.108280254777068
4.1,17,5288,78.0,66.0,66.0,232.0,939.4000000000003,200766.64359861592,2.026903262736119,0.5294117647058824,102.43902439024392
7.54,7,8900,1474.0,906.8000000000002,1474.0,1474.0,1474.0,246211.10204081633,157.92857142857142,0.14285714285714285,7.957559681697612
9.84,53,37250,157.0,66.0,66.0,1514.0,1514.0,485315.2730509077,13.67113036628594,0.49056603773584906,140.2439024390244
6.33,30,19320,182.5,56.0,56.0,1494.0,1494.0,450762.4,12.454038997214484,0.4666666666666667,123.22274881516589
2.08,1,56,56.0,56.0,56.0,56.0,56.0,0.0,0.0,1.0,28.846153846153847
7.84,14,5209,107.5,66.0,66.0,491.25,1242.500000000001,241951.92346938784,1.8683920704845816,0.5,38.26530612244898
6.44,24,23210,1484.0,66.0,66.0,1484.0,1484.0,450031.9930555555,42.958333333333336,0.3333333333333333,74.53416149068323
0.11,1,60,60.0,60.0,60.0,60.0,60.0,0.0,60,1.0,545.4545454545455
6.29,274,196832,243.0,66.0,66.0,1514.0,1514.0,479544.1514731738,11.827109807754969,0.4489051094890511,1011.1287758346582
6.02,289,221501,607.0,66.0,66.0,1514.0,1514.0,472713.7134612852,2.77376267143709,0.4290657439446367,1126.2458471760797
5.45,92,62469,623.0,66.0,66.0,1514.0,1514.0,388357.0759688091,0.8310763278227224,0.42391304347826086,396.33027522935777
7.7,12,8263,459.0,66.0,66.0,1514.0,1514.0,424609.5763888888,2.1866563825684535,0.4166666666666667,38.961038961038966
9.49,905,709635,815.0,66.0,66.0,1514.0,1514.0,443933.35291352525,2.8926982594528767,0.4121546961325967,2080.084299262381
0.8,5,3028,519.0,66.0,66.0,863.0,1253.6000000000001,296256.24000000005,0.2394596807204257,0.4,150.0
3.36,5,3028,519.0,66.0,66.0,863.0,1253.6000000000001,296256.24000000005,0.2394596807204257,0.4,35.714285714285715
6.04,62,43389,201.5,56.0,60.0,1506.0,1506.0,477660.1781997918,5.101673463647869,0.41935483870967744,248.34437086092714
9.85,399,387910,1506.0,56.0,82.0,1506.0,1506.0,447548.9803204753,4.456067063307875,0.2907268170426065,566.4974619289341
1.8,30,12021,81.0,66.0,66.0,631.0,1514.0,246266.34333333332,0.7343817630933487,0.5333333333333333,366.66666666666663
6.48,14,5215,60.0,56.0,56.0,460.0,1327.5000000000007,272727.6785714286,0.8888084027526258,0.6428571428571429,83.33333333333333
9.35,3011,2694846,1514.0,66.0,66.0,1514.0,1514.0,484036.8120224735,8.434744249553619,0.3932248422451013,6083.422459893049
3.32,2722,2602254,1514.0,66.0,66.0,1514.0,1514.0,470471.02932483086,9.78833381700593,0.3537839823659074,16301.204819277109
3.43,1065,1000185,1514.0,66.0,86.0,1514.0,1514.0,490714.4008199432,0.03294484578404085,0.39154929577464787,4478.134110787171
6.19,4355,4078362,1514.0,66.0,66.0,1514.0,1514.0,485379.9771884726,1.8668206561470202,0.3768082663605052,14239.095315024231
1.76,459,424803,1514.0,66.0,66.0,1514.0,1514.0,504685.6225383399,28.412379699508413,0.40522875816993464,6340.909090909091
5.33,2687,2506594,1514.0,66.0,66.0,1514.0,1514.0,502504.1727223483,31.300220352305967,0.4000744324525493,11527.204502814258
8.04,40,25127,293.5,60.0,66.0,1398.0,1398.0,368833.14437500003,4.975505350772889,0.425,111.9402985074627
5.04,18,9844,106.5,66.0,66.0,1387.25,1514.0,404941.6543209877,0.050586979722518674,0.5,95.23809523809523
2.59,365,261700,391.0,66.0,66.0,1514.0,1514.0,461187.4655657721,3.303073153887893,0.46301369863013697,3428.5714285714284
3.77,64,51675,664.0,66.0,66.0,1514.0,1514.0,482463.2126464844,5.9765087079789385,0.40625,413.7931034482758
1.42,9,532,60.0,56.0,60.0,60.0,60.0,2.765432098765432,3.75,1.0,380.28169014084506
3.76,27,11867,129.0,58.4,66.0,577.0,1506.0,292512.39780521265,0.6117071845715062,0.48148148148148145,175.53191489361703
4.9,6,348,58.0,56.0,56.0,60.0,60.0,4.0,1.0714285714285714,1.0,73.46938775510203
5.24,1,60,60.0,60.0,60.0,60.0,60.0,0.0,60,1.0,11.450381679389313
0.99,22,13714,194.5,66.0,66.0,1514.0,1514.0,416854.6859504133,0.3480782463383466,0.45454545454545453,424.24242424242425
5.94,64,56361,1514.0,66.0,66.0,1514.0,1514.0,497367.6989746094,12.885439763488543,0.40625,262.6262626262626
4.24,19,7902,66.0,56.0,58.0,475.0,1506.0,324021.67313019396,0.9123910939012585,0.5789473684210527,155.66037735849056
6.6,1,60,60.0,60.0,60.0,60.0,60.0,0.0,60,1.0,9.090909090909092
9.86,86,67240,684.0,66.0,66.0,1514.0,1514.0,491338.7712276906,3.7752290320289754,0.4418604651162791,219.06693711967546
6.5,19,7896,66.0,56.0,58.0,475.0,1506.0,324244.4542936289,0.941957697983276,0.5789473684210527,101.53846153846153
5.07,750,651657,1514.0,66.0,66.0,1514.0,1514.0,469514.95929066674,5.630953955736453,0.38533333333333336,3088.7573964497037
9.85,432,405539,1514.0,66.0,66.0,1514.0,1514.0,491219.85994834534,17.389289439078585,0.38425925925925924,822.3350253807107
6.67,24,8196,60.0,56.0,60.0,247.75,1485.8999999999999,277546.75,1.015740285292671,0.6666666666666666,143.928035982009
5.33,18,7836,66.0,56.0,57.0,523.0,1506.0,334843.5555555556,0.927201180521397,0.5555555555555556,112.5703564727955
6.39,20,8275,66.0,56.0,59.0,427.0,1506.0,308095.7875,1.0351696999508115,0.55,103.28638497652582
5.7,21,11433,129.0,56.0,64.0,1439.0,1506.0,384658.7210884353,1.495743287491814,0.47619047619047616,105.26315789473684
8.08,3,172,56.0,56.0,56.0,58.0,59.2,3.5555555555555554,0.5357142857142857,1.0,22.277227722772277
9.15,14,4719,66.0,56.0,57.0,339.0,1178.6000000000008,236489.78061224494,0.19923761118170266,0.5714285714285714,52.459016393442624
5.46,108,86964,1003.0,56.0,56.0,1506.0,1506.0,489317.83950617275,13.576600737512571,0.4166666666666667,494.50549450549454
1.62,1,60,60.0,60.0,60.0,60.0,60.0,0.0,60,1.0,37.03703703703703
9.9,27,10581,129.0,63.6,66.0,577.0,1457.0,246217.06172839503,0.8443437336587066,0.48148148148148145,66.66666666666666
6.08,3,172,56.0,56.0,56.0,58.0,59.2,3.5555555555555554,0.5357142857142857,1.0,29.605263157894736
6.45,2,122,61.0,57.0,58.5,63.5,65.0,25.0,1.1785714285714286,1.0,18.6046511627907
1.26,2,116,58.0,56.4,57.0,59.0,59.6,4.0,1.0714285714285714,1.0,95.23809523809523
8.19,13,4663,66.0,56.0,60.0,379.0,1265.4000000000005,248136.8284023668,0.20211394689352927,0.5384615384615384,51.28205128205129
7.92,1,56,56.0,56.0,56.0,56.0,56.0,0.0,0.0,1.0,7.575757575757575
9.3,14,4719,66.0,56.0,57.0,339.0,1178.6000000000008,236489.78061224494,0.19923761118170266,0.5714285714285714,51.612903225806456
5.68,280,289486,1506.0,56.0,60.0,1506.0,1506.0,452796.11382653064,38.780953689707296,0.30714285714285716,813.3802816901409
9.95,1,60,60.0,60.0,60.0,60.0,60.0,0.0,60,1.0,6.030150753768845
9.31,14,4719,66.0,56.0,57.0,339.0,1178.6000000000008,236489.78061224494,0.19923761118170266,0.5714285714285714,51.557465091299676
7.42,2,122,61.0,57.0,58.5,63.5,65.0,25.0,1.1785714285714286,1.0,16.172506738544474
7.45,6,380,66.0,58.0,61.5,66.0,66.0,15.555555555555557,1.0212765957446808,1.0,48.32214765100671
5.34,17,5648,129.0,56.0,60.0,379.0,918.2000000000003,200993.82698961935,0.21593110871905274,0.47058823529411764,89.88764044943821
7.06,5,288,56.0,56.0,56.0,60.0,60.0,3.8400000000000007,0.7142857142857143,1.0,42.4929178470255
5.77,21,5912,66.0,56.0,66.0,219.0,571.0,173638.82086167796,0.23759681808666527,0.5714285714285714,124.78336221837088
4.46,5,288,56.0,56.0,56.0,60.0,60.0,3.8400000000000007,0.7142857142857143,1.0,67.26457399103138
5.19,11,4547,129.0,56.0,63.0,475.0,1439.0,273823.6859504132,0.1893800680094167,0.45454545454545453,57.80346820809248
0.27,7,3702,84.0,70.8,74.0,945.0,1514.0,398614.69387755095,6.174418604651163,0.5714285714285714,222.2222222222222
7.1,12,1929,66.0,56.4,64.5,175.75,403.9000000000001,29766.020833333332,0.8709990300678953,0.6666666666666666,67.6056338028169
7.89,31,20864,216.0,66.0,66.0,1484.0,1484.0,435727.70863683656,8.432188065099458,0.41935483870967744,83.65019011406844
3.83,12,4607,97.5,56.4,60.0,427.0,1352.2000000000003,260543.40972222222,0.20507454878367773,0.5,93.99477806788511
6.73,3,172,56.0,56.0,56.0,58.0,59.2,3.5555555555555554,0.5357142857142857,1.0,26.745913818722137
3.4,22,8308,74.0,66.0,66.0,340.0,1506.5000000000002,290158.4132231405,3.8050896471949103,0.5909090909090909,176.47058823529412
1.76,282,295656,1506.0,56.0,74.0,1506.0,1506.0,431137.44303606456,33.370611485701,0.2624113475177305,2386.3636363636365
7.9,41,15046,84.0,66.0,66.0,376.0,1484.0,244732.07257584768,2.6272902603664416,0.5121951219512195,121.51898734177213
1.03,11,4547,129.0,56.0,63.0,475.0,1439.0,273823.6859504131,0.1893800680094167,0.45454545454545453,291.2621359223301
8.96,7,412,60.0,56.0,58.0,60.0,60.0,3.2653061224489797,2.6785714285714284,1.0,46.87499999999999
2.38,13,4550,78.0,61.2,66.0,232.0,1287.8000000000006,244436.46153846153,2.966870095902354,0.5384615384615384,126.05042016806723
9.71,2,122,61.0,57.0,58.5,63.5,65.0,25.0,1.1785714285714286,1.0,12.358393408856847
7.51,13,4663,66.0,56.0,60.0,379.0,1265.4000000000005,248136.8284023669,0.20211394689352927,0.5384615384615384,55.925432756324895
6.24,3,172,56.0,56.0,56.0,58.0,59.2,3.5555555555555554,0.5357142857142857,1.0,28.846153846153843
9.17,14,4719,66.0,56.0,57.0,339.0,1178.6000000000008,236489.78061224494,0.19923761118170266,0.5714285714285714,52.344601962922575
9.0,11,4547,129.0,56.0,63.0,475.0,1439.0,273823.6859504131,0.1893800680094167,0.45454545454545453,33.333333333333336
0.07,3,172,56.0,56.0,56.0,58.0,59.2,3.5555555555555554,0.5357142857142857,1.0,2571.428571428571
8.98,11,4547,129.0,56.0,63.0,475.0,1439.0,273823.6859504131,0.1893800680094167,0.45454545454545453,33.40757238307349
2.03,3,172,56.0,56.0,56.0,58.0,59.2,3.5555555555555554,0.5357142857142857,1.0,88.66995073891626
3.65,20,8592,117.5,66.0,66.0,423.75,1514.0,310959.04,4.441418619379354,0.5,115.06849315068494
2.84,11,4547,129.0,56.0,63.0,475.0,1439.0,273823.6859504131,0.1893800680094167,0.45454545454545453,105.63380281690141
5.15,3,172,56.0,56.0,56.0,58.0,59.2,3.5555555555555554,0.5357142857142857,1.0,34.95145631067961
4.19,14,6431,174.0,57.2,66.0,523.0,1439.0,296872.65816326527,0.22215887495248954,0.42857142857142855,85.91885441527445
7.52,3,172,56.0,56.0,56.0,58.0,59.2,3.5555555555555554,0.5357142857142857,1.0,23.93617021276596
4.61,11,4547,129.0,56.0,63.0,475.0,1439.0,273823.6859504132,0.1893800680094167,0.45454545454545453,65.0759219088937
9.93,3,172,56.0,56.0,56.0,58.0,59.2,3.5555555555555554,0.5357142857142857,1.0,18.12688821752266
9.98,16,5333,115.5,66.0,66.0,312.25,1044.5,207616.21484375,3.0616907844630616,0.5,36.07214428857716
3.4,11,4547,129.0,56.0,63.0,475.0,1439.0,273823.6859504131,0.1893800680094167,0.45454545454545453,88.23529411764706
6.2,3,172,56.0,56.0,56.0,58.0,59.2,3.5555555555555554,0.5357142857142857,1.0,29.032258064516128
9.16,14,4719,66.0,56.0,57.0,339.0,1178.6000000000008,236489.78061224494,0.19923761118170266,0.5714285714285714,52.40174672489083
1.65,12,4289,79.0,66.0,66.0,268.0,1400.2000000000005,275559.40972222225,3.533826638477801,0.5833333333333334,145.45454545454547
2.19,11,4501,66.0,66.0,66.0,463.0,1514.0,294724.6942148759,4.416365824308063,0.5454545454545454,164.38356164383563
3.64,22,7412,74.0,66.0,66.0,340.0,1416.9000000000021,238538.44628099175,3.286871023713129,0.5909090909090909,164.83516483516485
2.64,21,9796,135.0,66.0,66.0,438.0,1514.0,351941.6780045353,5.427821522309712,0.47619047619047616,159.09090909090907
7.83,38,19259,157.0,66.0,66.0,1245.0,1514.0,371807.72922437685,5.764664559185107,0.4473684210526316,84.2911877394636
0.23,6,465,66.0,66.0,66.0,66.0,100.5,661.25,0.3963963963963964,0.8333333333333334,1304.3478260869565
9.97,43,19658,135.0,66.0,66.0,438.0,1514.0,347400.0432666306,5.312780989081567,0.4883720930232558,90.27081243731193
6.67,22,11027,138.0,66.0,66.0,920.5,1484.0,339735.81198347104,4.347720659553831,0.45454545454545453,71.9640179910045
8.1,8,3762,79.0,64.2,72.0,660.5,1514.0,372831.4375,6.290697674418604,0.625,14.814814814814817
2.69,18,6596,66.0,66.0,66.0,309.25,1514.0,276996.6913580247,4.157154026583268,0.5555555555555556,223.0483271375465
5.63,65,55390,1474.0,66.0,66.0,1474.0,1474.0,462103.2378698225,17.244400527009223,0.36923076923076925,234.4582593250444
5.87,334,279118,1474.0,66.0,66.0,1474.0,1474.0,471968.99508766894,18.850508498684302,0.4161676646706587,1216.3543441226575
6.05,3,180,60.0,60.0,60.0,60.0,60.0,0.0,180,1.0,29.75206611570248
2.19,23,9862,74.0,66.0,66.0,455.5,1514.0,333519.21361058595,4.651575931232092,0.5652173913043478,273.972602739726
2.99,25,10306,128.0,56.0,60.0,571.0,1474.0,272200.5024,2.3406807131280387,0.44,220.73578595317724
4.5,22,7598,74.0,66.0,66.0,340.0,1439.3000000000015,244610.68595041323,3.6584917228694054,0.5909090909090909,133.33333333333334
3.29,2,122,61.0,57.0,58.5,63.5,65.0,25.0,1.1785714285714286,1.0,36.474164133738604
7.18,2,122,61.0,57.0,58.5,63.5,65.0,25.0,1.1785714285714286,1.0,16.71309192200557
7.88,2,116,58.0,56.4,57.0,59.0,59.6,4.0,1.0714285714285714,1.0,15.228426395939087
3.57,16,5970,107.5,66.0,66.0,603.0,1097.5,224143.484375,2.1993569131832795,0.5,100.84033613445379
1.29,26,9060,74.0,66.0,66.0,216.0,1506.0,262053.78698224854,2.7655860349127184,0.5384615384615384,465.1162790697674
0.09,21,9531,129.0,56.0,66.0,571.0,1494.0,313779.6462585034,2.1886918701906994,0.47619047619047616,5333.333333333333
8.45,4,791,58.0,56.0,56.0,199.75,451.30000000000007,59153.1875,6.0625,0.75,21.301775147928996
5.39,1,60,60.0,60.0,60.0,60.0,60.0,0.0,60,1.0,11.131725417439704
9.73,2,122,61.0,57.0,58.5,63.5,65.0,25.0,1.1785714285714286,1.0,12.332990750256936
2.84,35,19497,74.0,66.0,66.0,1514.0,1514.0,428000.4538775511,8.459970887918486,0.5428571428571428,338.02816901408454
9.81,4,242,60.0,57.2,59.0,61.5,64.2,12.75,3.3214285714285716,1.0,24.464831804281346
1.04,1,60,60.0,60.0,60.0,60.0,60.0,0.0,60,1.0,57.69230769230769
8.55,23,8790,74.0,66.0,66.0,367.5,1514.0,285394.056710775,3.9465391108610017,0.5652173913043478,70.17543859649122
5.99,162,126944,928.0,66.0,66.0,1484.0,1484.0,489545.99207437894,18.22228952150212,0.4691358024691358,530.8848080133555
4.12,1,60,60.0,60.0,60.0,60.0,60.0,0.0,60,1.0,14.563106796116505
9.33,63,32992,141.0,66.0,66.0,1197.5,1484.0,355147.6452506928,4.63965811965812,0.47619047619047616,167.20257234726688
7.59,2,120,60.0,60.0,60.0,60.0,60.0,0.0,120,1.0,15.810276679841897
2.24,42,15954,79.0,66.0,66.0,411.0,1514.0,276533.5510204081,3.3072354211663066,0.5476190476190477,455.35714285714283
4.3,37,23408,204.0,56.0,60.0,1474.0,1474.0,411292.1738495252,6.937605968124788,0.3783783783783784,195.3488372093023
3.52,1,60,60.0,60.0,60.0,60.0,60.0,0.0,60,1.0,17.045454545454547
8.79,2,122,61.0,57.0,58.5,63.5,65.0,25.0,1.1785714285714286,1.0,13.651877133105803
9.65,30,23478,733.0,56.0,61.5,1474.0,1474.0,446231.50666666677,5.6209813874788495,0.3333333333333333,62.17616580310881
1.54,1,60,60.0,60.0,60.0,60.0,60.0,0.0,60,1.0,38.96103896103896
0.36,2,140,70.0,66.8,68.0,72.0,73.2,16.0,0.8918918918918919,1.0,166.66666666666666
4.98,100,30740,74.0,56.0,56.0,299.0,1490.0,214558.67999999996,2.306087330608733,0.57,554.2168674698795
2.72,12,1860,63.0,56.0,56.0,147.75,289.50000000000006,33805.666666666664,0.3556851311953353,0.5833333333333334,154.41176470588235
0.26,7,3692,80.0,70.8,74.0,942.0,1514.0,399390.53061224485,6.23921568627451,0.5714285714285714,230.76923076923077
8.73,11,1622,66.0,66.0,66.0,194.5,343.0,11835.702479338843,0.6652977412731006,0.5454545454545454,41.23711340206185
7.86,36,12467,79.0,66.0,66.0,376.0,1514.0,238112.98996913573,3.2004716981132075,0.5555555555555556,106.87022900763358
1.39,169,159916,1484.0,66.0,66.0,1484.0,1484.0,461403.06249781174,29.37917933130699,0.34911242603550297,2460.4316546762593
1.61,1,60,60.0,60.0,60.0,60.0,60.0,0.0,60,1.0,37.267080745341616
0.09,9,4045,78.0,66.0,66.0,583.0,1464.0,318551.35802469135,3.708963911525029,0.5555555555555556,2000.0
9.32,28,16008,100.5,66.0,66.0,1464.0,1464.0,402744.06122448976,8.942857142857143,0.5,90.12875536480686
1.1,493,411649,1464.0,66.0,78.0,1464.0,1464.0,472810.1580668919,22.350672187872256,0.43204868154158216,6381.818181818182
3.65,10,798,66.0,66.0,66.0,66.0,135.0,761.76,0.4943820224719101,0.8,131.5068493150685
2.08,16,5522,107.5,66.0,66.0,355.0,1065.5,216214.484375,1.9848648648648648,0.5,173.0769230769231
2.73,1,60,60.0,60.0,60.0,60.0,60.0,0.0,60,1.0,21.978021978021978
3.85,50,36951,287.5,66.0,66.0,1514.0,1514.0,488518.45960000006,15.719909502262443,0.44,296.1038961038961
2.6,365,407796,1514.0,66.0,78.0,1514.0,1514.0,408453.74332144874,50.327375707992445,0.26301369863013696,1269.2307692307693
2.97,448,604424,1514.0,66.0,1514.0,1514.0,1514.0,211515.2955994898,178.56743909685085,0.11383928571428571,1030.3030303030303
4.19,994,1242828,1514.0,66.0,1514.0,1514.0,1514.0,312272.3096243457,103.03716725263686,0.18209255533199195,2591.885441527446
4.82,1315,1450037,1514.0,66.0,78.0,1514.0,1514.0,421759.31666266674,55.540474148015285,0.27756653992395436,3771.784232365145
6.46,2486,2604501,1514.0,66.0,66.0,1514.0,1514.0,456368.02730803355,47.185099533782285,0.31979082864038616,6687.306501547988
4.71,2827,3025239,1514.0,66.0,66.0,1514.0,1514.0,446157.9900654773,52.74858310384649,0.305978068623983,11019.108280254777
6.26,21,7298,74.0,66.0,66.0,376.0,1514.0,245786.6303854875,3.265341905318527,0.5714285714285714,86.26198083067092
7.42,146,167880,1474.0,56.0,1180.75,1474.0,1474.0,331153.72096078057,30.831626848691695,0.18493150684931506,218.32884097035043
9.31,1,60,60.0,60.0,60.0,60.0,60.0,0.0,60,1.0,6.4446831364124595
5.68,23,8790,74.0,66.0,66.0,367.5,1514.0,285394.056710775,3.9465391108610017,0.5652173913043478,105.63380281690141
0.97,14,4794,79.0,66.0,66.0,340.0,1191.5000000000011,242510.53061224488,2.4613718411552346,0.5714285714285714,309.27835051546396
1.03,13,8735,66.0,66.0,66.0,1514.0,1514.0,470494.8402366863,21.05808080808081,0.5384615384615384,407.7669902912621
4.69,13,5404,141.0,66.0,74.0,583.0,1356.6000000000006,260143.28994082846,2.0055617352614017,0.46153846153846156,38.379530916844345
1.83,1,60,60.0,60.0,60.0,60.0,60.0,0.0,60,1.0,32.78688524590164
9.83,23,8758,74.0,66.0,66.0,367.5,1514.0,284922.3440453688,4.0189111747851,0.5652173913043478,61.03763987792472
3.38,22,8724,79.0,66.0,66.0,371.75,1514.0,293616.06611570244,4.098772647574518,0.5454545454545454,159.76331360946745
7.91,39,22436,135.0,66.0,66.0,1484.0,1484.0,397264.7666009205,5.897018137104212,0.48717948717948717,128.95069532237673
0.61,1,60,60.0,60.0,60.0,60.0,60.0,0.0,60,1.0,98.36065573770493
4.44,19,7054,84.0,66.0,66.0,379.5,1514.0,261310.40443213293,3.6074461136512084,0.5263157894736842,94.59459459459458
5.21,70,59418,1439.0,56.0,60.0,1474.0,1474.0,455779.7991836734,3.2221274781496483,0.34285714285714286,264.87523992322457
2.58,14,15487,1474.0,56.0,802.75,1474.0,1474.0,352819.16836734704,91.18452380952381,0.21428571428571427,69.76744186046511
6.05,80,79136,1474.0,56.0,66.0,1474.0,1474.0,428476.985,5.045530939648587,0.325,257.8512396694215
3.08,35,35312,1474.0,56.0,63.5,1474.0,1474.0,419545.1069387755,4.5732323232323235,0.2857142857142857,175.32467532467533
8.55,1,60,60.0,60.0,60.0,60.0,60.0,0.0,60,1.0,7.017543859649122
8.82,43,32930,695.0,66.0,66.0,1484.0,1484.0,448156.19794483506,9.497290404845394,0.3953488372093023,102.04081632653062
5.65,1,60,60.0,60.0,60.0,60.0,60.0,0.0,60,1.0,10.619469026548671
4.88,15,5198,88.0,56.0,58.0,357.0,1150.3999999999996,229514.91555555555,3.260655737704918,0.5333333333333333,86.06557377049181
9.51,1,56,56.0,56.0,56.0,56.0,56.0,0.0,0.0,1.0,6.309148264984227
5.92,15,5408,141.0,66.0,66.0,431.0,1123.9999999999998,219885.58222222223,2.0011098779134295,0.4666666666666667,50.67567567567568
6.59,1,60,60.0,60.0,60.0,60.0,60.0,0.0,60,1.0,9.104704097116844
0.79,19,8526,151.0,66.0,66.0,471.5,1514.0,320000.93074792257,4.399620012666245,0.47368421052631576,455.69620253164555
3.91,2,132,66.0,66.0,66.0,66.0,66.0,0.0,1.0,1.0,30.69053708439898
6.57,34,23276,217.5,56.0,61.5,1514.0,1514.0,450820.65397923876,6.957606837606837,0.38235294117647056,118.72146118721462
7.43,1,60,60.0,60.0,60.0,60.0,60.0,0.0,60,1.0,8.075370121130552
3.13,2,122,61.0,57.0,58.5,63.5,65.0,25.0,1.1785714285714286,1.0,38.33865814696485
3.1,2,116,58.0,56.4,57.0,59.0,59.6,4.0,1.0714285714285714,1.0,38.70967741935484
6.92,31,20608,144.0,66.0,66.0,1484.0,1484.0,443100.56191467226,8.183600713012478,0.41935483870967744,95.37572254335261
3.52,1,60,60.0,60.0,60.0,60.0,60.0,0.0,60,1.0,17.045454545454547
8.42,22,9908,113.5,66.0,66.0,483.25,1514.0,344731.5041322313,5.204132748904195,0.5,57.00712589073634
7.17,25,10618,74.0,66.0,66.0,503.0,1514.0,318525.0816,4.968521641371557,0.56,92.05020920502092
2.57,28,17503,180.0,66.0,66.0,1484.0,1484.0,424851.73852040817,7.813192346424975,0.42857142857142855,233.46303501945528
8.77,20,6420,107.5,66.0,66.0,351.0,673.1000000000013,180765.7,1.6716604244694133,0.5,54.732041049030784
3.64,2,120,60.0,60.0,60.0,60.0,60.0,0.0,120,1.0,32.967032967032964
1.74,27,22517,796.0,56.0,65.0,1506.0,1506.0,453525.5912208505,11.764739229024944,0.3333333333333333,310.34482758620686
3.63,5,339,60.0,56.0,56.0,60.0,88.2,387.36,0.547945205479452,0.8,66.11570247933885
2.5,22,7348,74.0,66.0,66.0,340.0,1419.300000000002,237901.0909090909,3.1350590883511535,0.5909090909090909,240.0
1.69,33,10808,74.0,66.0,66.0,376.0,1334.2000000000007,215504.55280073464,2.8056338028169012,0.5757575757575758,461.53846153846155
4.57,29,20188,216.0,66.0,66.0,1484.0,1484.0,439603.4292508918,8.269054178145087,0.41379310344827586,131.29102844638948
0.92,1,60,60.0,60.0,60.0,60.0,60.0,0.0,60,1.0,65.21739130434783
1.33,46,29003,141.0,66.0,66.0,1514.0,1514.0,441046.5543478261,7.780805328489252,0.4782608695652174,721.8045112781955
7.02,1,60,60.0,60.0,60.0,60.0,60.0,0.0,60,1.0,8.547008547008547
0.82,2,132,66.0,66.0,66.0,66.0,66.0,0.0,1.0,1.0,146.34146341463415
3.0,2,126,63.0,60.6,61.5,64.5,65.4,9.0,0.9090909090909091,1.0,40.0
2.22,44,25266,172.5,66.0,66.0,1454.0,1454.0,389216.81198347104,5.793761763915031,0.45454545454545453,432.4324324324324
9.4,1,60,60.0,60.0,60.0,60.0,60.0,0.0,60,1.0,6.382978723404255
2.65,47,38298,1359.0,66.0,66.0,1484.0,1484.0,469548.3820733364,15.07808564231738,0.3829787234042553,362.2641509433962
4.02,1,60,60.0,60.0,60.0,60.0,60.0,0.0,60,1.0,14.92537313432836
1.48,2,126,63.0,60.6,61.5,64.5,65.4,9.0,0.9090909090909091,1.0,81.08108108108108
8.94,41,31470,583.0,66.0,66.0,1484.0,1484.0,458901.95359904825,12.986666666666666,0.3902439024390244,93.95973154362416
4.53,1,60,60.0,60.0,60.0,60.0,60.0,0.0,60,1.0,13.245033112582782
5.32,177,166065,1474.0,66.0,66.0,1474.0,1474.0,455917.3695298285,28.538420490928495,0.3502824858757062,676.6917293233082
3.67,1,60,60.0,60.0,60.0,60.0,60.0,0.0,60,1.0,16.34877384196185
7.44,62,27533,78.0,56.0,66.0,607.0,1474.0,329671.7193028096,4.046370967741935,0.532258064516129,217.74193548387095
1.5,4,327,66.0,61.8,64.5,83.25,114.30000000000001,951.1875,0.6268656716417911,0.75,120.0
9.87,3925,3637647,1354.0,56.0,74.0,1354.0,1354.0,365557.66454239923,40.10428484259531,0.3281528662420382,5519.756838905776
2.01,752,737871,1354.0,56.0,56.0,1354.0,1354.0,344856.01247559703,60.28496677740864,0.2872340425531915,6417.910447761195
5.37,3,172,56.0,56.0,56.0,58.0,59.2,3.5555555555555554,0.5357142857142857,1.0,33.5195530726257
2.91,56,47137,1484.0,66.0,66.0,1484.0,1484.0,467502.69610969385,17.27015503875969,0.375,391.7525773195876
4.8,1,60,60.0,60.0,60.0,60.0,60.0,0.0,60,1.0,12.5
3.59,23,9302,74.0,66.0,66.0,447.5,1514.0,296733.55009451805,4.379988432620012,0.5652173913043478,167.13091922005572
2.01,61,51835,1484.0,66.0,66.0,1484.0,1484.0,470669.8903520558,18.226632047477747,0.3770491803278688,626.8656716417911
5.44,1,60,60.0,60.0,60.0,60.0,60.0,0.0,60,1.0,11.029411764705882
9.65,40,20605,74.0,66.0,66.0,1514.0,1514.0,407481.809375,7.265142398716406,0.6,111.91709844559585
7.66,1,60,60.0,60.0,60.0,60.0,60.0,0.0,60,1.0,7.832898172323759
3.17,29,19452,216.0,66.0,66.0,1514.0,1514.0,461489.2175980976,12.19674355495251,0.4482758620689655,170.34700315457414
7.16,1,60,60.0,60.0,60.0,60.0,60.0,0.0,60,1.0,8.379888268156424
5.92,26,14558,116.5,56.0,56.0,1494.0,1494.0,410625.68639053253,9.310198300283286,0.5,121.62162162162163
8.22,1,56,56.0,56.0,56.0,56.0,56.0,0.0,0.0,1.0,7.2992700729927
4.92,23,9862,74.0,66.0,66.0,439.5,1514.0,336190.51795841206,4.757151196730882,0.5652173913043478,121.95121951219512
1.99,31,20976,216.0,66.0,66.0,1484.0,1484.0,435382.03537981265,9.551307847082494,0.41935483870967744,331.65829145728645
2.43,1,60,60.0,60.0,60.0,60.0,60.0,0.0,60,1.0,24.691358024691358
7.07,31,24337,656.0,56.0,56.0,1514.0,1514.0,471469.28616024955,9.884168157423971,0.3870967741935484,101.83875530410184
4.28,1,60,60.0,60.0,60.0,60.0,60.0,0.0,60,1.0,14.018691588785048
6.23,43,24208,84.0,66.0,66.0,1514.0,1514.0,414241.7901568416,5.894901737396753,0.5116279069767442,154.09309791332262
8.44,1,60,60.0,60.0,60.0,60.0,60.0,0.0,60,1.0,7.109004739336493
8.69,23,8758,74.0,66.0,66.0,367.5,1514.0,284922.3440453688,4.0189111747851,0.5652173913043478,69.04487917146146
2.79,29,16713,74.0,66.0,66.0,1514.0,1514.0,420773.31747919146,6.066807610993657,0.5172413793103449,279.5698924731183
4.82,1,60,60.0,60.0,60.0,60.0,60.0,0.0,60,1.0,12.448132780082986
6.76,1,66,66.0,66.0,66.0,66.0,66.0,0.0,0.0,1.0,8.875739644970414
4.42,16,5082,99.5,66.0,66.0,292.25,968.5,215468.609375,2.6772793053545585,0.5,67.87330316742081
2.59,18,5314,77.0,66.0,66.0,315.25,713.2000000000008,196864.0617283951,2.5808625336927222,0.5555555555555556,162.16216216216216
9.55,8953,8984860,1506.0,66.0,66.0,1506.0,1506.0,467363.45532478974,40.361997928415235,0.34714620797498047,17007.329842931937
2.06,2,132,66.0,66.0,66.0,66.0,66.0,0.0,1.0,1.0,58.25242718446602
7.05,4,252,63.0,60.0,60.0,66.0,66.0,9.0,2.8181818181818183,1.0,34.04255319148936
7.42,16,5082,99.5,66.0,66.0,292.25,968.5,215468.609375,2.6772793053545585,0.5,40.43126684636119
4.39,11,3983,88.0,56.0,61.0,231.0,1494.0,288701.53719008266,4.722701149425287,0.5454545454545454,68.33712984054671
6.85,4,858,203.5,57.2,59.0,359.0,380.6,24782.25,1.1290322580645162,0.5,17.51824817518248
8.6,1,60,60.0,60.0,60.0,60.0,60.0,0.0,60,1.0,6.976744186046512
1.77,31,20912,216.0,66.0,66.0,1484.0,1484.0,435186.3725286161,9.519114688128772,0.41935483870967744,372.88135593220335
2.06,1,60,60.0,60.0,60.0,60.0,60.0,0.0,60,1.0,29.12621359223301
2.15,31,20608,144.0,66.0,66.0,1484.0,1484.0,443100.56191467226,8.183600713012478,0.41935483870967744,306.9767441860465
4.03,1,60,60.0,60.0,60.0,60.0,60.0,0.0,60,1.0,14.88833746898263
7.99,28,11538,166.5,56.0,64.0,607.0,1506.0,247303.7806122449,1.7504171632896306,0.42857142857142855,90.11264080100123
6.37,1,60,60.0,60.0,60.0,60.0,60.0,0.0,60,1.0,9.419152276295133
7.84,104,60590,74.0,66.0,66.0,1514.0,1514.0,449654.6253698226,9.765813788201848,0.5480769230769231,390.30612244897964
4.01,2,116,58.0,56.4,57.0,59.0,59.6,4.0,1.0714285714285714,1.0,29.925187032418954
7.19,31,20800,216.0,66.0,66.0,1484.0,1484.0,435459.3215400625,9.462776659959758,0.41935483870967744,91.7941585535466
1.18,1,60,60.0,60.0,60.0,60.0,60.0,0.0,60,1.0,50.847457627118644
4.88,27,11774,74.0,66.0,66.0,455.5,1514.0,343119.2537722908,5.272775705913692,0.5555555555555556,147.54098360655738
6.15,58,29287,192.0,66.0,66.0,1108.0,1484.0,340440.42835909635,5.907311320754717,0.3448275862068966,175.60975609756096
5.57,2,120,60.0,60.0,60.0,60.0,60.0,0.0,120,1.0,21.543985637342907
7.25,34,23499,214.0,66.0,66.0,1484.0,1484.0,451847.5960207612,10.265100671140939,0.4117647058823529,99.3103448275862
7.37,1,60,60.0,60.0,60.0,60.0,60.0,0.0,60,1.0,8.14111261872456
0.54,11,4213,80.0,66.0,70.0,301.0,1514.0,292418.7272727273,3.820366132723112,0.5454545454545454,333.3333333333333
4.7,89,70736,838.0,66.0,66.0,1514.0,1514.0,513265.74094180024,21.93644617380026,0.47191011235955055,536.1702127659574
8.73,977,895463,1484.0,66.0,66.0,1484.0,1484.0,475963.95128068404,29.516050981461287,0.38689866939611056,2378.0068728522333
4.76,2,120,60.0,60.0,60.0,60.0,60.0,0.0,120,1.0,25.210084033613448
2.08,348,372316,1484.0,66.0,78.0,1484.0,1484.0,407966.2368873035,42.765839896555775,0.27586206896551724,2307.6923076923076
9.39,537,513202,1484.0,66.0,66.0,1484.0,1484.0,465675.10648509377,34.4666205943331,0.3687150837988827,1207.667731629393
2.45,1,60,60.0,60.0,60.0,60.0,60.0,0.0,60,1.0,24.489795918367342
9.78,497,452113,1484.0,66.0,66.0,1484.0,1484.0,474635.5963871762,27.327882205513784,0.3903420523138833,901.8404907975462
8.33,443,441873,1484.0,66.0,78.0,1484.0,1484.0,443656.25257708324,36.132184873949576,0.3295711060948081,770.7082833133253
0.4,1,60,60.0,60.0,60.0,60.0,60.0,0.0,60,1.0,150.0
3.56,52,37027,178.5,56.0,66.0,1514.0,1514.0,489590.0543639052,14.742772108843537,0.46153846153846156,353.9325842696629
4.92,32,21058,180.0,66.0,66.0,1484.0,1484.0,433170.12109375,9.592555331991951,0.4375,146.34146341463415
1.44,1,60,60.0,60.0,60.0,60.0,60.0,0.0,60,1.0,41.666666666666664
7.6,42,20626,141.0,66.0,66.0,795.0,1484.0,333209.80045351473,4.185017596782303,0.4523809523809524,118.42105263157896
3.39,2,120,60.0,60.0,60.0,60.0,60.0,0.0,120,1.0,35.39823008849557
8.72,25,10130,128.0,56.0,60.0,571.0,1474.0,264170.95999999996,2.482296321760055,0.44,75.6880733944954
7.8,1,60,60.0,60.0,60.0,60.0,60.0,0.0,60,1.0,7.692307692307692
1.99,2,122,61.0,57.0,58.5,63.5,65.0,25.0,1.1785714285714286,1.0,60.30150753768845
9.03,2,116,58.0,56.4,57.0,59.0,59.6,4.0,1.0714285714285714,1.0,13.289036544850498
7.59,38,13524,74.0,66.0,66.0,216.0,1454.0,244987.93628808856,2.8171041490262487,0.5263157894736842,110.67193675889328
4.86,23,6371,234.0,56.0,58.0,283.0,559.0000000000002,103075.04347826086,2.367336152219873,0.391304347826087,111.11111111111111
5.33,1,60,60.0,60.0,60.0,60.0,60.0,0.0,60,1.0,11.25703564727955
1.34,12,4665,118.5,66.0,72.0,365.0,1412.9000000000003,269544.6875,2.7023809523809526,0.5,134.32835820895522
0.63,12,14733,1514.0,156.9000000000001,1379.25,1514.0,1514.0,291721.6875,110.61363636363636,0.16666666666666666,190.47619047619045
5.09,5,330,66.0,66.0,66.0,66.0,66.0,0.0,0.25,1.0,58.93909626719057
2.98,6,378,63.0,60.0,60.0,66.0,66.0,9.0,0.9090909090909091,1.0,120.80536912751678
2.27,18,13749,411.0,66.0,75.5,1514.0,1514.0,461071.47222222225,9.911904761904761,0.3333333333333333,79.29515418502201
5.88,10,5913,66.0,66.0,66.0,1379.25,1514.0,435699.20999999996,16.918181818181818,0.6,61.224489795918366
3.48,28,19726,275.5,66.0,66.0,1514.0,1514.0,458074.75,10.926239419588875,0.42857142857142855,155.17241379310343
0.9,17,5615,74.0,66.0,66.0,216.0,1137.8000000000002,233873.0311418685,1.686602870813397,0.6470588235294118,533.3333333333333
4.01,633,554734,1514.0,66.0,78.0,1514.0,1514.0,507550.5391962345,24.92214953271028,0.4391785150078989,2109.7256857855364
7.39,1,60,60.0,60.0,60.0,60.0,60.0,0.0,60,1.0,8.119079837618404
9.24,27,19660,319.0,66.0,66.0,1514.0,1514.0,459381.9039780521,11.380352644836272,0.4074074074074074,51.94805194805195
6.23,48,28066,166.5,56.0,66.0,1414.0,1414.0,383149.62326388893,6.092747030578721,0.4583333333333333,211.87800963081858
3.35,1,60,60.0,60.0,60.0,60.0,60.0,0.0,60,1.0,17.910447761194032
8.43,11,4075,66.0,56.0,56.0,318.5,1508.0,310173.7024793388,3.732868757259001,0.7272727272727273,56.93950177935944
1.33,2,116,58.0,56.4,57.0,59.0,59.6,4.0,1.0714285714285714,1.0,90.22556390977444
9.76,1,58,58.0,58.0,58.0,58.0,58.0,0.0,0.0,1.0,6.147540983606558
1.38,26,10382,66.0,56.0,56.0,571.0,1508.0,283107.75147929,2.1758947690425208,0.5384615384615384,608.695652173913
6.34,1,60,60.0,60.0,60.0,60.0,60.0,0.0,60,1.0,9.463722397476342
7.14,2,122,61.0,57.0,58.5,63.5,65.0,25.0,1.1785714285714286,1.0,16.80672268907563
9.36,2,116,58.0,56.4,57.0,59.0,59.6,4.0,1.0714285714285714,1.0,12.820512820512821
6.14,86,63214,204.0,56.0,64.5,1506.0,1506.0,481727.85830178484,7.744501314151335,0.45348837209302323,361.56351791530943
9.98,67,42427,157.0,66.0,66.0,1514.0,1514.0,452447.1370015593,10.479166666666666,0.4925373134328358,162.3246492985972
6.63,2,122,61.0,57.0,58.5,63.5,65.0,25.0,1.1785714285714286,1.0,18.099547511312217
8.94,2,116,58.0,56.4,57.0,59.0,59.6,4.0,1.0714285714285714,1.0,13.422818791946309
5.0,16,5338,75.0,56.0,59.0,310.0,1096.5,222939.609375,3.3187702265372168,0.5625,96.0
4.6,1,56,56.0,56.0,56.0,56.0,56.0,0.0,0.0,1.0,13.043478260869566
4.91,111,77850,204.0,56.0,66.0,1454.0,1454.0,436362.39006574155,9.752762430939226,0.3963963963963964,525.458248472505
4.0,85,77666,1454.0,56.0,66.0,1454.0,1454.0,459990.50851211074,36.73858114674441,0.38823529411764707,435.0
7.31,267,251650,1454.0,56.0,66.0,1454.0,1454.0,447634.44466888293,42.31325301204819,0.36329588014981273,771.545827633379
5.85,193,185868,1454.0,56.0,66.0,1454.0,1454.0,443088.16880990093,44.13550267119961,0.35233160621761656,697.4358974358975
1.3,107,97028,1454.0,56.0,61.0,1454.0,1454.0,463405.9708271463,37.533756949960285,0.3925233644859813,1846.1538461538462
3.87,138,126806,1454.0,56.0,66.0,1454.0,1454.0,459249.68220961984,38.4297263681592,0.38405797101449274,806.2015503875969
9.05,365,336960,1454.0,56.0,66.0,1454.0,1454.0,458143.5436291987,39.32551460028722,0.38082191780821917,895.0276243093922
8.17,201,183704,1454.0,56.0,66.0,1454.0,1454.0,459926.66419148043,36.78362813656931,0.3880597014925373,550.795593635251
0.65,35,31408,1454.0,56.0,66.0,1454.0,1454.0,464762.23346938775,34.93592677345538,0.4,1292.3076923076922
5.1,235,220028,1454.0,56.0,66.0,1454.0,1454.0,449198.5205251245,40.46777233320769,0.3659574468085106,941.1764705882354
9.25,334,314220,1454.0,56.0,66.0,1454.0,1454.0,451852.04073290544,41.31349313223808,0.36826347305389223,791.3513513513514
7.06,233,217616,1454.0,56.0,66.0,1454.0,1454.0,453830.0937574832,40.277693474962064,0.37339055793991416,722.3796033994334
9.13,398,379552,1454.0,56.0,66.0,1454.0,1454.0,444181.9466175097,42.48670944087993,0.35678391959798994,887.1851040525739
9.79,245,225374,1454.0,56.0,66.0,1454.0,1454.0,458265.21322782175,37.72405498281787,0.3836734693877551,533.197139938713
5.81,137,130976,1454.0,56.0,66.0,1454.0,1454.0,445357.6633811071,42.31216931216931,0.35766423357664234,464.71600688468163
2.51,65,56924,1454.0,56.0,66.0,1454.0,1454.0,470602.89325443783,33.04545454545455,0.4153846153846154,645.4183266932272
2.88,108,104106,1454.0,56.0,66.0,1454.0,1454.0,442399.88580246916,43.75752364574377,0.35185185185185186,770.8333333333334
2.52,152,140060,1454.0,56.0,56.0,1454.0,1454.0,459656.27354570635,40.388888888888886,0.3815789473684211,1333.3333333333333
9.05,97,101984,1454.0,56.0,66.0,1454.0,1454.0,399471.2050164736,60.5102533172497,0.28865979381443296,185.63535911602207
4.41,286,272238,1454.0,56.0,66.0,1454.0,1454.0,447882.06978336343,43.16580142764439,0.36013986013986016,1319.7278911564626
4.81,41,45684,1454.0,56.0,1454.0,1454.0,1454.0,357852.13563355146,73.89180327868853,0.24390243902439024,124.74012474012474
1.16,1,1454,1454.0,1454.0,1454.0,1454.0,1454.0,0.0,1454,0.0,0.0
7.88,1706,1668671,1484.0,66.0,66.0,1484.0,1484.0,456900.06966275844,37.471688108083185,0.3540445486518171,3677.6649746192893
9.23,7536,7521342,1484.0,66.0,66.0,1484.0,1484.0,451027.90197138675,43.393080164791705,0.341427813163482,16433.36944745395
2.33,1692,1721607,1484.0,66.0,66.0,1484.0,1484.0,441455.25117888936,44.78254972875226,0.3280141843971631,13107.296137339054
0.69,577,580706,1484.0,66.0,66.0,1484.0,1484.0,448237.866235744,44.531284302963776,0.3362218370883882,16869.565217391304
2.18,1041,1041524,1484.0,66.0,66.0,1484.0,1484.0,448024.3133892722,43.15108096651123,0.3381364073006724,8834.862385321101
4.62,3448,3446120,1484.0,66.0,66.0,1484.0,1484.0,451692.9532894419,43.42250180468186,0.34135730858468677,15246.753246753247
0.55,782,788672,1484.0,66.0,66.0,1484.0,1484.0,447719.3691825669,44.688332754026185,0.3350383631713555,28581.81818181818
7.44,5716,5739743,1484.0,66.0,66.0,1484.0,1484.0,448797.4772267979,43.71876558214909,0.33782365290412875,14967.74193548387
6.9,5739,5766904,1484.0,66.0,66.0,1484.0,1484.0,449720.3843835769,43.995583852191686,0.33786373932740893,16721.73913043478
6.26,7218,7267610,1484.0,66.0,66.0,1484.0,1484.0,448684.2523905593,44.10233591500347,0.3365198115821557,22878.594249201276
8.2,7871,7935682,1484.0,66.0,66.0,1484.0,1484.0,447774.82972391776,44.205712462830256,0.33528141278109513,18790.243902439026
6.24,3776,3775718,1484.0,66.0,66.0,1484.0,1484.0,451777.1056513819,43.12225676023091,0.3413665254237288,12134.615384615383
3.48,1943,1905953,1484.0,66.0,66.0,1484.0,1484.0,459639.3789511633,40.34926454636178,0.3546062789500772,11448.275862068966
3.22,3407,3440886,1484.0,66.0,66.0,1484.0,1484.0,447481.38011823065,44.7722882911645,0.3343117111828588,21223.60248447205
8.92,5096,5111291,1484.0,66.0,66.0,1484.0,1484.0,449074.09988191404,43.16488957246051,0.33830455259026687,10917.040358744394
0.93,1,60,60.0,60.0,60.0,60.0,60.0,0.0,60,1.0,64.51612903225806
6.03,18,5528,115.5,66.0,66.0,339.0,710.8000000000008,180369.8765432099,2.2632821723730814,0.5,69.65174129353234
7.27,20,15261,745.5,66.0,66.0,1464.0,1464.0,485947.1475000001,22.12272727272727,0.5,82.53094910591473
3.09,1,60,60.0,60.0,60.0,60.0,60.0,0.0,60,1.0,19.417475728155342
4.11,28,17658,180.0,66.0,66.0,1484.0,1484.0,421877.44387755095,7.750247770069375,0.42857142857142855,145.985401459854
8.17,1,60,60.0,60.0,60.0,60.0,60.0,0.0,60,1.0,7.343941248470013
7.83,20,8544,117.5,66.0,66.0,411.75,1514.0,310408.9600000001,4.580666231221424,0.5,53.63984674329502
5.07,23,8774,74.0,66.0,66.0,367.5,1514.0,285147.5538752363,3.982396365701306,0.5652173913043478,118.34319526627218
2.99,26,11450,97.5,56.0,57.0,619.0,1511.0,309475.15976331366,3.0790879942999645,0.5,260.8695652173913
1.6,266,244010,1474.0,56.0,66.0,1474.0,1474.0,463506.57476397767,24.367501819315937,0.3609022556390977,3599.9999999999995
7.74,5556,5722248,1474.0,56.0,56.0,1474.0,1474.0,429326.0112329675,58.28070611636002,0.30867530597552195,13294.573643410853
5.69,2868,3024925,1474.0,56.0,56.0,1474.0,1474.0,414688.35543979256,63.53861745252827,0.2897489539748954,8762.74165202109
4.47,1,60,60.0,60.0,60.0,60.0,60.0,0.0,60,1.0,13.422818791946309
7.06,4519,4788317,1464.0,66.0,94.0,1464.0,1464.0,397612.1902163133,49.19936888012916,0.28612524894888247,8252.124645892352
9.93,3844,4255091,1464.0,66.0,66.0,1464.0,1464.0,371580.28895681584,64.65991821618702,0.25494276795005205,5921.450151057402
9.1,3,661,66.0,61.2,63.0,300.5,441.20000000000005,49513.55555555554,0.23551401869158878,0.6666666666666666,13.186813186813186
8.01,201,163348,1464.0,66.0,66.0,1464.0,1464.0,483503.02477661445,25.901844532279316,0.4577114427860697,689.1385767790262
6.51,1,60,60.0,60.0,60.0,60.0,60.0,0.0,60,1.0,9.216589861751153
2.14,56,37432,79.0,66.0,66.0,1514.0,1514.0,480291.2806122449,13.184160666919288,0.5178571428571429,728.9719626168225
7.93,6468,8465663,1514.0,66.0,1514.0,1514.0,1514.0,255133.439356913,149.70697666138537,0.13868274582560297,6105.926860025222
7.33,4,242,60.0,57.2,59.0,61.5,64.2,12.75,3.3214285714285716,1.0,32.74215552523874
4.94,26,12311,74.0,66.0,66.0,859.0,1514.0,361721.8653846154,5.912408759124087,0.5769230769230769,145.748987854251
1.12,1,56,56.0,56.0,56.0,56.0,56.0,0.0,0.0,1.0,53.57142857142857
1.21,22,8692,79.0,66.0,66.0,371.75,1514.0,293164.62809917354,4.176891006551519,0.5454545454545454,446.2809917355372
8.07,23,8806,74.0,66.0,66.0,367.5,1514.0,285661.8525519849,3.9113218070273286,0.5652173913043478,74.34944237918215
5.58,46,25904,142.5,66.0,66.0,1484.0,1484.0,391526.2003780719,5.922501336183859,0.45652173913043476,172.04301075268816
3.01,2,120,60.0,60.0,60.0,60.0,60.0,0.0,120,1.0,39.8671096345515
7.87,19,10607,157.0,66.0,66.0,1340.5,1514.0,389039.6675900277,6.12357286769644,0.47368421052631576,45.74332909783989
6.68,1,60,60.0,60.0,60.0,60.0,60.0,0.0,60,1.0,8.982035928143713
0.1,2,148,74.0,74.0,74.0,74.0,74.0,0.0,1.0,1.0,0.0
2.12,19,7022,84.0,66.0,66.0,379.5,1514.0,261579.6121883656,3.464081373172282,0.5263157894736842,254.71698113207546
4.87,59,61679,1494.0,56.0,116.5,1494.0,1494.0,426418.54639471415,38.436700767263424,0.2542372881355932,172.48459958932239
7.98,12,5416,166.5,56.0,63.5,603.0,1427.1000000000004,271161.55555555556,2.17096018735363,0.4166666666666667,37.59398496240601
0.36,1,60,60.0,60.0,60.0,60.0,60.0,0.0,60,1.0,166.66666666666666
8.27,39,13747,74.0,66.0,66.0,311.5,1514.0,261590.40368178827,3.1394158386028304,0.5897435897435898,123.33736396614269
0.68,68,59356,1514.0,66.0,66.0,1514.0,1514.0,514342.51557093434,28.977777777777778,0.4411764705882353,2647.0588235294117
4.17,5,383,66.0,66.0,66.0,66.0,97.80000000000001,449.43999999999994,0.5258964143426295,0.8,57.55395683453238
7.86,72,42699,79.0,66.0,66.0,1514.0,1514.0,441740.76215277775,9.558605341246292,0.5277777777777778,244.27480916030532
3.3,20,9791,138.0,66.0,66.0,862.0,1484.0,336870.84750000003,3.944949494949495,0.45,127.27272727272727
5.36,21,6608,74.0,66.0,66.0,279.0,631.0,178750.5079365079,1.610825760568945,0.5238095238095238,100.74626865671642
9.01,1,60,60.0,60.0,60.0,60.0,60.0,0.0,60,1.0,6.659267480577136
1.96,65,36394,135.0,66.0,66.0,1514.0,1514.0,413133.0376331361,7.103763081718993,0.49230769230769234,795.9183673469389
5.91,19,7389,135.0,66.0,66.0,490.0,1484.0,257009.77839335182,2.731818181818182,0.47368421052631576,71.06598984771573
1.71,1,60,60.0,60.0,60.0,60.0,60.0,0.0,60,1.0,35.08771929824561
5.74,104,68064,401.0,56.0,60.0,1506.0,1506.0,390890.74852071,1.3014810306350173,0.375,407.66550522648083
0.49,3,180,60.0,60.0,60.0,60.0,60.0,0.0,180,1.0,367.34693877551024
6.62,9,3844,74.0,66.0,66.0,386.0,1474.0,322605.43209876545,4.8419452887537995,0.5555555555555556,27.190332326283986
4.51,7,699,66.0,56.0,61.0,111.5,187.00000000000003,4001.836734693878,0.7048780487804878,0.7142857142857143,66.5188470066519
1.11,3,960,359.0,124.6,212.5,447.0,499.8,37420.666666666664,1.2588235294117647,0.3333333333333333,54.05405405405405
7.14,3,267,66.0,66.0,66.0,100.5,121.2,1058.0,0.3283582089552239,0.6666666666666666,16.80672268907563
8.36,17,4597,66.0,58.4,66.0,164.0,821.2000000000004,200166.94809688578,3.304307116104869,0.6470588235294118,64.5933014354067
5.32,23,15960,119.0,66.0,66.0,1474.0,1474.0,471939.55765595473,14.420289855072463,0.4782608695652174,124.06015037593984
0.85,3,267,66.0,66.0,66.0,100.5,121.2,1058.0,0.3283582089552239,0.6666666666666666,141.1764705882353
7.68,12,4299,115.5,66.0,66.0,270.5,1365.2000000000003,257331.35416666666,3.4968619246861925,0.5,31.25
4.64,20,15698,919.0,66.0,66.0,1474.0,1474.0,477646.09,16.384274640088595,0.45,116.3793103448276
8.99,3,267,66.0,66.0,66.0,100.5,121.2,1058.0,0.3283582089552239,0.6666666666666666,13.348164627363737
4.39,3,214,74.0,67.6,70.0,74.0,74.0,14.222222222222221,0.5285714285714286,1.0,13.667425968109342
3.0,6,3630,275.0,66.0,90.5,1202.0,1474.0,388967.6666666667,6.007722007722008,0.3333333333333333,40.0
4.44,3,455,157.0,84.2,111.5,194.5,217.0,4606.88888888889,0.5268456375838926,0.3333333333333333,13.513513513513512
2.39,21,16388,695.0,66.0,66.0,1474.0,1474.0,456618.42630385485,16.196222455403987,0.42857142857142855,225.94142259414224
0.13,3,267,66.0,66.0,66.0,100.5,121.2,1058.0,0.3283582089552239,0.6666666666666666,923.0769230769231
1.88,3,214,74.0,67.6,70.0,74.0,74.0,14.222222222222221,0.5285714285714286,1.0,31.914893617021278
7.48,11,4542,164.0,66.0,66.0,388.5,1474.0,263144.4462809917,2.763048881524441,0.36363636363636365,32.0855614973262
8.35,22,14262,100.5,66.0,66.0,1474.0,1474.0,472399.2892561984,16.939622641509434,0.5,79.04191616766468
4.86,14,5077,117.5,66.0,68.0,435.25,1201.1000000000008,228243.22959183675,2.0437649880095923,0.5,49.382716049382715
4.74,18,15129,1436.5,66.0,66.0,1466.0,1466.0,480054.25,31.746753246753247,0.4444444444444444,101.26582278481013
4.52,32,20206,168.5,66.0,66.0,1466.0,1466.0,426081.80859375,8.486384976525821,0.46875,159.29203539823013
8.66,11,4233,157.0,66.0,70.0,309.0,1474.0,272254.69421487604,3.756179775280899,0.45454545454545453,20.785219399538104
3.02,16,13978,1444.5,66.0,66.0,1474.0,1474.0,458678.984375,17.12970168612192,0.375,119.20529801324503
5.7,3,267,66.0,66.0,66.0,100.5,121.2,1058.0,0.3283582089552239,0.6666666666666666,21.05263157894737
4.02,9,3844,74.0,66.0,66.0,386.0,1474.0,322605.43209876545,4.8419452887537995,0.5555555555555556,44.77611940298508
4.93,3,455,157.0,84.2,111.5,194.5,217.0,4606.88888888889,0.5268456375838926,0.3333333333333333,12.170385395537526
2.6,20,16050,948.5,66.0,66.0,1474.0,1474.0,459464.65,17.094701240135286,0.4,184.6153846153846
6.2,3,267,66.0,66.0,66.0,100.5,121.2,1058.0,0.3283582089552239,0.6666666666666666,19.35483870967742
7.34,9,3844,74.0,66.0,66.0,386.0,1474.0,322605.43209876545,4.8419452887537995,0.5555555555555556,24.52316076294278
5.12,27,17761,157.0,66.0,66.0,1474.0,1474.0,455908.0768175583,11.84237165582068,0.48148148148148145,152.34375
6.59,32,20263,168.5,66.0,66.0,1466.0,1466.0,424208.5458984375,8.553512494106554,0.4375,109.25644916540213
8.48,12,4299,115.5,66.0,66.0,270.5,1365.2000000000003,257331.35416666666,3.4968619246861925,0.5,28.30188679245283
6.2,25,16129,87.0,66.0,66.0,1474.0,1474.0,461586.61439999996,12.049352750809062,0.52,116.12903225806451
5.86,12,4299,115.5,66.0,66.0,270.5,1365.2000000000003,257331.35416666666,3.4968619246861925,0.5,40.955631399317404
4.36,30,21520,255.0,66.0,66.0,1474.0,1474.0,462712.8222222224,14.730994152046783,0.4666666666666667,192.6605504587156
3.94,3,214,74.0,67.6,70.0,74.0,74.0,14.222222222222221,0.5285714285714286,1.0,15.228426395939087
2.82,6,3630,275.0,66.0,90.5,1202.0,1474.0,388967.6666666667,6.007722007722008,0.3333333333333333,42.5531914893617
7.63,24,16091,194.5,66.0,66.0,1474.0,1474.0,451925.4149305555,11.862509992006395,0.4583333333333333,86.50065530799475
4.14,3,267,66.0,66.0,66.0,100.5,121.2,1058.0,0.3283582089552239,0.6666666666666666,28.985507246376816
8.7,12,4299,115.5,66.0,66.0,270.5,1365.2000000000003,257331.35416666666,3.4968619246861925,0.5,27.586206896551726
9.31,30,20240,100.5,66.0,66.0,1474.0,1474.0,457553.3555555557,13.624277456647398,0.5,96.67024704618689
6.15,9,3844,74.0,66.0,66.0,386.0,1474.0,322605.43209876545,4.8419452887537995,0.5555555555555556,29.268292682926827
6.71,24,15216,194.5,66.0,66.0,1474.0,1474.0,430913.6666666667,11.133971291866029,0.4166666666666667,89.41877794336811
3.95,3,214,74.0,67.6,70.0,74.0,74.0,14.222222222222221,0.5285714285714286,1.0,15.189873417721516
5.51,9,4085,164.0,66.0,66.0,386.0,1474.0,306516.5432098765,4.006127450980392,0.3333333333333333,32.66787658802178
4.01,30,22299,369.5,66.0,66.0,1474.0,1474.0,472586.20999999985,16.853482786228984,0.4666666666666667,209.4763092269327
2.9,3,267,66.0,66.0,66.0,100.5,121.2,1058.0,0.3283582089552239,0.6666666666666666,41.37931034482759
4.23,9,3844,74.0,66.0,66.0,386.0,1474.0,322605.43209876545,4.8419452887537995,0.5555555555555556,42.5531914893617
5.89,4,830,194.5,93.30000000000001,134.25,267.75,332.1,12807.25,0.23328380386329867,0.25,10.186757215619695
0.6,21,16735,1335.0,66.0,66.0,1474.0,1474.0,486492.56235827674,27.173400673400675,0.47619047619047616,1000.0
7.4,3,267,66.0,66.0,66.0,100.5,121.2,1058.0,0.3283582089552239,0.6666666666666666,16.216216216216218
4.2,9,3844,74.0,66.0,66.0,386.0,1474.0,322605.43209876545,4.8419452887537995,0.5555555555555556,42.857142857142854
4.18,21,13429,232.0,66.0,66.0,1474.0,1474.0,434763.1065759637,10.181515403830142,0.42857142857142855,129.1866028708134
5.0,3,267,66.0,66.0,66.0,100.5,121.2,1058.0,0.3283582089552239,0.6666666666666666,24.0
0.39,12,4464,107.5,66.0,66.0,307.75,1393.9000000000003,266620.1666666667,2.926121372031662,0.5,615.3846153846154
3.53,19,16832,1484.0,66.0,66.0,1484.0,1484.0,438258.6204986151,14.657674418604651,0.3684210526315789,118.9801699716714
8.95,3286,3162440,1484.0,66.0,66.0,1484.0,1484.0,462617.58835895767,35.35824327431593,0.36183810103469266,6107.262569832404
6.88,4,240,60.0,60.0,60.0,60.0,60.0,0.0,240,1.0,34.883720930232556
2.39,20,6201,242.5,56.0,63.5,283.0,405.5000000000017,169083.0475,2.377450980392157,0.35,175.73221757322173
4.74,4,274,70.0,61.8,64.5,74.0,74.0,34.75,0.9571428571428572,1.0,25.31645569620253
4.57,8,4019,198.0,66.0,134.25,658.0,1474.0,323672.984375,4.358666666666666,0.25,26.258205689277897
9.38,6,1339,100.5,66.0,66.0,303.0,503.0,46660.472222222226,1.1389776357827477,0.5,19.189765458422173
8.91,1326,1320572,1484.0,66.0,66.0,1484.0,1484.0,451378.9806970009,40.48306841741534,0.34087481146304677,2760.942760942761
3.75,1,60,60.0,60.0,60.0,60.0,60.0,0.0,60,1.0,16.0
7.67,43,24790,204.0,56.0,56.0,1454.0,1494.0,392223.83126014064,6.884860050890585,0.4418604651162791,140.80834419817472
4.16,2,116,58.0,56.4,57.0,59.0,59.6,4.0,1.0714285714285714,1.0,28.846153846153847
5.39,9,3844,74.0,66.0,66.0,386.0,1474.0,322605.43209876545,4.8419452887537995,0.5555555555555556,33.39517625231911
8.75,9,1682,135.0,66.0,66.0,232.0,394.20000000000005,23875.65432098765,0.8203463203463204,0.4444444444444444,27.428571428571427
9.85,22,7622,166.5,56.0,60.0,498.25,747.0,166137.97520661156,1.2617210682492581,0.45454545454545453,54.82233502538072
9.56,1,60,60.0,60.0,60.0,60.0,60.0,0.0,60,1.0,6.276150627615062
2.05,16,5746,115.5,66.0,66.0,523.0,1040.5,209616.484375,2.3368176538908245,0.5,175.609756097561
8.36,32,20206,168.5,66.0,66.0,1466.0,1466.0,426081.80859375,8.486384976525821,0.46875,86.1244019138756
0.84,1,56,56.0,56.0,56.0,56.0,56.0,0.0,0.0,1.0,71.42857142857143
1.58,28,23949,1087.5,56.0,64.5,1514.0,1514.0,459986.9323979592,12.394295302013424,0.32142857142857145,341.7721518987342
0.04,1,60,60.0,60.0,60.0,60.0,60.0,0.0,60,1.0,1500.0
5.02,26,10972,74.0,66.0,66.0,495.25,1514.0,318818.46153846156,4.845498135322323,0.5769230769230769,143.42629482071715
4.64,17,5253,66.0,56.0,60.0,348.0,917.0000000000003,211510.58823529413,2.814814814814815,0.5294117647058824,116.3793103448276
5.94,16,5082,99.5,66.0,66.0,292.25,968.5,215468.609375,2.6772793053545585,0.5,50.505050505050505
0.8,22,13292,182.5,56.0,57.0,1494.0,1494.0,421388.69421487604,8.86053412462908,0.45454545454545453,675.0
0.74,1,56,56.0,56.0,56.0,56.0,56.0,0.0,0.0,1.0,81.08108108108108
3.91,1,56,56.0,56.0,56.0,56.0,56.0,0.0,0.0,1.0,15.34526854219949
6.93,75,42980,145.0,56.0,60.0,1494.0,1494.0,412699.58222222223,8.168088737201366,0.4533333333333333,259.7402597402598
3.61,71,51442,224.0,56.0,56.0,1494.0,1494.0,489975.5445348146,18.14477112020841,0.4507042253521127,515.2354570637119
7.4,48,26300,141.0,66.0,66.0,1398.0,1398.0,353976.2013888888,5.908326766482795,0.4791666666666667,154.05405405405406
7.39,55,46740,1494.0,56.0,56.0,1494.0,1494.0,500153.6396694215,38.744897959183675,0.41818181818181815,186.73883626522328
4.13,41,27789,220.0,56.0,56.0,1494.0,1494.0,476530.2688875669,15.58054892601432,0.4634146341463415,261.50121065375305
9.43,3,182,60.0,56.8,58.0,63.0,64.8,16.88888888888889,0.4918032786885246,1.0,19.088016967126194
8.86,20,8009,104.5,66.0,66.0,615.0,1484.0,265568.24749999994,3.044949494949495,0.5,54.17607223476298
3.28,19,7678,84.0,66.0,66.0,431.5,1514.0,283247.77839335176,4.122081387591728,0.5263157894736842,128.0487804878049
2.2,28,11936,74.0,66.0,66.0,419.75,1514.0,334747.91836734704,5.092904543134252,0.5714285714285714,354.54545454545456
4.55,17,5685,74.0,66.0,66.0,376.0,1032.2000000000003,217311.77162629756,2.63258785942492,0.5882352941176471,92.3076923076923
3.64,154,144953,1484.0,66.0,66.0,1484.0,1484.0,465791.15015179623,28.378394811511956,0.35714285714285715,857.1428571428571
2.3,52,36937,178.5,66.0,66.0,1514.0,1514.0,488555.33542899403,15.101569311246731,0.46153846153846156,547.8260869565217
1.07,1,60,60.0,60.0,60.0,60.0,60.0,0.0,60,1.0,56.07476635514019
0.48,18,8460,154.0,66.0,68.0,519.25,1514.0,329188.44444444444,4.591539986781229,0.4444444444444444,625.0
4.57,4,264,66.0,66.0,66.0,66.0,66.0,0.0,0.3333333333333333,1.0,52.516411378555794
0.84,29,10868,74.0,66.0,66.0,583.0,1474.0,247819.76932223543,2.090133636622121,0.5172413793103449,785.7142857142857
4.4,36,12461,79.0,66.0,66.0,376.0,1514.0,238207.39737654323,3.293935217091661,0.5555555555555556,190.9090909090909
0.63,2,126,63.0,60.6,61.5,64.5,65.4,9.0,0.9090909090909091,1.0,190.47619047619045
7.18,36,14601,105.5,56.0,56.0,395.0,1494.0,300946.0763888889,4.7326266195524145,0.5,133.70473537604457
6.61,1,56,56.0,56.0,56.0,56.0,56.0,0.0,0.0,1.0,9.07715582450832
8.81,1,56,56.0,56.0,56.0,56.0,56.0,0.0,0.0,1.0,6.81044267877412
2.18,317,331849,1494.0,56.0,56.0,1494.0,1494.0,435450.9214938949,54.12441860465116,0.29652996845425866,2559.6330275229357
3.79,664,632942,1494.0,56.0,56.0,1494.0,1494.0,476609.8646302076,41.89968822014369,0.3704819277108434,3419.525065963061
3.66,100,92923,1494.0,56.0,56.0,1494.0,1494.0,488971.1371000001,42.66682330827068,0.39,639.3442622950819
0.07,1,56,56.0,56.0,56.0,56.0,56.0,0.0,0.0,1.0,857.1428571428571
3.39,11,4266,113.0,56.0,63.0,323.5,1506.0,292391.05785123963,3.236345580933466,0.45454545454545453,88.49557522123894
5.62,9,9256,1514.0,56.0,60.0,1514.0,1514.0,471529.58024691354,81.64285714285714,0.3333333333333333,32.028469750889684
1.12,20,10650,142.5,66.0,66.0,1013.75,1484.0,350212.55,4.467145790554415,0.45,374.99999999999994
4.3,3,1792,599.0,172.60000000000002,332.5,863.0,1021.4,187621.55555555553,1.694736842105263,0.3333333333333333,13.953488372093023
7.99,1,60,60.0,60.0,60.0,60.0,60.0,0.0,60,1.0,7.50938673341677
9.48,31,19796,157.0,66.0,66.0,1514.0,1514.0,450516.69510926126,10.482598607888631,0.4838709677419355,75.94936708860759
7.35,82,58586,194.5,66.0,66.0,1514.0,1514.0,486918.83402736456,13.202666666666667,0.47560975609756095,253.06122448979593
8.39,45,25989,157.0,66.0,66.0,1514.0,1514.0,419642.0711111109,7.668779186124083,0.4888888888888889,107.27056019070322
4.82,22,15393,66.0,66.0,66.0,1514.0,1514.0,493748.12603305787,20.202479338842974,0.5454545454545454,149.37759336099583
4.14,23,8870,74.0,66.0,66.0,431.5,1514.0,285165.0964083176,4.130133024869867,0.5652173913043478,144.92753623188406
3.37,8,3715,77.0,71.6,74.0,617.75,1514.0,373522.984375,5.969981238273921,0.625,17.80415430267062
3.0,7,1156,66.0,66.0,66.0,194.5,340.4000000000001,22571.551020408166,0.2390139335476956,0.5714285714285714,80.0
1.56,13,14799,1514.0,66.0,975.0,1514.0,1514.0,365115.6213017751,73.74242424242425,0.23076923076923078,115.38461538461537
1.42,2,112,56.0,56.0,56.0,56.0,56.0,0.0,0.0,1.0,84.50704225352113
1.72,57,43089,347.0,56.0,64.0,1506.0,1506.0,480500.2954755309,5.0594853044578825,0.3684210526315789,697.6744186046511
4.26,98,132431,1506.0,567.1000000000006,1506.0,1506.0,1506.0,193518.26416076635,61.67439659252248,0.09183673469387756,126.7605633802817
2.87,10,2448,60.0,56.0,56.0,158.25,462.8999999999996,184899.96000000002,0.2743362831858407,0.7,146.34146341463415
7.29,168,174580,1506.0,56.0,129.0,1506.0,1506.0,416191.4603174603,4.530984666075276,0.23809523809523808,329.2181069958848
0.16,3,172,56.0,56.0,56.0,58.0,59.2,3.5555555555555554,0.5357142857142857,1.0,1125.0
1.0,7,5313,539.0,58.4,141.5,1464.5,1506.0,410774.28571428574,0.7798994974874371,0.2857142857142857,120.0
4.61,577,626290,1506.0,56.0,79.0,1506.0,1506.0,414901.94968897273,10.81857638888889,0.2530329289428076,1678.9587852494576
9.43,8,947,60.0,56.0,56.0,60.0,203.6999999999999,25278.484375,4.636904761904762,0.875,44.53870625662779
6.44,18,7836,66.0,56.0,57.0,523.0,1506.0,334843.5555555556,0.927201180521397,0.5555555555555556,93.16770186335404
5.09,37,26689,216.0,66.0,66.0,1484.0,1484.0,459136.1650840029,10.308898305084746,0.40540540540540543,153.2416502946955
8.75,1,60,60.0,60.0,60.0,60.0,60.0,0.0,60,1.0,6.857142857142857
7.95,114,59678,74.0,56.0,66.0,1464.0,1514.0,393845.05694059713,5.116429230296197,0.5263157894736842,377.35849056603774
3.05,53,30233,74.0,58.0,66.0,1464.0,1514.0,420884.05695977225,8.803177691309987,0.5094339622641509,491.80327868852464
0.34,15,7664,129.0,56.0,62.0,1005.0,1506.0,367519.3955555555,0.9382903388973192,0.4666666666666667,1235.2941176470588
1.9,3,172,56.0,56.0,56.0,58.0,59.2,3.5555555555555554,0.5357142857142857,1.0,94.73684210526316
8.46,20,8281,66.0,56.0,59.0,427.0,1506.0,307885.2475,1.0041142303969022,0.55,78.0141843971631
3.77,21,11433,129.0,56.0,64.0,1439.0,1506.0,384658.7210884353,1.495743287491814,0.47619047619047616,159.15119363395223
3.26,6,348,58.0,56.0,56.0,60.0,60.0,4.0,1.0714285714285714,1.0,110.42944785276075
4.64,27,9450,74.0,56.0,66.0,349.0,1465.8000000000002,246163.25925925927,0.7962364569473485,0.5555555555555556,155.17241379310346
7.67,44,34649,739.0,66.0,66.0,1514.0,1514.0,476695.1131198345,17.14083769633508,0.4090909090909091,117.34028683181226
1.34,5,330,66.0,66.0,66.0,66.0,66.0,0.0,0.25,1.0,223.88059701492537
5.81,11,4547,129.0,56.0,63.0,475.0,1439.0,273823.6859504131,0.1893800680094167,0.45454545454545453,51.63511187607573
7.64,6,348,58.0,56.0,56.0,60.0,60.0,4.0,1.0714285714285714,1.0,47.12041884816754
4.34,21,5912,66.0,56.0,66.0,219.0,571.0,173638.82086167796,0.23759681808666527,0.5714285714285714,165.89861751152074
7.43,5,288,56.0,56.0,56.0,60.0,60.0,3.8400000000000007,0.7142857142857143,1.0,40.37685060565276
7.18,14,4719,66.0,56.0,57.0,339.0,1178.6000000000008,236489.78061224494,0.19923761118170266,0.5714285714285714,66.85236768802228
2.14,11,4547,129.0,56.0,63.0,475.0,1439.0,273823.6859504131,0.1893800680094167,0.45454545454545453,140.18691588785046
4.09,52,26076,78.5,60.6,66.0,1484.0,1484.0,372156.9408284023,5.9536,0.5192307692307693,322.73838630806847
6.65,2,120,60.0,60.0,60.0,60.0,60.0,0.0,120,1.0,18.045112781954888
4.46,11,4547,129.0,56.0,63.0,475.0,1439.0,273823.6859504132,0.1893800680094167,0.45454545454545453,67.26457399103138
4.3,3,172,56.0,56.0,56.0,58.0,59.2,3.5555555555555554,0.5357142857142857,1.0,41.860465116279066
1.8,31,16897,74.0,66.0,66.0,1514.0,1514.0,410538.7055150884,7.469674185463659,0.5483870967741935,466.66666666666663
9.21,14,4719,66.0,56.0,57.0,339.0,1178.6000000000008,236489.78061224494,0.19923761118170266,0.5714285714285714,52.1172638436482
7.56,11,4547,129.0,56.0,63.0,475.0,1439.0,273823.6859504132,0.1893800680094167,0.45454545454545453,39.682539682539684
1.24,3,172,56.0,56.0,56.0,58.0,59.2,3.5555555555555554,0.5357142857142857,1.0,145.16129032258064
1.55,16,5571,79.0,66.0,66.0,395.75,1104.5,224917.65234375,2.7975460122699385,0.5625,232.25806451612902
1.88,12,4607,97.5,56.4,60.0,427.0,1352.2000000000003,260543.40972222222,0.20507454878367773,0.5,191.48936170212767
5.55,3,172,56.0,56.0,56.0,58.0,59.2,3.5555555555555554,0.5357142857142857,1.0,32.432432432432435
3.47,30,19480,182.5,56.0,56.0,1494.0,1494.0,454921.68888888886,12.415977961432507,0.4666666666666667,224.78386167146974
3.06,1,56,56.0,56.0,56.0,56.0,56.0,0.0,0.0,1.0,19.6078431372549
4.8,11,4547,129.0,56.0,63.0,475.0,1439.0,273823.6859504131,0.1893800680094167,0.45454545454545453,62.5
1.47,3,172,56.0,56.0,56.0,58.0,59.2,3.5555555555555554,0.5357142857142857,1.0,122.44897959183673
8.33,47,37269,695.0,66.0,66.0,1484.0,1484.0,470504.4237211408,13.56958561376075,0.3829787234042553,115.24609843937574
0.24,1,60,60.0,60.0,60.0,60.0,60.0,0.0,60,1.0,250.0
5.51,12,4607,97.5,56.4,60.0,427.0,1352.2000000000003,260543.40972222225,0.20507454878367773,0.5,65.33575317604355
2.26,3,172,56.0,56.0,56.0,58.0,59.2,3.5555555555555554,0.5357142857142857,1.0,79.64601769911506
0.76,20,14129,399.5,66.0,72.0,1484.0,1484.0,428976.74749999994,6.7123362445414845,0.35,394.7368421052632
3.08,153,151512,1484.0,66.0,66.0,1484.0,1484.0,453694.74817377934,42.313893653516296,0.3464052287581699,1032.4675324675325
3.46,12,4607,97.5,56.4,60.0,427.0,1352.2000000000003,260543.40972222225,0.20507454878367773,0.5,104.04624277456648
9.74,3,172,56.0,56.0,56.0,58.0,59.2,3.5555555555555554,0.5357142857142857,1.0,18.480492813141684
4.63,11,4547,129.0,56.0,63.0,475.0,1439.0,273823.6859504131,0.1893800680094167,0.45454545454545453,64.79481641468684
3.89,4,232,58.0,56.0,56.0,60.0,60.0,4.0,1.0714285714285714,1.0,61.69665809768637
0.82,11,4547,129.0,56.0,63.0,475.0,1439.0,273823.6859504131,0.1893800680094167,0.45454545454545453,365.8536585365854
8.5,3,172,56.0,56.0,56.0,58.0,59.2,3.5555555555555554,0.5357142857142857,1.0,21.176470588235293
6.2,20,8544,117.5,66.0,66.0,411.75,1514.0,310408.9600000001,4.580666231221424,0.5,67.74193548387098
9.77,17,4907,66.0,56.0,56.0,219.0,918.2000000000003,205703.16955017304,0.20951441952181415,0.6470588235294118,67.55373592630502
1.52,13,6936,267.0,70.60000000000001,204.0,699.0,1346.2000000000005,225836.71005917154,1.324396782841823,0.15384615384615385,78.94736842105263
4.06,1,56,56.0,56.0,56.0,56.0,56.0,0.0,0.0,1.0,14.77832512315271
6.05,1,60,60.0,60.0,60.0,60.0,60.0,0.0,60,1.0,9.917355371900827
6.33,22,7524,74.0,66.0,66.0,340.0,1429.7000000000019,241402.18181818182,3.392294220665499,0.5909090909090909,94.7867298578199
5.14,11,4547,129.0,56.0,63.0,475.0,1439.0,273823.6859504131,0.1893800680094167,0.45454545454545453,58.36575875486382
9.85,448,462924,1466.0,56.0,66.0,1466.0,1466.0,412052.83984375,41.46230049532196,0.2857142857142857,712.6903553299493
3.98,6,364,60.0,56.0,57.0,64.5,66.0,16.88888888888889,2.25,1.0,90.45226130653268
1.53,11,4547,129.0,56.0,63.0,475.0,1439.0,273823.6859504131,0.1893800680094167,0.45454545454545453,196.078431372549
0.29,3,172,56.0,56.0,56.0,58.0,59.2,3.5555555555555554,0.5357142857142857,1.0,620.6896551724138
1.38,11,4547,129.0,56.0,63.0,475.0,1439.0,273823.6859504131,0.1893800680094167,0.45454545454545453,217.3913043478261
0.68,1,60,60.0,60.0,60.0,60.0,60.0,0.0,60,1.0,88.23529411764706
9.02,20,8544,117.5,66.0,66.0,411.75,1514.0,310408.9600000001,4.580666231221424,0.5,46.563192904656326
1.24,11,4547,129.0,56.0,63.0,475.0,1439.0,273823.6859504131,0.1893800680094167,0.45454545454545453,241.93548387096774
4.36,1,60,60.0,60.0,60.0,60.0,60.0,0.0,60,1.0,13.761467889908255
8.07,31,20608,147.0,66.0,66.0,1484.0,1484.0,442518.36836628505,8.249551166965889,0.41935483870967744,81.78438661710037
6.31,1,60,60.0,60.0,60.0,60.0,60.0,0.0,60,1.0,9.508716323296357
0.99,3,214,74.0,67.6,70.0,74.0,74.0,14.222222222222221,0.5285714285714286,1.0,60.6060606060606
7.41,9,4085,164.0,66.0,66.0,386.0,1474.0,306516.5432098765,4.006127450980392,0.3333333333333333,24.291497975708502
6.33,6,1227,100.5,66.0,66.0,303.0,447.0,32579.583333333332,0.9600638977635783,0.5,28.436018957345972
5.48,26,10460,74.0,66.0,66.0,441.25,1514.0,308358.0591715976,4.718972115910334,0.5769230769230769,131.38686131386862
3.87,20,8592,117.5,66.0,66.0,423.75,1514.0,310959.04,4.441418619379354,0.5,108.52713178294573
2.47,14,4987,170.5,66.0,68.0,351.0,1141.2000000000012,216943.59693877553,2.880933852140078,0.42857142857142855,97.165991902834
5.39,3,736,295.0,111.80000000000001,180.5,335.0,359.0,17146.88888888889,0.6689342403628118,0.3333333333333333,11.131725417439704
6.62,3,198,66.0,66.0,66.0,66.0,66.0,0.0,0.5,1.0,27.190332326283986
6.37,141,77662,86.0,66.0,66.0,1514.0,1514.0,376250.98606709926,1.4239076154806491,0.5035460992907801,480.37676609105176
8.96,5,300,60.0,60.0,60.0,60.0,60.0,0.0,300,1.0,33.482142857142854
5.76,2705,2729457,1484.0,66.0,66.0,1484.0,1484.0,445190.9979159563,41.60183552107884,0.33197781885397415,7989.583333333333
7.89,4690,4665826,1484.0,66.0,66.0,1484.0,1484.0,454023.79919731227,42.39011643045791,0.34498933901918977,11832.699619771862
5.95,1344,1316923,1484.0,66.0,66.0,1484.0,1484.0,460271.41973530944,40.83098278381297,0.3549107142857143,4810.084033613445
2.5,3,208,74.0,62.8,67.0,74.0,74.0,43.555555555555564,1.8108108108108107,1.0,24.0
2.82,15,6976,144.0,66.0,66.0,575.0,1484.0,290985.26222222217,3.1132075471698113,0.4,127.65957446808511
4.52,1,60,60.0,60.0,60.0,60.0,60.0,0.0,60,1.0,13.274336283185843
1.47,31,17030,74.0,66.0,66.0,1514.0,1514.0,411991.90634755476,7.544907175112895,0.5483870967741935,571.4285714285714
2.22,14,3909,76.0,66.0,66.0,241.0,627.8000000000001,152222.02551020405,0.39159843360626556,0.5714285714285714,162.16216216216213
7.56,15,4997,74.0,66.0,66.0,311.5,1123.5999999999997,224599.18222222227,2.23639896373057,0.5333333333333333,47.61904761904762
1.98,15,14915,1484.0,66.0,66.0,1484.0,1484.0,434802.8888888888,44.196969696969695,0.3333333333333333,151.5151515151515
6.64,26,10947,166.5,56.0,60.0,679.0,1508.0,261906.9600591716,1.941951088417092,0.46153846153846156,108.43373493975903
0.53,1,60,60.0,60.0,60.0,60.0,60.0,0.0,60,1.0,113.20754716981132
5.14,4,228,56.0,56.0,56.0,57.0,58.8,3.0,0.35714285714285715,1.0,46.692607003891055
6.92,18,5324,77.0,66.0,66.0,209.0,884.7000000000006,203261.72839506174,3.033333333333333,0.5555555555555556,60.69364161849711
7.19,1349,1544835,1506.0,56.0,811.0,1506.0,1506.0,389343.67738010915,69.65332723530757,0.2446256486286138,2436.717663421419
7.5,1946,2364467,1506.0,56.0,1506.0,1506.0,1506.0,336914.24766353413,106.91725239616613,0.20041109969167523,3120.0
5.18,755,916780,1506.0,56.0,1506.0,1506.0,1506.0,337608.95574755495,104.83929808358347,0.20132450331125828,1760.6177606177607
9.9,631,739609,1506.0,56.0,1506.0,1506.0,1506.0,371620.53819937154,88.86743620899149,0.22979397781299524,878.7878787878788
6.05,1,60,60.0,60.0,60.0,60.0,60.0,0.0,60,1.0,9.917355371900827
9.06,2,122,61.0,57.0,58.5,63.5,65.0,25.0,1.1785714285714286,1.0,13.245033112582782
1.55,2,116,58.0,56.4,57.0,59.0,59.6,4.0,1.0714285714285714,1.0,77.41935483870968
7.94,51,23212,74.0,66.0,66.0,487.0,1514.0,356016.54978854285,5.859338061465721,0.5686274509803921,173.80352644836273
2.28,31,23073,583.0,66.0,66.0,1474.0,1474.0,442375.1092611862,9.613155473781049,0.3870967741935484,236.8421052631579
1.12,1,60,60.0,60.0,60.0,60.0,60.0,0.0,60,1.0,53.57142857142857
5.1,23,10182,129.0,56.0,58.0,595.0,1508.0,300921.34215500957,2.3176930596285437,0.4782608695652174,129.41176470588238
6.0,1,60,60.0,60.0,60.0,60.0,60.0,0.0,60,1.0,10.0
6.88,32,20559,138.0,66.0,66.0,1514.0,1514.0,463831.9990234375,10.265205479452055,0.46875,104.65116279069767
5.83,1,60,60.0,60.0,60.0,60.0,60.0,0.0,60,1.0,10.291595197255575
3.52,2,116,58.0,56.4,57.0,59.0,59.6,4.0,1.0714285714285714,1.0,34.09090909090909
2.02,14,4794,79.0,66.0,66.0,340.0,1191.5000000000011,242510.53061224488,2.4613718411552346,0.5714285714285714,148.5148514851485
3.01,33,23932,66.0,66.0,66.0,1514.0,1514.0,518521.68227731856,21.66287878787879,0.5151515151515151,338.87043189368774
7.92,180,155791,1508.0,56.0,66.0,1514.0,1514.0,481189.0277469136,11.881676864560939,0.35,477.27272727272725
2.26,286,294193,1514.0,56.0,66.0,1514.0,1514.0,446455.32633625116,10.17712093005585,0.2762237762237762,2070.7964601769913
6.61,1198,1258181,1514.0,56.0,66.0,1514.0,1514.0,430648.51009124843,18.492478349109952,0.2846410684474123,2886.535552193646
0.33,8,488,61.0,56.0,56.0,66.0,66.0,25.0,1.1785714285714286,1.0,1454.5454545454545
2.25,19,1150,60.0,56.0,58.0,63.0,66.0,13.40720221606648,3.107142857142857,1.0,506.6666666666667
3.72,22,8560,66.0,56.0,58.0,479.25,1506.0,297934.26446280995,3.2418235877106047,0.5454545454545454,193.54838709677418
5.31,31,16649,135.0,60.0,66.0,1464.0,1464.0,374516.57648283045,6.675887505763025,0.4838709677419355,146.89265536723164
5.73,21,7266,74.0,66.0,66.0,376.0,1514.0,245322.66666666666,3.286725663716814,0.5714285714285714,94.24083769633508
8.91,22,8740,79.0,66.0,66.0,371.75,1514.0,293875.10743801657,4.060799073537927,0.5454545454545454,60.60606060606061
5.06,23,8790,74.0,66.0,66.0,367.5,1514.0,285394.056710775,3.9465391108610017,0.5652173913043478,118.57707509881423
4.76,50,26750,74.0,66.0,66.0,1514.0,1514.0,405514.96,5.577329727071551,0.56,277.3109243697479
5.85,1,60,60.0,60.0,60.0,60.0,60.0,0.0,60,1.0,10.256410256410257
9.31,88,56782,141.0,66.0,66.0,1514.0,1514.0,448559.6647727273,8.663376446562287,0.4772727272727273,225.56390977443607
5.09,3,180,60.0,60.0,60.0,60.0,60.0,0.0,180,1.0,35.36345776031434
5.27,30,22080,407.0,66.0,66.0,1514.0,1514.0,463237.86666666664,8.112670243499794,0.43333333333333335,125.23719165085389
1.72,1,60,60.0,60.0,60.0,60.0,60.0,0.0,60,1.0,34.883720930232556
8.85,3251,3220739,1494.0,56.0,56.0,1494.0,1494.0,466698.49497715064,48.189611460687885,0.34666256536450324,7437.28813559322
5.0,1619,1562529,1494.0,56.0,56.0,1494.0,1494.0,476780.3179453685,42.107815819240216,0.3650401482396541,6756.0
1.9,431,409938,1494.0,56.0,56.0,1494.0,1494.0,482147.9894703409,42.187737041719345,0.37587006960556846,5115.789473684211
5.25,1557,1512824,1494.0,56.0,56.0,1494.0,1494.0,473296.7758146957,43.87627184005221,0.35581245985870263,6274.285714285715
8.58,2140,2112820,1494.0,56.0,56.0,1494.0,1494.0,469565.1928028648,47.80168152630849,0.3509345794392523,5139.86013986014
6.01,2594,2558611,1494.0,56.0,56.0,1494.0,1494.0,469102.1440726153,48.18892263918794,0.35119506553585195,9024.958402662229
2.42,70,68630,1494.0,56.0,56.0,1494.0,1494.0,474760.10204081633,48.02142857142857,0.35714285714285715,619.8347107438017
3.95,21,7680,141.0,66.0,66.0,583.0,727.0,190684.10884353737,1.1843003412969284,0.42857142857142855,106.32911392405062
8.79,1,60,60.0,60.0,60.0,60.0,60.0,0.0,60,1.0,6.825938566552901
9.93,1,60,60.0,60.0,60.0,60.0,60.0,0.0,60,1.0,6.042296072507552
7.04,23,8790,74.0,66.0,66.0,367.5,1514.0,285394.056710775,3.9465391108610017,0.5652173913043478,85.22727272727273
2.04,19,7389,135.0,66.0,66.0,490.0,1484.0,257009.77839335182,2.731818181818182,0.47368421052631576,205.88235294117646
0.48,1,60,60.0,60.0,60.0,60.0,60.0,0.0,60,1.0,125.0
1.07,34,24235,399.5,66.0,66.0,1484.0,1484.0,443471.45761245675,9.564516129032258,0.4117647058823529,672.8971962616822
8.33,22,9223,66.0,56.0,57.0,551.0,1508.0,299093.44834710745,2.9978326831382747,0.5454545454545454,86.43457382953181
5.56,15,2394,66.0,57.6,60.0,174.0,430.1999999999999,28913.306666666656,0.4562043795620438,0.6,97.12230215827338
8.26,4,244,61.0,56.0,56.0,66.0,66.0,25.0,1.1785714285714286,1.0,29.055690072639226
3.71,4,232,58.0,56.0,56.0,60.0,60.0,4.0,1.0714285714285714,1.0,64.6900269541779
3.28,20,8592,117.5,66.0,66.0,423.75,1514.0,310959.04,4.441418619379354,0.5,128.0487804878049
3.57,47,36838,455.0,66.0,66.0,1514.0,1514.0,489106.9760072429,16.319228960977902,0.425531914893617,285.7142857142857
9.91,2223,1813290,1351.0,66.0,66.0,1502.0,1502.0,488729.23221528344,13.579802203103643,0.4399460188933873,4789.101917255298
4.68,351,247125,267.0,66.0,66.0,1502.0,1502.0,451880.12462561176,2.126027778480532,0.43304843304843305,1756.4102564102564
4.37,2932,2711702,1502.0,66.0,66.0,1502.0,1502.0,489863.2182721961,27.365380391008273,0.39768076398362895,12343.24942791762
5.17,723,727958,1502.0,66.0,66.0,1502.0,1502.0,460828.946509568,28.4886980474763,0.3333333333333333,2657.640232108317
6.01,38,20448,199.0,66.0,66.0,1227.0,1502.0,356080.72576177295,2.2906340521403283,0.42105263157894735,139.76705490848585
8.46,6,356,60.0,58.0,58.5,60.0,60.0,0.8888888888888888,2.0689655172413794,1.0,42.5531914893617
2.28,537,461339,1514.0,66.0,66.0,1514.0,1514.0,515930.5254378938,27.88785222291797,0.44692737430167595,5605.263157894737
6.51,5558,4792090,1514.0,66.0,66.0,1514.0,1514.0,516186.5625520453,30.58550732279624,0.44782295789852467,21373.271889400923
4.09,3586,3047292,1514.0,66.0,66.0,1514.0,1514.0,518721.8042222201,32.05662587867743,0.45733407696597883,22870.41564792176
3.26,655,529604,1514.0,66.0,66.0,1514.0,1514.0,519887.8743756192,27.15544922913344,0.47938931297709925,5723.926380368099
4.99,2,120,60.0,60.0,60.0,60.0,60.0,0.0,120,1.0,24.04809619238477
6.31,41,24478,74.0,66.0,66.0,1514.0,1514.0,451285.3408685307,10.606448553816975,0.5365853658536586,180.66561014263075
2.45,1,60,60.0,60.0,60.0,60.0,60.0,0.0,60,1.0,24.489795918367342
6.72,21,7666,74.0,66.0,66.0,376.0,1514.0,257913.75963718817,3.7001839362354385,0.5714285714285714,80.35714285714286
0.27,14,4758,115.5,66.0,66.0,349.0,1142.1000000000013,222716.97959183666,2.527057079318013,0.5,1111.111111111111
1.75,34,32078,1464.0,66.0,66.0,1464.0,1464.0,443841.249134948,43.184573002754824,0.35294117647058826,411.42857142857144
3.31,3,198,66.0,66.0,66.0,66.0,66.0,0.0,0.5,1.0,54.38066465256797
5.91,92,73408,1003.0,66.0,66.0,1464.0,1464.0,452065.60113421537,17.269785963165756,0.3695652173913043,304.56852791878174
9.82,73,47770,184.0,66.0,66.0,1464.0,1464.0,435370.1816475887,10.659751037344398,0.4657534246575342,177.1894093686354
2.99,1,60,60.0,60.0,60.0,60.0,60.0,0.0,60,1.0,20.066889632107024
7.23,47,36770,542.0,66.0,66.0,1464.0,1464.0,453602.479855138,16.720481927710843,0.3829787234042553,132.78008298755185
6.49,1,60,60.0,60.0,60.0,60.0,60.0,0.0,60,1.0,9.244992295839753
5.05,3556,2883065,1474.0,66.0,66.0,1474.0,1474.0,488146.2956535224,22.112779483561678,0.47075365579302586,12332.673267326732
5.69,1989,1937430,1474.0,66.0,66.0,1474.0,1474.0,452210.1908369334,38.34986595174263,0.3559577677224736,5261.862917398945
4.22,851,900966,1474.0,66.0,66.0,1474.0,1474.0,412259.9642916814,53.386454183266935,0.29494712103407755,3568.7203791469196
5.3,2151,2182998,1474.0,66.0,66.0,1474.0,1474.0,435106.64707472833,45.27741032816078,0.3263598326359833,7154.7169811320755
6.02,1100,1050208,1474.0,66.0,66.0,1474.0,1474.0,456686.37135206617,34.31179180256212,0.35909090909090907,2950.1661129568106
7.63,51,33752,66.0,66.0,66.0,1464.0,1464.0,456992.2360630528,16.37107565620175,0.5098039215686274,204.45609436435123
6.75,32,24215,643.0,56.0,56.0,1506.0,1506.0,466694.3271484375,10.754854368932039,0.40625,115.55555555555556
7.45,1,60,60.0,60.0,60.0,60.0,60.0,0.0,60,1.0,8.053691275167784
3.24,62,50211,1102.5,56.0,56.0,1506.0,1506.0,495670.76925078046,16.038004750593824,0.4032258064516129,462.96296296296293
1.08,1,60,60.0,60.0,60.0,60.0,60.0,0.0,60,1.0,55.55555555555555
8.57,53,37234,157.0,66.0,66.0,1514.0,1514.0,485459.98504805984,13.757827982560444,0.49056603773584906,161.02683780630105
3.38,16,5135,182.5,56.0,63.0,283.0,894.5,208832.68359375,3.202127659574468,0.4375,124.2603550295858
7.44,1,60,60.0,60.0,60.0,60.0,60.0,0.0,60,1.0,8.064516129032258
4.45,21,8674,84.0,66.0,66.0,376.0,1514.0,302394.5215419502,4.222155328115593,0.5238095238095238,107.86516853932584
8.14,16,5305,105.5,56.0,59.0,298.0,1072.5,218276.12109375,3.0465293668955,0.5,51.59705159705159
1.72,14,4905,79.0,66.0,66.0,315.25,1234.700000000001,245834.94387755098,2.2787433155080214,0.5714285714285714,174.41860465116278
3.25,61,49550,1514.0,66.0,66.0,1514.0,1514.0,513930.1096479441,26.759103641456583,0.45901639344262296,516.9230769230769
5.08,3602,4334391,1514.0,66.0,1514.0,1514.0,1514.0,351564.25628930615,79.67435367692222,0.21321488062187674,7866.141732283464
2.39,2,132,66.0,66.0,66.0,66.0,66.0,0.0,1.0,1.0,50.20920502092049
2.05,1,56,56.0,56.0,56.0,56.0,56.0,0.0,0.0,1.0,29.26829268292683
7.18,83,46992,91.0,56.0,61.0,1494.0,1494.0,419640.4052837857,9.22676822633297,0.5060240963855421,300.8356545961003
1.52,2,112,56.0,56.0,56.0,56.0,56.0,0.0,0.0,1.0,78.94736842105263
3.73,13,4459,88.0,56.0,60.0,255.0,1277.4000000000008,251265.07692307694,2.9955197132616487,0.5384615384615384,96.51474530831099
9.51,28,23390,1494.0,56.0,56.0,1494.0,1494.0,502573.15816326527,36.97077922077922,0.42857142857142855,75.70977917981072
5.38,25,11973,74.0,66.0,66.0,679.0,1514.0,360121.9936,5.79126488939308,0.56,122.67657992565057
3.55,23,8806,74.0,66.0,66.0,367.5,1514.0,285661.8525519849,3.9113218070273286,0.5652173913043478,169.01408450704224
6.33,15,5049,157.0,66.0,70.0,335.0,1033.5999999999997,207472.10666666672,2.5783132530120483,0.4666666666666667,37.91469194312796
1.9,1,60,60.0,60.0,60.0,60.0,60.0,0.0,60,1.0,31.57894736842106
1.18,23,11478,151.0,66.0,66.0,1016.5,1514.0,375200.9981096409,6.187226048841578,0.4782608695652174,406.77966101694915
2.97,451,449104,1494.0,66.0,66.0,1494.0,1494.0,453362.22889759653,34.35138539042821,0.3237250554323725,2808.080808080808
8.56,6,384,66.0,60.0,61.5,66.0,66.0,8.0,1.9090909090909092,1.0,42.05607476635514
2.13,28,18522,180.0,66.0,66.0,1484.0,1484.0,426213.60714285716,7.5670675300647545,0.42857142857142855,281.69014084507046
6.85,1,60,60.0,60.0,60.0,60.0,60.0,0.0,60,1.0,8.75912408759124
2.17,47,36941,875.0,56.0,56.0,1454.0,1454.0,448439.12720688106,13.362752721617419,0.3829787234042553,497.6958525345622
9.71,5,355,60.0,56.0,56.0,60.0,97.80000000000001,679.2,0.5106382978723404,0.8,24.716786817713693
8.35,163,133398,1095.0,56.0,66.0,1514.0,1514.0,480736.9255899732,6.303876478318003,0.38650306748466257,431.1377245508982
4.34,22,23196,1514.0,66.0,74.0,1514.0,1514.0,452716.958677686,46.72839506172839,0.3181818181818182,55.29953917050691
5.16,510,508407,1514.0,56.0,66.0,1514.0,1514.0,471891.92787773936,6.5151439003118945,0.3352941176470588,1895.3488372093022
8.11,1117,1174898,1514.0,56.0,66.0,1514.0,1514.0,434150.8818511665,10.385222152236057,0.2891674127126231,2286.0665844636255
2.54,5,300,60.0,60.0,60.0,60.0,60.0,0.0,300,1.0,118.11023622047244
0.85,1,60,60.0,60.0,60.0,60.0,60.0,0.0,60,1.0,70.58823529411765
0.44,49,34738,279.0,59.2,60.0,1514.0,1514.0,446504.09829237824,0.17018123020952639,0.3673469387755102,2454.5454545454545
4.25,315,326843,1514.0,56.0,74.0,1514.0,1514.0,426931.78983119177,3.65468968070865,0.2634920634920635,1030.5882352941176
6.57,27,25789,1514.0,62.0,66.0,1514.0,1514.0,479886.8669410151,39.93492063492064,0.37037037037037035,91.32420091324201
0.32,2,1366,683.0,683.0,683.0,683.0,683.0,0.0,1366,0.0,0.0
9.34,11,5356,60.0,60.0,60.0,951.0,1514.0,359537.53719008266,0.24182703454671922,0.6363636363636364,44.9678800856531
3.25,234,208772,1251.0,60.0,66.0,1514.0,1514.0,436691.77660895605,0.8944827586206896,0.3247863247863248,1366.1538461538462
8.24,164,144594,1514.0,56.0,66.0,1514.0,1514.0,502975.3671921474,30.310957124296234,0.40853658536585363,480.58252427184465
9.52,5,300,60.0,60.0,60.0,60.0,60.0,0.0,300,1.0,31.51260504201681
3.18,7,4818,379.0,58.4,60.0,1374.5,1514.0,421061.9183673469,0.11553600370456124,0.42857142857142855,56.60377358490565
8.0,18,10404,174.0,58.8,60.0,1259.0,1514.0,383447.8888888889,0.10258584145824502,0.4444444444444444,60.0
0.48,1,60,60.0,60.0,60.0,60.0,60.0,0.0,60,1.0,125.0
1.42,13,7412,180.0,67.6,74.0,1466.0,1466.0,385638.89940828393,6.927272727272728,0.46153846153846156,84.50704225352113
9.72,2309,2543015,1514.0,56.0,74.0,1514.0,1514.0,422146.78763555567,25.723290003257638,0.2732784755305327,3432.098765432099
3.73,602,669917,1514.0,56.0,66.0,1514.0,1514.0,422087.33100352087,67.54072027828934,0.2757475083056478,2477.2117962466486
4.42,666,739682,1514.0,56.0,66.0,1514.0,1514.0,421440.1690789889,42.96588207322872,0.2732732732732733,2375.565610859728
8.98,35,30020,1363.0,60.0,60.0,1514.0,1514.0,458252.4897959184,0.6301042571676803,0.3142857142857143,73.4966592427617
1.3,2,120,60.0,60.0,60.0,60.0,60.0,0.0,120,1.0,92.3076923076923
8.62,48,27881,143.0,66.0,66.0,1466.0,1466.0,401181.5412326388,2.6904037061548642,0.4791666666666667,125.29002320185614
3.31,1,60,60.0,60.0,60.0,60.0,60.0,0.0,60,1.0,18.12688821752266
5.13,13,5989,129.0,56.8,60.0,571.0,1471.0000000000002,313013.4437869823,0.15062439961575408,0.46153846153846156,70.17543859649123
3.8,1,60,60.0,60.0,60.0,60.0,60.0,0.0,60,1.0,15.78947368421053
5.4,47,20519,129.0,60.0,66.0,577.0,1484.0,288594.6699864192,0.5996725656817651,0.44680851063829785,211.1111111111111
9.26,91,98238,1514.0,56.0,66.0,1514.0,1514.0,418280.6441251056,5.904554399775091,0.26373626373626374,155.5075593952484
9.73,1,60,60.0,60.0,60.0,60.0,60.0,0.0,60,1.0,6.166495375128468
4.29,73,47978,171.0,56.0,60.0,1499.0,1514.0,431888.75398761494,0.5994266093275994,0.3972602739726027,405.5944055944056
9.65,4,240,60.0,60.0,60.0,60.0,60.0,0.0,240,1.0,24.870466321243523
0.99,3,172,56.0,56.0,56.0,58.0,59.2,3.5555555555555554,0.5357142857142857,1.0,181.8181818181818
6.0,74,37418,141.0,66.0,66.0,1254.0,1254.0,287392.98466033605,5.443602548648183,0.47297297297297297,250.0
5.58,21,6608,74.0,66.0,66.0,279.0,631.0,178750.5079365079,1.610825760568945,0.5238095238095238,96.7741935483871
8.64,4,246,60.0,60.0,60.0,61.5,64.2,6.75,2.727272727272727,1.0,27.777777777777775
5.03,83,42069,84.0,66.0,66.0,1464.0,1464.0,371038.7019886776,6.951048951048951,0.5180722891566265,417.4950298210735
4.04,3,198,66.0,66.0,66.0,66.0,66.0,0.0,0.5,1.0,44.554455445544555
1.66,22,8560,66.0,56.0,58.0,479.25,1506.0,297934.26446280995,3.2418235877106047,0.5454545454545454,433.73493975903614
7.02,4,244,61.0,56.0,56.0,66.0,66.0,25.0,1.1785714285714286,1.0,34.18803418803419
4.62,4,232,58.0,56.0,56.0,60.0,60.0,4.0,1.0714285714285714,1.0,51.94805194805195
1.42,19,10472,144.0,66.0,66.0,1114.5,1484.0,353677.3961218836,4.3757700205338805,0.42105263157894735,253.5211267605634
4.1,53,42555,656.0,56.0,60.0,1514.0,1514.0,463281.6169455322,9.64407203601801,0.3584905660377358,278.0487804878049
2.58,2,120,60.0,60.0,60.0,60.0,60.0,0.0,120,1.0,46.51162790697674
7.51,2,122,61.0,57.0,58.5,63.5,65.0,25.0,1.1785714285714286,1.0,15.978695073235684
4.51,2,116,58.0,56.4,57.0,59.0,59.6,4.0,1.0714285714285714,1.0,26.607538802660756
2.69,15,5744,141.0,66.0,66.0,543.0,1168.7999999999997,224691.12888888892,2.1082251082251084,0.4666666666666667,111.52416356877325
6.61,1,60,60.0,60.0,60.0,60.0,60.0,0.0,60,1.0,9.07715582450832
4.03,25,11418,74.0,66.0,66.0,551.0,1514.0,355330.2016,5.249589490968801,0.56,163.77171215880892
10.0,93,65152,74.0,66.0,66.0,1514.0,1514.0,499664.1174702279,14.326276170312868,0.5161290322580645,270.0
0.6,11,4213,80.0,66.0,70.0,301.0,1514.0,292418.7272727273,3.820366132723112,0.5454545454545454,300.0
1.1,7,1101,66.0,66.0,66.0,239.0,349.4,15572.489795918367,0.8049180327868852,0.5714285714285714,218.1818181818182
3.19,16,5523,79.0,66.0,66.0,395.75,1080.5,222971.77734375,2.764826175869121,0.5625,112.85266457680251
0.23,11,4223,84.0,66.0,70.0,304.0,1514.0,292188.08264462807,3.7988636363636363,0.5454545454545454,782.6086956521739
1.18,10,2979,66.0,66.0,66.0,337.0,618.4999999999997,188225.09,2.8045977011494254,0.6,305.08474576271186
1.47,23,8774,74.0,66.0,66.0,367.5,1514.0,285147.5538752363,3.982396365701306,0.5652173913043478,408.1632653061224
1.44,12,4213,107.5,66.0,66.0,246.0,1363.8000000000004,260063.90972222225,3.7337078651685394,0.5,166.66666666666666
3.58,4,311,66.0,61.8,64.5,79.25,103.10000000000001,573.1875,0.6810810810810811,0.75,50.279329608938546
6.49,32,19896,146.5,66.0,66.0,1478.0,1478.0,431467.6875,9.81304347826087,0.4375,101.69491525423729
2.1,19,8030,84.0,66.0,66.0,439.5,1514.0,311454.75900277006,4.3003300330033,0.5263157894736842,199.99999999999997
7.58,84,72763,1514.0,66.0,66.0,1514.0,1514.0,500002.3178854874,23.59871534820825,0.39285714285714285,237.467018469657
0.27,12,4464,107.5,66.0,66.0,307.75,1393.9000000000003,266620.1666666667,2.926121372031662,0.5,888.8888888888888
6.02,16,13306,1081.5,66.0,66.0,1484.0,1484.0,448031.484375,12.187314172447968,0.375,59.800664451827245
1.07,1,60,60.0,60.0,60.0,60.0,60.0,0.0,60,1.0,56.07476635514019
9.49,600,505616,1484.0,66.0,66.0,1484.0,1484.0,481596.9226222223,19.40996245912889,0.42833333333333334,1245.5216016859852
4.88,774,703948,1484.0,66.0,66.0,1484.0,1484.0,481155.90112105984,30.075265969187303,0.4005167958656331,3811.475409836066
3.98,193,205131,1484.0,66.0,78.0,1484.0,1484.0,411597.33646540844,38.35744435917114,0.29015544041450775,723.6180904522614
6.19,3840,3816079,1484.0,66.0,66.0,1484.0,1484.0,454186.7142902968,41.97531448134509,0.34453125,12387.722132471728
4.47,2595,2535433,1484.0,66.0,66.0,1484.0,1484.0,461375.43762400653,39.9574987076764,0.3576107899807322,11892.61744966443
0.74,1,60,60.0,60.0,60.0,60.0,60.0,0.0,60,1.0,81.08108108108108
2.32,14,4905,79.0,66.0,66.0,315.25,1234.700000000001,245834.94387755098,2.2787433155080214,0.5714285714285714,129.31034482758622
0.51,62,49616,1073.5,66.0,66.0,1514.0,1514.0,514479.19146722165,24.88210745957225,0.46774193548387094,3411.7647058823527
0.54,19,8464,128.0,56.0,66.0,619.0,1478.0,314983.30193905823,3.251130085384229,0.47368421052631576,888.8888888888888
6.86,1985,2143226,1474.0,56.0,66.0,1474.0,1474.0,401689.38640661386,65.71935996015316,0.2755667506297229,4513.119533527696
7.15,2288,2457388,1474.0,56.0,66.0,1474.0,1474.0,402164.757637904,65.87861963858045,0.2770979020979021,5068.531468531468
4.26,15,5808,141.0,66.0,66.0,543.0,1194.3999999999996,227745.49333333332,1.936299292214358,0.4666666666666667,70.42253521126761
6.12,1,60,60.0,60.0,60.0,60.0,60.0,0.0,60,1.0,9.80392156862745
2.02,63,65073,1474.0,66.0,107.5,1474.0,1474.0,405400.3083900227,23.518839487565938,0.25396825396825395,415.84158415841586
6.09,4664,4945384,1474.0,66.0,94.0,1474.0,1474.0,405788.06107729295,45.70523681352411,0.2937392795883362,6295.566502463054
9.33,3163,3695420,1474.0,66.0,1474.0,1474.0,1474.0,336302.488988781,78.54324335959362,0.2171988618400253,3819.935691318328
8.8,1,60,60.0,60.0,60.0,60.0,60.0,0.0,60,1.0,6.818181818181818
3.32,22,8692,79.0,66.0,66.0,371.75,1514.0,293164.62809917354,4.176891006551519,0.5454545454545454,162.65060240963857
7.03,28,18346,180.0,66.0,66.0,1484.0,1484.0,421830.66836734687,7.485661424606845,0.42857142857142855,85.34850640113798
7.05,22,7326,74.0,66.0,66.0,340.0,1417.700000000002,237720.63636363635,3.3221238938053097,0.5909090909090909,85.1063829787234
0.15,10,4224,128.5,56.0,66.0,479.25,1474.0,297680.0399999999,3.4323189926547744,0.4,1600.0
0.51,4,3118,792.0,80.7,111.75,1459.75,1468.3,469865.25,0.06452714236940936,0.25,117.6470588235294
6.58,20,17111,1474.0,56.0,63.5,1474.0,1474.0,473221.44750000007,34.79707112970711,0.4,72.94832826747721
4.31,1,60,60.0,60.0,60.0,60.0,60.0,0.0,60,1.0,13.921113689095128
4.64,38,27976,452.0,56.0,60.0,1514.0,1514.0,470435.42936288094,9.489688788901388,0.42105263157894735,206.89655172413796
6.92,1,60,60.0,60.0,60.0,60.0,60.0,0.0,60,1.0,8.670520231213873
6.31,1126,1116509,1484.0,66.0,66.0,1484.0,1484.0,450349.3852719036,37.77575189275544,0.3428063943161634,2824.0887480190177
1.69,255,245879,1484.0,66.0,66.0,1484.0,1484.0,464908.1072510572,39.0584881068752,0.36470588235294116,3301.775147928994
3.59,1,60,60.0,60.0,60.0,60.0,60.0,0.0,60,1.0,16.71309192200557
3.53,29,9995,84.0,66.0,66.0,376.0,1514.0,235134.36385255653,2.40893587994543,0.5517241379310345,169.971671388102
3.44,9,3868,66.0,66.0,66.0,359.0,1514.0,343941.50617283944,18.535353535353536,0.5555555555555556,87.20930232558139
1.2,24,9000,89.0,66.0,66.0,319.75,1506.0,275493.1666666667,2.8893690579083837,0.5,400.0
9.35,619,567888,1506.0,66.0,66.0,1506.0,1506.0,489268.0025054742,11.511577695036243,0.3877221324717286,1315.5080213903743
6.71,1492,1277097,1506.0,66.0,66.0,1506.0,1506.0,489743.1038689813,5.833269125814633,0.4128686327077748,4014.9031296572284
4.06,26,9060,74.0,66.0,66.0,216.0,1506.0,262053.78698224854,2.7655860349127184,0.5384615384615384,147.7832512315271
9.98,6,360,60.0,60.0,60.0,60.0,60.0,0.0,360,1.0,36.07214428857716
9.02,6,376,66.0,56.0,58.5,66.0,66.0,22.222222222222225,0.5409836065573771,1.0,39.91130820399113
6.52,26,17286,180.0,66.0,66.0,1484.0,1484.0,437422.3609467456,7.506889763779528,0.4230769230769231,82.82208588957056
6.04,7,436,66.0,56.0,58.0,66.0,66.0,19.918367346938776,0.7868852459016393,1.0,69.5364238410596
8.27,5,310,66.0,56.0,56.0,66.0,66.0,24.0,0.7415730337078652,1.0,36.27569528415961
2.52,2,120,60.0,60.0,60.0,60.0,60.0,0.0,120,1.0,47.61904761904761
3.49,24,8824,74.0,66.0,66.0,363.25,1514.0,277007.22222222225,4.056733524355301,0.5833333333333334,189.11174785100286
9.05,53,37234,157.0,66.0,66.0,1514.0,1514.0,485459.98504805984,13.757827982560444,0.49056603773584906,152.48618784530385
1.88,25,12325,74.0,66.0,66.0,1031.0,1514.0,370514.16,5.990924560408395,0.56,351.06382978723406
9.72,22,8724,79.0,66.0,66.0,371.75,1514.0,293616.06611570244,4.098772647574518,0.5454545454545454,55.55555555555556
6.72,55,41829,583.0,66.0,66.0,1514.0,1514.0,476064.1765289254,9.667941851568477,0.41818181818181815,151.78571428571428
3.93,38,23946,166.5,56.0,61.5,1514.0,1514.0,438227.08033240994,6.171608265947889,0.4473684210526316,259.5419847328244
4.79,1,60,60.0,60.0,60.0,60.0,60.0,0.0,60,1.0,12.526096033402922
9.26,1,60,60.0,60.0,60.0,60.0,60.0,0.0,60,1.0,6.479481641468683
3.74,2,122,61.0,57.0,58.5,63.5,65.0,25.0,1.1785714285714286,1.0,32.0855614973262
2.84,2,122,61.0,57.0,58.5,63.5,65.0,25.0,1.1785714285714286,1.0,42.25352112676057
3.11,2,116,58.0,56.4,57.0,59.0,59.6,4.0,1.0714285714285714,1.0,38.58520900321544
8.67,4,248,63.0,57.2,59.0,66.0,66.0,18.0,1.0327868852459017,1.0,27.68166089965398
5.86,96,69597,407.5,56.0,56.0,1397.0,1397.0,421661.6761067708,15.426008968609866,0.40625,399.3174061433447
1.59,72,63066,1397.0,56.0,66.0,1397.0,1397.0,420161.4930555556,35.47541931752458,0.375,1018.8679245283017
6.07,31,20057,151.0,66.0,66.0,1514.0,1514.0,451832.32258064515,9.918345127925967,0.45161290322580644,98.84678747940691
8.6,47,36147,395.0,56.0,56.0,1494.0,1494.0,486149.524671797,20.064685314685313,0.425531914893617,132.5581395348837
8.41,1,56,56.0,56.0,56.0,56.0,56.0,0.0,0.0,1.0,7.134363852556481
9.73,55,20923,74.0,66.0,66.0,455.5,1502.0,267197.2614876033,3.312242374278648,0.5454545454545454,135.6628982528263
4.34,50,26474,141.0,66.0,66.0,1514.0,1514.0,391339.6096,6.6162255466052935,0.48,221.19815668202764
2.81,2,120,60.0,60.0,60.0,60.0,60.0,0.0,120,1.0,42.704626334519574
7.53,19,5725,66.0,56.0,58.0,347.5,757.9999999999993,199746.3213296399,2.210880538418396,0.5789473684210527,87.64940239043824
7.69,57,38797,141.0,56.0,66.0,1514.0,1514.0,482514.96460449375,13.42267657992565,0.47368421052631576,179.45383615084523
4.47,19,7580,216.0,66.0,70.0,655.0,889.1999999999995,192291.3130193906,1.2189695550351287,0.3684210526315789,67.11409395973155
8.26,1,60,60.0,60.0,60.0,60.0,60.0,0.0,60,1.0,7.263922518159807
0.83,21,9970,151.0,66.0,66.0,503.0,1514.0,350196.7528344671,5.3061353573687535,0.47619047619047616,506.0240963855422
2.88,5,346,66.0,66.0,66.0,74.0,74.0,15.360000000000003,0.6796116504854369,1.0,62.5
0.68,9,4075,157.0,66.0,66.0,376.0,1514.0,331032.8395061728,4.055831265508685,0.4444444444444444,264.70588235294116
2.97,20,13282,66.0,66.0,66.0,1514.0,1514.0,485286.08999999997,11.471361502347419,0.55,222.2222222222222
9.08,22,8740,79.0,66.0,66.0,371.75,1514.0,293875.10743801657,4.060799073537927,0.5454545454545454,59.471365638766514
3.4,23,7334,74.0,66.0,66.0,304.0,1315.0000000000007,229353.67863894138,3.0857938718662954,0.6086956521739131,194.11764705882354
8.13,22,8560,66.0,56.0,58.0,479.25,1506.0,297934.26446280995,3.2418235877106047,0.5454545454545454,88.56088560885608
6.49,4,244,61.0,56.0,56.0,66.0,66.0,25.0,1.1785714285714286,1.0,36.97996918335901
8.65,30,17070,107.5,60.0,66.0,1484.0,1484.0,399893.6666666667,6.6753597122302155,0.5,90.17341040462428
7.65,1,60,60.0,60.0,60.0,60.0,60.0,0.0,60,1.0,7.8431372549019605
9.49,20,7152,79.0,66.0,66.0,385.75,1514.0,252806.23999999993,3.4783969943644335,0.55,50.57955742887249
9.23,93,75192,1191.0,66.0,66.0,1474.0,1474.0,460940.0561914672,11.748728382502543,0.3763440860215054,201.5167930660888
8.2,1,60,60.0,60.0,60.0,60.0,60.0,0.0,60,1.0,7.317073170731708
9.8,2,126,63.0,60.6,61.5,64.5,65.4,9.0,0.9090909090909091,1.0,12.244897959183671
8.38,14,4889,107.5,66.0,66.0,323.25,1213.700000000001,234712.73979591837,2.268048128342246,0.5,35.79952267303102
7.32,15,14915,1484.0,66.0,66.0,1484.0,1484.0,434802.8888888888,44.196969696969695,0.3333333333333333,40.983606557377044
5.97,1,60,60.0,60.0,60.0,60.0,60.0,0.0,60,1.0,10.050251256281408
4.54,25,10714,74.0,66.0,66.0,535.0,1514.0,320176.4864,4.916068470458311,0.56,145.37444933920705
0.13,7,3702,84.0,70.8,74.0,945.0,1514.0,398614.69387755095,6.174418604651163,0.5714285714285714,461.53846153846155
0.54,16,5360,66.0,66.0,66.0,299.75,1104.5,229081.5,3.4778613199665833,0.5625,999.9999999999999
7.32,1,58,58.0,58.0,58.0,58.0,58.0,0.0,0.0,1.0,8.19672131147541
3.46,16,5922,107.5,66.0,66.0,603.0,1073.5,222251.234375,2.1736334405144695,0.5,104.04624277456648
3.51,241,230565,1506.0,56.0,66.0,1506.0,1506.0,448619.01447977824,3.595949528574561,0.2821576763485477,1128.2051282051282
6.54,161,122524,459.0,56.0,60.0,1506.0,1506.0,473002.08039813273,1.3040788310735845,0.4161490683229814,577.9816513761468
8.03,156,168056,1506.0,56.0,131.0,1506.0,1506.0,411661.6255752794,6.022523087209059,0.23076923076923078,261.51930261519306
7.16,15,2968,60.0,56.0,56.0,60.0,412.5999999999999,137459.84888888887,9.6,0.8,100.55865921787709
3.84,2,120,60.0,60.0,60.0,60.0,60.0,0.0,120,1.0,31.25
3.8,19,9883,129.0,59.2,66.0,1005.0,1506.0,362730.13296398893,1.1480113018908933,0.47368421052631576,142.10526315789477
3.46,3,172,56.0,56.0,56.0,58.0,59.2,3.5555555555555554,0.5357142857142857,1.0,52.02312138728324
4.29,15,7664,129.0,56.0,62.0,1005.0,1506.0,367519.3955555555,0.9382903388973192,0.4666666666666667,97.9020979020979
8.59,1,60,60.0,60.0,60.0,60.0,60.0,0.0,60,1.0,6.984866123399302
7.04,18,7836,66.0,56.0,57.0,523.0,1506.0,334843.5555555556,0.927201180521397,0.5555555555555556,85.22727272727273
1.66,15,7664,129.0,56.0,62.0,1005.0,1506.0,367519.3955555555,0.9382903388973192,0.4666666666666667,253.0120481927711
2.38,3,172,56.0,56.0,56.0,58.0,59.2,3.5555555555555554,0.5357142857142857,1.0,75.63025210084034
5.05,15,7664,129.0,56.0,62.0,1005.0,1506.0,367519.3955555555,0.9382903388973192,0.4666666666666667,83.16831683168317
2.02,3,172,56.0,56.0,56.0,58.0,59.2,3.5555555555555554,0.5357142857142857,1.0,89.10891089108911
0.77,16,9180,166.5,58.0,65.5,1455.75,1506.0,401925.9375,1.315842583249243,0.4375,545.4545454545454
5.05,3,172,56.0,56.0,56.0,58.0,59.2,3.5555555555555554,0.5357142857142857,1.0,35.64356435643565
1.22,14,6498,174.0,57.2,66.0,523.0,1485.9,306546.97959183675,0.21936573465941078,0.42857142857142855,295.08196721311475
4.54,1,60,60.0,60.0,60.0,60.0,60.0,0.0,60,1.0,13.215859030837002
1.95,11,4547,129.0,56.0,63.0,475.0,1439.0,273823.6859504131,0.1893800680094167,0.45454545454545453,153.84615384615384
5.5,3,172,56.0,56.0,56.0,58.0,59.2,3.5555555555555554,0.5357142857142857,1.0,32.72727272727273
5.88,11,4547,129.0,56.0,63.0,475.0,1439.0,273823.6859504131,0.1893800680094167,0.45454545454545453,51.0204081632653
8.35,3,172,56.0,56.0,56.0,58.0,59.2,3.5555555555555554,0.5357142857142857,1.0,21.55688622754491
1.45,15,6810,219.0,57.6,66.0,475.0,1439.0,277482.93333333335,0.29418472063854045,0.4,248.27586206896552
2.97,3,172,56.0,56.0,56.0,58.0,59.2,3.5555555555555554,0.5357142857142857,1.0,60.6060606060606
1.75,53,37234,157.0,66.0,66.0,1514.0,1514.0,485459.98504805984,13.757827982560444,0.49056603773584906,788.5714285714286
4.03,11,4547,129.0,56.0,63.0,475.0,1439.0,273823.6859504131,0.1893800680094167,0.45454545454545453,74.44168734491315
4.52,3,172,56.0,56.0,56.0,58.0,59.2,3.5555555555555554,0.5357142857142857,1.0,39.82300884955753
1.01,12,4607,97.5,56.4,60.0,427.0,1352.2000000000003,260543.40972222222,0.20507454878367773,0.5,356.43564356435644
5.04,3,172,56.0,56.0,56.0,58.0,59.2,3.5555555555555554,0.5357142857142857,1.0,35.714285714285715
7.58,11,4547,129.0,56.0,63.0,475.0,1439.0,273823.6859504132,0.1893800680094167,0.45454545454545453,39.5778364116095
4.12,9,520,56.0,56.0,56.0,60.0,60.0,3.9506172839506166,0.8571428571428571,1.0,131.06796116504853
8.56,36,11959,70.0,66.0,66.0,357.25,1472.5,235839.32330246916,1.1309693513898789,0.5833333333333334,126.16822429906543
8.72,12,1439,60.0,56.0,56.0,77.25,210.00000000000003,20680.24305555555,0.4683673469387755,0.75,61.92660550458715
6.77,11,4547,129.0,56.0,63.0,475.0,1439.0,273823.6859504132,0.1893800680094167,0.45454545454545453,44.313146233382575
4.38,27,12371,74.0,63.6,66.0,667.0,1484.0,331397.0397805211,4.522767857142857,0.5185185185185185,164.38356164383563
8.58,1,60,60.0,60.0,60.0,60.0,60.0,0.0,60,1.0,6.993006993006993
6.91,31,20864,216.0,66.0,66.0,1484.0,1484.0,435727.70863683656,8.432188065099458,0.41935483870967744,95.5137481910275
9.61,1,60,60.0,60.0,60.0,60.0,60.0,0.0,60,1.0,6.243496357960458
6.82,25,6361,74.0,66.0,66.0,279.0,458.20000000000016,152448.3264,2.096884128529698,0.56,96.7741935483871
5.48,24,9384,74.0,66.0,66.0,407.75,1514.0,290234.3333333333,4.274873524451939,0.5833333333333334,120.43795620437956
5.03,32,24327,699.0,56.0,56.0,1474.0,1474.0,448102.0458984375,10.200276243093922,0.375,143.1411530815109
6.59,5,288,56.0,56.0,56.0,60.0,60.0,3.8400000000000007,0.7142857142857143,1.0,45.52352048558422
9.91,4,296,74.0,74.0,74.0,74.0,74.0,0.0,0.0,1.0,0.0
5.83,7874,8648663,1414.0,66.0,1414.0,1414.0,1414.0,323929.3474219369,64.1907633397906,0.23393446786893574,13914.236706689537
3.47,1,60,60.0,60.0,60.0,60.0,60.0,0.0,60,1.0,17.29106628242075
3.32,23,7350,74.0,66.0,66.0,304.0,1318.2000000000007,229642.76748582232,3.0585311982330206,0.6086956521739131,198.79518072289156
2.93,12,4289,79.0,66.0,66.0,268.0,1400.2000000000005,275559.40972222225,3.533826638477801,0.5833333333333334,81.91126279863481
0.42,8,2879,108.5,66.0,66.0,445.0,828.6999999999998,219348.859375,2.927694406548431,0.5,571.4285714285714
5.93,2,132,66.0,66.0,66.0,66.0,66.0,0.0,1.0,1.0,20.236087689713322
0.3,3,214,74.0,67.6,70.0,74.0,74.0,14.222222222222221,0.5285714285714286,1.0,200.0
0.91,24,11640,117.5,66.0,66.0,791.75,1514.0,366118.3333333333,5.6400456360524815,0.5,725.2747252747253
5.09,62,52732,1514.0,56.0,56.0,1514.0,1514.0,505929.86264308007,22.33274336283186,0.3870967741935484,282.9076620825147
4.1,84,50250,147.5,66.0,66.0,1484.0,1484.0,421350.31122448976,8.389013452914797,0.47619047619047616,453.6585365853659
8.18,3,192,66.0,61.2,63.0,66.0,66.0,8.0,1.9090909090909092,1.0,22.00488997555012
1.04,46,37443,953.5,66.0,66.0,1514.0,1514.0,484067.8038752361,12.082809224318659,0.41304347826086957,923.0769230769231
9.91,1,60,60.0,60.0,60.0,60.0,60.0,0.0,60,1.0,6.054490413723512
3.68,15,5376,141.0,66.0,66.0,423.0,1123.5999999999997,222465.17333333325,2.0372881355932204,0.4666666666666667,81.52173913043478
0.88,1,60,60.0,60.0,60.0,60.0,60.0,0.0,60,1.0,68.18181818181819
7.71,22,7220,74.0,66.0,66.0,340.0,1411.3000000000022,236145.0578512397,3.254566882734237,0.5909090909090909,77.82101167315174
6.27,30,19320,182.5,56.0,56.0,1494.0,1494.0,450762.4,12.454038997214484,0.4666666666666667,124.4019138755981
0.95,1,56,56.0,56.0,56.0,56.0,56.0,0.0,0.0,1.0,63.15789473684212
4.84,246,200691,1416.5,66.0,66.0,1502.0,1502.0,489217.26328574267,16.38186384895202,0.4268292682926829,1053.719008264463
6.99,76,56032,66.0,66.0,66.0,1502.0,1502.0,506575.4570637118,20.224242424242423,0.5263157894736842,343.3476394849785
2.99,1,60,60.0,60.0,60.0,60.0,60.0,0.0,60,1.0,20.066889632107024
1.22,1,60,60.0,60.0,60.0,60.0,60.0,0.0,60,1.0,49.180327868852466
2.91,14,5209,107.5,66.0,66.0,491.25,1242.500000000001,241951.92346938784,1.8683920704845816,0.5,103.09278350515464
7.8,5782,6862520,1506.0,56.0,1506.0,1506.0,1506.0,358729.5381927549,86.15971296119896,0.21809062608094085,9484.615384615385
7.54,1413,1668162,1506.0,56.0,1506.0,1506.0,1506.0,363878.98500277224,91.21459369817579,0.2229299363057325,2339.522546419098
8.4,1,60,60.0,60.0,60.0,60.0,60.0,0.0,60,1.0,7.142857142857142
5.85,234,275652,1506.0,56.0,1506.0,1506.0,1506.0,360972.7521367521,52.10190714698517,0.2094017094017094,502.5641025641026
5.0,3,182,60.0,56.8,58.0,63.0,64.8,16.88888888888889,2.25,1.0,36.0
2.23,139,160070,1506.0,56.0,963.0,1506.0,1506.0,372612.8618601522,37.786043130603346,0.2158273381294964,807.1748878923767
3.15,2,122,61.0,57.0,58.5,63.5,65.0,25.0,1.1785714285714286,1.0,38.095238095238095
2.65,1,60,60.0,60.0,60.0,60.0,60.0,0.0,60,1.0,22.641509433962263
6.82,28,12320,74.0,66.0,66.0,583.0,1514.0,336225.14285714284,5.28892291985707,0.5714285714285714,114.36950146627566
2.94,22,8150,120.5,66.0,66.0,511.0,839.0,199239.06611570247,1.0780214176440592,0.5,163.26530612244898
4.42,1,60,60.0,60.0,60.0,60.0,60.0,0.0,60,1.0,13.574660633484163
9.69,25,6118,66.0,56.0,56.0,219.0,571.0,152954.5216,0.2565208461696447,0.64,99.07120743034055
2.64,18,8543,160.5,66.0,66.0,811.0,1474.0,305109.237654321,1.2299660663012268,0.4444444444444444,136.36363636363635
4.31,232,193621,1474.0,66.0,66.0,1474.0,1474.0,453693.0549754756,2.7171901397634772,0.39655172413793105,1252.9002320185616
7.32,3,837,66.0,61.2,63.0,388.5,582.0,93318.0,11.681818181818182,0.6666666666666666,16.39344262295082
1.94,11,9696,1095.0,66.0,66.0,1474.0,1474.0,406212.2479338842,0.027989821882951654,0.36363636363636365,123.71134020618557
3.09,7,5603,983.0,66.0,66.0,1474.0,1474.0,430369.1020408164,27.2979797979798,0.42857142857142855,58.25242718446602
2.75,8,5706,543.0,66.0,66.0,1474.0,1474.0,426317.6875,0.03594771241830065,0.375,65.45454545454545
3.78,17,12897,775.0,66.0,66.0,1474.0,1474.0,410874.1107266436,3.846674182638106,0.4117647058823529,111.11111111111111
1.69,1,60,60.0,60.0,60.0,60.0,60.0,0.0,60,1.0,35.50295857988166
3.21,45,37179,1100.0,66.0,66.0,1506.0,1506.0,476568.73777777766,13.967391304347826,0.37777777777777777,280.3738317757009
2.77,19,7574,78.0,66.0,66.0,495.0,1474.0,264714.54847645434,1.085352422907489,0.5263157894736842,173.28519855595667
7.6,1,60,60.0,60.0,60.0,60.0,60.0,0.0,60,1.0,7.894736842105265
3.5,1,56,56.0,56.0,56.0,56.0,56.0,0.0,0.0,1.0,17.142857142857142
3.35,12,4219,117.5,66.0,66.0,451.0,899.8000000000002,181979.2430555556,0.23182481751824818,0.5,71.64179104477613
8.24,92,79274,1474.0,66.0,66.0,1474.0,1474.0,455763.2632325141,3.1232705711016333,0.40217391304347827,269.41747572815535
0.91,1,60,60.0,60.0,60.0,60.0,60.0,0.0,60,1.0,65.93406593406593
6.68,99,81574,1474.0,66.0,66.0,1474.0,1474.0,461905.7167635955,3.3385810020210616,0.40404040404040403,332.3353293413174
5.32,1,60,60.0,60.0,60.0,60.0,60.0,0.0,60,1.0,11.278195488721805
4.87,12,4219,117.5,66.0,66.0,451.0,899.8000000000002,181979.2430555556,0.23182481751824818,0.5,49.281314168377826
7.05,1,60,60.0,60.0,60.0,60.0,60.0,0.0,60,1.0,8.51063829787234
0.32,18,7514,117.5,66.0,66.0,539.0,1474.0,272696.3580246914,1.0688325991189427,0.5,1312.5
7.77,1,60,60.0,60.0,60.0,60.0,60.0,0.0,60,1.0,7.722007722007722
2.16,12,4219,117.5,66.0,66.0,451.0,899.8000000000002,181979.2430555556,0.23182481751824818,0.5,111.1111111111111
3.76,1,60,60.0,60.0,60.0,60.0,60.0,0.0,60,1.0,15.957446808510639
3.82,36,15189,138.0,66.0,66.0,583.0,1474.0,274105.90972222225,1.794150110375276,0.4722222222222222,204.1884816753927
4.75,2,120,60.0,60.0,60.0,60.0,60.0,0.0,120,1.0,25.263157894736842
5.44,12,4219,117.5,66.0,66.0,451.0,899.8000000000002,181979.2430555556,0.23182481751824818,0.5,44.11764705882353
2.5,1,60,60.0,60.0,60.0,60.0,60.0,0.0,60,1.0,24.0
9.29,18,7514,117.5,66.0,66.0,539.0,1474.0,272696.3580246914,1.0688325991189427,0.5,45.209903121636174
3.12,1,60,60.0,60.0,60.0,60.0,60.0,0.0,60,1.0,19.23076923076923
3.7,12,4219,117.5,66.0,66.0,451.0,899.8000000000002,181979.2430555556,0.23182481751824818,0.5,64.86486486486487
5.29,1,60,60.0,60.0,60.0,60.0,60.0,0.0,60,1.0,11.342155009451796
6.74,17,7448,157.0,66.0,66.0,583.0,1474.0,281044.4567474048,1.050660792951542,0.47058823529411764,53.41246290801187
8.41,1,60,60.0,60.0,60.0,60.0,60.0,0.0,60,1.0,7.134363852556481
8.83,12,4219,117.5,66.0,66.0,451.0,899.8000000000002,181979.2430555556,0.23182481751824818,0.5,27.180067950169875
9.13,1,60,60.0,60.0,60.0,60.0,60.0,0.0,60,1.0,6.571741511500547
5.45,17,7448,157.0,66.0,66.0,583.0,1474.0,281044.4567474048,1.050660792951542,0.47058823529411764,66.05504587155963
9.47,96,70709,118.0,56.0,56.0,1514.0,1514.0,516009.9347873265,17.94667738478028,0.4895833333333333,297.78247096092923
0.64,14,4351,76.0,66.0,66.0,367.0,829.4000000000003,165968.8826530612,0.27036496350364964,0.5714285714285714,562.5
0.21,1,60,60.0,60.0,60.0,60.0,60.0,0.0,60,1.0,285.7142857142857
6.87,18,7514,117.5,66.0,66.0,539.0,1474.0,272696.3580246914,1.0688325991189427,0.5,61.135371179039296
3.8,1,60,60.0,60.0,60.0,60.0,60.0,0.0,60,1.0,15.78947368421053
3.7,13,4285,78.0,66.0,66.0,407.0,864.6000000000003,173771.92899408282,0.2510948905109489,0.5384615384615384,81.08108108108108
7.9,1,60,60.0,60.0,60.0,60.0,60.0,0.0,60,1.0,7.594936708860758
4.42,18,7514,117.5,66.0,66.0,539.0,1474.0,272696.3580246914,1.0688325991189427,0.5,95.02262443438913
3.73,1,60,60.0,60.0,60.0,60.0,60.0,0.0,60,1.0,16.0857908847185
9.05,13,4285,78.0,66.0,66.0,407.0,864.6000000000003,173771.92899408282,0.2510948905109489,0.5384615384615384,33.14917127071823
8.1,1,60,60.0,60.0,60.0,60.0,60.0,0.0,60,1.0,7.407407407407408
1.2,19,7438,84.0,66.0,66.0,447.5,1514.0,269137.1966759003,3.858262573481385,0.5263157894736842,350.0
1.29,17,7448,157.0,66.0,66.0,583.0,1474.0,281044.4567474048,1.050660792951542,0.47058823529411764,279.06976744186045
2.5,1,60,60.0,60.0,60.0,60.0,60.0,0.0,60,1.0,24.0
1.8,13,4285,78.0,66.0,66.0,407.0,864.6000000000003,173771.92899408282,0.2510948905109489,0.5384615384615384,166.66666666666666
8.09,1,60,60.0,60.0,60.0,60.0,60.0,0.0,60,1.0,7.416563658838072
6.55,17,7448,157.0,66.0,66.0,583.0,1474.0,281044.4567474048,1.050660792951542,0.47058823529411764,54.961832061068705
8.25,1,60,60.0,60.0,60.0,60.0,60.0,0.0,60,1.0,7.2727272727272725
8.92,14,4345,76.0,66.0,66.0,367.0,829.4000000000003,166181.08673469388,0.2686131386861314,0.5714285714285714,40.35874439461883
7.37,40,16216,81.0,66.0,66.0,443.0,1478.0,284290.43999999994,2.0441148864276326,0.525,130.25780189959295
5.94,12,4219,117.5,66.0,66.0,451.0,899.8000000000002,181979.2430555556,0.23182481751824818,0.5,40.4040404040404
5.2,1,60,60.0,60.0,60.0,60.0,60.0,0.0,60,1.0,11.538461538461538
9.18,18,7514,117.5,66.0,66.0,539.0,1474.0,272696.3580246914,1.0688325991189427,0.5,45.751633986928105
5.04,1,60,60.0,60.0,60.0,60.0,60.0,0.0,60,1.0,11.904761904761903
8.91,34,13832,106.5,66.0,66.0,571.0,1481.0,265850.0865051903,1.64524765729585,0.5,87.54208754208754
9.62,1,60,60.0,60.0,60.0,60.0,60.0,0.0,60,1.0,6.237006237006237
3.97,70,45594,198.0,66.0,66.0,1514.0,1514.0,439483.853877551,5.963042150274893,0.45714285714285713,408.0604534005038
7.03,22,9783,104.5,66.0,66.0,575.0,1484.0,321397.39876033046,4.375274725274726,0.5,76.81365576102418
3.53,1,60,60.0,60.0,60.0,60.0,60.0,0.0,60,1.0,16.997167138810198
7.16,12,4219,117.5,66.0,66.0,451.0,899.8000000000002,181979.2430555556,0.23182481751824818,0.5,33.5195530726257
6.18,3,208,74.0,62.8,67.0,74.0,74.0,43.555555555555564,1.8108108108108107,1.0,9.708737864077671
6.72,18,9483,142.5,66.0,66.0,1144.0,1484.0,352596.02777777775,4.48150289017341,0.3888888888888889,62.5
4.06,1,60,60.0,60.0,60.0,60.0,60.0,0.0,60,1.0,14.77832512315271
5.29,18,7514,117.5,66.0,66.0,539.0,1474.0,272696.35802469135,1.0688325991189427,0.5,79.39508506616257
0.9,1,60,60.0,60.0,60.0,60.0,60.0,0.0,60,1.0,66.66666666666666
5.37,20,9631,138.0,66.0,66.0,766.0,1484.0,334543.6475000001,4.291758241758242,0.45,78.2122905027933
6.19,24,8277,83.0,60.6,66.0,293.0,1312.2999999999997,226697.19270833334,1.0316642120765833,0.5416666666666666,96.93053311793214
9.56,7,1254,60.0,56.0,56.0,235.5,468.6,38415.551020408166,1.16580310880829,0.7142857142857143,31.38075313807531
1.06,22,9987,128.0,66.0,66.0,575.0,1484.0,331230.2252066116,4.2953340402969244,0.45454545454545453,452.8301886792453
6.26,20,7640,76.0,66.0,66.0,451.0,1474.0,256734.4,1.10352422907489,0.55,86.26198083067092
5.24,1,60,60.0,60.0,60.0,60.0,60.0,0.0,60,1.0,11.450381679389313
8.28,13,4285,78.0,66.0,66.0,407.0,864.6000000000003,173771.92899408282,0.2510948905109489,0.5384615384615384,36.231884057971016
1.13,1,60,60.0,60.0,60.0,60.0,60.0,0.0,60,1.0,53.09734513274337
9.28,20,9631,138.0,66.0,66.0,770.0,1484.0,335791.6475000001,4.338691796008869,0.45,45.25862068965518
9.0,1,60,60.0,60.0,60.0,60.0,60.0,0.0,60,1.0,6.666666666666667
6.71,18,7514,117.5,66.0,66.0,539.0,1474.0,272696.3580246914,1.0688325991189427,0.5,62.59314456035768
4.65,1,60,60.0,60.0,60.0,60.0,60.0,0.0,60,1.0,12.903225806451614
4.27,34,14190,120.0,66.0,66.0,575.0,1484.0,281233.40484429064,1.6718132178497458,0.47058823529411764,168.61826697892275
5.86,22,10371,138.0,66.0,66.0,631.0,1484.0,327244.2417355372,4.232593340060545,0.45454545454545453,81.91126279863481
6.45,3,180,60.0,60.0,60.0,60.0,60.0,0.0,180,1.0,27.906976744186046
7.01,18,7514,117.5,66.0,66.0,539.0,1474.0,272696.35802469135,1.0688325991189427,0.5,59.91440798858773
8.75,1,60,60.0,60.0,60.0,60.0,60.0,0.0,60,1.0,6.857142857142857
0.9,14,4351,76.0,66.0,66.0,367.0,829.4000000000003,165968.88265306124,0.27036496350364964,0.5714285714285714,399.99999999999994
1.7,1,60,60.0,60.0,60.0,60.0,60.0,0.0,60,1.0,35.294117647058826
3.5,18,7514,117.5,66.0,66.0,539.0,1474.0,272696.3580246914,1.0688325991189427,0.5,120.0
9.14,22,9725,104.5,66.0,66.0,571.0,1484.0,317206.5888429752,4.2005347593582885,0.5,59.08096280087527
4.55,1,60,60.0,60.0,60.0,60.0,60.0,0.0,60,1.0,13.186813186813186
6.21,13,4285,78.0,66.0,66.0,407.0,864.6000000000003,173771.92899408282,0.2510948905109489,0.5384615384615384,48.309178743961354
5.23,1,60,60.0,60.0,60.0,60.0,60.0,0.0,60,1.0,11.47227533460803
0.62,17,7448,157.0,66.0,66.0,583.0,1474.0,281044.4567474048,1.050660792951542,0.47058823529411764,580.6451612903226
7.39,1,60,60.0,60.0,60.0,60.0,60.0,0.0,60,1.0,8.119079837618404
8.93,12,4219,117.5,66.0,66.0,451.0,899.8000000000002,181979.2430555556,0.23182481751824818,0.5,26.87569988801792
0.91,19,7165,135.0,66.0,66.0,442.0,1484.0,252613.9889196676,2.971729490022173,0.47368421052631576,461.53846153846155
7.79,1,60,60.0,60.0,60.0,60.0,60.0,0.0,60,1.0,7.702182284980744
8.38,1,60,60.0,60.0,60.0,60.0,60.0,0.0,60,1.0,7.159904534606204
6.11,34,13254,78.0,66.0,66.0,583.0,1474.0,246171.38062283737,1.250636780438105,0.5294117647058824,108.01963993453354
7.72,1,60,60.0,60.0,60.0,60.0,60.0,0.0,60,1.0,7.772020725388602
2.47,19,8014,84.0,66.0,66.0,439.5,1514.0,309863.53462603875,4.289768976897689,0.5263157894736842,170.0404858299595
1.04,3,230,78.0,74.8,76.0,78.0,78.0,3.555555555555556,0.47435897435897434,1.0,0.0
3.93,11,4133,157.0,66.0,66.0,495.0,935.0,191545.10743801657,0.23483716761278758,0.45454545454545453,76.33587786259541
8.18,1,60,60.0,60.0,60.0,60.0,60.0,0.0,60,1.0,7.334963325183374
7.79,18,7514,117.5,66.0,66.0,539.0,1474.0,272696.3580246914,1.0688325991189427,0.5,53.91527599486521
1.88,1,60,60.0,60.0,60.0,60.0,60.0,0.0,60,1.0,31.914893617021278
7.55,34,14206,128.0,66.0,66.0,575.0,1484.0,280946.7335640139,1.6748258331764263,0.47058823529411764,95.36423841059603
7.23,2,120,60.0,60.0,60.0,60.0,60.0,0.0,120,1.0,16.59751037344398
7.36,18,7514,117.5,66.0,66.0,539.0,1474.0,272696.3580246914,1.0688325991189427,0.5,57.065217391304344
1.59,1,60,60.0,60.0,60.0,60.0,60.0,0.0,60,1.0,37.73584905660377
6.93,12,4219,117.5,66.0,66.0,451.0,899.8000000000002,181979.2430555556,0.23182481751824818,0.5,34.63203463203463
7.12,1,60,60.0,60.0,60.0,60.0,60.0,0.0,60,1.0,8.426966292134832
8.41,18,7514,117.5,66.0,66.0,539.0,1474.0,272696.3580246914,1.0688325991189427,0.5,49.940546967895365
1.9,1,60,60.0,60.0,60.0,60.0,60.0,0.0,60,1.0,31.57894736842106
5.31,725,704299,1468.0,66.0,78.0,1468.0,1468.0,444885.383731748,36.33165482879254,0.3489655172413793,1740.1129943502826
4.95,417,460764,1468.0,66.0,66.0,1468.0,1468.0,377110.81041353964,64.09805029669398,0.2589928057553957,1272.7272727272727
7.24,210,212242,1514.0,66.0,66.0,1514.0,1514.0,465344.79038548755,39.713984270093995,0.32857142857142857,513.8121546961326
4.06,57,46288,935.0,66.0,66.0,1514.0,1514.0,492036.4161280394,9.484258210645526,0.42105263157894735,280.7881773399015
4.62,100,76641,304.0,66.0,66.75,1514.0,1514.0,501794.48189999996,17.339554917444364,0.47,324.6753246753247
3.45,45,44963,1514.0,66.0,66.0,1514.0,1514.0,480388.50172839506,44.41717171717172,0.35555555555555557,260.8695652173913
7.16,62,52002,1514.0,66.0,66.0,1514.0,1514.0,518883.64308012475,26.169278996865202,0.46774193548387094,150.83798882681563
1.27,20,20144,1514.0,66.0,66.0,1514.0,1514.0,477000.16,42.6017316017316,0.35,330.70866141732284
1.58,38,38708,1514.0,66.0,66.0,1514.0,1514.0,471903.6011080333,44.11421911421911,0.34210526315789475,493.67088607594934
7.95,75,73007,1514.0,66.0,66.0,1514.0,1514.0,490511.3646222222,39.96913580246913,0.37333333333333335,203.77358490566036
0.89,35,40006,1514.0,66.0,796.0,1514.0,1514.0,397577.45632653066,61.31464174454829,0.2571428571428571,337.07865168539325
1.62,17,15602,1514.0,66.0,66.0,1514.0,1514.0,507852.17993079574,32.77056277056277,0.4117647058823529,259.25925925925924
1.7,16,14136,1514.0,66.0,78.0,1514.0,1514.0,511125.75,26.71764705882353,0.4375,105.88235294117648
6.67,91,77564,1474.0,66.0,66.0,1514.0,1514.0,496863.34887090913,12.970461095100864,0.4065934065934066,260.8695652173913
2.66,72,64349,1514.0,66.0,78.0,1514.0,1514.0,508847.38869598776,28.14356884057971,0.4305555555555556,248.12030075187968
1.34,42,46236,1514.0,66.0,78.0,1514.0,1514.0,426723.2653061225,55.661764705882355,0.2857142857142857,447.76119402985074
0.6,28,22198,796.0,66.0,75.0,1514.0,1514.0,520171.8112244898,28.836021505376344,0.5,700.0
6.76,284,258108,1514.0,66.0,66.0,1514.0,1514.0,507810.1827018449,31.93874425727412,0.41901408450704225,727.810650887574
5.35,156,138092,1514.0,66.0,66.0,1514.0,1514.0,511693.8297172913,27.80517313308302,0.4358974358974359,459.81308411214957
2.99,51,45466,1514.0,66.0,72.0,1514.0,1514.0,510834.7989234909,28.144871794871793,0.43137254901960786,260.8695652173913
1.27,30,28116,1514.0,66.0,78.0,1514.0,1514.0,499061.76,31.541666666666668,0.4,283.46456692913387
3.23,1,66,66.0,66.0,66.0,66.0,66.0,0.0,0.0,1.0,18.575851393188856
1.04,22,18877,1514.0,66.0,66.0,1514.0,1514.0,516546.2252066115,28.357698289269052,0.4090909090909091,519.2307692307693
4.04,13,4285,78.0,66.0,66.0,407.0,864.6000000000003,173771.92899408282,0.2510948905109489,0.5384615384615384,74.25742574257426
0.93,1,60,60.0,60.0,60.0,60.0,60.0,0.0,60,1.0,64.51612903225806
2.52,2,133,66.5,66.1,66.25,66.75,66.9,0.25,1.0151515151515151,1.0,23.809523809523807
9.77,18,7514,117.5,66.0,66.0,539.0,1474.0,272696.35802469135,1.0319091400757165,0.5,42.988741044012286
9.95,1,60,60.0,60.0,60.0,60.0,60.0,0.0,60,1.0,6.030150753768845
5.61,173,165417,1484.0,66.0,66.0,1484.0,1484.0,460041.4458886028,31.396592244418333,0.3468208092485549,620.3208556149733
0.36,1,60,60.0,60.0,60.0,60.0,60.0,0.0,60,1.0,166.66666666666666
4.02,12,4219,117.5,66.0,66.0,451.0,899.8000000000002,181979.2430555556,0.23182481751824818,0.5,59.70149253731344
0.01,1,60,60.0,60.0,60.0,60.0,60.0,0.0,60,1.0,6000.0
4.48,17,7448,157.0,66.0,66.0,583.0,1474.0,281044.4567474048,1.050660792951542,0.47058823529411764,80.35714285714285
1.21,1,60,60.0,60.0,60.0,60.0,60.0,0.0,60,1.0,49.586776859504134
3.7,13,4285,78.0,66.0,66.0,407.0,864.6000000000003,173771.92899408282,0.2510948905109489,0.5384615384615384,81.08108108108108
9.8,1,60,60.0,60.0,60.0,60.0,60.0,0.0,60,1.0,6.1224489795918355
8.86,18,7514,117.5,66.0,66.0,539.0,1474.0,272696.3580246914,1.0688325991189427,0.5,47.40406320541761
0.74,1,60,60.0,60.0,60.0,60.0,60.0,0.0,60,1.0,81.08108108108108
0.5,14,4351,76.0,66.0,66.0,367.0,829.4000000000003,165968.8826530612,0.27036496350364964,0.5714285714285714,720.0
1.97,15,5047,157.0,66.0,66.0,343.0,1033.5999999999997,207940.2488888889,2.9276264591439687,0.4666666666666667,152.28426395939087
7.88,44,33079,474.5,66.0,66.0,1464.0,1464.0,470370.3445247934,18.33313851548802,0.4772727272727273,159.89847715736042
0.82,1,60,60.0,60.0,60.0,60.0,60.0,0.0,60,1.0,73.17073170731707
0.2,18,7514,117.5,66.0,66.0,539.0,1474.0,272696.3580246914,1.0688325991189427,0.5,2100.0
9.92,1,60,60.0,60.0,60.0,60.0,60.0,0.0,60,1.0,6.048387096774194
4.77,12,4219,117.5,66.0,66.0,451.0,899.8000000000002,181979.2430555556,0.23182481751824818,0.5,50.31446540880504
5.46,1,60,60.0,60.0,60.0,60.0,60.0,0.0,60,1.0,10.989010989010989
0.62,17,7107,78.0,66.0,66.0,583.0,1474.0,288730.52595155715,0.99298934380258,0.5294117647058824,677.4193548387096
2.17,2,473,236.5,100.1,151.25,321.75,372.9,29070.25,6.166666666666667,0.5,27.649769585253456
0.34,1,60,60.0,60.0,60.0,60.0,60.0,0.0,60,1.0,176.47058823529412
2.35,13,4285,78.0,66.0,66.0,407.0,864.6000000000003,173771.92899408282,0.2510948905109489,0.5384615384615384,127.6595744680851
8.29,1,60,60.0,60.0,60.0,60.0,60.0,0.0,60,1.0,7.237635705669482
0.82,18,7514,117.5,66.0,66.0,539.0,1474.0,272696.3580246914,1.0688325991189427,0.5,512.1951219512196
6.87,1,60,60.0,60.0,60.0,60.0,60.0,0.0,60,1.0,8.73362445414847
0.6,12,4219,117.5,66.0,66.0,451.0,899.8000000000002,181979.2430555556,0.23182481751824818,0.5,400.0
1.84,1,60,60.0,60.0,60.0,60.0,60.0,0.0,60,1.0,32.608695652173914
1.81,17,7448,157.0,66.0,66.0,583.0,1474.0,281044.4567474048,1.050660792951542,0.47058823529411764,198.8950276243094
9.99,1,60,60.0,60.0,60.0,60.0,60.0,0.0,60,1.0,6.006006006006006
8.65,12,4219,117.5,66.0,66.0,451.0,899.8000000000002,181979.2430555556,0.23182481751824818,0.5,27.745664739884393
0.79,1,60,60.0,60.0,60.0,60.0,60.0,0.0,60,1.0,75.94936708860759
8.31,19,7580,78.0,66.0,66.0,495.0,1474.0,264502.4709141275,1.0870044052863437,0.5263157894736842,57.761732851985556
4.16,1,60,60.0,60.0,60.0,60.0,60.0,0.0,60,1.0,14.423076923076923
3.59,19,7405,135.0,66.0,66.0,490.0,1484.0,257565.03601108032,2.7099198396793587,0.47368421052631576,116.99164345403901
4.14,1,60,60.0,60.0,60.0,60.0,60.0,0.0,60,1.0,14.492753623188408
4.11,13,4285,78.0,66.0,66.0,407.0,864.6000000000003,173771.92899408282,0.2510948905109489,0.5384615384615384,72.992700729927
7.4,1,60,60.0,60.0,60.0,60.0,60.0,0.0,60,1.0,8.108108108108109
5.53,18,7514,117.5,66.0,66.0,539.0,1474.0,272696.3580246914,1.0688325991189427,0.5,75.94936708860759
4.95,1,60,60.0,60.0,60.0,60.0,60.0,0.0,60,1.0,12.121212121212121
9.53,13,4279,78.0,66.0,66.0,407.0,864.6000000000003,174017.82248520709,0.24934306569343065,0.5384615384615384,31.479538300104934
9.67,18,7514,117.5,66.0,66.0,539.0,1474.0,272696.3580246914,1.0688325991189427,0.5,43.43329886246122
1.25,1,60,60.0,60.0,60.0,60.0,60.0,0.0,60,1.0,48.0
6.16,12,4219,117.5,66.0,66.0,451.0,899.8000000000002,181979.2430555556,0.23182481751824818,0.5,38.96103896103896
3.78,1,60,60.0,60.0,60.0,60.0,60.0,0.0,60,1.0,15.873015873015873
1.77,18,7514,117.5,66.0,66.0,539.0,1474.0,272696.35802469135,1.0688325991189427,0.5,237.28813559322032
2.22,1,60,60.0,60.0,60.0,60.0,60.0,0.0,60,1.0,27.027027027027025
3.09,13,4285,78.0,66.0,66.0,407.0,864.6000000000003,173771.92899408282,0.2510948905109489,0.5384615384615384,97.0873786407767
5.51,1,60,60.0,60.0,60.0,60.0,60.0,0.0,60,1.0,10.88929219600726
9.66,19,7574,78.0,66.0,66.0,495.0,1474.0,264714.54847645434,1.085352422907489,0.5263157894736842,49.68944099378882
0.26,12,4219,117.5,66.0,66.0,451.0,899.8000000000002,181979.2430555556,0.23182481751824818,0.5,923.0769230769231
5.14,43,15771,74.0,66.0,66.0,363.5,1514.0,271615.1087074094,3.855603448275862,0.5813953488372093,221.78988326848253
5.35,18,7514,117.5,66.0,66.0,539.0,1474.0,272696.3580246914,1.0688325991189427,0.5,78.50467289719627
5.97,1,60,60.0,60.0,60.0,60.0,60.0,0.0,60,1.0,10.050251256281408
0.91,13,4285,78.0,66.0,66.0,407.0,864.6000000000003,173771.92899408282,0.2510948905109489,0.5384615384615384,329.6703296703297
6.59,1,60,60.0,60.0,60.0,60.0,60.0,0.0,60,1.0,9.104704097116844
9.26,31,20484,164.0,66.0,66.0,1474.0,1474.0,436520.6909469304,8.387717690192485,0.45161290322580644,71.27429805615552
9.55,18,7508,117.5,66.0,66.0,539.0,1474.0,272932.5432098766,1.0671806167400881,0.5,43.97905759162303
1.4,1,60,60.0,60.0,60.0,60.0,60.0,0.0,60,1.0,42.85714285714286
8.04,15,4411,74.0,66.0,66.0,327.0,794.1999999999998,158817.66222222225,0.28788321167883213,0.6,52.23880597014926
1.57,17,7448,157.0,66.0,66.0,583.0,1474.0,281044.4567474048,1.050660792951542,0.47058823529411764,229.29936305732483
2.68,1,60,60.0,60.0,60.0,60.0,60.0,0.0,60,1.0,22.388059701492537
9.03,14,4351,76.0,66.0,66.0,367.0,829.4000000000003,165968.8826530612,0.27036496350364964,0.5714285714285714,39.8671096345515
8.81,1,60,60.0,60.0,60.0,60.0,60.0,0.0,60,1.0,6.81044267877412
9.58,19,7574,78.0,66.0,66.0,495.0,1474.0,264714.54847645434,1.085352422907489,0.5263157894736842,50.10438413361169
7.18,12,4219,117.5,66.0,66.0,451.0,899.8000000000002,181979.2430555556,0.23182481751824818,0.5,33.42618384401114
5.23,1,60,60.0,60.0,60.0,60.0,60.0,0.0,60,1.0,11.47227533460803
0.81,18,7514,117.5,66.0,66.0,539.0,1474.0,272696.3580246914,1.0688325991189427,0.5,518.5185185185185
4.37,1,60,60.0,60.0,60.0,60.0,60.0,0.0,60,1.0,13.729977116704806
7.88,13,4285,78.0,66.0,66.0,407.0,864.6000000000003,173771.92899408282,0.2510948905109489,0.5384615384615384,38.07106598984772
0.89,1,60,60.0,60.0,60.0,60.0,60.0,0.0,60,1.0,67.41573033707866
2.99,18,7514,117.5,66.0,66.0,539.0,1474.0,272696.3580246914,1.0688325991189427,0.5,140.46822742474916
3.86,1,60,60.0,60.0,60.0,60.0,60.0,0.0,60,1.0,15.544041450777204
8.12,14,4351,76.0,66.0,66.0,367.0,829.4000000000003,165968.88265306124,0.27036496350364964,0.5714285714285714,44.33497536945813
8.35,1,60,60.0,60.0,60.0,60.0,60.0,0.0,60,1.0,7.185628742514971
3.64,18,7514,117.5,66.0,66.0,539.0,1474.0,272696.35802469135,1.0688325991189427,0.5,115.38461538461539
3.83,1,60,60.0,60.0,60.0,60.0,60.0,0.0,60,1.0,15.665796344647518
3.14,12,4219,117.5,66.0,66.0,451.0,899.8000000000002,181979.2430555556,0.23182481751824818,0.5,76.43312101910827
9.1,1,60,60.0,60.0,60.0,60.0,60.0,0.0,60,1.0,6.593406593406593
3.49,17,7448,157.0,66.0,66.0,583.0,1474.0,281044.4567474048,1.050660792951542,0.47058823529411764,103.15186246418337
8.56,1,60,60.0,60.0,60.0,60.0,60.0,0.0,60,1.0,7.009345794392524
9.15,13,4285,78.0,66.0,66.0,407.0,864.6000000000003,173771.92899408282,0.2510948905109489,0.5384615384615384,32.78688524590164
7.82,1,60,60.0,60.0,60.0,60.0,60.0,0.0,60,1.0,7.672634271099745
1.13,18,7514,117.5,66.0,66.0,539.0,1474.0,272696.35802469135,1.0688325991189427,0.5,371.6814159292036
9.54,1,60,60.0,60.0,60.0,60.0,60.0,0.0,60,1.0,6.28930817610063
6.78,12,4219,117.5,66.0,66.0,451.0,899.8000000000002,181979.2430555556,0.23182481751824818,0.5,35.39823008849557
0.0,1,60,60.0,60.0,60.0,60.0,60.0,0.0,60,1.0,0
1.05,18,7514,117.5,66.0,66.0,539.0,1474.0,272696.3580246914,1.0688325991189427,0.5,399.99999999999994
4.26,1,60,60.0,60.0,60.0,60.0,60.0,0.0,60,1.0,14.084507042253522
8.58,13,4285,78.0,66.0,66.0,407.0,864.6000000000003,173771.92899408282,0.2510948905109489,0.5384615384615384,34.96503496503497
9.24,1,60,60.0,60.0,60.0,60.0,60.0,0.0,60,1.0,6.4935064935064934
0.32,17,7448,157.0,66.0,66.0,583.0,1474.0,281044.4567474048,1.050660792951542,0.47058823529411764,1125.0
5.01,1,60,60.0,60.0,60.0,60.0,60.0,0.0,60,1.0,11.976047904191619
4.36,13,4285,78.0,66.0,66.0,407.0,864.6000000000003,173771.92899408282,0.2510948905109489,0.5384615384615384,68.80733944954127
0.92,15,5760,141.0,66.0,66.0,583.0,1149.1999999999998,227404.26666666666,2.1135135135135137,0.4666666666666667,326.0869565217391
3.01,1,60,60.0,60.0,60.0,60.0,60.0,0.0,60,1.0,19.93355481727575
9.29,1,60,60.0,60.0,60.0,60.0,60.0,0.0,60,1.0,6.458557588805167
9.19,17,7448,157.0,66.0,66.0,583.0,1474.0,281044.4567474048,1.050660792951542,0.47058823529411764,39.17301414581067
2.67,1,60,60.0,60.0,60.0,60.0,60.0,0.0,60,1.0,22.471910112359552
8.66,13,4285,78.0,66.0,66.0,407.0,864.6000000000003,173771.92899408282,0.2510948905109489,0.5384615384615384,34.64203233256351
3.84,1,60,60.0,60.0,60.0,60.0,60.0,0.0,60,1.0,15.625
4.77,18,7514,117.5,66.0,66.0,539.0,1474.0,272696.3580246914,1.0688325991189427,0.5,88.05031446540882
8.85,1,60,60.0,60.0,60.0,60.0,60.0,0.0,60,1.0,6.779661016949153
1.47,13,4660,157.0,66.0,66.0,359.0,1248.8000000000006,233560.86390532542,2.7250199840127896,0.46153846153846156,163.26530612244898
6.7,29,19442,247.0,66.0,66.0,1464.0,1464.0,418171.07015457796,4.17762982689747,0.41379310344827586,89.55223880597015
9.59,4,258,66.0,61.8,64.5,66.0,66.0,6.75,0.9545454545454546,1.0,25.02606882168926
2.09,17,7448,157.0,66.0,66.0,583.0,1474.0,281044.4567474048,1.050660792951542,0.47058823529411764,172.2488038277512
7.85,52,39866,341.0,56.0,56.0,1494.0,1494.0,493527.4186390533,20.433333333333334,0.4230769230769231,160.5095541401274
0.7,1,56,56.0,56.0,56.0,56.0,56.0,0.0,0.0,1.0,85.71428571428572
6.15,12,4219,117.5,66.0,66.0,451.0,899.8000000000002,181979.2430555556,0.23182481751824818,0.5,39.02439024390244
8.93,1,60,60.0,60.0,60.0,60.0,60.0,0.0,60,1.0,6.71892497200448
2.45,18,7514,117.5,66.0,66.0,539.0,1474.0,272696.3580246914,1.0688325991189427,0.5,171.42857142857142
3.69,1,60,60.0,60.0,60.0,60.0,60.0,0.0,60,1.0,16.260162601626018
6.81,12,4219,117.5,66.0,66.0,451.0,899.8000000000002,181979.2430555556,0.23182481751824818,0.5,35.24229074889868
5.13,1,60,60.0,60.0,60.0,60.0,60.0,0.0,60,1.0,11.695906432748538
8.66,39,15548,78.0,66.0,66.0,447.0,1474.0,278346.9401709402,1.9542086262587877,0.5384615384615384,110.85450346420323
0.06,1,60,60.0,60.0,60.0,60.0,60.0,0.0,60,1.0,1000.0
5.33,13,4285,78.0,66.0,66.0,407.0,864.6000000000003,173771.92899408282,0.2510948905109489,0.5384615384615384,56.28517823639775
5.86,1,60,60.0,60.0,60.0,60.0,60.0,0.0,60,1.0,10.238907849829351
2.11,17,7448,157.0,66.0,66.0,583.0,1474.0,281044.4567474048,1.050660792951542,0.47058823529411764,170.61611374407585
3.56,1,60,60.0,60.0,60.0,60.0,60.0,0.0,60,1.0,16.853932584269664
7.43,12,4219,117.5,66.0,66.0,451.0,899.8000000000002,181979.2430555556,0.23182481751824818,0.5,32.30148048452221
1.4,1,60,60.0,60.0,60.0,60.0,60.0,0.0,60,1.0,42.85714285714286
6.63,18,7514,117.5,66.0,66.0,539.0,1474.0,272696.35802469135,1.0688325991189427,0.5,63.34841628959276
8.88,1,60,60.0,60.0,60.0,60.0,60.0,0.0,60,1.0,6.756756756756756
0.02,2,148,74.0,74.0,74.0,74.0,74.0,0.0,1.0,1.0,0.0
1.84,21,9730,84.0,66.0,66.0,535.0,1514.0,353689.6507936508,4.822860562537403,0.5238095238095238,326.0869565217391
6.08,12,4219,117.5,66.0,66.0,451.0,899.8000000000002,181979.2430555556,0.23182481751824818,0.5,39.473684210526315
7.98,1,60,60.0,60.0,60.0,60.0,60.0,0.0,60,1.0,7.518796992481203
6.04,18,7514,117.5,66.0,66.0,539.0,1474.0,272696.3580246914,1.0688325991189427,0.5,69.5364238410596
2.37,1,60,60.0,60.0,60.0,60.0,60.0,0.0,60,1.0,25.31645569620253
2.92,38,15287,76.0,66.0,66.0,503.0,1514.0,279577.52146814397,1.9195951107715814,0.5526315789473685,328.76712328767127
7.87,1,60,60.0,60.0,60.0,60.0,60.0,0.0,60,1.0,7.623888182973316
2.43,18,7514,117.5,66.0,66.0,539.0,1474.0,272696.3580246914,1.0688325991189427,0.5,172.8395061728395
4.21,16,5114,75.0,56.0,59.0,290.0,1024.5,216449.109375,3.4238754325259517,0.5625,114.01425178147268
0.08,1,56,56.0,56.0,56.0,56.0,56.0,0.0,0.0,1.0,750.0
4.68,13,4285,78.0,66.0,66.0,407.0,864.6000000000003,173771.92899408282,0.2510948905109489,0.5384615384615384,64.1025641025641
9.23,1,60,60.0,60.0,60.0,60.0,60.0,0.0,60,1.0,6.5005417118093165
7.47,17,7448,157.0,66.0,66.0,583.0,1474.0,281044.4567474048,1.050660792951542,0.47058823529411764,48.19277108433735
6.74,20,8377,104.5,66.0,66.0,607.0,1484.0,294549.1275,3.3003080082135523,0.5,71.21661721068249
6.53,1,60,60.0,60.0,60.0,60.0,60.0,0.0,60,1.0,9.188361408882082
5.63,1,56,56.0,56.0,56.0,56.0,56.0,0.0,0.0,1.0,10.657193605683837
2.03,27,9143,78.0,66.0,66.0,391.5,1150.6000000000013,210088.3072702332,0.8758719737382027,0.5555555555555556,295.5665024630542
4.84,10,4702,66.0,66.0,66.0,883.0,1514.0,369257.76,16.810606060606062,0.6,74.3801652892562
8.88,1,60,60.0,60.0,60.0,60.0,60.0,0.0,60,1.0,6.756756756756756
8.78,35,12762,80.0,66.0,66.0,364.5,1474.0,242852.29061224486,1.4945269741985927,0.5142857142857142,88.83826879271072
5.72,1,60,60.0,60.0,60.0,60.0,60.0,0.0,60,1.0,10.48951048951049
2.82,14,4367,76.0,66.0,68.0,367.0,829.4000000000003,165417.2091836734,0.248070877393541,0.5714285714285714,85.1063829787234
1.95,24,11288,75.0,66.0,66.0,765.0,1514.0,359258.5555555557,5.15149863760218,0.5416666666666666,369.2307692307692
1.8,2,132,66.0,66.0,66.0,66.0,66.0,0.0,1.0,1.0,66.66666666666666
6.28,1,60,60.0,60.0,60.0,60.0,60.0,0.0,60,1.0,9.554140127388534
0.79,17,7448,157.0,66.0,66.0,583.0,1474.0,281044.4567474048,1.050660792951542,0.47058823529411764,455.69620253164555
6.98,1,60,60.0,60.0,60.0,60.0,60.0,0.0,60,1.0,8.595988538681947
7.78,12,4219,117.5,66.0,66.0,451.0,899.8000000000002,181979.2430555556,0.23182481751824818,0.5,30.848329048843183
2.5,1,60,60.0,60.0,60.0,60.0,60.0,0.0,60,1.0,24.0
7.44,39,12400,74.0,66.0,66.0,298.5,1514.0,223578.15121630498,3.0937603169362826,0.5641025641025641,129.03225806451613
6.9,17,7448,157.0,66.0,66.0,583.0,1474.0,281044.4567474048,1.050660792951542,0.47058823529411764,52.17391304347826
8.14,1,60,60.0,60.0,60.0,60.0,60.0,0.0,60,1.0,7.37100737100737
9.89,14,4351,76.0,66.0,66.0,367.0,829.4000000000003,165968.8826530612,0.27036496350364964,0.5714285714285714,36.400404448938325
2.69,1,60,60.0,60.0,60.0,60.0,60.0,0.0,60,1.0,22.30483271375465
7.93,17,7448,157.0,66.0,66.0,583.0,1474.0,281044.4567474048,1.050660792951542,0.47058823529411764,45.39722572509458
1.95,1,60,60.0,60.0,60.0,60.0,60.0,0.0,60,1.0,30.769230769230766
10.0,15,4411,74.0,66.0,66.0,327.0,794.1999999999998,158817.66222222225,0.28788321167883213,0.6,42.0
6.59,17,7448,157.0,66.0,66.0,583.0,1474.0,281044.4567474048,1.050660792951542,0.47058823529411764,54.628224582701066
1.33,1,60,60.0,60.0,60.0,60.0,60.0,0.0,60,1.0,45.11278195488722
3.5,12,4219,117.5,66.0,66.0,451.0,899.8000000000002,181979.2430555556,0.23182481751824818,0.5,68.57142857142857
1.82,1,60,60.0,60.0,60.0,60.0,60.0,0.0,60,1.0,32.967032967032964
5.44,33,13035,84.0,66.0,66.0,471.0,1474.0,255917.63636363635,1.5483870967741935,0.5151515151515151,132.35294117647058
5.95,1,60,60.0,60.0,60.0,60.0,60.0,0.0,60,1.0,10.084033613445378
6.7,12,4219,117.5,66.0,66.0,451.0,899.8000000000002,181979.2430555556,0.23182481751824818,0.5,35.820895522388064
7.84,1,60,60.0,60.0,60.0,60.0,60.0,0.0,60,1.0,7.653061224489797
6.03,16,5890,107.5,66.0,66.0,591.0,1081.5,221235.734375,2.1296493092454836,0.5,59.70149253731343
1.53,18,7514,117.5,66.0,66.0,539.0,1474.0,272696.35802469135,1.0688325991189427,0.5,274.5098039215686
5.21,1,60,60.0,60.0,60.0,60.0,60.0,0.0,60,1.0,11.516314779270633
1.16,13,4285,78.0,66.0,66.0,407.0,864.6000000000003,173771.92899408282,0.2510948905109489,0.5384615384615384,258.62068965517244
0.03,1,60,60.0,60.0,60.0,60.0,60.0,0.0,60,1.0,2000.0
0.41,18,7514,117.5,66.0,66.0,539.0,1474.0,272696.3580246914,1.0688325991189427,0.5,1024.3902439024391
4.48,1,60,60.0,60.0,60.0,60.0,60.0,0.0,60,1.0,13.392857142857142
1.73,12,4219,117.5,66.0,66.0,451.0,899.8000000000002,181979.2430555556,0.23182481751824818,0.5,138.72832369942196
6.33,1,60,60.0,60.0,60.0,60.0,60.0,0.0,60,1.0,9.47867298578199
2.14,17,7448,157.0,66.0,66.0,583.0,1474.0,281044.4567474048,1.050660792951542,0.47058823529411764,168.22429906542055
3.43,1,60,60.0,60.0,60.0,60.0,60.0,0.0,60,1.0,17.492711370262388
5.6,12,4219,117.5,66.0,66.0,451.0,899.8000000000002,181979.2430555556,0.23182481751824818,0.5,42.85714285714286
7.1,1,60,60.0,60.0,60.0,60.0,60.0,0.0,60,1.0,8.450704225352112
8.75,17,7448,157.0,66.0,66.0,583.0,1474.0,281044.4567474048,1.050660792951542,0.47058823529411764,41.14285714285714
6.52,1,60,60.0,60.0,60.0,60.0,60.0,0.0,60,1.0,9.202453987730062
6.97,13,4285,78.0,66.0,66.0,407.0,864.6000000000003,173771.92899408282,0.2510948905109489,0.5384615384615384,43.0416068866571
0.41,1,60,60.0,60.0,60.0,60.0,60.0,0.0,60,1.0,146.34146341463415
8.32,2685,2199731,1474.0,66.0,66.0,1474.0,1474.0,469627.73075108626,9.793629998184485,0.43947858472998136,5314.903846153847
9.68,2401,1972762,1474.0,66.0,66.0,1474.0,1474.0,477345.08869707736,13.185184652554073,0.45064556434818825,4314.0495867768595
9.97,70,49384,639.0,66.0,66.0,1474.0,1474.0,390898.1355102041,1.4408857255832346,0.42857142857142855,180.54162487462386
2.67,241,175674,583.0,66.0,66.0,1474.0,1474.0,429140.20774435706,0.8605000900204399,0.4066390041493776,1932.5842696629215
9.58,297,246824,935.0,66.0,66.0,1474.0,1474.0,431815.3132220069,3.511332066091534,0.39730639730639733,526.0960334029227
5.44,262,186157,471.0,66.0,66.0,1474.0,1474.0,432241.6769564711,3.5106006639044365,0.4389312977099237,1158.0882352941176
1.67,83,73119,1474.0,66.0,66.0,1474.0,1474.0,482377.90129191475,31.584224598930483,0.40963855421686746,1221.556886227545
7.47,106,79853,495.0,66.0,66.0,1474.0,1474.0,458558.6173905304,5.5744277951589,0.44339622641509435,345.3815261044177
4.63,151,115363,823.0,66.0,70.0,1474.0,1474.0,442861.3178369369,3.2747619224070847,0.4370860927152318,492.4406047516199
7.07,300,229282,871.0,66.0,66.0,1474.0,1474.0,426956.21195555554,2.4696589086286735,0.4066666666666667,984.4413012729844
7.88,77,63456,1474.0,66.0,66.0,1474.0,1474.0,476698.560634171,13.678695350451076,0.44155844155844154,258.88324873096445
3.95,60,40214,186.5,66.0,66.0,1474.0,1506.0,438658.01222222217,5.906062167267732,0.45,349.3670886075949
0.29,3,198,66.0,66.0,66.0,66.0,66.0,0.0,0.5,1.0,620.6896551724138
3.76,1,60,60.0,60.0,60.0,60.0,60.0,0.0,60,1.0,15.957446808510639
3.65,17,7448,157.0,66.0,66.0,583.0,1474.0,281044.4567474048,1.050660792951542,0.47058823529411764,98.63013698630138
9.13,694,565511,959.0,66.0,66.0,1474.0,1474.0,452445.0704287054,5.161928629801144,0.4092219020172911,1794.0854326396495
3.81,21,14871,551.0,60.0,66.0,1474.0,1474.0,430558.02721088444,4.656523392925067,0.47619047619047616,157.48031496062993
4.21,2,120,60.0,60.0,60.0,60.0,60.0,0.0,120,1.0,28.50356294536817
4.04,1,60,60.0,60.0,60.0,60.0,60.0,0.0,60,1.0,14.851485148514852
8.58,85,51792,74.0,66.0,66.0,1514.0,1514.0,457770.5696885813,10.849004804392587,0.5294117647058824,272.72727272727275
3.98,12,4219,117.5,66.0,66.0,451.0,899.8000000000002,181979.2430555556,0.23182481751824818,0.5,60.30150753768845
9.64,1,60,60.0,60.0,60.0,60.0,60.0,0.0,60,1.0,6.224066390041493
0.5,20,14113,399.5,66.0,72.0,1484.0,1484.0,429007.22750000004,6.77147577092511,0.35,600.0
0.2,25,23008,1484.0,66.0,66.0,1484.0,1484.0,476881.4976,37.73400673400673,0.36,2700.0
8.99,2,132,66.0,66.0,66.0,66.0,66.0,0.0,0.0,1.0,13.348164627363737
6.41,1,60,60.0,60.0,60.0,60.0,60.0,0.0,60,1.0,9.360374414976599
6.14,18,7514,117.5,66.0,66.0,539.0,1474.0,272696.3580246914,1.0688325991189427,0.5,68.40390879478828
3.59,36,22214,105.5,66.0,66.0,1514.0,1514.0,460875.33024691354,10.703898840885142,0.5,250.69637883008357
0.1,3,218,74.0,67.6,70.0,76.0,77.2,24.888888888888886,0.5138888888888888,1.0,600.0
1.34,9,4001,247.0,66.0,66.0,583.0,1042.8000000000002,208055.35802469135,0.2194452910697958,0.3333333333333333,134.32835820895522
1.55,1,60,60.0,60.0,60.0,60.0,60.0,0.0,60,1.0,38.70967741935484
6.77,22,8660,79.0,66.0,66.0,371.75,1514.0,292802.0495867768,4.258044930176077,0.5454545454545454,79.76366322008863
9.6,17,7448,157.0,66.0,66.0,583.0,1474.0,281044.4567474048,1.050660792951542,0.47058823529411764,37.5
9.56,1,60,60.0,60.0,60.0,60.0,60.0,0.0,60,1.0,6.276150627615062
6.9,23,6909,78.0,66.0,66.0,375.0,583.0,170606.0642722117,1.219402505621587,0.5652173913043478,69.56521739130434
3.54,29,28556,1464.0,66.0,66.0,1514.0,1514.0,423735.59334126033,52.77777777777778,0.27586206896551724,135.59322033898303
3.46,2,3028,1514.0,1514.0,1514.0,1514.0,1514.0,0.0,3028,0.0,0.0
5.44,1,1514,1514.0,1514.0,1514.0,1514.0,1514.0,0.0,1514,0.0,0.0
0.94,30,7925,76.0,66.0,66.0,220.0,711.0,139935.87222222224,0.9827370527895922,0.5666666666666667,829.7872340425532
7.97,303,314319,1514.0,66.0,66.0,1514.0,1514.0,442326.7376401007,33.415745100186136,0.2871287128712871,602.2584692597239
3.79,1369,1454728,1514.0,66.0,94.0,1514.0,1514.0,441334.53195216425,42.78413844996238,0.310445580715851,2501.3192612137204
6.48,540,603619,1514.0,66.0,78.0,1514.0,1514.0,415762.7446467764,58.58138387128615,0.2722222222222222,1018.5185185185184
6.25,22,10659,138.0,66.0,66.0,776.5,1484.0,331748.70454545453,4.7992383025027205,0.45454545454545453,76.8
5.16,33,24275,571.0,56.0,56.0,1506.0,1506.0,466815.93572084483,10.783980582524272,0.42424242424242425,162.7906976744186
8.44,1,60,60.0,60.0,60.0,60.0,60.0,0.0,60,1.0,7.109004739336493
6.0,16,4471,66.0,56.0,64.5,79.5,1048.5,233292.24609375,3.090576395242452,0.8125,100.0
2.77,15,5232,141.0,66.0,66.0,351.0,1123.5999999999997,219750.2933333333,2.217712177121771,0.4666666666666667,108.30324909747291
2.55,25,8488,78.0,66.0,66.0,295.0,887.0,192255.28960000002,1.056201550387597,0.56,258.82352941176475
0.85,1,60,60.0,60.0,60.0,60.0,60.0,0.0,60,1.0,70.58823529411765
6.9,1,60,60.0,60.0,60.0,60.0,60.0,0.0,60,1.0,8.695652173913043
1.1,22,8676,79.0,66.0,66.0,371.75,1514.0,292972.2314049585,4.217077570655442,0.5454545454545454,490.90909090909093
7.02,37,13077,74.0,66.0,66.0,376.0,1514.0,244951.65084002918,3.3794373744139317,0.5675675675675675,128.2051282051282
5.98,47,37141,631.0,66.0,66.0,1484.0,1484.0,472678.2218198281,13.89214113873296,0.40425531914893614,160.5351170568562
5.88,22,7886,74.0,66.0,66.0,340.0,1466.500000000001,258445.79338842974,3.788099574984821,0.5909090909090909,102.0408163265306
0.29,12,4464,107.5,66.0,66.0,307.75,1393.9000000000003,266620.1666666667,2.926121372031662,0.5,827.5862068965519
6.24,121,120314,1484.0,66.0,66.0,1484.0,1484.0,447321.0312137149,34.733293733293735,0.33884297520661155,394.23076923076917
5.07,1,60,60.0,60.0,60.0,60.0,60.0,0.0,60,1.0,11.834319526627219
0.76,23,11573,141.0,66.0,66.0,1033.5,1484.0,357212.05671077507,5.242179072276159,0.43478260869565216,631.578947368421
2.36,5,1449,135.0,66.0,66.0,583.0,592.6,61141.36000000001,1.2326656394453004,0.4,50.847457627118644
8.12,1,60,60.0,60.0,60.0,60.0,60.0,0.0,60,1.0,7.389162561576355
8.69,39,23542,74.0,66.0,66.0,1514.0,1514.0,451905.4608809993,9.813964170877354,0.5384615384615384,124.28078250863062
5.77,309,301453,1464.0,66.0,66.0,1464.0,1464.0,437896.94324525306,36.79027203209227,0.3333333333333333,831.8890814558059
1.42,3,198,66.0,66.0,66.0,66.0,66.0,0.0,0.5,1.0,126.7605633802817
3.85,21,7170,74.0,66.0,66.0,376.0,1514.0,244195.48299319728,3.5351043643263758,0.5714285714285714,140.25974025974025
5.15,23,8806,74.0,66.0,66.0,367.5,1514.0,285661.8525519849,3.9113218070273286,0.5652173913043478,116.50485436893203
4.62,8991,9052732,1514.0,66.0,66.0,1514.0,1514.0,474479.8484598367,39.77164411016281,0.3499054610165721,33155.844155844155
1.86,2,120,60.0,60.0,60.0,60.0,60.0,0.0,120,1.0,64.51612903225806
5.61,16,5826,87.0,66.0,66.0,523.0,1116.5,228108.234375,2.0186528497409326,0.5,64.1711229946524
1.06,1,60,60.0,60.0,60.0,60.0,60.0,0.0,60,1.0,56.60377358490566
7.9,23,8790,74.0,66.0,66.0,367.5,1514.0,285394.056710775,3.9465391108610017,0.5652173913043478,75.94936708860759
5.22,169,159916,1484.0,66.0,66.0,1484.0,1484.0,461403.06249781174,29.37917933130699,0.34911242603550297,655.1724137931035
1.43,1,60,60.0,60.0,60.0,60.0,60.0,0.0,60,1.0,41.95804195804196
1.81,47,37173,663.0,66.0,66.0,1484.0,1484.0,472482.71616115904,13.716152019002376,0.40425531914893614,530.3867403314916
1.78,1,60,60.0,60.0,60.0,60.0,60.0,0.0,60,1.0,33.70786516853933
2.3,23,8806,74.0,66.0,66.0,367.5,1514.0,285661.8525519849,3.9113218070273286,0.5652173913043478,260.8695652173913
3.4,15,5075,220.0,56.0,66.0,283.0,1009.5999999999996,213356.22222222234,3.1530278232405893,0.4,88.23529411764706
6.09,1,60,60.0,60.0,60.0,60.0,60.0,0.0,60,1.0,9.852216748768473
3.58,1114,968693,1514.0,66.0,66.0,1514.0,1514.0,510690.9516170882,26.23495838956365,0.4398563734290844,6050.2793296089385
9.27,7336,7731546,1514.0,66.0,66.0,1514.0,1514.0,449912.067237397,48.261518072749745,0.3136586695747001,13119.741100323625
7.56,35,13130,157.0,56.0,66.0,577.0,1118.400000000001,198146.00816326533,1.6155378486055776,0.45714285714285713,87.3015873015873
6.1,3,180,60.0,60.0,60.0,60.0,60.0,0.0,180,1.0,29.508196721311478
9.19,55,37817,84.0,66.0,66.0,1514.0,1514.0,479291.4433057852,10.862296110414052,0.509090909090909,163.2208922742111
7.57,1,60,60.0,60.0,60.0,60.0,60.0,0.0,60,1.0,7.926023778071333
6.55,54,37751,120.5,66.0,66.0,1514.0,1514.0,480879.8247599452,11.091928251121077,0.5,219.84732824427482
7.35,1,60,60.0,60.0,60.0,60.0,60.0,0.0,60,1.0,8.16326530612245
4.84,24,10648,79.0,66.0,66.0,585.0,1514.0,327811.8888888888,5.102005730659026,0.5416666666666666,123.96694214876034
7.51,16,5187,79.0,66.0,66.0,327.25,984.5,216910.65234375,2.5357873210633946,0.5625,47.93608521970705
1.14,14,5017,79.0,66.0,66.0,419.25,1234.700000000001,247849.8010204082,2.0892857142857144,0.5714285714285714,263.15789473684214
7.08,79,60135,66.0,66.0,66.0,1514.0,1514.0,519859.5286011857,21.891130567186906,0.5063291139240507,338.9830508474576
1.21,15,5484,84.0,66.0,70.0,471.0,1141.5999999999997,231404.37333333344,1.6378066378066378,0.5333333333333333,198.34710743801654
1.84,842,683008,1514.0,66.0,66.0,1514.0,1514.0,519229.9129264673,23.169574294914895,0.4821852731591449,9228.260869565216
7.81,1563,1366768,1514.0,66.0,66.0,1514.0,1514.0,510959.8023691664,26.00268689742374,0.43570057581573896,3449.423815620999
7.72,33,21156,144.0,66.0,66.0,1484.0,1484.0,429755.41597796144,8.75830258302583,0.45454545454545453,101.03626943005183
0.53,1,60,60.0,60.0,60.0,60.0,60.0,0.0,60,1.0,113.20754716981132
4.38,240,301839,1514.0,56.0,1514.0,1514.0,1514.0,298007.5902604168,69.14617708575412,0.14166666666666666,465.75342465753425
0.91,257,191216,82.0,66.0,66.0,1514.0,1514.0,515167.6254901664,19.166209660409198,0.5291828793774319,6065.934065934066
3.6,117,114882,1514.0,56.0,66.0,1514.0,1514.0,487842.6561472715,44.551942902458364,0.358974358974359,700.0
8.22,1,60,60.0,60.0,60.0,60.0,60.0,0.0,60,1.0,7.2992700729927
1.9,2,122,61.0,57.0,58.5,63.5,65.0,25.0,1.1785714285714286,1.0,63.15789473684212
1.96,2,116,58.0,56.4,57.0,59.0,59.6,4.0,1.0714285714285714,1.0,61.22448979591837
3.08,31,24665,823.0,66.0,66.0,1514.0,1514.0,462322.680541103,9.991532976827095,0.3870967741935484,175.32467532467533
4.71,1,60,60.0,60.0,60.0,60.0,60.0,0.0,60,1.0,12.738853503184714
7.26,26,10892,74.0,66.0,66.0,507.25,1514.0,315583.1479289941,4.753829899630216,0.5769230769230769,99.17355371900827
1.65,23,9462,74.0,66.0,66.0,439.5,1514.0,305758.7599243857,4.523642732049037,0.5652173913043478,363.6363636363636
1.54,11,4694,145.0,56.0,63.0,503.5,1504.0,288442.56198347104,2.3409252669039144,0.45454545454545453,194.8051948051948
8.36,71,60778,1484.0,56.0,66.0,1514.0,1514.0,490263.3513191827,19.23909423909424,0.36619718309859156,172.2488038277512
1.86,1,60,60.0,60.0,60.0,60.0,60.0,0.0,60,1.0,32.25806451612903
7.64,22,7348,74.0,66.0,66.0,340.0,1419.300000000002,237901.0909090909,3.1350590883511535,0.5909090909090909,78.53403141361257
0.36,3,172,56.0,56.0,56.0,58.0,59.2,3.5555555555555554,0.5357142857142857,1.0,500.0
1.08,11,4678,145.0,56.0,63.0,495.5,1504.0,287904.3801652893,2.3678905687544995,0.45454545454545453,277.77777777777777
4.84,46,43628,1514.0,56.0,56.0,1514.0,1514.0,498137.2457466918,44.3042575285566,0.34782608695652173,198.34710743801654
5.81,29,20188,216.0,66.0,66.0,1484.0,1484.0,439603.4292508918,8.269054178145087,0.41379310344827586,103.27022375215147
1.1,1,60,60.0,60.0,60.0,60.0,60.0,0.0,60,1.0,54.54545454545455
6.48,17,7060,141.0,66.0,66.0,503.0,1484.0,271739.97231833916,3.138335287221571,0.47058823529411764,55.55555555555555
0.07,1,60,60.0,60.0,60.0,60.0,60.0,0.0,60,1.0,857.1428571428571
0.17,7,3702,84.0,70.8,74.0,945.0,1514.0,398614.69387755095,6.174418604651163,0.5714285714285714,352.94117647058823
8.62,47,33582,157.0,66.0,66.0,1514.0,1514.0,492224.292440018,15.325717063684978,0.48936170212765956,160.09280742459396
6.88,31,20608,144.0,66.0,66.0,1484.0,1484.0,443100.56191467226,8.183600713012478,0.41935483870967744,95.93023255813954
1.39,1,60,60.0,60.0,60.0,60.0,60.0,0.0,60,1.0,43.16546762589928
7.42,14,6058,97.5,56.0,61.0,607.0,1383.9000000000005,279697.4897959183,1.8738140417457305,0.5,56.60377358490566
9.42,1,60,60.0,60.0,60.0,60.0,60.0,0.0,60,1.0,6.369426751592357
9.71,32,21708,180.0,66.0,66.0,1484.0,1484.0,442303.109375,9.031423290203326,0.4375,74.15036045314108
9.65,39,14633,74.0,66.0,66.0,376.0,1514.0,267781.0861275478,3.7945609436435124,0.5641025641025641,99.48186528497409
3.03,95,70537,129.0,56.0,56.0,1514.0,1514.0,516846.48155124666,18.4853591160221,0.4842105263157895,910.8910891089109
9.95,35,24823,216.0,66.0,66.0,1514.0,1514.0,464311.2620408163,9.386192468619248,0.45714285714285713,78.39195979899498
8.41,8,1301,74.0,66.0,66.0,163.5,336.5999999999999,28196.984375,0.3989247311827957,0.625,21.40309155766944
3.68,2,126,63.0,60.6,61.5,64.5,65.4,9.0,0.9090909090909091,1.0,32.608695652173914
9.32,1,56,56.0,56.0,56.0,56.0,56.0,0.0,0.0,1.0,6.437768240343347
7.78,1,1272,1272.0,1272.0,1272.0,1272.0,1272.0,0.0,0.0,0.0,0.0
6.66,22,8308,74.0,66.0,66.0,340.0,1509.7,292927.86776859505,3.8956982911019447,0.5909090909090909,90.09009009009009
0.78,28,20330,399.5,66.0,66.0,1484.0,1484.0,449584.70918367343,9.175175175175175,0.39285714285714285,615.3846153846154
3.5,3,198,66.0,66.0,66.0,66.0,66.0,0.0,0.0,1.0,51.42857142857143
5.72,1,60,60.0,60.0,60.0,60.0,60.0,0.0,60,1.0,10.48951048951049
9.71,1201,1226845,1484.0,66.0,66.0,1484.0,1484.0,439005.65677783085,43.78844188084112,0.3222314737718568,2144.181256436663
8.44,1,60,60.0,60.0,60.0,60.0,60.0,0.0,60,1.0,7.109004739336493
0.18,12,5416,166.5,56.0,63.5,603.0,1427.1000000000004,271161.55555555556,2.17096018735363,0.4166666666666667,1666.6666666666667
2.77,1,60,60.0,60.0,60.0,60.0,60.0,0.0,60,1.0,21.660649819494584
5.99,55,26974,204.0,56.0,60.0,571.0,1514.0,336366.9732231405,0.3684050324675325,0.43636363636363634,240.4006677796327
0.71,8,5181,343.0,58.8,60.0,1346.75,1514.0,396514.234375,0.3742705570291777,0.375,253.5211267605634
7.56,6,344,56.0,56.0,56.0,59.0,60.0,3.555555555555556,0.5357142857142857,1.0,47.61904761904762
9.75,199,198238,1514.0,56.0,66.0,1514.0,1514.0,445591.26729123003,2.4210816967521485,0.271356783919598,326.15384615384613
7.44,1804,1996850,1514.0,56.0,247.0,1514.0,1514.0,402568.3195325982,4.081224267531159,0.23392461197339245,3290.322580645161
9.76,384,361418,1514.0,57.20000000000002,74.0,1514.0,1514.0,476089.0566134982,3.2697587600122864,0.3385416666666667,540.9836065573771
6.23,10,7370,539.0,59.6,60.0,1514.0,1514.0,437354.4,0.13262640233594591,0.4,38.523274478330656
9.19,1,60,60.0,60.0,60.0,60.0,60.0,0.0,60,1.0,6.528835690968445
0.24,15,8064,204.0,56.0,63.0,1039.5,1514.0,366849.7066666666,0.8294010889292196,0.4,1500.0
0.58,15,12579,959.0,60.0,60.0,1514.0,1514.0,446500.37333333335,0.8395729745539632,0.3333333333333333,517.2413793103449
7.08,340,353742,1514.0,59.599999999999994,66.0,1514.0,1514.0,428423.5314532872,1.8586136117531071,0.25588235294117645,737.2881355932203
6.37,1030,1092540,1514.0,65.40000000000003,82.0,1514.0,1514.0,437943.9576208879,15.946486738017683,0.283495145631068,1912.087912087912
9.96,3,172,56.0,56.0,56.0,58.0,59.2,3.5555555555555554,0.5357142857142857,1.0,18.072289156626503
0.19,16,8124,166.5,56.0,60.0,805.25,1514.0,357286.9375,0.8430127041742287,0.4375,2210.5263157894738
5.5,219,209639,1514.0,60.0,60.0,1514.0,1514.0,477686.318175184,0.16249112767278856,0.3424657534246575,818.1818181818182
5.61,1,60,60.0,60.0,60.0,60.0,60.0,0.0,60,1.0,10.695187165775401
8.7,915,860645,1484.0,66.0,90.0,1484.0,1484.0,466210.5053360805,28.340503869362152,0.3814207650273224,1089.6551724137933
9.06,2305,2268174,1484.0,66.0,66.0,1484.0,1484.0,458243.22201081313,40.84900090407572,0.3501084598698482,5324.503311258279
9.23,3,192,66.0,61.2,63.0,66.0,66.0,8.0,1.9090909090909092,1.0,19.50162513542795
5.05,53,31498,151.0,56.0,66.0,1474.0,1474.0,418580.2862228552,4.240059890201298,0.4528301886792453,249.5049504950495
8.8,1,60,60.0,60.0,60.0,60.0,60.0,0.0,60,1.0,6.818181818181818
2.38,16,5035,75.0,56.0,56.0,269.75,1000.5,215550.96484375,3.2489451476793247,0.5625,201.68067226890759
4.4,33,10347,88.0,56.0,56.0,255.0,1322.2000000000007,211413.88429752065,3.127243717590746,0.5454545454545454,218.1818181818182
3.55,1,56,56.0,56.0,56.0,56.0,56.0,0.0,0.0,1.0,16.901408450704224
9.0,23,8774,74.0,66.0,66.0,367.5,1514.0,285147.5538752363,3.982396365701306,0.5652173913043478,66.66666666666667
2.03,15,4979,88.0,56.0,58.0,311.5,1099.1999999999996,225162.32888888885,3.4100974313551817,0.5333333333333333,206.89655172413794
5.32,17,5218,62.0,56.0,56.0,255.0,921.0000000000003,208024.5259515571,3.0893416927899686,0.5882352941176471,101.50375939849623
2.79,1,56,56.0,56.0,56.0,56.0,56.0,0.0,0.0,1.0,21.50537634408602
2.65,29,18892,173.0,66.0,66.0,1484.0,1484.0,437319.55766944104,8.58984771573604,0.41379310344827586,226.41509433962264
0.12,1,60,60.0,60.0,60.0,60.0,60.0,0.0,60,1.0,500.0
5.44,52,37376,354.0,56.0,56.0,1454.0,1454.0,450418.48520710063,11.946311049532387,0.4230769230769231,242.6470588235294
4.88,1,56,56.0,56.0,56.0,56.0,56.0,0.0,0.0,1.0,12.295081967213116
8.9,25,6538,66.0,56.0,60.0,219.0,571.0,159764.56960000002,0.22365712146734046,0.6,101.12359550561797
0.56,2,116,58.0,56.4,57.0,59.0,59.6,4.0,1.0714285714285714,1.0,214.28571428571428
0.97,47,37069,1003.0,56.0,56.0,1454.0,1454.0,449265.1878678135,12.729259259259258,0.3829787234042553,1113.4020618556701
6.88,5,355,60.0,56.0,56.0,60.0,97.80000000000001,679.2,0.5106382978723404,0.8,34.883720930232556
2.17,21,7250,74.0,66.0,66.0,376.0,1514.0,245204.75283446716,3.2772861356932155,0.5714285714285714,248.8479262672811
7.69,25,15252,144.0,66.0,66.0,1484.0,1484.0,400683.6735999999,6.332692307692308,0.44,70.22106631989597
4.37,1,60,60.0,60.0,60.0,60.0,60.0,0.0,60,1.0,13.729977116704806
9.85,23,8806,74.0,66.0,66.0,367.5,1514.0,285661.8525519849,3.9113218070273286,0.5652173913043478,60.91370558375635
9.08,33,22845,220.0,56.0,56.0,1494.0,1494.0,475415.1680440771,13.032555282555283,0.45454545454545453,92.51101321585902
5.17,224,214412,1514.0,56.0,66.0,1514.0,1514.0,491934.3274872449,34.896869244935544,0.36607142857142855,916.8278529980657
5.33,17,5525,74.0,66.0,66.0,376.0,974.6000000000004,212604.11764705883,2.680879413724184,0.5882352941176471,78.79924953095684
4.74,22,7652,74.0,66.0,66.0,340.0,1442.5000000000016,245941.42148760337,3.467016929363689,0.5909090909090909,126.58227848101265
3.54,1472,1687553,1474.0,56.0,1377.0,1474.0,1474.0,336243.56784571044,14.32829218667684,0.18070652173913043,4372.881355932203
2.54,6,360,60.0,60.0,60.0,60.0,60.0,0.0,360,1.0,141.73228346456693
2.54,125,67729,219.0,56.0,60.0,1398.0,1398.0,314165.11577600014,1.350232493580401,0.432,1133.8582677165355
4.14,4,240,60.0,60.0,60.0,60.0,60.0,0.0,240,1.0,57.97101449275363
9.88,46,19190,81.0,66.0,66.0,567.0,1484.0,301982.0567107751,3.871794871794872,0.5217391304347826,109.31174089068824
6.76,1,60,60.0,60.0,60.0,60.0,60.0,0.0,60,1.0,8.875739644970414
2.82,2,120,60.0,60.0,60.0,60.0,60.0,0.0,120,1.0,42.5531914893617
1.89,36,14601,105.5,56.0,56.0,395.0,1494.0,300946.0763888889,4.7326266195524145,0.5,507.93650793650795
4.83,1,56,56.0,56.0,56.0,56.0,56.0,0.0,0.0,1.0,12.422360248447205
3.99,20,8560,117.5,66.0,66.0,415.75,1514.0,310568.0,4.533290239172592,0.5,105.26315789473684
0.12,10,4156,97.5,59.6,61.5,483.0,1456.9,297215.84,0.10797120767795254,0.5,2500.0
5.29,34,35974,1474.0,56.0,189.75,1474.0,1474.0,388568.0553633218,9.703362094614699,0.2647058823529412,102.07939508506615
2.24,1,60,60.0,60.0,60.0,60.0,60.0,0.0,60,1.0,26.785714285714285
2.75,41,24457,219.0,56.0,60.0,1474.0,1474.0,409686.29863176675,3.788917172508322,0.43902439024390244,370.90909090909093
2.75,1,56,56.0,56.0,56.0,56.0,56.0,0.0,0.0,1.0,21.81818181818182
9.17,1,60,60.0,60.0,60.0,60.0,60.0,0.0,60,1.0,6.543075245365322
1.72,536,555637,1494.0,56.0,56.0,1494.0,1494.0,441606.5336899923,54.6750501002004,0.30783582089552236,5720.930232558139
9.87,131,107858,1494.0,56.0,56.0,1494.0,1494.0,513175.294213624,31.100595238095238,0.46564885496183206,370.82066869300917
8.75,32,21224,180.0,66.0,66.0,1484.0,1484.0,432034.6875,8.424511545293074,0.4375,82.28571428571428
0.85,1,60,60.0,60.0,60.0,60.0,60.0,0.0,60,1.0,70.58823529411765
7.05,197,210003,1484.0,66.0,78.0,1484.0,1484.0,408852.1979437759,40.75009940357853,0.27411167512690354,374.468085106383
0.08,1,60,60.0,60.0,60.0,60.0,60.0,0.0,60,1.0,750.0
5.63,24,11139,74.0,66.0,66.0,705.0,1514.0,360871.4427083333,5.318207600680658,0.5833333333333334,117.2291296625222
6.68,14,5366,136.5,56.0,58.5,527.0,1197.500000000001,228535.20408163263,2.3453865336658355,0.42857142857142855,53.89221556886228
4.29,3,182,60.0,56.8,58.0,63.0,64.8,16.88888888888889,2.25,1.0,41.95804195804196
8.45,21,7218,74.0,66.0,66.0,376.0,1514.0,244806.96598639459,3.298987492555092,0.5714285714285714,63.90532544378699
6.79,26,11180,74.0,66.0,66.0,483.25,1514.0,329256.6153846154,5.007522837184309,0.5769230769230769,106.03829160530192
2.67,26,11244,74.0,66.0,66.0,459.25,1514.0,334749.63313609466,5.1476216511755055,0.5769230769230769,269.6629213483146
4.39,37,13877,84.0,66.0,66.0,376.0,1514.0,267110.6457268079,3.752397260273973,0.5405405405405406,191.34396355353078
1.73,40,25099,81.0,66.0,66.0,1514.0,1514.0,450826.79937500006,8.207263389581804,0.525,624.2774566473988
4.3,27,11880,74.0,66.0,66.0,463.5,1514.0,342165.6296296296,5.502463054187192,0.5555555555555556,167.44186046511626
2.9,34,23260,217.5,56.0,61.5,1514.0,1514.0,450724.04498269904,6.995874871089722,0.38235294117647056,268.9655172413793
9.25,1,60,60.0,60.0,60.0,60.0,60.0,0.0,60,1.0,6.486486486486486
3.35,115,72681,507.0,66.0,66.0,1464.0,1464.0,366855.5390548205,1.572505574629243,0.391304347826087,626.8656716417911
0.06,4,1054,194.5,93.30000000000001,134.25,323.75,488.9000000000001,40975.25,0.1750278706800446,0.25,1000.0
1.03,3,827,66.0,66.0,66.0,380.5,569.2,87920.22222222223,11.530303030303031,0.6666666666666666,116.50485436893204
4.19,25,1995,66.0,66.0,66.0,66.0,135.0,761.76,0.4943820224719101,0.8,286.39618138424817
4.89,32,10954,78.0,66.0,66.0,307.75,1460.9000000000012,240502.83984375,2.091730172170477,0.625,147.239263803681
0.95,1,60,60.0,60.0,60.0,60.0,60.0,0.0,60,1.0,63.15789473684212
8.53,16,5228,182.5,56.0,64.5,283.0,896.5,194508.8125,2.975665399239544,0.375,42.20398593200469
9.22,2,122,61.0,57.0,58.5,63.5,65.0,25.0,1.1785714285714286,1.0,13.015184381778742
3.08,14,5866,98.5,56.0,61.5,607.0,1324.9000000000005,263045.0,2.0615866388308977,0.5,116.88311688311688
9.74,1,60,60.0,60.0,60.0,60.0,60.0,0.0,60,1.0,6.160164271047228
3.84,48,27403,204.0,56.0,59.0,1398.0,1398.0,361236.7599826388,6.454570184983678,0.4375,328.125
9.59,461,514917,1484.0,66.0,232.0,1484.0,1484.0,377307.3516970088,53.79589230605512,0.2386117136659436,625.6517205422315
8.96,179,152534,1484.0,66.0,86.0,1484.0,1484.0,478687.35320370784,21.567539576860483,0.41899441340782123,207.5892857142857
5.93,19,5598,74.0,64.8,66.0,343.0,603.1999999999992,174162.9695290859,2.2736842105263158,0.5263157894736842,80.94435075885329
1.47,3,731,66.0,66.0,66.0,332.5,492.40000000000003,63130.8888888889,10.075757575757576,0.6666666666666666,81.63265306122449
6.86,345,393449,1398.0,56.0,1398.0,1398.0,1398.0,271275.65985297214,66.78928325292901,0.17971014492753623,542.2740524781341
5.43,2,120,60.0,60.0,60.0,60.0,60.0,0.0,120,1.0,22.099447513812155
3.78,47,37141,631.0,66.0,66.0,1484.0,1484.0,472678.2218198281,13.89214113873296,0.40425531914893614,253.96825396825398
7.01,1,60,60.0,60.0,60.0,60.0,60.0,0.0,60,1.0,8.559201141226819
4.32,34,24699,399.5,66.0,66.0,1506.0,1506.0,460081.65830449824,9.61865864144454,0.4117647058823529,166.66666666666666
8.52,4007,3699201,1474.0,66.0,66.0,1474.0,1474.0,467321.17827281164,30.740537989617746,0.39081607187422013,7450.704225352113
3.6,2,126,63.0,60.6,61.5,64.5,65.4,9.0,0.9090909090909091,1.0,33.33333333333333
5.65,17,5924,74.0,66.0,66.0,503.0,1045.0000000000002,210874.60207612457,1.921104536489152,0.5294117647058824,74.3362831858407
5.6,14,4937,107.5,66.0,66.0,359.25,1213.700000000001,234932.65816326538,2.1975388601036268,0.5,53.57142857142858
4.53,16,14975,1484.0,66.0,66.0,1484.0,1484.0,458778.80859375,44.378787878787875,0.375,79.47019867549669
8.78,22,9678,79.0,66.0,66.0,483.25,1514.0,334022.7190082644,5.060112711333751,0.5454545454545454,61.50341685649204
8.47,19,7070,84.0,66.0,66.0,387.5,1514.0,261342.93628808862,3.6178967994774656,0.5263157894736842,49.58677685950413
2.27,39,17877,129.0,56.0,62.0,579.0,1494.0,311591.0571992111,3.935670900055218,0.46153846153846156,396.4757709251101
2.84,3,168,56.0,56.0,56.0,56.0,56.0,0.0,0.0,1.0,63.38028169014085
4.82,1,56,56.0,56.0,56.0,56.0,56.0,0.0,0.0,1.0,12.448132780082986
0.38,1,60,60.0,60.0,60.0,60.0,60.0,0.0,60,1.0,157.89473684210526
3.54,2,122,61.0,57.0,58.5,63.5,65.0,25.0,1.1785714285714286,1.0,33.89830508474576
0.01,2,122,61.0,57.0,58.5,63.5,65.0,25.0,1.1785714285714286,1.0,12000.0
5.89,2,116,58.0,56.4,57.0,59.0,59.6,4.0,1.0714285714285714,1.0,20.37351443123939
9.24,48,16207,157.0,66.0,66.0,318.25,1464.0,202799.56206597222,2.2304165836157064,0.4791666666666667,103.8961038961039
3.97,2,120,60.0,60.0,60.0,60.0,60.0,0.0,120,1.0,30.22670025188917
8.06,1,60,60.0,60.0,60.0,60.0,60.0,0.0,60,1.0,7.444168734491315
6.78,577,619767,1484.0,66.0,86.0,1484.0,1484.0,406256.2404656849,46.69639833769432,0.2807625649913345,1035.3982300884954
3.23,1,60,60.0,60.0,60.0,60.0,60.0,0.0,60,1.0,18.575851393188856
5.38,21,7218,74.0,66.0,66.0,376.0,1514.0,244806.96598639459,3.298987492555092,0.5714285714285714,100.37174721189592
3.62,17,7184,267.0,56.0,66.0,699.0,1022.6000000000004,212710.24221453286,1.3129426915647135,0.35294117647058826,99.4475138121547
9.46,1,60,60.0,60.0,60.0,60.0,60.0,0.0,60,1.0,6.342494714587738
8.26,33,24813,544.0,56.0,56.0,1474.0,1474.0,450179.84022038564,6.634769230769231,0.36363636363636365,87.16707021791768
2.24,1,60,60.0,60.0,60.0,60.0,60.0,0.0,60,1.0,26.785714285714285
5.2,13,4451,80.0,66.0,66.0,216.0,1283.000000000001,256681.3136094675,3.1911487758945385,0.5384615384615384,46.15384615384615
5.93,79,29561,74.0,66.0,66.0,211.0,1514.0,316009.72344175604,6.183718104495747,0.6075949367088608,333.89544688026984
9.46,48,37239,615.0,66.0,66.0,1484.0,1484.0,472987.8606770833,13.836254980079682,0.3958333333333333,107.82241014799153
0.07,1,60,60.0,60.0,60.0,60.0,60.0,0.0,60,1.0,857.1428571428571
1.01,16,5103,115.5,66.0,66.0,315.0,926.0,199166.55859375,2.6476054324517513,0.5,356.43564356435644
4.43,1,60,60.0,60.0,60.0,60.0,60.0,0.0,60,1.0,13.544018058690744
7.8,20,8608,117.5,66.0,66.0,427.75,1514.0,311191.04,4.396865203761755,0.5,53.84615384615385
2.82,21,5869,74.0,66.0,66.0,232.0,583.0,181433.86848072565,2.130133333333333,0.6190476190476191,191.48936170212767
4.1,15,5102,88.0,56.0,58.0,341.0,1124.7999999999997,226873.84888888893,3.2946127946127945,0.5333333333333333,102.43902439024392
1.07,1,56,56.0,56.0,56.0,56.0,56.0,0.0,0.0,1.0,56.07476635514019
9.39,31,21296,216.0,66.0,66.0,1484.0,1484.0,434473.5150884496,8.62748643761302,0.41935483870967744,70.28753993610223
6.35,1,60,60.0,60.0,60.0,60.0,60.0,0.0,60,1.0,9.448818897637796
7.85,47,36981,583.0,66.0,66.0,1484.0,1484.0,474295.4603893163,14.844473007712082,0.40425531914893614,122.29299363057325
6.76,1,60,60.0,60.0,60.0,60.0,60.0,0.0,60,1.0,8.875739644970414
7.05,725,860922,1466.0,56.0,1466.0,1466.0,1466.0,309165.9488532699,90.65570105397637,0.1889655172413793,1165.9574468085107
0.04,3,4398,1466.0,1466.0,1466.0,1466.0,1466.0,0.0,4398,0.0,0.0
3.26,292,335079,1466.0,56.0,1466.0,1466.0,1466.0,347310.7695979545,88.04570821153335,0.2226027397260274,1196.319018404908
2.11,16,7172,267.0,56.0,66.0,715.0,1111.5,218835.6875,1.2739378566899175,0.3125,142.18009478672985
8.07,1,60,60.0,60.0,60.0,60.0,60.0,0.0,60,1.0,7.434944237918216
1.25,12,4387,116.5,56.4,61.5,290.0,1384.1000000000004,264669.74305555556,3.2021072796934864,0.5,240.0
4.26,18,14949,1272.5,56.0,56.0,1494.0,1494.0,489074.02777777775,37.13520408163265,0.4444444444444444,112.67605633802818
8.46,1,56,56.0,56.0,56.0,56.0,56.0,0.0,0.0,1.0,7.092198581560283
8.34,19,7357,135.0,66.0,66.0,482.0,1484.0,256477.74515235447,2.7459266802443993,0.47368421052631576,50.359712230215834
6.01,1,60,60.0,60.0,60.0,60.0,60.0,0.0,60,1.0,9.983361064891847
0.54,22,8708,79.0,66.0,66.0,371.75,1514.0,293379.23966942145,4.137463126843658,0.5454545454545454,999.9999999999999
4.83,29,19636,216.0,66.0,66.0,1514.0,1514.0,458776.98929845437,11.684754521963825,0.41379310344827586,111.80124223602485
6.31,157,102308,86.0,66.0,66.0,1514.0,1514.0,467652.496977565,10.363767633011218,0.5095541401273885,437.40095087163235
8.18,2119,2130152,1484.0,66.0,66.0,1484.0,1484.0,445900.4939061206,40.74149553221508,0.33553563001415765,4070.9046454767727
3.95,1,60,60.0,60.0,60.0,60.0,60.0,0.0,60,1.0,15.189873417721516
0.19,7,3702,84.0,70.8,74.0,945.0,1514.0,398614.69387755095,6.174418604651163,0.5714285714285714,315.7894736842105
5.07,16,7387,66.0,66.0,66.0,717.0,1514.0,355229.33984375,5.171261487050961,0.5625,106.50887573964496
3.05,15,5582,88.0,56.0,58.0,341.0,1316.7999999999997,255985.3155555556,3.6986531986531985,0.5333333333333333,137.7049180327869
5.3,1,56,56.0,56.0,56.0,56.0,56.0,0.0,0.0,1.0,11.320754716981131
4.1,1269,1223060,1444.0,66.0,74.0,1444.0,1444.0,426974.48570227425,37.2265979059228,0.34515366430260047,3687.8048780487807
4.17,139,92510,82.0,59.2,66.0,1444.0,1444.0,461664.83836240356,16.637750238322212,0.5539568345323741,733.8129496402878
2.48,47,37141,631.0,66.0,66.0,1484.0,1484.0,472678.2218198281,13.89214113873296,0.40425531914893614,387.0967741935484
8.55,1,60,60.0,60.0,60.0,60.0,60.0,0.0,60,1.0,7.017543859649122
1.96,27,9506,84.0,66.0,66.0,351.5,1514.0,249260.73525377226,3.2839116719242902,0.5555555555555556,275.5102040816327
7.77,10,4451,108.5,66.0,66.0,527.0,1514.0,311660.2900000001,4.6991037131882205,0.5,38.61003861003861
7.1,24,9880,74.0,66.0,66.0,403.75,1514.0,324484.5555555555,4.604083947816222,0.5833333333333334,92.95774647887325
1.39,13,4760,84.0,66.0,66.0,376.0,1305.4000000000008,255278.59171597633,2.523316062176166,0.5384615384615384,172.66187050359713
4.62,37,15557,84.0,66.0,66.0,423.0,1514.0,297486.4645726807,4.298705722070845,0.5135135135135135,168.83116883116884
8.12,24,7607,70.0,66.0,66.0,269.25,1213.6999999999994,217075.2899305556,2.6223809523809525,0.5833333333333334,88.66995073891626
2.43,1,60,60.0,60.0,60.0,60.0,60.0,0.0,60,1.0,24.691358024691358
6.01,23,8742,74.0,66.0,66.0,367.5,1514.0,284718.42722117214,4.056101792943898,0.5652173913043478,99.83361064891847
8.26,11,4153,74.0,56.0,66.0,341.5,1506.0,304391.52066115703,3.609322974472808,0.6363636363636364,36.31961259079903
8.94,31,21488,216.0,66.0,66.0,1484.0,1484.0,445332.07075962535,9.72255489021956,0.41935483870967744,73.8255033557047
3.05,1,60,60.0,60.0,60.0,60.0,60.0,0.0,60,1.0,19.672131147540984
4.76,22,10339,138.0,66.0,66.0,691.0,1484.0,330015.67975206603,4.014064015518914,0.45454545454545453,100.84033613445379
6.6,1,60,60.0,60.0,60.0,60.0,60.0,0.0,60,1.0,9.090909090909092
8.17,24,9704,74.0,66.0,66.0,407.75,1514.0,309256.5555555556,4.4547498594716135,0.5833333333333334,80.78335373317015
1.33,13,4736,220.0,57.6,66.0,283.0,1261.4000000000008,244396.21301775146,3.0617495711835336,0.38461538461538464,225.56390977443607
2.04,2,339,169.5,78.7,112.75,226.25,260.3,12882.25,5.053571428571429,0.5,29.41176470588235
7.91,1,60,60.0,60.0,60.0,60.0,60.0,0.0,60,1.0,7.585335018963338
2.92,51,37118,232.0,66.0,66.0,1514.0,1514.0,488133.88312187616,14.52404851526558,0.47058823529411764,431.5068493150685
1.14,23,8678,74.0,66.0,66.0,351.5,1514.0,284471.8638941399,4.113730111962286,0.5652173913043478,526.3157894736843
6.99,56,31608,151.0,66.0,66.0,1474.0,1474.0,403848.74489795923,7.824120603015075,0.4642857142857143,171.67381974248926
6.38,1,60,60.0,60.0,60.0,60.0,60.0,0.0,60,1.0,9.404388714733543
1.3,38,21799,129.0,58.8,66.0,1506.0,1506.0,399630.80401662056,4.603856041131105,0.47368421052631576,830.7692307692307
1.5,12,3825,246.0,66.0,66.0,590.0,590.0,56557.1875,7.351528384279476,0.3333333333333333,160.0
3.43,1,56,56.0,56.0,56.0,56.0,56.0,0.0,0.0,1.0,17.492711370262388
5.83,1,60,60.0,60.0,60.0,60.0,60.0,0.0,60,1.0,10.291595197255575
8.45,6,344,56.0,56.0,56.0,59.0,60.0,3.555555555555556,0.5357142857142857,1.0,42.60355029585799
2.09,23,8790,74.0,66.0,66.0,367.5,1514.0,285394.056710775,3.9465391108610017,0.5652173913043478,287.08133971291863
9.59,6,344,56.0,56.0,56.0,59.0,60.0,3.555555555555556,0.5357142857142857,1.0,37.53910323253389
5.2,28,8446,70.0,56.0,66.0,295.0,823.0,171259.5867346939,1.0610053684724257,0.6071428571428571,161.53846153846152
6.86,1,60,60.0,60.0,60.0,60.0,60.0,0.0,60,1.0,8.746355685131194
5.26,41,20360,72.0,66.0,66.0,1514.0,1514.0,401798.34027364664,8.408502772643253,0.5853658536585366,228.13688212927758
5.82,6,459,66.0,63.0,66.0,66.0,100.5,689.25,0.7191011235955056,0.8333333333333334,51.54639175257732
0.32,21,9163,66.0,56.0,56.0,571.0,1508.0,306898.41269841266,2.9718248807975725,0.5238095238095238,2062.5
8.9,1,60,60.0,60.0,60.0,60.0,60.0,0.0,60,1.0,6.741573033707865
6.82,7234,8506794,1462.0,56.0,1462.0,1462.0,1462.0,319057.8621750467,97.17759414636399,0.20196295272325132,12219.941348973607
8.45,2,120,60.0,60.0,60.0,60.0,60.0,0.0,120,1.0,14.201183431952664
6.31,1,56,56.0,56.0,56.0,56.0,56.0,0.0,0.0,1.0,9.508716323296357
4.66,20,5807,76.0,65.0,66.0,247.75,676.1000000000013,189940.5275,1.9462201927955352,0.6,115.87982832618025
6.93,25,12506,84.0,66.0,66.0,1095.0,1514.0,370791.14239999995,6.2330827067669174,0.52,86.58008658008659
6.03,51,37070,232.0,66.0,66.0,1514.0,1514.0,488347.21645520965,14.714285714285714,0.47058823529411764,208.955223880597
2.87,16,5114,75.0,56.0,59.0,290.0,1024.5,216449.109375,3.4238754325259517,0.5625,167.2473867595819
9.17,1,56,56.0,56.0,56.0,56.0,56.0,0.0,0.0,1.0,6.543075245365322
9.24,30,24281,773.5,56.0,57.0,1514.0,1514.0,468876.498888889,10.138073394495413,0.36666666666666664,71.42857142857143
8.82,1,60,60.0,60.0,60.0,60.0,60.0,0.0,60,1.0,6.802721088435375
9.53,22,7380,74.0,66.0,66.0,340.0,1420.900000000002,238402.24793388433,3.1160066926938095,0.5909090909090909,62.95907660020987
1.39,432,500955,1484.0,66.0,1484.0,1484.0,1484.0,349369.0647665896,64.62156143568248,0.2175925925925926,3755.395683453238
8.9,4809,4690370,1484.0,66.0,66.0,1484.0,1484.0,461113.1744617783,38.674256906497945,0.35911831981700976,10442.696629213482
2.73,1,60,60.0,60.0,60.0,60.0,60.0,0.0,60,1.0,21.978021978021978
7.15,134,125852,1484.0,66.0,66.0,1484.0,1484.0,461665.43996435724,27.041889483065955,0.35074626865671643,377.6223776223776
5.49,1,60,60.0,60.0,60.0,60.0,60.0,0.0,60,1.0,10.92896174863388
7.84,30,13828,74.0,66.0,66.0,617.0,1514.0,355842.0622222224,5.994436014162873,0.5666666666666667,107.14285714285715
5.73,587,568306,1494.0,56.0,56.0,1494.0,1494.0,474199.5199335981,43.178016169154226,0.3577512776831346,2188.4816753926702
1.7,1,56,56.0,56.0,56.0,56.0,56.0,0.0,0.0,1.0,35.294117647058826
6.92,111,109428,1514.0,56.0,60.0,1514.0,1514.0,459316.694424154,24.615168539325843,0.2972972972972973,286.12716763005784
9.38,2,120,60.0,60.0,60.0,60.0,60.0,0.0,120,1.0,12.793176972281449
0.7,25,10314,74.0,66.0,66.0,376.0,1514.0,316278.8864,4.745961002785515,0.56,942.857142857143
6.0,15,5744,157.0,66.0,66.0,575.0,1125.5999999999997,218796.7288888889,2.33953488372093,0.4666666666666667,50.0
7.74,13,5063,157.0,66.0,66.0,567.0,1289.4000000000005,240545.78698224854,2.0610640870616685,0.46153846153846156,31.007751937984494
9.95,18,15113,1428.5,66.0,66.0,1466.0,1466.0,479060.5709876543,31.71212121212121,0.4444444444444444,48.24120603015076
2.7,31,20176,180.0,66.0,66.0,1466.0,1466.0,428379.038501561,8.534971644612476,0.45161290322580644,266.66666666666663
6.49,45,40387,1508.0,56.0,66.0,1514.0,1514.0,459078.42765432084,12.658099425092999,0.28888888888888886,120.18489984591679
1.74,6,348,58.0,56.0,56.0,60.0,60.0,4.0,1.0714285714285714,1.0,206.8965517241379
0.1,2,148,74.0,74.0,74.0,74.0,74.0,0.0,1.0,1.0,0.0
3.39,42,16735,74.0,66.0,66.0,376.0,1514.0,301339.58106575964,4.111484422724496,0.5714285714285714,353.98230088495575
6.15,16,4965,81.0,66.0,66.0,264.25,936.5,215528.58984375,2.9311163895486936,0.5625,48.78048780487804
2.04,1,60,60.0,60.0,60.0,60.0,60.0,0.0,60,1.0,29.41176470588235
5.68,16,5189,81.0,66.0,66.0,264.25,1048.5,219831.83984375,2.3455834945196647,0.5625,52.816901408450704
0.47,1,60,60.0,60.0,60.0,60.0,60.0,0.0,60,1.0,127.65957446808511
2.15,154,144953,1484.0,66.0,66.0,1484.0,1484.0,465791.15015179623,28.378394811511956,0.35714285714285715,1451.1627906976744
3.79,1,60,60.0,60.0,60.0,60.0,60.0,0.0,60,1.0,15.8311345646438
4.45,52,42153,1041.0,66.0,66.0,1484.0,1484.0,466648.11649408285,15.55655930871956,0.38461538461538464,242.69662921348313
9.4,1,60,60.0,60.0,60.0,60.0,60.0,0.0,60,1.0,6.382978723404255
6.02,21,8050,74.0,66.0,66.0,376.0,1514.0,280581.07936507935,3.7945205479452055,0.5714285714285714,89.70099667774086
3.07,23,9110,74.0,66.0,66.0,455.5,1514.0,289408.5141776938,4.2206303724928365,0.5652173913043478,195.4397394136808
8.08,20,8576,117.5,66.0,66.0,419.75,1514.0,310751.36,4.486884197056942,0.5,51.98019801980198
6.56,35,12860,74.0,66.0,66.0,376.0,1514.0,267911.9591836734,3.241424802110818,0.5714285714285714,128.0487804878049
8.45,33,24028,66.0,66.0,66.0,1514.0,1514.0,515154.89439853065,21.75378787878788,0.5151515151515151,120.71005917159765
1.62,34,24235,399.5,66.0,66.0,1484.0,1484.0,443471.45761245675,9.564516129032258,0.4117647058823529,444.4444444444444
0.47,1,60,60.0,60.0,60.0,60.0,60.0,0.0,60,1.0,127.65957446808511
8.33,33,19636,100.0,66.0,66.0,1506.0,1506.0,430562.9384756657,8.341579448144625,0.48484848484848486,100.84033613445378
3.72,1,60,60.0,60.0,60.0,60.0,60.0,0.0,60,1.0,16.129032258064516
7.99,31,16871,74.0,66.0,66.0,1506.0,1506.0,402191.9812695108,7.022349025202092,0.5483870967741935,112.64080100125155
4.98,1,60,60.0,60.0,60.0,60.0,60.0,0.0,60,1.0,12.048192771084336
0.87,68,43493,100.0,66.0,66.0,1506.0,1506.0,456982.3276384083,9.584813823314676,0.4852941176470588,2000.0
5.51,2,122,61.0,57.0,58.5,63.5,65.0,25.0,1.1785714285714286,1.0,21.77858439201452
5.02,1,60,60.0,60.0,60.0,60.0,60.0,0.0,60,1.0,11.952191235059763
8.68,4,327,66.0,61.8,64.5,83.25,114.30000000000001,951.1875,0.6268656716417911,0.75,20.737327188940093
0.35,24,9000,89.0,66.0,66.0,319.75,1506.0,275493.1666666667,2.8893690579083837,0.5,1371.4285714285716
6.47,27,15778,66.0,62.0,66.0,1506.0,1506.0,444229.5665294924,11.472727272727273,0.5925925925925926,148.3771251931994
9.91,1,60,60.0,60.0,60.0,60.0,60.0,0.0,60,1.0,6.054490413723512
8.96,4,327,66.0,61.8,64.5,83.25,114.30000000000001,951.1875,0.6268656716417911,0.75,20.08928571428571
5.21,152,141769,1494.0,56.0,56.0,1494.0,1494.0,484587.7267572715,36.346944151738676,0.3618421052631579,621.8809980806142
2.99,1,56,56.0,56.0,56.0,56.0,56.0,0.0,0.0,1.0,20.066889632107024
6.55,35,19778,78.0,66.0,66.0,1506.0,1506.0,420750.24979591835,7.561904761904762,0.5142857142857142,146.56488549618322
1.69,1,56,56.0,56.0,56.0,56.0,56.0,0.0,0.0,1.0,35.50295857988166
7.77,30,16549,76.0,66.0,66.0,1506.0,1506.0,407531.49888888904,6.869234427009035,0.5333333333333333,108.1081081081081
1.4,1,60,60.0,60.0,60.0,60.0,60.0,0.0,60,1.0,42.85714285714286
2.44,47,37125,615.0,66.0,66.0,1484.0,1484.0,472791.96740606596,13.9818401937046,0.40425531914893614,393.4426229508197
7.14,1,60,60.0,60.0,60.0,60.0,60.0,0.0,60,1.0,8.403361344537815
6.87,135,125752,1484.0,66.0,66.0,1484.0,1484.0,464642.7685048011,28.055452865064694,0.35555555555555557,401.7467248908297
8.41,51,38468,571.0,56.0,62.0,1506.0,1506.0,457060.8658208381,8.873716632443532,0.37254901960784315,135.55291319857312
1.79,1,60,60.0,60.0,60.0,60.0,60.0,0.0,60,1.0,33.5195530726257
0.64,2,122,61.0,57.0,58.5,63.5,65.0,25.0,1.1785714285714286,1.0,187.5
6.58,16,5103,115.5,63.0,66.0,335.0,926.0,199553.05859375,2.8053691275167787,0.5,54.7112462006079
5.89,3,736,295.0,111.80000000000001,180.5,335.0,359.0,17146.88888888889,0.6689342403628118,0.3333333333333333,10.186757215619695
5.79,1,60,60.0,60.0,60.0,60.0,60.0,0.0,60,1.0,10.362694300518134
2.74,29,17450,219.0,56.0,60.0,1506.0,1506.0,401940.8894173603,5.592368719304873,0.41379310344827586,262.77372262773724
5.7,21,10710,141.0,66.0,66.0,857.0,1484.0,343660.7619047619,4.497946611909651,0.47619047619047616,84.21052631578948
5.19,1,60,60.0,60.0,60.0,60.0,60.0,0.0,60,1.0,11.560693641618496
5.73,2,122,61.0,57.0,58.5,63.5,65.0,25.0,1.1785714285714286,1.0,20.94240837696335
4.71,2,122,61.0,57.0,58.5,63.5,65.0,25.0,1.1785714285714286,1.0,25.477707006369428
4.83,23,7382,74.0,66.0,66.0,304.0,1321.4000000000008,230575.9546313799,3.2158766419189035,0.6086956521739131,136.64596273291926
4.95,38,21727,74.0,66.0,66.0,1514.0,1514.0,433338.5491689751,8.980248047772163,0.5526315789473685,218.18181818181816
7.54,14,5742,152.5,66.0,68.0,563.0,1264.3000000000006,236117.40816326533,2.0031380753138075,0.42857142857142855,31.830238726790448
3.68,1,60,60.0,60.0,60.0,60.0,60.0,0.0,60,1.0,16.304347826086957
8.51,37,26689,216.0,66.0,66.0,1484.0,1484.0,459136.1650840029,10.308898305084746,0.40540540540540543,91.65687426556991
5.03,1,60,60.0,60.0,60.0,60.0,60.0,0.0,60,1.0,11.928429423459242
4.1,30,17506,174.0,56.0,60.0,1506.0,1506.0,398139.1155555557,5.476507584165741,0.43333333333333335,190.2439024390244
7.17,1,60,60.0,60.0,60.0,60.0,60.0,0.0,60,1.0,8.368200836820083
2.52,2,122,61.0,57.0,58.5,63.5,65.0,25.0,1.1785714285714286,1.0,47.61904761904761
0.02,2,116,58.0,56.4,57.0,59.0,59.6,4.0,1.0714285714285714,1.0,6000.0
0.49,30,17234,174.0,56.0,60.0,1506.0,1506.0,400460.18222222215,5.4138444361741715,0.43333333333333335,1591.8367346938778
3.04,1,60,60.0,60.0,60.0,60.0,60.0,0.0,60,1.0,19.736842105263158
3.02,2,122,61.0,57.0,58.5,63.5,65.0,25.0,1.1785714285714286,1.0,39.735099337748345
8.29,3,176,60.0,56.8,58.0,60.0,60.0,3.5555555555555554,2.142857142857143,1.0,21.712907117008445
2.77,27,12558,74.0,66.0,66.0,767.0,1514.0,354022.9135802468,5.866047020229634,0.5555555555555556,259.927797833935
8.37,15,4860,74.0,66.0,66.0,304.0,1083.9999999999995,231097.73333333334,2.3494141971054443,0.6,43.01075268817205
4.72,33,24188,66.0,66.0,66.0,1514.0,1514.0,510747.18089990824,21.90530303030303,0.5151515151515151,216.10169491525426
7.68,29,17182,219.0,56.0,60.0,1506.0,1506.0,404532.87039239,5.672621359223301,0.41379310344827586,93.75
3.67,2,122,61.0,57.0,58.5,63.5,65.0,25.0,1.1785714285714286,1.0,32.6975476839237
2.5,2,116,58.0,56.4,57.0,59.0,59.6,4.0,1.0714285714285714,1.0,48.0
2.2,35,13761,84.0,66.0,66.0,376.0,1514.0,276712.19918367354,3.7947735191637633,0.5142857142857142,327.27272727272725
8.63,20,8592,117.5,66.0,66.0,423.75,1514.0,310959.04,4.441418619379354,0.5,48.66743916570104
8.3,25,8858,74.0,66.0,66.0,359.0,1514.0,269001.4976,3.8010840108401083,0.6,86.74698795180723
7.23,21,7442,74.0,66.0,66.0,376.0,1514.0,248627.66439909296,3.5185185185185186,0.5714285714285714,74.68879668049792
2.96,20,7200,79.0,66.0,66.0,389.75,1514.0,253472.8,3.4198895027624308,0.55,162.16216216216216
7.21,22,8740,79.0,66.0,66.0,371.75,1514.0,293875.10743801657,4.060799073537927,0.5454545454545454,74.89597780859917
0.52,1,58,58.0,58.0,58.0,58.0,58.0,0.0,0.0,1.0,115.38461538461539
1.04,14,5211,170.5,66.0,68.0,364.75,1209.3000000000009,221677.31122448973,2.3127781309599493,0.42857142857142855,230.76923076923077
5.21,18,6253,170.5,66.0,66.0,364.75,869.7000000000006,185823.90432098764,1.774179236912156,0.4444444444444444,69.0978886756238
6.46,2,120,60.0,60.0,60.0,60.0,60.0,0.0,120,1.0,18.575851393188856
