duration_sec,packet_count,total_bytes,median_pkt_size,p10_size,p25_size,p75_size,p90_size,size_variance,up_down_ratio,pct_packets_under_100b,packets_smaller_equal_66b_per_min
9.32,1032,172636,78.0,54.0,54.0,220.0,400.0,32394.40443783426,1.3093572336298576,0.5465116279069767,3263.948497854077
6.68,645,165044,60.0,54.0,54.0,292.0,544.0,192666.74270536625,1.459122401847575,0.5488372093023256,2991.0179640718566
7.42,942,170791,83.0,54.0,60.0,269.0,364.0,51185.202055751644,2.141735035502741,0.5307855626326964,3638.814016172507
0.74,56,7363,63.0,54.0,54.0,184.0,310.0,10707.10682397959,0.3247571068729759,0.5535714285714286,2351.3513513513512
6.28,612,87971,60.0,54.0,54.0,220.0,328.0,16927.70379715067,0.7478839658255514,0.5718954248366013,3057.324840764331
4.84,324,52707,66.0,54.0,54.0,184.0,364.0,43570.44127229081,0.31307922272047833,0.6141975308641975,2057.8512396694214
6.12,891,173811,78.0,54.0,60.0,267.0,472.0,52266.1449058486,1.9102370906168376,0.5286195286195287,4352.941176470588
3.69,216,36477,60.0,54.0,54.0,242.5,436.0,26587.303819444445,0.21033247063507865,0.5555555555555556,1804.878048780488
7.75,618,128471,60.0,54.0,54.0,220.0,436.0,96125.53135440558,0.3698167123375308,0.5647249190938511,2415.4838709677415
2.56,168,28713,60.0,54.0,54.0,220.0,422.7000000000002,35004.33131377551,0.23120792418849964,0.5595238095238095,2062.5
0.83,48,8765,60.0,54.0,54.0,292.0,436.0,29711.07248263889,0.21281306212813061,0.5416666666666666,1807.2289156626507
1.91,151,20645,60.0,54.0,54.0,142.0,328.0,23760.54515152844,0.29192740926157695,0.6754966887417219,2575.916230366492
9.27,790,149199,60.0,54.0,54.0,256.0,472.0,55534.973928857566,0.6242175508115699,0.5810126582278481,2653.7216828478963
0.42,321,91370,256.0,54.0,60.0,375.0,683.0,74102.41682437088,4.942377731529657,0.4174454828660436,18857.142857142855
2.46,158,20766,60.0,54.0,54.0,148.0,298.0,17458.726165678578,0.39734876522441287,0.6139240506329114,2170.731707317073
9.29,1395,278729,112.0,54.0,60.0,294.0,478.0,35271.16871263216,2.0231238950530916,0.4738351254480287,3991.3885898815934
2.21,216,29966,60.0,54.0,60.0,148.0,220.0,35987.48345336076,1.7150493793603334,0.5694444444444444,3013.5746606334837
6.54,722,112382,60.0,54.0,60.0,184.0,297.0,49334.655727012534,1.2755380970700791,0.5678670360110804,3422.0183486238534
9.46,885,166492,78.0,54.0,54.0,256.0,472.0,70953.965905072,1.0282383325008833,0.5694915254237288,2771.6701902748414
0.31,21,3232,60.0,54.0,54.0,184.0,364.0,20957.514739229024,0.20059435364041606,0.5238095238095238,2129.032258064516
0.1,5,358,60.0,54.0,54.0,78.0,98.4,485.44000000000005,0.432,0.8,1799.9999999999998
7.27,822,162837,81.5,54.0,54.0,269.0,480.0,53551.40999786882,1.3829921121566446,0.5279805352798054,3292.9848693259974
0.85,34,3712,60.0,54.0,54.0,148.0,148.0,8242.792387543252,0.4119437048307341,0.5588235294117647,1341.1764705882354
2.75,142,17560,60.0,54.0,54.0,148.0,292.0,13937.280103154137,0.3180214666366434,0.5985915492957746,1636.3636363636365
7.5,941,186049,83.0,54.0,60.0,299.0,490.0,44662.25303083861,1.5049344984045345,0.51009564293305,3464.0
8.08,1093,181636,60.0,54.0,54.0,220.0,444.0000000000007,29194.733880830263,1.1799546332857263,0.5397987191216834,4106.435643564357
0.02,1,54,54.0,54.0,54.0,54.0,54.0,0.0,54,1.0,3000.0
6.45,580,89131,60.0,54.0,54.0,229.25,328.0,18226.44381391201,0.8671261285795085,0.5568965517241379,2716.279069767442
0.29,14,2144,69.0,54.0,54.0,175.0,367.60000000000014,22180.408163265314,0.2822966507177033,0.5714285714285714,1448.2758620689658
6.93,430,76835,60.0,54.0,54.0,220.0,400.0,86200.94561925365,0.46043603048792076,0.5930232558139535,1887.4458874458876
5.23,348,60810,60.0,54.0,54.0,220.0,472.0,41351.61127625842,0.2148879210452711,0.617816091954023,2087.9541108986614
0.06,224,103343,436.0,60.0,60.0,699.5,963.0,126143.84436782527,10.264770002180073,0.27232142857142855,60000.0
6.01,940,196491,78.0,54.0,60.0,292.0,454.0,72149.81912516976,2.284209998495713,0.5223404255319148,4572.379367720466
4.92,450,75315,60.0,54.0,54.0,256.0,400.0,25325.125555555554,0.7608893876692151,0.5333333333333333,2792.682926829268
0.52,32,4753,63.0,54.0,54.0,256.0,392.8000000000002,18058.9990234375,0.20542733958914533,0.59375,2076.923076923077
4.95,542,74215,60.0,54.0,54.0,148.0,298.0,15402.317700603204,0.9470315082509116,0.5682656826568265,3381.8181818181815
1.06,50,6083,60.0,54.0,54.0,184.0,256.0,8945.744400000001,0.25655856228052054,0.6,1528.3018867924527
2.97,377,56578,112.0,54.0,60.0,267.0,310.0,11399.347269030248,1.8198763955342903,0.4854111405835544,3575.7575757575755
4.49,620,125012,80.5,54.0,60.0,256.0,436.0,72862.40024973986,2.5306145503840938,0.5193548387096775,3995.54565701559
0.1,48,20813,220.0,54.0,60.0,518.25,1481.0,261529.40581597216,7.586221122112211,0.375,10800.0
3.45,201,30591,60.0,54.0,54.0,184.0,364.0,37457.0817554021,0.6483107926073604,0.6169154228855721,1895.6521739130435
9.76,1198,270770,78.0,54.0,54.0,268.0,448.0,139733.31852754034,2.1248341046266055,0.5333889816360601,3596.3114754098365
7.73,714,120854,60.0,54.0,54.0,202.0,400.0,41515.56092240817,1.063798903669803,0.5700280112044818,2786.5459249676587
0.26,18,2682,95.0,54.0,54.0,229.0,317.80000000000007,16691.666666666668,0.4160506863780359,0.5,1846.1538461538462
6.35,927,197429,83.0,54.0,60.0,292.0,512.0,63979.345715087,2.077423075724039,0.5124056094929881,4261.417322834646
8.91,941,158341,78.0,54.0,54.0,266.0,400.0,27983.692856199057,1.2938994886059079,0.5515409139213603,3138.047138047138
2.9,185,34407,60.0,54.0,54.0,256.0,441.99999999999994,46260.57811541271,0.18808701657458562,0.572972972972973,1944.8275862068965
8.09,1133,236446,83.0,54.0,60.0,292.0,452.0,45383.67542917328,1.8529060437505278,0.5066195939982348,3893.6959208899875
3.3,219,37013,60.0,54.0,54.0,220.0,400.0,39100.68484810575,0.24572563274098008,0.5707762557077626,2018.1818181818182
6.8,382,61067,60.0,54.0,54.0,184.0,436.0,31246.794886379215,0.2211690363349131,0.6047120418848168,1773.529411764706
4.88,947,182610,83.0,54.0,60.0,220.0,298.0,95485.10837201678,2.291219090188162,0.5026399155227033,5508.196721311476
3.69,261,32809,60.0,54.0,54.0,148.0,292.0,12635.464687834881,0.3139367240688827,0.6130268199233716,2211.3821138211383
6.32,689,125861,60.0,54.0,54.0,292.0,446.0,36348.179781387385,1.1885063467223091,0.5471698113207547,3303.7974683544303
8.29,844,163935,78.0,54.0,54.0,297.0,472.0,37733.59962012309,1.094667978482808,0.5355450236966824,2952.9553679131486
6.2,335,51142,60.0,54.0,54.0,184.0,400.0,24406.366816662954,0.24834016793595,0.582089552238806,1693.5483870967741
7.36,1141,179761,60.0,54.0,60.0,184.0,364.0,31896.296881204962,1.5982279651952707,0.5354951796669588,4679.347826086956
3.05,228,38348,60.0,54.0,54.0,220.0,400.0,47844.15574022776,0.20360315118797276,0.6271929824561403,2498.360655737705
4.04,472,98134,66.0,54.0,54.0,224.0,590.0,73055.17852269464,0.9009375484270882,0.5826271186440678,3519.80198019802
2.01,344,62642,112.0,54.0,60.0,297.0,364.0,24734.920463764196,2.629106077284051,0.4738372093023256,4716.417910447762
9.19,665,74377,60.0,54.0,60.0,148.0,220.0,6594.329393408333,1.0038526820594338,0.5744360902255639,2291.621327529924
4.61,285,53210,60.0,54.0,54.0,266.0,472.0,41665.304032009844,0.2101708021560645,0.5754385964912281,1952.2776572668113
3.68,486,82713,60.0,54.0,60.0,112.0,300.0,78471.40165371132,1.7514137449271505,0.565843621399177,4206.521739130435
5.15,538,71143,60.0,54.0,54.0,184.0,297.90000000000003,14722.81602313401,1.1435070804459175,0.5427509293680297,3180.5825242718442
0.28,38,4242,80.5,54.0,54.0,175.0,220.0,4939.337950138505,0.3795121951219512,0.5789473684210527,3857.142857142857
0.67,82,23355,83.0,54.0,54.0,148.0,556.6000000000006,365964.8323914337,1.6731143413070848,0.6097560975609756,3223.8805970149256
5.34,349,56172,60.0,54.0,54.0,220.0,400.0,29715.903071403358,0.2286895465581731,0.6017191977077364,2089.887640449438
5.29,970,185129,112.0,54.0,60.0,280.0,396.0,36888.32629291105,2.404796498262005,0.49072164948453606,4922.495274102079
8.81,851,190035,83.0,54.0,54.0,299.0,544.0,60479.88876292632,1.2243746561633093,0.5193889541715628,2717.3666288308737
6.22,995,206424,83.0,54.0,60.0,266.0,544.0,65729.82438221257,2.0909662638695474,0.5135678391959799,4620.578778135049
2.67,228,30431,63.0,54.0,54.0,137.5,256.0,37630.60870652508,0.46648354296178496,0.6403508771929824,2584.2696629213483
1.84,115,18798,78.0,54.0,54.0,256.0,364.0,26519.448468809074,0.22806559090612138,0.5217391304347826,1858.695652173913
5.96,545,102290,60.0,54.0,54.0,292.0,472.0,41496.85683023315,0.8359508211433186,0.5541284403669725,2808.7248322147652
7.64,511,75780,60.0,54.0,54.0,184.0,364.0,26048.753007226536,0.25482273848752296,0.6027397260273972,2065.4450261780107
7.82,917,143993,60.0,54.0,54.0,220.0,364.0,23780.823742491582,1.182538840469875,0.5485278080697928,3590.7928388746805
0.91,75,9581,60.0,54.0,54.0,184.0,292.0,13082.269155555556,0.4982017200938233,0.6266666666666667,2571.4285714285716
6.86,478,114135,60.0,54.0,54.0,263.5,550.6000000000003,132773.7302261865,0.14296157582190888,0.5794979079497908,2125.36443148688
9.23,1435,378599,91.0,54.0,60.0,297.0,508.0,221716.93277033838,3.3514125462611775,0.5038327526132405,4316.359696641386
1.28,115,29494,60.0,54.0,54.0,162.0,1061.6000000000026,188128.70124763701,0.14637748756218905,0.5478260869565217,2812.5
9.82,908,173307,78.0,54.0,54.0,266.0,508.0,42828.53400391041,0.9411191505566632,0.5495594713656388,2731.160896130346
5.91,393,54656,60.0,54.0,54.0,184.0,328.0,18453.462748221096,0.28487470026799566,0.6157760814249363,2071.0659898477156
4.75,420,96300,60.0,54.0,54.0,256.0,472.0,205089.6612244898,1.6450957233499053,0.5833333333333334,2791.5789473684213
7.06,1195,286745,112.0,54.0,60.0,298.0,512.0,76630.59788168973,2.137253829321663,0.4619246861924686,4461.756373937677
7.66,1057,235855,83.0,54.0,60.0,310.0,544.0,59910.06091032527,1.559079467037021,0.5023651844843898,3885.1174934725846
2.98,159,25662,60.0,54.0,54.0,256.0,400.0,27827.39646374747,0.25137757838786756,0.5723270440251572,1671.1409395973155
7.12,485,79027,60.0,54.0,54.0,220.0,421.6000000000008,31386.92037836115,0.22707016753877926,0.5917525773195876,2157.303370786517
7.04,1186,268329,112.0,54.0,60.0,297.0,512.0,95971.33947274128,2.0516553128091983,0.49325463743676223,4448.863636363636
6.84,710,116653,60.0,54.0,54.0,184.0,364.0,36500.43816901409,1.106486330311676,0.571830985915493,3245.614035087719
8.66,814,166652,78.0,54.0,54.0,300.0,508.0,51316.88896401428,1.681663850671816,0.5356265356265356,2743.64896073903
8.33,1316,375573,112.0,54.0,60.0,292.0,508.0,279039.11779905483,3.576865426095858,0.4878419452887538,4328.9315726290515
2.02,117,15178,60.0,54.0,54.0,184.0,328.0,14664.36963985682,0.28300929839391376,0.6666666666666666,1900.990099009901
7.8,992,153924,83.0,54.0,60.0,220.0,332.0,17375.833555541107,1.2900926904021544,0.5161290322580645,3584.6153846153843
9.53,1025,169463,60.0,54.0,54.0,220.0,436.0,30592.170285306358,0.9809113012577734,0.5648780487804878,3261.280167890871
9.52,1201,216771,78.0,54.0,60.0,208.0,415.0,71933.04094492448,1.5799928588431327,0.5287260616153205,3756.302521008404
2.49,2986,4952756,2854.0,60.0,60.0,2974.0,2974.0,1971347.1624042364,62.44644000922344,0.37910247823174814,26795.180722891564
4.83,1127,353938,112.0,54.0,60.0,297.0,479.0,409444.51003165817,5.680344267864558,0.47293700088731144,6385.093167701863
1.19,118,19805,66.0,54.0,54.0,130.25,341.5999999999999,71380.57576845736,0.32139044568988523,0.6779661016949152,3126.0504201680674
3.86,333,78602,60.0,54.0,54.0,400.0,574.4000000000003,74236.97120543967,0.14405065133541956,0.5765765765765766,2704.6632124352336
4.96,415,89149,60.0,54.0,54.0,328.0,552.0,65737.6773058499,0.15457041469163624,0.5831325301204819,2600.8064516129034
6.05,713,124327,66.0,54.0,54.0,267.0,392.80000000000246,33383.13675696197,1.2995413013723967,0.5259467040673211,3540.495867768595
3.58,402,72298,60.0,54.0,60.0,285.75,472.0,34016.105566693885,1.243746508596611,0.5597014925373134,3418.9944134078214
1.61,103,16717,60.0,54.0,54.0,148.0,436.0,37630.03563012538,0.23545931564555464,0.6601941747572816,1937.888198757764
6.67,816,192654,78.0,54.0,54.0,400.0,616.0,71517.12076485006,1.2390953150242325,0.5404411764705882,3616.191904047976
6.98,886,193049,112.0,54.0,60.0,297.0,508.0,77725.24372226099,2.8819424894429924,0.49435665914221216,3558.7392550143263
1.52,67,7101,60.0,54.0,54.0,112.0,198.39999999999995,7072.671419024283,0.3443771298750473,0.6119402985074627,1460.5263157894738
2.04,207,34666,105.0,54.0,54.0,292.0,364.0,20083.466405283674,1.710186850128997,0.4927536231884058,2617.6470588235293
8.28,878,149986,60.0,54.0,54.0,266.0,383.0,37129.61012032938,1.551780458342549,0.5523917995444191,3268.115942028986
8.15,578,85855,60.0,54.0,54.0,184.0,328.0,23777.397340189895,0.6782321435552602,0.5726643598615917,2208.588957055215
7.3,503,102866,60.0,54.0,54.0,259.5,590.0,60054.504448458356,0.2238230640191308,0.6023856858846919,2153.4246575342468
9.77,692,108538,60.0,54.0,54.0,191.0,364.0,32104.83780781182,0.5744520359168516,0.5895953757225434,2216.990788126919
5.29,367,69935,60.0,54.0,54.0,283.5,508.0,44821.59806665726,0.19778375323274017,0.5749318801089919,2166.3516068052927
5.02,472,88138,60.0,54.0,54.0,220.0,400.0,80744.75077204827,1.144737802652391,0.5805084745762712,2928.286852589642
3.81,292,36934,60.0,54.0,54.0,166.0,292.0,12765.968990429725,0.29474865035406295,0.613013698630137,2440.9448818897636
4.45,406,76253,69.0,54.0,54.0,280.0,508.0,38237.71218059162,1.0260654692315867,0.5320197044334976,2737.078651685393
9.59,539,84786,60.0,54.0,54.0,184.0,407.1999999999996,37820.04398305114,0.23054817782035095,0.6307977736549165,1801.8769551616267
0.58,191,61636,60.0,60.0,60.0,184.0,1004.0,441548.2303116691,7.695823927765237,0.5235602094240838,10241.37931034483
7.96,797,117167,60.0,54.0,54.0,220.0,328.0,18733.58082772757,1.044585209227655,0.548306148055207,3022.6130653266337
1.61,220,43263,112.0,54.0,54.0,292.0,508.0,31041.38204545455,1.3,0.4727272727272727,3391.304347826087
1.6,173,21700,60.0,54.0,60.0,148.0,292.0,18530.37274883892,0.9521410579345088,0.6705202312138728,4087.4999999999995
2.03,211,33296,83.0,54.0,54.0,220.0,400.0,19792.02672895937,0.4259528907922912,0.5355450236966824,2926.1083743842364
9.36,821,171034,66.0,54.0,54.0,295.0,544.0,62113.91451558585,1.0974443245364467,0.5517661388550548,2634.6153846153848
8.67,974,161327,60.0,54.0,54.0,228.0,400.0,27076.187011160822,1.1549630658669836,0.5472279260780287,3418.6851211072667
3.45,197,30107,60.0,54.0,54.0,220.0,436.0,21561.361076039062,0.24193548387096775,0.5888324873096447,1808.695652173913
5.07,521,96116,66.0,54.0,54.0,256.0,472.0,43230.67199870321,1.3549185348523827,0.5662188099808061,3088.7573964497037
3.57,264,43579,60.0,54.0,54.0,220.0,436.0,36520.150123393025,0.2334842909708463,0.6060606060606061,2352.9411764705883
3.93,272,52210,60.0,54.0,54.0,256.0,536.8000000000002,49111.14440960208,0.1848943558087284,0.5955882352941176,2167.93893129771
9.16,1390,270641,78.0,54.0,60.0,184.0,367.6000000000049,118037.74579421355,2.4357076663323727,0.516546762589928,4513.100436681222
4.75,493,60608,60.0,54.0,54.0,148.0,256.0,11869.73438277878,0.9313597399700456,0.5821501014198783,3322.105263157895
5.27,541,86633,78.0,54.0,54.0,220.0,364.0,23840.308964367345,1.307260040481517,0.532347504621072,3074.0037950664137
5.17,555,102700,78.0,54.0,54.0,256.0,445.00000000000034,43593.96373670968,0.8446009052374452,0.5423423423423424,3156.6731141199225
0.59,66,11106,60.0,54.0,60.0,175.0,424.0,51294.74380165289,1.5566298342541436,0.6515151515151515,4372.881355932203
6.95,790,138555,81.5,54.0,54.0,220.0,472.0,38018.86993270309,0.9253911786776354,0.5367088607594936,3271.9424460431655
0.48,481,184007,298.0,54.0,60.0,542.0,1008.0,143374.86279018506,6.372961493769283,0.37214137214137216,21875.0
8.85,742,124171,66.0,54.0,54.0,220.0,414.39999999999964,31839.584885680866,1.0868374172296729,0.5673854447439353,2528.813559322034
9.34,945,131679,78.0,54.0,54.0,184.0,298.0,13539.10784580499,0.9840437553677168,0.5375661375661376,3006.423982869379
5.82,1271,222668,83.0,54.0,60.0,220.0,328.0,76195.94692470974,2.019268057871971,0.5082612116443745,6216.494845360825
6.75,435,66364,60.0,54.0,54.0,184.0,364.0,31489.76353018893,0.3018420071797085,0.5839080459770115,2017.7777777777778
4.58,316,45950,60.0,54.0,54.0,184.0,364.0,25255.951009453616,0.2645164841213055,0.6329113924050633,2135.3711790393013
9.84,616,90815,60.0,54.0,54.0,184.0,328.0,26813.73492315314,0.27840029280103606,0.6103896103896104,1957.3170731707316
8.99,528,74016,60.0,54.0,54.0,184.0,364.0,18879.239669421484,0.2685702533164227,0.6136363636363636,1855.3948832035594
2.95,180,35895,60.0,54.0,54.0,272.5,580.0,50488.2875,0.2088707776243559,0.5944444444444444,1932.2033898305083
1.81,314,66799,60.0,54.0,60.0,297.75,576.3999999999999,65162.00974684572,1.4389878779027312,0.5700636942675159,5469.613259668508
2.06,344,101707,78.0,54.0,60.0,292.0,697.0,349083.5907162655,4.947777777777778,0.5174418604651163,4951.456310679611
5.02,555,91970,78.0,54.0,54.0,267.0,400.0,22715.00157454752,1.2922014804476236,0.527927927927928,3298.8047808764945
8.16,1153,187022,78.0,54.0,60.0,256.0,328.0,24717.196612931006,1.3377457781777728,0.5351257588898526,4213.235294117647
8.57,827,149447,78.0,54.0,54.0,266.0,472.0,35020.46958967963,0.8627785810440245,0.5441354292623942,2779.463243873979
7.31,1407,263854,148.0,54.0,60.0,297.0,400.0,23874.06291822439,2.0521347846707307,0.4527363184079602,4932.96853625171
7.06,381,57549,60.0,54.0,54.0,220.0,364.0,26567.961022588715,0.2469178601607696,0.5931758530183727,1725.2124645892352
9.28,1067,167393,62.0,54.0,54.0,220.0,359.0,24455.884836831974,1.2919559115492572,0.5417057169634489,3478.4482758620693
8.13,1501,250060,103.0,54.0,60.0,220.0,359.0,31125.29349165846,2.1912504147630107,0.4996668887408394,5202.952029520295
7.95,494,89303,60.0,54.0,54.0,220.0,472.0,47107.45760871348,0.19861754244681565,0.6072874493927125,1932.075471698113
5.11,834,251034,148.0,54.0,60.0,388.0,682.9000000000008,144881.38848920862,3.337895282529808,0.47002398081534774,4250.489236790607
4.84,341,63973,60.0,54.0,54.0,256.0,508.0,53032.86086290968,0.19804112513577288,0.5894428152492669,2181.818181818182
4.83,888,217838,112.0,54.0,60.0,296.0,508.0,160415.31640593294,3.210731820466231,0.48085585585585583,4981.366459627329
1.81,132,16780,60.0,54.0,54.0,148.0,292.0,13716.27318640955,0.3309010152284264,0.6287878787878788,2287.292817679558
8.32,735,136787,78.0,54.0,54.0,269.0,472.0,40457.95501133787,1.2865285926817445,0.5374149659863946,2574.519230769231
0.75,53,10285,60.0,54.0,54.0,328.0,572.8000000000002,40367.29868280527,0.16954741869456447,0.6037735849056604,2160.0
0.6,21,3726,60.0,54.0,54.0,364.0,364.0,25627.102040816324,0.15,0.5714285714285714,1200.0
8.1,836,186768,78.0,54.0,54.0,299.0,559.0,92670.56904603833,1.1145063230948633,0.5490430622009569,2992.592592592593
0.24,21,3013,60.0,54.0,54.0,148.0,256.0,40672.3446712018,0.24761904761904763,0.5238095238095238,2750.0
5.86,705,188394,83.0,54.0,54.0,298.0,628.0,192513.43991549726,1.5951374061574488,0.5205673758865248,3368.6006825938566
6.94,3577,3053927,292.0,54.0,60.0,1514.0,1514.0,878512.796741428,0.6531671032452977,0.4087223930668158,11170.028818443803
5.69,807,157834,60.0,54.0,60.0,256.0,436.0,64242.516026896,1.569707429055209,0.5427509293680297,4323.3743409490335
7.27,490,121356,60.0,54.0,54.0,328.0,652.0,115725.92063306956,0.13307750483179742,0.5755102040816327,2088.0330123796425
0.18,17,3273,66.0,54.0,54.0,364.0,588.8,42980.7197231834,0.1919155134741442,0.6470588235294118,3000.0
9.83,758,206548,60.0,54.0,54.0,292.0,806.8000000000025,157580.25255324037,0.12462158336055755,0.575197889182058,2356.0528992878944
3.45,680,158996,148.0,54.0,60.0,298.0,539.0,54371.56380622838,2.5008036638263205,0.46176470588235297,5095.652173913043
5.87,737,174058,112.0,54.0,54.0,328.0,616.4,69934.45923828495,1.7254051514914273,0.4966078697421981,3424.1908006814306
8.91,1345,328455,112.0,54.0,60.0,300.0,544.0,153863.3686046351,2.4871166034971495,0.4944237918215613,4228.956228956229
3.67,460,86485,60.0,54.0,54.0,292.0,481.90000000000066,40277.362925330825,0.7980623297781658,0.5478260869565217,3874.659400544959
9.49,1064,224817,60.0,54.0,54.0,292.0,580.0,56016.017785594144,1.1667228866893475,0.543233082706767,3439.4099051633298
3.3,251,53855,60.0,54.0,54.0,256.0,652.0,76623.81590768401,0.17690122377622378,0.5976095617529881,2345.4545454545455
7.05,1141,301632,112.0,54.0,60.0,397.0,580.0,92319.20780624342,2.527859649122807,0.4697633654688869,4297.8723404255325
7.51,843,241220,78.0,54.0,54.0,297.0,561.0,294932.7358766423,1.5552424736764052,0.5575326215895611,3331.5579227696403
5.54,618,149891,66.0,54.0,54.0,292.0,550.6000000000015,156682.91166043503,1.6085238940517212,0.5501618122977346,3357.4007220216604
4.58,305,52657,60.0,54.0,54.0,256.0,472.0,36640.812319269,0.22955681128286554,0.6,2122.2707423580787
0.17,17,3588,60.0,54.0,54.0,184.0,738.4000000000001,84240.87889273358,0.14742564758554524,0.7058823529411765,3529.411764705882
1.16,443,131059,112.0,54.0,60.0,400.0,757.0,116622.41140591798,3.603568794126945,0.4762979683972912,10344.827586206899
8.52,750,123931,60.0,54.0,54.0,220.0,400.0,31440.239091555555,0.5280504044190175,0.5666666666666667,2654.929577464789
2.58,532,136822,148.0,54.0,60.0,445.0,580.0,60059.91343490304,2.3829150698479418,0.4642857142857143,5441.860465116279
2.36,502,109790,112.0,54.0,60.0,361.0,376.0,47483.13618831447,2.7644436824961427,0.4641434262948207,5644.067796610169
9.67,633,138099,60.0,54.0,54.0,292.0,590.0,75597.7244596183,0.16660330976456575,0.584518167456556,1997.9317476732163
4.39,846,178282,112.0,54.0,60.0,298.0,511.0,56447.51381833018,2.0296366787887026,0.49645390070921985,5316.628701594534
1.72,416,177282,148.0,54.0,60.0,524.0,1118.0,457443.33059818787,5.130294961789827,0.4519230769230769,6209.302325581395
1.18,67,9853,60.0,54.0,54.0,179.0,306.4,39547.25016707508,0.25933026584867075,0.582089552238806,1728.813559322034
2.79,208,38344,60.0,54.0,54.0,292.0,400.0,52922.81286982249,0.2015166233196503,0.6057692307692307,2365.5913978494623
6.2,841,210202,83.0,54.0,54.0,300.0,688.0,79050.7268256888,1.5639080319570653,0.5089179548156956,3687.0967741935483
4.64,928,174648,83.0,54.0,60.0,292.0,400.0,37349.592152199766,1.9903943290584387,0.5053879310344828,5676.724137931035
1.4,98,11648,60.0,54.0,54.0,148.0,220.0,18220.20408163266,0.29006534499944625,0.6632653061224489,2485.714285714286
10.0,1979,444108,148.0,54.0,60.0,300.0,513.0,54356.98980783829,2.3193416745145523,0.4588175846387064,5154.0
0.49,36,5362,69.0,54.0,54.0,229.0,366.0,20437.719135802465,0.24813780260707635,0.6111111111111112,2204.0816326530617
7.45,801,176713,78.0,54.0,54.0,309.0,544.0,63670.481358352,1.0899919576118837,0.5393258426966292,3157.0469798657714
6.2,684,125188,80.5,54.0,54.0,274.75,502.10000000000196,34649.335710133026,1.648136396327791,0.5233918128654971,3145.1612903225805
6.94,681,128855,60.0,54.0,54.0,292.0,508.0,41826.952568240966,0.639877316228874,0.5770925110132159,3034.5821325648417
3.54,256,52126,60.0,54.0,54.0,267.0,590.0,52153.056579589844,0.1833102540237452,0.5625,2271.186440677966
3.11,608,150800,78.0,54.0,60.0,328.0,637.0,90379.2953601108,2.186543825543065,0.5279605263157895,5691.318327974277
8.23,811,133160,78.0,54.0,60.0,227.0,364.0,25109.104799755525,1.0062374760821418,0.5265104808877928,2930.741190765492
5.37,309,53898,60.0,54.0,54.0,220.0,472.0,40241.500361328435,0.19818598137074006,0.598705501618123,1798.8826815642458
8.94,978,217912,83.0,54.0,54.0,297.0,550.6000000000015,66150.22917267827,1.4819699765370509,0.5337423312883436,3080.536912751678
7.75,670,153444,60.0,54.0,54.0,292.0,581.0000000000002,106866.51299621296,0.9136008779587459,0.5746268656716418,2647.7419354838707
1.87,111,17966,60.0,54.0,54.0,198.0,400.0,33895.99724048374,0.22945322657907344,0.5945945945945946,1957.2192513368982
3.15,219,40399,60.0,54.0,54.0,220.0,508.0,54353.52765788871,0.20135006542167241,0.5844748858447488,2133.3333333333335
2.42,507,111817,112.0,54.0,60.0,298.0,508.0,48498.37013954538,3.012091855041263,0.47731755424063116,5727.272727272727
4.31,543,85157,83.0,54.0,54.0,256.0,299.0,21981.645906887934,1.3904390298675051,0.5359116022099447,3605.568445475638
4.39,279,42847,60.0,54.0,54.0,220.0,400.0,29273.778651353397,0.24356406907560585,0.6308243727598566,2022.7790432801826
7.19,1002,186757,112.0,54.0,60.0,292.0,477.9,31470.27651782264,1.6878472122276273,0.49500998003992014,3796.9401947148817
5.19,884,187248,83.0,54.0,60.0,301.0,523.0,38210.08715014025,2.461593921579502,0.504524886877828,4878.612716763006
1.09,39,4842,66.0,54.0,54.0,112.0,275.8000000000003,14773.207100591711,0.998349153941395,0.6410256410256411,1100.9174311926604
0.3,7,696,54.0,54.0,54.0,130.0,176.8,3615.673469387755,0.45,0.5714285714285714,800.0
5.23,271,41988,60.0,54.0,54.0,184.0,436.0,26402.663961547365,0.23327263114609645,0.6088560885608856,1606.1185468451242
5.1,338,79654,60.0,54.0,54.0,325.75,616.0,94443.47204229543,0.15490793098448602,0.5946745562130178,2082.3529411764707
2.12,676,137276,112.0,54.0,60.0,297.0,450.0,55992.2730646686,1.774373484236055,0.49556213017751477,9028.301886792453
9.06,1258,264839,83.0,54.0,54.0,292.0,544.0,58742.71525006256,1.1829069269064654,0.5111287758346582,3986.754966887417
8.01,1220,208525,83.0,54.0,60.0,267.0,367.6000000000049,26187.393116769683,1.673397435897436,0.5098360655737705,4382.0224719101125
8.21,1277,228744,83.0,54.0,60.0,220.0,400.0,54962.005247959656,2.1025811439499775,0.5097885669537979,4472.594397076736
6.85,850,489371,83.0,54.0,54.0,472.0,2958.0,947055.7568290659,4.855611262010458,0.5141176470588236,3538.6861313868612
7.15,1136,242325,83.0,54.0,60.0,297.0,472.0,97138.93381072082,1.601225874321046,0.5123239436619719,4548.251748251748
7.97,725,133723,60.0,54.0,54.0,292.0,472.0,41867.913238525565,0.8297916011001492,0.5751724137931035,2838.1430363864492
9.04,1100,199815,78.0,54.0,60.0,292.0,400.0,34891.42931818182,1.5126692906454737,0.5309090909090909,3637.168141592921
7.62,1180,306604,148.0,54.0,60.0,380.0,590.0,83986.76902039646,2.312453409103186,0.46271186440677964,3960.6299212598424
8.84,1010,208695,83.0,54.0,54.0,292.0,472.0,55302.28689834329,0.948144690781797,0.5415841584158416,3230.7692307692305
6.84,740,167259,78.0,54.0,54.0,297.0,547.6000000000008,92676.74663805695,1.518316093771173,0.5337837837837838,3149.122807017544
9.87,936,190783,66.0,54.0,54.0,292.0,544.0,54182.02917374352,0.9413572395266248,0.5555555555555556,2869.3009118541036
2.82,171,32264,60.0,54.0,54.0,220.0,544.0,55400.838069833444,0.18075022872827082,0.6491228070175439,1914.8936170212767
9.11,865,176118,78.0,54.0,54.0,256.0,498.40000000000055,72668.79165491665,1.3667638719041029,0.5583815028901734,2785.949506037322
5.11,594,114457,78.0,54.0,54.0,266.0,472.0,46733.2649531227,1.1752028734867634,0.5404040404040404,3440.3131115459882
5.11,650,130424,83.0,54.0,60.0,298.0,447.7000000000006,40159.84218698225,1.8820435762584522,0.5107692307692308,3569.4716242661448
8.89,678,106345,60.0,54.0,54.0,220.0,400.0,25845.85833964201,0.42769879307798675,0.5988200589970502,2416.1979752530933
6.45,576,94261,60.0,54.0,54.0,256.0,400.0,26088.59975103684,1.0517391493622394,0.5520833333333334,2716.279069767442
0.93,83,9195,60.0,54.0,54.0,112.0,256.0,10161.013209464363,0.34312007011393514,0.7228915662650602,3032.258064516129
5.26,688,149899,83.0,54.0,54.0,297.0,528.4000000000012,57360.35246881759,1.8903993366884557,0.5087209302325582,3730.0380228136887
7.89,616,107100,60.0,54.0,54.0,249.25,418.0,50595.04309327036,0.6668741829048123,0.5892857142857143,2471.4828897338402
9.92,1939,482435,112.0,54.0,60.0,298.0,509.0,147942.75765249602,3.234969319767901,0.47653429602888087,5292.3387096774195
9.68,942,171724,78.0,54.0,54.0,280.0,469.2999999999994,36708.16642550295,1.132608074711573,0.5403397027600849,2882.2314049586776
4.17,806,220918,112.0,54.0,60.0,398.0,678.0,161704.6615458503,2.330388639310158,0.47022332506203474,5237.410071942447
6.0,854,192778,91.0,54.0,55.5,328.0,611.0000000000014,54947.15713353335,2.041621962764279,0.5046838407494145,4010.0
6.46,669,118004,112.0,54.0,54.0,267.0,398.0,25413.905760332105,0.8001861146283047,0.49327354260089684,2832.8173374613007
6.36,638,116131,78.0,54.0,54.0,297.0,423.0,33763.62797387997,0.9164163833789895,0.5407523510971787,2990.5660377358486
2.79,333,61434,60.0,54.0,60.0,256.0,446.0,42828.0996672348,1.6619004289613934,0.5555555555555556,3655.9139784946237
3.86,480,82212,60.0,54.0,54.0,292.0,436.0,29320.386875,1.0053174622533356,0.56875,3823.8341968911923
5.21,311,62067,60.0,54.0,54.0,256.0,580.0,60101.48592342925,0.17680406507148003,0.6045016077170418,1888.6756238003838
7.57,719,132691,60.0,54.0,54.0,261.5,452.80000000000064,45874.542416159056,0.6144225036804516,0.5674547983310153,2956.4068692206074
8.33,1422,293852,83.0,54.0,60.0,256.0,400.0,107841.89365822588,2.632960375842245,0.5119549929676512,4833.13325330132
1.64,98,13902,60.0,54.0,54.0,112.0,299.0,105652.34693877556,1.2649071358748778,0.6836734693877551,2158.5365853658536
6.05,388,71605,60.0,54.0,54.0,220.25,508.0,48451.52595254544,0.19828971149340652,0.6056701030927835,2003.305785123967
5.43,504,84777,60.0,54.0,54.0,256.0,400.0,34694.12524801587,0.8619212861284371,0.5833333333333334,2883.977900552486
9.27,1087,209641,78.0,54.0,60.0,278.0,472.0,61583.984637376234,1.7556423097651064,0.5289788408463661,3430.42071197411
8.58,903,266685,83.0,54.0,54.0,364.0,652.0,229994.02916082606,2.0888127034132893,0.53156146179402,3048.9510489510494
2.64,144,18671,60.0,54.0,54.0,157.0,292.0,18807.50226658951,0.3594728411242173,0.6180555555555556,1727.272727272727
0.42,28,5216,107.0,54.0,54.0,301.0,364.0,22872.204081632655,0.17266187050359713,0.5,2000.0
9.07,1056,170084,83.0,54.0,60.0,256.0,364.0,25276.93335342057,1.252827889480516,0.5255681818181818,3367.144432194046
0.12,7,1088,60.0,54.0,57.0,158.0,371.2000000000001,29856.81632653061,0.11020408163265306,0.7142857142857143,2500.0
6.66,1117,208499,112.0,54.0,60.0,280.0,415.0,30344.8797897553,1.9555042100189948,0.495076096687556,4729.72972972973
3.81,504,97705,87.0,54.0,60.0,297.25,414.0,32145.232138920383,1.4071792850279632,0.503968253968254,3700.787401574803
8.06,581,130534,60.0,54.0,54.0,256.0,580.0,137008.67161787054,0.40566210439033845,0.6265060240963856,2263.0272952853597
6.75,1218,315354,148.0,54.0,60.0,328.0,580.0,89612.58655471701,2.649846068378047,0.45648604269293924,4675.555555555556
1.87,492,86095,112.0,54.0,60.0,220.0,422.0,29509.782417046732,2.5331172028890347,0.49796747967479676,7700.534759358288
4.33,661,86937,78.0,54.0,60.0,148.0,298.0,11175.226757239867,1.358381032471584,0.5279878971255674,4448.036951501154
3.33,434,100467,60.0,54.0,55.5,256.0,364.0,166714.54945422497,1.8898061324282345,0.5391705069124424,3981.981981981982
5.91,327,53016,60.0,54.0,54.0,220.0,400.0,31162.521729371827,0.24684854186265287,0.5932721712538226,1725.8883248730963
8.22,753,166369,83.0,54.0,54.0,300.0,561.6000000000015,72352.51185783646,0.9381742351872131,0.5564409030544488,2569.3430656934306
7.83,1292,307171,83.0,54.0,60.0,359.0,575.8000000000002,76266.77960286688,1.3918318084485108,0.5092879256965944,4666.666666666666
7.0,929,212120,112.0,54.0,60.0,298.0,511.4000000000008,114504.94282658646,2.0473508792092865,0.49192680301399355,3660.0
0.47,18,2655,66.0,54.0,54.0,211.0,307.70000000000005,15676.694444444445,0.22406639004149378,0.5555555555555556,1148.936170212766
9.24,569,90215,60.0,54.0,54.0,184.0,436.0,29773.801094016882,0.23965976859867535,0.5992970123022847,1928.5714285714287
1.85,290,50346,66.0,54.0,60.0,220.0,445.0,37737.8868489893,1.1216182048040455,0.5482758620689655,4735.135135135135
5.08,539,62246,60.0,54.0,60.0,112.0,256.0,9411.11060474114,0.7467168032326861,0.608534322820037,3649.6062992125985
9.12,1095,186952,83.0,54.0,60.0,256.0,365.80000000000007,24392.902830216215,1.4911322238064146,0.5232876712328767,3434.2105263157896
1.54,100,16078,60.0,54.0,54.0,220.0,403.6000000000003,26490.75160000001,0.21041933298200707,0.58,1987.012987012987
9.48,769,127581,60.0,54.0,54.0,220.0,400.0,35968.892158935065,0.4855901908499167,0.5864759427828349,2575.9493670886077
8.07,575,98082,60.0,54.0,54.0,220.0,472.0,38737.65966275992,0.22240362924835175,0.6086956521739131,2260.2230483271373
9.89,1032,175377,60.0,54.0,54.0,148.0,328.0,65556.15809502885,1.3720109283704827,0.5552325581395349,3282.103134479272
9.13,822,159320,78.0,54.0,54.0,292.0,472.0,42897.8605265183,0.6308063954797634,0.5498783454987834,2694.4140197152246
9.78,1064,232029,60.0,54.0,54.0,280.0,450.0,97528.8020936387,0.8813975739491438,0.5657894736842105,3337.423312883436
7.94,767,112608,60.0,54.0,54.0,220.0,300.0,19122.05355871009,0.9371419724415544,0.5723598435462842,3060.4534005037785
2.93,184,28075,60.0,54.0,54.0,220.0,364.0,27130.841180293002,0.21975061910761612,0.5815217391304348,1965.8703071672355
6.08,1701,378973,112.0,54.0,60.0,298.0,544.0,59492.830090264026,3.2229168059548483,0.448559670781893,7203.9473684210525
5.58,306,53361,60.0,54.0,54.0,198.25,456.0,48677.5302768166,0.23818915908669017,0.5915032679738562,1720.4301075268818
1.37,91,13573,78.0,54.0,54.0,184.0,328.0,25325.558748943364,0.2276591895803184,0.5934065934065934,1970.802919708029
5.33,594,125092,93.0,54.0,54.0,328.0,463.9000000000012,46577.04277341314,1.1433809670676125,0.5016835016835017,3174.484052532833
5.41,491,77541,60.0,54.0,54.0,220.0,328.0,61807.11244768355,0.7381197883977405,0.6109979633401222,2905.730129390018
8.51,910,197935,83.0,54.0,54.0,328.0,526.0000000000005,75675.32900012076,1.3297982532545494,0.5318681318681319,3052.878965922444
9.02,1087,208299,78.0,54.0,60.0,266.0,454.0,42492.70846645435,1.4074129721233415,0.5234590616375345,3525.4988913525503
0.62,239,75981,148.0,54.0,60.0,400.0,526.4000000000003,237105.52784440052,5.353988961364776,0.4309623430962343,9483.870967741936
6.22,470,86165,60.0,54.0,54.0,220.0,400.0,96051.74868718877,0.5784604675020151,0.6085106382978723,2363.3440514469457
6.12,1246,264577,148.0,54.0,60.0,298.0,483.0,37685.72715579099,2.0881110229235724,0.4695024077046549,5470.588235294117
6.33,650,115228,72.0,54.0,54.0,256.0,472.0,35787.55885443786,0.8534937588469952,0.5615384615384615,3080.568720379147
9.45,536,77871,60.0,54.0,54.0,184.0,346.0,21905.351606009135,0.2659481076863051,0.5970149253731343,1784.126984126984
7.14,466,71340,60.0,54.0,54.0,184.0,400.0,27115.009044189424,0.2284115368058545,0.6223175965665236,2042.0168067226891
7.38,721,140593,78.0,54.0,54.0,297.0,448.0,47691.2787717783,0.9632877630531622,0.5381414701803051,2902.439024390244
7.12,1229,275995,112.0,54.0,60.0,292.0,564.0,64683.319316676374,2.3750535004585753,0.4947111472742067,4769.662921348315
8.3,794,148864,78.0,54.0,54.0,297.0,472.0,38450.3178181449,1.0457625022331551,0.5277078085642317,2797.590361445783
4.18,261,47974,60.0,54.0,54.0,292.0,472.0,39326.20851132545,0.1868583162217659,0.5938697318007663,1937.799043062201
1.05,49,8160,60.0,54.0,54.0,256.0,443.2000000000001,26532.902124114953,0.19894210990302674,0.5714285714285714,1485.7142857142856
2.65,759,240714,112.0,54.0,60.0,328.0,468.0,350763.61892858817,5.146621725141719,0.463768115942029,7698.11320754717
8.7,511,88606,60.0,54.0,54.0,220.0,436.0,40851.953730262976,0.20981990469558567,0.5968688845401174,1855.1724137931035
8.0,535,115747,60.0,54.0,54.0,256.0,510.4000000000001,142951.3824997816,0.47819368351148744,0.5925233644859813,2092.5
7.47,1544,332813,112.0,54.0,60.0,298.0,511.4000000000001,46272.164346274396,2.5400365902950623,0.4792746113989637,5638.55421686747
3.68,221,36510,66.0,54.0,54.0,184.0,544.0,32342.940439384944,0.22479787983494917,0.583710407239819,1809.782608695652
8.15,866,161355,83.0,54.0,54.0,269.0,436.0,39175.00821514862,0.9427019998314411,0.5288683602771362,3047.852760736196
0.72,49,7267,83.0,54.0,54.0,220.0,293.0,17750.457309454392,0.24648370497427102,0.5510204081632653,2000.0
1.23,289,74961,112.0,54.0,60.0,364.0,724.0,86383.11464182661,3.2649635867091487,0.4740484429065744,6146.341463414634
0.01,14,7601,332.0,55.8,212.25,741.0,980.1000000000003,279408.35204081633,11.501644736842104,0.21428571428571427,18000.0
2.26,431,81997,112.0,54.0,60.0,292.0,433.0,29687.39312342203,2.9281881766791225,0.46867749419953597,5097.345132743364
1.81,109,11548,60.0,54.0,54.0,112.0,227.2000000000001,7235.721740594226,0.7441474097568344,0.6605504587155964,1922.6519337016573
0.03,2,282,141.0,135.4,137.5,144.5,146.6,49.0,282,0.0,0.0
9.96,1338,292379,112.0,54.0,60.0,292.0,486.0,57494.32436081337,2.522086902051486,0.4880418535127055,3722.89156626506
1.08,75,8766,60.0,54.0,54.0,122.5,241.6000000000003,11685.7856,0.3714017521902378,0.6266666666666667,2166.6666666666665
6.63,998,143841,60.0,54.0,60.0,184.0,328.0,21977.192711073454,1.4846009016634136,0.5591182364729459,4660.633484162896
7.24,799,149847,83.0,54.0,54.0,267.0,436.0,32491.88768501302,1.4835421638822595,0.5269086357947435,3157.4585635359113
9.46,1425,285467,83.0,54.0,60.0,297.0,416.0,66622.26944216683,2.5066640460894027,0.503859649122807,4205.07399577167
5.16,770,128597,83.0,54.0,60.0,256.0,422.0,24818.88433293979,1.7778329805158335,0.5038961038961038,4313.953488372093
3.35,776,156078,112.0,54.0,60.0,258.5,590.0,47615.04200100966,0.46756055363321797,0.4832474226804124,6340.298507462687
7.5,1625,1374007,184.0,54.0,60.0,1494.0,2974.0,1356324.8697092542,7.612951958276917,0.44676923076923075,5528.0
2.41,500,141317,112.0,54.0,60.0,400.0,852.0,108103.96004400002,4.070031930542101,0.476,5526.970954356846
1.2,227,26109,60.0,54.0,60.0,112.0,204.4,18145.233169671446,0.9133079290634618,0.5550660792951542,5900.0
6.06,580,130933,78.0,54.0,54.0,297.0,644.8000000000002,72931.52369500593,1.4516992790937178,0.5482758620689655,2831.683168316832
4.44,289,46920,60.0,54.0,54.0,220.0,328.0,36155.57093425606,0.21977850569333957,0.5778546712802768,2027.0270270270266
3.48,617,205271,87.0,54.0,60.0,297.0,633.0,393451.6620601068,3.8747536156166142,0.5056726094003241,4810.3448275862065
0.21,24,2760,97.5,54.0,54.0,126.25,244.19999999999993,6199.0,0.41321044546851,0.5,2857.142857142857
0.25,21,1719,60.0,54.0,54.0,112.0,112.0,1015.1700680272108,0.49478260869565216,0.6666666666666666,2640.0
8.81,554,86713,60.0,54.0,54.0,184.0,400.0,29496.31812287401,0.23310248716599594,0.592057761732852,1968.2179341657206
7.84,696,126763,60.0,54.0,54.0,220.0,475.0,50206.484341970536,0.8640247040658775,0.5761494252873564,2739.7959183673474
3.88,450,73305,78.0,54.0,60.0,266.0,301.0000000000007,21363.574444444443,1.278959149412423,0.52,3448.453608247423
9.12,977,175858,78.0,54.0,54.0,256.0,436.0,32930.143291612934,1.4694995225523788,0.5301944728761515,3151.315789473684
6.19,719,107498,78.0,54.0,54.0,184.0,298.0,23316.58646977238,0.8399630288922361,0.5493741307371349,3334.410339256866
3.54,218,39336,60.0,54.0,54.0,184.0,518.8000000000004,51236.778553993776,0.20326695420758006,0.6100917431192661,1915.2542372881355
6.12,639,117832,60.0,54.0,54.0,266.0,508.0,44791.07580555494,0.6391280760081796,0.5774647887323944,3225.490196078431
4.25,303,59892,60.0,54.0,54.0,256.0,508.0,69753.39162827174,0.18612112330177843,0.6270627062706271,2244.7058823529414
6.97,466,103546,60.0,54.0,54.0,292.0,616.0,78016.07089834037,0.15855664335664335,0.5815450643776824,2100.4304160688666
4.91,315,70470,60.0,54.0,54.0,299.0,616.0,73522.2231292517,0.15625051274057788,0.5904761904761905,1979.6334012219957
9.95,1406,430304,83.0,54.0,60.0,310.0,688.0,275544.3973764136,3.201325899961922,0.5163584637268848,4016.0804020100504
6.04,719,125321,78.0,54.0,54.0,292.0,374.8000000000002,26229.29723131919,1.1051031378082377,0.5438108484005564,3456.953642384106
5.87,676,134205,78.0,54.0,54.0,297.0,508.0,41785.843884580376,1.3492394139373676,0.5236686390532544,3342.4190800681426
1.1,82,12527,80.5,54.0,54.0,184.0,468.4000000000002,24263.49509220702,0.8991813220133414,0.5975609756097561,2181.818181818182
0.49,49,7740,83.0,54.0,54.0,256.0,342.4000000000002,22319.998334027485,0.344683808200139,0.5918367346938775,2816.3265306122453
8.46,504,75545,60.0,54.0,54.0,184.0,364.0,26093.58134526959,0.254191984593419,0.6011904761904762,1872.3404255319147
2.19,129,25272,60.0,54.0,54.0,256.0,551.2,78150.9835947359,0.3134452471285276,0.6356589147286822,1835.6164383561645
6.47,715,123109,60.0,54.0,60.0,220.0,328.0,62421.68912709668,1.57227329711659,0.5650349650349651,3421.9474497681613
4.24,642,133816,83.0,54.0,55.5,360.0,504.3999999999992,40620.978008753795,1.6591419430479104,0.5093457943925234,4231.132075471698
4.35,326,60613,60.0,54.0,54.0,256.0,472.0,49635.9060653393,0.20182813181583853,0.588957055214724,2344.8275862068967
1.47,73,14554,60.0,54.0,54.0,256.0,544.0,41686.260461625076,0.19471351173863077,0.5205479452054794,1551.0204081632653
0.54,42,7835,60.0,54.0,54.0,220.0,572.8,43693.676303854874,0.19618320610687023,0.5714285714285714,2444.4444444444443
3.47,184,37978,60.0,54.0,54.0,256.0,569.2000000000006,70245.9904300567,0.1518956627236882,0.6032608695652174,1694.5244956772335
5.97,776,171963,83.0,54.0,60.0,364.0,580.0,56217.061800868854,1.3363268300635835,0.5219072164948454,3748.7437185929653
3.83,581,76381,60.0,54.0,60.0,112.0,297.0,30321.997464162032,1.4514089479427434,0.5679862306368331,4809.399477806788
8.33,773,126068,60.0,54.0,54.0,256.0,400.0,24753.504321965964,0.9820765989560405,0.5523932729624839,2823.529411764706
8.79,1034,225623,83.0,54.0,60.0,297.0,572.2000000000003,51102.01348446812,2.1510271915981174,0.5067698259187621,3310.580204778157
1.82,64,6481,60.0,54.0,54.0,148.0,177.10000000000008,3797.663818359375,0.4073832790445168,0.5625,1120.8791208791208
8.98,806,123304,60.0,54.0,54.0,220.0,328.0,22439.396720625085,0.7167759631315874,0.56575682382134,2792.8730512249444
6.94,646,111471,78.0,54.0,54.0,256.0,436.0,27534.64937121989,1.0376748012064712,0.5510835913312694,2757.9250720461096
6.42,1711,20108559,5894.0,54.0,74.0,19034.0,29254.0,218113312.22628292,241.34186993829542,0.29164231443600236,3495.3271028037384
5.66,1715,5778861,4434.0,54.0,112.0,5894.0,5894.0,8960182.398947377,96.0242440523161,0.23090379008746356,3911.660777385159
7.34,1329,446547,112.0,54.0,60.0,298.0,652.0,416741.8848707509,5.169906735751296,0.4717832957110609,4822.888283378747
0.92,86,12391,69.0,54.0,54.0,211.0,328.0,17537.35383991347,0.32936380216714944,0.6046511627906976,2804.3478260869565
3.55,179,28305,60.0,54.0,54.0,166.0,443.2000000000006,29673.86617146781,0.21340078021177178,0.6312849162011173,1571.8309859154929
6.15,725,112902,60.0,54.0,60.0,220.0,385.0,21190.54334554102,1.4379089201269677,0.5406896551724137,3570.731707317073
3.02,174,23957,60.0,54.0,54.0,184.0,328.0,15170.032269784651,0.2965147743262258,0.603448275862069,1768.2119205298013
7.13,1108,1885572,313.0,54.0,60.0,4434.0,4434.0,3749214.3395912885,38.436387593332356,0.35379061371841153,2920.056100981767
6.58,2127,5496816,2974.0,60.0,112.0,4434.0,4434.0,3702817.9278720836,80.42827938671209,0.21297602256699577,3820.6686930091187
7.06,1003,193409,112.0,54.0,60.0,297.0,436.0,38370.423914696585,2.018808141349816,0.4965104685942173,3926.345609065156
7.84,1544,2994094,267.0,54.0,60.0,4434.0,5894.0,6312275.62690777,34.324791467572766,0.35233160621761656,3818.8775510204086
5.44,2287,5516762,2974.0,60.0,510.0,2974.0,4434.0,2308016.5783446636,115.37510811095876,0.16134674245736774,3827.205882352941
8.66,2052,3797982,476.0,54.0,60.0,4434.0,4434.0,3464778.5947727505,43.74478387389404,0.30116959064327486,3983.8337182448035
7.42,1631,1946169,184.0,54.0,60.0,2974.0,4434.0,2984364.2297041416,29.542514124293785,0.36541998773758433,4447.43935309973
1.72,95,21224,78.0,54.0,54.0,281.0,472.0,116836.57883656511,0.8660101986987867,0.5263157894736842,1604.6511627906978
8.89,1059,157937,60.0,54.0,60.0,173.0,374.0,28227.790247003744,1.2049001814882032,0.5476864966949953,3691.788526434196
6.1,380,55691,60.0,54.0,54.0,181.0,400.0,25475.610103878113,0.2339034873930961,0.6131578947368421,2006.5573770491806
6.01,1033,233305,112.0,54.0,60.0,297.0,447.0,132666.17070553626,2.9507061333694584,0.4782187802516941,4782.029950083194
0.88,98,14165,60.0,54.0,60.0,148.0,329.0,22590.16670137443,1.3826745164003365,0.6122448979591837,3886.3636363636365
9.29,832,148065,80.5,54.0,54.0,267.0,468.3999999999992,32769.98058287491,1.4042770849571318,0.5240384615384616,2544.671689989236
1.81,108,12571,60.0,54.0,54.0,157.0,292.0,7572.998885459534,0.3850815337152931,0.6018518518518519,1889.5027624309391
0.5,55,8366,60.0,54.0,54.0,97.5,364.0,46505.29719008264,0.2772519083969466,0.7454545454545455,3360.0
9.21,1326,389328,112.0,54.0,60.0,329.0,760.0,162969.06274782796,3.149202830590843,0.4917043740573152,3869.706840390879
6.16,401,75467,60.0,54.0,54.0,292.0,472.0,46650.99111323935,0.19845958392885502,0.5785536159600998,2025.9740259740258
8.82,1034,218111,78.0,54.0,54.0,292.0,436.0,109149.63555271635,1.91047504670403,0.5338491295938105,3435.374149659864
7.7,1090,281700,91.0,54.0,60.0,328.0,710.0,107279.7491961956,2.134039428596858,0.5073394495412844,3966.2337662337663
1.88,353,66921,83.0,54.0,60.0,328.0,436.0,33099.5810414978,1.8094458438287153,0.5155807365439093,5457.446808510639
1.23,93,11393,83.0,54.0,54.0,112.0,292.0,10733.239218406752,0.5615405701754386,0.6236559139784946,2146.341463414634
5.07,298,45217,60.0,54.0,54.0,184.0,400.0,23223.523681365703,0.2463340683572216,0.6040268456375839,1881.6568047337278
2.91,229,58063,74.0,54.0,54.0,220.0,623.2000000000006,166076.77149558556,0.18551565020315658,0.5676855895196506,2350.5154639175257
6.42,501,91930,60.0,54.0,54.0,256.0,472.0,48297.711029039725,0.22876428523691772,0.592814371257485,2392.5233644859813
7.47,804,147297,78.0,54.0,54.0,292.0,436.0,41327.92678863147,0.9961918443128379,0.5621890547263682,3220.883534136546
8.97,1361,250939,112.0,54.0,60.0,292.0,436.0,39840.1235304248,1.7537887517146777,0.4878765613519471,4187.290969899665
7.57,1240,439615,112.0,54.0,60.0,297.0,581.6000000000022,428865.34597749735,2.979100478815362,0.4685483870967742,4303.830911492734
0.95,73,16646,60.0,54.0,60.0,148.0,297.0,309286.3554137736,2.707349665924276,0.6164383561643836,2589.4736842105267
5.68,380,71557,66.0,54.0,54.0,292.0,472.60000000000014,42681.76046398892,0.2209841995700099,0.5657894736842105,2017.605633802817
9.61,1516,322194,112.0,54.0,60.0,297.0,532.0,49961.09480406013,1.7695124467060928,0.4967018469656992,4351.71696149844
6.81,518,89007,60.0,54.0,54.0,220.0,400.0,39007.41256466063,0.44505958372568755,0.5733590733590733,2431.718061674009
0.18,10,1304,83.0,54.0,54.0,140.5,328.0,10807.84,0.2611218568665377,0.5,1666.6666666666667
0.15,2,166,83.0,59.8,68.5,97.5,106.2,841.0,0.48214285714285715,0.5,400.0
9.64,968,393025,78.0,54.0,54.0,292.0,874.0,634864.1391543867,2.8409479599315905,0.5361570247933884,3006.224066390041
8.91,831,160525,78.0,54.0,54.0,297.0,436.0,49802.60858635226,0.966904782326345,0.5451263537906137,2747.474747474748
7.19,1064,219998,91.0,54.0,60.0,322.0,518.0,45302.557574622646,1.4388940623475677,0.5028195488721805,4063.977746870654
5.75,375,72415,60.0,54.0,54.0,256.0,586.0000000000002,54483.44995555556,0.18753997277751358,0.5973333333333334,2013.9130434782608
0.78,56,9496,60.0,54.0,54.0,176.5,400.0,46945.10204081633,0.23452938117524702,0.625,2384.6153846153843
7.8,507,89197,60.0,54.0,54.0,256.0,436.0,43066.06032312905,0.20078888559812605,0.5976331360946746,2069.230769230769
1.39,632,126408,141.0,54.0,60.0,297.0,426.0,39899.81946002243,3.174085325584467,0.4525316455696203,11956.834532374101
7.69,1424,237875,91.0,54.0,60.0,256.0,328.0,25490.763937930027,1.9458569146367137,0.5014044943820225,5165.149544863459
0.41,36,4426,69.0,54.0,54.0,155.25,295.0,9619.719135802468,0.3485679463741621,0.6111111111111112,2634.146341463415
7.83,472,78069,60.0,54.0,54.0,220.0,413.5000000000005,33210.901101515374,0.22983978953669718,0.5953389830508474,1923.3716475095785
1.15,78,11007,60.0,54.0,54.0,112.0,364.0,28973.563609467437,0.2864656381486676,0.6923076923076923,2139.130434782609
4.23,623,123319,74.0,54.0,54.0,220.0,444.0000000000007,118527.27292729996,1.4255817155445407,0.536115569823435,4411.347517730496
5.93,357,66218,60.0,54.0,54.0,220.0,544.0,50820.647521753795,0.19238664601865524,0.6162464985994398,1892.0741989881958
3.25,216,40104,60.0,54.0,54.0,220.0,436.0,50837.24074074073,0.19670565767486273,0.5648148148148148,2067.6923076923076
8.51,1713,359302,112.0,54.0,60.0,298.0,483.0,50651.537105933174,2.446244448920477,0.4915353181552831,5541.71562867215
4.11,474,77991,83.0,54.0,60.0,148.0,364.0,48218.134633872774,0.8631390348781653,0.5379746835443038,3313.8686131386858
7.11,1011,207405,60.0,54.0,60.0,184.0,425.0,179980.13624609998,2.6481566171814537,0.5390702274975272,4329.113924050633
1.6,122,17756,60.0,54.0,54.0,148.0,255.30000000000004,44984.87127116367,0.28834711943114205,0.6721311475409836,2362.5
7.52,487,70716,60.0,54.0,54.0,216.0,364.0,19036.267050078215,0.25034920522658555,0.5872689938398358,2050.5319148936173
4.05,487,87899,60.0,54.0,54.0,267.0,447.00000000000017,41648.91521235912,1.1844773597097271,0.5708418891170431,3733.333333333334
9.37,1818,493463,112.0,54.0,60.0,328.0,544.0,180831.11443473827,3.297335191152138,0.47854785478547857,5257.2038420490935
9.88,709,97563,60.0,54.0,54.0,148.0,292.0,21581.443173702606,0.5684361134332198,0.5923836389280677,2307.6923076923076
7.76,969,185649,112.0,54.0,60.0,266.0,436.0,37621.89133733988,1.3265743467635818,0.49226006191950467,3556.7010309278353
6.34,744,240107,83.0,54.0,60.0,148.0,300.0,526260.057143528,5.413285611260984,0.510752688172043,3350.1577287066248
2.76,146,19906,60.0,54.0,54.0,184.0,328.0,18030.142991180335,0.4186145952109464,0.6232876712328768,1695.6521739130435
7.33,762,147836,83.0,54.0,54.0,297.0,472.0,42286.10225198228,1.1496226716880171,0.536745406824147,3012.2783083219642
8.7,1186,196697,60.0,54.0,60.0,220.0,439.0,33005.59357839778,1.1549931525609423,0.551433389544688,4151.724137931034
6.12,377,54755,60.0,54.0,54.0,220.0,328.0,20917.19499890944,0.25538793103448276,0.5994694960212201,1941.1764705882351
8.15,887,178931,83.0,54.0,54.0,297.0,541.4,51351.81333529917,1.8560415003990423,0.5276211950394588,3092.0245398773004
3.01,192,26779,60.0,54.0,54.0,184.0,292.0,18837.301405164933,0.2997621705576858,0.5625,1953.4883720930234
2.78,277,60072,60.0,54.0,54.0,328.0,552.0,69717.95688722646,0.15536408047082356,0.6028880866425993,3021.5827338129498
0.36,184,56911,148.0,54.0,60.0,400.0,571.6000000000005,223220.7313031664,4.118816333872998,0.43478260869565216,13000.0
8.99,690,122956,60.0,54.0,54.0,188.5,400.0,87836.26549884478,0.7099546630322922,0.6057971014492753,2436.040044493882
3.62,409,73800,60.0,54.0,60.0,256.0,335.1999999999996,50775.70851441586,1.1191064147476024,0.5476772616136919,3497.2375690607732
1.61,97,12917,60.0,54.0,54.0,184.0,328.0,12889.395472420021,0.26130260716726883,0.5773195876288659,1900.6211180124224
1.9,107,13841,60.0,54.0,54.0,148.5,324.4000000000004,12357.74303432614,0.2658679348820194,0.5887850467289719,1736.8421052631581
4.67,664,114822,83.0,54.0,60.0,292.0,364.0,21410.690112861084,1.7444428509967016,0.5120481927710844,3944.325481798715
3.31,194,27984,60.0,54.0,54.0,175.0,400.0,20442.949091295566,0.2815533980582524,0.6030927835051546,1830.8157099697885
7.78,527,95090,60.0,54.0,54.0,220.0,480.0000000000007,48957.14538993046,0.1917234810507319,0.603415559772296,2167.095115681234
0.53,28,7366,66.0,54.0,54.0,364.0,547.6000000000001,119377.85204081637,0.11437216338880483,0.5357142857142857,1584.9056603773583
1.45,160,44842,148.0,54.0,54.0,364.0,799.5999999999998,93625.46859374999,1.545671302866875,0.43125,2689.655172413793
4.75,947,490765,83.0,54.0,60.0,300.0,2854.0,824622.2981571326,8.328536942348267,0.5047518479408659,5621.0526315789475
4.2,256,40199,60.0,54.0,54.0,184.5,328.0,62360.917221069336,0.4774698618053514,0.6015625,1885.7142857142856
4.37,274,45347,60.0,54.0,54.0,204.25,451.4000000000004,31466.58576642336,0.2397003745318352,0.5875912408759124,1963.3867276887872
8.91,1247,301231,83.0,54.0,60.0,297.0,508.0,129553.05898422452,2.301812960364784,0.51242983159583,3925.925925925926
7.36,1142,250640,112.0,54.0,60.0,266.0,543.7000000000003,60116.808024144186,2.8017807575045124,0.45971978984238177,4067.9347826086955
4.21,331,62041,60.0,54.0,54.0,220.0,472.0,78220.85001049645,0.27927500670144545,0.622356495468278,2565.3206650831353
2.51,249,41904,60.0,54.0,60.0,184.0,452.00000000000045,35250.32602699956,1.038330576904368,0.5582329317269076,3179.282868525897
3.85,400,71001,60.0,54.0,58.5,256.0,472.0,33215.469993750005,1.51170935333239,0.5525,3194.805194805195
7.81,1013,185855,83.0,54.0,60.0,220.0,394.8000000000018,54780.82757323599,1.8920546495705215,0.5153010858835143,3718.30985915493
0.25,21,2156,60.0,54.0,54.0,93.0,256.0,7084.126984126982,0.3341584158415842,0.7619047619047619,3120.0
7.18,895,277556,112.0,54.0,60.0,297.0,652.0,321797.61278861464,3.353205037720165,0.49050279329608937,3384.4011142061286
2.79,380,67794,60.0,54.0,60.0,148.0,297.0,170204.7041828255,2.145309455321518,0.618421052631579,4580.645161290323
4.23,256,38113,60.0,54.0,54.0,184.0,400.0,22758.62986755371,0.24556358050916696,0.6015625,1900.7092198581558
4.55,582,126154,112.0,54.0,60.0,298.0,458.0,51342.828733718314,2.0460944102378367,0.49140893470790376,3494.5054945054944
2.37,436,91322,112.0,54.0,60.0,364.0,495.0,37192.266244423874,2.36596513213667,0.48623853211009177,5088.607594936709
9.61,1323,372029,83.0,54.0,60.0,292.0,616.0,289886.9754486157,3.0600336127117163,0.5200302343159486,3908.428720083247
1.21,103,16126,60.0,54.0,54.0,202.0,400.0,23952.925629182773,0.24727357104184391,0.5825242718446602,2578.512396694215
9.02,992,207810,78.0,54.0,54.0,266.0,447.0,121130.25383308402,1.4615621520456752,0.5655241935483871,3246.1197339246123
4.26,554,118722,112.0,54.0,60.0,298.0,509.0,41048.754981819126,1.7003138789064276,0.4747292418772563,3478.87323943662
0.63,235,82522,184.0,54.0,60.0,496.0,688.0,214035.21350837484,4.938543465745538,0.4297872340425532,8857.142857142857
4.37,636,137608,83.0,54.0,60.0,292.0,380.5,95952.53045765594,2.318334177337288,0.5047169811320755,4077.803203661327
8.13,717,104556,60.0,54.0,54.0,220.0,311.7999999999994,21179.338713724665,0.6352460939332801,0.5774058577405857,2715.8671586715864
7.27,653,110198,60.0,54.0,54.0,220.0,436.0,46051.38787877367,0.5782252520623281,0.5895865237366003,2847.317744154058
2.29,117,18096,60.0,54.0,54.0,184.0,328.0,30187.059829059835,0.22080550495851042,0.5897435897435898,1624.4541484716156
2.75,183,30561,60.0,54.0,54.0,220.0,436.0,32653.081967213115,0.2206334624755362,0.5792349726775956,2116.3636363636365
9.56,764,106528,60.0,54.0,54.0,184.0,328.0,18851.837339985195,0.5911575802837938,0.5785340314136126,2491.6317991631795
2.98,489,97373,112.0,54.0,60.0,296.0,540.0,41012.80601034623,2.5045168256253376,0.49284253578732107,4510.06711409396
9.21,694,104921,60.0,54.0,54.0,184.0,400.0,25479.71146882708,0.4887268186784341,0.5893371757925072,2390.8794788273613
4.04,208,45227,60.0,54.0,54.0,292.0,590.0,74309.62109375,0.1671785078324602,0.6009615384615384,1648.5148514851487
0.3,22,7723,72.5,54.0,54.0,661.0,862.4000000000001,180829.31611570253,0.08332164398933932,0.5454545454545454,2200.0
6.54,694,139231,60.0,54.0,54.0,292.0,508.0,65004.23246808795,0.9392854655616686,0.5634005763688761,3247.706422018349
5.92,527,97355,93.0,54.0,54.0,297.0,436.0,33290.89337447655,1.2802969972361455,0.5009487666034156,2554.054054054054
2.09,143,19482,66.0,54.0,54.0,184.0,364.0,15136.041371216197,0.28382207578253704,0.5944055944055944,2124.401913875598
3.31,373,61753,60.0,54.0,60.0,256.0,400.0,25465.12603411222,1.5575895630565335,0.5388739946380697,3407.85498489426
7.79,788,150837,109.0,54.0,60.0,292.0,436.0,41406.057916655926,1.8637036755771568,0.4987309644670051,2765.0834403080876
6.23,1416,813195,112.0,54.0,60.0,297.0,2958.0,995136.9574191445,9.909804395073653,0.4858757062146893,6211.878009630817
6.41,593,144938,83.0,54.0,54.0,256.0,1078.0,107898.27984723401,0.2193907168877933,0.5295109612141653,2658.3463338533543
8.28,784,133983,64.0,54.0,54.0,256.0,364.0,31559.21254002239,1.0811923327844917,0.5395408163265306,2847.826086956522
9.11,1379,343728,83.0,54.0,54.0,298.0,552.0,160074.14835292258,1.6412374461153074,0.5213923132704859,4392.974753018661
5.44,567,112081,83.0,54.0,54.0,229.0,378.4000000000012,75575.609591619,1.9362097872786335,0.544973544973545,3000.0
3.14,214,32554,60.0,54.0,54.0,184.0,400.0,26182.443182810723,0.23026340652280716,0.6121495327102804,2178.3439490445858
4.38,281,54795,60.0,54.0,54.0,256.0,508.0,55194.170818505336,0.1765653182169544,0.597864768683274,2041.095890410959
7.41,938,324279,112.0,54.0,54.0,436.0,1506.0,211606.35165893042,0.3643914117295612,0.47974413646055436,3425.1012145748987
8.52,1320,288437,83.0,54.0,60.0,292.0,552.0,109584.76195534895,1.5423927510555218,0.509090909090909,4422.535211267606
3.92,494,112681,78.0,54.0,54.0,436.0,552.0,65657.03267140914,0.18456961439804886,0.5688259109311741,3750.0000000000005
2.5,146,30564,60.0,54.0,54.0,247.0,552.0,67303.08819665978,0.21657445368785574,0.5616438356164384,1800.0
6.08,372,54480,60.0,54.0,54.0,184.0,364.0,23968.328303850154,0.2388012187912138,0.6209677419354839,1993.421052631579
3.69,212,39264,60.0,54.0,54.0,283.0,508.0,40430.98522605911,0.185686244904122,0.5943396226415094,1821.138211382114
0.91,50,10320,86.0,54.0,54.0,319.0,508.0,49197.0,0.1775445002282063,0.5,1648.3516483516482
6.58,408,66903,60.0,54.0,54.0,184.0,436.0,38936.2470624279,0.2466784682754123,0.6151960784313726,1969.6048632218847
1.56,318,60614,112.0,54.0,60.0,268.0,390.90000000000015,33702.02404968158,1.8193869482301503,0.48427672955974843,5615.384615384615
2.64,171,22048,60.0,54.0,54.0,184.0,292.0,14426.457850278717,0.5131425434081395,0.5906432748538012,2159.090909090909
3.12,443,167081,78.0,54.0,60.0,256.0,501.6000000000004,608009.5371084692,5.795778085089075,0.5417607223476298,4250.0
9.28,1055,202764,78.0,54.0,54.0,220.0,328.0,83687.76734934075,1.5439626618488407,0.5184834123222749,3355.6034482758623
4.49,434,56591,60.0,54.0,54.0,148.0,293.0,14136.275632313276,0.8668272085505048,0.5714285714285714,3046.7706013363027
9.7,878,197471,60.0,54.0,54.0,184.0,359.0,218451.4668471521,2.134062341289995,0.55125284738041,2764.9484536082477
8.04,677,116725,62.0,54.0,54.0,256.0,415.0,37050.620925143296,0.599936948297604,0.5612998522895125,2544.7761194029854
4.58,424,91763,60.0,54.0,54.0,220.0,472.0,150305.18733868815,1.0129203500998092,0.5943396226415094,2947.598253275109
2.31,123,14212,60.0,54.0,54.0,184.0,256.0,6422.8171062198435,0.3285968028419183,0.5853658536585366,1688.3116883116884
2.23,115,13532,60.0,54.0,54.0,154.0,256.0,7469.734291115312,0.3339905362776025,0.5739130434782609,1587.4439461883408
6.36,454,64686,60.0,54.0,54.0,219.25,298.0,17797.998505695825,0.6520917403075037,0.579295154185022,2273.584905660377
4.41,647,104224,60.0,54.0,60.0,148.0,387.0,60787.802130388984,1.7179888384707662,0.5347758887171561,4421.768707482994
1.17,60,7964,60.0,54.0,54.0,125.5,292.0,20333.695555555554,0.31505944517833556,0.6166666666666667,1641.025641025641
8.94,760,149445,60.0,54.0,54.0,292.0,540.0,56902.43617555401,0.9107437382532315,0.5592105263157895,2604.026845637584
8.26,1129,244251,83.0,54.0,60.0,297.0,401.8000000000004,121105.80544168905,2.190946502057613,0.5048715677590788,3769.9757869249397
9.53,734,144573,60.0,54.0,54.0,220.0,472.0,84190.05197343511,0.966524749377695,0.555858310626703,2329.485834207765
8.56,848,176681,66.0,54.0,54.0,266.0,508.0,74161.89974051042,1.0283214896621398,0.5471698113207547,2992.9906542056074
2.68,192,36577,60.0,54.0,54.0,196.0,576.4000000000002,62757.864556206594,0.17573127611700418,0.6197916666666666,2261.194029850746
4.55,793,181556,112.0,54.0,60.0,364.0,509.0,54065.22179092277,1.8358819762265506,0.48675914249684743,4918.681318681319
6.82,658,153701,60.0,54.0,54.0,270.0,580.0,164891.90788379632,1.163858033816221,0.574468085106383,2973.607038123167
1.03,261,55263,78.0,54.0,60.0,298.0,544.0,46328.32474567314,2.8236352314398396,0.5095785440613027,7514.563106796117
5.66,348,48623,60.0,54.0,54.0,184.0,328.90000000000003,17758.747019091028,0.26817245246602855,0.5890804597701149,1918.7279151943462
7.1,431,71676,60.0,54.0,54.0,184.0,436.0,36167.91366325547,0.22648870636550308,0.5893271461716937,1935.2112676056338
8.58,646,103082,60.0,54.0,54.0,220.0,400.0,25293.46186582829,0.6509761839934655,0.5696594427244582,2356.643356643357
5.07,586,113142,60.0,54.0,54.0,266.0,436.0,49094.68719495859,1.0930129307952716,0.5563139931740614,3502.9585798816565
7.63,1134,685208,148.0,54.0,60.0,508.0,2958.0,946348.1329438954,7.876671157632916,0.4559082892416226,3884.6657929226735
9.02,557,91383,60.0,54.0,54.0,188.0,328.0,83442.17738010439,0.5335291156234268,0.5906642728904847,1949.0022172949004
9.75,1019,231008,83.0,54.0,54.0,364.0,542.0,53601.171451932416,1.5142906898278152,0.5161923454367027,2898.4615384615386
5.64,529,82294,62.0,54.0,54.0,220.0,299.0,27660.07939508507,1.1193407159412825,0.5500945179584121,2851.063829787234
4.81,799,141758,112.0,54.0,60.0,266.5,381.0000000000009,24343.69279496743,1.9874607489831615,0.4655819774718398,4428.274428274429
8.4,866,150667,78.0,54.0,54.0,256.0,400.0,32237.43494951704,0.9175416491670166,0.5508083140877598,3085.7142857142853
3.41,179,33182,60.0,54.0,54.0,256.0,436.0,39196.424144065415,0.18009815776371008,0.5810055865921788,1636.3636363636365
8.48,1164,246057,112.0,54.0,60.0,298.0,539.0,52051.215381106755,2.0943949092646856,0.49140893470790376,3721.698113207547
4.41,517,90076,83.0,54.0,60.0,256.0,328.0,40003.36763577999,1.5009301163339535,0.5125725338491296,3455.78231292517
5.5,569,143173,83.0,54.0,54.0,292.0,616.0,152912.98727765234,2.30959315765141,0.5219683655536028,2956.3636363636365
1.55,342,45838,78.0,54.0,60.0,184.0,292.0,11065.695051468827,1.6418073886231341,0.52046783625731,6580.645161290323
3.45,271,43132,60.0,54.0,54.0,155.5,436.0,40334.030173881074,0.31427874946675605,0.6236162361623616,2626.086956521739
7.08,1033,258661,112.0,54.0,60.0,364.0,616.0,70663.62195093378,2.219939998257211,0.4753146176185866,3923.7288135593217
3.98,427,58389,60.0,54.0,54.0,184.0,298.0,12363.001552139263,1.03658876874782,0.5597189695550351,3286.4321608040204
3.68,245,41783,60.0,54.0,54.0,256.0,472.0,31630.419591836737,0.20415573935848294,0.5877551020408164,2086.9565217391305
8.85,771,100563,60.0,54.0,54.0,148.0,300.0,18036.053404795435,0.8688533729790002,0.5771725032425421,2793.220338983051
7.58,530,97039,60.0,54.0,54.0,266.0,482.6000000000006,42221.597112851545,0.20349493371035954,0.5962264150943396,2192.612137203166
3.81,526,93069,60.0,54.0,54.0,256.0,481.0,40943.53408680189,0.731290808638875,0.5570342205323194,4251.968503937008
1.72,126,17343,60.0,54.0,54.0,184.0,298.0,18182.99149659864,0.3087081195291277,0.5873015873015873,2337.2093023255816
1.01,79,13152,60.0,54.0,54.0,281.5,400.0,26503.31293062009,0.21049240681086057,0.569620253164557,2435.643564356436
9.85,1577,333364,112.0,54.0,60.0,297.0,472.0,57618.34470465381,1.6756023564537619,0.4774889029803424,4306.598984771574
3.81,183,31700,60.0,54.0,54.0,256.0,436.0,31449.835050315032,0.2175449377784606,0.5737704918032787,1496.0629921259842
7.55,491,117911,60.0,54.0,54.0,292.0,590.0,156902.51880488303,0.41900738922184516,0.5987780040733197,2018.543046357616
0.66,31,7240,60.0,54.0,54.0,382.0,580.0,58275.279916753374,0.12597200622083982,0.5161290322580645,1454.5454545454545
5.76,396,72791,60.0,54.0,54.0,220.0,459.0,52668.766522548714,0.1996868562010713,0.5934343434343434,2166.6666666666665
6.71,366,65162,60.0,54.0,54.0,220.0,472.0,44199.15154229747,0.19842568922075296,0.6311475409836066,1734.7242921013415
8.56,1069,229855,83.0,54.0,54.0,298.0,565.0,54651.447732290486,1.4598155044732675,0.5116931711880262,3511.6822429906542
0.97,168,32010,112.0,54.0,60.0,301.0,374.8000000000004,29791.474914965984,2.1577389760284107,0.47619047619047616,4886.59793814433
8.39,1017,214592,103.0,54.0,54.0,297.0,508.0,42970.41590503235,1.412067531416496,0.49852507374631266,3332.5387365911797
6.59,427,94518,78.0,54.0,54.0,240.5,508.0,169020.68290836888,0.6598412475414442,0.5995316159250585,1930.197268588771
1.93,323,76518,112.0,54.0,60.0,313.0,580.0,65361.5406454581,2.0383576874205844,0.49226006191950467,4756.476683937824
6.73,658,151324,60.0,54.0,54.0,112.0,436.0,179974.21217468427,1.4485687933852203,0.574468085106383,2968.796433878157
4.42,488,110569,63.0,54.0,54.0,256.0,544.0,151607.14998908225,1.0998765549330547,0.5614754098360656,3325.79185520362
3.64,218,35152,60.0,54.0,54.0,256.0,400.0,26585.489100244085,0.22102191809371635,0.6100917431192661,1912.0879120879122
2.38,425,67101,91.0,54.0,60.0,228.0,267.0,21468.436119031143,1.9159134364679298,0.5011764705882353,5067.226890756303
0.27,17,2259,60.0,54.0,54.0,184.0,294.4,9741.397923875433,0.327262044653349,0.5294117647058824,1999.9999999999998
0.67,373,89608,220.0,60.0,60.0,298.0,459.0,44592.18026435898,4.109945255474453,0.40482573726541554,13074.626865671642
5.87,375,54036,60.0,54.0,54.0,184.0,328.0,19782.812117333335,0.2856225167138541,0.5893333333333334,1972.7427597955705
9.56,1000,167459,62.0,54.0,54.0,256.0,400.0,26505.408319,1.2235662784984929,0.54,3150.627615062761
7.91,1499,398667,123.0,54.0,60.0,322.0,511.0,121300.24416633548,3.619762213775841,0.45563709139426284,4877.370417193426
6.16,604,103674,83.0,54.0,54.0,258.5,364.0,32453.725461602557,0.4776374675750406,0.5099337748344371,2746.7532467532465
5.46,817,172563,112.0,54.0,60.0,297.0,510.0,56808.7051232305,1.9681109066203408,0.4920440636474908,4175.824175824176
2.55,388,71155,83.0,54.0,60.0,184.0,298.0,139291.89235705175,1.9017984584641736,0.538659793814433,4305.882352941177
2.04,154,22854,60.0,54.0,54.0,184.0,400.0,21596.279473772982,0.2478977831167413,0.6298701298701299,2352.9411764705883
1.1,55,7442,60.0,54.0,54.0,202.0,295.0,11636.613553719013,0.3106727721028531,0.5454545454545454,1527.2727272727273
0.72,67,10609,60.0,54.0,54.0,220.0,392.2,25727.509022053913,0.2575865339023234,0.5970149253731343,3000.0
0.71,104,35447,80.5,54.0,54.0,185.25,802.8000000000004,504920.57904955617,2.1299779249448125,0.6730769230769231,4140.845070422535
5.74,338,55988,60.0,54.0,54.0,256.0,406.30000000000024,28611.992297188473,0.20120145891439606,0.5650887573964497,1860.6271777003485
7.3,425,72326,60.0,54.0,54.0,256.0,421.6000000000008,34754.400963321794,0.22077439827161327,0.5764705882352941,1841.095890410959
7.73,1017,220921,112.0,54.0,60.0,297.0,492.3999999999994,99983.829966286,1.921308050354385,0.49557522123893805,3663.648124191462
9.55,1188,284699,83.0,54.0,60.0,297.0,544.0,117600.00152124502,2.295051040485174,0.51010101010101,3505.7591623036647
5.59,771,143731,78.0,54.0,60.0,220.0,328.0,124588.54734447991,2.1519956140350875,0.5486381322957199,4110.912343470483
2.29,629,113177,112.0,54.0,60.0,256.0,457.0,22389.32918984635,2.952262885877916,0.4435612082670906,7126.637554585152
5.29,373,55988,60.0,54.0,54.0,184.0,400.0,24682.75637717514,0.41716657807477153,0.6112600536193029,2336.48393194707
0.6,40,9591,71.5,54.0,54.0,452.5,619.6,61449.524375,0.15331890331890333,0.55,2000.0
8.59,744,131796,60.0,54.0,54.0,227.75,436.0,38911.161723898724,0.779295820282968,0.5631720430107527,2626.3096623981373
0.86,112,25838,148.0,54.0,60.0,400.0,472.0,46146.943558673476,3.2636963696369636,0.39285714285714285,2581.3953488372094
9.45,1030,225930,60.0,54.0,60.0,256.0,563.3000000000003,98346.54580073521,1.8133989166303468,0.5689320388349515,3403.1746031746034
0.85,44,4063,60.0,54.0,54.0,112.0,173.5000000000001,2459.0883264462814,0.38716285421645613,0.5909090909090909,1694.1176470588236
1.24,90,9391,60.0,54.0,54.0,141.75,220.0,5459.048024691359,0.36695778748180496,0.6333333333333333,2274.1935483870966
4.74,689,149619,87.0,54.0,60.0,298.0,472.0,104993.90085966281,2.165936646987875,0.5079825834542816,4037.974683544304
7.21,444,72303,61.0,54.0,54.0,148.0,292.0,130062.58620952033,0.922747580044676,0.6216216216216216,1872.399445214979
9.99,3854,5893292,2674.0,60.0,66.0,2674.0,2674.0,1544168.5506514504,44.86754874109818,0.275038920601972,5885.885885885886
4.64,1001,1130709,297.0,54.0,60.0,2674.0,2674.0,1481351.784151912,23.134663820704375,0.34265734265734266,4125.000000000001
1.9,112,13744,78.0,54.0,54.0,148.0,252.4000000000002,10982.454081632652,0.6177024482109228,0.5357142857142857,1736.8421052631581
3.98,279,57952,60.0,54.0,54.0,184.0,364.0,199537.9536234118,0.9392316958907777,0.6344086021505376,2170.854271356784
2.88,209,43670,60.0,54.0,54.0,298.0,580.0,48674.23167967767,0.20475612447583316,0.5502392344497608,2229.1666666666665
8.98,1244,262527,103.0,54.0,60.0,297.0,464.2000000000012,76616.80668301093,1.754453887315077,0.4991961414790997,3908.685968819599
1.06,257,43809,83.0,54.0,60.0,297.0,378.4000000000002,19987.15135732562,2.454151226050619,0.5175097276264592,7018.867924528302
1.32,71,10149,60.0,54.0,54.0,184.0,298.0,17013.91231898433,0.6119758576874206,0.5633802816901409,1681.8181818181818
1.4,76,9928,60.0,54.0,54.0,184.0,256.0,15055.811634349031,0.33476741059424575,0.6052631578947368,1757.1428571428573
5.42,389,85974,60.0,54.0,54.0,220.0,508.0,179298.17721268025,0.6494129383777146,0.609254498714653,2202.952029520295
8.16,449,62722,60.0,54.0,54.0,148.0,328.0,24449.967896984635,0.27083375544524363,0.576837416481069,1713.2352941176468
0.33,11,1646,60.0,54.0,54.0,166.0,328.0,22154.776859504134,0.19622093023255813,0.5454545454545454,1090.9090909090908
3.51,203,36649,60.0,54.0,54.0,220.0,508.0,54885.92351185421,0.20255282845517786,0.6157635467980296,1863.2478632478633
0.01,4,512,119.0,55.8,58.5,188.5,207.4,5266.0,0.8285714285714286,0.5,12000.0
8.94,700,116499,60.0,54.0,54.0,184.0,300.0,55781.96754897959,0.5323371959961593,0.5657142857142857,2429.530201342282
3.04,168,29516,60.0,54.0,54.0,256.0,465.7000000000001,33452.42800453515,0.2097217099061437,0.5535714285714286,1697.3684210526317
2.66,169,23853,60.0,54.0,54.0,184.0,322.4000000000001,21351.648471692166,0.28062922796091483,0.5857988165680473,2030.0751879699246
1.43,116,16257,60.0,54.0,54.0,184.0,364.0,18976.607832936985,0.308726453067139,0.646551724137931,2517.482517482518
6.56,767,154294,78.0,54.0,54.0,299.0,508.0,47445.15250497631,0.9920469950293719,0.5345501955671447,3429.878048780488
3.92,594,117673,112.0,54.0,60.0,292.0,364.0,40033.33120486572,2.833121600052119,0.46296296296296297,3903.061224489796
6.28,373,62166,60.0,54.0,54.0,184.0,436.0,49282.742922036385,0.2238847107926133,0.5898123324396782,1834.3949044585986
7.61,688,136323,60.0,54.0,54.0,267.25,508.0,58893.90225924487,0.5935264412961144,0.5625,2751.642575558476
5.9,334,42568,60.0,54.0,54.0,175.25,256.0,15584.654595001615,0.348069797637521,0.6077844311377245,1779.6610169491523
4.68,300,42745,60.0,54.0,54.0,184.0,328.0,22356.436388888887,0.2797521032304422,0.6333333333333333,2012.820512820513
4.85,305,52356,60.0,54.0,54.0,220.0,472.0,36101.9952055899,0.22284246175405817,0.5934426229508196,1954.6391752577322
6.05,749,142635,60.0,54.0,60.0,256.0,436.0,54736.523335965525,1.4355821935351674,0.5500667556742324,3768.595041322314
0.46,24,2948,60.0,54.0,54.0,184.0,256.0,7375.305555555556,0.3113879003558719,0.5416666666666666,1695.6521739130433
9.71,1782,315004,83.0,54.0,60.0,220.0,364.0,56901.18050942144,2.281667691089604,0.5112233445566778,5233.779608650874
5.98,882,166101,112.0,54.0,60.0,292.0,457.0,38682.79241288352,2.3672079304263214,0.4965986394557823,4133.779264214047
2.57,112,13132,60.0,54.0,54.0,148.25,220.0,8006.080357142857,0.3666354459361016,0.5714285714285714,1354.0856031128405
1.42,76,9464,60.0,54.0,54.0,184.0,292.0,10064.907202216069,0.30736289542754525,0.5921052631578947,1690.1408450704225
7.49,524,78683,60.0,54.0,54.0,220.0,364.0,20997.770711934038,0.4065354569993386,0.5877862595419847,2242.9906542056074
3.92,201,37730,60.0,54.0,54.0,256.0,508.0,44727.5485755303,0.19686587996447152,0.5671641791044776,1607.1428571428573
0.79,371,53072,60.0,60.0,60.0,112.0,298.0,23986.32891362312,2.4603899067614265,0.5444743935309974,14886.075949367088
8.4,538,84071,60.0,54.0,54.0,220.0,364.0,25945.812250383493,0.23936374089689536,0.5836431226765799,1999.9999999999998
8.12,821,128387,60.0,54.0,54.0,220.0,364.0,24820.98805265555,0.9174258490396965,0.5602923264311814,3118.2266009852215
0.64,19,3133,60.0,54.0,54.0,256.0,385.5999999999999,22012.72576177285,0.26534733441033925,0.5263157894736842,937.5
8.54,671,117037,60.0,54.0,54.0,220.0,436.0,38606.00244757808,0.7860881773925252,0.563338301043219,2444.9648711943796
5.2,670,98944,60.0,54.0,60.0,184.0,400.0,20194.96472265538,1.0692655178183035,0.5462686567164179,3946.153846153846
7.81,1101,192445,83.0,54.0,60.0,256.0,400.0,26585.396869001095,1.6491155619794893,0.5122615803814714,4079.385403329066
4.56,845,267614,148.0,54.0,60.0,400.0,782.4000000000003,189086.65377822905,3.1848035153012555,0.45798816568047335,4723.684210526316
1.64,240,50878,66.0,54.0,60.0,274.75,514.6999999999998,61337.016597222224,2.654766180590475,0.5208333333333334,4426.829268292683
0.34,21,1918,54.0,54.0,54.0,112.0,148.0,2869.84126984127,0.4486404833836858,0.6666666666666666,2117.6470588235293
2.46,180,51296,78.0,54.0,54.0,256.0,468.4,322361.82172839507,1.1601954013307505,0.5666666666666667,2146.341463414634
6.89,487,105346,62.0,54.0,54.0,220.0,486.4000000000012,156723.6659175525,0.5598726586214555,0.6242299794661191,2168.359941944848
2.37,133,19713,60.0,54.0,54.0,184.0,356.7999999999999,19158.681779637063,0.24916038273873645,0.556390977443609,1772.1518987341772
2.92,428,71187,112.0,54.0,60.0,292.0,300.3,23717.12116232859,2.0234444680399237,0.48364485981308414,4130.13698630137
3.61,421,73294,83.0,54.0,60.0,292.0,407.0,31766.128739964224,1.8662938485002543,0.5106888361045131,3257.617728531856
3.45,195,18699,60.0,54.0,54.0,112.0,184.0,4441.593530571992,0.4334227673438099,0.6461538461538462,1773.9130434782608
4.9,564,110558,78.0,54.0,54.0,256.0,375.0,114189.46037674163,1.556313440773197,0.5531914893617021,3355.102040816326
4.52,293,49382,60.0,54.0,54.0,256.0,411.20000000000016,33029.019790562495,0.23708602635402576,0.6143344709897611,1964.6017699115048
2.89,356,64168,60.0,54.0,54.0,196.0,472.0,52691.629907839924,1.0133032128514057,0.5898876404494382,4027.6816608996537
4.03,483,77069,78.0,54.0,54.0,292.0,328.0,18260.490318874872,1.339323114281378,0.5238095238095238,3588.089330024814
1.12,64,6725,69.0,54.0,54.0,122.0,199.90000000000003,5482.603271484375,0.4229792636479052,0.640625,1714.2857142857142
4.53,583,133078,112.0,54.0,60.0,298.0,508.0,69660.11204246093,2.7154982270988635,0.49056603773584906,3576.158940397351
9.85,1018,146779,78.0,54.0,54.0,148.0,309.0,18351.083152566185,0.7936187892562994,0.5383104125736738,3033.5025380710663
3.46,226,45514,60.0,54.0,54.0,256.0,508.0,76164.3262589083,0.2735107305744425,0.584070796460177,2046.242774566474
4.96,383,88667,60.0,54.0,54.0,256.0,561.6000000000003,179200.59460491245,0.6135941765241129,0.6057441253263708,2407.2580645161293
6.35,405,79005,60.0,54.0,54.0,184.0,445.6,108406.6315500686,0.5034825302580498,0.6098765432098765,2022.0472440944884
9.41,2043,369583,112.0,54.0,60.0,220.0,300.0,65571.5802354134,2.456792779310667,0.4718551150269212,5764.080765143464
2.73,185,32929,60.0,54.0,54.0,256.0,364.0,74368.45943024104,0.37289972899728996,0.6108108108108108,2175.824175824176
2.66,648,134013,122.0,54.0,60.0,298.0,472.0,33337.58897033607,2.3625984844683092,0.4583333333333333,6586.466165413533
8.44,768,117913,60.0,54.0,54.0,256.0,328.0,19978.996336195203,0.7164463724234308,0.5677083333333334,2850.7109004739336
5.19,386,62290,60.0,54.0,54.0,220.0,436.0,30010.64839324546,0.24202424629127453,0.6036269430051814,2335.2601156069363
7.19,1622,368385,112.0,54.0,60.0,299.0,479.0,65099.91153429798,3.0913482896490447,0.45006165228113443,5966.620305980528
9.2,968,154761,60.0,54.0,60.0,220.0,364.0,29722.188399656785,1.104303487660616,0.5433884297520661,3195.6521739130435
1.33,92,12389,80.5,54.0,54.0,148.0,328.0,15132.027764650284,0.3456066036711198,0.5869565217391305,2030.0751879699246
4.69,349,63618,60.0,54.0,54.0,256.0,544.0,39943.32764098817,0.1989822842065586,0.5759312320916905,2341.151385927505
7.57,682,106073,60.0,54.0,54.0,184.0,328.0,31103.39265443194,0.6162027090856455,0.5791788856304986,2805.812417437252
9.22,1474,295376,112.0,54.0,60.0,298.0,449.0,44247.48773033807,2.0780517288093203,0.47829036635006783,4327.548806941431
1.03,71,22685,60.0,54.0,54.0,112.0,320.0,546558.2781194209,4.414081145584726,0.647887323943662,2388.349514563107
3.26,682,533817,112.0,54.0,60.0,784.0,2854.0,1318267.9158697468,16.47126399162139,0.47214076246334313,5650.306748466258
7.02,1789,1638748,83.0,54.0,60.0,2854.0,2854.0,1517832.0054097446,15.457919897159844,0.504751257685858,7427.350427350428
8.52,730,104628,60.0,54.0,54.0,184.0,297.0,24545.06082942391,0.6084490153576535,0.5780821917808219,2640.8450704225356
6.46,363,49091,60.0,54.0,54.0,184.0,292.0,14330.770317753038,0.29774241302738713,0.5950413223140496,1792.5696594427245
6.6,715,124730,78.0,54.0,54.0,256.0,436.0,34904.82347303046,1.2216087204331718,0.5342657342657343,3190.909090909091
0.84,46,7201,69.0,54.0,54.0,220.0,400.0,22839.291587901702,0.27496458923512745,0.6086956521739131,1642.857142857143
2.44,256,58690,60.0,54.0,60.0,328.0,551.0,110445.05853271484,2.1415266031474145,0.55859375,3270.4918032786886
7.63,772,154195,83.0,54.0,54.0,297.0,444.0,64102.899693615946,1.7327425786442179,0.5129533678756477,2885.9764089121886
4.51,285,44324,60.0,54.0,54.0,220.0,400.0,22208.488076331178,0.2648099532016893,0.5754385964912281,1982.2616407982264
6.54,601,102822,60.0,54.0,54.0,220.0,388.0,45849.82807356569,0.7742002277668496,0.5607321131447587,2807.3394495412845
2.06,434,127545,91.0,54.0,60.0,292.0,580.0,256644.7488638535,4.463716586703222,0.5023041474654378,6058.252427184466
3.42,1116,1184466,112.0,54.0,60.0,2958.0,2974.0,1734509.9979477394,17.825849929271897,0.4381720430107527,8315.78947368421
9.72,1100,285780,78.0,54.0,60.0,220.0,400.0,315658.07999999996,2.745527464318012,0.5518181818181818,3339.5061728395062
2.1,126,18564,60.0,54.0,54.0,220.0,364.0,19088.63492063492,0.2929377350605934,0.5952380952380952,1971.4285714285713
0.51,38,5119,60.0,54.0,54.0,180.5,292.0,16333.363573407196,0.3495913524914316,0.6052631578947368,2352.9411764705883
5.93,382,63565,61.0,54.0,54.0,256.0,364.0,34869.04115155834,0.22261545267450136,0.5523560209424084,1973.018549747049
4.46,265,53221,60.0,54.0,54.0,280.0,580.0,58831.67054467783,0.16784429035372597,0.5886792452830188,1883.408071748879
7.5,867,216099,112.0,54.0,54.0,354.0,616.0,69907.22743581454,1.4907389264761817,0.47058823529411764,3056.0
8.99,1181,227485,112.0,54.0,60.0,297.0,432.0,36944.60631319632,2.0864256156298757,0.48687552921253174,3530.589543937708
9.57,1766,327468,112.0,54.0,60.0,292.0,400.0,34784.75348376083,2.1058462005387155,0.4722536806342016,4896.551724137931
1.91,119,16997,60.0,54.0,60.0,167.5,297.0,26257.98856012994,0.8553651348106102,0.5882352941176471,2010.4712041884818
5.89,639,130201,78.0,54.0,54.0,292.0,472.0,73638.06166227061,1.2924729289550136,0.5336463223787168,3127.334465195246
1.49,68,9803,60.0,54.0,54.0,184.0,294.70000000000005,34592.37089100346,0.2954935905907229,0.5735294117647058,1449.6644295302015
1.45,99,12930,60.0,54.0,54.0,148.0,256.0,25089.32966023876,0.2788052615962813,0.5757575757575758,2068.9655172413795
1.54,85,11769,60.0,54.0,54.0,148.0,256.0,32139.518892733562,0.27868318122555413,0.611764705882353,1675.3246753246754
1.52,88,13435,60.0,54.0,54.0,220.0,292.0,33131.99367252067,0.24663635520089078,0.5795454545454546,1855.2631578947369
5.14,479,66145,60.0,54.0,54.0,184.0,292.0,22109.263340030775,0.7024863584886235,0.569937369519833,2871.5953307393
5.15,338,52256,60.0,54.0,54.0,184.0,436.0,27935.286614614335,0.23820581475250574,0.606508875739645,2038.8349514563104
3.17,286,56875,70.0,54.0,54.0,219.5,368.0,139171.4674189447,0.5950584737919623,0.6013986013986014,2706.624605678234
6.92,686,89332,60.0,54.0,54.0,148.0,294.5,18789.429038920858,0.8412894715145519,0.5714285714285714,3130.057803468208
2.68,224,22750,60.0,54.0,54.0,112.0,184.0,4756.469308035715,0.5804098645362973,0.5758928571428571,2753.731343283582
8.48,984,155488,78.0,54.0,54.0,256.0,328.0,26460.963150241263,1.293773142342927,0.5426829268292683,3452.830188679245
1.22,468,107887,173.5,54.0,60.0,297.0,607.0,46446.90734805318,4.078947368421052,0.4423076923076923,9836.065573770493
8.16,1318,379974,148.0,54.0,60.0,364.0,668.0,118071.14916379028,2.24243096562788,0.44916540212443096,3897.0588235294117
2.73,261,49852,78.0,54.0,60.0,298.0,472.0,33804.29500447733,1.6399067994069054,0.5172413793103449,2835.164835164835
1.45,103,15345,60.0,54.0,54.0,166.5,464.7999999999999,23890.5238948063,0.32079531761060426,0.6504854368932039,2275.862068965517
7.06,768,185308,98.0,54.0,54.0,300.5,616.0,71423.20179578992,1.2031887193998265,0.5,3033.9943342776205
3.84,401,59225,83.0,54.0,60.0,220.0,296.0,21723.04057810586,1.3427610759493671,0.516209476309227,2937.5
3.45,608,118055,112.0,54.0,60.0,297.0,459.0,27351.153866754674,2.416338696608404,0.46875,4678.260869565217
0.39,32,5456,60.0,54.0,54.0,300.75,428.8000000000002,24488.6875,0.22277005826983415,0.5625,2615.3846153846152
6.22,951,154225,62.0,54.0,60.0,256.0,328.0,23499.984292365883,1.2564999195282895,0.5278654048370137,4601.286173633441
9.14,1397,276269,112.0,54.0,60.0,292.0,436.0,67002.29756985135,1.3614147854999872,0.49391553328561205,4339.168490153173
9.02,1311,248572,112.0,54.0,60.0,256.0,310.0,51205.21077708366,1.8707773684271312,0.4782608695652174,3937.915742793792
7.56,885,139982,91.0,54.0,60.0,220.0,301.0,22480.95581218679,1.148413039474492,0.5016949152542373,3325.3968253968255
2.5,163,24588,60.0,54.0,54.0,195.0,364.0,28979.320034626824,0.2701069270106927,0.6196319018404908,2160.0
7.87,681,117871,60.0,54.0,54.0,188.0,400.0,42584.23063172624,0.6454157127701156,0.5814977973568282,2660.736975857687
6.66,476,99461,66.0,54.0,54.0,220.0,472.0,151601.3905223854,0.6104436528497409,0.6092436974789915,2153.153153153153
0.47,26,4695,61.0,54.0,54.0,274.0,418.0,40564.01331360946,0.16011860637509265,0.5769230769230769,1787.2340425531916
5.05,453,109367,83.0,54.0,54.0,297.0,590.0,123021.48105589912,1.30537521079258,0.5165562913907285,2590.09900990099
7.31,959,152156,80.0,54.0,60.0,184.0,394.4000000000003,31779.871594607255,1.3458419413524096,0.5328467153284672,3857.729138166895
9.42,930,142985,60.0,54.0,54.0,220.0,364.0,23517.765180945775,0.7200789153945168,0.5763440860215053,3076.433121019108
1.48,103,18822,60.0,54.0,54.0,238.0,534.3999999999999,42010.17400320482,0.1812476465419857,0.6116504854368932,2229.7297297297296
5.17,295,57111,60.0,54.0,54.0,256.0,557.2000000000005,51082.32880206837,0.19194807363192387,0.5830508474576271,1798.8394584139264
0.36,32,7027,60.0,54.0,54.0,337.0,645.8000000000002,66796.4287109375,0.1607201850016518,0.59375,2833.3333333333335
3.55,254,44660,60.0,54.0,54.0,220.0,436.0,45679.985739971475,0.19876526640719366,0.5826771653543307,2180.281690140845
9.14,2362,2436185,142.0,54.0,60.0,2894.0,2974.0,1626851.6699321605,16.25001416149772,0.45088907705334463,6669.584245076586
3.68,197,28159,60.0,54.0,54.0,184.0,364.0,16508.17903063722,0.31356999580165135,0.5888324873096447,1663.0434782608695
9.05,1104,181154,60.0,54.0,54.0,220.25,400.0,30787.466757902755,1.3347897253476653,0.5434782608695652,3732.5966850828727
3.5,224,34333,60.0,54.0,54.0,184.0,395.5000000000002,26869.88566246811,0.2569284276038806,0.6205357142857143,1971.4285714285713
3.42,239,49432,60.0,54.0,54.0,288.0,623.2000000000006,58115.54797710123,0.16417418336826736,0.5648535564853556,2192.9824561403507
5.55,847,194846,112.0,54.0,60.0,322.0,509.0,74300.42322301504,2.293821316879385,0.48642266824085006,4140.540540540541
6.38,870,150914,66.0,54.0,60.0,256.0,472.0,32510.159075175055,1.451972444271138,0.5379310344827586,4109.717868338558
7.13,477,78791,60.0,54.0,54.0,220.0,436.0,36209.611100123504,0.23351859099804306,0.6142557651991615,2171.1079943899017
6.25,680,107494,78.0,54.0,54.0,256.0,328.0,21794.7760467128,1.123548004741209,0.5397058823529411,3225.6
9.5,1402,294897,112.0,54.0,60.0,292.0,436.0,86003.33288953421,2.303353795142934,0.47004279600570614,3985.263157894737
0.26,70,11735,60.0,54.0,60.0,254.5,506.0,28711.486734693888,2.1210106382978724,0.5714285714285714,9230.76923076923
1.35,90,11603,60.0,54.0,54.0,148.0,328.0,13505.027283950618,0.42806153846153844,0.6,2133.333333333333
2.12,369,70110,112.0,54.0,60.0,328.0,445.0,26938.61788617886,2.4514842711564024,0.4742547425474255,4726.415094339623
0.09,6,884,60.0,54.0,55.5,261.0,328.0,16326.22222222222,0.13917525773195877,0.6666666666666666,2666.6666666666665
9.9,651,111817,60.0,54.0,54.0,220.0,436.0,37519.83117548095,0.21451768820532874,0.5867895545314901,2036.3636363636363
2.39,154,22253,60.0,54.0,54.0,220.0,292.0,18979.63961038961,0.26172251516697853,0.577922077922078,1958.1589958158993
8.4,1271,264977,103.0,54.0,60.0,266.0,510.0,59110.54696890817,1.8712278002318854,0.4996066089693155,4228.571428571428
9.18,1282,241903,112.0,54.0,60.0,266.0,436.0,36261.17573762233,1.7061830874044905,0.4781591263650546,3777.777777777778
2.27,187,34594,60.0,54.0,54.0,184.0,544.0,46104.86093397009,0.1821754433926802,0.6203208556149733,2537.4449339207044
4.16,485,112523,83.0,54.0,54.0,298.0,637.6000000000008,76764.14635349132,1.6885288987647242,0.5092783505154639,3375.0
8.85,1189,222913,112.0,54.0,60.0,280.0,465.60000000000036,33833.00651401514,1.462283637648982,0.496215306980656,3661.0169491525426
6.58,903,157147,83.0,54.0,60.0,256.0,446.4000000000009,27036.545191431534,1.2956248630487182,0.5138427464008859,3911.8541033434653
5.96,892,215247,112.0,54.0,60.0,328.0,524.0,73338.51818229807,2.7310325700715885,0.4585201793721973,3845.637583892618
6.1,946,158959,83.0,54.0,60.0,256.0,400.0,28150.179687255564,1.7497751176307776,0.5042283298097252,4406.557377049181
6.59,736,127752,83.0,54.0,60.0,220.0,328.0,72136.01866729678,2.011598302687412,0.5122282608695652,3141.1229135053113
0.73,141,44863,60.0,54.0,60.0,148.0,788.0,395214.72742819774,4.655237615025841,0.6524822695035462,7315.068493150686
5.65,368,52392,60.0,54.0,54.0,184.0,328.0,18722.249291115313,0.29625414419318125,0.5760869565217391,2007.079646017699
6.42,403,65719,60.0,54.0,54.0,220.0,400.0,30988.272374067947,0.2058532110091743,0.5955334987593052,1990.6542056074766
0.61,309,74563,112.0,54.0,60.0,298.0,544.0,70186.51587226779,4.017360877464505,0.45307443365695793,13573.77049180328
5.52,318,41131,60.0,54.0,54.0,182.25,297.3,13012.59005775088,0.35263746382530914,0.6069182389937107,1793.4782608695652
0.88,55,9322,60.0,54.0,54.0,220.0,443.2000000000001,29283.92264462809,0.19820051413881748,0.5636363636363636,1977.2727272727273
6.18,419,75150,60.0,54.0,54.0,256.0,479.1999999999996,39816.205284772805,0.20021081547257802,0.594272076372315,2135.9223300970875
2.44,165,31538,60.0,54.0,54.0,220.0,551.1999999999996,54300.10784205694,0.18027019946858278,0.5757575757575758,2090.16393442623
5.51,358,67664,60.0,54.0,54.0,292.0,472.0,46450.50276208608,0.1823789470005417,0.5642458100558659,2003.6297640653356
8.54,1167,250548,78.0,54.0,54.0,299.5,514.0,68346.00153316458,1.525456359806066,0.5295629820051414,4032.7868852459023
3.14,413,114712,112.0,54.0,60.0,328.0,406.0,231384.3554690477,3.477090000780579,0.46973365617433416,3515.9235668789806
2.43,128,16897,60.0,54.0,54.0,193.0,292.0,12015.476501464844,0.31781313367649355,0.5859375,1629.6296296296296
7.61,1179,243649,112.0,54.0,60.0,301.0,563.0,39871.42965567203,2.0836571197144775,0.4953350296861747,4296.977660972405
8.74,745,138196,60.0,54.0,54.0,280.0,472.0,43459.495633530016,0.4228820888760759,0.5677852348993289,2629.29061784897
3.04,635,102439,83.0,54.0,60.0,184.0,400.0,35750.34718581437,1.8954747166398145,0.5165354330708661,6138.1578947368425
5.99,743,129138,91.0,54.0,54.0,269.0,400.0,31697.324483877335,1.3959701658688635,0.5033647375504711,3585.976627712854
6.65,702,89121,60.0,54.0,54.0,123.0,297.9,13287.050496749216,0.7467855742845942,0.5740740740740741,3302.2556390977443
9.76,674,114343,60.0,54.0,54.0,256.0,436.0,35210.4535062385,0.21519969392309818,0.5979228486646885,2139.344262295082
6.92,674,125733,60.0,54.0,54.0,256.0,442.3000000000004,46396.15872509224,1.0449710493787001,0.5459940652818991,2956.6473988439307
6.73,1003,163826,60.0,54.0,60.0,220.0,364.0,34586.77544435488,1.7276602121176803,0.5423728813559322,4528.974739970282
0.15,7,599,60.0,54.0,57.0,75.5,142.60000000000005,3150.8163265306134,0.219959266802444,0.8571428571428571,2000.0
4.48,288,51266,60.0,54.0,54.0,256.0,446.8000000000004,36932.777729552465,0.22931203990120616,0.6006944444444444,1982.1428571428569
2.52,161,26037,60.0,54.0,54.0,184.0,436.0,33593.08336869719,0.24859732412602503,0.6273291925465838,2023.8095238095236
4.17,288,55422,60.0,54.0,54.0,256.0,544.0,52418.96831597222,0.1863855292732527,0.59375,2201.4388489208636
8.09,1148,279208,112.0,54.0,60.0,301.0,593.0,82857.9583095582,2.049820314804094,0.4921602787456446,3967.8615574783685
0.56,42,21945,60.0,54.0,54.0,256.0,2974.0,1007965.9642857143,5.456310679611651,0.5476190476190477,2464.285714285714
6.32,732,143146,78.5,54.0,54.0,297.0,510.0,40186.148653289136,1.1530246969286768,0.5341530054644809,3332.278481012658
3.74,284,44669,60.0,54.0,54.0,220.0,389.2000000000006,27873.661612279306,0.6603724491692377,0.5880281690140845,2422.4598930481284
8.14,910,153168,61.0,54.0,54.0,228.0,455.0,28128.00533268929,1.3138208680151668,0.545054945054945,3405.405405405405
4.84,296,44435,60.0,54.0,54.0,220.0,408.0,23377.59074826516,0.24300660176793107,0.6317567567567568,1983.4710743801654
9.4,638,104761,60.0,54.0,54.0,184.0,400.0,41365.336860388554,0.2713559301464788,0.603448275862069,2131.9148936170213
4.1,253,45244,78.0,54.0,54.0,220.0,428.8000000000004,53146.386133200016,0.28003168675380524,0.5810276679841897,1800.0
4.84,362,94421,60.0,54.0,54.0,220.0,472.0,295882.47712981905,1.107893914363531,0.6187845303867403,2404.9586776859505
7.51,1260,235302,83.0,54.0,60.0,256.0,400.0,44022.16011337868,2.3171962669523785,0.503968253968254,4817.576564580559
5.36,822,112479,78.0,54.0,60.0,184.0,297.0,11078.898818086562,1.5988678373382625,0.524330900243309,4522.388059701492
9.96,1082,191255,83.0,54.0,60.0,292.0,400.0,28683.283736388763,1.6428117399955782,0.5304990757855823,3126.5060240963853
9.61,1322,233180,78.0,54.0,60.0,256.0,446.0,33154.68289919688,1.496119549974844,0.5257186081694403,4064.5161290322585
9.94,990,184203,60.0,54.0,54.0,225.0,387.0,85386.9929201102,1.0828725533430579,0.5666666666666667,3036.217303822938
9.91,942,137942,76.0,54.0,54.0,220.0,297.0,17402.543046596435,0.9690528870173435,0.5520169851380042,2845.6104944500507
7.29,781,139002,78.0,54.0,54.0,256.0,447.0,35277.0392730027,0.7304086942449177,0.5403329065300896,3168.724279835391
1.27,319,39545,60.0,54.0,60.0,112.0,298.0,16619.268403415852,1.749617577527465,0.542319749216301,7559.055118110236
6.07,677,110303,78.0,54.0,54.0,220.0,367.0,29444.89305280705,1.211101310989055,0.5406203840472673,3311.3673805601316
4.44,627,124250,83.0,54.0,60.0,328.0,472.0,34880.948563957376,1.8705757323722392,0.5167464114832536,4040.54054054054
1.72,111,19171,60.0,54.0,54.0,197.5,508.0,39809.61058355653,0.22828036904151716,0.6036036036036037,2058.139534883721
3.53,228,50540,60.0,54.0,54.0,293.25,688.0,68618.67836257309,0.1492109691209241,0.5570175438596491,1988.6685552407935
7.57,1587,256114,112.0,54.0,60.0,256.0,298.0,21201.604809715358,1.8497006920800232,0.4820415879017013,5770.145310435931
2.49,153,21699,60.0,54.0,54.0,220.0,328.0,13974.341407151096,0.2906084577410337,0.5751633986928104,1903.6144578313251
5.87,1014,173783,83.0,54.0,60.0,266.0,364.0,32208.98004757848,2.1367073985163256,0.5078895463510849,4936.9676320272565
0.34,159,36893,78.0,54.0,60.0,292.0,741.0,78205.41410545466,3.3220477975632616,0.5031446540880503,13764.70588235294
0.0,1,112,112.0,112.0,112.0,112.0,112.0,0.0,0.0,0.0,0
3.35,213,27021,60.0,54.0,54.0,179.0,292.0,12532.064669708392,0.34006149573497324,0.5915492957746479,2059.7014925373137
6.84,561,87503,60.0,54.0,54.0,184.0,309.0,37049.70534536939,1.2024414799899321,0.5739750445632799,2543.859649122807
1.33,79,10892,60.0,54.0,54.0,184.0,335.2000000000001,13521.983976926773,0.2862541332073689,0.5822784810126582,1804.5112781954886
4.36,1015,185073,112.0,54.0,60.0,256.0,446.0,29195.38826567012,2.458597297751864,0.4827586206896552,6509.174311926605
8.94,554,83019,60.0,54.0,54.0,148.0,240.29999999999967,63679.73855061319,0.24634439273382375,0.5884476534296029,1973.1543624161075
8.6,1351,231351,83.0,54.0,60.0,256.0,328.0,30862.915908987557,2.051278669497896,0.5040710584752035,4479.069767441861
1.95,329,59556,66.0,54.0,60.0,148.0,220.2,179373.145443963,2.093818181818182,0.60790273556231,5107.692307692308
5.83,1146,204622,107.5,54.0,60.0,220.0,328.0,65127.50371121649,2.199618463847886,0.49912739965095987,5444.2538593481995
0.33,15,1732,66.0,54.0,60.0,112.0,238.59999999999994,11109.448888888886,0.5547576301615799,0.6666666666666666,1636.3636363636363
3.28,214,29059,66.0,54.0,54.0,157.0,328.0,15818.539894313913,0.3554902509562459,0.6121495327102804,1993.9024390243903
8.92,776,144069,60.0,54.0,54.0,266.0,472.0,41032.674140118506,0.7096322491070263,0.5515463917525774,2636.7713004484303
9.26,939,159020,78.0,54.0,54.0,272.5,400.0,27206.719624461704,0.8530559925420964,0.5420660276890309,2961.123110151188
3.88,588,141390,148.0,54.0,60.0,298.0,544.0,59875.5102387894,1.6866947896477027,0.4608843537414966,3989.6907216494847
1.16,75,11387,66.0,54.0,54.0,202.0,364.0,19805.92995555556,0.24257965953731994,0.56,1965.5172413793107
1.82,143,26961,83.0,54.0,54.0,256.0,544.0,43962.08068854222,0.17584718042653408,0.6223776223776224,2340.6593406593406
5.43,1082,181448,112.0,54.0,60.0,221.5,364.0,25463.719564987136,2.024234141138038,0.48613678373382624,5458.563535911602
5.87,517,72514,60.0,54.0,54.0,184.0,328.0,17471.51115833424,0.8068422495203449,0.5822050290135397,2739.3526405451444
5.68,307,50368,60.0,54.0,54.0,220.0,472.0,29168.184681004575,0.24593083659031317,0.5765472312703583,1679.5774647887324
9.22,1272,436179,83.0,54.0,60.0,400.0,710.0,335157.66685393674,2.77572237322761,0.5062893081761006,3891.5401301518436
5.32,423,97792,78.0,54.0,54.0,220.0,502.00000000000034,180213.86819352928,0.6095593923333937,0.574468085106383,2312.03007518797
2.39,392,76440,60.0,54.0,54.0,292.0,508.0,49559.17346938775,1.091839527119479,0.5382653061224489,5020.92050209205
5.99,556,76998,60.0,54.0,54.0,184.0,297.0,16424.46921743181,0.5700420048122018,0.5593525179856115,2804.6744574290483
8.83,569,88064,60.0,54.0,54.0,184.0,400.0,26515.193040545335,0.23673234373025123,0.5975395430579965,2045.3001132502832
2.94,471,75643,78.0,54.0,60.0,256.0,309.0,26471.645349597235,1.5126390964955987,0.5159235668789809,4795.918367346939
8.27,523,114911,60.0,54.0,54.0,256.0,508.0,107650.84235309603,0.15167824248073203,0.5793499043977055,1980.652962515115
4.02,720,128752,112.0,54.0,60.0,266.0,436.0,31048.087839506174,1.9979974852139897,0.4791666666666667,5029.8507462686575
6.08,588,97426,83.0,54.0,54.0,268.0,400.0,22727.036848072563,1.6147611379495437,0.5136054421768708,2792.763157894737
7.8,1022,218668,83.0,54.0,60.0,276.5,364.0,149908.66970101985,2.267212526894573,0.5117416829745597,3746.153846153846
5.18,678,136544,112.0,54.0,60.0,266.0,364.0,102858.74283203245,2.1226473345987604,0.47345132743362833,3416.988416988417
4.7,477,105839,103.0,54.0,54.0,350.0,590.0,49918.11458759103,0.5533035897736945,0.4989517819706499,2693.6170212765956
7.15,974,219270,60.0,54.0,54.0,297.0,443.00000000000045,154516.40987228515,1.3441559135761554,0.5390143737166324,4120.27972027972
6.87,734,149080,62.0,54.0,54.0,270.0,544.0,64376.80069641916,0.7585580484582537,0.5449591280653951,3231.4410480349343
6.11,427,104107,60.0,54.0,54.0,261.0,708.4000000000009,121002.4160062305,0.14473742083040111,0.5714285714285714,2140.7528641571193
9.04,1101,227961,78.0,54.0,54.0,256.0,364.0,152766.20831198784,1.6056259144111193,0.5495004541326067,3650.4424778761068
6.31,872,357871,112.0,54.0,60.0,328.75,863.7999999999993,584460.6716908825,4.395392663842362,0.49426605504587157,3660.8557844690968
8.35,1429,406589,256.0,54.0,60.0,436.0,616.0,67271.49350086506,2.856702458643193,0.41217634709587125,3980.8383233532936
3.85,572,154962,112.0,54.0,60.0,298.0,544.0,181893.60424715144,2.212246843970896,0.4807692307692308,4067.5324675324678
2.46,408,67966,83.0,54.0,60.0,280.0,406.0,21566.233251633985,1.8125801779433064,0.5294117647058824,4804.878048780488
8.46,528,99264,60.0,54.0,54.0,256.0,544.0,44907.85984848485,0.20859104855598304,0.5814393939393939,1950.354609929078
4.75,333,53852,60.0,54.0,54.0,184.0,413.6000000000002,36045.96836476115,0.2078772653866858,0.5855855855855856,2197.8947368421054
5.38,1107,196782,112.0,54.0,60.0,266.0,400.0,26475.962999684198,1.742033024454818,0.48419150858175247,5620.817843866172
7.04,398,69527,60.0,54.0,54.0,253.25,453.1000000000003,34741.77635034469,0.19612228396442272,0.5703517587939698,1747.159090909091
8.88,638,114800,60.0,54.0,54.0,220.0,472.0,50660.12146107055,0.23813632441760138,0.5971786833855799,2209.459459459459
4.73,650,124638,66.0,54.0,60.0,292.0,472.0,44732.45788402366,1.5124070229192283,0.5430769230769231,4135.306553911205
0.76,74,10555,60.0,54.0,60.0,247.0,304.3,15950.42092768444,1.0732665488116284,0.6081081081081081,3473.684210526316
8.09,559,91831,60.0,54.0,54.0,184.0,328.0,100873.41327632718,0.605773938588515,0.5957066189624329,2195.3028430160693
8.21,1140,190964,78.0,54.0,60.0,220.0,400.0,34202.22528778086,1.3857974563354238,0.525438596491228,4151.035322777101
2.57,142,19947,69.0,54.0,54.0,184.0,324.9000000000002,20586.573150168617,0.30295904369978444,0.5704225352112676,1657.5875486381326
4.08,255,41960,60.0,54.0,54.0,220.0,436.0,29880.694655901574,0.2221121919962719,0.5764705882352941,1985.2941176470588
0.24,14,2315,60.0,54.0,54.0,100.25,310.00000000000017,66990.08673469388,0.21331236897274633,0.7142857142857143,2000.0
8.75,1088,259152,83.0,54.0,54.0,328.0,632.0,72398.09212802768,1.5063540880868103,0.5082720588235294,3476.5714285714284
7.99,1688,424212,112.0,54.0,60.0,298.0,566.0,112012.59913299342,2.892853209998899,0.48104265402843605,5737.171464330412
1.93,437,72258,148.0,54.0,60.0,256.0,292.0,21032.19549769858,1.9587257390877078,0.448512585812357,6062.176165803109
4.5,325,58443,78.0,54.0,54.0,220.0,364.0,63552.48924023668,0.35397553516819574,0.5538461538461539,2093.3333333333335
0.29,26,3828,60.0,54.0,54.0,187.0,382.0,20562.792899408283,0.2481252037821976,0.6538461538461539,2896.5517241379316
1.47,102,20026,60.0,54.0,54.0,315.75,576.4000000000002,43403.14379084967,0.16443772531689732,0.6078431372549019,2163.2653061224487
1.41,119,20175,62.0,54.0,54.0,223.0,445.2,33521.307393545656,0.26711468408491396,0.6134453781512605,2553.191489361702
7.62,687,108459,60.0,54.0,54.0,220.0,370.39999999999964,26568.588038621187,0.6503446491882104,0.5531295487627366,2732.283464566929
1.36,113,23997,83.0,54.0,54.0,220.0,536.8,130862.51437074166,0.47157662353590485,0.6371681415929203,2382.3529411764703
8.1,958,157214,78.0,54.0,54.0,256.0,393.0,26414.790333898472,1.3891252811379247,0.5448851774530271,3511.1111111111118
9.93,1177,232515,83.0,54.0,54.0,297.0,478.0,45290.09638143719,0.99456997272119,0.5165675446049278,3432.02416918429
6.11,468,88122,63.0,54.0,54.0,184.0,364.0,144970.37886259038,0.7014596848934198,0.6217948717948718,2317.5122749590832
4.5,1048,231178,148.0,54.0,60.0,322.0,485.0,36218.42897776936,2.4690576230492196,0.4360687022900763,5853.333333333334
4.4,601,80661,60.0,54.0,60.0,184.0,256.0,23435.677475975983,1.3563040430007012,0.5773710482529119,4309.090909090909
8.53,1208,201342,83.0,54.0,60.0,263.25,400.0,29204.350573987984,1.7704437564499484,0.5165562913907285,4114.888628370457
5.89,493,73536,62.0,54.0,54.0,184.0,364.0,20002.016918399167,0.6427853361034783,0.5618661257606491,2536.502546689304
5.79,519,67428,60.0,54.0,54.0,175.0,297.0,14284.752603383562,0.679360414435506,0.5838150289017341,2818.6528497409327
4.17,655,138042,112.0,54.0,60.0,298.0,472.0,49218.38234601713,2.3267942353111293,0.49312977099236643,4316.546762589928
3.53,512,105859,112.0,54.0,60.0,274.75,508.0,45643.719692230225,2.151878759006729,0.447265625,3739.376770538244
4.3,468,62726,60.0,54.0,58.5,220.0,269.0,10393.652951274744,1.0062689908843756,0.5363247863247863,3348.8372093023254
7.48,584,90371,60.0,54.0,54.0,220.0,375.1000000000006,27584.847576351098,0.6098868798432351,0.5753424657534246,2462.566844919786
9.52,1093,218804,78.0,54.0,60.0,292.0,435.2000000000003,95400.46104755456,1.5340668249464358,0.5333943275388838,3371.848739495799
4.13,671,198797,148.0,54.0,60.0,449.0,692.0,108475.11501618022,2.2580592293950867,0.46050670640834573,4227.602905569008
7.99,912,174575,83.0,54.0,58.5,298.0,497.0,35843.84666315597,1.4010425262694615,0.5274122807017544,3183.9799749687104
5.3,391,75975,66.0,54.0,54.0,266.5,544.0,50530.653593317686,0.19851398463504283,0.5652173913043478,2230.188679245283
7.94,1191,313431,83.0,54.0,57.0,297.0,510.0,226219.1847885167,1.6745541428449526,0.5138539042821159,4382.8715365239295
1.37,100,17949,60.0,54.0,54.0,256.0,456.7000000000005,35893.369900000005,0.188518077075884,0.57,2233.5766423357663
2.55,201,33110,60.0,54.0,54.0,184.0,436.0,31495.830598252523,0.22793354101765317,0.582089552238806,2400.0
8.26,819,138082,60.0,54.0,54.0,220.0,367.0000000000007,38695.76903248698,0.6980913965271287,0.5531135531135531,3050.8474576271187
8.81,1070,238992,83.0,54.0,54.0,292.0,450.0,131795.24637610273,1.6618254719607952,0.5364485981308411,3486.9466515323493
1.17,71,14136,60.0,54.0,54.0,214.0,508.0,55518.59591350922,0.1709741550695825,0.5915492957746479,1846.1538461538462
0.24,11,1885,54.0,54.0,54.0,197.5,400.0,37538.95867768595,0.20755925688661114,0.6363636363636364,1500.0
1.25,93,16648,60.0,54.0,54.0,192.0,466.5999999999999,47127.473002659266,0.2198124267291911,0.6021505376344086,2256.0
0.28,31,5781,60.0,54.0,54.0,220.0,590.0,54811.862643080116,0.169769324160259,0.6774193548387096,4071.428571428571
6.17,436,106633,60.0,54.0,54.0,322.0,706.0,103103.7724675953,0.140801523450873,0.5642201834862385,2188.0064829821717
5.04,737,192742,83.0,54.0,54.0,362.0,544.0,140729.65248384944,1.3748398225726959,0.514246947082768,4142.857142857142
3.27,374,65050,60.0,54.0,60.0,292.0,432.09999999999985,28527.3534559181,1.2637898033756743,0.5614973262032086,3541.2844036697247
1.82,130,23607,66.0,54.0,54.0,256.0,436.0,45465.25686390532,0.2342238720133842,0.5923076923076923,2175.8241758241757
6.11,453,94064,60.0,54.0,54.0,220.0,458.4000000000003,136074.97458688458,0.5234763454966554,0.6181015452538632,2297.8723404255315
7.8,564,94377,60.0,54.0,54.0,220.0,438.79999999999995,36173.35756186812,0.22661519865871252,0.5975177304964538,2269.230769230769
6.55,460,90475,60.0,54.0,54.0,257.0,567.4000000000003,53908.78976843101,0.19173066030901356,0.5739130434782609,2189.312977099237
1.01,66,14368,60.0,54.0,54.0,247.0,670.0,62884.96877869604,0.13670886075949368,0.5757575757575758,2138.613861386139
9.25,648,115168,60.0,54.0,54.0,220.0,472.0,56179.00956409084,0.25004612996711206,0.6033950617283951,2192.4324324324325
7.97,841,185295,83.0,54.0,54.0,298.0,580.0,54923.40437251955,1.4184580445593014,0.5089179548156956,3033.8770388958596
4.46,295,47143,60.0,54.0,54.0,220.0,400.0,26765.38978454467,0.23272232826922573,0.6067796610169491,2098.654708520179
6.15,923,153553,60.0,54.0,60.0,184.0,360.4000000000012,38070.913773330874,1.4834306415875531,0.5557963163596966,4721.951219512195
5.18,554,100415,83.0,54.0,60.0,148.0,298.0,122212.98395978054,1.5040522680232413,0.5270758122743683,2965.2509652509652
6.51,1217,284808,112.0,54.0,60.0,328.0,508.0,68511.62963062989,2.4138997434852443,0.48315529991783074,5059.907834101383
6.02,1403,251495,136.0,54.0,60.0,266.0,455.0,22053.263471158687,2.352640840376463,0.451176051318603,5960.1328903654485
5.29,531,83121,60.0,54.0,54.0,220.0,400.0,24541.122474384756,0.779778600946406,0.5706214689265536,3073.7240075614363
1.34,80,9170,66.0,54.0,54.0,148.0,220.0,8800.284375,0.395525795160554,0.625,1880.597014925373
6.51,1010,181323,91.0,54.0,60.0,220.0,373.0,37425.67299382413,2.48993379013011,0.502970297029703,4442.3963133640555
0.59,23,2790,60.0,54.0,54.0,152.0,277.6,7615.6899810964105,0.395,0.5652173913043478,1220.3389830508474
6.61,383,54747,60.0,54.0,54.0,184.0,356.8000000000004,19846.539781442374,0.27360070720699764,0.608355091383812,1779.1225416036307
2.44,168,29983,60.0,54.0,54.0,241.0,508.0,38502.9276856576,0.21016306102680013,0.5773809523809523,2163.9344262295085
4.5,525,96000,83.0,54.0,54.0,266.0,406.0,42300.50340136054,1.0706613174582633,0.5485714285714286,3453.3333333333335
2.16,150,20001,60.0,54.0,54.0,184.0,292.0,18297.304400000005,0.31171301154249736,0.58,2166.6666666666665
8.44,1097,193023,83.0,54.0,60.0,292.0,400.0,24066.83939043168,1.4334720121028743,0.5104831358249772,3696.6824644549765
4.33,664,173634,112.0,54.0,60.0,400.0,616.0,99578.08432827696,2.640354739291779,0.45933734939759036,3921.478060046189
10.0,815,135371,60.0,54.0,54.0,220.0,364.0,52899.65515299786,0.8827939192478338,0.5791411042944785,2508.0
4.55,282,36464,60.0,54.0,54.0,184.0,296.5,12393.36089733917,0.30578334825425246,0.599290780141844,1991.2087912087911
1.4,515,128214,148.0,54.0,60.0,387.0,598.0,61555.93425959092,4.209198391094137,0.4524271844660194,9557.142857142859
7.38,747,145329,83.0,54.0,54.0,256.0,508.0,45071.39875163304,1.6359711969238024,0.5301204819277109,2886.1788617886177
3.03,176,30192,60.0,54.0,54.0,220.0,472.0,29665.40702479339,0.22101346706029845,0.5397727272727273,1782.1782178217823
5.77,1016,211111,112.0,54.0,60.0,292.0,400.0,56992.679776140794,2.4916888572798994,0.4763779527559055,4710.571923743501
2.48,160,17923,60.0,54.0,54.0,123.0,256.0,8066.780898437499,0.38927214944577937,0.625,2032.258064516129
1.06,234,39452,95.0,54.0,60.0,292.0,315.4000000000004,19005.334356052303,1.5765412748171368,0.5,6452.830188679245
6.5,653,120519,60.0,54.0,54.0,292.0,472.0,33091.11598488774,0.9681712773949114,0.5497702909647779,3036.9230769230767
3.42,499,125700,112.0,54.0,60.0,331.0,607.0,74647.24926405918,2.728974457859919,0.48296593186372744,4087.719298245614
5.92,599,91405,83.0,54.0,54.0,220.0,328.0,18825.3225882871,1.2757942436012348,0.5225375626043406,2949.324324324324
1.51,107,21609,60.0,54.0,54.0,317.0,472.0,43718.62398462748,0.1670447180816591,0.5420560747663551,2145.6953642384105
5.55,606,112285,74.0,54.0,54.0,285.0,443.5,41743.72353745275,1.0716025238921072,0.533003300330033,3264.864864864865
2.15,615,335096,148.0,54.0,60.0,441.0,2894.0,866225.7574829796,7.201277564306517,0.44878048780487806,7451.162790697674
2.83,211,27489,60.0,54.0,54.0,184.0,297.0,12274.135082320701,0.6834466286974095,0.5734597156398105,2438.162544169611
2.91,490,88355,148.0,54.0,60.0,292.0,332.5000000000008,20696.383610995417,2.460694841565156,0.4326530612244898,4185.567010309278
7.48,651,97069,60.0,54.0,54.0,184.0,395.0,24258.774920304575,0.359471723481135,0.6113671274961597,2839.572192513369
7.05,488,80568,60.0,54.0,54.0,220.0,400.0,33612.957538296156,0.22224582056494432,0.5840163934426229,2110.6382978723404
5.43,812,136968,78.0,54.0,60.0,220.0,400.0,29473.63146400058,1.489286298457009,0.5357142857142857,4453.03867403315
5.96,621,119586,93.0,54.0,60.0,292.0,400.0,46942.32560853229,1.9961666624909178,0.500805152979066,2879.1946308724832
8.57,939,181784,78.0,54.0,54.0,256.0,595.0,44985.868579743474,1.79006661141296,0.5335463258785943,3220.536756126021
1.46,80,11143,72.0,54.0,54.0,175.0,259.6000000000003,32215.854843750003,0.27145139205842084,0.6,1643.8356164383563
9.25,1106,215425,61.0,54.0,54.0,220.0,436.0,132965.04044109234,1.6825517395960452,0.5614828209764918,3606.4864864864862
5.78,674,121873,78.0,54.0,54.0,280.0,436.0,35656.346108973405,0.7971922787666081,0.5326409495548962,3394.463667820069
8.47,784,155682,60.0,54.0,54.0,256.0,497.20000000000164,62105.20371069346,0.5653039473948802,0.5688775510204082,2826.446280991735
7.74,914,187262,84.0,54.0,54.0,297.0,472.0,57659.90288677465,1.2570116549554653,0.5098468271334792,3325.5813953488373
4.11,762,139019,112.0,54.0,60.0,289.0,445.0,38052.00488595422,2.2510699001426535,0.49081364829396323,5211.678832116788
7.58,1511,296786,112.0,54.0,60.0,296.0,436.0,52745.341711630695,1.8789019303521195,0.4884182660489742,5564.6437994722955
4.24,493,76292,60.0,54.0,54.0,220.0,400.0,23348.59698250147,0.9097349120128163,0.5699797160243407,3608.490566037736
7.98,1493,208913,83.0,54.0,60.0,148.0,298.0,21088.548782014215,1.6813625454032062,0.5097119892833222,5443.60902255639
9.36,787,136191,60.0,54.0,54.0,220.0,414.3999999999992,39079.36717530261,0.5545320686230867,0.5590851334180432,2634.6153846153848
2.68,196,30341,60.0,54.0,54.0,220.0,364.0,20449.230815285297,0.24221084953940636,0.5714285714285714,2261.194029850746
5.49,330,64585,60.0,54.0,54.0,256.0,511.6000000000008,55463.10803489439,0.20066553884478816,0.603030303030303,1945.3551912568307
4.42,667,182886,78.0,54.0,54.0,266.0,544.0,239025.81324779888,2.406332650400447,0.5187406296851574,4398.190045248868
8.67,855,155111,83.0,54.0,54.0,292.0,400.0,33750.385696795594,1.1050553029788968,0.5345029239766081,2830.4498269896194
7.53,804,139430,78.0,54.0,54.0,256.0,461.20000000000164,30228.72127546348,0.7084078711985689,0.5348258706467661,3131.4741035856573
4.6,638,124943,83.0,54.0,54.0,292.0,502.0,37573.30050068297,1.5180475221185432,0.5047021943573667,3900.0000000000005
0.14,6,986,57.0,54.0,54.0,180.0,382.0,32441.88888888888,0.1966019417475728,0.6666666666666666,1714.2857142857142
3.35,540,102096,87.0,54.0,60.0,297.0,447.0,32665.873333333337,1.5390698831136533,0.5055555555555555,4585.074626865672
3.05,358,60118,83.0,54.0,60.0,266.0,400.0,23907.207016010732,1.6251255403694163,0.5027932960893855,3363.9344262295085
6.39,910,165203,83.0,54.0,60.0,292.0,436.0,32237.75594855694,1.4471255684427262,0.5230769230769231,4131.455399061033
5.44,834,200027,83.0,54.0,60.0,297.0,478.0,157464.74075559695,2.4380124095495095,0.5059952038369304,4257.35294117647
2.13,364,78279,112.0,54.0,60.0,300.0,400.0,63666.494528136696,2.350697714236795,0.47527472527472525,4619.718309859155
6.75,621,106484,60.0,54.0,54.0,184.0,472.0,39610.05918976457,1.0465491726086371,0.5877616747181964,2817.777777777778
6.26,549,86921,60.0,54.0,54.0,163.0,436.0,33329.52757290122,0.9841353177501826,0.5901639344262295,2769.968051118211
3.25,558,204758,83.0,54.0,60.0,300.0,947.8000000000021,434209.84336018295,3.7933609569960436,0.503584229390681,5040.0
1.65,370,96246,135.5,54.0,60.0,436.0,544.0,70011.51967859751,4.1197404117240275,0.45135135135135135,5781.818181818182
9.94,1587,582355,106.0,54.0,60.0,328.0,656.0000000000009,458452.5334275139,3.6912282397673537,0.49779458097038437,4346.0764587525155
3.92,582,106354,83.0,54.0,60.0,267.0,445.0,28879.436945713915,2.2512227928588895,0.5085910652920962,4163.265306122449
2.7,175,27510,66.0,54.0,54.0,184.0,295.0,55108.22857142857,0.35350553505535054,0.6,1955.5555555555554
1.95,510,112274,112.0,54.0,60.0,292.0,445.0,118226.88482891198,2.889489364650454,0.4803921568627451,6892.307692307692
9.26,1177,234982,83.0,54.0,60.0,220.0,486.0000000000032,103814.38194681551,1.8346944930333555,0.524214103653356,3699.784017278618
5.83,642,137171,83.0,54.0,54.0,297.0,508.0,78758.60693558874,1.7645968115766772,0.5264797507788161,3169.811320754717
4.6,291,54507,60.0,54.0,54.0,222.0,580.0,48829.3339001665,0.19572227706482395,0.6082474226804123,1995.6521739130437
6.49,415,104119,60.0,54.0,54.0,328.0,724.0,104073.48168965014,0.13325569245504812,0.5686746987951807,1959.9383667180275
7.36,1069,256228,78.0,54.0,60.0,266.0,482.0,163182.02328395876,1.6382347792959298,0.5360149672591207,4222.826086956521
6.08,1084,228513,112.0,54.0,60.0,220.0,478.0,69413.54790495092,2.553304307261701,0.47878228782287824,4953.9473684210525
8.37,975,148382,78.0,54.0,60.0,256.0,298.0,16322.012335042731,1.1677745474733012,0.5230769230769231,3419.354838709678
0.69,42,5187,71.5,54.0,54.0,139.0,289.29999999999995,14678.392857142857,0.4030294833648905,0.6428571428571429,1826.0869565217392
0.31,24,2599,60.0,54.0,54.0,126.25,209.2,6010.289930555555,0.3729529846804015,0.5833333333333334,2516.1290322580644
2.56,207,36600,60.0,54.0,54.0,220.0,439.20000000000005,40899.38962402857,0.22465368399919694,0.5893719806763285,2531.25
3.93,262,61202,60.0,54.0,54.0,297.0,720.4000000000002,87552.7599790222,0.13989309195209626,0.5801526717557252,2076.335877862595
3.33,539,114832,83.0,54.0,60.0,300.0,507.0,58257.5358820877,1.736245144994877,0.5064935064935064,4468.468468468468
6.74,611,98616,60.0,54.0,54.0,187.0,436.0,33376.99633291457,1.1525297943859956,0.55810147299509,2732.9376854599404
6.19,1081,265403,148.0,54.0,60.0,298.0,652.0,69541.95741600139,2.538093397144495,0.43848288621646625,4390.953150242326
4.69,749,130394,83.0,54.0,60.0,256.0,400.0,30548.613920474298,1.4013627992633517,0.5260347129506008,4669.509594882728
0.88,51,8104,60.0,54.0,54.0,202.0,472.0,26790.676662821992,0.21553922303884807,0.6274509803921569,1840.909090909091
0.3,14,2824,104.0,54.0,54.0,274.0,504.40000000000026,37465.0612244898,0.23859649122807017,0.5,1400.0
2.81,196,36616,60.0,54.0,54.0,256.0,490.0,46376.56830487298,0.19793234312634955,0.5714285714285714,2156.5836298932386
7.48,758,147171,64.0,54.0,54.0,268.25,508.0,59809.863216282254,0.776483511177635,0.5646437994722955,3048.128342245989
1.86,275,42560,106.0,54.0,60.0,266.0,328.0,14875.99867768595,1.4530259365994236,0.49818181818181817,3967.7419354838707
9.59,1480,446701,112.0,54.0,60.0,344.0,778.0,207215.2389695946,2.819622228492762,0.47162162162162163,4135.55787278415
3.71,282,45268,60.0,54.0,54.0,220.0,398.70000000000005,32347.603993762885,0.25674625208217655,0.5780141843971631,2312.66846361186
9.75,1180,165729,60.0,54.0,60.0,181.75,343.9000000000012,20009.310039500146,1.0362579709788793,0.5525423728813559,3698.461538461538
6.05,668,125319,83.0,54.0,54.0,184.0,415.0,100267.09861190792,1.3717589613535712,0.5449101796407185,3213.223140495868
8.31,944,149966,78.0,54.0,54.0,220.0,328.0,23076.972560866132,1.1161015394601306,0.5391949152542372,3379.061371841155
0.13,4,548,119.0,54.0,54.0,202.0,234.4,7537.0,0.24545454545454545,0.5,923.0769230769231
5.18,352,60996,60.0,54.0,54.0,256.0,472.0,31032.646565082647,0.20997401360814108,0.5710227272727273,2073.3590733590736
9.14,1373,232766,83.0,54.0,60.0,266.0,368.0,25170.132508703646,1.5527346106182074,0.5083758193736344,4306.345733041575
0.06,7,1192,112.0,54.0,57.0,238.0,349.6,18315.918367346938,0.22633744855967078,0.42857142857142855,3000.0
3.14,172,27966,60.0,54.0,54.0,256.0,436.0,23445.55530016225,0.24249155855695753,0.5813953488372093,1719.7452229299363
9.81,746,113678,60.0,54.0,54.0,184.0,400.0,23275.965621832976,0.4798547196584089,0.5804289544235925,2397.553516819572
5.9,424,96903,76.0,54.0,54.0,253.0,533.1999999999996,165702.479124021,0.5325236039284528,0.5919811320754716,2145.762711864407
8.65,534,95773,60.0,54.0,54.0,256.0,438.79999999999995,45560.35864228703,0.19310593980466415,0.5805243445692884,1928.3236994219653
2.06,143,30176,80.0,54.0,54.0,260.0,590.0,66660.95760183873,0.16934046345811052,0.6223776223776224,2067.9611650485435
9.23,1144,273723,78.0,54.0,60.0,297.0,628.0,93353.31697072595,2.294176404751303,0.5288461538461539,3594.7995666305524
3.11,257,28538,60.0,54.0,54.0,148.0,185.60000000000002,10354.095444291355,0.8880582203109494,0.5953307392996109,2604.501607717042
1.89,375,139674,66.0,54.0,60.0,220.0,2469.0,545786.376704,6.614151766245094,0.5093333333333333,5968.253968253968
5.9,531,64819,60.0,54.0,60.0,148.0,297.0,11973.650511950233,1.0130124223602484,0.5555555555555556,2766.101694915254
0.8,66,11019,60.0,54.0,54.0,253.5,490.0,29167.740358126717,0.19862939192864135,0.6060606060606061,2625.0
3.89,1706,1690036,112.0,57.0,60.0,2854.0,2974.0,1564293.4512822134,9.141960417191758,0.48827667057444313,12385.60411311054
2.85,172,40479,60.0,54.0,54.0,292.0,436.0,130604.72535830177,0.14655147996034557,0.5581395348837209,1852.6315789473683
3.91,840,336211,184.0,54.0,60.0,517.0,925.0,349575.1285700114,5.125066039970123,0.4261904761904762,5217.391304347826
6.74,856,206999,78.0,54.0,60.0,297.0,572.5,117763.43651055769,0.9909493123016254,0.544392523364486,3729.970326409495
3.15,215,54717,60.0,54.0,54.0,364.0,637.5999999999998,108408.6406922661,0.14951680672268908,0.5534883720930233,2076.190476190476
9.05,1208,287000,78.0,54.0,54.0,307.5,544.0,110255.94844524363,1.0359952611678243,0.5339403973509934,3924.861878453038
8.06,1575,396061,118.0,54.0,60.0,432.0,534.0,77645.17845462334,2.417412312869408,0.4653968253968254,5106.699751861042
2.83,260,53705,60.0,54.0,54.0,292.0,590.0,68483.93128698225,0.2877970409802652,0.6115384615384616,2883.39222614841
9.17,1384,382713,112.0,54.0,60.0,436.0,702.7,94063.18570147266,1.951187914960557,0.4761560693641618,3997.818974918212
1.74,212,89290,112.0,54.0,54.0,555.5,1494.0,316366.04334282666,0.21811137486016752,0.49056603773584906,3310.3448275862065
2.87,627,367731,148.0,54.0,60.0,590.0,2958.0,866917.6088001648,6.297987616099071,0.4481658692185008,5686.411149825784
3.77,305,77447,60.0,54.0,54.0,328.0,760.0,101948.38447729105,0.13535344650658224,0.5573770491803278,2450.9283819628645
7.52,1520,379493,112.0,54.0,60.0,328.0,590.0,72233.56176895776,2.528657504695665,0.4618421052631579,5250.0
2.25,297,56460,91.0,54.0,60.0,297.0,406.0000000000005,31068.00326497296,1.2122090745239402,0.5016835016835017,3626.666666666667
7.0,541,116997,60.0,54.0,54.0,292.0,616.0,67894.45887502092,0.17071926032660903,0.55637707948244,2391.4285714285716
0.87,40,10365,69.0,54.0,54.0,328.75,799.6,93838.259375,0.14657079646017698,0.55,1379.310344827586
8.25,1123,229836,83.0,54.0,54.0,270.0,468.8000000000011,64282.88253937544,1.071247690713288,0.5120213713268033,3919.9999999999995
3.3,781,224672,220.0,54.0,60.0,445.0,688.0,83098.89127665541,3.0234957020057305,0.42509603072983354,5654.545454545455
2.43,413,71940,112.0,54.0,60.0,267.0,400.0,32224.869900157708,1.4911697485975484,0.4915254237288136,4765.432098765432
6.79,1241,241547,112.0,54.0,60.0,292.0,472.0,31108.984909235296,1.8694448734244884,0.4649476228847704,4860.088365243005
9.83,792,184895,83.0,54.0,54.0,328.0,590.0,82499.23519124324,0.6369052888786586,0.5467171717171717,2288.9114954221773
4.15,441,85195,60.0,54.0,54.0,256.0,481.0,58481.33957558837,1.1862810511188668,0.5736961451247166,3397.590361445783
0.05,8,834,71.5,54.0,58.5,108.25,205.6,4907.1875,0.8169934640522876,0.75,4800.0
8.18,719,258921,80.0,54.0,54.0,441.5,1078.0,300439.30719725473,0.36203957958526656,0.5285118219749653,2559.9022004889976
9.23,1351,318876,83.0,54.0,60.0,298.0,540.0,96249.18935284388,1.7622900406275175,0.5062916358253146,4121.343445287107
8.42,974,206418,83.0,54.0,54.0,297.0,510.0,60043.07491704227,0.8699653941623032,0.5308008213552361,3313.5391923990496
9.95,1486,312014,104.5,54.0,60.0,298.0,472.0,50596.050185762484,1.863564610866373,0.4979811574697174,4136.683417085427
5.44,519,83408,78.0,54.0,54.0,148.0,400.0,36590.383559609596,0.904031411222207,0.5491329479768786,2812.5
7.16,516,110305,60.0,54.0,54.0,292.0,590.0,64965.18131046812,0.16445152913108196,0.5872093023255814,2220.6703910614524
4.53,678,192162,112.0,54.0,60.0,346.75,770.8000000000025,109758.77531521652,1.7396529847022426,0.48525073746312686,4119.205298013245
1.73,121,18154,60.0,54.0,54.0,220.0,364.0,28497.80056007104,0.38011251330393797,0.6115702479338843,2184.971098265896
1.65,544,163304,220.0,54.0,60.0,381.25,642.0999999999997,172201.86051038062,3.429904513888889,0.4338235294117647,8218.181818181818
8.45,556,96006,60.0,54.0,54.0,231.25,400.0,38450.80292169142,0.2831938838247481,0.5773381294964028,2009.4674556213022
1.6,139,27512,60.0,54.0,54.0,292.0,548.4000000000001,51548.34014802547,0.17216991180605853,0.6115107913669064,2700.0
8.08,1437,313667,112.0,54.0,60.0,298.0,508.0,53934.36680550651,1.8037774976982828,0.476687543493389,4811.881188118812
2.41,251,39679,103.0,54.0,54.0,220.0,364.0,22731.20017142585,0.8047393796052034,0.49800796812749004,2688.796680497925
5.54,718,133766,60.0,54.0,60.0,256.0,364.0,108122.27828772279,2.143589020492574,0.5779944289693594,4137.184115523465
0.21,17,3536,66.0,54.0,54.0,297.0,588.8,44483.41176470588,0.16545814106789716,0.5882352941176471,2571.4285714285716
4.1,699,127827,91.0,54.0,60.0,292.0,472.0,34643.84322176991,1.7847199529442521,0.5021459227467812,4902.439024390244
2.38,163,27677,60.0,54.0,54.0,256.0,464.8000000000004,32921.14306146261,0.2114593364265079,0.6319018404907976,2193.27731092437
5.72,609,117476,78.0,54.0,54.0,292.0,478.0,35425.223136262044,1.1629842392104877,0.5238095238095238,3115.3846153846157
8.1,834,200323,78.0,54.0,54.0,276.0,608.2000000000012,125219.49297684156,1.0840711186941459,0.5407673860911271,3014.8148148148152
8.87,825,135603,60.0,54.0,54.0,256.0,400.0,27616.416625895316,0.6520229523774715,0.5709090909090909,2854.56595264938
2.22,451,92978,83.0,54.0,60.0,298.0,594.0,43958.5244025349,2.0772133046500083,0.5077605321507761,5729.729729729729
9.47,1310,335715,78.0,54.0,54.0,328.0,619.6000000000049,128167.99755550375,1.4413505730408982,0.5389312977099237,4111.932418162618
3.46,418,64612,80.5,54.0,60.0,266.0,328.0,16171.488519035734,1.6903730846102598,0.5143540669856459,3520.2312138728325
4.66,329,49196,60.0,54.0,54.0,184.0,364.0,27100.431352260235,0.23732394366197182,0.6109422492401215,2227.467811158798
3.35,246,54819,60.0,54.0,54.0,268.75,688.0,78817.52364663892,0.1699212497599078,0.6138211382113821,2346.268656716418
5.48,820,144902,78.0,54.0,60.0,269.0,400.0,36552.71575847709,1.87355729187324,0.5341463414634147,4434.306569343065
4.61,329,45699,60.0,54.0,54.0,184.0,328.0,16736.93886789664,0.2671990682971467,0.6322188449848024,2238.6117136659436
1.0,441,111696,220.0,54.0,60.0,400.0,544.0,55147.60701559536,3.743937141643661,0.4444444444444444,11460.0
0.52,47,7914,83.0,54.0,54.0,261.0,364.0,23735.044816659116,0.9190106692531523,0.5319148936170213,2653.846153846154
6.9,659,150008,83.0,54.0,54.0,328.0,616.0,60643.504790677005,1.0478069157577163,0.5265553869499241,2739.1304347826085
1.29,87,19559,66.0,54.0,54.0,220.0,562.4000000000003,101756.21905139384,0.2737870400521003,0.5632183908045977,2046.5116279069766
8.79,965,196108,78.0,54.0,54.0,256.0,508.0,91782.08081398158,1.085989022677956,0.5658031088082901,3242.320819112628
7.43,946,255646,81.5,54.0,54.0,400.0,822.0,97230.10148885484,1.3148163239435344,0.5221987315010571,3633.9165545087485
1.76,471,172327,220.0,54.0,60.0,475.0,1219.0,169779.9864317236,3.9750851665800564,0.416135881104034,6170.454545454546
2.01,546,141671,148.0,54.0,60.0,414.0,700.0,64465.7106797354,3.5042126347248277,0.4413919413919414,6865.671641791046
4.25,675,150959,112.0,54.0,60.0,297.0,530.0000000000006,54259.25770973937,1.9226733267506921,0.4696296296296296,4080.0
5.03,422,99567,60.0,54.0,54.0,256.0,616.0,173025.44909705533,0.5252064153429022,0.6303317535545023,2624.2544731610333
9.31,1533,543891,148.0,54.0,60.0,517.0,940.0,191743.78572896603,2.754882670919371,0.4729288975864318,4305.0483351235225
4.8,1252,328900,148.0,54.0,60.0,364.0,509.0,109584.82833855606,3.481659126832725,0.4536741214057508,6762.5
8.81,989,241737,112.0,54.0,60.0,364.0,652.0,66572.12314222883,1.5903538286791967,0.48533872598584427,2908.0590238365494
8.96,1234,262251,112.0,54.0,60.0,296.0,543.7,53311.52346206484,1.9973255614606549,0.4854132901134522,3823.6607142857138
4.67,506,117596,112.0,54.0,54.0,301.0,508.0,115978.88884375633,1.547352915691881,0.49407114624505927,2967.8800856531047
0.1,62,11249,60.0,54.0,60.0,301.0,332.0,35409.34261186263,2.6857798165137616,0.5161290322580645,19200.0
9.11,1133,270033,106.0,54.0,60.0,301.0,539.0,97770.83161575742,0.9689024345784512,0.4960282436010591,3358.946212952799
4.23,291,55691,60.0,54.0,54.0,249.0,544.0,52159.49972248793,0.17949423924093527,0.6254295532646048,2127.659574468085
9.12,1044,237535,83.0,54.0,54.0,297.0,544.0,71633.58467561398,1.2349924727135868,0.5067049808429118,3243.421052631579
8.57,1019,168417,78.0,54.0,54.0,256.0,400.0,27953.24627947313,0.7298732512993282,0.5426889106967615,3458.576429404901
7.28,780,166633,83.0,54.0,54.0,364.0,508.0,49694.399229125585,1.0081587890766228,0.514102564102564,3074.1758241758243
9.3,2583,1482315,114.0,54.0,60.0,459.0,2958.0,887293.6142480785,5.8026369531397,0.4754161827332559,7548.387096774193
0.07,3,348,112.0,65.6,83.0,147.0,168.0,2738.6666666666665,0.1836734693877551,0.3333333333333333,857.1428571428571
4.07,575,91331,83.0,54.0,60.0,256.0,299.0,15930.147187901699,1.8781079633189424,0.5043478260869565,3965.6019656019653
2.76,1612,1790802,1514.0,54.0,134.5,1514.0,1514.0,413916.77017129597,0.011830287524917169,0.23759305210918114,7934.782608695652
8.4,1263,309203,112.0,54.0,60.0,328.0,553.0,100114.1737007176,1.933197362804155,0.47980997624703087,4049.9999999999995
1.47,84,17689,60.0,54.0,54.0,271.5,616.0,62943.76686507936,0.15170258480369817,0.5952380952380952,1795.9183673469388
7.9,1433,574264,112.0,54.0,60.0,414.0,824.7999999999984,460710.1479287202,3.5470410312445564,0.4619678995115143,4746.835443037974
9.37,1003,208650,78.0,54.0,54.0,292.0,542.8000000000001,78732.50182056024,0.7710419991172376,0.5483549351944168,3188.9007470651018
2.95,154,20077,69.0,54.0,54.0,184.0,292.0,11091.337029853263,0.2960428635982183,0.5844155844155844,1566.101694915254
0.73,35,3939,66.0,54.0,54.0,112.0,263.2000000000001,7855.848163265306,0.3719958202716823,0.6571428571428571,1479.4520547945206
3.47,440,82392,83.0,54.0,60.0,292.0,457.0,30587.162479338847,1.701288482344841,0.5159090909090909,3717.579250720461
2.78,179,39947,60.0,54.0,54.0,346.0,623.2000000000006,60737.12274897786,0.1585892862321993,0.5586592178770949,1985.611510791367
3.01,389,87438,60.0,54.0,54.0,292.0,695.1999999999996,76770.58494194462,0.9881761749926101,0.5604113110539846,3946.8438538205983
4.03,260,43390,60.0,54.0,54.0,229.0,436.0,29393.555917159767,0.21465763395106657,0.5615384615384615,2009.925558312655
7.74,811,167688,83.0,54.0,54.0,297.5,482.0,43845.88280441098,1.1851161699743293,0.5117139334155364,3007.751937984496
9.31,1293,321346,112.0,54.0,54.0,349.0,616.0,74601.0628579495,1.3332099007456781,0.46790409899458624,3718.582169709989
7.99,1922,787143,184.0,54.0,60.0,478.0,858.0,414553.24600875354,3.7395411849710984,0.43340270551508847,6030.037546933666
2.45,221,42895,60.0,54.0,54.0,256.0,580.0,55043.099567985926,0.18938028559545267,0.6334841628959276,2767.34693877551
5.36,1168,284967,112.0,54.0,60.0,296.0,520.0,96295.55861720657,2.9660825875770693,0.4666095890410959,5843.2835820895525
8.13,1458,323519,112.0,54.0,60.0,297.0,501.0,67473.68867898788,2.0531605669957154,0.4739368998628258,4789.667896678967
9.01,1885,1774138,111.0,54.0,60.0,1514.0,2974.0,1505105.5272649494,9.547976479960997,0.4954907161803713,5740.2885682574915
4.94,1349,1170305,220.0,54.0,60.0,1514.0,2974.0,1363696.4503910043,13.49060832311826,0.4351371386212009,6765.182186234817
9.71,675,186282,60.0,54.0,54.0,348.0,889.6000000000008,140140.61558518518,0.13138171879744914,0.5851851851851851,2119.4644696189494
6.02,1846,369243,112.0,54.0,60.0,267.0,445.0,55120.12892653026,2.4611555838848167,0.4609967497291441,8063.12292358804
7.96,1310,265823,112.0,54.0,60.0,297.0,463.0,39178.67348114912,1.56694928347947,0.49312977099236643,4575.376884422111
8.12,1536,386597,112.0,54.0,60.0,328.0,595.0,93167.30606036716,1.8619007432412424,0.4733072916666667,5046.79802955665
3.99,1197,278032,174.0,54.0,60.0,300.0,548.0,52853.95498911579,3.0456318025726095,0.4227234753550543,7323.308270676692
9.44,1223,304754,105.0,54.0,60.0,364.0,544.0,91386.64993190613,1.856202963476696,0.4971381847914963,3521.1864406779664
7.97,526,118920,60.0,54.0,54.0,295.75,590.0,83559.0766528358,0.15734973528495796,0.5988593155893536,2107.904642409034
9.67,2652,916757,184.0,54.0,60.0,436.0,768.0,238890.2881201529,4.492160962371421,0.417420814479638,6459.152016546019
5.68,1220,334188,256.0,54.0,60.0,377.0,616.0,71328.1303789304,2.388059247544025,0.3983606557377049,4985.915492957747
4.91,1189,1011096,87.0,54.0,60.0,1514.0,2974.0,1370076.4934424825,5.023304579898013,0.5079899074852817,6867.617107942973
0.69,169,243515,1514.0,54.0,60.0,2974.0,2974.0,1821708.8925457795,19.994482282955428,0.3905325443786982,5652.173913043478
0.75,476,893869,2974.0,60.0,60.0,2974.0,4434.0,2570939.646401207,38.014840033171836,0.3550420168067227,13280.0
5.38,1515,914228,112.0,54.0,60.0,364.0,2974.0,1440367.0290999794,7.358656,0.466006600660066,7561.338289962826
6.3,993,239322,112.0,54.0,60.0,298.0,590.0,81979.14896115712,1.1851899196493791,0.47633434038267874,4295.238095238095
8.51,755,185656,60.0,54.0,54.0,292.0,724.0,111145.38906890049,0.14487275149078396,0.6079470198675496,2792.009400705053
3.59,714,220443,148.0,54.0,60.0,417.0,825.100000000001,127418.28024739306,2.0203049858193927,0.4635854341736695,5147.632311977716
2.18,140,31163,60.0,54.0,54.0,292.75,661.9000000000002,75831.94137755103,0.15636943856914914,0.6071428571428571,2009.1743119266055
9.46,1865,674580,220.0,54.0,60.0,544.0,808.0,176301.34037619762,3.0342074574649405,0.43967828418230565,4896.405919661734
6.87,517,126041,60.0,54.0,54.0,297.0,666.4000000000012,108612.05968072011,0.13981732682221015,0.5899419729206963,2279.475982532751
1.45,111,31926,66.0,54.0,54.0,364.0,976.0,144534.5955685415,0.10869565217391304,0.5945945945945946,2317.2413793103447
3.45,406,141162,116.5,54.0,54.0,472.0,1170.5,169692.69678953628,1.0097954069792274,0.45320197044334976,3008.695652173913
2.65,631,151882,83.0,54.0,60.0,328.0,544.0,93507.79459565351,2.350436777552281,0.5182250396196514,6883.018867924528
9.48,1046,228499,83.0,54.0,54.0,297.0,580.0,60943.95116148562,0.8518437474673799,0.5219885277246654,3158.227848101266
5.15,1472,1096995,184.0,54.0,60.0,796.0,2974.0,1147668.894962765,7.615031216868889,0.43002717391304346,7071.844660194174
3.62,463,146187,66.0,54.0,54.0,400.0,1112.8000000000004,182135.27727423274,0.9317740336967294,0.5529157667386609,3845.3038674033146
9.74,753,164638,60.0,54.0,54.0,277.0,590.0,82672.98393499927,0.17366353714436436,0.6082337317397079,2507.186858316222
6.82,528,144977,60.0,54.0,54.0,364.0,840.7000000000003,135726.8348793331,0.12583383162619494,0.5643939393939394,2410.557184750733
7.5,1272,280866,112.0,54.0,60.0,300.0,508.0,60000.742472113445,1.852850656671847,0.4889937106918239,4736.0
1.92,166,33039,60.0,54.0,54.0,274.25,544.0,49341.89668311802,0.18623438173201207,0.572289156626506,2656.25
3.27,238,41322,60.0,54.0,54.0,256.0,472.0,35633.99985876703,0.20465278992478572,0.592436974789916,2275.229357798165
0.37,30,5460,69.0,54.0,54.0,269.75,482.8000000000002,38738.86666666667,0.21875,0.5666666666666667,2432.4324324324325
5.06,401,87203,66.0,54.0,54.0,256.0,590.0,95455.70505158551,0.22086885911490053,0.6134663341645885,2418.9723320158105
1.61,144,32600,60.0,54.0,54.0,272.25,667.0000000000011,96567.54320987653,0.16682773184437524,0.6666666666666666,2869.5652173913045
6.54,1305,418693,116.0,54.0,60.0,400.0,830.4000000000005,210817.72686601782,2.389677784974093,0.4528735632183908,5201.834862385321
1.13,72,13408,60.0,54.0,54.0,258.75,472.0,47837.3950617284,0.18696883852691218,0.5555555555555556,1964.6017699115048
0.17,11,2666,66.0,54.0,54.0,436.0,436.0,65372.231404958686,0.11828859060402684,0.5454545454545454,2117.6470588235293
4.11,668,227917,115.0,54.0,54.0,508.0,1022.8000000000025,182128.29354539423,1.5440004464784016,0.48502994011976047,4350.364963503649
7.02,514,130383,60.0,54.0,54.0,298.0,724.0,110166.4878839952,0.21251546065785681,0.556420233463035,2282.051282051282
0.22,16,3365,97.5,54.0,54.0,272.5,580.0,44958.46484375,0.26408715251690457,0.5,1909.0909090909092
7.82,799,202017,60.0,54.0,54.0,328.0,724.0,101360.53422848647,0.5497330387554082,0.5369211514392991,3084.3989769820973
7.91,986,350896,83.0,54.0,54.0,400.0,862.0,375154.6525309711,2.4628692108041963,0.5294117647058824,3603.0341340075856
4.26,336,78730,60.0,54.0,54.0,293.25,584.5,136971.57309382086,0.3764948597804042,0.5922619047619048,2380.281690140845
2.35,334,69925,60.0,54.0,60.0,295.75,543.7,58704.04371795332,1.5250975010833454,0.5149700598802395,4289.36170212766
5.82,672,122964,78.0,54.0,60.0,256.0,472.0,44112.29730017006,1.3917838594853242,0.53125,3432.9896907216494
2.31,156,30961,60.0,54.0,54.0,274.75,508.0,54107.12076758713,0.18126669210225105,0.5705128205128205,2103.896103896104
9.24,1014,258672,83.0,54.0,54.0,364.0,674.0,88940.83209037966,1.0763358778625953,0.519723865877712,3103.896103896104
7.42,825,210853,83.0,54.0,54.0,400.0,709.0,94543.87763599631,0.9663620255525506,0.5236363636363637,3185.9838274932617
1.33,82,17105,60.0,54.0,54.0,320.5,563.8000000000002,58908.8258477097,0.20738335568574856,0.6097560975609756,1939.8496240601503
2.09,161,41701,60.0,54.0,54.0,436.0,796.0,93836.75760966014,0.12132619860711501,0.5590062111801242,2382.775119617225
7.29,561,151103,74.0,54.0,54.0,308.0,724.0,180011.75207247055,0.33705270236789014,0.6042780748663101,2296.2962962962965
4.46,920,160164,83.0,54.0,60.0,256.0,328.0,38174.80905482042,1.739157203447804,0.5076086956521739,5959.641255605381
3.72,248,41932,60.0,54.0,54.0,184.0,421.30000000000024,46054.81607700312,0.24386698703687223,0.6008064516129032,2096.774193548387
1.65,109,21543,60.0,54.0,54.0,224.0,582.0,57938.32152175742,0.19869797462719788,0.6238532110091743,2109.090909090909
0.07,6,2370,263.0,54.0,54.0,634.0,868.0,144505.0,0.07336956521739131,0.5,2571.428571428571
9.6,1217,337532,83.0,54.0,54.0,297.0,713.0,217339.3541292927,1.3206050189068408,0.5225965488907148,3650.0
1.12,88,19381,60.0,54.0,54.0,295.75,620.5,78034.6135072314,0.1377164660992075,0.6136363636363636,2517.8571428571427
0.6,64,16858,60.0,54.0,54.0,346.0,658.6000000000003,119693.6162109375,0.12043067925029909,0.53125,3400.0
0.96,602,226419,266.0,54.0,60.0,587.5,921.0,153012.09226443418,4.985170499603489,0.4069767441860465,15187.5
5.46,982,183772,97.0,54.0,60.0,292.0,384.0,58077.711412346885,1.8705852949905497,0.5,5087.912087912088
0.07,3,364,54.0,54.0,54.0,155.0,215.60000000000002,9067.555555555557,0.421875,0.6666666666666666,1714.2857142857142
4.02,902,243045,148.0,54.0,60.0,364.0,600.4999999999999,98059.69551403384,2.9517584508072776,0.43680709534368073,5626.865671641792
0.8,367,73319,184.0,60.0,60.0,266.0,301.0,25300.874993503552,3.235154805914972,0.4196185286103542,11025.0
2.43,141,17135,60.0,54.0,54.0,148.0,220.0,14569.299029223881,0.40289831341084004,0.5673758865248227,1753.0864197530864
2.36,136,21694,60.0,54.0,54.0,220.0,436.0,25666.54390138408,0.21412581150660398,0.5955882352941176,1830.5084745762713
2.13,135,23932,60.0,54.0,54.0,256.0,472.0,34089.75451303155,0.19725849217069388,0.5925925925925926,2000.0000000000002
5.59,734,139382,83.0,54.0,54.0,292.0,468.0,45288.47644573796,1.0231957266446032,0.5326975476839237,3767.4418604651164
9.67,715,160398,60.0,54.0,54.0,294.5,637.6000000000008,76817.60388478653,0.15648838450113198,0.5692307692307692,2283.35056876939
8.1,1103,223866,112.0,54.0,54.0,292.0,436.0,50235.15804502515,1.414404503834083,0.49229374433363554,3800.0000000000005
8.37,589,131645,60.0,54.0,54.0,292.0,616.0,76829.59461664181,0.15603814675612068,0.5704584040747029,2172.0430107526886
2.39,204,44023,78.0,54.0,54.0,300.25,587.0000000000002,72003.89588139177,0.1821111140946806,0.5784313725490197,2535.564853556485
0.68,51,13141,60.0,54.0,54.0,438.0,724.0,104928.84967320261,0.10941325453777966,0.5882352941176471,2382.3529411764703
6.25,787,204616,78.0,54.0,54.0,328.0,602.7999999999995,171767.95677213423,1.0808054100777953,0.5336721728081322,3696.0
5.42,1087,269777,112.0,54.0,60.0,298.0,508.0,122744.80205387925,2.4864819457727,0.47102115915363385,5380.073800738007
0.56,402,104159,238.0,54.0,60.0,298.0,620.5000000000002,48445.85775723373,3.731274131274131,0.3482587064676617,14785.714285714284
5.83,514,87643,60.0,54.0,54.0,247.0,471.4,32486.17982482702,0.7993553420382689,0.5583657587548638,2789.0222984562606
5.25,768,164330,112.0,54.0,60.0,298.0,541.0,40302.24657524957,1.802496717089892,0.49609375,3988.571428571429
3.17,558,158925,112.0,54.0,60.0,445.0,698.8000000000004,114455.06315759048,3.085370556026837,0.4731182795698925,4599.369085173502
2.96,162,22078,60.0,54.0,54.0,211.0,324.4000000000002,12855.4749276025,0.2870467529439198,0.5555555555555556,1682.4324324324325
9.36,1236,237696,83.0,54.0,54.0,292.0,472.0,31591.32742639897,1.3982323206844713,0.5137540453074434,3705.128205128205
9.64,698,137493,60.0,54.0,54.0,256.0,559.0,53998.27042676169,0.18262357970428605,0.5787965616045845,2221.991701244813
5.15,864,221666,112.0,54.0,60.0,328.0,580.0,92554.51979916838,1.3172276813715242,0.47800925925925924,4427.1844660194165
4.43,824,315068,266.0,54.0,60.0,560.25,903.0,229682.32861249882,5.279882800821191,0.4162621359223301,4334.085778781038
1.28,407,81599,148.0,54.0,60.0,267.0,400.0,42179.35552885922,2.8668846554828926,0.43243243243243246,7875.0
5.16,1368,286130,148.0,54.0,60.0,297.0,418.0,36787.15150601894,2.3882389162561575,0.4480994152046784,6744.186046511627
5.08,688,166832,112.0,54.0,60.0,297.0,436.0,99585.8777717685,2.679820014557646,0.49127906976744184,3673.228346456693
8.56,845,164268,78.0,54.0,54.0,292.0,472.0,44391.993846153855,0.690104327427619,0.5372781065088758,2887.8504672897197
4.49,500,98857,78.0,54.0,54.0,297.0,472.0,36188.568204,1.1121485343133066,0.524,3287.305122494432
1.62,108,20425,60.0,54.0,54.0,220.0,550.5999999999999,52157.9947702332,0.17432300350715804,0.6018518518518519,2148.148148148148
3.62,249,56547,60.0,54.0,54.0,260.0,616.0,104024.97062950596,0.20438329322059168,0.6104417670682731,2154.696132596685
5.98,423,95177,66.0,54.0,54.0,292.0,580.0,92143.35695164,0.2578402738313928,0.5626477541371159,2127.0903010033444
2.97,194,41016,60.0,54.0,54.0,256.0,580.0,66471.72855776384,0.15181128896377422,0.5824742268041238,2080.808080808081
7.42,552,147162,60.0,54.0,54.0,295.0,652.0,186761.01216918716,0.30268748672190354,0.5706521739130435,2304.5822102425877
8.98,1236,250507,104.5,54.0,60.0,292.0,538.0,47628.036328562746,1.2146222870529992,0.49919093851132684,3875.2783964365253
4.08,751,165662,83.0,54.0,60.0,267.0,446.0,117987.91459589609,2.0608428948875708,0.507323568575233,5250.0
9.77,766,140131,60.0,54.0,54.0,256.0,472.0,41336.091535493455,0.4204433722238553,0.5783289817232375,2413.510747185261
2.31,152,30960,60.0,54.0,54.0,274.75,508.0,61617.21606648199,0.1783960720130933,0.5526315789473685,2025.974025974026
3.12,576,128784,112.0,54.0,60.0,297.0,585.0,52508.25,2.565744663178005,0.4826388888888889,5038.461538461538
6.87,763,175643,83.0,54.0,54.0,297.0,508.0,135164.85494074743,1.6121025549507748,0.5334207077326344,3222.707423580786
0.24,19,3742,60.0,54.0,54.0,166.0,580.0,61104.89196675901,0.18081413695171977,0.6842105263157895,2500.0
3.63,315,85301,80.0,54.0,54.0,328.0,760.0,181097.43173595364,0.3379079944162994,0.6158730158730159,2462.809917355372
9.85,1095,333957,83.0,54.0,54.0,440.5,850.0000000000007,159303.21251516853,0.9876854767190634,0.5242009132420091,3149.2385786802033
2.39,610,218892,161.5,54.0,60.0,411.25,862.6000000000001,222959.51517334048,3.9750443201963725,0.46229508196721314,6803.347280334727
6.76,1459,409175,184.0,54.0,60.0,419.0,693.0,104235.30153931,3.6707342130496325,0.4105551747772447,4952.662721893491
4.45,662,130094,112.0,54.0,60.0,297.0,472.0,52154.400781299904,1.6100756375017555,0.4909365558912387,4152.808988764044
8.82,1404,330840,106.0,54.0,60.0,298.0,580.0,82537.14036817882,1.828345002692929,0.4985754985754986,4272.108843537415
9.03,1066,235367,83.0,54.0,54.0,321.0,544.0,59258.63790660673,0.8848661028893587,0.5234521575984991,3255.813953488372
6.67,753,258600,78.0,54.0,54.0,400.0,737.6000000000012,358335.0891890605,1.6677670604012997,0.5298804780876494,3319.3403298350827
9.03,1117,240341,112.0,54.0,54.0,297.0,521.0,60420.87827014584,1.328660013564577,0.4959713518352731,3468.43853820598
3.94,504,103826,61.0,54.0,54.0,297.0,580.0,49969.1587144117,0.6692551327191756,0.5416666666666666,3868.020304568528
7.88,1346,437742,181.5,54.0,60.0,436.0,760.0,178464.7835466486,2.4565310086701095,0.44799405646359586,4233.502538071066
4.43,608,165624,78.0,54.0,54.0,328.0,971.5000000000003,108134.12967451525,1.6300377933750436,0.5164473684210527,4049.6613995485327
0.05,7,1608,184.0,54.0,54.0,341.0,473.20000000000005,35661.0612244898,0.27416798732171155,0.42857142857142855,3599.9999999999995
1.13,67,11849,60.0,54.0,54.0,266.0,464.7999999999999,29283.94787257741,0.1877506014434643,0.582089552238806,1858.407079646018
7.25,468,99865,60.0,54.0,54.0,299.5,590.0,63896.134610818895,0.17044841893063922,0.5662393162393162,2019.3103448275863
9.29,1025,287856,93.0,54.0,54.0,387.0,652.0,123109.85866888758,1.348272992772185,0.5004878048780488,3087.19052744887
5.28,760,222038,112.0,54.0,60.0,366.0,724.0,135861.47326177286,2.1902469863072747,0.4776315789473684,3795.454545454545
8.36,870,156641,78.0,54.0,54.0,256.0,455.8000000000004,34557.84950323689,1.0392777170233818,0.535632183908046,3107.6555023923443
2.89,204,39266,60.0,54.0,54.0,256.0,544.0,47282.3378508266,0.18029337501502946,0.5931372549019608,2179.9307958477507
5.94,506,111837,60.0,54.0,54.0,292.0,544.0,87967.79597009796,0.7822345460630109,0.5474308300395256,2626.2626262626263
1.0,455,125745,256.0,54.0,60.0,444.0,674.8000000000009,56163.57618645091,4.648160625252661,0.4,10740.0
1.87,237,31058,78.0,54.0,60.0,184.0,297.0,9396.018942833234,1.1740165196696066,0.5358649789029536,3754.0106951871653
1.14,103,14237,78.0,54.0,54.0,220.0,296.0,16419.22198133661,0.29804886943836617,0.6116504854368932,2684.2105263157896
2.13,516,111901,112.0,54.0,60.0,328.0,544.0,40178.02564073674,2.650215292275574,0.4631782945736434,6225.352112676057
1.53,562,197245,194.5,54.0,60.0,580.0,922.0,127406.35673623689,5.084053053670574,0.40213523131672596,8627.450980392156
7.41,1532,918746,148.0,54.0,60.0,481.0,2958.0,906855.7502999542,6.975087238068784,0.45039164490861616,5157.894736842105
6.26,1428,501039,220.0,54.0,60.0,444.0,1012.0,172427.73668437963,4.675694963637599,0.4005602240896359,5156.549520766773
0.19,7,738,60.0,54.0,54.0,148.0,198.4,4191.673469387754,0.28125,0.5714285714285714,1263.157894736842
6.87,558,89322,60.0,54.0,54.0,220.0,364.0,31373.148456468956,0.8503127977793429,0.5698924731182796,2524.0174672489084
2.05,117,15936,60.0,54.0,54.0,184.0,292.0,16299.308349769886,0.28195639932426997,0.6068376068376068,1785.3658536585367
2.29,160,26711,69.0,54.0,54.0,220.0,472.0,28974.478085937495,0.20711315979754158,0.5875,2096.069868995633
5.72,666,126748,78.0,54.0,54.0,256.0,400.0,81869.48204059916,1.1538200108754757,0.5585585585585585,3461.538461538462
3.93,308,62084,60.0,54.0,54.0,292.0,544.0,68874.14749536179,0.268262788037261,0.5974025974025974,2412.2137404580153
1.66,325,61488,93.0,54.0,60.0,269.0,400.0,43434.95011597633,1.6319664412293469,0.5015384615384615,5819.2771084337355
7.04,907,163401,78.0,54.0,60.0,292.0,445.0,29608.57671497808,1.5327205654411309,0.525909592061742,3801.1363636363635
0.84,62,8831,69.0,54.0,54.0,184.0,292.0,17607.63293444329,0.279298855570042,0.5645161290322581,2214.285714285714
5.68,373,71466,66.0,54.0,54.0,292.0,472.0,42112.481711217646,0.18104146353555553,0.5335120643431636,1975.3521126760563
0.55,54,10011,60.0,54.0,54.0,272.0,497.2000000000001,48395.756172839494,0.20978851963746223,0.5740740740740741,3163.6363636363635
6.86,1250,255186,112.0,54.0,60.0,297.0,485.5000000000034,45294.22745856001,1.8347385610024327,0.488,5020.408163265306
6.48,1109,185406,103.0,54.0,60.0,256.0,436.0,24187.044040846227,1.399114918285219,0.4995491433724076,4925.925925925925
1.58,392,77244,112.0,54.0,60.0,256.0,446.0,35438.558621407756,2.629205036647247,0.46683673469387754,6683.544303797468
8.31,997,171411,78.0,54.0,54.0,220.0,328.0,59565.44398692567,1.2064309343905673,0.5336008024072216,3588.4476534296027
8.69,1137,259930,112.0,54.0,60.0,328.0,544.0,66474.24837074528,1.7172560867247202,0.4810905892700088,3569.6202531645577
8.64,786,167870,83.0,54.0,54.0,297.0,546.0,58736.11204993234,0.5569467631237247,0.5305343511450382,2680.555555555555
2.27,192,37159,70.0,54.0,54.0,292.0,560.7,42258.99867078993,0.19640039924015584,0.59375,2537.4449339207044
8.05,865,183755,83.0,54.0,54.0,297.0,540.6,56384.82130375222,0.8868728564680755,0.5283236994219653,3130.434782608695
9.18,1203,397656,112.0,54.0,60.0,450.0,788.7999999999984,238733.48403305956,1.9035310610707088,0.47880299251870323,3529.4117647058824
1.67,294,79347,220.0,54.0,60.0,442.75,616.0,56351.75950992643,2.528728986925198,0.41496598639455784,4167.664670658683
8.89,905,168848,78.0,54.0,54.0,292.0,445.0,36628.138684411344,0.8478172844370028,0.549171270718232,3016.8728908886387
0.12,7,1422,60.0,54.0,54.0,328.0,522.4,42768.97959183674,0.12857142857142856,0.5714285714285714,2000.0
0.93,84,15974,78.0,54.0,54.0,298.0,508.0,34775.424603174615,0.22603423133010975,0.5357142857142857,2645.1612903225805
2.05,432,106757,112.0,54.0,60.0,297.0,753.0,84459.26967056755,2.1009672640659947,0.4930555555555556,6058.536585365854
6.12,738,171370,83.0,54.0,54.0,298.0,580.0,81101.8507649033,1.1489479096130213,0.5447154471544715,3460.78431372549
2.01,149,27714,60.0,54.0,54.0,256.0,411.20000000000095,59126.95302013423,0.20889858233369685,0.5838926174496645,2328.358208955224
1.83,135,23905,60.0,54.0,54.0,238.0,436.0,35791.26858710562,0.1840606270741493,0.5925925925925926,2327.868852459016
0.15,10,2380,66.0,54.0,54.0,391.0,569.1999999999999,63940.8,0.12796208530805686,0.6,2000.0
6.58,877,208230,112.0,54.0,60.0,300.0,688.0,72127.76223494369,1.7648246010037973,0.4880273660205245,3592.7051671732524
9.28,1161,248321,91.0,54.0,60.0,292.0,509.0,63407.41926270159,1.9560616161135185,0.5021533161068045,3329.741379310345
3.14,194,36987,60.0,54.0,54.0,265.25,533.2000000000006,42605.01990115846,0.17819259070493423,0.5721649484536082,1891.7197452229298
4.7,554,183579,66.0,54.0,54.0,292.0,940.0,340655.9334703958,1.424349273008201,0.5451263537906137,3548.936170212766
6.1,1022,198857,112.0,54.0,60.0,297.0,444.0,31569.451611513436,2.268201689511225,0.4774951076320939,4465.573770491804
7.08,417,71408,60.0,54.0,54.0,220.0,472.0,32246.44733134356,0.21180443599708113,0.580335731414868,1838.9830508474574
8.51,1073,228564,78.0,54.0,54.0,297.0,508.0,66717.71741873956,1.252372458783764,0.5349487418452936,3708.5781433607517
1.17,597,145446,112.0,60.0,60.0,436.0,544.0,62861.04095014436,4.122239830956154,0.4321608040201005,12615.384615384615
1.08,94,10869,60.0,54.0,60.0,133.75,288.0000000000001,10399.89327750113,0.7038720802633641,0.6063829787234043,3055.555555555555
3.94,245,30750,60.0,54.0,54.0,184.0,292.0,10364.127446897124,0.32275132275132273,0.5714285714285714,1979.6954314720813
3.74,262,45954,72.0,54.0,54.0,276.0,436.0,29746.605792203256,0.23935381213085574,0.5305343511450382,2101.604278074866
1.37,82,16602,60.0,54.0,54.0,319.0,540.4000000000002,54167.2730517549,0.17171289434681347,0.6097560975609756,1839.4160583941605
2.36,176,33500,60.0,54.0,54.0,184.0,562.0,61891.076962809915,0.19128053767646955,0.6193181818181818,2389.8305084745766
7.25,769,179323,83.0,54.0,54.0,309.0,552.0,79632.46330414078,1.0673383982199882,0.505851755526658,3062.0689655172414
5.49,1091,264803,112.0,54.0,60.0,298.0,552.0,96886.29139841768,2.27491404684756,0.4711274060494959,5387.978142076503
9.36,1438,377438,112.0,54.0,60.0,328.0,511.0,176297.01846174087,2.711105648689838,0.49304589707927676,4269.2307692307695
9.54,1487,313575,112.0,54.0,60.0,297.0,478.0,44412.4584561379,1.9267780474145977,0.47478143913920645,4106.918238993711
0.51,105,19512,60.0,54.0,60.0,269.0,539.6000000000004,37942.86585034014,2.106511701958287,0.5714285714285714,7058.823529411764
9.95,1820,448755,112.0,54.0,60.0,267.0,472.0,209422.66176639296,2.92261498924844,0.4785714285714286,4986.934673366834
0.26,200,37215,148.0,60.0,60.0,220.0,414.1,22706.529375,3.4088378154247128,0.41,18461.53846153846
7.29,765,155643,112.0,54.0,60.0,309.0,445.0,36106.896332179924,1.9170118260022115,0.49411764705882355,2913.58024691358
9.32,1371,220801,83.0,54.0,60.0,220.0,328.0,23220.59403790404,1.3963122137570272,0.5222465353756383,4242.489270386265
9.53,1555,805869,83.0,54.0,60.0,472.0,1603.6000000000029,738399.2415603644,4.26835726053189,0.5061093247588424,4583.420776495278
2.02,153,34679,80.0,54.0,54.0,292.0,544.0,90942.59037122475,0.5047077710764959,0.5751633986928104,2138.613861386139
5.26,669,165646,91.0,54.0,54.0,364.0,632.8000000000011,78204.0541646837,1.3581851572398673,0.5022421524663677,3524.714828897339
8.35,566,122646,60.0,54.0,54.0,292.0,590.0,72056.75136410742,0.16518302472947682,0.5865724381625441,2119.7604790419164
3.33,869,306550,297.0,54.0,60.0,514.0,796.0,126878.08710195574,4.81589481872166,0.383199079401611,5711.711711711711
4.06,360,77286,83.0,54.0,54.0,292.0,491.8000000000004,94827.74416666666,1.0448195576251456,0.5277777777777778,2408.8669950738918
7.43,956,188883,78.0,54.0,60.0,292.0,479.0,52173.633290514874,1.5474125723225485,0.5303347280334728,3803.49932705249
1.69,410,63236,80.5,54.0,60.0,220.0,267.0,15885.06224866151,1.8089907604832978,0.5097560975609756,7207.100591715976
7.64,921,181067,78.0,54.0,54.0,267.0,472.0,49365.75391663454,1.12984920130802,0.5342019543973942,3502.617801047121
3.3,472,155423,112.0,54.0,60.0,337.0,688.0,332848.30590616923,3.398058801890263,0.4915254237288136,4054.5454545454545
1.88,102,20083,78.0,54.0,54.0,292.0,537.7000000000002,38658.74327181853,0.18989216731840267,0.5392156862745098,1595.744680851064
8.65,1354,373892,112.0,54.0,60.0,400.0,710.7000000000014,101206.33670354701,1.9610751649256746,0.4505169867060561,3974.566473988439
2.17,366,91408,148.0,54.0,60.0,397.0,598.0,50424.81659649437,2.0428761651131824,0.45901639344262296,4506.912442396313
6.07,734,167200,112.0,54.0,54.0,309.0,544.0,57853.047034278956,1.3802405865186134,0.4822888283378747,3291.5980230642504
8.67,1059,223375,83.0,54.0,54.0,298.0,526.0,47200.61645805858,1.1654726474266381,0.509915014164306,3432.525951557094
3.42,832,235283,184.0,54.0,60.0,436.0,688.0,88637.15027361085,3.519371506501988,0.4411057692307692,6228.070175438596
4.98,359,57139,78.0,54.0,54.0,256.0,400.0,23866.943257733878,0.24665095780425011,0.5877437325905293,2156.626506024096
7.78,1145,189522,112.0,54.0,60.0,220.0,364.0,29075.168319444718,1.5291856834013933,0.49519650655021835,4141.388174807197
1.35,79,10892,60.0,54.0,54.0,202.0,364.0,14792.13587566095,0.2719841177157538,0.5822784810126582,1822.222222222222
8.87,776,144107,66.0,54.0,54.0,256.0,521.0,43972.78018220587,0.8569532498324829,0.5618556701030928,2631.341600901917
6.74,446,81273,60.0,54.0,54.0,256.0,508.0,42426.65051076838,0.20174777092667348,0.5896860986547086,2038.5756676557862
6.03,978,163740,83.0,54.0,60.0,220.0,436.0,28972.017125221126,1.7224660814046289,0.516359918200409,4706.467661691542
3.54,701,163315,148.0,54.0,60.0,375.0,508.0,40283.77965449805,2.4000582932567194,0.4536376604850214,5016.949152542373
7.31,1244,340803,134.0,54.0,60.0,297.0,688.0,173404.05365109438,2.283550596872561,0.4541800643086817,4300.957592339261
3.77,712,108585,112.0,54.0,60.0,220.0,310.0,15333.76399562871,1.5653231903231903,0.49719101123595505,5236.074270557029
9.89,812,190733,60.0,54.0,54.0,292.0,616.0,101653.94541695988,0.14776324182503098,0.5738916256157636,2560.1617795753286
5.86,1049,268230,84.0,54.0,60.0,301.0,590.0,117204.33366018388,2.2053871249148553,0.5100095328884652,5027.303754266211
2.1,548,153255,256.0,54.0,60.0,364.0,652.0,79977.19442631467,3.487307117969139,0.42700729927007297,6371.428571428571
5.86,377,77262,60.0,54.0,54.0,267.0,544.0,61275.78672895751,0.16111870876602397,0.5623342175066313,1996.5870307167236
2.73,175,37810,60.0,54.0,54.0,256.0,590.0,79847.87102040817,0.15718920242394566,0.6171428571428571,2021.978021978022
9.15,807,175531,60.0,54.0,54.0,286.0,580.0,68954.25732400359,0.5616220207645704,0.5576208178438662,2688.5245901639346
4.62,668,179402,112.0,54.0,60.0,305.5,796.0,109562.09895478506,2.883244226065499,0.4940119760479042,4116.883116883117
9.36,1182,226584,83.0,54.0,54.0,296.0,472.0,32230.91739029606,1.3411549548991042,0.5084602368866328,3608.974358974359
1.4,77,12494,60.0,54.0,54.0,256.0,364.0,27989.127340192277,0.255047714716223,0.5584415584415584,1671.4285714285716
8.95,810,164095,83.0,54.0,54.0,292.0,510.0,48026.81290199666,1.1559391956695966,0.5111111111111111,2574.301675977654
5.86,364,58220,60.0,54.0,54.0,220.0,364.0,28253.782695326652,0.24356537155306832,0.5989010989010989,1904.4368600682594
8.81,1103,202297,83.0,54.0,60.0,256.0,446.0,36568.569390823184,1.9016466335809978,0.5158658204895739,3664.0181611804765
0.94,76,12517,60.0,54.0,54.0,220.0,407.5,25255.28999307479,0.24708578260436384,0.6052631578947368,2489.3617021276596
4.77,690,135360,93.0,54.0,54.0,298.0,472.0,43721.04221802142,1.0452691064035537,0.5014492753623189,4088.0503144654094
5.77,856,142836,83.0,54.0,60.0,292.0,364.0,27300.334439689057,1.5247640258776116,0.5070093457943925,4253.032928942807
4.21,1053,213099,112.0,54.0,60.0,297.0,460.0,39162.887297992704,2.647331667408346,0.46153846153846156,6555.819477434679
2.84,179,28331,66.0,54.0,54.0,256.0,371.2000000000006,21110.790986548483,0.2842701722574796,0.5698324022346368,1922.5352112676057
0.79,57,8271,60.0,54.0,54.0,148.0,414.4,21723.813481071098,0.27363720357252846,0.631578947368421,2278.481012658228
6.96,1040,224650,112.0,54.0,60.0,328.0,472.0,42663.49029215977,2.843982067691044,0.4807692307692308,3965.5172413793102
6.7,397,62759,60.0,54.0,54.0,220.0,414.4000000000012,25183.29031971525,0.2343442687436079,0.5944584382871536,1835.8208955223881
7.0,1130,295580,112.0,54.0,60.0,421.0,619.6000000000008,79330.1133683139,3.13121261251188,0.4672566371681416,4251.428571428572
2.94,187,37900,66.0,54.0,54.0,238.0,436.0,90233.556693071,0.22033680007727727,0.5882352941176471,1918.3673469387754
7.73,629,117844,60.0,54.0,54.0,248.0,544.0,49716.6285395093,0.4726082175347396,0.5818759936406995,2538.163001293661
2.39,192,29366,60.0,54.0,54.0,184.0,324.9000000000002,35785.716037326376,0.30806236080178173,0.59375,2460.251046025104
6.85,1136,305512,112.0,54.0,60.0,297.0,796.0,138021.1033773061,2.6440320137406217,0.488556338028169,4545.985401459854
7.22,890,234666,83.0,54.0,60.0,256.0,580.0,230518.74930438073,2.600828602117539,0.5101123595505618,3623.268698060942
8.73,593,96518,60.0,54.0,54.0,220.0,419.20000000000164,31559.90130499447,0.22379165187401734,0.5902192242833052,2089.3470790378005
6.53,431,78701,60.0,54.0,54.0,256.0,508.0,45347.96139125006,0.19352441613588112,0.605568445475638,2104.134762633997
2.94,540,131805,112.0,54.0,60.0,298.0,611.0,69828.93564814815,2.152626291618829,0.4648148148148148,4857.142857142857
5.33,388,80485,60.0,54.0,54.0,256.0,472.0,84153.67883808057,0.30221984920557876,0.5798969072164949,2217.636022514071
0.22,21,3838,83.0,54.0,54.0,184.0,472.0,37155.89569160998,0.24166936266580394,0.5238095238095238,2454.5454545454545
8.59,1013,242206,78.0,54.0,54.0,298.0,472.0,158927.4090076781,1.7272072153224263,0.5172754195459033,3457.5087310826543
2.43,247,38621,112.0,54.0,60.0,256.0,364.0,13831.372190988213,1.5028190007128508,0.46558704453441296,2641.975308641975
5.39,988,207434,87.0,54.0,60.0,266.25,563.0,70930.30754888622,2.062118036078061,0.5020242914979757,5287.5695732838585
5.86,459,86108,62.0,54.0,54.0,256.0,437.7999999999999,81438.96348507937,0.44169303665009124,0.5751633986928104,2375.4266211604095
1.83,550,147992,148.0,54.0,60.0,375.0,586.2000000000005,74368.19780495869,4.292422129242213,0.4290909090909091,7475.4098360655735
4.24,309,57020,60.0,54.0,54.0,256.0,508.0,40930.15843989904,0.1935112506541078,0.5663430420711975,2264.1509433962265
1.22,94,17130,60.0,54.0,54.0,184.0,533.2,44684.540968764144,0.20354106653551604,0.574468085106383,2360.655737704918
5.76,612,107504,80.5,54.0,54.0,256.0,400.0,40845.763573839125,1.128539183463351,0.5294117647058824,3104.1666666666665
3.67,415,91273,78.0,54.0,54.0,256.0,499.6000000000005,136027.68974306865,1.4178918646851573,0.5325301204819277,3384.1961852861036
1.86,113,19055,60.0,54.0,54.0,220.0,464.7999999999999,31033.879552040093,0.2150098833131416,0.6017699115044248,1870.9677419354837
4.49,296,64677,60.0,54.0,54.0,256.0,616.0,89748.91215074873,0.14807845921718293,0.6182432432432432,2017.817371937639
1.06,367,118820,148.0,54.0,60.0,364.0,801.0,207976.40571984343,3.8854899058426873,0.44686648501362397,9000.0
4.28,246,38403,60.0,54.0,54.0,198.25,400.0,28012.86193733888,0.37531783834115245,0.5691056910569106,1836.4485981308412
8.07,1089,186967,83.0,54.0,60.0,220.0,419.0,51858.608101214166,1.6057392128442414,0.5408631772268135,3940.520446096654
4.81,860,200623,112.0,54.0,60.0,340.25,596.0,54324.74457950244,2.7124907475943747,0.48604651162790696,4864.864864864865
2.52,163,27818,60.0,54.0,54.0,220.0,436.0,34885.53645225638,0.2274632661165777,0.5766871165644172,1999.9999999999998
6.89,894,208355,112.0,54.0,60.0,328.0,544.7,59643.17657487899,1.5314986938825101,0.49328859060402686,3526.8505079825836
5.41,1219,512436,148.0,54.0,60.0,301.0,934.0,557056.9970638528,5.549791019594309,0.44626743232157506,5800.3696857670975
6.11,675,96956,60.0,54.0,54.0,220.0,297.6,17028.008590397807,0.620524820324252,0.557037037037037,3358.4288052373154
3.38,639,146433,112.0,54.0,60.0,297.0,689.0,70999.141969186,3.129176888588106,0.48826291079812206,5272.1893491124265
6.66,400,57340,60.0,54.0,54.0,184.0,364.0,19161.212499999994,0.26188380281690143,0.5825,1837.837837837838
4.49,338,57098,60.0,54.0,54.0,220.0,436.0,37388.01270963902,0.2233101231922871,0.5946745562130178,2351.893095768374
3.58,228,38798,60.0,54.0,54.0,258.5,410.8000000000004,31619.463450292402,0.22048507345308124,0.5877192982456141,1960.8938547486034
7.74,974,206040,66.0,54.0,54.0,266.0,508.0,66888.97529609688,1.4780208546309548,0.5277207392197125,3782.9457364341083
5.86,784,151668,66.0,54.0,60.0,248.5,364.0,129575.19942211578,1.8390550709445548,0.5331632653061225,4023.890784982935
0.29,32,5673,83.0,54.0,54.0,202.0,297.40000000000003,50048.5771484375,0.3430397727272727,0.5625,2689.6551724137935
4.36,292,48024,60.0,54.0,54.0,220.0,432.4000000000012,32870.18033402139,0.2457910711043088,0.6095890410958904,2119.2660550458713
2.85,342,65906,60.0,54.0,60.0,292.0,508.0,43256.312164426665,1.6168751240817947,0.5409356725146199,3684.2105263157896
0.82,44,7764,60.0,54.0,54.0,220.0,472.0,32751.29338842975,0.17104072398190046,0.5681818181818182,1682.9268292682927
7.32,543,78337,60.0,54.0,54.0,184.0,364.0,19406.880810177412,0.49435351569951547,0.570902394106814,2303.27868852459
8.39,921,186150,78.0,54.0,54.0,292.0,484.0,68696.98950651997,0.6367856923036341,0.5396308360477742,3275.327771156138
7.35,532,110634,60.0,54.0,54.0,265.0,544.0,69559.64866583752,0.1643355539418432,0.575187969924812,2220.408163265306
8.83,681,184716,62.0,54.0,54.0,328.0,688.0,152086.83850517834,0.1179867087918074,0.5609397944199707,2337.4858437146095
7.11,460,95591,60.0,54.0,54.0,227.25,590.0,77517.46039224954,0.16387035503823114,0.6086956521739131,2025.3164556962024
7.16,1006,229612,103.0,54.0,60.0,309.0,603.0,77521.44415416053,1.70586987520181,0.49801192842942343,3955.3072625698323
1.29,414,85892,112.0,54.0,60.0,328.0,436.0,34052.91568064599,2.656690365703095,0.4830917874396135,8558.13953488372
1.32,69,8970,83.0,54.0,54.0,220.0,256.0,9384.521739130434,0.29009060837048756,0.5797101449275363,1545.4545454545453
6.88,620,141837,66.0,54.0,54.0,292.0,619.6000000000008,86176.09357700312,0.7631330333391343,0.5548387096774193,2720.9302325581393
4.43,294,46051,66.0,54.0,54.0,220.0,400.0,23013.061421167113,0.26472042183895417,0.5884353741496599,2018.058690744921
0.73,36,7428,69.0,54.0,54.0,305.5,604.5,50463.11111111111,0.1959426823377878,0.5277777777777778,1479.4520547945206
4.28,328,82446,60.0,54.0,54.0,220.0,508.0,266753.6632584771,0.9067949488875526,0.5945121951219512,2369.158878504673
9.75,1574,574597,123.0,54.0,60.0,326.5,672.0,426300.4461189533,3.448343668470477,0.4675984752223634,4209.2307692307695
9.91,919,143098,66.0,54.0,54.0,256.0,364.0,21019.620247678977,0.7597983151939987,0.5408052230685527,2797.1745711402627
9.79,831,159850,60.0,54.0,54.0,220.0,508.0,81217.26731164951,0.600324369781551,0.5691937424789411,2592.44126659857
3.77,771,202078,127.0,54.0,60.0,457.0,652.0,73065.85279952089,4.164800899657517,0.45525291828793774,5251.989389920424
0.44,17,1424,60.0,54.0,54.0,112.0,114.8,990.885813148789,0.7053892215568862,0.5294117647058824,1227.2727272727273
4.54,258,38558,60.0,54.0,54.0,143.5,436.0,26937.123430082327,0.23726094211269413,0.6046511627906976,1797.3568281938324
8.28,1315,213997,112.0,54.0,60.0,184.0,328.0,28184.025783804882,1.4125930101465614,0.488212927756654,4456.521739130435
9.72,1511,431383,112.0,54.0,60.0,297.0,492.0,285169.63184167637,2.9478992211880772,0.48444738583719393,4253.086419753086
0.24,17,2223,60.0,54.0,54.0,184.0,328.0,12039.9446366782,0.288695652173913,0.6470588235294118,2500.0
6.73,1462,1025540,181.5,54.0,60.0,512.0,2974.0,1146234.114622886,12.333073312791711,0.4357045143638851,5473.997028231797
9.09,762,113808,60.0,54.0,54.0,220.0,364.0,18258.95843925021,0.623532432702321,0.5774278215223098,2547.854785478548
6.98,943,203780,112.0,54.0,60.0,364.0,472.0,42884.19196647958,1.9623061156255905,0.49204665959703076,3558.7392550143263
0.22,219,56581,266.0,54.0,60.0,426.5,509.0,42764.45891453472,3.692014263205904,0.410958904109589,24272.727272727272
2.97,180,21686,60.0,54.0,54.0,148.0,268.4999999999999,13182.960617283952,0.5232141602865772,0.6166666666666667,2060.6060606060605
8.69,523,104340,66.0,54.0,54.0,256.0,508.0,59230.06643536882,0.23293984189443084,0.5869980879541109,1822.7848101265824
5.79,850,202739,83.0,54.0,54.0,300.0,581.0000000000002,100938.12502283738,1.2474863369805005,0.5117647058823529,4196.891191709845
1.08,212,69209,63.0,54.0,60.0,384.25,585.3000000000003,363370.418009078,4.0447554486478605,0.5141509433962265,5999.999999999999
7.9,1169,196664,83.0,54.0,60.0,256.0,364.0,46965.26664817743,1.7188320844969172,0.5149700598802395,4146.835443037974
9.92,1151,181085,83.0,54.0,60.0,256.0,323.0,16541.79831536963,1.264185150916502,0.5117289313640313,3296.3709677419356
4.64,332,52177,60.0,54.0,54.0,220.0,400.0,26221.079937218758,0.23844674942441432,0.6144578313253012,2262.931034482759
5.24,645,124404,83.0,54.0,54.0,297.0,457.6000000000008,39587.82143861547,1.3314092953523238,0.5131782945736434,3538.1679389312976
4.29,302,39934,60.0,54.0,54.0,178.5,328.0,13966.005876935224,0.29064994667269967,0.6158940397350994,2209.79020979021
9.11,1173,237282,83.0,54.0,54.0,297.0,508.0,44029.004053261466,1.4042191014651346,0.5200341005967605,3721.185510428101
8.84,1642,1185785,78.0,54.0,60.0,760.0,2974.0,1212677.5295453097,5.139859886397175,0.5164433617539586,5484.162895927601
9.01,1108,225855,83.0,54.0,54.0,298.0,472.0,44209.101737120254,1.2024320318289972,0.51985559566787,3549.389567147614
3.98,255,55578,60.0,54.0,54.0,292.0,590.0,69452.46053056515,0.15835764902042518,0.5490196078431373,1974.8743718592966
0.69,40,8356,69.0,54.0,54.0,292.0,552.2,64035.290000000015,0.16476163925285753,0.575,1739.1304347826087
9.2,2263,1467207,117.0,54.0,60.0,610.0,2974.0,996235.9531954518,5.019063833278635,0.47370746796288116,6684.782608695653
4.01,789,169287,112.0,54.0,60.0,301.0,492.0,52824.68759126197,2.2592171887333707,0.449936628643853,5206.982543640898
3.86,257,63543,78.0,54.0,54.0,328.0,738.4000000000002,91893.29985313935,0.1369296833064949,0.5642023346303502,1958.5492227979278
0.72,528,235246,333.0,54.0,60.0,603.25,1228.0,182529.1952335858,4.650062445960227,0.3428030303030303,14750.0
9.75,2481,1510383,148.0,54.0,60.0,607.0,2958.0,835198.7810723041,3.070860836120672,0.4449818621523579,6498.461538461538
2.28,451,134031,112.0,54.0,60.0,300.0,713.0,216589.49967797607,2.5229596530424496,0.4789356984478936,5368.421052631579
3.85,268,66180,60.0,54.0,54.0,332.0,770.8000000000004,93381.57106259746,0.13298637266315141,0.585820895522388,2150.6493506493507
6.08,450,153952,63.0,54.0,54.0,472.0,1229.8000000000004,209582.82664691354,0.09779872644166661,0.5711111111111111,2240.1315789473683
6.66,551,174489,62.0,54.0,54.0,436.0,1078.0,169084.5780349867,0.10956447643696068,0.5553539019963702,2495.4954954954956
7.45,1294,372516,112.0,54.0,60.0,422.0,693.0,117272.64234404897,1.9802948965142049,0.4768160741885626,4598.657718120805
4.0,293,70061,60.0,54.0,54.0,364.0,683.8000000000002,79544.01383825087,0.14884231929686476,0.552901023890785,2265.0
3.58,284,64471,72.0,54.0,54.0,274.75,616.0,91890.7569306685,0.16272904342807676,0.6091549295774648,2379.8882681564246
6.12,432,107871,78.0,54.0,54.0,328.0,652.0,104873.19092399691,0.1360582188895442,0.5648148148148148,2098.0392156862745
9.71,1244,494442,83.0,54.0,54.0,400.0,911.7000000000005,493944.9141060369,2.404099167636266,0.5168810289389068,3614.8300720906277
5.09,878,227599,148.0,54.0,60.0,364.0,626.8000000000025,71542.66377950509,1.537759937559235,0.46583143507972663,4455.795677799607
0.36,17,2355,60.0,54.0,54.0,148.0,306.40000000000003,20874.484429065746,0.2798913043478261,0.7058823529411765,1500.0
2.06,906,255798,266.0,54.0,60.0,364.0,652.0,73345.16848676227,3.8104031894087558,0.39183222958057395,9873.786407766991
4.47,576,127592,60.0,54.0,54.0,184.0,527.5,148745.30536265433,0.4243357892386693,0.5520833333333334,3919.463087248322
1.85,134,37525,60.0,54.0,54.0,392.0,835.6000000000004,124941.82696591668,0.12701225372417108,0.5671641791044776,2205.4054054054054
2.47,675,251927,220.0,54.0,60.0,544.0,868.0,237188.1774397805,3.7815779983677187,0.4414814814814815,7020.242914979756
4.84,360,59229,60.0,54.0,54.0,190.75,451.3000000000005,31323.204930555563,0.22981250389319158,0.5888888888888889,2268.595041322314
3.73,249,51443,60.0,54.0,54.0,292.0,580.0,54868.81059982903,0.16969076853115053,0.5461847389558233,2075.067024128686
8.4,1315,345151,112.0,54.0,60.0,400.0,645.6000000000022,80615.05531321833,1.28039192367663,0.4897338403041825,4278.571428571428
2.32,170,44920,63.0,54.0,54.0,298.0,839.1999999999996,108388.75640138407,0.21760815352922042,0.5294117647058824,2224.1379310344832
2.28,211,67639,60.0,54.0,54.0,317.5,796.0,325081.677186047,0.5373548196467941,0.6113744075829384,2973.684210526316
1.55,376,136470,112.0,54.0,60.0,448.0,922.0,276961.9764316433,4.5847929284661975,0.46808510638297873,6619.354838709677
0.23,12,976,63.0,54.0,54.0,90.25,112.0,1380.0555555555554,0.44165435745937964,0.75,1826.086956521739
1.11,68,9988,60.0,54.0,54.0,184.0,328.0,26445.80968858131,0.2652647580440841,0.5441176470588235,1945.9459459459456
6.78,1554,404741,112.0,54.0,60.0,328.0,717.1000000000006,92403.61054256132,2.5371419083075524,0.4646074646074646,6212.3893805309735
2.47,154,29804,60.0,54.0,54.0,184.0,566.0,69853.14504975545,0.31509508891144156,0.6298701298701299,1991.902834008097
1.82,149,44283,78.0,54.0,54.0,472.0,947.2000000000006,126609.06013242647,0.1165095053199536,0.5234899328859061,2439.5604395604396
8.96,1071,254297,87.0,54.0,54.0,292.0,580.0,114147.3723101441,0.8834164080610877,0.5088702147525677,3301.3392857142853
6.2,725,184327,78.0,54.0,54.0,322.0,590.0,149305.91418977408,1.1038052410518626,0.5365517241379311,3464.516129032258
8.16,1242,556373,112.0,54.0,60.0,400.0,1238.0,581051.746788464,3.324433770150321,0.47342995169082125,3963.235294117647
7.85,625,139945,60.0,54.0,54.0,266.0,553.0000000000003,132534.06425599998,0.7287831995058678,0.5696,2422.9299363057326
4.97,806,192908,112.0,54.0,60.0,300.0,544.0,120789.80999205708,1.6377334755380535,0.49503722084367247,4563.380281690141
7.28,1147,283953,112.0,54.0,60.0,310.0,544.0,92144.31422557918,2.406591165390983,0.4891020052310375,4277.472527472528
7.47,795,144603,78.0,54.0,54.0,256.0,446.0,36090.70123175507,0.7104684173172463,0.5371069182389937,3132.5301204819275
9.15,1387,307771,78.0,54.0,60.0,292.0,631.0,69887.55317712261,1.330733288400518,0.5255948089401586,4419.672131147541
5.26,373,74476,60.0,54.0,54.0,220.0,500.8000000000004,80288.74739270748,0.21187861036530795,0.5898123324396782,2178.707224334601
1.86,140,32110,69.0,54.0,54.0,292.0,592.6000000000003,94166.42959183673,0.15703372729893342,0.5642857142857143,2258.064516129032
3.65,941,352066,297.0,54.0,60.0,540.0,832.0,191671.13441395128,3.4550654215068457,0.41764080765143463,6049.315068493151
8.95,960,227477,83.0,54.0,54.0,292.0,652.0,111811.61778537327,1.5583359575329525,0.5385416666666667,3110.614525139665
4.3,562,113148,112.0,54.0,60.0,298.0,445.0,37604.178721140815,1.9613693467336684,0.4786476868327402,3586.046511627907
5.04,1268,286216,148.0,54.0,60.0,297.0,531.0,55207.68318920479,2.92146546645293,0.4392744479495268,6321.428571428571
1.75,412,98446,112.0,54.0,60.0,328.0,512.0,67228.22530398719,2.651151578088492,0.46601941747572817,6480.0
5.18,587,91827,78.0,54.0,54.0,220.0,400.0,24646.426277465478,1.0349022736338254,0.5468483816013628,3382.2393822393824
0.03,2,310,155.0,74.2,104.5,205.5,235.8,10201.0,0.2109375,0.5,2000.0
3.51,473,85186,60.0,54.0,54.0,278.0,436.0,34705.91443219252,1.099263165676828,0.5391120507399577,4085.470085470086
6.81,790,195734,78.0,54.0,54.0,328.0,652.0,101168.78254125941,1.2944389740704272,0.5278481012658228,3409.6916299559475
3.08,189,35826,60.0,54.0,54.0,220.0,527.2000000000004,56907.86596119929,0.19039074960127592,0.5978835978835979,1987.012987012987
7.77,1331,316771,112.0,54.0,60.0,300.0,567.0,71772.508612461,2.1527972689180177,0.4800901577761082,4710.424710424711
2.78,200,40475,78.0,54.0,54.0,328.0,472.0,53685.964375,0.18330653413243678,0.52,2136.6906474820144
2.72,190,43017,60.0,54.0,54.0,292.0,691.5999999999998,80894.47260387812,0.14653908686265626,0.5789473684210527,2161.7647058823527
6.8,849,195529,83.0,54.0,54.0,269.0,580.0,97434.60540426553,0.6546836257161475,0.5300353356890459,3547.058823529412
1.52,420,92099,148.0,54.0,60.0,298.0,524.0,36808.317341269845,2.6600961729523505,0.42142857142857143,6828.9473684210525
6.85,842,205945,81.5,54.0,54.0,300.0,616.0,122869.83330183197,0.9726721520321076,0.5415676959619953,3591.2408759124087
1.41,362,89018,184.0,60.0,60.0,297.0,720.0,56574.65968682274,3.444677451567805,0.4198895027624309,6255.31914893617
2.3,151,24339,78.0,54.0,54.0,184.0,328.0,42274.64111223191,0.22061183550651955,0.5894039735099338,1956.521739130435
7.64,1071,240356,83.0,54.0,60.0,361.0,521.0,65692.93859940492,1.3827585181366668,0.5126050420168067,3926.7015706806287
6.8,619,125829,83.0,54.0,54.0,328.0,468.8000000000002,43346.43652146227,0.7002770083102493,0.5121163166397416,2673.529411764706
0.15,12,1898,66.0,54.0,54.0,202.0,396.40000000000003,22758.972222222223,0.20584498094027953,0.5833333333333334,2400.0
9.91,1112,263967,83.0,54.0,54.0,322.0,580.0,86280.79504732545,1.0262757921886514,0.5377697841726619,3251.261352169526
8.05,1636,738174,112.0,54.0,60.0,328.0,1494.0,655018.3301764696,4.5759640442648335,0.4828850855745721,5426.086956521738
5.49,1860,918949,148.0,54.0,60.0,400.0,1538.0,711821.2250604117,6.763885368614927,0.4543010752688172,8743.169398907105
4.21,797,273674,112.0,54.0,60.0,415.0,774.0,255595.81406119876,3.9906814741871366,0.4767879548306148,5116.389548693586
2.86,200,49853,60.0,54.0,54.0,299.5,724.0,111254.08477500001,0.15638700099742525,0.585,2139.86013986014
1.63,160,44996,61.0,54.0,54.0,297.0,947.1999999999996,154618.686875,0.1316901408450704,0.6,3018.4049079754604
3.61,596,140060,112.0,54.0,60.0,297.0,562.0,75462.24832214766,1.8644469895287958,0.4748322147651007,4470.914127423823
3.07,727,209255,220.0,54.0,60.0,436.0,654.0,77158.02044164085,3.0871713738817923,0.4305364511691884,5745.928338762215
6.02,439,93209,60.0,54.0,54.0,281.0,581.9999999999999,74422.53693162654,0.18267522712277318,0.5740318906605922,2222.5913621262457
6.95,569,127042,60.0,54.0,54.0,282.0,581.9999999999999,90031.19292935221,0.17339219905974934,0.5869947275922671,2503.5971223021584
2.1,131,32117,80.0,54.0,54.0,298.0,760.0,91454.97943010315,0.15313083441045527,0.5190839694656488,1828.5714285714284
2.28,134,28977,60.0,54.0,54.0,274.0,633.4000000000002,77388.67815771885,0.1662641873943492,0.582089552238806,1894.7368421052631
8.77,1079,296089,112.0,54.0,54.0,400.0,616.0,112063.86758068131,1.1595311725063453,0.48841519925857274,3324.9714937286203
8.96,1322,344793,92.0,54.0,54.0,349.0,652.0,139563.5083968269,1.5766201351108986,0.5007564296520424,4171.875
1.45,93,22715,60.0,54.0,54.0,400.0,652.0,76280.72378309631,0.12606583382907,0.5591397849462365,1986.2068965517242
9.37,717,176484,62.0,54.0,54.0,280.0,666.3999999999992,124883.54740521587,0.19273346579619643,0.5760111576011158,2350.0533617929564
7.56,516,119776,60.0,54.0,54.0,293.25,609.5,89032.04663181299,0.14521742456113512,0.5717054263565892,2103.1746031746034
6.9,1213,313445,112.0,54.0,60.0,328.0,627.9999999999993,110678.90540170413,1.9360053953296679,0.49134377576257215,4834.782608695652
0.63,43,7908,60.0,54.0,54.0,251.0,500.8000000000002,44036.27041644132,0.1825930910722297,0.6046511627906976,2095.238095238095
7.47,583,161180,64.0,54.0,54.0,333.5,724.0,142309.64167713578,0.13095279861349873,0.5608919382504288,2345.381526104418
1.64,110,25314,60.0,54.0,54.0,292.0,623.2000000000006,90715.72925619836,0.16616759570645415,0.5727272727272728,2121.951219512195
3.87,285,66815,60.0,54.0,54.0,328.0,590.0,90456.62517697754,0.1673189140081764,0.5614035087719298,2217.0542635658912
7.09,1061,300436,112.0,54.0,60.0,298.0,688.0,185572.14777729116,1.2276464961777158,0.48539114043355325,4053.5966149506344
2.43,248,42955,60.0,54.0,54.0,256.0,472.0,44093.3488390999,0.6403803559153747,0.6088709677419355,3333.333333333333
5.09,1150,236926,112.0,54.0,60.0,267.0,421.0,67534.58035841209,1.9230275738695948,0.4756521739130435,6047.151277013752
0.58,39,4916,60.0,54.0,54.0,184.0,271.20000000000005,10723.740959894807,0.2745657246564688,0.6153846153846154,2275.8620689655177
7.83,1028,221381,83.0,54.0,60.0,298.0,580.0,58768.437965563455,1.5937412128596868,0.5214007782101168,3754.7892720306513
9.7,1330,333878,112.0,54.0,55.5,297.0,564.0,163163.1205020069,1.5473841622986717,0.48270676691729325,3643.298969072165
4.72,762,178261,83.0,54.0,54.0,297.75,590.0,89021.12086751951,1.124329670853493,0.5170603674540682,4601.6949152542375
4.53,919,220417,148.0,54.0,60.0,364.0,594.0,51641.278290141265,3.507597292378167,0.4439608269858542,5139.07284768212
0.02,50,5592,112.0,112.0,112.0,112.0,112.0,117.2544,33.51851851851852,0.02,3000.0
0.47,123,17040,60.0,60.0,60.0,112.0,479.0,23635.581994844342,1.0285714285714285,0.6666666666666666,10468.08510638298
1.79,130,28368,60.0,54.0,54.0,295.75,581.0000000000001,76645.21514792899,0.1823941313771257,0.5846153846153846,2312.849162011173
4.4,868,206054,112.0,54.0,60.0,352.0,580.0,65695.26541761345,2.6852610305295728,0.48963133640552997,5440.909090909091
9.58,1443,572334,112.0,54.0,60.0,400.0,949.7999999999997,441704.12000005756,3.02089363495855,0.46153846153846156,3933.1941544885176
6.44,890,302902,78.0,54.0,60.0,346.0,773.6000000000001,334012.09609392745,2.918119728876701,0.5134831460674157,4071.428571428571
8.57,569,119316,60.0,54.0,54.0,292.0,580.0,64438.71140748886,0.16892812007092964,0.5852372583479789,2051.3418903150523
1.51,131,27328,60.0,54.0,54.0,299.0,590.0,62576.573626245554,0.1518165725364579,0.6335877862595419,2781.456953642384
5.26,537,127462,78.0,54.0,54.0,300.0,688.0,82879.34382683296,1.67339234028273,0.521415270018622,3045.627376425856
5.89,1307,378324,112.0,54.0,60.0,292.0,446.0,309436.98595345294,3.6018099547511313,0.46442234123947973,5918.505942275043
5.17,571,136345,78.0,54.0,54.0,364.0,635.0,73030.5027527213,0.6780096979840993,0.521891418563923,3261.1218568665377
0.45,23,6985,103.0,54.0,54.0,292.0,1100.4000000000005,175451.25519848778,0.12734021949644933,0.4782608695652174,1466.6666666666665
1.71,141,35673,78.0,54.0,54.0,328.0,724.0,103194.1134751773,0.13147043897487948,0.5673758865248227,2456.1403508771928
2.91,208,43668,60.0,54.0,54.0,256.0,602.0000000000002,77401.23705621302,0.16535012809564475,0.5913461538461539,2226.8041237113403
9.06,655,126101,60.0,54.0,54.0,224.5,508.0,66293.94423168813,0.1820158788185559,0.6061068702290077,2291.390728476821
9.6,1110,241047,97.0,54.0,54.0,298.0,508.0,56702.46916727539,1.2342129410783305,0.5,3231.25
1.56,261,56730,83.0,54.0,60.0,298.0,510.0,60610.313647773815,2.5634422110552766,0.5057471264367817,4923.076923076923
6.98,793,171689,112.0,54.0,54.0,364.0,513.0,48976.633322148875,1.395950207932122,0.4930643127364439,3120.343839541547
7.14,913,164290,83.0,54.0,60.0,256.0,400.0,41359.37049482407,1.4579225325773104,0.5147864184008762,3621.8487394957983
0.27,25,2928,60.0,54.0,54.0,184.0,241.60000000000005,6248.5055999999995,0.4473554127533366,0.6,2888.8888888888887
9.38,1118,246525,83.0,54.0,60.0,301.0,508.0,92072.8564112698,1.6581520977324433,0.5125223613595706,3390.191897654584
4.36,323,73503,60.0,54.0,54.0,300.5,590.0,81524.31408333253,0.19466566979813413,0.5789473684210527,2256.880733944954
6.71,896,273122,83.0,54.0,54.0,394.0,796.0,187344.80149374204,1.0276919878838273,0.5256696428571429,3791.356184798808
5.05,589,131913,83.0,54.0,60.0,220.0,494.0,98886.44159909604,2.6900805639476335,0.5110356536502547,3374.257425742574
6.24,980,213810,112.0,54.0,60.0,323.0,525.1000000000005,62158.70868388171,1.6949934455984672,0.49795918367346936,4365.384615384615
3.02,234,44323,60.0,54.0,54.0,220.0,544.0,58108.969190590986,0.1987288708586883,0.5897435897435898,2403.973509933775
7.62,753,151560,83.0,54.0,54.0,298.0,508.0,48771.32283614546,0.5894789831361691,0.5245683930942895,2874.015748031496
8.46,1020,254636,87.0,54.0,54.0,354.0,580.0,91386.72362937331,1.5198262298002039,0.503921568627451,3404.255319148936
9.44,1200,403487,83.0,54.0,60.0,328.0,652.0,380183.2986326389,2.6555020022105853,0.5208333333333334,3648.305084745763
3.25,695,185742,184.0,54.0,60.0,416.0,580.0,64218.10348532684,3.341084908967677,0.4446043165467626,5353.846153846153
4.19,269,48642,60.0,54.0,54.0,263.0,508.0,33728.56798551707,0.2062492250464972,0.5687732342007435,1990.4534606205248
4.69,282,61037,60.0,54.0,54.0,273.25,613.4000000000001,75691.94181630702,0.1477219307647468,0.5815602836879432,1842.2174840085286
9.14,1255,270581,120.0,54.0,60.0,297.0,508.0,48132.34788273202,1.419877298418831,0.4645418326693227,3577.6805251641135
4.68,311,62647,62.0,54.0,54.0,202.0,616.0,75531.975972126,0.17173852052744787,0.5980707395498392,2012.820512820513
5.87,553,112085,60.0,54.0,54.0,267.0,544.0,61438.707506973304,0.5647773279352226,0.5641952983725136,2964.2248722316863
4.6,294,49883,60.0,54.0,54.0,220.0,436.0,38460.36393400898,0.2026375427937702,0.5986394557823129,2008.6956521739132
8.75,1338,423003,83.0,54.0,60.0,297.0,652.0,366908.41448484117,2.6556220995048094,0.523168908819133,4450.285714285714
8.07,751,156334,83.0,54.0,54.0,292.0,508.0,64822.91459412305,1.0136532838723804,0.5206391478029294,2736.059479553903
4.62,826,231181,148.0,54.0,60.0,364.0,652.0,105688.5122692283,2.48652480130303,0.45278450363196127,4441.558441558442
5.48,651,284397,83.0,54.0,54.0,364.0,1084.0,624663.0930224325,3.299404365967225,0.5238095238095238,3448.905109489051
0.44,44,9167,61.0,54.0,54.0,256.0,560.8000000000002,66468.54287190083,0.19751796211626388,0.5454545454545454,3136.3636363636365
8.93,584,132586,60.0,54.0,54.0,292.0,608.2000000000012,90603.02302261212,0.14780154614632118,0.6095890410958904,2015.677491601344
6.3,649,157124,60.0,54.0,54.0,297.0,623.2000000000016,107021.5366535217,0.9299146348952896,0.559322033898305,3142.857142857143
9.69,671,159318,60.0,54.0,54.0,267.5,616.0,127887.91475232152,0.21825105523949348,0.5886736214605067,2136.222910216718
2.34,240,46342,60.0,54.0,60.0,256.0,449.0,59704.958263888875,2.8978888047775255,0.5541666666666667,3128.2051282051284
7.51,502,144683,60.0,54.0,54.0,362.0,864.4000000000012,168354.12787495437,0.12664792592996363,0.5776892430278885,2061.2516644474035
4.18,276,63889,60.0,54.0,54.0,303.0,616.0,93352.57575876916,0.146608040201005,0.5942028985507246,2081.33971291866
5.54,405,97506,66.0,54.0,54.0,297.0,688.0,101728.30814814813,0.15895070899646987,0.5753086419753086,2209.3862815884477
9.94,1269,280230,78.0,54.0,54.0,309.0,580.0,70981.13885395882,1.0053097091825052,0.5263987391646966,3748.4909456740443
8.23,1739,456571,112.0,54.0,60.0,329.0,688.0,101952.26264557535,2.80064097228003,0.4565842438182864,5511.543134872417
0.77,63,16806,83.0,54.0,54.0,256.0,421.6000000000003,173904.78458049882,0.11364389371148366,0.5079365079365079,2181.8181818181815
4.14,239,41975,60.0,54.0,54.0,261.0,472.0,36207.36342150872,0.19213291678500427,0.5857740585774058,1913.0434782608697
0.77,49,12321,60.0,54.0,54.0,364.0,724.0000000000005,85159.47188671387,0.13505297098111468,0.5102040816326531,1948.051948051948
8.63,1060,230666,112.0,54.0,60.0,297.0,523.0,53337.91538269848,1.5923353562598337,0.48962264150943396,3399.768250289687
7.25,607,111954,78.0,54.0,54.0,256.0,473.5999999999999,40636.750301941385,0.7678994409879039,0.5453047775947282,2491.0344827586205
1.06,76,14005,60.0,54.0,54.0,220.0,472.0,50688.91049168975,0.3208525888899368,0.5657894736842105,2207.5471698113206
4.36,363,78864,66.0,54.0,54.0,200.0,590.0,105599.73326047856,0.2459161426901324,0.6308539944903582,2532.110091743119
6.37,355,60913,60.0,54.0,54.0,184.0,436.0,43005.82571711963,0.19596717191549518,0.5830985915492958,1723.7048665620093
6.77,675,137353,74.0,54.0,54.0,292.0,481.0,55072.202394513035,0.9281944015498217,0.5511111111111111,2986.7060561299854
9.43,1142,285604,91.0,54.0,54.0,298.0,652.0,102034.08978011967,1.4124200728108185,0.5026269702276708,3423.1177094379645
9.17,562,139680,66.0,54.0,54.0,328.0,616.0,155812.8568660478,0.3554190562137929,0.597864768683274,1845.1472191930209
6.28,1528,319002,112.0,54.0,60.0,298.0,521.0,50757.99203523752,2.31251687400054,0.4757853403141361,6506.369426751592
7.42,463,84464,60.0,54.0,54.0,220.0,446.40000000000015,53988.439149317295,0.1901031392661895,0.5982721382289417,1973.045822102426
0.35,28,5210,60.0,54.0,54.0,257.0,475.2000000000001,41500.137755102056,0.21785881252921926,0.5714285714285714,2571.4285714285716
3.35,223,47189,60.0,54.0,54.0,312.0,580.0,60857.61012688774,0.16088956677901056,0.5650224215246636,2041.7910447761194
7.91,1231,309680,112.0,54.0,60.0,298.0,512.0,113574.7864225092,2.3015277348372583,0.4825345247766044,4194.690265486725
0.12,10,1406,83.0,54.0,54.0,202.0,241.5999999999999,13824.039999999999,0.23767605633802816,0.5,2500.0
3.66,609,161064,112.0,54.0,60.0,400.0,690.0,74178.51855986152,2.224439951152129,0.47619047619047616,4311.475409836065
8.69,654,129483,60.0,54.0,54.0,256.0,590.0,55265.40195129479,0.17213129594090595,0.5795107033639144,2333.7169159953974
7.78,917,358201,112.0,54.0,54.0,328.0,945.9999999999976,480977.2971081795,2.7607193851839407,0.4961832061068702,3308.4832904884315
2.15,425,88862,112.0,54.0,60.0,280.0,472.0,41297.75947958478,2.5015367641264086,0.4894117647058824,5386.0465116279065
7.13,593,113748,60.0,54.0,54.0,256.0,508.0,54121.89937693552,0.39866709293460884,0.5750421585160203,2608.695652173913
9.42,906,189597,78.0,54.0,54.0,279.25,523.0,60468.96007119572,0.7160584338003693,0.5353200883002207,2847.1337579617834
9.28,968,167201,62.0,54.0,54.0,220.0,364.0,43494.3838268817,1.2645835872848183,0.5547520661157025,3161.6379310344832
5.89,366,60436,60.0,54.0,54.0,252.5,400.0,27193.366717429602,0.21157932721222084,0.5655737704918032,1884.5500848896436
3.89,517,104821,106.0,54.0,60.0,225.0,298.0,158915.0044708162,2.74748847020128,0.4951644100580271,3794.3444730077117
3.81,600,103658,83.0,54.0,60.0,268.0,364.0,31303.003988888886,1.2861364739093997,0.53,4503.937007874016
1.79,92,10815,60.0,54.0,54.0,148.0,265.9000000000001,9289.725307183366,0.29257798494083903,0.5978260869565217,1642.4581005586592
3.53,198,34326,60.0,54.0,54.0,231.0,472.0,32534.797061524332,0.21632826618475604,0.5606060606060606,1716.7138810198303
1.15,95,36798,84.0,54.0,54.0,302.0,728.8000000000001,533039.27933518,1.9554252670468235,0.5894736842105263,2139.130434782609
8.41,979,226752,83.0,54.0,54.0,364.0,544.0,57936.15280022453,1.3802735584644616,0.508682328907048,3281.807372175981
1.49,71,14590,60.0,54.0,54.0,283.0,580.0,51427.038682801045,0.1694453350432831,0.5211267605633803,1449.6644295302015
7.79,1039,225650,112.0,54.0,60.0,328.0,508.0,51759.18704870031,1.933109759267925,0.480269489894129,3550.7060333761233
7.57,446,79243,60.0,54.0,54.0,220.0,508.0,39106.50192543587,0.20690547991105426,0.600896860986547,1822.9854689564067
3.55,454,83322,83.0,54.0,54.0,256.0,511.49999999999994,42299.97164703372,1.4326880966979065,0.5550660792951542,3735.211267605634
6.86,1082,314669,112.0,54.0,60.0,379.75,626.0,180750.9746524373,3.0056137581628626,0.4824399260628466,4276.967930029155
0.25,14,1549,57.0,54.0,54.0,175.0,209.20000000000005,5913.943877551021,0.42371323529411764,0.6428571428571429,1920.0
6.41,628,120469,83.0,54.0,54.0,292.0,400.0,70305.38020558644,1.2955658453857735,0.535031847133758,2826.8330733229327
1.19,71,9339,60.0,54.0,54.0,148.5,220.0,31410.1079150962,0.24886333244182937,0.5774647887323944,1915.966386554622
7.07,727,116301,83.0,54.0,54.0,184.0,436.0,31525.164378870413,1.2396587582806964,0.5543328748280605,2995.756718528996
5.82,557,109029,60.0,54.0,54.0,269.0,508.0,51252.962813739934,0.8297447429808515,0.5655296229802513,2969.0721649484535
9.27,810,133498,60.0,54.0,54.0,220.0,400.0,34053.87589696693,0.4937173419265326,0.554320987654321,2673.1391585760516
0.18,14,2203,60.0,54.0,55.5,148.0,258.4000000000001,49217.08673469387,0.1979336595976074,0.6428571428571429,3000.0
6.46,554,85784,60.0,54.0,54.0,184.0,364.0,25205.217779457573,0.9391035059562829,0.5685920577617328,2702.7863777089783
7.75,470,70016,60.0,54.0,54.0,184.0,364.0,22510.29698506111,0.26186785855891576,0.5957446808510638,1889.0322580645159
2.59,192,29946,60.0,54.0,54.0,220.0,396.4000000000002,27659.269856770832,0.2201442366458868,0.6197916666666666,2386.100386100386
8.07,719,178288,60.0,54.0,54.0,297.0,682.0,125787.91821820215,0.7516825340682446,0.5340751043115438,2721.1895910780668
3.46,202,32347,60.0,54.0,54.0,184.0,328.0,41826.274213312434,0.21728822488992586,0.6188118811881188,1872.8323699421967
3.01,378,79956,79.0,54.0,60.0,328.0,400.0,98588.0536659108,2.620539757290346,0.5079365079365079,3707.641196013289
2.73,414,113185,112.0,54.0,60.0,256.0,301.0,324403.38846297463,3.3549442093112734,0.49033816425120774,4307.692307692308
3.21,504,113458,132.5,54.0,60.0,298.0,508.0,51713.284375787356,2.024417550781042,0.47023809523809523,4205.607476635514
7.52,626,109459,83.0,54.0,54.0,220.0,436.0,38854.75362869887,0.7494685696932888,0.5255591054313099,2377.6595744680853
8.59,1260,415751,125.0,54.0,60.0,541.0,832.0,137146.1040432099,1.937194006231146,0.46746031746031746,3715.9487776484284
9.09,1252,346783,112.0,54.0,60.0,356.0,616.0,159746.57080492302,1.6373737527378924,0.49201277955271566,3821.782178217822
3.26,493,178294,112.0,54.0,60.0,400.0,832.0,303732.9655007839,4.02151749000169,0.4766734279918864,4177.914110429448
4.77,629,193063,112.0,54.0,60.0,400.0,733.0,235280.23125004736,2.1188995331254747,0.49920508744038156,3647.7987421383655
1.82,113,15498,78.0,54.0,54.0,163.0,328.0,19912.924269715717,0.25459402574273454,0.6106194690265486,1846.1538461538462
5.67,401,96886,60.0,54.0,54.0,328.0,652.0,92669.63918134838,0.14327858019446804,0.5586034912718204,2137.5661375661375
5.26,874,260904,80.5,54.0,60.0,328.0,563.0,294959.1535956097,2.801215088072031,0.5354691075514875,4870.722433460077
2.71,379,82049,112.0,54.0,60.0,220.0,297.0,102495.83297248,2.7836753516255475,0.48284960422163586,3852.39852398524
6.22,1053,473954,112.0,54.0,60.0,445.0,760.0,620437.6920497579,5.221828397395505,0.4748338081671415,4504.823151125403
7.94,814,175099,83.0,54.0,54.0,350.25,508.0,47171.51752953534,1.1006418331233878,0.5085995085995086,2871.536523929471
3.11,198,40686,60.0,54.0,54.0,292.0,570.2000000000002,63791.80532598714,0.22640542577241898,0.5858585858585859,1967.8456591639874
7.52,501,102641,60.0,54.0,54.0,292.0,544.0,64346.65434002255,0.16895200783545544,0.5948103792415169,2114.3617021276596
3.41,394,134881,66.0,54.0,60.0,355.0,738.3999999999992,369652.37589863176,2.0283116299955095,0.5355329949238579,3483.8709677419356
3.67,348,64170,83.0,54.0,54.0,292.0,472.0,37079.928953626644,0.6597263533610946,0.5517241379310345,2713.8964577656675
7.65,1088,227739,109.5,54.0,60.0,298.0,472.0,79082.21537680445,1.931532064979533,0.4963235294117647,4023.529411764706
7.25,1492,457727,112.0,54.0,60.0,328.0,622.0,261871.44614485477,3.667968630490429,0.47319034852546915,5462.068965517241
8.44,871,259240,83.0,54.0,54.0,300.0,700.0,272609.12043509376,2.0344601554452666,0.5120551090700345,2928.909952606635
5.74,648,252297,104.5,54.0,60.0,328.0,733.9000000000023,513661.92727623455,3.8727620371979836,0.4984567901234568,3209.0592334494772
4.39,1065,257900,148.0,54.0,60.0,364.0,540.6,59635.3792148824,3.4960861909659875,0.40751173708920185,5685.649202733486
0.26,9,847,60.0,54.0,54.0,118.0,157.0,2352.543209876543,0.34231378763866877,0.5555555555555556,1153.8461538461538
9.49,590,116322,61.0,54.0,54.0,256.0,580.0,52349.96212582591,0.18008339166692028,0.576271186440678,1884.0885142255004
4.34,569,156625,78.0,54.0,54.0,256.0,739.0,231423.70203329003,1.6151238896680693,0.523725834797891,3870.967741935484
0.11,9,1431,83.0,54.0,54.0,292.0,320.8,18243.555555555555,0.26413427561837455,0.5555555555555556,2181.818181818182
3.68,313,71530,60.0,54.0,54.0,298.0,590.0,80288.17240147394,0.1551442921047107,0.5814696485623003,2641.304347826087
0.48,37,7458,66.0,54.0,54.0,298.0,584.0,41264.40759678597,0.21426245522631066,0.5675675675675675,2375.0
1.39,106,23210,61.0,54.0,54.0,216.5,603.0,79487.2627269491,0.15009167038303356,0.5849056603773585,2374.1007194244607
0.95,54,12637,60.0,54.0,54.0,220.0,760.0,96246.7218792867,0.1287066809574848,0.5740740740740741,1831.5789473684213
7.91,557,117723,66.0,54.0,54.0,292.0,590.0,71194.16343001912,0.17586599544528347,0.5816876122082585,2154.235145385588
3.33,624,133133,112.0,54.0,60.0,297.0,508.0,71659.32488648503,3.121254333828628,0.4791666666666667,5225.225225225226
2.74,404,216817,112.0,54.0,60.0,364.0,2958.0,907643.1498076166,8.567425646456623,0.48514851485148514,4116.788321167883
5.9,388,67494,60.0,54.0,54.0,256.0,446.8000000000004,40551.59063131044,0.23400676478654356,0.5824742268041238,2023.728813559322
1.17,90,16873,60.0,54.0,54.0,256.0,545.8000000000002,42012.405061728394,0.1930283532489571,0.5777777777777777,2358.974358974359
5.88,658,146327,87.0,54.0,54.0,298.0,544.0,66522.4669510629,1.3071962410520008,0.5030395136778115,3193.877551020408
9.79,2604,2335386,202.5,54.0,60.0,1514.0,2974.0,1422347.4946006497,14.416004911182842,0.44047619047619047,6680.286006128703
4.78,997,223504,148.0,54.0,60.0,298.0,525.1999999999995,41963.60173600038,2.4935054785313473,0.4262788365095286,5020.92050209205
0.61,32,3379,92.0,54.0,54.0,148.0,184.0,3524.4912109375,0.3142746013224426,0.5,1475.409836065574
3.6,234,38568,60.0,54.0,54.0,178.75,461.2000000000006,36654.01051939514,0.23682775871468428,0.6196581196581197,2016.6666666666665
2.92,600,168581,112.0,54.0,60.0,406.0,758.0,92924.5506638889,3.3466635726072607,0.445,5198.630136986301
0.4,282,65047,220.0,60.0,60.0,309.0,508.0,32622.365235652127,3.887077385424493,0.41134751773049644,17250.0
8.91,609,109451,60.0,54.0,54.0,220.0,475.0000000000007,48560.942695905156,0.22740067060657373,0.5845648604269293,2114.4781144781145
2.17,420,85643,83.0,54.0,60.0,292.0,594.0,53519.537477324266,1.6352503153943199,0.5142857142857142,5640.552995391705
7.24,521,85246,60.0,54.0,54.0,220.0,400.0,29736.208737810426,0.26023387490205935,0.5738963531669866,2196.1325966850827
9.29,778,192201,78.0,54.0,54.0,297.0,550.6000000000015,137133.7164851541,1.0632608368937457,0.5398457583547558,2505.920344456405
6.92,965,207325,83.0,54.0,54.0,297.0,544.0,66598.27428387338,0.9252913590565074,0.5170984455958549,4031.791907514451
2.38,126,18440,60.0,54.0,54.0,184.0,292.0,23054.497102544723,0.25356900067980964,0.5793650793650794,1663.8655462184877
7.35,573,122034,62.0,54.0,54.0,297.0,549.6000000000005,52914.74102500846,0.8241528273965231,0.5357766143106457,2342.857142857143
6.88,973,187588,112.0,54.0,60.0,292.0,332.0,52963.75897009599,1.7575116128652908,0.4830421377183967,3880.813953488372
1.62,100,20648,60.0,54.0,54.0,226.75,652.0,66281.34959999999,0.15746398340714166,0.6,1925.9259259259256
3.84,486,96289,112.0,54.0,54.0,269.0,480.0,41897.24144778066,1.450538263812893,0.4876543209876543,3515.625
6.15,903,177689,106.0,54.0,60.0,297.0,472.0,37204.696359740934,1.4094077127515323,0.49612403100775193,4117.073170731707
0.85,599,539412,300.0,60.0,60.0,1029.0,2974.0,1325115.0074944047,22.836146707909855,0.34223706176961605,14047.058823529413
5.81,1212,906762,66.0,54.0,60.0,1506.0,2974.0,1225757.433544097,5.85585319935582,0.528052805280528,6289.156626506025
4.0,519,109795,78.0,54.0,60.0,294.0,513.0,63500.82157402147,1.3664755582377792,0.5240847784200385,3870.0
7.86,575,133498,62.0,54.0,54.0,296.5,590.0,89870.25616937618,0.14775775500378294,0.5634782608695652,2213.740458015267
5.95,692,189218,80.5,54.0,54.0,328.0,832.0,136032.41069698287,0.7755944672784941,0.5346820809248555,3428.5714285714284
4.77,312,48839,60.0,54.0,54.0,184.0,364.0,31327.723115959896,0.2524747397035441,0.5961538461538461,2000.0000000000002
5.6,358,81091,61.0,54.0,54.0,304.5,626.8000000000004,81575.56272432195,0.14318944370823583,0.5865921787709497,1939.2857142857144
3.89,489,95076,60.0,54.0,54.0,220.0,567.0,57559.758314828054,1.0194991397438349,0.5664621676891616,3825.1928020565547
6.62,1101,181726,112.0,54.0,60.0,220.0,364.0,30325.701744182687,1.4006076618229855,0.4950045413260672,4703.927492447129
3.2,708,148846,116.0,54.0,60.0,297.0,478.0,36087.374405502895,2.3168285943488724,0.4519774011299435,5625.0
6.96,971,453102,83.0,54.0,60.0,475.0,1373.0,573164.3925964187,3.1058211606074884,0.5169927909371782,3948.275862068965
0.59,31,3717,78.0,54.0,54.0,184.0,256.0,7912.34547346514,0.3046683046683047,0.6129032258064516,1525.4237288135594
7.38,995,283650,112.0,54.0,54.0,406.0,758.0,104848.55411732027,1.3023725841930536,0.4884422110552764,3593.4959349593496
4.03,460,104032,112.0,54.0,60.0,328.0,576.0,62352.07550094518,2.2417811847558506,0.4891304347826087,3200.9925558312657
3.58,480,96323,109.0,54.0,60.0,297.0,508.0,35844.45759982639,1.809971119344205,0.4979166666666667,3770.949720670391
4.53,1302,315298,148.5,54.0,60.0,301.0,543.0,56561.51522766581,3.0199148328530994,0.4201228878648233,6940.397350993378
2.95,476,145098,256.0,60.0,60.0,472.0,571.5,94594.38208812935,3.822133599202393,0.3802521008403361,3498.3050847457625
7.23,522,121313,60.0,54.0,54.0,328.0,688.0,86813.27072782256,0.14188763071941565,0.6091954022988506,2224.0663900414934
1.45,123,29873,62.0,54.0,54.0,314.0,590.0,93031.10503007467,0.13451824845239452,0.5284552845528455,2565.5172413793102
9.71,622,155295,60.0,54.0,54.0,300.25,721.9999999999995,106797.66790304071,0.14207654291933872,0.5643086816720257,1971.163748712667
9.78,736,191308,60.0,54.0,54.0,312.0,724.0,126287.94609522681,0.16286759789440414,0.561141304347826,2349.6932515337426
0.36,155,35400,112.0,54.0,60.0,328.0,544.0,67799.02434963579,4.0709067468844005,0.4967741935483871,12333.333333333334
3.62,269,39983,60.0,54.0,54.0,184.0,364.0,26973.61448846754,0.4733758337325423,0.6171003717472119,2419.8895027624308
9.55,1617,480983,112.0,54.0,60.0,400.0,699.0,159190.48411723154,3.1783188838890144,0.45392702535559676,4423.0366492146595
9.25,1125,249689,83.0,54.0,54.0,298.0,580.0,88334.87972661728,1.2517021526030534,0.5404444444444444,3489.7297297297296
1.89,147,32593,78.0,54.0,54.0,364.0,580.0,69858.55486140033,0.21629286860469454,0.5782312925170068,2317.4603174603176
0.82,399,138583,297.0,54.0,60.0,472.0,765.3999999999996,108481.0116393741,5.6402970771442265,0.40852130325814534,11414.634146341465
4.62,341,64737,60.0,54.0,54.0,256.0,472.0,48310.981708103645,0.19372683520495657,0.5571847507331378,2233.7662337662337
3.95,630,212754,112.0,54.0,60.0,449.0,692.0,284734.90331065765,2.4244463044038116,0.47619047619047616,4344.303797468354
9.21,635,130763,60.0,54.0,54.0,256.0,590.0,63791.470112220224,0.1722787011636455,0.5968503937007874,2143.322475570032
2.08,112,26461,69.0,54.0,54.0,337.0,576.4000000000002,83952.10259885204,0.1520309983020593,0.5357142857142857,1615.3846153846155
9.46,914,200999,66.0,54.0,54.0,292.0,580.0,73875.53590991578,0.6638990066225166,0.5645514223194749,2923.890063424947
3.03,201,52456,60.0,54.0,54.0,400.0,652.0,99836.6411722482,0.12983544412854311,0.5522388059701493,2039.6039603960398
0.74,57,10029,66.0,54.0,54.0,148.0,464.7999999999999,57242.506001846734,0.19964114832535884,0.7017543859649122,2432.4324324324325
9.48,1559,374918,112.0,54.0,60.0,327.0,580.0,68152.9784820371,1.9838280939116593,0.4676074406670943,4354.430379746836
7.8,1031,206233,78.0,54.0,54.0,253.0,590.0,66310.85736541604,1.1778197830976693,0.5470417070805044,3923.076923076923
2.38,150,30021,60.0,54.0,54.0,292.0,508.0,54117.44040000001,0.1711855810868802,0.5666666666666667,2067.2268907563025
2.48,364,86738,87.0,54.0,60.0,329.0,554.4999999999998,72947.49761502234,1.4232552941833827,0.5027472527472527,4209.677419354839
6.14,375,71235,60.0,54.0,54.0,220.0,465.2000000000004,71516.8064,0.3088413625840591,0.5733333333333334,1876.2214983713354
6.86,591,118003,60.0,54.0,54.0,267.0,508.0,59640.28990411732,0.5704418418951291,0.5516074450084603,2650.145772594752
0.12,8,1845,97.5,54.0,54.0,337.0,601.6,53714.734375,0.153125,0.5,1500.0
5.66,815,182815,112.0,54.0,60.0,321.0,580.0,57552.740140765556,1.7928168777402649,0.4883435582822086,3879.858657243816
2.03,113,22303,60.0,54.0,54.0,292.0,500.7999999999999,41955.100790978155,0.16458670565505717,0.5309734513274337,1684.729064039409
1.06,92,16984,61.0,54.0,54.0,256.0,436.0,58103.34688090737,0.19294795251808666,0.6630434782608695,2773.5849056603774
9.1,1741,449035,148.0,54.0,60.0,328.0,631.0,86051.91226562404,2.435747350702016,0.4577828834003446,5037.3626373626375
8.77,694,113574,61.0,54.0,54.0,256.0,400.0,24916.967743275007,0.5881810045866428,0.5547550432276657,2387.685290763968
5.2,790,164671,112.0,54.0,60.0,297.75,508.0,46690.79626502163,1.5004707240038873,0.4873417721518987,4211.538461538461
8.21,1230,269401,112.0,54.0,60.0,292.0,405.0,129770.0213160156,1.9188805582040391,0.4926829268292683,4136.419001218027
7.85,1148,217253,103.0,54.0,60.0,291.0,436.0,37981.64478975706,1.4255107736965502,0.49825783972125437,4089.171974522293
0.23,13,2012,60.0,54.0,54.0,220.0,360.80000000000007,22552.177514792904,0.31761624099541585,0.5384615384615384,1826.086956521739
9.28,1058,208422,78.0,54.0,54.0,292.0,472.0,64781.40452256817,1.3566485753052917,0.5444234404536862,3400.8620689655177
7.52,931,198804,83.0,54.0,60.0,267.0,544.0,55628.62878232869,1.4665202664979342,0.505907626208378,3478.7234042553196
6.95,728,144388,83.0,54.0,54.0,297.0,453.8000000000018,41547.01678541239,0.9175033200531209,0.5082417582417582,2961.151079136691
7.85,1572,328256,112.0,54.0,60.0,298.0,472.0,45476.42860102688,2.8165752023067623,0.47646310432569977,5304.458598726114
9.74,1059,282915,83.0,54.0,60.0,297.0,546.0,222775.67631551492,2.469817013343799,0.5136921624173749,3086.2422997946614
3.82,455,80882,83.0,54.0,54.0,292.0,447.0,26225.644757879483,1.643980255630741,0.5098901098901099,3376.9633507853405
2.57,424,85634,91.0,54.0,60.0,364.0,455.0,30862.612117301527,2.2148515223185794,0.5023584905660378,4552.529182879378
0.09,3,406,60.0,55.2,57.0,176.0,245.60000000000002,12278.22222222222,0.1534090909090909,0.6666666666666666,1333.3333333333333
7.99,765,133148,78.0,54.0,54.0,256.0,390.0,33467.887728651374,0.7785317375507587,0.5411764705882353,2846.057571964956
2.26,356,73458,112.0,54.0,60.0,330.0,472.0,31342.073570256278,2.5219830272810086,0.4859550561797753,4380.5309734513285
3.5,220,39960,60.0,54.0,54.0,229.75,472.0,41327.75867768595,0.2107256476291471,0.5590909090909091,1920.0
2.44,149,34352,60.0,54.0,54.0,256.0,760.0,86773.3481374713,0.14901160651570391,0.6241610738255033,1893.44262295082
6.16,662,159458,67.0,54.0,54.0,295.75,635.4999999999999,87508.80263049809,0.7200396953810972,0.527190332326284,3224.025974025974
6.39,451,89344,60.0,54.0,54.0,267.0,544.0,57750.77451929931,0.18044049836827988,0.6119733924611973,2215.962441314554
1.14,74,14099,60.0,54.0,54.0,184.0,580.0,54372.033053323605,0.1946280291476021,0.5405405405405406,2000.0
1.37,95,20260,60.0,54.0,54.0,288.5,574.4000000000001,73013.83601108035,0.16476946073358628,0.5789473684210527,2189.78102189781
9.04,876,189274,60.0,54.0,54.0,292.0,590.0,66957.05726006547,0.8191376890990524,0.5422374429223744,2926.9911504424786
0.67,39,11383,60.0,54.0,54.0,490.0,976.0,127950.36817882971,0.09336278935741044,0.5641025641025641,1880.597014925373
6.29,984,188686,83.0,54.0,60.0,256.0,472.0,42608.445613556745,1.3183515997444342,0.5193089430894309,4540.540540540541
7.9,1350,304429,112.0,54.0,60.0,300.0,573.0,50374.498880109735,1.949007565556858,0.4777777777777778,4602.531645569619
8.66,820,187893,83.0,54.0,54.0,292.0,562.4000000000003,105647.14076591312,0.8387712362013623,0.5317073170731708,2715.935334872979
2.99,422,166088,83.0,54.0,60.0,300.25,868.0,546628.6142719167,4.242180349083105,0.5118483412322274,4133.779264214047
4.4,587,163852,78.0,54.0,54.0,364.0,760.0,180548.8524156265,0.775268968655536,0.5417376490630323,3995.4545454545455
7.39,881,277223,112.0,54.0,54.0,367.0,663.0,250585.51330200818,1.7338198313692619,0.4880817253121453,3255.7510148849797
1.69,110,28295,60.0,54.0,54.0,436.0,724.0,94336.52107438017,0.12344159453664734,0.5727272727272728,2059.171597633136
3.02,189,42656,60.0,54.0,54.0,225.0,724.0,85741.78942358837,0.15533165407220823,0.5767195767195767,1927.1523178807947
0.2,15,2354,60.0,54.0,54.0,192.0,385.5999999999999,21250.195555555554,0.19129554655870445,0.5333333333333333,2400.0
6.55,803,258462,83.0,54.0,54.0,418.0,892.0,214767.1065137118,1.6127858312609935,0.5280199252801993,3389.312977099237
1.56,88,17250,60.0,54.0,54.0,292.0,545.5,44301.6813016529,0.20402038109862497,0.5681818181818182,1730.7692307692307
5.86,947,207510,83.0,54.0,60.0,300.0,544.0,52963.23394390556,1.938569162795967,0.5079197465681098,4576.791808873721
6.46,1004,185897,91.0,54.0,60.0,292.0,446.70000000000005,34814.85702111871,1.5169855260841898,0.5109561752988048,4356.037151702787
2.0,150,28251,60.0,54.0,54.0,231.25,581.0,49823.67773333332,0.20165886856656742,0.6133333333333333,2370.0
8.95,604,98300,60.0,54.0,54.0,199.0,400.0,32642.555874742335,0.215771637766839,0.5877483443708609,2058.100558659218
9.33,1387,450227,112.0,54.0,60.0,364.0,792.0,255281.73575101793,3.3861681296092434,0.47656813266041814,3987.138263665595
4.95,265,39754,60.0,54.0,54.0,220.0,364.0,18969.139394802423,0.23697803223598232,0.569811320754717,1696.969696969697
2.02,128,21245,60.0,54.0,54.0,256.0,400.0,26038.366638183594,0.22118756107374835,0.5546875,2019.80198019802
9.85,1221,364398,83.0,54.0,54.0,297.0,544.0,315365.62913952605,2.3184711635658277,0.5102375102375102,3526.9035532994926
2.18,466,94358,116.5,54.0,60.0,297.0,472.0,29941.44719924847,2.2999230607819823,0.4656652360515021,5559.633027522936
8.84,979,218044,83.0,54.0,54.0,292.0,544.0,68417.63929756761,1.1948823257031265,0.5137895812053116,3149.3212669683257
0.64,58,12544,60.0,54.0,54.0,175.0,652.0,90734.99286563616,0.14557077625570777,0.603448275862069,2812.5
4.68,929,231082,112.0,54.0,60.0,310.0,580.0,93740.0037819756,2.3344203630486855,0.47685683530678147,5307.692307692308
3.45,624,208037,184.0,54.0,60.0,438.25,758.0,147502.42116360535,3.550638726047773,0.4375,4556.521739130435
3.43,797,163927,112.0,54.0,60.0,297.0,436.0,60746.57140878041,2.4081165928605586,0.4905897114178168,6437.317784256559
7.79,798,157577,83.0,54.0,54.0,292.0,508.0,44846.419194917115,1.3609163370490232,0.5200501253132832,2934.5314505776637
0.75,51,10146,62.0,54.0,54.0,346.0,508.0,44435.11418685121,0.15505464480874318,0.6274509803921569,2080.0
2.99,407,95445,83.0,54.0,60.0,364.0,590.0,59458.63813243665,1.0265191727886533,0.5110565110565111,3953.1772575250834
1.0,96,22983,78.0,54.0,54.0,268.5,598.0,102032.72037760417,0.18536283459693642,0.5520833333333334,2820.0
8.26,1116,290125,104.5,54.0,60.0,368.75,713.0,95136.12536051052,2.1226455709826713,0.49910394265232977,3755.44794188862
8.78,564,110856,60.0,54.0,54.0,292.0,508.0,53154.86419194206,0.18310761054013383,0.5815602836879432,1961.2756264236905
4.84,777,131273,78.0,54.0,60.0,256.0,364.0,29477.783707590657,2.065407248271997,0.5122265122265123,4698.347107438017
5.8,385,62486,60.0,54.0,54.0,220.0,400.0,27915.23389441727,0.2346571823750247,0.5844155844155844,2089.655172413793
1.13,87,14094,60.0,54.0,54.0,184.0,428.8000000000004,33306.02298850575,0.25402615891093516,0.6436781609195402,2442.4778761061953
9.85,796,141985,60.0,54.0,54.0,233.5,450.0,40312.00525712735,0.5473011998299968,0.5678391959798995,2485.279187817259
5.99,440,82760,78.0,54.0,54.0,220.0,508.0,53678.282644628096,0.2369408283139283,0.6045454545454545,2163.606010016694
7.66,1538,1062774,112.0,54.0,60.0,472.0,2974.0,1186623.3132857934,9.888854736583268,0.4752925877763329,5396.86684073107
9.86,1206,206463,78.0,54.0,60.0,220.0,436.0,30771.82954011039,1.0877624074748211,0.5398009950248757,3620.689655172414
6.7,836,217055,112.0,54.0,54.0,364.0,688.0,82628.29393071357,1.6021723232589644,0.4964114832535885,3394.029850746269
1.29,208,23076,75.5,54.0,60.0,148.0,225.1000000000002,5462.640902366864,1.4027488546438984,0.5048076923076923,4837.209302325581
7.6,1271,268490,112.0,54.0,60.0,301.0,544.0,54210.30202774352,2.331968230330107,0.49331235247836347,4705.263157894738
1.89,73,11404,66.0,54.0,54.0,184.0,414.3999999999997,28884.77387877651,1.1212797619047619,0.5342465753424658,1174.6031746031747
1.69,102,15390,60.0,54.0,54.0,148.0,289.40000000000015,47827.201845444055,0.2578667756436453,0.5490196078431373,1846.1538461538462
5.8,362,52985,60.0,54.0,54.0,184.0,400.0,22807.155070052802,0.25893981514481906,0.6104972375690608,1996.5517241379312
9.43,978,456909,78.0,54.0,54.0,358.75,2636.200000000011,745425.6388115223,3.4751126346718904,0.5368098159509203,3054.082714740191
2.4,173,37714,60.0,54.0,54.0,328.0,616.0,61538.65895953757,0.1578301046879317,0.5838150289017341,2250.0
6.41,729,119656,60.0,54.0,54.0,210.0,436.0,30513.02645072548,1.0250473869482806,0.5432098765432098,3538.221528861154
2.47,157,20122,60.0,54.0,54.0,162.0,328.0,13316.17639660838,0.3279218636573616,0.6369426751592356,2040.485829959514
0.96,48,6085,60.0,54.0,54.0,176.5,269.20000000000016,10601.426649305557,0.2716823406478579,0.5833333333333334,1562.5
1.11,83,14792,60.0,54.0,54.0,238.0,508.0,33177.78429380172,0.1929994354383418,0.5060240963855421,2270.27027027027
5.87,474,95745,60.0,54.0,54.0,211.0,436.0,145666.2341371575,0.4918896177758387,0.6012658227848101,2555.3662691652466
7.57,843,219155,78.0,54.0,54.0,415.0,590.0,147690.78559739055,1.6027291513265718,0.5243179122182681,3233.8177014531043
7.29,1392,327308,112.0,54.0,60.0,297.0,616.0,113086.3150928128,2.4067613139597817,0.4885057471264368,5193.415637860083
0.92,59,9877,66.0,54.0,54.0,220.0,450.4000000000002,31882.207411663316,0.19939283545840922,0.6101694915254238,1956.5217391304348
3.32,266,55153,60.0,54.0,54.0,292.0,580.0,62791.87168579343,0.16669134601146532,0.5902255639097744,2475.9036144578313
7.04,833,165062,78.0,54.0,54.0,256.0,472.0,60994.3701456573,1.1935149501661129,0.5282112845138055,3400.568181818182
8.13,873,153844,60.0,54.0,54.0,220.0,400.0,50262.284072643866,1.3423977587624472,0.572737686139748,3387.4538745387454
1.41,124,27671,61.0,54.0,54.0,328.0,677.2,72371.19426378774,0.15037000083146254,0.6129032258064516,2680.851063829787
9.2,1180,267926,78.0,54.0,54.0,298.0,580.0,75115.86127836828,1.479877823028508,0.5330508474576271,3776.0869565217395
6.61,577,72872,78.0,54.0,54.0,148.0,297.0,11728.055309089925,0.6665218286184738,0.5736568457538995,2605.1437216338877
9.33,628,96972,60.0,54.0,54.0,184.0,400.0,30184.000567974363,0.25547974468856405,0.6035031847133758,2102.893890675241
9.15,1467,358453,112.0,54.0,60.0,298.0,652.0,79882.18620233644,1.7357185923511949,0.49352419904567146,4373.770491803279
2.48,171,25995,60.0,54.0,54.0,220.0,400.0,22405.67805478609,0.24383941815397867,0.6198830409356725,2225.8064516129034
2.75,170,30069,60.0,54.0,54.0,292.0,448.59999999999985,32445.19062283737,0.2106534605628699,0.5882352941176471,1941.818181818182
7.03,1073,190523,78.0,54.0,60.0,267.0,400.0,40840.29846377535,1.386340009268653,0.5246971109040075,4472.26173541963
6.39,739,161425,78.0,54.0,54.0,297.0,544.2,66444.66282014425,1.3734782097276952,0.5209742895805142,3361.5023474178406
0.35,24,2213,80.5,54.0,54.0,121.0,148.0,2424.9982638888887,0.47238855622089154,0.7083333333333334,1885.714285714286
7.58,806,141809,78.0,54.0,54.0,266.0,436.0,34794.4693043489,0.7618651227512175,0.5285359801488834,3158.311345646438
5.8,783,205196,78.0,54.0,60.0,292.0,595.0,201735.1249133486,2.000950612047911,0.5261813537675607,3951.7241379310344
9.63,641,107613,60.0,54.0,54.0,220.0,436.0,32343.301442510114,0.22204178968884852,0.5819032761310452,2062.3052959501556
8.43,771,138540,60.0,54.0,54.0,292.0,445.0,35063.49843298158,0.6186281267890316,0.5538261997405967,2761.5658362989325
5.3,608,121030,78.0,54.0,54.0,292.0,452.0,44878.94017269737,1.3470436519479512,0.5279605263157895,3384.9056603773583
8.2,1220,307160,112.0,54.0,60.0,298.0,580.0,120519.48175221714,1.7088808536908016,0.4721311475409836,3878.0487804878053
0.51,27,5604,60.0,54.0,54.0,382.0,472.0,42197.13580246913,0.15594059405940594,0.5185185185185185,1647.0588235294117
5.71,1338,249704,112.0,54.0,60.0,256.0,416.0,40913.913046489746,2.201046059968977,0.4970104633781764,6430.823117338004
6.23,458,92064,83.0,54.0,54.0,292.0,472.0,45488.98672794187,0.6368388301182327,0.5152838427947598,2041.7335473515245
6.83,1010,216611,83.0,54.0,60.0,297.0,514.0000000000002,58759.787480639156,1.711501389480009,0.5227722772277228,4251.830161054173
1.86,153,19647,78.0,54.0,54.0,148.0,277.0,24228.43829296424,0.33163887759251726,0.5947712418300654,2451.6129032258063
3.28,207,31008,60.0,54.0,54.0,184.0,342.4000000000002,28220.876706574247,0.24861077554964967,0.5893719806763285,1920.7317073170734
3.29,212,34149,60.0,54.0,54.0,229.0,396.4000000000002,25359.913381096467,0.23629715444211136,0.6037735849056604,2024.3161094224924
4.03,279,47379,60.0,54.0,54.0,220.0,472.0,35633.805295409875,0.22597422760440924,0.6272401433691757,2129.032258064516
6.71,1779,918181,83.0,54.0,60.0,297.0,2958.0,882207.7720801772,5.340459765352558,0.5120854412591344,7654.247391952311
7.18,603,134284,62.0,54.0,54.0,292.0,508.80000000000007,101141.5493235866,0.7665460764322831,0.5572139303482587,2573.816155988858
6.02,445,108261,60.0,54.0,54.0,312.0,652.0,106566.1760080798,0.14412986271836656,0.5752808988764045,2252.4916943521594
5.31,760,203894,87.0,54.0,60.0,400.0,652.0,89327.20229224375,1.6607247719591287,0.506578947368421,3909.6045197740114
3.84,291,69846,60.0,54.0,54.0,292.0,688.0,96706.70747865518,0.1499744801356669,0.5601374570446735,2296.875
5.23,699,179905,83.0,54.0,54.0,298.0,688.0,137780.90099692796,0.9299384239095454,0.525035765379113,3854.684512428298
6.57,872,200371,98.0,54.0,60.0,335.5,509.0,90244.42893985145,1.8783560541852815,0.5,3771.689497716895
9.39,930,192645,81.5,54.0,54.0,297.0,546.0000000000005,50910.745594866465,1.1508959973203818,0.532258064516129,2869.0095846645368
8.99,1458,385722,112.0,54.0,60.0,340.0,616.0,130923.29355281207,2.4049115497334133,0.4718792866941015,4324.80533926585
4.08,615,223425,112.0,54.0,60.0,400.0,833.2,329334.5322228832,3.24859283486727,0.4959349593495935,4161.764705882352
5.62,886,224443,98.0,54.0,60.0,269.0,724.0,120491.92474483949,0.6039433439098991,0.5,4377.224199288256
7.46,841,342475,83.0,54.0,54.0,447.0,1192.0,470446.3733339366,1.9025272899857617,0.5219976218787158,3193.029490616622
8.59,1262,341287,112.0,54.0,55.5,375.0,696.7000000000003,96949.08550623995,1.6900528099629542,0.4920760697305864,4009.313154831199
6.94,598,127271,61.0,54.0,54.0,292.0,562.0,89692.30310902564,0.39530115990966297,0.6020066889632107,2619.5965417867433
9.0,540,110154,60.0,54.0,54.0,272.0,544.0,60613.936913580255,0.17215033625606538,0.5722222222222222,1866.6666666666667
5.4,461,109678,60.0,54.0,54.0,292.0,688.0,99752.15299193961,0.1632109790113375,0.5943600867678959,2633.333333333333
4.42,371,110351,60.0,54.0,54.0,374.0,976.0,153256.37063084403,0.1147916919222532,0.5579514824797843,2538.461538461538
9.3,957,244300,78.0,54.0,54.0,323.0,717.3999999999997,107598.66417935709,0.7051839546587189,0.5653082549634274,3077.4193548387098
7.78,779,193331,60.0,54.0,54.0,328.0,688.0,106778.71655672572,0.4497469161261295,0.5776636713735558,3061.696658097686
5.05,1011,228016,112.0,54.0,60.0,297.0,524.0,53649.6711211295,2.8134229759336375,0.4599406528189911,5299.009900990099
5.05,327,58432,60.0,54.0,54.0,220.0,508.0,43057.19206202247,0.20062464042081038,0.6024464831804281,1984.1584158415842
0.59,33,5432,60.0,54.0,54.0,256.0,392.8,28551.087235996325,0.19673936990526547,0.6363636363636364,1830.5084745762713
8.25,963,225668,83.0,54.0,54.0,360.0,580.0,65453.70263832412,0.9494134517371849,0.5160955347871236,3287.272727272727
1.09,402,83966,220.0,60.0,60.0,297.0,451.0000000000024,25939.65988465632,3.273731358477121,0.39303482587064675,8256.880733944954
8.95,575,116251,60.0,54.0,54.0,256.0,544.0,68781.19175500947,0.1777142915033077,0.5930434782608696,2004.469273743017
5.39,386,86457,63.0,54.0,54.0,328.0,590.0,74661.60847942228,0.16698161595983047,0.5803108808290155,2170.686456400742
1.4,105,25860,60.0,54.0,54.0,443.0,652.0,88459.28979591838,0.14182267749911692,0.5904761904761905,2400.0000000000005
8.57,920,194486,78.0,54.0,54.0,297.0,541.3000000000001,62678.05912570889,0.8949655568871611,0.5271739130434783,3094.5157526254375
8.14,1179,192490,60.0,54.0,60.0,220.0,302.2000000000003,39316.764974558304,1.7357484970367107,0.527565733672604,4400.4914004914
7.73,740,134327,78.0,54.0,54.0,297.0,436.0,37180.57379656683,1.2894566403054268,0.5405405405405406,2848.641655886158
4.64,355,65568,60.0,54.0,54.0,256.0,436.0,54536.745772664144,0.19549283448200416,0.5887323943661972,2340.5172413793107
1.2,410,130216,148.0,54.0,60.0,486.0,730.2000000000014,130049.24975609758,5.024334952579228,0.45121951219512196,8800.0
9.69,1631,469630,112.0,54.0,60.0,406.0,684.0,130953.7903811085,1.6812558163434255,0.46719803801348864,4371.517027863777
5.59,792,288824,91.0,54.0,60.0,421.0,753.6999999999992,386071.9409754107,2.8472420177693714,0.5025252525252525,3971.377459749553
2.07,144,32061,60.0,54.0,54.0,292.0,575.8000000000002,74719.13151041667,0.15526808878639378,0.5902777777777778,2115.9420289855075
3.86,251,45066,60.0,54.0,54.0,202.0,508.0,47722.773797241316,0.19020705683498837,0.6095617529880478,2005.1813471502594
9.5,1957,533295,148.0,54.0,60.0,364.0,652.0,97153.53151260011,2.3778716612089004,0.4583546244251405,5393.684210526316
9.44,935,263744,78.0,54.0,54.0,364.0,689.0,193220.10924418768,1.0954847731263357,0.5422459893048128,2841.1016949152545
2.52,490,104476,83.0,54.0,60.0,298.0,511.30000000000075,50879.51238650562,1.5496876220226474,0.5061224489795918,5309.523809523809
0.09,8,898,71.5,54.0,54.0,130.0,217.89999999999998,6630.6875,0.22010869565217392,0.625,2666.6666666666665
7.84,936,175554,78.0,54.0,54.0,292.0,461.5,35758.770175871134,0.8143241008681273,0.5299145299145299,3436.2244897959185
5.35,339,60275,60.0,54.0,54.0,256.0,436.0,42829.615805640395,0.19835778758598752,0.5899705014749262,1928.9719626168226
4.71,901,254009,112.0,54.0,60.0,414.0,652.0,122850.75814146569,2.7446780280693477,0.49500554938956715,5286.624203821656
8.37,1112,245232,112.0,54.0,60.0,318.25,544.0,55941.772333212575,1.5415276194424292,0.49460431654676257,3684.587813620072
4.57,296,62059,60.0,54.0,54.0,266.25,616.0,66909.57613906136,0.16997530305601116,0.5945945945945946,2021.881838074398
5.92,856,227180,112.0,54.0,60.0,300.0,747.0,99143.29316970916,1.9175388803986284,0.4883177570093458,3902.027027027027
4.39,627,147653,148.0,54.0,60.0,297.5,513.0,72925.13030582838,1.7886416861826697,0.45933014354066987,3772.2095671981783
8.66,888,164900,60.0,54.0,54.0,266.25,508.0,44440.420176933694,0.7631272252932308,0.5822072072072072,3277.136258660508
0.34,25,4895,54.0,54.0,54.0,328.0,457.6,48244.40000000001,0.19099756690997566,0.6,2294.1176470588234
1.07,68,11808,60.0,54.0,54.0,267.75,436.0,26428.581314878895,0.19320937752627323,0.5588235294117647,2018.6915887850469
4.59,589,139403,83.0,54.0,54.0,364.0,544.0,76836.72446464757,1.3501753321194956,0.5161290322580645,3699.346405228758
4.25,1010,182632,112.0,54.0,60.0,267.0,328.0,34630.054088814824,1.8334807229850283,0.4891089108910891,6592.941176470588
4.45,508,110500,112.0,54.0,60.0,364.0,478.0,43504.83622667246,1.6306392096179025,0.48031496062992124,3155.0561797752807
9.48,1287,276284,112.0,54.0,60.0,299.0,544.0,49273.62182098312,1.7190630843420922,0.48484848484848486,3620.253164556962
7.63,821,191803,83.0,54.0,54.0,328.0,596.0,64741.60437421463,0.8559485219410712,0.5091352009744214,3074.705111402359
4.41,732,188302,83.0,54.0,60.0,328.0,563.9,146272.5037101735,2.200727507606534,0.5095628415300546,4625.850340136055
9.4,1295,352391,112.0,54.0,60.0,364.0,688.0,127520.79798691135,2.4574915866210105,0.4918918918918919,3785.106382978723
0.5,34,3083,60.0,54.0,54.0,83.0,209.2,3539.1600346020755,0.33174946004319655,0.7647058823529411,2520.0
6.23,960,179895,112.0,54.0,60.0,256.0,447.0,35558.48595377604,1.845314353499407,0.49166666666666664,4256.8218298555375
3.9,497,107320,91.0,54.0,60.0,328.0,510.0,67150.04816828537,2.172050956167056,0.5050301810865191,3692.3076923076924
7.08,787,148195,78.0,54.0,54.0,292.0,458.1999999999995,43059.403328225984,0.8413205273163277,0.554002541296061,3279.6610169491523
5.94,750,173575,83.0,54.0,54.0,297.0,508.0,129123.15222222218,1.2709728909357336,0.5253333333333333,3606.060606060606
4.51,670,129839,83.0,54.0,60.0,269.25,508.0,41372.14526397861,1.9121677694291803,0.5208955223880597,4190.687361419069
3.75,672,171136,112.0,54.0,60.0,328.0,595.0,94407.59424603175,3.0317572502179186,0.48214285714285715,4912.0
0.57,190,47729,83.0,54.0,60.0,391.0,595.0,74288.45786703602,3.695887445887446,0.5052631578947369,9894.736842105263
1.14,43,4673,83.0,54.0,54.0,112.0,248.80000000000015,6926.359113034072,0.5127873098089997,0.6511627906976745,1105.2631578947369
9.1,804,135995,83.0,54.0,54.0,267.0,364.0,23502.260431363084,0.992104530739596,0.5298507462686567,2545.054945054945
3.32,797,181977,112.0,54.0,60.0,328.0,542.8,41454.70455235992,2.5908480997671575,0.45796737766624845,6307.228915662651
9.32,1714,330946,112.0,54.0,60.0,292.0,449.0,31747.386173852778,1.9670079431962848,0.4749124854142357,4899.141630901287
7.85,1425,295995,112.0,54.0,60.0,292.0,544.0,60261.24483841182,2.2647467572575666,0.4849122807017544,5029.299363057325
6.88,425,68514,60.0,54.0,54.0,220.0,425.0000000000002,30926.956146712797,0.23395288523881566,0.6,1927.3255813953488
0.17,18,3435,113.5,54.0,54.0,319.0,386.20000000000005,22350.916666666668,0.2137809187279152,0.5,3176.4705882352937
3.27,1082,644854,148.0,60.0,60.0,447.0,2878.0,873057.4322555956,11.092448478256793,0.444547134935305,8477.064220183487
8.07,880,312312,83.0,54.0,54.0,328.0,847.0,396635.2309090909,1.748813997905243,0.5193181818181818,3137.546468401487
7.08,478,108726,60.0,54.0,54.0,331.0,590.0,71233.37394303322,0.14921413396188524,0.5481171548117155,2067.7966101694915
9.46,1184,250769,83.0,54.0,54.0,309.0,533.8000000000002,51769.475300601494,1.2804230398486804,0.5152027027027027,3583.5095137420717
9.9,626,125636,61.0,54.0,54.0,260.5,580.0,59919.90787902297,0.17484897791243525,0.5910543130990416,1921.212121212121
0.09,19,8553,322.0,54.0,54.0,864.0,1141.6,229048.02770083104,0.10518154800361804,0.47368421052631576,6000.0
9.8,1124,252878,83.0,54.0,54.0,297.0,544.0,85911.26830017351,1.3343302870857565,0.5231316725978647,3318.367346938775
8.32,597,124012,66.0,54.0,54.0,292.0,581.5999999999999,61592.85250933618,0.1739447352726791,0.5561139028475712,2163.4615384615386
5.5,1017,260730,112.0,54.0,60.0,334.0,580.0,79236.21976836261,2.4826222851494673,0.47394296951819076,4974.545454545455
5.57,923,212129,112.0,54.0,60.0,328.0,616.0,57159.4831165508,2.2591608155238374,0.4745395449620802,4362.657091561939
4.31,479,85222,66.0,54.0,54.0,220.0,400.0,44663.638120475414,0.792637778712663,0.5594989561586639,3410.6728538283064
3.13,242,50149,78.0,54.0,54.0,256.0,580.0,67037.14256198346,0.252879306468134,0.5991735537190083,2281.150159744409
4.51,347,80834,66.0,54.0,54.0,292.0,652.0,104277.48751339185,0.1453468601224212,0.6080691642651297,2341.4634146341464
3.03,216,49952,60.0,54.0,54.0,292.0,706.0,96023.3124142661,0.14434949943872993,0.5694444444444444,2257.4257425742576
9.29,1037,180295,60.0,54.0,54.0,220.0,472.0,41027.2509938449,0.694708940002068,0.5602700096432015,3377.8256189451026
5.49,421,91401,60.0,54.0,54.0,296.0,580.0,82786.97720053486,0.21459894753627812,0.5961995249406176,2360.655737704918
7.29,478,107395,60.0,54.0,54.0,297.75,609.7,81167.61242362704,0.15170135872770754,0.5962343096234309,2049.382716049383
0.43,27,7370,60.0,54.0,54.0,526.0,774.4000000000001,81696.10973936897,0.11599030890369473,0.5185185185185185,1953.4883720930231
9.52,2172,624546,112.0,54.0,60.0,297.0,547.0,268226.89813853876,2.9956879178529157,0.47513812154696133,6170.168067226891
9.4,968,192612,83.0,54.0,54.0,291.0,482.0,47643.228911959566,1.0566120335273077,0.5278925619834711,2955.31914893617
3.52,927,188093,112.0,54.0,60.0,309.0,439.9999999999998,33153.39767655927,2.986710470538364,0.4617044228694714,6869.318181818182
5.81,331,51227,60.0,54.0,54.0,184.0,366.0,25969.340239683825,0.24331343138682587,0.5770392749244713,1776.2478485370052
8.97,757,154442,60.0,54.0,54.0,256.0,508.0,82341.29159984573,0.8309662122110255,0.5561426684280053,2602.0066889632103
0.79,41,6643,60.0,54.0,54.0,184.0,472.0,31042.901844140393,0.19306752873563218,0.5609756097560976,1594.9367088607594
7.16,681,129564,78.0,54.0,54.0,292.0,508.0,42177.56467232043,0.771912309733182,0.5506607929515418,2824.0223463687153
3.01,209,36924,60.0,54.0,54.0,256.0,472.0,34063.350335386094,0.207574320567747,0.5741626794258373,2172.7574750830568
8.92,857,181081,60.0,54.0,54.0,256.0,508.0,90927.244712703,0.9905573265911839,0.5694282380396732,2959.641255605381
0.35,33,6389,60.0,54.0,54.0,292.0,467.0,38070.11753902663,0.18424467099165895,0.5151515151515151,2914.2857142857147
0.17,13,1468,62.0,54.0,54.0,147.0,248.8,6925.76331360947,0.3165919282511211,0.6923076923076923,2470.5882352941176
1.68,110,18573,60.0,54.0,54.0,224.5,407.2000000000006,38947.53066115704,0.20690103320553643,0.5818181818181818,2035.7142857142858
6.13,682,142670,78.0,54.0,54.0,300.0,513.0,52109.58717245294,0.9972841303617427,0.5410557184750733,3318.1076672104405
1.69,144,27486,63.0,54.0,54.0,148.0,295.5000000000001,162930.90104166666,1.8500622148486106,0.6319444444444444,2591.715976331361
4.09,523,182101,91.0,54.0,60.0,400.0,940.0,275220.7820450483,2.973141622848166,0.502868068833652,3608.80195599022
6.39,1021,113829,60.0,54.0,60.0,112.0,184.0,8154.435942178023,1.3684276232288133,0.545543584720862,4873.239436619719
4.7,283,38991,60.0,54.0,54.0,148.0,328.0,18455.197792455892,0.27709541122138154,0.6042402826855123,1863.8297872340424
4.93,1135,310795,112.0,54.0,60.0,372.5,652.0,97564.23039453513,3.3973372195025324,0.47841409691629955,6146.044624746451
2.95,193,26278,60.0,54.0,54.0,148.0,322.00000000000034,19486.027651749046,0.28959120577121267,0.5803108808290155,2013.559322033898
7.26,1227,292936,112.0,54.0,60.0,301.0,511.00000000000045,82408.71809443724,2.944681595992513,0.48247758761206194,4603.305785123967
9.04,1051,310224,112.0,54.0,60.0,447.0,817.0,110478.01571246088,2.739440694310511,0.4738344433872502,2993.3628318584074
4.6,317,54679,60.0,54.0,54.0,256.0,436.0,33040.49593487845,0.22193170644498078,0.5867507886435331,2126.0869565217395
7.08,1525,475340,148.0,54.0,60.0,328.0,724.0,199518.34442354203,3.2803756832446354,0.4616393442622951,5500.0
7.26,810,187809,80.5,54.0,54.0,301.0,547.0,84403.10591220851,1.2819216796471575,0.5333333333333333,3231.404958677686
4.16,247,48571,60.0,54.0,54.0,292.0,472.0,43299.58156993229,0.19037815846874004,0.5587044534412956,1831.7307692307693
8.33,850,182687,83.0,54.0,54.0,298.0,541.0,58010.143918339105,0.940196900986629,0.5294117647058824,2960.3841536614646
1.78,114,31802,78.0,54.0,54.0,319.0,652.0,161599.54262850108,0.1119969229693346,0.5263157894736842,1853.9325842696628
1.66,408,166330,80.5,54.0,60.0,366.5,796.0000000000041,588315.5097798923,6.123950659585404,0.5220588235294118,7192.77108433735
3.26,496,128062,112.0,54.0,60.0,297.0,472.0,163811.48424492715,3.075422461254495,0.4838709677419355,4214.7239263803685
9.4,1942,1305868,112.0,54.0,60.0,480.0,2974.0,1242419.7400590344,7.790468176769546,0.490216271884655,5814.893617021276
7.15,484,109477,60.0,54.0,54.0,292.0,641.1999999999996,81042.8659714159,0.15393209870036786,0.5764462809917356,2072.7272727272725
6.1,704,160787,83.0,54.0,54.0,328.25,580.0,64061.68121892756,1.1168439622939597,0.515625,3295.081967213115
9.8,1075,271076,83.0,54.0,54.0,417.0,688.0,74745.0001722012,1.1996673023085973,0.5069767441860465,3036.7346938775504
5.92,607,122200,66.0,54.0,54.0,260.0,544.0,64849.468919714796,1.0609167875333085,0.5650741350906096,3111.4864864864867
0.37,269,74448,148.0,54.0,60.0,364.0,756.6000000000016,94654.43603598623,5.260343087790111,0.42379182156133827,18162.162162162163
6.41,414,67954,60.0,54.0,54.0,220.0,436.0,33440.35235361385,0.3005052438184184,0.5893719806763285,2068.6427457098284
7.33,514,119115,60.0,54.0,54.0,298.0,616.0,89902.44082802162,0.15271836955890608,0.5894941634241245,2160.982264665757
8.95,1102,248139,83.0,54.0,54.0,292.0,562.0,84412.30724618823,1.9306948233710095,0.514519056261343,3506.1452513966487
2.28,130,21790,69.0,54.0,54.0,148.0,508.0,51048.975147929,0.22940645452493794,0.6846153846153846,1710.5263157894738
6.65,732,184857,83.0,54.0,54.0,304.75,688.0,115673.71038811251,1.292600952475444,0.5245901639344263,3193.984962406015
6.48,855,296062,83.0,54.0,54.0,364.0,1048.0,286119.4328046236,1.2579296985227386,0.5157894736842106,3777.7777777777774
4.08,273,52112,60.0,54.0,54.0,256.0,544.0,47483.09699580029,0.18606186130140884,0.5860805860805861,2044.1176470588234
2.81,223,49593,62.0,54.0,54.0,292.0,680.8000000000004,82090.91954392806,0.17022581939167983,0.57847533632287,2412.811387900356
6.78,899,214503,78.0,54.0,54.0,297.0,652.0,119463.8948132952,1.3263453571351105,0.5272525027808677,3867.2566371681414
8.46,904,216523,83.0,54.0,54.0,364.0,616.0,85590.50193706437,1.1267987466480693,0.5331858407079646,3049.6453900709216
6.04,829,162603,78.0,54.0,60.0,290.0,472.0,44647.005932416716,1.3203807294936927,0.525934861278649,4052.980132450331
1.1,76,14067,69.0,54.0,54.0,301.0,490.0,33608.97835872576,0.17225,0.5789473684210527,2072.7272727272725
4.2,666,258818,109.0,54.0,60.0,533.25,909.5,312669.6450414378,3.44071169980955,0.496996996996997,4400.0
6.78,460,90236,60.0,54.0,54.0,292.0,508.0,49434.03357277882,0.17695548396353156,0.5869565217391305,2115.0442477876104
1.09,391,113353,116.0,54.0,60.0,445.0,724.0,90645.9629123305,3.083027159426554,0.4629156010230179,9743.119266055046
7.65,729,149356,60.0,54.0,54.0,292.0,544.0,59001.09483461004,0.5761835412313472,0.551440329218107,2925.4901960784314
2.29,163,29004,83.0,54.0,54.0,292.0,472.0,30960.72016259551,0.24775220477522047,0.5644171779141104,2096.069868995633
7.77,965,198478,66.0,54.0,54.0,292.0,493.6000000000008,97017.36489677575,1.5910966057441254,0.538860103626943,3737.4517374517372
2.07,513,155148,256.0,54.0,60.0,485.0,704.0,76948.42871310831,3.7008847412434855,0.4249512670565302,5942.028985507247
5.76,658,111478,91.0,54.0,54.0,256.0,374.80000000000246,31533.632569913432,0.9027445893357001,0.5121580547112462,3239.5833333333335
4.83,425,115005,60.0,54.0,54.0,400.0,781.6000000000008,126690.54588235295,0.12340288360098464,0.5976470588235294,2757.7639751552792
0.97,67,17870,60.0,54.0,54.0,243.0,875.1999999999998,142187.15838716863,0.12347541808122721,0.582089552238806,2226.8041237113403
0.08,5,1452,148.0,54.0,54.0,292.0,659.2,101711.04000000001,0.38022813688212925,0.4,1500.0
2.0,146,33323,63.0,54.0,54.0,300.25,590.0,81865.73020266468,0.14398022589172302,0.5616438356164384,2220.0
1.48,473,230201,148.0,54.0,60.0,691.0,1190.0,436840.1023917329,5.536458629110114,0.4714587737843552,8837.837837837838
4.51,1097,281816,148.0,54.0,60.0,364.0,544.0,78545.6037922269,2.8165763813651137,0.44758432087511396,6093.126385809313
7.88,1342,671902,112.0,54.0,60.0,436.0,1749.8000000000075,740219.911876084,5.647756055089441,0.4798807749627422,4629.441624365482
9.79,1222,272038,83.0,54.0,54.0,297.0,580.0,65339.432705366155,1.1212036148993738,0.5171849427168577,3566.9050051072527
2.88,171,22578,66.0,54.0,54.0,184.0,292.0,12061.390581717453,0.3023765574526996,0.5380116959064327,1812.5
2.3,175,33670,60.0,54.0,54.0,297.5,529.9999999999998,39687.46285714287,0.20495293991339514,0.5942857142857143,2321.739130434783
7.19,998,300390,112.0,54.0,54.0,436.0,724.0,118874.18230047268,1.191156303795991,0.48597194388777554,3671.766342141864
2.09,390,119869,109.0,54.0,60.0,418.5,616.0,232649.97297172912,3.1713878062360803,0.49743589743589745,5397.1291866028705
5.29,670,139186,78.0,54.0,54.0,298.0,508.0,46799.57733125417,1.3862229765639733,0.5268656716417911,3708.884688090737
4.19,642,202833,83.0,54.0,60.0,469.0,884.0,156334.18789850644,2.402039549823049,0.5077881619937694,4224.34367541766
4.28,613,144230,106.0,54.0,60.0,364.0,616.0,53324.84019703594,2.0351430976430978,0.49592169657422513,3967.2897196261683
7.74,1278,245529,112.0,54.0,60.0,292.0,444.5999999999999,32822.91602746369,1.6594276677786923,0.49139280125195617,4550.387596899224
1.76,138,20012,61.0,54.0,54.0,184.0,328.0,19673.70993488763,0.2829849980766765,0.6014492753623188,2420.4545454545455
5.01,653,195627,83.0,54.0,54.0,400.0,832.0,131293.7318020961,1.7103786524793216,0.5160796324655437,3688.6227544910184
0.38,25,3577,91.0,54.0,54.0,184.0,317.20000000000005,12716.873599999999,0.32481481481481483,0.52,1894.7368421052631
1.26,212,54720,148.0,54.0,60.0,400.0,626.9000000000002,54031.99661801353,2.5618043350908026,0.4386792452830189,3809.523809523809
7.59,1114,260947,112.0,54.0,60.0,322.0,560.0,74521.86990530185,1.7265764589101928,0.4982046678635548,4086.9565217391305
4.17,586,79289,60.0,54.0,60.0,148.0,296.5,18440.28382683549,1.1405161708331084,0.5494880546075085,4316.546762589928
1.57,85,15430,60.0,54.0,54.0,256.0,508.0,36022.81384083045,0.17490291631767305,0.5882352941176471,1719.7452229299363
2.88,377,91239,60.0,54.0,54.0,309.0,693.0,97238.17754293635,0.8893973907641334,0.5517241379310345,4020.833333333333
1.27,356,113154,83.0,54.0,60.0,364.0,616.0,316432.49946345156,5.071144972636549,0.5056179775280899,8267.71653543307
0.23,9,1358,103.0,54.0,54.0,205.0,272.20000000000005,13643.654320987653,2.1508120649651974,0.4444444444444444,782.6086956521739
1.74,120,13904,60.0,54.0,54.0,148.0,270.4000000000002,8572.465555555555,0.3795019347157456,0.625,2310.344827586207
9.12,828,160509,60.0,54.0,54.0,292.0,508.0,44029.807642827145,0.6914379050529532,0.5446859903381642,2756.5789473684213
0.31,20,4670,86.0,54.0,54.0,436.0,552.0,44802.75,0.1161567877629063,0.5,1935.483870967742
8.41,1184,253551,78.0,54.0,54.0,298.0,569.9000000000003,57273.847241799434,1.1824355730000518,0.5202702702702703,4052.318668252081
8.72,1447,346101,112.0,54.0,60.0,297.0,544.0,114221.41144679386,1.939386475973706,0.48168624740843125,4527.522935779816
6.69,1092,194447,112.0,54.0,60.0,267.0,374.0,30722.820864193807,1.905272751721974,0.489010989010989,4457.399103139013
7.56,1199,268263,112.0,54.0,60.0,328.0,542.0,53598.39140206497,1.9000464849788656,0.4870725604670559,4309.523809523809
7.94,576,102014,60.0,54.0,54.0,220.0,472.0,40619.63077498071,0.6230311515575779,0.5555555555555556,2244.332493702771
8.29,815,163012,62.0,54.0,54.0,225.0,421.0,128070.08812676428,1.133860432238556,0.5766871165644172,2981.9059107358266
2.96,445,107410,112.0,54.0,60.0,297.0,593.0,62810.81757353869,1.6842434087217293,0.46741573033707867,3993.2432432432433
3.52,631,120840,83.0,54.0,60.0,292.0,364.0,41338.15488207032,2.099494703362659,0.526148969889065,5096.590909090909
0.06,73,29102,436.0,60.0,292.0,508.0,508.0,55151.81422405705,17.372474747474747,0.136986301369863,10000.0
6.61,699,142626,78.0,54.0,54.0,292.0,508.0,55528.893723099216,1.3530207542811892,0.542203147353362,3104.3872919818455
4.44,1287,484273,256.0,54.0,60.0,539.0,832.0,229656.6353849897,4.22702055090234,0.42424242424242425,6932.432432432432
0.86,37,6519,60.0,54.0,54.0,184.0,294.4,64254.80204528853,0.1638993036957686,0.5675675675675675,1395.3488372093022
7.26,762,162510,83.0,54.0,54.0,300.5,542.0,52044.92832785666,0.8918730136555723,0.5328083989501312,3000.0
2.01,346,60382,112.0,54.0,60.0,220.0,457.0,25853.72377961175,2.26036717062635,0.4884393063583815,4716.417910447762
9.41,1229,322691,112.0,54.0,60.0,387.0,666.0,90429.42411388463,1.6669338909229154,0.4947111472742067,3589.7980871413392
6.26,1089,228282,112.0,54.0,60.0,303.0,472.0,35531.81004636902,2.2447622025755467,0.4701561065197429,4562.300319488818
8.48,806,169308,83.0,54.0,54.0,298.0,544.0,47327.01630451514,1.0120264296239958,0.5148883374689827,2702.830188679245
6.21,747,147560,112.0,54.0,54.0,298.0,436.0,43340.36377191049,1.5063269639065817,0.4979919678714859,3352.657004830918
6.3,795,181331,78.0,54.0,54.0,266.0,457.6000000000008,199404.41340769746,1.898652428984766,0.5320754716981132,3676.190476190476
7.37,497,88578,60.0,54.0,54.0,220.0,459.4000000000007,52132.5649105903,0.24833349775215977,0.6036217303822937,2075.9837177747627
3.85,607,125427,60.0,54.0,60.0,298.0,447.0,49247.829995467495,1.702643883729449,0.5189456342668863,4753.2467532467535
2.98,650,190931,148.0,54.0,60.0,436.0,723.0,109208.22316923077,2.9660788101618163,0.4553846153846154,5456.375838926175
3.89,462,112075,60.0,54.0,60.0,220.0,328.0,206155.29878094487,2.7684936112979153,0.5692640692640693,3732.6478149100253
6.24,406,76028,64.0,54.0,54.0,220.0,500.0,63934.247106214665,0.285820592612637,0.5763546798029556,1961.5384615384614
9.43,991,224946,78.0,54.0,54.0,270.0,590.0,109624.72540656014,0.6289693028510185,0.5479313824419778,3047.720042417816
9.47,2134,582672,184.0,54.0,60.0,364.0,587.0000000000005,88728.56429442884,2.84802636358233,0.43252108716026244,5575.501583949313
9.91,647,125015,60.0,54.0,54.0,256.0,508.0,54161.36622958417,0.1814264248655698,0.598145285935085,1985.872855701312
5.39,942,203054,123.5,54.0,60.0,302.0,461.1999999999996,43188.569552066576,2.0725721030172806,0.4607218683651805,4630.797773654916
5.96,565,78812,78.0,54.0,54.0,220.0,328.0,14880.639285770223,0.9406086870875603,0.5752212389380531,2838.9261744966443
7.98,501,92997,60.0,54.0,54.0,256.0,508.0,46246.095210776046,0.18707956242580515,0.6147704590818364,1962.406015037594
9.19,981,271676,83.0,54.0,54.0,297.0,580.0,222080.11336078666,1.9002594130645971,0.5229357798165137,3048.9662676822636
7.01,941,250481,83.0,54.0,60.0,328.0,565.0,199347.56052586107,1.8677856267817685,0.5132837407013815,3748.9300998573467
0.15,146,83035,148.0,54.0,60.0,549.0,2918.0,814628.1135766559,10.862142857142857,0.4589041095890411,26800.0
4.6,456,66946,60.0,54.0,60.0,148.0,269.0,82875.91618574945,1.0688525603387002,0.5526315789473685,3117.3913043478265
6.01,1740,1202035,112.0,54.0,60.0,455.0,2974.0,1173412.5146766417,12.916468885672938,0.46781609195402296,7737.104825291181
6.53,446,84176,66.0,54.0,54.0,258.25,508.0,44638.83583019968,0.19150140841083133,0.5695067264573991,2058.1929555895863
5.93,1101,272807,123.0,54.0,60.0,320.0,550.0,97887.48977933527,2.7474518530728864,0.46503178928247046,4866.779089376054
7.06,1035,237624,89.0,54.0,60.0,299.0,637.0,65327.3784162991,1.9239193296336856,0.5024154589371981,4130.311614730878
8.2,589,114740,60.0,54.0,54.0,292.0,479.20000000000164,62138.727583513246,0.2329944765630037,0.5738539898132428,2231.707317073171
7.61,571,108470,78.0,54.0,54.0,240.0,508.0,53491.79912342312,0.21828494412309765,0.5971978984238179,2207.6215505913274
8.22,573,101797,74.0,54.0,54.0,220.0,436.0,47860.82944241903,0.23217052386946838,0.5863874345549738,2087.5912408759123
3.59,630,188269,83.0,54.0,54.0,508.0,832.0,125324.32826656586,1.7343218985098905,0.5126984126984127,4963.788300835655
5.72,1159,220825,112.0,54.0,60.0,297.0,417.0,30215.393151544613,2.194159169149767,0.4797238999137187,5601.398601398602
0.38,29,3889,83.0,54.0,54.0,112.0,299.2,16185.196195005945,0.29374584165003326,0.5517241379310345,2210.5263157894738
4.42,262,40618,60.0,54.0,54.0,256.0,364.0,21502.113571470196,0.23714668615984405,0.5992366412213741,1832.5791855203618
7.43,901,166500,83.0,54.0,60.0,261.0,507.0,40305.71699714586,1.154893484844563,0.516093229744728,3528.9367429340514
3.23,194,33520,60.0,54.0,54.0,247.0,436.0,32227.004676373686,0.21466879257863458,0.5567010309278351,1857.5851393188855
3.14,585,125553,112.0,54.0,60.0,297.0,480.0,40689.31923734385,2.7084416351606806,0.4735042735042735,4834.394904458599
1.66,105,15111,60.0,54.0,54.0,220.0,360.0000000000001,15860.45931972789,0.2620897018291155,0.6095238095238096,1915.6626506024097
1.09,57,9458,78.0,54.0,54.0,256.0,450.4,24209.047706986767,0.20791826309067687,0.5789473684210527,1541.2844036697247
7.62,1106,219718,83.0,54.0,60.0,256.0,360.0,89788.89527450141,1.8826817108370506,0.5063291139240507,4047.2440944881887
0.16,12,1883,69.0,54.0,54.0,259.75,354.70000000000005,17688.57638888889,0.16738995660260383,0.5833333333333334,2250.0
9.25,977,132677,62.0,54.0,54.0,148.0,297.0,22204.632630333916,0.751604045098091,0.5547594677584442,3210.810810810811
9.75,942,150101,60.0,54.0,54.0,184.0,364.0,32264.92595259668,0.62841737545565,0.5605095541401274,2966.153846153846
6.42,528,107573,60.0,54.0,54.0,292.0,550.6000000000003,62788.978043933654,0.4654324519459997,0.5946969696969697,2616.8224299065423
0.8,58,8061,60.0,54.0,54.0,193.0,374.8000000000002,19238.982461355525,0.2752728998576175,0.6896551724137931,2400.0
5.78,641,115726,78.0,54.0,54.0,297.0,400.0,29688.14857343124,1.0936030103480714,0.514820592823713,3228.373702422145
3.7,241,34356,60.0,54.0,54.0,184.0,328.0,23950.79457998313,0.27655779734700703,0.6390041493775933,2059.4594594594596
3.33,367,68178,112.0,54.0,57.0,292.0,400.0,29823.478947798267,1.3951519409801512,0.4877384196185286,3081.0810810810813
2.39,461,82729,60.0,54.0,60.0,298.0,398.0,30328.100517125367,1.2797266389263964,0.527114967462039,5874.476987447698
3.25,991,273748,148.0,54.0,60.0,300.0,724.0,136753.22874589774,3.8714809410257325,0.4389505549949546,7698.461538461538
3.5,217,24142,60.0,54.0,54.0,148.0,230.00000000000014,8599.175391280342,0.31966765059582375,0.6543778801843319,2125.714285714286
7.79,948,178197,66.0,54.0,54.0,266.0,493.30000000000143,43291.185897692674,1.2395842497517815,0.5358649789029536,3689.345314505777
2.98,158,38791,60.0,54.0,54.0,364.0,770.8000000000004,81404.68021951613,0.1288923811186776,0.5822784810126582,1630.8724832214766
0.56,50,9588,69.0,54.0,54.0,141.75,409.40000000000026,77434.10240000002,0.16585603112840466,0.56,2678.5714285714284
1.64,121,23941,60.0,54.0,54.0,292.0,508.0,51197.26125264666,0.18011534480209002,0.5454545454545454,2304.878048780488
2.43,346,76422,112.0,54.0,60.0,361.0,508.0,51543.19192087941,1.5250115641313686,0.4797687861271676,3901.2345679012346
1.29,193,28175,60.0,54.0,54.0,256.0,361.0,16657.186286880187,1.1628156904889844,0.6010362694300518,4790.697674418604
7.97,532,107470,60.0,54.0,54.0,292.0,544.0,57030.06378257674,0.17327889255223913,0.5657894736842105,2055.207026348808
1.55,307,77859,112.0,54.0,60.0,309.0,616.0,123095.85300639796,2.1705420043164882,0.498371335504886,5612.903225806452
6.72,478,84381,60.0,54.0,54.0,256.0,472.0,37824.014832548455,0.2021797976919789,0.5711297071129707,2205.3571428571427
0.71,60,14663,69.0,54.0,54.0,293.5,727.6,88023.7697222222,0.14029084687767324,0.55,2535.211267605634
2.35,223,50874,60.0,54.0,54.0,263.5,673.6000000000008,94260.00880773796,0.1584388377812187,0.5829596412556054,2885.106382978723
9.89,1263,282263,83.0,54.0,54.0,297.0,521.5999999999995,99692.69002970845,1.3660726260729614,0.5083135391923991,3621.840242669363
3.61,292,39522,60.0,54.0,54.0,162.5,296.50000000000017,18520.71359542128,0.29831477283926283,0.6095890410958904,2609.4182825484763
0.2,6,1002,101.0,54.0,54.0,256.0,346.0,18097.0,0.19285714285714287,0.5,899.9999999999999
2.02,146,28528,60.0,54.0,54.0,320.25,544.0,39885.00656783636,0.18290002902516897,0.5342465753424658,2257.4257425742576
9.36,836,154192,60.0,54.0,54.0,184.0,380.0,90564.05503537007,0.7352239477830295,0.5861244019138756,2711.5384615384614
6.81,405,57665,60.0,54.0,54.0,184.0,328.0,20208.562170400855,0.2858448914061455,0.5802469135802469,1832.5991189427314
1.64,130,23006,63.0,54.0,54.0,256.0,479.2000000000006,37767.21443786982,0.19369065532091528,0.6230769230769231,2414.6341463414637
5.43,518,108446,63.0,54.0,54.0,296.25,544.0,59338.090040398914,0.8325700863511162,0.5579150579150579,2883.977900552486
1.92,131,17434,62.0,54.0,54.0,184.0,292.0,13755.450964396014,0.2739495798319328,0.5572519083969466,2093.75
9.86,1292,251038,79.0,54.0,60.0,256.0,506.20000000000164,58096.25253524908,1.5595750321172943,0.5247678018575851,3845.841784989858
3.07,197,30587,60.0,54.0,54.0,184.0,364.0,29059.666366049107,0.3566486294686419,0.6040609137055838,2052.1172638436483
5.91,679,167183,83.0,54.0,60.0,299.0,544.0,146440.58365741876,1.917373398946009,0.5184094256259205,3228.426395939086
2.6,325,72452,60.0,54.0,60.0,328.0,644.4000000000004,66133.27806863905,1.242887657493112,0.5784615384615385,3969.230769230769
2.35,693,196592,112.0,54.0,60.0,328.0,887.0,135805.35953640717,4.125456251955366,0.48773448773448774,8400.0
1.37,243,27881,62.0,54.0,60.0,148.0,269.0,6238.177547460585,1.402291917973462,0.5390946502057613,5386.861313868613
8.07,875,194646,91.0,54.0,54.0,299.5,455.0,69852.72546481632,1.5736612455374852,0.5051428571428571,3003.717472118959
1.68,105,23990,60.0,54.0,54.0,400.0,590.0,61141.31609977324,0.13880186081838033,0.5428571428571428,1928.5714285714284
4.76,340,68487,60.0,54.0,54.0,256.0,581.0000000000002,64763.28660034601,0.17493566649511066,0.6,2256.302521008404
2.19,446,105509,83.0,54.0,60.0,321.25,706.5,66056.0391974502,2.3630510311414272,0.5067264573991032,5780.82191780822
1.37,608,708899,157.0,54.0,60.0,2958.0,2974.0,1757066.4204223293,9.286271892276217,0.43585526315789475,11386.861313868612
9.78,1483,636091,78.0,54.0,60.0,292.0,1776.0,760879.7592221851,5.200382107243467,0.5300067430883345,4539.877300613498
3.31,627,213073,112.0,54.0,60.0,424.0,1012.0,192382.99639558513,2.1256124394895117,0.4768740031897927,5202.416918429003
5.18,363,77997,60.0,54.0,54.0,297.0,590.0,68860.39022835415,0.16566535150645625,0.5922865013774105,2142.857142857143
6.93,864,235174,78.0,54.0,54.0,364.0,697.0,146863.51169731654,0.6554321352648843,0.5381944444444444,3714.2857142857147
3.82,643,252449,148.0,54.0,60.0,533.0,1084.0,249755.77729296722,3.3755784730045932,0.4572317262830482,4366.492146596859
1.21,101,24110,60.0,54.0,60.0,199.0,480.0,183742.89775512205,2.5529030356616564,0.5544554455445545,2727.2727272727275
9.7,1482,408980,112.0,54.0,60.0,446.0,688.0,87340.82063120013,1.8719093864767884,0.47300944669365724,3983.5051546391755
2.73,229,52536,66.0,54.0,54.0,417.0,552.0,60833.90213764039,0.15352186896188302,0.5589519650655022,2527.4725274725274
0.98,56,13975,71.5,54.0,54.0,382.0,670.0,88946.56855867348,0.13415030027592922,0.5357142857142857,1714.2857142857144
5.81,421,86577,60.0,54.0,54.0,292.0,566.0,65075.64908796497,0.17111474833281481,0.5866983372921615,2240.9638554216867
4.83,745,266872,83.0,54.0,54.0,342.0,760.0,411919.3782189992,2.3119710094566757,0.512751677852349,4372.670807453416
2.07,388,103588,87.0,54.0,60.0,298.0,652.0,148998.30369858645,2.0280920225671606,0.5025773195876289,5449.275362318841
7.73,1158,326418,112.0,54.0,60.0,299.75,510.89999999999986,230457.0393388637,1.9927660471811421,0.48100172711571676,3919.7930142302716
0.46,41,9026,60.0,54.0,54.0,297.0,616.0,78407.97858417609,0.13406206809900742,0.6341463414634146,3000.0
4.99,338,85239,60.0,54.0,54.0,328.0,760.0,112386.76111655752,0.15428052975110365,0.606508875739645,2080.1603206412824
0.68,37,5644,60.0,54.0,54.0,112.0,508.0,35746.626734842954,0.2522742400710007,0.6486486486486487,1676.470588235294
2.87,223,48517,60.0,54.0,54.0,256.0,544.0,83679.02604114299,0.16275224080908787,0.57847533632287,2425.0871080139373
7.65,639,123240,60.0,54.0,54.0,256.0,544.0,49988.09257422469,0.7345531315974666,0.5790297339593115,2572.549019607843
2.44,157,29119,60.0,54.0,54.0,256.0,522.4000000000002,47623.43389184145,0.1809149160515857,0.6114649681528662,1967.2131147540986
8.99,1407,290155,83.0,54.0,60.0,297.0,508.0,57175.86735628387,1.7925565190610473,0.5074626865671642,4431.59065628476
1.76,498,165250,256.0,54.0,60.0,541.0,804.5,124944.28343091242,4.4137727689686805,0.42168674698795183,6818.181818181818
6.68,793,157639,78.0,54.0,54.0,269.0,477.6000000000005,48310.06861106561,1.1008729259678816,0.5409836065573771,3395.2095808383237
8.58,1143,231115,112.0,54.0,54.0,292.0,472.0,45929.164584304475,1.0922958537026979,0.4978127734033246,3741.258741258742
1.83,121,24681,60.0,54.0,54.0,292.0,580.0,55084.75145140359,0.18573144367042999,0.5537190082644629,2065.5737704918033
8.53,889,203740,78.0,54.0,54.0,328.0,580.0,73430.65755053959,0.6446693951355759,0.5433070866141733,3080.8909730363425
1.46,98,17341,63.0,54.0,54.0,292.0,436.0,33592.31372344857,0.21282696880682614,0.5816326530612245,2095.8904109589043
2.17,425,82756,78.0,54.0,60.0,297.0,472.0,38252.57336470588,1.75513533308919,0.5364705882352941,5778.801843317972
9.5,991,238655,106.0,54.0,54.0,349.0,544.0,84681.54262632104,1.2770250930254747,0.4954591321897074,2892.631578947369
7.14,825,198057,78.0,54.0,54.0,301.0,580.0,100028.35037796144,0.9069062129921146,0.5357575757575758,3386.5546218487398
7.58,1711,286414,112.0,54.0,60.0,256.0,347.0,24848.513809465418,2.0300664381532734,0.48217416715371125,6158.311345646438
9.73,1135,254275,83.0,54.0,54.0,298.0,541.0,74598.24133982806,1.1595030021996313,0.5198237885462555,3317.5745118191157
3.15,337,80368,112.0,54.0,54.0,328.0,600.4000000000009,61365.852001866704,1.3909796804807664,0.47774480712166173,2838.095238095238
1.86,595,156027,148.0,56.400000000000034,60.0,436.0,552.0,70676.38900077679,3.359270227983907,0.45210084033613446,8096.774193548386
3.29,267,48106,78.0,54.0,54.0,261.0,448.0,42959.48342661561,0.41434157528004,0.5917602996254682,2407.294832826748
0.31,29,5247,60.0,54.0,54.0,123.0,486.3999999999998,52329.58145065398,0.14090019569471623,0.6206896551724138,2903.2258064516127
1.09,73,16297,60.0,54.0,54.0,263.0,644.8,83867.28166635391,0.1750666955079674,0.589041095890411,2091.743119266055
3.22,607,161563,148.0,54.0,60.0,397.0,652.0,73507.97066622518,2.587578274192832,0.43492586490939045,4770.186335403727
6.85,824,232231,83.0,54.0,54.0,364.0,688.0,195671.3425025332,1.7811429666355296,0.5230582524271845,3398.5401459854015
8.49,1172,287963,112.0,54.0,60.0,299.0,723.0,71851.54357869634,1.7475288145943058,0.48378839590443684,3731.448763250883
9.03,1867,1433295,148.0,54.0,60.0,716.5,2974.0,1272001.3671288518,9.85319774045524,0.47188002142474555,5435.215946843854
9.65,626,123889,60.0,54.0,54.0,256.0,580.0,56590.66044616154,0.17351355959496453,0.5878594249201278,1995.8549222797928
0.36,25,7533,60.0,54.0,54.0,508.0,781.6,158494.4576,0.10746839164951486,0.6,2166.6666666666665
6.42,699,152430,78.0,54.0,54.0,256.0,472.0,102259.06252340868,1.2734797977538146,0.5464949928469242,3224.299065420561
1.48,103,29037,78.0,54.0,54.0,366.0,810.3999999999996,140913.74964652653,0.15084618128492727,0.5631067961165048,2067.5675675675675
6.49,455,113468,60.0,54.0,54.0,292.0,760.0,116184.27521313852,0.13851680162146435,0.5912087912087912,2200.3081664098613
7.75,887,253015,78.0,54.0,54.0,364.0,851.0,129630.12337547618,0.6379343829302397,0.5355129650507328,3375.4838709677415
6.53,570,107205,60.0,54.0,54.0,279.75,511.6000000000008,47910.697276084946,0.6802238104194095,0.5578947368421052,2728.9433384379786
5.65,780,243546,83.0,54.0,54.0,343.75,724.0,259962.2662130177,2.2541353785307714,0.5128205128205128,3833.6283185840703
9.8,1418,344119,121.0,54.0,60.0,359.0,642.0,61127.57193379101,1.9716153434310288,0.46262341325811,3765.306122448979
6.43,425,78851,60.0,54.0,54.0,220.0,530.0000000000008,46263.55252041523,0.19285055141219007,0.5882352941176471,2062.2083981337482
8.52,887,306859,83.0,54.0,54.0,436.0,860.7999999999997,355548.9953950905,2.4701565115121906,0.5129650507328072,2929.577464788733
5.16,859,166957,112.0,54.0,60.0,292.0,472.0,40713.57439207678,2.337938342196809,0.4912689173457509,4604.6511627906975
9.78,699,136080,62.0,54.0,54.0,276.0,560.4000000000003,50962.03229629084,0.19484761478281484,0.5822603719599427,2171.779141104295
6.16,960,231343,91.0,54.0,60.0,364.0,580.0,73314.66739474825,1.7310966035864805,0.503125,4383.116883116883
6.32,918,283235,104.0,54.0,54.0,310.0,754.0,217312.388218444,0.8611474343389209,0.4989106753812636,4063.2911392405063
9.73,884,168109,78.0,54.0,54.0,257.25,472.0,47729.63335491697,0.8134344458587732,0.5576923076923077,2694.7584789311404
4.55,622,142870,112.0,54.0,60.0,297.0,506.0,71410.68804085978,2.224183065535295,0.477491961414791,3718.6813186813188
0.89,80,10973,70.0,54.0,54.0,184.0,331.6000000000003,20289.761093749996,0.2803967327887981,0.625,2696.629213483146
9.29,1190,237664,83.0,54.0,54.0,292.0,475.6000000000049,64741.84968858131,1.7626354210257125,0.5361344537815126,3649.0850376749195
4.47,274,34849,60.0,54.0,54.0,148.0,256.0,23946.932508391496,0.30589072922131455,0.6167883211678832,1906.040268456376
7.9,1560,1911981,148.0,54.0,60.0,2854.0,4254.0,3315913.3013473866,25.942211763379646,0.4198717948717949,4655.696202531645
3.05,568,84117,60.0,54.0,60.0,184.0,358.6000000000006,24107.883898903987,1.6423635107118175,0.5669014084507042,5881.9672131147545
6.38,875,220703,112.0,54.0,60.0,328.0,688.0,92829.45131885716,2.108055203492466,0.496,3742.9467084639496
9.61,631,120868,60.0,54.0,54.0,256.0,541.0,49988.935305065046,0.18895523268967823,0.5832012678288431,2022.8928199791885
6.06,372,87114,60.0,54.0,54.0,296.5,616.0,98071.5061567811,0.14423443184952647,0.5940860215053764,1920.792079207921
2.07,136,28334,60.0,54.0,54.0,229.0,580.0,88481.00324394464,0.1693768056128766,0.6323529411764706,2086.9565217391305
6.54,438,98846,60.0,54.0,54.0,292.0,588.6,89848.42457413317,0.15320717735725786,0.6027397260273972,2100.9174311926604
2.25,143,28444,60.0,54.0,54.0,238.5,508.0,64558.94977749523,0.186353019686353,0.6083916083916084,2026.6666666666667
2.28,165,33882,60.0,54.0,54.0,220.0,551.1999999999996,80170.92914600551,0.16377000755650203,0.5818181818181818,2289.4736842105262
4.74,534,122160,78.0,54.0,54.0,328.0,544.0,62039.94807052982,1.1082060574682888,0.5149812734082397,3278.481012658228
4.11,562,114844,78.0,54.0,60.0,292.0,445.90000000000003,69851.5687617938,1.6756441917897582,0.5320284697508897,4043.7956204379557
3.65,822,215134,112.0,54.0,60.0,300.0,588.9999999999998,125225.07499363608,2.6707275457275457,0.4367396593673966,5687.671232876713
3.44,245,32329,60.0,54.0,54.0,162.0,298.0,16525.0469637651,0.3399510921374394,0.6408163265306123,2302.3255813953488
9.14,1257,293408,83.0,54.0,54.0,364.0,594.0,62484.857640490896,1.4004974310305331,0.5099443118536198,3912.4726477024064
9.77,5237,6468969,364.0,54.0,60.0,2878.0,2974.0,2445798.8237684234,5.0370540080482,0.4063395073515371,12638.68986693961
8.05,1144,573519,112.0,54.0,60.0,446.0,1514.0,736508.7185979451,4.202835837143479,0.486013986013986,3845.962732919254
6.87,520,126254,60.0,54.0,54.0,292.0,724.0,106435.30460059173,0.14655454248247302,0.5653846153846154,2314.410480349345
7.96,559,112502,60.0,54.0,54.0,256.0,544.0,63849.94350376504,0.17360734404339662,0.592128801431127,2185.929648241206
7.62,685,141715,60.0,54.0,54.0,267.0,580.0,64529.86665245884,0.6930695435050118,0.5708029197080292,2700.787401574803
4.14,295,63027,60.0,54.0,54.0,292.0,590.0,69905.29843148521,0.16339640055376095,0.5728813559322034,2217.3913043478265
5.93,399,91098,60.0,54.0,54.0,328.0,616.0,78915.87020182035,0.1509975109606176,0.5889724310776943,2064.0809443507587
5.99,698,149136,83.0,54.0,54.0,296.5,508.0,60238.02035287068,1.4815055158987671,0.5358166189111748,3385.6427378964936
0.22,25,5401,60.0,54.0,54.0,328.0,551.2,59803.63840000001,0.14331075359864523,0.64,3545.4545454545455
4.02,294,64923,60.0,54.0,54.0,326.25,586.9999999999999,72933.74201721506,0.151361991913173,0.5986394557823129,2268.656716417911
4.92,597,155649,78.0,54.0,54.0,310.0,746.0,131016.8822841174,1.116118769883351,0.5293132328308208,3560.9756097560976
5.47,742,174842,112.0,54.0,60.0,297.0,510.0,74667.8298544765,2.0874993377951228,0.48517520215633425,3674.5886654478977
7.34,839,246891,83.0,54.0,54.0,364.0,904.0,143832.87563803326,0.9009601392086358,0.5208581644815257,3245.231607629428
6.73,981,172501,78.0,54.0,60.0,266.0,328.0,54690.87309855657,1.8952836522322927,0.5361875637104995,4341.7533432392265
7.95,916,204691,78.0,54.0,54.0,297.0,553.5,66005.60006841022,1.2148151354158776,0.5316593886462883,3388.6792452830186
4.99,1552,854977,184.0,54.0,60.0,472.0,2149.8000000000065,756227.9866413638,7.916877861560444,0.4213917525773196,7587.174348697395
0.55,59,27128,60.0,54.0,60.0,220.0,1985.2000000000035,805382.5010054582,7.205686630369026,0.6101694915254238,3927.2727272727275
2.79,363,50713,112.0,54.0,60.0,184.0,297.0,11655.546721914865,1.4909376688442457,0.4738292011019284,3612.9032258064517
2.27,174,27158,60.0,54.0,54.0,211.0,364.0,29185.211917029992,0.23524060765941962,0.6149425287356322,2405.286343612335
4.95,729,247396,184.0,54.0,60.0,455.0,832.0,189098.03932703723,3.6318430315284953,0.4540466392318244,3721.212121212121
5.15,335,63127,60.0,54.0,54.0,256.0,544.0,47740.34177767877,0.1832393019812187,0.5970149253731343,2062.135922330097
0.07,8,2075,69.0,54.0,54.0,244.0,670.8999999999999,127432.734375,0.08468374281233665,0.625,3428.5714285714284
1.71,521,347741,184.0,54.0,60.0,760.0,2958.0,928202.1207334192,9.066902121992879,0.43761996161228406,7719.298245614034
3.34,218,43093,60.0,54.0,54.0,256.0,472.0,132039.9535603064,0.41683379911228013,0.6146788990825688,2065.868263473054
2.83,255,53813,62.0,54.0,54.0,285.0,607.5999999999999,63484.66568242984,0.15699511943411237,0.6,2734.982332155477
5.35,693,206666,112.0,54.0,60.0,400.0,797.6000000000001,143520.78017445118,1.9582033151069251,0.48917748917748916,3487.8504672897197
0.14,6,2244,227.0,54.0,54.0,553.0,841.0,142732.0,0.07780979827089338,0.5,1285.7142857142856
1.03,70,15948,60.0,54.0,54.0,382.0,655.6,71060.51346938778,0.15048333573798875,0.5714285714285714,2097.0873786407765
1.58,117,30065,60.0,54.0,54.0,364.0,774.4000000000002,119557.69113887062,0.12556624611583242,0.6324786324786325,2278.481012658228
5.6,1071,394879,148.0,54.0,60.0,446.0,796.0,347559.05171654717,2.6895269417997327,0.46218487394957986,4853.571428571429
1.26,108,21605,69.0,54.0,54.0,256.0,518.8,53701.858967764056,0.19682029692000885,0.5185185185185185,2571.428571428571
3.61,229,50026,60.0,54.0,54.0,292.0,616.0,67394.44877099979,0.16437017037519783,0.5895196506550219,1994.4598337950138
1.12,79,16462,60.0,54.0,54.0,256.0,608.0000000000001,62827.50136196123,0.17485012846131887,0.5822784810126582,2142.8571428571427
4.17,298,69658,60.0,54.0,54.0,269.25,688.0,93900.5960542318,0.15622613949473824,0.5939597315436241,2172.6618705035976
1.91,157,39924,60.0,54.0,54.0,256.0,846.4000000000002,125596.70396364966,0.13850628796304218,0.6305732484076433,2638.7434554973825
3.52,226,61127,60.0,54.0,54.0,400.0,760.0,124853.11655180516,0.12460904441255473,0.5929203539823009,1960.2272727272727
4.07,958,224630,112.0,54.0,60.0,399.0,541.0,58889.727598816266,2.339875403303745,0.48538622129436326,6250.61425061425
2.16,145,27235,60.0,54.0,54.0,276.0,508.0,40724.50130796671,0.19341834275448053,0.593103448275862,2055.555555555555
0.54,49,10789,80.0,54.0,54.0,364.0,553.2000000000002,57160.843815077045,0.17540037041072012,0.5510204081632653,2666.6666666666665
0.4,23,7628,60.0,54.0,54.0,652.0,839.2,122136.22684310016,0.10775486494336335,0.5217391304347826,1799.9999999999998
9.41,699,182163,60.0,54.0,54.0,400.0,796.0,108708.84266303178,0.1253868917073894,0.5851216022889842,2276.3018065887354
0.61,45,12209,78.0,54.0,54.0,298.0,925.6,129529.01432098763,0.11345189238486092,0.5555555555555556,2065.5737704918033
5.34,712,179012,83.0,54.0,54.0,298.0,688.0,96597.41516222699,1.4354048759251197,0.5168539325842697,3775.2808988764045
2.05,124,23447,60.0,54.0,54.0,277.0,508.0,38018.48406607701,0.18114956425369,0.5806451612903226,1873.1707317073171
3.06,461,82266,83.0,54.0,60.0,256.0,433.0,36354.13048122303,1.4991190230269154,0.5227765726681128,4294.117647058823
4.45,531,118692,78.0,54.0,54.0,292.0,472.0,155212.26065306904,1.8569502948609942,0.5310734463276836,3532.584269662921
9.23,1002,182781,60.0,54.0,54.0,292.0,400.0,41836.10724359664,0.867341622140719,0.5558882235528942,3334.7778981581796
6.42,535,138058,66.0,54.0,54.0,292.0,688.0,170971.07389641015,0.3697317247400587,0.577570093457944,2514.0186915887853
8.22,751,163766,60.0,54.0,54.0,286.0,616.0,83294.70962994745,0.5686999501896625,0.5672436750998668,2781.021897810219
8.62,1301,299741,112.0,54.0,60.0,292.0,631.0,84889.66663496004,2.400583136685424,0.49500384319754037,4211.136890951276
7.74,1390,268779,106.0,54.0,60.0,280.0,445.10000000000014,38472.47525956214,1.9861015442728587,0.497841726618705,5062.0155038759685
5.66,568,115361,78.0,54.0,54.0,328.0,508.0,45580.63605621405,1.0766309043778801,0.5334507042253521,2946.996466431095
5.46,348,80246,69.0,54.0,54.0,256.0,508.0,120940.80476284845,0.15110741335781502,0.5459770114942529,1912.0879120879122
6.52,1529,1126593,176.0,54.0,60.0,778.0,2958.0,1140630.352337905,6.397439180537772,0.4578155657292348,6046.01226993865
7.45,903,566101,78.0,54.0,54.0,526.5,2958.0,1006325.3941445337,3.5399945465627307,0.5204872646733112,3567.7852348993288
7.46,521,122059,66.0,54.0,54.0,328.0,688.0,88530.84960636012,0.14639529641595914,0.5758157389635317,2099.195710455764
5.27,349,96666,60.0,54.0,54.0,400.0,803.1999999999996,132114.4952997102,0.11261250892014456,0.5673352435530086,2072.1062618595824
9.61,1501,411952,123.0,54.0,60.0,403.0,652.0,87267.8879068407,1.6931832297121487,0.4670219853431046,3970.8636836628516
0.88,343,156165,220.0,54.0,60.0,472.0,688.0,551522.3814737059,7.515923219544116,0.4110787172011662,9477.272727272728
0.57,48,20390,60.0,54.0,60.0,112.0,2016.4000000000058,811260.3315972221,7.078446909667195,0.6875,3473.684210526316
8.08,1074,206118,83.0,54.0,60.0,292.0,508.0,41992.922214246326,1.410736842105263,0.5195530726256983,3690.5940594059407
5.99,584,164212,60.0,54.0,54.0,328.0,652.0,248379.7500469131,1.3901374010246856,0.5462328767123288,2934.8914858096823
5.86,399,78343,60.0,54.0,54.0,256.0,544.0,54019.174377045376,0.18189361252753222,0.5939849624060151,2098.976109215017
0.74,43,11569,60.0,54.0,54.0,382.0,680.8000000000002,106329.4862087615,0.12945426144684175,0.5348837209302325,1783.7837837837837
9.2,838,212647,78.0,54.0,54.0,328.0,616.0,142756.81247116387,0.6352681523862256,0.5501193317422435,2713.04347826087
9.47,1584,350180,83.0,54.0,60.0,267.0,508.0,97941.33554611773,1.9321923199303335,0.5126262626262627,4840.549102428722
9.45,900,206061,78.0,54.0,54.0,364.0,590.0,71050.97923333332,0.7013524224710195,0.5366666666666666,2819.047619047619
6.0,1001,288750,214.0,54.0,60.0,408.0,692.0,84547.6930761546,3.4873189531920183,0.4125874125874126,3900.0
9.24,1297,362233,83.0,54.0,60.0,297.0,544.0,288031.29101675237,2.873818282927664,0.5080956052428681,4032.4675324675327
4.48,306,66247,60.0,54.0,54.0,328.0,634.0,65111.16498996113,0.16041619226120618,0.5915032679738562,2183.035714285714
6.21,375,78106,60.0,54.0,54.0,286.5,580.0,62456.83743288888,0.16918148613855458,0.5626666666666666,1826.0869565217392
2.46,158,39749,60.0,54.0,54.0,355.0,760.0,106275.8138519468,0.1333219285490263,0.5949367088607594,1975.6097560975609
9.39,1527,298582,112.0,54.0,60.0,266.0,449.0,44703.734037703354,1.2581528315585673,0.49246889325474785,4562.300319488818
0.48,48,7141,69.0,54.0,54.0,114.75,338.8000000000002,45093.92664930556,0.959122085048011,0.7291666666666666,3000.0
4.99,587,123861,91.0,54.0,54.0,328.0,544.0,44010.2963760524,1.1491333090416949,0.5008517887563884,3378.75751503006
6.75,452,88310,60.0,54.0,54.0,292.0,544.0,51374.66827864359,0.17801640765690654,0.5907079646017699,2062.222222222222
8.09,932,184426,78.0,54.0,60.0,220.0,551.1999999999998,55481.39164932122,1.2501128558007881,0.5225321888412017,3404.202719406675
0.92,56,7321,61.0,54.0,54.0,185.25,294.5,12289.731823979591,0.3267488220369699,0.6071428571428571,1891.3043478260868
5.57,856,176909,88.5,54.0,60.0,303.0,535.0,39129.6325211263,1.5534258043098597,0.5023364485981309,4287.253141831238
0.2,14,1420,60.0,54.0,60.0,109.75,209.20000000000005,4325.2448979591845,0.8043202033036849,0.6428571428571429,2400.0
2.92,714,142636,148.0,54.0,60.0,280.0,414.0,36486.56628926081,2.9004621400639885,0.43557422969187676,6205.479452054795
0.98,70,10878,60.0,54.0,60.0,148.0,281.20000000000005,35595.811428571425,1.2105263157894737,0.5714285714285714,2326.5306122448983
9.41,1344,242325,83.0,54.0,60.0,256.0,387.0,43659.0855339206,1.4224748080614202,0.5178571428571429,3959.6174282678003
8.77,800,141190,60.0,54.0,54.0,256.0,417.0,37776.93234375,0.6538790427438531,0.55875,2798.175598631699
3.58,285,35385,60.0,54.0,54.0,148.0,292.0,13643.908402585415,0.4234281346795929,0.6491228070175439,2597.7653631284916
8.36,630,128853,60.0,54.0,54.0,256.0,552.0,61472.37299319727,0.17040138791748793,0.5777777777777777,2339.712918660287
0.89,67,13610,60.0,54.0,54.0,238.0,558.4,69534.44464245936,0.18989333799615318,0.6268656716417911,2359.550561797753
9.68,1455,332577,108.0,54.0,60.0,280.0,511.0,109832.22509228752,2.511418707041272,0.49759450171821307,4221.07438016529
4.75,322,51126,64.0,54.0,54.0,241.75,364.0,22799.701554723968,0.25026900127164237,0.562111801242236,2058.947368421053
8.39,1193,189477,83.0,54.0,60.0,184.0,328.0,28341.714194775475,1.3875930896306656,0.5213746856663872,4133.492252681764
8.72,555,82482,60.0,54.0,54.0,184.0,349.6000000000008,24377.703160457757,0.3093212267445552,0.609009009009009,2077.9816513761466
2.5,156,28195,60.0,54.0,54.0,256.0,436.0,42320.36041255753,0.17415566568108942,0.5769230769230769,2016.0
3.33,810,191211,112.0,54.0,60.0,298.0,544.0,57640.04665294924,2.999477085904328,0.4604938271604938,6558.558558558559
8.54,761,165572,66.0,54.0,54.0,267.0,508.0,132573.093754155,1.2011406389173236,0.5479632063074902,2690.866510538642
4.81,795,155043,91.0,54.0,60.0,297.0,508.0,41510.38942446897,1.600214667851812,0.5006289308176101,4665.280665280666
1.08,58,8353,60.0,54.0,54.0,175.0,297.0,24837.12039239001,0.4695636875439831,0.5689655172413793,1666.6666666666665
3.43,228,43998,66.0,54.0,54.0,292.0,472.0,64723.209833795016,0.2641287171383422,0.5833333333333334,2064.139941690962
4.58,339,79610,60.0,54.0,54.0,328.0,659.1999999999996,85479.82913479694,0.14337828715871717,0.5988200589970502,2305.6768558951962
2.12,661,180013,148.0,54.0,60.0,436.0,711.0,87385.03950142018,3.498300764655905,0.4568835098335855,8405.66037735849
7.62,815,162257,83.0,54.0,54.0,297.5,436.0,50532.40691934209,1.1105503453478844,0.5251533742331288,3007.8740157480315
7.81,634,112574,60.0,54.0,54.0,220.0,446.0,46431.908676571555,0.8320802005012531,0.5630914826498423,2481.434058898848
7.46,870,163806,83.0,54.0,60.0,276.75,436.0,38160.29935790725,1.3766866893009488,0.5287356321839081,3394.1018766756033
9.34,1302,281174,83.0,54.0,60.0,263.5,544.0,78176.09325367329,2.0032256686319747,0.510752688172043,3963.597430406852
6.57,433,93585,60.0,54.0,54.0,328.0,580.0,61568.48382571778,0.16465888443636906,0.5658198614318707,2045.662100456621
4.75,492,106388,60.0,54.0,54.0,292.0,580.0,79533.01758212705,0.9903837159267367,0.5548780487804879,3183.157894736842
2.76,503,106521,112.0,54.0,60.0,299.0,502.8000000000003,43882.430830523816,1.707633257924303,0.48111332007952284,5000.0
8.04,878,187032,78.0,54.0,54.0,297.0,472.0,80006.86062753931,0.6707490285408013,0.5501138952164009,3208.9552238805977
8.89,1115,259187,83.0,54.0,54.0,292.0,616.0,90720.82373343522,0.857305625223934,0.5201793721973094,3664.7919010123733
9.87,1049,247843,83.0,54.0,54.0,297.0,616.0,92695.28769784834,1.1571260716306193,0.5243088655862727,3100.3039513677813
6.19,1340,339704,112.0,54.0,60.0,299.0,580.0,94167.60809979952,3.0250242896751107,0.45671641791044776,5592.891760904685
7.64,943,283779,112.0,54.0,54.0,400.0,774.0,130602.8098159233,1.4784408597454999,0.48250265111346763,3267.015706806283
7.25,1589,310023,112.0,54.0,60.0,281.0,436.0,48633.6087085497,2.3981081614310455,0.460037759597231,5826.206896551724
6.05,619,99500,60.0,54.0,54.0,220.0,400.0,24483.77085350545,1.0491803278688525,0.5411954765751211,3094.214876033058
8.15,978,163305,78.0,54.0,54.0,211.0,434.0,28201.81651235149,0.9346183007155381,0.5265848670756647,3511.6564417177915
3.29,176,35343,60.0,54.0,54.0,293.25,508.0,47584.584161931816,0.17727590686519437,0.5397727272727273,1659.5744680851064
7.61,1147,230122,112.0,54.0,60.0,297.0,436.0,42714.79993371891,1.3575658231738552,0.4969485614646905,4139.290407358739
5.62,932,299267,118.5,54.0,60.0,445.0,832.0,129355.6172924073,2.664927685317854,0.4613733905579399,4291.814946619217
6.81,637,148434,78.0,54.0,54.0,400.0,600.3999999999994,70846.5568833499,0.6203523786651529,0.5384615384615384,2748.898678414097
9.51,693,185450,60.0,54.0,54.0,328.0,796.0,130999.9533408711,0.1268966439201055,0.56998556998557,2220.820189274448
2.12,164,34601,60.0,54.0,54.0,259.5,590.0,79340.1642995241,0.15734020135799578,0.6036585365853658,2405.6603773584907
9.08,653,135716,60.0,54.0,54.0,256.0,577.200000000001,67720.91598441872,0.17471501155534014,0.5819295558958653,2167.4008810572686
6.0,376,62862,62.0,54.0,54.0,196.75,400.0,43596.67278746038,0.27594535896238864,0.6037234042553191,1900.0
5.37,495,107768,60.0,54.0,54.0,297.0,580.0,71923.27124171004,0.6836645419322585,0.5656565656565656,2837.9888268156424
7.13,553,123899,60.0,54.0,54.0,256.0,590.0,100195.90177529113,0.1532461488341788,0.5913200723327305,2389.9018232819076
0.39,30,4831,69.0,54.0,54.0,241.75,371.2000000000001,25393.03222222222,0.21017034068136273,0.6,2307.6923076923076
1.95,146,28175,72.0,54.0,54.0,262.0,436.0,61714.020125727155,0.1930470867208672,0.547945205479452,2246.153846153846
4.91,373,66957,60.0,54.0,54.0,220.0,520.0000000000002,45069.10245886911,0.19893637975182193,0.6112600536193029,2395.112016293279
9.6,1095,228829,60.0,54.0,54.0,292.0,595.0,62584.059710181195,1.5133063143211747,0.547945205479452,3468.75
3.66,216,40300,60.0,54.0,54.0,256.0,544.0,40575.46673525377,0.1728413026396205,0.5833333333333334,1852.4590163934424
4.77,1058,332165,148.0,54.0,60.0,451.0,724.0,136731.38460500783,3.169103711420431,0.44139886578449905,5597.48427672956
1.67,225,40510,60.0,54.0,60.0,256.0,364.0,50390.05135802469,1.2111238469515857,0.5733333333333334,4383.233532934132
6.45,885,226215,112.0,54.0,60.0,400.0,610.0,69066.7101790673,1.9153295959791223,0.47796610169491527,3665.1162790697676
2.53,190,40281,62.0,54.0,54.0,283.0,599.7999999999995,64527.384182825466,0.1747156605424322,0.5736842105263158,2371.5415019762845
5.83,1064,262644,112.0,54.0,60.0,297.0,514.0,101084.4386483125,2.7148555183095007,0.47462406015037595,4981.132075471698
0.89,341,71149,148.0,54.0,60.0,297.0,364.0,32082.87909460703,3.3965272199221404,0.39589442815249265,8831.460674157302
4.68,339,41589,60.0,54.0,54.0,148.0,269.4,13022.028297700159,0.35889560529325276,0.5988200589970502,2384.6153846153848
0.73,39,6636,60.0,54.0,54.0,256.0,378.4000000000002,25472.28402366864,0.18288770053475936,0.5384615384615384,1643.8356164383563
1.93,98,17718,60.0,54.0,54.0,266.75,472.0,35368.611411911705,0.18356713426853707,0.5816326530612245,1678.756476683938
0.92,53,10118,60.0,54.0,54.0,220.0,508.0,45081.821288714855,0.19938359412043621,0.6037735849056604,1760.8695652173913
3.74,478,109417,83.0,54.0,60.0,328.0,616.0,63430.102015896075,1.6461824953445066,0.5146443514644351,3625.668449197861
7.5,700,108119,78.0,54.0,54.0,256.0,328.0,19184.63946734694,0.8199400754107191,0.5328571428571428,2784.0
2.48,511,129898,112.0,54.0,60.0,436.0,616.0,71575.00750226906,2.283984325622551,0.46966731898238745,5322.580645161291
5.64,340,53644,60.0,54.0,54.0,184.0,436.0,35468.70297577854,0.35041788339542845,0.611764705882353,2000.0
5.02,596,122419,78.0,54.0,54.0,297.0,509.0,52924.70328757713,1.1401923076923077,0.5436241610738255,3501.9920318725103
8.58,1120,217032,78.0,54.0,60.0,184.0,375.0,102182.39025510203,1.5275662078121726,0.525,3888.111888111888
6.25,711,193671,60.0,54.0,54.0,292.0,553.0,278344.32281151525,1.4916824269558842,0.5625879043600562,3446.3999999999996
4.68,752,182770,112.0,54.0,60.0,364.0,545.0,63179.48199835899,1.6245727907177117,0.49069148936170215,4487.179487179487
5.33,368,54319,60.0,54.0,54.0,184.0,400.0,21683.831159912574,0.2601262005289287,0.6304347826086957,2183.864915572233
2.15,116,18797,60.0,54.0,54.0,157.0,400.0,38907.230900713446,0.24080797412370453,0.5948275862068966,1758.139534883721
6.54,436,84493,60.0,54.0,54.0,256.0,508.0,51470.56882312095,0.1840884566335468,0.573394495412844,2082.5688073394494
0.53,38,4873,69.0,54.0,54.0,112.0,292.0,16128.233379501384,0.34986149584487536,0.6578947368421053,2150.943396226415
2.38,537,114977,112.0,54.0,60.0,292.0,456.4000000000009,53147.24863629587,2.5533887566832525,0.4692737430167598,6025.210084033614
9.56,779,148744,60.0,54.0,54.0,249.0,472.0,66051.53324841268,0.4163127725619394,0.5943517329910141,2523.012552301255
4.5,319,64309,60.0,54.0,54.0,220.0,544.0,72780.37251992415,0.17097907827891987,0.5956112852664577,2186.666666666667
7.51,725,161509,60.0,54.0,54.0,256.0,616.0,92921.98619548156,1.0914894719121493,0.5544827586206896,2972.037283621837
9.79,1269,256375,83.0,54.0,60.0,299.0,449.0,46827.82184491551,1.3287553024316248,0.5027580772261623,3695.6077630234936
7.48,789,146981,78.0,54.0,54.0,266.0,446.0,41922.84624936347,1.141300388980347,0.5386565272496832,3080.2139037433153
9.14,1095,263893,78.0,54.0,54.0,328.0,616.0,94445.99269072787,1.3245978753017036,0.5324200913242009,3538.2932166301966
6.71,614,105726,60.0,54.0,54.0,220.0,364.0,63976.15850566055,1.1105521619355612,0.5504885993485342,2816.6915052160957
6.47,980,213284,112.0,54.0,60.0,309.0,544.0,43508.643548521446,1.62526002240193,0.47959183673469385,4117.4652241112835
1.58,138,19503,60.0,54.0,54.0,211.0,298.0,19242.24873976056,0.41182857970175185,0.5797101449275363,2810.126582278481
6.53,745,159400,91.0,54.0,54.0,328.0,525.6000000000005,42864.503076438,1.2412508260570014,0.5006711409395973,3160.7963246554364
1.63,335,65932,91.0,54.0,60.0,328.0,395.0,35319.68105145912,1.807050408719346,0.5074626865671642,5926.38036809816
9.26,747,174510,65.0,54.0,54.0,297.0,652.0,89341.1846905695,0.15126565994418825,0.5769745649263721,2455.723542116631
4.75,368,87587,60.0,54.0,54.0,293.0,703.6000000000006,100852.9591726725,0.15011489724903157,0.5869565217391305,2362.105263157895
3.37,555,152113,112.0,54.0,54.0,298.0,760.0,137763.27507832157,1.5035467996510805,0.4900900900900901,4700.296735905044
5.96,460,94330,78.0,54.0,54.0,292.0,580.0,52427.017485822296,0.2841526335134841,0.5478260869565217,2295.302013422819
3.73,285,57441,60.0,54.0,54.0,220.0,580.0,76693.48986149585,0.16942527331582483,0.6456140350877193,2380.6970509383377
4.36,449,86233,83.0,54.0,60.0,220.0,476.0,50727.71850338044,1.5731208784650732,0.5189309576837416,3041.2844036697247
1.47,139,30359,78.0,54.0,54.0,292.0,477.4000000000001,77995.85342373584,0.1716193269527632,0.5179856115107914,2816.326530612245
6.98,526,109360,60.0,54.0,54.0,247.0,616.0,73477.72931515564,0.18287129676700595,0.6102661596958175,2312.320916905444
0.71,113,27335,83.0,54.0,54.0,296.0,508.0,156596.67193985434,0.4082221420843851,0.6194690265486725,4225.352112676056
9.7,1647,317742,112.0,54.0,60.0,292.0,445.0,45286.26162487848,2.157025614530135,0.4918032786885246,4793.814432989691
5.81,694,292230,83.0,54.0,54.0,292.0,1470.0,648347.9992525474,3.8122715146724633,0.5273775216138329,3449.225473321859
5.51,1081,285098,112.0,54.0,60.0,298.0,540.0,180911.6783839269,2.1732911857351156,0.47733580018501387,5248.638838475499
7.97,1423,426330,112.0,54.0,60.0,328.0,765.5999999999997,174829.4403932187,2.0220524125807207,0.46872803935347856,4772.898368883312
0.24,10,2344,116.0,54.0,54.0,283.0,576.3999999999999,58595.04,0.13018322082931533,0.5,1250.0
5.01,1196,224107,112.0,54.0,60.0,297.0,400.0,26018.073496800927,1.958469195126137,0.4707357859531773,6347.305389221558
0.85,52,9922,60.0,54.0,54.0,304.75,472.0,43605.770710059165,0.17032318943146968,0.5769230769230769,2047.058823529412
7.88,1038,200843,83.0,54.0,60.0,295.75,472.0,37806.793259788916,1.2948764825521606,0.5077071290944123,3753.807106598985
1.25,393,129192,112.0,54.0,60.0,364.0,544.0,349437.030398384,3.88327789537345,0.47837150127226463,8352.0
3.73,587,143824,112.0,54.0,60.0,357.0,477.0,84712.52276322014,3.1133705133705134,0.454855195911414,3860.5898123324396
7.56,448,77118,60.0,54.0,54.0,256.0,440.0,33055.637097417086,0.20513822256254785,0.5915178571428571,1857.142857142857
4.52,274,57737,60.0,54.0,54.0,292.0,510.80000000000007,63419.54511428421,0.15733242463117383,0.5474452554744526,1858.407079646018
1.14,88,14083,60.0,54.0,54.0,121.0,446.7999999999999,44944.89656508265,0.21237947658402204,0.7159090909090909,2684.2105263157896
4.33,270,65406,60.0,54.0,54.0,364.0,691.5999999999998,80706.49580246914,0.13763414676569322,0.5407407407407407,1912.2401847575056
0.33,15,5292,60.0,54.0,54.0,544.0,1105.6,203388.16,0.07692307692307693,0.6,1454.5454545454545
1.43,89,16313,68.0,54.0,54.0,184.0,515.2,58667.03825274587,0.1891675171307771,0.5842696629213483,1846.1538461538464
5.14,802,197818,112.0,54.0,54.0,300.25,688.0,81997.32545817502,0.9907616133966669,0.49002493765586036,4284.046692607005
2.11,153,26438,60.0,54.0,54.0,292.0,397.20000000000016,31077.28574479901,0.23369108726084928,0.5294117647058824,2274.8815165876777
3.42,254,49042,60.0,54.0,54.0,292.0,472.0,51964.64734329468,0.21415131709249358,0.5669291338582677,2315.7894736842104
4.3,296,60531,60.0,54.0,54.0,232.0,580.0,70490.89863723521,0.1704501508237296,0.597972972972973,2134.8837209302324
4.76,356,81522,61.0,54.0,54.0,293.25,605.0,81809.69659765183,0.15306930693069307,0.5702247191011236,2306.7226890756306
3.91,264,58289,60.0,54.0,54.0,256.0,677.2000000000006,81453.05129419193,0.17413987591652566,0.5984848484848485,2132.992327365729
7.45,876,182219,112.0,54.0,54.0,297.0,506.0,48918.706463324364,1.2817876731197877,0.4942922374429224,3245.6375838926174
3.8,739,140131,112.0,54.0,60.0,297.0,456.0,31604.416328982043,1.8764882174234339,0.4776725304465494,5352.631578947369
5.37,406,62313,60.0,54.0,54.0,184.0,400.0,33103.30872503579,0.2892433740922351,0.6083743842364532,2379.8882681564246
1.8,111,22294,60.0,54.0,54.0,292.0,590.0,53635.300868435996,0.1622354290480659,0.6036036036036037,1899.9999999999998
3.21,194,40069,62.0,54.0,54.0,323.5,544.0,57273.743144861306,0.16411969785008715,0.6030927835051546,1831.7757009345794
2.59,362,83461,78.0,54.0,60.0,256.0,563.8000000000008,144489.6392127835,2.0799690014023176,0.5552486187845304,4146.718146718147
8.23,1002,176620,83.0,54.0,60.0,220.0,400.0,34230.1540113386,1.8105854458076733,0.5059880239520959,3499.3924665856616
1.48,101,18862,78.0,54.0,54.0,256.0,580.0,37601.82982060582,0.19093319863619143,0.5841584158415841,2027.027027027027
5.85,1012,232700,148.0,54.0,60.0,364.0,512.0,45716.36407380212,2.1105882981994144,0.45553359683794464,4543.589743589744
9.09,865,178727,66.0,54.0,54.0,297.0,580.0,60495.315173911586,0.7859127063431792,0.5687861271676301,2877.887788778878
2.87,197,28357,60.0,54.0,54.0,184.0,297.0,20854.286222268027,0.24931712045114107,0.5989847715736041,2090.5923344947737
3.98,258,48358,60.0,54.0,54.0,256.0,544.0,42804.35418544558,0.1884492504300811,0.5658914728682171,2020.100502512563
4.38,301,53336,60.0,54.0,54.0,235.0,472.0,39926.868555534704,0.19410737473693637,0.6079734219269103,2123.2876712328766
7.82,1054,224690,83.0,54.0,54.0,297.0,472.0,60453.808792023876,1.131985956921909,0.5075901328273245,3882.3529411764707
1.87,145,21922,60.0,54.0,54.0,148.0,400.0,26811.79291319857,0.5465255731922398,0.6137931034482759,2342.2459893048126
2.35,439,99487,108.0,54.0,60.0,400.0,549.0,49892.759066214894,2.023920972644377,0.49658314350797267,5234.042553191489
0.53,27,3254,60.0,54.0,54.0,163.0,270.4000000000001,8608.39780521262,0.5057843590930124,0.6296296296296297,1584.9056603773583
9.38,1348,310352,112.0,54.0,60.0,298.0,524.0,62917.80844684729,1.8119235299447314,0.47997032640949555,3927.5053304904045
8.19,665,115092,60.0,54.0,54.0,220.0,472.0,38041.65665894059,0.3722175193447236,0.5684210526315789,2542.1245421245426
3.39,209,52105,60.0,54.0,54.0,328.0,659.2000000000006,99028.74833451615,0.14473713118175627,0.5502392344497608,1911.504424778761
3.19,476,110728,61.0,54.0,60.0,364.0,564.0,87104.26876633006,1.337759949329674,0.5378151260504201,4514.1065830721
5.86,834,177536,104.5,54.0,55.5,326.5,544.0,53446.156507887215,1.7930274998426783,0.49760191846522783,4044.3686006825938
6.19,424,62630,60.0,54.0,54.0,184.0,364.0,24478.53513260947,0.45654550105816416,0.6014150943396226,2171.24394184168
1.12,379,81496,112.0,54.0,60.0,298.0,449.0,58710.46617609178,3.341822056473095,0.47493403693931396,9375.0
1.65,218,25546,60.0,54.0,60.0,112.0,184.0,17417.61770894706,0.9203187250996016,0.536697247706422,4145.454545454545
6.68,787,178213,112.0,54.0,60.0,361.0,593.0,53437.057757169,1.5891386148683007,0.49555273189326554,3233.532934131737
6.93,443,79629,60.0,54.0,54.0,220.0,464.8000000000004,43957.54218365445,0.19952096890817064,0.5733634311512416,1939.3939393939395
9.57,653,126797,60.0,54.0,54.0,256.0,544.0,55740.69945990821,0.178279374047504,0.5957120980091883,2094.043887147335
9.79,1383,285838,103.0,54.0,60.0,292.0,436.0,69570.20759151122,1.6474080523113115,0.49891540130151846,3885.597548518897
1.52,152,30928,60.0,54.0,60.0,220.0,330.0,153852.65720221607,1.9715603382013835,0.5723684210526315,3315.7894736842104
7.01,687,110958,78.0,54.0,54.0,256.0,376.0,26436.901991444352,1.0319000878992088,0.5414847161572053,2901.569186875892
8.84,1383,246085,83.0,54.0,60.0,256.0,436.0,40573.58877266508,1.5176481420854477,0.5140997830802603,4500.0
9.89,1651,353576,112.0,54.0,60.0,297.0,472.0,72500.01115855486,1.791073641666864,0.49182313749242884,4610.717896865521
2.92,658,226753,148.0,54.0,60.0,479.75,940.0,178737.15595984884,1.8887204443538523,0.44680851063829785,5773.972602739726
2.62,463,140734,112.0,54.0,60.0,407.5,1041.0,152036.82354258312,2.9077580940745267,0.4924406047516199,4923.664122137405
4.94,330,57110,60.0,54.0,54.0,252.5,400.0,41832.335720844814,0.2783435926133184,0.5818181818181818,2076.9230769230767
8.37,1310,269023,106.0,54.0,60.0,292.0,472.0,65629.95283549909,1.8125476994490386,0.4984732824427481,4458.781362007169
2.86,540,113498,112.0,54.0,60.0,298.75,545.0,36574.9855829904,2.4078366611619875,0.4685185185185185,5034.965034965036
2.5,160,21832,60.0,54.0,54.0,184.0,271.29999999999984,23856.097499999996,0.5133786219326216,0.54375,1968.0
4.59,320,49960,60.0,54.0,54.0,184.0,400.0,27013.884375,0.2403793634242018,0.6,2222.222222222222
2.49,150,36483,60.0,54.0,54.0,391.0,688.0,76574.11826666666,0.13325878296524088,0.5733333333333334,1903.6144578313251
6.82,1032,218484,112.0,54.0,60.0,298.0,508.0,45847.55502974581,1.5738823113624316,0.4786821705426357,4134.897360703812
4.84,650,132958,112.0,54.0,60.0,297.0,436.0,38298.653576331366,1.2423516713326812,0.4723076923076923,3582.6446280991736
4.5,715,186329,184.0,54.0,60.0,328.0,616.0,76261.75888111889,3.3029120384268986,0.42097902097902096,3786.666666666667
4.99,467,88165,60.0,54.0,54.0,292.0,472.0,46017.39065244006,0.809700726630814,0.5331905781584583,2813.6272545090183
9.01,1017,194209,78.0,54.0,54.0,235.0,520.7999999999993,46919.18641114815,0.831624713527176,0.5388397246804326,3342.9522752497223
1.89,288,53500,63.0,54.0,60.0,256.0,446.8000000000004,35047.72202932098,1.822176504721211,0.53125,4603.174603174603
0.59,38,6113,71.5,54.0,54.0,184.0,220.0,52047.48268698061,0.23420149404401372,0.6052631578947368,1932.2033898305085
7.72,1013,224197,112.0,54.0,60.0,301.0,478.0,66909.78516404219,2.093951395884796,0.4866732477788746,3567.3575129533683
1.49,98,13537,60.0,54.0,54.0,148.0,268.5,29099.52321949188,0.36022909967845657,0.6122448979591837,2335.570469798658
8.05,890,177466,83.0,54.0,54.0,309.0,450.0,53773.81528089887,0.9728966559943081,0.5202247191011236,3137.8881987577633
9.65,1478,338103,112.0,54.0,60.0,361.0,574.0,58422.21366739239,1.91402789030045,0.476319350473613,4084.974093264249
6.21,713,149069,78.0,54.0,54.0,256.0,580.0,64346.96803306259,1.0692531926707385,0.5427769985974754,3420.289855072464
5.34,691,180675,112.0,54.0,60.0,329.0,688.0,85029.7280478176,1.9120462897298691,0.4833574529667149,3494.38202247191
0.33,21,2349,60.0,54.0,54.0,118.0,184.0,9276.979591836733,0.43319097010372176,0.5714285714285714,2181.8181818181815
5.53,322,60188,78.0,54.0,54.0,254.25,505.9000000000007,57646.39099571776,0.1883823326159496,0.6055900621118012,1725.1356238698008
9.96,701,160021,60.0,54.0,54.0,328.0,616.0,80122.33646655176,0.15163618829659375,0.5777460770328102,2156.626506024096
8.56,845,208720,83.0,54.0,54.0,400.0,590.0,92869.21534960261,1.3011366768464108,0.5100591715976331,2845.7943925233644
4.29,730,193652,148.0,54.0,60.0,356.0,584.0,73315.17000562957,2.186218697555036,0.4452054794520548,4279.72027972028
7.74,1267,295584,112.0,54.0,60.0,256.0,328.0,252072.47923458018,3.2023372856777277,0.49329123914759276,4643.410852713178
0.08,8,1656,86.5,54.0,54.0,292.75,461.19999999999993,45154.25,0.15,0.5,3000.0
7.45,1020,201245,83.0,54.0,60.0,292.0,511.4000000000008,56099.22921472512,1.010399392619528,0.5313725490196078,3954.362416107382
7.03,684,123682,60.0,54.0,54.0,184.0,328.0,77620.85122772817,1.353426951326255,0.5350877192982456,2953.058321479374
8.33,1890,401874,112.0,54.0,60.0,267.0,446.0,129272.84005039054,3.1514622480708243,0.46984126984126984,6144.05762304922
2.98,465,102152,148.0,54.0,60.0,280.0,349.6000000000008,70030.76751531968,2.690462427745665,0.45161290322580644,3926.1744966442957
3.82,287,55000,78.0,54.0,54.0,313.5,508.0,38797.91050030958,0.20234347674011893,0.5505226480836237,2246.0732984293195
4.23,315,86656,62.0,54.0,54.0,298.0,760.0,229394.5903149408,0.5347395639622408,0.5841269841269842,2283.687943262411
7.94,1573,1032207,83.0,54.0,60.0,542.0,2958.0,1087923.803119957,4.563468493475554,0.5155753337571519,5727.9596977329975
3.97,298,60868,60.0,54.0,54.0,269.0,583.0000000000001,63993.29066258277,0.20204593479076566,0.6006711409395973,2312.3425692695214
1.24,64,12654,60.0,54.0,54.0,292.0,533.2,44955.9833984375,0.20790378006872853,0.5625,1596.774193548387
0.54,332,103673,256.0,54.0,60.0,433.0,722.7000000000005,89320.2564505008,5.3474560705320515,0.3825301204819277,13777.777777777776
4.04,575,110718,66.0,54.0,60.0,267.0,529.6000000000008,47397.24544725898,1.4530408773678962,0.5339130434782609,4277.227722772278
2.33,132,44201,60.0,54.0,54.0,605.5,904.0,148860.0626147842,0.09614621565320901,0.5303030303030303,1725.321888412017
6.14,1171,351764,184.0,54.0,60.0,400.0,804.0,96495.61925146637,2.865963292669524,0.4372331340734415,4690.553745928339
1.9,123,19122,60.0,54.0,54.0,202.0,392.7999999999999,24999.581994844335,0.21340186560060917,0.5934959349593496,1957.8947368421054
0.23,20,2365,60.0,54.0,54.0,83.0,118.3000000000005,25916.4875,0.38385020479812754,0.9,2869.565217391304
6.44,777,188461,112.0,54.0,54.0,328.0,580.0,70316.08280867741,1.752702150035055,0.47876447876447875,3260.869565217391
3.04,488,80046,80.5,54.0,60.0,256.0,328.0,28333.519668771834,1.4003958377065404,0.5491803278688525,4677.631578947368
3.81,534,111571,83.0,54.0,60.0,298.0,508.0,43020.02753931182,2.0201667478750474,0.5056179775280899,4031.496062992126
7.43,1176,263248,147.5,54.0,60.0,328.0,508.0,41584.67998287751,2.175373629422337,0.44982993197278914,3973.0820995962317
8.74,1799,464878,112.0,54.0,60.0,292.0,616.0,160484.5396834323,2.4422403388349587,0.4613674263479711,5347.826086956522
6.92,1299,364800,112.0,54.0,60.0,421.0,695.0,103972.35571864658,2.248297048216909,0.481139337952271,5002.890173410405
8.98,754,137007,60.0,54.0,54.0,220.0,508.0,50679.193931217415,0.2408817961978426,0.5755968169761273,2625.835189309577
8.4,1399,340997,106.0,54.0,60.0,328.0,616.0,104153.04851775571,1.8971707731520815,0.498927805575411,4721.428571428571
3.55,632,177734,112.0,54.0,60.0,442.5,743.0,90989.85458059606,2.7397214156461724,0.46835443037974683,4614.084507042254
4.38,258,46200,60.0,54.0,54.0,276.5,472.0,38754.747070488556,0.2022170756459965,0.5930232558139535,1876.7123287671234
0.75,93,18758,60.0,54.0,54.0,256.0,580.7999999999998,62294.48999884379,0.1628541317959209,0.6559139784946236,4080.0
7.34,4563,5454121,375.0,54.0,60.0,1514.0,2974.0,2309655.30108104,2.1934363282503355,0.3896559281174666,13896.457765667574
9.76,2107,912044,220.0,54.0,60.0,472.0,904.4000000000001,479532.7412942463,4.969694787896242,0.4295206454674893,5360.6557377049185
4.18,954,259523,184.0,54.0,60.0,300.0,668.7000000000005,102541.15274206805,1.8812198858716167,0.4308176100628931,5583.732057416268
5.44,1455,581427,256.0,54.0,60.0,552.0,1156.0,228179.80985864598,2.140743501652946,0.4274914089347079,6529.411764705882
3.8,627,211899,112.0,54.0,54.0,526.5,904.0,165070.26768312693,1.461108723678556,0.4880382775119617,4452.631578947369
3.47,611,135520,83.0,54.0,60.0,290.0,472.0,110095.83574457372,1.6810691040022157,0.5090016366612111,5135.446685878963
3.18,218,61831,60.0,54.0,54.0,283.0,688.0,271782.7656131639,0.6283314020857474,0.5779816513761468,2150.9433962264147
2.4,160,36419,61.0,54.0,54.0,307.75,652.0,74694.63589843751,0.1773891115996379,0.5875,2025.0
5.62,1608,870545,112.0,54.0,60.0,472.0,1514.0,728291.2949335257,4.067790196763302,0.45149253731343286,7419.9288256227765
8.7,1060,372199,91.0,54.0,54.0,508.0,976.0,214793.15544588823,1.6997156659364892,0.5018867924528302,3413.7931034482763
8.59,652,169709,78.0,54.0,54.0,329.5,747.1999999999998,109140.45431470887,0.2043017620051235,0.553680981595092,2235.1571594877764
4.14,336,76584,60.0,54.0,54.0,256.0,603.0,100755.37585034013,0.15382529303642992,0.6309523809523809,2478.2608695652175
3.2,278,69354,60.0,54.0,54.0,324.0,673.3000000000002,103432.0191501475,0.13844386080105056,0.5755395683453237,2681.25
3.86,761,314840,184.0,54.0,60.0,478.0,1012.0,395649.8657309957,2.4749401233954726,0.4507227332457293,5145.077720207254
6.83,446,114795,61.0,54.0,54.0,364.0,778.0,113096.00873232924,0.13512310886977158,0.57847533632287,1976.5739385065888
1.34,127,29607,83.0,54.0,54.0,256.0,630.4000000000002,98644.34633269266,0.14818118358799348,0.5196850393700787,2820.89552238806
6.04,460,103826,60.0,54.0,54.0,293.0,618.2000000000005,84213.85427221171,0.1627172549722272,0.5956521739130435,2344.370860927152
9.8,1443,402496,112.0,54.0,60.0,364.0,724.0,115191.78650776157,1.9912009512485136,0.4954954954954955,4071.4285714285706
6.57,1343,337699,112.0,54.0,60.0,328.0,509.0,110537.13667570575,2.8664430221774424,0.45793000744601636,5315.068493150685
4.16,255,50767,78.0,54.0,54.0,292.0,544.0,44084.30628219915,0.5123179123596175,0.5529411764705883,1817.3076923076924
2.02,136,43626,109.0,54.0,54.0,409.0,760.0,266983.5542820069,0.8876725368871966,0.49264705882352944,1900.990099009901
5.4,955,198124,91.0,54.0,60.0,266.0,472.0,64667.29340094844,1.4415443577704659,0.5078534031413613,4977.777777777777
5.61,438,117929,60.0,54.0,54.0,364.0,796.0,117945.3489971018,0.1600334448160535,0.5776255707762558,2417.1122994652405
2.02,129,31094,60.0,54.0,54.0,256.0,832.0,117298.00624962442,0.13930822218965264,0.5658914728682171,2049.50495049505
7.58,7295,14140298,1498.0,54.0,60.0,2974.0,4434.0,8288949.077706917,6.105498856812643,0.40644276901987664,23327.17678100264
2.78,2984,5073317,1514.0,60.0,60.0,2974.0,2974.0,4127948.0614698175,45.97515740740741,0.4547587131367292,28899.28057553957
2.46,368,351294,60.0,54.0,60.0,2974.0,2974.0,1622765.141511106,8.486996678279187,0.5461956521739131,4804.878048780488
6.73,2035,1698023,266.0,54.0,60.0,846.0,2974.0,1269132.8727383807,9.667447762881805,0.38427518427518426,6659.732540861812
9.77,1237,291624,83.0,54.0,54.0,349.0,590.0,70993.415773029,0.741808321288211,0.5060630557801131,3494.3705220061415
5.5,652,163132,106.0,54.0,54.0,364.0,616.0,84457.96207986752,1.0631339319590236,0.49846625766871167,3305.4545454545455
9.21,1135,308189,91.0,54.0,54.0,364.0,724.0,99789.304472433,0.9956549893155475,0.5039647577092511,3420.195439739413
3.62,639,161065,148.0,54.0,60.0,300.0,616.0,71543.04672549292,2.1302716989932757,0.4507042253521127,4524.861878453038
9.34,1644,541392,112.0,54.0,60.0,405.0,745.0,232733.75550109224,3.679799804645293,0.45985401459854014,4503.2119914346895
6.96,526,113600,60.0,54.0,54.0,286.25,590.0,72737.09793404561,0.17286308681871213,0.5893536121673004,2293.103448275862
5.22,570,137116,60.0,54.0,54.0,292.0,652.0,93533.538270237,0.753850089536966,0.5473684210526316,3321.8390804597702
2.77,544,126799,78.0,54.0,60.0,300.0,541.0,77599.73334437177,1.5245689483534424,0.5220588235294118,5870.036101083032
4.04,268,67208,78.0,54.0,54.0,376.0,688.0,89416.02450434396,0.13983345487848312,0.5522388059701493,1975.2475247524753
6.19,709,166473,66.0,54.0,54.0,328.0,616.0,84917.61009865103,0.988354593664899,0.5543018335684062,3450.7269789983843
2.12,321,63914,60.0,54.0,54.0,256.0,472.0,60241.59870342873,0.7585846357032797,0.5638629283489096,4726.415094339623
6.39,2422,3907701,2958.0,60.0,60.0,2958.0,2958.0,1969167.1311472866,29.474631125807157,0.38439306358381503,7605.633802816901
1.75,501,720616,738.0,54.0,60.0,2958.0,2958.0,1922103.4426317029,25.961089494163424,0.4091816367265469,5725.714285714285
6.21,2299,3314498,652.0,60.0,60.0,2958.0,2958.0,1908761.1555138389,23.20472337442309,0.39190952588081773,8193.236714975847
8.47,1495,1581386,148.0,54.0,60.0,2958.0,2958.0,1680890.4078808962,8.646950453253297,0.4682274247491639,4554.899645808736
1.43,452,174875,112.0,54.0,60.0,582.5,1305.0,234665.0966549847,4.021536252692032,0.48008849557522126,8643.356643356645
0.96,53,9242,60.0,54.0,54.0,208.0,360.80000000000007,50657.78212887149,0.47541507024265645,0.5849056603773585,1812.5
1.65,129,28615,78.0,54.0,54.0,280.0,525.6000000000001,92532.36355988221,0.23064682607947704,0.5736434108527132,2327.2727272727275
6.17,1144,352257,83.0,54.0,58.5,337.0,724.0,241499.74922291434,1.9919988448438415,0.5078671328671329,5338.735818476499
0.21,17,1840,60.0,54.0,54.0,91.0,220.0,7213.826989619378,0.3710879284649776,0.7647058823529411,2571.4285714285716
0.51,52,7973,60.0,54.0,54.0,283.0,360.4,18122.52773668639,0.2673660785248768,0.5576923076923077,3294.1176470588234
4.12,532,136402,112.0,54.0,60.0,406.0,616.0,68810.05470914127,1.954214675560946,0.46616541353383456,3349.5145631067962
8.31,496,126711,60.0,54.0,54.0,364.0,726.5,97480.16818011834,0.1310048735205384,0.5705645161290323,1862.8158844765342
3.31,615,239619,112.0,54.0,60.0,380.0,868.0,474841.05078722985,3.942840051157226,0.46504065040650405,5003.021148036253
5.95,456,125509,78.0,54.0,54.0,328.0,868.0,152285.06786222683,0.13597197835019822,0.5877192982456141,2289.075630252101
9.81,2263,613216,112.0,54.0,60.0,297.0,652.0,155300.8340982303,2.257818933320583,0.4688466637207247,6140.672782874617
5.51,787,227939,112.0,54.0,54.0,393.0,691.1999999999998,130434.6498097257,1.4784868485434992,0.4866581956797967,3876.5880217785843
9.47,618,129042,60.0,54.0,54.0,292.0,554.8000000000025,65972.49627674617,0.22721825962910128,0.5728155339805825,1995.7761351636746
4.04,569,117350,83.0,54.0,54.0,297.0,472.0,57814.25921590309,1.617725133284258,0.5026362038664324,4039.60396039604
2.66,195,41043,60.0,54.0,54.0,278.5,616.0,67974.99818540434,0.1795660296019543,0.5897435897435898,2255.6390977443607
5.13,800,290602,112.0,54.0,60.0,332.0,953.0,351253.89124375,2.3457136936148655,0.485,4233.918128654971
8.75,647,111420,60.0,54.0,54.0,220.0,450.3999999999992,37930.03309532284,0.2223672806661474,0.5842349304482226,2242.285714285714
0.61,47,7276,60.0,54.0,54.0,148.0,407.1999999999998,32647.04843820733,0.2478134110787172,0.6595744680851063,2459.016393442623
4.5,439,93138,60.0,54.0,54.0,292.0,551.1999999999998,67169.52810539588,1.0933180500303419,0.5649202733485194,3093.3333333333335
5.11,456,73985,60.0,54.0,54.0,256.0,424.0,25183.567977646962,0.6703919443691863,0.5482456140350878,2759.295499021526
0.28,22,3808,71.5,54.0,54.0,220.0,432.4000000000001,37296.0826446281,0.1956043956043956,0.5909090909090909,2357.142857142857
2.87,385,69213,60.0,54.0,54.0,256.0,445.0,36726.62166301231,1.0584403997144896,0.5584415584415584,4118.4668989547035
9.7,1395,305191,83.0,54.0,60.0,328.0,593.6000000000001,61383.78589380917,1.1436167223892337,0.5111111111111111,4150.515463917526
3.04,196,44931,60.0,54.0,54.0,328.0,616.0,71376.03943669304,0.15192923984104603,0.5816326530612245,2013.157894736842
7.27,882,231035,83.0,54.0,54.0,364.0,787.8,96117.64203829679,0.9981405405405406,0.5238095238095238,3515.8184319119673
8.09,1212,305746,112.0,54.0,60.0,298.0,586.0,135005.42281530134,1.5392920618573824,0.4744224422442244,4034.6106304079112
2.91,226,54275,60.0,54.0,54.0,320.75,706.0,93497.58221082306,0.15023523926588395,0.5619469026548672,2350.5154639175257
6.61,947,300313,112.0,54.0,57.0,402.0,799.9999999999998,173267.83978528314,1.4606138568432092,0.4910242872228089,3957.6399394856276
6.4,452,88018,64.0,54.0,54.0,266.0,580.0,50152.46254600987,0.1830694373504664,0.5619469026548672,2128.125
7.85,1009,332462,112.0,54.0,54.0,594.0,868.0,131171.80201968213,2.002402196293754,0.4786917740336967,3454.7770700636943
2.64,166,41844,60.0,54.0,54.0,320.5,758.5,113656.89838873567,0.14826706182596525,0.5783132530120482,1931.8181818181815
0.05,5,1070,54.0,54.0,54.0,328.0,479.20000000000005,44750.4,0.17841409691629956,0.6,3599.9999999999995
8.32,942,235069,83.0,54.0,54.0,301.0,688.0,103651.14203979427,1.0870348832047445,0.5127388535031847,3216.346153846154
9.78,1315,356034,83.0,54.0,54.0,298.0,700.200000000001,145933.49937920168,1.2916267064873876,0.5079847908745247,3809.815950920246
1.63,104,19715,60.0,54.0,54.0,256.0,436.0,56643.09162352071,0.18937017374517376,0.5769230769230769,2024.5398773006136
3.17,221,47558,62.0,54.0,54.0,307.0,590.0,66044.46440490572,0.16743991948351622,0.6063348416289592,2138.801261829653
5.25,727,319324,83.0,54.0,54.0,301.0,1336.0,668650.9034092736,3.562423203314759,0.5185694635488308,3965.714285714286
2.66,188,46409,60.0,54.0,54.0,400.0,688.0,84377.7612890448,0.13572180211927662,0.5585106382978723,2142.8571428571427
5.22,408,93819,78.0,54.0,54.0,267.0,688.0,88080.64195862168,0.18956991428716335,0.5955882352941176,2310.344827586207
8.88,1732,557596,112.0,54.0,60.0,415.0,746.9000000000001,225215.74668913908,2.965832147937411,0.4578521939953811,5013.513513513512
7.64,1304,373565,112.0,54.0,60.0,364.0,652.0,177833.04698085642,2.1505861516403812,0.47929447852760737,4507.853403141362
5.27,539,99858,60.0,54.0,60.0,220.0,455.0,90420.34705236455,1.1620837483220023,0.5380333951762524,3096.7741935483873
7.89,1434,516392,148.0,54.0,60.0,400.0,688.0,331672.4239110348,3.6232329110524195,0.4616457461645746,4699.619771863117
8.56,1608,357350,112.0,54.0,60.0,298.0,583.0,51624.74689828221,2.3222390598997795,0.4657960199004975,4885.514018691589
3.62,501,115059,87.0,54.0,54.0,301.0,544.0,68579.46234477154,1.175398460985801,0.5049900199600799,3828.729281767956
1.07,91,9970,60.0,54.0,54.0,112.0,266.0,9408.158434971621,0.5390552639703612,0.6703296703296703,3196.261682242991
6.25,402,65796,63.0,54.0,54.0,256.0,400.0,26619.041434617953,0.2148673350689636,0.5696517412935324,1948.8
9.44,1460,349872,148.0,54.0,60.0,328.0,551.6000000000022,51014.27606305123,2.0662016020191754,0.4575342465753425,3972.4576271186443
6.85,815,222114,83.0,54.0,54.0,292.0,745.6000000000008,168346.15569121912,1.2619685320026477,0.5496932515337424,3442.3357664233577
2.04,145,21375,60.0,54.0,54.0,148.0,315.5999999999998,33527.07015457788,0.26069006192863464,0.5862068965517241,2205.882352941176
8.83,516,101705,60.0,54.0,54.0,256.0,544.0,50485.84410116579,0.18341439575527682,0.5542635658914729,1766.7044167610418
6.95,756,172438,78.0,54.0,54.0,298.5,580.0,63921.59724671761,0.9306074923307732,0.5238095238095238,3194.244604316547
1.24,380,105884,112.0,54.0,60.0,377.0,862.0,106873.98770083103,2.9077354591083555,0.4710526315789474,8370.967741935485
8.57,673,169333,78.0,54.0,54.0,311.0,616.0,150179.03153474387,0.3753827659868255,0.5676077265973254,2254.3757292882146
7.72,1318,502335,112.0,54.0,60.0,438.25,868.0,378503.13902116375,2.629378359632391,0.4772382397572079,4492.227979274612
0.87,275,70026,220.0,56.40000000000001,60.0,325.0,594.0,52740.29585454545,3.422229239027471,0.43636363636363634,8000.0
6.0,946,175724,112.0,54.0,60.0,292.0,440.0,61722.901800839405,1.58486069842017,0.4788583509513742,4320.0
4.12,804,340309,148.0,54.0,60.0,416.0,904.0,522252.4010343184,4.90178974021019,0.45149253731343286,4966.019417475728
0.05,2,382,191.0,81.4,122.5,259.5,300.6,18769.0,0.16463414634146342,0.5,1200.0
9.95,1218,245956,91.0,54.0,54.0,292.0,472.0,59006.506359182604,1.205270283598282,0.5016420361247947,3401.005025125628
3.78,278,57463,60.0,54.0,54.0,300.25,552.0,55361.82093318152,0.16671404206935758,0.5755395683453237,2253.968253968254
0.62,31,4211,60.0,54.0,54.0,202.0,292.0,11720.780437044747,0.2622901678657074,0.5161290322580645,1548.3870967741937
7.19,599,140359,66.0,54.0,54.0,297.0,652.0,97663.6708091672,0.15399287998750297,0.5843071786310517,2520.1668984700973
7.71,504,94739,60.0,54.0,54.0,256.0,472.0,54799.97354103678,0.18756267549137584,0.5793650793650794,2015.5642023346304
2.28,479,125836,112.0,54.0,60.0,301.0,617.8,137884.136732319,2.0309511766264423,0.4801670146137787,5710.526315789474
6.69,775,159390,83.0,54.0,60.0,305.5,511.0,44884.282289282004,1.5891812865497077,0.5096774193548387,3246.6367713004483
9.5,1453,297123,83.0,54.0,60.0,294.0,537.0,46704.60501352542,1.462665042146356,0.5154852030282174,4408.421052631579
0.09,9,1870,54.0,54.0,54.0,256.0,580.0,44247.50617283951,0.16875,0.5555555555555556,3333.3333333333335
5.07,310,65983,60.0,54.0,54.0,292.0,547.6000000000008,58828.625400624354,0.17727978303923492,0.5419354838709678,1881.6568047337278
8.4,1232,241750,103.5,54.0,54.0,292.0,472.0,41195.958822630295,0.9951637396012148,0.4967532467532468,4092.8571428571427
5.75,664,165896,83.0,54.0,54.0,309.0,543.7,167659.87607054727,1.754969526877792,0.5240963855421686,3339.1304347826085
8.85,1168,221417,83.0,54.0,54.0,292.0,364.0,54671.83594409717,0.9727805695142379,0.5128424657534246,3688.135593220339
1.42,694,550078,249.0,60.0,60.0,796.0,2974.0,1244241.7083191455,15.402123028297105,0.42363112391930835,12211.267605633804
0.01,1,328,328.0,328.0,328.0,328.0,328.0,0.0,0.0,0.0,0.0
8.25,564,102609,60.0,54.0,54.0,220.0,436.0,55881.770041119664,0.2681555269922879,0.5691489361702128,2123.6363636363635
1.83,547,154461,148.0,54.0,60.0,436.0,643.0,79493.49664615703,3.835065422901146,0.4460694698354662,7901.639344262295
3.11,173,34378,78.0,54.0,54.0,271.0,508.0,50065.02382304787,0.17761107114719282,0.5260115606936416,1639.871382636656
3.55,842,217706,112.0,54.0,60.0,339.25,688.0,96969.80955873642,1.9833774135639208,0.4691211401425178,6236.619718309859
8.73,645,157940,60.0,54.0,54.0,328.0,724.0,93475.29581154977,0.1467363682567342,0.5767441860465117,2281.786941580756
4.0,391,152177,60.0,54.0,54.0,585.0,1506.0,263702.8655751859,0.08236306606826603,0.5703324808184144,3015.0
3.09,722,525958,148.0,54.0,60.0,718.5,2958.0,1156158.8421052634,10.230499861208976,0.45290858725761773,6000.0
6.19,7712,12910606,1514.0,60.0,60.0,2974.0,2974.0,2869620.7737490935,6.623861862815901,0.3895228215767635,28836.833602584815
7.16,983,331475,161.0,54.0,60.0,510.0,848.2000000000003,161465.69650487587,1.6191134639696587,0.4547304170905392,3511.1731843575417
4.93,859,184440,83.0,54.0,60.0,297.0,456.0,61920.40410039016,1.9416737109044802,0.509895227008149,5038.5395537525355
2.84,364,57178,60.0,54.0,54.0,184.0,364.0,28779.482218331126,0.8838297311544544,0.5769230769230769,3950.7042253521126
7.63,877,217958,78.0,54.0,54.0,298.0,724.0,99617.40321584546,0.849955015362678,0.5393386545039909,3349.934469200524
8.38,705,152047,83.0,54.0,54.0,297.0,580.0,59288.953183441474,0.729693756825628,0.5304964539007092,2427.207637231503
4.69,432,84373,60.0,54.0,54.0,256.0,508.0,71421.42141953875,0.46516514430590766,0.6064814814814815,2865.6716417910443
1.34,107,30885,66.0,54.0,54.0,454.0,860.8000000000004,124796.24770722333,0.1139765554553652,0.5607476635514018,2462.686567164179
5.17,956,202233,112.0,54.0,60.0,303.75,547.0,52482.60816840566,1.9999554975375304,0.4780334728033473,4967.117988394584
8.9,595,148504,60.0,54.0,54.0,328.0,724.0,109162.30637384365,0.14890489489930914,0.5915966386554622,2029.2134831460673
4.31,660,160289,112.0,54.0,54.0,328.0,508.60000000000014,96970.9249288338,1.7427021662502995,0.47575757575757577,4259.8607888631095
0.99,292,367804,1514.0,54.0,60.0,1514.0,2974.0,1753665.486019891,1.0533943724877177,0.3595890410958904,5212.121212121212
7.58,1138,305991,112.0,54.0,60.0,328.0,755.0,105024.02453430153,1.9231364457054423,0.4903339191564148,4100.263852242744
2.61,194,41715,60.0,54.0,54.0,297.0,580.0,71682.4065522372,0.16897856242118536,0.5721649484536082,2390.8045977011498
8.35,861,204820,78.0,54.0,54.0,298.0,590.0,102445.46207378448,1.1203557046285082,0.5447154471544715,3010.7784431137725
8.35,1316,275005,91.0,54.0,60.0,297.0,523.0,50173.3053527545,1.6055463968317132,0.5015197568389058,4376.047904191617
7.16,686,286323,87.0,54.0,54.0,587.5,1494.0,278084.68760677957,0.07192916775860132,0.5043731778425656,2731.8435754189945
0.11,15,4496,60.0,54.0,54.0,310.0,954.3999999999997,198841.52888888886,0.09179213210296261,0.6666666666666666,4909.090909090909
2.07,323,246550,472.0,54.0,54.0,1514.0,1514.0,475165.0012939834,0.0292300499273632,0.39009287925696595,3536.2318840579715
9.2,5082,7462519,940.0,60.0,60.0,2974.0,2974.0,1955331.5248583986,33.73831236238543,0.39964580873671784,12978.260869565218
1.28,103,29352,78.0,54.0,54.0,238.0,573.5999999999998,311275.83410312,1.664729913753972,0.5533980582524272,2343.75
4.66,1033,300049,112.0,54.0,60.0,415.0,704.0,159514.79466473745,3.1013833073621475,0.46853823814133594,5806.866952789699
3.49,1216,316260,148.0,60.0,60.0,400.0,645.0,73172.08369762813,3.8963477883915716,0.41776315789473684,8406.876790830946
8.81,1237,277857,106.0,54.0,60.0,246.0,594.0,98028.80755001571,2.068005653335689,0.4987873888439774,3943.2463110102153
0.11,14,1296,83.0,54.0,55.5,104.75,173.20000000000005,2043.387755102041,1.2268041237113403,0.7142857142857143,3272.727272727273
5.96,420,86079,60.0,54.0,54.0,296.5,580.0,52439.290357142854,0.17751908292522775,0.55,2144.2953020134228
2.34,511,270972,83.0,54.0,60.0,508.0,1935.0,777958.7916636348,6.428367783321454,0.5048923679060665,6435.897435897436
3.2,502,92913,83.0,54.0,60.0,269.0,415.0,31110.022543292962,1.2570325025506486,0.50199203187251,4425.0
1.39,102,25884,60.0,54.0,54.0,391.0,760.0,93945.45444059974,0.14011364136898208,0.5784313725490197,2244.6043165467627
8.8,9435,17738185,1514.0,60.0,60.0,2974.0,2974.0,4128279.5119544114,8.514014225282084,0.3731849496555379,23529.545454545456
1.31,132,37134,80.5,54.0,54.0,373.0,788.8000000000004,137891.1108815427,0.1378581277769266,0.553030303030303,2931.297709923664
3.86,237,69132,60.0,54.0,54.0,472.0,976.0,139774.4393526678,0.11833314460423508,0.5738396624472574,1896.3730569948189
4.27,1090,323815,112.0,54.0,60.0,328.0,703.0,184611.51777207304,2.995151260918916,0.4596330275229358,6843.091334894614
9.6,1783,430312,112.0,54.0,60.0,301.0,560.799999999999,92102.41782976194,1.4634725808206004,0.4834548513740886,5056.25
1.79,147,21969,66.0,54.0,54.0,219.5,328.0,20164.655560183255,0.4726504893417348,0.5578231292517006,2513.9664804469276
1.01,73,11085,60.0,54.0,54.0,184.0,392.7999999999999,28220.182773503468,0.26990491465230837,0.6438356164383562,2198.0198019801983
9.84,1349,306868,83.0,54.0,54.0,300.0,552.0000000000016,63929.69355440512,1.4605935227281839,0.507783543365456,3865.853658536585
0.13,17,3273,60.0,54.0,54.0,400.0,486.40000000000003,35016.013840830456,0.17903458213256485,0.5294117647058824,4153.846153846154
8.18,1449,371291,112.0,54.0,60.0,364.0,580.0,82780.73009109824,2.351334518769914,0.47066942719116633,4716.381418092909
0.2,8,792,57.0,54.0,54.0,121.0,180.39999999999998,4605.0,0.375,0.625,1500.0
7.12,1543,404377,148.0,54.0,60.0,298.0,616.0,86327.91381393779,3.2673807513718867,0.4439403758911212,5477.52808988764
0.9,31,3387,60.0,54.0,54.0,148.0,220.0,6580.9011446409995,0.3256360078277887,0.5806451612903226,1133.3333333333333
7.68,531,98580,60.0,54.0,54.0,256.0,508.0,46016.62306489195,0.18875637608981394,0.6045197740112994,2187.5
0.77,49,9029,60.0,54.0,54.0,204.0,462.00000000000034,57489.66430653895,0.17918244743372078,0.5714285714285714,2025.9740259740258
5.84,772,198330,148.0,54.0,60.0,364.0,594.0,78030.2058377406,2.0827698764280718,0.4520725388601036,3431.506849315069
7.71,543,138816,60.0,54.0,54.0,328.0,752.8000000000004,109156.58215561185,0.12783347686907914,0.565377532228361,2163.4241245136186
2.76,516,143546,148.0,54.0,60.0,397.0,652.0,95795.59571239707,2.3997110579541956,0.45155038759689925,4847.826086956522
0.89,74,14192,83.0,54.0,54.0,328.0,472.0,32143.439737034332,0.3425409138208306,0.5675675675675675,2426.9662921348313
6.05,862,279592,112.0,54.0,54.0,433.0,760.0,226239.35590355357,1.7012936823087252,0.4767981438515081,3847.9338842975208
3.28,479,95858,83.0,54.0,60.0,269.0,364.0,84060.96654913465,1.6814176620325043,0.5281837160751566,4243.90243902439
2.08,519,134964,112.0,54.0,60.0,361.0,598.0,127676.55277490059,2.743177279786998,0.4682080924855491,6548.076923076924
3.59,248,56588,66.0,54.0,54.0,300.25,583.0000000000001,84783.13787721125,0.17348927875243664,0.5564516129032258,2089.1364902506966
1.93,137,36341,66.0,54.0,54.0,385.0,868.0,111105.25941712396,0.12611942611012983,0.5766423357664233,2145.077720207254
0.15,13,2454,54.0,54.0,54.0,184.0,472.0000000000001,48056.946745562134,0.18208092485549132,0.5384615384615384,2800.0
6.04,960,239120,98.0,54.0,54.0,328.0,652.0,82511.02430555556,1.4964242835517043,0.5,4460.264900662251
0.92,108,20161,60.0,54.0,60.0,266.25,473.0,55492.774605624145,2.00820650552074,0.6296296296296297,4043.478260869565
6.65,458,121922,60.0,54.0,54.0,364.0,688.0,126974.82687210389,0.12970238315851895,0.5502183406113537,2111.278195488722
3.18,230,57153,60.0,54.0,54.0,292.0,691.5999999999998,110610.81514177691,0.1372147163579203,0.5652173913043478,2226.4150943396226
1.51,153,30387,66.0,54.0,54.0,256.0,544.0,66115.11418685119,0.18889627919715168,0.5882352941176471,3059.6026490066224
0.64,39,7201,60.0,54.0,54.0,261.0,517.4000000000001,38574.58908612754,0.19916736053288925,0.6410256410256411,1875.0
8.69,1398,293933,83.0,54.0,60.0,266.0,481.0,78318.107200456,1.4262908085352264,0.5178826895565093,4639.81588032221
5.21,395,81625,62.0,54.0,54.0,282.0,580.0,58977.018682903385,0.2937251359104813,0.5721518987341773,2280.2303262955857
9.11,1005,211668,78.0,54.0,54.0,297.0,436.0,68033.44674240737,0.8698916941995442,0.5333333333333333,3299.67069154775
8.1,631,145551,62.0,54.0,54.0,297.0,652.0,86284.84962113315,0.14651322163669447,0.5927099841521395,2377.7777777777783
5.03,1222,471392,263.0,54.0,60.0,527.0,940.0,229939.2490591207,4.113487948278481,0.4247135842880524,5821.0735586481105
1.66,293,82094,112.0,54.0,60.0,297.0,932.8,136479.01722792344,2.9112868645480967,0.4948805460750853,4915.6626506024095
7.75,553,127388,60.0,54.0,54.0,299.0,652.0,79160.2804822618,0.15766228337225893,0.566003616636528,2175.4838709677415
8.77,778,215609,66.0,54.0,54.0,449.25,724.0,120803.20997911727,0.1243455497382199,0.5411311053984575,2688.711516533637
2.77,222,55773,60.0,54.0,54.0,428.0,720.8000000000002,99152.16794497201,0.1276840955962635,0.5945945945945946,2469.3140794223827
7.82,1195,271437,112.0,54.0,60.0,303.0,544.0,63992.76756779469,1.5004790242644215,0.497907949790795,4196.93094629156
3.4,487,103478,105.0,54.0,54.0,292.0,509.40000000000003,55284.00321289882,1.4084254625858257,0.49691991786447637,4058.823529411765
4.38,274,54727,78.0,54.0,54.0,289.75,569.2000000000006,47764.2392375726,0.17867373091253688,0.5364963503649635,1863.013698630137
3.97,1127,279740,184.0,54.0,60.0,300.0,565.0,69740.31514909116,2.712147349982749,0.43744454303460517,7148.614609571789
0.99,40,5232,69.0,54.0,54.0,224.25,259.6,9475.560000000001,0.2723735408560311,0.55,1212.121212121212
2.27,141,21012,78.0,54.0,54.0,184.0,328.0,27155.453448015694,0.2650210716435882,0.5602836879432624,1823.7885462555064
4.2,248,49731,78.0,54.0,54.0,292.0,544.0,50557.31371943289,0.17074721032063656,0.5766129032258065,1728.5714285714284
4.44,567,198223,91.0,54.0,60.0,455.0,957.0,289787.8591180414,2.210401010624514,0.5008818342151675,3621.621621621621
1.8,688,224033,112.0,54.0,60.0,292.0,716.0,319351.5908240096,4.902906226121782,0.4622093023255814,10166.666666666666
3.78,1022,289248,148.0,54.0,60.0,419.0,760.0,80881.0347616622,3.6510371442354077,0.4207436399217221,6396.825396825397
1.41,89,11195,66.0,54.0,54.0,148.0,256.0,15454.909481126118,0.28989514921073856,0.5730337078651685,1914.8936170212767
3.26,233,46143,66.0,54.0,54.0,220.0,616.0,58058.1573062683,0.18931388215887418,0.5407725321888412,2171.7791411042945
0.02,4,332,83.0,62.7,75.75,90.25,103.30000000000001,420.5,0.7025641025641025,0.75,3000.0
1.7,299,61815,78.0,54.0,60.0,292.0,518.1999999999999,50049.54398720372,1.9631848904654619,0.5083612040133779,5152.941176470588
3.03,1164,1058757,292.0,54.0,60.0,1506.0,2974.0,1323436.4575428667,15.825429870006039,0.42783505154639173,9524.752475247526
6.13,883,178016,106.0,54.0,60.0,310.0,436.0,44525.51219524708,1.8447512664397463,0.49263873159682897,3973.8988580750406
3.41,248,63983,60.0,54.0,54.0,298.5,544.0,222743.1653063215,0.6485365350922395,0.5645161290322581,2287.3900293255133
4.3,743,144632,78.0,54.0,60.0,266.0,457.0,56406.52335209375,1.0919018209693516,0.5181695827725438,5106.976744186046
4.71,349,70914,60.0,54.0,54.0,292.0,581.9999999999999,56355.24394709404,0.3292221180880975,0.5873925501432665,2280.2547770700635
3.68,646,192475,112.0,54.0,60.0,453.5,741.0,114051.79460408901,2.142295071261816,0.46594427244582043,4711.95652173913
1.7,126,28214,70.0,54.0,54.0,283.0,562.0,96321.00957420007,0.3841248037676609,0.5952380952380952,2223.529411764706
9.13,2104,594205,148.0,54.0,60.0,328.0,598.0,164488.8514469542,3.677195910046205,0.4448669201520912,5796.2760131434825
5.5,826,246366,220.0,54.0,60.0,496.0,741.0,81961.83591391168,2.930912340045314,0.43099273607748184,3600.0000000000005
0.9,58,12951,83.0,54.0,54.0,321.25,616.0,53929.241676575504,0.16340280273086596,0.5172413793103449,1866.6666666666665
5.71,770,301893,83.0,54.0,54.0,436.0,833.2000000000003,494426.947210322,3.48924875089222,0.5181818181818182,3835.3765323993
5.4,380,74665,60.0,54.0,54.0,256.0,548.5000000000008,66501.26561634349,0.17677189553814876,0.5815789473684211,2166.6666666666665
0.25,18,4264,71.5,54.0,54.0,454.0,557.8000000000001,71195.98765432098,0.13736996532408643,0.6111111111111112,2160.0
4.09,572,140827,112.0,54.0,60.0,339.0,580.0,68916.9927961025,2.2486043829296425,0.4825174825174825,3799.5110024449878
7.38,1301,313730,148.0,54.0,60.0,309.0,583.0,72576.44392269648,2.367213325891899,0.4642582628747118,4577.235772357723
9.84,1578,383719,112.0,54.0,60.0,328.0,592.0,99380.70880701214,1.792470817686956,0.49493029150823825,4426.829268292683
1.22,125,18072,60.0,54.0,54.0,184.0,328.0,33640.804224,0.23594583504308575,0.648,3393.44262295082
2.61,713,203041,148.0,54.0,60.0,339.0,744.0,129706.76336283292,3.8140218602555898,0.4544179523141655,7080.459770114943
3.89,302,50226,60.0,54.0,54.0,220.0,400.0,32103.777290469712,0.23478218113875504,0.6059602649006622,2529.5629820051413
9.45,1257,274712,112.0,54.0,60.0,320.0,523.0,54597.86922810622,2.0752490764580767,0.47494033412887826,3631.746031746032
5.07,536,157469,91.0,54.0,54.0,364.0,724.0,169678.61628076964,2.1251289989680084,0.5018656716417911,2923.076923076923
7.82,857,219756,91.0,54.0,54.0,298.0,566.0,146409.7589213138,2.0464545643584944,0.5017502917152858,3107.4168797953967
0.35,22,3368,70.0,54.0,54.0,247.0,364.0,19669.99173553719,0.20328688817434798,0.6363636363636364,1885.714285714286
6.24,1003,257378,112.0,54.0,60.0,323.0,616.0,87740.67299397918,1.963545504789978,0.4745762711864407,4355.7692307692305
4.22,473,99927,83.0,54.0,54.0,298.0,508.0,80396.48941353156,1.2325565807993923,0.5264270613107822,3156.398104265403
3.62,477,92239,78.0,54.0,54.0,278.0,472.0,71575.22762373151,1.510177978555489,0.5450733752620545,3944.7513812154693
7.45,799,163308,83.0,54.0,54.0,297.0,508.0,57044.233000888154,1.2242985562517026,0.5256570713391739,3068.456375838926
0.06,14,3280,80.0,54.0,54.0,346.0,472.0,62546.77551020408,0.1302549965541006,0.5,7000.0
0.75,40,6953,60.0,54.0,54.0,301.0,436.0,26018.194375,0.19201097205554604,0.6,1840.0
9.7,1357,470323,112.0,54.0,60.0,447.0,832.0,254233.42239616739,3.0726953118234874,0.47531319086219603,3729.896907216495
7.5,1075,225649,112.0,54.0,60.0,298.0,508.0,52503.458149486214,1.5581756549933679,0.48,3808.0
7.21,500,97323,60.0,54.0,54.0,256.0,544.0,57082.520684,0.18389168673819428,0.616,2138.6962552011096
8.15,544,107196,60.0,54.0,54.0,292.0,544.0,54824.61132136678,0.17924798134254472,0.5900735294117647,2076.0736196319017
8.17,837,168828,60.0,54.0,54.0,256.0,482.0,65859.62688043578,0.7516730475923677,0.5519713261648745,3135.8629130966956
7.2,512,111848,60.0,54.0,54.0,256.0,590.0,86930.41577148438,0.16038137131830396,0.6015625,2200.0
1.79,127,32295,60.0,54.0,54.0,364.0,706.6,94081.98598797196,0.14757302252860494,0.5196850393700787,2145.2513966480446
2.89,502,107238,78.0,54.0,60.0,298.0,544.0,58755.58184790717,1.591103486602073,0.5159362549800797,5128.027681660899
6.49,436,81179,62.0,54.0,54.0,292.0,472.0,43653.66788885616,0.43822195450357876,0.5802752293577982,2070.8782742681046
1.58,95,16324,60.0,54.0,54.0,220.0,402.40000000000055,46999.90847645427,0.41284403669724773,0.5684210526315789,1860.759493670886
7.11,1293,309419,112.0,54.0,60.0,328.0,544.0,78674.50360170087,2.492274353562601,0.47409126063418405,4911.39240506329
5.95,1306,317467,148.0,54.0,60.0,328.0,593.0,66645.84831757772,3.087540396822331,0.45329249617151607,5677.310924369748
9.76,1005,253616,83.0,54.0,54.0,400.0,580.0,123207.23571594761,1.0141361838656904,0.5064676616915423,2926.2295081967213
9.82,1227,278105,78.0,54.0,54.0,268.0,541.0,123362.55540610642,1.2699669428233278,0.530562347188264,3635.437881873727
3.95,265,53706,60.0,54.0,54.0,292.0,544.0,58531.72494126024,0.18017008372338322,0.5924528301886792,2050.632911392405
9.14,1648,850074,147.0,54.0,60.0,542.0,1336.0,669630.3189022881,4.545889874739039,0.46601941747572817,4719.912472647702
7.53,841,203054,80.0,54.0,54.0,364.0,672.0,82056.57261258255,1.0745622100982857,0.5279429250891795,3274.9003984063743
8.0,1032,277449,112.0,54.0,54.0,328.0,652.0,100459.40358808814,1.2350225960028034,0.4874031007751938,3510.0
3.77,711,220786,148.0,54.0,60.0,400.0,760.0,125300.9383388623,1.9503828524848663,0.4388185654008439,4742.705570291777
4.36,414,75286,78.0,54.0,54.0,292.0,403.0,47916.552451632466,0.9278891705718163,0.5603864734299517,2807.339449541284
2.83,226,43422,78.0,54.0,54.0,292.0,501.0,40409.15937035007,0.3284586673193416,0.5575221238938053,2374.558303886926
6.87,506,114351,60.0,54.0,54.0,309.25,616.0,78933.95049524285,0.15968764261447188,0.5770750988142292,2235.8078602620085
0.62,55,13429,83.0,54.0,54.0,286.0,817.6,97615.62776859506,0.1639941059200832,0.6,2516.1290322580644
1.67,445,109488,112.0,54.0,60.0,298.0,605.6000000000006,84118.73993687665,1.9222515813916246,0.48089887640449436,7437.125748502995
5.42,703,173660,106.0,54.0,54.0,400.0,725.0,72244.30510168774,1.5006119774792288,0.49786628733997157,3642.0664206642064
6.05,789,232004,112.0,54.0,54.0,328.0,833.0000000000002,158862.74546240206,2.3178028515451827,0.4955640050697085,3619.8347107438017
4.62,803,352099,184.0,54.0,60.0,436.0,1110.6000000000001,528538.3068629625,6.465260256546168,0.43212951432129515,4181.818181818182
8.64,900,187558,83.0,54.0,54.0,301.0,508.0,48049.1906617284,0.8469522402757262,0.5155555555555555,2909.7222222222217
9.26,1499,464916,112.0,54.0,60.0,364.0,688.0,206790.87520121265,3.107793848682176,0.46897931954636424,4302.375809935205
4.82,272,38843,60.0,54.0,54.0,187.5,328.0,16097.656885272494,0.24917189258723269,0.5514705882352942,1717.842323651452
3.1,173,30559,60.0,54.0,54.0,256.0,436.0,31048.06809449029,0.190594927338606,0.5722543352601156,1761.2903225806451
0.59,35,6086,62.0,54.0,54.0,130.0,542.8000000000002,42918.04408163265,0.19099804305283757,0.6857142857142857,1830.5084745762713
7.22,1273,348104,106.0,54.0,60.0,297.0,644.7999999999984,160702.3356471868,3.270009690516787,0.49725058915946585,4952.908587257618
1.73,136,19801,60.0,54.0,54.0,193.0,365.0,23925.034980536333,0.24848675914249685,0.6544117647058824,2462.42774566474
3.77,831,242959,112.0,54.0,60.0,292.0,616.0,192114.20407176192,4.257259704851344,0.4741275571600481,6047.745358090186
6.96,924,184632,112.0,54.0,60.0,297.0,364.0,48089.969106650926,1.8342569424189858,0.4696969696969697,3603.448275862069
6.96,1138,250487,83.0,54.0,60.0,292.0,481.10000000000116,125685.13077934031,2.5464675067251874,0.5043936731107206,4706.896551724138
5.56,1386,260175,112.0,54.0,60.0,256.0,364.0,37426.90300500366,2.643448304835525,0.461038961038961,6571.942446043166
9.97,1422,392994,112.0,54.0,60.0,358.25,671.1000000000054,145347.4179885702,2.7286312014345486,0.4781997187060478,3779.338014042126
3.19,243,72682,83.0,54.0,54.0,367.0,647.6000000000003,166469.3104032244,0.10968273840422609,0.51440329218107,2144.2006269592475
1.92,156,35028,60.0,54.0,54.0,292.0,634.0,85359.5818540434,0.16152137148920648,0.5833333333333334,2500.0
5.98,442,104687,60.0,54.0,54.0,328.0,688.0,94923.2055291661,0.14793411991754024,0.5859728506787331,2267.5585284280937
4.54,663,153147,112.0,54.0,60.0,301.0,580.0,66498.46748974563,1.7121504595604513,0.4917043740573152,4136.563876651982
7.55,561,140195,60.0,54.0,54.0,364.0,724.0,105554.27024570967,0.14383271053962762,0.5935828877005348,2288.7417218543046
4.24,320,74555,60.0,54.0,54.0,292.0,654.8000000000006,87365.77788085937,0.1744828998566455,0.5625,2278.301886792453
8.34,1043,272957,83.0,54.0,54.0,364.0,688.0,107751.97646732221,1.4603576643651637,0.5311601150527325,3633.0935251798564
4.96,448,102460,78.0,54.0,54.0,297.25,570.2000000000002,82931.7747927296,0.9454307251219929,0.53125,2685.483870967742
4.78,606,94002,63.0,54.0,60.0,223.0,309.0,23481.09809495801,1.2939626140856069,0.5429042904290429,3828.451882845188
2.62,168,34178,60.0,54.0,54.0,292.0,580.0,55602.186933106575,0.15310391363022943,0.5714285714285714,1992.3664122137404
9.03,670,175950,60.0,54.0,54.0,297.0,724.0,163857.74791713076,0.3243861682749484,0.573134328358209,2245.8471760797343
9.38,1735,924538,83.0,54.0,60.0,489.0,2110.0,774484.6927143318,3.2081072716017913,0.5112391930835735,5328.358208955223
5.32,696,146081,78.0,54.0,60.0,292.0,446.0,115533.53453023847,1.9177102682405576,0.5344827586206896,3879.6992481203006
3.45,1122,1079699,1514.0,54.0,54.0,1514.0,1514.0,481825.53028317145,0.02333765529686961,0.30124777183600715,5617.391304347826
7.02,9500,17288533,1514.0,60.0,60.0,2974.0,2974.0,4509212.961733087,17.067400571224937,0.39810526315789474,31991.452991452992
3.7,555,340339,60.0,54.0,60.0,436.0,2854.0,1055031.6257576498,5.1680198629888725,0.6072072072072072,4864.864864864865
9.17,3237,2487889,148.0,54.0,60.0,703.0,2974.0,1251977.2478346168,12.858252935540651,0.41427247451343835,8512.540894220285
0.97,129,67989,60.0,54.0,60.0,328.0,2961.2,933140.168379304,3.8432112836586407,0.627906976744186,4824.742268041237
7.92,928,248863,97.0,54.0,54.0,328.0,590.0,118968.68292838697,1.092375859691604,0.5,3272.7272727272725
0.72,40,6582,69.0,54.0,54.0,193.0,472.0,28628.1975,0.2355922658156561,0.6,1666.6666666666667
1.77,136,27462,60.0,54.0,54.0,328.0,526.0,52491.774005190295,0.1971229293809939,0.5808823529411765,2338.9830508474574
8.65,1154,322216,112.0,54.0,60.0,400.0,688.0,153705.80575438004,2.7427808107794167,0.475736568457539,3586.127167630058
9.61,1271,306634,83.0,54.0,54.0,328.0,580.0,79019.60260882322,1.2039387623086322,0.5066876475216365,3733.610822060354
6.4,665,164264,78.0,54.0,54.0,328.0,652.0,93801.95921533155,0.6775840763095274,0.5428571428571428,3056.25
1.84,119,32009,66.0,54.0,54.0,454.0,767.2,95533.61316291221,0.1290652557319224,0.5294117647058824,1956.5217391304348
2.92,619,199244,266.0,54.0,60.0,479.0,714.0,110147.89847087779,1.9411313179026926,0.4394184168012924,5363.013698630138
8.0,1398,394780,146.5,54.0,60.0,417.0,662.0,105730.21910925275,2.0552653370790863,0.4663805436337625,4515.0
3.09,184,30703,66.0,54.0,54.0,245.75,400.0,28981.87827859168,0.2689287485534799,0.5543478260869565,1805.8252427184466
5.38,364,81546,60.0,54.0,54.0,293.25,652.0,81657.75748701848,0.1585213388645792,0.6071428571428571,2074.349442379182
9.02,959,195384,83.0,54.0,54.0,298.0,508.0,56740.71718563285,0.9020842865626308,0.516162669447341,2986.69623059867
0.33,118,14224,60.0,54.0,60.0,112.0,298.0,9568.73972996266,1.2364779874213836,0.6101694915254238,12909.090909090908
8.18,1375,238043,83.0,54.0,60.0,256.0,406.0,30936.744344330575,1.5518368834621528,0.5163636363636364,4863.080684596577
8.48,824,255348,60.0,54.0,54.0,364.0,940.0,227888.12831086814,0.48136889187981874,0.5655339805825242,2978.7735849056603
9.31,989,267717,74.0,54.0,54.0,328.0,832.0,132703.69442021998,0.5165180645088199,0.538928210313448,3164.3394199785175
6.16,1162,351327,112.0,54.0,60.0,416.0,669.0000000000009,141564.97696490408,2.379996728976458,0.4793459552495697,5103.896103896103
8.29,949,157069,60.0,54.0,54.0,184.0,400.4000000000001,41233.75674910421,0.6493127382314954,0.5669125395152792,3582.6296743063936
6.96,1228,495188,117.0,54.0,60.0,403.5,1078.0,415799.9126568982,4.47865243126625,0.46498371335504884,4706.896551724138
7.83,507,86598,60.0,54.0,54.0,220.0,400.0,39368.251811911345,0.2138772077375946,0.5700197238658777,1977.0114942528735
1.94,138,35835,60.0,54.0,54.0,445.0,806.8,90815.2052614997,0.1309411096383261,0.5869565217391305,2257.7319587628867
5.67,807,203531,123.0,54.0,54.0,364.0,635.1999999999999,71758.32024924415,1.6347737158243578,0.4684014869888476,3820.10582010582
9.39,1052,316893,103.0,54.0,54.0,472.0,835.0,128908.8838307262,1.196557795214462,0.49809885931558934,3067.0926517571884
3.72,924,282893,220.0,54.0,60.0,390.0,937.0,107965.08763305598,4.013877565488639,0.4134199134199134,5741.935483870967
7.78,988,273581,83.0,54.0,54.0,375.0,698.2000000000023,129897.73468156336,1.2480874316939892,0.5192307692307693,3593.830334190231
2.83,186,38824,60.0,54.0,54.0,292.0,562.0,60561.90623193433,0.16166482151940398,0.5698924731182796,2035.3356890459363
2.32,125,25725,78.0,54.0,54.0,256.0,472.0,63340.72,0.1849378166743436,0.568,1603.448275862069
3.21,660,218004,148.0,54.0,60.0,400.0,724.0,249677.3256749311,2.259677925806307,0.45151515151515154,5439.252336448598
6.18,788,191190,83.0,54.0,54.0,298.0,656.8000000000011,101868.07145893993,1.3949642991356632,0.5228426395939086,3669.9029126213595
7.03,753,289027,83.0,54.0,54.0,378.0,832.0,492766.8741695457,2.6666920393276246,0.5325365205843293,3115.2204836415362
2.36,464,120657,98.5,54.0,60.0,400.0,688.6999999999998,83631.65598524822,2.3192209292729222,0.5,5542.372881355933
6.52,1193,235170,112.0,54.0,60.0,292.0,400.0,67441.77400721869,2.1114962755189794,0.48700754400670576,4941.717791411043
4.33,257,48761,60.0,54.0,54.0,292.0,472.0,45533.17694438978,0.1887128230131643,0.5758754863813229,1829.0993071593532
9.74,1312,378660,106.0,54.0,54.0,379.5,688.0,172420.00099457166,1.7416085029974804,0.49771341463414637,3689.9383983572898
8.7,996,304550,83.0,54.0,54.0,400.0,725.0,200861.98064144127,1.817820133234641,0.5190763052208835,3234.4827586206898
4.0,551,173779,91.0,54.0,60.0,364.0,868.0,199372.15405746357,2.262720138184822,0.5027223230490018,3915.0
3.72,981,476854,148.0,54.0,60.0,508.0,1336.0,597590.7768664773,5.827708652510703,0.44954128440366975,6790.322580645161
9.14,1163,276812,83.0,54.0,54.0,340.0,590.0,80485.6523829838,1.2054272830122537,0.5176268271711092,3649.8905908096276
8.37,1648,490403,184.0,54.0,60.0,418.0,775.0,101903.11942947909,3.248929976260202,0.4368932038834951,4845.878136200718
4.9,405,74181,60.0,54.0,54.0,256.0,400.0,57298.31912208504,0.6101102621982983,0.562962962962963,2546.938775510204
4.48,481,102158,78.0,54.0,54.0,292.0,580.0,57398.57396017479,1.0787058703835588,0.5218295218295218,3187.4999999999995
3.21,212,30735,60.0,54.0,54.0,184.0,325.3000000000002,20285.409821110716,0.31217179695171415,0.5707547169811321,2000.0
7.26,756,197098,148.0,54.0,60.0,421.75,652.0,63230.522668738275,2.329189399185852,0.45634920634920634,2710.7438016528927
0.29,31,7122,78.0,54.0,54.0,400.0,652.0,61317.352757544206,0.13879117364886473,0.5161290322580645,3103.4482758620693
8.47,1090,237825,87.0,54.0,54.0,292.0,544.0,58250.82609628819,1.1261141258191116,0.5100917431192661,3577.3317591499404
1.3,327,99417,83.0,54.0,60.0,382.0,698.0000000000009,236868.83410487327,2.260001311647429,0.5137614678899083,7153.846153846153
2.12,151,18008,60.0,54.0,54.0,148.0,263.0,9715.251173194156,0.31014914514368863,0.6291390728476821,2235.8490566037735
5.94,764,214145,112.0,54.0,60.0,361.0,580.0,193010.23394883634,2.3898184350909406,0.49476439790575916,3585.8585858585857
1.87,111,26984,74.0,54.0,54.0,364.0,688.0,87247.90909828746,0.14431109791781518,0.6036036036036037,1764.705882352941
4.75,1122,262108,112.0,54.0,60.0,297.0,544.0,93002.27580301283,2.3700803600128575,0.47058823529411764,6341.0526315789475
2.53,141,29567,62.0,54.0,54.0,328.0,590.0,55059.9991952115,0.15862690544300326,0.5531914893617021,1683.7944664031622
3.08,733,151360,112.0,54.0,60.0,266.0,389.0,66124.41640160137,1.7314397083769444,0.4747612551159618,6623.376623376623
4.85,558,119685,83.0,54.0,60.0,297.0,436.0,107261.4004220141,1.4927623768562681,0.5376344086021505,3377.3195876288664
2.31,368,59926,112.0,54.0,60.0,267.5,328.0,16112.295811672968,2.059478225353551,0.49728260869565216,4389.61038961039
7.08,1061,266845,112.0,54.0,60.0,415.0,542.0,106388.15385339706,2.8545262823383264,0.46842601319509897,3966.101694915254
0.63,67,12517,83.0,54.0,54.0,184.0,580.0,46684.5350857652,0.20297933685728015,0.5671641791044776,2857.142857142857
3.15,555,151987,83.0,54.0,60.0,409.0,715.0,99748.9415988962,2.080588604900987,0.5171171171171172,4857.142857142857
3.64,662,302446,112.0,54.0,60.0,328.0,1514.0,671678.353930687,3.091309994047941,0.49697885196374625,5192.307692307692
7.64,2132,1020733,123.0,54.0,60.0,398.0,2374.6000000000167,723365.0975950756,7.960479304744766,0.4451219512195122,7154.450261780105
4.4,334,73568,69.0,54.0,54.0,307.25,580.0,69979.4635160816,0.19109528049866428,0.5688622754491018,2277.2727272727275
7.47,434,95229,60.0,54.0,54.0,292.0,590.0,73818.84294102657,0.1478490411388209,0.5714285714285714,1815.261044176707
2.28,411,79794,80.0,54.0,60.0,256.0,400.0,60797.4920702577,1.5580739268425607,0.5328467153284672,5394.736842105263
1.51,119,24895,112.0,54.0,54.0,364.0,436.0,40316.42991314172,0.727859522487507,0.46218487394957986,2105.9602649006624
6.98,1239,297333,112.0,54.0,60.0,344.0,544.0,65727.48540082508,2.8841164713720264,0.4794188861985472,4865.329512893983
4.82,971,187820,112.0,54.0,60.0,220.0,472.0,44215.246053152114,2.504169853915185,0.4624098867147271,5278.008298755186
0.75,435,114529,112.0,60.0,60.0,274.0,303.0,308595.89575373236,4.373668652934828,0.4781609195402299,16480.0
5.8,564,90505,72.0,54.0,54.0,256.0,379.39999999999975,32005.1888077813,1.1163829389205875,0.549645390070922,2917.241379310345
0.5,34,6736,60.0,54.0,54.0,310.0,569.1999999999999,44898.86851211073,0.16278266873813224,0.5588235294117647,2160.0
3.44,227,49928,60.0,54.0,54.0,266.0,616.0,87593.20425391528,0.17050756066111827,0.5726872246696035,2023.2558139534883
6.24,996,257073,83.0,54.0,60.0,387.0,710.0,104927.37141638846,1.9596928319786318,0.5130522088353414,4653.846153846153
9.07,1218,283585,112.0,54.0,60.0,364.0,552.0,53915.1093079721,1.7697634442208896,0.48686371100164205,3664.8291069459756
1.77,111,17508,78.0,54.0,54.0,220.0,379.0,23261.44046749452,0.44610555876765506,0.5405405405405406,1864.4067796610168
7.17,701,171200,112.0,54.0,54.0,400.0,580.0,59590.77215960082,1.564832431946546,0.48787446504992865,2702.928870292887
9.43,908,191745,83.0,54.0,54.0,300.25,544.0,46355.60776819849,1.1706571574121243,0.5066079295154186,2646.8716861081657
6.59,750,218735,112.0,54.0,54.0,364.0,796.0,123395.92182222223,1.00982238842998,0.49333333333333335,3150.2276176024284
5.12,706,183338,112.0,54.0,54.0,298.0,632.0,114833.24389891583,1.7143089791990525,0.49291784702549574,3796.875
3.19,246,73526,78.0,54.0,54.0,295.0,976.0,185617.2146870249,0.11340612081106047,0.5528455284552846,2275.862068965517
3.77,838,234133,148.0,54.0,60.0,300.0,712.0,149744.914390155,4.4243912610337555,0.4307875894988067,5538.461538461538
0.61,34,4898,69.0,54.0,54.0,256.0,292.0,13790.17301038062,0.24885262621111678,0.5588235294117647,1672.1311475409836
6.72,819,152565,83.0,54.0,54.0,269.0,455.20000000000005,34739.286747440594,0.9937924725561944,0.525030525030525,3446.4285714285716
1.83,281,91098,148.0,54.0,60.0,436.0,796.0,161844.15524119503,2.099625723035046,0.4128113879003559,3672.1311475409834
9.74,1040,225080,83.0,54.0,54.0,297.0,544.0,68181.06331360947,1.3452429329082138,0.5278846153846154,3049.281314168378
9.68,892,200812,78.0,54.0,54.0,300.0,590.0,74314.41248567234,0.5349196279112429,0.5448430493273543,2745.8677685950415
2.69,450,113834,112.0,54.0,60.0,436.0,587.0,68137.9409580247,2.193278725314183,0.4777777777777778,4594.795539033457
1.36,362,64660,112.0,54.0,60.0,184.0,457.0,33730.04804493147,2.0835995994086507,0.4972375690607735,7191.176470588235
0.3,23,3277,83.0,54.0,57.0,184.0,342.4000000000001,13955.814744801512,0.349670510708402,0.5217391304347826,2000.0
0.36,48,14116,71.5,54.0,54.0,328.0,1078.0,146236.0763888889,0.11650715811120778,0.5625,4000.0
9.39,1294,453304,112.0,54.0,60.0,364.0,1267.0,263625.44193746435,3.633920448156364,0.482225656877898,3712.4600638977636
3.36,532,113389,112.0,54.0,60.0,309.0,544.0,39988.411622335916,2.0467809544282027,0.4849624060150376,4303.571428571428
5.93,581,110512,78.0,54.0,54.0,282.0,508.0,46249.632327194195,0.9021980480919841,0.5490533562822719,2934.232715008432
4.15,232,39538,60.0,54.0,54.0,220.0,436.0,36623.0715665874,0.33750549710767563,0.5689655172413793,1720.4819277108434
6.61,1008,217367,112.0,54.0,60.0,298.0,541.0,55986.03542985482,1.3779605946898008,0.49503968253968256,4293.494704992435
4.09,297,53860,60.0,54.0,54.0,220.0,508.0,42513.72821367434,0.2148963526041549,0.5858585858585859,2229.8288508557457
0.83,37,10168,60.0,54.0,54.0,472.0,752.8,103793.61285609934,0.09924324324324324,0.5135135135135135,1373.4939759036145
3.31,232,51181,60.0,54.0,54.0,277.75,684.4000000000002,78251.67804325208,0.1583867098205192,0.6422413793103449,2265.861027190332
1.79,93,16551,60.0,54.0,54.0,184.0,472.0,41510.246271245225,0.21341642228739002,0.5483870967741935,1608.9385474860335
3.33,190,33744,60.0,54.0,54.0,256.0,436.0,38265.67157894736,0.21189484269501507,0.5631578947368421,1747.7477477477478
1.57,94,20003,63.0,54.0,54.0,286.5,508.0,62652.22510185604,0.14873944753919485,0.5106382978723404,1834.3949044585986
3.58,535,127278,83.0,54.0,60.0,313.0,529.6000000000008,120223.45971176522,2.099654181481662,0.5196261682242991,4324.022346368715
2.28,139,21182,62.0,54.0,54.0,184.0,364.0,26412.467781170744,0.3039088950446291,0.5467625899280576,1842.1052631578948
9.14,575,124214,66.0,54.0,54.0,292.0,590.0,74162.60462457468,0.21869235901259762,0.5669565217391305,1897.155361050328
6.29,880,254702,106.0,54.0,60.0,325.0,881.0,164017.7752014463,2.348830482401357,0.4965909090909091,3863.275039745628
4.38,584,145013,91.0,54.0,54.0,328.0,472.0,184407.10770958432,2.2622379195536757,0.5034246575342466,3780.8219178082195
9.81,639,127393,66.0,54.0,54.0,292.0,544.0,56925.908870716914,0.1814244644347584,0.5805946791862285,1981.6513761467888
7.34,883,290191,112.0,54.0,54.0,436.0,832.0,199485.08597145783,1.2988339116244434,0.4960362400906002,3343.324250681199
5.29,593,140793,83.0,54.0,54.0,364.0,590.0,66369.91384590884,1.0433804533975792,0.5059021922428331,3017.0132325141776
7.04,659,145379,60.0,54.0,54.0,297.0,590.0,80723.01277744133,0.8263922913604442,0.5508345978755691,2889.2045454545455
7.7,942,232202,83.0,54.0,54.0,328.0,684.3999999999992,83447.04193093251,1.3001456151994533,0.5063694267515924,3358.4415584415588
9.67,1323,253410,83.0,54.0,57.0,292.0,436.0,51595.5301751842,1.236332347879804,0.527588813303099,3952.4301964839715
5.53,2542,3093628,251.0,54.0,60.0,2938.0,2974.0,2283271.1077588103,4.937375610074408,0.4366640440597954,11728.752260397829
3.51,910,1270482,275.0,54.0,60.0,2974.0,2974.0,2411677.107301051,16.434193734304888,0.4593406593406593,6888.88888888889
0.35,42,28951,60.0,54.0,60.0,490.0,2854.0,1191026.3089569162,6.604675597583399,0.5714285714285714,4114.285714285715
9.84,1542,439809,78.0,54.0,60.0,320.75,719.3000000000006,194419.92507961264,1.5708248332622152,0.5252918287937743,4567.073170731707
3.86,519,157291,78.0,54.0,60.0,379.0,724.2,244066.3001399609,2.1785591593412144,0.5375722543352601,4010.362694300519
8.68,1796,566155,148.0,54.0,60.0,366.0,789.0,208129.01843337828,2.6780507769866433,0.44265033407572385,5142.857142857143
2.27,181,31109,60.0,54.0,54.0,256.0,472.0,31436.309819602582,0.2144362898188632,0.574585635359116,2458.1497797356824
0.05,5,906,106.0,54.0,54.0,148.0,385.6,34148.159999999996,0.3092485549132948,0.4,2400.0
5.04,829,293487,133.0,54.0,60.0,436.0,897.0,327027.7448347814,4.36588353597221,0.4632086851628468,4273.809523809524
9.21,523,120529,60.0,54.0,54.0,328.0,616.0,78262.07224096898,0.1403148593161649,0.5717017208413002,1765.4723127035827
3.92,769,185496,112.0,54.0,60.0,328.0,508.0,73245.23632434334,1.7542502487045093,0.48244473342002603,5357.142857142858
7.87,742,170850,60.0,54.0,54.0,298.0,652.0,73670.95868963463,0.6893094447081158,0.5431266846361186,2851.33418043202
4.29,1276,294799,112.0,54.0,60.0,298.0,511.0,55568.277077539526,3.0907942939609234,0.4427899686520376,7664.335664335665
1.57,112,19510,60.0,54.0,54.0,220.0,298.0,56610.51498724489,0.5470620886527635,0.5625,2254.7770700636943
5.95,472,110437,66.0,54.0,54.0,292.0,625.9000000000003,105208.02276195776,0.18342263180454352,0.5783898305084746,2400.0
2.05,156,48026,60.0,54.0,54.0,436.0,812.0,168729.58267587112,0.1116100361077678,0.5448717948717948,2312.19512195122
6.01,1177,259131,91.0,54.0,60.0,269.0,519.0000000000009,86324.97706465395,1.68215457547121,0.5012744265080714,5570.715474209651
2.34,184,28123,72.0,54.0,54.0,220.0,374.5000000000002,22171.078420368616,0.33328592424026926,0.5815217391304348,2358.974358974359
7.53,479,107530,60.0,54.0,54.0,328.0,616.0,71108.99308318914,0.15906567643603203,0.5657620041753654,1984.0637450199204
6.68,457,98332,60.0,54.0,54.0,267.0,590.0,79235.57554979916,0.15934305622693565,0.5973741794310722,2110.7784431137725
5.62,666,192471,78.0,54.0,54.0,381.5,796.0,145106.10958931906,0.7492274974552857,0.527027027027027,3523.131672597865
2.81,220,43119,78.0,54.0,54.0,266.0,544.0,68205.73179752067,0.27266019302854105,0.6227272727272727,2327.402135231317
9.55,964,228487,78.0,54.0,54.0,328.0,580.0,80581.39691443845,0.6694699770571817,0.5321576763485477,2940.3141361256544
6.6,1311,411861,112.0,54.0,60.0,300.0,508.0,329617.46934842825,4.768846121522817,0.4607170099160946,5200.0
9.45,1233,269434,83.0,54.0,54.0,328.0,552.0,55251.9998395042,0.999985154173904,0.5117599351175993,3726.9841269841268
1.95,549,170012,112.0,54.0,60.0,303.0,976.0,198525.8220178433,3.737425808788698,0.48816029143898,7907.692307692308
4.18,288,48078,60.0,54.0,54.0,256.0,415.6,25095.32248263889,0.21246816129927118,0.5520833333333334,2138.755980861244
8.39,1146,449783,125.0,54.0,60.0,543.0,955.0,299025.4852335615,2.841803614745977,0.4650959860383944,3532.777115613826
1.14,59,9696,60.0,54.0,54.0,274.0,364.0,32481.512209135304,0.2646406677970523,0.5932203389830508,1631.578947368421
0.02,7,4703,256.0,54.0,101.0,1338.5,1473.2,404571.55102040817,0.398038049940547,0.2857142857142857,6000.0
3.36,558,139623,109.0,54.0,60.0,364.0,688.0,73020.16825644583,2.052869793374877,0.4982078853046595,4464.285714285714
9.08,665,150779,60.0,54.0,54.0,364.0,580.0,71798.92243541185,0.14400716242156616,0.5759398496240602,2259.9118942731275
7.93,1182,399670,112.0,54.0,60.0,429.0,817.0,272299.62600313214,2.489897137667872,0.47292724196277497,4055.4854981084495
9.95,2096,506286,112.0,54.0,60.0,328.0,552.0,99325.56919668871,2.3995125193884332,0.4580152671755725,5595.979899497487
7.8,8483,15402017,1498.0,60.0,60.0,2974.0,2974.0,5549636.969479214,4.77653548522357,0.38795237533891314,24861.53846153846
0.58,23,6246,60.0,54.0,54.0,400.0,767.2000000000003,103031.98487712666,0.1545286506469501,0.5217391304347826,1241.3793103448277
6.24,1104,268010,112.0,54.0,60.0,321.5,542.5000000000002,65809.46179570994,1.8700084597839006,0.4682971014492754,4625.0
1.17,59,17381,112.0,54.0,54.0,382.0,868.0,122491.19046251081,0.10714058220268807,0.4915254237288136,1487.179487179487
4.7,293,69209,62.0,54.0,54.0,301.0,716.8000000000004,92056.73822642083,0.14476404717402452,0.6006825938566553,1876.5957446808509
2.61,182,34310,60.0,54.0,54.0,220.0,536.8000000000004,55661.00797005192,0.2025516105288984,0.5769230769230769,2137.9310344827586
8.4,920,229845,80.5,54.0,54.0,298.0,644.0,97704.99878898865,0.6328393623369611,0.5184782608695652,3199.9999999999995
6.4,1026,301481,112.0,54.0,60.0,432.0,724.0,161726.27593010574,1.33286647270026,0.49415204678362573,4293.75
4.05,828,240779,256.0,60.0,60.0,364.0,537.0,145353.79771260708,4.415144836272041,0.3804347826086957,4474.074074074075
4.77,587,106872,60.0,54.0,60.0,298.0,436.0,34281.28371385702,1.071283214140357,0.5689948892674617,3761.0062893081767
4.77,851,272154,112.0,54.0,60.0,299.0,772.0,296598.32857728726,2.5900906248763307,0.48413631022326675,4893.08176100629
3.78,558,110816,78.0,54.0,54.0,297.0,508.0,40627.92915044771,1.1415788965117402,0.5412186379928315,4412.6984126984125
5.22,369,74300,60.0,54.0,54.0,292.0,544.0,54449.40513069088,0.17844850830306586,0.5609756097560976,2137.9310344827586
8.83,1764,498943,112.0,54.0,60.0,364.0,688.0,137170.16892234975,3.181483716330601,0.4631519274376417,5232.163080407701
4.38,651,146969,112.0,54.0,60.0,298.0,617.0,61622.17378911328,1.8442676884966713,0.4915514592933948,4082.191780821918
2.96,351,64915,78.0,54.0,60.0,292.0,436.0,34982.8742461506,1.2575989427557905,0.5356125356125356,3527.027027027027
7.61,1021,404848,91.0,54.0,60.0,364.0,623.0,550388.2769806636,3.3314538821188227,0.5014691478942214,3689.88173455979
9.47,1066,354662,83.0,54.0,54.0,508.0,1080.0,166514.54252012575,1.3037629344783013,0.5196998123827392,3237.592397043294
3.27,489,107947,112.0,54.0,60.0,292.0,529.0,70252.57988215171,2.9647041539648145,0.4662576687116564,3834.862385321101
3.82,946,312206,112.0,54.0,60.0,300.0,670.0,320071.98233130266,3.893664378193674,0.4904862579281184,6863.874345549739
0.26,41,5315,60.0,54.0,54.0,112.0,328.0,17829.305175490776,0.4942367163339893,0.6829268292682927,5538.461538461539
4.57,294,52120,78.0,54.0,54.0,256.0,436.0,35451.003840992176,0.19956730879882162,0.5782312925170068,1916.8490153172866
9.44,1512,400585,112.0,54.0,60.0,364.0,559.0,96183.8498882835,3.058118567144825,0.45634920634920634,4156.779661016949
5.36,796,156210,112.0,54.0,60.0,303.5,482.0,33111.817485669555,1.312954380561766,0.4949748743718593,4186.567164179104
7.52,922,395936,148.0,54.0,60.0,445.0,868.0,516563.5576954748,3.962536817697562,0.45878524945770066,3103.7234042553196
9.82,1040,309689,112.0,54.0,54.0,400.0,748.0,145999.686241679,1.8891324831375769,0.4913461538461538,2871.6904276985742
9.13,1587,383471,112.0,54.0,60.0,308.0,545.0,94135.07676700538,1.8624715410741612,0.48015122873345933,4580.5038335158815
1.41,77,11548,78.0,54.0,54.0,194.0,322.6000000000002,18966.518805869455,0.5849574526489157,0.5194805194805194,1617.0212765957447
9.14,713,154152,60.0,54.0,54.0,277.0,616.0,78582.35472265225,0.16150032399523803,0.605890603085554,2396.061269146608
5.05,277,60156,60.0,54.0,54.0,292.0,590.0,73851.48384574281,0.15782585264454538,0.5631768953068592,1687.128712871287
8.51,1331,407702,91.0,54.0,60.0,361.0,688.0,220679.86775391872,2.7689463272135635,0.5003756574004508,4357.226792009401
0.03,7,1236,83.0,54.0,54.0,187.5,421.60000000000014,38429.10204081633,0.2472250252270434,0.7142857142857143,6000.0
4.15,730,216815,184.0,54.0,60.0,436.0,760.0,89983.36022705949,3.2863214914101575,0.436986301369863,4279.518072289156
3.8,784,208887,256.0,54.0,60.0,446.0,582.0,52918.381297831635,2.9828966937421346,0.4221938775510204,4847.368421052633
8.32,804,145175,83.0,54.0,54.0,256.0,425.20000000000164,43191.24067937675,0.649416015269951,0.5236318407960199,2610.5769230769233
0.48,36,6709,81.5,54.0,54.0,297.5,544.0,35855.34182098766,0.1899609790705924,0.6111111111111112,2125.0
3.0,623,214593,148.0,54.0,60.0,482.0,891.4000000000043,215734.305388157,3.3304879525366267,0.4510433386837881,5240.0
3.55,716,189566,148.0,54.0,60.0,400.0,544.0,80221.66719983771,2.655552770117824,0.45391061452513964,5070.422535211268
9.56,978,141199,78.0,54.0,54.0,192.5,297.0,21382.60662697965,0.8749037312441906,0.5378323108384458,3025.1046025104597
7.74,902,231517,92.0,54.0,54.0,327.0,616.0,126982.65100589476,1.3664268045873622,0.5011086474501109,3310.077519379845
2.78,233,47059,60.0,54.0,54.0,281.0,545.6,69663.43686566337,0.18653084894480723,0.5879828326180258,2546.762589928058
0.84,46,8351,69.0,54.0,54.0,285.0,454.0,34551.726370510405,0.20470282746682053,0.5652173913043478,1642.857142857143
8.29,579,125396,60.0,54.0,54.0,292.0,580.0,73961.01835992615,0.1950784831358945,0.5820379965457686,2171.2907117008444
8.55,888,200219,60.0,54.0,54.0,256.0,580.0,102194.28974794052,1.1045777053660588,0.5596846846846847,3270.175438596491
4.32,491,102929,78.0,54.0,60.0,268.0,472.0,78767.53620567362,1.3763448307706516,0.5213849287169042,3319.444444444444
2.32,519,138548,184.0,54.0,60.0,366.0,509.0,103158.31945233348,3.56500823723229,0.42003853564547206,5379.310344827587
7.64,1472,312951,112.0,54.0,60.0,309.0,495.7000000000003,49978.85496616183,2.13936761430893,0.44633152173913043,4963.350785340314
6.25,1640,379136,112.0,54.0,60.0,309.0,497.20000000000164,87026.2625461035,2.000490669367986,0.474390243902439,7036.799999999999
9.58,1744,505337,112.0,54.0,60.0,298.0,665.0000000000005,196840.01743296807,2.0462540991512346,0.4701834862385321,4860.125260960333
8.0,926,226355,112.0,54.0,54.0,328.0,596.0,75693.873196451,1.2158862859883897,0.4838012958963283,3172.5
5.47,782,234357,112.0,54.0,60.0,441.0,688.0,177553.59269791536,2.491455983790951,0.4782608695652174,3795.246800731262
3.23,505,117617,106.0,54.0,54.0,364.0,580.0,61372.28403489854,1.6660848671683743,0.497029702970297,4328.173374613003
2.55,188,32549,60.0,54.0,54.0,220.0,482.8000000000004,39542.402529425075,0.25212540873244854,0.574468085106383,2305.8823529411766
2.72,504,131124,112.0,54.0,60.0,328.0,760.0,105882.75396825396,1.627682811967696,0.49404761904761907,5205.882352941176
2.6,629,114785,91.0,54.0,60.0,256.0,400.0,34760.08769566349,2.126208568238146,0.505564387917329,6692.307692307692
9.74,1142,274619,91.0,54.0,54.0,400.0,554.0,62057.31926736208,1.748196183213746,0.510507880910683,3252.5667351129364
3.46,177,37728,60.0,54.0,54.0,364.0,544.0,63850.908934214305,0.15822435070915455,0.5875706214689266,1595.3757225433526
2.62,217,47740,78.0,54.0,54.0,280.0,652.0,79271.03225806452,0.1970012285936364,0.5944700460829493,2473.282442748092
9.91,1107,271985,83.0,54.0,54.0,292.0,586.0,128717.81608700157,1.3497218190614417,0.5275519421860885,3184.661957618567
2.96,524,98475,98.5,54.0,54.0,300.0,400.0,36554.95112100111,1.3913307430791646,0.5,5047.2972972972975
4.39,258,54860,60.0,54.0,54.0,328.0,580.0,60164.67345712397,0.16426146010186757,0.5813953488372093,1845.102505694761
1.43,114,29818,60.0,54.0,54.0,361.0,796.0,121260.8602646968,0.1396139881521116,0.5877192982456141,2433.5664335664337
2.5,181,45788,60.0,54.0,54.0,364.0,652.0,106305.6401208754,0.12636835502201668,0.569060773480663,2232.0
1.36,82,15306,60.0,54.0,54.0,229.75,540.4000000000002,45246.05413444379,0.168575355016033,0.5609756097560976,1897.0588235294117
1.93,373,80401,78.0,54.0,60.0,292.0,616.0,70401.34646263538,2.461382813845359,0.5281501340482574,5782.38341968912
2.07,372,66901,112.0,54.0,60.0,292.0,340.4000000000009,35594.64957654064,1.978407977918262,0.489247311827957,5014.492753623189
4.23,325,81943,78.0,54.0,54.0,292.0,586.0000000000002,209804.6132639053,0.647360379558522,0.6030769230769231,2283.687943262411
5.47,881,207275,112.0,54.0,60.0,297.0,539.0,93459.87811549408,2.215659809488349,0.49148694665153236,4486.288848263254
2.02,509,140977,220.0,54.0,60.0,364.0,691.9999999999998,72777.95186061501,2.988259590358719,0.43222003929273084,6297.029702970298
5.64,554,130678,107.5,54.0,54.0,328.0,652.0,63550.6031357114,1.4292751845035598,0.4963898916967509,2723.404255319149
3.1,202,37735,66.0,54.0,54.0,220.0,432.4000000000002,67168.22510048035,0.2956668040104381,0.5346534653465347,1974.1935483870968
1.9,151,27199,60.0,54.0,54.0,184.0,544.0,51849.80535941406,0.2654229087187122,0.6821192052980133,2463.1578947368425
1.95,415,98765,148.0,54.0,60.0,364.0,543.0,53908.20467411816,2.0210754924752234,0.4530120481927711,5630.7692307692305
7.24,812,191482,112.0,54.0,54.0,364.0,554.1999999999998,73568.48311655222,1.2369915184934228,0.49014778325123154,3107.734806629834
7.96,976,198664,78.0,54.0,54.0,267.0,544.0,55526.70249932814,0.7302814938684504,0.5389344262295082,3587.9396984924624
7.97,535,123725,60.0,54.0,54.0,292.0,652.0,89271.91656913268,0.14997815761834388,0.5831775700934579,2047.6787954830615
3.02,199,36293,60.0,54.0,54.0,211.0,479.2000000000006,54893.92328476554,0.2153166125305562,0.6231155778894473,2105.9602649006624
5.89,704,198394,112.0,54.0,54.0,380.0,743.0,114194.92683852016,1.8960513831107217,0.48579545454545453,3280.1358234295417
5.38,325,70663,60.0,54.0,54.0,292.0,590.0,67522.79200946743,0.16015958494779012,0.5692307692307692,1907.0631970260224
2.05,614,172903,256.0,54.0,60.0,359.0,616.0,87495.76423357277,2.3809076865919714,0.40879478827361565,7170.731707317073
8.43,877,171888,60.0,54.0,54.0,292.0,436.0,88748.62027566246,1.3267096215279657,0.5507411630558723,3124.555160142349
7.18,1267,228273,83.0,54.0,60.0,256.0,445.0,36953.16116163507,1.7469344532556768,0.5177584846093133,5038.99721448468
3.56,776,256344,267.0,54.0,60.0,472.0,723.0,110148.4847752152,4.2351427521137115,0.39304123711340205,4921.348314606741
3.21,170,21095,60.0,54.0,54.0,148.0,269.4999999999999,10847.915743944635,0.47280597640159183,0.5588235294117647,1607.4766355140187
7.17,780,183366,109.0,54.0,54.0,298.0,515.0,85180.44668639054,1.7057104913678618,0.4987179487179487,2895.397489539749
1.16,66,10306,60.0,54.0,54.0,148.0,371.5,35363.40128558311,0.2507281553398058,0.6060606060606061,1810.3448275862072
3.94,260,56271,60.0,54.0,54.0,261.5,592.1,69357.2677366864,0.1640188655827231,0.5846153846153846,2071.0659898477156
7.48,801,197045,78.0,54.0,54.0,297.0,548.0,168096.58052278598,1.392978152362678,0.529338327091136,3144.3850267379676
3.67,223,45361,60.0,54.0,54.0,292.0,544.0,47820.89706207646,0.18405116157661186,0.5426008968609866,1831.0626702997274
0.93,292,74382,112.0,54.0,60.0,418.0,649.9000000000008,74272.65467254644,2.6111272939120305,0.4554794520547945,8129.032258064515
2.87,334,46994,60.0,54.0,54.0,184.0,362.79999999999995,16779.08401161748,0.8044079250499155,0.5958083832335329,3783.97212543554
5.88,351,62298,60.0,54.0,54.0,220.0,436.0,49830.23274161736,0.19198683606306444,0.5698005698005698,1836.7346938775509
8.78,1504,509459,91.0,54.0,60.0,328.0,793.0,332467.40705238155,4.175062217481843,0.5006648936170213,4824.601366742598
0.85,48,9729,66.0,54.0,54.0,285.25,673.6000000000004,55063.58984375,0.1536819637139808,0.6041666666666666,1694.1176470588236
2.37,163,38620,60.0,54.0,54.0,328.0,676.4000000000007,87151.82980164854,0.14786743944122455,0.6073619631901841,2177.215189873418
2.69,451,101817,112.0,54.0,60.0,298.0,541.0,65667.71764150618,2.5706470278800633,0.48337028824833705,4684.014869888476
3.48,420,96883,116.5,54.0,60.0,299.5,544.0,59247.92455215419,2.065141736269299,0.46190476190476193,3068.965517241379
9.85,1091,322156,91.0,54.0,54.0,299.0,652.0,272239.9856521276,2.1336912960585193,0.5041246562786434,3173.604060913706
1.46,94,17947,63.0,54.0,54.0,355.0,472.0,34555.81360344048,0.1746956407906794,0.5425531914893617,1972.6027397260275
5.86,659,147544,83.0,54.0,54.0,298.0,590.0,63428.649671526044,1.3329327683258492,0.511380880121396,3163.8225255972698
6.34,692,129044,78.0,54.0,54.0,235.0,455.0,44690.024157171974,0.6417185094716487,0.546242774566474,3189.2744479495273
8.79,984,207790,83.0,54.0,54.0,302.0,521.0,59054.84349180383,1.1370316662038609,0.5101626016260162,3112.627986348123
0.77,55,10816,60.0,54.0,54.0,274.0,494.20000000000005,53157.42611570247,0.15778205951616356,0.5636363636363636,2337.6623376623374
6.84,801,193881,112.0,54.0,54.0,364.0,580.0,87910.62060065368,1.5223573798217653,0.4968789013732834,3254.3859649122805
3.12,729,176732,148.0,54.0,60.0,297.0,590.0,70952.55795845635,2.9585181203243294,0.41838134430727025,5673.076923076923
3.95,637,94244,83.0,54.0,60.0,184.0,364.0,15311.740019567784,1.3848372893365049,0.5164835164835165,4724.050632911392
7.54,509,105092,60.0,54.0,54.0,256.0,590.0,67529.07802579117,0.17723759381651172,0.5893909626719057,2084.8806366047743
9.35,1334,407052,83.0,54.0,60.0,328.0,580.0,283064.02186612843,2.456036678553235,0.5149925037481259,3985.026737967915
3.13,464,99610,83.0,54.0,60.0,297.0,544.0,49444.8179065101,1.8105073077140117,0.5193965517241379,4332.268370607028
5.74,396,84627,60.0,54.0,54.0,292.0,580.0,68317.92028236914,0.1677038345314807,0.5656565656565656,2090.5923344947737
0.36,25,4068,60.0,54.0,54.0,148.0,443.2000000000004,52448.52159999999,0.19964612208787968,0.72,2333.3333333333335
5.1,674,139439,83.0,54.0,54.0,297.0,511.0,53352.89872456393,1.2962749489493446,0.5222551928783383,3800.0000000000005
4.08,1394,972855,121.0,54.0,60.0,566.0,2958.0,1150488.8402566647,8.25708658045731,0.4490674318507891,8838.235294117647
9.05,1136,279693,83.0,54.0,54.0,312.25,652.0,115221.73376360719,1.4774394132653061,0.5272887323943662,3666.2983425414363
5.99,1180,252388,112.0,54.0,60.0,328.0,451.0,39972.08579143923,2.2597739748143364,0.4754237288135593,5288.81469115192
1.95,188,20891,60.0,54.0,60.0,112.0,184.0,16679.543543458578,0.6138277327153341,0.5691489361702128,3076.9230769230767
6.15,1114,466814,112.0,54.0,60.0,297.0,1494.0,602078.2818059042,4.003740902318502,0.4838420107719928,4946.341463414634
5.7,395,76462,62.0,54.0,54.0,292.0,521.2000000000005,49256.02670084923,0.20467615131319816,0.5721518987341773,2105.2631578947367
2.61,155,39204,60.0,54.0,54.0,353.5,652.0,103694.69818938605,0.13730382060282556,0.5935483870967742,1931.034482758621
6.35,380,80827,61.0,54.0,54.0,256.0,581.0000000000002,76561.82999307477,0.16030720643123744,0.5763157894736842,1833.0708661417325
1.46,68,12271,60.0,54.0,54.0,328.0,436.0,28649.424524221453,0.1837738761335134,0.5588235294117647,1520.5479452054794
8.13,1299,296191,112.0,54.0,60.0,298.0,540.0,60938.54559052649,1.8103479358211645,0.47729022324865283,4369.0036900369005
6.22,644,198752,66.0,54.0,54.0,297.0,580.0,330128.29123104824,1.7909510903907995,0.5357142857142857,3115.7556270096466
8.27,1076,329791,80.5,54.0,54.0,298.0,742.0,275154.56225988443,1.6358819015953197,0.5306691449814126,3830.7134220072553
5.89,456,86541,60.0,54.0,54.0,277.0,508.0,51836.31032144506,0.18593178298822852,0.581140350877193,2393.887945670628
9.04,932,187165,78.0,54.0,54.0,298.0,542.0,44469.13205598741,0.7345028589433493,0.5354077253218884,3066.3716814159297
1.69,98,19095,60.0,54.0,54.0,238.0,652.0,55580.435755935025,0.16496858031846745,0.5612244897959183,1775.1479289940828
1.18,73,12418,60.0,54.0,54.0,220.0,466.79999999999995,37701.82360668043,0.2330453778174958,0.547945205479452,1932.2033898305085
3.51,509,143586,112.0,54.0,54.0,389.0,724.0,111798.82018364914,1.6036011532394059,0.46954813359528486,3846.153846153846
5.81,964,232015,129.5,54.0,60.0,389.0,524.0,57499.50202626504,2.533097808707305,0.44813278008298757,4110.154905335628
2.27,179,34935,60.0,54.0,54.0,186.0,534.0,62039.68140819575,1.0441778818022236,0.5642458100558659,2511.0132158590304
4.93,561,103165,83.0,54.0,54.0,266.0,454.0,37020.742950105014,1.2378039521919264,0.5329768270944741,3188.6409736308315
9.08,1686,723292,148.0,54.0,60.0,472.0,1048.0,460012.2740199451,4.128057513151738,0.4472123368920522,4744.493392070484
3.23,273,90391,78.0,54.0,54.0,544.0,1078.0,163098.20926082463,0.10413358414970805,0.5531135531135531,2489.1640866873067
6.5,959,209790,93.0,54.0,60.0,297.0,540.0,70848.54156169367,2.2135963971692045,0.5005213764337852,4098.461538461538
9.62,540,109428,60.0,54.0,54.0,220.0,580.0,65110.421728395064,0.16824136053550268,0.5851851851851851,1733.887733887734
7.65,525,94032,60.0,54.0,54.0,256.0,463.2000000000005,41288.04345034014,0.19705167211946076,0.580952380952381,2133.3333333333335
4.48,1316,763958,148.0,54.0,60.0,472.0,2958.0,883510.6221094594,6.898002646596642,0.44756838905775076,7700.892857142857
4.24,710,214004,148.0,54.0,60.0,400.0,714.0,111851.92430866891,2.26424649176327,0.4535211267605634,4231.132075471698
4.45,871,303541,112.0,54.0,60.0,328.0,652.0,382561.93770703144,3.882042621632489,0.48679678530424797,5501.123595505617
9.82,914,190474,72.0,54.0,54.0,256.0,543.1000000000001,83618.5214724514,0.7898663759890244,0.5481400437636762,2792.2606924643583
2.96,528,156597,148.0,54.0,60.0,450.0,599.0,108153.71243328169,3.770371949919274,0.4431818181818182,4601.351351351352
0.15,16,2573,57.0,54.0,54.0,220.0,454.0,28492.15234375,0.20177487155534796,0.6875,4000.0
8.1,990,217612,78.0,54.0,54.0,300.0,553.0,68811.64676665646,0.8890750466600112,0.5191919191919192,3511.1111111111118
3.99,504,109484,72.0,54.0,60.0,292.0,544.0,70752.3755983875,1.178872790956854,0.5357142857142857,3789.4736842105262
0.39,18,2068,60.0,54.0,54.0,175.0,211.20000000000005,6534.765432098765,0.26405867970660146,0.5555555555555556,1538.4615384615383
5.87,335,56054,60.0,54.0,54.0,220.0,436.0,30653.4553263533,0.21983809192200557,0.5880597014925373,1788.7563884156727
8.63,780,145088,64.0,54.0,54.0,256.0,475.6000000000008,44645.95117685733,0.6154454254951955,0.5641025641025641,2725.3765932792585
2.94,182,33396,60.0,54.0,54.0,220.0,485.5000000000001,48489.60161816206,0.1892738862576119,0.6098901098901099,1959.1836734693877
2.83,496,106990,66.0,54.0,58.5,300.0,543.0,67143.47787135797,1.3908379888268156,0.5443548387096774,5300.3533568904595
9.41,829,207038,78.0,54.0,54.0,298.0,590.0,148691.23737669902,1.3634744688866312,0.5367913148371531,2595.1115834218917
3.3,518,140651,112.0,54.0,60.0,364.0,703.0000000000003,93645.06394135448,2.7258543046357615,0.48841698841698844,4236.363636363636
1.55,399,106523,112.0,54.0,60.0,400.0,544.0,126031.72869517152,3.631837551091399,0.48120300751879697,7122.580645161291
1.58,131,26008,83.0,54.0,54.0,280.0,436.0,65544.34042305226,0.43563700596158095,0.5725190839694656,2430.379746835443
7.56,779,192662,83.0,54.0,54.0,333.0,652.0,80439.14943453063,1.219045863951533,0.5147625160462131,2896.8253968253966
7.73,460,91225,60.0,54.0,54.0,256.0,554.1000000000005,59676.10281190926,0.18220695911358778,0.5760869565217391,1816.3001293661061
7.91,599,138533,78.0,54.0,54.0,256.0,580.0,140367.64791068027,0.404871766268799,0.5759599332220368,2237.6738305941844
2.07,166,29919,60.0,54.0,54.0,184.0,508.0,52670.56528523734,0.20002406545804588,0.6385542168674698,2492.753623188406
0.64,50,8916,83.0,54.0,54.0,256.0,432.4,30829.377599999996,0.24316787506971557,0.54,2250.0
9.83,654,136518,60.0,54.0,54.0,256.0,590.0,69314.24593889403,0.1615488679582408,0.581039755351682,2063.0722278738554
2.32,393,240044,112.0,54.0,60.0,688.0,2788.0,844294.8578106688,4.205334489862301,0.48346055979643765,4603.44827586207
8.28,1124,448709,83.0,54.0,60.0,297.0,921.0,584185.2853204429,3.699163236880413,0.5160142348754448,3942.028985507247
2.48,531,118743,112.0,54.0,60.0,297.0,540.0,65166.69852213604,2.0669473357956454,0.4538606403013183,5564.5161290322585
9.43,1458,296946,83.0,54.0,60.0,230.5,329.0,139321.29080932785,2.2017122032217022,0.5082304526748971,4434.782608695653
6.06,844,410548,112.0,54.0,60.0,436.0,1766.5000000000098,706500.9869836704,5.24892311907335,0.49644549763033174,3841.584158415842
0.12,3,256,54.0,54.0,54.0,101.0,129.2,1963.5555555555557,0.7297297297297297,0.6666666666666666,1000.0
4.41,354,57758,112.0,54.0,54.0,256.0,328.0,17769.545596731463,0.9956464653444821,0.4689265536723164,2081.6326530612246
1.9,249,37786,60.0,54.0,60.0,256.0,299.0,25261.689005016047,1.4010929656224185,0.5783132530120482,4484.21052631579
7.36,1645,530807,184.0,54.0,60.0,328.0,542.0,281125.9553352242,4.793318344538549,0.4389057750759878,5625.0
8.23,730,124075,83.0,54.0,54.0,267.5,400.0,28999.487868267966,1.1160930518129413,0.5150684931506849,2522.4787363304977
2.44,168,39844,60.0,54.0,54.0,292.0,550.3000000000002,115693.81746031746,0.14956722446624351,0.5535714285714286,2163.9344262295085
9.48,2189,1335343,157.0,54.0,60.0,613.0,2854.0,841539.8162251101,3.908266558847313,0.4568296025582458,5968.354430379747
2.97,513,215453,83.0,54.0,60.0,375.0,1434.0,520226.3994239442,5.900900035232696,0.5146198830409356,5030.30303030303
7.88,2044,584352,148.0,54.0,60.0,312.25,718.6000000000008,126300.40198988208,3.3641577917519307,0.40655577299412915,6045.685279187817
9.52,788,213178,60.0,54.0,54.0,364.0,770.8000000000025,148772.00795562885,0.2240142854682108,0.5913705583756346,2615.5462184873954
8.25,1443,492594,112.0,54.0,60.0,482.0,888.0,221893.77103314732,2.009347050486291,0.4747054747054747,4698.181818181818
1.97,114,18257,60.0,54.0,54.0,187.0,414.4000000000002,30824.565481686674,0.2106763925729443,0.6228070175438597,1827.4111675126903
2.13,388,97766,112.0,54.0,60.0,331.0,594.0,87586.73644914443,2.0459544505717044,0.49226804123711343,5183.0985915492965
3.68,284,58097,60.0,54.0,54.0,256.0,533.2000000000006,76269.13284814522,0.18480677067400836,0.573943661971831,2380.4347826086955
4.4,733,212923,106.0,54.0,60.0,364.0,698.0000000000007,179764.14324879157,2.133985869885193,0.49931787175989084,4718.181818181818
8.53,851,158534,78.0,54.0,54.0,264.0,472.0,38566.59427424154,0.7473354715691786,0.5428907168037603,2954.279015240328
4.71,676,178576,112.0,54.0,54.0,436.0,594.0,89179.74178074997,1.3743335416361968,0.4911242603550296,3936.3057324840765
6.96,1008,225924,83.0,54.0,60.0,292.0,479.0,108060.17531179139,1.4111419423692637,0.5069444444444444,4103.448275862069
6.25,1737,494431,184.0,54.0,60.0,447.0,690.4000000000001,81316.23544123647,3.137809542141249,0.4237190558434082,6672.0
3.68,227,40206,60.0,54.0,54.0,220.0,527.2000000000002,39100.58056628306,0.21131597975415764,0.6035242290748899,1972.8260869565215
3.4,265,89266,60.0,54.0,54.0,364.0,781.5999999999998,357001.06890708447,0.7123072201335072,0.5660377358490566,2400.0
1.19,124,24645,60.0,54.0,54.0,261.25,580.0,65877.92943548386,0.17457820989419504,0.6693548387096774,3529.411764705883
0.83,58,13119,60.0,54.0,54.0,292.0,590.0,77473.60196195004,0.1782827375606251,0.5344827586206896,2168.6746987951806
9.45,869,233635,78.0,54.0,54.0,364.0,724.0,115987.70509864783,0.5680727541192657,0.5454545454545454,2666.6666666666665
8.86,1309,292560,112.0,54.0,60.0,297.0,580.0,67263.88330655548,1.8623702413681769,0.4957983193277311,4117.381489841986
6.83,729,204850,91.0,54.0,54.0,400.0,705.600000000001,158174.04800909225,1.8429671778502532,0.5034293552812071,3039.531478770132
1.81,89,15187,60.0,54.0,54.0,269.0,414.4000000000002,27930.36510541598,0.2115676106900678,0.6067415730337079,1524.8618784530386
1.93,934,242064,268.0,55.80000000000007,60.0,364.0,542.0,42665.9135673968,3.661621121959674,0.367237687366167,10476.683937823835
9.28,1023,228137,112.0,54.0,60.0,297.0,508.0,51423.1553640654,1.0624045128687272,0.49071358748778104,2890.086206896552
0.28,34,7774,83.0,54.0,54.0,184.0,605.1999999999999,88401.46366782008,0.17930825242718446,0.5882352941176471,3428.5714285714284
3.32,191,45639,60.0,54.0,54.0,328.0,590.0,93197.43181382089,0.13276247207743858,0.5654450261780105,1753.012048192771
2.03,474,121916,166.0,54.0,60.0,416.0,580.0,56316.94037636418,2.6179001721170394,0.4430379746835443,5704.433497536946
8.92,752,159114,60.0,54.0,54.0,247.0,580.0,76655.45772266864,0.4578221631774245,0.5585106382978723,2609.865470852018
3.12,230,71759,60.0,54.0,54.0,544.0,868.0,160620.5347637051,0.0971485360446449,0.5826086956521739,2269.230769230769
3.35,543,166537,75.0,54.0,60.0,364.0,793.4000000000001,238704.84800694595,3.6319463759247927,0.5138121546961326,4853.731343283583
2.92,460,129942,83.0,54.0,60.0,337.0,559.3000000000005,249219.7105671078,2.42692125112084,0.5369565217391304,4541.095890410959
9.66,1421,268923,83.0,54.0,60.0,292.0,447.0,35510.20394890952,1.6479745564111148,0.5158339197748065,4180.124223602485
8.62,1311,355053,119.0,54.0,60.0,328.0,616.0,108493.17951779257,1.6801712034059513,0.4607170099160946,3953.5962877030165
9.19,1046,245856,83.0,54.0,54.0,297.0,544.0,94019.7342036859,0.9111791730474732,0.5200764818355641,3231.7736670293802
9.13,1117,229835,83.0,54.0,54.0,298.0,472.0,51270.52925528717,1.3526491422020226,0.5156669650850493,3529.025191675794
1.04,67,10634,60.0,54.0,54.0,220.0,378.4,30198.292715526844,0.24011661807580176,0.6268656716417911,2019.2307692307693
3.4,222,41452,60.0,54.0,54.0,256.0,541.9000000000001,46147.1472283094,0.19403157045742597,0.5900900900900901,2082.3529411764707
8.79,1549,447162,112.0,54.0,60.0,400.0,688.0,163222.89751483806,1.9759613464840475,0.48095545513234345,4696.245733788396
3.77,536,113826,83.0,54.0,60.0,220.0,414.0,148305.21228280241,2.1033862260755765,0.5167910447761194,4217.506631299734
9.84,731,184605,60.0,54.0,54.0,328.0,760.0,108799.81903619463,0.14108666089751515,0.585499316005472,2298.780487804878
1.29,95,22664,60.0,54.0,54.0,312.5,695.2000000000006,88706.51900277009,0.1519186785260483,0.5789473684210527,2372.093023255814
6.48,448,119738,60.0,54.0,54.0,335.25,760.0,125587.06869818237,0.13906012176560123,0.5625,2129.6296296296296
6.51,627,134373,60.0,54.0,54.0,292.0,544.0,68826.68637012278,1.2103003585880185,0.5470494417862839,2940.0921658986176
9.75,884,196371,78.0,54.0,54.0,298.0,590.0,66137.4546218853,0.8407997975196153,0.5339366515837104,2713.846153846154
3.86,234,44501,60.0,54.0,54.0,220.0,544.0,57667.477847176575,0.18770684317284084,0.5726495726495726,1911.9170984455961
6.66,495,127704,78.0,54.0,54.0,292.0,652.0,183241.26853994493,0.408696803229863,0.602020202020202,2207.2072072072074
4.37,1115,383235,148.0,54.0,60.0,416.0,760.0,255300.6567435501,4.361954864074546,0.42869955156950673,6329.519450800915
3.93,508,109934,91.0,54.0,60.0,364.0,541.9000000000001,50810.45367040734,1.9880677339566741,0.5059055118110236,3557.2519083969464
6.94,454,80301,60.0,54.0,54.0,256.0,436.0,38193.06132954258,0.2078426063805785,0.5616740088105727,2040.3458213256483
7.1,832,247003,83.0,54.0,60.0,400.0,810.0,160112.93838844073,2.149263055895553,0.5252403846153846,3405.6338028169016
7.86,899,421436,103.0,54.0,54.0,484.5,976.0,664740.1186907712,4.511200617243589,0.4994438264738598,3145.038167938931
8.42,1098,248359,83.0,54.0,60.0,331.0,545.0,50203.31735213221,1.4651506729662127,0.5081967213114754,3619.9524940617575
7.33,486,85135,60.0,54.0,54.0,220.0,436.0,37272.461180544975,0.209836717872927,0.5761316872427984,2038.1991814461117
4.8,353,67260,60.0,54.0,54.0,220.0,544.0,54658.69046377067,0.18203226600119504,0.5977337110481586,2250.0
5.12,1025,244010,112.0,54.0,60.0,297.0,638.6,72447.75071980964,2.0551660239395,0.4770731707317073,5460.9375
5.76,1496,343636,112.0,54.0,60.0,298.0,532.5,60432.96672767308,3.0145799502319006,0.4425133689839572,6625.0
6.84,784,183360,103.5,54.0,54.0,297.0,580.0,74118.59725114536,1.289567334706874,0.49744897959183676,3192.9824561403507
9.96,615,123504,60.0,54.0,54.0,256.0,580.0,63587.9918143962,0.22622345337026778,0.591869918699187,1915.6626506024095
0.17,3,629,103.0,63.8,78.5,287.5,398.20000000000005,34809.55555555556,0.3326271186440678,0.3333333333333333,352.94117647058823
8.13,1273,318644,112.0,54.0,60.0,379.0,563.0,70990.56092300723,2.1702085323145495,0.4752553024351925,4169.741697416974
4.03,289,90232,60.0,54.0,54.0,374.0,1088.3999999999955,199747.62569892607,0.11695385224796989,0.5813148788927336,2188.5856079404466
3.61,2156,3070023,400.0,60.0,60.0,2974.0,2974.0,2252759.9889652985,34.128532851225486,0.4095547309833024,14526.315789473683
7.58,3067,3468028,298.0,60.0,60.0,2958.0,2974.0,1704323.8506960464,23.232287095782443,0.42386697098141507,10116.094986807388
7.0,719,160099,87.0,54.0,60.0,298.0,420.0,124071.82366948377,1.924129239648591,0.5062586926286509,2837.142857142857
8.77,590,147175,60.0,54.0,54.0,334.0,760.0,108756.0643636886,0.15075765868609942,0.6033898305084746,2086.6590649942987
7.96,544,131581,60.0,54.0,54.0,292.0,652.0,110525.18152235617,0.14968108344255132,0.5588235294117647,2087.9396984924624
1.56,488,247623,135.5,54.0,60.0,541.0,1194.1000000000015,659786.0024480986,9.024410978868108,0.4610655737704918,8192.307692307691
5.63,753,208587,148.0,54.0,60.0,309.0,707.2000000000016,117778.26554075861,1.8164976572732552,0.450199203187251,3474.2451154529303
8.76,1055,262773,112.0,54.0,60.0,328.0,616.0,112705.28363334156,1.8742233986699335,0.4966824644549763,3294.5205479452056
6.29,822,222379,125.0,54.0,60.0,436.0,592.0,123937.36076183541,2.4242181605407818,0.4744525547445255,3462.6391096979332
3.38,257,54329,60.0,54.0,54.0,256.0,590.0,74585.8658268861,0.1629385448551919,0.6342412451361867,2414.201183431953
9.56,628,117238,60.0,54.0,54.0,256.0,508.0,48270.20632682867,0.21156191224190316,0.5621019108280255,2014.644351464435
9.63,1229,292365,112.0,54.0,60.0,364.0,616.0,74778.88667879117,1.4803390089333435,0.4898291293734744,3433.0218068535823
0.14,15,2066,112.0,54.0,54.0,220.0,256.0,8165.2622222222235,0.22393364928909953,0.4666666666666667,2999.9999999999995
0.18,10,1619,72.5,54.0,54.0,251.5,367.59999999999997,17542.09,0.20014825796886582,0.6,1666.6666666666667
0.9,35,4525,60.0,54.0,54.0,202.0,313.6,10587.461224489796,0.2840522133938706,0.6,1200.0
1.69,387,94481,112.0,54.0,60.0,364.0,563.0,54356.46961654282,2.179786625382829,0.48320413436692505,6355.029585798817
6.92,1347,375991,112.0,54.0,60.0,328.0,544.0,167680.142893912,3.107844422593685,0.4684484038604306,5202.312138728324
2.67,1901,2734942,184.0,60.0,60.0,2958.0,2974.0,2863291.0128958407,5.908407976033504,0.45397159389794844,19213.483146067418
4.1,245,44442,60.0,54.0,54.0,220.0,508.0,42552.998350687216,0.2169555573810893,0.5755102040816327,1843.9024390243903
8.46,9880,16872811,1498.0,60.0,60.0,2974.0,2974.0,3426422.1433321214,7.681403384925996,0.40192307692307694,27865.248226950353
6.11,847,864952,148.0,54.0,60.0,2974.0,2974.0,1611681.2430426716,7.520687209393963,0.4675324675324675,3525.3682487725036
6.88,743,188136,83.0,54.0,54.0,364.0,657.8000000000001,85642.93381565766,1.117933130699088,0.5100942126514132,3052.3255813953488
1.1,80,12391,78.0,54.0,54.0,220.0,366.5000000000002,21734.42484375,0.2408371720408572,0.5875,2072.7272727272725
2.25,175,35530,66.0,54.0,54.0,292.0,544.0,54708.850612244896,0.17726971504307487,0.5485714285714286,2346.666666666667
2.46,211,54343,60.0,54.0,54.0,364.0,760.0,98151.33757103389,0.13595601914755742,0.5450236966824644,2658.5365853658536
9.24,1407,423992,133.0,54.0,60.0,328.0,688.0,200184.68928077654,2.4118887252653516,0.4598436389481166,3980.5194805194806
2.99,393,123176,184.0,54.0,60.0,544.0,760.0,100660.5191746143,2.092232765978812,0.455470737913486,3290.969899665552
7.94,697,166108,78.0,54.0,54.0,328.0,630.3999999999992,74234.34044655411,0.7588547347020891,0.5265423242467718,2508.816120906801
0.2,9,2920,60.0,54.0,54.0,544.0,839.2,107718.91358024691,0.07988165680473373,0.5555555555555556,1500.0
1.05,99,23246,78.0,54.0,54.0,328.0,602.4000000000002,94074.01367207426,0.14999505293361037,0.6060606060606061,2799.9999999999995
9.66,1491,364932,112.0,54.0,60.0,309.0,593.0,100754.82536803653,2.105989292979156,0.48222669349429914,4167.701863354037
6.56,1137,301040,112.0,54.0,60.0,314.0,627.0,118958.85772786938,2.0712726233957026,0.47493403693931396,4554.878048780488
4.53,474,107728,91.0,54.0,55.5,321.0,611.7999999999998,64599.118873399915,1.5936679908510893,0.5021097046413502,2966.8874172185433
1.03,70,11518,61.0,54.0,54.0,256.0,417.1,28643.59102040816,0.22950469684030744,0.5857142857142857,2097.0873786407765
5.34,372,74127,60.0,54.0,54.0,256.0,580.0,59242.818960284436,0.1808927547314089,0.6236559139784946,2202.2471910112363
6.86,471,104942,60.0,54.0,54.0,292.0,616.0,84925.370314775,0.15593985790604176,0.6114649681528662,2125.36443148688
2.15,132,31493,60.0,54.0,54.0,328.0,718.0000000000003,95480.36426767676,0.14499181966915106,0.5984848484848485,1897.674418604651
5.99,941,270442,112.0,54.0,60.0,364.0,744.0,152432.55851000754,1.8851455150635827,0.49415515409139216,4367.278797996661
7.28,9973,16962103,1498.0,60.0,60.0,2974.0,2974.0,5208662.726046257,7.395139836483348,0.4013837360874361,32670.32967032967
9.07,1578,1514439,148.0,54.0,60.0,388.75,2974.0,5744085.0429371055,10.70237147736317,0.45183776932826364,4385.887541345093
4.46,927,324988,220.0,54.0,60.0,436.0,954.3999999999992,198736.92962532394,3.049089232762702,0.44228694714131606,5098.654708520179
1.6,630,653767,292.0,54.0,60.0,2814.0,2814.0,1510601.049989922,23.459089378577573,0.35555555555555557,7649.999999999999
3.09,2624,5307410,2814.0,60.0,297.0,2814.0,2814.0,1452014.0700563048,120.83018088329814,0.19283536585365854,9650.485436893205
1.55,1779,4013781,2814.0,60.0,2814.0,2814.0,2814.0,1138960.9035183757,159.42290167865707,0.15851602023608768,10567.741935483871
8.36,3011,5680533,2814.0,60.0,60.0,2814.0,2814.0,2029710.3641422833,44.81592276547352,0.2700099634672866,5555.023923444976
8.1,1361,588960,91.0,54.0,60.0,364.0,868.0,966396.4301565443,3.9125441032955486,0.5003673769287289,4748.148148148149
5.97,1047,240900,112.0,54.0,60.0,298.0,544.0,59192.05755836706,2.0137363324742914,0.4775549188156638,4653.266331658292
2.5,201,47289,78.0,54.0,54.0,328.0,616.0,80250.2959827727,0.13577192813911038,0.5472636815920398,2352.0
8.45,607,140017,62.0,54.0,54.0,292.0,652.0,94895.14349611479,0.19742243355112374,0.57166392092257,2172.7810650887577
0.73,38,9517,60.0,54.0,54.0,299.5,705.8000000000017,105084.45775623269,0.14044337926902337,0.5789473684210527,1726.027397260274
4.19,309,88783,60.0,54.0,54.0,436.0,803.1999999999996,138314.12827682996,0.11549044489954895,0.5533980582524272,2276.8496420047727
5.27,724,211907,83.0,54.0,54.0,301.5,696.2000000000003,207528.9655745399,1.3204883924660535,0.505524861878453,3927.8937381404176
6.87,864,265950,83.0,54.0,54.0,508.0,837.0,148109.95789930556,1.3740448475326716,0.5173611111111112,3563.318777292576
9.11,919,230670,106.0,54.0,54.0,434.0,590.0,66065.9553851054,0.6455623961134851,0.4972796517954298,2753.0186608122945
7.32,974,216901,87.0,54.0,60.0,267.0,544.0,72517.87472329858,1.1961989429132662,0.5071868583162218,3852.459016393442
4.54,455,187405,78.0,54.0,54.0,623.5,1494.0,287672.08428933704,0.14822348709967956,0.5362637362637362,2973.5682819383255
4.86,1150,490143,112.0,54.0,60.0,309.0,1068.1000000000015,603242.0344809074,5.883740853615718,0.45652173913043476,6049.382716049383
8.17,710,155154,60.0,54.0,54.0,299.75,580.0,71728.61266415394,0.5698761534725595,0.5816901408450704,2673.1946144430844
2.39,423,107635,83.0,54.0,60.0,300.0,616.0,126650.00222434597,3.017730496453901,0.5059101654846335,5071.12970711297
6.73,432,81317,60.0,54.0,54.0,292.0,472.0,41722.790246699245,0.2388330286410725,0.5625,1970.2823179791974
5.74,797,158111,78.0,54.0,60.0,266.0,508.0,69542.8209298042,1.1771177572152456,0.5382685069008782,4128.9198606271775
3.87,656,176743,87.0,54.0,60.0,400.0,724.0,92217.25051819974,2.22688600014606,0.5015243902439024,4589.147286821705
8.32,799,192876,78.0,54.0,54.0,364.0,641.0,87418.81005198928,1.0967973387254581,0.5406758448060075,2826.923076923077
4.15,595,146723,106.0,54.0,60.0,364.0,672.0,68939.07491278864,2.1661595563324054,0.4991596638655462,3889.156626506024
9.62,878,218017,78.0,54.0,54.0,328.0,652.0,95529.91129274962,0.7453507641318358,0.5364464692482915,2700.6237006237006
9.19,571,144609,60.0,54.0,54.0,292.0,760.0,123996.89083888222,0.14903101237157637,0.5831873905429071,1926.0065288356911
4.06,311,79848,60.0,54.0,54.0,296.0,776.0,126878.9290433308,0.1317930545712261,0.6077170418006431,2364.5320197044334
2.68,197,44989,60.0,54.0,54.0,297.0,590.0,85923.98959004354,0.15977933025701838,0.5532994923857868,2283.582089552239
8.23,492,113106,61.0,54.0,54.0,256.0,652.0,95204.56925441207,0.14715457873971824,0.5609756097560976,1829.8906439854188
8.96,1396,390700,148.0,54.0,60.0,381.25,684.0,110939.658159621,2.461412383829614,0.46060171919770776,4104.910714285714
4.04,299,76875,60.0,54.0,54.0,292.0,513.1999999999999,242050.0420576951,0.8723969116106876,0.5819397993311036,2257.4257425742576
3.92,233,61394,60.0,54.0,54.0,400.0,789.2000000000004,99102.1469542633,0.1310611643330877,0.5536480686695279,1821.4285714285716
6.83,542,144151,70.0,54.0,54.0,328.0,675.1000000000004,155003.87857259568,0.24539728891461549,0.577490774907749,2380.6734992679358
8.23,1463,426494,184.0,54.0,60.0,419.0,666.0,121184.36579300112,3.0150436812773007,0.43130553656869447,4308.626974483596
0.1,11,1956,112.0,54.0,54.0,256.0,436.0,20700.69421487603,0.2570694087403599,0.45454545454545453,3000.0
3.33,187,35241,60.0,54.0,54.0,292.0,486.4000000000002,38225.713174526005,0.24588135473379058,0.5561497326203209,1729.7297297297298
0.84,64,11148,61.0,54.0,54.0,193.0,436.0,38367.96484375,0.19755075733161456,0.5625,2357.142857142857
6.38,1002,274503,83.0,54.0,60.0,296.5,696.0999999999998,191004.18460982223,2.087356037430268,0.5189620758483033,4532.915360501567
6.52,422,87990,60.0,54.0,54.0,263.5,564.7000000000007,67654.92293524405,0.1755196921925934,0.5995260663507109,1978.5276073619632
4.23,273,67015,62.0,54.0,54.0,301.0,724.0,111712.44723530438,0.13860713254158383,0.5787545787545788,1971.6312056737586
7.01,1104,416604,83.0,54.0,60.0,313.75,898.1000000000006,508448.57061279146,3.140452006599217,0.5353260869565217,4502.139800285307
3.34,242,56478,60.0,54.0,54.0,328.0,616.0,72979.29349088178,0.15887965527854725,0.5619834710743802,2245.5089820359285
0.32,33,5693,60.0,54.0,54.0,119.0,356.8,57574.06795224977,0.2556241729157477,0.6363636363636364,3187.5
6.05,590,124455,60.0,54.0,54.0,292.0,544.0,76894.84563343866,0.8132612623113235,0.5423728813559322,2985.123966942149
6.67,1065,229848,83.0,54.0,60.0,309.0,522.0,57192.271723864316,1.800462991166616,0.5173708920187794,4515.7421289355325
2.24,125,28994,78.0,54.0,54.0,328.0,616.0,72858.621696,0.1475046503344283,0.536,1660.7142857142856
0.57,53,10682,60.0,54.0,54.0,256.0,644.8000000000002,60509.908152367396,0.14258209434164082,0.6037735849056604,2842.105263157895
9.92,1041,231193,62.0,54.0,54.0,300.0,544.0,71916.24692137263,0.8824798677664417,0.5513928914505284,3157.2580645161293
3.14,253,46400,60.0,54.0,54.0,256.0,472.0,47074.911778031215,0.18971308427989025,0.6126482213438735,2598.726114649681
3.91,425,94298,60.0,54.0,54.0,297.0,580.0,75560.99679446367,0.9111102103684487,0.571764705882353,3314.5780051150896
7.92,1432,422531,184.0,54.0,60.0,400.0,564.0,125379.53716283436,2.872807097945042,0.45251396648044695,4583.333333333333
9.6,1028,340721,83.0,54.0,54.0,364.0,832.0,304584.62780189706,2.0347816018241414,0.519455252918288,3056.25
2.7,175,41099,60.0,54.0,54.0,296.0,673.5999999999998,88408.12649795918,0.1427181226714119,0.5714285714285714,2044.4444444444441
0.82,246,63664,112.0,54.0,60.0,399.0,615.0,85754.38958292022,2.761758449539116,0.4878048780487805,8707.317073170732
4.84,304,51185,60.0,54.0,54.0,220.0,436.0,54671.10196286356,0.5258607840214637,0.5888157894736842,1995.8677685950413
3.11,657,170038,184.0,54.0,60.0,416.0,553.0,50907.4417315921,2.7826570564157325,0.4368340943683409,5421.221864951769
0.14,3,192,60.0,55.2,57.0,69.0,74.4,104.0,0.391304347826087,1.0,857.1428571428571
4.93,606,108488,112.0,54.0,54.0,298.0,400.0,23469.979664303064,1.4745785908168154,0.4884488448844885,3371.1967545638945
9.56,943,203948,82.0,54.0,54.0,328.0,572.8000000000025,52761.531616004075,0.808354244065933,0.5291622481442205,2861.924686192468
5.31,939,185809,101.0,54.0,60.0,266.0,446.0,59441.60745632689,2.2939017904626837,0.4994675186368477,5016.949152542373
8.74,725,159488,60.0,54.0,54.0,297.0,616.0,73052.41627776457,0.6414309826684781,0.5696551724137932,2581.2356979405035
2.7,142,26802,60.0,54.0,54.0,292.0,472.0,42339.31600872843,0.31363034847816496,0.5563380281690141,1599.9999999999998
3.76,274,58114,60.0,54.0,54.0,292.0,580.0,66200.93260163035,0.17923743430531036,0.5802919708029197,2281.9148936170213
1.11,46,10310,69.0,54.0,54.0,328.0,580.0,62580.982986767485,0.17882460553395838,0.5869565217391305,1243.2432432432431
7.1,886,228199,83.0,54.0,60.0,364.0,662.0,84182.22145463161,1.4215692516660299,0.5112866817155757,3498.5915492957747
2.08,120,17679,60.0,54.0,54.0,220.0,364.0,18229.75270833333,0.2684939370022243,0.6,1875.0
6.35,409,80606,60.0,54.0,54.0,256.0,544.0,60429.443367746484,0.18723303973841576,0.6185819070904646,1955.9055118110239
6.75,953,302828,148.0,54.0,60.0,508.0,881.0,123751.38132742573,2.3181539270687237,0.45750262329485836,3706.6666666666665
2.52,454,95327,112.0,54.0,60.0,309.0,508.0,44695.1908100293,1.8425274332061068,0.48237885462555063,4904.761904761905
0.93,49,8048,78.0,54.0,54.0,235.0,436.0,19525.32778009163,0.2379633902476542,0.5306122448979592,1548.3870967741934
9.81,996,234102,103.0,54.0,54.0,321.0,557.0,68497.11870373058,1.3890396979283601,0.49899598393574296,2758.4097859327217
2.07,496,152095,220.0,54.0,60.0,445.0,818.0,94283.24967075312,2.517460684551341,0.42338709677419356,5826.08695652174
8.49,984,264121,112.0,54.0,60.0,364.0,580.0,158894.4054867721,1.7986034585064,0.49085365853658536,3151.9434628975264
8.96,1497,449156,112.0,54.0,60.0,331.0,688.4000000000001,176326.28049775792,1.744160755634573,0.4756179024716099,4533.482142857142
4.4,293,43676,78.0,54.0,54.0,220.0,376.0,24193.009446819415,0.45156037089966433,0.5767918088737202,1977.2727272727273
1.23,113,40387,83.0,54.0,54.0,292.0,867.2,463536.8254366042,1.4561819619290883,0.6194690265486725,2487.80487804878
5.9,2660,2550983,291.0,60.0,60.0,2854.0,2974.0,1540029.279061988,20.78112005737754,0.4112781954887218,10728.813559322032
0.57,27,4008,60.0,54.0,54.0,148.0,443.2000000000002,24426.098765432096,0.22606301621290914,0.6666666666666666,1578.9473684210527
9.12,1027,196940,112.0,54.0,60.0,297.0,416.79999999999995,32641.89876262054,1.4122683455616662,0.4946445959104187,3164.4736842105262
1.46,477,126364,184.0,54.0,60.0,364.0,593.0,82408.3972240901,3.673224852071006,0.44654088050314467,8342.465753424658
6.54,899,206123,112.0,54.0,60.0,266.0,580.0,87907.26514072611,2.03380824821171,0.47052280311457173,3743.119266055046
0.93,74,9130,78.0,54.0,54.0,148.0,256.0,12639.154127100071,0.3307098090657339,0.581081081081081,2322.5806451612902
1.17,176,40571,220.0,54.0,60.0,337.0,508.0,28726.60198217975,3.4031907966138486,0.3522727272727273,3025.641025641026
7.94,815,159470,60.0,54.0,60.0,265.5,400.0,90120.72214987391,1.5194325075834176,0.5570552147239264,3196.47355163728
2.02,652,255860,292.0,54.0,60.0,553.25,1012.0,183122.1520945463,5.0434135626048135,0.4156441717791411,7693.0693069306935
8.79,1133,610512,112.0,54.0,60.0,328.0,2958.0,864683.9858517133,5.011935007385524,0.48631950573698146,3453.924914675768
7.82,1043,241508,83.0,54.0,60.0,298.0,544.0,87210.70757982034,2.158618885691865,0.5100671140939598,3859.3350383631714
8.82,580,113142,60.0,54.0,54.0,257.75,544.0,50283.698204518434,0.19227364693980778,0.5793103448275863,2006.8027210884354
1.44,516,180992,274.0,54.0,60.0,527.0,928.0,114882.46550688057,4.077056859939971,0.4011627906976744,8083.333333333333
2.38,400,58176,97.0,54.0,60.0,148.0,298.0,20121.6064,1.8205177930766994,0.5,4764.705882352941
5.73,365,63372,66.0,54.0,54.0,220.0,465.2000000000004,41293.341985363106,0.3328005384032977,0.6027397260273972,1916.2303664921465
1.41,102,16972,60.0,54.0,54.0,178.75,400.0,46775.02268358326,0.19227256761503336,0.6470588235294118,2297.872340425532
3.8,542,291512,148.0,54.0,60.0,1494.0,1494.0,388865.80992905865,0.18173194639252155,0.43726937269372695,3489.4736842105267
0.56,53,15076,84.0,54.0,54.0,148.0,288.8000000000002,457001.26664293325,3.6202880784554092,0.6415094339622641,2464.285714285714
8.51,2895,3349387,298.0,54.0,60.0,2958.0,2974.0,1720961.3465770597,11.035729301045324,0.42487046632124353,8312.573443008225
6.22,1192,261493,112.0,54.0,60.0,297.0,508.8000000000002,104525.62824802373,3.0929908590032555,0.4798657718120805,5209.003215434084
2.75,254,63986,83.0,54.0,54.0,292.0,586.3000000000002,131603.31533263065,0.34829424531681313,0.5275590551181102,2552.727272727273
5.71,867,246312,112.0,54.0,60.0,297.0,616.0,253161.27781037107,3.0650240126747312,0.4844290657439446,4108.581436077058
7.56,1325,396275,118.0,54.0,60.0,436.0,760.0,136729.9143040228,3.025180550335707,0.46641509433962264,4626.984126984127
7.62,1155,536841,112.0,54.0,60.0,328.0,2347.0,659685.0186945522,4.935486367556332,0.4831168831168831,4015.748031496063
2.59,1671,4892485,472.0,60.0,74.0,4254.0,9854.0,16036655.584882537,73.05899003965972,0.39736684619988033,8270.27027027027
9.85,1663,639251,112.0,54.0,60.0,544.5,1095.0,250777.7846403398,2.042241522903034,0.4840649428743235,4531.9796954314725
9.03,1403,356052,112.0,54.0,60.0,300.0,507.0,164639.5349279545,2.913734542456719,0.47540983606557374,4192.691029900332
0.44,62,6493,60.0,54.0,54.0,83.0,220.0,11388.26352757544,0.3817833581613109,0.8225806451612904,5045.454545454546
8.97,1168,221602,78.0,54.0,60.0,220.0,400.0,61473.52347708294,1.4686904695594052,0.5256849315068494,3866.2207357859525
5.18,269,50903,60.0,54.0,54.0,292.0,508.0,38447.03981426459,0.1840660618748546,0.5650557620817844,1633.2046332046332
3.26,472,114257,87.0,54.0,60.0,364.0,580.0,64951.51841694198,1.9703374408568606,0.5042372881355932,4012.269938650307
4.69,294,46572,60.0,54.0,54.0,214.75,389.1999999999996,31930.9830626128,0.22429022082018926,0.6020408163265306,1906.1833688699357
4.43,299,64337,60.0,54.0,54.0,297.0,580.0,66721.26741311619,0.170487210275443,0.5719063545150501,2072.234762979684
2.68,423,138450,148.0,54.0,57.0,508.0,788.8000000000004,140134.32070821387,1.552073732718894,0.4562647754137116,3895.5223880597014
6.18,640,166457,85.5,54.0,54.0,323.5,599.0,144510.64363037108,1.52517483578331,0.525,2796.116504854369
5.84,702,209752,112.0,54.0,54.0,400.0,728.0,166225.9311044553,1.4334307856513062,0.4886039886039886,3328.7671232876714
6.63,901,272019,106.0,54.0,54.0,401.0,748.0,129335.54201337522,1.8104620407488532,0.4961154273029967,3619.9095022624433
5.48,373,72523,78.0,54.0,54.0,244.0,536.8000000000004,60167.70913325042,0.21365218555458865,0.6005361930294906,2014.5985401459855
1.08,83,21944,78.0,54.0,54.0,325.0,839.1999999999996,114786.71882711574,0.12004899959167006,0.5542168674698795,2277.7777777777774
7.39,916,184847,87.0,54.0,54.0,298.0,400.0,59768.18955945729,1.3313952021794515,0.5021834061135371,3523.6806495263872
2.41,403,75738,83.0,54.0,60.0,281.5,400.0,43674.69558953013,1.5097090595798264,0.5086848635235732,4854.771784232365
4.15,278,50126,60.0,54.0,54.0,256.0,508.0,39281.46545209875,0.197095980703556,0.5935251798561151,2067.469879518072
0.97,69,15639,60.0,54.0,54.0,328.0,616.0,61482.71959672338,0.14857520564042304,0.5652173913043478,2226.8041237113403
2.49,386,91502,83.0,54.0,60.0,314.5,616.0,81050.02322209992,1.8914238766352778,0.5362694300518135,4602.409638554217
0.94,65,12113,83.0,54.0,54.0,328.0,457.6,29555.64402366864,0.24057763211798444,0.5692307692307692,2042.5531914893618
9.17,572,117156,60.0,54.0,54.0,266.25,580.0,61134.0298792117,0.1779444589676044,0.5874125874125874,1917.1210468920394
9.47,970,211948,83.0,54.0,54.0,301.0,544.0,78512.029371878,1.0078058392224474,0.5278350515463918,2920.8025343189015
9.7,1718,380531,112.0,54.0,60.0,297.0,544.0,46617.53171073655,2.8276250540652,0.4650756693830035,4620.618556701032
5.15,768,148242,112.0,54.0,60.0,268.0,465.0,50558.96299235026,1.9689965952333266,0.4986979166666667,4217.475728155339
3.44,291,69393,112.0,54.0,54.0,328.0,688.0,60725.43082863923,1.502181516604767,0.46735395189003437,2058.139534883721
5.6,712,137431,78.0,54.0,54.0,298.0,472.0,40058.68354492803,1.1772282247077088,0.5224719101123596,3696.428571428572
5.34,933,295540,112.0,54.0,60.0,328.0,746.0,250160.94174883314,4.641260569966978,0.4866023579849946,4741.573033707866
1.19,68,14486,80.5,54.0,54.0,304.0,459.00000000000017,81167.82266435986,0.4823986901350798,0.5147058823529411,1613.4453781512607
3.89,511,101069,112.0,54.0,54.0,297.0,472.0,42158.332190823414,1.3542195616221377,0.49510763209393344,3778.9203084832902
0.52,50,9001,60.0,54.0,54.0,202.0,292.8,86291.9796,0.19171190255527604,0.58,3115.3846153846157
2.16,118,17030,78.0,54.0,54.0,184.0,328.0,17468.997989083597,0.276707399355274,0.5847457627118644,1611.1111111111109
8.38,813,162310,78.0,54.0,54.0,292.0,472.0,57987.705480892444,0.6126820738032311,0.5473554735547356,2878.281622911694
0.83,67,18509,78.0,54.0,54.0,436.0,796.0,112890.63711294276,0.11621034857073935,0.5522388059701493,2385.542168674699
8.12,1179,350068,83.0,54.0,54.0,364.0,731.2000000000016,198338.12158202528,1.681239564344909,0.5173876166242578,4123.152709359606
5.93,549,92821,60.0,54.0,54.0,256.0,400.0,36498.92001021895,0.8070865375255524,0.5683060109289617,2792.5801011804388
7.96,1180,684757,83.0,54.0,54.0,490.5,2958.0,897375.1127054008,5.631258352540141,0.5067796610169492,4145.728643216081
2.77,1092,1160917,298.0,60.0,60.0,2854.0,2974.0,1600800.3879052114,22.917200601578113,0.423992673992674,9725.631768953068
0.14,15,3320,60.0,54.0,54.0,274.0,292.0,127733.68888888891,1.3119777158774373,0.6,3857.142857142857
4.0,639,152131,148.0,54.0,60.0,309.0,508.0,71907.56688977545,2.313173770063375,0.4694835680751174,4005.0
2.68,173,31876,60.0,54.0,54.0,256.0,464.8000000000004,49370.75612282402,0.25357873210633947,0.5664739884393064,1992.5373134328358
6.85,1075,269107,83.0,54.0,60.0,298.5,713.0,93606.21064445646,2.15309266875227,0.5144186046511627,4379.56204379562
9.96,1882,773141,112.0,54.0,60.0,414.0,997.4000000000005,469636.6853103003,3.6205118091413273,0.4771519659936238,5108.433734939758
3.81,252,41014,60.0,54.0,54.0,229.0,434.2000000000001,25592.407722348198,0.312448,0.5753968253968254,2047.244094488189
4.61,518,89166,78.0,54.0,54.0,184.0,517.9000000000003,38694.10142961494,1.1562159940028536,0.555984555984556,3331.887201735358
6.8,1162,598363,112.0,54.0,60.0,592.25,1506.0,576425.2832502865,1.3877500528737374,0.49225473321858865,4526.470588235295
9.74,978,206932,91.0,54.0,54.0,299.0,509.9000000000002,49252.496025024986,1.175232048438469,0.5040899795501023,2784.3942505133473
3.75,1390,827083,148.0,60.0,60.0,508.0,2958.0,917873.4677816882,8.758400585209307,0.4510791366906475,9696.0
3.29,729,135205,112.0,54.0,60.0,269.0,445.0,45941.23103787626,1.7337889479750086,0.46227709190672156,5908.814589665653
3.67,420,70823,60.0,54.0,60.0,184.0,444.0,34457.90074263039,1.1748863775948901,0.5714285714285714,3531.3351498637603
1.15,66,11713,71.5,54.0,54.0,220.0,423.0,37627.52180899908,0.2144116122343183,0.5454545454545454,1721.7391304347827
4.03,249,44963,60.0,54.0,54.0,256.0,472.0,37469.04769277915,0.19531582305401957,0.5983935742971888,1905.7071960297767
6.93,1101,267469,112.0,54.0,60.0,298.0,596.0,105698.08630911869,1.642295457688736,0.4950045413260672,4216.450216450216
5.76,1133,253407,112.0,54.0,60.0,328.0,544.0,63939.05399360748,2.266480187682075,0.4880847308031774,5385.416666666667
6.34,1375,1274705,292.0,54.0,60.0,1494.0,2974.0,1334369.9471603306,3.64996789867655,0.3956363636363636,4949.526813880127
6.5,1041,430300,106.0,54.0,60.0,331.0,662.0,595397.6365184956,5.455145514551456,0.49855907780979825,4504.615384615385
2.26,513,104971,148.0,54.0,60.0,297.0,422.6000000000001,54073.069464868575,2.7358886753505587,0.442495126705653,5840.707964601771
6.31,709,123421,83.0,54.0,54.0,256.0,415.4000000000001,29755.93615434043,1.07217810312117,0.5204513399153737,3156.89381933439
1.11,63,11550,60.0,54.0,54.0,256.0,530.4000000000003,38587.650793650784,0.23252587770782202,0.5396825396825397,1783.7837837837835
2.47,162,30363,60.0,54.0,54.0,256.0,504.4000000000002,47951.97290809328,0.19047245638110175,0.5802469135802469,2064.7773279352223
0.31,18,2856,60.0,54.0,54.0,131.75,392.8000000000002,42304.777777777774,0.19248434237995823,0.7222222222222222,2129.032258064516
8.34,522,130896,60.0,54.0,54.0,292.0,613.4000000000009,137559.20610384466,0.12998213037060058,0.5804597701149425,1928.0575539568347
9.16,1080,309249,83.0,54.0,60.0,322.75,796.0,205900.37122685183,1.578708181848504,0.5120370370370371,3432.314410480349
9.02,928,232447,78.0,54.0,54.0,305.5,662.8000000000025,113666.81862993274,0.7783549717310974,0.5398706896551724,3066.5188470066523
6.16,471,94006,83.0,54.0,54.0,220.0,544.0,77185.27832997506,0.31829081883072263,0.6008492569002123,2220.779220779221
1.25,85,18293,60.0,54.0,54.0,256.0,605.6000000000003,74500.3080968858,0.1607233502538071,0.5764705882352941,2112.0
1.57,80,18088,60.0,54.0,54.0,328.0,580.0,78163.79,0.1300056225401387,0.5625,1605.0955414012737
2.75,483,148075,93.0,54.0,60.0,418.0,724.0,192754.84501198085,2.167989559487388,0.5010351966873706,4996.363636363637
1.55,185,41461,148.0,54.0,60.0,364.0,364.0,48124.5222498174,2.4262457648128253,0.42702702702702705,2670.967741935484
6.73,1286,264691,112.0,54.0,60.0,292.0,425.5,48336.28276341217,2.585141541378843,0.4735614307931571,5117.384843982169
4.45,339,70762,78.0,54.0,54.0,278.5,580.0,68979.69213633714,0.21692921510628052,0.6371681415929203,2265.1685393258426
1.67,353,109058,112.0,54.0,60.0,476.0,763.0,122753.69965251307,3.070087702929651,0.49291784702549574,6000.0
5.89,774,175221,83.0,54.0,54.0,298.0,567.0,61371.93415359653,1.6483230808760183,0.5116279069767442,3707.9796264855686
4.97,866,200215,112.0,54.0,60.0,328.0,510.0,53999.74829056638,2.3244499792444997,0.47113163972286376,4708.249496981892
4.07,274,45176,60.0,54.0,54.0,184.0,472.0,33969.415259204005,0.2403492394706496,0.6094890510948905,2167.0761670761667
4.82,784,334529,129.5,54.0,60.0,364.0,911.7000000000019,510588.5027316093,5.27528184734285,0.461734693877551,4157.676348547718
4.75,358,63853,60.0,54.0,54.0,265.0,472.0,40654.66624793234,0.19918493060641915,0.5977653631284916,2324.2105263157896
6.92,907,196374,83.0,54.0,60.0,309.0,576.0,55906.90261338676,1.6833647618266787,0.5192943770672547,3823.699421965318
7.83,771,131478,78.0,54.0,54.0,256.0,417.0,26107.369770927642,0.6991651373775492,0.5304798962386511,2842.911877394636
7.71,1039,224173,91.0,54.0,60.0,297.0,513.0,57162.02729914471,2.0299380963966156,0.5014436958614052,3828.793774319066
1.72,265,50779,112.0,54.0,60.0,292.0,312.5999999999999,37304.87737985048,1.8585341139383023,0.45660377358490567,4081.3953488372094
5.76,1011,162542,60.0,54.0,60.0,220.0,322.0,38487.379950123315,1.600588781159003,0.5361028684470821,5364.583333333333
4.91,730,212327,112.0,54.0,60.0,328.0,691.4000000000008,141593.52118784012,2.955347329595201,0.4794520547945205,3947.046843177189
1.43,326,79224,112.0,54.0,60.0,292.0,553.0,91628.18371033913,3.8484700122399023,0.46319018404907975,5706.293706293707
5.41,740,125292,66.0,54.0,60.0,184.0,310.30000000000007,46071.57197954711,1.7158866754817592,0.5324324324324324,4125.693160813308
1.01,109,21036,83.0,54.0,54.0,220.0,479.2000000000001,105507.40358555676,0.5222519719227151,0.6605504587155964,3089.108910891089
9.07,1826,461802,148.0,54.0,60.0,364.0,567.0,68852.77055648663,2.1327300355466314,0.4348302300109529,4974.641675854465
2.58,172,30520,78.0,54.0,54.0,220.0,364.0,71784.03731746889,0.7576595254549643,0.5523255813953488,1953.4883720930231
7.84,1160,383990,112.0,54.0,60.0,482.0,938.0,156381.80967598097,2.0012583728691684,0.4793103448275862,3864.7959183673474
7.51,1298,293484,112.0,54.0,60.0,292.0,472.0,114538.92738858645,2.3177779285084448,0.47919876733436056,4498.002663115845
8.29,833,190039,83.0,54.0,54.0,301.0,614.6000000000005,64178.762453360694,1.1794463048763704,0.5198079231692677,2851.628468033776
9.08,1285,284020,106.0,54.0,60.0,328.0,457.0,105658.50742933276,2.0214250760622114,0.49883268482490273,4011.0132158590304
6.48,468,101740,66.0,54.0,54.0,292.0,597.8000000000003,77188.93944042662,0.16582062358913247,0.5961538461538461,2194.4444444444443
3.05,206,58110,60.0,54.0,54.0,400.0,778.0,128554.61372419643,0.11935123473436837,0.5339805825242718,2085.2459016393445
5.73,416,105141,60.0,54.0,54.0,322.0,724.0,108906.26316914754,0.13539518158159022,0.5769230769230769,2240.8376963350784
5.19,366,72592,60.0,54.0,54.0,292.0,508.0,58565.34423243453,0.17930306230200635,0.5710382513661202,2184.9710982658958
3.71,574,124262,83.0,54.0,60.0,301.0,549.0,56974.71665310979,1.9029108068962295,0.519163763066202,4479.78436657682
6.34,1082,234214,112.0,54.0,60.0,311.0,549.0,50235.42060468565,2.1097922060678482,0.47689463955637706,4580.441640378549
0.58,35,2679,60.0,54.0,60.0,78.0,118.60000000000002,1063.905306122449,0.3974960876369327,0.7714285714285715,2379.3103448275865
5.46,833,163441,112.0,54.0,60.0,220.0,322.0,56069.994082627054,2.292857862395487,0.4645858343337335,3934.065934065934
6.93,1135,273603,112.0,54.0,60.0,297.0,541.0,142954.36997884687,1.9678808521716493,0.49427312775330395,4545.454545454546
1.65,77,15531,60.0,54.0,54.0,256.0,558.4000000000002,51471.79389441727,0.17232789855072464,0.5454545454545454,1454.5454545454545
3.36,223,46192,60.0,54.0,54.0,284.0,539.8000000000002,64862.91789499085,0.16847111201052312,0.5695067264573991,2017.857142857143
0.71,81,11302,60.0,54.0,54.0,112.0,328.0,32232.00213382106,0.28271478833276587,0.7160493827160493,3802.816901408451
7.72,1164,272608,112.0,54.0,60.0,297.0,540.0,72833.26439815307,2.115306378991155,0.4647766323024055,3979.274611398964
9.63,886,169854,83.0,54.0,54.0,274.75,508.0,40775.014527462554,0.7769385278486839,0.5248306997742663,2672.897196261682
4.57,961,411682,148.0,54.0,60.0,400.0,1241.0,474388.21066332,5.017774919238134,0.4599375650364204,5409.190371991247
8.56,555,96466,60.0,54.0,54.0,231.0,436.0,38020.98470578687,0.20516216081155364,0.5963963963963964,2053.7383177570096
7.99,1101,250280,112.0,54.0,60.0,364.0,462.0,59296.02163667576,2.286627884072435,0.4750227066303361,3642.0525657071335
0.97,68,9997,61.0,54.0,54.0,229.0,400.0,16447.632136678203,0.23434991974317818,0.5882352941176471,2164.9484536082473
5.67,781,160921,112.0,54.0,60.0,299.0,544.0,40269.68941292968,0.8758859460971743,0.4852752880921895,3735.4497354497353
7.99,1059,214090,83.0,54.0,54.0,298.0,449.4000000000001,54577.1804194632,1.1598853926009625,0.5278564683663833,3829.787234042553
9.43,1298,237912,112.0,54.0,60.0,292.0,450.0,32351.04770406528,1.9929425972751633,0.4768875192604006,3703.075291622482
1.58,93,12960,66.0,54.0,54.0,184.0,292.0,16247.712799167528,0.30487313733387034,0.5483870967741935,1784.8101265822784
4.8,718,171564,109.0,54.0,60.0,298.0,544.0,89428.84121010854,2.297088498126261,0.4972144846796657,4162.5
0.37,27,4092,60.0,54.0,54.0,276.5,325.0000000000001,15162.543209876543,0.27795128044971895,0.5555555555555556,2270.2702702702704
2.36,171,32768,78.0,54.0,54.0,256.0,544.0,55891.50904551828,0.22850822929554232,0.5964912280701754,2161.0169491525426
0.53,26,3158,60.0,54.0,54.0,166.0,220.0,12857.094674556214,0.34612105711849955,0.5769230769230769,1584.9056603773583
2.37,154,22813,60.0,54.0,54.0,220.0,328.0,19580.065820543095,0.24572707912411948,0.564935064935065,1974.6835443037974
7.24,1314,369845,112.0,54.0,60.0,400.0,724.0,106053.125486796,2.45610772623631,0.4809741248097412,4864.640883977901
5.75,621,180669,112.0,54.0,54.0,364.0,652.0,234106.46885574923,2.381984612792722,0.47020933977455714,2859.1304347826085
8.15,983,233358,78.0,54.0,54.0,297.0,472.0,157641.3760334641,1.5632750799108075,0.5279755849440488,3496.9325153374234
2.01,127,22687,60.0,54.0,54.0,256.0,472.0,36490.43573687148,0.203171404327535,0.5669291338582677,1940.2985074626868
2.39,509,130949,112.0,54.0,60.0,416.0,652.0,72221.41780369845,2.139510908654999,0.4675834970530452,5698.744769874476
9.05,690,121030,60.0,54.0,54.0,239.5,472.0,37181.36286494434,0.5592028135990621,0.591304347826087,2426.5193370165744
6.35,793,211051,112.0,54.0,60.0,421.0,742.0,81254.51563411884,2.1043303032977376,0.4791929382093317,3382.677165354331
4.25,289,43098,60.0,54.0,54.0,184.0,400.0,26080.173920331414,0.2694924740051253,0.629757785467128,2117.6470588235293
7.98,1053,248425,112.0,54.0,60.0,300.0,580.0,67612.65190668547,2.69037538808919,0.44254510921177587,3383.458646616541
2.33,628,96735,112.0,54.0,60.0,256.0,298.0,12887.452480323745,2.334309940714187,0.4729299363057325,7364.806866952789
9.56,1619,386745,112.0,54.0,60.0,326.0,593.0,64797.58386150259,2.587216636367009,0.45274861025324276,4286.610878661088
1.36,109,24617,83.0,54.0,54.0,225.0,695.2,109962.07659287938,0.2952225612964327,0.6055045871559633,2338.235294117647
6.19,389,76154,60.0,54.0,54.0,256.0,551.1999999999996,56716.46575161412,0.18271754492226933,0.596401028277635,1938.610662358643
8.62,909,220842,83.0,54.0,54.0,297.0,590.0,101927.23297280223,0.7906011318857736,0.5258525852585259,3062.6450116009282
5.93,370,67870,60.0,54.0,54.0,271.75,508.0,37458.153542731925,0.2007076514816453,0.5594594594594594,1902.1922428330524
2.67,196,37670,78.0,54.0,54.0,292.0,544.0,47759.30935027072,0.18896569138023545,0.576530612244898,2157.303370786517
9.29,744,176612,60.0,54.0,54.0,297.25,616.0,109271.33009596483,0.14774787655075158,0.5860215053763441,2467.168998923574
1.51,407,119378,148.0,54.0,60.0,508.0,688.0,95309.39403195913,4.7729097151699795,0.44963144963144963,7033.112582781457
3.46,568,119636,112.0,54.0,60.0,269.0,450.1000000000001,60648.44167823846,1.72904785802272,0.4894366197183099,4560.693641618497
9.05,1505,373203,108.0,54.0,60.0,364.0,565.6000000000022,93021.44856502689,2.086388408769507,0.4963455149501661,4541.436464088398
6.96,693,149239,83.0,54.0,54.0,292.0,596.0,71536.30027339984,1.2644564145360746,0.5266955266955267,2879.310344827586
5.1,360,69606,60.0,54.0,54.0,256.0,472.0,58704.03305555555,0.42299908003679854,0.575,2211.764705882353
5.44,415,81635,60.0,54.0,54.0,220.0,544.0,68279.7766294092,0.1744522292077285,0.6048192771084338,2404.411764705882
2.87,176,35287,61.0,54.0,54.0,256.0,526.0,65176.249967716954,0.18032512710730533,0.5681818181818182,1860.6271777003485
8.13,506,100607,60.0,54.0,54.0,256.0,562.0,58091.80245356121,0.17648365783780623,0.5849802371541502,1970.4797047970478
4.38,814,207249,83.0,54.0,60.0,364.0,626.0,120534.01033661538,2.2907113369323593,0.5171990171990172,5465.753424657534
9.25,802,135161,60.0,54.0,54.0,220.0,436.0,34616.14187256299,0.4687900719393189,0.5623441396508728,2665.945945945946
8.21,909,168273,83.0,54.0,60.0,267.0,472.0,34315.609646113124,1.6889691430032439,0.5181518151815182,3222.898903775883
9.97,1576,346363,112.0,54.0,60.0,322.0,513.0,52426.43028638654,2.1820503633473893,0.4866751269035533,4284.854563691073
0.13,9,1228,60.0,54.0,54.0,184.0,248.8,10702.024691358027,0.2134387351778656,0.5555555555555556,2307.6923076923076
0.47,15,2345,60.0,54.0,54.0,253.5,313.59999999999997,14031.155555555559,0.4619700748129676,0.5333333333333333,1021.2765957446809
6.06,1089,294577,121.0,54.0,60.0,362.0,553.0,146229.7192325627,2.7903804830345997,0.45179063360881544,4653.465346534654
7.74,1204,370259,112.0,54.0,60.0,328.0,868.0,218226.78098130814,2.2179365727744416,0.48172757475083056,4193.798449612403
7.63,711,142874,78.0,54.0,54.0,298.0,544.0,47945.31515406877,0.7887870592948718,0.5457102672292545,2752.293577981651
5.31,955,277493,148.0,54.0,60.0,328.0,690.0,166024.6997461692,2.773310126324091,0.45549738219895286,4734.463276836158
7.5,770,168077,112.0,54.0,54.0,301.0,544.0,50208.65434474617,1.39887247555841,0.4961038961038961,2792.0
7.7,1187,823658,112.0,54.0,60.0,760.0,2958.0,1067629.0765531391,4.021937419213228,0.4877843302443134,4192.207792207792
8.87,887,206251,78.0,54.0,54.0,298.5,616.0,87383.24817068288,0.95951774720681,0.5558060879368658,2949.2671927846677
5.68,760,214799,112.0,54.0,60.0,364.0,695.2000000000007,123308.94882098338,2.469872706125614,0.4881578947368421,3686.6197183098593
7.89,938,180300,83.0,54.0,60.0,292.0,445.0,40373.68617618577,1.2644210843600467,0.509594882729211,3391.634980988593
0.76,71,14142,60.0,54.0,54.0,295.0,472.0,49554.88196786353,0.6006791171477079,0.5352112676056338,2842.105263157895
4.8,1147,362542,148.0,54.0,60.0,446.0,796.0,148315.5561796856,4.722209069242546,0.4202266782911944,5800.0
0.16,9,2038,78.0,54.0,54.0,328.0,558.4,44974.02469135803,0.11855104281009879,0.5555555555555556,1500.0
0.92,53,8446,83.0,54.0,54.0,184.0,428.80000000000035,26356.456390174437,0.3325970337645945,0.5849056603773585,1500.0
1.84,120,20150,60.0,54.0,54.0,220.0,472.0,37361.159722222226,0.2267884322678843,0.6333333333333333,2054.3478260869565
1.75,107,19991,60.0,54.0,54.0,277.0,508.0,44364.756747314175,0.18310942770906077,0.616822429906542,1954.2857142857142
8.26,1016,191602,78.0,54.0,54.0,267.0,472.0,46029.53417369335,0.8966363762348796,0.5285433070866141,3617.4334140435835
4.35,286,57990,66.0,54.0,54.0,292.0,580.0,62631.342070516905,0.19027093596059114,0.583916083916084,2013.793103448276
5.85,398,86483,60.0,54.0,54.0,328.0,583.0000000000001,65550.14725006945,0.16478558345005925,0.5728643216080402,2112.820512820513
4.99,356,79267,60.0,54.0,54.0,282.25,652.0,87404.05582470646,0.15541141316230594,0.6067415730337079,2236.4729458917836
3.33,463,89489,60.0,54.0,54.0,256.0,500.8000000000004,60967.56263265678,1.018837277505809,0.5334773218142549,4234.2342342342345
3.8,224,31527,60.0,54.0,54.0,220.0,328.0,17639.653997927293,0.4314188422247446,0.5714285714285714,1831.5789473684213
1.85,146,38869,83.0,54.0,54.0,248.25,508.0,272422.50370613625,1.1804667339840682,0.5684931506849316,2237.837837837838
5.73,1001,205091,112.0,54.0,60.0,300.0,456.0,34775.46155542759,2.4586495328678875,0.4775224775224775,4691.09947643979
7.79,765,162360,78.0,54.0,54.0,268.0,508.0,78751.50803537102,1.057872922924826,0.5111111111111111,2842.105263157895
9.82,629,127868,60.0,54.0,54.0,292.0,544.0,58795.228800857345,0.16910023497572527,0.5961844197138315,2016.293279022403
4.41,265,60688,60.0,54.0,54.0,292.0,605.5999999999999,85560.75836240654,0.14706938590356664,0.5924528301886792,1918.3673469387757
6.83,992,216546,83.0,54.0,60.0,292.0,508.0,78294.89639291754,1.6354055106610845,0.5040322580645161,4102.4890190336755
7.9,850,213422,83.0,54.0,54.0,352.0,715.0,83931.3128249135,1.1119808417365145,0.5105882352941177,3075.9493670886072
0.39,15,2620,54.0,54.0,54.0,238.0,349.59999999999997,33031.822222222225,0.19744058500914077,0.5333333333333333,1230.7692307692307
6.86,511,106416,62.0,54.0,54.0,292.0,580.0,62697.827666101155,0.2197375207748295,0.5733855185909981,2247.813411078717
9.93,881,184665,78.0,54.0,54.0,297.0,544.0,63422.074798914146,0.73022327577322,0.5482406356413166,2640.4833836858006
6.85,1267,285244,112.0,54.0,60.0,300.0,562.0000000000027,53074.1534789063,2.8745975902959833,0.47040252565114443,4983.941605839416
8.67,849,189398,83.0,54.0,54.0,297.0,582.0000000000005,94689.22857765181,1.579651321165895,0.5312131919905771,2830.4498269896194
7.15,811,241748,103.0,54.0,54.0,400.0,868.0,145838.5252257416,1.699194980069895,0.499383477188656,3188.811188811189
8.02,492,86127,66.0,54.0,54.0,220.0,436.0,46102.29170384692,0.34862126740052923,0.5975609756097561,1900.2493765586037
2.32,144,25613,60.0,54.0,54.0,256.0,508.0,37429.12842399692,0.20707856166643102,0.6041666666666666,1991.379310344828
5.41,1391,382140,184.0,54.0,60.0,413.0,652.0,96419.8809776932,3.02460216322103,0.43421998562185476,6443.62292051756
7.53,803,166486,83.0,54.0,60.0,298.0,539.0,55320.42035703596,1.8080893266765619,0.5043586550435866,3035.8565737051795
9.28,863,185556,78.0,54.0,54.0,292.0,525.0,86773.21999975832,1.0283999606467058,0.5388180764774044,2747.8448275862074
1.09,58,9010,69.0,54.0,54.0,120.25,482.8000000000002,30893.50178359096,0.22070180192385855,0.7068965517241379,1596.3302752293578
1.38,64,14422,69.0,54.0,54.0,364.0,580.0,57330.5068359375,0.16268945501451146,0.515625,1391.304347826087
2.12,477,107626,148.0,54.0,60.0,301.0,511.0,45571.461343389194,2.841590519703027,0.44654088050314467,5886.792452830188
4.93,344,68543,60.0,54.0,54.0,256.0,472.0,101967.10754968901,0.6820368098159509,0.5726744186046512,2117.6470588235293
1.0,51,9128,60.0,54.0,54.0,256.0,472.0,32280.529027297194,0.17477477477477477,0.5686274509803921,1620.0
2.61,394,82557,112.0,54.0,60.0,266.0,476.0,43748.949245020485,2.0449230996201084,0.47715736040609136,4252.873563218391
1.16,60,9169,112.0,54.0,54.0,184.0,300.90000000000003,21804.71638888889,0.3094830048557555,0.48333333333333334,1500.0000000000002
4.47,633,144540,148.0,54.0,60.0,298.0,536.8000000000011,48255.8108907407,2.304224579370885,0.44075829383886256,3570.4697986577185
5.21,399,94179,66.0,54.0,54.0,262.0,559.9999999999998,183423.38956413587,0.5907540031078982,0.5939849624060151,2314.7792706333976
0.93,84,16961,60.0,54.0,54.0,293.25,575.8000000000001,59112.12400793651,0.17166344294003869,0.5833333333333334,2838.7096774193546
5.23,383,83277,60.0,54.0,54.0,292.0,590.0,73636.10979691728,0.15623958680439853,0.5822454308093995,2282.982791586998
0.35,23,7487,60.0,54.0,54.0,472.0,916.8000000000002,179213.7277882798,0.08617437980559989,0.5652173913043478,2057.1428571428573
8.48,1226,302858,112.0,54.0,60.0,297.0,572.0,95836.41186207485,2.445326720058245,0.4967373572593801,4040.094339622641
0.98,83,13986,60.0,54.0,54.0,274.0,428.7999999999999,22822.394542023518,0.20506634499396864,0.5542168674698795,2571.4285714285716
4.72,799,136117,112.0,54.0,60.0,268.0,386.0,20303.854705741378,2.084874444746623,0.4655819774718398,4538.13559322034
3.59,231,44228,60.0,54.0,54.0,292.0,472.0,40781.356871123106,0.19794149512459372,0.5584415584415584,2005.5710306406686
5.02,629,156078,83.0,54.0,54.0,328.0,652.0,82176.33106781146,1.2023140962325385,0.5151033386327504,3490.0398406374507
0.54,20,3524,72.0,54.0,54.0,148.25,323.5000000000002,54502.46,0.19741760108732587,0.55,1111.111111111111
1.36,98,18929,69.0,54.0,54.0,256.0,400.0,72790.47657226154,0.19448476052249636,0.5510204081632653,2161.7647058823527
9.21,1385,258471,83.0,54.0,60.0,267.0,445.0,50333.283574137546,1.8129836208303858,0.5140794223826715,4214.983713355048
9.15,1217,254034,112.0,54.0,60.0,292.0,449.0,54791.008532235406,1.5212040611756765,0.4864420706655711,3619.672131147541
9.55,990,182867,78.0,54.0,54.0,266.0,404.2000000000003,42346.749598000206,0.8113714031003912,0.5505050505050505,3040.8376963350784
9.23,716,170359,78.0,54.0,54.0,309.0,688.0,81801.93526068164,0.46466001220843756,0.5586592178770949,2320.6933911159263
4.04,591,120504,83.0,54.0,60.0,279.5,400.0,61804.69020072663,1.938835235586772,0.5262267343485617,4351.485148514852
1.64,279,47006,112.0,54.0,60.0,256.0,364.0,20965.511260132836,1.480658609953032,0.4982078853046595,4792.682926829269
2.21,168,22433,60.0,54.0,54.0,184.0,314.7000000000002,13776.46339994331,0.3891262616880302,0.5952380952380952,2552.0361990950223
9.37,1677,393395,148.0,54.0,60.0,328.0,580.0,56958.3839067193,2.506350550381033,0.45855694692904,4431.163287086447
0.86,46,7840,60.0,54.0,54.0,211.0,364.0,32044.376181474476,0.7144106713317298,0.5652173913043478,1674.4186046511627
3.24,555,153564,112.0,54.0,60.0,412.0,689.0,92435.92849281714,2.4827296849840113,0.4810810810810811,4518.518518518518
6.55,860,213803,112.0,54.0,54.0,325.0,616.0,76464.77086398054,1.29955042161418,0.49534883720930234,3600.0
4.48,920,211241,184.0,54.0,60.0,309.0,512.1000000000003,36246.853165170134,3.278385385020456,0.3978260869565217,4741.071428571428
7.66,1948,1573409,112.0,54.0,60.0,1434.0,2974.0,1382337.3548637787,8.71888048822672,0.4758726899383984,6986.945169712793
6.25,989,337888,220.0,54.0,60.0,436.0,868.0,164717.69478009365,2.1101047477034665,0.43174924165824063,3926.3999999999996
1.1,75,14113,60.0,54.0,54.0,112.0,297.6,145095.84995555552,1.2569966416120262,0.6666666666666666,2345.4545454545455
0.41,29,4960,78.0,54.0,54.0,220.0,342.4,37856.102259215215,0.20593240943350352,0.5517241379310345,2048.7804878048782
1.98,480,148465,220.0,54.0,60.0,482.0,724.0,92938.2816623264,3.4100698054359126,0.42291666666666666,5818.181818181818
7.48,1161,241621,91.0,54.0,60.0,298.0,436.0,62710.66818604354,1.4245747830013546,0.5012919896640827,4347.5935828877
5.95,907,320668,112.0,54.0,60.0,544.0,868.0,200630.78132715166,2.261605435534399,0.4796030871003308,3963.0252100840335
7.47,1223,352190,148.0,54.0,60.0,447.0,724.0,83223.5184421777,2.4596267190569745,0.4562551103843009,4224.899598393575
0.33,22,3692,112.0,54.0,54.0,184.0,320.8000000000002,32773.330578512396,1.0196936542669583,0.45454545454545453,1818.181818181818
4.08,320,63628,66.0,54.0,54.0,267.0,472.0,66002.76109374998,0.2943306413881487,0.5625,2411.7647058823527
3.8,315,86522,66.0,54.0,54.0,364.0,901.6000000000001,131835.33752582516,0.12112887760126467,0.5746031746031746,2510.526315789474
0.15,9,1599,60.0,54.0,54.0,256.0,351.20000000000005,39320.8888888889,0.1561822125813449,0.5555555555555556,2000.0
7.8,1174,273496,97.5,54.0,55.5,292.0,508.0,75885.035943454,1.3459337982381652,0.5,4130.7692307692305
1.77,219,60875,112.0,54.0,54.0,472.0,731.2000000000006,84216.0948687475,1.559170975743053,0.4748858447488584,2847.457627118644
5.3,553,127268,83.0,54.0,54.0,309.0,601.6000000000001,66506.42495152203,0.8138905120932686,0.5280289330922242,3067.9245283018868
5.25,834,274893,112.0,54.0,54.0,455.0,1048.0,158046.305500923,1.0936093403705989,0.48081534772182255,4297.142857142858
3.32,296,74384,78.0,54.0,54.0,328.0,760.0,99126.63458729,0.1961342402752987,0.5574324324324325,2638.55421686747
4.76,889,272436,116.0,54.0,60.0,436.0,724.0,137614.0452398456,1.7931267813570095,0.4701912260967379,4764.705882352941
7.26,1134,289051,112.0,54.0,60.0,408.0,590.0,73528.30733011082,1.8092387237227023,0.4858906525573192,4289.256198347108
6.38,1023,262655,119.0,54.0,60.0,400.0,628.0,69861.88263679267,2.369747899159664,0.46725317693059626,4090.909090909091
2.2,128,16969,60.0,54.0,54.0,184.0,292.0,13454.026306152344,0.29149859197808053,0.5703125,1772.7272727272727
7.47,512,124728,60.0,54.0,54.0,314.25,626.8000000000004,99747.14428710938,0.14707180694526192,0.56640625,2128.5140562249
1.17,99,23220,60.0,54.0,54.0,366.0,652.0,85214.57116620755,0.1477435618605111,0.6262626262626263,2615.3846153846152
6.16,576,135911,83.0,54.0,54.0,328.0,580.0,78822.44082453221,1.438959174517721,0.5225694444444444,2717.5324675324673
2.23,508,323224,223.0,54.0,60.0,688.0,2958.0,895773.8653357308,6.854584335739107,0.42913385826771655,5677.130044843049
7.04,652,202960,60.0,54.0,54.0,292.0,758.5999999999997,329659.8769806918,0.9325474662451677,0.6073619631901841,2957.3863636363635
9.78,674,172971,60.0,54.0,54.0,324.0,796.0,115267.68617536477,0.13986437952644862,0.5756676557863502,2153.3742331288345
9.06,2141,653147,184.0,54.0,60.0,407.0,666.0,149738.29639512894,3.572033572033572,0.4292386735170481,5794.701986754967
9.09,1038,190512,60.0,54.0,54.0,220.0,472.0,39438.308318576186,1.046953401166851,0.5472061657032755,3438.9438943894393
9.3,840,150774,78.0,54.0,54.0,280.0,436.0,33627.40471088436,0.7724146848954354,0.5392857142857143,2696.7741935483873
5.32,398,80158,60.0,54.0,54.0,259.0,580.0,61426.02431756774,0.17637217493395949,0.5703517587939698,2323.308270676692
7.75,874,209070,85.5,54.0,54.0,298.0,633.0,75003.32409972299,1.252326984400586,0.5080091533180778,3119.9999999999995
5.36,408,75802,62.0,54.0,54.0,256.0,541.9000000000001,46108.84772683583,0.20114723965265893,0.5980392156862745,2305.9701492537315
0.62,47,11765,60.0,54.0,54.0,310.0,752.8,106416.30239927571,0.1930838657336984,0.5106382978723404,2322.5806451612902
5.75,413,93824,60.0,54.0,54.0,264.0,610.8000000000003,97598.54745000556,0.15367779062046577,0.6004842615012107,2170.4347826086955
7.85,905,224817,83.0,54.0,54.0,375.0,594.0,87770.22978053175,1.0763327053086558,0.523756906077348,3332.484076433121
0.17,14,3123,60.0,54.0,54.0,406.25,608.2,52444.63775510205,0.1157556270096463,0.5714285714285714,2823.529411764706
7.68,930,225449,112.0,54.0,54.0,355.0,575.0,63314.176655104646,1.5280503257493356,0.4913978494623656,3328.125
4.66,321,74336,60.0,54.0,54.0,364.0,616.0,77992.97314661155,0.14976876556385627,0.5856697819314641,2137.339055793991
6.17,414,104271,60.0,54.0,54.0,328.0,760.0,111902.84819365678,0.13598579350466833,0.5893719806763285,2061.5883306320907
0.11,7,1710,60.0,54.0,54.0,238.0,623.2000000000003,109114.7755102041,0.10465116279069768,0.5714285714285714,2181.818181818182
3.94,531,137867,112.0,54.0,60.0,364.0,652.0,90810.15979514898,1.5704191214855694,0.4952919020715631,3822.3350253807107
5.37,991,298767,256.0,54.0,60.0,447.0,697.0,84575.58160070301,2.1741851175045683,0.43592330978809285,4536.312849162011
6.97,511,120804,78.0,54.0,54.0,296.5,688.0,85057.83822825432,0.20508753553793208,0.5420743639921722,2177.9053084648494
7.32,1207,282877,112.0,54.0,60.0,364.0,541.8000000000002,73846.29604852665,2.3772325692454634,0.4971002485501243,4614.754098360655
6.52,845,159264,83.0,54.0,60.0,267.0,453.0,46297.44952067505,1.3566038294220355,0.514792899408284,3708.588957055215
8.38,850,206819,83.0,54.0,54.0,328.0,666.0,84693.3574934256,1.067383720349064,0.5329411764705883,2957.040572792362
6.5,1434,352223,148.0,54.0,60.0,322.75,616.0,64051.08988764591,2.7443047124982725,0.4316596931659693,5547.692307692308
2.88,217,36197,78.0,54.0,54.0,256.0,436.0,27813.52935929835,0.24585255042334964,0.543778801843318,2250.0
5.05,1258,217010,112.0,54.0,60.0,256.0,416.0,28522.440763217157,1.9284914240988893,0.48012718600953896,6855.445544554455
0.75,475,168495,297.0,60.0,60.0,541.0,784.0,111202.44299168976,5.541208897860942,0.36,13680.0
2.95,213,33152,60.0,54.0,54.0,184.0,421.6000000000008,35424.98066962022,0.2958098811757348,0.6338028169014085,2237.28813559322
1.07,81,16690,60.0,54.0,54.0,328.0,552.0,48794.17040085352,0.17188597107147874,0.5802469135802469,2355.140186915888
7.96,1601,511704,148.0,54.0,60.0,328.0,756.0,259523.71329677227,2.744467860906217,0.4478450968144909,5065.32663316583
6.19,1309,362446,123.0,54.0,60.0,309.0,544.0,179035.63062794393,2.983229479190707,0.45836516424751717,5544.426494345718
2.25,145,27953,60.0,54.0,54.0,256.0,544.0,50417.854744351964,0.1924832558337955,0.5793103448275863,2000.0
8.67,868,224120,83.0,54.0,54.0,328.0,766.0000000000014,101636.4058909724,0.9088663657269398,0.521889400921659,2913.4948096885814
7.46,1396,384760,112.0,54.0,60.0,364.0,658.0,144450.6075935337,2.7717501053807925,0.46060171919770776,4857.908847184986
4.66,1186,263330,112.0,54.0,60.0,269.0,503.0,116752.45428538116,2.2924069466498294,0.4814502529510961,6849.785407725321
6.2,365,63923,60.0,54.0,54.0,256.0,472.0,35499.74708951023,0.21153481672415753,0.5780821917808219,1829.032258064516
6.16,1120,297446,148.0,54.0,60.0,414.0,616.0,73312.83517538266,2.991920764440627,0.44642857142857145,4675.324675324675
5.17,1121,180683,112.0,54.0,60.0,256.0,359.0,36524.76146329779,2.057707603526764,0.4897413024085638,6011.605415860735
6.49,781,199334,83.0,54.0,54.0,328.0,616.0,121065.19330908041,1.4335734342571114,0.5236875800256082,3476.117103235747
4.48,269,63541,60.0,54.0,54.0,299.0,695.2000000000006,86899.93651276239,0.13484309978389383,0.5799256505576208,1888.3928571428569
2.75,167,43791,66.0,54.0,54.0,382.0,616.0,120440.4000143426,0.19448460216578925,0.562874251497006,1832.7272727272727
0.08,9,2986,54.0,54.0,54.0,688.0,738.4000000000001,112686.61728395062,0.09941089837997054,0.5555555555555556,3750.0
3.35,476,134681,78.0,54.0,54.0,436.0,760.0,114844.01569009958,1.554211155151814,0.5273109243697479,4173.134328358209
1.99,95,14772,60.0,54.0,54.0,166.0,349.6000000000003,31180.08155124653,0.2283385997006486,0.5894736842105263,1507.5376884422112
0.93,63,11651,60.0,54.0,54.0,286.0,508.0,33736.599143361054,0.2020014443412772,0.5714285714285714,2064.516129032258
4.6,711,177012,112.0,54.0,54.0,400.0,580.0,68203.36705300077,1.7136593591905565,0.4838255977496484,4200.0
7.84,1386,314245,112.0,54.0,60.0,298.0,485.0,90968.76223219621,1.7177005768449092,0.487012987012987,4767.857142857143
1.74,329,58029,148.0,58.800000000000026,60.0,220.0,298.0,22410.1869531878,2.637497649344951,0.4376899696048632,4793.103448275861
2.06,138,15139,60.0,54.0,54.0,142.75,220.0,7259.00593362739,0.37527252906976744,0.5942028985507246,2126.21359223301
4.43,328,77891,60.0,54.0,54.0,296.25,688.0,126292.99314953896,0.3426241941600303,0.551829268292683,2248.3069977426635
0.95,65,13821,60.0,54.0,54.0,292.0,551.2,68367.40213017752,0.14954670215420443,0.5692307692307692,2210.5263157894738
8.33,1067,228406,103.0,54.0,60.0,286.0,580.0,62620.68947174721,1.3170548612238273,0.4985941893158388,3587.0348139255702
0.82,68,13425,69.0,54.0,54.0,265.0,590.0,47771.39165224913,0.13559465403485027,0.5735294117647058,2487.8048780487807
9.38,1188,267095,97.0,54.0,60.0,309.0,569.2999999999995,80909.33806853609,1.6251154836553772,0.5,3498.933901918976
6.36,864,228585,132.0,54.0,60.0,432.0,656.2000000000003,65869.56972173999,2.1043825458693792,0.4664351851851852,3471.6981132075466
9.7,1325,212289,83.0,54.0,60.0,256.0,364.0,20831.35846436454,1.1691581431943352,0.5215094339622641,3977.3195876288664
8.93,863,185280,91.0,54.0,54.0,328.0,509.0,47685.7886754148,0.9374268027438515,0.5017381228273464,2754.759238521837
4.32,346,76315,62.0,54.0,54.0,328.0,590.0,70300.57543686725,0.16522124164045562,0.5780346820809249,2416.6666666666665
3.64,684,180953,148.0,54.0,60.0,340.0,583.0,91709.77077348587,2.8610719924892245,0.4502923976608187,4730.7692307692305
7.35,1385,298402,112.0,54.0,60.0,298.0,472.0,65734.48025440186,1.9369119326010786,0.49747292418772565,5248.9795918367345
1.02,330,61550,148.0,60.0,60.0,278.0,298.0,75980.63764921945,3.2506906077348066,0.4121212121212121,7647.058823529411
5.34,293,39527,60.0,54.0,54.0,184.0,292.0,12851.615441065127,0.29118348414072454,0.5665529010238908,1707.8651685393259
2.49,793,191139,256.0,54.0,60.0,400.0,510.80000000000007,38940.866516445116,3.379903758020165,0.4073139974779319,7590.361445783132
1.92,326,63421,98.5,54.0,60.0,328.0,364.0,31254.340180285293,2.1312827095882296,0.5,4656.25
6.12,1190,788880,148.0,54.0,60.0,688.0,2958.0,987685.8850363676,7.2498980370831285,0.46974789915966386,5205.882352941176
3.49,264,67232,60.0,54.0,54.0,313.75,760.0,103709.38888888888,0.13923578751164958,0.5606060606060606,2303.724928366762
0.08,7,1272,83.0,54.0,54.0,169.5,428.8000000000002,47180.77551020409,0.2385589094449854,0.7142857142857143,2250.0
7.24,871,229259,64.0,54.0,54.0,387.0,760.0,119750.8016993545,0.8068108380751225,0.5430539609644087,3613.259668508287
2.76,193,54350,60.0,54.0,54.0,364.0,932.8000000000004,141962.07291470908,0.12721918035506885,0.5647668393782384,2173.913043478261
1.52,101,26280,60.0,54.0,54.0,332.0,590.0,126451.12910498974,0.11497666525243955,0.5247524752475248,2092.1052631578946
6.92,804,194968,83.0,54.0,54.0,387.0,605.0,80750.14054107571,1.0262731240906255,0.5161691542288557,3329.4797687861274
1.69,594,92948,148.0,60.0,60.0,220.0,297.0,17098.508780283188,2.3314695340501794,0.43097643097643096,8769.23076923077
3.29,401,78777,112.0,54.0,54.0,298.0,455.0,29743.67905672229,1.4450479530711693,0.46384039900249374,3155.0151975683893
7.96,1536,406521,148.0,54.0,60.0,436.0,580.0,96026.09481430054,2.258763737805318,0.4635416666666667,4952.261306532664
8.54,876,188688,66.0,54.0,54.0,292.0,546.0,76831.50200162633,0.5820505080994064,0.5422374429223744,3091.3348946135834
5.47,927,240438,112.0,54.0,60.0,297.0,580.0,112914.20129659305,2.3341376154422164,0.4703344120819849,4508.226691042048
1.19,396,55484,112.0,60.0,60.0,148.0,298.0,17838.44725028059,1.649286157666046,0.4595959595959596,9075.630252100842
5.3,669,107673,91.0,54.0,60.0,184.0,400.0,22351.160034051227,1.872965473077539,0.5037369207772795,3679.245283018868
4.89,500,71001,91.0,54.0,60.0,148.0,328.0,13267.305996,0.9894922663080027,0.504,2883.4355828220864
0.3,26,4125,71.5,54.0,54.0,139.0,400.0,41424.14940828402,0.2707948243992606,0.5769230769230769,2600.0
0.98,73,11409,66.0,54.0,54.0,220.0,400.0,23927.93094389191,0.2980998975992718,0.5753424657534246,2265.3061224489797
5.68,401,75546,60.0,54.0,54.0,256.0,472.0,50041.954477895044,0.18559322033898304,0.5885286783042394,2144.366197183099
1.49,83,16877,60.0,54.0,54.0,256.0,561.5999999999999,52882.29583393815,0.16610239756788503,0.5542168674698795,1691.275167785235
7.17,500,106137,60.0,54.0,54.0,256.0,590.0,70780.72692400002,0.18350802854594112,0.584,2150.6276150627614
8.74,1291,258069,105.0,54.0,60.0,297.0,508.0,46377.84795290761,1.619138959931799,0.49961270333075136,4173.913043478261
2.43,170,33748,60.0,54.0,54.0,292.0,508.0,49587.09674740484,0.18057790526831316,0.5941176470588235,2172.8395061728393
6.62,717,135504,60.0,54.0,54.0,256.0,472.0,51643.022157641964,0.6982792114201206,0.5606694560669456,3271.90332326284
2.23,151,30901,60.0,54.0,54.0,313.5,580.0,46679.567475110736,0.16234718826405867,0.5496688741721855,2071.748878923767
1.04,73,13315,78.0,54.0,54.0,184.0,536.8,46513.47232126102,0.20541372442513126,0.5616438356164384,2076.923076923077
8.66,1445,288800,91.0,54.0,60.0,297.0,436.0,57403.20437255302,1.9858770496887987,0.5003460207612457,4662.817551963049
0.42,32,6058,86.0,54.0,54.0,323.5,470.6,30433.40234375,0.20485282418456643,0.5,2285.714285714286
5.65,647,121956,83.0,54.0,54.0,292.0,436.0,40643.9037574443,1.131203690759122,0.517774343122102,3313.2743362831857
6.1,1024,175546,83.0,54.0,60.0,292.0,364.0,22698.33907699585,1.8084663872268263,0.513671875,4898.360655737705
0.39,21,2397,60.0,54.0,54.0,91.0,184.0,13091.836734693878,0.33835845896147404,0.7619047619047619,1692.3076923076922
9.05,1205,243373,112.0,54.0,54.0,297.0,472.0,42070.048019834365,1.0314941569282137,0.4921161825726141,3686.187845303867
1.33,297,74255,83.0,54.0,60.0,301.0,666.4000000000012,100474.27244385495,2.981287866602327,0.5252525252525253,6541.353383458646
4.54,616,112307,83.0,54.0,60.0,297.0,400.0,31808.88193361022,1.4155159805566309,0.5048701298701299,3885.462555066079
4.49,496,114062,78.0,54.0,54.0,292.0,580.0,83970.96239268991,1.2554823910937098,0.5241935483870968,3287.305122494432
9.37,1473,348412,112.0,54.0,60.0,298.0,513.5999999999997,75956.03850526955,2.3281305224144355,0.46300067888662594,4143.009605122733
1.56,161,29609,60.0,54.0,54.0,184.0,508.0,56069.836040276234,0.22940541438299286,0.6149068322981367,3423.076923076923
8.2,842,604223,83.0,54.0,54.0,859.0,2854.0,1126215.1274380644,3.518805202186773,0.5142517814726841,2846.3414634146343
2.31,453,200950,60.0,54.0,60.0,400.0,1514.0,581842.0769946738,2.0346733516566493,0.5386313465783664,6025.974025974026
6.64,794,142028,78.0,54.0,54.0,292.0,445.0,31568.967133856568,1.2461767171166043,0.5365239294710328,3524.0963855421687
3.35,210,42199,60.0,54.0,54.0,296.5,567.3999999999999,45674.678208616795,0.17785469059647752,0.5571428571428572,1934.3283582089553
5.95,1354,435328,148.0,54.0,60.0,446.0,743.0,160265.32517471074,3.002316836598663,0.4423929098966027,5788.235294117647
1.19,325,113419,321.0,54.0,60.0,544.0,742.0,76429.19350532543,4.946573690557332,0.3169230769230769,5092.436974789916
7.25,1811,427700,112.0,54.0,60.0,328.0,472.0,70537.28711741029,2.734881893201764,0.43787962451684154,6240.0
0.27,142,33446,78.0,54.0,60.0,298.0,593.0,95568.91073199763,3.329018897230132,0.5070422535211268,15555.555555555553
3.9,640,161233,84.0,54.0,60.0,328.0,719.1000000000009,103815.68991943359,2.151728991144907,0.515625,4507.692307692308
9.1,868,203387,78.0,54.0,54.0,292.0,540.9000000000002,149765.20031615664,1.1884159332027804,0.5472350230414746,2835.164835164835
3.53,570,155354,103.0,54.0,60.0,364.0,652.0,134574.2193413358,2.510507524743526,0.4982456140350877,4538.2436260623235
6.25,890,190740,108.5,54.0,60.0,298.0,508.1,50677.67855068804,1.5251201397990388,0.49550561797752807,4089.6
9.52,1321,278558,112.0,54.0,60.0,300.0,508.0,44246.81025259578,1.7904633107938892,0.49735049205147613,3819.3277310924373
2.7,458,79094,66.0,54.0,60.0,256.0,436.0,29616.779924105176,2.0163221722217983,0.5414847161572053,5155.555555555555
9.34,1226,263599,97.0,54.0,55.5,297.0,508.0,56519.62392653464,1.5580711526890902,0.5,3610.2783725910062
3.42,538,98453,112.0,54.0,60.0,298.0,400.0,23567.236056024652,2.052995534606797,0.4851301115241636,4280.701754385965
4.3,701,171869,184.0,54.0,60.0,312.0,580.0,62350.630621427306,2.6603697235592283,0.42368045649072755,3948.8372093023254
5.04,696,187776,83.0,54.0,54.0,298.0,634.0,161646.98592944906,1.8347826086956522,0.5172413793103449,3892.8571428571427
5.51,416,74553,60.0,54.0,54.0,220.0,493.0,40641.971055612055,0.28133163756359136,0.5721153846153846,2330.3085299455533
4.9,1174,215106,112.0,54.0,60.0,292.0,389.0,35279.62404917447,2.2176449470472086,0.4727427597955707,6440.816326530611
8.26,1339,302000,112.0,54.0,60.0,298.0,544.0,73717.05485406218,1.7750976338157594,0.4899178491411501,4489.10411622276
1.78,107,12359,60.0,54.0,54.0,148.0,202.00000000000017,13152.343436107956,0.6025674273858921,0.5514018691588785,1820.2247191011236
7.86,1857,1212804,108.0,54.0,60.0,380.0,2974.0,1140879.8938966473,6.823936211390086,0.4991922455573506,6793.893129770992
9.22,1116,244104,83.0,54.0,54.0,364.0,512.0,48355.59440397734,1.1505065632983877,0.507168458781362,3396.9631236442515
5.7,447,102819,66.0,54.0,54.0,302.5,666.4000000000012,85249.72890110055,0.14718778939382104,0.5950782997762863,2410.5263157894738
6.66,890,184137,83.0,54.0,60.0,256.0,445.0,70074.23065395784,1.2490289957739942,0.5089887640449439,3837.837837837838
0.44,38,7547,60.0,54.0,54.0,298.0,580.0,37381.55470914127,0.18869113246180502,0.5263157894736842,2727.2727272727275
3.68,762,169523,112.0,54.0,60.0,298.0,520.1999999999998,47732.658615261666,2.2253848056469874,0.4816272965879265,5739.130434782608
2.22,118,14185,60.0,54.0,54.0,148.0,256.0,8775.590706693478,0.2772375292634612,0.5932203389830508,1729.7297297297296
1.69,388,177118,148.0,54.0,60.0,436.0,807.0,606197.6880380488,9.17510197047165,0.4484536082474227,5928.994082840237
8.88,751,136212,78.0,54.0,54.0,292.0,436.0,38277.74947916759,0.5396231533496852,0.5552596537949401,2506.756756756756
1.16,441,158284,279.0,54.0,60.0,544.0,1020.0,144660.8667170572,4.34147740694496,0.40589569160997735,8948.275862068967
5.49,565,113614,78.0,54.0,54.0,292.0,529.0000000000007,48285.26150520793,0.9422856654414907,0.536283185840708,3071.03825136612
3.94,255,65205,62.0,54.0,54.0,400.0,724.0,101814.9997693195,0.12694434842723817,0.5882352941176471,1949.238578680203
6.22,968,307302,148.0,54.0,58.5,472.0,805.3000000000021,131729.93647547983,1.1311852863869951,0.4731404958677686,4109.324758842444
9.2,690,154024,60.0,54.0,54.0,292.0,594.4000000000005,81478.32699852972,0.1687876097464733,0.5811594202898551,2321.739130434783
3.46,246,73691,60.0,54.0,54.0,328.0,1012.0,159218.02724899203,0.10826866389941647,0.556910569105691,2184.971098265896
4.17,1223,315645,148.0,54.0,60.0,328.0,543.0,94286.98358593034,2.921884124597741,0.45216680294358136,7467.625899280576
8.41,1209,359243,184.0,54.0,60.0,445.0,688.0,96336.67501732594,2.4974735919778026,0.42349048800661704,3403.091557669441
4.36,721,151317,83.0,54.0,60.0,267.0,455.0,71774.99445792078,1.8747815183524583,0.5020804438280166,4733.94495412844
7.17,797,192243,83.0,54.0,54.0,320.0,616.0,83966.84495024473,1.0247827689715099,0.5232120451693852,3154.8117154811716
7.92,520,120927,60.0,54.0,54.0,319.0,616.0,86776.574227071,0.14693413003272157,0.5865384615384616,2015.151515151515
3.74,597,160159,84.0,54.0,60.0,363.0,689.9999999999999,122334.48324256684,1.6332412613856828,0.5192629815745393,4395.721925133689
1.59,104,21860,60.0,54.0,54.0,328.0,533.2,63856.36686390533,0.16848407098567458,0.6057692307692307,1999.9999999999998
3.37,571,140431,112.0,54.0,60.0,328.0,616.0,62231.78083124514,1.9691312345391885,0.46059544658493873,4504.451038575668
7.52,683,121100,78.0,54.0,54.0,256.0,467.0000000000017,36964.23871945534,0.8496739014220036,0.5314787701317716,2688.8297872340427
7.98,965,269642,83.0,54.0,54.0,400.0,836.8000000000002,118778.36201347687,1.7656440710996235,0.5274611398963731,3443.6090225563908
3.14,471,103304,112.0,54.0,60.0,294.5,596.0,48541.137986215355,1.716596102769085,0.4819532908704883,4184.713375796178
3.57,615,120831,112.0,54.0,60.0,338.5,436.0,33698.24277612533,2.2885447568244293,0.46504065040650405,4436.9747899159665
7.84,861,147632,60.0,54.0,54.0,184.0,445.0,49362.857420739456,0.4148585448133098,0.5714285714285714,3512.755102040817
6.99,1651,506514,148.0,54.0,60.0,328.0,722.0,219081.34690536838,4.097252691959344,0.43791641429436706,6000.0
9.9,1137,351951,83.0,54.0,54.0,450.0,837.0,149217.03438433315,1.1868460295762395,0.5294635004397538,3248.4848484848485
8.45,1216,333270,112.0,54.0,60.0,364.0,667.0,126498.7449981605,2.2348773101413264,0.48848684210526316,3962.1301775147936
0.98,72,15194,71.5,54.0,54.0,298.25,540.4,63189.499228395056,0.18453262649099555,0.5416666666666666,2204.0816326530617
0.51,35,6789,60.0,54.0,54.0,238.0,500.8000000000002,62816.770612244894,0.1253107906514172,0.6571428571428571,2235.2941176470586
3.51,297,67953,60.0,54.0,54.0,292.0,630.4000000000012,93834.52484440364,0.14588040875518532,0.6127946127946128,2615.3846153846157
0.73,52,12064,60.0,54.0,54.0,231.75,589.0,111666.38461538461,0.15644171779141106,0.5769230769230769,2219.178082191781
5.95,745,212618,78.0,54.0,54.0,446.0,790.8000000000003,132083.72049186972,0.5641612288587592,0.5275167785234899,3751.2605042016808
9.56,1258,468543,112.0,54.0,54.0,544.0,979.0,232186.6354883594,2.1212062671534015,0.4666136724960254,3433.0543933054387
2.7,619,171736,148.0,54.0,60.0,400.0,688.0,98027.59062639467,3.488773883269296,0.45395799676898224,6066.666666666666
6.59,530,101014,60.0,54.0,54.0,256.0,509.50000000000034,55030.66786756853,0.37245417861170366,0.5981132075471698,2494.688922610015
3.2,605,158087,112.0,54.0,60.0,329.0,724.0,86054.49462741616,2.4825527602766884,0.4644628099173554,5137.5
8.42,582,115819,60.0,54.0,54.0,268.25,561.0999999999996,57424.159790862184,0.19260868669810738,0.5910652920962199,2144.893111638955
8.7,618,159028,60.0,54.0,54.0,328.0,714.200000000001,116134.94494192563,0.14012460299821483,0.580906148867314,2165.5172413793107
9.21,902,196555,78.0,54.0,54.0,300.75,540.0,62445.270206390334,1.0103815076199243,0.5277161862527716,2853.420195439739
1.38,106,19291,60.0,54.0,54.0,211.0,490.0,54111.726326094686,0.2059136088016503,0.6037735849056604,2391.304347826087
9.97,1511,713015,112.0,54.0,60.0,364.0,1506.0,691433.8307518524,3.6499563056776534,0.4771674387822634,4146.439317953861
0.17,13,2711,78.0,54.0,54.0,91.0,332.8000000000002,147380.55621301776,2.3263803680981594,0.7692307692307693,2117.6470588235293
4.1,507,104883,112.0,54.0,54.0,310.0,533.4000000000001,45185.90415835113,1.7374588923109047,0.4891518737672584,3278.0487804878053
9.05,1555,415539,112.0,54.0,60.0,328.0,561.0,167325.40926748072,2.8315475970936452,0.490032154340836,4740.331491712706
4.45,452,80540,112.0,54.0,54.0,256.0,436.0,33290.947764116216,0.6999092424913992,0.48672566371681414,2885.393258426966
4.72,453,88050,60.0,54.0,54.0,256.0,536.8000000000004,52834.68806923674,0.7934251262832003,0.5695364238410596,2974.576271186441
9.92,1163,256932,112.0,54.0,60.0,297.0,512.0,58664.577712486374,1.8561011127291323,0.48495270851246775,3235.8870967741937
2.17,210,35299,62.0,54.0,54.0,220.0,418.0,31821.787052154195,0.4796076623213313,0.5761904761904761,2958.52534562212
5.56,401,90997,60.0,54.0,54.0,292.0,688.0,86670.5978942917,0.15542942759916706,0.6084788029925187,2233.812949640288
6.14,704,195684,82.5,54.0,54.0,400.0,724.0,118230.33932722108,0.888331339020342,0.5269886363636364,3351.7915309446253
0.52,43,8070,83.0,54.0,54.0,236.0,464.8000000000002,45234.545159545705,0.2509688420399938,0.5348837209302325,2423.0769230769233
8.47,541,130573,60.0,54.0,54.0,328.0,724.0,98804.65038728171,0.13944011030245912,0.5951940850277264,1997.6387249114518
4.7,684,159915,83.0,54.0,60.0,297.0,609.400000000001,93137.46189212064,1.9773785142431577,0.5043859649122807,4225.531914893617
4.39,706,191944,112.0,54.0,60.0,447.5,814.0,80571.00146056866,2.402417839543376,0.4745042492917847,4291.5717539863335
1.06,84,12963,60.0,54.0,54.0,157.75,436.0,28923.14668367346,0.23351413074507565,0.6547619047619048,2490.566037735849
3.07,535,139595,148.0,54.0,60.0,364.0,607.0,84807.22057821644,2.839457615930469,0.4542056074766355,4534.201954397394
2.5,173,24048,60.0,54.0,54.0,184.0,328.0,16279.55487988239,0.31740988276542126,0.5722543352601156,2160.0
5.15,372,64133,60.0,54.0,54.0,186.5,472.0,38916.170214764716,0.21854040394444338,0.6129032258064516,2225.2427184466014
5.35,565,130859,74.0,54.0,54.0,298.0,616.0,78814.6700101809,0.7535544388609715,0.5504424778761062,3162.6168224299067
3.09,221,47431,83.0,54.0,54.0,297.0,616.0,66038.57046334022,0.24857849847320207,0.579185520361991,2058.2524271844663
5.34,355,80755,60.0,54.0,54.0,292.0,652.0,85794.82983535015,0.15390660722450847,0.5802816901408451,2089.887640449438
0.22,18,3366,83.0,54.0,54.0,238.0,425.2000000000002,46889.0,0.16875,0.5,2454.5454545454545
6.05,1095,195391,83.0,54.0,60.0,292.0,446.0,30824.679188507333,1.9657271223229058,0.5031963470319635,5117.355371900827
4.04,239,46757,60.0,54.0,54.0,286.0,544.0,56244.26498135534,0.16452890338970386,0.5857740585774058,1900.990099009901
3.5,824,188054,148.0,54.0,60.0,309.0,533.0,60084.317719624836,2.4305781053322875,0.4550970873786408,6137.142857142857
9.43,873,218087,97.0,54.0,54.0,299.0,431.6000000000015,178941.50809377414,1.6814414990409678,0.5005727376861397,2557.79427359491
1.1,80,14771,60.0,54.0,54.0,259.5,443.2000000000006,47930.381093749995,0.22458962029514176,0.5625,2236.3636363636365
2.03,602,203708,148.0,54.0,60.0,510.0,971.0,127181.02423814306,3.73629388514299,0.4485049833887043,7507.389162561576
6.23,632,96691,83.0,54.0,54.0,241.75,300.0,18584.947722219997,0.9969640017348561,0.5253164556962026,2879.6147672552165
2.88,829,196203,112.0,54.0,60.0,364.0,508.0,72763.54651716063,2.893921051064759,0.4632086851628468,7708.333333333333
3.56,238,37358,60.0,54.0,54.0,220.0,400.0,25961.914836522843,0.22742804573531344,0.6050420168067226,2106.741573033708
8.73,1365,275218,112.0,54.0,60.0,297.0,456.2000000000003,49838.96553341652,1.8415466418873574,0.4827838827838828,4233.676975945016
2.04,151,22363,60.0,54.0,54.0,245.5,364.0,19000.009999561422,0.2704806272014544,0.6423841059602649,2323.529411764706
4.9,318,57237,66.0,54.0,54.0,256.0,472.0,34409.92758395633,0.19500177464141805,0.5534591194968553,1959.1836734693875
6.17,425,89967,66.0,54.0,54.0,292.0,580.0,61454.44089134947,0.16581358282256287,0.548235294117647,2081.0372771474877
1.24,87,19968,78.0,54.0,54.0,364.0,608.8000000000004,59939.90487514863,0.13992121938688132,0.5287356321839081,2080.6451612903224
9.53,674,160616,60.0,54.0,54.0,301.0,688.0,95417.87871690339,0.150074826181287,0.5741839762611276,2146.9045120671562
5.44,853,205073,83.0,54.0,60.0,328.0,544.0,82671.68454485858,2.178095990825546,0.5029308323563892,4444.85294117647
5.59,655,174407,112.0,54.0,54.0,353.5,711.6000000000007,86450.31323582541,1.140908867720711,0.47938931297709925,3080.500894454383
5.54,473,98706,60.0,54.0,54.0,270.0,544.0,66392.37377362791,0.3734537409381218,0.5687103594080338,2653.4296028880867
0.23,17,8270,60.0,54.0,54.0,1048.0,1177.6000000000001,245624.7197231834,0.04789660415610745,0.5294117647058824,2347.8260869565215
6.04,783,234095,91.0,54.0,54.0,445.0,804.8000000000008,136541.5471032754,0.7539410195702341,0.5095785440613027,3516.5562913907283
1.29,119,47447,60.0,54.0,60.0,440.5,932.8000000000003,514774.6578631452,4.187165190772931,0.5378151260504201,2930.232558139535
2.1,95,12016,60.0,54.0,54.0,148.0,256.0,19946.291855955682,0.2974840729942771,0.5473684210526316,1399.9999999999998
3.75,270,45551,61.0,54.0,54.0,220.0,436.0,33388.42179698217,0.3425388310884494,0.5740740740740741,2192.0
8.6,647,155450,60.0,54.0,54.0,328.0,630.3999999999992,101312.73158006636,0.14297268482776368,0.5795981452859351,2295.348837209302
5.88,553,149445,91.0,54.0,54.0,436.0,698.4000000000001,91477.94221229591,0.8579136467048746,0.5009041591320073,2520.408163265306
5.13,1060,420453,112.0,54.0,60.0,400.0,1014.5000000000003,454352.56786311854,3.7281222589568856,0.49339622641509434,5812.8654970760235
1.55,107,18846,78.0,54.0,54.0,261.0,436.0,29566.880076862606,0.21203935944433724,0.5700934579439252,2051.6129032258063
5.76,655,147870,78.0,54.0,54.0,292.0,586.0000000000002,74373.82124584813,0.7568852030511133,0.5221374045801527,3343.75
4.23,371,87657,78.0,54.0,54.0,256.0,544.0,124607.85311062839,0.26032695432128944,0.5579514824797843,2567.3758865248224
8.73,868,200212,78.0,54.0,54.0,298.0,616.0,70486.80767270489,0.6506067801081652,0.5241935483870968,2893.4707903780063
1.79,92,20519,72.0,54.0,54.0,266.25,612.4000000000002,87380.66198015121,0.1495882122247745,0.5217391304347826,1541.8994413407822
5.98,1259,318317,112.0,54.0,60.0,330.0,594.0,84960.72992231943,2.1990693747927197,0.4630659253375695,5528.428093645485
6.66,1397,349038,112.0,54.0,60.0,297.0,544.0,131125.35420773324,2.774689622355842,0.4652827487473157,5459.459459459459
6.6,1275,1076424,83.0,54.0,60.0,1506.0,2974.0,1391851.791110496,7.318835203561161,0.5121568627450981,5572.727272727273
0.92,72,21228,64.0,54.0,54.0,337.0,990.3999999999996,171105.72222222222,0.7843153736236026,0.5416666666666666,2413.0434782608695
8.06,1653,362050,112.0,54.0,60.0,298.0,541.0,65698.07010370702,2.02646537599893,0.4724742891712039,5583.126550868486
3.26,182,50374,60.0,54.0,54.0,364.0,828.4000000000002,113792.50114720446,0.11793164669329782,0.5494505494505495,1730.0613496932517
9.22,1551,401057,112.0,54.0,60.0,328.0,580.0,87585.9406293895,1.808876469022706,0.463571889103804,4431.670281995662
2.55,210,34761,60.0,54.0,54.0,184.0,418.89999999999986,41897.40156462585,0.2739500109946493,0.6095238095238096,2705.8823529411766
0.25,28,7212,78.0,54.0,54.0,313.0,837.2000000000003,109007.45918367345,0.12916862376702679,0.6071428571428571,3120.0
1.54,133,46303,78.0,54.0,54.0,440.0,847.9999999999998,336062.2577873254,1.0109880564603693,0.5864661654135338,2571.4285714285716
3.87,526,179219,83.0,54.0,60.0,508.0,832.0,243791.26220199803,2.650825015278061,0.5076045627376425,3798.4496124031007
0.36,16,4503,73.5,54.0,54.0,364.0,814.0,99983.12109375,0.10611643330876934,0.5625,1333.3333333333333
2.84,206,64157,60.0,54.0,54.0,391.0,1048.0,175697.28544160616,0.10743445014067975,0.5679611650485437,2281.6901408450703
7.94,1545,387682,112.0,54.0,60.0,299.0,580.0,122056.07944030748,2.2057585605252497,0.47508090614886733,5251.889168765743
7.33,1094,315175,112.0,54.0,60.0,328.0,823.7,149822.10539539254,1.9690635215208236,0.48628884826325414,4125.511596180082
7.4,1185,398732,145.0,54.0,60.0,447.0,742.4000000000005,221629.2606711887,2.4905455564115133,0.47172995780590715,4159.459459459459
5.54,656,183319,83.0,54.0,54.0,400.0,868.0,125214.70783527291,1.0432572810664407,0.5457317073170732,3400.7220216606497
6.7,785,189224,78.0,54.0,54.0,299.0,586.0000000000002,117978.02173556738,0.8826572744729327,0.5286624203821656,3465.6716417910447
3.48,288,70931,83.0,54.0,54.0,298.5,662.8000000000004,115323.28847173997,0.22754097225827666,0.5798611111111112,2379.310344827586
1.76,150,42620,72.0,54.0,54.0,400.0,833.4999999999999,139062.67555555553,0.12638088693905597,0.5666666666666667,2556.818181818182
4.32,373,128562,78.0,54.0,54.0,508.0,1156.0,197409.79206348065,0.10870408858456151,0.5683646112600537,2583.333333333333
1.81,151,46049,60.0,54.0,54.0,444.0,832.0,160039.90570589012,0.11240216446033433,0.5629139072847682,2618.7845303867402
9.82,1357,376996,103.0,54.0,54.0,395.0,688.0,119653.17902912326,1.548027792046284,0.49963154016212236,3885.947046843177
9.12,1681,507429,184.0,54.0,60.0,400.0,724.0,128878.75949098312,3.793985658544881,0.4271267102914932,4467.105263157895
2.13,356,96630,60.0,54.0,60.0,269.0,477.0,300190.86343264737,2.8154465766406065,0.5308988764044944,5239.43661971831
3.15,216,37979,60.0,54.0,54.0,226.5,472.0,40185.70676868999,0.20095497090817102,0.5925925925925926,2133.3333333333335
6.42,953,203918,112.0,54.0,54.0,298.0,479.0,39554.79265014992,1.4569913850231941,0.48478488982161594,3915.88785046729
3.53,701,286645,151.0,54.0,60.0,607.0,986.0,233224.95600131055,3.987212053726773,0.4479315263908702,4997.167138810199
3.73,258,39871,60.0,54.0,54.0,220.0,374.8000000000004,21388.953924043024,0.25270202337564407,0.562015503875969,2155.4959785522788
8.11,1335,317577,112.0,54.0,60.0,364.0,544.0,52033.353906493285,1.6839383055144728,0.47116104868913855,4335.388409371147
2.75,171,41242,70.0,54.0,54.0,298.0,796.0,92469.45836325709,0.14647096433436188,0.5380116959064327,1854.5454545454547
4.87,913,485600,148.0,54.0,60.0,447.0,2878.0,765547.9378551745,5.934171069541625,0.452354874041621,4891.170431211499
2.5,193,39592,83.0,54.0,54.0,297.0,580.0,48850.669548175785,0.18934182462675359,0.533678756476684,2208.0
0.65,34,7161,86.0,54.0,54.0,274.0,549.9999999999999,62298.58910034603,0.17915363082496294,0.5,1569.2307692307693
2.48,519,146035,184.0,54.0,60.0,436.0,659.1999999999996,83271.59919216218,2.3790318848627887,0.4393063583815029,5322.580645161291
5.61,1092,228059,112.0,54.0,60.0,292.0,447.0,51888.72421725101,2.0140619837441354,0.46794871794871795,5122.994652406417
0.01,6,2752,402.5,54.0,54.0,758.5,919.5,175283.88888888885,0.06254826254826255,0.5,18000.0
1.08,275,121745,220.0,54.0,60.0,616.0,760.0,390658.6426446281,4.572363603075797,0.4036363636363636,5555.555555555555
9.34,1384,366434,112.0,54.0,60.0,301.0,544.0,158152.75810042102,2.155567803105328,0.4667630057803468,3873.661670235546
8.68,839,231273,83.0,54.0,54.0,436.0,742.0,108305.79984401658,0.7304247630021474,0.5232419547079857,2764.9769585253457
9.45,1524,379308,112.0,54.0,60.0,299.0,593.0,99915.21750676833,2.2922040724217543,0.4776902887139108,4342.857142857143
5.78,832,193570,112.0,54.0,54.0,390.25,552.0999999999998,62250.62222055288,1.5128844231543146,0.49158653846153844,3882.3529411764703
8.19,2053,507782,148.0,54.0,60.0,309.0,513.0,79802.4249502172,3.2725329833064083,0.4296151972722845,6197.802197802199
7.18,429,64883,66.0,54.0,54.0,184.0,364.0,21770.80370134916,0.2756674924304982,0.5757575757575758,1830.08356545961
6.17,656,143884,83.0,54.0,54.0,301.0,540.0,61190.60399315883,0.9692063448615654,0.5304878048780488,3082.6580226904375
4.14,683,231918,112.0,54.0,60.0,509.0,932.8000000000025,163863.1895543089,2.225383845126836,0.46266471449487556,4362.318840579711
0.46,57,10608,60.0,54.0,60.0,148.0,443.59999999999985,83872.86611265002,1.9598214285714286,0.6140350877192983,4565.217391304348
0.71,29,5227,112.0,54.0,54.0,256.0,427.5999999999999,30796.94173602853,0.22269005847953216,0.4827586206896552,1183.0985915492959
2.01,406,75503,112.0,54.0,60.0,299.5,378.0,25988.25759542818,1.941407923954965,0.4753694581280788,5283.582089552239
1.04,56,9085,60.0,54.0,54.0,218.5,436.0,23937.106823979593,0.22753681934873665,0.5892857142857143,1673.076923076923
7.92,558,115463,60.0,54.0,54.0,296.75,580.0,58847.08187523284,0.1681336247015499,0.5752688172043011,2189.3939393939395
2.71,191,68942,60.0,54.0,54.0,454.0,1494.0,235421.30144458756,0.09294693955199036,0.5340314136125655,2125.461254612546
1.18,104,27160,78.0,54.0,54.0,299.5,796.0,109995.66863905327,0.1266437134442278,0.5769230769230769,2542.3728813559323
4.03,295,67675,62.0,54.0,54.0,299.0,652.0,80019.13622522264,0.1500356863678075,0.5830508474576271,2233.2506203473945
3.98,589,169947,83.0,54.0,60.0,328.0,724.0,174798.49327080228,1.9245740836344862,0.5195246179966044,4206.030150753769
7.05,525,112988,60.0,54.0,54.0,292.0,590.0,65906.04319637187,0.15809109917592554,0.5828571428571429,2306.3829787234044
5.81,730,191819,112.0,54.0,60.0,299.0,563.0,135955.85882717208,1.9068329570079863,0.4917808219178082,3449.225473321859
4.99,591,139767,83.0,54.0,54.0,297.0,616.0,94456.61204016251,1.3434324804667852,0.5279187817258884,3450.9018036072143
4.3,305,77219,60.0,54.0,54.0,328.0,745.6000000000008,104479.72603063693,0.1271201284484017,0.5475409836065573,2204.6511627906975
5.75,409,93340,60.0,54.0,54.0,269.0,616.0,91272.20309539039,0.1492950809579511,0.5550122249388753,2149.565217391304
5.58,947,248416,112.0,54.0,60.0,328.0,626.0,94091.68288453839,1.5258106170755763,0.4656810982048574,4387.096774193548
3.45,700,183868,112.0,54.0,60.0,400.0,585.0,80185.98444081632,2.6494779881703785,0.4614285714285714,5200.0
1.16,90,20379,60.0,54.0,54.0,256.0,580.0,108640.02333333333,0.15487929275756546,0.6111111111111112,2482.7586206896553
4.53,344,99699,60.0,54.0,54.0,400.0,821.1999999999996,145504.84355563816,0.1398600599089932,0.5552325581395349,2317.880794701987
0.43,32,8358,72.0,54.0,54.0,346.0,680.8000000000002,107252.58984375,0.11336086319435194,0.59375,2232.5581395348836
4.89,1149,695035,112.0,54.0,60.0,544.0,2878.0,911442.3563699772,7.65300100842847,0.46475195822454307,6196.319018404909
2.91,719,341983,246.0,54.0,60.0,542.0,1336.0,395891.10744911124,4.886110154905336,0.42141863699582754,5876.288659793814
9.19,1937,1066258,184.0,54.0,60.0,712.0,1493.8000000000006,580858.9903770527,4.245835342274351,0.4414042333505421,5347.1164309031565
5.3,360,79623,60.0,54.0,54.0,292.0,580.0,76136.49993055555,0.1612776197768541,0.5861111111111111,2116.9811320754716
5.2,486,158894,78.0,54.0,54.0,391.0,1415.0,215843.60573422074,0.11130228003916631,0.5823045267489712,2792.3076923076924
2.49,203,50437,60.0,54.0,54.0,313.5,592.0000000000002,107895.10538959938,0.14240090600226502,0.5862068965517241,2506.024096385542
3.5,255,67600,60.0,54.0,54.0,436.0,688.0,95884.62960399844,0.1254099588792515,0.5372549019607843,2228.5714285714284
3.32,284,68908,60.0,54.0,54.0,354.25,616.0,98260.14758976395,0.14129552644218826,0.573943661971831,2728.9156626506024
5.21,949,231202,112.0,54.0,60.0,362.0,509.0,97414.0716010753,2.215828638987412,0.4636459430979979,4813.819577735125
6.9,1069,617343,112.0,54.0,60.0,454.0,2958.0,960390.0816006145,6.491208484510187,0.4892422825070159,4226.086956521739
9.96,717,152833,60.0,54.0,54.0,267.0,590.0,73092.60879341903,0.167305694732983,0.5815899581589958,2246.987951807229
5.39,1037,279269,112.0,54.0,60.0,400.0,688.4,81908.79431711348,2.9892152101248466,0.4493731918997107,4975.881261595548
1.29,100,14830,61.0,54.0,54.0,166.0,329.5000000000001,21861.510000000006,0.274383432156054,0.57,2372.093023255814
3.94,766,135971,92.0,54.0,60.0,292.0,445.0,26572.26299347599,1.506793753802474,0.5013054830287206,5634.517766497462
5.64,588,91804,60.0,54.0,54.0,185.75,400.0,25269.442477671342,0.5296332705733375,0.5799319727891157,3276.595744680851
7.8,902,202053,64.0,54.0,54.0,297.0,562.0,74999.83034621265,0.6240113811728395,0.5376940133037694,3484.6153846153843
6.3,520,129368,60.0,54.0,54.0,400.0,590.0,87741.6497633136,0.13717113648550056,0.5538461538461539,2533.3333333333335
8.14,1284,372518,112.0,54.0,60.0,297.0,652.0,263711.49731902836,2.181195559350982,0.4984423676012461,4459.459459459459
1.1,91,14896,78.0,54.0,54.0,202.0,445.0,31016.147083685548,0.19713895362854617,0.5714285714285714,2454.5454545454545
3.04,419,103630,118.0,54.0,60.0,328.0,652.0,67554.87877148113,2.144686532742611,0.47494033412887826,3750.0
1.82,548,185715,297.0,54.0,60.0,562.0,787.6000000000001,100166.62604227716,4.168081257826631,0.3795620437956204,6758.241758241758
5.6,778,184306,97.0,54.0,60.0,256.0,469.9000000000002,204891.05883519136,2.2251776152311624,0.5,3921.428571428572
0.54,33,4657,60.0,54.0,54.0,184.0,313.00000000000006,24048.34894398531,0.26514534093996195,0.6666666666666666,1888.8888888888887
3.78,672,138849,112.0,54.0,60.0,309.0,530.0,40197.527137808254,2.1358462441844708,0.4895833333333333,4809.523809523809
2.34,241,39116,60.0,54.0,60.0,256.0,436.0,21415.988705428623,1.7120571309713652,0.5435684647302904,3205.128205128205
0.06,3,429,184.0,80.0,119.0,187.5,189.6,3968.6666666666665,0.144,0.3333333333333333,1000.0
2.96,374,54238,60.0,54.0,60.0,184.0,381.19999999999993,19347.07975635563,0.885686472203873,0.5721925133689839,4033.7837837837837
1.17,545,107378,112.0,54.0,60.0,292.0,450.0,29288.04530258396,2.9791736149712804,0.46422018348623856,12615.384615384615
7.15,743,151227,78.0,54.0,54.0,297.0,512.4000000000002,50492.71440759789,0.8454244816771815,0.5343203230148048,2995.804195804196
1.51,275,86689,112.0,54.0,60.0,436.0,1019.1999999999996,151084.0040198347,2.3176042862610027,0.48,5046.35761589404
1.47,115,16188,60.0,54.0,54.0,152.5,262.0000000000001,36345.51879017013,0.7508111615833875,0.6173913043478261,2571.428571428571
0.5,47,5569,60.0,54.0,54.0,148.0,234.39999999999995,8465.95201448619,0.30850563909774437,0.5957446808510638,3120.0
6.09,706,220043,91.0,54.0,54.0,400.0,923.5,166623.35229598184,2.1147269484471876,0.5042492917847026,3280.7881773399017
4.48,516,86630,83.0,54.0,54.0,220.0,364.0,30624.1540322096,1.2415711439439026,0.5310077519379846,3361.6071428571427
9.59,1065,217203,83.0,54.0,54.0,322.0,489.4000000000003,42731.0985439397,0.9999723764536891,0.523943661971831,3109.489051094891
9.49,1613,360130,112.0,54.0,60.0,322.0,566.0,55655.77175145066,1.7835489805067322,0.4916305021698698,4710.221285563751
2.09,370,93624,112.0,54.0,60.0,389.0,652.0,62812.92829802775,2.0028866508435437,0.46756756756756757,4851.6746411483255
4.23,1060,215133,112.0,54.0,60.0,292.0,418.0,43696.78199626202,3.0022510371514146,0.44056603773584907,6241.134751773049
5.13,672,160137,112.0,54.0,54.0,328.0,536.9999999999993,86258.02214205994,1.5432296795095766,0.4851190476190476,3555.5555555555557
4.88,819,170261,112.0,54.0,60.0,297.0,558.0,50208.45529778863,2.1586553624102556,0.4896214896214896,4622.950819672132
4.85,322,75670,60.0,54.0,54.0,364.0,648.4000000000012,75794.71428571429,0.1437597303465893,0.5434782608695652,2028.8659793814434
2.58,234,58301,62.0,54.0,54.0,364.0,688.0,99589.4605340054,0.14083046336881652,0.5769230769230769,2744.186046511628
8.25,1077,236105,91.0,54.0,54.0,298.0,514.0,57582.8111634419,0.9811289091015883,0.500464252553389,3687.272727272727
6.27,815,240956,78.0,54.0,54.0,364.0,750.0,176010.91415408935,1.1169545430584598,0.5226993865030675,3760.7655502392345
4.26,694,363036,104.5,54.0,60.0,508.0,1499.9000000000021,765952.6226361815,5.182072065935563,0.49855907780979825,4521.12676056338
2.89,224,54847,78.0,54.0,54.0,364.0,760.0,85955.27740353954,0.14841181766787412,0.5714285714285714,2304.4982698961935
0.78,59,9546,60.0,54.0,54.0,130.0,400.0,46354.5349037633,0.2299961345187476,0.6440677966101694,2384.6153846153843
8.42,1393,711740,112.0,54.0,60.0,479.0,1514.0,678451.5219343563,3.806163860921473,0.46661880832735103,4368.171021377672
5.91,818,184621,108.0,54.0,54.0,309.0,508.0,80601.47239226212,1.433770993171452,0.49877750611246946,3939.0862944162436
6.37,762,167992,103.0,54.0,54.0,297.5,580.0,52895.117318012424,1.459079265168704,0.49868766404199477,3343.7990580847722
3.36,233,44595,60.0,54.0,54.0,256.0,573.6000000000004,47856.067269612635,0.18195070235886562,0.5836909871244635,2125.0
1.92,118,27836,60.0,54.0,54.0,319.0,712.3999999999999,106149.65067509338,0.14967784569634893,0.635593220338983,1906.25
8.67,816,193292,78.0,54.0,54.0,309.0,641.5,84710.18106016917,0.6762522547523241,0.5416666666666666,2768.166089965398
1.68,506,121947,112.0,54.0,60.0,328.0,527.0,86362.96244668719,3.075904943347037,0.4762845849802372,8142.857142857143
7.4,859,181625,112.0,54.0,54.0,292.0,536.0,61304.49990445615,1.5043088590141331,0.48777648428405124,3186.4864864864862
0.93,474,134241,220.0,54.0,60.0,354.0,695.6999999999998,94945.06397211985,4.460724891184965,0.41561181434599154,12451.612903225805
5.28,327,56082,78.0,54.0,54.0,256.0,401.2000000000001,32208.237746542098,0.32481337994897475,0.5626911314984709,1840.9090909090908
9.0,954,235144,78.0,54.0,54.0,328.0,616.0,93500.92263843291,0.8909090909090909,0.549266247379455,3133.3333333333335
4.5,307,61379,60.0,54.0,54.0,281.5,544.0,62358.767307875954,0.17685744415684018,0.5765472312703583,2080.0
4.92,633,144328,112.0,54.0,60.0,364.0,544.0,59716.09158724098,1.6217620345140782,0.4881516587677725,3512.1951219512193
3.89,504,73329,60.0,54.0,60.0,184.0,298.0,38896.511869331065,1.5981079931972788,0.5615079365079365,4087.4035989717217
7.91,931,174631,83.0,54.0,54.0,292.0,436.0,37681.952427485776,0.7769806866516067,0.5263157894736842,3375.4740834386853
2.0,481,252462,148.0,54.0,60.0,508.0,1599.0,659606.795734804,7.685818482075277,0.46153846153846156,6330.0
1.47,490,167477,280.0,54.0,60.0,510.0,833.3000000000001,103981.20275301956,4.159806519194035,0.39591836734693875,7673.469387755102
5.7,435,91191,60.0,54.0,54.0,256.0,580.0,75516.9261672612,0.27797241997869837,0.5770114942528736,2368.4210526315787
3.6,235,44191,60.0,54.0,54.0,256.0,472.0,59243.90844726121,0.18687723256251176,0.5574468085106383,1983.3333333333333
5.98,850,225434,83.0,54.0,54.0,354.0,744.0,132655.63314048442,1.3822929545910874,0.5152941176470588,4043.478260869565
6.7,1037,269640,112.0,54.0,60.0,300.0,580.0,120234.42200026223,2.454974117164676,0.47058823529411764,4002.9850746268658
6.99,1491,489238,148.0,54.0,60.0,460.0,724.0,213662.1004614767,3.603293187805796,0.44064386317907445,5347.63948497854
3.35,262,88466,78.0,54.0,54.0,400.0,1514.0,224937.23314492166,0.09375270452381836,0.5534351145038168,2328.3582089552237
0.77,64,12778,78.0,54.0,54.0,261.0,580.0,49591.6318359375,0.15003150031500315,0.59375,2415.5844155844156
2.49,665,190356,148.0,54.0,60.0,424.0,668.2000000000006,101075.35723670076,2.557324662218983,0.45714285714285713,6795.180722891566
8.7,984,210252,112.0,54.0,54.0,297.0,508.0,41711.948492960546,1.1796355041363438,0.4888211382113821,3124.137931034483
6.22,720,170301,112.0,54.0,54.0,300.0,591.7000000000004,70633.58526041666,1.1576753496857897,0.4847222222222222,3192.9260450160773
1.54,72,10090,69.0,54.0,54.0,148.0,321.7999999999999,20493.091820987655,0.2704608410979602,0.5138888888888888,1402.5974025974026
8.06,586,125506,60.0,54.0,54.0,266.0,603.0,75796.49188691772,0.16377359890211787,0.5784982935153583,2255.5831265508687
5.24,612,141034,83.0,54.0,54.0,309.0,565.3999999999999,73820.36818104147,1.1007209246901812,0.5179738562091504,3309.1603053435115
0.33,18,2446,57.0,54.0,54.0,255.0,292.0,10126.432098765434,0.2479591836734694,0.5555555555555556,1818.181818181818
1.56,109,16857,60.0,54.0,54.0,256.0,335.2000000000001,24926.098644895206,0.23250712875630622,0.6055045871559633,2230.7692307692305
1.47,78,15747,60.0,54.0,54.0,355.0,518.8,41329.4610453649,0.15684689979429914,0.5512820512820513,1632.6530612244896
4.32,304,62064,60.0,54.0,54.0,292.0,575.7999999999998,62092.31059556786,0.16683587140439932,0.6085526315789473,2249.9999999999995
2.63,176,44256,61.0,54.0,54.0,328.0,590.0,108557.95247933884,0.1410302686536379,0.5625,2030.4182509505706
5.23,311,78391,60.0,54.0,54.0,387.5,632.0,98223.30494928712,0.1384278017397871,0.5562700964630225,1847.036328871893
4.56,530,124459,81.5,54.0,54.0,328.0,566.0,75286.03655749378,1.0670132199561548,0.5188679245283019,3394.7368421052633
7.17,471,89564,60.0,54.0,54.0,214.5,436.0,105093.96682308502,0.47844172994387585,0.6050955414012739,2008.3682008368203
2.75,173,29386,60.0,54.0,54.0,123.0,500.8000000000004,52932.77844231347,0.22227768072539722,0.6820809248554913,1985.4545454545455
8.44,1279,358528,112.0,54.0,60.0,419.0,755.0,89535.39628484675,2.167880115925638,0.4659890539483972,4009.478672985782
8.27,1194,295613,112.0,54.0,60.0,297.0,542.0,99484.49954476458,2.5978846926232,0.4648241206030151,3758.1620314389356
9.75,1621,403693,112.0,54.0,60.0,364.0,616.0,68795.96266080489,2.358846141045695,0.46329426280074026,4356.923076923077
4.85,537,96647,78.0,54.0,54.0,292.0,436.0,43891.576695137126,1.1674104639949765,0.5512104283054003,3253.6082474226805
2.55,154,26930,60.0,54.0,54.0,220.0,508.0,35895.81430258054,0.2089786756453423,0.5714285714285714,1858.8235294117649
1.46,102,18342,69.0,54.0,54.0,231.25,472.0,42687.59630911189,0.2159904534606205,0.6078431372549019,2095.8904109589043
6.19,413,85099,60.0,54.0,54.0,292.0,544.0,53710.08700291377,0.1744110625025876,0.5520581113801453,2045.2342487883682
8.76,1710,451555,119.5,54.0,60.0,364.0,603.8000000000011,94416.3668222701,2.201337095539234,0.4695906432748538,5061.643835616439
5.73,648,194349,83.0,54.0,54.0,297.0,580.0,296208.7731267147,2.9771011111793233,0.5262345679012346,3267.0157068062827
0.32,15,1935,60.0,54.0,54.0,112.0,287.2,15940.4,0.29086057371581053,0.6,1500.0
3.99,905,138861,112.0,54.0,60.0,220.0,297.0,18161.41958304081,1.7297228228818557,0.49613259668508286,6375.93984962406
7.84,933,213233,90.0,54.0,54.0,328.0,544.0,69409.8877963995,1.4644376126854977,0.5091103965702036,3283.163265306123
9.98,1365,379678,112.0,54.0,60.0,268.0,610.0,232488.77678004533,3.005464711467454,0.4783882783882784,3763.5270541082164
4.59,788,221383,148.0,54.0,54.0,472.0,724.0,84573.68328705971,1.617562902005297,0.4517766497461929,4313.725490196079
8.19,613,123719,60.0,54.0,54.0,292.0,544.0,56305.5372316503,0.3194300766794288,0.5840130505709625,2300.3663003663005
2.1,130,31186,63.0,54.0,54.0,321.25,688.0,95480.01917159764,0.1515397681116609,0.5923076923076923,1885.7142857142856
0.63,260,117298,297.0,54.0,60.0,712.0,1105.6,220575.78633136096,4.953910968986346,0.36153846153846153,8285.714285714284
0.96,563,162634,184.0,60.0,60.0,297.0,712.0,152062.50716631598,5.180512274834689,0.41740674955595025,14500.0
8.41,689,127543,60.0,54.0,54.0,157.0,472.0,63298.50097214995,0.29435344740100267,0.5979680696661829,2489.8929845422117
4.52,323,87720,60.0,54.0,54.0,220.0,620.8000000000001,288958.4604855793,0.7913739585035126,0.6037151702786377,2336.2831858407085
1.2,87,20187,60.0,54.0,54.0,225.5,686.8000000000013,102955.3896155371,0.1576442252551898,0.5977011494252874,2350.0
7.12,822,231881,83.0,54.0,54.0,364.0,780.0,128797.84888942169,1.5464638699758402,0.5182481751824818,3261.2359550561796
7.73,1337,310524,91.0,54.0,60.0,301.0,544.0,103741.02284051693,2.208157698983387,0.5018698578908003,4727.037516170763
8.22,510,82789,60.0,54.0,54.0,220.0,436.0,29259.66078046905,0.22201393399067132,0.5882352941176471,1956.2043795620436
8.85,1733,434250,112.0,54.0,60.0,387.0,580.0,83875.52161913156,2.881633638143252,0.4645124062319677,5179.661016949153
5.87,606,108962,78.0,54.0,54.0,256.0,425.5,35707.19640775959,0.5741631632933154,0.5297029702970297,3015.3321976149914
9.48,1811,430432,112.0,54.0,60.0,299.0,543.0,88352.81302220524,2.0625266812761476,0.4770844837106571,5113.9240506329115
5.09,447,69982,60.0,54.0,54.0,220.0,416.0,24614.546261679905,0.492758260276018,0.5525727069351231,2734.7740667976427
3.59,252,53489,60.0,54.0,54.0,257.0,590.0,68784.91362748803,0.15925099152597472,0.5912698412698413,2172.701949860724
1.26,110,21668,60.0,54.0,54.0,253.5,472.0,59673.236033057845,0.1844320542254291,0.5727272727272728,2714.285714285714
3.07,1166,293604,148.0,54.0,60.0,298.0,480.0,115258.36485146622,3.179356877482171,0.44768439108061747,9791.530944625407
5.28,349,71356,60.0,54.0,54.0,292.0,580.0,63633.22248585808,0.1699239244491081,0.5988538681948424,2056.8181818181815
4.49,309,76128,60.0,54.0,54.0,364.0,631.9999999999998,89327.07424513777,0.14093879263833103,0.5631067961165048,2111.358574610245
5.88,1094,290416,112.0,54.0,60.0,267.0,652.0,160901.4149574378,2.6398912103475505,0.49085923217550276,5132.65306122449
4.11,232,40051,60.0,54.0,54.0,279.25,400.0,27049.145938614743,0.20726450640542576,0.5431034482758621,1722.6277372262773
8.56,1059,209553,112.0,54.0,60.0,266.0,472.0,43182.110751764856,1.133701927482665,0.46742209631728043,3301.4018691588785
5.98,877,176295,83.0,54.0,60.0,297.0,436.0,48763.365599268785,1.2750677506775068,0.5131128848346637,4143.8127090301
2.01,160,36097,63.0,54.0,54.0,322.75,616.0,76480.5262109375,0.14881766971133956,0.6,2417.9104477611945
4.05,873,244959,148.0,54.0,60.0,387.0,652.0,106289.1024669052,2.1996943453897098,0.4536082474226804,5644.444444444445
7.89,580,132958,60.0,54.0,54.0,328.0,652.0,81204.1020095125,0.18332146671413313,0.5913793103448276,2304.1825095057034
0.55,27,6347,83.0,54.0,54.0,220.0,529.6000000000004,105103.69821673525,0.18702075930428277,0.5555555555555556,1418.1818181818182
5.98,1188,426898,148.0,54.0,60.0,447.0,860.0,266570.81081578974,3.431298462688271,0.4377104377104377,5026.755852842809
0.94,295,81700,112.0,54.0,60.0,436.0,579.2,101702.29910945131,3.7258213789912076,0.47796610169491527,8680.851063829788
6.88,1827,504097,184.0,54.0,60.0,328.0,741.0,87881.86308156945,3.8956190698171294,0.42036124794745483,6348.837209302325
6.84,882,244712,83.0,54.0,60.0,262.0,508.0,270244.8485301906,3.2059020676142516,0.5079365079365079,3622.8070175438597
7.08,1202,234167,112.0,54.0,60.0,297.0,400.0,54420.49220309467,2.135017538222615,0.48336106489184694,4618.64406779661
8.52,1351,323786,112.0,54.0,60.0,328.0,563.0,59523.984777566955,2.2223283772217908,0.4692820133234641,4211.267605633803
8.71,870,177638,80.5,54.0,54.0,292.0,564.0,47474.34173074383,0.787138574216785,0.5367816091954023,2941.4466130884034
8.1,1504,328063,109.0,54.0,60.0,310.25,472.0,59105.99384575529,2.1384878837451806,0.49867021276595747,5237.037037037037
7.3,650,194185,78.0,54.0,54.0,256.0,472.0,378649.1771005917,2.1959348255431204,0.536923076923077,2613.6986301369866
3.73,219,42524,60.0,54.0,54.0,312.5,472.0,45190.33518900774,0.2009715318572074,0.5570776255707762,1817.6943699731903
3.81,248,47129,60.0,54.0,54.0,256.0,518.8000000000004,53734.8736830125,0.18778668279651192,0.592741935483871,2015.748031496063
0.21,24,3989,71.5,54.0,54.0,192.25,443.1999999999998,39441.49826388889,0.21504721291501674,0.6666666666666666,3428.5714285714284
3.26,663,120017,91.0,54.0,60.0,266.0,376.000000000001,40521.40226904082,1.5274718332104875,0.502262443438914,5779.141104294479
2.05,142,26555,61.0,54.0,54.0,256.0,534.1000000000004,46327.10558420948,0.1841166503165968,0.5845070422535211,2195.1219512195125
5.53,723,139309,60.0,54.0,60.0,256.0,541.8000000000001,55384.097970458875,1.1268224912596754,0.5408022130013831,3992.7667269439416
4.5,536,95673,60.0,54.0,54.0,292.0,466.0,28915.28355076298,1.2195851893095768,0.5335820895522388,3626.666666666667
6.09,660,124707,60.0,54.0,54.0,297.0,472.0,40479.944469696966,0.9082062032347406,0.543939393939394,3290.6403940886703
6.7,772,150564,83.0,54.0,54.0,292.0,493.0,37790.019758919705,1.3917650235897763,0.5038860103626943,3295.5223880597014
2.08,699,147734,112.0,54.0,60.0,297.0,512.2000000000003,50562.782728647704,2.9467300705278907,0.44206008583690987,8596.153846153846
2.51,454,118513,112.0,54.0,60.0,297.0,544.0,187011.0885569291,2.613641907549701,0.473568281938326,4996.015936254981
2.89,223,43598,60.0,54.0,54.0,274.0,560.8000000000002,48020.07955116733,0.20770083102493075,0.5964125560538116,2408.304498269896
7.23,590,118366,60.0,54.0,54.0,256.0,511.4000000000008,63233.23890835967,0.9019812639596355,0.5728813559322034,2489.6265560165975
1.63,104,20898,60.0,54.0,54.0,292.0,544.0,55756.45821005917,0.25355407594025553,0.6057692307692307,2024.5398773006136
5.52,395,78897,60.0,54.0,54.0,220.0,566.0,68590.63833360038,0.19693245949390134,0.6,2228.2608695652175
9.01,551,121133,60.0,54.0,54.0,256.0,590.0,76682.56127614863,0.16741196198993852,0.5698729582577132,1897.891231964484
6.96,465,123592,60.0,54.0,54.0,364.0,832.0,125707.18569083133,0.12558969781971185,0.5978494623655914,2086.206896551724
3.9,606,207923,83.0,54.0,54.0,328.0,1265.0,285103.04955124226,2.242312250499002,0.5099009900990099,4492.307692307692
3.77,258,43506,66.0,54.0,54.0,220.0,472.0,33400.00883360375,0.3424048875312413,0.6317829457364341,2068.965517241379
6.2,1010,230471,97.0,54.0,60.0,301.0,544.0,60237.40285168121,1.6967027052326125,0.5,4683.870967741936
1.95,111,18221,60.0,54.0,54.0,220.0,472.0,29407.084652219797,0.22288590604026845,0.6126126126126126,1815.3846153846152
9.32,1114,223919,83.0,54.0,54.0,292.0,472.0,52145.058328149324,1.3836638669775068,0.5116696588868941,3373.390557939914
9.77,1364,333678,112.0,54.0,60.0,321.0,472.0,96044.43493133016,2.5137315193125818,0.4809384164222874,3746.161719549642
2.89,191,40355,60.0,54.0,54.0,328.0,544.0,58291.281324525095,0.19104539283395314,0.5654450261780105,2076.1245674740485
5.98,397,81333,62.0,54.0,54.0,220.0,544.0,85695.61508543295,0.2267235788298819,0.6171284634760705,2026.7558528428094
2.29,90,20414,60.0,54.0,54.0,328.0,652.0,77947.12395061729,0.14537395500196376,0.6,1205.240174672489
9.98,1395,306236,106.0,54.0,60.0,299.0,553.0,84663.89386775607,2.1438162798098737,0.4982078853046595,3937.875751503006
4.85,637,156431,83.0,54.0,60.0,364.0,638.7999999999995,81182.6149262265,2.146555365583828,0.5133437990580848,3674.2268041237116
1.43,137,19875,60.0,54.0,54.0,148.0,366.4000000000003,30076.82678885396,0.7117388683145294,0.6496350364963503,3608.3916083916088
6.48,1181,240834,112.0,54.0,60.0,299.0,472.0,35122.26176240948,2.2458724746283543,0.47332768839966133,4990.74074074074
9.94,894,234533,78.0,54.0,54.0,297.0,637.0,176522.92723175636,1.1786218556088135,0.5492170022371364,2680.0804828973846
8.7,1882,1450728,112.0,54.0,60.0,796.0,2974.0,1319555.9607185246,7.503132857787599,0.49256110520722635,6144.827586206897
1.21,99,22209,74.0,54.0,54.0,268.5,508.0,147058.2222222222,0.4519482217573222,0.6363636363636364,2429.7520661157027
0.98,118,28768,60.0,54.0,54.0,360.25,688.0,79075.2976156277,0.342730455075846,0.559322033898305,3795.9183673469392
1.36,897,278989,237.0,60.0,60.0,420.0,702.3999999999992,124782.17777081789,4.169813768183082,0.37235228539576365,14294.117647058822
2.7,182,31812,62.0,54.0,54.0,256.0,436.0,38579.29706557179,0.32699286697534724,0.6098901098901099,2044.4444444444441
0.74,61,12413,78.0,54.0,54.0,292.0,400.0,63415.0696049449,0.19620314156307217,0.5737704918032787,2432.4324324324325
8.77,976,229522,83.0,54.0,54.0,354.0,652.0,74440.45605599973,0.9251486709779153,0.5266393442622951,3215.5074116305586
0.35,26,6597,63.0,54.0,54.0,391.0,742.0,77397.81213017751,0.11116725618999494,0.5769230769230769,2400.0000000000005
6.14,717,164039,91.0,54.0,54.0,297.0,588.0,70916.5786935725,1.407629195837553,0.500697350069735,3302.9315960912054
7.9,1184,364011,98.0,54.0,60.0,309.0,724.0,235878.21113081518,2.1493199750830563,0.5,4237.974683544303
8.57,942,200851,78.0,54.0,60.0,297.0,613.8999999999995,70247.60338372979,0.9995520070086015,0.5456475583864119,3255.5425904317385
0.03,5,640,60.0,56.4,60.0,66.0,266.40000000000003,18510.4,0.23076923076923078,0.8,8000.0
0.03,8,2337,66.0,54.0,54.0,286.75,903.6999999999999,157464.609375,0.10183875530410184,0.625,8000.0
7.4,757,167036,78.0,54.0,54.0,294.0,544.0,74484.85206326161,0.7045011581987204,0.5416116248348745,3040.5405405405404
4.77,740,252977,91.0,54.0,60.0,478.0,808.6000000000006,231511.60089663987,1.9166993335946687,0.5013513513513513,4314.465408805032
5.16,939,262319,148.0,54.0,60.0,414.0,733.0,87046.60525495026,3.27870750962354,0.4589989350372737,4744.186046511628
4.0,751,250657,267.0,54.0,60.0,492.0,868.0,133408.10024450312,3.296412471503745,0.41544607190412786,4485.0
7.82,1022,289457,78.0,54.0,54.0,364.0,760.0,141296.44108382706,0.8819616920016125,0.5362035225048923,3774.9360613810745
5.66,1435,436641,256.0,54.0,60.0,398.0,758.6000000000001,107601.65640665783,3.2767689233662436,0.40069686411149824,5830.388692579505
7.86,1235,291276,119.0,54.0,60.0,328.0,510.0,63313.47253946139,2.082090026030093,0.46153846153846156,4152.67175572519
8.48,1784,1458726,184.0,54.0,60.0,1300.0,2974.0,1226270.9111622493,6.274352964643694,0.4545964125560538,5320.754716981131
3.73,1082,465387,112.0,54.0,60.0,328.0,1506.0,543888.5712507814,5.190962060341617,0.4602587800369686,7592.493297587132
9.11,1209,274530,112.0,54.0,60.0,298.0,508.0,89731.07257192233,1.8041306612735184,0.4838709677419355,3681.6684961580686
5.08,696,203533,107.0,54.0,60.0,364.0,814.0,158413.77992262848,1.7291292338223068,0.4956896551724138,3838.582677165354
6.25,424,126939,91.0,54.0,54.0,472.0,835.5,116856.3357010947,0.6784656476437299,0.5023584905660378,1824.0
1.38,687,180663,148.0,54.0,60.0,354.0,590.0,102352.65433534833,3.7667080024273765,0.4410480349344978,12782.608695652174
7.2,1236,333364,112.0,54.0,60.0,328.0,616.0,120020.5820896304,2.6120573830884584,0.47006472491909385,4583.333333333333
9.44,1764,452563,112.0,54.0,60.0,297.0,543.0,167389.0360918933,2.7260250288160712,0.477891156462585,4938.559322033899
1.95,302,100807,184.0,54.0,60.0,445.75,724.0,167201.26714837065,3.1238290038862755,0.4271523178807947,3600.0
4.37,606,124668,60.0,54.0,60.0,148.0,440.5,127639.26967944318,1.9322607959356477,0.5594059405940595,4297.482837528604
5.73,384,84841,60.0,54.0,54.0,303.75,586.9999999999999,69901.82714165581,0.1626514279449652,0.5598958333333334,2094.240837696335
5.12,651,155793,83.0,54.0,54.0,286.0,616.0,83703.68060481215,1.267234228334425,0.5268817204301075,3667.96875
3.89,271,62815,66.0,54.0,54.0,328.0,652.0,77189.59782682697,0.15931196131628,0.5571955719557196,2113.110539845758
2.06,141,31526,60.0,54.0,54.0,297.0,566.0,89866.08611236859,0.15802233323538054,0.5673758865248227,2097.0873786407765
2.36,190,43260,60.0,54.0,54.0,292.0,655.5999999999998,90647.42659279777,0.14693249907206107,0.6263157894736842,2466.1016949152545
4.4,311,66638,60.0,54.0,54.0,256.0,616.0,77520.4672408267,0.15302626570232203,0.5916398713826366,2209.090909090909
0.74,51,10692,78.0,54.0,54.0,237.0,508.0,67988.34602076125,0.18000220726189162,0.5686274509803921,2027.027027027027
9.54,848,178270,66.0,54.0,54.0,297.0,509.60000000000014,62507.95215712887,0.8475489688050575,0.5495283018867925,2698.11320754717
9.2,948,222283,83.0,54.0,54.0,299.0,580.0,75315.6312679147,0.7001652108733231,0.5284810126582279,3013.04347826087
8.83,881,188981,60.0,54.0,54.0,270.0,580.0,77636.47696032138,0.7090752882658828,0.5664018161180476,3098.5277463193656
4.18,645,172525,108.0,54.0,60.0,459.0,691.0000000000001,92780.83257015805,1.9345478049361298,0.49612403100775193,4306.2200956937795
7.6,461,112748,60.0,54.0,54.0,328.0,688.0,95197.50285383561,0.1355995366873143,0.5770065075921909,1863.1578947368423
2.54,171,39233,60.0,54.0,54.0,328.0,580.0,82673.8361205157,0.14776783102217542,0.5730994152046783,2055.11811023622
4.21,256,44434,60.0,54.0,54.0,185.75,436.0,47448.666931152344,0.21040588395532553,0.609375,1881.2351543942991
9.32,1585,415769,136.0,54.0,60.0,364.0,616.0,77137.64536377117,2.095615334787691,0.4605678233438486,4345.493562231759
0.47,18,4697,220.0,54.0,55.5,377.25,552.7,42818.0524691358,1.6447072072072073,0.3333333333333333,765.9574468085107
8.1,841,175832,83.0,54.0,54.0,300.0,544.0,49352.68047635948,0.9007837414193828,0.525564803804994,3029.62962962963
6.47,430,90353,78.0,54.0,54.0,271.25,616.0,63040.96852893455,0.15856488901996488,0.5581395348837209,1965.996908809892
1.96,115,27149,60.0,54.0,54.0,346.0,709.6000000000004,80165.77648393194,0.14678550308355157,0.5565217391304348,1775.5102040816328
0.47,40,8009,64.0,54.0,54.0,294.25,567.4,48683.724375,0.17987625220978196,0.575,2553.191489361702
3.77,850,185631,92.0,54.0,60.0,278.0,581.3000000000003,68216.28718200693,1.8869966873512807,0.5011764705882353,6461.538461538461
9.03,1174,325771,104.5,54.0,54.0,436.0,689.0,114409.46450855995,1.702910575311551,0.49829642248722317,3561.4617940199337
0.2,19,2222,60.0,54.0,54.0,97.5,364.0,12938.15512465374,0.3047563123899002,0.7368421052631579,3300.0
6.06,392,72979,60.0,54.0,54.0,256.0,508.0,48112.478439972925,0.21777800026698704,0.6096938775510204,2039.6039603960398
2.29,499,130896,184.0,54.0,60.0,364.0,616.0,67764.75345078934,2.465148908007942,0.4348697394789579,5502.183406113537
9.87,942,215118,78.0,54.0,54.0,328.0,544.0,68481.90003651264,0.6287317246757573,0.5222929936305732,2784.1945288753805
1.99,154,26778,66.0,54.0,54.0,184.0,401.10000000000093,54566.64867599933,0.2182339293025795,0.6363636363636364,2351.7587939698496
3.51,851,232247,112.0,54.0,60.0,413.0,585.0,137744.1518362996,2.924549663726385,0.44770857814336074,6393.1623931623935
5.05,811,152559,83.0,54.0,60.0,256.0,400.0,95366.83451189792,2.0195352703665583,0.5277435265104808,4681.188118811881
1.96,447,107065,112.0,54.0,60.0,297.0,446.0,84942.9520992548,3.2961759158942256,0.4809843400447427,6244.897959183674
8.0,1045,187707,112.0,54.0,60.0,266.0,328.0,34925.7255520707,1.7337032506116743,0.49186602870813395,3622.5
4.62,255,54737,60.0,54.0,54.0,328.0,637.5999999999998,59240.19463283354,0.1520668462704159,0.5803921568627451,1701.2987012987014
9.75,1079,286627,83.0,54.0,54.0,328.0,796.0,108253.69619692143,1.3170016005690912,0.5134383688600556,3101.5384615384614
4.82,697,110741,60.0,54.0,60.0,220.0,298.0,29624.864207950035,1.2450837286623688,0.5494978479196556,4468.879668049793
4.64,310,58724,60.0,54.0,54.0,256.0,508.0,49914.0970239334,0.1863913693482565,0.5838709677419355,2081.896551724138
4.34,793,283605,91.0,54.0,60.0,328.0,1141.600000000005,314620.97311119206,2.8762386386933643,0.5031525851197982,5198.156682027649
4.44,1034,916877,184.0,54.0,60.0,1514.0,2974.0,1432304.9812721435,8.350926039244483,0.44777562862669246,6081.08108108108
8.55,1177,208713,83.0,54.0,60.0,188.0,328.0,63762.94538553658,2.0677298449327552,0.5157179269328802,3971.929824561403
5.91,682,131574,78.0,54.0,54.0,292.0,454.0,36029.92673781616,1.3742533879495462,0.5278592375366569,3411.167512690355
1.3,377,76870,112.0,54.0,60.0,297.0,456.0,31850.493818995423,2.409322748037433,0.4588859416445623,7569.230769230769
0.9,72,9584,60.0,54.0,54.0,157.0,324.99999999999994,13810.682098765434,0.5256287806431073,0.6111111111111112,2600.0
3.11,382,64741,112.0,54.0,60.0,267.0,400.0,20063.783592829146,1.6913739347329038,0.4869109947643979,3453.3762057877816
3.78,384,58129,60.0,54.0,54.0,248.5,353.1999999999996,18301.708977593316,1.140243004418262,0.5807291666666666,3158.7301587301586
1.62,427,109184,184.0,54.0,60.0,364.0,572.8000000000004,65423.97571423088,3.458491567642615,0.4332552693208431,6666.666666666666
3.26,204,38456,78.0,54.0,54.0,262.0,472.0,42417.55382545175,0.19143662670012704,0.5392156862745098,1858.8957055214726
1.12,66,15630,69.0,54.0,54.0,315.0,742.0,77470.93663911846,0.16667910726282004,0.5454545454545454,1767.8571428571427
3.08,943,189905,112.0,54.0,60.0,268.0,500.80000000000246,47336.4889024334,2.1120743338468095,0.45705196182396607,8201.298701298701
6.1,897,166733,112.0,54.0,60.0,292.0,400.0,26786.314107846174,1.819197862770958,0.4882943143812709,4042.6229508196725
6.68,1171,304117,112.0,54.0,60.0,364.0,652.0,81099.05596171643,1.2884006170284812,0.47993168232280103,4742.51497005988
6.57,1313,336762,148.0,54.0,60.0,301.0,577.0,86682.49342302557,2.9151088169642856,0.4074638233054075,4602.739726027397
1.94,121,21605,60.0,54.0,54.0,148.0,508.0,44607.123147326005,0.2980653689017063,0.6198347107438017,1886.5979381443299
7.48,1208,322559,148.0,54.0,60.0,445.0,652.0,67226.7819222567,2.3933219015958844,0.445364238410596,4114.973262032086
2.49,150,22498,60.0,54.0,54.0,208.75,400.0,19110.95982222222,0.231552441427633,0.58,1855.421686746988
1.5,87,12543,60.0,54.0,54.0,167.5,392.8000000000004,20319.912802219576,0.24619970193740687,0.6091954022988506,1800.0
5.63,1414,685241,112.0,54.0,60.0,429.0,1514.0,664882.7028607639,5.100412189411273,0.45615275813295614,6458.259325044404
5.63,968,176173,109.0,54.0,60.0,297.0,472.0,27944.575403618266,1.9234024193949852,0.49586776859504134,4742.451154529307
8.18,708,163274,83.0,54.0,54.0,328.0,580.0,75323.57056561012,0.8005116781720738,0.5310734463276836,2523.227383863081
8.53,905,257954,83.0,54.0,54.0,364.0,724.6,182492.56582399804,1.2885507696402432,0.5425414364640884,3010.550996483001
2.59,198,40235,80.5,54.0,54.0,220.0,575.8000000000001,73901.02277828792,0.26580884666205246,0.6060606060606061,2247.104247104247
8.84,1349,360268,112.0,54.0,60.0,328.0,564.0,138832.92338338096,1.9349974337876479,0.4936990363232024,4194.570135746606
4.87,645,157083,112.0,54.0,54.0,364.0,535.6000000000005,65648.99882458987,1.3649242720785282,0.47751937984496123,3585.2156057494867
2.23,131,20333,60.0,54.0,54.0,256.0,364.0,19821.267292115845,0.20534708637145058,0.6106870229007634,1856.5022421524664
3.09,161,31726,60.0,54.0,54.0,292.0,544.0,46076.599359592605,0.16850208095466096,0.5962732919254659,1650.485436893204
0.96,363,87887,184.0,54.0,60.0,279.0,565.6000000000008,61776.11671941049,2.331703248796391,0.41046831955922863,9000.0
5.33,341,60969,60.0,54.0,54.0,266.0,472.0,40565.201262459035,0.28104973420460994,0.6011730205278593,2048.7804878048782
3.08,246,52949,60.0,54.0,54.0,256.0,652.0,77580.36117720934,0.1579626470716879,0.6097560975609756,2493.5064935064934
3.12,252,45512,60.0,54.0,54.0,184.0,508.0,49367.739355001264,0.7249848392965433,0.5873015873015873,2673.076923076923
6.1,421,90015,60.0,54.0,54.0,292.0,580.0,70741.45409922083,0.16779751170846252,0.5748218527315915,2163.9344262295085
1.67,111,24208,60.0,54.0,54.0,262.5,616.0,73990.06395584773,0.14816922785050274,0.5855855855855856,2119.7604790419164
4.11,305,67809,60.0,54.0,54.0,292.0,612.4000000000002,81173.63562483204,0.14408881540096846,0.5672131147540984,2277.3722627737225
5.44,1201,267881,112.0,54.0,60.0,268.0,544.0,70021.39317152443,2.559407387722562,0.48542880932556204,6110.294117647059
7.18,882,208491,112.0,54.0,54.0,301.0,586.0,113842.03934703131,1.9351287429786155,0.48299319727891155,3233.9832869080783
0.05,4,1196,227.0,54.0,54.0,472.0,601.6,70393.0,0.09926470588235294,0.5,2400.0
5.9,371,71418,60.0,54.0,54.0,261.5,559.0,46419.78099548827,0.18675950082254608,0.5768194070080862,1932.2033898305083
7.06,791,178857,83.0,54.0,54.0,328.0,563.0,64693.12330085138,1.2136589229798136,0.5246523388116309,3203.9660056657226
1.91,131,31679,60.0,54.0,54.0,294.5,724.0,86261.53405978673,0.13920454545454544,0.5572519083969466,2104.7120418848167
4.25,279,60537,60.0,54.0,54.0,268.0,551.2000000000006,92234.69487802059,0.21984000644810284,0.6057347670250897,2075.294117647059
6.11,701,162831,78.0,54.0,54.0,292.0,544.0,135777.01071019392,1.1628611277146843,0.5463623395149786,3407.5286415711944
1.74,377,108654,112.0,54.0,60.0,328.0,562.0,248541.99432909544,3.7523946988584176,0.47480106100795755,6000.0
7.92,773,150918,78.0,54.0,54.0,266.0,508.0,49598.8301120113,0.9477562820231534,0.5420439844760673,2909.090909090909
9.29,1067,355942,83.0,54.0,54.0,400.0,904.0,265806.33349641494,1.0259546590320505,0.5379568884723523,3216.361679224973
2.65,178,43589,60.0,54.0,54.0,328.0,652.0,110971.94675546016,0.13848042416486014,0.5898876404494382,2083.0188679245284
0.66,46,9089,60.0,54.0,54.0,178.75,670.0,63092.546786389394,0.15886778018615325,0.5652173913043478,2181.8181818181815
1.51,116,24551,69.0,54.0,54.0,273.25,555.0,65088.711281212854,0.18204140587385653,0.5517241379310345,2304.635761589404
5.2,611,124143,83.0,54.0,54.0,298.0,508.0,47715.53878297765,1.549294617738259,0.5155482815057283,3415.3846153846152
5.23,645,110313,60.0,54.0,60.0,266.0,364.0,31723.313949882824,1.4777188805534343,0.5364341085271318,3751.434034416826
3.98,500,102723,83.0,54.0,54.0,297.0,525.7000000000004,44361.299084,1.086424015923955,0.524,3527.638190954774
8.64,1071,214090,60.0,54.0,54.0,298.0,508.0,44247.4180225467,1.2167574395825136,0.5396825396825397,3736.111111111111
3.07,481,104940,112.0,54.0,60.0,365.0,514.0,42243.82540704787,1.8665082356797509,0.4968814968814969,4475.57003257329
1.57,108,14595,61.0,54.0,54.0,220.0,293.5,12708.564043209875,0.30417299615762666,0.5740740740740741,2101.9108280254777
5.18,343,62761,60.0,54.0,54.0,270.0,503.80000000000024,38827.78371256874,0.1960171510242973,0.5801749271137027,2038.6100386100386
0.97,59,13774,60.0,54.0,54.0,328.0,668.8000000000001,82005.53634013214,0.13384919328284492,0.5932203389830508,1979.381443298969
7.65,1179,382293,112.0,54.0,60.0,298.0,652.0,328526.1901469094,3.787579366570237,0.4851569126378287,4290.196078431372
6.25,377,76940,60.0,54.0,54.0,292.0,558.4000000000012,58290.47555389821,0.18207377590683527,0.5941644562334217,1872.0
9.5,659,143911,60.0,54.0,54.0,280.0,616.0,81549.69486576664,0.16367885242057428,0.5948406676783005,2204.2105263157896
6.91,765,188200,66.0,54.0,54.0,328.0,580.0,99667.56322781838,1.0205056632132696,0.5450980392156862,3334.298118668596
5.6,674,166958,83.0,54.0,54.0,309.0,616.0,113705.33258195459,1.3248022724741004,0.5237388724035609,3428.571428571429
3.87,535,161442,112.0,54.0,60.0,328.0,758.0000000000001,149802.92593588957,3.764409030544489,0.4542056074766355,3596.8992248062013
5.72,1775,365684,148.0,54.0,60.0,266.0,507.0,55574.780478159104,3.218246415429514,0.436056338028169,7751.748251748252
0.19,13,1510,60.0,54.0,54.0,148.0,212.8,6765.207100591716,0.435361216730038,0.5384615384615384,2210.5263157894738
4.38,714,116012,83.0,54.0,60.0,220.0,390.0,24178.818295945828,1.6487362725176373,0.5210084033613446,4657.534246575343
2.68,196,41838,60.0,54.0,54.0,293.25,603.0,59079.544252394844,0.15888316436762506,0.576530612244898,2283.582089552239
5.43,782,216219,83.0,54.0,60.0,420.0,653.8,105877.1988229407,2.106327040772347,0.5025575447570333,4022.0994475138123
3.28,824,215656,184.0,54.0,60.0,409.0,565.0,63165.96684418889,3.2960218331042452,0.4320388349514563,6182.926829268294
0.8,91,17102,60.0,54.0,60.0,256.0,472.0,47208.676971380264,1.4169022046353872,0.5604395604395604,3749.9999999999995
6.13,389,66025,60.0,54.0,54.0,256.0,436.0,33693.677784312815,0.20938198336813568,0.5784061696658098,1977.1615008156607
4.37,401,107380,74.0,54.0,54.0,292.0,688.0,205203.7573273798,0.47945054490844713,0.5935162094763092,2745.995423340961
8.36,1201,327698,112.0,54.0,60.0,399.0,576.0,179506.6790178321,2.2714512473919077,0.49375520399666945,4004.784688995215
4.83,537,77102,60.0,54.0,54.0,148.0,328.0,23388.76887598875,0.420135563250571,0.5661080074487895,3391.304347826087
4.94,1026,347520,148.0,54.0,60.0,472.0,696.0,236549.97831811497,3.3004046478820954,0.45419103313840153,5404.858299595141
1.46,89,14212,60.0,54.0,54.0,199.0,371.2000000000001,31650.732483272313,0.22390630382363072,0.5842696629213483,1849.3150684931509
8.33,1021,236169,91.0,54.0,60.0,297.0,540.0,88621.55039757646,1.349963681230659,0.5044074436826641,3421.3685474189674
8.61,730,127941,60.0,54.0,54.0,206.75,436.9000000000002,41288.44524113342,0.44205994071302174,0.5643835616438356,2564.459930313589
2.75,155,29227,60.0,54.0,54.0,220.0,493.5999999999998,59007.588178980244,0.17382224185710268,0.6193548387096774,1810.909090909091
2.12,138,26981,60.0,54.0,54.0,256.0,518.8,51266.4961667717,0.1859258933673245,0.5579710144927537,2009.433962264151
7.88,703,156376,66.0,54.0,54.0,298.0,544.0,68231.17965880832,0.694379733668505,0.534850640113798,2680.2030456852794
5.18,381,84901,60.0,54.0,54.0,328.0,580.0,81673.12837470119,0.20596298348034828,0.5853018372703412,2258.6872586872587
3.6,698,224127,184.0,54.0,60.0,513.75,870.0,103737.66787834255,2.408983056003407,0.45415472779369626,4916.666666666666
4.8,370,62472,60.0,54.0,54.0,220.0,416.0000000000002,41777.82407596786,0.4353130384836301,0.6324324324324324,2562.5
8.66,657,115474,60.0,54.0,54.0,256.0,472.0,35711.59208986932,0.5096021858209248,0.5616438356164384,2348.7297921478057
3.14,220,36364,60.0,54.0,54.0,184.0,439.5999999999998,40828.524462809924,0.2119313447758707,0.6272727272727273,2235.668789808917
3.68,1058,368560,148.0,54.0,60.0,400.0,776.0,263940.5542290086,4.937429519605632,0.43950850661625707,7451.086956521739
8.87,1185,290963,112.0,54.0,60.0,298.0,616.0,87032.71941177518,1.8372240424370077,0.47848101265822784,3571.589627959414
0.91,80,13012,60.0,54.0,54.0,184.0,436.0,35786.402500000004,0.570738773539353,0.6125,2901.098901098901
2.37,135,29232,66.0,54.0,54.0,313.0,570.4000000000002,75565.47851851853,0.17928029691786349,0.6148148148148148,1746.8354430379748
1.56,525,179783,184.0,54.0,60.0,536.0,781.6000000000008,167753.08493786847,3.018035937779367,0.4361904761904762,8500.0
9.72,1024,246525,78.0,54.0,54.0,267.0,695.0,105665.17919063568,0.6600115818676435,0.548828125,3141.975308641975
3.38,259,33431,60.0,54.0,54.0,148.0,292.0,18060.040369106006,0.388445884209652,0.6138996138996139,2520.7100591715975
4.15,810,275379,220.0,54.0,60.0,508.0,846.4000000000005,148030.25488340194,3.471381947488918,0.4345679012345679,4872.289156626506
4.19,741,151628,148.0,54.0,60.0,298.0,508.0,29841.632189057716,1.9493299099414523,0.4251012145748988,4324.582338902147
6.69,880,204924,83.0,54.0,60.0,364.0,542.0,63635.08035123968,1.8354549479743192,0.5056818181818182,3686.09865470852
1.36,69,9200,66.0,54.0,54.0,184.0,293.0,11442.193236714975,0.33391329563578365,0.5217391304347826,1544.1176470588234
9.31,750,154322,60.0,54.0,54.0,276.75,508.0,83136.42900622221,0.5770637889100088,0.5773333333333334,2481.2030075187968
8.7,1209,308578,112.0,54.0,60.0,364.0,688.0,82869.43155996418,1.841915252208029,0.48221670802315963,3793.1034482758623
7.05,715,167648,83.0,54.0,60.0,328.0,578.0,58241.94156389066,1.6727887252088516,0.5048951048951049,2834.0425531914893
3.52,258,55753,60.0,54.0,54.0,292.0,616.0,70325.72316867976,0.16137566137566137,0.5930232558139535,2301.1363636363635
4.23,815,161325,106.0,54.0,60.0,263.0,476.0,51379.04603108886,1.6069356689236138,0.49693251533742333,5446.808510638298
5.92,877,213611,112.0,54.0,60.0,297.0,729.0,85047.53584639248,1.7297483802537923,0.4925883694412771,4175.675675675676
1.86,109,13889,60.0,54.0,54.0,148.0,222.40000000000003,25522.90446932077,0.44526534859521333,0.6146788990825688,1838.7096774193546
9.14,1237,252906,78.0,54.0,60.0,267.0,494.0,58860.328448687695,1.0609720320751026,0.5222312045270816,3978.1181619256013
1.13,73,15779,60.0,54.0,54.0,364.0,536.8,63781.36085569525,0.31000415110004154,0.589041095890411,2017.6991150442482
2.83,607,132695,86.0,54.0,60.0,298.0,508.0,59627.60244158622,2.15729989530789,0.5024711696869851,6042.402826855124
9.17,1124,251537,78.0,54.0,54.0,328.0,542.7,75636.22258060942,1.3156029348136282,0.5240213523131673,3618.3206106870234
6.4,620,137883,78.0,54.0,54.0,258.75,508.0,125935.87380593136,0.9714187672466793,0.5516129032258065,2840.625
1.72,154,21675,60.0,54.0,54.0,220.0,328.0,24644.47482712093,0.27417553347833756,0.6688311688311688,2965.1162790697676
3.76,216,39477,60.0,54.0,54.0,273.25,472.0,40458.10628858024,0.18660013826685504,0.5601851851851852,1787.2340425531916
2.0,112,24300,72.0,54.0,54.0,328.0,506.4000000000001,61492.748724489786,0.161345822978398,0.5267857142857143,1680.0
7.98,898,162982,60.0,54.0,54.0,216.5,445.0,47629.860213987035,1.0436870681764034,0.5434298440979956,3481.2030075187968
7.55,1294,374757,123.0,54.0,60.0,445.0,652.0,123889.35199016264,2.6980895616649234,0.4528593508500773,4339.07284768212
8.96,800,135408,60.0,54.0,54.0,220.0,400.0,36253.1649,0.9751732185836189,0.57375,2758.928571428571
4.12,771,142295,112.0,54.0,60.0,281.0,436.0,31518.993599028327,1.6985586952399014,0.49286640726329445,5315.533980582524
7.25,764,133160,83.0,54.0,54.0,256.0,400.0,27897.387859433675,0.7181270402436035,0.5078534031413613,3037.2413793103447
8.53,570,107511,60.0,54.0,54.0,273.25,472.0,47990.19448753462,0.18451148032259487,0.5789473684210527,2067.9953106682296
4.38,443,120273,83.0,54.0,54.0,292.0,652.0,188497.9204174289,0.6277083812642947,0.5598194130925508,2945.205479452055
5.09,963,147106,60.0,54.0,60.0,220.0,321.0,21853.70366057093,1.7136822298880259,0.5264797507788161,5776.031434184676
6.91,613,105867,60.0,54.0,54.0,268.0,436.0,29362.815602138548,0.761191795178919,0.5562805872756933,2709.1172214182343
5.89,497,77298,60.0,54.0,54.0,220.0,325.00000000000017,26640.490597508593,0.8928422753875163,0.5633802816901409,2567.062818336163
0.64,284,50540,95.0,54.0,60.0,293.5,414.0,23579.0475104146,2.8247313455426064,0.5,13125.0
0.94,38,4125,60.0,54.0,54.0,146.0,194.80000000000015,5849.773545706371,0.44787644787644787,0.6052631578947368,1340.4255319148938
0.76,53,9021,112.0,54.0,54.0,220.0,356.8000000000002,32621.673905304393,0.2754135444648664,0.49056603773584906,2052.6315789473683
3.84,322,82507,83.0,54.0,54.0,431.5,688.0,80850.93643185064,1.1281694137068277,0.5186335403726708,2328.125
9.71,1079,208119,60.0,54.0,54.0,292.0,448.0,55997.18518588505,0.9611666038447041,0.5468025949953661,3410.9165808444895
2.37,218,49227,62.0,54.0,54.0,292.0,590.0,86636.31783940745,0.18522174603938943,0.6009174311926605,2810.126582278481
6.21,1306,394831,112.0,54.0,60.0,414.0,688.0,186673.27149579398,1.8817256882608822,0.48392036753445633,5623.188405797102
8.04,844,169051,78.0,54.0,54.0,256.0,436.0,91656.53596476943,1.3114292355442525,0.5462085308056872,3097.0149253731347
8.63,572,128548,60.0,54.0,54.0,268.0,648.3999999999992,87407.33148320211,0.15021474588403722,0.5856643356643356,2044.0324449594436
9.11,1146,292863,83.0,54.0,54.0,298.0,544.5,173259.54743336714,1.7582787070524413,0.5104712041884817,3655.3238199780462
9.08,704,135825,66.0,54.0,54.0,256.0,508.0,52707.83787246579,0.5020070994924195,0.5582386363636364,2405.286343612335
6.88,481,101426,60.0,54.0,54.0,292.0,580.0,65822.1251896387,0.17804336968767784,0.5634095634095634,2127.906976744186
1.27,104,25615,69.0,54.0,54.0,272.5,821.2,116480.3246116864,0.13466223698781837,0.6346153846153846,2456.6929133858266
2.6,727,187629,112.0,54.0,60.0,326.0,810.3999999999992,78572.88795127609,2.9654450925691096,0.47730398899587345,7730.7692307692305
5.13,419,161105,83.0,54.0,54.0,472.0,1514.0,266888.63186015113,0.0843491078459747,0.5250596658711217,2327.4853801169593
1.15,81,21749,78.0,54.0,54.0,400.0,832.0,108184.74378905652,0.14000419331166788,0.5802469135802469,2086.9565217391305
3.4,209,40836,60.0,54.0,54.0,256.0,544.0,58204.05553902153,0.16727646924308257,0.6028708133971292,1941.1764705882354
6.78,681,142698,62.0,54.0,54.0,297.0,508.0,63653.87526764864,0.5812288769460912,0.5359765051395007,3017.6991150442477
9.58,1374,522646,91.0,54.0,60.0,400.0,984.0,449256.3177835833,4.115304434635373,0.5021834061135371,4052.192066805845
1.55,121,24526,78.0,54.0,54.0,292.0,472.0,52480.64203264805,0.1608292313517607,0.5371900826446281,2283.8709677419356
5.96,417,97044,66.0,54.0,54.0,298.0,666.4000000000012,96278.62871141935,0.1544473656035498,0.5827338129496403,2104.026845637584
9.5,983,332814,80.0,54.0,54.0,301.0,792.0,384290.45267202664,1.7105869705089467,0.5422177009155646,2993.684210526316
2.57,166,38744,60.0,54.0,54.0,364.0,670.0,63280.44433154305,0.18266178266178265,0.5542168674698795,1984.4357976653698
0.14,8,1686,66.0,54.0,54.0,421.0,491.2,39342.9375,0.1469387755102041,0.625,1714.2857142857142
6.12,1302,293636,112.0,54.0,60.0,297.0,508.0,93971.96970748063,2.131783276450512,0.4930875576036866,5941.176470588235
7.19,1309,328479,112.0,54.0,60.0,412.0,616.8000000000002,65616.24989363758,2.356553105393309,0.4644766997708174,4815.020862308762
9.12,1202,216743,78.0,54.0,60.0,256.0,400.0,38179.79780579235,1.380797029811727,0.5199667221297837,3907.8947368421054
8.22,1561,280035,112.0,54.0,60.0,220.0,445.0,46485.2100671353,2.41472783143108,0.4983984625240231,5430.6569343065685
9.08,1354,274207,83.0,54.0,60.0,263.75,400.0,82936.27041546574,2.0378334662766995,0.5206794682422452,4308.370044052863
6.66,846,178116,112.0,54.0,54.0,328.0,508.0,42506.444695940845,1.5032464794670715,0.4940898345153664,3477.4774774774774
4.28,312,55168,60.0,54.0,54.0,220.25,504.4000000000012,39103.11522024984,0.2195326834228618,0.5897435897435898,2271.0280373831774
1.06,64,13614,60.0,54.0,54.0,300.0,590.0,54627.2021484375,0.16091071885392683,0.5625,1924.5283018867924
5.92,424,82112,74.0,54.0,54.0,220.0,508.0,65562.978996084,0.21771885334638372,0.5801886792452831,2138.5135135135133
1.13,62,11871,60.0,54.0,54.0,283.0,533.1999999999998,48608.95863683663,0.19836462749848577,0.5967741935483871,1699.1150442477879
2.52,171,31013,60.0,54.0,54.0,256.0,436.0,48583.833453028295,0.19727444697525384,0.5614035087719298,2071.428571428571
8.48,924,159709,83.0,54.0,60.0,292.0,334.0,26476.184923211713,1.4933493614762543,0.5140692640692641,3148.5849056603774
6.05,916,215392,83.0,54.0,60.0,268.0,493.0,176156.42028184058,2.7292150005194085,0.5065502183406113,4264.462809917355
0.11,11,1054,60.0,54.0,54.0,112.0,148.0,4822.148760330578,0.34438775510204084,0.6363636363636364,3818.1818181818185
6.26,665,138736,83.0,54.0,54.0,298.0,472.0,87072.22521114818,1.2100517722023099,0.5203007518796993,2904.1533546325877
8.39,1274,219881,83.0,54.0,60.0,256.0,447.0,30912.040767653514,1.6878674897622394,0.510989010989011,4448.1525625744935
8.94,982,217641,78.0,54.0,54.0,300.0,578.5999999999997,69178.46315242595,0.886297451898076,0.5356415478615071,3228.1879194630874
4.31,261,44819,60.0,54.0,54.0,256.0,436.0,31593.312576151264,0.21201222315368182,0.5593869731800766,1865.4292343387472
1.35,129,16943,78.0,54.0,54.0,112.0,293.0,21036.131722853195,0.3076329397237015,0.6666666666666666,2844.444444444444
0.95,312,50856,83.0,54.0,60.0,256.0,331.0,25569.673076923078,2.6193865205323466,0.5192307692307693,9726.315789473685
0.82,24,3018,83.0,54.0,54.0,148.0,209.2,10438.4375,0.30875975715524717,0.5,878.048780487805
9.85,910,177262,60.0,54.0,54.0,220.0,436.0,90210.51556092258,0.4936634197310324,0.567032967032967,2832.4873096446704
3.02,436,89950,78.0,54.0,60.0,292.0,485.0,61083.91012961872,1.890331287555027,0.5206422018348624,4251.6556291390725
4.96,532,95176,78.0,54.0,54.0,256.0,449.5000000000005,35566.36638588952,1.023772565863616,0.5507518796992481,3181.451612903226
7.42,480,95473,60.0,54.0,54.0,281.5,544.0,53981.03416232639,0.17140473356808952,0.56875,2021.5633423180593
9.81,965,236960,83.0,54.0,54.0,300.0,548.8000000000002,138722.11439770195,1.1896946847046648,0.5202072538860104,2850.152905198777
7.14,740,156862,60.0,54.0,54.0,297.0,513.0,66452.93994886779,0.8587967626112408,0.5405405405405406,3151.2605042016808
9.54,691,124071,60.0,54.0,54.0,220.0,476.0,45990.50480752114,0.21445351500557938,0.6005788712011577,2251.5723270440253
7.5,1224,327244,91.0,54.0,60.0,298.0,616.0,178322.27670981246,2.179750279356751,0.5016339869281046,4608.0
3.28,163,26636,60.0,54.0,54.0,227.5,337.60000000000014,26140.401595844778,0.21697811486270388,0.558282208588957,1554.878048780488
1.62,154,29144,60.0,54.0,54.0,292.0,570.4000000000005,45562.575476471575,0.19909483645340464,0.6363636363636364,2999.9999999999995
6.46,680,127612,73.0,54.0,54.0,270.0,447.0,43832.361107266435,0.8415227210413149,0.5176470588235295,3148.606811145511
3.96,261,41192,60.0,54.0,54.0,220.0,400.0,25536.558975939875,0.2211911891138715,0.5900383141762452,2060.6060606060605
1.32,86,13572,60.0,54.0,54.0,220.0,364.0,27728.94213088156,0.2126518942101501,0.6046511627906976,2045.4545454545453
3.05,227,43761,60.0,54.0,54.0,284.0,508.0,50321.66954530459,0.1847470016514606,0.5903083700440529,2321.3114754098365
6.81,1025,176879,78.0,54.0,60.0,220.0,421.0,35145.93359571684,1.3709686067397657,0.5395121951219513,4493.392070484582
1.59,400,58382,112.0,54.0,60.0,220.0,309.0,11549.822975,2.032831168831169,0.4875,7132.075471698113
4.65,654,102274,78.0,54.0,60.0,184.0,364.0,21111.545006499644,1.5198708946214305,0.5351681957186545,4193.548387096775
6.0,936,228137,112.0,54.0,60.0,344.0,616.0,58749.24767034663,1.9915683189089954,0.47435897435897434,4070.0
6.39,963,191871,112.0,54.0,60.0,292.0,432.8000000000011,34816.87553498122,2.062341393344506,0.46625129802699894,4028.169014084507
3.33,263,44588,60.0,54.0,54.0,220.0,503.2000000000003,33294.51485492056,0.21120256431152037,0.6083650190114068,2540.5405405405404
0.03,2,850,425.0,128.2,239.5,610.5,721.8,137641.0,0.0678391959798995,0.5,2000.0
6.73,843,234096,83.0,54.0,54.0,400.0,784.6000000000001,112498.3523596037,2.1176219901981677,0.5124555160142349,3583.952451708766
4.96,385,69192,62.0,54.0,54.0,256.0,465.2000000000004,44585.13169843144,0.2074971205193536,0.6,2370.967741935484
4.41,284,67197,60.0,54.0,54.0,364.0,677.2000000000006,79210.92822604642,0.1451431492842536,0.5669014084507042,1959.183673469388
8.6,548,113476,60.0,54.0,54.0,256.0,544.0,72692.15890564228,0.17055558994037673,0.572992700729927,1988.3720930232557
6.94,1556,303288,112.0,54.0,60.0,292.0,414.0,38258.027507748426,1.8936381330382017,0.4903598971722365,6250.720461095101
5.37,709,173668,78.0,54.0,54.0,322.0,695.2000000000016,106833.2962892968,1.0530559167750324,0.5444287729196051,3921.787709497207
2.0,227,62537,83.0,54.0,54.0,364.0,594.4000000000002,164251.8975334278,1.512131437294127,0.5242290748898678,3210.0
2.81,533,101930,91.0,54.0,60.0,297.0,436.0,39937.776246176385,1.5380344114937377,0.5028142589118199,5423.487544483986
1.09,78,11168,60.0,54.0,54.0,148.0,306.2999999999999,34718.68573307035,0.3055880289922843,0.6153846153846154,2477.064220183486
5.15,509,78892,60.0,54.0,54.0,220.0,400.0,21651.188570369883,0.9588816606247207,0.5422396856581533,2982.52427184466
6.79,659,117427,78.0,54.0,54.0,294.5,400.0,29313.458709913633,0.7977189222290263,0.5265553869499241,2845.360824742268
7.15,1333,303777,112.0,54.0,60.0,266.0,472.0,158773.9240729162,1.9481177395405713,0.4883720930232558,5118.881118881119
1.6,446,128413,112.0,54.0,60.0,411.0,803.0,121530.70908825837,3.836830012429847,0.4977578475336323,7762.499999999999
3.74,214,31280,60.0,54.0,54.0,184.0,320.8000000000004,26975.158616473054,0.32424537487828625,0.5654205607476636,1796.7914438502673
2.26,314,54122,60.0,54.0,60.0,220.0,472.0,32800.44780721328,1.2623416795552398,0.5509554140127388,4221.238938053098
3.29,510,111859,112.0,54.0,60.0,328.0,444.0,56969.40980007689,1.9933634831009661,0.4843137254901961,4340.425531914894
7.11,622,100278,60.0,54.0,54.0,256.0,396.3999999999992,25541.12261039485,0.5665010778892118,0.572347266881029,2767.9324894514766
0.5,35,4992,60.0,54.0,54.0,166.0,328.0,20617.20489795919,0.2104752667313288,0.5714285714285714,2160.0
0.8,43,9343,60.0,54.0,54.0,346.0,529.6000000000004,53152.154678204446,0.21732899022801302,0.5581395348837209,1650.0
4.34,530,104310,66.0,54.0,54.0,292.0,472.0,59904.798362406545,0.9166881040755577,0.5471698113207547,3677.4193548387098
8.15,831,160830,60.0,54.0,54.0,220.0,509.0,52580.6625222102,0.38060982728427706,0.5667870036101083,3158.282208588957
0.39,36,7734,69.0,54.0,54.0,301.0,531.0,67385.63888888889,0.125764192139738,0.5277777777777778,2769.230769230769
6.29,1019,239003,112.0,54.0,60.0,298.0,593.0,89317.00150718297,1.4016540053860687,0.4955839057899902,4492.845786963434
0.61,163,47707,184.0,54.0,60.0,292.0,322.4000000000003,290265.39515977266,4.039826748362561,0.3619631901840491,5409.836065573771
8.38,1327,278272,83.0,54.0,60.0,292.0,328.0,121826.68623209678,2.4583845991325206,0.5086661642803316,4532.219570405728
9.22,1198,225769,83.0,54.0,60.0,266.0,400.0,58544.11775120471,1.8800005102561486,0.5091819699499165,3761.3882863340564
8.84,1016,360106,112.0,54.0,54.0,446.0,961.0,245332.99774862052,2.42579626317592,0.4911417322834646,3169.6832579185516
0.21,18,3152,70.0,54.0,54.0,141.0,493.6,43999.543209876545,0.1713117800074322,0.6666666666666666,2571.4285714285716
5.68,375,69918,60.0,54.0,54.0,213.0,508.0,55776.24196266667,0.18855608064461293,0.6133333333333333,1996.4788732394368
1.17,87,16209,60.0,54.0,54.0,249.0,486.4000000000002,46916.51288149029,0.19579490962744375,0.5862068965517241,2307.6923076923076
8.56,544,111439,60.0,54.0,54.0,256.0,580.0,69206.26643260705,0.1716238237922515,0.5735294117647058,1955.607476635514
3.96,726,165226,83.0,54.0,60.0,292.0,381.0,182221.25946922263,2.6592474475671604,0.509641873278237,5196.969696969697
7.4,915,161552,78.0,54.0,54.0,260.0,382.8000000000002,32047.40710800561,1.079818734229363,0.5234972677595628,3608.108108108108
6.41,408,86674,60.0,54.0,54.0,292.0,616.0,70423.72633121876,0.16401874806945918,0.5882352941176471,2031.201248049922
5.98,1117,341996,148.0,54.0,60.0,298.0,616.0,246941.35389989006,2.3449331494576646,0.4422560429722471,4625.418060200669
5.54,523,96868,78.0,54.0,60.0,184.0,469.00000000000017,105001.98582234426,1.4915890735120119,0.5239005736137667,2805.0541516245485
5.37,668,173385,83.0,54.0,54.0,328.0,717.0,105668.57293870345,1.6435072954306362,0.5119760479041916,3474.8603351955308
2.62,190,32981,60.0,54.0,54.0,254.0,475.5999999999998,35676.16922437673,0.1821146953405018,0.6,2267.175572519084
5.77,337,59051,60.0,54.0,54.0,256.0,472.0,39119.55744965615,0.19776475122208476,0.5934718100890207,1830.155979202773
0.41,32,5796,69.0,54.0,54.0,274.0,400.0,26956.921875,0.17114568599717114,0.5625,2341.4634146341464
9.85,982,204436,83.0,54.0,54.0,301.0,472.0,50080.809578523396,1.1764950121900584,0.5254582484725051,2862.9441624365486
1.01,53,8560,60.0,54.0,54.0,292.0,400.0,19221.381986472054,0.25697503671071953,0.5849056603773585,1603.9603960396041
4.22,436,80865,78.0,54.0,54.0,296.0,436.0,36004.331679782845,1.2566556901266954,0.5091743119266054,3042.654028436019
2.79,215,40467,60.0,54.0,54.0,281.0,493.5999999999998,39300.738258518126,0.18310723891942463,0.5488372093023256,2365.5913978494623
6.44,895,244414,93.0,54.0,54.0,335.0,637.6000000000008,162315.27824225213,1.8415606761689958,0.5005586592178771,3782.608695652174
5.85,912,163405,83.0,54.0,60.0,292.0,395.0,27263.62058397776,1.0462457423362053,0.5076754385964912,4328.205128205129
3.45,197,39529,60.0,54.0,54.0,256.0,580.0,55927.01790821717,0.1707786630334982,0.5685279187817259,1808.695652173913
5.11,1305,255719,112.0,54.0,60.0,292.0,493.0,34513.626167554794,2.1388503602597306,0.46360153256704983,6786.692759295499
3.73,567,134106,112.0,54.0,60.0,298.0,571.6000000000005,64951.307858122665,1.4676333124792993,0.4673721340388007,3973.190348525469
9.58,1169,289719,112.0,54.0,60.0,298.0,544.0,166435.49113431456,2.100289997752785,0.49101796407185627,3400.835073068893
4.52,335,87247,60.0,54.0,54.0,309.0,781.6000000000008,122321.99550902208,0.14236520281771284,0.5761194029850746,2243.3628318584074
5.34,983,280725,83.0,54.0,60.0,297.0,544.0,241135.89774280778,3.0141419052249265,0.5127161749745677,5292.134831460675
1.69,297,52181,112.0,54.0,60.0,292.0,328.0,23880.946524731036,2.225628979415219,0.494949494949495,4934.911242603551
6.8,457,76047,60.0,54.0,54.0,220.0,436.0,27513.558226278317,0.23145059429348705,0.5645514223194749,2073.529411764706
4.94,659,142690,83.0,54.0,54.0,297.0,544.0,56106.13404684985,1.743194401722547,0.5174506828528073,3838.056680161943
4.28,268,52253,63.0,54.0,54.0,258.5,544.0,51357.197078970814,0.19108730339639846,0.582089552238806,1906.5420560747664
0.37,28,4531,71.5,54.0,54.0,157.0,518.8000000000001,36377.7181122449,0.2530420353982301,0.6785714285714286,2270.2702702702704
8.54,797,220905,78.0,54.0,54.0,335.0,688.0,165081.2632283233,0.8260988170718602,0.5194479297365119,2711.9437939110076
0.82,308,168314,112.0,54.0,60.0,547.0,2315.0,703307.5350396356,9.324745430008587,0.4837662337662338,10682.926829268294
9.24,966,184798,83.0,54.0,54.0,267.0,364.0,63570.45728259798,1.6234064904460408,0.5238095238095238,2993.5064935064934
3.94,665,156085,112.0,54.0,60.0,300.0,544.0,56313.512352309335,2.1077771583306784,0.4842105263157895,4583.756345177665
4.56,282,55524,60.0,54.0,54.0,256.0,576.4000000000002,56091.392937980985,0.19081219036180755,0.6099290780141844,1934.2105263157896
0.35,26,4975,57.0,54.0,54.0,229.0,526.0,63600.53402366863,0.1873508353221957,0.6538461538461539,2400.0000000000005
3.65,256,45353,61.0,54.0,54.0,220.0,493.0,48277.743881225586,0.3910683065975524,0.61328125,2169.8630136986303
6.98,1083,217897,112.0,54.0,60.0,292.0,410.0,46492.20841528909,1.265583247553989,0.48938134810710987,4220.630372492837
7.01,522,113941,60.0,54.0,54.0,292.0,652.0,71557.08184333758,0.16024805506903997,0.5862068965517241,2293.8659058487874
8.39,552,117247,60.0,54.0,54.0,292.0,540.4000000000012,74936.49802759399,0.1616895212428662,0.5778985507246377,2059.594755661502
3.36,350,86997,60.0,54.0,55.5,220.0,544.0,235632.57176326538,2.626385994164235,0.5714285714285714,3285.714285714286
8.42,611,133995,60.0,54.0,54.0,293.0,590.0,73723.04971860677,0.18109299250771266,0.5728314238952537,2244.6555819477435
0.16,101,33204,220.0,60.0,60.0,364.0,868.0,124501.92883050682,10.791193181818182,0.3069306930693069,11625.0
8.66,808,162089,60.0,54.0,54.0,269.0,544.0,66689.88002248555,0.5152753108348135,0.5779702970297029,2923.78752886836
1.91,137,28431,60.0,54.0,54.0,256.0,594.4000000000002,70444.36613564921,0.17863361246994444,0.6131386861313869,2230.366492146597
3.72,572,128043,112.0,54.0,60.0,299.0,541.0,51750.01113440755,2.2510600482417162,0.4772727272727273,4129.032258064516
6.57,416,83969,60.0,54.0,54.0,328.0,508.0,46962.854469073594,0.17493388556956357,0.5600961538461539,1972.6027397260275
4.78,741,279909,123.0,54.0,54.0,413.0,1494.0,242289.9281963863,0.31286936455225983,0.46288798920377866,4004.1841004184093
0.58,48,15593,66.0,54.0,54.0,445.0,845.6000000000001,183761.91623263885,0.0970170254678486,0.5625,2482.7586206896553
7.1,467,103911,60.0,54.0,54.0,328.0,630.4000000000012,74494.2242478988,0.150310517750988,0.5802997858672377,2036.619718309859
5.38,742,196995,83.0,54.0,60.0,415.0,659.9,106446.92648447774,1.840017876708379,0.5080862533692723,3769.5167286245355
8.29,797,183413,62.0,54.0,54.0,292.0,580.0,94584.71981033018,0.8162939929888495,0.5445420326223338,2909.529553679132
2.09,531,125592,112.0,54.0,60.0,395.0,590.0,56966.79198186983,2.0410421559844063,0.4952919020715631,7148.3253588516745
5.0,543,78730,78.0,54.0,54.0,220.0,297.0,15464.049638967741,1.0920468737544176,0.5469613259668509,3228.0
4.54,623,130074,112.0,54.0,60.0,322.0,456.0,43747.25940086929,1.966204506065858,0.4895666131621188,3779.735682819383
6.83,945,185963,83.0,54.0,60.0,184.0,436.0,82088.35219170795,1.7165729311226352,0.5301587301587302,4040.9956076134704
2.79,196,39949,64.0,54.0,54.0,297.0,580.0,52097.84056122449,0.18973732801238907,0.5663265306122449,2129.032258064516
9.75,1204,237930,91.0,54.0,54.0,292.0,400.0,57018.19162867961,0.9432057627284756,0.5041528239202658,3544.6153846153843
6.63,484,169395,78.0,54.0,54.0,400.0,1514.0,249646.2540255105,0.08147708337323553,0.5495867768595041,2099.547511312217
4.04,739,117980,83.0,54.0,60.0,220.0,309.0,25039.851860668245,1.7336129196691303,0.5074424898511503,5227.722772277228
4.51,344,67640,61.0,54.0,54.0,293.25,533.1999999999996,55197.69875608438,0.29111072935158144,0.5843023255813954,2341.4634146341464
2.69,192,42886,69.0,54.0,54.0,297.25,652.0,78753.06499565972,0.15105480702131086,0.59375,2141.2639405204463
1.09,64,13568,60.0,54.0,54.0,274.0,605.2,68455.0625,0.1471085559688874,0.578125,1816.5137614678897
2.0,102,22187,60.0,54.0,54.0,292.0,616.0,62550.09275278739,0.16681567183802262,0.5196078431372549,1560.0
3.63,552,122814,83.0,54.0,60.0,297.0,525.0,79316.24263547575,2.327481102170202,0.5144927536231884,4247.933884297521
9.96,1327,221778,112.0,54.0,60.0,266.0,364.0,22259.07421026061,1.3816365979381444,0.49284099472494347,3746.987951807229
2.78,253,59798,83.0,54.0,54.0,256.0,536.8000000000004,164443.3912418566,0.5458470128997234,0.5810276679841897,2417.26618705036
2.74,208,37869,60.0,54.0,54.0,226.75,508.0,44893.914362980766,0.21273938384679433,0.6057692307692307,2343.0656934306567
2.75,239,38861,60.0,54.0,54.0,204.5,400.0,35986.54995535792,0.21516572858036273,0.6276150627615062,2792.727272727273
0.23,10,1930,71.5,54.0,54.0,212.75,529.5999999999999,50432.8,0.18332311465358675,0.7,1304.3478260869565
6.98,485,100452,60.0,54.0,54.0,292.0,544.0,64814.021239239024,0.17430034369081854,0.5731958762886598,2131.805157593123
5.79,731,130578,60.0,54.0,60.0,220.0,472.0,43933.87487485052,1.123944761625921,0.5581395348837209,3917.0984455958546
4.78,739,218233,112.0,54.0,60.0,364.0,868.0,133160.01306670133,2.547177478341433,0.48308525033829497,4267.782426778243
4.63,540,123874,112.0,54.0,60.0,361.0,580.0,49956.84665294924,2.0019872043427687,0.4703703703703704,3084.233261339093
8.53,1289,270508,112.0,54.0,60.0,301.0,541.0,40923.437007416695,1.9387072243346009,0.4747866563227308,4030.4806565064478
8.15,914,218411,83.0,54.0,54.0,297.0,580.0,94753.7151638265,1.4515220221793204,0.5459518599562363,3180.3680981595094
1.35,60,6745,60.0,54.0,54.0,148.0,220.0,7209.076388888889,0.34873025394921014,0.5666666666666667,1377.7777777777776
2.07,297,42413,78.0,54.0,60.0,220.0,298.0,12460.500583840652,1.34338913752141,0.5218855218855218,4289.855072463769
4.09,483,79612,78.0,54.0,54.0,266.0,387.80000000000024,22018.088482525964,1.0684351373119592,0.5320910973084886,3447.4327628361857
7.51,556,81963,60.0,54.0,54.0,184.0,364.0,21895.552206795717,0.5790660039301815,0.5809352517985612,2324.900133155792
0.32,28,3638,90.5,54.0,54.0,220.0,256.0,8362.352040816326,0.32387190684133915,0.5,2437.5
7.73,895,162500,78.0,54.0,54.0,266.0,436.0,40395.986654598804,0.8581196972122487,0.5396648044692738,3423.027166882277
4.04,234,30612,60.0,54.0,54.0,157.0,328.0,14262.514792899408,0.2615701627859056,0.6196581196581197,1886.1386138613864
2.72,301,50392,60.0,54.0,54.0,256.0,436.0,28908.86740764451,0.7514858711897396,0.5647840531561462,3507.3529411764703
3.04,193,35965,60.0,54.0,54.0,256.0,544.0,45905.59451260437,0.18786537635829179,0.5854922279792746,1953.9473684210527
1.17,67,17701,60.0,54.0,54.0,490.0,688.0,80655.32056137222,0.13745019920318724,0.5671641791044776,1743.5897435897436
1.04,349,68494,62.0,54.0,60.0,266.0,482.39999999999964,58231.44639206575,1.475120153217938,0.5214899713467048,10096.153846153846
0.63,47,9160,66.0,54.0,54.0,266.0,400.0,62592.77591670439,0.31988472622478387,0.5319148936170213,2380.9523809523807
9.33,694,122252,60.0,54.0,54.0,256.0,436.0,56155.944082252994,0.5277107831498444,0.5936599423631124,2353.6977491961416
4.26,292,42149,60.0,54.0,54.0,160.75,377.5000000000005,24540.027620097582,0.2536137053119981,0.6164383561643836,2183.098591549296
7.58,722,177876,78.0,54.0,54.0,301.0,580.0,168434.37045449312,1.295796280282399,0.5457063711911357,2794.195250659631
7.69,1264,470648,112.0,54.0,60.0,328.0,586.3000000000004,464386.5164837366,4.4746245739743395,0.47705696202531644,4455.136540962289
0.24,17,2678,54.0,54.0,54.0,292.0,356.8,18461.896193771627,0.22171532846715328,0.5294117647058824,2250.0
4.62,246,40639,60.0,54.0,54.0,220.0,400.0,30079.370893647956,0.21728321102291448,0.5691056910569106,1610.3896103896104
1.66,112,26228,60.0,54.0,54.0,337.0,688.0,70929.0931122449,0.15873647006847802,0.5446428571428571,2132.530120481928
0.1,16,5828,191.0,54.0,54.0,508.0,922.0,160234.9375,0.08005930318754632,0.5,4800.0
4.44,580,150701,109.0,54.0,60.0,400.0,650.0,85347.09672711058,1.7126451264512645,0.4982758620689655,3621.621621621621
4.59,647,156061,91.0,54.0,60.0,299.0,596.0,74193.46251513943,1.7334524372515019,0.500772797527048,3830.0653594771243
4.71,657,113120,112.0,54.0,60.0,220.0,328.0,67909.08298177454,1.3963055543786806,0.4885844748858447,3834.394904458599
7.36,1948,1312801,83.0,54.0,60.0,479.0,2974.0,1183328.9595971121,6.816804210877306,0.5107802874743327,7842.391304347826
2.55,126,19347,78.0,54.0,54.0,220.0,346.0,21865.04138321995,0.26450980392156864,0.5634920634920635,1458.8235294117649
9.64,1251,301786,112.0,54.0,54.0,328.0,590.0,85511.89563201557,1.1252684878062522,0.49640287769784175,3641.0788381742736
8.46,738,176728,60.0,54.0,54.0,292.0,689.5000000000003,106623.6772130052,0.5350699662112276,0.5840108401084011,2780.141843971631
6.6,446,116988,60.0,54.0,54.0,328.0,706.0,130621.83975145285,0.12968577994940034,0.5852017937219731,2045.4545454545455
3.72,1020,325259,148.0,54.0,60.0,405.25,796.4000000000001,196007.26730007693,3.9875640199957063,0.4362745098039216,6887.096774193547
9.27,1010,211725,83.0,54.0,60.0,270.0,508.0,71638.13244289777,1.418967861345642,0.5316831683168317,3165.0485436893205
9.6,1413,446190,91.0,54.0,54.0,400.0,940.0,189404.17581961857,1.3664280031821798,0.5010615711252654,4150.0
9.53,1466,427829,148.0,54.0,60.0,400.0,730.5,105542.41522579096,2.1459171293062247,0.44201909959072305,3859.3913955928647
5.84,1363,472882,263.0,54.0,60.0,513.0,897.9999999999991,141006.44198175336,2.4708973737907547,0.42406456346294935,5630.136986301371
7.6,1049,302278,83.0,54.0,54.0,364.0,983.2000000000016,140211.5307256173,1.15124579220428,0.5271687321258341,3939.4736842105267
0.51,27,3112,60.0,54.0,54.0,87.0,220.0,18689.67352537723,0.2780287474332649,0.7777777777777778,1882.3529411764705
7.41,778,178773,78.0,54.0,54.0,297.0,616.0,78769.50276729601,0.7707660611343331,0.5475578406169666,3101.2145748987855
3.3,251,50856,78.0,54.0,54.0,294.5,544.0,53302.97814320407,0.22147231896241143,0.549800796812749,2272.7272727272725
0.99,69,16951,60.0,54.0,54.0,364.0,673.6000000000004,80048.88888888889,0.13210445468509985,0.5652173913043478,2181.8181818181815
2.08,140,26273,60.0,54.0,54.0,220.0,547.6000000000004,57820.82301020408,0.20756538125660706,0.65,2192.3076923076924
0.9,347,88571,148.0,54.0,60.0,309.0,602.2000000000007,72516.05384979528,3.8489543413993212,0.4409221902017291,10133.333333333332
3.27,203,28380,60.0,54.0,54.0,148.0,328.0,22159.567084860097,0.3448324882718097,0.5665024630541872,2000.0
9.04,1046,304104,97.0,54.0,54.0,400.0,760.0,159941.68639888277,1.2157747094611826,0.5,3252.2123893805315
7.7,1636,603654,118.5,54.0,60.0,541.0,904.0,241686.7673899008,3.2074690531950485,0.4669926650366748,5610.38961038961
6.1,665,145426,83.0,54.0,54.0,292.0,580.0,83023.86964554242,1.6730263762521826,0.5172932330827068,3127.8688524590166
6.08,574,136007,78.0,54.0,54.0,292.0,616.0,106982.03366861318,0.8494037339715261,0.5452961672473867,2802.6315789473683
9.15,1208,277037,66.0,54.0,60.0,300.0,588.0,103711.80233254572,1.3581831646507034,0.5281456953642384,3993.44262295082
0.07,5,371,60.0,54.0,54.0,91.0,103.6,545.76,0.41064638783269963,0.8,2571.428571428571
1.12,69,11626,83.0,54.0,54.0,220.0,373.20000000000016,31620.597773576992,0.2213467801239626,0.5217391304347826,1767.8571428571427
3.86,617,134136,83.0,54.0,54.0,297.0,556.3999999999993,57482.70359795003,1.385064011379801,0.5153970826580226,4461.139896373057
2.03,468,136604,184.0,54.0,60.0,539.0,616.0,80516.91927825261,3.3500302518867624,0.4252136752136752,5763.546798029557
8.06,953,444275,83.0,54.0,54.0,414.0,1530.0000000000014,676338.6150324431,3.699134794381452,0.5162644281217209,3312.655086848635
9.65,2067,1693847,220.0,54.0,60.0,1012.0,2974.0,1258035.6550736583,10.707621700454109,0.4397677793904209,5415.5440414507775
2.74,439,94210,112.0,54.0,60.0,328.0,508.0,41462.17594346231,2.1529451137884874,0.46924829157175396,4401.459854014598
4.59,328,56672,60.0,54.0,54.0,243.25,472.0,34871.433521713276,0.22193234006770304,0.5914634146341463,2196.078431372549
6.91,883,153743,62.0,54.0,54.0,220.0,443.2000000000006,41799.33346244464,0.9314689883038731,0.5413363533408834,3855.2821997105643
8.1,579,128345,60.0,54.0,54.0,292.0,652.0,75023.6937248129,0.15382886527500583,0.5699481865284974,2192.592592592593
8.77,1061,198796,78.0,54.0,54.0,220.0,508.0,57558.20393863133,0.9349237402789539,0.5428840716305372,3584.9486887115168
2.6,170,30569,60.0,54.0,54.0,256.0,439.5999999999998,41576.12557093425,0.19256427261732922,0.5941176470588235,2007.6923076923076
6.06,711,145414,78.0,54.0,54.0,297.0,508.0,50275.88671489414,1.017509295743382,0.5443037974683544,3445.544554455446
1.0,71,10735,60.0,54.0,54.0,166.0,400.0,29722.918865304513,0.26234713076199434,0.6619718309859155,2280.0
6.88,628,140976,60.0,54.0,54.0,280.75,580.0,109406.57777191774,0.8181302312384735,0.5796178343949044,2790.6976744186045
6.67,847,264652,112.0,54.0,60.0,458.0,688.0,186052.31435903368,2.520666214364582,0.4935064935064935,3544.227886056972
0.7,38,6077,69.0,54.0,54.0,178.25,241.3000000000001,50255.335872576165,0.2600041467965996,0.5526315789473685,1628.5714285714287
3.84,207,34294,60.0,54.0,54.0,256.0,400.0,26393.72783495531,0.2032560261043472,0.5507246376811594,1656.25
8.44,1395,304971,112.0,54.0,60.0,300.0,536.0,66035.98680078622,1.9733542625380236,0.4845878136200717,4585.308056872038
0.16,10,1888,68.5,54.0,54.0,158.75,590.8,51550.36,0.22996742671009773,0.7,1875.0
8.56,1003,210205,78.0,54.0,54.0,294.5,544.0,54873.98296635519,1.236413737339348,0.53938185443669,3441.588785046729
2.34,189,27762,60.0,54.0,54.0,220.0,328.0,19623.231040564373,0.24493273542600896,0.5978835978835979,2666.6666666666665
9.88,1361,379199,93.0,54.0,60.0,301.0,580.0,214086.8635727825,2.103787252502599,0.5003673769287289,3795.546558704453
6.13,1356,338583,148.0,54.0,60.0,300.0,580.0,100809.735076161,2.950516883298719,0.441740412979351,5618.270799347471
6.41,758,164119,83.0,54.0,54.0,299.0,544.0,50344.806477607366,1.4813129327809864,0.5145118733509235,3360.374414976599
2.35,252,72707,112.0,54.0,60.0,508.0,580.0,104462.80516187954,2.521602247408699,0.4603174603174603,2885.106382978723
1.96,179,48277,78.0,54.0,60.0,364.0,598.0,144345.05758247242,2.1586626537555613,0.5251396648044693,2663.265306122449
3.01,459,105522,83.0,54.0,60.0,400.0,672.0,54252.05006621385,1.9531512369864548,0.5272331154684096,4205.980066445183
8.6,569,116846,60.0,54.0,54.0,292.0,557.1999999999999,61134.868183629296,0.16984041168578923,0.5852372583479789,2044.1860465116279
9.95,754,181651,60.0,54.0,54.0,298.0,688.0,98918.64686481998,0.14613540286453405,0.5782493368700266,2315.577889447236
1.55,659,260086,292.0,54.0,60.0,472.0,874.2000000000014,306200.22188398754,6.2402984243639,0.424886191198786,10606.451612903225
0.58,213,26822,112.0,60.0,60.0,112.0,297.0,20107.581211840687,2.040353661301292,0.4788732394366197,10344.827586206899
9.21,658,119937,60.0,54.0,54.0,256.0,508.0,44154.03527545015,0.19496059540296307,0.5866261398176292,2254.0716612377846
9.63,927,212412,83.0,54.0,54.0,298.0,580.0,67856.38732313235,1.0282448652210032,0.5124056094929881,2753.894080996885
4.29,558,108935,83.0,54.0,54.0,298.0,436.0,44993.68996094603,1.2117883537724357,0.510752688172043,3734.2657342657344
6.96,1049,189598,112.0,54.0,60.0,264.0,473.0,30040.199227372566,1.8386333692657804,0.49571020019065776,4181.0344827586205
2.26,201,36352,60.0,54.0,54.0,256.0,472.0,43306.00405930546,0.19791735319317208,0.6119402985074627,2734.5132743362838
7.59,507,105543,60.0,54.0,54.0,256.0,580.0,72862.9074378815,0.16323898955164662,0.5739644970414202,2063.2411067193675
6.59,510,110551,60.0,54.0,54.0,292.0,512.5000000000008,114438.62986928105,0.35416105245106444,0.5784313725490197,2339.908952959029
8.51,923,209049,83.0,54.0,54.0,297.0,590.0,67459.26828878932,0.9029365715117973,0.5124593716143012,3109.2831962397177
7.27,994,545652,80.5,54.0,60.0,508.0,2878.0,840952.9306503002,4.224650031597695,0.5291750503018109,4035.76341127923
9.76,1137,229404,83.0,54.0,54.0,284.0,508.0,55187.54079499122,0.9595957870279412,0.525065963060686,3282.786885245902
0.17,14,1721,69.0,54.0,54.0,112.0,241.30000000000018,15122.06632653061,0.23192555476020044,0.5714285714285714,2470.5882352941176
6.72,1068,236693,112.0,54.0,60.0,292.0,537.0000000000007,53583.57016071905,2.5487803049612427,0.47097378277153557,4205.357142857143
3.27,213,53315,60.0,54.0,54.0,400.0,716.8000000000004,88206.0899733298,0.13845529670517392,0.5633802816901409,2036.697247706422
1.58,168,37462,78.0,54.0,54.0,289.0,590.0,77566.29747732427,0.1445418716201766,0.5714285714285714,3037.974683544304
3.17,287,71211,68.0,54.0,54.0,305.0,738.4000000000012,102086.3022010708,0.1491576297443842,0.5505226480836237,2706.624605678234
8.54,1071,321673,112.0,54.0,54.0,345.0,832.0,149286.2008350181,0.9885203845083919,0.4976657329598506,3505.8548009367687
2.21,177,27268,60.0,54.0,54.0,220.0,414.4000000000002,26499.556130103105,0.23295351781515644,0.6666666666666666,2524.886877828054
7.84,897,181434,83.0,54.0,54.0,297.0,544.0,44896.546026703654,1.1759894459102902,0.5150501672240803,3260.2040816326535
5.32,731,201461,112.0,54.0,60.0,298.0,868.0,118795.17913919617,2.356173055458377,0.4746922024623803,3687.96992481203
3.29,190,36782,60.0,54.0,54.0,285.5,508.0,51598.04199445983,0.18012063655030802,0.6157894736842106,1860.1823708206687
1.03,87,16033,83.0,54.0,54.0,256.0,560.0000000000002,48548.71052979258,0.2049451375319405,0.6436781609195402,2446.6019417475727
6.86,1232,485674,148.0,54.0,60.0,497.0,1160.0,307351.3186430047,4.35685608400247,0.45454545454545453,4626.822157434402
6.9,824,183186,112.0,54.0,54.0,298.0,508.0,55243.56943986238,1.6954180277213737,0.49150485436893204,3321.7391304347825
7.21,592,111292,60.0,54.0,54.0,258.5,472.0,44620.69927867057,0.4946749217690273,0.5472972972972973,2521.497919556172
2.5,553,100976,91.0,54.0,60.0,269.0,436.0,29142.222557217086,2.042728861568131,0.5027124773960217,6552.0
1.85,139,25141,60.0,54.0,54.0,220.0,472.0,35509.63790694064,0.19633595051153938,0.5611510791366906,2367.5675675675675
1.18,103,23987,83.0,54.0,54.0,328.0,616.0,69441.86992176453,0.16221716168419012,0.5339805825242718,2542.3728813559323
9.64,2007,525350,112.0,54.0,60.0,328.0,739.0000000000032,93343.22236199211,2.701811622286266,0.46038863976083705,5352.697095435684
0.53,50,12169,63.0,54.0,54.0,463.0,619.6,68822.59559999999,0.1264463574932889,0.52,2943.396226415094
2.06,724,212568,220.0,54.0,60.0,436.0,759.1000000000001,86450.10971887305,3.903190090651166,0.4046961325966851,8213.59223300971
3.71,995,204276,112.0,54.0,60.0,297.0,472.0,50735.66225499356,2.473845316645126,0.4834170854271357,7326.145552560647
3.14,200,40865,60.0,54.0,54.0,328.0,549.8,46490.369375,0.24141806914150313,0.545,1929.936305732484
6.51,818,126981,62.0,54.0,54.0,184.0,361.0,24817.02983154094,1.1652485292863841,0.539119804400978,3806.451612903226
8.98,1213,287422,91.0,54.0,54.0,328.0,689.0,67201.31915107631,1.4770284827853666,0.5020610057708161,3768.37416481069
5.04,565,119097,83.0,54.0,60.0,297.0,565.6000000000008,46578.88381549065,1.5322007951863585,0.5221238938053098,3166.6666666666665
6.17,445,107500,66.0,54.0,54.0,300.0,688.0,101429.0581492236,0.1504708904109589,0.5752808988764045,2168.5575364667748
1.97,156,28350,60.0,54.0,54.0,256.0,483.0,53366.23520710058,0.18838028169014084,0.6153846153846154,2497.4619289340103
0.35,37,6733,62.0,54.0,54.0,184.0,436.0,66751.05332359386,0.17197563098346388,0.5945945945945946,3428.571428571429
0.75,52,10247,69.0,54.0,54.0,265.0,504.4,52583.59282544379,0.17903578414451732,0.5961538461538461,2080.0
3.14,856,227711,112.0,54.0,60.0,419.0,662.0,80958.08030040834,2.597102868697081,0.4532710280373832,7031.847133757961
7.47,457,85711,60.0,54.0,54.0,292.0,508.0,41757.98039732055,0.21802214043115575,0.5733041575492341,1911.6465863453816
4.99,548,110959,60.0,54.0,54.0,271.0,484.6,58414.01602043263,0.8911102021338242,0.541970802919708,3342.685370741483
6.53,583,99678,60.0,54.0,54.0,235.0,412.000000000001,33392.16228827647,0.7072828172101946,0.5626072041166381,2774.885145482389
2.86,218,47315,72.0,54.0,54.0,288.0,523.6,81508.03040568974,0.16879106763499827,0.5412844036697247,2286.713286713287
8.75,1781,436851,112.0,54.0,60.0,292.0,530.0,173031.18261668412,3.478272457944213,0.4901740595171252,5574.857142857142
1.45,121,19406,60.0,54.0,54.0,220.0,364.0,34355.177788402434,0.23150145957608834,0.5867768595041323,2606.896551724138
1.84,252,68410,123.0,54.0,54.0,325.0,576.4000000000002,193246.78867472915,2.024314765694076,0.44841269841269843,3489.1304347826085
9.89,969,244856,60.0,54.0,54.0,256.0,508.0,220123.8673895934,2.0324602142547525,0.5603715170278638,3015.1668351870576
4.77,345,80086,60.0,54.0,54.0,298.0,688.0,88082.31845410628,0.15238287095660183,0.5739130434782609,2264.150943396227
4.81,619,134568,83.0,54.0,54.0,298.0,541.0,53861.91280949782,1.0405786552633973,0.5040387722132472,3629.93762993763
0.25,49,9270,60.0,54.0,60.0,184.0,297.2,93877.98667221992,2.5327743902439024,0.5918367346938775,6960.0
8.7,878,128134,62.0,54.0,54.0,184.0,301.0,25013.61352940261,0.7859890722569135,0.5364464692482915,3041.379310344828
8.27,994,259818,112.0,54.0,54.0,328.0,724.0,90741.85679469169,1.5054773384763742,0.48993963782696176,3315.5985489721884
2.53,549,145094,112.0,54.0,60.0,414.0,698.1999999999996,78730.61298403124,2.9394531780293773,0.46994535519125685,5691.699604743083
2.05,187,27628,60.0,54.0,54.0,112.0,328.0,33748.09454087906,1.01487747957993,0.6256684491978609,2985.3658536585367
4.28,304,44598,60.0,54.0,54.0,184.0,364.0,21807.596563365652,0.40218826636483684,0.6019736842105263,2257.0093457943926
4.82,629,121820,83.0,54.0,60.0,267.0,508.0,42619.387176758726,1.4405000400673131,0.5182829888712241,3784.232365145228
0.32,18,3249,84.5,54.0,54.0,193.0,475.6000000000002,37147.583333333336,0.24530471444998084,0.5555555555555556,1500.0
0.44,12,3500,57.0,54.0,54.0,616.0,616.0,79031.22222222223,0.10201511335012595,0.5833333333333334,954.5454545454546
2.62,213,35592,60.0,54.0,54.0,220.0,465.60000000000036,34498.62408252332,0.21940523502809373,0.596244131455399,2564.885496183206
0.83,416,107521,256.0,54.0,60.0,364.0,525.0,52931.97466138129,3.9954004831815646,0.42788461538461536,12506.024096385543
3.14,368,56541,76.0,54.0,58.5,208.0,293.50000000000006,27414.930344695174,0.8651778056343603,0.5217391304347826,3477.7070063694264
3.51,237,56377,78.0,54.0,54.0,328.0,688.0,72136.91751677971,0.1698171933683315,0.5274261603375527,2000.0000000000002
3.41,526,137092,112.0,54.0,60.0,321.0,785.0,89928.94762104409,3.019468144369191,0.48859315589353614,4310.850439882698
1.45,83,12454,62.0,54.0,54.0,238.0,328.0,16198.431412396576,0.22229855726764158,0.5662650602409639,1737.9310344827586
8.99,1036,188172,72.0,54.0,54.0,292.0,472.0,35425.786310579744,0.7929851642226224,0.5588803088803089,3457.1746384872076
4.66,688,142795,78.0,54.0,60.0,293.25,560.4000000000019,52868.087528309225,1.5589126032650575,0.5232558139534884,4377.682403433476
0.23,26,1927,60.0,54.0,54.0,81.75,112.0,835.2559171597634,0.33726578764746706,0.7692307692307693,4695.652173913043
0.43,19,1767,78.0,54.0,54.0,112.0,163.0,1896.6315789473683,0.7255859375,0.5789473684210527,1255.8139534883721
1.86,341,42199,112.0,54.0,60.0,148.0,220.0,9340.63288069418,1.7590062111801241,0.47214076246334313,4774.193548387097
9.32,911,182417,60.0,54.0,54.0,292.0,476.0,58925.38233880092,0.5657573988875918,0.5554335894621295,3012.875536480686
2.51,619,105292,112.0,54.0,60.0,266.0,447.0,23358.587705951286,2.272071848099692,0.49434571890145396,7099.601593625499
3.02,229,37006,60.0,54.0,54.0,203.0,364.0,36392.43248603191,0.26889315594568647,0.5895196506550219,2443.708609271523
7.68,751,154599,60.0,54.0,54.0,259.5,578.0,66265.32324233468,0.5681479302544961,0.5752330226364847,2984.375
4.87,619,117635,83.0,54.0,60.0,292.0,443.20000000000164,38738.22615558472,1.5398350462043355,0.5234248788368336,3572.895277207392
7.35,1110,222132,112.0,54.0,60.0,298.0,448.0,32263.9642366691,1.9270259586243246,0.46846846846846846,3991.8367346938776
9.93,1750,434478,112.0,54.0,60.0,266.0,449.0,216711.04310726534,2.275223133518273,0.496,4918.429003021148
6.13,1303,606610,112.0,54.0,60.0,400.0,1494.0,628314.7556833542,4.120238366547652,0.47966231772831924,5794.453507340946
1.23,89,15409,78.0,54.0,54.0,276.0,420.00000000000017,25304.161595758113,0.17616975803373788,0.5617977528089888,2097.560975609756
4.04,481,98420,60.0,54.0,54.0,298.0,568.0,53948.88533503918,0.933937238411507,0.5592515592515592,3683.1683168316836
3.15,437,101765,83.0,54.0,60.0,297.0,522.000000000001,91674.77991715935,2.551883005828767,0.5148741418764302,4019.0476190476193
9.61,961,199673,78.0,54.0,54.0,270.0,400.0,103101.53059215764,1.1145752803753164,0.5317377731529657,2965.660770031218
4.25,548,147830,78.0,54.0,54.0,292.0,770.8000000000004,181536.35613245246,1.8495701453409923,0.5255474452554745,3783.529411764706
2.92,213,27169,60.0,54.0,54.0,135.0,248.8000000000004,34283.79638078864,0.6160480609088747,0.6431924882629108,2363.0136986301372
8.3,1169,215680,87.0,54.0,60.0,292.0,400.0,32285.753849261026,1.3777657733140771,0.5038494439692045,3881.9277108433735
7.24,682,102666,60.0,54.0,54.0,220.0,328.0,21008.98765920486,0.8197061273684397,0.5645161290322581,2908.8397790055246
1.63,68,9177,60.0,54.0,54.0,148.0,328.0,15335.277465397921,0.2597117364447495,0.5882352941176471,1288.3435582822087
8.68,1248,222716,84.0,54.0,60.0,256.0,436.0,34475.240251068375,1.6776795912233242,0.5104166666666666,4112.903225806452
6.99,1234,305275,112.0,54.0,60.0,328.0,564.0,81159.35382228013,2.658616970278044,0.4740680713128039,4695.278969957081
7.31,866,133417,83.0,54.0,60.0,148.0,395.0,22365.309187472336,0.9067743318565099,0.523094688221709,3365.2530779753765
9.58,963,206418,83.0,54.0,54.0,299.0,580.0,53432.7920730583,0.6917012244095133,0.5316718587746625,2906.0542797494777
6.27,390,82858,60.0,54.0,54.0,272.0,511.6000000000008,76975.54040762655,0.1647829509671615,0.5743589743589743,1933.0143540669858
0.93,75,13616,60.0,54.0,54.0,185.5,500.8000000000009,46037.87448888888,0.1746031746031746,0.6133333333333333,2645.1612903225805
4.43,655,100245,60.0,54.0,60.0,184.0,298.0,24016.248283899542,1.252291722836344,0.5648854961832062,4591.422121896162
1.41,72,12448,60.0,54.0,54.0,256.0,468.4,33183.265432098764,0.1854109132463575,0.625,1659.5744680851064
5.12,543,88602,60.0,54.0,54.0,256.0,364.0,28029.666798937757,0.7141696331837177,0.5377532228360957,3281.25
6.38,1137,223732,83.0,54.0,60.0,292.0,445.0,52316.57775673767,2.1318784383442755,0.5065963060686016,5021.9435736677115
1.78,96,10740,60.0,54.0,54.0,112.0,245.5,10076.901041666666,0.5998808282437063,0.65625,1853.9325842696628
9.73,851,172764,78.0,54.0,54.0,298.0,472.0,56801.41816429418,0.9042391376231731,0.5381903642773208,2589.9280575539565
2.6,396,73857,60.0,54.0,60.0,256.0,458.5,44804.714589072544,1.1084529960889549,0.5656565656565656,4661.538461538461
3.76,649,177880,148.0,54.0,60.0,506.0,667.0,61434.99461777157,2.699975039520759,0.4406779661016949,4340.425531914894
0.04,9,1834,54.0,54.0,54.0,364.0,443.2,30165.728395061727,0.17263427109974425,0.5555555555555556,7500.0
2.23,171,36853,60.0,54.0,54.0,295.0,580.0,70595.5714236859,0.15342242809301743,0.5672514619883041,2367.7130044843047
0.96,53,11868,91.0,54.0,54.0,328.0,644.4000000000003,56741.12637949448,0.17041420118343195,0.5094339622641509,1625.0
4.62,506,105182,80.5,54.0,54.0,298.0,500.5,72526.21223577934,1.5282311371776074,0.5296442687747036,3207.792207792208
5.4,808,173481,83.0,54.0,60.0,292.0,446.0,113383.21572486765,1.6873780091086532,0.5086633663366337,4233.333333333333
6.49,366,61064,60.0,54.0,54.0,231.25,400.0,27048.543193287343,0.2230656758867947,0.5300546448087432,1719.568567026194
4.48,807,149034,83.0,54.0,60.0,292.0,359.0,68792.70209090532,1.8465505386202155,0.5216852540272615,5209.821428571428
9.3,699,153173,60.0,54.0,54.0,256.0,659.2000000000016,85747.73661126358,0.15488083479729475,0.6065808297567954,2309.6774193548385
8.54,831,152888,60.0,54.0,54.0,220.0,450.0,50760.26677730135,0.6501672962763086,0.5595667870036101,2971.8969555035133
7.97,991,209031,91.0,54.0,60.0,292.0,540.0,69125.85979364227,1.5747490299932254,0.5025227043390514,3568.3814303638646
3.05,178,30018,72.0,54.0,54.0,220.0,400.0,31875.050498674413,0.20665675121598265,0.5617977528089888,1750.8196721311476
2.6,170,31426,60.0,54.0,54.0,220.0,472.0,41281.70948096886,0.20901781248797754,0.5411764705882353,1984.6153846153845
5.06,625,122094,78.0,54.0,54.0,300.0,446.0,45602.45801983999,1.0352731334077914,0.5344,3652.1739130434785
2.59,580,115723,112.0,54.0,60.0,298.0,506.0,38470.08398038051,2.0135413140282803,0.496551724137931,6069.4980694980695
4.34,709,146552,112.0,54.0,60.0,298.0,472.0,34200.86065715632,2.4576383154417836,0.46544428772919605,4299.539170506912
8.97,1351,327610,112.0,54.0,60.0,375.0,619.0,70577.56751174253,2.2135955662366964,0.4789045151739452,4013.377926421404
1.53,83,15847,60.0,54.0,54.0,256.0,472.0,54351.44055741036,0.17935551090273127,0.5783132530120482,1725.4901960784312
5.45,415,86305,60.0,54.0,54.0,291.0,580.0,64398.09266947309,0.1684786287756732,0.5710843373493976,2411.0091743119265
2.33,163,32834,60.0,54.0,54.0,294.0,544.0,54292.074071286086,0.16801252178862366,0.5705521472392638,2137.339055793991
0.54,29,6911,54.0,54.0,54.0,472.0,587.1999999999999,55770.00713436385,0.13276512047205377,0.5172413793103449,1666.6666666666665
8.46,1159,271978,91.0,54.0,57.0,297.0,652.0,85414.94027385187,1.5972173149094242,0.5021570319240725,3886.5248226950353
8.54,1172,217849,80.5,54.0,54.0,292.0,436.0,42464.3187304162,1.057586232951755,0.5315699658703071,4039.812646370024
0.36,18,2197,69.0,54.0,54.0,116.5,243.10000000000005,10605.163580246917,0.3774294670846395,0.5555555555555556,1500.0
6.63,933,204694,91.0,54.0,60.0,292.0,652.0,59125.38975219675,1.8061800833516122,0.5026795284030011,3990.950226244344
1.47,178,37579,173.0,54.0,60.0,364.0,400.0,29640.901811639946,2.0661716710182767,0.42696629213483145,3020.408163265306
1.34,195,35451,60.0,54.0,60.0,266.0,534.3999999999992,41031.749743589746,2.207944982354538,0.5846153846153846,4701.492537313433
7.46,511,87661,60.0,54.0,54.0,256.0,436.0,35305.727153312066,0.204465512503435,0.589041095890411,2123.3243967828416
9.63,1188,185254,60.0,54.0,54.0,220.0,389.0,25133.492753007064,0.8692133833797473,0.5513468013468014,3806.853582554517
3.52,226,42227,60.0,54.0,54.0,256.0,508.0,49067.55566215052,0.20990802555800694,0.5796460176991151,1994.3181818181818
3.66,761,219486,188.0,54.0,60.0,328.0,715.0,105052.45613265621,2.964345705770794,0.43889618922470436,5311.475409836065
4.04,357,63642,62.0,54.0,54.0,220.0,436.0,46304.49351505308,0.5548226326590443,0.5826330532212886,2688.1188118811883
3.24,276,60131,60.0,54.0,54.0,220.0,472.0,124212.05811541692,0.19031217214007165,0.6231884057971014,2777.7777777777774
5.0,340,75090,60.0,54.0,54.0,298.5,616.0,74597.41366782009,0.16369891673253056,0.5794117647058824,2088.0
9.55,1325,267534,66.0,54.0,60.0,220.0,335.0,118865.39761851194,1.9192108766340048,0.5328301886792453,4165.44502617801
5.29,330,48723,60.0,54.0,54.0,184.0,367.6000000000008,21193.028842975207,0.2525192802056555,0.6090909090909091,1950.8506616257089
6.19,552,96311,60.0,54.0,54.0,220.0,435.2000000000003,35874.02480768221,0.8971182067090827,0.5434782608695652,2723.747980613893
4.92,702,190777,115.0,54.0,60.0,298.0,652.0,154735.5516696293,2.77290616038762,0.47150997150997154,3865.853658536585
8.48,1296,415854,112.0,54.0,60.0,472.0,796.0,176754.51986882716,2.020438698431145,0.4853395061728395,3997.6415094339623
0.03,17,3100,60.0,60.0,60.0,256.0,442.20000000000016,57234.81660899654,1.6450511945392492,0.7058823529411765,24000.0
2.61,701,191567,184.0,54.0,60.0,445.0,580.0,81099.86634947832,2.685327331140224,0.43509272467902993,6827.5862068965525
4.56,687,161065,112.0,54.0,60.0,328.0,580.0,52149.42039413606,1.878216583273767,0.4774381368267831,3986.842105263158
5.94,1056,343996,181.5,54.0,60.0,298.0,616.0,294476.9924098944,2.923759552868712,0.4365530303030303,4414.141414141414
2.38,432,167680,112.0,54.0,60.0,447.0,724.0,438939.0752743483,4.299285759433664,0.4930555555555556,5067.226890756303
6.26,1120,370804,112.0,54.0,60.0,400.0,593.0,314556.28008928575,4.029555781620888,0.4714285714285714,4830.670926517572
9.22,1226,288676,83.5,54.0,60.0,328.0,509.5,98859.88311436016,1.7159281211779094,0.5138662316476346,3605.2060737527113
3.14,362,93474,60.0,54.0,60.0,256.0,432.4000000000012,282868.9259485363,2.1811189763136403,0.5524861878453039,3515.9235668789806
7.83,550,117281,60.0,54.0,54.0,292.0,547.6000000000008,78300.53054214876,0.16798621692410345,0.5781818181818181,2191.5708812260536
8.58,1415,259656,83.0,54.0,60.0,220.0,400.0,75736.31359812208,2.179837613431794,0.5151943462897527,4797.202797202797
1.55,111,16623,60.0,54.0,54.0,209.5,328.0,21605.301193084975,0.22389927845678104,0.5675675675675675,2283.8709677419356
9.93,1362,363816,112.0,54.0,60.0,415.0,688.0,83739.59965585724,2.068080046550459,0.49045521292217326,3734.1389728096674
9.59,865,195869,83.0,54.0,54.0,300.0,580.0,67934.76178154966,0.7342287702646467,0.5144508670520231,2621.48070907195
3.18,497,125402,112.0,54.0,60.0,364.0,544.0,76636.11221453469,2.445204538586225,0.448692152917505,4018.8679245283015
3.82,650,114829,98.0,54.0,60.0,296.25,397.0,34869.996707692306,1.7386534379546377,0.5,4884.8167539267015
5.84,451,83988,66.0,54.0,54.0,220.0,508.0,51611.141754465316,0.22757169166008945,0.6119733924611973,2332.1917808219177
4.84,343,66857,60.0,54.0,54.0,220.0,500.8000000000004,65833.81257809246,0.17513578120331147,0.5947521865889213,2206.6115702479337
8.04,1136,203306,83.0,54.0,60.0,267.0,428.0,34565.26824724757,1.2948832274158775,0.5176056338028169,4134.328358208956
7.04,440,108608,60.0,54.0,54.0,328.0,691.6000000000008,103578.17776859507,0.1309210183787161,0.5454545454545454,1900.5681818181818
7.4,524,99808,60.0,54.0,54.0,266.25,508.0,49078.87142357671,0.1863403501681901,0.5629770992366412,2156.7567567567567
1.64,124,28230,60.0,54.0,54.0,256.0,706.6000000000003,92173.53043704474,0.1625416958365935,0.5967741935483871,2341.4634146341464
3.91,299,57360,60.0,54.0,54.0,220.0,544.0,61072.40901108487,0.17401449097384256,0.6120401337792643,2393.86189258312
8.21,589,120429,62.0,54.0,54.0,249.0,590.0,70695.82421934676,0.19631060824301907,0.5823429541595926,2221.6808769792933
3.54,412,95181,60.0,54.0,54.0,256.0,436.0,219431.89515387878,1.8391051454138703,0.5703883495145631,3661.016949152542
2.59,189,30628,60.0,54.0,54.0,184.0,472.0,29917.468099997197,0.23425347572033045,0.5873015873015873,2316.6023166023165
4.74,801,155180,83.0,54.0,60.0,292.0,449.0,47809.8312440286,1.3317105421324678,0.519350811485643,4886.0759493670885
2.89,544,137528,112.0,54.0,60.0,398.0,675.0999999999997,69643.22080449828,1.7782873073271248,0.4852941176470588,5231.833910034602
7.4,974,209648,112.0,54.0,60.0,298.0,510.10000000000014,51371.66924429416,2.2574775866623162,0.47125256673511295,3478.3783783783783
3.59,255,58200,60.0,54.0,54.0,298.0,652.0,81598.64267589388,0.14216186513855092,0.5725490196078431,2172.701949860724
8.06,1075,224508,83.0,54.0,60.0,297.0,471.6,68537.88005278529,1.9804452586721892,0.5097674418604651,3714.640198511166
9.3,1339,266964,112.0,54.0,60.0,270.0,508.0,34933.25619589486,1.459251070885726,0.47348767737117253,3832.2580645161293
3.99,298,55135,60.0,54.0,54.0,256.0,491.2000000000003,46751.71448358182,0.19632434309024238,0.5939597315436241,2270.676691729323
7.72,1183,212165,78.0,54.0,60.0,272.5,414.0,37728.6502844967,1.3799187867366627,0.5325443786982249,4569.948186528498
8.95,693,122666,60.0,54.0,54.0,263.0,436.0,35992.72866367239,0.5710297131147541,0.5656565656565656,2406.7039106145257
1.69,109,14224,60.0,54.0,54.0,148.0,293.20000000000005,14329.057318407542,0.282365668950595,0.5596330275229358,2023.6686390532545
3.71,744,407071,112.0,54.0,60.0,292.0,2974.0,925872.0950814399,7.617630247475496,0.4650537634408602,5498.652291105122
6.48,1217,372971,112.0,54.0,60.0,436.0,740.0,130484.61377810517,1.6008953912455284,0.4650780608052588,4916.666666666666
1.31,280,42739,112.0,54.0,60.0,220.0,297.0,15231.487742346937,2.0412723261936954,0.4928571428571429,6045.801526717557
8.03,855,199694,83.0,54.0,54.0,299.0,590.0,75385.3949098868,0.773371104815864,0.5274853801169591,3063.5118306351183
8.01,561,100092,60.0,54.0,54.0,220.0,472.0,46064.82779986083,0.20610208704872993,0.5989304812834224,2217.2284644194756
4.45,346,89654,78.0,54.0,54.0,292.0,580.0,211891.53576798423,0.6061843849654234,0.5549132947976878,2265.1685393258426
8.47,747,137722,60.0,54.0,54.0,273.0,427.5999999999997,44065.836006229285,0.8029743670306076,0.5408299866131191,2677.6859504132226
9.8,1524,332368,83.0,54.0,60.0,297.0,508.0,88442.76237763588,1.785471245872513,0.5183727034120735,4334.69387755102
0.61,41,7696,83.0,54.0,54.0,256.0,436.0,41954.25580011897,0.18857142857142858,0.5365853658536586,1967.2131147540986
1.43,786,286753,298.0,60.0,60.0,552.0,808.0,110622.7851410498,5.189492542468001,0.3638676844783715,11790.20979020979
0.38,15,1053,60.0,54.0,54.0,70.0,100.39999999999999,661.6266666666667,0.3448275862068966,0.8666666666666667,1736.842105263158
9.84,1367,275837,83.0,54.0,60.0,279.0,477.0,68759.61556149794,1.5451852808739943,0.5084125822970007,3939.0243902439024
0.04,4,277,66.0,54.0,54.0,81.25,87.10000000000001,253.6875,0.6390532544378699,1.0,3000.0
3.69,538,95155,112.0,54.0,60.0,256.0,415.3,29834.032769724025,1.553125838475986,0.4888475836431227,4081.3008130081303
4.15,644,156057,83.0,54.0,60.0,220.0,508.0,131987.11051608733,3.155757349808266,0.5108695652173914,4510.843373493975
0.38,54,9970,112.0,54.0,54.0,256.0,399.70000000000033,27499.010973936896,0.20352486721390634,0.46296296296296297,3947.3684210526317
8.54,574,120052,60.0,54.0,54.0,256.0,591.4000000000001,74598.37128045746,0.17771935331973002,0.5836236933797909,2086.6510538641687
6.58,640,109429,78.0,54.0,54.0,220.0,364.0,38509.395017089846,0.7736518793458353,0.5609375,2899.696048632219
1.68,100,16101,61.0,54.0,54.0,229.0,400.0,25850.349899999997,0.22674285714285713,0.59,1821.4285714285713
9.75,1271,335821,83.0,54.0,54.0,298.0,580.0,215781.19325806398,2.037784491804465,0.5121951219512195,3784.6153846153843
8.46,1685,428662,112.0,54.0,60.0,298.0,591.0,121518.84391550512,3.1494395291657793,0.45519287833827893,5127.659574468084
7.19,894,258654,148.0,54.0,60.0,472.0,659.0,92827.90293230036,1.9480606813545027,0.4407158836689038,3079.2767732962448
5.71,398,90847,70.0,54.0,54.0,292.0,601.3000000000002,85534.18176939979,0.1386761590815086,0.5728643216080402,2091.0683012259196
1.99,122,26596,60.0,54.0,54.0,297.25,580.0,65142.59016393442,0.15770687328603142,0.5655737704918032,1899.497487437186
2.07,349,67667,78.0,54.0,60.0,267.0,436.0,54779.24539207395,1.7173319412095414,0.5100286532951289,4985.507246376812
9.92,695,108518,60.0,54.0,54.0,186.0,400.0,28550.293786035923,0.22451789079337856,0.5985611510791367,2189.516129032258
6.65,1126,180596,83.0,54.0,60.0,220.0,299.5,24053.450422596532,1.6007488479262673,0.5186500888099467,4935.338345864661
7.19,573,75961,60.0,54.0,54.0,148.0,297.0,13555.477597166257,0.5616981907894737,0.5776614310645725,2436.717663421419
3.96,570,114827,112.0,54.0,60.0,279.0,478.0,43753.84056940597,1.6144581056466303,0.49298245614035086,4075.7575757575755
6.79,449,85448,60.0,54.0,54.0,184.0,400.0,101714.55141591562,0.4225211427049344,0.576837416481069,2023.5640648011781
9.14,883,182914,66.0,54.0,54.0,292.0,511.2000000000003,66720.82782237532,0.6719744058500914,0.5583238958097395,2921.225382932166
2.08,154,32654,60.0,54.0,54.0,256.0,616.0,71558.03744307642,0.16185732076143036,0.6038961038961039,2365.3846153846157
2.28,134,29149,60.0,54.0,54.0,256.0,633.4000000000002,74410.63716863444,0.15592655748106435,0.5373134328358209,1815.7894736842106
7.96,1142,214426,78.0,54.0,60.0,249.5,436.0,54598.660389337536,1.6822025417792454,0.532399299474606,4273.869346733669
1.97,134,22645,61.0,54.0,54.0,220.0,436.0,40500.05218311427,0.23473282442748092,0.5447761194029851,2071.0659898477156
1.62,103,18661,60.0,54.0,54.0,256.0,472.0,35106.2801395042,0.19254856850715746,0.5339805825242718,1962.9629629629628
8.96,881,172881,78.0,54.0,54.0,298.0,436.0,56836.36696767811,0.894835485214494,0.5380249716231555,2919.642857142857
1.98,151,23912,60.0,54.0,54.0,184.0,364.0,38436.25621683259,0.23620948146616347,0.6291390728476821,2424.242424242424
3.09,178,30843,60.0,54.0,54.0,247.0,404.50000000000017,32107.70511930312,0.1969032558500524,0.5337078651685393,1747.5728155339807
9.7,1373,245678,83.0,54.0,60.0,267.0,445.0,32438.982688187385,1.4354213547191135,0.5251274581209031,4107.216494845361
1.22,80,8845,60.0,54.0,54.0,148.0,223.6000000000003,8040.44609375,0.3292756236850015,0.625,2114.754098360656
5.98,412,74073,60.0,54.0,54.0,250.0,468.4000000000012,40285.059778254305,0.20303059832391346,0.5631067961165048,2107.0234113712377
7.61,694,118770,60.0,54.0,54.0,220.0,393.10000000000105,36606.97221968457,0.6809374867316755,0.5619596541786743,2791.0643889618923
9.61,1510,322630,83.0,54.0,60.0,297.0,509.0,51337.29122406912,1.4974455040871935,0.5052980132450331,4526.534859521333
7.19,752,170270,112.0,54.0,60.0,364.0,544.0,49118.08979600498,2.321239783876568,0.46675531914893614,2778.8595271210015
9.08,898,163216,78.0,54.0,54.0,256.0,472.0,42107.48563747204,0.9394688372645713,0.5256124721603563,2933.9207048458147
2.55,399,84184,60.0,54.0,60.0,256.0,472.0,73535.0850559984,1.53383096556706,0.5463659147869674,4776.470588235295
2.89,210,39638,61.0,54.0,54.0,247.0,513.3999999999999,47617.452970521554,0.30272455385019886,0.5857142857142857,2221.4532871972315
0.58,50,9149,60.0,54.0,54.0,220.0,548.6,42421.5396,0.21082583377448386,0.64,2689.6551724137935
3.76,558,122029,83.0,54.0,60.0,297.0,508.0,71280.20674516002,1.3230786803479984,0.5268817204301075,4340.425531914894
9.34,1177,206130,112.0,54.0,60.0,274.0,417.0,27396.182317702147,1.2422739287928728,0.4927782497875956,3462.526766595289
0.98,201,42389,60.0,54.0,60.0,256.0,595.0,64994.62483601891,1.9686252538693185,0.5621890547263682,6612.2448979591845
4.69,406,64796,60.0,54.0,54.0,175.75,400.0,38451.408260331475,0.28083180137974656,0.5541871921182266,2750.5330490405113
8.52,644,136175,60.0,54.0,54.0,292.0,566.0,69565.12967044095,0.5553258560431277,0.5590062111801242,2366.1971830985917
8.14,907,260461,66.0,54.0,54.0,292.0,616.0,316980.80322713574,2.0766259538377945,0.557883131201764,3361.1793611793605
6.01,524,87559,60.0,54.0,54.0,256.0,400.0,29763.53823713653,0.6546478447379859,0.5534351145038168,2685.5241264559068
8.09,571,115637,60.0,54.0,54.0,292.0,580.0,55141.19192984931,0.17352696421685035,0.5691768826619965,2165.636588380717
5.6,375,81375,60.0,54.0,54.0,282.0,585.4000000000002,72755.824,0.16004732850544562,0.5626666666666666,2046.4285714285716
1.89,114,21731,60.0,54.0,54.0,241.0,508.0,52352.63842720835,0.20027616680475008,0.5614035087719298,1873.015873015873
5.25,435,76589,60.0,54.0,54.0,220.0,442.60000000000025,40002.03923371648,0.589412082096831,0.5747126436781609,2594.2857142857147
3.3,189,40211,60.0,54.0,54.0,328.0,556.0000000000005,55232.88256207832,0.16216763005780346,0.544973544973545,1745.4545454545455
2.3,943,259681,148.0,54.0,60.0,300.0,652.0,132488.44708737373,3.8508583490557227,0.4559915164369035,10304.347826086958
0.8,49,5364,60.0,54.0,54.0,148.0,227.2000000000001,7328.575593502707,0.32838038632986627,0.673469387755102,2250.0
8.31,1203,208520,112.0,54.0,60.0,268.0,400.0,24187.070102521473,1.6193347402271128,0.4837905236907731,3992.7797833935015
9.72,752,121283,60.0,54.0,54.0,229.75,364.0,28592.441218806583,0.5570062263303165,0.5757978723404256,2370.3703703703704
5.3,873,169684,83.0,54.0,60.0,292.0,508.0,39751.02088491581,1.7603461738677773,0.5131729667812142,4822.641509433963
5.78,608,108284,78.0,54.0,54.0,256.0,364.0,36741.20407721606,1.1777447056694086,0.5345394736842105,3083.0449826989616
6.01,625,113402,78.0,54.0,54.0,292.0,436.0,30140.413173760004,1.1107864122847837,0.5264,3064.891846921797
4.12,711,111233,108.0,54.0,60.0,220.0,297.0,21377.256913164834,1.28639260020555,0.49507735583684953,4980.582524271845
0.24,26,3911,86.0,54.0,54.0,211.0,310.0,17564.397928994083,0.24832428981806576,0.5,3250.0
2.39,349,61702,112.0,54.0,60.0,292.0,323.19999999999993,22178.013054080013,2.208465498414019,0.47277936962750716,4016.7364016736396
8.54,1091,281459,83.0,54.0,60.0,292.0,436.0,236867.63581036744,2.3528977306569776,0.5160403299725023,3667.4473067915696
3.48,518,155735,83.0,54.0,60.0,328.0,741.0,183439.49488305178,3.2763194024932725,0.525096525096525,4258.620689655172
1.61,87,13734,60.0,54.0,54.0,184.0,364.0,42399.42925089178,0.44113326337880376,0.5747126436781609,1639.751552795031
1.9,117,26799,60.0,54.0,54.0,364.0,659.2000000000006,74399.10848126234,0.1366103995249809,0.5897435897435898,1989.4736842105265
9.34,838,137446,61.0,54.0,54.0,220.0,364.0,32456.89232232672,0.6645795739424253,0.5501193317422435,2704.496788008565
2.19,330,104580,78.0,54.0,60.0,300.75,1265.0,220196.74325068863,4.0105404369490225,0.5060606060606061,4465.753424657534
1.47,84,10186,69.0,54.0,54.0,184.0,256.0,8021.217120181407,0.31636081674851385,0.5476190476190477,1714.2857142857142
3.1,653,178452,264.0,54.0,60.0,400.0,580.0,65223.46663883736,3.7825690778013024,0.40428790199081166,4858.064516129032
8.26,805,164179,112.0,54.0,54.0,301.0,390.0,50987.01231279657,1.642295002816448,0.4919254658385093,2585.9564164648914
9.74,899,179278,60.0,54.0,54.0,292.0,508.0,58549.28242850479,0.45579302952544903,0.5795328142380423,2839.835728952772
9.44,597,126019,60.0,54.0,54.0,292.0,590.0,65269.888560614345,0.20862985057449215,0.5778894472361809,1951.271186440678
3.2,775,159138,112.0,54.0,60.0,298.0,472.0,51033.48354797086,2.8244214270265076,0.49032258064516127,6918.75
0.63,42,5916,69.0,54.0,54.0,211.0,324.4,14226.027210884353,0.2502113271344041,0.5476190476190477,1999.9999999999998
2.78,181,30592,60.0,54.0,54.0,256.0,472.0,29552.281493238916,0.20048659890907664,0.569060773480663,2050.359712230216
7.66,1432,259867,112.0,54.0,60.0,270.0,374.0,57508.204487512085,1.7419361646003693,0.4930167597765363,5295.039164490861
9.53,1021,191414,78.0,54.0,54.0,270.0,449.0,44774.66279050805,1.2839313200252955,0.5533790401567091,3160.545645330535
1.31,4965,13078202,82.0,60.0,60.0,1514.0,2974.0,103010034.01954696,49.86835032419418,0.7025176233635448,82122.13740458015
0.96,1068,1739442,60.0,60.0,60.0,60.0,60.0,70144645.2771851,24.471774370689275,0.9110486891385767,60562.5
4.42,796,1589733,60.0,54.0,60.0,544.0,4434.0,36960311.00578741,22.954027664768105,0.5653266331658291,5904.977375565611
1.13,1257,2847671,60.0,60.0,60.0,60.0,328.0,90605029.16717769,41.104134015436024,0.8249801113762928,54902.65486725664
4.99,3758,8817178,60.0,60.0,60.0,66.0,2974.0,69184112.11379547,38.14240052561718,0.8201170835550825,36709.41883767535
4.81,4885,13085146,60.0,60.0,60.0,60.0,4434.0,71612640.19905709,45.40550547213573,0.8178096212896623,49559.25155925156
1.33,1077,3959905,60.0,60.0,60.0,60.0,19034.0,89893750.15729927,72.25153998409145,0.7799442896935933,37804.51127819549
1.23,3221,9249742,60.0,60.0,60.0,90.0,5894.0,68694445.66528586,53.11990966111215,0.8162061471592673,110536.58536585365
7.36,5205,13066314,60.0,60.0,60.0,112.0,5894.0,56965054.8284672,46.799623933625014,0.7362151777137368,30945.65217391304
0.83,64,7661,60.0,54.0,54.0,112.0,220.0,15417.489990234375,0.5724548440065681,0.625,2385.542168674699
9.46,9102,25109000,60.0,60.0,60.0,112.0,16114.0,43475360.862718776,50.6264734486254,0.7484069435288947,38479.9154334038
1.57,94,14074,60.0,54.0,54.0,265.0,357.70000000000005,20363.753282028065,0.256270641792377,0.5957446808510638,1834.3949044585986
9.37,639,101447,60.0,54.0,54.0,220.0,400.0,31713.857411203444,0.23080936146463973,0.6087636932707355,2138.740661686233
9.55,1226,240663,83.0,54.0,60.0,256.0,476.5,64293.20973856279,1.3461463471699584,0.5179445350734094,3637.6963350785336
2.93,230,35364,60.0,54.0,54.0,148.0,318.0999999999999,57630.027674858226,1.217456734386757,0.6260869565217392,2784.9829351535836
7.95,815,164117,78.0,54.0,54.0,297.0,527.8000000000008,56908.63078926568,0.795472944883268,0.5153374233128835,2981.132075471698
3.61,250,46569,60.0,54.0,54.0,288.5,509.29999999999995,37391.935824,0.20432916106341162,0.568,2127.4238227146816
0.75,65,11278,60.0,54.0,54.0,224.0,449.2000000000001,38598.034556213024,0.23001417820918313,0.6,2640.0
0.81,48,8544,69.0,54.0,54.0,193.0,400.0,48338.583333333336,0.19580125962211337,0.6041666666666666,1777.7777777777776
6.36,446,82608,60.0,54.0,54.0,220.0,508.0,57603.75440889623,0.20553382756406516,0.5986547085201793,2141.5094339622638
5.26,759,158889,83.0,54.0,60.0,298.0,508.0,47328.85415071839,1.527061630218688,0.5032938076416338,4072.243346007605
4.71,367,79738,78.0,54.0,54.0,278.0,544.0,90019.09616969463,0.1501226020481754,0.5749318801089919,2331.2101910828023
8.63,1233,248256,112.0,54.0,60.0,292.0,508.0,48225.30404153422,1.929032410302394,0.49472830494728304,3983.7775202780995
1.01,207,48730,112.0,54.0,60.0,292.0,328.0,142763.53669863942,2.7432785374097404,0.4975845410628019,5940.594059405941
2.3,122,12680,60.0,54.0,54.0,112.0,220.0,6117.405536146197,0.4021895388698441,0.639344262295082,1773.913043478261
3.05,509,86589,83.0,54.0,54.0,292.0,400.0,24444.62900019685,1.22903259022808,0.5304518664047151,4780.32786885246
6.4,430,71114,60.0,54.0,54.0,220.0,436.0,32983.566165494856,0.21340454211954205,0.6139534883720931,2118.75
2.68,450,91783,112.0,54.0,60.0,298.0,512.1,37429.818572839504,2.601169223525719,0.4955555555555556,4634.328358208955
7.44,863,148332,60.0,54.0,54.0,256.0,400.0,35846.56948664619,0.7360955056179775,0.541135573580533,3499.9999999999995
4.19,533,111201,83.0,54.0,60.0,297.0,616.0,62868.48015938668,1.4927370544720915,0.5290806754221389,3594.2720763723146
0.33,13,1916,60.0,54.0,54.0,256.0,284.8,12672.236686390534,0.20351758793969849,0.5384615384615384,1272.7272727272725
9.14,1763,438360,112.0,54.0,60.0,375.0,616.0,74697.9875277052,2.4949691451533176,0.46057855927396485,4969.365426695842
2.56,576,151693,112.0,54.0,60.0,400.0,590.0,79562.59381932387,2.2606022827418695,0.4652777777777778,6140.625
2.9,182,22489,60.0,54.0,54.0,184.0,278.20000000000005,10968.234663687961,0.45071603664043347,0.6153846153846154,1944.8275862068965
5.8,652,128227,97.0,54.0,54.0,297.0,508.0,37476.70364663706,1.506783703472005,0.5,3196.551724137931
7.95,728,115118,80.5,54.0,54.0,256.0,364.0,22092.30200911726,0.8345498007968127,0.5192307692307693,2701.88679245283
7.84,890,155695,78.0,54.0,54.0,256.0,446.0,29778.01303497033,1.1448251160612197,0.5460674157303371,3382.65306122449
3.03,530,90464,83.0,54.0,60.0,292.0,329.0,21159.856618013528,1.8257637283688386,0.5094339622641509,4930.693069306931
8.14,930,154438,83.0,54.0,60.0,263.0,364.0,24171.572454619032,1.2544047879716809,0.510752688172043,3257.9852579852577
0.94,58,11718,75.5,54.0,54.0,292.0,518.8000000000002,44843.82639714626,0.15676209279368214,0.5344827586206896,1851.0638297872342
1.21,74,15534,60.0,54.0,54.0,319.0,605.2,58397.66910153397,0.16858496953283683,0.6486486486486487,1983.4710743801654
4.45,743,177584,83.0,54.0,60.0,292.0,448.0,123219.34446036491,3.243852312104194,0.5114401076716016,4867.4157303370785
9.5,1003,203409,103.0,54.0,60.0,268.0,446.0,61734.68606145671,1.640715064651815,0.4985044865403789,2974.7368421052633
7.57,754,128879,78.0,54.0,54.0,256.0,449.0,29535.84746427541,0.9517953688419076,0.5450928381962865,2932.6287978863934
2.6,368,55708,70.0,54.0,60.0,148.0,376.0,23301.909617202266,0.7404942668791202,0.5380434782608695,4246.153846153846
0.96,63,11086,78.0,54.0,54.0,238.0,464.8000000000002,31776.53867472915,0.2349337195054027,0.5396825396825397,1937.5
8.08,822,199839,60.0,54.0,54.0,220.0,450.9,261564.21955973498,1.5677995502730484,0.5705596107055961,3163.3663366336636
1.79,110,19657,61.0,54.0,54.0,256.0,475.6000000000003,35800.55545454544,0.20661715057393654,0.5727272727272728,1877.0949720670392
2.54,767,183147,184.0,54.0,60.0,335.5,512.0,50752.26606650812,3.0649650427255577,0.4276401564537158,7440.944881889764
0.17,48,9372,71.5,58.2,60.0,298.0,463.9000000000003,31602.0625,2.79279643868879,0.5416666666666666,8470.588235294117
2.43,161,23837,60.0,54.0,54.0,199.0,300.0,30202.89749623857,0.6568429832487662,0.6149068322981367,2246.9135802469136
5.22,664,154442,112.0,54.0,60.0,298.0,508.0,75244.55453440268,1.8248312695480402,0.48042168674698793,3471.264367816092
5.78,671,211582,83.0,54.0,54.0,328.0,1093.0,210165.0772319713,1.5754315066825717,0.526080476900149,3342.5605536332178
5.23,832,161308,83.0,54.0,60.0,258.5,413.49999999999966,83371.93747688612,1.9625521129864645,0.5084134615384616,4439.770554493308
3.08,245,37668,60.0,54.0,54.0,256.0,328.0,24041.23391920033,0.49381345177664976,0.5836734693877551,2551.9480519480517
5.95,547,110671,66.0,54.0,54.0,292.0,547.6000000000004,58515.45470891584,0.5989453153218233,0.5612431444241316,2803.361344537815
7.18,475,58665,60.0,54.0,54.0,148.0,256.0,12750.372077562328,0.41055542197643663,0.5768421052631579,2105.849582172702
1.95,174,30690,61.0,54.0,54.0,256.0,497.2000000000006,38413.44233055886,0.21026894865525672,0.6264367816091954,2738.4615384615386
2.78,473,108887,112.0,54.0,60.0,321.0,564.0,60018.31523852518,2.5092010699668053,0.49471458773784355,4856.115107913669
3.24,607,164273,148.0,54.0,60.0,436.0,564.0,93958.86876066973,3.389626700157657,0.43657331136738053,4666.666666666666
3.04,223,32828,60.0,54.0,54.0,184.0,392.8000000000004,18782.659615113913,0.3025433480141253,0.5874439461883408,2289.4736842105262
9.33,1542,277339,106.0,54.0,60.0,256.0,436.0,35107.01512723719,1.9404985315478651,0.496757457846952,4610.932475884244
5.64,343,57673,60.0,54.0,54.0,223.0,436.0,28476.198250728863,0.24116039339746487,0.5510204081632653,1882.9787234042553
4.44,324,64806,60.0,54.0,54.0,256.0,584.1999999999999,61702.28360768176,0.1938324368137941,0.5925925925925926,2229.7297297297296
1.7,121,21548,60.0,54.0,54.0,256.0,472.0,36146.670855815864,0.19102365686491266,0.5867768595041323,2223.529411764706
8.95,1202,399427,78.0,54.0,60.0,269.0,652.0,385165.5285983427,3.0009916659988782,0.5440931780366056,3982.1229050279335
1.63,345,68957,83.0,54.0,60.0,256.0,518.0,57953.54678428901,3.0210507901335353,0.5072463768115942,6147.239263803681
1.26,396,68668,112.0,54.0,60.0,267.0,328.0,18908.841801856954,2.705174553499164,0.43686868686868685,8142.857142857142
3.94,576,129828,112.0,54.0,60.0,297.0,508.0,56040.815538194445,2.8827646020875077,0.4722222222222222,3822.3350253807107
3.4,566,78107,101.5,54.0,60.0,184.0,297.5,8605.189042814869,1.7269140802290264,0.5,4747.058823529412
3.34,454,85270,112.0,54.0,60.0,292.0,444.0,29012.562091249587,1.8008803048219681,0.4779735682819383,3700.59880239521
0.19,14,2422,83.0,54.0,54.0,319.0,353.20000000000005,18189.571428571428,0.21586345381526104,0.5,2210.5263157894738
3.36,668,93729,83.0,54.0,60.0,184.0,298.0,12923.104205511134,1.453510287419507,0.5059880239520959,5767.857142857143
1.26,296,72130,112.0,54.0,60.0,328.0,558.0,89314.77077246165,3.1987310087898013,0.49324324324324326,6904.761904761905
2.55,122,14976,69.0,54.0,54.0,148.0,296.5,10796.906745498522,0.3146067415730337,0.5819672131147541,1435.294117647059
3.24,188,28895,60.0,54.0,54.0,184.0,446.8000000000004,24438.53041534631,0.22644312393887947,0.6329787234042553,1814.8148148148146
0.75,43,7123,60.0,54.0,54.0,148.0,436.0,33476.18063818281,0.18106450008290498,0.5813953488372093,1920.0
5.43,598,111748,60.0,54.0,54.0,266.0,508.0,39599.53817071397,0.6840423768404238,0.5668896321070234,3392.265193370166
1.02,79,20571,60.0,54.0,54.0,400.0,738.4000000000002,94417.90930940556,0.12231982104861149,0.5316455696202531,2411.7647058823527
4.38,413,81116,60.0,54.0,54.0,220.0,436.0,106300.96770222021,1.4791711238118523,0.5690072639225182,2931.506849315069
8.68,792,142807,83.0,54.0,54.0,264.0,400.0,42483.62369751811,0.8508145517697223,0.5391414141414141,2619.815668202765
4.75,579,109088,91.0,54.0,54.0,292.0,542.0,34749.557524288495,1.7171465577363754,0.5043177892918825,3435.789473684211
3.61,222,30993,64.0,54.0,54.0,184.0,328.0,18799.13020452885,0.2746452806909315,0.6171171171171171,1878.1163434903046
1.63,92,16803,60.0,54.0,54.0,265.0,540.4000000000002,36879.12133742911,0.1973065412569474,0.5543478260869565,1730.0613496932517
4.42,466,119380,83.0,54.0,54.0,430.75,688.0,75181.4481939251,1.1741030777636132,0.5064377682403434,3081.4479638009047
4.02,1051,888937,112.0,54.0,60.0,1506.0,2974.0,1419594.6731100192,17.367984957434498,0.47954329210275926,6880.597014925374
9.05,1081,187578,82.0,54.0,54.0,292.0,436.0,28445.84615608428,1.2091651061724906,0.5189639222941721,3507.182320441989
7.1,426,66487,60.0,54.0,54.0,220.0,400.0,27845.583906411866,0.23375394321766563,0.6103286384976526,1892.9577464788733
5.71,844,182568,83.0,54.0,60.0,298.0,543.4000000000001,53642.947182228614,1.693855869680694,0.5177725118483413,4329.246935201401
5.45,636,98893,83.0,54.0,54.0,256.0,363.0,15905.224780961988,1.4846863144142106,0.5078616352201258,3291.743119266055
1.02,61,8747,60.0,54.0,54.0,256.0,292.0,13296.730448804088,0.2673138220805564,0.5573770491803278,1882.3529411764705
9.58,541,88517,60.0,54.0,54.0,220.0,436.0,30769.75563155791,0.21941038710566194,0.5693160813308688,1741.1273486430061
2.08,133,25672,60.0,54.0,54.0,292.0,544.0,46837.646107750574,0.17255869187905362,0.5639097744360902,1990.3846153846155
1.62,109,17581,60.0,54.0,54.0,245.0,436.0,27631.767022977867,0.24045720736611867,0.6238532110091743,2074.074074074074
7.96,693,124601,60.0,54.0,54.0,256.0,472.0,44352.05644988329,0.59843236863711,0.5829725829725829,2690.954773869347
1.8,109,11075,60.0,54.0,54.0,112.0,172.80000000000018,7266.789327497684,0.47215206699455003,0.6697247706422018,1933.3333333333333
7.02,970,205258,83.0,54.0,60.0,354.0,508.0,46712.16243596556,1.3753413877702172,0.5123711340206185,4025.641025641026
1.29,302,54590,148.0,54.0,60.0,279.0,298.0,22554.479584228764,2.663758389261745,0.4205298013245033,5767.4418604651155
1.75,248,36497,66.0,54.0,60.0,276.75,298.0,12474.097668444329,1.439802125810549,0.5201612903225806,4285.714285714285
7.42,524,104476,76.0,54.0,54.0,184.0,353.1999999999996,174665.90775595832,0.8962882294219077,0.6068702290076335,2110.512129380054
0.22,11,2186,60.0,54.0,54.0,256.0,472.0,40673.65289256198,0.1409185803757829,0.5454545454545454,1636.3636363636365
7.32,702,113301,78.0,54.0,54.0,231.5,364.0,23961.746603111984,0.7575856291883842,0.5213675213675214,2819.6721311475408
6.25,924,218090,83.0,54.0,54.0,302.5,576.0,106686.62042034445,1.4040432990145286,0.5227272727272727,4108.8
6.14,679,142659,78.0,54.0,54.0,298.0,551.2000000000016,50418.14431254488,0.6595202642966823,0.5449189985272459,3302.9315960912054
3.2,233,48096,60.0,54.0,54.0,256.0,580.0,64572.24369577632,0.159135275829658,0.6051502145922747,2306.25
9.24,1332,262390,112.0,54.0,60.0,297.0,418.0,35932.55994958923,1.4912177430074245,0.4872372372372372,3909.090909090909
8.42,520,88251,60.0,54.0,54.0,220.0,436.0,36561.51981878698,0.21900381236532404,0.6,1938.2422802850356
8.88,1762,342627,112.0,54.0,60.0,297.0,400.0,54932.668946584534,2.033493288947126,0.4977298524404086,5479.729729729729
1.22,80,12136,71.5,54.0,54.0,184.0,436.0,23795.784999999996,0.2765330808877669,0.6,1967.2131147540986
9.65,1264,257075,112.0,54.0,60.0,297.0,567.0,41216.144332213385,1.6339651639344261,0.4889240506329114,3618.6528497409327
7.55,495,77893,60.0,54.0,54.0,220.0,400.0,25261.098973574124,0.24792527796468966,0.5838383838383838,2010.5960264900664
3.35,261,51173,60.0,54.0,54.0,271.0,544.0,55663.493841840245,0.1826985300915226,0.6015325670498084,2453.731343283582
1.02,71,18254,60.0,54.0,54.0,364.0,796.0,115953.75084308669,0.1336479940380077,0.5915492957746479,2294.1176470588234
5.83,387,70344,60.0,54.0,54.0,184.0,472.0,54668.21465056186,0.20096290099533914,0.599483204134367,2099.485420240137
9.94,1561,380407,112.0,54.0,60.0,328.0,580.0,81535.53827130805,2.6949937835107622,0.4695707879564382,4207.243460764588
2.69,585,165675,112.0,54.0,60.0,184.0,270.0,357147.62287968444,4.2625309700781395,0.48034188034188036,6066.914498141265
0.85,32,4186,81.5,54.0,54.0,184.0,288.4000000000001,8917.21484375,0.29677819083023543,0.5,1129.4117647058824
7.78,1150,226865,112.0,54.0,60.0,298.0,445.10000000000014,30949.101493383743,1.5869185947067745,0.4817391304347826,3971.72236503856
2.5,192,34639,61.0,54.0,54.0,220.0,508.9,54279.2629937066,0.19407770002413044,0.640625,2352.0
4.92,307,58425,60.0,54.0,54.0,220.0,567.4000000000008,54228.917272331804,0.21311849837005045,0.5993485342019544,1951.219512195122
6.3,412,73361,60.0,54.0,54.0,232.0,472.0,43649.513308276,0.1979457535230817,0.5946601941747572,2085.714285714286
3.31,211,40688,60.0,54.0,54.0,261.5,508.0,48017.939309539324,0.18375421854998256,0.5639810426540285,1921.4501510574016
2.01,508,105735,112.0,54.0,60.0,256.0,544.0,65129.45881254262,2.245595186935969,0.4881889763779528,7194.029850746269
3.45,448,66589,60.0,54.0,60.0,220.0,328.0,16341.740388831315,1.1166915668012334,0.546875,4086.95652173913
1.97,105,16264,60.0,54.0,54.0,220.0,364.0,18732.093786848072,0.24086366063935302,0.5238095238095238,1614.2131979695432
2.22,136,20745,60.0,54.0,54.0,189.0,418.0,21819.4986483564,0.22969768820391226,0.5808823529411765,1918.9189189189187
6.6,1166,270475,135.5,54.0,60.0,298.0,525.0,68012.32232066938,2.1565833391685922,0.45969125214408235,4545.454545454545
4.07,654,267304,148.0,54.0,60.0,436.0,929.0,445141.93173040054,3.555981660445535,0.43577981651376146,3877.149877149877
8.25,941,182899,78.0,54.0,54.0,292.0,400.0,74512.96760065998,1.2591558690201212,0.5419766206163655,3367.272727272727
7.98,1068,225587,112.0,54.0,60.0,299.0,508.0,41996.199921271174,1.6044795936038792,0.47752808988764045,3609.022556390977
6.03,420,72776,66.0,54.0,54.0,256.0,456.7000000000004,35462.06657596372,0.2553213509504261,0.6,2099.502487562189
9.32,1113,211243,83.0,54.0,54.0,292.0,458.0,59817.75444978039,1.3091714035854831,0.5300988319856245,3515.0214592274674
3.25,196,32933,60.0,54.0,54.0,256.0,400.0,29104.473839025402,0.23054216642379405,0.5561224489795918,1864.6153846153845
3.12,794,154970,112.0,54.0,60.0,220.0,476.2000000000003,45136.44246204214,2.181155701529303,0.48740554156171284,7230.7692307692305
8.05,1081,213578,112.0,54.0,60.0,270.0,445.0,43349.613557187,1.5941698044455241,0.4884366327474561,3741.6149068322975
6.96,458,87102,60.0,54.0,54.0,220.0,544.0,54394.91117636964,0.1936849895160959,0.6004366812227074,2034.4827586206895
0.97,50,9854,60.0,54.0,54.0,256.0,554.8000000000002,64349.19359999999,0.1916797678074737,0.64,1793.8144329896909
7.69,560,122060,60.0,54.0,54.0,298.0,552.0,74517.05229591836,0.15425350834058327,0.5696428571428571,2262.678803641092
3.56,187,33326,60.0,54.0,54.0,256.0,444.0000000000001,38935.45157139181,0.19042686193963207,0.5721925133689839,1634.8314606741571
4.05,251,45115,60.0,54.0,54.0,220.0,458.0,48273.54648338915,0.195162657624245,0.5816733067729084,1896.2962962962965
7.31,393,68846,60.0,54.0,54.0,256.0,436.0,36983.87830287021,0.19748834620468936,0.5699745547073791,1666.2106703146376
1.75,487,117708,112.0,54.0,60.0,454.0,577.0,60869.82388086132,2.46781368765283,0.47638603696098564,7508.571428571428
2.58,194,22041,60.0,54.0,54.0,112.0,245.2000000000006,14197.793841003295,0.40549674786379286,0.654639175257732,2534.8837209302324
2.16,153,23121,60.0,54.0,54.0,220.0,364.0,20345.98615916955,0.25753290547155444,0.6013071895424836,2222.222222222222
7.24,1407,372454,123.0,54.0,60.0,400.0,599.0,111318.46532592396,2.535429856951656,0.464818763326226,5138.121546961325
7.38,913,159930,93.0,54.0,60.0,256.0,415.0,27284.596588884662,1.256189602877901,0.5027382256297919,3471.5447154471544
9.2,1135,179763,66.0,54.0,60.0,148.0,297.0,67546.91613343942,1.555557135139746,0.5242290748898678,3736.956521739131
3.7,567,167481,112.0,54.0,60.0,364.0,724.0,144435.5197782817,2.7369971216279536,0.4691358024691358,4054.054054054054
1.93,403,92990,148.0,54.0,60.0,297.0,562.0,75916.51284103713,3.020493752432012,0.4491315136476427,5253.886010362695
3.15,658,130694,112.0,54.0,60.0,292.0,364.0,44535.37162443067,2.5206616022843598,0.4817629179331307,5638.0952380952385
6.36,613,109542,78.0,54.0,54.0,256.0,446.0,32498.41952369674,1.0629378531073446,0.5399673735725938,2858.4905660377353
6.29,516,103198,60.0,54.0,54.0,292.0,508.0,51323.87982993811,0.2345735135781792,0.560077519379845,2518.282988871224
7.31,869,211594,87.0,54.0,54.0,328.0,593.0,83061.8563697013,1.2896314411236394,0.5074798619102416,3365.2530779753765
4.97,597,126188,83.0,54.0,54.0,297.0,565.0,61105.6703338019,1.4648500830159195,0.5142378559463987,3488.933601609658
6.76,473,80015,60.0,54.0,54.0,220.0,436.0,37101.57534338418,0.21216482351158916,0.5813953488372093,2139.05325443787
5.35,890,206287,83.0,54.0,60.0,298.0,590.4000000000001,133916.18106425955,2.41331325699914,0.5292134831460674,4811.214953271028
1.84,103,14622,60.0,54.0,54.0,148.0,220.0,90204.98878310873,0.6510840108401084,0.5825242718446602,1826.086956521739
2.59,155,22577,60.0,54.0,54.0,184.0,328.0,22048.405660770033,0.25672140272752575,0.5870967741935483,1899.6138996138995
6.48,671,145948,78.0,54.0,54.0,267.0,502.0,119462.34531284358,1.016859211762755,0.5439642324888226,3027.7777777777774
4.66,317,57418,60.0,54.0,54.0,233.0,544.0,42610.73721501856,0.22363822351035717,0.6151419558359621,2072.9613733905576
1.27,68,16166,60.0,54.0,54.0,292.0,709.6000000000004,84463.90051903116,0.13493400730131985,0.5441176470588235,1700.7874015748032
1.85,134,25793,60.0,54.0,54.0,264.25,461.2000000000001,49472.69753842728,0.19191312384473197,0.5671641791044776,2270.2702702702704
7.72,591,117427,60.0,54.0,54.0,259.5,508.0,56680.58198413312,0.18620320423460007,0.5736040609137056,2378.238341968912
8.86,1922,449628,148.0,54.0,60.0,298.0,540.9000000000001,72041.9752902208,2.8059557466691496,0.4427679500520291,5512.415349887133
0.5,250,29632,80.5,60.0,60.0,112.0,268.0,18102.785215999993,1.6285815665750023,0.512,14760.0
5.98,339,56100,60.0,54.0,54.0,220.0,508.0,29079.594956535362,0.25925925925925924,0.56047197640118,1775.9197324414715
4.2,485,84539,60.0,54.0,54.0,220.0,400.0,41308.24582421087,1.2550949637217244,0.5567010309278351,3542.8571428571427
0.61,39,5208,78.0,54.0,54.0,166.0,227.2000000000001,17045.684418145956,0.3085427135678392,0.5128205128205128,1868.8524590163936
8.3,602,111923,60.0,54.0,54.0,256.0,544.0,43307.815633933395,0.19545202084935487,0.5946843853820598,2262.6506024096384
0.8,73,12940,60.0,54.0,54.0,220.0,472.0,46495.50759992494,0.19814814814814816,0.589041095890411,2850.0
6.98,1060,205677,83.0,54.0,60.0,297.0,478.0,39419.89406461374,1.8736674444273678,0.5132075471698113,4469.914040114612
8.86,561,115631,60.0,54.0,54.0,292.0,544.0,60794.71919573209,0.16883996441856705,0.5579322638146168,1957.1106094808126
5.66,934,213330,112.0,54.0,60.0,298.0,508.0,106564.27303990572,2.3480860680823015,0.49571734475374735,4600.706713780918
2.03,128,22854,60.0,54.0,54.0,292.0,508.0,38238.654052734375,0.1919265672264525,0.6484375,2068.9655172413795
1.43,97,16929,60.0,54.0,54.0,256.0,436.0,37134.146242958865,0.1995323460639127,0.6082474226804123,2139.86013986014
1.81,151,33042,60.0,54.0,54.0,220.0,580.0,89687.86868996975,0.18209788208357183,0.5960264900662252,2585.635359116022
6.3,509,116537,60.0,54.0,54.0,400.0,552.0,69538.92508520502,0.1498924476545695,0.5618860510805501,2495.2380952380954
6.11,568,111796,60.0,54.0,54.0,292.0,552.0,46043.70844078556,0.178946924399169,0.5774647887323944,2926.3502454991813
2.9,248,64643,60.0,54.0,54.0,515.0,570.2000000000002,91864.00752796567,0.12746141100549402,0.5403225806451613,2586.206896551724
4.95,880,184229,91.0,54.0,60.0,292.0,487.0,65775.25283961777,1.4255019419393062,0.5011363636363636,5175.757575757575
2.27,120,24247,60.0,54.0,54.0,328.0,544.0,44641.87159722221,0.1469725638599811,0.575,1665.1982378854625
1.75,106,22740,60.0,54.0,54.0,363.0,585.0,58233.551085795654,0.15784114052953158,0.5660377358490566,1920.0
2.42,366,63069,70.0,54.0,60.0,220.0,364.0,40268.523492788685,1.5163182253431216,0.5601092896174863,4537.190082644628
6.07,554,84345,78.0,54.0,54.0,148.0,328.0,23097.61574176648,0.6562917288508365,0.5144404332129964,2658.978583196046
6.95,763,131146,78.0,54.0,54.0,220.0,400.0,37244.746243788315,0.8291954920776612,0.5517693315858454,3220.1438848920866
1.62,759,151746,184.0,54.0,60.0,292.0,476.0,24365.573330833682,2.884448995264303,0.43610013175230566,11851.85185185185
9.89,1327,336654,112.0,54.0,60.0,328.0,550.0,79242.10173607228,2.7002264184124334,0.45214770158251694,3415.5712841253794
1.39,476,85852,112.0,54.0,60.0,292.0,472.0,30301.40304357037,2.559074703590084,0.48739495798319327,9280.575539568346
3.45,256,39495,60.0,54.0,54.0,256.0,382.0,20288.528549194336,0.42637870634548014,0.5625,2400.0
9.76,1462,464060,112.0,54.0,60.0,328.0,621.4000000000005,283260.4109525209,2.207315050315161,0.4746922024623803,4038.9344262295085
7.74,1042,167594,83.0,54.0,60.0,184.0,364.0,28912.108362406565,1.3878891501032984,0.5076775431861804,3922.4806201550387
1.17,312,69836,112.0,54.0,60.0,339.25,544.0,47997.940170940165,2.596827358879275,0.48717948717948717,7589.74358974359
8.74,1318,262197,83.0,54.0,60.0,256.0,445.0,77264.52012003749,2.328809384759922,0.5060698027314112,4297.482837528604
9.1,656,117928,60.0,54.0,54.0,250.75,472.0,49944.4005800119,0.2534997183218359,0.6173780487804879,2320.879120879121
0.61,211,43967,91.0,54.0,60.0,292.0,450.0,43517.8171649334,2.5403011514614704,0.5071090047393365,10131.147540983608
9.41,1256,199375,78.0,54.0,60.0,256.0,360.0,20389.600972022192,1.4020794930181564,0.5207006369426752,3927.736450584485
7.49,431,69062,60.0,54.0,54.0,220.0,436.0,25556.403389301307,0.23331607050377698,0.5614849187935035,1778.3711615487316
9.43,935,206666,83.0,54.0,54.0,292.0,508.0,110935.51440876206,1.3101239646326333,0.5401069518716578,2825.026511134677
0.93,298,72831,112.0,54.0,60.0,328.0,762.4000000000015,82798.66268411331,3.8948854089656564,0.4697986577181208,8838.709677419354
4.84,609,86556,83.0,54.0,60.0,184.0,309.0,13992.456502220388,1.2461658232775399,0.5139573070607554,3719.00826446281
4.11,269,45767,60.0,54.0,54.0,220.0,436.0,34817.850969444866,0.2209742823604738,0.587360594795539,2014.5985401459852
4.33,295,54894,60.0,54.0,54.0,234.0,472.0,55560.630669347884,0.21301984354974146,0.5559322033898305,2092.378752886836
6.77,422,64895,60.0,54.0,54.0,220.0,364.0,25991.622049145346,0.2495908189397878,0.5758293838862559,1949.7784342688333
6.35,685,112127,60.0,54.0,54.0,184.0,436.0,35262.15002610688,0.6618300924828077,0.5678832116788322,3335.4330708661423
3.17,282,59332,60.0,54.0,54.0,364.0,552.0,43477.23942457623,0.17340400284787597,0.524822695035461,2725.5520504731862
0.97,275,80869,118.0,54.0,60.0,445.0,798.7999999999995,111487.00249917356,3.0396123682501623,0.46545454545454545,7793.814432989691
5.09,467,90707,60.0,54.0,54.0,256.0,552.0,53126.358798472174,0.23982723035497056,0.6102783725910065,2864.440078585462
2.31,135,28278,60.0,54.0,54.0,284.5,574.4000000000001,59805.77481481481,0.17992155553701075,0.562962962962963,1792.2077922077922
8.59,947,167870,66.0,54.0,54.0,265.0,419.0,34485.99627568412,1.1642493392638433,0.529039070749736,3310.826542491269
8.55,569,97769,62.0,54.0,54.0,237.0,436.0,47507.92930587687,0.36646214482382705,0.5817223198594025,2021.052631578947
2.09,152,31352,60.0,54.0,54.0,303.75,544.0,59464.1675900277,0.16312372472639586,0.5921052631578947,2296.650717703349
7.97,462,95641,60.0,54.0,54.0,292.0,544.0,57639.1447920766,0.22531836933405078,0.564935064935065,1761.6060225846927
4.1,923,192888,83.0,54.0,60.0,184.0,299.80000000000007,191695.43294570324,3.1437624868418226,0.514626218851571,6629.2682926829275
8.17,538,91878,60.0,54.0,54.0,184.0,364.0,74925.38891115379,0.4940969850717143,0.5817843866171004,2070.9914320685434
8.65,900,164062,60.0,54.0,54.0,207.5,497.0,53342.050809876535,0.5963220627584529,0.5833333333333334,3308.6705202312137
4.05,268,31853,60.0,54.0,54.0,148.0,256.0,10315.527330697258,0.3163484585502934,0.6268656716417911,2133.3333333333335
9.47,578,84488,60.0,54.0,54.0,192.5,328.0,20194.90086325595,0.24265333137226064,0.5934256055363322,1881.7317845828932
6.07,697,98636,60.0,54.0,60.0,184.0,301.0,17392.091953833708,0.9064517376009896,0.5279770444763271,3528.830313014827
6.69,1114,211659,112.0,54.0,60.0,270.0,509.0,31804.819568314488,2.8145004325259517,0.4658886894075404,4457.399103139013
8.96,639,99386,60.0,54.0,54.0,184.0,400.0,30016.320855405425,0.24092895492570857,0.6134585289514867,2250.0
9.75,1500,329730,83.0,54.0,60.0,232.75,436.0,139206.74893333332,2.6214168039538714,0.5206666666666667,4332.307692307692
6.84,1092,184888,91.0,54.0,60.0,256.0,364.0,25129.492801459834,1.5960852593445478,0.5018315018315018,4447.368421052632
5.78,356,54107,66.0,54.0,54.0,220.0,328.0,21142.334072402467,0.2487191322409416,0.5730337078651685,1868.5121107266434
0.14,14,2603,86.0,54.0,54.0,271.75,460.60000000000014,35166.92346938775,0.20119981541301338,0.5,2999.9999999999995
1.42,116,17638,63.0,54.0,54.0,148.0,436.0,30305.135255648045,0.28838568298027756,0.6551724137931034,2535.211267605634
3.82,536,117901,87.0,54.0,54.0,295.5,540.0,72826.31777330696,1.5784800437397486,0.5018656716417911,4083.7696335078535
0.55,27,2886,60.0,54.0,54.0,133.5,220.4000000000002,7625.876543209876,0.44155844155844154,0.7037037037037037,1854.5454545454545
5.34,320,43517,60.0,54.0,54.0,184.0,292.0,16115.44053710937,0.27683234551962915,0.634375,1831.4606741573034
5.55,340,51459,60.0,54.0,54.0,208.75,328.0,22841.127499999995,0.2550669495865954,0.5617647058823529,1902.7027027027027
5.38,557,105056,78.0,54.0,54.0,292.0,458.0,39417.97928115804,1.025214943902533,0.5368043087971275,3100.371747211896
1.76,214,40420,148.0,54.0,60.0,292.0,330.0,25394.99458467989,1.8232171544317943,0.40654205607476634,2931.818181818182
7.09,1659,293158,112.0,54.0,60.0,266.0,329.0,52589.19180999324,2.0728061716489874,0.4912597950572634,6448.51904090268
4.17,375,73277,60.0,54.0,54.0,292.0,552.0,43371.55303822222,0.22573684386604664,0.5653333333333334,2863.309352517986
9.0,1076,231828,83.0,54.0,54.0,297.0,552.0,51906.54523845719,0.6988963637163084,0.5195167286245354,3493.3333333333335
0.39,30,4337,61.0,54.0,54.0,83.0,418.0000000000002,35727.112222222226,0.24127074985689753,0.8,2461.5384615384614
6.99,605,105399,78.0,54.0,54.0,256.0,436.0,30536.1611474626,1.062804579704472,0.515702479338843,2592.274678111588
9.74,1083,266380,78.0,54.0,54.0,256.0,508.0,210854.8667282241,2.4088785943718567,0.5392428439519852,3301.848049281314
1.9,149,28977,60.0,54.0,54.0,199.0,328.0,108536.24944822307,0.175823729913975,0.6174496644295302,2463.1578947368425
3.87,262,40852,60.0,54.0,54.0,220.0,400.0,24002.055241536043,0.2604362716361729,0.5877862595419847,2108.5271317829456
1.32,72,13601,60.0,54.0,54.0,278.5,508.0,36104.143325617275,0.17341040462427745,0.5694444444444444,1681.8181818181818
5.55,571,103044,60.0,54.0,54.0,256.0,472.0,45252.53930027206,0.8292592000852106,0.574430823117338,3243.2432432432433
8.87,647,121437,83.0,54.0,54.0,256.0,472.0,38761.13723785203,0.5990966671494976,0.5023183925811437,2036.076662908681
3.97,387,71872,60.0,54.0,54.0,220.0,457.00000000000085,49931.43858876002,1.155340970431236,0.5607235142118863,3113.3501259445843
4.42,1000,298572,112.0,54.0,60.0,436.0,708.0,149271.336816,2.6786713157473234,0.476,5809.954751131221
6.22,1277,327578,112.0,54.0,60.0,328.0,541.0,117366.53614549074,2.509175245583777,0.47611589663273296,5536.977491961416
6.78,873,183490,112.0,54.0,60.0,300.0,447.0,34202.717841730206,2.1039499281062337,0.46849942726231386,3345.1327433628317
7.28,991,227466,112.0,54.0,60.0,220.0,328.0,123569.39530649714,2.4025818611539096,0.4873864783047427,3758.2417582417584
0.07,4,728,119.0,54.0,54.0,247.0,360.40000000000003,24322.0,0.17419354838709677,0.5,1714.2857142857142
1.3,70,11181,69.0,54.0,54.0,229.75,367.6,23589.740612244903,0.2698466780238501,0.5714285714285714,1615.3846153846152
5.08,333,64198,60.0,54.0,54.0,256.0,508.0,50529.42300859418,0.183089766507565,0.5825825825825826,2031.4960629921259
3.54,822,157805,149.0,54.0,60.0,297.0,394.0,27818.82793287987,2.2137547604016046,0.44282238442822386,5796.610169491525
5.55,1060,235478,112.0,54.0,60.0,301.0,509.7000000000004,45345.27212175151,2.8025708103219973,0.45754716981132076,5059.459459459459
6.27,645,111414,83.0,54.0,54.0,256.0,472.0,30991.47855056787,0.788174493628222,0.5457364341085271,2985.6459330143543
8.98,775,179073,60.0,54.0,54.0,292.0,605.6000000000006,87253.72777689908,0.46580500462481683,0.5574193548387096,2659.24276169265
5.78,372,73830,60.0,54.0,54.0,256.0,544.0,62081.318851890384,0.19134447815142322,0.5913978494623656,2003.4602076124565
8.09,2125,630590,148.0,54.0,60.0,321.0,578.0,217922.91873217988,4.16665301106104,0.4329411764705882,6533.992583436341
8.28,1280,205481,112.0,54.0,60.0,256.0,300.0,19752.07084899902,1.9289990592125894,0.49453125,4355.072463768117
8.48,1024,204404,109.0,54.0,60.0,297.0,469.00000000000045,39769.4305267334,1.3084498452781606,0.49609375,3466.9811320754716
3.8,213,26234,60.0,54.0,54.0,148.0,289.40000000000015,12950.456567259584,0.3542225893041503,0.647887323943662,1815.7894736842109
3.82,567,102273,83.0,54.0,60.0,220.0,436.0,39722.5837462557,1.6976419075754379,0.5220458553791887,4366.492146596859
8.52,620,94426,60.0,54.0,54.0,184.0,400.0,26198.32290322581,0.30941716472758035,0.6048387096774194,2352.1126760563384
4.79,313,58972,60.0,54.0,54.0,256.0,508.0,48558.13947269034,0.18548597849030055,0.5846645367412141,2054.2797494780793
4.87,573,96750,78.0,54.0,54.0,220.0,417.0,28045.399285472806,1.3133204217774908,0.5113438045375218,3498.9733059548257
6.74,1291,287623,112.0,54.0,60.0,297.0,523.0,87884.40087695245,2.4608757385057816,0.4748257164988381,5181.008902077151
5.82,680,142459,78.0,54.0,54.0,291.0,536.8000000000002,78422.02352724914,1.3056468189101267,0.5397058823529411,3402.061855670103
8.02,950,198763,112.0,54.0,54.0,298.0,508.0,39310.55288753463,1.2740461072021052,0.48736842105263156,3209.476309226933
8.36,751,156966,60.0,54.0,54.0,297.0,544.0,68788.83746305414,0.7165447327843575,0.563249001331558,2748.803827751196
8.96,1122,338043,112.0,54.0,54.0,417.0,688.0,191535.1418565968,2.0788840920268865,0.47950089126559714,3408.4821428571427
8.61,577,113159,60.0,54.0,54.0,220.0,436.0,102030.31407297053,0.4285227358800212,0.5736568457538995,2069.6864111498257
8.1,874,210623,78.0,54.0,54.0,301.0,629.3000000000009,92375.3877134509,0.6742287544812127,0.5537757437070938,3229.62962962963
1.27,296,59097,112.0,54.0,60.0,148.0,298.0,95252.83499589116,3.2085885201538242,0.47635135135135137,6472.44094488189
7.5,555,101358,78.0,54.0,54.0,220.0,337.00000000000034,117867.74017044072,0.7407388325003864,0.5837837837837838,2184.0
1.21,319,74018,148.0,54.0,60.0,297.0,509.2,55209.334440502746,3.297375754760799,0.43260188087774293,6694.214876033058
5.9,548,119849,60.0,54.0,54.0,256.0,400.0,158972.3002124514,1.8760768880036476,0.5766423357664233,2888.1355932203387
0.68,48,10135,60.0,54.0,54.0,328.0,515.2000000000006,69115.12456597222,0.18496433999766163,0.6458333333333334,2382.3529411764703
3.48,804,182900,112.0,54.0,60.0,301.0,562.0,58035.73243236554,2.921778845122971,0.4539800995024876,6034.482758620689
0.5,26,4459,83.0,54.0,54.0,295.75,364.0,21070.71153846154,0.20480951094298838,0.5,1560.0
4.26,619,126722,83.0,54.0,60.0,309.0,449.0,40158.74095223679,2.0146065277381293,0.5137318255250404,4112.6760563380285
9.44,1187,245109,112.0,54.0,54.0,297.0,508.0,61615.39234575069,1.6165892714171337,0.4911541701769166,3514.8305084745766
2.78,618,127700,112.0,54.0,60.0,292.0,479.0,44099.39701092364,3.031570639305446,0.4368932038834951,5697.841726618705
6.09,1296,243626,112.0,54.0,60.0,292.0,412.0,25841.289835295687,2.1681708236885227,0.4583333333333333,5536.945812807882
7.44,620,129503,60.0,54.0,54.0,249.0,544.0,84202.29586628512,0.6030773420479303,0.5919354838709677,2564.5161290322576
2.1,168,22175,60.0,54.0,54.0,165.5,292.0,15268.636869331069,0.31672703521168577,0.5952380952380952,2514.285714285714
7.55,470,89859,60.0,54.0,54.0,248.0,436.0,69199.99605703939,0.1827131895178804,0.5765957446808511,1931.1258278145697
5.61,510,105246,78.0,54.0,54.0,256.0,472.0,101243.03953863897,1.0440085453486114,0.5490196078431373,2695.187165775401
5.66,325,57746,60.0,54.0,54.0,256.0,493.6000000000008,37907.79913846154,0.19522291675290807,0.5692307692307692,1812.720848056537
6.57,491,98111,62.0,54.0,54.0,256.0,544.0,65277.83068761122,0.1982730192850251,0.604887983706721,2264.840182648402
6.98,660,107147,60.0,54.0,54.0,184.0,436.0,31976.51655417814,0.7471708573851221,0.5575757575757576,2922.6361031518622
3.12,550,122486,112.0,54.0,60.0,298.0,580.0,47970.765633057854,2.7342154202615774,0.4909090909090909,4788.461538461538
5.76,644,141134,83.0,54.0,54.0,292.0,508.0,128299.59485552252,1.6621522210695086,0.5372670807453416,3145.8333333333335
4.79,674,157386,112.0,54.0,60.0,321.0,472.0,119091.62377937642,2.534381315966764,0.48516320474777447,3707.7244258872647
6.6,457,80510,60.0,54.0,54.0,220.0,455.40000000000003,38384.74548597313,0.20146246828831518,0.5733041575492341,2127.2727272727275
4.99,814,192691,184.0,54.0,60.0,305.5,513.7,49663.40257562678,1.6849526941351876,0.4533169533169533,4148.296593186373
4.22,636,178750,121.0,54.0,60.0,455.0,625.0,105971.93110438668,4.147143515319051,0.4559748427672956,3710.900473933649
9.97,1447,310374,112.0,54.0,60.0,292.0,566.0,47909.39026339079,2.1932795588295813,0.46855563234277814,3821.464393179538
4.74,315,55439,66.0,54.0,54.0,256.0,436.0,33691.67935500126,0.20724271590958582,0.5619047619047619,2012.6582278481012
3.56,603,111058,112.0,54.0,60.0,292.0,447.0,29667.01719154367,2.065444809406829,0.494195688225539,4651.685393258427
3.21,209,39442,60.0,54.0,54.0,270.0,479.2000000000006,42745.38920812253,0.1941988615719995,0.569377990430622,2018.6915887850469
9.37,993,254195,83.0,54.0,54.0,300.0,590.0,109902.67958691707,1.5623204475580867,0.5166163141993958,2996.7982924226258
0.2,16,2690,69.0,54.0,54.0,214.75,454.0,27915.609375,0.16349480968858132,0.5625,2400.0
0.24,24,4885,86.0,54.0,54.0,337.0,533.1999999999999,38312.66493055556,0.1709012464046021,0.5,3000.0
2.88,169,31626,60.0,54.0,54.0,256.0,508.0,43961.38384510346,0.19051383399209487,0.5680473372781065,1812.5
4.87,639,140477,78.0,54.0,54.0,220.0,652.6000000000001,83660.14772691093,1.3638184021000201,0.5242566510172144,3868.5831622176593
4.81,513,90476,60.0,54.0,54.0,220.0,436.0,40216.33743336031,0.8044315031610857,0.5341130604288499,3280.665280665281
2.07,401,86914,112.0,54.0,60.0,297.0,472.0,59464.95397416683,3.1002972118696044,0.4688279301745636,5159.420289855073
9.55,1112,187595,78.0,54.0,54.0,266.0,436.0,25631.542517694477,1.2302470456761063,0.5350719424460432,3398.9528795811516
6.19,639,124196,78.0,54.0,54.0,256.0,547.0000000000007,51388.68421658451,1.2363957215399575,0.5320813771517997,3004.8465266558965
1.32,68,14165,78.0,54.0,54.0,256.0,508.0,84974.94874567473,0.17085468672507853,0.5588235294117647,1499.9999999999998
8.15,1075,179323,112.0,54.0,60.0,237.0,400.0,24314.5023653867,1.1818635323891566,0.493953488372093,3651.5337423312885
6.12,778,437414,112.0,54.0,55.5,508.0,1514.0,818693.2998394142,1.0051249610356272,0.44473007712082263,3068.627450980392
4.15,581,109696,112.0,54.0,60.0,298.0,400.0,31512.098145224114,1.8277995462982057,0.4974182444061962,3889.156626506024
3.29,382,71413,78.0,54.0,60.0,292.0,508.0,36318.43938625586,1.2096290107986014,0.5575916230366492,3446.8085106382982
7.17,880,144361,60.0,54.0,60.0,184.0,328.0,75039.33760201446,1.2806205469280716,0.55,3790.7949790794983
5.29,561,110298,78.0,54.0,54.0,292.0,508.0,42813.64618185631,1.1935445379153988,0.5294117647058824,3107.750472589792
6.29,315,59039,60.0,54.0,54.0,292.0,508.6,40280.84760896952,0.2033549386490563,0.5746031746031746,1535.77106518283
8.88,1982,1122998,112.0,54.0,60.0,480.0,2958.0,892785.0576765054,5.674658836954971,0.45610494450050454,5824.324324324323
9.51,911,237971,78.0,54.0,54.0,298.0,508.0,182470.48528233406,1.6846303106879357,0.5455543358946213,2782.334384858044
2.65,111,16641,66.0,54.0,54.0,148.0,256.0,86530.81324567813,0.9511079845233907,0.5855855855855856,1313.2075471698113
2.62,663,131500,112.0,54.0,60.0,292.0,384.0,43193.85062185914,3.1889653414882773,0.43891402714932126,6343.511450381679
6.58,671,110934,83.0,54.0,60.0,220.0,359.0,29149.206442771756,1.3872175597159457,0.5201192250372578,2945.288753799392
0.53,28,4592,60.0,54.0,54.0,265.0,410.8,21480.5,0.29133858267716534,0.5714285714285714,1698.1132075471698
6.14,712,201318,83.0,54.0,54.0,292.25,744.0,216323.4375,2.5077099994772882,0.5168539325842697,3293.159609120521
1.22,76,9930,60.0,54.0,54.0,148.0,220.0,29499.593490304713,0.4502701913246677,0.631578947368421,1967.2131147540986
2.99,287,42794,60.0,54.0,54.0,206.0,378.4000000000012,21482.61202636915,0.68274940033817,0.5993031358885017,3170.56856187291
8.49,755,134551,60.0,54.0,54.0,256.0,422.0,35750.69492390685,1.1092804514814234,0.5470198675496689,2706.7137809187275
2.29,149,17813,62.0,54.0,54.0,148.0,292.0,9104.354848880681,0.36991463508421135,0.6040268456375839,1991.2663755458514
7.28,459,88858,60.0,54.0,54.0,247.0,472.0,65589.9019560378,0.3470476767983021,0.5599128540305011,1945.054945054945
9.2,984,261814,78.0,54.0,54.0,309.0,614.2000000000003,141991.3790856964,1.2588671757042404,0.5345528455284553,3136.9565217391305
0.42,481,228866,300.0,54.0,60.0,616.0,1062.0,382854.78827460116,7.997719767259003,0.3887733887733888,25571.428571428572
1.73,140,26426,60.0,54.0,60.0,112.0,437.60000000000014,168731.89816326532,2.064594688623449,0.6785714285714286,3052.0231213872835
6.04,453,53892,60.0,54.0,54.0,148.0,232.00000000000017,8874.023186117567,0.5614985657578304,0.5805739514348786,2374.1721854304637
4.41,328,74285,61.0,54.0,54.0,234.25,482.8000000000004,193779.24954454193,0.763483999620169,0.6036585365853658,2272.108843537415
0.04,6,1578,83.0,54.0,54.0,328.0,652.0,97249.0,0.11440677966101695,0.5,4500.0
7.78,674,140192,78.0,54.0,54.0,220.0,436.0,128812.38575667655,0.9994010011837358,0.5578635014836796,2575.8354755784057
5.72,651,113191,62.0,54.0,60.0,220.0,436.0,41866.882362240765,1.035553077849911,0.5376344086021505,3430.0699300699303
6.88,492,105837,60.0,54.0,54.0,256.0,544.0,132057.42356979972,0.5278026387966626,0.6077235772357723,2232.5581395348836
8.8,794,132621,61.0,54.0,54.0,256.0,400.0,30119.53190649011,0.6799163974919248,0.5604534005037783,2754.5454545454545
4.05,258,51080,60.0,54.0,54.0,292.0,580.0,50463.58115497867,0.18314687420378478,0.5852713178294574,1955.5555555555559
4.78,329,56274,60.0,54.0,54.0,220.0,436.0,42840.377860514964,0.21037575549007378,0.574468085106383,2158.9958158995814
4.64,287,52730,60.0,54.0,54.0,264.5,439.6000000000003,41977.31986548337,0.22642167693917897,0.5574912891986062,1900.8620689655174
0.33,54,16816,256.0,54.0,112.0,427.0,677.2,86166.87105624143,4.87972027972028,0.24074074074074073,1999.9999999999998
9.21,1657,378595,78.0,54.0,60.0,297.0,476.0,134706.38486711154,2.2152168559078054,0.5208207604103802,5335.504885993484
2.06,326,40403,83.0,54.0,60.0,148.0,280.0,9026.69830441492,1.370094444770341,0.5306748466257669,4223.300970873786
4.68,285,51232,60.0,54.0,54.0,256.0,472.0,32833.07991381963,0.22187507453075436,0.5614035087719298,1833.3333333333333
1.72,442,89634,112.0,54.0,60.0,232.75,612.4000000000012,56878.730431399854,2.572071892559678,0.48868778280542985,7116.279069767442
0.72,145,15175,60.0,54.0,60.0,112.0,298.0,6669.605231866825,0.7083192615107509,0.6620689655172414,7750.0
7.34,796,142837,60.0,54.0,54.0,184.0,400.0,99044.37243219868,1.1675139228212872,0.585427135678392,3335.149863760218
1.93,127,16901,60.0,54.0,54.0,155.5,364.0,17116.32450864902,0.26979714500375657,0.6299212598425197,2238.3419689119173
0.04,10,2026,225.5,54.0,54.0,297.75,367.59999999999997,17585.04,0.24600246002460024,0.4,6000.0
5.78,1361,295740,112.0,54.0,60.0,292.0,505.0,95325.32525302042,2.6242647058823527,0.4893460690668626,6373.7024221453285
5.53,959,190346,112.0,54.0,60.0,292.0,436.0,45995.02763240732,1.9875066704334996,0.46506777893639206,4578.661844484629
9.91,1142,202926,78.0,54.0,54.0,256.0,364.0,55315.98838182927,1.1474332518492651,0.5306479859894921,3414.7325933400607
1.13,387,57107,112.0,54.0,60.0,256.0,266.0,12994.37519112767,2.0664769371207647,0.4780361757105943,9557.522123893807
9.86,1711,432332,148.0,54.0,60.0,300.0,616.0,78656.66251275397,2.968642426356518,0.4465225014611338,4326.5720081135905
2.92,501,127388,78.0,54.0,60.0,298.0,616.0,195140.5592009593,2.9363450961003648,0.5269461077844312,5054.7945205479455
9.33,930,206914,83.0,54.0,54.0,292.0,590.0,65091.213300959644,0.9654992258223856,0.5236559139784946,2823.151125401929
3.55,255,61442,60.0,54.0,54.0,252.0,574.3999999999999,185985.7268127643,0.4830674165439668,0.615686274509804,2247.887323943662
7.16,1030,259302,78.0,54.0,60.0,297.0,508.0,155657.53337355074,2.0724805971917766,0.5077669902912622,4148.0446927374305
0.25,13,1148,60.0,54.0,60.0,60.0,96.80000000000004,8262.059171597632,0.1643002028397566,0.8461538461538461,2640.0
6.19,501,71456,60.0,54.0,54.0,184.0,328.0,24123.794813566477,0.3656448283770354,0.5708582834331337,2491.1147011308562
6.63,971,209974,78.0,54.0,60.0,292.0,593.0,80013.64744002435,1.8039527275155238,0.5355303810504635,4289.592760180995
4.06,547,132499,112.0,54.0,60.0,364.0,632.8000000000011,67707.66441517467,1.6727518457255819,0.4936014625228519,3768.4729064039407
3.94,878,202342,112.0,54.0,60.0,364.0,544.0,50526.86325828529,2.214379894835502,0.4772209567198178,6045.685279187817
0.1,8,2285,119.5,54.0,54.0,508.0,670.0,78448.984375,0.17541152263374485,0.5,2400.0
7.58,800,171157,83.0,54.0,54.0,297.0,510.0,55245.053360937505,0.9255788313120177,0.515,3047.4934036939317
9.41,643,109999,60.0,54.0,54.0,227.5,464.80000000000246,35820.1597343324,0.21582129475092016,0.5629860031104199,2065.8873538788525
0.27,20,5496,71.5,54.0,54.0,256.0,788.8000000000004,140728.46000000002,0.11548609701644003,0.6,2222.222222222222
7.36,823,223078,103.0,54.0,54.0,364.0,688.0,118305.1403882013,1.535006079614541,0.4993924665856622,3073.369565217391
9.2,782,149605,66.0,54.0,54.0,256.0,508.0,57807.61827336295,0.6395248167103201,0.5767263427109974,2563.04347826087
4.61,490,86455,60.0,54.0,54.0,220.0,438.50000000000057,42234.27482299043,0.8094769668682894,0.5448979591836735,3266.811279826464
9.91,1338,306711,83.0,54.0,54.0,298.75,544.0,79576.18807101155,1.3481885833282292,0.5112107623318386,3850.6559031281536
5.36,623,103007,91.0,54.0,54.0,292.0,364.0,20101.559965887627,1.365529911585716,0.5008025682182986,3246.268656716418
5.13,891,294843,112.0,54.0,60.0,328.0,544.0,371872.9867247106,3.709425463606306,0.48597081930415265,4795.321637426901
4.9,370,79735,78.0,54.0,54.0,292.0,544.0,73013.3527027027,0.21113389534442167,0.581081081081081,2228.5714285714284
3.05,528,147737,112.0,54.0,60.0,364.0,662.8000000000004,114082.9297484791,1.349432269965968,0.4696969696969697,4721.311475409837
3.14,402,70888,61.0,54.0,60.0,256.0,436.0,31505.656691666045,1.330768724929309,0.5398009950248757,3878.980891719745
4.59,287,51856,60.0,54.0,54.0,220.0,514.0000000000005,47932.669499447606,0.18658184980092443,0.6097560975609756,1986.9281045751634
4.34,248,44144,60.0,54.0,54.0,220.0,472.0,46089.79838709677,0.2080676500369448,0.5806451612903226,1755.7603686635946
6.34,954,166415,83.0,54.0,60.0,292.0,384.0,32095.017792237475,1.7903720719663307,0.5073375262054507,4277.602523659306
1.87,108,14608,71.5,54.0,54.0,157.0,304.19999999999993,13133.877229080932,0.31710395816427733,0.5555555555555556,1732.6203208556149
3.52,316,55547,69.0,54.0,54.0,256.0,472.0,29699.47447324147,0.8285272236486931,0.5443037974683544,2693.181818181818
9.87,1347,222100,112.0,54.0,60.0,220.0,301.0,59126.1315249208,1.8600494488513444,0.4884929472902747,3787.234042553192
5.22,321,56966,60.0,54.0,54.0,256.0,472.0,34678.56024301007,0.20425334009808896,0.5545171339563862,1873.5632183908046
2.94,705,161967,112.0,54.0,60.0,297.0,563.0,60984.671628187716,3.1149106984070527,0.4794326241134752,6428.571428571428
5.65,682,128921,60.0,54.0,60.0,148.0,400.0,128576.9504755721,1.1813674895517843,0.5703812316715543,3663.7168141592915
7.59,752,136945,78.0,54.0,54.0,266.0,472.0,34965.94185540686,0.7163823680549463,0.5345744680851063,2940.711462450593
3.3,925,208687,112.0,54.0,60.0,292.0,616.0,90500.0222130022,2.8932689078765716,0.48864864864864865,7818.181818181818
5.69,672,106442,78.0,54.0,54.0,256.0,328.0,20223.83736359127,1.1164376752231921,0.5148809523809523,3532.513181019332
3.88,289,56248,60.0,54.0,54.0,292.0,544.0,48153.1189760659,0.18566610455311974,0.5674740484429066,2304.1237113402062
1.57,98,16929,61.0,54.0,54.0,184.0,472.0,35027.63900458143,0.21241853469884694,0.5612244897959183,1910.828025477707
7.41,493,101680,60.0,54.0,54.0,246.0,436.0,147651.46817308443,0.6137377200082528,0.6044624746450304,2040.4858299595141
4.26,882,155183,83.0,54.0,60.0,267.0,400.0,31797.6397707231,1.667795561209579,0.5192743764172335,5887.323943661972
4.78,611,239267,112.0,54.0,60.0,322.0,815.0,521807.929229805,5.559213772684906,0.4779050736497545,3426.778242677824
3.04,231,53664,66.0,54.0,54.0,189.0,436.0,250049.82492831847,1.111093627065303,0.6103896103896104,2289.4736842105262
0.26,26,3287,69.0,54.0,54.0,148.0,238.0,12449.936390532546,0.22057185295209802,0.5769230769230769,3000.0
0.39,30,6064,66.0,54.0,54.0,328.0,417.1,39306.448888888895,0.15416825275980206,0.5333333333333333,2307.6923076923076
1.55,429,68681,112.0,54.0,60.0,184.0,400.0,22028.310213485038,2.385635413585724,0.4965034965034965,8012.903225806452
0.76,61,6582,60.0,54.0,60.0,83.0,277.0,10053.957538296156,0.5527246992215145,0.7540983606557377,3394.7368421052633
3.64,553,115737,112.0,54.0,60.0,298.0,421.0,51548.16945217439,2.57157846011418,0.47377938517179025,4054.945054945055
9.89,1043,327334,83.0,54.0,54.0,328.0,760.0,245054.27510987277,1.3519597628884499,0.5263662511984659,3003.0333670374116
7.23,487,115599,60.0,54.0,54.0,296.5,688.0,96089.51020580262,0.1460196292257361,0.5708418891170431,2099.585062240664
3.55,240,47551,63.0,54.0,54.0,220.0,581.0,69107.27914930557,0.17343237173950596,0.575,2061.9718309859154
4.38,245,42083,60.0,54.0,54.0,246.0,427.1999999999999,38356.34179092044,0.19676373563872143,0.5755102040816327,1739.7260273972604
7.36,1419,325479,112.0,54.0,60.0,298.0,472.0,98312.62123670452,2.417209990865854,0.4665257223396758,5127.717391304347
1.44,137,19222,60.0,54.0,60.0,184.0,298.0,14733.21988385103,1.0651052857756769,0.5766423357664233,3125.0
5.77,1061,235988,112.0,54.0,60.0,328.0,508.0,61043.31434520631,2.3519118231918643,0.4750235626767201,4887.348353552859
0.13,3,180,60.0,60.0,60.0,60.0,60.0,0.0,0.0,1.0,1384.6153846153848
4.33,776,148473,148.0,54.0,60.0,297.0,445.0,24867.582326429485,2.709413880977365,0.43041237113402064,4420.323325635104
0.54,20,2442,60.0,54.0,54.0,157.0,230.80000000000015,10430.189999999999,0.24846625766871167,0.55,1222.2222222222222
9.29,1059,193385,83.0,54.0,54.0,266.0,455.0,34410.78348719238,1.4838804973284012,0.5193578847969783,3326.157158234661
6.83,696,121565,66.0,54.0,54.0,256.0,364.0,56607.50237605695,0.7709486626653459,0.5402298850574713,3074.670571010249
9.42,1246,244952,83.0,54.0,60.0,266.0,436.0,70075.38463242892,1.5439514788966433,0.5248796147672552,3828.0254777070063
0.87,349,55268,112.0,54.0,60.0,220.0,297.79999999999995,14117.57166197322,2.2753348346568685,0.4498567335243553,10620.689655172413
0.5,24,2840,60.0,54.0,54.0,148.0,215.89999999999992,14288.472222222224,0.31970260223048325,0.625,1800.0
8.32,747,121926,62.0,54.0,54.0,256.0,400.0,23985.633941388045,0.6624988069103751,0.5515394912985274,2697.1153846153848
4.15,554,192204,109.0,54.0,60.0,427.25,1192.0,255884.53052952595,0.7730505613313284,0.4963898916967509,3787.9518072289156
6.58,369,70355,60.0,54.0,54.0,256.0,580.0,49308.7868038572,0.18174183253548332,0.5826558265582655,1759.8784194528876
9.33,1133,294656,112.0,54.0,60.0,297.0,472.0,247341.33177584293,2.3308012298788205,0.499558693733451,3434.0836012861737
1.86,176,29864,62.0,54.0,54.0,218.5,528.5,38555.25103305785,0.21122647631408176,0.6420454545454546,2903.2258064516127
7.6,724,174105,83.0,54.0,54.0,297.0,580.0,114884.86270832697,1.466705392309654,0.5151933701657458,2739.4736842105267
9.67,798,125631,60.0,54.0,54.0,184.0,400.0,29436.36321536925,0.9361505386286929,0.5664160401002506,2525.3360910031024
5.06,1072,250514,148.0,54.0,60.0,300.0,541.0,55883.51486620071,2.0760559921414536,0.45242537313432835,5395.256916996048
7.02,543,87596,60.0,54.0,54.0,184.0,364.0,56319.04950669666,0.6095105100690872,0.5948434622467772,2452.991452991453
5.93,520,112760,60.0,54.0,54.0,292.0,544.0,114163.91863905327,1.1490375452639603,0.551923076923077,2701.5177065767284
3.58,217,28188,60.0,54.0,54.0,184.0,328.0,13714.809998088727,0.29635761589403975,0.6175115207373272,1893.854748603352
6.14,998,258208,148.0,54.0,60.0,298.0,541.0,154615.90257870452,2.983830653871077,0.45390781563126253,4309.446254071661
2.85,182,25693,60.0,54.0,54.0,184.0,328.0,17144.163295495713,0.27521342068691684,0.5824175824175825,1957.8947368421052
5.39,660,126056,60.0,54.0,60.0,215.5,418.0,87102.87572084481,1.1603427592116538,0.5818181818181818,3773.654916512059
3.47,609,148299,112.0,54.0,60.0,414.0,498.0,83503.70140826842,2.5295839680121857,0.4909688013136289,4772.334293948127
0.23,183,27445,112.0,60.0,60.0,112.0,518.0,23055.491056764917,2.938154685033721,0.3879781420765027,17739.130434782608
7.99,770,96226,60.0,54.0,54.0,148.0,297.0,10213.95487265981,0.7027232672128537,0.5558441558441558,2958.6983729662074
2.83,172,29048,69.0,54.0,54.0,220.0,364.0,44750.09113034072,0.2093255620316403,0.5523255813953488,1823.321554770318
3.12,806,138388,112.0,54.0,60.0,148.0,364.0,83773.63292058936,2.932929775201069,0.4851116625310174,7365.384615384614
1.4,74,20092,60.0,54.0,54.0,169.25,1514.0,217416.22279035795,0.11821015138023153,0.5135135135135135,1628.5714285714287
1.38,942,1289554,328.0,60.0,60.0,2974.0,2974.0,1853655.5392195312,13.685061607488555,0.3641188959660297,14565.217391304348
0.86,505,788018,2652.0,60.0,60.0,2974.0,2974.0,2011018.704738751,54.50204254120299,0.4396039603960396,15279.06976744186
4.47,321,112676,66.0,54.0,54.0,184.0,717.0,552936.0901000571,3.23482542188146,0.5794392523364486,2174.4966442953023
1.37,81,11434,60.0,54.0,54.0,188.0,364.0,16720.35695778082,0.28284528217210814,0.6296296296296297,1795.6204379562043
5.76,820,145655,83.0,54.0,60.0,220.0,445.0,37398.52872546104,1.7730076533526253,0.5195121951219512,4083.333333333333
0.15,24,1759,60.0,54.0,60.0,60.0,105.69999999999999,1278.373263888889,0.18132975151108127,0.875,7600.0
2.92,261,77660,83.0,54.0,54.0,364.0,1078.0,131881.7496219962,0.1170564713328155,0.5095785440613027,2547.9452054794524
2.53,642,258064,134.5,54.0,60.0,328.0,566.3999999999996,545317.9927989829,3.951248057404885,0.4797507788161994,7138.339920948617
6.96,897,186884,112.0,54.0,60.0,256.0,301.0,96123.8999364909,2.102684574900802,0.49052396878483834,3534.4827586206893
4.41,369,62463,62.0,54.0,54.0,246.0,400.0,32581.094322162735,1.0198874660457897,0.5528455284552846,2530.6122448979595
1.78,103,11590,60.0,54.0,54.0,148.0,220.0,6146.2105759261,0.38735934881493894,0.5436893203883495,1752.808988764045
4.81,325,48258,60.0,54.0,54.0,184.0,364.0,24447.80057751479,0.26181200156883255,0.5661538461538461,2095.6340956340955
5.94,926,421451,112.0,54.0,60.0,415.0,1249.5,615103.5131630506,4.204448066782746,0.490280777537797,4272.727272727273
3.85,520,95341,112.0,54.0,60.0,297.0,338.80000000000246,26664.84999630177,2.214572305202468,0.49423076923076925,3568.831168831169
3.65,343,53423,78.0,54.0,54.0,267.0,328.0,17272.384652653232,0.9425839060397804,0.5364431486880467,2778.082191780822
9.51,2143,603208,148.0,54.0,60.0,364.0,607.0,129925.38905320449,3.831306966536915,0.44237050863275784,5627.760252365931
1.74,109,12843,60.0,54.0,54.0,148.0,256.0,7052.364110765086,0.336420395421436,0.5321100917431193,1931.0344827586207
3.15,224,38216,72.0,54.0,54.0,220.0,364.0,71727.58673469388,0.34729420059933014,0.6294642857142857,2133.3333333333335
8.19,1129,263878,91.0,54.0,60.0,298.0,561.0,121287.07349441924,2.3210999937071297,0.503985828166519,3882.783882783883
9.06,1076,266800,83.0,54.0,54.0,297.0,543.0,169189.18202484766,2.1082891594337974,0.5371747211895911,3364.2384105960264
6.62,1293,239007,112.0,54.0,60.0,256.0,372.7999999999995,65717.7553594852,2.29487585988227,0.47641144624903325,5429.003021148036
5.49,603,107593,78.0,54.0,54.0,256.0,457.0,42982.924966103696,0.9507388269422536,0.5406301824212272,3245.9016393442625
1.31,89,9406,60.0,54.0,54.0,112.0,250.40000000000003,6513.833606867819,0.3657615797880064,0.6629213483146067,2244.2748091603053
5.93,802,151022,91.0,54.0,60.0,292.0,436.0,32466.848558155732,1.6146015477571372,0.5049875311720698,3784.1483979763916
2.03,130,15225,60.0,54.0,54.0,112.0,155.2000000000006,65230.6097633136,0.723064735174287,0.6846153846153846,2334.975369458128
9.02,1391,245422,78.0,54.0,60.0,184.0,299.0,117266.358009614,1.778341295537392,0.5240833932422717,4549.889135254989
0.03,2,274,137.0,70.6,95.5,178.5,203.4,6889.0,0.24545454545454545,0.5,2000.0
4.64,608,109523,112.0,54.0,60.0,269.0,328.0,27335.624456262984,1.9913691858083193,0.47039473684210525,3581.8965517241386
4.72,304,47665,60.0,54.0,54.0,220.0,400.0,22840.2432371018,0.2231517359952783,0.5723684210526315,2008.4745762711866
7.51,907,219172,112.0,54.0,54.0,321.0,563.0,82450.1826732908,1.5204351526024058,0.4906284454244763,3275.6324900133154
6.85,419,76678,62.0,54.0,54.0,220.0,508.0,50506.74223774072,0.19672873129087134,0.5823389021479713,1856.934306569343
8.23,523,83793,60.0,54.0,54.0,184.0,428.8000000000004,31203.370143567958,0.23390125020247685,0.5984703632887189,2012.1506682867555
1.39,213,51571,60.0,54.0,60.0,220.0,608.8000000000004,178997.59655271217,3.2698294419605896,0.5352112676056338,4661.8705035971225
0.42,27,2591,60.0,54.0,54.0,112.0,148.0,3072.0356652949245,0.4150737302020754,0.5185185185185185,2000.0
0.93,88,23249,80.5,54.0,54.0,207.25,409.0,354239.22404442145,2.2138512579485763,0.5227272727272727,2774.1935483870966
3.8,488,93911,109.0,54.0,54.0,292.0,421.0,68062.15630458882,1.662857628944906,0.4959016393442623,3647.368421052632
2.75,150,21109,70.0,54.0,54.0,220.0,328.0,14351.30528888889,0.23915468153800998,0.58,1636.3636363636365
4.34,1096,1707037,2854.0,54.0,60.0,2854.0,2854.0,1817297.4377156147,26.125965358334657,0.35036496350364965,4949.3087557603685
9.92,816,165487,78.0,54.0,54.0,220.0,478.0,92017.89612018215,0.9932189099668775,0.5674019607843137,2461.6935483870966
2.38,135,25043,60.0,54.0,54.0,256.0,508.0,38981.198134430735,0.19014352247885183,0.5481481481481482,1739.4957983193278
9.48,1451,387614,134.0,54.0,60.0,364.0,652.0,102097.55358622893,2.548441433606445,0.44383184011026877,3873.4177215189875
3.73,222,36457,60.0,54.0,54.0,184.0,508.0,34884.036867949035,0.24231581816942685,0.6171171171171171,1833.7801608579089
0.15,10,1245,86.0,54.0,54.0,148.75,263.2,8439.05,0.434331797235023,0.5,2000.0
7.78,1014,226824,83.0,54.0,60.0,220.0,587.0000000000005,110310.62327416174,1.994297180272468,0.5187376725838264,3724.9357326478143
3.19,200,23195,60.0,54.0,54.0,148.0,259.5999999999998,8923.674375,0.3635294809241079,0.65,2068.965517241379
3.17,158,24638,60.0,54.0,54.0,220.0,400.0,23977.755487902577,0.23214642928585716,0.5759493670886076,1589.9053627760254
7.93,469,81505,60.0,54.0,54.0,220.0,472.0,35826.67643809584,0.20916535619974483,0.55863539445629,1808.3228247162674
6.1,348,69096,60.0,54.0,54.0,256.0,560.4000000000003,60471.20134760206,0.18668636004534056,0.5718390804597702,1760.6557377049182
3.36,209,49259,60.0,54.0,54.0,328.0,652.0,88639.22863487557,0.14308588401828604,0.6028708133971292,1982.142857142857
2.31,159,35548,60.0,54.0,54.0,299.5,582.0000000000002,83995.96803923897,0.15468069901903464,0.5974842767295597,2155.844155844156
5.03,772,231855,112.0,54.0,60.0,436.0,759.3999999999999,126198.84814860801,3.236883942766296,0.4740932642487047,4079.522862823061
3.03,422,77410,94.5,54.0,60.0,243.25,474.0,60605.449697895376,2.0006202031165206,0.5,3940.5940594059407
3.88,416,109589,78.0,54.0,60.0,328.0,620.0,130781.29386441383,1.867545856555983,0.5144230769230769,3123.711340206186
6.64,1360,329313,148.0,54.0,60.0,328.0,513.0,54119.16736105104,3.1668311569996965,0.4411764705882353,5114.457831325301
5.89,334,47579,70.0,54.0,54.0,184.0,298.0,17673.42135788304,0.2865100181164319,0.5538922155688623,1701.188455008489
6.19,527,148671,74.0,54.0,54.0,329.5,832.0,180489.98260894616,0.2444003615910004,0.5882352941176471,2549.2730210016152
8.12,574,168376,60.0,54.0,54.0,368.0,862.8000000000002,170706.77427187414,0.18991957710845075,0.5696864111498258,2150.246305418719
2.6,178,35407,60.0,54.0,54.0,220.0,570.2000000000002,70948.27941547784,0.18410139789980604,0.601123595505618,2146.153846153846
6.49,435,73446,60.0,54.0,54.0,220.0,400.0,43378.04150614349,0.22379405148712822,0.5770114942528736,2052.3882896764253
1.03,76,15475,69.0,54.0,54.0,309.25,544.0,46754.26229224377,0.17377123786407767,0.5526315789473685,2213.5922330097087
2.62,209,63482,83.0,54.0,54.0,235.0,809.6000000000012,315984.1533389803,0.7900406045567336,0.5933014354066986,2312.977099236641
2.5,156,27105,60.0,54.0,54.0,220.0,389.5,51281.995192307695,0.18626635738982011,0.6089743589743589,1992.0
7.63,529,110705,60.0,54.0,54.0,256.0,590.0,67302.41361344478,0.174489168028178,0.5746691871455577,2123.1979030144166
3.17,491,168489,112.0,54.0,60.0,447.0,700.0,280567.31616344716,2.7378042016993147,0.4847250509164969,4372.239747634069
7.88,679,116246,60.0,54.0,54.0,205.5,436.0,56807.433516758814,0.732016210739615,0.5861561119293078,2626.9035532994926
2.61,162,21140,60.0,54.0,54.0,148.0,255.00000000000006,20981.768480414572,0.29051950430376655,0.6111111111111112,1954.0229885057472
9.64,1366,352779,83.0,54.0,60.0,297.0,540.0,182092.86882059384,2.380015713026482,0.513177159590044,3983.4024896265555
7.05,705,150593,78.0,54.0,54.0,292.0,509.6,79048.14775111916,1.0348755506310299,0.5347517730496454,2927.6595744680853
9.17,1343,295741,112.0,54.0,60.0,297.0,449.0,100883.55934885335,1.9601333226568443,0.4802680565897245,4010.9051254089427
1.2,67,15234,78.0,54.0,54.0,220.0,774.4,93887.75629316106,0.1279431363838294,0.582089552238806,1650.0
8.08,530,103057,60.0,54.0,54.0,256.0,543.1,51795.718907084374,0.1810607623369777,0.5849056603773585,2049.50495049505
7.67,1007,266398,83.0,54.0,60.0,300.0,760.0,122199.34617952388,1.781178877915353,0.5124131082423039,3794.00260756193
1.09,93,19006,60.0,54.0,54.0,298.0,500.7999999999999,61739.58677303734,0.19474478249937138,0.5698924731182796,2587.1559633027523
6.22,914,212515,83.0,54.0,60.0,292.0,523.0,133020.85600721094,1.6770845143166673,0.5295404814004376,4186.495176848875
4.0,232,37376,60.0,54.0,54.0,256.0,400.0,20940.23929845422,0.23231124299373557,0.5474137931034483,1785.0
1.32,81,13337,60.0,54.0,54.0,184.0,364.0,32290.59655540314,0.20642243328810492,0.5308641975308642,1863.6363636363635
1.22,84,9265,60.0,54.0,54.0,112.0,220.0,11725.042375283447,0.3673258559622196,0.7261904761904762,2311.475409836066
9.84,1059,286962,87.0,54.0,54.0,364.0,688.0,145932.70284382885,1.8868835637109918,0.5136921624173749,2963.4146341463415
7.84,1065,181501,83.0,54.0,60.0,256.0,328.0,35697.16433159205,1.2821702502200427,0.504225352112676,3841.836734693878
9.42,1408,346902,112.0,54.0,60.0,328.0,544.0,81121.44422899987,2.0221366531053167,0.4602272727272727,3872.6114649681526
5.32,802,173307,112.0,54.0,60.0,300.0,416.0,90966.11718988068,2.222697435706715,0.48129675810473815,3913.533834586466
0.49,20,2715,60.0,54.0,58.5,220.0,302.80000000000007,12145.7875,1.3899647887323943,0.55,1346.9387755102043
9.95,1269,315848,89.0,54.0,60.0,328.0,580.0,126892.0260525435,1.6468892464467686,0.5074862096138691,3509.547738693467
1.99,125,19535,78.0,54.0,54.0,222.0,297.6,27602.1696,0.30826413072595765,0.568,1839.1959798994976
8.02,1289,298108,112.0,54.0,60.0,300.0,508.0,71043.02289167576,3.538586848956351,0.4367726920093095,4024.9376558603494
5.11,426,56434,60.0,54.0,54.0,148.0,400.0,17869.15543653155,0.43375422372399075,0.6713615023474179,2876.7123287671234
6.15,639,100992,83.0,54.0,54.0,220.0,298.0,29007.193414005153,1.083383187209902,0.5289514866979655,3053.6585365853657
4.37,276,51997,60.0,54.0,54.0,256.0,510.0,45671.5795394875,0.1848737580895087,0.5978260869565217,1963.3867276887872
7.14,504,94291,60.0,54.0,54.0,261.5,508.0,47447.07407013731,0.1937080643119382,0.5912698412698413,2159.6638655462184
0.82,60,13686,75.5,54.0,54.0,337.0,547.6,65352.12333333332,0.16427052318162483,0.5166666666666667,2195.1219512195125
7.64,475,80392,60.0,54.0,54.0,211.5,436.0,43181.4572232687,0.2051689503193116,0.6168421052631579,1994.7643979057593
4.15,499,97562,106.0,54.0,54.0,267.0,400.0,62531.039353255605,1.420893300248139,0.49899799599198397,3513.253012048193
3.83,220,37155,60.0,54.0,54.0,220.0,439.5999999999998,32007.018904958677,0.21987655131656708,0.5818181818181818,1770.2349869451696
0.48,38,7959,69.0,54.0,54.0,373.0,583.0,46707.773545706375,0.18614008941877794,0.5526315789473685,2375.0
7.64,493,105708,60.0,54.0,54.0,292.0,580.0,73564.12154750687,0.16142216753098357,0.5578093306288032,1986.910994764398
3.72,648,162098,91.0,54.0,60.0,297.0,509.0,130193.81354785858,1.7900788323178078,0.5015432098765432,4790.322580645161
3.61,205,36317,60.0,54.0,54.0,190.0,501.5999999999999,47378.14148721,0.249681704001927,0.6341463414634146,1861.4958448753462
8.6,1147,277390,112.0,54.0,60.0,298.0,510.0,94775.98124062695,1.7292226256186232,0.4803836094158675,3502.3255813953488
1.12,54,9518,60.0,54.0,54.0,209.5,526.0000000000005,44343.858710562425,0.20909552845528456,0.5370370370370371,1553.5714285714284
0.92,62,12342,95.0,54.0,54.0,220.0,468.4,61529.41519250781,0.17576450414404116,0.5,1956.5217391304348
1.89,368,80781,80.5,54.0,60.0,277.25,630.0,98621.1791632207,2.513439457202505,0.529891304347826,5682.539682539683
7.05,721,134096,91.0,54.0,54.0,292.0,364.0,51359.55875354194,1.2322174687463585,0.5034674063800277,2919.148936170213
0.17,14,2566,83.0,54.0,54.0,319.0,439.60000000000014,28722.632653061224,0.17276051188299818,0.5,2470.5882352941176
2.59,403,74033,112.0,54.0,60.0,267.0,436.0,44884.99717380195,1.9736905526992288,0.4913151364764268,4332.046332046332
2.39,135,13380,70.0,54.0,54.0,119.5,184.0,3456.8098765432096,0.47324377890332525,0.5851851851851851,1682.0083682008367
8.92,585,98163,60.0,54.0,54.0,230.0,436.0,33000.14974358975,0.23259960572081517,0.5931623931623932,1997.7578475336322
9.79,1221,303192,106.0,54.0,54.0,297.0,543.0,160021.0329512,1.9299574797062233,0.49795249795249796,3499.489274770174
8.95,676,178045,62.0,54.0,54.0,220.0,562.0,237153.71493251287,0.9893296089385475,0.5355029585798816,2272.625698324023
9.75,1043,176929,83.0,54.0,60.0,256.0,364.0,49228.40443296818,1.6888497135301894,0.5196548418024928,3040.0
7.38,601,96070,60.0,54.0,54.0,220.0,364.0,44712.29038679295,0.7239399214025517,0.5990016638935108,2512.1951219512193
8.05,824,171626,83.0,54.0,54.0,292.0,508.0,55579.37081133943,1.318518318383227,0.508495145631068,2891.925465838509
1.0,69,11750,78.0,54.0,54.0,292.0,407.2000000000001,24382.292795631172,0.22972265829408686,0.5362318840579711,2040.0
0.47,30,6549,60.0,54.0,54.0,391.0,587.2,45748.87666666666,0.1305023303987571,0.5333333333333333,2042.5531914893618
8.65,513,67011,60.0,54.0,54.0,148.0,292.0,17251.450565986117,0.29692852580851187,0.6179337231968811,1865.8959537572255
0.25,10,2630,119.0,54.0,54.0,247.0,835.6,91633.0,0.11440677966101695,0.5,1200.0
0.06,3,327,112.0,65.6,83.0,136.5,151.2,1912.6666666666667,1.9196428571428572,0.3333333333333333,1000.0
8.63,969,195014,78.0,54.0,54.0,298.0,508.0,58593.83596975806,1.0763841567291312,0.5294117647058824,3246.813441483198
2.34,277,52745,106.0,54.0,60.0,256.0,436.0,58465.93955349347,1.5777050141726126,0.49458483754512633,3461.5384615384614
3.42,764,176996,184.0,54.0,60.0,299.0,544.0,46445.35979002769,2.7903077285478726,0.4306282722513089,5456.140350877193
6.13,589,189402,106.0,54.0,54.0,299.0,1200.4000000000178,288001.4579515221,0.5957032730949071,0.49745331069609505,2740.6199021207176
3.72,251,43660,60.0,54.0,54.0,256.0,436.0,36598.5307534801,0.21761441280642552,0.5896414342629482,2080.6451612903224
4.91,729,180623,78.0,54.0,60.0,220.0,328.0,289220.169851404,2.8369198088157197,0.5253772290809328,4411.4052953156815
1.75,298,51871,112.0,54.0,60.0,220.0,446.0,24243.11338453223,2.3695595686631155,0.49328859060402686,4662.857142857143
8.14,488,72712,60.0,54.0,54.0,184.0,328.0,32649.45901639344,0.2551917001847089,0.5881147540983607,1864.8648648648646
7.55,452,84420,60.0,54.0,54.0,220.0,472.0,52084.32316547889,0.19617428267800213,0.5663716814159292,1867.5496688741723
1.84,120,21351,60.0,54.0,54.0,229.0,437.70000000000016,43871.96937500001,0.1894707520891365,0.5583333333333333,2021.7391304347825
5.32,495,98717,83.0,54.0,60.0,292.0,383.0,96574.04687684929,1.7963571469038582,0.5171717171717172,2661.654135338346
4.94,581,130137,112.0,54.0,54.0,328.0,541.0,78934.29073263796,2.0417212041884816,0.4939759036144578,3267.2064777327932
5.83,1041,272720,118.0,54.0,60.0,309.0,553.0,150906.67966864788,3.1494104222137693,0.46301633045148893,4569.468267581476
0.46,33,4342,78.0,54.0,54.0,112.0,251.8,24827.63820018366,0.7657584383895892,0.6363636363636364,2086.9565217391305
1.11,249,66008,256.0,54.0,60.0,436.0,544.0,45059.529620489986,3.4636191506626997,0.357429718875502,4486.486486486486
4.24,595,121890,103.0,54.0,60.0,262.0,496.80000000000064,57136.613205282105,2.5253796095444687,0.4991596638655462,4061.320754716981
9.56,1456,1107268,78.0,54.0,60.0,778.0,2974.0,1317640.5987124138,5.600585384464063,0.5240384615384616,4531.380753138074
6.19,917,300163,148.0,54.0,60.0,544.0,832.0,130297.84211471431,2.5442973703786795,0.44711014176663033,3760.9046849757674
6.83,1914,784607,148.0,54.0,60.0,455.0,1047.4,368432.59757476393,3.9921548915809835,0.42528735632183906,6667.642752562226
8.87,1928,606393,184.0,54.0,60.0,400.0,680.2999999999995,200468.36270224987,2.987460134801907,0.4299792531120332,5303.2694475761
9.65,1365,351195,112.0,54.0,60.0,328.0,625.8000000000004,80491.63265306123,1.4806461638436437,0.473992673992674,3736.7875647668393
8.74,591,138636,60.0,54.0,54.0,328.0,688.0,84378.46715967947,0.14405017329592343,0.5871404399323181,2066.3615560640733
4.52,303,77424,60.0,54.0,54.0,364.0,760.0,101100.36819919615,0.13583217193574415,0.570957095709571,2044.2477876106198
5.5,407,97838,60.0,54.0,54.0,297.5,652.0,96054.73381668466,0.15042624492915516,0.5675675675675675,2334.5454545454545
2.13,627,223433,256.0,54.0,60.0,480.0,938.8,166753.1468958026,3.2443059856011245,0.42105263157894735,7098.591549295776
9.28,655,151125,60.0,54.0,54.0,292.0,668.8000000000006,83238.37944175748,0.16000153515505067,0.5709923664122137,2172.4137931034484
3.3,309,90397,66.0,54.0,54.0,400.0,940.0,146148.2348530074,0.10896154082070784,0.5566343042071198,2818.181818181818
2.2,536,213516,112.0,54.0,60.0,463.0,1167.0,321267.455335264,2.778642975967154,0.48880597014925375,6627.272727272727
4.86,1233,335742,112.0,54.0,60.0,400.0,605.0,113847.10734603749,3.00948206885845,0.42416869424168696,6086.419753086419
0.51,82,12701,60.0,54.0,60.0,148.0,391.0000000000005,32819.90258774538,1.0658750813272608,0.6585365853658537,6000.0
4.52,346,71219,61.0,54.0,54.0,285.75,613.5,56675.07979718668,0.2844749846697688,0.569364161849711,2362.83185840708
2.48,139,29412,62.0,54.0,54.0,279.5,602.4000000000002,74068.8736607836,0.17072005731799547,0.5827338129496403,1693.5483870967741
9.2,1978,714753,256.0,54.0,60.0,508.0,870.0,201953.30576406192,2.7514328602620086,0.423154701718908,5191.304347826087
3.57,544,111499,112.0,54.0,60.0,298.0,400.0,55084.838583342345,2.1570020952488815,0.46691176470588236,3915.966386554622
6.56,787,177974,112.0,54.0,54.0,309.0,508.0,65952.38381320343,1.5258511800854373,0.46378653113087676,3155.4878048780492
8.58,1999,651931,148.0,54.0,60.0,436.0,755.0,163658.10903400675,3.6389226882982886,0.4147073536768384,5489.51048951049
4.19,701,157110,112.0,54.0,60.0,298.0,572.0,61998.09621877041,2.0078110043266837,0.4978601997146933,4610.978520286395
4.36,1089,314139,112.0,54.0,60.0,414.0,657.0,104456.00271687574,3.2191793700893157,0.41597796143250687,5917.431192660551
5.34,1461,531577,112.0,54.0,60.0,508.0,861.0,249592.8471802339,4.908446242594671,0.44969199178644764,7157.303370786517
7.52,677,132880,78.0,54.0,54.0,266.0,513.9999999999997,55740.977537969455,0.6284313725490196,0.5332348596750369,2664.893617021277
1.45,134,23325,60.0,54.0,54.0,184.0,533.8000000000001,44525.76414568947,0.20717317047924647,0.6567164179104478,2979.310344827586
4.26,240,54936,60.0,54.0,54.0,292.0,619.5999999999998,76441.24833333334,0.15713202460190412,0.5458333333333333,1746.4788732394368
9.69,1369,297599,83.0,54.0,60.0,297.0,473.0000000000002,101490.28626676151,1.7986664911224797,0.5091307523739956,3907.1207430340555
8.17,1237,327473,123.0,54.0,60.0,400.0,616.0,79727.23111891562,2.0513128715454427,0.459983831851253,3973.0722154222767
3.04,749,180585,112.0,54.0,60.0,375.0,589.0,61115.05245445194,2.8272507629704986,0.48998664886515353,6750.0
8.43,780,205214,83.0,54.0,54.0,328.0,616.0,132931.00894806048,0.9526895226133044,0.5089743589743589,2562.2775800711747
6.6,736,163202,83.0,54.0,60.0,309.0,556.0,72824.94422702031,1.5100276837896032,0.5163043478260869,3236.3636363636365
6.93,884,192296,103.0,54.0,54.0,300.0,598.0,53964.869044450366,1.2577107768893898,0.498868778280543,3584.415584415585
0.06,8,2140,101.0,54.0,54.0,418.0,655.5999999999999,77779.75,0.11226611226611227,0.5,4000.0
6.05,402,103678,60.0,54.0,54.0,364.0,688.0,108054.56320388112,0.1370445921344125,0.554726368159204,2042.9752066115702
7.02,504,112831,60.0,54.0,54.0,292.0,590.0,83256.90201798311,0.15845294564570114,0.5714285714285714,2205.128205128205
6.74,460,123012,60.0,54.0,54.0,300.0,760.0,139202.02143667295,0.12996031746031747,0.591304347826087,2163.2047477744804
5.39,775,181435,91.0,54.0,60.0,328.0,508.0,146484.41248699272,1.9590155913627765,0.5006451612903225,4107.606679035251
6.14,1045,241889,112.0,54.0,60.0,300.0,426.0,122077.97748586342,2.8035851875147415,0.4535885167464115,4426.71009771987
3.46,222,43732,60.0,54.0,54.0,292.0,580.0,45116.21613505395,0.18730486248744332,0.5540540540540541,1976.878612716763
6.14,1095,275682,148.0,54.0,60.0,364.0,542.0,69179.0275899168,2.3872977256810057,0.4474885844748858,4543.973941368078
4.2,1227,315356,112.0,54.0,60.0,364.0,652.0,93720.50918049405,1.9733735621346409,0.4588427057864711,7642.857142857142
7.18,1236,598535,184.0,54.0,60.0,541.0,1155.0,561291.4779504561,5.0085429758869235,0.4377022653721683,4052.9247910863514
9.25,1572,480028,148.0,54.0,60.0,445.0,726.8000000000002,144034.8121936691,2.645108625494529,0.45038167938931295,4307.027027027027
0.8,568,274039,297.0,60.0,60.0,652.0,1429.0,253420.38243590065,6.660926448799307,0.397887323943662,16650.0
4.89,348,91096,60.0,54.0,54.0,317.5,806.8000000000004,123489.613819527,0.25573445081605645,0.5660919540229885,2245.3987730061353
3.54,240,48319,61.0,54.0,54.0,256.0,544.0,68769.7124826389,0.1772774894622713,0.5791666666666667,2118.64406779661
7.16,1282,327804,148.0,54.0,60.0,309.0,540.9000000000001,119518.70091340313,2.301912829759159,0.4414976599063963,4483.2402234636875
0.43,353,143232,184.0,54.0,60.0,436.0,832.0,415818.0709579565,7.0399663205164185,0.42492917847025496,20372.093023255813
3.07,213,32456,60.0,54.0,54.0,148.0,436.0,32029.38006127532,0.24941294221811602,0.6854460093896714,2208.4690553745927
9.78,714,158357,60.0,54.0,54.0,292.0,593.5000000000002,79395.50289331419,0.16633645864789023,0.5784313725490197,2294.478527607362
7.47,1241,349728,112.0,54.0,60.0,328.0,638.0,177561.73237511533,2.505974817547518,0.46253021756647866,4321.285140562249
7.03,436,93726,66.0,54.0,54.0,267.25,580.0,85823.98062031815,0.2125751989132544,0.5756880733944955,1894.7368421052631
9.53,1195,218426,78.0,54.0,60.0,220.0,371.20000000000164,75009.77980357486,1.4837788972151784,0.5347280334728034,3727.1773347324242
1.97,296,54716,83.0,54.0,60.0,297.0,400.0,24921.36303871439,2.0716892157413125,0.5202702702702703,4416.243654822335
2.54,469,108591,112.0,54.0,60.0,364.0,580.0,46828.70063329408,2.3661190328580286,0.47121535181236673,5055.118110236221
8.69,516,113047,60.0,54.0,54.0,256.0,585.0,93833.11514857881,0.16130258359443217,0.5988372093023255,1884.9252013808978
4.41,716,276762,112.0,54.0,60.0,446.0,760.0,407267.3322695921,4.439184010376747,0.4748603351955307,4353.74149659864
2.27,168,30116,60.0,54.0,54.0,256.0,482.8000000000004,39813.4552154195,0.18969740064786283,0.6071428571428571,2299.5594713656387
8.34,1031,177205,60.0,54.0,60.0,256.0,446.0,41348.37182925808,0.9876950342677031,0.5383123181377304,3762.5899280575545
6.68,954,263046,112.0,54.0,60.0,400.0,724.0,120270.22036311855,2.0225444684469367,0.4916142557651992,3997.0059880239523
9.17,728,137434,60.0,54.0,54.0,256.0,436.0,68141.53806152639,0.652724998797441,0.5645604395604396,2492.911668484188
2.81,221,46674,60.0,54.0,54.0,292.0,590.0,68641.40558137631,0.16989171846801684,0.6018099547511312,2391.4590747330963
0.27,32,7657,78.0,54.0,54.0,276.0,678.2000000000002,101442.5771484375,0.10554432572913659,0.65625,3111.111111111111
9.03,937,218779,83.0,54.0,54.0,309.0,590.0,82188.76428211019,0.8417911201656761,0.5229455709711847,3003.322259136213
0.86,60,9658,60.0,54.0,54.0,209.5,403.6,31856.998888888884,0.2437862202189311,0.6333333333333333,2372.093023255814
6.19,457,92513,60.0,54.0,54.0,292.0,545.6000000000001,62707.78193814669,0.21115678676162547,0.5842450765864332,2268.1744749596123
0.3,26,4412,69.0,54.0,54.0,182.75,389.5,44457.597633136094,0.2197954105612386,0.6538461538461539,2600.0
8.35,965,354682,112.0,54.0,54.0,446.0,796.0,357825.4230030336,2.1623988016691036,0.47979274611398964,3154.491017964072
2.5,117,31680,60.0,54.0,54.0,436.0,796.0,106093.03221564763,0.11196911196911197,0.5641025641025641,1464.0
7.79,1094,266349,112.0,54.0,60.0,297.0,577.0,113607.19016222775,2.6337330659354152,0.47989031078610606,3743.260590500642
0.16,17,2592,60.0,54.0,54.0,292.0,309.40000000000003,15298.484429065744,0.17073170731707318,0.5294117647058824,3375.0
5.72,562,105005,60.0,54.0,54.0,256.0,472.0,68656.2008998113,0.8298016937929111,0.5889679715302492,3020.9790209790212
6.21,1162,252387,146.0,54.0,60.0,297.0,436.0,64303.89008579189,2.6595858828988197,0.45266781411359724,4850.24154589372
6.62,731,124331,60.0,54.0,54.0,256.0,436.0,31455.45268086556,1.0873864647516076,0.5499316005471956,3398.7915407854985
6.87,404,77957,60.0,54.0,54.0,256.0,508.0,57395.0605026468,0.20542120237506184,0.6014851485148515,1834.061135371179
7.04,814,160848,60.0,54.0,54.0,256.0,429.70000000000095,79873.49513127153,1.4825670231976664,0.5454545454545454,3511.3636363636365
7.19,854,176975,112.0,54.0,54.0,295.75,509.0,38529.11891827411,1.5845953879631387,0.48009367681498827,3254.52016689847
7.01,452,109494,60.0,54.0,54.0,328.0,652.0,92459.61776568253,0.17389626262409674,0.5619469026548672,1977.1754636233952
6.97,1363,448361,148.0,54.0,60.0,453.0,901.0,167379.45620257416,2.68169911562559,0.46661775495231106,5096.126255380201
3.88,778,380738,148.0,54.0,60.0,472.0,1506.0,641836.4130887319,4.52827750431967,0.4652956298200514,5365.9793814433
0.26,18,2099,60.0,54.0,54.0,106.75,302.8,13593.904320987655,0.2591481703659268,0.7222222222222222,2538.4615384615386
2.32,662,167071,112.0,60.0,60.0,292.0,447.0,178523.07982083037,4.272707189294957,0.4501510574018127,7396.551724137932
7.93,686,168352,83.0,54.0,54.0,292.0,580.0,124046.8047752212,1.4253320655775492,0.5364431486880467,2534.678436317781
1.91,70,9435,60.0,54.0,54.0,148.0,297.0,16794.968367346934,0.39241440377804016,0.5714285714285714,1130.890052356021
3.83,231,40053,78.0,54.0,54.0,256.0,472.0,32400.835216731324,0.2021069059695669,0.5584415584415584,1770.2349869451696
7.5,1111,296027,112.0,54.0,60.0,297.0,580.0,185221.7831471716,2.3639431818181817,0.48244824482448245,4040.0
3.09,574,122240,112.0,54.0,60.0,266.0,425.20000000000164,106442.71630103559,1.9180492229834571,0.48257839721254353,4990.291262135923
6.38,437,88350,60.0,54.0,54.0,292.0,580.0,54520.29469704507,0.18323779932501205,0.5720823798627003,2125.3918495297803
1.31,84,15311,60.0,54.0,54.0,258.75,463.9000000000001,49258.960742630385,0.21902866242038216,0.5833333333333334,2061.0687022900765
2.75,182,39630,60.0,54.0,54.0,292.0,580.0,79680.2767781669,0.15170008718395817,0.5824175824175825,2050.909090909091
1.78,486,123633,112.0,54.0,60.0,364.0,594.0,81268.33230452675,3.3689660046646406,0.4609053497942387,7179.775280898876
5.81,815,165264,83.0,54.0,60.0,269.0,472.0,61301.00711957546,2.194001004986278,0.5141104294478528,4099.827882960413
3.49,227,37267,60.0,54.0,54.0,220.0,419.20000000000016,34238.63568087873,0.23864127363977797,0.5770925110132159,2028.6532951289396
2.63,179,35996,60.0,54.0,54.0,292.0,580.0,51299.20327080928,0.15331133254301368,0.5921787709497207,2053.2319391634983
1.23,65,11461,78.0,54.0,54.0,292.0,436.0,27688.557159763317,0.215634280865507,0.5538461538461539,1560.9756097560976
6.78,918,377757,112.0,54.0,60.0,436.0,1041.0,453984.9667755991,4.505618468803288,0.48366013071895425,3619.4690265486724
8.45,678,127097,61.0,54.0,54.0,276.5,476.500000000001,49222.038854952516,0.5484715944395034,0.5752212389380531,2421.301775147929
8.83,725,124200,78.0,54.0,54.0,228.0,385.6000000000008,39923.97678953627,0.8553928891544667,0.5337931034482759,2432.616081540204
3.52,200,38292,60.0,54.0,54.0,292.0,476.2999999999997,47917.8784,0.18959893131193886,0.58,1772.7272727272727
9.16,1216,254117,83.0,54.0,60.0,297.0,508.0,59986.24375040577,1.1727386988380344,0.5164473684210527,3779.475982532751
3.36,216,51591,60.0,54.0,54.0,292.0,760.0,99895.65721450618,0.14091421747495522,0.6111111111111112,2053.5714285714284
3.81,324,88875,60.0,54.0,54.0,364.0,691.5,162239.67515432098,0.7680585672508803,0.5462962962962963,2661.417322834646
3.95,394,87526,78.0,54.0,55.5,286.5,586.9999999999999,94476.57731454044,1.4268958824344933,0.5406091370558376,2962.0253164556957
7.85,788,168207,83.0,54.0,54.0,292.0,472.0,76282.1215488031,0.9181786044177852,0.5050761421319797,2889.171974522293
1.85,146,27658,61.0,54.0,54.0,292.0,544.0,42451.91743291424,0.30783052770947605,0.5616438356164384,2400.0
4.89,341,66065,60.0,54.0,54.0,256.0,544.0,50014.726601938404,0.1860222968242285,0.6099706744868035,2184.0490797546017
2.72,231,49148,60.0,54.0,54.0,292.0,544.0,81343.73984745413,0.16727229545184658,0.6190476190476191,2669.1176470588234
6.33,406,92665,60.0,54.0,54.0,297.0,652.0,88010.72370719988,0.1758920866961068,0.6009852216748769,2056.872037914692
1.85,107,23730,87.0,54.0,54.0,266.5,600.4000000000001,65975.20202637785,0.25795165394402036,0.5514018691588785,1589.1891891891892
5.67,860,182959,83.0,54.0,60.0,292.0,511.1,79683.99559085992,1.7609784806688196,0.5151162790697674,4391.534391534392
2.32,137,27588,60.0,54.0,54.0,310.0,521.6000000000001,46812.116894879844,0.18755111704188368,0.5474452554744526,1784.48275862069
6.73,382,73216,60.0,54.0,54.0,256.0,508.0,50743.90342918231,0.18233346790472346,0.5732984293193717,1738.4843982169389
0.36,27,6157,60.0,54.0,54.0,310.0,659.2000000000003,76170.48010973936,0.16897664704765522,0.6296296296296297,2333.3333333333335
7.82,543,109272,78.0,54.0,54.0,220.0,561.6000000000003,71180.15534731337,0.19984188334504568,0.6114180478821363,2063.938618925831
2.29,149,23080,60.0,54.0,54.0,184.0,364.0,37170.291878744196,0.2178134233853947,0.5771812080536913,2017.4672489082968
7.71,517,92955,60.0,54.0,54.0,256.0,472.0,42455.89879119604,0.19909443892622644,0.5802707930367504,2054.474708171206
2.79,192,35268,60.0,54.0,54.0,256.0,504.4000000000002,48522.87109375,0.19902087441354457,0.5833333333333334,2107.52688172043
4.35,549,162071,112.0,54.0,54.0,436.0,754.3999999999999,124758.93167574095,1.2271371837682594,0.4936247723132969,3448.2758620689656
4.05,354,68259,78.0,54.0,54.0,297.0,489.39999999999986,37989.9316049028,0.885503563339042,0.5282485875706214,2607.407407407408
3.41,204,46644,60.0,54.0,54.0,328.0,659.7000000000002,72607.54209919262,0.14298316547820333,0.553921568627451,1847.507331378299
5.5,816,184898,83.0,54.0,60.0,297.0,540.5,114538.47461913689,1.5916041768869578,0.5073529411764706,4200.0
4.48,560,104536,112.0,54.0,60.0,266.0,328.0,57258.238469387754,2.45790744599914,0.48928571428571427,3267.8571428571427
0.01,1,54,54.0,54.0,54.0,54.0,54.0,0.0,54,1.0,6000.0
1.43,262,46867,78.0,54.0,60.0,184.0,297.9,104933.51653458425,1.9546715420501828,0.549618320610687,5370.629370629371
4.8,312,54860,60.0,54.0,54.0,265.0,436.0,33870.43376068376,0.19015077557218787,0.5705128205128205,2037.5
5.55,314,52766,60.0,54.0,54.0,220.0,461.1999999999996,34782.2400503063,0.2099241017174566,0.5828025477707006,1751.3513513513515
8.45,1079,271779,87.0,54.0,54.0,346.0,544.8000000000002,122240.04409396337,1.495102134496213,0.5088044485634847,3422.485207100592
2.44,173,38986,60.0,54.0,54.0,364.0,644.8000000000004,73621.86989207791,0.1370158656089594,0.5780346820809249,2163.9344262295085
1.34,80,14678,60.0,54.0,54.0,256.0,400.0,53251.124375,0.1824699911383227,0.5625,1880.597014925373
9.66,1120,214742,78.0,54.0,54.0,237.0,436.0,85232.64170599489,0.9401008257593553,0.5223214285714286,3360.2484472049687
7.78,852,313680,83.0,54.0,54.0,447.0,865.7999999999995,362644.0535938636,1.8362945883629458,0.5070422535211268,3131.1053984575833
7.35,1246,308840,112.0,54.0,60.0,298.0,543.0,105949.48743845473,3.01800582847627,0.4550561797752809,4342.857142857143
8.64,1298,261740,83.0,54.0,60.0,298.0,449.0,44486.91356145877,1.808760878663333,0.5077041602465331,4256.944444444444
3.78,461,79741,83.0,54.0,60.0,297.0,328.0,24175.52209899257,1.6491146473539084,0.5032537960954447,3460.3174603174602
7.2,730,144429,80.5,54.0,54.0,292.0,472.0,53426.51797522987,1.0376551918735892,0.5273972602739726,2983.333333333333
2.77,337,72685,78.0,54.0,60.0,364.0,508.0,45716.53717123511,1.5242229553741968,0.5074183976261127,3552.346570397112
4.4,264,43102,70.0,54.0,54.0,226.25,436.0,25193.225149219466,0.2566180758017493,0.5643939393939394,1800.0
7.0,831,241424,103.0,54.0,60.0,364.0,760.0,142048.4637041478,1.9654596373998918,0.4981949458483754,3240.0
8.65,853,163311,83.0,54.0,54.0,268.0,455.4000000000009,41600.126040222145,0.9617172578649593,0.52989449003517,2843.9306358381505
6.43,680,126425,78.0,54.0,54.0,292.0,436.0,38159.93904628028,1.2280281268174047,0.5397058823529411,3097.9782270606534
0.82,70,10925,69.0,54.0,54.0,241.75,364.0,35057.5806122449,0.2472885032537961,0.6142857142857143,2560.9756097560976
8.23,576,115079,60.0,54.0,54.0,256.0,508.0,89232.78746805072,0.3135822479938818,0.5746527777777778,2165.249088699878
3.55,455,91618,62.0,54.0,54.0,256.0,400.0,108191.65847602946,1.4233078530430872,0.5494505494505495,3870.4225352112676
2.74,206,39660,60.0,54.0,54.0,184.0,562.5,74614.5600904892,0.17504147902346529,0.6844660194174758,2540.1459854014597
2.1,491,258507,148.0,54.0,60.0,598.0,1115.0,655750.1440096897,9.830693815987933,0.4256619144602851,5885.714285714285
0.05,4,453,124.0,71.4,97.5,139.75,146.5,1363.6875,3.044642857142857,0.25,1200.0
5.35,599,110584,83.0,54.0,54.0,256.0,364.0,51190.95812441994,1.1701008673809805,0.5342237061769616,3151.401869158879
0.24,24,4475,60.0,54.0,54.0,272.5,546.6999999999997,50554.74826388888,0.2153720803910918,0.625,3250.0
3.36,659,199625,269.0,54.0,60.0,506.0,688.0,96995.25022278204,2.7775570063392943,0.41122913505311076,4714.285714285714
4.67,607,122539,112.0,54.0,60.0,299.5,436.0,43060.44766575564,2.2607503991484834,0.4925864909390445,3507.494646680942
1.66,78,11147,60.0,54.0,54.0,220.0,266.7999999999999,22717.466305062466,0.5255234706445874,0.5512820512820513,1481.9277108433735
0.55,37,4885,60.0,54.0,54.0,220.0,270.4,9297.756026296567,0.33982446516730663,0.5405405405405406,2072.7272727272725
3.92,937,308697,184.0,54.0,60.0,472.0,931.4,136868.03643181024,4.827330388492468,0.4044823906083244,5479.591836734695
4.49,432,49946,82.5,54.0,54.0,112.0,224.50000000000017,15582.972715192043,0.715237473814348,0.5972222222222222,2846.325167037862
4.86,375,80571,112.0,54.0,54.0,292.0,472.0,75739.74459733337,0.735097768972349,0.488,2098.7654320987654
1.73,376,64046,60.0,54.0,60.0,184.0,297.0,76937.57387392486,2.00826679192109,0.5771276595744681,7213.872832369942
1.32,105,12801,60.0,54.0,54.0,112.0,284.60000000000025,17035.12598639456,0.5681734656376333,0.6952380952380952,2681.8181818181815
7.16,488,91085,60.0,54.0,54.0,256.0,508.0,44289.08418015991,0.19940217534434174,0.5901639344262295,2120.1117318435754
6.54,634,123129,112.0,54.0,54.0,278.0,400.0,66409.1815447462,1.2740183947105972,0.4952681388012618,2752.293577981651
4.13,571,145824,106.0,54.0,60.0,364.0,675.0,89992.38354685454,2.2568174204355107,0.4991243432574431,3806.2953995157386
7.41,778,145903,78.0,54.0,54.0,292.0,436.0,58609.67029857059,1.0269372898780251,0.5449871465295629,3117.408906882591
1.71,126,18314,60.0,54.0,54.0,184.0,364.0,19528.14789619551,0.24297543097597393,0.5714285714285714,2315.7894736842104
9.9,1623,416708,112.0,54.0,60.0,301.0,688.0,102315.51628640815,2.2160343284042847,0.47196549599507087,4412.121212121212
9.43,686,107576,60.0,54.0,54.0,220.0,364.0,27692.8758850479,0.6585110155250297,0.5510204081632653,2226.9353128313896
7.19,482,114448,60.0,54.0,54.0,328.0,652.0,88447.72818994164,0.1441596353021154,0.5871369294605809,2086.230876216968
8.93,727,291619,83.0,54.0,54.0,544.0,1514.0,280537.1284149025,0.07372347162697536,0.53232462173315,2311.310190369541
5.67,682,263457,83.0,54.0,60.0,436.75,1008.3999999999992,418586.9697650518,2.690597596167316,0.5087976539589443,3333.3333333333335
4.46,366,146974,83.0,54.0,54.0,328.0,712.5,558459.0868643434,2.5176391747642524,0.505464480874317,2367.7130044843047
1.22,85,24073,83.0,54.0,54.0,400.0,724.0,133909.53162629757,0.38589522164651696,0.5176470588235295,1967.2131147540986
1.12,72,17089,60.0,54.0,54.0,349.0,645.8,82710.97665895063,0.228099173553719,0.5972222222222222,2035.7142857142856
3.88,246,54968,60.0,54.0,54.0,292.0,603.0,87450.70249190296,0.14022568868237636,0.5934959349593496,1979.381443298969
1.03,70,14869,69.0,54.0,54.0,292.0,616.0,64128.64265306122,0.15595117779678147,0.5714285714285714,2038.8349514563106
9.48,616,124392,60.0,54.0,54.0,256.0,580.0,61954.21980941136,0.18252338580880675,0.5827922077922078,2000.0
0.34,34,5068,83.0,54.0,54.0,83.0,289.59999999999997,52940.17301038062,0.3340352724401158,0.7647058823529411,2647.0588235294117
1.93,435,129938,148.0,54.0,60.0,412.0,648.8000000000002,154673.5216594002,4.95444963798002,0.4689655172413793,6031.088082901555
5.73,502,81915,83.0,54.0,55.5,184.0,300.0,62201.70761178394,1.1602056962025316,0.5179282868525896,2502.6178010471203
9.05,882,207034,67.0,54.0,54.0,300.0,616.0,96431.8807852695,0.5860542080990393,0.5430839002267573,2923.7569060773476
3.25,1051,426475,148.0,54.0,60.0,436.0,724.0,459642.19241517986,5.807262569832402,0.445290199809705,8086.153846153846
0.78,64,13575,60.0,54.0,54.0,292.0,465.70000000000005,57053.159912109375,0.16894859209506588,0.5625,2538.461538461538
7.85,844,223672,91.0,54.0,54.0,389.5,714.0,109853.2580916871,1.5590298037869688,0.5023696682464455,2996.1783439490446
2.11,173,26876,60.0,54.0,54.0,163.0,400.0,35891.465267800464,0.2454701329996756,0.6358381502890174,2530.8056872037914
8.75,539,109358,60.0,54.0,54.0,292.0,580.0,57357.25146891275,0.17083145971178348,0.588126159554731,1926.8571428571427
0.31,14,3265,90.5,54.0,54.0,256.0,353.20000000000005,105624.31122448982,0.15780141843971632,0.5,1354.8387096774193
0.46,38,6064,69.0,54.0,54.0,247.0,439.00000000000006,28206.664819944603,0.25392886683209265,0.631578947368421,2478.260869565217
9.22,1875,517686,148.0,54.0,60.0,328.0,689.0,123425.42909269332,3.019706958000419,0.4512,5238.611713665943
0.9,69,11178,60.0,54.0,54.0,256.0,368.6000000000001,22524.985507246376,0.3018867924528302,0.5507246376811594,2333.333333333333
7.4,716,167346,78.0,54.0,54.0,292.0,590.0,92667.33414219282,0.7921351924436163,0.5377094972067039,2837.837837837838
3.3,560,101872,112.0,54.0,60.0,292.0,414.0,26736.471224489796,1.7856713152857533,0.4732142857142857,4490.909090909091
9.56,1100,260149,83.0,54.0,60.0,298.0,544.0,109608.12999917356,1.7538611366932368,0.5209090909090909,3307.5313807531375
3.55,420,61186,60.0,54.0,60.0,184.0,292.0,41373.16011337868,1.2978068198888388,0.5666666666666667,3853.521126760563
5.62,364,54036,60.0,54.0,54.0,185.75,328.0,21499.53876343437,0.29887986154511803,0.5741758241758241,1975.0889679715303
1.98,142,41773,60.0,54.0,54.0,320.5,714.7000000000005,309894.0042154335,0.8610442840595206,0.5845070422535211,2242.4242424242425
6.88,792,182369,83.0,54.0,54.0,328.0,570.4999999999999,86372.65637275533,0.8372859157767479,0.5429292929292929,3235.4651162790697
3.93,582,153532,112.0,54.0,60.0,400.0,688.0,100541.21113354825,2.3323638573568033,0.49140893470790376,4167.93893129771
2.27,122,15941,78.0,54.0,54.0,179.25,292.0,12812.288699274386,0.3494455261152967,0.6147540983606558,1585.9030837004404
3.69,246,49805,69.0,54.0,54.0,274.5,436.0,70856.31338819483,0.18203393853091254,0.5447154471544715,2000.0
4.75,282,65297,60.0,54.0,54.0,297.75,688.0,86478.0347693778,0.15625166008535052,0.5815602836879432,1844.2105263157896
8.74,855,216866,83.0,54.0,54.0,309.0,616.0,101779.41743989605,1.0429953556725797,0.5111111111111111,2787.1853546910756
9.7,657,105059,60.0,54.0,54.0,220.0,408.3999999999995,27587.161851411678,0.25506522674057436,0.5966514459665144,2096.9072164948457
2.45,142,24393,60.0,54.0,54.0,220.0,436.0,34488.07205911525,0.21654780310208968,0.5774647887323944,1763.2653061224487
3.59,222,50366,60.0,54.0,54.0,292.0,649.9000000000001,81145.59670481291,0.1488594890510949,0.5675675675675675,1938.7186629526464
3.82,471,112090,78.0,54.0,60.0,269.0,724.0,112977.22264144137,1.8185978676322672,0.5286624203821656,3643.979057591623
6.19,326,53392,60.0,54.0,54.0,220.0,425.5,29457.32545447702,0.23110977887431114,0.5674846625766872,1609.0468497576735
3.68,278,45135,60.0,54.0,54.0,220.0,400.0,34826.55303814503,0.21294778425734326,0.6366906474820144,2429.3478260869565
2.84,203,35016,62.0,54.0,54.0,220.0,400.0,45123.3041325924,0.2146945571859715,0.5862068965517241,2176.056338028169
9.99,1054,254941,112.0,54.0,54.0,364.0,541.0,79550.233109434,1.7787999346013408,0.4876660341555977,2828.8288288288286
5.36,352,64882,60.0,54.0,54.0,256.0,508.0,47250.12238507231,0.20087360491587852,0.5738636363636364,2026.1194029850747
3.46,194,38403,60.0,54.0,54.0,292.0,533.2000000000006,53822.95145605271,0.18301398558314336,0.5721649484536082,1786.1271676300578
3.19,1454,1130113,157.0,54.0,60.0,1123.75,2974.0,1247982.7870187822,5.943773348407393,0.4676753782668501,12319.749216300941
1.57,291,58750,86.0,54.0,60.0,112.0,445.0,187665.1837838476,2.60142217863054,0.5051546391752577,5350.3184713375795
1.92,133,18534,60.0,54.0,54.0,161.0,300.4,18718.66459381537,0.2706705059646236,0.6015037593984962,2156.25
1.31,68,11858,60.0,54.0,54.0,229.0,472.0,31736.794982698964,0.17394317394317393,0.6029411764705882,1648.854961832061
9.74,1414,359400,91.0,54.0,54.0,309.0,641.2000000000016,92427.13712541187,1.2922818856155165,0.5021216407355021,4059.5482546201233
3.28,228,50286,60.0,54.0,54.0,220.0,487.70000000000033,177571.84372114495,0.6837769964841788,0.5614035087719298,2231.707317073171
2.82,509,183435,83.0,54.0,60.0,364.0,832.0,373063.00254360604,3.224568757053039,0.5166994106090373,5191.489361702128
8.59,1060,303521,112.0,54.0,60.0,421.0,715.9000000000002,109826.41514684941,2.0955421158376764,0.47547169811320755,3247.9627473806754
5.92,1033,248753,118.0,54.0,60.0,300.0,482.80000000000007,100079.03705501606,2.5491018562113883,0.4530493707647628,4520.27027027027
8.05,1096,248309,83.0,54.0,60.0,297.0,472.0,92222.73918346077,1.9102235036273925,0.5072992700729927,3801.2422360248443
5.81,1119,269097,133.0,54.0,60.0,328.0,511.0,52629.01813904122,1.6348477430725545,0.4718498659517426,5018.932874354561
1.48,76,19282,60.0,54.0,54.0,373.0,688.0,106627.52146814403,0.11540463932434777,0.5789473684210527,1662.162162162162
1.78,136,36350,78.0,54.0,54.0,307.75,796.0,128564.03957612456,0.1365057528764382,0.5514705882352942,2258.4269662921347
4.29,761,247411,184.0,54.0,60.0,479.0,855.0,129264.12914744932,2.4561849549486623,0.44152431011826543,4461.538461538462
9.68,725,176247,66.0,54.0,54.0,328.0,657.4000000000002,97553.31427538644,0.1438742463281823,0.5751724137931035,2293.3884297520663
1.03,75,17144,60.0,54.0,54.0,292.0,586.0000000000001,96409.36248888892,0.1331130204890945,0.6,2388.349514563107
6.45,630,143332,60.0,54.0,54.0,266.75,616.0,98447.91654320988,0.6851486079759217,0.553968253968254,2948.837209302326
6.4,1143,303133,119.0,54.0,60.0,328.0,661.0,95601.013510669,2.2245790207112237,0.46281714785651795,4650.0
1.16,83,15081,78.0,54.0,54.0,184.0,472.0,56762.017709391774,0.22044185481913087,0.5903614457831325,2120.689655172414
7.8,857,227019,91.0,54.0,54.0,400.0,725.0,103304.35865798715,0.931484821671658,0.5110851808634772,3107.6923076923076
6.25,804,210149,78.0,54.0,54.0,322.0,724.0,114095.77275779063,1.0375713856327022,0.5460199004975125,3724.7999999999997
4.66,310,67848,60.0,54.0,54.0,286.5,599.8000000000013,81028.1945473465,0.15637516404479063,0.5709677419354838,2060.085836909871
4.6,343,82623,60.0,54.0,54.0,328.0,647.8000000000002,97682.44121072002,0.14787646396865753,0.6005830903790087,2321.739130434783
7.04,934,283624,85.5,54.0,54.0,421.0,818.0000000000009,165018.0361641348,0.8043272197517669,0.5160599571734475,3690.340909090909
2.13,196,51010,60.0,54.0,54.0,361.0,822.0,105597.05737192834,0.9717057709404352,0.5255102040816326,2788.7323943661972
4.23,345,100154,78.0,54.0,54.0,374.0,868.0,148520.73811384165,0.17872610865266925,0.5449275362318841,2425.531914893617
3.27,249,70883,60.0,54.0,54.0,328.0,947.2000000000006,169423.87548587922,0.14545425164021847,0.570281124497992,2348.623853211009
2.06,462,184351,97.5,54.0,60.0,445.0,1116.4000000000012,407621.2827580068,3.3154334137035044,0.5,6262.135922330097
8.36,831,214334,78.0,54.0,54.0,292.0,652.0,138121.40441756774,0.7668433504521511,0.54632972322503,2956.937799043062
6.48,863,265862,112.0,54.0,54.0,476.5,796.0,136757.4879512977,1.3530109392147838,0.4843568945538818,3592.592592592592
3.28,248,68144,63.0,54.0,54.0,436.0,760.0,109385.26352757544,0.12082634297180829,0.5483870967741935,2304.878048780488
6.96,963,217889,83.0,54.0,60.0,267.0,510.4000000000002,108110.49177404032,1.7171592467888763,0.5067497403946002,3982.758620689655
0.37,28,5802,86.0,54.0,54.0,364.0,482.5,35991.168367346945,0.1889344262295082,0.5,2270.2702702702704
3.03,204,47337,60.0,54.0,54.0,328.0,641.2000000000006,79597.73824971165,0.1579500978473581,0.553921568627451,2118.811881188119
6.99,517,127181,60.0,54.0,54.0,292.0,760.0,116642.84912585255,0.13942070794398803,0.6092843326885881,2317.596566523605
6.85,444,117715,60.0,54.0,54.0,328.0,796.0,123660.63555616426,0.1273439445306365,0.5653153153153153,1997.0802919708028
8.48,593,115429,60.0,54.0,54.0,256.0,508.0,59156.995680351705,0.19547408212935632,0.5952782462057336,2200.4716981132074
3.3,211,49300,60.0,54.0,54.0,328.0,616.0,76318.2087554188,0.15041769729780183,0.5639810426540285,2018.1818181818182
4.73,403,103980,60.0,54.0,54.0,238.0,592.4000000000001,226567.33972870963,1.427000910300399,0.5533498759305211,2625.7928118393233
4.29,839,289555,148.0,54.0,60.0,440.5,964.4000000000001,176741.10617526685,2.3646103254743838,0.4576877234803337,5006.993006993008
1.04,214,61585,220.0,54.0,60.0,400.0,626.7000000000021,75679.77886714999,4.499642793355957,0.35514018691588783,4211.538461538462
3.55,383,82382,60.0,54.0,60.0,292.0,445.0,84330.1133827349,1.719326621554712,0.5221932114882507,3295.774647887324
7.55,901,363065,83.0,54.0,54.0,364.0,1166.0,516650.5664787306,3.5067651439920557,0.5271920088790233,3361.5894039735103
7.12,543,105453,78.0,54.0,54.0,256.0,544.0,63065.297070703986,0.26790588065551696,0.576427255985267,2258.4269662921347
0.62,31,7460,112.0,54.0,54.0,261.5,652.0,92378.35796045786,0.15874495184840012,0.4838709677419355,1451.6129032258063
0.06,12,1147,80.5,54.0,54.0,83.0,165.80000000000004,4539.57638888889,0.6132208157524613,0.8333333333333334,5000.0
3.93,248,48597,60.0,54.0,54.0,220.0,554.8000000000004,62757.46174232569,0.17200048233449897,0.6008064516129032,2000.0
1.53,136,27519,60.0,54.0,54.0,276.75,544.0,67489.15262759515,0.18534631288766368,0.6397058823529411,2745.098039215686
6.04,995,300521,112.0,54.0,60.0,390.0,688.0,178807.0492805737,3.135249680073755,0.4743718592964824,4430.463576158941
3.35,240,40139,60.0,54.0,54.0,224.25,400.0,42494.80206597222,0.304993822745302,0.6166666666666667,2292.537313432836
7.44,521,102266,60.0,54.0,54.0,266.0,580.0,54836.51211865562,0.18599526835830588,0.5873320537428023,2161.290322580645
1.17,85,20122,60.0,54.0,54.0,364.0,586.0000000000001,63474.07972318339,0.16043829296424453,0.5176470588235295,2205.128205128205
4.25,288,61334,70.0,54.0,54.0,292.0,597.8000000000003,56620.17934992284,0.16929118846989744,0.5555555555555556,2032.9411764705883
2.7,520,130121,112.0,54.0,60.0,298.0,590.0,89953.19008505916,1.8600536310884472,0.4826923076923077,5288.888888888889
6.34,403,75873,60.0,54.0,54.0,291.0,508.0,46008.49012062138,0.19999051053330802,0.5856079404466501,1987.3817034700317
2.67,192,48141,60.0,54.0,54.0,427.75,701.5000000000001,93592.9971516927,0.14777197625348687,0.5989583333333334,2224.7191011235955
3.39,919,258860,184.0,54.0,60.0,400.0,602.6000000000015,98635.15491717,3.328545390699463,0.44613710554951036,6884.95575221239
2.49,125,17780,60.0,54.0,54.0,184.0,329.20000000000005,19332.006400000002,0.27127127127127126,0.592,1518.0722891566265
1.39,479,124070,184.0,54.0,60.0,330.0,545.5999999999999,81727.78044028748,4.0123217387791374,0.3883089770354906,7856.11510791367
1.22,174,36117,60.0,54.0,60.0,184.0,564.0,179015.23374950455,2.2851555393851193,0.603448275862069,4967.213114754099
1.54,389,110973,119.0,54.0,60.0,297.0,414.0,316966.7095512189,4.688297708749808,0.42159383033419023,6233.766233766233
7.57,1148,376829,112.0,54.0,60.0,298.0,689.0,342120.24585933425,3.685762248196966,0.47473867595818814,4058.1241743725227
4.86,298,61455,78.0,54.0,54.0,304.5,550.6000000000003,53359.348779334265,0.16999200395994365,0.5771812080536913,1814.8148148148148
3.75,560,144819,104.5,54.0,54.0,335.5,688.0,110373.78889987245,1.7000839004381467,0.49642857142857144,4288.0
8.69,865,176505,78.0,54.0,54.0,266.0,544.0,70052.3082762538,0.6388122893512715,0.5468208092485549,2941.311852704258
1.32,71,16872,78.0,54.0,54.0,295.0,590.0,90369.6968855386,0.15072977765652706,0.5211267605633803,1590.9090909090908
7.36,1125,290120,93.0,54.0,60.0,364.0,544.0,113143.0248691358,1.8907643407299648,0.5004444444444445,4263.586956521739
0.31,23,4213,60.0,54.0,54.0,259.0,436.80000000000007,38822.40453686201,0.23948220064724918,0.6086956521739131,2322.5806451612902
5.05,605,138248,112.0,54.0,54.0,292.0,580.0,84505.7143801653,1.2473502828532415,0.49586776859504134,3374.257425742574
5.39,760,285690,112.0,54.0,60.0,419.5,1125.0,348684.64151662047,3.3077503015681544,0.4934210526315789,3862.708719851577
5.82,689,149092,83.0,54.0,54.0,320.0,508.0,68449.65712070878,1.0241389141561563,0.5224963715529753,3340.2061855670104
1.69,641,165275,184.0,54.0,60.0,298.0,510.0,131960.9460987488,3.7611845706219573,0.41965678627145087,9479.289940828403
7.39,453,61656,60.0,54.0,54.0,163.0,322.20000000000033,16583.476631141908,0.3368893514603526,0.6136865342163356,1883.6265223274697
5.38,930,204931,112.0,54.0,60.0,295.75,514.0,90062.79913169151,1.9347128741228699,0.4731182795698925,4661.710037174722
7.4,1090,391286,76.0,54.0,60.0,297.0,652.0,531770.7297904217,4.127248902574855,0.5256880733944954,4410.810810810811
0.49,52,4835,60.0,54.0,60.0,65.75,183.39999999999998,5694.7496301775145,0.611129623458847,0.7884615384615384,4775.510204081633
1.45,237,24652,78.0,54.0,60.0,112.0,212.8000000000004,5285.400559027222,1.1034129692832764,0.540084388185654,4841.379310344828
3.18,222,34392,60.0,54.0,54.0,220.0,400.0,26624.407840272703,0.23516736101134894,0.6306306306306306,2226.4150943396226
6.34,419,95662,60.0,54.0,54.0,283.5,580.0,108188.2712789287,0.1441728064300067,0.5918854415274463,2072.555205047319
6.49,1104,308846,90.5,54.0,60.0,321.0,605.0,221098.2644894717,2.8692324075118076,0.5027173913043478,4853.620955315871
8.82,1138,268477,91.0,54.0,54.0,328.0,580.0,78175.93824534147,1.5196805315714392,0.5035149384885764,3659.8639455782313
4.61,286,47500,60.0,54.0,54.0,220.0,464.5,34118.06288816079,0.3397642015005359,0.6083916083916084,2043.3839479392623
8.17,975,244231,78.0,54.0,54.0,298.0,625.0000000000003,114484.43457094018,0.9260816075456223,0.5435897435897435,3473.684210526316
5.16,348,54422,60.0,54.0,54.0,184.0,436.0,27139.139087065658,0.2269642655844888,0.5919540229885057,2139.53488372093
4.84,642,152729,91.0,54.0,54.0,300.0,512.0,82281.5109155579,1.6069197419178642,0.5046728971962616,3719.00826446281
6.55,660,142014,112.0,54.0,54.0,297.25,544.0,68458.4641046832,1.058054605530114,0.4803030303030303,2784.732824427481
5.76,658,143817,80.5,54.0,60.0,297.0,508.0,88972.57075646012,1.8238724498812071,0.5212765957446809,3312.5
4.59,338,70885,61.0,54.0,54.0,267.75,591.2,69092.918043836,0.18049194797408696,0.5798816568047337,2235.294117647059
8.13,1319,450998,112.0,54.0,60.0,298.0,660.2000000000003,376759.23761827056,2.1905344699515403,0.47687642153146326,4295.20295202952
6.9,1627,374929,148.0,54.0,60.0,299.0,508.0,63939.1280032065,2.6312032696703214,0.4566687154271666,6139.130434782608
4.74,280,56009,60.0,54.0,54.0,297.0,544.0,47951.345395408156,0.1814001560885064,0.5535714285714286,1810.126582278481
4.61,522,108712,78.0,54.0,54.0,267.0,481.9000000000004,82991.03556906096,1.2579653553773937,0.5363984674329502,3357.917570498915
3.82,246,41732,60.0,54.0,54.0,256.0,440.5,30619.953334655296,0.20790760948218473,0.5772357723577236,2089.005235602094
0.99,190,48012,83.0,54.0,60.0,376.75,699.6999999999998,71648.55944598338,2.7166744078030653,0.5157894736842106,5212.121212121212
0.54,65,11714,60.0,54.0,60.0,266.0,381.0,48961.86130177515,1.8091127098321342,0.6153846153846154,4333.333333333333
4.44,769,163532,112.0,54.0,60.0,297.0,539.0,56724.704395453875,2.577284858030363,0.4577373211963589,4594.594594594594
8.0,603,145368,60.0,54.0,54.0,328.0,683.8000000000014,94690.29127991882,0.1414482466196586,0.5920398009950248,2272.5
2.4,175,36708,60.0,54.0,54.0,292.0,565.5999999999998,59850.068114285714,0.1790704397263354,0.56,2250.0
7.3,1249,311463,112.0,54.0,60.0,298.0,450.0,149171.97046283944,3.1003014704914365,0.4835868694955965,4742.465753424658
5.52,787,137913,83.0,54.0,60.0,292.0,364.0,29567.5210803253,1.8127141458639255,0.5184243964421855,4065.217391304348
2.53,799,150206,112.0,54.0,60.0,298.0,400.0,30451.817215198596,2.1525416614196367,0.4831038798498123,8798.418972332016
8.85,1168,265318,112.0,54.0,60.0,298.0,580.0,58021.28222637925,1.8276457422999042,0.4854452054794521,3593.220338983051
0.68,48,6151,60.0,54.0,54.0,148.0,248.3,16528.87456597222,0.2635579293344289,0.625,2294.1176470588234
1.87,346,62952,112.0,54.0,60.0,292.0,440.0,25281.349259915132,1.4138962383526976,0.49421965317919075,5294.117647058823
8.01,826,170566,72.0,54.0,54.0,292.0,513.0,52908.51148801952,0.9596502717172761,0.5399515738498789,3093.632958801498
1.95,118,24528,60.0,54.0,54.0,295.75,597.8,62671.15110600402,0.17101117158407333,0.6016949152542372,1846.1538461538462
0.79,40,10950,71.5,54.0,54.0,400.0,742.0000000000002,93656.1875,0.11269179961386037,0.55,1518.987341772152
5.28,1021,242714,116.0,54.0,60.0,341.0,537.0,58741.274243818116,2.6579205160279114,0.4573947110675808,4965.90909090909
1.02,41,5153,60.0,54.0,54.0,112.0,328.0,14689.338488994648,0.27802579365079366,0.6585365853658537,1352.941176470588
5.43,373,70049,60.0,54.0,54.0,267.0,577.2000000000002,45090.52525354168,0.19153242953613772,0.6032171581769437,2165.745856353591
4.77,689,150956,112.0,54.0,60.0,298.0,472.0,75320.56149190788,1.6056097350478986,0.48911465892597966,3949.6855345911954
4.04,495,89723,83.0,54.0,60.0,256.0,428.00000000000045,33701.05232527293,2.105354238050739,0.5191919191919192,3564.3564356435645
7.19,859,164053,112.0,54.0,60.0,292.0,445.0,33795.64109659959,1.93638690508153,0.4889406286379511,3363.0041724617527
7.49,1222,309778,148.0,54.0,60.0,363.0,616.0,60642.61170145799,2.7346498366426752,0.4459901800327332,4117.489986648865
2.39,175,32203,60.0,54.0,54.0,256.0,516.9999999999999,47283.27399183673,0.2031757892770409,0.6,2209.2050209205017
3.03,198,51738,60.0,54.0,54.0,400.0,760.0,104558.3021120294,0.12888656149767624,0.5858585858585859,2039.6039603960398
6.42,739,185702,91.0,54.0,54.0,300.0,544.0,129539.87227006468,1.239397045523063,0.5020297699594046,3271.0280373831774
0.21,180,66052,220.0,54.0,60.0,472.0,921.999999999999,189326.4424691358,6.470255598280932,0.3333333333333333,16000.0
4.81,862,280341,112.0,54.0,60.0,364.0,750.0,177064.23512604908,3.5102805843361864,0.4767981438515081,4814.968814968815
7.43,984,224381,104.5,54.0,60.0,270.0,466.30000000000086,147763.1200663874,1.8825184347781403,0.49796747967479676,3738.8963660834456
7.97,520,94289,60.0,54.0,54.0,220.0,511.6000000000008,45129.10014423076,0.20125617897365336,0.5961538461538461,2002.5094102885823
7.41,1369,523154,112.0,54.0,60.0,364.0,596.0,484506.1182897307,4.599362096092303,0.48721694667640614,5044.534412955466
8.99,837,184605,83.0,54.0,54.0,301.0,543.4,60176.55276782159,1.3725404516187074,0.5077658303464755,2596.2180200222465
3.66,648,159753,184.0,54.0,60.0,377.0,566.0,48394.31993741427,2.558765872131878,0.43209876543209874,4475.4098360655735
6.65,1288,273386,112.0,54.0,60.0,298.0,544.0,48355.10671607962,2.6324090190399,0.4658385093167702,5070.6766917293235
7.34,1123,239267,108.0,54.0,60.0,309.0,508.0,63205.52794519831,2.0880333496812162,0.4959928762243989,4095.367847411444
2.28,309,41439,60.0,54.0,60.0,184.0,292.0,12246.24425801992,1.2030303030303031,0.5598705501618123,4184.210526315789
0.79,63,8498,60.0,54.0,54.0,184.0,292.0,15884.13051146384,0.32926638510871264,0.6031746031746031,2506.3291139240505
7.5,1072,205863,83.0,54.0,60.0,267.0,470.49999999999966,97228.94550481036,1.9430862926745582,0.5065298507462687,4088.0
4.74,293,60644,60.0,54.0,54.0,292.0,544.0,55248.8560845205,0.1636572963638108,0.552901023890785,1911.392405063291
3.48,236,48458,60.0,54.0,54.0,292.0,562.0,60285.63652686009,0.16189517095861508,0.5677966101694916,2068.965517241379
4.0,1193,1101966,78.0,54.0,60.0,2365.0,2974.0,1557735.1548323587,6.097415353303749,0.5155071248952221,8850.0
5.64,740,525292,66.0,54.0,60.0,580.0,2974.0,1216185.2300511324,6.746869792204345,0.5405405405405406,3957.446808510638
6.16,1886,1671807,220.0,54.0,60.0,1506.0,2974.0,1399037.2461619296,12.67050444424456,0.44167550371155884,7821.428571428572
0.43,27,3362,60.0,54.0,54.0,148.0,364.0,12418.842249657062,0.21459537572254336,0.6296296296296297,2372.093023255814
3.82,356,74730,60.0,54.0,54.0,292.0,552.0,59916.7513255902,0.16849610657660194,0.5702247191011236,2874.34554973822
3.73,272,72310,60.0,54.0,54.0,472.0,688.0,95668.06439230104,0.13507573973785417,0.5367647058823529,2235.9249329758713
6.82,1522,602177,148.0,54.0,60.0,364.0,904.0,477060.6077145363,3.83734586496365,0.4454664914586071,5674.486803519062
5.12,696,242709,87.0,54.0,54.0,438.0,688.0,360105.47753790126,2.1153683237706495,0.507183908045977,3714.84375
1.91,755,522705,264.0,54.0,60.0,706.0,2958.0,1000471.3079426343,12.610337195677646,0.40927152317880794,9329.842931937173
3.91,1083,316996,112.0,54.0,60.0,364.0,552.0,218166.76885195446,2.8423757575757578,0.46814404432132967,7411.764705882353
4.86,703,199707,112.0,54.0,60.0,472.0,748.8000000000021,118036.56998152603,2.2622267960403803,0.4751066856330014,3888.8888888888887
3.68,661,164885,145.0,54.0,60.0,301.0,645.0,67101.27299443148,2.399270193378139,0.46142208774583965,4565.217391304348
3.35,265,70536,62.0,54.0,54.0,364.0,832.0,122022.51326450694,0.13575396505917398,0.5962264150943396,2417.910447761194
1.24,89,28816,78.0,54.0,54.0,580.0,1019.2,161114.1742204267,0.10800938208943746,0.5056179775280899,2129.032258064516
8.96,1458,460303,148.0,54.0,60.0,400.0,796.0,154166.8745641567,1.1723779903628786,0.45953360768175583,4279.017857142857
0.04,3,226,60.0,55.2,57.0,86.0,101.6,678.2222222222222,0.313953488372093,0.6666666666666666,3000.0
5.44,967,375905,112.0,54.0,60.0,301.0,868.0,492673.51516486664,3.65961350141931,0.4953464322647363,4996.323529411764
7.58,1916,500694,184.0,54.0,60.0,400.0,563.0,65561.76130791794,2.7999013395059387,0.44363256784968685,6308.707124010554
7.74,1062,242974,112.0,54.0,60.0,298.0,590.0,74376.53366600345,0.8393186979560938,0.4689265536723164,3666.6666666666665
3.32,516,205547,115.0,54.0,60.0,510.0,976.0,326506.74206402857,3.1472700859529477,0.46511627906976744,4174.698795180723
4.46,711,139006,78.0,54.0,60.0,264.0,540.0,62613.00099501306,1.325098268796521,0.5372714486638537,4762.331838565023
4.26,592,134780,87.0,54.0,60.0,364.0,544.0,55989.56606099343,1.3891656178540408,0.5067567567567568,3859.1549295774653
1.25,91,18256,60.0,54.0,54.0,250.5,472.0,84492.01690617077,0.18522365772901384,0.5714285714285714,2208.0
8.31,985,297466,83.0,54.0,54.0,403.0,765.4000000000002,157039.19998350897,1.2430119364495285,0.5076142131979695,3335.7400722021657
5.85,406,75924,70.0,54.0,54.0,250.75,436.0,91387.17731563494,0.42727699971801864,0.5886699507389163,2082.051282051282
9.22,949,261744,78.0,54.0,54.0,360.0,688.0,146970.6025909365,1.064715626725566,0.5226554267650158,3045.5531453362255
1.07,74,17144,60.0,54.0,54.0,382.0,666.4000000000002,77538.59751643536,0.15393417244396582,0.5945945945945946,2186.9158878504672
4.02,699,187848,112.0,54.0,60.0,302.0,680.8000000000004,135591.9014164932,2.120450505822356,0.46924177396280403,4626.865671641792
3.71,509,99888,83.0,54.0,60.0,292.0,436.0,78093.1469386022,1.5619533714637461,0.5225933202357563,3994.6091644204853
5.13,1018,345608,256.0,54.0,60.0,536.0,826.0,173588.12228994025,3.4964157006622174,0.42337917485265225,4748.538011695907
9.72,1127,351147,83.0,54.0,54.0,436.0,906.7999999999998,166750.08261837967,1.0045039645162948,0.5066548358473825,3283.9506172839506
5.52,1024,223178,112.0,54.0,60.0,297.0,507.70000000000005,94079.1866722107,1.9762622356173152,0.470703125,5010.869565217391
5.41,670,178571,112.0,54.0,54.0,364.0,652.2,93460.03748941858,1.26199584515606,0.48656716417910445,3260.6284658040663
8.48,717,136585,68.0,54.0,54.0,269.0,472.0,51006.57633600408,0.7507306193601313,0.5481171548117155,2533.0188679245284
5.17,338,61192,60.0,54.0,54.0,256.0,472.0,43667.87402401876,0.2036665486447146,0.5946745562130178,2042.5531914893616
1.63,98,20764,60.0,54.0,54.0,328.0,529.5999999999998,66223.49521032901,0.16064840693124652,0.5918367346938775,1840.4907975460123
2.47,195,46887,78.0,54.0,54.0,297.0,637.5999999999998,89226.4419723866,0.156761157575309,0.5487179487179488,2356.2753036437243
5.14,617,140683,91.0,54.0,60.0,292.0,510.0,82500.92531699104,1.7120137255657941,0.5040518638573744,3408.560311284047
5.1,1080,307455,112.0,54.0,60.0,298.0,777.0,165420.07110339502,1.9088887837646058,0.46574074074074073,5611.764705882353
0.76,33,4750,60.0,54.0,54.0,112.0,328.0,28734.11753902662,0.6407599309153713,0.6363636363636364,1342.1052631578948
7.63,1003,266842,112.0,54.0,60.0,362.0,542.0,182410.7438382758,2.4424562987808813,0.4905284147557328,3577.9816513761466
7.6,1069,244309,112.0,54.0,60.0,328.0,544.0,56894.79098254141,1.6480776943170856,0.4929840972871843,3773.6842105263163
0.98,78,30475,60.0,54.0,54.0,274.0,849.9999999999998,613471.5668967784,1.816803771143359,0.6282051282051282,2755.1020408163267
6.75,478,82881,60.0,54.0,54.0,256.0,454.5000000000003,35913.73188932266,0.2049984734156235,0.5836820083682008,2231.111111111111
5.51,404,82872,72.0,54.0,54.0,256.0,489.49999999999983,75189.1864032938,0.21707714675948364,0.5816831683168316,2199.6370235934664
4.47,580,157086,78.0,54.0,54.0,379.0,741.0,120613.68063020213,0.9473873427136924,0.5362068965517242,3865.771812080537
9.65,1236,343557,83.0,54.0,58.5,300.0,580.0,208868.06868578566,2.1493853529751483,0.5121359223300971,3643.5233160621765
8.09,1779,670626,184.0,54.0,60.0,436.0,805.2,334440.8843022446,4.976579418763201,0.43057897695334457,5399.2583436341165
5.62,708,147832,91.0,54.0,54.0,297.0,509.0,47291.000446870305,1.4643595385743815,0.501412429378531,3523.131672597865
6.12,945,171075,112.0,54.0,60.0,276.0,440.0,25689.232854623333,1.4486159219076518,0.4931216931216931,4147.058823529412
6.66,756,174330,83.0,54.0,54.0,297.0,590.0,78167.25944822375,1.0525107435097427,0.5211640211640212,3243.2432432432433
5.04,321,58329,60.0,54.0,54.0,223.0,508.0,42157.807028270305,0.20293262389407907,0.6012461059190031,2023.8095238095236
8.94,732,160952,61.0,54.0,54.0,292.0,580.0,83365.72325241123,0.8829199812821713,0.5423497267759563,2463.087248322148
5.65,782,257588,83.0,54.0,54.0,328.0,593.0,347968.88888743526,2.5147843410154596,0.510230179028133,3950.442477876106
1.92,144,34644,60.0,54.0,54.0,337.0,724.0,84700.93749999999,0.13956777737574422,0.5763888888888888,2312.5
2.56,518,172188,256.0,54.0,60.0,400.0,908.8000000000002,151543.47342764717,1.940318642099691,0.4305019305019305,4898.4375
0.66,98,16301,60.0,54.0,60.0,175.0,299.3,53412.01926280717,1.1948296755082806,0.673469387755102,4999.999999999999
7.3,1083,286388,112.0,54.0,60.0,384.0,616.0,99888.24449542965,1.9904352184445744,0.4792243767313019,4002.7397260273974
4.2,1001,224729,120.0,54.0,60.0,298.0,451.0,85616.45177799225,2.4994160606674036,0.4645354645354645,5999.999999999999
6.3,514,90734,63.0,54.0,54.0,269.25,400.0,33100.72017744402,0.41878283712784586,0.5486381322957199,2457.1428571428573
4.17,688,192683,112.0,54.0,60.0,366.0,619.6000000000008,133125.9074309593,2.2946275904520896,0.46075581395348836,4302.158273381296
1.52,421,228929,184.0,54.0,60.0,580.0,1785.0,684293.4858977324,7.09508486562942,0.43942992874109266,7026.315789473684
0.24,22,2318,60.0,54.0,54.0,112.0,176.80000000000015,9424.04958677686,0.5898491083676269,0.6818181818181818,3500.0
6.91,710,152865,60.0,54.0,54.0,256.0,544.0,104902.20266812142,0.7464697011242116,0.5957746478873239,3160.6367583212736
3.2,261,44445,60.0,54.0,54.0,191.0,494.0,37931.91359492668,0.22461631719615352,0.6398467432950191,2606.25
0.98,62,13823,60.0,54.0,54.0,283.0,569.1999999999998,85233.62669094691,0.16052388548400637,0.5806451612903226,2020.4081632653063
4.21,516,113557,83.0,54.0,54.0,270.0,482.0,89329.19447073492,1.7023869017872015,0.5271317829457365,3505.938242280285
1.01,64,11067,60.0,54.0,54.0,229.0,442.3,28787.572021484375,0.22084942084942086,0.5625,2019.80198019802
2.02,157,29801,60.0,54.0,54.0,297.0,486.4000000000002,39397.360785427394,0.20481099656357388,0.5796178343949044,2346.5346534653468
6.57,437,88729,60.0,54.0,54.0,256.0,580.0,63902.533772497096,0.1718659200169053,0.5881006864988558,2109.5890410958905
5.83,685,147389,83.0,54.0,54.0,267.0,576.0,79182.92120837551,1.2183107070828694,0.5372262773722628,3416.809605488851
5.19,745,153982,83.0,54.0,54.0,297.0,508.0,62612.86728705914,1.4231198955104096,0.5140939597315436,4150.28901734104
9.12,998,291016,112.0,54.0,54.0,446.0,724.0,132167.18204344562,1.606222349590729,0.4879759519038076,2940.7894736842104
5.77,469,89921,60.0,54.0,54.0,328.0,552.0,38284.7091893563,0.17691482121354904,0.5863539445628998,2537.261698440208
9.8,745,174411,60.0,54.0,54.0,328.0,597.6000000000001,85790.8190513941,0.14725964321422932,0.574496644295302,2344.8979591836733
0.61,60,17511,66.0,54.0,54.0,229.0,771.3000000000002,251091.62750000003,0.3952988047808765,0.5833333333333334,3049.1803278688526
0.41,42,5846,60.0,54.0,54.0,175.0,256.0,24933.487528344675,0.28993821712268314,0.6904761904761905,3365.8536585365855
4.15,566,122880,60.0,54.0,54.0,256.0,552.0,127690.26158398783,1.3650781430441143,0.5512367491166078,4134.939759036144
5.56,390,68155,60.0,54.0,54.0,220.0,508.0,37217.42527942143,0.20545110454730364,0.5794871794871795,2201.4388489208636
7.39,1205,368284,112.0,54.0,60.0,364.0,711.2000000000044,221298.41238546168,2.631096869608085,0.4921161825726141,4522.327469553451
2.79,155,20456,60.0,54.0,54.0,184.0,292.0,11227.960624349635,0.2741995764295503,0.5483870967741935,1741.9354838709678
6.3,785,213632,112.0,54.0,54.0,364.0,602.0,174412.77454825753,1.7347346322230472,0.4878980891719745,3352.3809523809523
1.38,165,25465,60.0,54.0,54.0,205.0,359.0,26716.367676767677,0.45897788472556433,0.6181818181818182,4217.391304347826
1.11,101,16183,60.0,54.0,54.0,220.0,390.0,29416.631310655815,0.21503115849538254,0.6039603960396039,2756.756756756756
8.59,1613,587978,112.0,54.0,60.0,472.0,905.0,288071.9369390595,2.181509758618264,0.46869187848729077,4875.436554132712
7.49,1770,467771,140.5,54.0,60.0,364.0,681.700000000001,83472.37672092949,2.7327912284341735,0.46214689265536724,6056.07476635514
2.76,358,51249,83.0,54.0,60.0,148.0,413.0,15472.9233248026,1.592523269931202,0.505586592178771,3543.4782608695655
2.48,235,43271,78.0,54.0,54.0,220.0,457.5999999999998,56366.26770484383,0.28392973710759006,0.6127659574468085,2830.6451612903224
5.98,470,142431,60.0,54.0,54.0,468.0,1012.0,142938.46821638753,0.10662978703567016,0.551063829787234,2387.959866220736
2.48,202,63708,72.0,54.0,54.0,400.0,1012.0000000000005,180447.7518870699,0.10727196885428254,0.5544554455445545,2443.548387096774
5.18,1076,343158,83.0,54.0,60.0,364.0,750.0,243193.3504892138,1.9305697888911661,0.5065055762081785,5930.5019305019305
9.36,832,200818,60.0,54.0,54.0,294.5,590.0,121593.40800087832,0.5548363619470876,0.5757211538461539,2705.128205128205
4.99,372,100475,60.0,54.0,54.0,313.75,701.5000000000005,142926.85405104636,0.12003522579062949,0.5672043010752689,2284.569138276553
8.53,915,204692,78.0,54.0,54.0,292.0,529.6000000000008,94195.43115172145,0.7166675053254835,0.5497267759562842,3172.332942555686
6.55,873,373575,78.0,54.0,54.0,376.0,1199.2000000000098,619163.5527450077,3.726763165220032,0.5246277205040092,3856.4885496183206
3.44,224,48110,60.0,54.0,54.0,268.0,652.0,80566.88767538265,0.16902366720124412,0.6116071428571429,2023.2558139534883
9.3,1710,552483,112.0,54.0,60.0,298.0,595.3000000000031,328631.9188950446,2.873702883105228,0.48362573099415207,5045.1612903225805
1.51,97,16025,60.0,54.0,54.0,256.0,414.4000000000002,32280.761611223297,0.24167054083372075,0.5876288659793815,1947.0198675496688
7.47,808,195992,78.0,54.0,54.0,297.0,568.4000000000005,139923.21863052642,1.0907374417289823,0.5334158415841584,3172.6907630522087
7.64,841,172436,78.0,54.0,54.0,298.0,446.0,74814.63241059777,1.1632919332580605,0.544589774078478,3219.895287958115
0.16,10,1472,86.0,54.0,54.0,211.0,291.99999999999994,13178.560000000001,0.5081967213114754,0.5,1875.0
6.59,475,83492,60.0,54.0,54.0,240.5,472.0,39917.48935623269,0.19626328910794624,0.5726315789473684,2203.3383915022764
1.33,274,68978,69.0,54.0,60.0,298.0,664.0,103072.02962331504,2.822342901474011,0.5145985401459854,6180.451127819549
9.09,1016,420249,78.0,54.0,54.0,400.0,1174.0,522341.54979288095,2.155188335723349,0.5206692913385826,3234.3234323432343
3.26,246,56225,61.0,54.0,54.0,220.0,400.0,226361.79147663424,1.1021835040753758,0.5772357723577236,2319.0184049079758
8.67,838,175375,78.0,54.0,54.0,298.0,544.0,66829.02889736331,0.9432778928939466,0.5441527446300716,2837.370242214533
6.77,641,115530,78.0,54.0,54.0,256.0,472.0,43678.46630046169,1.0039895923677364,0.5475819032761311,2791.728212703102
7.21,1109,232686,112.0,54.0,60.0,267.0,508.0,60577.67941776481,1.8911917098445596,0.49864743011722273,4194.174757281553
0.3,14,2593,57.0,54.0,54.0,261.25,428.8000000000002,38967.45408163265,0.2330004755111745,0.5714285714285714,1600.0
4.43,284,71990,60.0,54.0,54.0,409.0,688.0,99896.68642134497,0.12879453085800302,0.5774647887323944,2004.5146726862301
2.68,192,42399,60.0,54.0,54.0,292.0,648.4000000000002,73386.20483398438,0.16567233937261155,0.5416666666666666,2171.6417910447763
6.29,417,75251,60.0,54.0,54.0,220.0,436.0,52382.69428198448,0.19571296914227604,0.5779376498800959,2060.4133545310015
1.89,155,23538,60.0,54.0,54.0,166.0,457.5999999999998,28224.04437044745,0.2490315733616344,0.6709677419354839,2603.1746031746034
5.74,899,242882,112.0,54.0,60.0,298.0,631.0,145039.037041528,2.9821943861490032,0.4860956618464961,4285.714285714286
1.1,79,8947,60.0,54.0,54.0,116.5,260.00000000000006,9499.024515302033,0.32823634204275537,0.6962025316455697,2345.4545454545455
9.52,1086,218893,83.0,54.0,54.0,292.0,445.0,71184.57433550732,1.0771778326058075,0.5248618784530387,3327.7310924369754
6.95,744,174370,78.0,54.0,54.0,328.0,584.9000000000003,80436.52566048098,0.8722686910117788,0.5362903225806451,3194.244604316547
9.87,1603,435794,112.0,54.0,60.0,400.0,724.0,111597.53415792051,2.130434157974887,0.4928259513412352,4419.452887537995
6.15,1105,267445,112.0,54.0,60.0,297.0,527.0,86982.86144018346,2.3461158306955094,0.46968325791855203,4692.682926829268
0.12,15,1686,60.0,54.0,54.0,166.0,227.2,6149.44,0.40266222961730447,0.6,4000.0
0.38,36,4045,69.0,54.0,54.0,184.0,202.0,5295.8418209876545,0.4519023689877961,0.5277777777777778,2842.105263157895
0.04,4,446,104.0,55.8,58.5,157.0,173.20000000000002,3136.75,0.8278688524590164,0.5,3000.0
6.07,359,53862,60.0,54.0,54.0,186.0,364.0,23318.8568214089,0.24249134948096887,0.5793871866295265,1828.665568369028
0.3,11,2834,60.0,54.0,54.0,472.0,544.0,58324.95867768596,0.10530421216848673,0.5454545454545454,1200.0
6.91,848,209499,112.0,54.0,54.0,364.0,580.0,81419.50096648051,1.4409735977442732,0.49292452830188677,3369.0303907380608
8.82,1520,574403,148.0,54.0,60.0,436.0,855.0,370463.8149891793,3.465336297770453,0.4651315789473684,4469.387755102041
8.48,1007,159484,78.0,54.0,54.0,220.0,328.0,20333.543306092706,1.0608363053703416,0.5332671300893744,3502.3584905660377
8.74,1499,315129,112.0,54.0,60.0,298.5,525.4000000000008,46418.17367237487,1.9980591945657449,0.46497665110073383,4558.352402745995
0.77,42,6317,68.5,54.0,54.0,220.0,357.5999999999999,18092.669501133787,0.266439454691259,0.5476190476190477,1636.3636363636363
3.72,205,34099,60.0,54.0,54.0,220.0,408.3999999999999,30696.808661511004,0.22972339428035632,0.5756097560975609,1725.806451612903
4.02,908,693108,148.0,54.0,60.0,616.0,2974.0,1276775.636806458,12.401160092807425,0.46255506607929514,5985.074626865672
4.57,670,132963,83.0,54.0,54.0,292.0,483.6000000000006,42937.2536890176,1.5012321525988073,0.5313432835820896,4240.700218818381
3.57,172,33953,60.0,54.0,54.0,328.0,472.0,43677.15883585722,0.16568819308545335,0.5697674418604651,1462.18487394958
7.07,1305,1120753,78.0,54.0,60.0,1514.0,2974.0,1542884.2675274883,5.379695460367155,0.5195402298850574,5397.454031117398
9.16,2053,607999,121.0,54.0,60.0,436.0,699.0,118034.92834289763,2.536769667496568,0.44422795908426693,5685.589519650654
9.68,2164,992564,148.0,54.0,60.0,510.25,1103.4000000000005,501860.49710606417,4.21307359807562,0.4450092421441775,5671.487603305785
6.86,465,87590,62.0,54.0,54.0,256.0,580.0,49605.04913862874,0.19265805204177502,0.6129032258064516,2072.8862973760934
4.6,566,155537,112.0,54.0,54.0,433.0,652.0,93995.75696100589,1.4082526902531547,0.4840989399293286,3417.3913043478265
3.05,204,35239,60.0,54.0,54.0,220.0,485.2000000000001,42068.339364667445,0.2300684166433957,0.5882352941176471,2124.5901639344265
2.44,155,32373,60.0,54.0,54.0,297.0,593.0,57529.73469302809,0.16912242686890575,0.5870967741935483,1942.6229508196723
7.34,1438,326662,112.0,54.0,60.0,267.0,577.8999999999999,71888.64065954684,1.6603739779131512,0.4694019471488178,5084.4686648501365
8.28,915,264129,78.0,54.0,54.0,445.0,822.0000000000006,138842.49143778556,0.9703914240315109,0.5300546448087432,3210.1449275362324
8.01,915,249221,106.0,54.0,54.0,404.0,664.0,107756.21630266655,1.601336047179166,0.49508196721311476,3123.5955056179773
9.0,1674,445117,112.0,54.0,60.0,364.0,652.0,103534.6429748533,1.7152538857575093,0.4659498207885305,4893.333333333334
0.65,67,7723,60.0,54.0,54.0,117.5,278.99999999999994,11850.883047449319,0.46213555471412343,0.6567164179104478,3692.3076923076924
5.4,345,59770,60.0,54.0,54.0,220.0,440.8000000000002,42730.46393614787,0.2035601377338354,0.5884057971014492,1999.9999999999998
2.87,180,28553,60.0,54.0,54.0,148.0,400.0,44386.1336728395,0.2314758906236522,0.6555555555555556,1986.0627177700349
9.81,2163,1294216,121.0,54.0,60.0,364.0,2878.0,950108.805114555,9.370071232262045,0.4637078132223763,5816.51376146789
0.84,40,7497,60.0,54.0,54.0,256.0,475.6,49375.19437500001,0.17729271356783918,0.525,1500.0
0.33,22,6400,86.0,54.0,54.0,337.0,742.0000000000003,136714.44628099172,0.1347517730496454,0.5,1999.9999999999998
3.35,650,272199,184.0,54.0,60.0,436.0,1146.0,394412.9352639053,4.052511415525114,0.4276923076923077,4728.358208955224
5.76,1254,287531,112.0,54.0,60.0,328.0,594.0,66999.29725675288,2.323519892734124,0.48484848484848486,6072.916666666667
6.68,438,76304,60.0,54.0,54.0,220.0,436.0,38469.394236984204,0.21860227417912353,0.589041095890411,2029.940119760479
6.4,800,193635,83.0,54.0,54.0,301.0,590.0,85957.9143359375,1.608897751310276,0.5125,3440.625
8.74,597,140614,60.0,54.0,54.0,328.0,688.0,88283.06624131264,0.140856612009444,0.592964824120603,2100.6864988558355
4.38,1058,306398,148.0,54.0,60.0,364.0,731.6000000000022,134045.06018774948,2.955104622494159,0.45652173913043476,6328.767123287672
2.32,438,170895,148.0,54.0,60.0,400.0,545.0,466733.07341902796,5.417386406308674,0.4292237442922374,4551.724137931035
3.65,563,101927,78.0,54.0,60.0,266.0,400.0,59246.0763355407,1.7744297457673255,0.5204262877442274,4487.671232876713
6.95,826,206232,78.0,54.0,54.0,292.0,652.0,115516.91894189447,1.483675558499428,0.5351089588377724,3427.338129496403
7.26,1448,474455,184.0,54.0,60.0,416.0,799.5999999999995,184321.19741794743,3.3009110275121243,0.44267955801104975,4917.355371900827
7.16,974,331576,112.0,54.0,54.0,508.0,1043.8000000000006,185204.41306410194,1.1871334999967018,0.49075975359342916,3703.91061452514
6.69,523,106987,60.0,54.0,54.0,256.0,536.8000000000004,71900.71626043307,0.1747260469508312,0.5869980879541109,2439.4618834080716
2.5,162,33402,78.0,54.0,54.0,292.0,544.0,66103.1879286694,0.17961576493855064,0.5864197530864198,1920.0
1.77,135,32360,60.0,54.0,54.0,328.0,697.0000000000001,93222.26776406037,0.15123270127005586,0.6074074074074074,2440.677966101695
7.43,1009,272574,106.0,54.0,54.0,364.0,699.0,109453.52571750183,1.3534277326886548,0.4965312190287413,3730.8209959623155
5.33,1537,1122254,83.0,54.0,60.0,688.0,2974.0,1261142.6930805477,5.85245521267112,0.5035783994795056,8465.290806754221
3.26,787,459183,112.0,54.0,60.0,400.0,2958.0,897672.520316645,8.501189761840717,0.4675984752223634,6404.907975460123
0.52,40,6429,57.0,54.0,54.0,148.75,364.0,42384.99937499999,0.22270825408900724,0.675,2538.4615384615386
2.78,654,248717,256.0,54.0,60.0,593.0,980.9000000000003,169969.375625415,3.404409420931468,0.40519877675840976,5460.431654676259
3.58,580,151418,202.0,54.0,60.0,329.0,580.0,72003.75432818072,2.5017229018755347,0.44655172413793104,4039.106145251397
8.91,1739,1428393,119.0,54.0,60.0,1206.5,2974.0,1295115.7761769453,6.283148840268607,0.4669350201265095,5097.6430976430975
5.87,1147,296972,148.0,54.0,60.0,298.0,553.0,120432.28431243631,2.383756437719338,0.46033129904097647,5090.289608177171
2.13,162,39134,60.0,54.0,54.0,331.0,724.0,96813.40588324949,0.1475909797366646,0.5740740740740741,2366.1971830985917
8.47,1463,736151,112.0,54.0,60.0,508.0,1494.0,675978.2891865843,3.934054075791901,0.47778537252221465,4654.073199527744
9.41,1382,327937,112.0,54.0,60.0,301.0,575.0,90249.09803374376,1.3958867579908676,0.4934876989869754,4061.6365568544106
2.99,343,131691,292.0,54.0,54.0,544.0,1009.6000000000001,167339.9117034569,1.5929039752702356,0.41690962099125367,2628.76254180602
3.85,821,300382,112.0,54.0,60.0,364.0,760.0,373891.9644650696,3.964007139079852,0.4823386114494519,5719.480519480519
3.94,1021,520588,112.0,54.0,60.0,590.0,1514.0,646971.0004134526,1.2891541894773872,0.47502448579823703,6730.964467005077
9.18,957,194556,60.0,54.0,54.0,309.0,544.0,60628.865334787726,0.6910413642645435,0.5632183908045977,3183.0065359477126
4.21,726,218131,148.0,54.0,60.0,472.0,732.0,116845.99185885908,1.9367233463925575,0.4628099173553719,4517.814726840855
2.63,224,59551,76.0,54.0,54.0,337.0,616.0,203840.58097496812,0.557255301901101,0.5982142857142857,2532.3193916349815
4.41,812,199570,112.0,54.0,60.0,298.0,553.0,89284.74286563614,2.085545540283554,0.4642857142857143,4829.931972789116
2.47,157,21605,60.0,54.0,54.0,148.0,304.20000000000005,22353.919104223292,0.7586487586487587,0.6114649681528662,2234.817813765182
7.5,525,112027,66.0,54.0,54.0,256.0,590.0,83467.26148208616,0.2122166314992155,0.6190476190476191,2104.0
9.3,713,169922,60.0,54.0,54.0,292.0,688.0,98384.94963697628,0.14793546992379614,0.5806451612903226,2367.741935483871
3.28,258,61867,60.0,54.0,54.0,292.0,688.0,106141.03919536089,0.14325048507807447,0.5968992248062015,2451.219512195122
9.77,738,174951,60.0,54.0,54.0,328.0,652.0,93205.18462885848,0.15011570117541875,0.5772357723577236,2339.815762538383
8.19,1025,274071,83.0,54.0,54.0,343.0,633.0,127463.90732563949,1.3617444806369887,0.5209756097560976,3553.1135531135537
0.2,18,3379,57.0,54.0,54.0,319.0,485.5000000000001,40425.089506172844,0.1679917041133771,0.6111111111111112,3300.0
8.75,1058,248898,83.0,54.0,54.0,269.0,562.0,107976.71655332849,1.489452996069253,0.5103969754253308,3435.428571428571
2.71,164,42520,60.0,54.0,54.0,296.25,796.0,109265.68411659724,0.13018978257402583,0.5670731707317073,1904.0590405904059
8.3,656,165657,60.0,54.0,54.0,298.0,804.0,117696.28896257808,0.14343990723101135,0.586890243902439,2486.746987951807
9.24,1892,510585,112.0,54.0,60.0,328.0,558.3000000000006,147290.09124292113,2.035095436523269,0.4608879492600423,5266.233766233766
8.76,2208,1258865,91.0,54.0,60.0,403.0,2958.0,935354.6090892717,5.74087421218628,0.5009057971014492,7232.876712328768
3.75,740,178362,120.5,54.0,60.0,300.0,544.0,70350.19641344046,2.2024202815282963,0.4635135135135135,5312.0
3.41,295,80391,62.0,54.0,54.0,364.0,889.6000000000008,137873.04985923585,0.13348090914218036,0.5864406779661017,2621.7008797653957
9.3,1233,392844,87.0,54.0,54.0,414.0,832.0,215527.28612783487,1.4640531894875495,0.5077047850770479,3619.3548387096776
5.77,2567,1807407,256.0,60.0,60.0,762.0,2958.0,990532.1896174345,11.346772595927234,0.4082586677054928,10429.809358752167
4.09,1257,426657,256.0,54.0,60.0,539.0,760.0,116537.3708397651,4.177185084515417,0.4152744630071599,7202.9339853300735
6.89,492,108188,60.0,54.0,54.0,275.5,613.4000000000009,84263.27338224601,0.1684252589288607,0.5853658536585366,2194.4847605224963
7.88,1026,300424,112.0,54.0,54.0,472.0,713.0,113052.83754165577,1.4411418170590005,0.4873294346978557,3525.380710659899
6.89,833,282686,83.0,54.0,60.0,400.0,868.0,309740.65987499437,2.1447642144374854,0.5270108043217286,3526.8505079825836
3.37,259,51267,60.0,54.0,54.0,220.0,479.2000000000006,70810.87309372252,0.18451514521383516,0.6254826254826255,2350.148367952522
8.74,1152,292312,78.0,54.0,60.0,298.0,580.0,161316.427035108,1.3712957629937292,0.5321180555555556,3919.9084668192218
6.64,503,121154,60.0,54.0,54.0,299.5,652.0,101179.39470137424,0.15324353909856742,0.584493041749503,2313.253012048193
4.68,613,151863,62.0,54.0,54.0,287.0,588.0000000000007,142872.81682629487,0.784607972172605,0.5448613376835236,3948.7179487179487
6.17,2289,2717247,299.0,60.0,60.0,2958.0,2974.0,1748980.3066051267,20.457144887709656,0.43425076452599387,9413.290113452189
4.45,358,127157,60.0,54.0,54.0,355.0,770.8000000000004,454911.0459801503,1.3215270297409307,0.6089385474860335,2561.7977528089887
3.8,573,165367,123.0,54.0,60.0,450.0,656.0,122324.40781654986,2.1943864935867716,0.46596858638743455,4057.894736842106
0.19,25,7656,184.0,54.0,54.0,400.0,808.0,126328.34240000001,0.19868482855800845,0.48,3789.4736842105262
6.27,1423,406843,148.0,54.0,60.0,300.0,688.0,184661.25663566473,2.744045866156225,0.4497540407589599,5818.181818181818
8.48,1627,802556,184.0,54.0,60.0,444.0,1514.0,662267.4230413403,4.321918807442872,0.446220036877689,4825.471698113208
9.05,666,195706,62.0,54.0,54.0,292.0,688.0,308872.6299993688,0.8593510997102275,0.6021021021021021,2220.9944751381213
4.29,767,220626,112.0,54.0,60.0,364.0,703.5999999999993,123817.47712433856,1.5518581491377217,0.47327249022164275,4853.146853146854
8.68,1345,582076,112.0,54.0,60.0,472.0,1190.000000000002,474740.9799333895,2.817442516297433,0.48698884758364314,4278.801843317972
8.42,1847,440382,184.0,54.0,60.0,364.0,479.0,71202.3123706363,2.488837481976772,0.43421765024363834,5451.306413301662
6.79,805,222032,83.0,54.0,54.0,436.0,720.0000000000002,119381.12893175417,0.763768518886285,0.5316770186335403,3375.552282768778
0.29,51,11297,60.0,54.0,57.0,297.0,616.0,76259.38715878507,0.7509299442033478,0.6470588235294118,6413.793103448276
8.22,1543,487835,112.0,54.0,60.0,414.5,723.0,247823.00289098558,2.4385088176832963,0.4776409591704472,5072.992700729927
0.59,40,10820,60.0,54.0,54.0,346.0,788.8000000000004,128154.85,0.1080389144905274,0.6,2135.593220338983
3.49,307,75061,60.0,54.0,54.0,298.5,733.6000000000008,106218.77768464386,0.1580449573414382,0.6026058631921825,2699.1404011461314
7.35,1362,435595,148.0,54.0,60.0,436.0,975.0000000000009,141630.86264961906,2.340913623046126,0.4588839941262849,4840.816326530612
0.19,18,4203,86.0,54.0,54.0,274.0,497.20000000000016,96689.25,2.9061338289962824,0.5,2842.105263157895
1.25,85,14852,60.0,54.0,54.0,256.0,385.6000000000003,43766.76207612456,0.23807935978659553,0.5529411764705883,2064.0
0.04,2,454,227.0,88.6,140.5,313.5,365.4,29929.0,0.135,0.5,1500.0
2.72,193,41974,60.0,54.0,54.0,328.0,649.0000000000002,61144.67454159843,0.15758411472697187,0.5958549222797928,2205.882352941176
8.75,729,186489,60.0,54.0,54.0,298.0,652.0,187825.02606310014,0.3371358509776366,0.5871056241426612,2550.8571428571427
8.24,1717,461690,148.0,54.0,60.0,392.0,636.0,101314.47495377515,2.391388023740965,0.44321490972626676,5250.0
2.47,182,34200,60.0,54.0,54.0,247.0,540.4000000000002,46293.66260113514,0.2192513368983957,0.5824175824175825,2283.400809716599
9.06,1754,378424,112.0,54.0,60.0,297.0,445.0,67599.85497361301,2.4305191685326033,0.47947548460661343,5192.05298013245
1.6,117,20869,66.0,54.0,54.0,220.0,450.4000000000002,47206.574329753814,0.2727328169787156,0.6239316239316239,2212.5
4.3,628,168563,112.0,54.0,60.0,298.0,616.0,156595.13404955578,2.0187864894874457,0.49363057324840764,4074.4186046511627
4.67,352,61993,60.0,54.0,54.0,241.75,471.60000000000014,41535.69381940858,0.2258364312267658,0.6136363636363636,2402.5695931477517
6.36,696,152727,81.5,54.0,54.0,300.0,543.0,80459.01018752478,1.0961995086399758,0.5172413793103449,3094.3396226415093
5.74,1456,1024365,78.0,54.0,60.0,796.0,2974.0,1161767.687314617,3.970377594689802,0.5103021978021978,7285.714285714286
1.26,122,20439,60.0,54.0,54.0,184.0,542.9,36246.15056436442,0.24211485870556063,0.5983606557377049,3047.6190476190473
5.85,1199,356988,148.0,54.0,60.0,472.0,724.0,107972.02482747298,2.4374356060970794,0.45037531276063386,5220.512820512821
3.93,928,341757,268.0,54.0,60.0,545.0,904.0,177043.00218187986,3.5173088361641662,0.4245689655172414,5679.389312977099
9.93,810,189269,62.0,54.0,54.0,298.0,616.0,106049.35596555402,0.25381073829949324,0.5728395061728395,2477.3413897280966
7.18,769,175778,60.0,54.0,54.0,292.0,580.0,94562.0173362802,0.7102687345540875,0.5500650195058517,3250.6963788300836
5.07,371,96274,60.0,54.0,54.0,353.5,760.0,110271.95889306239,0.13130434782608696,0.5660377358490566,2260.3550295857985
2.38,175,47029,60.0,54.0,54.0,364.0,868.0,135167.16519183674,0.11917850598510268,0.6,2394.9579831932774
6.0,1930,567405,184.0,54.0,60.0,445.0,687.0,109229.24812612419,3.3875365367068246,0.4409326424870466,8090.0
7.83,1053,316379,148.0,54.0,60.0,489.0,768.0,96955.5319157763,1.573274880437258,0.45489078822412155,3440.613026819923
4.31,352,91857,60.0,54.0,54.0,296.25,832.0,137570.67147953252,0.12313843445088402,0.6221590909090909,2533.642691415313
9.15,642,148612,60.0,54.0,54.0,292.0,652.0,90969.60796187924,0.15347956348282338,0.573208722741433,2163.934426229508
5.09,910,595212,112.0,54.0,60.0,580.0,2958.0,1030283.6970365898,5.565827937299372,0.4857142857142857,4915.520628683694
2.56,231,42095,60.0,54.0,54.0,220.0,544.0,45404.627012237404,0.19601659279463576,0.6277056277056277,2812.5
3.53,223,51856,60.0,54.0,54.0,299.0,680.8000000000004,78598.34720183394,0.15202274898362694,0.5515695067264574,1971.6713881019832
5.63,488,162250,78.0,54.0,54.0,436.0,1310.8000000000004,215328.56105549584,0.09863694534916002,0.5840163934426229,2525.754884547069
1.8,87,18889,60.0,54.0,54.0,261.0,562.4000000000003,72902.26265028407,0.159047677486654,0.5632183908045977,1499.9999999999998
1.42,98,23389,60.0,54.0,54.0,320.25,597.8,92505.85599750107,0.13754194834881572,0.5408163265306123,2197.1830985915494
9.31,964,264945,78.0,54.0,54.0,364.0,724.0,146578.2282964739,0.9992227822884912,0.5383817427385892,2996.7776584317935
9.3,1584,436038,123.0,54.0,60.0,358.0,701.0,112923.89702421946,1.8178751454051958,0.4715909090909091,4445.1612903225805
5.95,428,93288,60.0,54.0,54.0,297.0,616.0,74571.73692025505,0.16122286397132046,0.5887850467289719,2248.7394957983192
0.03,5,1668,148.0,54.0,54.0,364.0,774.4000000000001,140418.24000000002,0.1813031161473088,0.4,4000.0
5.79,403,102147,60.0,54.0,54.0,328.0,724.0,107709.85185550063,0.14033893007055462,0.5707196029776674,2134.7150259067357
6.03,409,101865,60.0,54.0,54.0,328.0,760.0,100713.77650779227,0.13389955029164255,0.5525672371638142,2099.502487562189
7.05,553,161004,60.0,54.0,54.0,364.0,935.8000000000002,166288.46136640845,0.11030349840354736,0.5895117540687161,2442.553191489362
2.58,215,50835,60.0,54.0,54.0,285.0,590.0,97351.28848025962,0.14795745545694736,0.5767441860465117,2558.139534883721
8.8,943,263066,78.0,54.0,54.0,309.0,824.8000000000025,152614.32235515586,1.1074784698578009,0.5493107104984093,3136.3636363636365
0.61,39,8974,66.0,54.0,54.0,382.0,594.4000000000002,68016.55358316896,0.1459583705784702,0.5641025641025641,1967.2131147540986
5.65,1413,405085,148.0,54.0,60.0,436.0,688.0,98054.82323025147,3.229239314276169,0.45364472753007784,6403.5398230088485
1.77,280,69249,66.0,54.0,60.0,300.0,545.2,104478.74539540817,2.7982119350592365,0.5357142857142857,4847.457627118643
8.79,575,120424,60.0,54.0,54.0,292.0,564.4000000000001,68865.98812551986,0.16241626286221741,0.568695652173913,2027.3037542662116
1.96,289,81343,60.0,54.0,60.0,364.0,833.3999999999999,148606.8922785886,1.8379095000523322,0.5570934256055363,4591.836734693878
5.51,366,76898,60.0,54.0,54.0,270.0,652.0,70388.989220341,0.16321776486960732,0.6065573770491803,2058.076225045372
2.67,198,39900,60.0,54.0,54.0,292.0,583.0000000000001,60777.31037649219,0.17754692480226655,0.6161616161616161,2292.1348314606744
2.08,141,28074,60.0,54.0,54.0,328.0,508.0,47010.293647200844,0.17523442732752847,0.5531914893617021,2105.769230769231
3.66,234,47158,60.0,54.0,54.0,295.75,554.5000000000002,57797.3773102491,0.17642069550466496,0.6111111111111112,1999.9999999999998
2.91,618,193261,148.0,54.0,60.0,541.0,755.1000000000005,110233.56403106377,2.407281382228491,0.4692556634304207,5649.484536082474
1.4,77,10672,60.0,54.0,54.0,148.0,328.0,21878.889863383374,0.27686049294089493,0.6233766233766234,1714.2857142857144
5.06,583,175860,83.0,54.0,54.0,309.0,580.0,282753.9300359823,2.49580566930386,0.5060034305317325,3284.5849802371545
2.38,139,32143,60.0,54.0,54.0,294.5,659.2,76986.7603126132,0.15751377435269545,0.5755395683453237,1840.3361344537816
3.78,967,411185,131.0,54.0,60.0,454.0,1050.0,521125.15242506325,3.6261377316247203,0.4725956566701138,6952.380952380952
4.49,472,93234,83.0,54.0,60.0,292.0,447.0,45700.52454395289,1.9710334278703674,0.5063559322033898,2859.688195991091
5.35,1010,228058,112.0,54.0,60.0,298.0,494.0,63211.815445544555,2.336766792982867,0.47227722772277225,5001.869158878505
0.64,47,8591,60.0,54.0,54.0,202.0,580.0,43849.10366681757,0.1844753894940025,0.5957446808510638,2250.0
5.06,638,118963,80.5,54.0,54.0,297.75,458.0,41499.0385535716,1.0020700100976103,0.5297805642633229,3604.7430830039525
6.07,693,167620,60.0,54.0,54.0,301.0,724.0,87915.01490268589,0.7031437338698205,0.5483405483405484,3469.522240527183
0.87,59,10278,60.0,54.0,54.0,269.5,407.2000000000001,25766.534903763284,0.21188539087371772,0.5423728813559322,2068.965517241379
0.67,42,9734,69.0,54.0,54.0,319.0,544.0,77274.51473922902,0.13954577382346056,0.5476190476190477,1880.597014925373
6.19,574,116870,60.0,54.0,54.0,292.0,580.0,52954.70560526412,0.6813408142713279,0.5749128919860628,2878.8368336025846
5.12,576,116290,60.0,54.0,54.0,292.0,508.0,56576.432858314045,0.8204445835942392,0.5520833333333334,3445.3125
8.86,1062,304584,78.0,54.0,54.0,263.0,513.3999999999999,337710.8855692808,2.0809318133541033,0.5235404896421846,3534.988713318284
7.82,517,127724,60.0,54.0,54.0,364.0,616.0,97760.35936383465,0.13611214886765935,0.574468085106383,2071.611253196931
5.59,1177,355420,112.0,54.0,60.0,445.0,796.0,132942.3509072574,2.2570883964736717,0.46644010195412067,5495.527728085868
3.9,319,59546,60.0,54.0,54.0,256.0,487.9999999999997,61753.68372952311,0.5748327206368518,0.6238244514106583,2615.3846153846152
9.58,1287,405647,83.0,54.0,54.0,400.0,760.0,244647.2622344417,1.5065003274879818,0.5198135198135199,3789.144050104384
4.08,278,55053,62.0,54.0,54.0,266.0,552.4000000000003,63686.55650587444,0.1699464467868072,0.6115107913669064,2058.8235294117644
9.96,1018,218542,83.0,54.0,54.0,308.5,544.0,55341.145695747655,0.7229738252917061,0.5117878192534381,2885.5421686746986
8.54,615,143675,60.0,54.0,54.0,328.0,637.6000000000008,84479.2702491903,0.15351574417521718,0.5723577235772358,2213.114754098361
9.23,1156,358215,112.0,54.0,54.0,455.0,976.0,132062.46783069527,1.9101167410007067,0.49567474048442905,3425.78548212351
6.43,850,189250,83.0,54.0,54.0,321.0,580.0,57844.95778546714,1.0547870838852575,0.5270588235294118,3713.841368584759
4.03,754,367533,220.0,54.0,60.0,564.0,1145.2000000000016,515345.26015978435,2.798947760114113,0.4509283819628647,4764.2679900744415
8.65,770,234067,60.0,54.0,54.0,370.75,797.4000000000003,232678.7802344409,0.7983849900886641,0.5662337662337662,2795.375722543353
8.95,1472,396462,78.0,54.0,60.0,296.25,593.0,225225.78003714254,2.7534153199466047,0.5387228260869565,4853.631284916202
5.19,322,49894,60.0,54.0,54.0,220.0,364.0,24640.749083754486,0.2527996786019183,0.5869565217391305,1942.1965317919073
8.85,1199,287265,83.0,54.0,54.0,292.0,434.4000000000001,192977.0280585503,1.9217351505288853,0.5129274395329442,3911.8644067796613
7.49,966,268818,97.0,54.0,54.0,448.0,682.0,94051.93637076758,1.6078073766515977,0.5,3444.592790387183
9.08,937,227965,78.0,54.0,54.0,266.0,616.0,138881.1567515482,0.7443987022129718,0.5528281750266809,3046.2555066079294
8.13,1340,407592,112.0,54.0,60.0,298.0,540.0,327969.6058453999,3.1419846552512576,0.4880597014925373,4597.7859778597785
8.9,1063,233329,78.0,54.0,54.0,292.0,457.0,134038.60183420964,1.5612685100824377,0.5324553151458138,3539.325842696629
6.98,742,141609,78.0,54.0,54.0,292.0,472.0,46391.393249467816,1.268865959560355,0.5431266846361186,3103.151862464183
9.91,681,129409,60.0,54.0,54.0,238.0,508.0,56719.9595740047,0.19196264092550291,0.593245227606461,2167.5075681130174
5.84,377,83812,60.0,54.0,54.0,328.0,580.0,65677.14341197081,0.14782656331315566,0.5570291777188329,1972.6027397260275
9.36,1270,241967,83.0,54.0,54.0,297.0,436.0,41784.99424700849,1.072575740704258,0.5070866141732283,3897.4358974358975
8.18,587,127492,60.0,54.0,54.0,292.0,581.5999999999999,75443.85561672699,0.1543901268550629,0.5911413969335605,2193.154034229829
0.28,21,3426,60.0,54.0,54.0,220.0,417.0,25654.693877551024,0.17691514943318448,0.6190476190476191,2357.142857142857
4.53,1116,859443,112.0,54.0,60.0,1037.0,2974.0,1251595.3113293443,13.94345626206249,0.46774193548387094,6675.496688741722
4.56,376,66085,60.0,54.0,54.0,256.0,441.0,41332.04514910593,0.218471126189247,0.6037234042553191,2513.157894736842
0.99,92,20907,61.0,54.0,54.0,268.0,659.2,74683.49184782608,0.17501264542235712,0.5543478260869565,2848.4848484848485
5.56,1050,327666,148.0,54.0,60.0,472.0,725.0,129570.127477551,2.1005194878928095,0.4533333333333333,4651.079136690648
4.2,879,281393,148.0,54.0,60.0,328.0,664.0,217938.41237003994,4.075814423319745,0.46075085324232085,5471.428571428571
5.34,1422,466447,133.5,54.0,60.0,300.0,620.3000000000025,304234.6078229194,3.29279942572107,0.459915611814346,6820.224719101124
3.99,559,164614,103.0,54.0,60.0,297.0,400.0,328833.14760897466,3.664078880262934,0.4991055456171735,4015.0375939849623
4.55,565,166766,80.0,54.0,54.0,292.0,476.20000000000016,371793.32804135024,2.6345923326722316,0.5646017699115045,3626.3736263736264
5.11,657,178759,83.0,54.0,54.0,299.0,616.0,144431.25783217384,2.3392923858626617,0.5083713850837138,3639.9217221135027
6.33,773,196522,83.0,54.0,54.0,328.0,688.0,107115.22650114053,1.6019754263319563,0.5161707632600259,3507.109004739337
7.06,853,141454,78.0,54.0,54.0,256.0,386.0,28028.163763779725,1.2487997201996757,0.5463071512309496,3594.900849858357
8.16,784,217713,66.0,54.0,54.0,328.0,577.9000000000003,251948.77313977247,1.337782407009707,0.5522959183673469,2904.411764705882
4.45,995,264244,148.0,54.0,60.0,445.0,603.2000000000005,71265.6438312164,3.625634562195848,0.4452261306532663,5703.3707865168535
4.86,1029,187560,112.0,54.0,60.0,267.0,328.0,45356.6479273092,1.93925907352849,0.47619047619047616,5716.049382716049
5.78,918,251565,112.0,54.0,60.0,328.0,710.0,169747.08476440684,2.847206716726055,0.49455337690631807,4422.145328719723
8.5,1164,230006,112.0,54.0,60.0,292.0,472.0,40236.77958751078,1.6546096671437145,0.48195876288659795,3663.529411764706
4.14,280,47636,60.0,54.0,54.0,222.5,364.0,44723.88346938776,0.285097658357613,0.5857142857142857,2101.449275362319
9.69,907,193859,83.0,54.0,54.0,297.0,472.0,72463.5545998354,1.291883903765443,0.5181918412348401,2631.578947368421
2.67,203,37213,62.0,54.0,54.0,266.0,472.0,45470.698633793596,0.21010015608740895,0.5763546798029556,2337.078651685393
2.85,551,127737,148.0,54.0,60.0,298.0,511.0,58785.27154390136,2.246505362679815,0.44646098003629764,5094.736842105263
6.93,711,171054,90.0,54.0,54.0,184.0,436.0,251739.43591660887,1.6687156764852722,0.5077355836849508,2865.800865800866
0.06,12,1883,83.0,54.0,54.0,167.0,350.00000000000006,25156.90972222222,0.20782552918537525,0.5,6000.0
6.85,820,181720,78.0,54.0,54.0,328.0,580.0,66804.19892920881,1.1819841022069595,0.5365853658536586,3442.3357664233577
9.51,1525,329836,112.0,54.0,60.0,328.0,472.0,40389.78711271164,1.7801884724961647,0.4852459016393443,4277.602523659306
1.8,137,20111,60.0,54.0,54.0,205.0,400.0,19666.89253556396,0.25255356253114103,0.6277372262773723,2333.333333333333
6.75,772,178294,83.0,54.0,54.0,315.0,552.0,72080.7644164944,1.3099266706397534,0.5064766839378239,3217.777777777778
7.89,754,185095,78.0,54.0,54.0,328.0,690.8000000000002,92548.43807562144,1.1566308577820241,0.5411140583554377,2813.6882129277565
9.25,969,202696,78.0,54.0,54.0,267.0,487.2000000000012,121895.8837928306,1.085285433577153,0.5706914344685242,3100.5405405405404
7.93,1420,323705,112.0,54.0,60.0,301.0,482.8000000000038,92246.42314768894,2.5433359604185823,0.4732394366197183,4804.53972257251
9.62,1552,836584,112.0,54.0,60.0,328.0,2958.0,898816.0837496015,5.289868801924739,0.49033505154639173,4390.852390852391
4.69,339,67290,60.0,54.0,54.0,256.0,580.0,57637.14673558357,0.18853327681220855,0.584070796460177,2226.012793176972
7.35,808,156715,72.0,54.0,54.0,297.25,481.0,50100.33577437261,0.9063461748999477,0.556930693069307,3297.9591836734694
8.95,519,112222,60.0,54.0,54.0,292.0,590.0,71207.59763291641,0.16452727593470795,0.5684007707129094,1783.2402234636875
5.0,589,138089,83.0,54.0,54.0,298.0,652.0,73791.659703506,0.8940171174631042,0.5178268251273345,3408.0
0.76,311,51770,112.0,54.0,60.0,266.0,298.0,23823.907796652227,2.4614870286172774,0.45980707395498394,10894.736842105263
0.71,85,24879,60.0,54.0,54.0,220.0,1494.0,222465.15349480967,0.16846702987037385,0.5529411764705883,3718.3098591549297
2.8,513,202926,112.0,54.0,60.0,298.0,476.00000000000006,560463.5515201259,6.223365251130175,0.4697855750487329,4907.142857142858
4.88,887,200835,112.0,54.0,60.0,328.0,746.0,60215.27863197457,3.227215323089876,0.4926719278466742,4942.622950819673
5.61,741,128172,83.0,54.0,60.0,256.0,445.0,29158.42159899906,1.2560329502050587,0.5114709851551957,3796.7914438502676
3.24,185,45384,78.0,54.0,54.0,292.0,472.0,124701.26585829073,0.13253312704314626,0.5567567567567567,1685.185185185185
4.21,344,73894,60.0,54.0,54.0,256.0,618.8,81725.37016630611,0.16447358053485037,0.5988372093023255,2593.8242280285035
5.84,1262,306211,112.0,54.0,60.0,298.0,576.0,81010.10218291094,2.880066904040852,0.4508716323296355,5660.95890410959
6.29,1016,376295,112.0,54.0,60.0,374.0,719.5,449444.2013676839,3.070078092889437,0.47244094488188976,4359.300476947536
2.09,175,41514,66.0,54.0,54.0,297.5,688.0,90838.07033469387,0.15721692590734238,0.5542857142857143,2526.315789473684
8.92,611,151727,66.0,54.0,54.0,292.0,688.0,115363.62714661109,0.15469558599695585,0.5711947626841244,2078.47533632287
1.72,534,337081,184.0,54.0,60.0,568.0,2958.0,935422.9078574536,7.534560461818918,0.4363295880149813,7779.069767441861
3.4,334,94281,60.0,54.0,54.0,220.0,442.9999999999999,427494.12306823477,1.8944524606268995,0.6317365269461078,3176.470588235294
0.91,58,11660,69.0,54.0,54.0,347.5,529.3000000000001,46351.10225921521,0.17492946392583636,0.603448275862069,1912.0879120879122
2.77,388,100896,83.0,54.0,54.0,436.0,616.0,82558.16840259326,1.3533692533762507,0.5180412371134021,3898.916967509025
3.72,224,44873,72.0,54.0,54.0,292.0,559.7000000000004,50340.71075813138,0.2548728991302889,0.5625,1806.4516129032256
5.08,315,78535,60.0,54.0,54.0,292.0,725.2,122783.76588561351,0.1409664109716411,0.5936507936507937,1925.1968503937007
3.81,685,160835,112.0,54.0,60.0,321.0,559.0,60893.03268154935,2.147825576388617,0.4846715328467153,4787.40157480315
9.96,1439,286660,83.0,54.0,60.0,298.0,514.6000000000004,43954.92068994326,1.4814106281865949,0.5142460041695622,4018.072289156626
6.26,482,86503,60.0,54.0,54.0,184.0,364.0,121441.4729644806,0.9992835186169599,0.5684647302904564,2405.7507987220447
7.59,719,133447,60.0,54.0,54.0,220.0,436.0,57179.6389979128,0.46124786474530244,0.5549374130737135,2893.280632411067
5.57,999,299789,83.0,54.0,60.0,328.0,545.0,273405.6687398108,3.208746314755019,0.5025025025025025,5008.976660682226
9.83,1333,296000,78.0,54.0,54.0,256.0,544.0,106321.40276967216,0.7790385979252563,0.5318829707426856,4022.380467955239
1.73,170,42508,72.0,54.0,54.0,511.75,552.0,60577.70366782007,0.1427803317471839,0.5117647058823529,2947.976878612717
0.02,4,1492,303.0,54.0,54.0,622.0,748.0,111561.0,0.07803468208092486,0.5,6000.0
5.78,988,274921,78.0,54.0,60.0,309.0,566.0,240153.15602103792,2.326569381927303,0.5242914979757085,5013.840830449827
3.23,223,45891,60.0,54.0,54.0,274.0,467.80000000000024,88549.23360614531,0.5758730812815493,0.5605381165919282,2173.374613003096
2.25,507,158725,118.0,54.0,60.0,501.0,940.8000000000004,110506.25191305939,5.090284705701788,0.4477317554240631,5706.666666666667
3.73,256,42946,60.0,54.0,54.0,220.0,436.0,43892.535095214844,0.30242008855461877,0.58203125,2107.2386058981233
6.16,459,94451,60.0,54.0,54.0,256.0,544.0,101196.87121287633,0.33307457799356405,0.6274509803921569,2318.181818181818
6.53,1044,217274,112.0,54.0,60.0,292.0,580.0,48179.750711968416,2.2780736561005415,0.49616858237547895,4437.978560490046
4.24,294,46388,60.0,54.0,54.0,159.25,353.1999999999996,57198.83016335787,0.39395396357954204,0.6190476190476191,2150.943396226415
3.48,558,156892,112.0,54.0,60.0,400.0,760.0,96576.30853920171,1.9771342909732632,0.48028673835125446,4431.0344827586205
7.57,1106,238683,112.0,54.0,60.0,297.0,509.0,52633.88967378332,1.6087854675818651,0.4873417721518987,4081.9022457067367
0.68,39,6544,60.0,54.0,54.0,130.0,297.0,73843.03484549638,0.654196157735086,0.6410256410256411,2029.4117647058822
1.18,65,10925,83.0,54.0,54.0,256.0,349.6,40716.34792899408,0.4564724703372884,0.5384615384615384,1576.271186440678
5.01,1007,317600,112.0,54.0,60.0,436.0,967.0,165418.11723891052,4.041029792232116,0.46871896722939427,5293.413173652695
2.83,514,97206,83.0,54.0,60.0,184.0,267.0,151207.80738542596,2.5148249927682964,0.5155642023346303,5342.756183745582
0.61,32,4017,60.0,54.0,58.5,148.0,184.0,18621.9365234375,1.0910983862571577,0.65625,1672.1311475409836
6.97,1693,1694916,184.0,54.0,60.0,2878.0,2974.0,1614010.924764736,15.081559846292519,0.45717660956881273,6361.549497847919
3.78,713,136578,83.0,54.0,60.0,220.0,472.0,45171.65802399439,2.3979698462457084,0.5161290322580645,5492.063492063492
7.63,492,73319,70.0,54.0,54.0,184.0,364.0,21120.2738903761,0.27724548811929484,0.5630081300813008,1934.4692005242462
2.21,280,69871,148.0,54.0,54.0,364.0,544.0,59858.96988520409,1.718187123127796,0.41785714285714287,2959.2760180995474
5.77,573,99351,60.0,54.0,54.0,276.0,411.20000000000095,34585.5881143609,0.8744410693734317,0.5671902268760908,3057.1923743500865
1.83,136,31035,60.0,54.0,54.0,337.0,564.0,71858.12970371974,0.14867865867199645,0.5588235294117647,2360.655737704918
9.44,907,197272,60.0,54.0,54.0,220.0,566.0,119595.29740873692,0.7101147751308992,0.5843439911797134,2949.1525423728817
7.24,1268,250580,112.0,54.0,60.0,297.0,446.0,41062.18080088368,2.023772173283456,0.46608832807570977,4665.745856353591
7.72,1305,233952,112.0,54.0,60.0,292.0,445.0,33893.944320253664,1.8770367819767084,0.4812260536398467,4585.492227979275
1.09,68,13464,61.0,54.0,54.0,293.25,554.8000000000002,48527.35294117647,0.17353787152444872,0.6176470588235294,1926.6055045871558
9.86,1375,269456,78.0,54.0,60.0,267.0,486.8000000000018,58361.1960669091,1.0394483886105266,0.528,4113.5902636916835
8.42,1540,392014,128.5,54.0,60.0,328.0,580.0,75111.11585596223,2.134507132348238,0.462987012987013,4824.228028503563
3.54,364,71125,83.0,54.0,60.0,184.0,298.0,167992.55834893126,1.9234658226807513,0.5137362637362637,3033.8983050847455
9.08,1049,291603,83.0,54.0,54.0,364.0,832.0,128349.05496269089,1.8056015240147782,0.5166825548141086,3297.3568281938324
7.36,650,106801,60.0,54.0,54.0,220.0,403.6000000000008,27880.20745325444,0.679815662404253,0.5646153846153846,2706.5217391304345
4.19,296,73578,60.0,54.0,54.0,258.75,590.0,204611.7647461651,0.566022475736421,0.5878378378378378,2233.8902147971357
2.38,469,102918,91.0,54.0,60.0,299.0,652.0,67983.90967489693,1.8384125320610056,0.5053304904051172,5697.478991596639
6.45,866,261732,112.0,54.0,54.0,400.0,659.0,216886.56098224426,1.7323520200438458,0.4838337182448037,3739.5348837209303
1.35,403,130561,148.0,54.0,60.0,510.5,868.0,136815.22258002943,4.015789473684211,0.4640198511166253,7955.555555555555
7.46,492,77359,60.0,54.0,54.0,220.0,364.0,29036.94333316809,0.24509504112278896,0.5711382113821138,2067.024128686327
6.59,446,72086,60.0,54.0,54.0,220.0,425.5,32584.390617144923,0.2326818174045384,0.6053811659192825,2121.3960546282246
9.48,1370,395370,83.0,54.0,60.0,314.25,692.0,166903.95262400768,2.0330019331676334,0.5036496350364964,4031.645569620253
9.97,1235,318615,78.0,54.0,57.0,267.0,544.0,230673.7739415496,2.3012309095053567,0.5230769230769231,3556.67001003009
4.25,663,146625,112.0,54.0,60.0,309.0,580.0,52184.7817612252,2.0468798703322735,0.49019607843137253,4221.176470588235
5.11,325,73800,60.0,54.0,54.0,328.0,616.0,74982.70485207101,0.1513799397787728,0.5753846153846154,1984.344422700587
6.82,864,196453,83.0,54.0,54.0,298.0,580.0,64939.10734819745,1.6289426847056618,0.5254629629629629,3510.2639296187685
6.67,546,100450,60.0,54.0,54.0,292.0,472.0,40452.04696158542,0.5130290706431692,0.5897435897435898,2644.6776611694154
9.97,1307,317284,78.0,54.0,54.0,328.0,650.4000000000001,81921.3420923999,1.5890378542460566,0.5256312165263963,3827.482447342026
3.83,566,122062,112.0,54.0,60.0,298.0,542.0,44749.09099876387,1.5211607972735723,0.4823321554770318,3932.114882506527
0.75,72,7799,60.0,54.0,60.0,112.0,285.69999999999993,8700.634066358025,0.7435725463894478,0.6944444444444444,3840.0
4.56,501,134212,83.0,54.0,54.0,328.0,436.0,236537.41265572648,1.8242671660949896,0.5469061876247505,3210.5263157894738
5.93,826,150037,80.5,54.0,60.0,292.0,400.0,42408.29496713941,1.2563990736006256,0.513317191283293,3976.391231028668
1.22,306,58239,83.0,54.0,60.0,292.0,364.0,37225.35611303346,2.6586882774217866,0.5098039215686274,7229.508196721312
3.94,270,68903,63.0,54.0,54.0,328.0,616.0,120301.53554183811,0.15101147620399913,0.5518518518518518,2071.0659898477156
2.9,191,43843,60.0,54.0,54.0,308.5,714.0,80229.17995668978,0.15607530851176035,0.5706806282722513,2089.655172413793
9.51,795,148905,60.0,54.0,54.0,220.0,472.0,63827.85351845258,0.3807956231454006,0.5874213836477987,2656.1514195583595
4.55,1033,248034,112.0,54.0,60.0,299.0,543.4000000000002,85486.4176371418,2.107572416558084,0.46950629235237173,6026.373626373626
7.48,1036,257852,83.0,54.0,60.0,297.25,455.0,207730.78947093812,2.377457593817539,0.5183397683397684,3994.652406417112
0.61,34,4043,63.0,54.0,54.0,131.5,213.7,10380.668685121107,0.5848686789494316,0.5882352941176471,1770.4918032786886
8.98,1105,193674,83.0,54.0,54.0,256.0,448.0,30245.25438381688,1.2499825739445618,0.5239819004524887,3534.521158129176
6.86,836,194087,78.0,54.0,54.0,297.0,608.0,77300.34593272819,1.265360194220085,0.5203349282296651,3533.5276967930026
1.32,115,24544,66.0,54.0,54.0,268.5,590.0,73534.9749716446,0.16322274881516588,0.6260869565217392,2636.363636363636
7.17,1394,339105,112.0,54.0,60.0,308.5,580.0,83489.16963714134,2.165743999551892,0.4770444763271162,5246.861924686193
8.91,798,156466,60.0,54.0,54.0,256.0,472.0,85112.78419105407,0.627819392426134,0.6115288220551378,2794.612794612795
2.9,221,50853,60.0,54.0,54.0,328.0,590.0,80853.39640875492,0.14924631065108815,0.5701357466063348,2337.9310344827586
2.82,508,118791,112.0,54.0,60.0,347.75,540.0,62110.657646940286,1.9834241655574252,0.4921259842519685,5042.553191489362
1.94,420,91613,112.0,54.0,60.0,364.0,564.0,46361.743599773254,2.529006163328197,0.4880952380952381,5907.216494845361
3.8,260,49378,60.0,54.0,54.0,292.0,544.0,44197.208224852075,0.18665737425200069,0.5923076923076923,2194.7368421052633
1.72,990,759313,112.0,54.0,60.0,1111.0,2958.0,1230129.6289980614,7.9603969743099565,0.4686868686868687,15418.60465116279
6.73,1004,472744,78.0,54.0,60.0,337.0,2169.0,724803.3709941113,4.136455990525549,0.5438247011952191,4421.9910846953935
3.49,306,67464,78.0,54.0,54.0,220.0,508.0,110213.1053440984,0.1819822345252904,0.5686274509803921,2561.6045845272206
5.16,337,68621,60.0,54.0,54.0,269.0,580.0,58859.332758058976,0.17413250290876736,0.5905044510385756,2058.139534883721
3.52,298,61894,60.0,54.0,54.0,266.0,590.0,62477.70744561056,0.17039502297524725,0.5738255033557047,2642.0454545454545
4.65,350,98625,60.0,54.0,54.0,306.25,688.0,276639.5512244899,0.6662442980233148,0.62,2464.516129032258
4.77,389,80981,60.0,54.0,54.0,292.0,544.0,70125.62149338162,0.1880143768796303,0.5861182519280206,2490.5660377358495
8.42,885,173486,60.0,54.0,54.0,280.0,529.6000000000008,54240.20930639344,0.6082877537776954,0.5694915254237288,3249.4061757719714
2.06,777,335549,266.0,54.0,60.0,509.0,963.0,397941.63961313776,5.426787458581525,0.4118404118404118,9087.378640776698
0.12,14,2325,57.0,54.0,54.0,301.0,425.20000000000005,26173.209183673473,0.2608459869848156,0.5714285714285714,4000.0
1.83,107,19456,60.0,54.0,54.0,292.0,508.0,33981.710018342215,0.16831802077703717,0.5700934579439252,1803.27868852459
6.39,420,68166,60.0,54.0,54.0,229.0,436.0,29118.324285714287,0.2251478279624005,0.5833333333333334,2037.5586854460093
9.04,597,110574,60.0,54.0,54.0,256.0,491.7999999999994,43525.50942316272,0.2019696936756745,0.5728643216080402,2037.610619469027
7.44,2192,1974437,112.0,54.0,60.0,2834.0,2974.0,1514501.7739405322,15.039944758113652,0.47764598540145986,7991.935483870967
0.61,51,6697,60.0,54.0,54.0,148.0,328.0,17210.725105728565,0.2619182212172602,0.5686274509803921,2655.737704918033
2.16,1435,1235312,112.0,60.0,60.0,1514.0,2974.0,1469140.9842129927,9.281329327263194,0.47665505226480837,18638.888888888887
8.73,1163,348205,60.0,54.0,54.0,298.0,614.1999999999996,301202.5672169036,2.360403397027601,0.5374032674118658,4027.4914089347076
2.1,160,28351,69.0,54.0,54.0,184.0,475.5999999999998,47103.96871093749,0.21349997859863887,0.55625,2285.7142857142853
4.24,306,72020,78.0,54.0,54.0,296.5,688.0,81073.97535136058,0.14033282138163625,0.5555555555555556,2150.943396226415
2.69,206,48996,60.0,54.0,54.0,291.0,652.0,105208.01470449618,0.14116688016769535,0.5922330097087378,2453.5315985130114
2.07,1156,808416,184.0,54.0,60.0,593.0,2974.0,1079918.865303337,7.437875751503006,0.421280276816609,13623.188405797104
8.59,902,179446,78.0,54.0,54.0,298.0,508.0,44266.73060112781,1.0049832402234637,0.5388026607538803,3087.310826542491
1.98,140,30587,66.0,54.0,54.0,305.5,581.0000000000001,61149.77811224491,0.1763778316218607,0.5642857142857143,2151.5151515151515
5.06,823,221895,123.0,54.0,54.0,400.0,652.0,85440.51571688204,1.3787547436804528,0.48116646415552855,4256.916996047431
3.07,283,48273,60.0,54.0,54.0,224.5,364.0,53756.6187865999,0.6967066183965415,0.6113074204946997,3107.4918566775245
9.08,591,111238,60.0,54.0,54.0,256.0,508.0,50690.141124195135,0.18921519366253647,0.5803722504230119,2015.418502202643
6.68,467,100914,60.0,54.0,54.0,266.5,592.4000000000002,75932.64287515645,0.1720693620134961,0.5931477516059958,2191.616766467066
0.74,50,12919,69.0,54.0,54.0,427.0,630.4000000000002,104422.43559999998,0.12173309021446557,0.54,2027.027027027027
1.83,577,107607,112.0,54.0,60.0,266.0,328.0,72395.78202559704,2.095001150483203,0.49913344887348354,9114.754098360654
0.69,66,7762,60.0,54.0,54.0,141.75,261.5,11882.147842056933,0.30453781512605044,0.6212121212121212,3304.3478260869565
3.31,662,179749,83.0,54.0,60.0,321.0,652.0,142412.63914394722,2.9213115469360154,0.5045317220543807,5528.70090634441
9.91,1056,268768,83.0,54.0,54.0,400.0,664.0,95122.56037649218,0.7409621774982349,0.5189393939393939,3057.5176589303737
8.26,892,237697,66.0,54.0,54.0,364.0,741.0,125780.40191211364,0.4239577779508408,0.554932735426009,3254.237288135593
9.13,1480,414722,112.0,54.0,60.0,364.0,800.0,121069.75266435355,1.793098106828483,0.4918918918918919,4435.925520262869
7.03,1111,253458,112.0,54.0,60.0,297.0,472.0,92754.88186136345,1.8998444007139261,0.4896489648964896,4318.634423897582
4.44,290,59517,60.0,54.0,54.0,256.0,616.0,60584.246623067775,0.17934847223873499,0.5862068965517241,2054.0540540540537
0.66,50,10050,72.0,54.0,54.0,211.0,511.6,61013.08,0.22292528595765393,0.58,2272.7272727272725
4.89,1038,260469,112.0,54.0,60.0,400.0,595.0,65348.75762359807,2.676396279411142,0.4595375722543353,5570.552147239265
5.46,475,114274,83.0,54.0,54.0,364.0,586.0000000000002,75660.54725318559,0.8753733547773,0.5178947368421053,2428.5714285714284
4.74,713,148840,78.0,54.0,54.0,328.0,521.0,44799.123506744116,1.360853358712031,0.5329593267882188,4367.088607594937
7.75,830,210128,78.0,54.0,54.0,309.0,616.0,131892.80127159238,1.0995164062187763,0.5216867469879518,3089.0322580645156
7.58,1212,312994,112.0,54.0,60.0,325.0,652.0,81943.28278001069,2.12085830234019,0.4744224422442244,4290.23746701847
8.6,1085,277331,103.0,54.0,54.0,346.0,590.0,102143.80219074519,1.1606728267136202,0.49953917050691243,3551.162790697674
7.86,1070,326947,112.0,54.0,55.5,328.0,749.0,244246.88963315572,1.8736025172268316,0.49439252336448597,3671.7557251908397
5.89,1406,701896,148.0,54.0,60.0,461.0,1506.0,644974.9097669204,5.694542471815806,0.465149359886202,6346.349745331069
2.22,380,73607,112.0,54.0,60.0,297.0,510.20000000000005,27490.440519390584,2.1101111251954197,0.48157894736842105,4432.432432432432
8.21,1273,354046,112.0,54.0,60.0,328.0,633.0,174789.5018466192,2.045137873496981,0.49803613511390415,4304.506699147381
9.05,1271,258791,112.0,54.0,60.0,297.0,472.0,49067.748051460876,1.5869786876724379,0.4925255704169945,3785.635359116022
2.26,186,35412,60.0,54.0,54.0,217.25,580.0,54032.989941033644,0.19570502431118314,0.6182795698924731,2628.318584070797
1.33,80,17290,61.0,54.0,54.0,328.0,580.0,74842.334375,0.1451847926877732,0.575,1939.8496240601503
7.03,908,197665,78.0,54.0,60.0,220.0,570.200000000001,109497.49259033747,1.2118343460113912,0.5451541850220264,3772.4039829302988
3.97,255,50268,60.0,54.0,54.0,256.0,516.9999999999999,60729.78325259516,0.16785540041353994,0.5843137254901961,2055.4156171284635
4.13,481,93744,60.0,54.0,54.0,256.0,516.0,50517.86609670602,1.655186087350592,0.5446985446985447,3544.7941888619857
7.13,1176,229904,83.0,54.0,60.0,256.0,444.0,56530.147947614416,2.3293846755390786,0.5195578231292517,4762.97335203366
5.75,726,190698,78.0,54.0,54.0,329.0,688.0,149504.70063520252,0.873077300854533,0.546831955922865,3766.95652173913
4.07,811,159346,112.0,54.0,60.0,258.0,540.0,47774.545565673,2.0904365702759837,0.49445129469790383,5601.965601965601
2.74,187,36837,60.0,54.0,54.0,238.0,424.60000000000014,84648.0212759873,0.19426163073431674,0.5882352941176471,2058.3941605839414
4.93,709,158081,112.0,54.0,60.0,298.0,508.0,45522.74054519666,1.9329115568006827,0.48801128349788436,3943.2048681541582
6.03,874,216265,112.0,54.0,60.0,364.0,594.0,65459.519038430335,1.77625869727079,0.4794050343249428,3990.049751243781
3.62,207,29471,60.0,54.0,54.0,184.0,364.0,23571.19979462765,0.25328513714650225,0.6183574879227053,1889.5027624309391
7.27,509,117991,60.0,54.0,54.0,300.0,688.0,90571.81633543178,0.14554368932038836,0.6051080550098232,2203.576341127923
0.35,33,11125,74.0,54.0,54.0,472.0,697.2,304759.318640955,0.8142530984996739,0.5757575757575758,2742.857142857143
1.49,177,33858,78.0,54.0,54.0,220.0,552.0000000000001,58208.148616298,0.24629145654654544,0.632768361581921,3543.6241610738257
3.71,224,46084,60.0,54.0,54.0,261.0,587.0000000000002,68213.06218112244,0.15867548336811405,0.5982142857142857,1876.010781671159
5.62,945,244609,118.0,54.0,60.0,359.0,580.0,96324.19411998546,2.262801958142699,0.4740740740740741,4516.014234875445
1.3,256,59968,261.5,60.0,60.0,309.0,513.0,42106.4609375,3.5183845690174804,0.44921875,5307.692307692308
7.3,959,248265,112.0,54.0,54.0,300.0,652.0,98365.61206331327,1.7751198846424698,0.4932221063607925,3649.315068493151
3.03,194,32879,60.0,54.0,54.0,254.75,450.7000000000004,31121.36297693698,0.20431486026152887,0.5927835051546392,2000.0000000000002
4.95,315,62255,60.0,54.0,54.0,266.5,574.4000000000003,55345.20957420006,0.18793649582108918,0.5841269841269842,1987.8787878787878
5.0,1210,347131,119.5,54.0,60.0,431.0,725.1000000000001,120124.83886961275,3.258022177518277,0.46611570247933887,6216.0
1.15,87,11330,60.0,54.0,54.0,184.0,292.0,12259.441405733916,0.2867688813174333,0.632183908045977,2452.1739130434785
1.17,65,11772,60.0,54.0,54.0,292.0,499.6,32615.72686390532,0.2127330792211806,0.5846153846153846,1692.3076923076924
5.05,329,64919,60.0,54.0,54.0,266.0,544.0,55935.914431684854,0.17905920813657827,0.5896656534954408,2007.920792079208
8.57,615,137714,60.0,54.0,54.0,298.0,593.0000000000001,79172.53424284486,0.15918923923839667,0.5951219512195122,2233.372228704784
2.51,151,35368,60.0,54.0,54.0,328.0,616.0,77462.34665146265,0.14537387868778134,0.5629139072847682,1912.350597609562
2.54,212,51468,60.0,54.0,54.0,328.0,652.0,94427.53364186542,0.1418809486832472,0.5707547169811321,2527.5590551181103
5.84,914,208480,91.0,54.0,60.0,300.0,566.0,79377.0344938209,1.3334527220630372,0.5032822757111597,4315.068493150685
9.63,1334,278844,91.0,54.0,60.0,292.0,550.0,48504.077149581135,1.9308808072314483,0.5022488755622189,3794.392523364486
9.42,907,180651,78.0,54.0,54.0,298.0,477.1999999999997,46711.85940054628,0.7021350770738326,0.5336273428886439,2834.394904458599
9.27,1021,238401,78.0,54.0,54.0,297.0,554.0,117269.27252093883,1.2900272804118957,0.55435847208619,3275.080906148867
6.04,352,74867,60.0,54.0,54.0,292.0,580.0,63137.00922488379,0.16218817429640323,0.5653409090909091,1778.1456953642385
5.93,1314,313653,112.0,54.0,60.0,300.0,514.0,85965.33900982047,2.9886693117656034,0.487062404870624,6111.298482293423
4.1,288,48213,60.0,54.0,54.0,220.0,436.0,35159.470377604164,0.21987197328138047,0.5729166666666666,2165.8536585365855
1.63,296,60029,60.0,54.0,60.0,266.0,542.5,74393.99067521912,1.90458218415832,0.5135135135135135,5521.4723926380375
5.38,352,66367,60.0,54.0,54.0,256.0,540.6000000000012,47016.99250225981,0.23004355481419703,0.5795454545454546,2029.739776951673
6.95,781,186450,83.0,54.0,54.0,364.0,616.0,80307.28690194947,1.5347344952282553,0.528809218950064,3254.6762589928057
5.18,784,159305,78.0,54.0,60.0,309.0,481.0,44657.75910916025,1.836829546263979,0.5255102040816326,4424.710424710424
1.46,129,23852,62.0,54.0,54.0,317.0,472.0,37233.22240249984,0.20016101439066117,0.5968992248062015,2712.328767123288
4.66,325,63719,60.0,54.0,54.0,256.0,557.2000000000005,56016.18427455621,0.18011260510427085,0.56,2150.2145922746777
3.43,321,58951,60.0,54.0,54.0,220.0,544.0,47480.277947613096,0.2051229633869616,0.5638629283489096,2868.8046647230317
9.16,1102,269411,60.0,54.0,54.0,266.0,508.0,205860.25116929784,1.314587145716814,0.5326678765880217,3641.9213973799124
5.79,792,210133,80.0,54.0,54.0,400.0,616.0,125041.67447039844,1.4678849519067025,0.5189393939393939,3979.2746113989638
7.11,828,164453,83.0,54.0,54.0,295.0,508.60000000000014,48842.44456550911,1.300975220718893,0.5229468599033816,3257.3839662447253
8.72,1577,407915,112.0,54.0,60.0,297.0,536.0,177617.90946022185,2.816534276438282,0.47114774889029803,4754.587155963302
5.7,347,51962,60.0,54.0,54.0,220.0,351.4000000000007,22707.09418731158,0.25282090847719163,0.590778097982709,1873.6842105263158
1.54,87,17381,60.0,54.0,54.0,294.5,544.0,50916.906328444944,0.18205930359085962,0.6206896551724138,1831.168831168831
5.0,676,208975,83.0,54.0,54.0,408.0,706.0,224791.11353550295,2.3464377792367928,0.5103550295857988,3840.0
0.85,447,103195,256.0,54.0,60.0,300.0,510.0,31582.00760726494,3.8665409101626973,0.3982102908277405,12352.94117647059
3.24,177,21607,78.0,54.0,54.0,148.0,292.0,10613.796865523958,0.34514100728381997,0.615819209039548,1629.6296296296293
9.19,1442,410366,112.0,54.0,60.0,298.0,540.0,233486.61789662603,3.3600760739064377,0.478502080443828,4171.926006528836
2.18,572,92689,112.0,54.0,60.0,266.0,298.0,13924.632705144506,2.290811616843002,0.4755244755244755,7321.100917431192
3.25,292,46519,78.0,54.0,54.0,256.0,400.0,21133.954247982736,1.1536574074074073,0.5582191780821918,2676.9230769230767
6.36,421,74451,60.0,54.0,54.0,247.0,472.0,49069.31984134596,0.19192161759761778,0.6270783847980997,2150.9433962264147
0.95,50,10593,60.0,54.0,54.0,283.0,580.0,60525.5204,0.1592252133946159,0.6,1705.263157894737
0.95,61,14935,74.0,54.0,54.0,292.0,688.0,123101.35017468422,0.3850505425206343,0.6065573770491803,1894.7368421052633
0.98,92,14175,60.0,54.0,54.0,136.0,436.0,38173.11377599244,0.2591046367027891,0.717391304347826,2877.5510204081634
4.5,532,111492,78.0,54.0,54.0,297.0,508.0,57626.16595059077,1.0563271178000333,0.5394736842105263,3520.0
8.62,1178,208804,78.0,54.0,54.0,269.0,446.0,32759.183883362497,1.4527375456649165,0.5314091680814941,3960.5568445475637
2.32,470,97562,112.0,54.0,60.0,297.0,496.0,38551.37146220009,2.221675527523693,0.4829787234042553,5663.793103448276
6.57,736,109453,60.0,54.0,54.0,148.0,328.0,28289.093083574557,1.040967405086895,0.5434782608695652,3452.054794520548
3.67,230,39475,60.0,54.0,54.0,184.0,547.5999999999998,39116.20689981095,0.22103993318692197,0.5739130434782609,1978.201634877384
7.52,1006,172911,60.0,54.0,54.0,223.0,446.0,30344.698256781383,0.9749745862411623,0.5467196819085487,4037.2340425531916
8.75,597,125823,60.0,54.0,54.0,292.0,566.0,74254.57498548017,0.16662648815042835,0.5912897822445561,2139.428571428571
3.26,184,37594,60.0,54.0,54.0,294.75,544.0,50542.35715973535,0.17393205096177866,0.5434782608695652,1730.0613496932517
0.71,61,9477,60.0,54.0,54.0,148.0,436.0,43503.54205858639,0.22886410788381742,0.7213114754098361,2704.2253521126763
3.47,211,37221,60.0,54.0,54.0,256.0,508.0,33528.49648480493,0.18443914081145585,0.5781990521327014,1953.8904899135446
9.79,1274,259888,98.0,54.0,60.0,292.0,508.0,53594.472488041225,1.4135439593606924,0.5,3671.0929519918286
1.86,233,45436,83.0,54.0,60.0,297.0,522.0,39727.42916612943,2.249839067305629,0.5236051502145923,3709.6774193548385
7.51,787,166883,62.0,54.0,54.0,261.0,595.0,73661.71164846804,1.321527439660569,0.567979669631512,3155.7922769640477
5.53,1056,269619,119.5,54.0,60.0,364.0,511.0,105908.74069440857,3.389330251033764,0.45359848484848486,4947.55877034358
0.99,108,13887,70.0,54.0,54.0,148.0,282.19999999999993,16690.483796296296,0.29845722300140254,0.6203703703703703,3272.7272727272725
5.56,359,64386,60.0,54.0,54.0,213.5,472.0,46764.45536580256,0.20011183597390494,0.6072423398328691,2017.9856115107914
6.73,866,194867,104.5,54.0,54.0,298.0,545.0,56030.22709732304,1.3818004033490192,0.49884526558891457,3601.783060921248
0.25,17,2468,60.0,54.0,54.0,220.0,306.40000000000003,13144.027681660898,0.3072033898305085,0.5294117647058824,2160.0
6.5,430,100375,60.0,54.0,54.0,297.75,652.0,93490.51489994592,0.15662053628014702,0.5837209302325581,2040.0
3.27,254,63579,60.0,54.0,54.0,292.0,641.2000000000006,116852.09617769235,0.13700418469902356,0.5748031496062992,2422.0183486238534
2.15,287,72768,60.0,54.0,60.0,256.0,940.0,132539.2443030752,1.7670545288615105,0.554006968641115,4158.13953488372
0.48,34,6639,60.0,54.0,54.0,283.0,580.0,46758.37110726644,0.18978494623655914,0.5882352941176471,2250.0
6.06,1134,295277,112.0,54.0,60.0,328.0,688.0,86842.37795150068,2.523886243480959,0.4691358024691358,4762.376237623763
4.39,1164,185430,87.0,54.0,60.0,220.0,379.0,21759.173831792254,2.1910170366546207,0.5042955326460481,7571.753986332575
6.36,646,95950,60.0,54.0,54.0,256.0,298.0,17896.40702968494,0.7414425205996588,0.56656346749226,3226.415094339622
8.43,1815,914947,78.0,54.0,60.0,400.0,2878.0,818024.9651423324,4.316862694962925,0.5305785123966942,6377.224199288257
6.97,1104,387856,112.0,54.0,60.0,297.0,583.0,486548.0287754675,5.086307001851678,0.47192028985507245,4192.2525107604015
9.8,2823,2391468,184.0,54.0,60.0,1080.5,2974.0,1346650.768666973,9.530323245399664,0.4445625221395678,7383.673469387754
4.53,792,547071,112.0,54.0,60.0,508.0,2958.0,1133157.8333189853,5.412591429107277,0.4962121212121212,4887.417218543046
7.36,1156,739504,66.0,54.0,54.0,590.0,2958.0,1044688.8688054502,2.262253788296535,0.5354671280276817,4720.108695652174
9.22,1682,595520,112.0,54.0,60.0,483.0,904.0,247413.05646129334,3.074661995730472,0.4762187871581451,4802.603036876356
4.93,1188,305846,112.0,54.0,60.0,400.0,508.0,120673.68985874459,2.5947203873909874,0.4671717171717172,6474.645030425963
2.29,213,44641,60.0,54.0,54.0,267.0,580.0,70546.9756441623,0.21333442052620136,0.5821596244131455,2986.8995633187774
4.32,911,194141,148.0,54.0,60.0,267.0,479.0,49934.18381749588,1.4995622505471868,0.4434687156970362,5430.555555555555
1.69,582,152623,266.0,54.0,60.0,400.0,523.0,51962.212718909796,3.417452966714906,0.40034364261168387,7917.15976331361
4.43,930,213360,112.0,54.0,60.0,269.0,524.5000000000003,124954.09080818594,1.6306963898204774,0.4881720430107527,5851.015801354401
5.32,830,331924,87.0,54.0,54.0,364.0,1140.9000000000083,468158.24221802875,1.7556994603569946,0.5120481927710844,4387.2180451127815
8.63,908,220659,103.5,54.0,54.0,299.0,580.0,87070.89069625842,0.7863943265167339,0.4977973568281938,2864.4264194669754
8.95,1621,342438,112.0,54.0,60.0,297.0,508.0,44034.332393960976,1.729720681079013,0.4571252313386798,4665.921787709498
4.88,1151,314727,184.0,54.0,60.0,400.0,638.0,81526.49462070152,2.7804590935844615,0.44048653344917466,5938.524590163935
4.47,2000,1599494,241.5,60.0,60.0,778.0,2974.0,1260796.9029909999,15.718692184674563,0.42,10791.946308724833
8.41,1166,353071,112.0,54.0,54.0,419.0,761.0,135382.53413982212,1.0487837430076827,0.4922813036020583,3731.272294887039
2.54,188,43045,60.0,54.0,54.0,307.75,652.0,87471.19542213672,0.15383584410014475,0.5957446808510638,2267.716535433071
4.54,373,99938,60.0,54.0,54.0,332.0,824.8000000000004,121477.65197766105,0.1253392187552783,0.5683646112600537,2563.8766519823785
0.37,356,116000,298.0,54.0,60.0,446.0,725.5,91917.8460421664,5.8131093621520025,0.3595505617977528,20432.432432432433
1.61,165,24028,60.0,54.0,54.0,184.0,395.7999999999997,26248.94971533517,0.591363666467978,0.6606060606060606,3540.3726708074532
3.65,521,154137,112.0,54.0,60.0,256.0,904.0,217481.04994455518,1.869640496714017,0.4779270633397313,3978.082191780822
1.16,65,13892,60.0,54.0,54.0,220.0,637.6,74058.44639053254,0.17380650612589776,0.6,1706.8965517241381
8.75,1155,269426,83.0,54.0,60.0,297.0,580.0,83723.85909859261,1.5264056111923783,0.5212121212121212,3723.428571428571
0.01,3,407,133.0,69.8,93.5,176.5,202.6,4596.222222222223,0.1529745042492918,0.3333333333333333,6000.0
4.07,942,212979,148.0,54.0,60.0,298.0,541.0,42411.21546174964,2.869320349544901,0.43842887473460723,5764.127764127763
3.73,221,43476,60.0,54.0,54.0,220.0,616.0,64506.208881882034,0.1939363980886472,0.6244343891402715,1865.9517426273458
6.93,600,169700,83.0,54.0,54.0,400.0,746.5000000000003,117290.93888888891,0.6054112861264841,0.505,2432.900432900433
2.2,302,64129,60.0,54.0,60.0,269.0,491.2000000000003,82367.379117144,1.503865375605185,0.5496688741721855,4418.181818181818
4.52,327,71455,60.0,54.0,54.0,292.0,590.0,68635.5524693956,0.1700507614213198,0.5565749235474006,2190.2654867256642
4.52,1238,416059,214.0,54.0,60.0,490.25,807.0,152660.96955653105,3.041565884695711,0.42407108239095315,6610.619469026549
2.37,207,28266,60.0,54.0,54.0,166.0,342.4000000000002,20417.938248267168,0.3098239110287303,0.642512077294686,2936.7088607594937
2.92,427,79247,83.0,54.0,60.0,266.0,472.0,33817.717280300996,1.718780019212296,0.5152224824355972,4232.876712328767
4.67,2338,2264864,220.0,60.0,60.0,2854.0,2974.0,1561213.583752939,14.529147182644708,0.432420872540633,12745.182012847965
7.12,863,190326,78.0,54.0,54.0,292.0,544.0,71497.81966488936,1.5246862812723847,0.5202780996523755,3598.314606741573
7.54,477,105133,62.0,54.0,54.0,292.0,600.4000000000009,77248.89079633805,0.1531408013513069,0.549266247379455,1909.814323607427
8.76,1017,230747,80.0,54.0,54.0,277.0,511.0,76740.35955327767,0.8443529693869395,0.52015732546706,3410.958904109589
0.85,58,9497,60.0,54.0,54.0,184.0,482.8000000000002,32030.43311533888,0.22132201646090535,0.6379310344827587,2258.823529411765
2.26,163,34220,78.0,54.0,54.0,328.0,580.0,55985.64040799427,0.1667234913058302,0.5828220858895705,2150.4424778761068
5.12,305,81182,60.0,54.0,54.0,400.0,745.6000000000008,108244.06929320075,0.12605764696091215,0.5606557377049181,1816.40625
8.24,958,237826,83.0,54.0,54.0,328.0,616.3000000000001,85604.01343264719,0.8729848712759004,0.5156576200417536,3218.4466019417478
2.88,447,94778,112.0,54.0,60.0,292.0,513.0,57486.6835828216,2.1626401494927925,0.4854586129753915,4291.666666666667
4.25,799,259883,184.0,54.0,60.0,436.0,798.8000000000006,166777.4841706075,2.7483845843189294,0.45056320400500627,4715.294117647059
5.7,560,110498,63.0,54.0,54.0,256.0,544.0,51496.023966836736,0.5250990297158158,0.5553571428571429,2957.8947368421054
7.81,915,223525,83.0,54.0,54.0,400.0,615.0,71619.23961897937,1.041566578680574,0.526775956284153,3395.646606914213
3.76,221,42420,66.0,54.0,54.0,292.0,508.0,48148.63958559408,0.1973580219035791,0.6063348416289592,1771.276595744681
5.36,1326,1325987,269.0,54.0,60.0,2854.0,2974.0,1500752.3279581817,8.020933396829717,0.4079939668174962,5798.507462686567
1.74,295,191484,60.0,54.0,60.0,522.0,2834.0,1136157.3699971272,6.7788430289242765,0.6305084745762712,6172.413793103448
0.47,21,4348,60.0,54.0,54.0,328.0,472.0,39044.04535147392,0.14180672268907563,0.5238095238095238,1404.2553191489362
0.81,55,11350,60.0,54.0,54.0,313.0,529.6,40376.9223140496,0.2000422922393741,0.5818181818181818,2074.074074074074
0.62,163,57652,292.0,60.0,60.0,508.0,904.0,88979.32921826188,5.5394736842105265,0.25766871165644173,4064.516129032258
5.46,1279,866451,66.0,54.0,60.0,590.0,2974.0,1150834.6206043253,5.184297491167339,0.5433932759968726,7054.945054945055
5.16,1181,385035,184.0,54.0,60.0,480.0,760.0,136951.46171709703,3.0752638096548512,0.4403048264182896,5686.0465116279065
2.52,626,186875,184.0,54.0,60.0,484.0,688.0,83449.90445191847,3.2709404639469777,0.43769968051118213,6285.714285714285
4.48,422,115163,60.0,54.0,54.0,298.0,760.0,137390.4090485389,0.261811368716308,0.556872037914692,2852.678571428571
2.49,186,59868,60.0,54.0,54.0,469.0,1174.0,184407.7037807839,0.09752878199017379,0.5483870967741935,2337.349397590361
3.32,588,432265,80.5,54.0,54.0,932.0,2974.0,1265989.0012118793,3.149531543984948,0.5034013605442177,5168.674698795181
5.45,870,535406,66.0,54.0,60.0,576.5,2974.0,999705.8187660194,4.8396884952663495,0.5333333333333333,4833.027522935779
5.32,726,220575,72.0,54.0,54.0,364.0,956.0,171798.77696764792,0.6639885936722039,0.5413223140495868,4093.984962406015
4.24,393,152191,60.0,54.0,54.0,552.0,1336.0,259395.78258195266,0.09932822883559665,0.5674300254452926,2830.188679245283
6.6,1128,665637,83.0,54.0,54.0,916.0,1514.0,738066.0380003207,2.0073462638420145,0.5079787234042553,4954.545454545455
6.56,522,168291,61.0,54.0,54.0,408.25,1169.5000000000005,195407.00941339677,0.0965226059930804,0.5651340996168582,2396.3414634146343
6.28,784,305431,78.0,54.0,54.0,472.0,1336.0,330703.3277264031,0.7595471958982631,0.5153061224489796,3659.2356687898086
5.04,329,74266,60.0,54.0,54.0,292.0,623.1999999999996,76181.54547722214,0.15599900379802004,0.5531914893617021,1976.1904761904761
1.13,45,11239,60.0,54.0,54.0,300.0,738.4000000000002,94785.0735802469,0.1353672088089706,0.5111111111111111,1221.2389380530976
0.16,14,2674,83.0,54.0,54.0,247.0,382.00000000000017,51539.28571428572,0.16463414634146342,0.5,2625.0
3.98,291,77026,60.0,54.0,54.0,328.0,868.0,123288.0954641537,0.1255351793672828,0.5807560137457045,2276.381909547739
6.93,920,248080,83.0,54.0,54.0,334.75,724.0,109697.50075614367,0.7833241080863483,0.525,3826.8398268398273
1.2,77,19307,60.0,54.0,54.0,364.0,832.0,94623.1273401923,0.12979109368599684,0.5584415584415584,2050.0
6.83,806,309493,83.0,54.0,54.0,419.75,1336.0,349818.27152590064,1.171911184718382,0.5297766749379652,3417.2767203513913
0.57,31,4284,60.0,54.0,54.0,84.5,400.0,30435.123829344426,0.24354136429608128,0.7741935483870968,2105.263157894737
7.52,1808,1782193,1498.0,54.0,60.0,1514.0,1514.0,467418.71541887335,0.06402123035773989,0.2936946902654867,4085.1063829787236
