duration_sec,packet_count,total_bytes,median_pkt_size,p10_size,p25_size,p75_size,p90_size,size_variance,up_down_ratio,pct_packets_under_100b,packets_smaller_equal_66b_per_min
5.9,803,134384,66.0,66.0,66.0,196.0,402.0,39584.885756867545,0.9858139259959806,0.6712328767123288,4698.3050847457625
5.58,667,95625,66.0,66.0,66.0,196.0,332.7999999999997,15930.279970959053,1.1349154964166908,0.664167916041979,4053.7634408602153
4.06,343,54138,66.0,66.0,66.0,95.0,503.2000000000003,44533.61765930861,0.3613800387255765,0.7580174927113703,3029.5566502463053
5.19,631,101466,66.0,66.0,66.0,196.0,389.0,33291.360123166254,1.090530740069227,0.6703645007923931,4023.121387283237
4.0,427,62576,66.0,66.0,66.0,124.0,440.8000000000004,29208.32732039335,0.5573142202976457,0.7306791569086651,3975.0
5.99,1094,195481,66.0,66.0,66.0,279.0,436.0,45989.6528354762,1.4009555626519934,0.6087751371115173,5699.499165275459
4.19,1115,178859,66.0,66.0,66.0,278.0,340.0,24279.291523256048,2.171483793176821,0.5838565022421525,8090.69212410501
3.48,450,54167,66.0,66.0,66.0,124.0,299.0,11023.52227654321,1.2231479581366715,0.6577777777777778,4517.241379310344
1.86,152,16131,66.0,62.400000000000006,66.0,90.0,232.0,7191.4120065789475,0.5510576923076923,0.7894736842105263,3161.290322580645
3.11,278,37579,66.0,66.0,66.0,90.0,242.8000000000004,76434.10202629263,0.8670011923688394,0.802158273381295,3144.694533762058
8.24,916,117052,66.0,66.0,66.0,95.0,268.0,33643.864695562625,0.7656233501772381,0.7631004366812227,4165.0485436893205
1.38,122,12797,66.0,54.0,66.0,90.0,196.0,11655.734547164742,0.4402926280247608,0.7704918032786885,3130.4347826086955
5.65,524,64702,66.0,54.0,66.0,97.0,304.0,15669.226574791679,0.6760439332711636,0.75,3472.5663716814156
1.67,147,21637,66.0,54.0,66.0,95.0,412.0,29176.91609977325,0.41723979825768,0.7551020408163265,3053.8922155688624
8.81,767,100838,66.0,54.0,66.0,90.0,304.0,26620.528148580037,0.38975715978940983,0.7705345501955672,3241.770715096481
8.9,1304,256989,66.0,66.0,66.0,196.0,407.0,96147.93495180002,1.3681911589889142,0.6702453987730062,4826.966292134831
8.89,1208,166938,66.0,66.0,66.0,160.0,309.0,18877.714132603833,1.0158185813992804,0.679635761589404,4731.158605174353
5.04,671,89039,66.0,66.0,66.0,160.0,310.0,15277.06405236307,0.7325459215442092,0.6780923994038748,4595.2380952380945
5.09,642,104417,66.0,66.0,66.0,160.0,457.0,40129.07993177473,1.059100769079077,0.6915887850467289,4514.734774066797
1.84,111,17186,66.0,54.0,66.0,90.0,268.0,102265.15088061037,0.3211869618696187,0.7927927927927928,2315.2173913043475
6.61,542,80030,66.0,66.0,66.0,124.0,376.0,33490.90806225406,0.3096484911959154,0.7380073800738007,2922.844175491679
0.13,7,888,66.0,66.0,66.0,142.0,232.00000000000006,8764.408163265307,0.4230769230769231,0.5714285714285714,1846.1538461538462
3.75,301,48029,66.0,66.0,66.0,124.0,328.0,74813.48168342514,0.500718660167479,0.7275747508305648,2640.0
1.61,386,89970,78.0,66.0,66.0,309.0,518.0,102015.41799779859,2.0468353144366556,0.5751295336787565,6857.142857142857
3.58,307,43183,66.0,66.0,66.0,124.0,340.0,30364.47807403792,0.4571129707112971,0.7133550488599348,2966.4804469273745
5.77,872,157376,66.0,66.0,66.0,232.0,459.0,46144.63020789496,1.707311199036642,0.5951834862385321,4866.551126516465
2.84,208,30064,66.0,66.0,66.0,135.5,340.0,25619.06582840237,0.3083819305422578,0.7067307692307693,2619.718309859155
6.04,658,108152,66.0,66.0,66.0,160.0,403.6000000000008,42779.35024620985,0.7416341911172663,0.6732522796352584,3715.2317880794703
8.44,1019,150053,66.0,66.0,66.0,160.0,340.0,24315.95648719472,0.8128911441343482,0.689892051030422,4236.96682464455
5.79,483,72598,66.0,54.0,66.0,95.0,340.0,46603.554141001085,0.33192676035665797,0.7556935817805382,2984.455958549223
9.17,1001,147088,66.0,66.0,66.0,124.0,371.0,33776.40911336415,0.7974825858487108,0.7062937062937062,3762.26826608506
6.46,3649,6210233,340.0,66.0,66.0,2962.0,2962.0,4048367.516166072,22.808682750662285,0.4360098657166347,12464.396284829721
8.52,1736,395361,70.0,66.0,66.0,308.0,376.0,140095.8881927706,2.075446893912286,0.586405529953917,6112.6760563380285
8.57,1075,274291,66.0,66.0,66.0,308.0,628.0,170523.4942944294,0.27858497997921006,0.6483720930232558,4053.6756126021
1.83,235,71396,66.0,54.0,66.0,300.0,1168.0,251311.75217745584,0.199751298122973,0.6723404255319149,4131.147540983607
4.8,723,227776,74.0,66.0,66.0,308.0,1055.2000000000025,269930.5638600498,0.4227285787455184,0.6141078838174274,4450.0
2.15,401,122713,74.0,66.0,66.0,309.0,850.0,236143.4236354252,0.2658654838044151,0.5860349127182045,5581.395348837209
8.81,2567,1165368,78.0,66.0,66.0,308.0,1514.0,598504.0027370864,2.140070272251083,0.5547331515387612,7900.113507377979
0.7,97,30454,66.0,66.0,66.0,308.0,923.2000000000003,342054.8436603252,0.8356841470765521,0.7010309278350515,4457.142857142858
7.53,1466,567118,74.0,66.0,66.0,308.0,1333.5,463840.19220568443,1.475330411858163,0.58731241473397,5649.402390438247
3.03,312,118525,66.0,66.0,66.0,308.0,1348.0,400956.49062089087,0.5116249410144244,0.6185897435897436,3108.910891089109
5.66,5248,9306783,520.0,66.0,66.0,2962.0,2962.0,6319769.842492808,21.539931993548105,0.4220655487804878,20151.943462897525
1.75,876,429292,112.0,66.0,66.0,321.0,1635.0,607055.0307228789,2.8422955749677787,0.4965753424657534,11382.857142857143
7.61,690,296837,78.0,66.0,66.0,369.75,1348.0,455474.6779689141,0.43631269778289605,0.5550724637681159,2609.724047306176
9.7,878,362033,78.0,66.0,66.0,309.0,1348.0,407279.15095007804,0.3639747574644438,0.5535307517084282,2579.3814432989693
0.55,64,36103,78.0,66.0,66.0,1162.0,1514.0,534272.0036621094,0.2545783090662682,0.5625,2945.4545454545455
5.93,513,199021,78.0,66.0,66.0,309.0,1348.0,393116.81475401745,0.4712544262343557,0.5692007797270955,2347.3861720067453
4.51,446,231299,78.0,66.0,66.0,517.0,1514.0,633270.4716010778,0.5678205640924835,0.5650224215246636,2807.09534368071
9.41,3950,2124368,197.5,66.0,66.0,320.0,2572.0,741618.2375565453,3.301402370625944,0.47341772151898737,10214.665249734326
2.38,210,80594,74.0,66.0,66.0,309.0,1348.0,384773.38058956916,0.28582140748895163,0.5952380952380952,2621.848739495799
6.1,2101,1140125,160.0,66.0,66.0,309.0,2572.0,755847.7137692643,2.485277844011176,0.4811994288434079,8203.278688524591
4.28,1599,897120,90.0,66.0,66.0,309.0,2608.0,820942.1656640467,2.9583655063779846,0.5121951219512195,9813.084112149532
5.26,1305,617099,91.0,66.0,66.0,309.0,1510.800000000001,614676.0558500314,2.4692456022982174,0.5049808429118774,6387.832699619773
8.72,2219,1160991,78.0,66.0,66.0,309.0,2545.6000000000013,737483.5237102811,2.3590087809394302,0.5236593059936908,6681.192660550459
6.84,3076,1738749,160.0,66.0,66.0,309.0,2608.0,817811.546888766,3.6973411210408584,0.48602080624187255,11070.17543859649
8.87,1618,810489,95.0,66.0,66.0,309.0,1570.599999999999,660316.4652132759,1.9417343583266187,0.5043263288009888,4687.711386696731
7.46,2503,1342570,196.0,66.0,66.0,309.5,2605.600000000002,758430.1471298763,3.3834010806928188,0.4758290051937675,8268.096514745308
8.28,1002,295632,66.0,54.0,66.0,297.0,1008.3999999999983,258461.72279393312,0.3372535892958919,0.656686626746507,3833.333333333334
7.28,785,211653,66.0,66.0,66.0,232.0,731.2000000000003,240838.94602783077,0.32999660671869696,0.7095541401273885,3576.9230769230767
4.01,905,447854,78.0,66.0,66.0,309.0,1687.0000000000032,706625.7423448613,2.6633674704708308,0.5646408839779006,6344.1396508728185
2.75,376,122402,66.0,66.0,66.0,259.0,1148.0,373770.82840086,0.7412865962955587,0.6914893617021277,4320.0
8.42,2288,1122439,78.0,66.0,66.0,309.0,1818.7000000000016,671316.1112827567,2.389293176959405,0.5393356643356644,7275.5344418052255
6.82,2292,1132907,90.0,66.0,66.0,309.0,1852.0,685747.2511008393,3.241699365003295,0.5130890052356021,8753.66568914956
9.92,2598,1135466,78.0,66.0,66.0,309.0,1506.0,598308.4720768803,2.782881739344814,0.5473441108545035,7215.725806451613
2.1,705,359748,112.0,66.0,66.0,309.0,1726.4000000000028,677832.0487822543,3.6224061058501547,0.4907801418439716,8571.42857142857
6.01,2105,1000149,78.0,66.0,66.0,309.0,1801.600000000005,663462.8068097112,3.40119254549055,0.5263657957244655,9304.4925124792
3.66,331,85001,66.0,54.0,66.0,296.0,760.0,179316.86054344152,0.3121285562124697,0.6858006042296072,2983.606557377049
3.73,401,116675,66.0,54.0,66.0,279.0,1039.0,263010.2677346533,0.31186894240931884,0.685785536159601,3410.1876675603216
7.55,1454,619160,78.0,66.0,66.0,309.0,1348.0,498744.219431668,1.4893656371370445,0.5357634112792297,5165.562913907285
0.05,13,2258,66.0,54.0,66.0,66.0,174.80000000000007,116204.82840236688,0.1567622950819672,0.8461538461538461,12000.0
1.83,257,115088,66.0,66.0,66.0,310.0,1519.6000000000001,615011.1168677801,1.8145068597001786,0.6575875486381323,4426.229508196721
9.18,2007,827141,78.0,66.0,66.0,309.0,1327.800000000002,512837.5506181776,2.0964567150210573,0.5430991529646239,5901.9607843137255
3.11,353,145869,66.0,66.0,66.0,308.0,1506.0,543468.3622370776,1.2073604406579606,0.6572237960339944,3627.009646302251
9.28,2245,1031333,78.0,66.0,66.0,309.0,1514.0,648698.4474930183,3.0387572006469323,0.5443207126948775,6568.96551724138
6.3,1291,470834,78.0,66.0,66.0,309.0,1096.0,386585.8238259151,1.3274738746576764,0.5600309837335399,5800.0
6.3,2377,1135119,90.0,66.0,66.0,309.0,1780.0,640565.7761530754,3.481004113406864,0.5107278081615482,9685.714285714286
3.6,400,103651,66.0,66.0,66.0,202.0,486.40000000000055,274264.41624375,1.1972992453150173,0.6875,3649.9999999999995
1.35,157,32714,66.0,66.0,66.0,196.0,476.80000000000007,109953.4049251491,0.48909827484182256,0.6878980891719745,3911.111111111111
3.21,282,80386,74.0,55.20000000000002,66.0,308.0,901.6000000000001,205289.18827020773,0.32494931680704126,0.6524822695035462,2579.4392523364486
9.5,1466,490467,66.0,66.0,66.0,309.0,892.0,361397.7128067949,1.2944214441091852,0.6098226466575716,4717.894736842106
6.45,1119,398239,74.0,66.0,66.0,308.0,952.0,443685.65240092936,1.8427773970647021,0.6085790884718498,5162.790697674419
9.1,1508,508425,74.0,66.0,66.0,309.0,704.1999999999994,379015.15930026595,2.0444975388926814,0.5928381962864722,4912.087912087912
1.41,138,25302,66.0,66.0,66.0,152.75,530.8,63396.777567737874,0.3441351466213345,0.7246376811594203,3191.4893617021276
2.76,689,203317,78.0,66.0,66.0,309.0,448.0,287250.64502307674,3.5219741114719096,0.5341074020319303,7021.739130434783
2.64,818,247228,196.0,66.0,66.0,309.0,529.000000000002,234063.49013934637,3.870432024585804,0.46943765281173594,7931.818181818181
8.45,1066,288063,66.0,66.0,66.0,268.0,448.0,319744.6750534164,2.072147686794787,0.6472795497185742,4097.041420118344
8.4,874,185438,66.0,66.0,66.0,124.0,412.0,216327.33438935116,1.947062282472228,0.6784897025171625,3571.428571428571
4.91,568,153024,66.0,66.0,66.0,232.0,412.0,333243.95640745887,1.6545467161641745,0.6461267605633803,3861.5071283095717
9.68,924,181433,66.0,66.0,66.0,151.0,340.0,169709.1838269054,1.3121909568231636,0.6893939393939394,3278.9256198347107
4.29,307,49240,66.0,62.80000000000001,66.0,132.0,476.8000000000004,42708.97424906365,0.32024882024882023,0.7231270358306189,2601.3986013986014
1.41,145,28891,66.0,66.0,66.0,160.0,570.3999999999999,67408.32456599287,0.22016217585944758,0.6758620689655173,3234.0425531914893
0.92,43,7399,66.0,66.0,66.0,124.0,507.40000000000026,61734.43699296918,0.42315829967301405,0.7209302325581395,1826.086956521739
5.43,427,103194,66.0,66.0,66.0,196.0,678.4000000000012,163357.71451606712,0.1816828508611213,0.6744730679156908,2563.53591160221
0.31,55,6789,66.0,54.0,66.0,82.0,324.40000000000003,24072.90049586776,0.45780545415503543,0.8363636363636363,7161.290322580645
1.51,225,77670,66.0,66.0,66.0,184.0,541.5999999999998,558315.7777777779,3.903409090909091,0.64,4847.682119205298
6.36,800,175752,66.0,66.0,66.0,160.0,448.60000000000014,213568.03140000004,2.07162081862351,0.69,4349.056603773584
9.99,1196,311512,66.0,66.0,66.0,281.0,484.0,259983.7786210445,2.406811172597826,0.6321070234113713,3765.7657657657655
9.14,941,181799,66.0,66.0,66.0,160.0,429.0,155886.54328890174,1.2017027563823088,0.6928799149840595,3551.4223194748356
7.21,1187,321904,66.0,66.0,66.0,294.5,436.0,283672.5135542372,2.5604123346458434,0.6065711878685762,5176.144244105409
5.86,550,153177,66.0,66.0,66.0,268.0,667.2000000000003,268205.4318049587,1.4992576155590727,0.6,2928.3276450511944
0.52,38,5038,66.0,66.0,66.0,134.0,340.0,14901.664819944595,0.28258655804480654,0.6842105263157895,2423.0769230769233
7.29,635,119063,66.0,66.0,66.0,196.0,412.0,114796.86732221462,1.0463537459395356,0.6881889763779527,3028.80658436214
9.67,2013,1859084,66.0,66.0,66.0,112.0,328.0,25674831.23705354,11.467618517500151,0.7496274217585693,7588.417786970011
2.16,171,23234,66.0,66.0,66.0,124.0,376.0,18196.135494682127,0.39510027620991955,0.7134502923976608,2749.9999999999995
8.92,776,109071,66.0,66.0,66.0,127.0,319.5,37045.414455242324,0.71449455334266,0.6958762886597938,3020.1793721973095
6.47,852,138977,66.0,66.0,66.0,187.0,309.0,68258.71247299918,1.3359441969913437,0.6643192488262911,4330.757341576507
2.73,458,64882,66.0,66.0,66.0,124.0,268.0,47726.24501821093,1.680077657069685,0.6375545851528385,5604.395604395604
9.98,908,140982,66.0,66.0,66.0,124.0,376.0,67145.3915222496,0.4381075760203197,0.7158590308370044,3246.492985971944
7.72,1112,217679,66.0,66.0,66.0,196.0,412.0,120367.85969201259,1.5754732607666824,0.6753597122302158,4756.476683937824
3.18,432,97580,66.0,66.0,66.0,174.0,633.6000000000063,142820.9762517147,2.2362695675245425,0.6666666666666666,4754.716981132075
0.38,34,3283,66.0,66.0,66.0,115.5,185.2,3084.8935986159167,0.5760921747479597,0.7352941176470589,3157.8947368421054
2.43,457,74884,66.0,66.0,66.0,196.0,440.00000000000034,42955.05697417752,1.9634730301951007,0.6564551422319475,6197.530864197531
3.27,425,61047,66.0,66.0,66.0,160.0,304.0,32945.81628235294,1.6242101190732063,0.6658823529411765,4477.064220183486
9.56,800,105372,66.0,65.20000000000005,66.0,103.5,376.0,19380.918775,0.3697305307491323,0.74625,2999.9999999999995
3.53,677,162090,74.0,66.0,66.0,312.0,592.0,76169.06843773797,2.4171691191972005,0.5598227474150664,5490.084985835694
2.63,219,22436,66.0,54.0,66.0,78.0,133.6000000000003,23347.05089551926,0.9190830553417159,0.8401826484018264,3422.053231939164
8.24,2310,3694155,232.0,66.0,66.0,2962.0,2962.0,3818623.570301344,16.310455188701347,0.4354978354978355,6342.233009708738
5.23,1346,1070005,66.0,66.0,66.0,587.0,2962.0,1673956.2911300666,12.040889701401584,0.6396731054977711,7789.674952198852
6.87,688,164332,66.0,66.0,66.0,148.0,664.0,171820.88875743642,0.40542389696135195,0.7223837209302325,3379.912663755458
2.99,340,107797,66.0,54.0,66.0,308.25,1204.0000000000027,276622.053382353,0.2488357005491323,0.6852941176470588,3832.7759197324413
0.71,84,44471,66.0,54.0,66.0,879.25,1514.0,685507.3621031748,0.7601820700573917,0.6428571428571429,3633.8028169014087
4.12,444,168202,66.0,54.0,66.0,232.0,1348.0,432096.46771771763,0.266514566250273,0.6891891891891891,3684.4660194174758
6.08,2481,1330401,78.0,66.0,66.0,405.0,2320.0,733736.0850712085,3.6896956494151985,0.5316404675534059,10657.894736842105
4.47,941,363179,74.0,66.0,66.0,308.0,1204.0,510491.4332120057,2.03549697435726,0.5929861849096706,6174.496644295302
7.7,3337,1454002,112.0,66.0,66.0,309.0,1420.0,569010.5150779452,3.410129331262739,0.49595445010488465,10916.883116883117
6.51,2985,1139445,135.0,66.0,66.0,308.0,988.0,412759.64857116394,3.3367447914684365,0.4830820770519263,11308.755760368664
7.69,2138,969261,78.0,66.0,66.0,309.0,1514.0,628746.4864378902,2.585632477304508,0.5542563143124415,7459.037711313394
2.28,943,401205,238.0,66.0,66.0,312.0,1204.0,486490.31805264886,2.846017427648418,0.4591728525980912,9315.78947368421
9.92,2097,830079,74.0,66.0,66.0,308.0,1348.0,500077.30191710615,1.555701288505057,0.6075345731998093,6308.467741935484
0.5,182,52001,66.0,54.0,66.0,297.0,570.7000000000002,225923.63026808354,0.5178785136752386,0.5659340659340659,11040.0
5.57,1652,675805,78.0,66.0,66.0,308.0,1348.0,522770.45135509677,1.7436392940803924,0.5405569007263923,8003.5906642728905
6.38,3248,1520402,124.0,66.0,66.0,309.0,1517.2000000000007,631773.5181115624,3.411181710041489,0.4883004926108374,12705.329153605015
4.8,1371,523674,78.0,66.0,66.0,309.0,1024.0,481207.6501236141,2.073384588297435,0.5485047410649161,7875.0
7.42,968,369605,66.0,66.0,66.0,308.0,1348.0,424849.58346317697,0.5536084337602616,0.6270661157024794,3962.2641509433965
2.84,954,472846,78.0,66.0,66.0,308.0,2016.3000000000013,712098.4153536471,3.1407254321593077,0.5513626834381551,9190.140845070422
8.36,1110,393160,66.0,66.0,66.0,308.0,1348.0,393557.8598165734,0.490931016568007,0.6342342342342342,4119.617224880382
7.71,2093,1106396,78.0,66.0,66.0,310.0,2559.9999999999986,776777.4163659312,2.8596780101515757,0.5523172479694218,7408.560311284046
3.65,927,393441,124.0,66.0,66.0,309.0,1348.0,475804.96266272874,1.7391340671275508,0.4962243797195254,6164.383561643836
2.75,493,209493,66.0,66.0,66.0,232.0,1481.6000000000013,653829.107348724,2.2739931548595806,0.7139959432048681,6305.454545454546
3.98,2146,1029321,127.0,66.0,66.0,309.0,1778.0,664259.5640987501,4.495544604673761,0.4743709226467847,13326.633165829147
7.29,1279,447818,66.0,66.0,66.0,308.0,916.0,438587.2149591556,1.9744676328759116,0.6247068021892104,5473.251028806584
2.23,798,359534,78.0,66.0,66.0,309.0,1395.4000000000108,573692.5964472585,3.2579139970866544,0.5463659147869674,9632.286995515695
5.74,3086,1396864,93.5,66.0,66.0,309.0,1514.0,623274.5826871003,5.431914981789047,0.5038885288399222,14163.763066202091
2.35,361,67801,66.0,66.0,66.0,308.0,309.0,79223.91292270622,0.7522807743002611,0.6343490304709142,4927.659574468084
8.81,2564,1058684,78.0,66.0,66.0,309.0,1348.0,509247.83463825285,3.021836085004217,0.5417316692667706,8063.564131668558
3.57,1383,466619,90.0,66.0,66.0,309.0,607.0,338614.3462476127,2.8566422295873246,0.5162689804772235,10554.621848739496
9.06,1756,846326,74.0,66.0,66.0,309.0,2104.0,715771.0156716184,2.8082308896848396,0.5854214123006833,5596.026490066225
9.88,1032,258203,66.0,66.0,66.0,279.75,698.7999999999997,172667.54173333186,0.27913820179632115,0.6928294573643411,3455.465587044534
8.01,967,349275,66.0,66.0,66.0,308.0,1326.3999999999992,426667.92911049107,0.8413810555617063,0.6504653567735263,3782.771535580524
4.89,1058,448890,78.0,66.0,66.0,309.0,1311.3000000000002,580156.9792667979,2.9342839864325967,0.5463137996219282,5963.190184049081
6.22,1214,532617,78.0,66.0,66.0,368.5,1438.9000000000026,563694.3721905882,2.8091958462066597,0.5453047775947282,5247.588424437299
9.81,1534,598664,78.0,66.0,66.0,308.0,1158.4000000000015,483941.1118650867,2.2714594854532337,0.5567144719687093,4318.042813455657
8.85,1308,440380,74.0,66.0,66.0,308.0,824.9999999999995,359975.7811117657,1.8487149797204199,0.5833333333333334,4264.406779661017
5.8,1098,351892,74.0,66.0,66.0,309.0,580.0,362658.64320290904,2.265455355320057,0.5947176684881603,5575.862068965517
6.83,1439,481646,66.0,66.0,66.0,308.0,743.2000000000016,412232.73731613293,3.35681592039801,0.6011118832522585,6465.592972181552
4.03,388,81781,66.0,54.0,66.0,196.0,552.5,113257.44199038154,0.2937165817698611,0.6881443298969072,3260.545905707196
9.95,1538,478638,74.0,66.0,66.0,308.0,700.0,322634.16087127826,1.6330040047528935,0.6079323797139142,4558.793969849246
9.83,2158,798499,74.0,66.0,66.0,308.0,1096.0,437059.65166597813,1.8720712749350772,0.5750695088044485,6396.744659206511
0.92,114,29348,66.0,66.0,66.0,78.0,437.2000000000001,296598.08833487233,1.1952277657266812,0.7631578947368421,5021.739130434782
9.16,1724,606863,74.0,66.0,66.0,309.0,768.4000000000005,430394.66987789416,2.645041744248904,0.6038283062645011,5548.034934497817
7.9,1847,616738,78.0,66.0,66.0,308.0,652.0,364173.8203246811,2.9619567661323996,0.5565782349756362,6751.8987341772145
1.94,166,24693,66.0,66.0,66.0,95.0,460.0,32503.643816228778,0.3441293342768494,0.7710843373493976,3247.4226804123714
3.11,238,36283,66.0,66.0,66.0,124.0,448.0,36053.507962008334,0.3159841862826883,0.726890756302521,2836.012861736335
6.23,476,66546,66.0,66.0,66.0,115.0,340.0,28447.6248675941,0.3512152531015858,0.7457983193277311,2706.2600321027285
3.28,191,28749,66.0,66.0,66.0,124.0,340.0,33717.88317206216,0.31858001192496443,0.7120418848167539,1975.609756097561
0.3,26,3056,66.0,54.0,66.0,74.0,208.0,29450.248520710058,0.3263888888888889,0.8461538461538461,3600.0
7.65,1091,185799,66.0,66.0,66.0,220.0,412.0,61597.37469051425,1.188625681740544,0.6452795600366636,4674.509803921568
9.26,1018,163934,66.0,66.0,66.0,124.0,340.0,70634.401499917,0.6388811132882792,0.712180746561886,3693.3045356371495
5.77,476,66880,66.0,66.0,66.0,124.0,340.0,25912.346621001343,0.381932391106703,0.7310924369747899,2922.010398613518
2.17,197,34174,66.0,56.400000000000006,66.0,124.0,457.20000000000016,62987.03094642996,0.3080956937799043,0.7309644670050761,3290.3225806451615
2.07,211,39621,66.0,66.0,66.0,113.5,592.0,76179.73711282316,0.2822745072656073,0.7393364928909952,3536.2318840579715
2.72,194,30259,66.0,66.0,66.0,124.0,365.2000000000006,49210.94263471144,0.34795972915181755,0.7319587628865979,2492.6470588235293
4.59,343,47063,66.0,54.0,66.0,124.0,318.4000000000002,26093.436986289722,0.38310753225379846,0.7376093294460642,2575.1633986928105
8.44,1072,178193,66.0,66.0,66.0,160.0,412.0,54554.75449623384,0.761461813724521,0.6753731343283582,4286.729857819905
7.29,1459,336581,66.0,66.0,66.0,268.0,459.4000000000001,150594.76794879083,1.5720300774862068,0.6079506511309116,6164.609053497942
4.71,816,145430,66.0,66.0,66.0,278.0,431.0,39756.4085868416,1.9510358961871714,0.6262254901960784,5592.356687898089
1.23,100,10258,66.0,54.0,66.0,91.25,232.0,5348.0235999999995,0.5462767561049141,0.79,2780.487804878049
6.2,623,79785,66.0,66.0,66.0,124.0,277.80000000000007,26967.38411198338,1.0777884840751062,0.7126805778491172,3503.225806451613
9.69,3606,5692307,160.0,66.0,66.0,2962.0,2962.0,4498854.37050877,18.558907206718114,0.4769828064337216,9046.439628482973
2.14,264,25061,66.0,66.0,66.0,78.0,128.90000000000012,6102.710729453626,0.32625952582557155,0.8522727272727273,4514.018691588785
9.66,1333,250034,66.0,66.0,66.0,266.0,393.0,78942.26876524083,0.6894531645911741,0.6391597899474869,4347.826086956522
1.74,586,286857,268.0,66.0,66.0,405.0,1564.0,570997.5944186887,3.369090410625076,0.46757679180887374,7448.275862068966
0.57,331,170617,66.0,54.0,66.0,405.0,2572.0,808436.4719014978,4.346986743551976,0.6253776435045317,19157.894736842107
4.09,486,138313,66.0,66.0,66.0,297.0,700.0,264069.71429236734,0.7717671171459681,0.6584362139917695,3755.5012224938873
5.25,1517,706952,78.0,66.0,66.0,309.0,1830.4000000000033,637336.4307229557,3.1546797682154235,0.5332893869479235,7222.857142857143
7.76,2087,817198,78.0,66.0,66.0,309.0,1240.0,466064.287825081,2.655565446501662,0.5246765692381409,7198.453608247423
0.26,58,14916,66.0,54.0,66.0,308.0,340.0,300623.7978596909,2.5014084507042256,0.6896551724137931,8538.461538461539
1.17,114,22423,66.0,66.0,66.0,268.0,486.1,62284.6688981225,0.6225036179450072,0.6403508771929824,3076.923076923077
6.57,1895,741377,78.0,66.0,66.0,309.0,1132.0,441975.0266584053,2.125337773749552,0.529287598944591,7671.232876712329
1.09,624,284420,160.0,66.0,66.0,308.0,1458.6000000000072,607923.0310239973,4.935680447440365,0.4775641025641026,14201.83486238532
6.28,946,260166,78.0,66.0,66.0,309.0,564.0,172566.41831859076,0.8696264570188424,0.5454545454545454,4251.592356687898
7.97,1452,647569,124.0,66.0,66.0,309.0,1416.4000000000033,497505.6188950929,1.4442100098135426,0.4951790633608815,4562.107904642409
0.97,114,45400,78.0,66.0,66.0,379.75,1348.0,350851.22037550015,0.1495125965312065,0.5614035087719298,3402.0618556701033
3.93,313,130778,78.0,66.0,66.0,352.0,1348.0,402889.44402821304,0.3663128421580509,0.5527156549520766,2259.5419847328244
9.34,3611,1500716,296.0,66.0,66.0,309.0,1204.0,476011.2250602621,2.5496129219954446,0.4516754361672667,9077.087794432548
1.85,334,120406,127.5,54.0,66.0,308.0,801.3999999999995,341024.3218473233,0.6335318617807866,0.4820359281437126,4475.675675675676
0.06,7,4932,78.0,66.0,66.0,1024.0,2024.8000000000004,884587.1020408162,0.12397447584320875,0.5714285714285714,3000.0
7.28,4098,1743744,279.0,66.0,66.0,309.0,1114.0,519358.1581273442,3.5718360819066097,0.45095168374816985,13211.538461538461
9.98,2387,1046571,78.0,66.0,66.0,309.0,1514.0,604404.7096072164,2.2720783869888606,0.5580226225387516,6571.142284569139
1.51,744,358582,160.0,66.0,66.0,309.0,1666.9000000000062,633006.267595965,3.299183521766758,0.4798387096774194,12000.0
1.16,166,56930,66.0,66.0,66.0,308.0,934.0,447874.68442444486,1.0620087652577057,0.6385542168674698,4500.000000000001
4.54,563,166510,66.0,66.0,66.0,308.0,793.8,255284.6326359991,0.4770428982010432,0.6269982238010657,3845.814977973568
4.79,2124,1048463,127.5,66.0,66.0,309.0,1638.0,649061.27068349,3.2684473865269448,0.4891713747645951,10972.860125260959
4.62,3082,1385113,237.0,66.0,66.0,309.0,1340.700000000002,550900.6031358527,3.9785168465016643,0.4506813757300454,15389.61038961039
0.13,29,7437,90.0,54.0,66.0,319.0,440.7999999999998,80466.38525564803,1.0498897464167585,0.5172413793103449,6461.538461538462
6.43,737,213358,66.0,66.0,66.0,308.0,760.0,283378.25269115134,0.6189608990264593,0.6770691994572592,3741.835147744946
1.26,211,76027,66.0,66.0,66.0,309.0,1348.0,398259.94182520604,0.6978650230023672,0.6018957345971564,5285.714285714285
0.41,44,8000,66.0,54.0,66.0,90.0,422.80000000000024,91185.2396694215,0.22624156958920907,0.7727272727272727,4390.243902439025
9.76,2169,954340,78.0,66.0,66.0,311.0,1348.0,528873.746341901,1.7478757619471295,0.5292761641309359,5956.9672131147545
6.78,752,279542,66.0,66.0,66.0,309.0,1348.0,397852.05816404475,0.18698966051676186,0.6236702127659575,3362.8318584070794
8.13,2559,1201667,78.0,66.0,66.0,442.0,1514.0,602106.1717207396,3.1869200885002003,0.5232512700273544,8346.863468634685
6.24,1271,484900,74.0,66.0,66.0,376.0,1168.0,449386.3867872612,1.5522395915574503,0.5892997639653816,5913.461538461538
2.14,248,66306,66.0,54.0,66.0,124.75,635.2000000000003,277066.6263657648,0.45903839806359337,0.7338709677419355,4065.420560747664
4.26,1024,447806,78.0,66.0,66.0,442.0,1348.0,525096.9934043884,2.238166172535975,0.55859375,6774.647887323944
4.32,473,136324,66.0,66.0,66.0,308.0,1106.4000000000017,224693.1519204037,0.35338734016360895,0.6448202959830867,3458.333333333333
2.94,425,176833,66.0,66.0,66.0,407.0,1348.0,420843.23397093435,0.6861954210410885,0.6047058823529412,4448.9795918367345
2.84,717,331518,90.0,66.0,66.0,430.0,1506.0,583444.0987377672,3.154621216868225,0.5090655509065551,6781.69014084507
3.56,812,323366,78.0,66.0,66.0,309.0,1168.0,474291.5708643743,2.31114069219742,0.5332512315270936,6235.955056179775
3.7,295,87532,66.0,66.0,66.0,268.0,1117.6000000000008,257210.90727951739,0.2738041532662951,0.6576271186440678,2659.4594594594596
5.19,1269,587164,124.0,66.0,66.0,309.0,1514.0,625798.987711451,3.2803697439785386,0.4925137903861308,6323.699421965317
1.72,691,394107,78.0,66.0,66.0,309.0,2608.0,859666.3092814165,4.431987650407288,0.5180897250361794,10569.767441860466
8.74,2807,1107805,90.0,66.0,66.0,309.0,1102.0000000000014,466711.32799356885,2.9505769998858837,0.5219095119344496,8327.231121281464
2.55,295,59196,66.0,66.0,66.0,308.0,412.0,80789.76195346165,0.6538429301818791,0.6338983050847458,3694.117647058824
3.47,832,318021,78.0,66.0,66.0,308.25,1164.3999999999992,432589.9691761627,2.0801363693595096,0.5576923076923077,6674.3515850144095
4.84,511,116919,66.0,66.0,66.0,160.0,484.0,158085.57814193415,0.23285461217259268,0.700587084148728,3533.0578512396696
3.45,388,108568,66.0,66.0,66.0,268.0,829.6000000000008,245617.76453395688,0.1873790124131897,0.6932989690721649,3878.260869565217
3.79,685,256265,74.0,66.0,66.0,308.0,1348.0,465141.2537055783,1.6058285795633649,0.5970802919708029,5224.274406332454
4.15,1086,335914,66.0,66.0,66.0,308.0,532.0,339736.2868824381,2.254192298377331,0.5902394106813996,8139.759036144578
2.92,769,298489,78.0,66.0,66.0,308.0,1103.2000000000016,481193.4866046289,2.8434369447091243,0.5435630689206762,7315.068493150686
7.69,2289,774264,78.0,66.0,66.0,309.0,590.0,371423.37266097416,2.9378099205077737,0.526867627785059,7934.980494148243
0.61,84,13930,66.0,66.0,66.0,79.5,259.3000000000001,77661.09126984129,0.410347271438696,0.7738095238095238,5704.918032786885
9.95,2183,696601,78.0,66.0,66.0,308.0,667.1999999999998,291677.1154443961,1.756523287562819,0.554283096655978,6072.361809045226
0.6,77,22757,66.0,66.0,66.0,78.0,690.4000000000018,445795.0791027155,2.8202115158636896,0.8441558441558441,4900.0
7.87,1226,377113,66.0,66.0,66.0,308.0,844.0,275972.8149614524,1.0295952251529814,0.6207177814029364,4810.673443456162
3.58,341,72882,66.0,54.0,66.0,196.0,436.0,144805.13542195203,0.30948488060800977,0.6891495601173021,3100.558659217877
2.08,716,333732,95.0,66.0,66.0,309.0,1514.0,607858.9859398894,3.0612845912332367,0.5027932960893855,8942.307692307693
2.68,255,68803,66.0,58.800000000000026,66.0,93.0,800.799999999999,282497.3189696271,0.8502890950652144,0.7764705882352941,3425.373134328358
7.05,1844,760435,78.0,66.0,66.0,309.0,1277.4,516162.15289165534,2.838525839701978,0.5341648590021691,7055.319148936171
7.23,3347,5579089,308.0,66.0,66.0,2962.0,4410.0,5084781.606596581,16.758524210285074,0.44069315805198683,10995.850622406639
7.15,1915,1000054,78.0,66.0,66.0,309.0,1514.0,746361.9039802576,5.943180082480525,0.5441253263707572,7074.125874125873
8.54,1753,1565210,78.0,66.0,66.0,1514.0,2962.0,1441800.9878155256,5.970088305627424,0.5801483171705647,5606.557377049181
4.13,500,151938,66.0,66.0,66.0,196.75,1100.000000000001,325508.3806239999,0.72372794826706,0.7,4154.963680387409
1.01,116,45756,74.0,66.0,66.0,334.0,1348.0,359313.57491082035,0.30247651579846285,0.6120689655172413,3326.732673267327
9.24,2898,1241514,90.0,66.0,66.0,309.0,1348.0,540682.8473567121,2.526527481891777,0.5086266390614217,7941.558441558442
4.57,1113,532292,78.0,66.0,66.0,308.0,1647.200000000001,657226.562949186,2.2223796205489568,0.5408805031446541,6236.3238512035
3.59,440,124698,66.0,54.0,66.0,297.75,954.4000000000005,224362.14543388432,0.44269616123284816,0.6431818181818182,3827.2980501392763
4.63,826,323558,66.0,66.0,66.0,308.0,1348.0,460663.2756772918,0.8329924823956628,0.6513317191283293,5611.231101511879
2.34,868,415799,296.0,66.0,66.0,308.0,1514.0,647165.1223043066,4.094951599068741,0.47465437788018433,8871.794871794871
0.73,125,44462,66.0,66.0,66.0,309.0,1076.8000000000018,431079.84358400013,1.3603546212241864,0.632,5342.465753424658
7.05,2345,1138657,78.0,66.0,66.0,309.0,2081.999999999999,671708.9131775178,2.7210526659782226,0.5245202558635395,8655.31914893617
0.14,170,98131,308.0,66.0,78.0,309.0,2597.2,741370.7594809689,4.005662109773516,0.3058823529411765,17571.42857142857
3.64,1592,863139,98.5,66.0,66.0,309.0,2572.0,775087.8903874744,3.0506793063800832,0.5,10747.252747252747
4.02,475,132357,66.0,66.0,66.0,275.5,918.4000000000042,253342.5401706371,0.6360164149217572,0.6736842105263158,3776.1194029850753
0.66,48,15019,92.5,66.0,66.0,309.0,1013.2000000000014,210822.6349826389,0.8049513279653888,0.5416666666666666,1636.3636363636363
3.19,1052,560317,107.5,66.0,66.0,309.0,2570.7999999999997,733041.9787721017,2.647707150669236,0.49809885931558934,8238.244514106584
9.84,1789,837081,78.0,66.0,66.0,309.0,1514.0,595625.5263583648,1.3177117510736032,0.5461151481274455,4841.463414634146
9.16,920,378472,66.0,66.0,66.0,308.0,1348.0,534413.0275236294,0.2291683581837491,0.6217391304347826,3163.755458515284
0.16,23,10057,308.0,66.0,78.0,309.0,605.6000000000001,376988.9754253309,1.4918235877106045,0.30434782608695654,2250.0
7.85,2039,1104596,124.0,66.0,66.0,309.0,2596.0,767660.6287039801,2.335958782065608,0.49092692496321727,6435.668789808918
0.43,239,121810,66.0,66.0,66.0,308.0,2946.0,840007.461178901,3.7802370300604347,0.6234309623430963,17302.325581395347
1.94,320,114768,66.0,54.0,66.0,296.25,1118.0000000000005,451942.0275,1.3503583862379684,0.61875,5041.237113402062
4.86,1498,837029,92.5,66.0,66.0,309.0,2608.0,826125.3990763832,2.603782764440464,0.5026702269692924,7888.888888888889
3.09,1026,568156,99.0,66.0,66.0,309.0,2608.0,826451.7251993967,3.0435559288017138,0.5,8601.941747572817
4.83,743,292210,66.0,54.0,66.0,304.0,1348.0,477783.59768426354,0.8309356124213639,0.6137281292059219,4708.07453416149
7.41,2417,1328090,78.0,66.0,66.0,319.0,2608.0,790731.936761551,2.563935842768089,0.5279271824575921,8663.967611336033
0.37,470,277260,308.0,66.0,66.0,308.0,2946.0,875858.0182888184,8.083939453508945,0.37659574468085105,25459.45945945946
2.32,367,135810,66.0,66.0,66.0,124.0,1348.0,542213.9261855088,1.1120649435476346,0.7356948228882834,5405.172413793104
8.88,2512,1286008,90.0,66.0,66.0,309.0,2536.0,739885.0161771269,2.6810290788038733,0.5210987261146497,7425.675675675675
6.03,2007,1211481,90.0,66.0,66.0,309.0,2788.0,901170.5346131589,3.045511465523287,0.5072247135027405,8597.014925373134
0.67,359,234725,283.0,66.0,66.0,309.0,2788.0,992008.820710578,3.190694684972595,0.4456824512534819,12716.41791044776
8.1,2796,1546535,280.0,66.0,66.0,320.0,2607.0,774258.8418938714,3.2202589676767954,0.45779685264663805,8125.925925925927
8.88,2343,1037403,78.0,66.0,66.0,309.0,1348.0,591902.9239279232,2.8080874822425583,0.541186513017499,7209.459459459458
0.3,30,9839,74.0,66.0,66.0,196.0,1240.0000000000002,330520.0322222222,0.11959490213928084,0.6333333333333333,2800.0
8.73,2142,1044435,78.0,66.0,66.0,309.0,2495.400000000004,715574.1488850444,2.840032207540094,0.5476190476190477,6831.615120274913
0.64,34,5710,66.0,66.0,66.0,141.0,412.0,57377.40830449827,0.29654859218891916,0.6764705882352942,1687.5
8.01,2348,1139419,78.0,66.0,66.0,309.0,2392.3000000000093,718741.9272139615,3.46113699541913,0.5374787052810903,7925.093632958801
1.55,203,53043,66.0,56.400000000000034,66.0,160.0,676.0000000000007,235510.29687689585,0.2057419530823786,0.6995073891625616,4412.903225806452
1.75,176,52482,66.0,66.0,66.0,308.25,1204.0,218844.34904442148,0.21719971241041816,0.6590909090909091,3462.8571428571427
3.49,390,96519,66.0,54.0,66.0,268.75,715.6000000000006,154666.83950690334,0.20992064984393216,0.676923076923077,3679.0830945558737
7.89,2576,2340908,78.0,66.0,66.0,1024.0,2946.0,2152879.261103449,9.262054332721064,0.5520186335403726,8372.623574144487
9.21,1767,683961,78.0,66.0,66.0,309.0,1163.2000000000007,487088.9429197617,2.2135738952709847,0.5710243350311262,5407.166123778501
8.58,1397,482083,74.0,66.0,66.0,308.0,844.0,387139.0050343076,1.7000644095326107,0.5998568360773086,4860.1398601398605
7.74,1483,573411,74.0,66.0,66.0,309.0,1201.5999999999995,492262.9633258748,2.0095891417534433,0.5873229939312204,5573.643410852713
3.18,923,399133,78.0,66.0,66.0,309.0,1348.0,568694.2342824343,2.986944361202677,0.5373781148429035,7999.999999999999
2.67,307,58699,66.0,66.0,66.0,203.5,484.0,77377.88103852562,0.31182675546417554,0.7003257328990228,3955.056179775281
0.98,64,17273,66.0,54.0,66.0,205.0,761.2,216326.78491210938,0.15468948459121598,0.671875,2387.7551020408164
2.81,596,236571,66.0,66.0,66.0,308.0,1348.0,553814.0372139768,1.3520913908469958,0.6610738255033557,6832.740213523132
7.17,1738,614471,78.0,66.0,66.0,309.0,631.0,412506.1012913141,2.7244503979197856,0.5448791714614499,6719.665271966527
7.5,869,201931,66.0,66.0,66.0,196.0,557.6000000000004,159889.22778321445,0.3676236530738024,0.7031070195627158,3960.0
5.04,593,152855,66.0,66.0,66.0,280.0,626.4000000000005,218254.96191941394,0.3979148566463944,0.6930860033726813,3904.7619047619046
1.59,173,61669,66.0,66.0,66.0,308.0,1340.8000000000004,327836.80390256946,0.15775541621296887,0.653179190751445,3584.9056603773583
4.54,459,108152,66.0,66.0,66.0,135.0,590.0,181282.2778798278,0.3594107443626034,0.7080610021786492,3370.044052863436
8.18,1087,386949,66.0,66.0,66.0,308.0,1160.0,428169.9912726214,1.2946220490651297,0.6218951241950322,4085.574572127139
8.8,884,206348,66.0,66.0,66.0,181.75,591.4000000000001,181597.0000818984,0.46944298064461,0.7047511312217195,3388.6363636363635
3.82,949,316011,78.0,66.0,66.0,308.0,595.4000000000008,343399.85454379907,3.4541213282967806,0.5363540569020021,6753.926701570681
5.11,719,189036,66.0,66.0,66.0,196.0,419.20000000000164,314665.4072666991,1.8061872810403183,0.6356050069541029,4590.998043052838
6.09,948,299565,66.0,66.0,66.0,309.0,736.0,339462.1191882979,2.028080744776557,0.5981012658227848,4738.916256157636
7.95,956,234996,66.0,66.0,66.0,148.0,436.0,298259.5503229985,1.961288371389687,0.7050209205020921,4143.396226415094
8.17,1001,201245,66.0,54.0,66.0,124.0,412.0,192266.26580013393,1.2908058145226469,0.7082917082917083,4288.861689106488
3.32,334,48966,66.0,54.0,66.0,90.0,367.29999999999956,40262.77195309979,0.3242643877109476,0.781437125748503,3668.674698795181
4.73,477,67018,66.0,54.0,66.0,90.0,296.8000000000004,51634.74895068322,0.40334198844124297,0.7945492662473794,3678.6469344608877
8.56,1103,215560,66.0,66.0,66.0,124.0,393.6000000000015,186165.67945987577,1.482351992814123,0.729827742520399,4528.0373831775705
2.56,197,30588,66.0,54.0,66.0,90.0,376.0,69824.92761988197,0.3167455876022385,0.7918781725888325,2812.5
1.51,143,18871,66.0,66.0,66.0,103.0,301.59999999999997,24535.614162061716,0.45105728565936176,0.7412587412587412,3258.2781456953644
8.47,1831,501002,66.0,66.0,66.0,199.0,340.0,371158.18922370096,3.187824429714209,0.6406335335882032,7055.489964580873
8.51,851,107297,66.0,66.0,66.0,95.0,268.0,40024.17047753318,0.4602204681545999,0.7626321974148061,3588.719153936545
3.89,361,52032,66.0,54.0,66.0,90.0,340.0,41329.87151725355,0.36127462522564946,0.7728531855955678,3362.467866323907
0.05,7,1610,66.0,61.2,66.0,329.0,635.2,70072.0,0.14022662889518414,0.7142857142857143,6000.0
5.5,981,276730,66.0,66.0,66.0,174.0,484.0,370404.9216167322,2.5914240847209062,0.6646279306829765,5978.181818181819
4.02,376,63627,66.0,54.0,66.0,95.0,436.0,73865.16137816884,0.30575849614184863,0.7579787234042553,3343.2835820895525
1.34,134,22526,66.0,54.0,66.0,90.0,473.2000000000001,58572.19803965249,0.2807596088241983,0.7835820895522388,3537.313432835821
8.29,1133,269405,66.0,66.0,66.0,160.0,399.80000000000007,277147.20942377794,1.9907968649392749,0.6928508384819064,4718.938480096502
5.24,692,146165,66.0,66.0,66.0,125.75,376.0,217983.60863000771,1.587220107974157,0.708092485549133,4580.152671755725
7.65,1064,229146,66.0,66.0,66.0,124.0,340.0,259712.6522238397,1.675657687322661,0.7218045112781954,4949.019607843137
1.72,200,20841,66.0,54.0,66.0,90.0,204.09999999999982,8446.162975000001,0.5442353289863663,0.82,4430.232558139535
9.23,1950,421933,66.0,66.0,66.0,232.0,340.0,188864.15459855358,2.4614463267566347,0.62,6708.559046587215
3.04,274,42132,66.0,54.0,66.0,103.0,256.0,90461.14982151419,0.38756422078777497,0.7445255474452555,3177.6315789473683
7.93,724,108118,66.0,66.0,66.0,95.0,304.0,77714.94076035533,0.285282929148835,0.7665745856353591,3261.034047919294
9.18,934,121051,66.0,66.0,66.0,116.5,268.0,36184.502374030795,0.6024542963423836,0.7366167023554604,3647.0588235294117
8.39,1053,140512,66.0,66.0,66.0,119.0,279.0,37614.87694273766,0.6319438798620225,0.7388414055080722,4569.725864123957
6.45,535,81777,66.0,66.0,66.0,99.0,340.0,80601.5637907241,0.4993949394939494,0.7532710280373832,2911.6279069767443
1.1,42,5775,66.0,66.0,66.0,196.0,264.4,10774.535714285714,0.5098039215686274,0.5476190476190477,1200.0
6.6,356,61451,66.0,66.0,66.0,196.0,377.5,47288.12999463452,0.2818581947892113,0.6235955056179775,1700.0
2.39,323,56882,66.0,66.0,66.0,196.0,312.0,56854.02607137036,1.1937598827567588,0.5789473684210527,4242.677824267782
8.67,559,93810,66.0,66.0,66.0,232.0,340.0,56559.84505937961,0.5759764804703906,0.5992844364937389,2069.204152249135
7.48,392,81140,66.0,66.0,66.0,232.0,484.0,90481.83152852979,0.24472670931320661,0.6071428571428571,1620.3208556149732
2.48,149,40026,78.0,66.0,66.0,310.0,596.8000000000004,180105.78991937294,0.18585014665363078,0.5570469798657718,1790.3225806451612
2.41,125,27502,66.0,66.0,66.0,304.0,587.2,68896.815744,0.21410912943669433,0.6,1767.6348547717841
5.96,336,86396,74.0,66.0,66.0,259.0,671.5,169034.69118480725,0.2629517015553736,0.6190476190476191,1681.2080536912752
0.66,40,8148,66.0,66.0,66.0,277.0,491.2000000000001,50255.509999999995,0.22526315789473683,0.6,1909.090909090909
6.71,982,191963,78.0,66.0,66.0,297.0,448.0,68536.53479639624,1.4607801663910573,0.5478615071283096,4354.6944858420275
4.39,640,205147,78.0,66.0,66.0,309.0,781.6000000000024,347389.9357202148,3.8260797967441422,0.5453125,4291.5717539863335
3.15,848,230761,95.0,66.0,66.0,311.0,511.6000000000008,223803.16037596783,3.2883611157570014,0.5023584905660378,7523.809523809524
4.96,348,61348,66.0,66.0,66.0,160.0,340.0,105443.73926542477,0.5930407686315243,0.6752873563218391,2286.2903225806454
1.27,63,11187,66.0,56.400000000000006,66.0,145.5,445.6,56862.21315192743,0.33369098712446355,0.6349206349206349,1748.0314960629921
8.01,576,466910,118.0,66.0,66.0,631.75,2962.0,1450823.7279972034,0.03690263894841803,0.4913194444444444,1805.2434456928838
5.69,946,719189,78.0,66.0,66.0,491.5,2962.0,1362152.0122257285,11.702255426623571,0.5591966173361522,4692.44288224956
3.24,495,352637,74.0,66.0,66.0,1264.0,2572.0,1119720.9224201608,9.156595622119816,0.6303030303030303,4499.999999999999
4.37,932,1738876,66.0,66.0,66.0,66.0,124.0,80617155.72343385,25.899679779713193,0.8862660944206009,10668.192219679633
2.14,183,26394,66.0,56.39999999999999,66.0,113.5,279.0,78338.74514019527,0.3175260819647581,0.7377049180327869,3056.07476635514
5.73,511,64699,66.0,66.0,66.0,95.0,268.0,43081.88900165056,0.5534346562942688,0.7534246575342466,3287.958115183246
0.79,66,5875,66.0,60.0,66.0,90.0,160.0,2185.105831037649,0.5633315593400745,0.7878787878787878,3037.974683544304
9.86,765,108631,66.0,63.60000000000002,66.0,95.0,308.8000000000002,39175.915030971,0.3262400957159775,0.7542483660130719,2787.0182555780934
9.21,686,119015,66.0,66.0,66.0,112.0,442.0,78832.28199347212,0.2676273858214042,0.7448979591836735,2671.0097719869705
9.96,909,148589,66.0,66.0,66.0,124.0,428.8000000000004,62108.22231904159,0.6120839300438311,0.6941694169416942,3114.457831325301
6.2,609,98626,66.0,66.0,66.0,148.0,312.0,72061.19920944994,0.6107726730797498,0.6880131362889984,3367.741935483871
5.06,531,67496,66.0,66.0,66.0,124.0,275.0,37373.77484829461,0.6994662100916508,0.7080979284369114,3604.7430830039525
5.43,2645,3466074,160.0,66.0,66.0,2962.0,2962.0,2256591.314311198,5.702649288366336,0.4816635160680529,11314.917127071823
6.69,1276,581506,66.0,66.0,66.0,232.0,2572.0,772333.3636339069,6.109483696648858,0.6481191222570533,6053.811659192825
5.45,781,120530,66.0,66.0,66.0,196.0,340.0,42806.6736070011,1.1196187394485086,0.6606914212548015,4844.036697247706
0.68,59,7892,66.0,54.0,66.0,92.5,347.2000000000001,25971.19793162884,0.3590494231100396,0.7796610169491526,3000.0
6.31,797,153125,66.0,66.0,66.0,160.0,321.0,142717.9324978078,1.2795956648603586,0.6787954830614805,4193.343898573693
5.06,722,150281,66.0,66.0,66.0,196.0,340.0,176211.59242370765,0.5561549931657209,0.6385041551246537,4494.07114624506
7.67,2512,2364749,78.0,66.0,66.0,2946.0,2962.0,1644105.713539184,18.497617163022326,0.5573248407643312,8933.507170795307
8.77,771,126710,66.0,66.0,66.0,124.0,376.0,63179.071632003855,0.5729820989646697,0.7185473411154345,3064.994298745724
8.62,2984,2812394,112.0,66.0,66.0,2946.0,2962.0,1678844.8484495503,19.863147431047018,0.4969839142091153,8150.812064965197
4.45,2058,2429670,78.0,66.0,66.0,2946.0,2962.0,1878856.7506651143,24.638084585514097,0.532555879494655,10961.797752808989
9.73,1086,156110,66.0,66.0,66.0,124.0,316.0,42102.67299193824,0.9849958675058809,0.6878453038674033,3872.559095580678
5.33,794,141780,66.0,66.0,66.0,281.0,321.0,59274.95368284806,1.3282699729041794,0.6020151133501259,4570.356472795497
0.58,35,2598,66.0,54.0,66.0,74.0,95.0,437.7763265306122,1.0553797468354431,0.9428571428571428,2379.3103448275865
3.53,378,51100,66.0,66.0,66.0,191.75,268.0,21790.436605918087,0.7937377141252457,0.6322751322751323,3484.419263456091
4.12,455,68119,66.0,66.0,66.0,160.0,455.2000000000003,33851.229194541724,1.0396131504880533,0.654945054945055,3742.7184466019417
1.94,132,20709,66.0,55.20000000000002,66.0,112.0,253.90000000000012,81927.14617768597,0.29382731475696616,0.7121212121212122,2319.5876288659797
2.85,687,109497,66.0,66.0,66.0,256.0,310.0,28191.596142967017,1.7428421131735177,0.5545851528384279,7305.263157894737
5.73,453,64238,66.0,66.0,66.0,175.0,268.0,35882.75696485047,0.46615237138814075,0.6777041942604857,2712.0418848167537
4.56,526,95084,66.0,66.0,66.0,229.0,439.0,51969.303618673104,0.8604523753619786,0.6273764258555133,3776.315789473684
0.37,158,25551,74.0,66.0,66.0,232.0,430.0,17382.3935667361,2.196272204153115,0.5253164556962026,12648.648648648648
1.92,326,46583,66.0,66.0,66.0,124.0,352.0,40908.81976175243,0.8394803348602117,0.6411042944785276,5625.0
0.99,80,20529,66.0,66.0,66.0,97.0,513.6000000000005,388361.81234375,0.14240400667779632,0.75,2727.272727272727
9.25,1049,350330,66.0,66.0,66.0,268.0,739.0000000000007,424417.7757526574,0.1847480554616165,0.6224976167778837,3658.3783783783783
5.07,646,129824,66.0,66.0,66.0,220.0,504.5,88002.83475352013,0.5208106366777954,0.6470588235294118,4236.6863905325445
7.96,1132,228948,66.0,66.0,66.0,184.0,412.0,141076.02716353058,1.1096142859775537,0.6236749116607774,4530.150753768845
5.81,482,59084,66.0,66.0,66.0,122.25,270.7000000000001,14661.164614934316,0.447959808846955,0.7448132780082988,2974.1824440619625
0.87,64,8867,66.0,57.60000000000001,66.0,75.0,366.1000000000001,31067.529052734375,0.39703797069481644,0.8125,3034.4827586206893
9.35,1091,151053,66.0,66.0,66.0,124.0,304.0,37684.42567595383,0.7991067174845164,0.69019248395967,4087.7005347593586
5.8,666,112208,66.0,66.0,66.0,196.0,376.0,61682.375745114485,0.9733736656055996,0.6786786786786787,3920.689655172414
0.16,114,40092,268.0,66.0,66.0,448.0,484.0,292553.5844875346,7.989237668161435,0.39473684210526316,15375.0
3.66,416,90936,66.0,66.0,66.0,163.0,428.0,192331.3657544379,0.9242456303694613,0.6730769230769231,3885.245901639344
0.44,60,9977,66.0,66.0,66.0,116.75,347.2000000000001,65320.203055555554,0.3179656538969617,0.7333333333333333,5181.818181818182
1.95,153,25813,66.0,59.60000000000001,66.0,95.0,481.60000000000014,58677.446708530915,0.27964505254808647,0.7712418300653595,2769.230769230769
0.68,70,16097,66.0,66.0,66.0,151.0,635.2,116917.58387755102,0.18169138158860668,0.6571428571428571,3441.176470588235
6.65,962,158500,66.0,66.0,66.0,196.0,309.0,61961.285873591485,0.786539523664604,0.6465696465696466,4809.022556390977
2.25,179,23361,66.0,66.0,66.0,124.0,235.20000000000002,46450.551605755114,0.39152966404574696,0.7262569832402235,2880.0
8.87,467,102710,66.0,66.0,66.0,196.0,556.0,134068.68966339433,0.2535852464818815,0.6423982869379015,1623.4498308906427
8.83,1143,185214,66.0,66.0,66.0,184.0,322.0,51099.816259188075,1.022914436750475,0.6622922134733158,4219.705549263873
7.21,810,120729,66.0,66.0,66.0,124.0,304.5000000000001,54156.8680521262,0.7860112135153927,0.7049382716049383,3994.4521497919554
9.46,713,115703,66.0,54.0,66.0,124.0,342.4000000000002,82002.33459947401,0.42593231618643856,0.7208976157082749,2619.4503171247356
5.04,710,110851,66.0,66.0,66.0,160.0,312.0,43714.53146002777,1.0278982126849971,0.6394366197183099,4654.761904761905
3.83,1305,608459,78.0,66.0,66.0,308.0,2279.2000000000016,679490.6314610767,3.7261153917852483,0.542528735632184,9195.822454308092
9.18,1060,191834,66.0,66.0,66.0,196.0,415.30000000000075,76032.65411534354,0.986291015645223,0.6764150943396227,3928.1045751633987
4.35,881,303598,78.0,66.0,66.0,309.0,988.0,336433.0287479016,1.7460766844252287,0.5698070374574348,5696.551724137931
9.9,1537,314657,74.0,66.0,66.0,301.0,367.2000000000007,85811.64008924938,1.4540973505853358,0.6096291476903057,4654.545454545454
8.87,982,178902,66.0,66.0,66.0,160.0,414.69999999999993,85131.6962680593,0.5524835988753515,0.7016293279022403,3767.7564825253667
1.75,178,40939,66.0,66.0,66.0,126.25,633.1000000000001,151822.45502461807,0.18485181755035887,0.702247191011236,3291.4285714285716
8.27,735,145972,66.0,66.0,66.0,124.0,448.0,117946.39754916936,0.25895452232485533,0.7238095238095238,3105.1995163240626
4.86,897,213270,66.0,66.0,66.0,280.0,400.0,183803.91971752737,1.7104276545720276,0.6042363433667781,5617.283950617284
7.18,1246,199513,66.0,66.0,66.0,160.0,308.0,89014.58283521717,1.6291493707583844,0.6404494382022472,5740.947075208914
4.83,945,331453,78.0,66.0,66.0,308.0,1168.0,417132.99897091347,2.1275347002708083,0.5767195767195767,5391.304347826087
2.29,149,18590,66.0,66.0,66.0,160.0,268.0,11964.394486734831,0.424848624204798,0.6778523489932886,2279.475982532751
4.6,358,52916,66.0,66.0,66.0,157.0,340.0,30382.863362566713,0.3641660221706625,0.6871508379888268,2582.608695652174
6.23,732,180453,66.0,66.0,66.0,196.0,539.7999999999995,219381.46542708055,0.8318055851630782,0.6775956284153005,3900.4815409309786
8.16,927,223849,66.0,66.0,66.0,160.0,458.0,244887.6583078192,1.6702094665521519,0.6677454153182308,3624.9999999999995
8.89,1229,170656,66.0,66.0,66.0,160.0,310.0,21166.07492381364,1.1063961095065293,0.6558177379983726,4596.175478065242
5.12,674,90582,66.0,66.0,66.0,196.0,304.0,10954.77896256901,1.1919949666053624,0.6320474777448071,4417.96875
5.33,592,86488,66.0,66.0,66.0,148.0,389.7999999999997,24252.714024835648,0.8930549171536761,0.6875,3906.1913696060037
4.96,586,70995,66.0,66.0,66.0,148.0,268.0,10154.084441868861,1.0073230038452838,0.6569965870307167,4112.903225806452
2.89,233,24172,66.0,62.80000000000001,66.0,90.0,196.0,8616.50879552027,0.4069848661233993,0.7896995708154506,3051.903114186851
1.18,86,9450,66.0,54.0,66.0,95.0,262.0,8336.265548945375,0.627906976744186,0.7674418604651163,2694.915254237288
6.83,737,78359,66.0,66.0,66.0,124.0,192.9999999999999,8389.756834429061,0.8729145752665042,0.7001356852103121,3821.376281112738
0.22,35,3364,66.0,66.0,66.0,90.0,196.0,3249.5297959183677,0.40049958368026645,0.8,6000.0
0.93,78,7769,66.0,66.0,66.0,95.0,203.19999999999993,4508.367685733071,0.5972450657894737,0.7948717948717948,3290.322580645161
8.98,1209,252721,66.0,66.0,66.0,267.0,433.0,104533.88806996877,1.451578794198962,0.6617038875103392,4369.710467706013
6.05,1112,225554,66.0,66.0,66.0,223.0,448.0,100242.41385991927,1.1261629825140218,0.6169064748201439,5980.165289256199
5.12,636,86982,66.0,66.0,66.0,124.0,309.0,22979.38777144891,0.8312,0.7028301886792453,4277.34375
0.89,49,5577,66.0,63.60000000000001,66.0,148.0,232.0,5689.333610995418,0.4223412394797246,0.6530612244897959,1887.6404494382023
0.54,42,3427,66.0,55.2,66.0,74.0,90.0,2160.5266439909296,0.6436450839328537,0.9047619047619048,2999.9999999999995
4.68,660,89375,66.0,66.0,66.0,196.0,304.30000000000007,11134.979419191919,1.1490057467118708,0.6287878787878788,4538.461538461538
5.03,502,77767,66.0,66.0,66.0,160.0,374.3000000000006,38512.161985524035,1.8608689254313358,0.6533864541832669,3184.890656063618
4.02,670,90722,66.0,66.0,66.0,124.0,304.30000000000007,28427.276979282688,1.4419800274555195,0.6716417910447762,5955.2238805970155
5.42,438,55068,66.0,54.0,66.0,95.0,304.0,18637.888409332583,0.3954690588414171,0.7557077625570776,2833.9483394833946
6.43,944,154891,66.0,66.0,66.0,160.0,370.0,55043.426950544024,1.80742043065323,0.6345338983050848,4833.5925349922245
8.41,974,137617,66.0,66.0,66.0,181.75,315.0,17530.72563973369,0.8557519856520626,0.662217659137577,3824.0190249702737
6.23,1043,158683,66.0,66.0,66.0,241.0,340.0,16962.820979749948,1.904845589177513,0.6155321188878236,5325.842696629213
8.38,944,118651,66.0,66.0,66.0,124.0,256.0,16324.714044769824,1.0408510784684715,0.6779661016949152,3887.8281622911686
9.85,1292,202108,66.0,66.0,66.0,160.0,313.0,57466.75907945059,1.1913001994969208,0.673374613003096,4483.2487309644675
8.27,708,123213,66.0,66.0,66.0,112.0,419.20000000000164,80973.1022275687,0.2804676539360873,0.7443502824858758,2989.117291414752
6.78,514,65728,66.0,66.0,66.0,95.0,256.0,28551.58371814865,0.36916218805982587,0.7645914396887159,2769.9115044247787
7.35,825,95432,66.0,66.0,66.0,124.0,268.0,14031.33447346189,0.8219863301386078,0.7224242424242424,3844.8979591836737
0.93,76,9018,66.0,54.0,66.0,124.0,284.5,10055.146121883656,0.42735042735042733,0.6973684210526315,2645.1612903225805
8.2,1094,174671,66.0,66.0,66.0,232.0,375.0,26149.99317951666,1.3581245274867697,0.6179159049360147,4207.317073170732
5.55,749,122309,66.0,66.0,66.0,196.0,446.0,49680.18184281313,1.1426143928246093,0.6475300400534045,4572.972972972973
8.86,663,87747,66.0,66.0,66.0,124.0,328.0,21058.217972604984,0.35772420622640344,0.7254901960784313,2634.31151241535
5.32,441,71789,90.0,66.0,66.0,232.0,310.0,22147.81851183406,1.364435807917792,0.5260770975056689,2368.4210526315787
7.37,951,128240,66.0,66.0,66.0,160.0,311.0,15919.96939189585,0.9623265137488333,0.6698212407991588,4493.894165535957
5.13,367,38270,66.0,54.0,66.0,95.0,196.0,6428.28787800043,0.4944548578569197,0.771117166212534,2502.9239766081873
6.76,540,60112,66.0,66.0,66.0,124.0,232.0,7964.802249657065,0.45821507410911383,0.7240740740740741,2786.98224852071
6.45,590,115692,66.0,54.0,66.0,109.75,304.0,217607.31765584604,1.3934955312810329,0.7423728813559322,3013.953488372093
5.96,529,79350,66.0,66.0,66.0,105.0,347.19999999999976,36172.0415879017,0.3422762027200758,0.7485822306238186,3110.7382550335574
4.47,348,43096,66.0,54.0,66.0,124.0,277.30000000000024,16582.646518694677,0.43256988997108003,0.7241379310344828,2711.4093959731545
6.83,1114,165493,66.0,66.0,66.0,196.0,376.0,23469.99894359047,1.6576255399784812,0.6472172351885098,5288.4333821376285
8.12,964,115486,66.0,66.0,66.0,151.0,279.0,9775.567384342556,1.2022501906941265,0.6825726141078838,4004.926108374384
3.28,439,54632,66.0,66.0,66.0,160.0,278.0,10229.367863388006,1.0767096210134184,0.6651480637813212,4426.829268292683
3.21,727,122603,66.0,66.0,66.0,279.0,412.0,22500.840460977543,2.2281787303509835,0.579092159559835,7028.0373831775705
2.04,326,44418,66.0,66.0,66.0,124.0,304.0,26073.255749181382,1.2141468521010916,0.647239263803681,5470.588235294117
5.91,924,173224,66.0,66.0,66.0,196.0,376.0,129207.77518224918,2.0577394926832713,0.6645021645021645,5228.426395939086
7.61,1121,182880,66.0,66.0,66.0,232.0,422.0,24080.741312753602,1.7254843517138598,0.6128456735057984,4699.080157687254
7.27,665,75361,66.0,54.0,66.0,95.0,247.60000000000048,11444.047880603764,0.41904080441373076,0.7684210526315789,3359.009628610729
0.96,73,9552,66.0,56.400000000000006,66.0,196.0,268.0,13534.949896791142,0.4155305275637226,0.6575342465753424,2500.0
9.08,922,118173,66.0,54.0,66.0,122.5,310.0,18891.761676493144,0.6576145656534486,0.7331887201735358,3674.008810572687
0.6,106,21014,66.0,66.0,66.0,232.0,520.0,58970.46813812745,1.91375485302274,0.6226415094339622,5900.0
7.72,626,75812,66.0,54.0,66.0,90.0,292.0,16079.685369861896,0.42084450025301273,0.7651757188498403,3000.0000000000005
7.38,1462,244625,66.0,66.0,66.0,267.75,340.0,31789.936567694873,1.5644452830979863,0.5923392612859097,6203.252032520325
1.73,151,17861,66.0,54.0,66.0,124.0,268.0,18634.124205078726,0.5466747488742639,0.7152317880794702,3017.341040462428
7.41,1633,1810047,66.0,66.0,66.0,78.0,276.0,24405205.197388977,15.451532861310817,0.8077158603796694,8388.663967611335
3.19,658,114364,66.0,66.0,66.0,124.0,412.0,99831.04726489964,2.1861592466707527,0.6200607902735562,6733.542319749216
6.43,533,69917,66.0,56.400000000000034,66.0,95.0,304.0,24231.285970241715,0.3659132201535546,0.7542213883677298,2967.3405909797825
1.16,131,23155,66.0,54.0,66.0,95.0,484.0,70429.68078783285,0.3391359666878723,0.7786259541984732,3931.0344827586214
7.06,917,166339,66.0,66.0,66.0,160.0,364.0,117462.66422559935,1.2766828173332239,0.693565976008724,4427.762039660057
3.46,248,24077,66.0,54.0,66.0,92.75,196.0,4227.198474895942,0.5467685982269048,0.7540322580645161,2653.1791907514453
1.98,143,17580,66.0,56.40000000000001,66.0,90.0,299.19999999999993,15906.436598366667,0.37204401779442753,0.7552447552447552,2606.060606060606
8.41,1198,170028,66.0,66.0,66.0,160.0,309.0,20066.16822695589,0.9841064239453877,0.656093489148581,4758.620689655173
0.17,14,1262,66.0,54.0,66.0,100.5,153.40000000000003,2541.2653061224487,0.24826904055390703,0.7142857142857143,3529.411764705882
10.0,913,124096,66.0,66.0,66.0,160.0,304.0,16182.712291364001,0.6743935019024746,0.6736035049288062,3036.0
9.05,1053,136686,66.0,66.0,66.0,148.0,304.0,13908.613939821918,1.0525888995675157,0.6533713200379867,3938.1215469613257
8.89,1091,146267,66.0,66.0,66.0,196.0,304.0,23846.724212181827,1.1968609191949535,0.6416131989000916,4056.2429696287963
8.58,1115,163139,66.0,66.0,66.0,196.0,321.0,19182.444629089663,1.2699810764178772,0.6242152466367713,4139.86013986014
8.09,936,129489,66.0,54.0,66.0,124.0,340.0,20308.033027202495,0.8849569116105741,0.688034188034188,4042.027194066749
7.12,936,120514,66.0,54.0,66.0,160.0,294.5,12339.042182591862,1.0632072726027633,0.6741452991452992,4449.438202247191
9.65,1704,282407,66.0,66.0,66.0,268.0,343.0,26450.827720676563,1.8154266402145414,0.6026995305164319,5421.761658031089
8.21,961,122819,66.0,54.0,66.0,124.0,308.0,15810.139260504093,0.5300353797089894,0.696149843912591,3953.714981729598
6.21,680,84621,66.0,54.0,66.0,112.0,304.0,16070.043769463668,0.5027170052564285,0.7294117647058823,3806.763285024155
3.57,272,40556,66.0,66.0,66.0,115.0,410.80000000000007,33524.893814878895,0.3902372137666255,0.7426470588235294,2806.7226890756306
6.04,545,74551,66.0,54.0,66.0,95.0,320.40000000000043,34285.96725528154,0.35473378157368707,0.7596330275229358,3288.0794701986756
5.16,457,59406,66.0,54.0,66.0,90.0,304.0,24535.76797590604,0.4075916974694342,0.7658643326039387,3139.53488372093
3.82,438,59200,66.0,54.0,66.0,90.0,304.0,56680.98815704426,0.5226729082538131,0.7945205479452054,4083.7696335078535
0.16,26,2198,66.0,54.0,66.0,66.0,82.0,8973.402366863906,0.8225538971807629,0.9615384615384616,7875.0
5.7,722,85421,66.0,54.0,66.0,95.0,232.0,24264.521997605912,0.704023619062818,0.760387811634349,4431.578947368421
1.52,423,58077,66.0,66.0,66.0,154.0,309.0,21147.017655047533,1.6594468357908234,0.6524822695035462,9592.105263157895
6.84,827,101437,66.0,54.0,66.0,95.0,268.0,27787.202504938377,0.5223923157736755,0.7521160822249093,4403.508771929824
6.27,883,119854,66.0,54.0,66.0,124.0,308.80000000000007,31445.9320370045,0.9426857930140206,0.7202718006795017,4937.799043062201
7.29,948,125568,66.0,54.0,66.0,115.75,309.0,21463.893606793787,0.9464285714285714,0.740506329113924,4716.04938271605
8.85,1504,191399,66.0,66.0,66.0,124.0,304.0,19129.342653190775,1.2772582333904436,0.6848404255319149,5945.762711864407
3.75,476,52249,66.0,54.0,66.0,124.0,232.0,8476.191419214745,0.5842151541796792,0.7352941176470589,4640.0
3.2,383,40269,66.0,54.0,66.0,90.0,196.0,9086.178554629183,1.061693630964571,0.783289817232376,4500.0
9.86,1039,139996,66.0,66.0,66.0,148.0,309.0,32066.313142588242,1.2563986848043325,0.6698748796920115,3608.519269776876
1.85,379,53432,66.0,57.20000000000002,66.0,196.0,309.0,13358.646096866494,1.9613700604112398,0.6411609498680739,6551.351351351351
4.41,1221,180652,66.0,66.0,66.0,232.0,309.0,12922.153506644907,1.7811869755984913,0.5814905814905815,8340.13605442177
8.55,955,99136,66.0,66.0,66.0,90.0,232.0,7986.70423946712,0.7384046153576376,0.7884816753926701,4231.578947368421
7.02,1297,183381,66.0,66.0,66.0,196.0,321.0,14934.832807338447,1.5917011744421046,0.646106399383192,6000.0
2.75,290,33152,66.0,54.0,66.0,90.0,257.2000000000003,17387.740737217595,0.44661168564820874,0.8137931034482758,4036.3636363636365
7.76,777,88140,66.0,54.0,66.0,90.0,232.0,14736.500767728568,0.4258905749506584,0.7837837837837838,3626.2886597938145
7.95,1040,121381,66.0,54.0,66.0,103.0,279.0,12350.87984375,0.780955175702443,0.7461538461538462,4777.358490566037
6.08,623,73781,66.0,54.0,66.0,90.0,278.2000000000006,19136.235267140568,0.4585549075812988,0.7881219903691814,3750.0
4.59,463,51510,66.0,54.0,66.0,90.0,232.0,16926.387546706846,0.44695075704373716,0.8228941684665226,3921.5686274509803
7.37,1342,190092,66.0,66.0,66.0,196.0,309.0,19440.537996317526,1.483758852274806,0.6520119225037257,5829.036635006784
4.7,543,67848,66.0,54.0,66.0,124.0,308.00000000000006,15524.076717234924,0.9919556090543437,0.7348066298342542,4148.936170212765
0.31,27,3388,74.0,66.0,66.0,171.5,246.4000000000001,9520.842249657066,0.34765314240254575,0.6666666666666666,2322.5806451612902
3.17,447,59925,66.0,54.0,66.0,135.0,310.8000000000006,18776.553398495562,1.1660943430327129,0.7158836689038032,5034.700315457414
3.71,659,86728,66.0,66.0,66.0,160.0,328.0,13008.912625696266,1.3464098263081001,0.6934749620637329,5886.792452830189
6.24,564,61850,66.0,54.0,66.0,90.0,232.0,25552.28012926915,0.5665763278539044,0.8049645390070922,3336.5384615384614
7.4,737,95826,66.0,54.0,66.0,90.0,312.9999999999998,24224.772934390585,0.3724524140301628,0.7896879240162822,3624.324324324324
7.21,824,97447,66.0,54.0,66.0,95.0,278.70000000000005,14665.003521479404,0.8597820485905682,0.7560679611650486,4036.0610263522885
6.09,735,93678,66.0,54.0,66.0,95.0,270.6,38483.75527974456,0.67984076318904,0.763265306122449,4433.497536945813
0.02,6,566,70.0,60.0,66.0,74.0,153.0,3835.222222222223,0.521505376344086,0.8333333333333334,9000.0
4.74,649,105584,66.0,54.0,66.0,124.0,418.6000000000015,41819.68182411723,0.9890360379029067,0.7057010785824345,4721.518987341772
5.85,768,97814,66.0,54.0,66.0,112.0,285.7000000000006,21099.098137749566,0.8997805271233515,0.7369791666666666,4707.6923076923085
8.62,866,106001,66.0,54.0,66.0,90.0,268.0,20411.688628399534,0.40642704560230336,0.7933025404157044,3612.5290023201856
5.16,517,65311,66.0,54.0,66.0,90.0,304.0,23215.055621443455,0.4202983646485734,0.7988394584139265,3720.9302325581393
0.95,64,7220,66.0,57.60000000000001,66.0,91.25,221.2000000000001,12929.90234375,0.5123586091328027,0.78125,2210.5263157894738
3.49,395,50962,66.0,54.0,66.0,90.0,354.40000000000055,24186.518673289538,0.36546808852687424,0.7949367088607595,4126.074498567335
7.7,739,95158,66.0,54.0,66.0,90.0,304.0,27891.229364920957,0.4112534851990271,0.79702300405954,3490.909090909091
0.89,357,68784,66.0,66.0,66.0,268.0,401.0,103063.23993126664,2.835182603847226,0.6190476190476191,12471.91011235955
7.04,1221,146667,66.0,54.0,66.0,148.0,278.0,11377.3966439077,1.3014891647182514,0.687960687960688,6042.613636363636
2.72,362,38465,66.0,54.0,66.0,112.0,219.1000000000003,6515.538971643113,0.83524977336705,0.7375690607734806,4830.882352941177
1.33,117,11808,66.0,54.0,66.0,90.0,241.60000000000014,6926.378698224854,0.4723192019950125,0.8290598290598291,3383.458646616541
5.48,694,75305,66.0,54.0,66.0,94.0,268.0,7930.765775398849,0.6518239048893374,0.760806916426513,4664.233576642336
6.66,1168,163222,66.0,66.0,66.0,220.0,310.0,13610.571891419591,1.6006915122448655,0.6592465753424658,5801.801801801802
7.39,801,103742,66.0,54.0,66.0,112.0,280.0,46235.77035571953,0.8441055176336746,0.7440699126092385,3824.086603518268
7.19,958,145327,66.0,54.0,66.0,124.0,387.0,52239.05617675132,1.0165820220353565,0.7202505219206681,4648.122392211405
5.56,797,133554,66.0,54.0,66.0,160.0,321.0,72851.15589042347,1.2773296956262257,0.6963613550815558,4780.575539568345
2.66,197,24021,66.0,54.0,66.0,103.0,328.0,13007.229147878068,0.44209641592123433,0.7461928934010152,2639.097744360902
9.97,1254,187915,66.0,54.0,66.0,184.0,376.0,27636.237406169475,0.9640150921309796,0.6818181818181818,4242.728184553661
8.44,1508,215598,66.0,66.0,66.0,232.0,278.0,18533.45928170887,1.3273170837021524,0.6206896551724138,5701.421800947867
5.87,716,79386,66.0,54.0,66.0,124.0,262.0,8384.889227864298,0.8785584135923709,0.7248603351955307,4395.229982964224
5.14,1052,149593,66.0,66.0,66.0,196.0,310.0,14556.693420282207,1.4729794514886512,0.6283269961977186,6712.0622568093395
1.57,313,85985,66.0,66.0,66.0,184.0,340.0,350481.54671375646,2.9217787913340936,0.6421725239616614,6573.248407643312
9.0,1200,217423,66.0,66.0,66.0,124.0,376.0,137628.80463263884,1.3398441703794581,0.715,4726.666666666667
4.42,568,64542,66.0,66.0,66.0,105.25,232.0,11540.430209779806,0.7790947681790616,0.7411971830985915,4683.257918552036
2.31,201,26254,66.0,66.0,66.0,95.0,340.0,16211.559713868468,0.4297228121766596,0.7512437810945274,3142.857142857143
6.47,537,64653,66.0,66.0,66.0,90.0,256.0,18782.689970142426,0.41655529019960125,0.7821229050279329,3069.5517774343125
7.37,891,118276,66.0,54.0,66.0,124.0,309.0,20742.941826293867,1.1152442950139494,0.7194163860830527,4274.084124830393
9.86,1181,150422,66.0,54.0,66.0,118.0,310.0,16009.93291753928,0.8920768292222739,0.729043183742591,4271.805273833672
0.01,1,66,66.0,66.0,66.0,66.0,66.0,0.0,0.0,1.0,6000.0
0.34,26,2533,66.0,66.0,66.0,90.0,142.0,5205.859467455621,0.5050505050505051,0.8076923076923077,2470.5882352941176
4.42,557,67180,66.0,54.0,66.0,124.0,268.0,25769.598670745112,0.9951887380832171,0.7307001795332136,4615.384615384615
5.19,785,147617,66.0,54.0,66.0,196.0,412.0,115851.84618605216,2.0815815293405424,0.6764331210191082,5028.901734104046
9.65,1234,159682,66.0,66.0,66.0,124.0,297.70000000000005,17773.287386817065,1.2064667679977892,0.6888168557536467,4402.072538860104
5.94,482,79186,66.0,66.0,66.0,160.0,448.0,39321.52798677709,0.9134910470483049,0.6867219917012448,2838.3838383838383
9.31,1151,175887,66.0,66.0,66.0,196.0,328.0,37669.603357787324,1.2228442882960304,0.6429192006950478,3995.7035445757247
1.14,101,14980,66.0,66.0,66.0,124.0,412.0,27386.85011273405,0.35247381726254967,0.693069306930693,3052.6315789473683
1.24,92,12368,66.0,54.0,66.0,90.0,324.4000000000002,32146.354442344047,0.3588222368710174,0.7934782608695652,2370.967741935484
1.06,460,101793,70.0,66.0,66.0,309.0,493.0,79812.5229253308,3.0496896880967537,0.55,13018.867924528302
4.71,396,53994,66.0,66.0,66.0,103.0,370.0,23910.090679522495,0.3547950017564109,0.7424242424242424,3006.3694267515925
1.81,338,40695,66.0,66.0,66.0,124.0,254.00000000000023,14162.180709709048,1.1150148121199521,0.6301775147928994,6629.834254143646
3.23,385,60745,66.0,66.0,66.0,196.0,335.2000000000003,33479.59541237982,0.8696522006771314,0.6337662337662338,4030.959752321982
5.45,407,65295,66.0,54.0,66.0,99.0,462.4000000000012,43509.439199753695,0.33557651005338623,0.7493857493857494,2620.183486238532
3.77,306,44846,66.0,66.0,66.0,95.0,340.0,34375.03776325345,0.30290528762347474,0.7581699346405228,2880.6366047745355
2.36,428,64314,66.0,66.0,66.0,196.0,340.0,28425.013167088826,1.4837414072758168,0.6728971962616822,5720.338983050848
9.74,1272,170043,66.0,66.0,66.0,127.0,307.9000000000001,21062.715447742372,0.9862516061207803,0.6941823899371069,4540.041067761807
9.07,849,128031,66.0,54.0,66.0,91.0,357.60000000000036,46215.48734532832,0.3234956635000052,0.7714958775029447,3307.6074972436604
0.74,77,17842,66.0,66.0,66.0,160.0,582.4000000000003,135307.5807050093,0.176292194092827,0.6753246753246753,3405.4054054054054
2.52,243,36538,66.0,54.0,66.0,112.0,405.4000000000004,42179.523175667666,0.30185990166037197,0.7407407407407407,3428.5714285714284
1.77,473,74374,66.0,66.0,66.0,238.0,337.60000000000014,27885.052863062007,1.6745540851553509,0.6342494714587738,8372.881355932202
8.36,1403,218488,66.0,66.0,66.0,232.0,322.0,22457.22671253789,1.5632398315325144,0.6065573770491803,5188.995215311004
9.97,1123,147003,66.0,66.0,66.0,124.0,304.0,29264.843477550672,0.9224622708131719,0.7337488869100623,4020.0601805416245
7.6,1011,138242,66.0,66.0,66.0,124.0,321.0,20174.666210751955,0.9407561314596173,0.6943620178041543,4634.21052631579
0.95,77,11928,74.0,66.0,66.0,160.0,376.0,27967.277449822905,0.35699658703071674,0.6233766233766234,2273.6842105263163
2.29,213,28784,66.0,54.0,66.0,95.0,304.0,28070.502589874144,0.36423527181383003,0.7652582159624414,3275.109170305677
9.52,1091,174934,66.0,54.0,66.0,124.0,448.0,45084.0163070737,0.5715928488006469,0.7213565536205316,4046.218487394958
4.9,556,85214,66.0,54.0,66.0,124.0,340.0,45140.2907587599,1.0777314510033404,0.7140287769784173,3734.69387755102
2.35,209,35719,66.0,54.0,66.0,95.0,466.4000000000004,57850.019550834455,0.2742223173515982,0.7559808612440191,3012.7659574468084
6.5,796,121200,66.0,66.0,66.0,124.0,309.0,46723.38900532815,0.874449032617269,0.6884422110552764,4236.923076923077
3.31,306,33161,66.0,54.0,66.0,90.0,232.0,13365.670821051734,0.5451029726959277,0.7712418300653595,3244.712990936556
2.72,424,64413,66.0,66.0,66.0,124.0,356.7999999999997,54777.29271426665,1.0981433224755701,0.7122641509433962,5294.117647058823
1.04,77,10056,66.0,61.2,66.0,90.0,340.0,21552.78596727947,0.4302375195562509,0.7922077922077922,2653.846153846154
5.09,435,59560,66.0,54.0,66.0,96.5,376.0,24534.896974501255,0.381357701138762,0.7517241379310344,3111.9842829076624
1.32,138,18422,66.0,54.0,66.0,90.0,239.19999999999993,31426.16299096828,0.3060616802552286,0.7608695652173914,3818.181818181818
1.36,567,155102,90.0,66.0,66.0,309.0,781.6000000000008,128290.7132561301,3.9131109632867687,0.5097001763668431,10720.588235294117
8.12,1369,227859,66.0,66.0,66.0,196.0,333.0,57694.31675186923,1.582996089100493,0.6376917457998539,5460.591133004926
1.62,169,19901,66.0,54.0,66.0,90.0,304.0,18680.029900913833,0.39401793219389186,0.8106508875739645,3925.9259259259256
9.01,1550,260108,66.0,66.0,66.0,297.0,376.0,26890.48192965661,1.7880762758191933,0.6129032258064516,5420.643729189789
3.91,349,46412,66.0,54.0,66.0,90.0,366.39999999999986,20440.856528271524,0.3665459470600359,0.7564469914040115,3176.470588235294
0.91,133,17562,66.0,66.0,66.0,90.0,304.0,27703.877664085023,0.43609452939733423,0.7969924812030075,5340.65934065934
6.73,1018,220115,66.0,66.0,66.0,220.0,340.0,201214.68996279154,1.7648470079887455,0.6591355599214146,4841.010401188707
4.77,672,78970,66.0,66.0,66.0,124.0,196.0,16624.452159509638,1.2417463877139694,0.6875,4817.610062893083
3.33,697,183837,66.0,66.0,66.0,232.0,588.0,280770.6586045133,3.2074703041677157,0.6614060258249641,7207.207207207207
3.38,261,27388,66.0,54.0,66.0,90.0,232.0,10602.298439541404,0.6054868397913125,0.8045977011494253,2804.733727810651
8.38,755,96710,66.0,66.0,66.0,124.0,304.0,18605.52782772685,0.4706061251178492,0.7337748344370861,3214.7971360381857
8.04,1453,213474,66.0,66.0,66.0,184.0,310.0,20433.070597937014,1.7376885195444751,0.6104611149346181,5656.716417910448
3.35,302,38715,66.0,54.0,66.0,101.0,308.50000000000017,20019.739978509715,0.4039891205802357,0.7483443708609272,3116.417910447761
6.35,619,128131,66.0,66.0,66.0,124.0,455.20000000000164,171643.7350461034,0.7009066652506936,0.7350565428109854,3231.4960629921266
4.81,492,66093,66.0,54.0,66.0,95.0,340.0,29684.430212671028,0.4272479917076963,0.774390243902439,3642.4116424116423
9.59,1413,202633,66.0,66.0,66.0,124.0,340.0,37347.24616078883,1.1721927426703114,0.7070063694267515,5111.574556830032
7.08,1068,157064,66.0,66.0,66.0,199.0,313.0,29262.303062183502,1.257315320494395,0.6750936329588015,4983.050847457627
8.01,1007,119443,66.0,54.0,66.0,95.0,268.79999999999995,16701.550106553037,0.75344617507597,0.7616683217477657,4546.816479400749
3.24,326,37675,66.0,54.0,66.0,90.0,268.0,16826.417224961424,0.4197158684101443,0.8067484662576687,3833.333333333333
3.51,338,47391,66.0,54.0,66.0,90.0,376.0,34153.48546094324,0.31455438129316804,0.7928994082840237,3572.6495726495727
4.66,471,69171,66.0,54.0,66.0,90.0,340.0,53145.52601187337,0.35994730943908143,0.8089171974522293,3695.2789699570812
3.69,393,53803,66.0,54.0,66.0,90.0,340.0,37661.863424172385,0.33954935889455995,0.806615776081425,4016.2601626016262
0.53,51,5864,66.0,54.0,66.0,82.0,310.0,14775.078046905037,0.3787914413355279,0.8431372549019608,3849.056603773585
5.4,842,154903,66.0,66.0,66.0,135.0,412.0,119581.58700441771,1.8453894195444527,0.6769596199524941,4944.444444444443
6.02,1030,134148,66.0,66.0,66.0,124.0,310.0,15728.301249882177,1.2479388698974463,0.6747572815533981,5780.730897009967
2.97,293,34992,66.0,54.0,66.0,95.0,268.0,15008.2446155459,0.4381653035222556,0.7610921501706485,3494.9494949494947
8.0,1049,122333,66.0,66.0,66.0,110.0,268.0,12199.128192358967,0.9679391277769734,0.7464251668255482,4770.0
3.14,504,61780,66.0,66.0,66.0,160.0,300.0,8612.045288485768,1.1768084281737783,0.6607142857142857,5407.643312101911
0.55,53,5365,66.0,54.0,66.0,90.0,253.6000000000003,6369.609113563545,0.39242148974824814,0.8113207547169812,3600.0
6.68,1010,135230,66.0,66.0,66.0,146.0,309.0,13966.750514655425,1.2329183316270929,0.6465346534653466,5119.760479041916
8.22,681,79659,66.0,54.0,66.0,95.0,268.0,13342.815747766628,0.43529729729729727,0.7723935389133627,2963.5036496350363
4.93,704,110190,66.0,66.0,66.0,232.0,376.0,25586.939945441627,1.2587786728983457,0.6633522727272727,4758.620689655172
0.06,10,636,66.0,54.0,54.0,66.0,68.39999999999999,109.44000000000001,1.2083333333333333,1.0,9000.0
2.76,383,43690,66.0,54.0,66.0,124.0,232.0,8155.425464758777,1.116148406470987,0.6997389033942559,4804.347826086957
5.98,829,97988,66.0,54.0,66.0,124.0,298.0,11340.522026479795,1.0836983796197848,0.7261761158021713,4966.555183946488
4.29,428,47279,66.0,54.0,66.0,95.0,238.60000000000014,9908.968397895014,0.4618904795770075,0.7663551401869159,3524.4755244755247
4.6,914,156265,66.0,66.0,66.0,196.0,446.0,41166.68280073163,2.072272575349468,0.6367614879649891,6573.913043478261
0.41,48,10476,74.0,66.0,66.0,160.0,350.8000000000002,209470.97916666666,0.28745237802629964,0.7083333333333334,3365.8536585365855
1.25,145,16154,66.0,54.0,66.0,103.0,268.0,8350.006848989298,0.45295916531750313,0.7448275862068966,4080.0
0.42,67,7158,66.0,54.0,66.0,90.0,232.0,9937.152149699265,0.4773993808049536,0.8208955223880597,6142.857142857143
0.31,20,3169,78.0,66.0,66.0,258.25,379.6,17329.947500000002,0.28247673006879803,0.6,1935.483870967742
1.79,342,50375,66.0,54.0,66.0,196.0,353.5000000000005,20298.59991963339,1.565179753539057,0.6783625730994152,6469.27374301676
3.58,355,42278,66.0,66.0,66.0,95.0,279.20000000000005,16481.712485617933,0.46219824306564294,0.7605633802816901,3569.832402234637
8.37,1048,133300,66.0,54.0,66.0,124.0,304.0,18984.84187984383,0.8243280232112553,0.7318702290076335,4401.433691756273
7.43,924,118075,66.0,54.0,66.0,103.0,268.0,38010.26731484605,0.9317289444408089,0.7424242424242424,4441.4535666218035
4.12,610,94902,66.0,54.0,66.0,124.0,234.40000000000055,115718.6407847353,0.9531581222087304,0.7327868852459016,5315.533980582524
5.25,794,125860,66.0,66.0,66.0,232.0,376.0,26033.98784333382,1.4570034163006345,0.6586901763224181,4948.571428571428
3.61,409,46087,66.0,54.0,66.0,90.0,268.0,12152.872077522254,0.49347030039858714,0.7995110024449877,4204.986149584487
0.94,492,192979,78.0,66.0,66.0,341.0,793.3000000000009,470302.7075608104,6.077123368050462,0.5548780487804879,14553.191489361703
1.58,153,15591,66.0,54.0,66.0,103.0,188.8000000000004,6583.31718569781,0.9589144364869958,0.7450980392156863,3569.6202531645567
3.49,359,38717,66.0,54.0,66.0,90.0,232.0,8839.461208401548,0.5046245919477693,0.7910863509749304,3730.659025787965
4.32,434,57758,66.0,54.0,66.0,90.0,340.0,24661.421690840747,0.3933370323016428,0.7741935483870968,3694.444444444444
7.58,813,105335,66.0,54.0,66.0,90.0,268.0,35821.93356420649,0.3673122355201329,0.7933579335793358,3973.614775725594
5.07,522,51481,66.0,54.0,66.0,90.0,196.0,6795.311596277213,0.5656286113983334,0.7873563218390804,3857.9881656804732
2.25,183,17364,66.0,54.0,66.0,90.0,179.20000000000027,5676.276448983249,0.4856262833675565,0.8142076502732241,3040.0
6.39,919,140554,66.0,54.0,66.0,124.0,268.0,124328.5701234132,0.5464017339450551,0.7127312295973884,5032.863849765258
5.12,763,264838,66.0,66.0,66.0,160.0,535.0,598997.5297894599,5.05108871981173,0.6854521625163827,4910.15625
7.63,950,108394,66.0,66.0,66.0,111.5,257.2000000000003,12034.369156786704,0.8129421799996654,0.7463157894736843,4773.263433813892
8.36,854,104415,66.0,54.0,66.0,90.0,268.0,20513.24667633783,0.3649733319389249,0.7997658079625293,3911.4832535885166
1.55,354,59986,66.0,66.0,66.0,232.0,340.0,38184.10645089215,1.4543185630702509,0.6271186440677966,7664.5161290322585
1.8,209,40381,66.0,63.60000000000001,66.0,103.0,323.2000000000001,169339.9078317804,1.1319360118261972,0.7464114832535885,3766.6666666666665
3.97,454,73883,66.0,66.0,66.0,90.0,340.0,131799.52380698247,0.9445453349124885,0.7797356828193832,4050.3778337531485
4.07,371,48887,66.0,54.0,66.0,90.0,310.0,27537.055325084824,0.3633498800825478,0.7897574123989218,3346.437346437346
2.99,279,31293,66.0,54.0,66.0,90.0,268.0,13986.816279338655,0.4694998826015497,0.8064516129032258,3411.371237458194
3.69,522,64707,66.0,66.0,66.0,124.0,281.60000000000014,17470.4753930506,1.310716708924044,0.7318007662835249,4959.349593495935
6.77,971,111446,66.0,66.0,66.0,124.0,304.0,9319.4228698158,1.347516535366727,0.7085478887744593,4901.033973412113
2.95,457,53643,66.0,56.400000000000006,66.0,124.0,232.0,25133.172320671878,0.864092851930361,0.7221006564551422,5593.22033898305
4.25,610,92244,66.0,66.0,66.0,124.0,312.0,79638.70584251545,0.9522539682539682,0.7262295081967213,5025.882352941177
2.37,360,48856,66.0,64.79999999999998,66.0,151.0,232.0,31020.116543209875,1.234949679780421,0.6944444444444444,5240.506329113924
4.85,700,92854,66.0,54.0,66.0,124.0,304.0,21348.827926530616,1.113873332422711,0.7171428571428572,5109.278350515464
3.28,710,120394,66.0,66.0,66.0,279.0,309.0,30764.05368776037,2.0737062472873955,0.5887323943661972,6640.243902439025
6.57,814,110139,66.0,66.0,66.0,124.0,236.20000000000027,67119.9346826724,1.1348077221274617,0.730958230958231,4337.899543378995
9.47,1492,217993,66.0,66.0,66.0,160.0,309.0,26473.494387852283,1.0032254803760303,0.6849865951742627,5436.11404435058
7.39,1125,165305,66.0,66.0,66.0,160.0,340.0,28118.91346172839,1.0839216378397458,0.7004444444444444,5447.902571041949
7.78,1153,176570,66.0,66.0,66.0,160.0,326.0,37748.92325988465,1.5082391044945735,0.6955767562879445,5082.262210796915
2.31,454,75447,66.0,66.0,66.0,232.0,340.0,52946.400497777955,1.7645377597010004,0.6343612334801763,6389.61038961039
2.24,221,48495,66.0,54.0,66.0,90.0,304.0,301778.7796318666,2.019425938609053,0.7828054298642534,3455.3571428571427
1.99,180,24490,66.0,57.60000000000001,66.0,115.0,436.0,22449.54135802469,0.34871681903293317,0.7444444444444445,3075.376884422111
4.98,681,112276,66.0,54.0,66.0,124.0,376.0,69581.55560730633,1.1493988819970902,0.7151248164464024,4807.22891566265
7.46,712,90097,66.0,54.0,66.0,90.0,304.0,21210.947779241887,0.3963547882150551,0.7682584269662921,3474.5308310991954
3.69,364,45758,66.0,54.0,66.0,90.0,268.0,25452.20640623113,0.4138985878935822,0.7747252747252747,3479.6747967479673
9.71,1120,180502,66.0,66.0,66.0,112.0,268.0,134382.6450223214,1.230733105937021,0.7419642857142857,4022.6570545829036
4.48,681,110276,66.0,66.0,66.0,297.0,376.0,21642.162838186046,1.4110367746731383,0.6093979441997063,4888.392857142857
0.35,26,1825,66.0,54.0,66.0,74.0,90.0,138.46301775147927,1.2201946472019465,0.9615384615384616,2742.857142857143
7.83,616,76147,66.0,54.0,66.0,90.25,323.5,17490.220481426044,0.3979878462978942,0.7694805194805194,2881.2260536398467
0.08,6,1686,113.0,66.0,66.0,457.0,664.0,78337.0,0.5845864661654135,0.5,2250.0
0.21,20,2757,70.0,66.0,66.0,102.25,379.6,16705.527499999997,0.4030534351145038,0.75,2857.142857142857
2.94,575,78390,66.0,66.0,66.0,160.0,280.0,15597.654291115312,1.5079984642948554,0.6504347826086957,6653.061224489796
4.45,417,54098,66.0,54.0,66.0,95.0,340.0,20752.834336847067,0.3929858893809867,0.7601918465227818,3303.3707865168535
1.74,154,22714,66.0,57.60000000000001,66.0,95.0,393.7000000000004,33593.60060718502,0.3121136849402114,0.7532467532467533,3137.9310344827586
9.94,1408,225184,66.0,66.0,66.0,238.0,333.0,30969.158703512396,1.1909107714460845,0.6441761363636364,4448.692152917505
6.48,824,114278,66.0,66.0,66.0,160.0,309.0,18496.491769959466,1.073220732570164,0.6650485436893204,4287.0370370370365
7.07,1283,254876,78.0,66.0,66.0,278.0,446.5999999999997,63667.81248401514,2.0904549422834418,0.539360872954014,5193.776520509194
4.73,742,141288,66.0,66.0,66.0,250.0,328.0,115802.30209022021,1.5433467741935485,0.5849056603773585,4807.610993657505
0.3,30,2830,66.0,54.0,66.0,74.0,97.90000000000003,8334.888888888892,0.5669988925802879,0.9,4000.0
7.05,762,105909,66.0,66.0,66.0,124.0,340.0,22288.308259449852,0.849066815650261,0.7099737532808399,3753.191489361702
6.68,1117,177372,66.0,66.0,66.0,232.0,332.7999999999997,26566.282209749384,1.7812588202088626,0.6132497761862131,5254.491017964072
7.79,826,112783,66.0,54.0,66.0,95.0,340.0,25064.584867414367,0.5710783289453523,0.7542372881355932,3766.3671373555844
5.42,617,108156,66.0,54.0,66.0,121.0,340.0,137696.49579052717,0.9423173622584584,0.7358184764991896,3830.258302583026
4.21,860,116040,66.0,66.0,66.0,160.0,304.0,15368.250946457545,1.2678236397748592,0.6593023255813953,6869.358669833729
8.82,913,118872,66.0,54.0,66.0,95.0,340.0,20197.022693982144,0.4068524764778981,0.7623220153340635,3741.496598639456
5.3,901,135399,66.0,54.0,66.0,148.0,309.0,37630.86147220808,1.4732217878931795,0.7025527192008879,5796.226415094339
8.13,1280,202252,66.0,54.0,66.0,148.0,340.0,50710.42647460937,1.5012614395251052,0.70078125,5527.675276752767
6.45,882,112671,66.0,62.400000000000034,66.0,124.0,304.0,31365.219503447643,0.9244867283845182,0.7256235827664399,4753.488372093023
9.39,809,110102,66.0,66.0,66.0,139.0,340.0,17908.660667001794,0.43309730827302545,0.7095179233621756,2952.076677316294
2.29,417,71106,66.0,66.0,66.0,220.0,447.0,32088.68133119404,2.0418377823408624,0.5851318944844125,5764.192139737991
3.76,300,42494,66.0,54.0,66.0,103.0,220.0,91827.38182222222,0.9764651162790697,0.7433333333333333,2617.021276595745
2.48,203,21535,66.0,54.0,66.0,110.5,196.0,7291.4264845058115,0.4298519354624527,0.7438423645320197,2879.032258064516
5.02,395,53055,66.0,66.0,66.0,132.0,328.0,18680.828969716393,0.43376391741433357,0.7139240506329114,2677.290836653387
2.27,166,24336,66.0,54.0,66.0,95.0,430.0,33194.63710262738,0.3694991558806978,0.7710843373493976,2458.1497797356824
9.68,829,121633,66.0,54.0,66.0,124.0,340.0,33682.37417150607,0.36306382024990197,0.7008443908323281,2956.611570247934
8.7,1140,242863,66.0,66.0,66.0,196.0,449.50000000000205,137688.3854193598,1.9062069955843814,0.6456140350877193,3979.3103448275865
3.38,280,34080,66.0,54.0,66.0,112.75,304.0,12123.232653061224,0.45834224827763276,0.7428571428571429,2946.7455621301774
2.85,217,28118,66.0,54.0,66.0,124.0,323.80000000000007,15932.013803648411,0.45087719298245615,0.7096774193548387,2652.6315789473683
3.29,926,178871,74.0,66.0,66.0,309.0,412.0,31945.712440931296,2.372442919361225,0.5356371490280778,8115.501519756839
2.02,125,10875,66.0,54.0,66.0,90.0,141.60000000000008,2256.32,0.7634181936111561,0.824,2168.3168316831684
0.4,22,2540,66.0,54.0,57.0,66.0,294.2000000000004,15461.157024793387,0.45977011494252873,0.7727272727272727,2550.0
6.61,1611,270749,74.0,66.0,66.0,279.0,376.0,19249.61556046439,2.290700924924341,0.5505896958410925,7170.953101361572
8.51,968,138246,66.0,54.0,66.0,124.0,376.0,24724.40213697835,0.5991625120012956,0.7066115702479339,3920.0940070505285
5.38,466,64755,66.0,66.0,66.0,124.0,340.0,23215.940397686456,0.36911432014715523,0.7317596566523605,3089.219330855019
9.18,1029,178955,66.0,54.0,66.0,124.0,448.0,67900.61317043824,0.6290999462899071,0.7074829931972789,3764.7058823529414
1.36,144,20237,66.0,54.0,66.0,95.0,309.0,34519.082127700625,0.37172100589710566,0.7847222222222222,4102.941176470588
9.9,1280,202189,66.0,54.0,66.0,124.0,340.0,56799.910131225595,0.9516877901869746,0.71171875,4436.363636363636
3.15,493,75499,66.0,66.0,66.0,232.0,376.0,18126.628926677335,1.534799395668961,0.6206896551724138,5085.714285714286
7.79,1025,146782,66.0,66.0,66.0,196.0,309.0,25655.341654729327,1.1577338076617765,0.6770731707317074,4382.541720154044
1.63,415,95056,66.0,66.0,66.0,275.0,470.0,154374.95888517928,3.586980649519857,0.5879518072289157,7803.680981595093
5.56,848,139940,66.0,66.0,66.0,268.0,412.0,22351.14567016732,1.4654252039252305,0.6202830188679245,4877.697841726619
2.74,254,22449,66.0,54.0,66.0,90.0,148.0,2685.9683334366664,0.6518763796909492,0.7913385826771654,3459.85401459854
5.84,767,120500,66.0,54.0,66.0,228.5,310.0,28755.07750442384,1.365435200816615,0.651890482398957,4386.986301369863
1.41,126,12222,66.0,54.0,66.0,95.0,160.0,10729.920634920634,0.5770322580645161,0.7777777777777778,2978.723404255319
7.99,1664,1808692,66.0,66.0,66.0,74.0,228.40000000000055,39311473.81401973,17.73340997835296,0.8155048076923077,9221.526908635793
2.15,398,72289,66.0,66.0,66.0,196.0,412.0,108681.3987588697,1.7279897354617155,0.6306532663316583,6111.627906976744
8.67,1486,218393,66.0,56.0,66.0,163.0,310.0,23299.960554679026,1.4429566987706524,0.6621803499327052,5737.024221453287
3.06,483,63169,66.0,66.0,66.0,148.0,268.0,21108.56233255747,1.4777015101000197,0.6790890269151139,5607.843137254901
0.34,13,1544,66.0,66.0,66.0,160.0,232.0,5402.639053254437,0.466286799620133,0.6923076923076923,1235.2941176470588
6.38,629,83935,66.0,54.0,66.0,90.0,309.20000000000005,39889.40720501668,0.3883191637169605,0.7631160572337043,3517.2413793103447
1.18,101,13984,66.0,54.0,66.0,90.0,376.0,28560.485638662874,0.3365191627640256,0.7524752475247525,2949.1525423728817
1.21,126,17728,66.0,60.0,66.0,95.0,298.0,36780.8614260519,0.35111653075222926,0.7698412698412699,3867.7685950413224
2.37,248,36758,66.0,66.0,66.0,160.0,314.8000000000004,30171.952588449527,0.9258133808351234,0.6612903225806451,3341.772151898734
3.93,874,122546,66.0,66.0,66.0,196.0,310.0,13380.474160727657,1.5503850156087409,0.6292906178489702,7389.312977099236
2.73,236,29223,66.0,54.0,66.0,125.75,292.0,17493.982530163747,0.4930261073928371,0.711864406779661,3076.923076923077
5.83,766,136957,66.0,54.0,66.0,266.0,447.0,49719.72430959377,1.2418890162055982,0.6357702349869452,4301.88679245283
2.65,499,82512,66.0,66.0,66.0,278.0,376.0,21483.242918703138,2.0302985787212164,0.591182364729459,5864.1509433962265
5.26,521,65881,66.0,54.0,66.0,146.0,309.0,12251.149715776175,0.9332981189658714,0.7005758157389635,3479.087452471483
3.5,491,60096,66.0,66.0,66.0,160.0,300.0,9684.524130893766,1.0486807118020045,0.6639511201629328,4697.142857142857
0.31,24,3439,66.0,66.0,66.0,158.0,329.2,17858.53993055556,0.36630909813269763,0.6666666666666666,2516.1290322580644
1.57,140,18845,66.0,54.0,66.0,98.5,343.6000000000003,20300.85280612245,0.4196926322133494,0.75,3401.2738853503183
7.16,633,94975,66.0,66.0,66.0,135.0,376.0,35291.254364357395,0.3229742718243742,0.7093206951026856,3041.8994413407822
0.82,345,57138,66.0,66.0,66.0,268.0,309.0,23839.569552614998,2.0992623128661316,0.5362318840579711,12731.707317073171
5.64,990,140544,66.0,66.0,66.0,196.0,310.0,15128.972415059689,1.356104675529329,0.6232323232323232,5755.31914893617
7.89,4446,5878352,124.0,66.0,66.0,2962.0,2962.0,2142163.4963637223,9.490762685245995,0.4939271255060729,12638.783269961976
7.31,867,330985,66.0,66.0,66.0,278.0,1185.1999999999948,584661.0087868784,4.322842623267183,0.6182237600922722,3882.352941176471
8.77,1134,171365,66.0,66.0,66.0,232.0,310.0,18271.885244129662,1.3560508152995847,0.6164021164021164,4132.269099201824
1.32,118,17772,66.0,54.0,66.0,160.0,448.0,23806.797184717037,0.3631970545370867,0.7033898305084746,3045.454545454545
5.89,657,111321,66.0,66.0,66.0,124.0,309.0,137118.38014219885,1.3370562425209414,0.726027397260274,3901.528013582343
7.77,1096,169464,66.0,66.0,66.0,232.0,340.0,20111.538414406736,1.4352824521821606,0.614963503649635,4478.764478764479
4.35,964,161295,66.0,66.0,66.0,280.0,412.0,20422.820779385685,2.0667946914096667,0.5809128630705395,6965.517241379311
0.08,5,370,74.0,66.0,66.0,74.0,83.6,76.8,0.6086956521739131,1.0,1500.0
8.29,919,132432,66.0,66.0,66.0,160.0,311.0,20272.065257571685,0.9944878687932047,0.661588683351469,3655.0060313630884
7.99,1241,181492,66.0,66.0,66.0,232.0,310.0,14816.09230293731,1.3605644794173115,0.6091861402095085,4956.1952440550685
3.64,677,97873,66.0,66.0,66.0,184.0,329.9999999999999,16811.5303635598,1.4489678468660077,0.6159527326440177,6000.0
5.88,557,68087,66.0,66.0,66.0,124.0,304.0,11238.354115565238,0.8369125343981006,0.7217235188509874,3295.918367346939
4.78,503,63131,66.0,66.0,66.0,124.0,268.0,30850.019303661134,0.5378675306326277,0.6998011928429424,3665.271966527196
4.51,539,69525,66.0,66.0,66.0,160.0,280.0,12528.500803728472,1.3567796610169491,0.6530612244897959,3977.827050997783
8.02,969,127070,66.0,66.0,66.0,124.0,304.0,18185.320216707616,0.8894043476967912,0.7038183694530443,4279.30174563591
7.59,830,113481,66.0,54.0,66.0,124.0,281.0,43002.45520249673,0.7204778726178384,0.7192771084337349,3913.0434782608695
4.21,360,50327,66.0,64.79999999999998,66.0,117.25,304.0,30530.26721450617,0.3516409733039695,0.7361111111111112,2992.874109263658
8.86,1101,171212,66.0,54.0,66.0,160.0,376.0,44994.9838434385,0.7752846270297173,0.706630336058129,4334.085778781038
9.7,970,169053,66.0,54.0,66.0,95.0,340.0,138806.11357317463,0.7673200564528775,0.7721649484536083,3501.030927835052
9.81,1537,298157,66.0,66.0,66.0,184.0,448.0,121853.59577949082,1.382873126873127,0.6662329212752115,5015.290519877675
8.12,751,88155,66.0,54.0,66.0,90.0,232.0,19307.445479706596,0.44689546506474964,0.7856191744340879,3310.344827586207
5.61,818,99753,66.0,54.0,66.0,124.0,304.0,14799.607261135458,0.7629811600862465,0.7090464547677262,4909.090909090909
9.9,1036,133445,66.0,54.0,66.0,95.0,304.0,20852.91580607773,0.4004386701368483,0.752895752895753,3709.090909090909
6.5,571,72563,66.0,54.0,66.0,90.0,304.0,21459.282476743723,0.4056876077565332,0.7688266199649737,3156.9230769230767
7.37,1639,289568,66.0,66.0,66.0,160.0,315.2000000000007,104270.08808180408,1.776991388073729,0.6174496644295302,7058.344640434192
8.19,1201,179522,66.0,66.0,66.0,124.0,322.0,40283.44847653323,1.0481454860754584,0.7102414654454621,5106.227106227107
1.34,145,14682,66.0,58.800000000000004,66.0,91.0,196.0,5595.8176456599285,0.6938163359483156,0.7655172413793103,3895.5223880597014
8.27,2923,2691423,78.0,66.0,66.0,2802.0,2962.0,1590170.798144039,17.184307604994324,0.5555935682517961,9627.569528415961
5.06,728,118782,66.0,54.0,66.0,124.0,412.0,46483.72098025601,0.8354064619806233,0.7266483516483516,5039.525691699605
9.72,1194,182370,66.0,54.0,66.0,160.0,375.10000000000014,30788.74578924774,0.8030015422944596,0.7026800670016751,4154.320987654321
8.84,953,129729,66.0,54.0,66.0,90.0,304.0,34768.50119300733,0.37642040933252696,0.7733473242392445,3882.3529411764703
2.94,285,42762,66.0,54.0,66.0,90.0,376.0,45049.27542012926,0.2991250455705432,0.7859649122807018,3632.6530612244896
9.45,1614,257836,66.0,66.0,66.0,196.0,340.0,36573.71677499697,1.1362077250658669,0.6530359355638166,5574.603174603175
9.57,1268,206405,66.0,54.0,66.0,196.0,448.0,36591.06909400532,0.9004060362210089,0.6861198738170347,4463.949843260188
9.62,1904,316525,66.0,66.0,66.0,264.5,321.0,54577.630977850706,2.1741694160591263,0.631827731092437,6336.798336798337
5.46,753,100580,66.0,54.0,66.0,135.0,340.0,16915.609967390286,0.9508883544107378,0.7051792828685259,4791.208791208791
0.75,90,13729,66.0,64.80000000000001,66.0,128.5,401.2000000000001,40125.15913580246,0.4141944787803873,0.7111111111111111,3840.0
5.24,779,118544,66.0,63.600000000000136,66.0,160.0,376.0,27746.76541301593,1.486189467502779,0.6816431322207959,5026.717557251908
8.42,1945,276772,66.0,66.0,66.0,196.0,304.0,17534.221001975933,1.6431988998290532,0.6169665809768637,7382.422802850356
4.44,730,121557,66.0,66.0,66.0,232.0,457.1,28910.38397635579,1.4126590318162873,0.6397260273972603,5378.378378378377
3.25,904,161487,66.0,66.0,66.0,184.0,310.0,86650.93723935902,2.299086804633394,0.6238938053097345,8603.076923076922
7.22,899,103247,66.0,54.0,66.0,90.0,268.0,12732.456970481355,0.7715682910089224,0.7730812013348165,4578.9473684210525
4.88,461,51205,66.0,54.0,66.0,90.0,199.0,15284.562890255553,0.5087807177794802,0.7982646420824295,3627.049180327869
0.47,40,5406,76.0,66.0,66.0,196.0,269.1,12595.2275,0.4350942394478365,0.65,2297.872340425532
3.34,304,31679,66.0,54.0,66.0,90.0,206.49999999999983,8830.605079207064,0.5137136850152905,0.7796052631578947,3341.3173652694613
8.58,1006,141567,66.0,66.0,66.0,147.25,340.0,20495.4787507559,0.8980626131259637,0.6630218687872763,4000.0000000000005
3.35,243,33417,66.0,54.0,66.0,107.5,359.2000000000003,25971.739368998635,0.41873991678695766,0.7407407407407407,2579.10447761194
1.32,84,13771,66.0,66.0,66.0,99.25,437.2000000000001,44875.22264739229,0.2793571163136381,0.75,2363.6363636363635
1.39,104,16096,66.0,66.0,66.0,124.0,391.3000000000002,39805.6775147929,0.3674284257922012,0.7403846153846154,2589.928057553957
3.15,248,40459,66.0,66.0,66.0,160.0,376.0,46396.55669549947,0.26743311822567506,0.6774193548387096,2723.809523809524
8.8,626,100085,66.0,66.0,66.0,160.0,448.0,35854.559128397756,0.3134514435695538,0.694888178913738,2365.909090909091
1.26,65,16052,66.0,66.0,66.0,412.0,802.6,78429.36710059171,0.1618413433700058,0.6,1571.4285714285713
8.89,657,113608,66.0,66.0,66.0,189.0,464.19999999999925,47759.18222907965,0.4121741724570846,0.6636225266362252,2436.44544431946
0.84,56,7484,66.0,54.0,66.0,95.0,289.0,27733.943877551024,0.278879015721121,0.7678571428571429,2357.142857142857
0.87,81,11815,66.0,54.0,66.0,184.0,340.0,24363.376619417773,0.29763866007688083,0.6666666666666666,3172.413793103448
3.41,489,101648,66.0,66.0,66.0,148.0,412.0,182127.336653828,1.5261065135813514,0.689161554192229,4539.58944281525
1.64,120,12321,66.0,54.0,66.0,99.25,161.30000000000013,10217.302708333333,0.9738865748157641,0.75,2780.487804878049
3.09,244,31695,66.0,66.0,66.0,124.0,257.2000000000006,32681.403436576187,0.795648971729647,0.7418032786885246,2834.95145631068
0.33,38,3978,66.0,54.0,66.0,93.75,192.30000000000027,8119.321329639891,0.45981651376146787,0.7894736842105263,4545.454545454545
4.47,395,45649,66.0,54.0,66.0,92.5,268.0,11357.85562570101,0.41626334077934973,0.7670886075949367,3221.4765100671143
0.31,33,2920,66.0,56.400000000000006,66.0,74.0,117.20000000000002,6463.037649219467,0.6150442477876106,0.8787878787878788,4645.1612903225805
2.09,430,52750,66.0,66.0,66.0,124.0,308.0,11707.903299080584,0.948291782086796,0.6581395348837209,7090.909090909091
9.85,1002,138295,66.0,54.0,66.0,95.0,310.9,37905.803033653254,0.35836361850505843,0.7654690618762475,3740.10152284264
8.52,1241,189103,66.0,66.0,66.0,196.0,352.0,31326.259661667144,0.9619953726279531,0.6688154713940371,4852.112676056338
3.52,353,43966,66.0,54.0,66.0,95.0,304.0,17981.14272644833,0.42607849497242944,0.7677053824362606,3715.909090909091
7.41,917,134616,66.0,54.0,66.0,124.0,340.0,35344.918734815175,0.7413621369898454,0.7142857142857143,4331.983805668016
9.69,1687,290909,66.0,66.0,66.0,196.0,400.4000000000001,55927.945464620316,1.3293218031868044,0.6526378186129224,5684.210526315789
3.99,558,86353,66.0,66.0,66.0,196.0,376.90000000000003,24216.260508600863,1.2722081886117251,0.6451612903225806,4556.390977443609
6.03,789,107610,66.0,54.0,66.0,124.0,304.0,42085.17784942195,1.0895551369929513,0.7198986058301647,4597.014925373134
8.22,982,131760,66.0,54.0,66.0,124.0,309.0,25659.930624976667,0.7002826061708799,0.7179226069246436,4248.175182481751
9.96,1324,214917,66.0,54.0,66.0,161.0,389.0,49215.528698054055,1.0768539456137298,0.668429003021148,4487.951807228916
1.26,215,34733,66.0,66.0,66.0,262.0,376.0,23206.40575446187,1.640288863549981,0.6093023255813953,5428.571428571428
6.88,945,128881,66.0,66.0,66.0,145.0,313.0,18262.5789356401,1.2820490119696863,0.6931216931216931,4787.790697674419
1.27,513,106380,124.0,66.0,66.0,310.0,469.0,26440.279470606347,3.02771467514766,0.4873294346978557,10771.653543307086
8.05,764,85883,66.0,54.0,66.0,124.0,232.0,8546.901995216687,0.6690246225003401,0.7212041884816754,3376.39751552795
4.89,675,108695,66.0,54.0,66.0,160.0,412.0,39462.28060356653,0.7075910390548905,0.7081481481481482,4797.54601226994
2.06,248,36580,66.0,66.0,66.0,140.75,430.60000000000014,24074.75806451613,1.0249100470523111,0.6814516129032258,4048.5436893203882
6.71,636,96032,66.0,54.0,66.0,90.0,406.0,44440.41191013013,0.35500620837566316,0.779874213836478,3585.692995529061
8.82,1081,135756,66.0,66.0,66.0,124.0,232.0,24593.09220485709,0.9987043962191926,0.6975023126734505,4244.897959183673
7.66,1204,152003,66.0,66.0,66.0,148.0,304.0,11192.959091925035,1.2296329979170946,0.6669435215946844,5342.036553524804
9.52,1326,191816,66.0,66.0,66.0,124.0,304.0,68061.95969688491,1.2378085771617902,0.6930618401206636,4752.100840336135
9.26,1181,156535,66.0,66.0,66.0,135.0,310.0,16737.501199130176,0.7738280054846057,0.7070279424216765,4406.047516198704
9.8,1350,190766,66.0,57.60000000000002,66.0,124.0,309.0,32610.549489163237,0.6789234668731958,0.705925925925926,4775.510204081632
9.65,946,128642,66.0,54.0,66.0,90.0,309.0,33302.20908331061,0.35795718447831776,0.773784355179704,3600.0
8.11,1306,189785,66.0,66.0,66.0,160.0,309.0,25880.11571812509,1.3397317355820204,0.6584992343032159,5260.172626387177
4.49,603,76395,66.0,54.0,66.0,160.0,295.2000000000003,11470.365882032622,0.985007535207608,0.6616915422885572,4530.066815144766
7.71,889,133560,66.0,66.0,66.0,160.0,344.400000000001,28601.96219763868,0.6993231207695048,0.7064116985376828,3929.9610894941634
1.36,222,27031,66.0,66.0,66.0,124.0,309.0,14342.812373183993,0.8530883663536025,0.7162162162162162,6264.7058823529405
4.77,734,113629,66.0,66.0,66.0,196.0,454.0,23024.215141919536,1.4311908939192948,0.6512261580381471,5194.96855345912
4.04,915,122111,66.0,66.0,66.0,124.0,246.40000000000055,19650.084008480397,1.5125720164609053,0.6338797814207651,7559.40594059406
1.24,121,14756,66.0,54.0,66.0,145.0,268.0,13490.17935933338,0.4030617096130075,0.7107438016528925,3387.0967741935483
7.05,1428,247166,66.0,66.0,66.0,196.0,340.0,59123.50950772466,1.8709853527081808,0.6120448179271709,6425.531914893618
2.9,374,42219,66.0,54.0,66.0,124.0,196.0,8882.657904143673,0.8171214599294138,0.7112299465240641,4468.9655172413795
8.98,814,100493,66.0,54.0,66.0,95.0,268.0,20930.08588189485,0.4374624517236447,0.7542997542997543,3267.260579064588
8.17,914,128416,66.0,54.0,66.0,112.0,310.0,34754.38347801522,0.5555205620495427,0.7439824945295405,3929.0085679314566
0.03,2,310,155.0,74.2,104.5,205.5,235.8,10201.0,0.2109375,0.5,2000.0
0.69,70,8059,66.0,54.0,66.0,99.75,268.0,10046.22632653061,0.5271934811445897,0.7428571428571429,3478.2608695652175
8.86,1350,192733,66.0,66.0,66.0,160.0,311.0,23179.767824965704,1.1742607989350542,0.6466666666666666,4977.426636568849
9.05,825,110825,66.0,54.0,66.0,95.0,340.0,24788.457373737372,0.3850528025995126,0.7636363636363637,3268.5082872928174
0.62,55,6463,66.0,54.0,66.0,83.0,253.60000000000005,18272.14082644628,0.38899634644315495,0.8545454545454545,3290.3225806451615
8.39,1701,1813918,66.0,66.0,66.0,78.0,309.0,28463704.217569564,16.95620625822865,0.8048206937095826,7902.264600715137
0.57,53,5579,66.0,66.0,66.0,90.0,229.20000000000005,6435.779280882878,0.501749663526245,0.7924528301886793,3578.947368421053
7.94,986,115842,66.0,54.0,66.0,117.25,232.0,32218.797493509537,0.797644356853556,0.7393509127789046,4465.994962216625
2.5,659,248711,74.0,66.0,66.0,304.0,1129.0,481411.3338552688,7.097115509832009,0.5235204855842185,7536.0
2.93,411,49965,66.0,66.0,66.0,135.0,196.0,30111.06270978742,1.377248073080217,0.6885644768856448,4771.331058020478
4.24,612,93125,66.0,66.0,66.0,196.0,377.0,20641.879626959715,1.428038796474944,0.6437908496732027,4613.207547169811
3.8,427,52550,66.0,66.0,66.0,130.0,268.0,10392.831453032704,0.9659558548447438,0.6510538641686182,3805.2631578947376
5.57,847,149120,78.0,66.0,66.0,297.0,364.0,27072.228193401534,1.795388508763708,0.5371900826446281,4459.605026929982
6.39,729,110632,66.0,66.0,66.0,99.0,268.0,111907.18725502925,1.1814453317558908,0.7503429355281207,4018.779342723005
5.36,1112,211276,74.0,66.0,66.0,309.0,436.0,30571.307541017548,2.4675770158709316,0.5620503597122302,6000.0
5.96,617,68265,66.0,66.0,66.0,95.0,256.0,9860.38269558616,0.5587751746814632,0.7682333873581848,3906.040268456376
1.43,134,16012,66.0,66.0,66.0,90.0,268.0,15623.429048785922,0.41461259828606767,0.7761194029850746,3482.5174825174827
8.32,916,118375,66.0,54.0,66.0,112.0,328.0,18775.867244856123,0.7012546528506345,0.740174672489083,3951.923076923077
4.46,611,95436,66.0,66.0,66.0,160.0,315.0,41692.14800667522,1.3027700028954734,0.6759410801963993,4627.802690582959
1.32,211,25441,66.0,66.0,66.0,124.0,304.0,22742.87019608723,1.1472822417285617,0.7109004739336493,6045.454545454545
9.94,879,104573,66.0,54.0,66.0,95.0,268.0,13952.408541612469,0.4814977474286686,0.7519908987485779,3156.9416498993965
4.83,421,51145,66.0,66.0,66.0,95.0,268.0,17209.15712504443,0.4086427233667511,0.7577197149643705,3142.8571428571427
0.69,31,5017,66.0,66.0,66.0,214.0,376.0,22296.586888657646,0.24987543597409068,0.5806451612903226,1391.304347826087
8.54,978,171177,66.0,66.0,66.0,148.0,364.0,100084.74872658611,1.0635171299756492,0.7075664621676891,3779.859484777518
5.24,509,72189,66.0,54.0,66.0,95.0,347.19999999999976,35413.18553656965,0.3936369427981235,0.7721021611001965,3503.8167938931297
9.76,1147,158130,66.0,66.0,66.0,133.0,310.8000000000002,28554.54645415165,0.7770011349972468,0.7070619006102877,3971.3114754098365
6.86,629,110174,66.0,54.0,66.0,103.0,340.60000000000014,131386.33611784418,0.9728181069369337,0.739268680445151,3148.6880466472303
3.0,307,40790,66.0,54.0,66.0,95.0,304.0,23174.982164266992,0.3552395508007177,0.755700325732899,3580.0
2.87,262,40092,66.0,66.0,66.0,142.0,376.0,36483.839170211526,0.8009163597161082,0.6984732824427481,3052.2648083623694
8.82,1239,215615,66.0,66.0,66.0,219.5,492.0,44943.532139811774,1.227864973496864,0.6577885391444713,4585.034013605443
2.56,230,27085,66.0,54.0,66.0,90.0,233.49999999999991,14141.955860113421,0.4860638648085153,0.7739130434782608,3140.625
6.33,682,91508,66.0,54.0,66.0,124.0,309.9,21315.813615293984,0.9250657410329232,0.7082111436950147,3658.7677725118483
1.51,179,19460,66.0,54.0,66.0,95.0,232.0,11852.583627227616,0.46536144578313254,0.7541899441340782,4132.450331125828
2.84,245,31698,66.0,58.800000000000026,66.0,95.0,376.0,16717.74570595585,0.38027433050293924,0.7551020408163265,3105.6338028169016
4.89,437,57028,66.0,54.0,66.0,90.0,304.0,25432.835811047862,0.40425008002757873,0.7780320366132724,3251.533742331289
5.5,706,136003,66.0,54.0,66.0,127.0,412.0,141734.52818215376,1.4429774927700239,0.7053824362606232,4123.636363636364
0.4,275,50426,66.0,66.0,66.0,279.0,494.0,34531.70147438017,2.4170901944839738,0.6145454545454545,22050.0
7.5,1117,150849,66.0,61.2000000000001,66.0,124.0,314.79999999999984,18084.43633790152,0.9095293551735487,0.6732318710832588,5104.0
8.0,1244,168391,66.0,66.0,66.0,177.25,309.0,13817.721458499189,1.3279003539040035,0.6752411575562701,5242.5
2.92,661,126417,66.0,66.0,66.0,309.0,494.0,41353.047370119544,2.010071908186104,0.5930408472012103,7130.136986301371
9.86,2141,586784,74.0,66.0,66.0,281.0,484.0,255864.43507281272,3.4797459270456383,0.5712283979448856,6304.259634888438
5.17,735,81634,66.0,66.0,66.0,124.0,268.0,8562.935691609977,1.0106401320164529,0.7047619047619048,5013.539651837524
1.98,175,22334,66.0,54.0,66.0,90.0,289.5999999999998,46534.82919183673,0.39500312304809493,0.7657142857142857,3212.121212121212
5.78,521,65536,66.0,54.0,66.0,90.0,304.0,20358.761565128334,0.39866826020146834,0.783109404990403,3332.1799307958477
3.81,367,58424,66.0,66.0,66.0,115.0,340.0,60813.68736867896,0.26746935676320643,0.7384196185286104,3448.818897637795
0.32,287,75800,232.0,66.0,66.0,324.5,416.00000000000034,138386.64262040332,4.609413157699993,0.4425087108013937,18750.0
4.1,706,114223,66.0,66.0,66.0,196.0,364.0,69309.57443884469,1.5929129210932533,0.6614730878186968,5956.09756097561
5.99,484,55493,66.0,57.60000000000005,66.0,124.0,232.0,10262.230120039616,0.4688848301966701,0.7252066115702479,2754.590984974958
5.0,528,79468,66.0,54.0,66.0,132.0,393.7000000000001,30837.984791092746,0.6381776953205525,0.7083333333333334,3876.0
3.02,450,58283,66.0,54.0,66.0,124.0,321.0,15047.178572839506,1.1266510982996425,0.7,5205.298013245033
0.32,32,3954,66.0,66.0,66.0,124.0,196.10000000000008,16361.37109375,0.5721669980119284,0.6875,3562.5
1.54,129,17640,66.0,54.0,66.0,148.0,376.0,18167.322156120423,0.436599071585634,0.7209302325581395,2766.2337662337663
7.66,674,115108,66.0,66.0,66.0,135.0,412.0,64524.25574760716,0.27178512634102686,0.7077151335311572,3054.830287206266
6.29,578,83006,66.0,54.0,66.0,124.0,340.0,45579.96130314533,0.3735438178448504,0.7162629757785467,3186.0095389507155
8.16,1000,143161,66.0,66.0,66.0,160.0,321.0,25626.953078999995,1.0375889553088529,0.679,4110.294117647059
4.65,622,124258,66.0,66.0,66.0,232.0,456.0999999999998,133856.76781670994,1.7358154076487813,0.6655948553054662,4309.677419354839
3.73,502,69077,66.0,66.0,66.0,171.25,304.0,18345.20341343788,1.0320948430559234,0.6673306772908366,4520.107238605898
4.15,545,101240,66.0,66.0,66.0,268.0,493.0,37901.910074909516,1.5097300379285554,0.5981651376146789,4106.024096385542
2.06,166,20756,66.0,54.0,66.0,137.0,304.0,11510.299898388734,0.5119463869463869,0.6686746987951807,2679.6116504854367
7.34,899,103173,66.0,66.0,66.0,124.0,257.2000000000003,8689.170196522895,1.0219691921765375,0.6651835372636262,4234.33242506812
4.81,391,72449,66.0,66.0,66.0,160.0,340.0,94085.92010779624,0.25836315003300103,0.659846547314578,2694.3866943866947
1.87,264,45680,66.0,66.0,66.0,232.0,439.6000000000005,33222.673324150586,1.7374602984359082,0.6287878787878788,4684.491978609625
6.87,720,108138,66.0,66.0,66.0,160.0,401.2000000000003,24178.43826388889,0.835336048879837,0.6708333333333333,3537.117903930131
9.66,935,148506,66.0,66.0,66.0,132.5,360.0000000000002,52280.3764294089,0.46785671925038547,0.6951871657754011,3118.0124223602484
8.57,881,133659,66.0,66.0,66.0,160.0,340.0,34312.141140820015,0.7182470303902916,0.6833144154370034,3437.57292882147
7.63,1313,232463,66.0,66.0,66.0,278.0,343.0,37729.21940011682,1.8667283265507462,0.5833968012185834,5315.858453473132
0.97,68,7177,66.0,54.0,66.0,95.0,220.60000000000036,7623.277465397922,0.5592005213990876,0.7647058823529411,2659.7938144329896
1.22,109,13155,66.0,63.60000000000001,66.0,124.0,294.40000000000003,10678.398114636819,0.4049983979493752,0.7339449541284404,3245.9016393442625
9.69,1010,170130,66.0,66.0,66.0,160.0,365.2000000000003,76230.68663856485,0.7110185855660149,0.6435643564356436,3424.1486068111453
3.39,493,102357,66.0,66.0,66.0,191.0,361.0,173498.02853745536,2.673581452104942,0.6166328600405679,4619.469026548672
7.48,450,57351,66.0,66.0,66.0,124.0,268.0,27335.944933333332,0.38185191431944676,0.6977777777777778,2029.4117647058822
1.7,74,12909,66.0,66.0,66.0,207.25,392.80000000000007,52118.19302410519,0.31536580395353575,0.6351351351351351,1411.764705882353
1.39,324,50492,66.0,66.0,66.0,223.0,323.1999999999998,20689.49276024996,1.1522591645353795,0.5401234567901234,7294.964028776979
3.63,342,55479,66.0,66.0,66.0,196.0,292.0,44190.3875807941,1.3130706691682301,0.6052631578947368,3057.8512396694214
9.16,905,185771,66.0,66.0,66.0,124.0,376.0,192658.18025579196,1.0392882234126635,0.7204419889502762,3235.8078602620085
8.85,1610,248095,66.0,66.0,66.0,160.0,312.0,32712.87334014892,1.80184534766847,0.6037267080745342,5844.067796610169
4.46,631,90047,66.0,66.0,66.0,160.0,376.0,19581.833871222945,1.28940811552934,0.6545166402535658,4668.161434977578
8.93,1209,187080,66.0,66.0,66.0,196.0,309.0,33375.85022997494,1.8574919810600274,0.6277915632754343,4313.549832026876
7.59,1333,183108,66.0,66.0,66.0,179.0,308.0,21342.3353929255,1.3036799396112475,0.6406601650412603,5928.853754940711
2.43,212,24410,66.0,54.0,66.0,95.0,304.0,9808.093182627272,0.49269247232923624,0.7641509433962265,3061.7283950617284
4.37,351,52713,66.0,54.0,66.0,95.0,412.0,35490.35809774271,0.3555429835163422,0.7521367521367521,2924.4851258581234
3.43,440,57170,66.0,66.0,66.0,124.0,279.0,20278.618078512394,1.0773227717016096,0.6818181818181818,4495.626822157434
5.06,448,49839,66.0,66.0,66.0,124.0,232.0,7616.958700374681,0.5793326361821466,0.7075892857142857,3011.8577075098815
9.41,929,117691,66.0,66.0,66.0,124.0,304.0,13490.585812261526,0.7179161557774274,0.6964477933261571,3436.769394261424
2.3,176,21294,66.0,66.0,66.0,95.0,316.0,12578.147598140495,0.4128184713375796,0.7670454545454546,2895.6521739130435
7.15,991,136628,66.0,66.0,66.0,160.0,308.0,16344.22698942348,1.0397718790122719,0.6528758829465187,4648.9510489510485
0.39,17,2353,66.0,61.2,66.0,150.0,289.6,16853.301038062287,0.347651775486827,0.5882352941176471,1384.6153846153845
9.87,783,130197,66.0,66.0,66.0,124.0,445.6000000000008,52585.721260697865,0.29531209582744694,0.7177522349936143,2735.5623100303956
4.88,577,90687,66.0,66.0,66.0,196.0,340.0,33418.1964563015,0.7702969137368966,0.6429809358752167,3799.1803278688526
7.04,918,139023,66.0,66.0,66.0,160.0,340.0,37353.714949378445,1.1594464033302785,0.6503267973856209,4355.113636363636
5.72,856,124639,66.0,66.0,66.0,232.0,340.0,15427.19664244694,1.4630753117404107,0.6285046728971962,4898.601398601399
5.64,437,56163,66.0,66.0,66.0,112.0,309.0,19996.359461483276,0.46589930310860544,0.7299771167048055,2638.2978723404253
1.02,74,11890,66.0,66.0,66.0,90.0,448.0,39836.651570489405,0.2702991452991453,0.7567567567567568,2764.705882352941
5.38,623,86693,66.0,54.0,66.0,124.0,309.0,41522.52200170562,1.1100374823540866,0.6886035313001605,3959.10780669145
7.64,818,133384,66.0,54.0,66.0,124.0,278.30000000000007,123898.48037135124,1.0639371150929966,0.6992665036674817,3557.5916230366493
3.67,674,121899,66.0,66.0,66.0,268.0,484.0,45554.80060800042,1.3780530628170113,0.6261127596439169,5885.558583106267
5.82,932,197608,66.0,66.0,66.0,184.0,312.0,211747.80191198952,1.6987148846673858,0.6362660944206009,5257.731958762886
8.0,953,154916,66.0,66.0,66.0,184.0,376.0,38323.738978583126,0.9202241063017502,0.664218258132214,3975.0
4.35,625,96930,66.0,66.0,66.0,196.0,376.0,25790.985856,1.0321180737541669,0.6496,4772.413793103448
5.08,378,44879,66.0,54.0,66.0,121.75,268.0,12099.53686206993,0.44115474776018754,0.7354497354497355,2527.5590551181103
9.35,1159,204856,66.0,66.0,66.0,148.0,376.0,101658.34506555219,1.6404413281088885,0.6540120793787748,4049.197860962567
5.16,508,93626,66.0,66.0,66.0,124.0,328.0,169731.86873023745,1.1016408898067296,0.7263779527559056,3313.9534883720926
2.45,582,88880,66.0,66.0,66.0,160.0,278.0,40255.368819451825,1.9897739504843919,0.6134020618556701,8081.632653061223
8.32,804,114975,66.0,66.0,66.0,161.0,316.3000000000004,21329.849488564643,0.7492278902767424,0.6592039800995025,3209.1346153846157
4.18,373,72389,66.0,66.0,66.0,160.0,611.2000000000003,65693.93309806006,0.2501554296767063,0.6729222520107239,2913.8755980861242
4.1,746,122384,66.0,66.0,66.0,243.25,340.0,29187.81750030547,1.16226148409894,0.6085790884718498,5692.682926829269
0.12,13,2111,78.0,66.0,66.0,160.0,424.0,21479.313609467456,0.18528916339135318,0.6153846153846154,3000.0
8.89,844,117578,66.0,54.0,66.0,95.0,340.0,30802.756715931802,0.3775658449714125,0.7606635071090048,3347.581552305962
5.17,533,88904,66.0,54.0,66.0,124.0,463.0,62479.406228329855,0.31464229734125926,0.7148217636022514,3574.4680851063827
3.21,453,97333,66.0,66.0,66.0,124.0,456.0000000000001,207741.5485967964,1.6394674042737825,0.6997792494481236,4747.663551401869
9.06,1574,243964,66.0,66.0,66.0,196.0,412.0,24816.472666536432,1.0964509753372862,0.6416772554002541,5754.9668874172185
6.49,917,151246,66.0,66.0,66.0,232.0,354.19999999999936,36042.00131289624,0.9922022155191718,0.6357688113413305,4428.351309707242
6.02,706,89141,66.0,66.0,66.0,124.0,304.0,14305.332185074916,0.4950021802569349,0.7138810198300283,4215.946843853821
6.33,907,138099,66.0,66.0,66.0,160.0,340.0,30816.044225422993,1.2086298718953412,0.6515986769570011,4758.29383886256
9.82,967,127388,66.0,66.0,66.0,160.0,304.0,17927.52453723656,1.267053442722144,0.6949327817993796,3427.698574338085
8.04,779,113189,66.0,54.0,66.0,95.0,340.0,49027.11644401087,0.4491530848707542,0.7509627727856226,3432.835820895523
5.97,1085,140117,66.0,66.0,66.0,139.0,309.0,21916.96654930026,1.1352788783907346,0.6488479262672812,6060.301507537689
4.72,655,104969,66.0,66.0,66.0,196.0,376.0,40212.82350445779,0.835539545700946,0.6335877862595419,4639.830508474576
0.09,15,1483,66.0,66.0,66.0,78.0,150.99999999999997,6308.382222222224,0.25891341256366723,0.8,7333.333333333333
7.36,1297,184913,66.0,66.0,66.0,160.0,308.0,21722.804884529807,1.4392924042951745,0.6206630686198921,5682.065217391304
5.18,512,71415,66.0,54.0,66.0,124.0,340.0,28314.50359725952,0.4894571088910672,0.705078125,3428.5714285714284
6.36,695,93370,66.0,66.0,66.0,124.0,311.0,34514.646219139795,0.6831004957187923,0.7035971223021583,3905.66037735849
3.45,257,26609,66.0,66.0,66.0,95.0,232.0,6032.699995457918,0.5809518151030836,0.7704280155642024,2643.478260869565
3.94,355,42347,66.0,66.0,66.0,90.0,268.0,15414.632937909144,0.4316575949153115,0.7830985915492957,3365.4822335025383
0.23,21,3258,66.0,66.0,66.0,95.0,446.0,33213.83673469388,0.2892758211317768,0.8095238095238095,3652.173913043478
7.98,1432,247132,66.0,66.0,66.0,173.5,376.0,77764.45198339627,1.857744166146303,0.6270949720670391,5819.54887218045
0.44,39,3627,66.0,54.0,66.0,82.0,138.4000000000002,5289.128205128205,0.9690553745928339,0.8717948717948718,3272.727272727273
5.49,500,109878,66.0,66.0,66.0,125.75,376.4000000000001,270134.504464,2.338336270280124,0.704,3245.9016393442625
5.77,334,49144,66.0,66.0,66.0,160.0,376.0,22672.094804403172,0.3657560514687491,0.6676646706586826,1986.1351819757367
2.48,248,36660,66.0,66.0,66.0,99.0,272.20000000000016,85099.97658688863,0.5951614306848838,0.7580645161290323,3387.0967741935483
8.51,884,130901,66.0,54.0,66.0,103.0,296.2000000000003,49295.250694856775,0.49519120939370403,0.745475113122172,3609.8707403055228
9.87,1801,264180,66.0,66.0,66.0,196.0,321.0,19116.283450399726,1.436702731121503,0.6296501943364797,5957.446808510639
6.51,1053,165029,66.0,66.0,66.0,184.0,376.0,32896.882267369765,2.15000954380607,0.6486229819563153,5373.271889400921
2.34,243,27001,66.0,66.0,66.0,99.0,268.0,8311.69042659486,0.4782918149466192,0.7489711934156379,3717.948717948718
6.22,634,84427,66.0,54.0,66.0,112.0,309.0,22809.523044810874,0.7407269953196841,0.7413249211356467,3694.533762057878
0.8,67,9212,66.0,54.0,66.0,124.0,296.7999999999999,32493.20516818891,0.36010630444411634,0.7164179104477612,2925.0
1.05,76,8887,66.0,60.0,66.0,90.0,268.0,11700.298303324103,0.3473317161916313,0.7763157894736842,2457.142857142857
8.37,1263,155546,66.0,66.0,66.0,132.0,275.99999999999955,12785.490318580663,0.8866180697902896,0.6848772763262074,5297.4910394265235
8.38,1057,173609,66.0,66.0,66.0,196.0,430.5999999999998,41669.38746689412,0.8689136964033889,0.6726584673604541,4267.3031026252975
8.14,1692,393649,74.0,66.0,66.0,278.0,436.0,140540.6509184509,2.7242100283822137,0.5809692671394799,6029.484029484029
6.8,745,102747,66.0,66.0,66.0,90.0,304.0,46837.411640917075,0.507239360999868,0.7838926174496644,4085.294117647059
4.4,340,52482,66.0,54.0,66.0,124.0,376.0,40534.4947750865,0.3582298136645963,0.7205882352941176,2659.090909090909
0.8,101,15864,66.0,54.0,66.0,95.0,412.0,52833.17341437114,0.36054888507718696,0.7623762376237624,4350.0
1.97,198,27654,66.0,54.0,66.0,90.0,350.8000000000004,37278.0505050505,0.3504907945499829,0.7878787878787878,3624.3654822335025
9.56,1181,177915,66.0,54.0,66.0,124.0,309.0,61301.02071681098,0.8446536511524225,0.7061812023708721,4236.401673640167
6.83,847,108618,66.0,54.0,66.0,124.0,268.0,26932.944303737488,0.7395579756566304,0.7107438016528925,4366.032210834554
4.14,911,177942,66.0,66.0,66.0,278.0,340.0,99028.77077215783,1.7284185347603422,0.5883644346871569,6710.144927536233
2.1,185,21511,66.0,54.0,66.0,95.0,196.0,24600.15643535427,0.5567375886524822,0.7513513513513513,3114.2857142857138
1.53,122,12731,66.0,66.0,66.0,95.0,209.80000000000007,6961.539707067992,0.4937228675349056,0.7622950819672131,2862.7450980392155
2.52,326,39331,66.0,66.0,66.0,124.0,268.0,20224.749792991835,0.8321609912889552,0.6840490797546013,4404.761904761905
3.84,333,34437,66.0,56.400000000000034,66.0,90.0,208.00000000000017,12662.609041473906,0.49485610105482486,0.8228228228228228,3312.5
2.88,256,32602,66.0,66.0,66.0,106.75,306.5,18318.126403808594,0.4000085884828445,0.74609375,3166.6666666666665
2.16,565,105670,66.0,66.0,66.0,296.0,311.0,35294.22407392904,2.764919656536146,0.5557522123893806,7861.11111111111
5.28,652,87625,66.0,66.0,66.0,124.0,340.0,20088.717327995033,0.8621429785787147,0.700920245398773,4284.090909090909
1.65,173,22097,66.0,66.0,66.0,90.0,352.00000000000017,18703.353937652446,0.3741915422885572,0.7861271676300579,3927.2727272727275
1.17,231,38444,66.0,66.0,66.0,178.0,448.0,35753.43040797586,1.7008571027118167,0.6320346320346321,6717.948717948718
2.79,246,25852,66.0,54.0,66.0,95.0,232.0,6481.057042765549,0.5888390387806527,0.7560975609756098,3139.7849462365593
4.04,561,72076,66.0,54.0,66.0,160.0,304.0,11247.14076912567,1.1896949811641755,0.6488413547237076,4589.108910891089
8.59,1228,174052,66.0,66.0,66.0,160.0,310.0,27393.392927245914,1.250653011611969,0.6832247557003257,4889.406286379512
0.34,32,3489,66.0,66.0,66.0,91.25,156.4000000000001,14753.2802734375,0.9191419141914191,0.8125,3352.941176470588
4.56,578,86850,66.0,62.400000000000034,66.0,124.0,268.0,67700.25445097638,1.8454885000982897,0.7041522491349481,4368.421052631579
6.73,765,102226,66.0,66.0,66.0,124.0,327.6,20781.012506301,1.0829716567842371,0.726797385620915,3994.056463595839
2.72,250,27954,66.0,54.0,66.0,90.0,235.5999999999998,11660.758143999998,0.38488976963091404,0.792,3485.2941176470586
3.51,302,35528,66.0,66.0,66.0,90.0,232.0,14932.5740976273,0.4127003061751958,0.7615894039735099,3094.017094017094
2.21,464,79497,66.0,66.0,66.0,223.0,486.4,34501.0830809676,2.2130385579177108,0.6056034482758621,6705.882352941176
1.41,333,74920,66.0,56.400000000000034,66.0,148.0,323.20000000000095,270815.58235713193,2.382240079454652,0.6876876876876877,7276.595744680851
0.22,31,2901,66.0,54.0,66.0,78.0,160.0,4351.985431841834,0.48085758039816234,0.8064516129032258,6272.727272727273
5.85,885,159504,66.0,66.0,66.0,160.0,309.0,126285.7231370296,2.0485655855201546,0.6655367231638418,4953.846153846154
1.31,131,15702,66.0,54.0,66.0,124.0,268.0,11817.66050929433,0.47686230248307,0.7404580152671756,3480.916030534351
2.51,245,29076,66.0,54.0,66.0,90.0,331.5999999999999,15192.35725114536,0.41931074880406133,0.7877551020408163,3657.3705179282874
5.24,546,70535,66.0,54.0,66.0,124.0,306.0,17658.630616941056,0.8153858032634993,0.7124542124542125,3583.969465648855
5.95,999,129481,66.0,54.0,66.0,153.0,332.0,13587.18471223977,0.9958228004192614,0.6756756756756757,6000.0
1.14,392,68201,74.0,66.0,66.0,310.0,374.60000000000014,17625.71651785714,2.4498963022914664,0.5459183673469388,10210.526315789473
6.0,599,71476,66.0,54.0,66.0,90.0,304.0,16033.845608011125,0.45809873521011835,0.7913188647746243,3610.0
5.96,1387,441192,66.0,66.0,66.0,169.0,494.0,536683.3572845805,1.5757321003222642,0.6359048305695746,7671.140939597316
0.36,38,3867,66.0,54.0,66.0,74.0,217.6000000000003,7408.286011080334,0.5351329892814609,0.8421052631578947,3833.333333333333
0.48,27,2638,66.0,61.2,66.0,96.5,197.80000000000013,3733.4677640603572,0.6223862238622386,0.7407407407407407,1875.0
0.55,64,7439,66.0,54.0,66.0,74.0,114.1000000000001,67692.96069335938,1.3935006435006434,0.890625,4690.909090909091
4.45,680,108765,66.0,54.0,66.0,124.0,340.0,75372.13117430796,0.7287610267821664,0.7073529411764706,5298.876404494382
6.55,1440,310988,66.0,66.0,66.0,310.25,484.0,109878.17508487654,2.142657922127793,0.6090277777777777,6934.351145038168
7.8,1384,262015,66.0,66.0,66.0,196.0,420.0,83853.83508000184,1.45325505837851,0.6604046242774566,5892.307692307692
3.14,991,302720,78.0,66.0,66.0,304.0,499.0,272476.7697389523,3.889915518438949,0.5580221997981837,8522.292993630574
6.95,1064,191380,66.0,54.0,66.0,131.0,309.0,130144.92441630391,2.0782840874362645,0.6973684210526315,5197.122302158274
5.95,817,116380,66.0,61.2000000000001,66.0,124.0,393.0,25575.31706140476,1.0694560520653662,0.7319461444308446,4900.8403361344535
9.31,1744,573907,66.0,66.0,66.0,226.0,591.4000000000001,484979.04309631715,1.4748037947391117,0.6536697247706422,6180.451127819549
6.04,640,99722,66.0,66.0,66.0,95.0,401.2000000000003,57499.62225585937,0.4244168606893399,0.765625,3804.635761589404
8.46,2514,648555,74.0,66.0,66.0,309.0,572.0,165842.9807906274,2.8937519136903154,0.569610182975338,8716.312056737588
3.19,562,101912,66.0,66.0,66.0,232.0,412.0,88880.68997353123,2.0535430711610485,0.6352313167259787,5605.015673981191
0.83,251,43862,66.0,54.0,66.0,277.5,371.0,42290.71389343027,0.9969041657181881,0.6215139442231076,10120.481927710844
0.66,58,7427,66.0,62.400000000000006,66.0,87.0,328.6000000000003,27045.186979785976,0.326723829939264,0.8275862068965517,3272.7272727272725
0.61,51,7080,66.0,66.0,66.0,90.0,376.0,23257.243367935418,0.3268365817091454,0.7843137254901961,2950.819672131148
7.08,1124,241310,66.0,66.0,66.0,160.0,552.4000000000005,124461.6699414901,1.2205147552749993,0.699288256227758,5330.508474576271
2.71,651,145847,74.0,66.0,66.0,279.0,484.0,96952.9772463963,2.086251772224221,0.5913978494623656,6996.309963099631
1.68,172,21466,66.0,66.0,66.0,90.0,304.0,21323.28650621957,0.375056050220998,0.7906976744186046,3821.4285714285716
4.57,865,175598,66.0,66.0,66.0,282.0,511.60000000000014,61732.78495906981,1.484619520615785,0.6115606936416185,5868.70897155361
7.82,1062,148118,66.0,54.0,66.0,124.0,309.0,29875.70865828962,0.817755633007707,0.71939736346516,4826.086956521739
1.08,334,68946,99.0,66.0,66.0,294.25,448.0,36515.998888450646,2.7181685811357386,0.5,8333.333333333332
5.49,471,85114,66.0,66.0,66.0,184.0,484.0,56498.60541559044,0.42657928699529024,0.6878980891719745,2972.6775956284155
0.78,61,13741,66.0,54.0,66.0,124.0,736.0,106680.32464391291,0.21936285384683646,0.6721311475409836,2615.3846153846152
7.3,1291,291332,66.0,66.0,66.0,232.0,544.0,131458.67862176386,0.9834154843277688,0.6537567776917118,5556.164383561644
1.29,179,28028,66.0,54.0,66.0,96.5,492.0,57344.90265597203,0.7644318539502676,0.7486033519553073,4651.162790697674
6.51,1485,391268,66.0,66.0,66.0,279.0,592.0,179687.01458853408,2.21893510596288,0.5973063973063973,6976.958525345623
8.1,1374,276863,66.0,66.0,66.0,268.0,520.0,76961.41739234993,0.943321003165601,0.6368267831149927,5348.148148148149
7.28,1022,191516,66.0,66.0,66.0,181.5,445.89999999999975,90995.80613968238,0.6304229380916706,0.6937377690802349,4763.736263736264
1.91,214,26699,66.0,54.0,66.0,95.0,299.80000000000024,15823.760961656037,0.44929975029855607,0.7523364485981309,3989.5287958115186
8.76,1280,263464,66.0,66.0,66.0,278.0,467.0,84771.9183984375,1.787713339470315,0.62578125,4616.438356164384
8.8,1605,346961,66.0,66.0,66.0,310.0,484.0,67987.71950349859,1.7686666613468245,0.5956386292834891,5529.545454545455
1.9,390,61955,66.0,66.0,66.0,232.0,321.70000000000016,24762.336522024983,2.0854083665338647,0.6256410256410256,6568.42105263158
3.9,362,42968,66.0,54.0,66.0,90.0,300.4000000000012,13539.88004029181,0.40542308572923824,0.7679558011049724,3415.3846153846152
1.76,454,98190,66.0,66.0,66.0,281.0,480.39999999999986,102064.60579479515,1.7698166431593794,0.579295154185022,7943.181818181818
3.26,463,83218,66.0,54.0,66.0,196.0,447.40000000000003,76294.11199380505,1.488874267256849,0.673866090712743,4748.4662576687115
5.23,952,231522,66.0,66.0,66.0,278.0,448.0,204623.59207947884,1.9256956554704678,0.5987394957983193,5541.108986615679
0.07,8,1089,72.0,54.0,63.0,169.75,316.9,12201.609375,0.2826855123674912,0.625,3428.5714285714284
0.68,79,11213,66.0,66.0,66.0,90.0,385.6000000000001,30835.73017144687,0.33313518012126975,0.7721518987341772,4323.529411764705
0.99,105,14608,66.0,66.0,66.0,90.0,376.0000000000005,31931.251337868485,0.4866680236108284,0.8095238095238095,3878.7878787878785
9.91,1085,206535,66.0,54.0,66.0,196.0,521.8000000000001,67634.44459640257,0.6542916186082276,0.7152073732718894,3675.0756811301717
0.6,48,8033,66.0,66.0,66.0,90.0,372.3000000000009,69883.60373263889,0.23794113114501464,0.7916666666666666,3100.0
9.82,1350,222260,66.0,66.0,66.0,160.0,376.0,49696.0771467764,0.7949815462393901,0.6851851851851852,4655.804480651731
3.78,758,145955,74.0,66.0,66.0,278.0,459.0,30342.278877548888,2.004920530346702,0.5659630606860159,5873.015873015873
0.32,40,4635,66.0,54.0,66.0,78.0,196.0,26760.809375,0.8327402135231317,0.85,4875.0
2.33,372,63116,66.0,55.20000000000002,66.0,223.0,376.0,41557.03405017921,1.0374459293692297,0.6317204301075269,5330.472103004291
1.44,169,34164,66.0,54.0,66.0,95.0,625.6000000000008,93170.99408284023,0.30372066399542075,0.7633136094674556,4125.0
2.52,272,69660,66.0,66.0,66.0,199.75,806.8000000000001,168213.93793252594,0.20435684647302904,0.7132352941176471,3523.8095238095234
6.84,653,119645,66.0,54.0,66.0,98.0,484.0,81629.28844841455,0.23417884736391487,0.7519142419601837,3456.1403508771928
8.22,822,122184,66.0,54.0,66.0,95.0,376.0,42326.75285488483,0.31642514679739264,0.7725060827250608,3620.437956204379
4.8,761,143126,66.0,66.0,66.0,146.0,448.0,90734.34373127548,1.1670981906276023,0.671484888304862,5325.0
7.96,993,191385,66.0,66.0,66.0,160.0,520.0,78725.87896544696,0.6132934333642418,0.6797583081570997,4168.341708542714
4.16,977,183349,74.0,66.0,66.0,304.0,484.0,34762.08756779521,2.1978547135257696,0.586489252814739,7024.038461538462
0.29,80,9072,66.0,54.0,66.0,75.0,282.4000000000002,12206.640000000003,0.9803536345776032,0.8,12000.000000000002
3.56,704,174552,70.0,66.0,66.0,196.75,556.0,232018.28654442143,2.7141884415694952,0.5923295454545454,5932.5842696629215
7.67,1072,378378,66.0,54.0,66.0,160.0,696.3999999999992,578189.416653904,3.396932194526756,0.6968283582089553,4677.966101694916
3.16,328,57216,66.0,54.0,66.0,124.0,448.0,67606.31335514574,0.3615725096378088,0.7225609756097561,3607.5949367088606
8.38,833,142770,66.0,54.0,66.0,112.0,436.0,71012.58419430196,0.280632198342363,0.7442977190876351,3486.8735083532215
6.76,1033,168184,66.0,66.0,66.0,238.0,309.0,39753.93048377408,1.3327138062082167,0.6253630203291385,4810.650887573965
7.77,1371,264761,66.0,66.0,66.0,275.0,481.0,61708.80364069521,1.7690030957161982,0.6353026987600292,5536.679536679537
6.96,1564,271539,74.0,66.0,66.0,301.75,376.0,21115.90352749851,2.016496700659868,0.5684143222506394,6732.758620689655
8.31,802,127723,66.0,54.0,66.0,103.0,467.1999999999996,42396.060598192795,0.41149102643444435,0.7481296758104738,3342.960288808664
3.18,542,122231,74.0,66.0,66.0,406.0,484.0,61285.76257471983,1.643975773307376,0.5756457564575646,4981.132075471698
9.41,1938,1472795,74.0,54.0,66.0,772.0,2962.0,1384567.3690773633,6.511615808720399,0.5949432404540763,6095.642933049947
9.52,1146,257100,66.0,54.0,66.0,124.0,400.0,262500.8072969491,1.7748696750240143,0.7286212914485166,4235.2941176470595
8.26,1344,262829,66.0,54.0,66.0,196.0,414.70000000000005,110492.06368195066,1.6928097209130772,0.6577380952380952,5360.774818401937
6.09,589,91557,66.0,54.0,66.0,95.0,412.60000000000014,44029.86664975599,0.36485197221311233,0.7623089983022071,3517.241379310345
3.14,328,76312,66.0,54.0,66.0,125.75,854.8000000000004,148214.73706127304,0.2533587359984233,0.7317073170731707,3668.789808917197
6.72,800,154638,66.0,54.0,66.0,124.0,473.2000000000003,110324.87899375,0.5730430802095519,0.73,4187.5
3.26,332,68211,66.0,66.0,66.0,103.0,700.0,95095.35036834082,0.2401323564169227,0.7409638554216867,3552.147239263804
1.55,168,29002,66.0,54.0,66.0,95.0,412.0,78270.76856575964,0.34817776124953514,0.7857142857142857,3870.967741935484
2.33,1005,1503520,66.0,66.0,66.0,66.0,400.0,49848034.86806762,20.51820471719716,0.7960199004975125,19493.562231759654
5.62,737,106158,66.0,54.0,66.0,132.0,377.19999999999993,21663.442033694853,1.1120926345947237,0.6757123473541384,4548.042704626335
9.67,1738,353693,66.0,66.0,66.0,268.0,448.0,88943.43178507629,1.1352728458190204,0.6237054085155351,5609.10031023785
3.55,296,27739,66.0,54.0,66.0,90.0,160.0,6104.61010546019,0.575274007609745,0.8243243243243243,3211.2676056338028
2.68,261,37478,66.0,66.0,66.0,95.0,341.0,30151.67413866503,0.3632825288276163,0.7662835249042146,3335.820895522388
3.86,658,114624,66.0,66.0,66.0,232.0,376.30000000000007,39329.09349507118,1.3305139882888743,0.6276595744680851,5580.310880829016
4.11,362,46572,66.0,54.0,66.0,95.0,336.4000000000012,18858.574982448645,0.3703289589831107,0.7651933701657458,3182.4817518248174
6.18,910,138357,66.0,54.0,66.0,162.5,310.0,30939.142302861972,0.9231742236801869,0.6824175824175824,4970.8737864077675
8.94,1494,227125,66.0,66.0,66.0,184.0,372.0,26318.77515640429,1.4296900908225376,0.6305220883534136,5543.624161073826
0.28,12,1982,66.0,66.0,66.0,214.0,332.8,21975.63888888889,0.36126373626373626,0.5833333333333334,1499.9999999999998
5.27,315,60889,66.0,66.0,66.0,232.0,448.0,87238.74904509952,0.2302796411541259,0.6095238095238096,1821.6318785578749
1.39,419,87136,83.0,66.0,66.0,278.0,484.0,57461.4734821515,2.347779314584294,0.5393794749403341,8589.928057553958
6.45,782,103077,66.0,66.0,66.0,124.0,338.7999999999997,16574.904561390886,0.8055176037834998,0.710997442455243,4372.093023255814
9.23,1725,987980,66.0,66.0,66.0,311.0,2962.0,1030391.5491031295,8.788570522728174,0.5959420289855073,5635.969664138677
9.39,1224,254628,66.0,66.0,66.0,232.0,556.0,105536.45174932719,1.2951245234039102,0.6021241830065359,4102.23642172524
8.16,763,132532,66.0,66.0,66.0,160.0,448.0,48354.44124300675,0.43546308230528447,0.6592398427260813,3102.941176470588
0.72,51,7770,66.0,54.0,66.0,90.0,412.0,50413.83621683968,0.45860709592641263,0.7843137254901961,2583.3333333333335
0.67,57,10145,74.0,66.0,66.0,124.0,484.0,46510.754078177895,0.31976063483803824,0.7017543859649122,2238.805970149254
8.12,771,136713,66.0,66.0,66.0,160.0,412.0,64036.96693868693,0.5513884003041204,0.6705577172503242,3133.0049261083745
2.53,184,37369,66.0,66.0,66.0,241.0,520.0,115290.21428993382,0.24277495094615717,0.6684782608695652,2395.2569169960475
4.83,376,70943,66.0,60.0,66.0,160.25,500.0,83937.30335417611,0.2607382132892609,0.6835106382978723,2509.3167701863354
8.5,624,99344,66.0,66.0,66.0,124.0,437.20000000000164,42697.640614727155,0.2930534043134754,0.717948717948718,2569.4117647058824
9.22,843,122124,66.0,66.0,66.0,135.0,310.0,33286.887763157334,0.6433290721926933,0.6809015421115066,3110.629067245119
5.35,658,101441,66.0,66.0,66.0,196.0,309.0,24416.502954056225,1.4126768938042573,0.6170212765957447,3936.4485981308417
2.78,180,23693,66.0,54.0,66.0,160.0,329.19999999999993,14119.122561728398,0.34726486978278176,0.6944444444444444,2158.273381294964
1.89,399,78289,66.0,66.0,66.0,310.0,520.0,35442.12253691874,2.086375463218481,0.5739348370927319,6539.68253968254
1.98,138,15651,66.0,54.0,66.0,99.75,268.0,9266.677221172024,0.40191687567180223,0.7463768115942029,2606.060606060606
1.3,105,13249,66.0,58.800000000000004,66.0,124.0,268.0,16993.157732426305,0.359569009748589,0.7333333333333333,2907.6923076923076
5.0,416,58566,66.0,66.0,66.0,124.0,349.0,26221.94838664941,0.4131357977029244,0.7235576923076923,2832.0
5.43,417,63913,66.0,54.0,66.0,124.0,387.4000000000007,37864.3403320509,0.30899520747142917,0.7218225419664268,2696.132596685083
5.02,699,143782,66.0,66.0,66.0,282.0,448.0,109146.69771449507,1.5483322108397433,0.6022889842632332,4219.123505976097
4.73,405,57403,66.0,54.0,66.0,124.0,340.0,28756.307977442466,0.4456644924068804,0.6987654320987654,2841.4376321353066
7.36,1052,192405,66.0,54.0,66.0,232.0,340.0,69642.4384867137,1.406988090472378,0.6178707224334601,4548.913043478261
5.32,453,50817,66.0,66.0,66.0,103.0,234.40000000000003,9240.0761954885,0.47599407476255484,0.7461368653421634,3000.0
0.67,56,7938,66.0,66.0,66.0,115.0,394.0,25023.473214285714,0.335464333781965,0.7321428571428571,3044.776119402985
6.25,561,87151,66.0,54.0,66.0,95.0,448.0,38239.22909497618,0.30422615306336237,0.7540106951871658,3120.0
2.0,144,18992,66.0,66.0,66.0,124.0,304.0,18453.04320987654,0.3971897300080924,0.7083333333333334,2460.0
4.47,1008,196713,78.0,66.0,66.0,303.0,457.0,33935.622794430274,2.03972865222363,0.5486111111111112,6322.147651006711
0.21,21,1612,66.0,54.0,66.0,74.0,90.0,1918.6575963718815,0.38250428816466553,0.9523809523809523,4285.714285714285
2.76,487,111691,74.0,66.0,66.0,232.0,997.0,88106.32863485532,2.9368016636706495,0.5770020533880903,5173.913043478261
5.48,703,86749,66.0,54.0,66.0,127.0,304.0,11742.364833501617,1.049398757353115,0.6728307254623044,4489.051094890511
1.55,128,16957,66.0,54.0,66.0,107.5,347.19999999999993,19714.765075683594,0.3203301409328039,0.7421875,2903.2258064516127
1.51,142,16486,66.0,54.0,66.0,99.75,264.4000000000002,12242.609998016267,0.5051584040902036,0.7464788732394366,3298.0132450331125
4.39,352,50077,66.0,54.0,66.0,95.0,399.1000000000003,32611.114855049073,0.3394944496455798,0.7613636363636364,2938.4965831435084
6.56,921,130972,66.0,66.0,66.0,148.0,375.0,22826.71097011344,1.202098325374941,0.6579804560260586,4746.951219512195
1.53,155,19351,66.0,54.0,66.0,90.0,335.19999999999993,16324.156670135271,0.38419170243204576,0.7806451612903226,3764.705882352941
6.17,611,85603,66.0,54.0,66.0,124.0,340.0,26884.868255469155,0.35411360868120917,0.7446808510638298,3607.779578606159
0.25,9,1740,66.0,66.0,66.0,95.0,383.20000000000016,81488.66666666664,0.25995655322230266,0.7777777777777778,1200.0
5.0,503,66043,66.0,54.0,66.0,90.0,334.00000000000034,28478.57906240489,0.3824914697201231,0.7892644135188867,3744.0
1.01,84,10390,66.0,54.0,66.0,90.0,213.70000000000005,23189.047052154194,0.32508608595842364,0.8095238095238095,3029.70297029703
0.39,49,4133,66.0,54.0,66.0,90.0,131.20000000000005,2033.6143273635982,0.6290894757587702,0.7959183673469388,4769.230769230769
9.89,945,134246,66.0,54.0,66.0,90.0,340.0,36198.25468939839,0.3493416423761182,0.7788359788359789,3579.3731041456017
5.93,656,92192,66.0,54.0,66.0,95.0,304.0,63400.193783462244,0.3471469277416527,0.7759146341463414,3996.6273187183815
4.64,659,81685,66.0,54.0,66.0,124.0,278.0,26709.99019989362,1.2746512210743226,0.7420333839150227,5081.896551724139
4.46,564,97470,66.0,66.0,66.0,160.0,467.0,63725.98502338917,1.4249284736907575,0.700354609929078,4412.556053811659
0.05,3,174,54.0,54.0,54.0,60.0,63.6,32.0,1.6363636363636365,1.0,3599.9999999999995
8.62,1194,177297,66.0,66.0,66.0,161.5,389.0,21881.578207200157,1.0972214007736074,0.6675041876046901,4663.573085846868
9.63,1177,197847,66.0,66.0,66.0,124.0,448.0,65630.88405425714,1.116961629823022,0.7323704333050127,4317.757009345794
7.97,1617,251302,66.0,66.0,66.0,256.0,311.0,21824.28810615718,1.2080642468654172,0.6239950525664811,6436.6373902133
3.29,382,81485,66.0,66.0,66.0,124.0,486.7000000000001,197755.13070502455,0.18800116635077999,0.7356020942408377,4066.869300911854
5.57,829,145408,66.0,54.0,66.0,160.0,366.0,77215.41765697913,1.246932657539327,0.6586248492159228,4750.448833034111
1.96,311,33685,66.0,54.0,66.0,112.0,278.0,6514.709794150185,0.9416104674621015,0.7427652733118971,5816.326530612246
4.13,684,122949,66.0,66.0,66.0,232.0,520.0,39791.900950292395,1.6013244752877454,0.631578947368421,5404.358353510896
6.48,612,88542,66.0,66.0,66.0,115.0,390.6999999999997,38648.46722414456,0.4357618900906452,0.7401960784313726,3499.9999999999995
5.5,519,62941,66.0,66.0,66.0,90.0,283.0,19655.246913992745,0.3642196068231571,0.7938342967244701,3578.1818181818185
7.98,918,146851,66.0,66.0,66.0,232.0,358.40000000000055,30449.209241697165,1.1461286645427178,0.6394335511982571,3684.210526315789
7.5,1550,265392,66.0,66.0,66.0,268.0,426.0,24074.65712216441,1.9388080526210882,0.5670967741935484,6216.0
8.82,817,120323,66.0,66.0,66.0,160.0,383.7999999999997,29195.153714892687,0.6862115840071752,0.7013463892288861,3265.3061224489797
1.03,95,11158,66.0,66.0,66.0,95.0,274.0000000000001,11167.426703601108,0.47495042961004624,0.7578947368421053,3262.135922330097
5.44,486,88742,66.0,54.0,66.0,124.0,449.5,111094.49990685703,0.24758544094698515,0.7366255144032922,3088.235294117647
2.65,215,37624,66.0,66.0,66.0,124.0,457.6,51673.44648999459,0.2563948440526281,0.7302325581395349,2830.188679245283
0.4,43,7451,66.0,54.0,66.0,183.5,419.2000000000006,59214.71281773932,0.2987624193829528,0.7209302325581395,4500.0
5.24,856,159309,66.0,66.0,66.0,223.0,478.0,68534.74170096734,1.5886224042117578,0.6320093457943925,5164.12213740458
9.39,1041,161387,74.0,66.0,66.0,232.0,310.0,18164.646509443275,1.5254600650976464,0.5513928914505284,3303.514376996805
4.03,538,102974,66.0,66.0,66.0,160.0,430.0,150132.8797003911,1.6818939472861756,0.6747211895910781,4481.389578163772
7.02,791,112823,66.0,66.0,66.0,160.0,340.0,20533.32702767065,0.7207809044459697,0.6687737041719343,3837.606837606838
1.62,145,18877,66.0,66.0,66.0,101.0,326.79999999999984,15766.661878715811,0.45018053314895906,0.7448275862068966,2925.9259259259256
8.27,1163,192754,66.0,54.0,66.0,135.0,340.0,95208.40630829186,1.3402131947648301,0.710232158211522,4860.943168077388
6.78,724,108775,66.0,54.0,66.0,93.5,376.0,49892.90980701138,0.3373208094617522,0.7582872928176796,3823.008849557522
1.21,478,131128,66.0,66.0,66.0,298.0,485.50000000000006,263835.9227779625,3.9850973236009732,0.5732217573221757,12049.586776859505
5.97,562,57255,66.0,54.0,66.0,90.0,160.0,9067.687773077849,0.5690170178948234,0.8167259786476868,3557.7889447236184
8.51,1441,233979,66.0,66.0,66.0,268.0,328.0,28935.91317329655,1.9078357049648915,0.6252602359472589,5337.250293772033
6.88,1371,216792,66.0,66.0,66.0,184.0,340.0,34971.66295904377,2.159220075194544,0.6236323851203501,6357.558139534884
1.14,128,13376,66.0,62.40000000000001,66.0,90.0,223.59999999999997,7287.203125,0.4498157381313679,0.7890625,4052.6315789473683
0.3,41,5846,66.0,54.0,66.0,90.0,448.0,24793.023200475902,0.3958930276981853,0.7804878048780488,5200.0
0.7,297,70319,66.0,66.0,66.0,305.0,484.0,132579.73569590406,3.735286195286195,0.569023569023569,13285.714285714286
7.74,940,127222,66.0,66.0,66.0,124.0,313.0,22889.784784970572,1.0936723442771332,0.6978723404255319,4232.558139534884
3.37,539,82874,66.0,66.0,66.0,268.0,313.0,18457.93260383931,1.6032354326998586,0.6178107606679035,4896.142433234421
4.35,686,132987,66.0,60.0,66.0,196.0,478.0,67632.28758637981,2.496713294068153,0.6282798833819242,5020.689655172414
6.45,812,98800,66.0,66.0,66.0,124.0,304.0,10123.583950107986,0.9399937166195413,0.6798029556650246,4325.581395348837
0.38,66,6309,66.0,54.0,66.0,74.0,196.0,5665.84779614325,0.4939616386455127,0.8333333333333334,6631.578947368421
6.06,903,115067,66.0,66.0,66.0,124.0,304.0,24856.46400763298,1.0033602033532392,0.6821705426356589,5039.60396039604
7.32,1069,189828,66.0,66.0,66.0,160.0,376.60000000000014,92818.56986719008,0.8839244953454676,0.6978484565014031,4893.442622950819
6.16,914,125968,66.0,54.0,66.0,124.0,395.2000000000007,18659.099095518766,0.902609956500725,0.7035010940919038,5084.415584415584
7.29,729,100553,66.0,54.0,66.0,90.0,376.0,33315.434439570905,0.35492433940145257,0.7942386831275721,3810.6995884773664
3.54,361,59960,66.0,54.0,66.0,95.0,448.0,60025.171184997045,0.2805125467164976,0.775623268698061,3677.966101694915
5.62,622,92218,66.0,54.0,66.0,90.0,391.0,50653.057567643016,0.34234850580066667,0.8006430868167203,4078.2918149466195
5.02,934,191413,66.0,66.0,66.0,279.0,459.0,74093.59905932898,1.8415575547044327,0.6381156316916489,5904.382470119523
9.31,1315,189849,66.0,66.0,66.0,124.0,311.0,34404.65639462765,0.9749399244764847,0.6958174904942965,4743.2867883995705
1.02,113,12045,66.0,56.40000000000001,66.0,95.0,196.0,6598.63074633879,0.6815580064218902,0.7699115044247787,3705.882352941176
7.88,842,149062,66.0,54.0,66.0,95.0,304.0,317292.7399867976,0.26904478120211134,0.7624703087885986,3829.9492385786803
4.6,610,84823,66.0,54.0,66.0,160.0,309.0,20231.113466809995,0.8189479553106169,0.680327868852459,4591.304347826087
7.58,810,109973,66.0,54.0,66.0,124.0,340.0,22819.61213382106,0.6800030553009472,0.7308641975308642,3815.303430079156
2.01,172,21965,66.0,54.0,66.0,103.5,304.0,18398.25510411033,0.397264631043257,0.7441860465116279,3104.477611940299
3.91,357,42194,66.0,54.0,66.0,90.0,266.80000000000007,22163.93010537548,0.4108402715083425,0.8151260504201681,3360.613810741688
1.56,118,14568,66.0,62.40000000000001,66.0,90.0,311.19999999999993,16921.010916403335,0.42739564961787185,0.788135593220339,2769.230769230769
6.42,1231,248408,74.0,66.0,66.0,298.0,340.0,107696.1117713865,1.9429786629071049,0.5840779853777417,5588.785046728972
1.79,279,53063,74.0,66.0,66.0,268.0,376.0,65969.39402114565,2.425187193390137,0.5734767025089605,4525.139664804469
4.93,485,72747,66.0,58.80000000000007,66.0,160.0,340.0,38773.004085450106,1.334627727856226,0.6536082474226804,3152.129817444219
2.65,340,54966,66.0,54.0,66.0,160.0,428.0,43315.269930795854,1.2119114688128774,0.6882352941176471,4505.66037735849
1.21,365,84486,66.0,66.0,66.0,250.0,592.0,100298.49558266091,3.0544198099625683,0.5808219178082191,9173.553719008265
1.39,321,57419,74.0,66.0,66.0,268.0,298.0,46099.65425413184,2.8238545551411827,0.5389408099688473,6647.48201438849
7.74,604,75946,66.0,54.0,66.0,124.0,300.40000000000055,20445.004418665845,0.4089382780179211,0.7301324503311258,2782.9457364341083
2.88,201,28969,66.0,54.0,66.0,124.0,376.0,27099.044231578424,0.33276591829223406,0.7114427860696517,2416.6666666666665
6.05,801,136365,66.0,66.0,66.0,232.0,403.0,42832.30902383257,1.4456580221672226,0.6229712858926342,4244.628099173554
8.43,855,138374,66.0,66.0,66.0,160.0,340.0,46018.01680380288,0.9311682692978661,0.6771929824561403,3466.1921708185055
7.1,529,90053,66.0,54.0,66.0,160.0,484.0,40144.39773299838,0.28474619796273576,0.6899810964083176,2552.112676056338
0.29,17,4217,66.0,66.0,66.0,268.0,512.8000000000001,125471.23183391002,0.28645515558267237,0.5294117647058824,1862.0689655172416
7.26,562,91284,66.0,66.0,66.0,124.0,433.6000000000008,48052.02047846405,0.3006012595104437,0.7277580071174378,2719.00826446281
4.2,648,314922,66.0,66.0,66.0,176.0,2572.0,906148.3363340192,1.6403903715069044,0.6049382716049383,4942.857142857142
3.76,445,60893,66.0,66.0,66.0,124.0,304.6,34117.95134957707,0.8466413949962093,0.7056179775280899,4101.063829787235
6.36,978,164566,66.0,66.0,66.0,268.0,376.9000000000002,27761.866883293394,1.2168846739320787,0.5930470347648262,4877.358490566037
2.3,324,69959,74.0,66.0,66.0,340.0,484.0,59091.15762650511,1.5817034467488376,0.5679012345679012,4147.826086956522
0.65,265,47745,66.0,66.0,66.0,268.0,574.0,33822.75229619081,2.2954859193815573,0.6188679245283019,14030.76923076923
1.56,108,18017,66.0,66.0,66.0,119.5,494.7999999999999,49365.57090192045,0.28748034872088035,0.7314814814814815,2538.461538461538
8.25,3585,4501025,127.0,66.0,66.0,2962.0,2962.0,2305922.7373299175,17.031796839946157,0.47642956764295674,9832.727272727272
4.53,562,104220,66.0,66.0,66.0,178.75,448.0,81466.14019579283,0.5181575842328366,0.6459074733096085,4119.205298013245
8.23,938,264190,66.0,66.0,66.0,268.0,619.6000000000008,305454.8621528362,1.3943483265209944,0.6513859275053305,3798.2989064398535
0.95,101,17633,66.0,62.0,66.0,133.0,520.0,50379.13400646998,0.28867938317620406,0.7029702970297029,3726.3157894736846
0.31,40,9800,82.0,66.0,66.0,241.0,725.5000000000003,106791.05,0.1177007299270073,0.65,3677.4193548387098
4.71,377,85778,66.0,66.0,66.0,232.0,548.8000000000004,124575.52243384533,0.37597048444016684,0.6684350132625995,2611.4649681528663
0.47,54,7902,66.0,54.0,66.0,86.0,260.8000000000004,62579.92592592594,0.27287371134020616,0.8333333333333334,4468.085106382979
5.73,1776,447146,124.0,66.0,66.0,309.0,489.0,111877.7754430951,3.09444363050326,0.48873873873873874,8052.356020942409
9.7,861,135774,66.0,66.0,66.0,95.0,400.0,54187.397273246,0.35554401868972263,0.7746806039488966,3210.309278350516
9.2,1662,377337,66.0,66.0,66.0,278.0,448.0,122831.66342473727,1.196130812075498,0.5956678700361011,5517.391304347827
7.9,1585,1840948,66.0,66.0,66.0,95.0,340.0,31139417.497603122,14.069603726169134,0.750788643533123,7503.79746835443
0.86,35,9541,66.0,54.0,66.0,323.5,464.8000000000002,249925.04,0.16282754418037781,0.5714285714285714,1255.8139534883721
2.56,152,40654,72.0,66.0,66.0,367.0,697.4000000000001,184075.23528393352,0.18857443573851013,0.5855263157894737,1781.25
1.09,44,10496,66.0,66.0,66.0,331.0,739.6000000000004,84167.29338842975,0.16816917084028937,0.6136363636363636,1321.1009174311926
4.23,306,74577,66.0,66.0,66.0,250.0,761.5,117427.92896962706,0.2161739045351511,0.6601307189542484,2453.900709219858
4.1,284,67277,66.0,66.0,66.0,276.25,628.0,92961.94231055345,0.2095611369806368,0.5985915492957746,2092.6829268292686
8.4,1248,736391,124.0,66.0,66.0,494.0,2588.3999999999987,879811.9302570008,2.8400298278640226,0.4895833333333333,3907.142857142857
9.47,884,194432,78.0,66.0,66.0,278.0,496.10000000000014,97063.47668966647,0.6256448416845731,0.582579185520362,2724.392819429778
0.97,54,14205,76.0,66.0,66.0,403.0,706.0000000000002,85503.01543209876,0.15403363392639532,0.5555555555555556,1608.2474226804125
3.49,238,53281,67.0,66.0,66.0,263.0,592.0,85705.17211002049,0.21988689699384115,0.6050420168067226,2045.8452722063034
4.31,938,204924,78.0,66.0,66.0,304.0,459.0,59409.4814535304,2.326148352540172,0.5458422174840085,6250.580046403712
7.99,1561,513688,66.0,66.0,66.0,278.0,700.0,413388.7123179059,3.6362569721475118,0.5816784112748238,5902.3779724655815
7.72,1149,200246,66.0,66.0,66.0,235.0,458.0,40425.80581290273,1.1524190341061773,0.6335944299390774,4826.424870466321
0.47,58,8852,66.0,66.0,66.0,99.0,336.10000000000025,45894.338882282995,0.6705038686544631,0.7931034482758621,3829.7872340425533
1.72,225,42755,66.0,66.0,66.0,199.0,520.0,84702.25283950617,1.1287030121981578,0.6755555555555556,4709.302325581395
4.9,725,187577,66.0,66.0,66.0,358.0,541.6000000000008,207607.58334554106,1.9939507118687352,0.6206896551724138,4653.061224489795
9.01,722,98208,66.0,54.0,66.0,95.0,364.0,24349.761281758125,0.36867631072832174,0.7534626038781164,2896.781354051054
5.8,1004,179634,74.0,66.0,66.0,290.0,389.0,34039.614843415184,1.5383506669681213,0.5836653386454184,5151.724137931034
1.66,126,13238,66.0,54.0,66.0,90.0,220.0,7422.726127488032,0.4171930200192699,0.7619047619047619,2855.421686746988
9.94,2113,367679,90.0,66.0,66.0,290.0,359.0,19288.47366929846,2.084244874677046,0.5272124940842404,5981.891348088531
4.66,815,123432,66.0,66.0,66.0,160.0,390.40000000000055,22033.754279047014,1.4396568763094437,0.5803680981595092,5626.609442060085
7.96,1289,272791,66.0,66.0,66.0,298.0,484.0,76233.5721366146,2.0846497427489115,0.5903801396431342,5027.6381909547745
2.58,250,26287,66.0,66.0,66.0,160.0,185.19999999999993,4267.710096000001,0.9445923953247521,0.672,3348.8372093023254
1.01,56,5884,66.0,54.0,66.0,95.0,208.0,8145.102040816327,0.489620253164557,0.7678571428571429,1900.990099009901
1.87,281,37446,66.0,66.0,66.0,160.0,302.0,15684.142475399245,0.9813746759087782,0.6832740213523132,5422.459893048128
1.95,603,155622,91.0,66.0,66.0,310.0,613.0,87514.18935174872,3.2793268437551557,0.5024875621890548,8646.153846153846
1.11,371,91622,160.0,66.0,66.0,321.0,472.0,71104.43232757681,3.5767520855187573,0.46630727762803237,8486.486486486485
8.03,1318,242915,66.0,66.0,66.0,279.0,427.0,63650.708479647976,1.7228655016645555,0.5910470409711684,5103.362391033624
4.55,346,56403,66.0,66.0,66.0,146.0,430.0,44843.361062848744,0.3126439991621867,0.708092485549133,2597.8021978021975
1.65,421,115203,78.0,66.0,66.0,298.0,880.0,186545.77871937084,3.1838750680951518,0.5558194774346793,7309.090909090909
4.96,492,76988,66.0,54.0,66.0,160.0,412.0,34318.79023729262,0.7418099547511312,0.6991869918699187,3411.2903225806454
9.87,1710,291302,66.0,66.0,66.0,268.0,412.0,34809.98015662939,1.4453883800777347,0.6099415204678362,5483.282674772037
0.36,29,3743,66.0,66.0,66.0,127.0,196.0,25065.581450653983,0.26838359878007456,0.7241379310344828,3166.6666666666665
3.43,598,128336,66.0,66.0,66.0,281.0,522.4000000000033,72697.40875381707,1.7675321314586387,0.5936454849498328,5405.247813411078
6.69,926,149845,66.0,66.0,66.0,160.0,406.0,42602.92751867108,1.4386056276140413,0.6598272138228942,4690.582959641256
4.78,591,99713,66.0,54.0,66.0,160.0,427.0,46385.25443983498,0.7497806478784262,0.676818950930626,4230.125523012552
3.14,539,90279,66.0,66.0,66.0,299.0,340.0,24618.331590487433,1.9860091287953958,0.5918367346938775,5350.3184713375795
2.41,323,35758,66.0,66.0,66.0,148.0,189.40000000000038,10954.560553633219,0.9780937102395308,0.6780185758513931,4531.120331950207
6.54,1097,189157,66.0,66.0,66.0,238.0,376.0,41812.18874547224,1.5212529156947685,0.6080218778486782,5256.880733944954
2.62,470,134001,66.0,66.0,66.0,295.75,700.0,286263.2031190584,2.616858754622257,0.6021276595744681,5587.786259541985
7.97,820,118955,66.0,64.80000000000007,66.0,163.25,321.0,26343.46745240928,0.7406350599941469,0.7012195121951219,3590.9661229611042
7.92,1002,163206,66.0,54.0,66.0,160.0,412.0,50337.7161963498,1.1798001923282402,0.6866267465069861,4303.030303030303
6.92,583,94695,66.0,66.0,66.0,96.5,448.0,54881.24297049919,0.2964103827829801,0.7598627787307033,3008.670520231214
5.72,727,189025,66.0,66.0,66.0,154.0,511.0,304434.21315765067,2.0546039235965226,0.6753782668500687,4269.2307692307695
7.4,1047,203312,66.0,66.0,66.0,278.0,377.19999999999993,86265.96375691134,2.0270978500387113,0.626552053486151,4378.378378378378
8.08,920,127233,66.0,66.0,66.0,160.0,312.0,18387.05216327977,0.7848245097214039,0.675,3876.2376237623766
4.86,421,85635,66.0,66.0,66.0,135.0,592.0,92223.2820171405,0.21621621621621623,0.6959619952494062,2987.654320987654
5.09,771,154627,66.0,66.0,66.0,267.0,484.0,90068.3378939205,1.269287779392125,0.6523994811932555,4762.278978388998
8.45,1530,287330,66.0,66.0,66.0,278.0,499.9000000000012,49138.87659447221,1.362775169192563,0.6098039215686275,5637.869822485208
9.97,1141,171440,66.0,66.0,66.0,160.0,387.0,28123.376242529077,0.9140123477464804,0.6713409290096407,3839.518555667001
1.01,111,15509,66.0,66.0,66.0,95.0,376.0,30150.255336417507,1.5432928829124304,0.7567567567567568,4039.60396039604
3.64,456,132191,66.0,66.0,66.0,196.0,425.5,435093.4336286166,0.21271696451506367,0.6359649122807017,4137.3626373626375
2.03,147,26659,66.0,54.0,66.0,136.0,440.80000000000007,116154.908880559,0.45765214063098036,0.7278911564625851,2423.6453201970444
1.15,99,13930,66.0,63.60000000000001,66.0,118.0,376.0,22236.792980308135,0.3018691588785047,0.7373737373737373,2921.739130434783
3.42,297,47662,66.0,66.0,66.0,124.0,352.000000000001,84750.62662540104,0.30979142048421227,0.7407407407407407,3087.719298245614
0.95,78,12756,66.0,62.400000000000006,66.0,162.25,484.0,37125.889546351085,0.31940422010757136,0.6923076923076923,2715.789473684211
3.34,464,69755,66.0,66.0,66.0,160.0,340.0,34633.85177151457,1.0205955622501592,0.6788793103448276,4580.838323353294
5.53,415,69894,66.0,54.0,66.0,124.0,479.2000000000003,50431.8001103208,0.307089559216801,0.7373493975903614,2679.927667269439
8.44,1082,199764,66.0,66.0,66.0,160.0,450.69999999999993,82227.4155787359,0.9159992710601279,0.6959334565619224,4244.075829383886
3.68,479,64033,66.0,54.0,66.0,172.0,309.0,14697.92093828043,0.898286493537294,0.6722338204592901,4418.478260869565
0.99,124,14331,66.0,54.0,66.0,90.0,284.80000000000007,13976.696344953178,0.44977238239757206,0.7903225806451613,4787.878787878788
4.5,424,54182,66.0,54.0,66.0,103.0,310.0,20092.667208081162,0.9286655038621721,0.7429245283018868,3426.666666666667
0.11,4,536,125.0,57.6,63.0,196.0,217.60000000000002,5782.0,0.28846153846153844,0.5,1090.909090909091
5.44,548,68669,66.0,66.0,66.0,160.0,292.0,10032.005258005222,0.8001153432773219,0.6259124087591241,3253.676470588235
7.19,1025,148402,66.0,66.0,66.0,160.0,305.80000000000007,56127.45998429507,1.3415750193287785,0.6595121951219513,4764.951321279555
8.4,893,129160,66.0,66.0,66.0,127.0,310.0,34425.97616900892,0.48449532216169,0.7032474804031354,3707.142857142857
8.27,1100,197179,66.0,66.0,66.0,268.0,427.0,44076.10566859504,1.2297245341053014,0.6190909090909091,4120.918984280532
6.79,889,121485,66.0,66.0,66.0,163.0,310.0,14847.760732664325,1.0787631970705498,0.6760404949381328,4568.483063328425
7.47,1176,151794,66.0,54.0,66.0,148.0,310.0,15719.570673677634,1.2071101417666303,0.673469387755102,5365.461847389558
4.72,551,64179,66.0,66.0,66.0,124.0,232.0,11073.066182258954,0.7284479276076594,0.7186932849364791,4220.338983050848
4.13,693,139475,66.0,66.0,66.0,298.0,376.0,79888.57460608975,1.5644915145163367,0.6118326118326118,5171.912832929783
1.94,181,24235,66.0,66.0,66.0,90.0,304.0,32426.00555538597,0.334232547896939,0.7624309392265194,3309.278350515464
6.95,595,84262,66.0,66.0,66.0,99.0,340.0,35006.955683920634,0.39352043263267567,0.7529411764705882,2952.517985611511
3.55,587,77145,66.0,66.0,66.0,135.0,304.0,20260.216734529226,1.126729889176821,0.6643952299829642,5611.267605633803
1.89,190,23588,66.0,54.0,66.0,90.0,340.29999999999995,14953.378282548478,0.39400744636841795,0.7684210526315789,3873.015873015873
6.59,566,96730,66.0,54.0,66.0,114.25,478.0,68674.80999887624,0.3223151793525809,0.7420494699646644,3031.8664643399093
2.33,205,26568,66.0,66.0,66.0,99.0,304.0,26471.966829268287,0.5051838422752252,0.751219512195122,3038.62660944206
5.32,467,78678,66.0,54.0,66.0,124.0,484.0,54063.93247710796,0.2646146427710359,0.7323340471092077,3067.6691729323306
9.3,1324,264757,66.0,66.0,66.0,196.0,448.0,127588.29879416489,1.7219332154459843,0.6359516616314199,4690.322580645161
8.39,1073,137079,66.0,66.0,66.0,148.0,290.0,11933.095575634768,1.1196363130305702,0.6570363466915191,4219.308700834326
1.35,93,10405,66.0,66.0,66.0,124.0,232.0,8103.351601341197,0.45809977578475336,0.6989247311827957,2533.333333333333
6.42,923,133956,66.0,66.0,66.0,184.0,364.0,18024.91130833673,1.2901201853213204,0.6511375947995667,4700.934579439252
0.45,25,1880,66.0,66.0,66.0,66.0,90.0,944.0,0.5359477124183006,0.96,2533.333333333333
0.98,63,6930,66.0,66.0,66.0,124.0,268.0,7106.6349206349205,0.4980544747081712,0.7301587301587301,2448.979591836735
5.6,1061,155699,66.0,66.0,66.0,196.0,321.0,17610.650617693016,1.5197274728120145,0.592836946277097,5946.4285714285725
2.21,721,111374,66.0,66.0,66.0,268.0,355.0,17051.83310281413,1.900213530545284,0.5672676837725381,10099.547511312216
0.31,13,1349,66.0,54.0,66.0,124.0,202.60000000000005,4336.639053254438,0.38075742067553736,0.6153846153846154,1548.3870967741937
8.57,1037,145943,66.0,66.0,66.0,160.0,340.0,29092.77300163944,0.8093827099269766,0.6798457087753134,4123.687281213535
5.88,503,68130,66.0,54.0,66.0,95.0,340.0,36541.65875522214,0.3715424568184563,0.7713717693836978,3091.8367346938776
1.4,137,19191,66.0,66.0,66.0,99.0,269.20000000000005,71203.38771378335,0.7682668386621211,0.7737226277372263,3300.0000000000005
7.9,649,113099,66.0,54.0,66.0,124.0,328.0,133565.3326416604,0.8964886981018177,0.7226502311248074,2817.7215189873414
8.06,1222,230439,66.0,66.0,66.0,252.75,493.0,51493.26560855135,1.4655375331678506,0.6243862520458265,4786.600496277915
7.13,842,131248,66.0,54.0,66.0,131.0,338.7999999999997,46639.70445890059,0.8920266978044948,0.6876484560570071,4157.082748948106
4.22,372,46029,66.0,62.0,66.0,95.0,295.3000000000009,16947.1361645855,0.3658051689860835,0.760752688172043,3227.488151658768
3.72,332,44020,66.0,54.0,66.0,124.0,309.50000000000017,20039.964726375383,0.4296385307395018,0.7198795180722891,3112.9032258064512
2.3,190,26863,66.0,64.80000000000003,66.0,101.0,365.19999999999993,25063.64711911358,0.3387989035634189,0.7473684210526316,3000.0000000000005
1.51,288,64654,66.0,54.0,66.0,233.25,412.0,195738.27078510803,2.488399697852595,0.625,6437.086092715232
6.09,522,73480,66.0,66.0,66.0,124.0,364.0,27974.420472394715,0.4354366087126392,0.7337164750957854,3054.187192118227
1.13,92,16229,66.0,66.0,66.0,201.75,433.60000000000014,50405.87086483934,0.2632521211177707,0.6956521739130435,2814.1592920353987
9.26,1667,321615,66.0,66.0,66.0,211.0,412.0,79706.93337013462,1.121554942807763,0.5800839832033593,5423.326133909288
0.06,8,776,66.0,66.0,66.0,107.5,170.79999999999998,2328.0,0.7399103139013453,0.75,5000.0
4.82,543,73155,66.0,66.0,66.0,147.0,281.40000000000003,26176.516691594683,0.6484890821822115,0.6703499079189686,3958.5062240663897
1.37,102,14708,66.0,55.20000000000002,66.0,124.0,410.80000000000007,24860.726259131105,0.3823308270676692,0.7156862745098039,2583.941605839416
4.57,435,63725,66.0,54.0,66.0,124.0,371.2000000000003,27431.803989959044,0.5604721208707789,0.6827586206896552,3150.9846827133474
1.47,141,21991,66.0,66.0,66.0,135.0,484.0,34735.96328152507,0.30340208629682314,0.7304964539007093,3428.5714285714284
0.98,74,10325,66.0,66.0,66.0,95.0,336.40000000000003,27505.249269539803,0.44405594405594406,0.7567567567567568,2571.4285714285716
7.25,775,136227,66.0,66.0,66.0,232.0,407.2000000000003,47063.03275088449,1.0761247256766642,0.6451612903225806,3583.448275862069
6.72,759,120275,66.0,66.0,66.0,196.0,340.0,29744.225065572376,0.9598018608137394,0.6310935441370223,3642.8571428571427
7.41,786,124489,66.0,60.0,66.0,184.0,448.0,27285.233755155426,0.8860540868116051,0.6577608142493638,3522.267206477733
3.7,500,109279,66.0,66.0,66.0,160.0,700.3000000000001,110539.43863599999,0.6840134377118905,0.704,4670.27027027027
7.51,1252,198419,66.0,66.0,66.0,160.0,424.8000000000011,33885.60269766456,1.1389655469794318,0.6357827476038339,5544.607190412783
3.13,570,109172,66.0,54.0,66.0,278.0,461.0,58062.75437365343,1.3332834640620659,0.6280701754385964,5942.492012779553
7.56,778,147493,66.0,66.0,66.0,196.0,508.0,51207.048276511516,0.6894379345497864,0.6452442159383034,3396.8253968253966
9.71,670,164713,66.0,66.0,66.0,232.0,700.0,158701.8655402094,0.2012500182324713,0.6492537313432836,2230.690010298661
2.26,368,87290,66.0,66.0,66.0,278.25,553.9000000000001,134784.53021620982,1.5122316237840328,0.6005434782608695,5044.24778761062
7.57,491,89676,66.0,66.0,66.0,186.0,484.0,65051.12259365108,0.2656448471504784,0.6680244399185336,2163.804491413474
8.72,730,199939,66.0,66.0,66.0,232.0,628.0,283578.1041264778,0.289845816398942,0.6438356164383562,2655.963302752293
9.97,1096,262376,66.0,66.0,66.0,310.0,556.0,139614.87200969685,0.7588234111156545,0.5866788321167883,3315.9478435305914
3.0,392,47601,66.0,66.0,66.0,148.0,270.7000000000001,9142.148317107456,1.1938977738857908,0.6122448979591837,4300.0
2.37,522,99012,92.5,66.0,66.0,310.0,376.0,19519.08415906989,2.3527021535960992,0.5038314176245211,6202.53164556962
3.51,206,35505,66.0,60.0,66.0,196.0,484.0,39906.568597417296,0.2664074761021544,0.6893203883495146,1965.8119658119658
2.06,162,30113,66.0,66.0,66.0,130.75,520.0,61040.05414570951,0.3839330851601636,0.6851851851851852,2679.6116504854367
5.16,339,68682,66.0,66.0,66.0,196.0,520.5999999999999,89364.30453964026,0.227077824626599,0.6637168141592921,2197.674418604651
8.13,738,145443,74.0,66.0,66.0,298.5,484.0,55999.63224601758,1.406602134524696,0.6070460704607046,2686.3468634686346
5.68,885,140937,66.0,66.0,66.0,196.0,321.0,39974.515606626446,1.3510267402872538,0.6203389830508474,5091.549295774648
2.19,529,98097,66.0,66.0,66.0,196.0,374.0,84569.0855450059,2.52841522192648,0.5935727788279773,7452.054794520548
1.9,136,11290,66.0,54.0,66.0,90.0,124.0,1408.9997837370242,0.6315028901734104,0.8455882352941176,2589.4736842105267
2.95,238,25608,66.0,54.0,66.0,101.0,232.0,7820.223854247583,0.46423466178740924,0.7478991596638656,2969.4915254237285
5.45,566,212796,66.0,66.0,66.0,207.25,844.0,586963.0305535091,0.09745229499742135,0.6731448763250883,3412.8440366972477
4.08,1506,1695629,124.0,66.0,66.0,2572.0,2962.0,1887550.943087764,7.575693513718549,0.4946879150066401,8205.882352941177
4.27,620,103602,66.0,66.0,66.0,268.0,406.0,24283.628709677418,1.8927793600268052,0.6112903225806452,4538.64168618267
2.28,181,20446,66.0,66.0,66.0,95.0,232.0,16073.020603766678,0.44699221514508136,0.7679558011049724,2763.157894736842
8.17,811,114764,66.0,54.0,66.0,149.0,343.0,21499.73943358962,0.6088035326277423,0.6991368680641183,3370.8690330477357
5.73,1051,241549,74.0,66.0,66.0,297.0,484.0,138793.47842886252,1.2344338269983257,0.5642245480494766,5256.544502617801
4.8,734,98180,66.0,66.0,66.0,160.0,310.0,11761.105992323053,1.2578938895660372,0.6321525885558583,5175.0
8.49,2447,2246618,78.0,66.0,66.0,2572.0,2962.0,1653000.9651677269,16.49552608421397,0.5459746628524724,7611.307420494699
2.94,304,95033,66.0,66.0,66.0,160.0,401.1999999999996,468976.790847905,3.489889445336861,0.6973684210526315,3489.795918367347
3.25,458,65697,66.0,66.0,66.0,124.0,311.0,32360.29044545298,0.9239464667467128,0.6986899563318777,4633.846153846153
6.82,620,70620,66.0,66.0,66.0,124.0,233.50000000000034,7778.806763787722,0.7587726944437526,0.7016129032258065,3175.9530791788857
1.14,102,16140,66.0,55.20000000000002,66.0,160.0,480.4000000000002,29411.356401384088,0.31251524762137106,0.696078431372549,3052.6315789473683
1.14,315,58317,74.0,66.0,66.0,286.0,412.0,28537.06158730158,2.1262463814731425,0.5555555555555556,8210.526315789473
5.92,461,73432,66.0,54.0,66.0,95.0,412.0,64838.053425308564,0.42282503390815734,0.7635574837310195,2685.810810810811
2.71,280,88851,66.0,66.0,66.0,196.0,847.5999999999998,374613.06223214284,1.0106130207508317,0.6714285714285714,3343.173431734317
2.62,1232,701162,124.0,66.0,66.0,454.0,2572.0,764773.6012581169,4.407822176974633,0.487012987012987,11633.587786259543
4.43,1214,598622,90.0,66.0,66.0,454.0,1514.0,606910.0429475993,3.3964277583155233,0.5164744645799012,6948.081264108352
2.15,188,38210,66.0,66.0,66.0,124.0,592.0,95687.48268447262,0.36269614835948644,0.7180851063829787,2986.046511627907
7.68,1221,382776,74.0,66.0,66.0,340.0,628.0,304605.6848517045,1.4075627873626477,0.6068796068796068,4687.5
5.19,439,77729,66.0,54.0,66.0,180.0,484.0,52205.72314381931,0.3725036639415182,0.6810933940774487,2797.687861271676
3.78,978,227589,66.0,66.0,66.0,232.0,309.0,197307.7627278658,3.1247077586675607,0.581799591002045,7777.777777777777
7.35,577,87630,66.0,66.0,66.0,124.0,376.0,34250.11873402438,0.3438122987271891,0.7001733102253033,2693.877551020408
6.87,498,78206,66.0,62.400000000000034,66.0,124.0,376.0,51113.07469234367,0.2956808429563114,0.7289156626506024,2506.550218340611
6.99,848,168109,66.0,66.0,66.0,232.75,501.7000000000006,71659.05830450116,0.9481637714245982,0.6391509433962265,3828.3261802575107
3.54,270,44555,66.0,66.0,66.0,160.0,448.0,34191.462620027436,0.5292603397974944,0.6370370370370371,2355.93220338983
9.0,570,108524,66.0,66.0,66.0,196.0,485.90000000000043,130307.94030163129,0.22763317157045734,0.6701754385964912,2060.0
4.41,521,78749,66.0,66.0,66.0,124.0,284.0,42300.43056133745,0.9056019358741682,0.6429942418426103,3945.578231292517
0.48,51,5588,66.0,66.0,66.0,95.0,196.0,12972.794309880817,0.7073021692636725,0.7647058823529411,3625.0
9.38,600,80585,66.0,66.0,66.0,127.0,307.20000000000005,20130.50326388889,0.3743263524114878,0.6883333333333334,2098.0810234541577
2.12,152,28739,66.0,66.0,66.0,295.0,556.0,40694.882920706375,0.26109087717758567,0.631578947368421,2433.962264150943
2.2,190,60206,70.0,66.0,66.0,253.75,811.5999999999998,346195.27878116345,0.1224714283050879,0.6526315789473685,2590.909090909091
6.98,521,86076,66.0,54.0,66.0,124.0,448.0,50530.38647072476,0.2956618598910197,0.7293666026871402,2595.9885386819483
4.36,359,100669,66.0,66.0,66.0,196.0,520.0,373236.6940355832,0.1526104877490268,0.6796657381615598,2862.3853211009173
5.47,1125,298669,66.0,66.0,66.0,278.0,458.0,267763.2523962469,3.248613047312868,0.5644444444444444,6285.191956124315
0.41,45,6524,66.0,66.0,66.0,124.0,376.0,22576.066172839506,0.25775978407557354,0.7333333333333333,3951.219512195122
0.15,12,1919,66.0,66.0,66.0,224.5,369.40000000000003,16444.076388888887,0.20767778477029578,0.5833333333333334,2800.0
6.43,975,313714,66.0,66.0,66.0,297.0,448.0,440291.44500092044,4.097890734180506,0.5784615384615385,4581.648522550545
8.45,1702,300173,74.0,66.0,66.0,268.0,407.2000000000007,32413.259940610413,1.7525928235412789,0.5622796709753232,5957.396449704143
5.44,725,101754,66.0,66.0,66.0,148.0,308.0,40037.42208608799,0.7585026959767731,0.6689655172413793,4411.764705882352
7.57,808,113380,66.0,66.0,66.0,124.0,314.7000000000013,26351.790020586213,0.44110020844984493,0.7103960396039604,3669.7490092470275
0.13,29,5538,66.0,54.0,66.0,90.0,676.0,110930.65398335314,1.4482758620689655,0.7931034482758621,9692.307692307693
0.43,340,98113,124.0,66.0,66.0,387.0,889.0,128843.82189446366,4.984689520556301,0.49117647058823527,20232.558139534885
2.36,351,47132,66.0,66.0,66.0,160.0,309.0,12796.72546489071,1.7176382402121892,0.5954415954415955,4652.542372881356
7.49,975,126943,66.0,66.0,66.0,160.0,304.0,11326.83158553583,1.1744634200654345,0.6451282051282051,4325.767690253671
0.77,39,4762,74.0,66.0,66.0,124.0,311.2000000000001,8655.271531886916,0.47202472952086555,0.717948717948718,1402.5974025974026
3.99,341,47289,66.0,54.0,66.0,124.0,340.0,25185.098287768422,0.3605213188330744,0.7331378299120235,2992.4812030075186
6.38,511,72731,66.0,66.0,66.0,95.0,304.0,52614.30353744048,0.32151682535067955,0.7534246575342466,2887.1473354231975
0.42,18,3069,70.0,66.0,66.0,187.0,361.6,38845.583333333336,0.30706984667802384,0.6111111111111112,1285.7142857142858
7.03,1071,343020,66.0,66.0,66.0,268.0,628.0,422101.223124544,1.4535954164073732,0.6489262371615313,4958.748221906117
3.83,312,43205,66.0,54.0,66.0,97.0,372.4000000000012,25528.73026586128,0.3886478320959085,0.75,2819.843342036553
6.17,1006,183549,66.0,66.0,66.0,268.0,413.5,63299.33737238597,1.8944554830163687,0.5994035785288271,5105.348460291734
5.14,1141,201222,74.0,66.0,66.0,297.0,312.0,29374.12404359538,2.442045843311666,0.5609114811568799,6595.330739299612
6.53,569,85745,66.0,66.0,66.0,124.0,364.0,42355.091020845626,0.4028041358549833,0.7346221441124781,2912.71056661562
7.54,638,104283,66.0,55.400000000000006,66.0,124.0,421.30000000000143,48034.31675445406,0.281606017033514,0.7288401253918495,3039.787798408488
2.36,169,24312,66.0,66.0,66.0,124.0,347.2000000000006,30252.299359266133,0.3320184089414859,0.7396449704142012,2542.3728813559323
5.87,809,233885,66.0,66.0,66.0,160.0,484.0,415144.19193834503,3.5197789243820896,0.6650185414091471,4344.12265758092
4.63,380,47838,66.0,66.0,66.0,124.0,304.0,17850.198310249307,0.3675814751286449,0.7368421052631579,2980.5615550755942
9.37,870,136501,66.0,66.0,66.0,196.0,376.0,25879.659649887697,0.9261574498708849,0.6,2958.3778014941304
3.32,929,179186,90.0,66.0,66.0,309.0,422.0,21902.219308236803,2.850315870901199,0.5145317545748116,7825.301204819278
5.54,798,112734,66.0,66.0,66.0,160.0,282.0,29853.227486008254,1.0643093882184909,0.6629072681704261,4797.83393501805
7.61,914,155735,66.0,66.0,66.0,196.0,448.0,53306.64892458187,0.9011084254986694,0.6849015317286652,4068.331143232589
2.98,266,37803,66.0,66.0,66.0,99.0,307.0,37189.305966985135,0.47708357754073377,0.7556390977443609,3100.6711409395975
3.8,425,58963,66.0,66.0,66.0,124.0,316.00000000000034,23568.292905190305,0.9900435384251915,0.6964705882352941,3821.052631578948
8.97,1135,191602,66.0,66.0,66.0,232.0,376.0,40307.31015622271,1.1121546839517604,0.6563876651982379,4040.1337792642134
7.48,1023,176388,66.0,66.0,66.0,232.0,468.4000000000002,34142.65647296922,1.1891157306856965,0.635386119257087,4491.9786096256685
4.86,348,54524,66.0,66.0,66.0,160.0,445.20000000000005,34218.92515523847,0.2958764111705288,0.7097701149425287,2469.135802469136
5.42,814,157366,66.0,66.0,66.0,268.0,448.0,64964.81127564911,1.6592426111496021,0.5614250614250614,4516.6051660516605
1.41,80,13036,74.0,66.0,66.0,232.0,437.2000000000001,24302.1475,0.32331742970256827,0.65,1659.5744680851064
0.02,3,655,90.0,70.8,78.0,294.5,417.20000000000005,39482.88888888888,0.11205432937181664,0.6666666666666666,3000.0
3.33,152,27455,66.0,66.0,66.0,259.0,480.4000000000002,32252.181743421053,0.2553726566072245,0.5723684210526315,1405.4054054054054
9.61,1192,248032,74.0,66.0,66.0,281.0,412.0,78987.71331246341,1.499339977226695,0.5360738255033557,3714.8803329864727
6.41,823,122802,66.0,66.0,66.0,232.0,322.0,15734.546523181496,1.3448921138056138,0.574726609963548,4081.1232449297972
0.27,10,1156,80.5,64.8,66.0,116.75,257.2,5749.24,0.4289245982694685,0.7,1111.111111111111
5.6,463,91751,66.0,66.0,66.0,208.0,373.60000000000014,147908.16456670506,1.0299792026195849,0.6004319654427646,2582.1428571428573
6.34,308,50125,66.0,66.0,66.0,202.0,403.60000000000014,25967.242652639572,0.31679188777386647,0.6071428571428571,1523.659305993691
4.65,465,63585,66.0,66.0,66.0,160.0,268.0,31011.4387790496,1.0678721259227943,0.6150537634408603,3238.7096774193546
0.66,55,9527,74.0,66.0,66.0,149.5,434.80000000000007,54239.26148760331,0.2844815963327491,0.6181818181818182,2454.5454545454545
9.45,1027,279368,66.0,66.0,66.0,161.5,464.1999999999997,354225.1756953682,1.1388006339047152,0.6572541382667965,3625.3968253968255
1.67,141,17429,66.0,66.0,66.0,95.0,304.0,17983.06061063327,0.3776776539404,0.7659574468085106,3197.604790419162
7.34,770,123718,66.0,54.0,66.0,127.0,424.0,42842.274710743804,0.7677535507101421,0.7038961038961039,3564.0326975476837
1.84,222,27924,66.0,66.0,66.0,157.0,268.0,9462.77307036766,0.9595789473684211,0.6036036036036037,3652.173913043478
1.25,181,19926,66.0,66.0,66.0,90.0,266.0,9141.29605323403,0.9031518624641833,0.7513812154696132,5712.0
5.36,1108,174819,66.0,66.0,66.0,160.0,312.0,39125.72276697859,1.7629320563273434,0.605595667870036,6626.865671641791
3.05,251,30940,66.0,54.0,66.0,103.0,340.0,12727.669783019317,0.39652448657187994,0.7410358565737052,2832.786885245902
0.72,64,8942,66.0,54.0,66.0,102.25,364.0,21446.4208984375,0.4106325918914655,0.75,2916.6666666666665
1.51,117,15820,66.0,54.0,66.0,95.0,299.80000000000007,29308.407334356063,0.42330184435447593,0.7692307692307693,2900.662251655629
3.98,495,71468,66.0,66.0,66.0,148.0,367.6000000000005,27017.39110702989,0.5755731922398589,0.6767676767676768,4341.708542713568
6.57,757,142269,66.0,66.0,66.0,160.0,412.0,94944.293371073,1.4959911577396094,0.6723910171730515,3789.9543378995436
5.09,409,58723,66.0,63.60000000000005,66.0,112.0,344.7999999999997,33168.70861604127,0.3646673328530594,0.7334963325183375,2746.561886051081
7.91,1061,169387,66.0,66.0,66.0,160.0,427.0,62574.391960352536,1.3670956832823264,0.6456173421300659,4482.9329962073325
4.23,775,123444,66.0,66.0,66.0,196.0,376.0,40460.434986888664,1.3541841482950645,0.6219354838709678,5999.999999999999
0.23,28,2447,66.0,66.0,66.0,81.0,151.10000000000002,1880.5242346938774,0.8440090429540317,0.8214285714285714,4173.913043478261
1.93,183,22204,66.0,54.0,66.0,124.0,232.0,12399.249544626595,0.8676087139372529,0.6775956284153005,3170.9844559585495
3.36,430,56897,66.0,66.0,66.0,160.0,304.0,14496.403142239047,1.269796944189572,0.6767441860465117,4339.285714285714
5.07,975,128254,66.0,66.0,66.0,184.0,309.0,9522.047162656148,1.6083790929428514,0.6133333333333333,6248.5207100591715
4.68,439,52090,66.0,66.0,66.0,124.0,284.7999999999999,14584.62656378911,0.5234557791296209,0.6993166287015945,3230.769230769231
5.05,489,70986,66.0,66.0,66.0,160.0,340.0,25252.8375926832,0.7040184358346536,0.6871165644171779,3350.4950495049507
8.02,821,155359,66.0,66.0,66.0,160.0,412.0,126828.08286142832,0.7120769646143504,0.7040194884287454,3523.690773067332
9.15,1171,238278,66.0,66.0,66.0,304.0,422.0,92108.3026397256,1.5022367840715771,0.5883859948761742,3960.655737704918
9.71,1001,146700,66.0,66.0,66.0,160.0,340.0,25854.826564045346,0.7414943374723997,0.6933066933066933,3528.32131822863
1.81,383,48927,66.0,66.0,66.0,147.0,310.0,12044.643429295995,1.0688824051756944,0.6266318537859008,7093.922651933702
5.81,422,51993,66.0,54.0,66.0,124.0,295.6000000000005,12164.481194267875,0.3998061545917131,0.7251184834123223,2530.120481927711
2.38,163,21283,66.0,66.0,66.0,139.0,304.0,16101.140727915992,0.38741851368970015,0.7239263803680982,2294.117647058824
5.33,410,62413,66.0,66.0,66.0,99.0,340.0,56054.590011897686,0.41847727272727275,0.7536585365853659,2622.889305816135
5.41,731,160535,74.0,66.0,66.0,290.0,484.0,121450.07371421193,1.0044074864841244,0.6087551299589603,4036.9685767097963
3.37,224,41026,66.0,66.0,66.0,151.0,598.000000000001,58695.22696109694,0.22483952828780415,0.6919642857142857,2296.73590504451
9.71,1379,203577,66.0,66.0,66.0,173.5,310.0,23260.557410152596,1.1385261830978517,0.6149383611312546,4523.1719876416055
0.52,36,3855,66.0,54.0,66.0,135.25,208.0,5620.9097222222235,0.4084764340518816,0.6666666666666666,2769.2307692307695
7.61,590,78313,66.0,66.0,66.0,124.0,310.20000000000005,19885.77495259983,0.37584328882642304,0.6949152542372882,2578.186596583443
9.69,1212,213036,66.0,66.0,66.0,196.0,469.0000000000009,49388.97784530928,1.0519548068309879,0.6674917491749175,4198.142414860681
9.11,1022,129523,66.0,66.0,66.0,124.0,304.0,14380.956105598552,0.7108005653224848,0.6966731898238747,3899.0120746432494
1.64,236,30379,66.0,54.0,66.0,160.0,273.0,11252.530073972996,1.2381934723347823,0.673728813559322,4939.024390243902
5.63,438,49479,66.0,54.0,66.0,95.0,268.0,11234.078735847877,0.4779556723818627,0.7557077625570776,2920.071047957371
3.71,552,83550,66.0,66.0,66.0,202.0,399.0,21385.51264177694,1.5236354849427614,0.6594202898550725,4981.132075471698
7.37,1017,153114,66.0,66.0,66.0,148.0,315.0,57390.553806527976,0.7924422279974713,0.6735496558505408,4738.127544097693
7.81,873,142661,66.0,66.0,66.0,196.0,332.0,60118.648215722016,1.0643196156740176,0.6345933562428407,3679.897567221511
2.64,132,24089,66.0,66.0,66.0,243.25,409.9000000000001,43130.56812442608,0.2683093771389459,0.5984848484848485,1522.7272727272725
1.95,150,28481,66.0,66.0,66.0,265.0,489.99999999999966,44992.20395555556,0.23583268246116462,0.6066666666666667,2461.5384615384614
3.9,340,56009,66.0,65.6,66.0,124.0,472.0,48453.778365051905,0.33313498202937186,0.7088235294117647,2938.4615384615386
5.36,387,50842,66.0,66.0,66.0,124.0,268.0,24529.717498280686,0.3779066616076752,0.7286821705426356,2462.686567164179
8.1,1246,1759916,66.0,66.0,66.0,66.0,268.0,61416624.29912221,16.737870144530227,0.8386837881219904,7044.444444444445
0.25,28,4712,66.0,66.0,66.0,90.0,394.0000000000001,56176.77551020408,0.16633663366336635,0.7857142857142857,4320.0
9.43,1136,165298,66.0,66.0,66.0,196.0,309.0,23056.142528144217,1.1395860569268803,0.6540492957746479,3906.680805938495
1.37,123,15916,66.0,66.0,66.0,95.0,304.0,18404.873818494285,0.2923026956804157,0.7723577235772358,2978.102189781022
0.84,61,8949,66.0,54.0,66.0,160.0,329.0,24653.814565976892,0.48580441640378547,0.6721311475409836,2428.5714285714284
5.72,914,203931,74.0,66.0,66.0,304.0,627.0,73001.2472659673,2.1829902136758808,0.5908096280087527,4772.727272727273
4.08,754,152415,74.0,66.0,66.0,311.0,458.0,40953.79285895208,2.288136690181865,0.5649867374005305,5441.176470588235
4.94,777,104291,66.0,66.0,66.0,196.0,308.0,11311.45750494013,1.1671757787336616,0.6151866151866152,5040.4858299595135
7.6,834,104958,66.0,66.0,66.0,135.0,297.0,13087.492762624432,0.7192700825579872,0.6930455635491607,3844.736842105264
8.41,795,321657,66.0,66.0,66.0,196.0,1150.6000000000013,690961.5330817611,3.1737319475261785,0.6867924528301886,2975.0297265160525
7.43,1318,937147,78.0,66.0,66.0,455.5,2962.0,1290569.7945207134,12.131929264054705,0.5804248861911988,4764.468371467026
0.35,53,5325,66.0,66.0,66.0,99.0,225.40000000000015,5072.815236739053,0.7328343638138627,0.7547169811320755,6685.714285714286
4.98,405,57971,66.0,66.0,66.0,95.0,340.6,40722.95372046944,0.5932226680591436,0.7530864197530864,2771.0843373493976
5.18,555,92858,66.0,66.0,66.0,196.0,488.20000000000016,35643.19112409707,0.7317791868705706,0.6630630630630631,3648.6486486486488
4.94,631,117669,66.0,66.0,66.0,278.0,458.0,34628.157689979686,1.7032323278733719,0.5911251980982567,3898.785425101214
3.92,273,37690,66.0,66.0,66.0,160.0,359.2000000000003,19442.494733593634,0.40304508059412575,0.706959706959707,2433.673469387755
0.59,59,8106,66.0,54.0,66.0,96.5,271.00000000000006,30471.661591496693,0.2872796569795141,0.7457627118644068,3457.627118644068
3.18,400,68292,66.0,66.0,66.0,232.0,412.0,45514.63709999999,1.1715848384634953,0.6575,4226.415094339623
9.03,801,119834,66.0,54.0,66.0,95.0,376.0,41019.434876192536,0.31993214962329825,0.7553058676654182,3182.7242524916946
7.1,1285,215023,66.0,66.0,66.0,196.0,353.2000000000023,56422.27661039531,1.6341496281958618,0.6381322957198443,5873.239436619719
3.13,494,76317,66.0,66.0,66.0,160.0,304.0,64739.57373912045,1.7459072428309286,0.645748987854251,5156.549520766773
0.49,18,1580,66.0,62.400000000000006,66.0,108.5,124.0,1247.8395061728397,0.5090735434574976,0.7222222222222222,1224.4897959183675
9.76,1459,408725,66.0,66.0,66.0,232.0,412.0,367898.5895791807,2.639646298242177,0.6223440712816998,4752.049180327869
8.47,995,145688,66.0,66.0,66.0,160.0,309.0,26702.36622913563,0.7865525402528604,0.6884422110552764,3924.439197166469
0.67,59,7317,66.0,63.60000000000001,66.0,112.0,268.0,16223.609882217752,0.37099494097807756,0.711864406779661,2955.223880597015
8.54,630,105639,66.0,54.0,66.0,124.0,462.10000000000025,51428.052176870755,0.28988497887616305,0.7301587301587301,2599.5316159250588
3.46,364,44939,66.0,54.0,66.0,95.0,234.09999999999997,23671.41863150586,0.38142079862285205,0.7582417582417582,3745.6647398843934
0.25,9,1428,66.0,63.6,66.0,148.0,426.40000000000003,24891.555555555555,0.2864864864864865,0.6666666666666666,1440.0
8.46,1354,217280,66.0,66.0,66.0,220.0,323.5000000000007,38749.75442313273,1.5703571386322501,0.6329394387001477,5134.751773049645
8.01,914,135186,66.0,66.0,66.0,160.0,310.0,27387.409089820874,0.9565802613868265,0.649890590809628,3812.7340823970035
8.39,1151,183807,66.0,66.0,66.0,232.0,321.0,41032.683526054105,1.1000994024427864,0.6159860990443093,4441.001191895113
5.65,426,52482,66.0,66.0,66.0,128.5,300.0,12986.045625867884,0.5120573914546659,0.6807511737089202,2569.9115044247783
3.18,467,78463,66.0,66.0,66.0,268.0,340.0,32999.83061043886,1.422968841676188,0.5952890792291221,4566.037735849056
5.48,767,86648,66.0,66.0,66.0,124.0,232.0,11421.450208995919,1.1862589256427725,0.6714471968709257,4894.160583941606
0.12,9,878,66.0,66.0,66.0,90.0,174.4,3111.8024691358028,0.708171206225681,0.7777777777777778,3000.0
2.41,350,48162,66.0,66.0,66.0,160.0,296.8000000000002,16648.838824489798,1.68521409455843,0.64,4929.4605809128625
2.42,238,28687,66.0,54.0,66.0,124.0,268.90000000000003,12822.83710543041,0.41016565894902424,0.726890756302521,3272.727272727273
1.31,115,16538,66.0,54.0,66.0,124.0,376.0,22042.328620037813,0.3243113388853299,0.7043478260869566,3114.5038167938933
9.32,1046,162038,66.0,54.0,66.0,160.0,340.0,43891.267598682396,0.9969682778339208,0.6759082217973231,3669.5278969957076
0.11,12,1464,95.0,66.0,66.0,196.0,196.0,3946.0,0.623059866962306,0.5,3272.727272727273
1.32,120,17394,66.0,66.0,66.0,124.0,379.6000000000003,30938.0975,0.3571038464539284,0.725,3136.363636363636
3.8,307,46473,66.0,54.0,66.0,103.0,462.4000000000012,36529.90934651826,0.3191314220834516,0.745928338762215,2826.3157894736846
0.22,9,891,66.0,63.6,66.0,106.0,160.00000000000003,4137.333333333333,0.42105263157894735,0.6666666666666666,1636.3636363636365
2.57,230,34553,66.0,66.0,66.0,124.0,412.0,27541.464291115317,0.3354332534590709,0.7260869565217392,3151.750972762646
8.42,1230,193063,66.0,66.0,66.0,162.25,312.0,42185.36520655694,1.4406533254111729,0.6365853658536585,4646.080760095012
1.62,144,19445,66.0,54.0,66.0,160.75,308.40000000000003,15614.63073881173,0.3424231964100794,0.6944444444444444,2999.9999999999995
9.67,853,114354,66.0,66.0,66.0,124.0,310.80000000000007,29281.78526378866,0.3544237830155158,0.7362250879249707,3096.17373319545
4.96,390,47664,66.0,54.0,66.0,112.0,268.0,15910.610019723865,0.41251778093883357,0.7461538461538462,2758.064516129032
8.52,842,111184,66.0,66.0,66.0,124.0,279.0,27147.08562917158,0.605707436130728,0.7114014251781473,3436.6197183098593
4.16,334,32514,66.0,66.0,66.0,95.0,196.0,3502.322492739072,0.5426294064620202,0.7604790419161677,2826.923076923077
6.24,788,133108,66.0,66.0,66.0,127.0,385.30000000000143,102705.32081475947,1.2482940341868793,0.6763959390862944,4298.076923076923
2.8,246,37338,66.0,54.0,66.0,157.0,388.0,33825.22823716042,0.3331667083229193,0.7195121951219512,3064.2857142857147
2.61,173,27497,66.0,54.0,66.0,160.0,448.0,35494.3666009556,0.309755168143279,0.7052023121387283,2275.862068965517
6.37,994,189016,66.0,66.0,66.0,297.0,448.0,45545.915007145486,1.6356182720731776,0.5905432595573441,4907.378335949764
7.81,814,116283,66.0,66.0,66.0,160.0,321.0,20389.35086387482,0.6970665499124343,0.6670761670761671,3503.2010243277855
6.93,992,160791,66.0,66.0,66.0,220.0,312.0,60093.60017133032,1.4309601923105997,0.6421370967741935,4649.350649350649
3.95,798,399171,66.0,66.0,66.0,321.0,2766.0,835395.0605979235,8.313586411255512,0.5864661654135338,6075.949367088607
8.76,956,148703,66.0,66.0,66.0,196.0,340.0,24281.454897279462,0.9690806287159522,0.606694560669456,3554.7945205479455
8.88,1212,267190,66.0,66.0,66.0,279.25,605.0,95804.43433377991,1.5002573340195573,0.6014851485148515,4229.729729729729
2.51,211,21185,66.0,54.0,66.0,93.0,196.0,6159.141034567957,0.509440684004275,0.7819905213270142,3059.7609561752993
9.0,933,131735,66.0,66.0,66.0,124.0,340.0,23745.771165402435,0.7235356455981056,0.7106109324758842,3606.666666666667
5.26,603,99141,66.0,59.60000000000002,66.0,139.5,517.6000000000008,46586.421524219695,1.0142831020540848,0.6865671641791045,3969.58174904943
4.09,358,45064,66.0,54.0,66.0,112.0,268.0,21549.616179270313,0.36177928200169224,0.7430167597765364,3080.684596577017
7.68,644,91723,66.0,66.0,66.0,124.0,340.0,40795.663928378526,0.3359793754369611,0.7204968944099379,2906.25
6.49,705,111316,66.0,66.0,66.0,135.0,350.2000000000003,51827.35352145264,0.8507323723543984,0.7219858156028369,3790.446841294299
6.62,717,118468,66.0,66.0,66.0,199.0,448.0,29922.683325260794,0.98531974795549,0.6499302649930265,3543.8066465256798
5.76,457,66892,66.0,54.0,66.0,124.0,376.0,25764.12420456885,0.37742725943619626,0.7155361050328227,2666.6666666666665
4.15,280,44162,66.0,54.0,66.0,124.0,379.5999999999998,40281.64382653061,0.29788984893904663,0.7178571428571429,2327.710843373494
2.86,190,22973,66.0,66.0,66.0,124.0,271.5999999999998,17876.765678670356,0.36104034599206114,0.7315789473684211,2328.671328671329
9.89,1026,187534,66.0,66.0,66.0,232.0,442.0,53273.57611648788,1.3188990008902959,0.6247563352826511,3276.036400404449
8.4,805,101265,66.0,66.0,66.0,148.0,290.4000000000001,12915.606434936923,0.6738569870078349,0.6894409937888198,3328.5714285714284
3.0,186,22319,66.0,54.0,66.0,112.0,258.5,12849.360186148688,0.422679755226925,0.7311827956989247,1980.0
8.91,908,148095,66.0,66.0,66.0,196.0,397.0,37399.02629951096,0.9527551787338968,0.6541850220264317,3367.003367003367
3.81,287,35201,66.0,66.0,66.0,124.0,241.60000000000082,13748.24793308162,0.3717703908655158,0.7212543554006968,2566.9291338582675
4.08,285,36713,66.0,54.0,66.0,95.0,354.39999999999986,21544.135130809478,0.3620612896045114,0.7543859649122807,2544.1176470588234
1.23,105,13044,66.0,66.0,66.0,103.0,267.6,15888.576326530612,0.36586387434554973,0.7428571428571429,3121.951219512195
1.61,99,16733,66.0,63.60000000000001,66.0,196.0,448.0,36236.989490868276,0.26506388447871776,0.6868686868686869,2049.6894409937886
4.21,506,69727,66.0,66.0,66.0,124.0,246.5,32920.21905122716,1.0645782133657062,0.6778656126482213,3890.736342042755
0.64,147,15898,66.0,61.20000000000002,66.0,124.0,124.0,8657.066037299275,1.3441462695370097,0.5782312925170068,7500.0
7.78,1101,134697,66.0,66.0,66.0,124.0,279.0,9750.535218169263,1.0452329977679589,0.6430517711171662,4742.930591259639
4.85,292,45832,66.0,54.0,66.0,124.0,448.0,33582.47091386751,0.3043057571359458,0.7328767123287672,2115.4639175257735
9.51,969,149812,66.0,66.0,66.0,160.0,385.4000000000003,34792.897438764754,0.6929631261936242,0.6862745098039216,3394.3217665615143
5.88,750,118795,66.0,54.0,66.0,162.5,340.0,54758.10262222223,0.9158320834744464,0.6266666666666667,4000.0
7.76,1254,213113,66.0,66.0,66.0,232.0,322.0,29823.388692388504,2.0467347172185053,0.5869218500797448,5141.7525773195875
3.93,731,135725,90.0,66.0,66.0,279.0,412.0,21296.9268752772,2.493475071426733,0.5280437756497948,5251.908396946565
6.93,1073,155893,66.0,66.0,66.0,160.0,332.0,16988.974454738833,1.2711684149184148,0.6039142590866728,4865.800865800866
1.01,89,7334,66.0,54.0,66.0,66.0,114.40000000000003,2507.2071708117664,0.24600747536527354,0.8764044943820225,4217.821782178218
1.0,79,9327,66.0,66.0,66.0,107.0,268.0,11602.920044864606,0.35981921562910046,0.7468354430379747,2820.0
8.84,1162,182523,66.0,66.0,66.0,232.0,310.0,19863.456267904174,1.2501479362887717,0.5886402753872634,4153.846153846153
0.57,36,4314,66.0,54.0,66.0,133.0,226.0,10761.416666666664,0.44377510040160645,0.6944444444444444,2210.5263157894738
8.15,1067,167730,66.0,66.0,66.0,184.0,376.0,31963.234559139353,1.1685391805758465,0.647610121836926,4380.368098159509
8.88,1542,246639,66.0,66.0,66.0,232.0,309.0,33542.135372980665,1.4532650320783806,0.6160830090791181,5560.81081081081
5.0,389,47035,66.0,54.0,66.0,118.0,268.0,15325.437090688007,0.43640250419911436,0.7275064267352185,2676.0
5.18,635,90759,66.0,66.0,66.0,125.5,376.0,21830.486090892184,1.0192898144439995,0.6992125984251969,4250.9652509652515
3.76,515,85782,66.0,66.0,66.0,268.0,443.20000000000016,26498.78143463097,1.3011427651698053,0.6427184466019418,4611.702127659575
4.84,661,155237,66.0,66.0,66.0,208.0,556.0,182034.98255748753,1.1167623437009968,0.6565809379727685,4500.0
8.78,652,111059,66.0,54.0,66.0,190.75,448.0,47762.15251561972,0.2764375280149873,0.6763803680981595,2466.9703872437362
8.51,798,114391,66.0,66.0,66.0,160.0,310.0,24967.432140815694,0.847220876530052,0.6779448621553885,3003.5252643948293
6.64,616,82001,66.0,66.0,66.0,151.0,304.0,19542.253813353855,0.8566964791124193,0.6672077922077922,3126.5060240963858
8.87,664,86824,66.0,54.0,66.0,124.75,306.10000000000014,17200.691936420382,0.37041479891407286,0.7063253012048193,2563.69785794814
6.97,522,67399,66.0,54.0,66.0,124.0,268.0,43620.333087447325,0.34946441085193714,0.7222222222222222,2659.971305595409
7.97,758,116258,66.0,66.0,66.0,196.0,376.0,32443.888645999403,0.8556447622543933,0.6728232189973615,3124.215809284818
1.33,124,15524,66.0,54.0,66.0,124.75,232.0,15248.73673257024,0.33781454670803174,0.6935483870967742,3203.0075187969924
5.82,572,71315,66.0,54.0,66.0,151.0,292.0,10681.138402244607,1.125379984502593,0.6608391608391608,3360.824742268041
4.16,344,44126,66.0,57.60000000000005,66.0,124.0,304.0,15331.204401027584,0.3745132853627387,0.7209302325581395,2841.346153846154
9.46,1011,154385,66.0,66.0,66.0,160.0,376.0,29207.448231667284,0.8432489224781212,0.6577645895153313,3665.9619450317123
5.73,462,55692,66.0,55.20000000000002,66.0,124.0,270.7000000000001,13395.745769382134,0.42573344938815216,0.7186147186147186,2816.7539267015704
7.76,934,166287,66.0,66.0,66.0,160.0,376.0,108653.09816749125,1.5656031104391026,0.6552462526766595,3920.1030927835054
1.46,116,21488,66.0,66.0,66.0,295.75,465.5,29174.527942925095,0.2303464070999141,0.5775862068965517,2506.8493150684935
5.07,616,124681,74.0,66.0,66.0,309.25,500.0,39748.01030686034,1.7309983791124546,0.5616883116883117,3585.798816568047
1.7,88,14857,66.0,66.0,66.0,196.0,419.19999999999993,28687.57321797521,0.39764816556914395,0.6136363636363636,1658.8235294117649
8.58,889,130006,66.0,54.0,66.0,160.0,376.0,23097.418947490958,0.9730164511625083,0.6782902137232846,3482.5174825174827
2.56,211,28967,66.0,66.0,66.0,124.0,340.0,19220.194020799172,0.37656227724183816,0.7156398104265402,2906.25
5.58,441,64319,66.0,66.0,66.0,124.0,304.0,55759.41229220335,0.2914424544213316,0.7301587301587301,2795.6989247311826
7.12,859,116299,66.0,66.0,66.0,124.0,304.4000000000001,26260.18408930437,0.8861030473070498,0.7008149010477299,4078.6516853932585
3.22,477,62633,66.0,66.0,66.0,160.0,304.0,18065.876965134114,1.2852920786660342,0.6436058700209644,4900.621118012422
8.07,1013,142027,66.0,66.0,66.0,184.0,302.6000000000005,16924.476506306466,1.2843838965467325,0.6475814412635735,4171.003717472118
9.45,2129,1908642,66.0,66.0,66.0,90.0,340.0,31802593.30400665,12.032187141530562,0.7660873649600751,8419.047619047618
9.33,879,158452,66.0,66.0,66.0,124.0,376.0,114831.08619656478,0.8135536963065548,0.7155858930602957,3279.7427652733118
1.54,132,12966,66.0,55.20000000000002,66.0,95.0,160.0,5113.342286501376,0.5691637419823309,0.7575757575757576,3233.7662337662337
3.38,284,30249,66.0,54.0,66.0,115.0,232.0,6229.038620809362,0.4504435387197315,0.7359154929577465,2928.994082840237
2.99,535,68707,66.0,66.0,66.0,160.0,309.0,11943.238661891872,1.4524200456881782,0.6467289719626168,6040.133779264214
3.85,299,37385,66.0,66.0,66.0,124.0,340.0,13140.908580440933,0.3894670333754553,0.725752508361204,2805.194805194805
0.98,73,10256,66.0,66.0,66.0,160.0,287.19999999999993,16925.45543253894,0.34770039421813403,0.6438356164383562,2448.979591836735
2.34,406,61346,66.0,66.0,66.0,171.25,352.0,25653.502608653456,1.192259586177322,0.6576354679802956,5820.51282051282
5.13,553,78425,66.0,66.0,66.0,160.0,310.0,29494.61944547086,1.1189073813898196,0.6708860759493671,3461.9883040935674
9.46,758,132334,66.0,54.0,66.0,124.0,364.0,125359.83412117709,0.7657953377900538,0.7216358839050132,2708.245243128964
1.82,150,22446,66.0,54.0,66.0,99.0,304.29999999999995,87810.8570666667,0.726748211400877,0.76,2736.263736263736
6.39,1020,193704,66.0,57.60000000000002,66.0,226.0,403.0,104710.04996539792,1.630132522268086,0.6235294117647059,4967.136150234742
8.98,1005,152033,66.0,54.0,66.0,124.0,340.0,46189.45184129106,0.8028554826927866,0.7223880597014926,3895.32293986637
5.66,469,56250,66.0,54.0,66.0,95.0,268.0,14989.624906233379,0.4101632028880142,0.7590618336886994,2978.798586572438
8.27,1003,165549,66.0,54.0,66.0,160.0,484.0,41848.395905006815,0.7447698744769874,0.6849451645064806,3954.050785973398
3.4,773,117504,66.0,66.0,66.0,184.0,389.0,21261.38411022729,2.030718836243584,0.6326002587322122,7535.2941176470595
8.28,1105,159212,66.0,54.0,66.0,124.0,304.0,77595.69623553981,1.0956944097089678,0.7131221719457014,4739.130434782609
5.72,861,126547,66.0,66.0,66.0,148.0,304.0,58919.17019213,1.1144026733500418,0.6689895470383276,5024.475524475525
0.21,40,20757,70.0,64.80000000000001,66.0,108.25,2572.0,896215.7693749999,11.2677304964539,0.75,5714.285714285714
4.53,507,153138,74.0,66.0,66.0,160.0,904.4000000000235,375111.4770491229,3.2901806975766914,0.6923076923076923,3284.76821192053
3.16,317,36291,66.0,54.0,66.0,95.0,255.40000000000072,12442.438973419976,0.4009264620729589,0.7823343848580442,3645.5696202531644
3.6,461,62308,66.0,54.0,66.0,124.0,311.0,20813.812235026187,0.7689577832666156,0.720173535791757,4583.333333333333
8.99,1554,288133,66.0,66.0,66.0,196.0,412.0,101173.45491975704,1.5382365636864963,0.6402831402831403,5679.64404894327
3.66,319,49457,66.0,54.0,66.0,112.0,412.0,35418.738396831795,0.2786524987719434,0.7429467084639498,3081.967213114754
4.53,800,117808,66.0,66.0,66.0,160.0,310.0,33927.5374,1.3734864510929787,0.66875,5867.549668874172
4.72,866,119809,66.0,66.0,66.0,160.0,297.0,22180.600900586167,1.6219853810128244,0.6581986143187067,6050.847457627119
0.69,70,6381,66.0,54.0,66.0,90.0,196.0,3051.9324489795913,0.5643540083353763,0.7857142857142857,4173.913043478261
4.05,629,79532,66.0,54.0,66.0,124.0,268.0,26825.563007878354,1.2879005810942983,0.6868044515103339,5422.222222222223
6.97,832,101622,66.0,54.0,66.0,124.0,298.0,23423.87651973927,0.932050648313624,0.7163461538461539,4140.602582496414
4.02,823,140821,74.0,66.0,66.0,261.0,310.0,28824.756489091713,2.3071322890491066,0.5625759416767923,5820.89552238806
7.06,963,140725,66.0,66.0,66.0,160.0,309.0,23728.197561057135,1.235752982857506,0.6490134994807892,4580.736543909349
6.6,602,78413,66.0,66.0,66.0,124.0,304.0,17695.179592388606,0.6540733240518077,0.7009966777408638,2981.818181818182
9.49,1142,158957,66.0,66.0,66.0,127.0,340.0,18800.50875886775,0.8951880201254262,0.6751313485113836,4103.266596417281
6.47,674,113623,66.0,66.0,66.0,124.0,268.0,140151.73319523814,1.2072576101948442,0.7225519287833828,3579.5981452859355
0.51,33,2974,66.0,54.0,66.0,74.0,157.60000000000002,4251.803489439853,0.5660874144286466,0.8484848484848485,2705.882352941176
5.72,518,68131,66.0,54.0,66.0,110.25,304.0,47515.15274444329,0.6007847559972745,0.7451737451737451,3230.769230769231
9.45,1180,203263,66.0,66.0,66.0,196.0,457.0,44849.87389471416,1.209668652432926,0.6550847457627119,4057.1428571428573
1.13,237,33779,66.0,54.0,66.0,148.0,335.80000000000007,21385.675408143285,1.5777625152625152,0.6624472573839663,7380.5309734513285
1.66,112,11032,66.0,54.0,66.0,95.0,192.4000000000002,4056.625,0.5166345889469343,0.7678571428571429,2313.253012048193
3.06,248,28744,66.0,66.0,66.0,124.0,271.3000000000001,8349.700312174818,0.46086602968082946,0.7258064516129032,2803.9215686274506
0.0,1,160,160.0,160.0,160.0,160.0,160.0,0.0,0.0,0.0,0
6.35,711,97624,66.0,54.0,66.0,124.0,308.0,23020.524290781195,0.7470918787358173,0.7032348804500703,3874.0157480314965
6.45,529,59119,66.0,54.0,66.0,95.0,268.0,9155.915959419814,0.4991124860533523,0.7542533081285444,2967.4418604651164
8.53,1032,137796,66.0,66.0,66.0,124.0,298.0,36196.65255994231,1.132371829591,0.7257751937984496,4368.112543962486
6.61,989,192857,66.0,66.0,66.0,268.0,458.0,74935.29827700254,1.6167132506580555,0.6501516683518705,4901.664145234493
7.15,1324,220433,66.0,66.0,66.0,235.5,390.9000000000008,38357.666822021514,1.4387148878735245,0.6163141993957704,5890.909090909091
3.51,808,462838,74.0,66.0,66.0,321.0,2962.0,975472.1554688265,9.614089804155391,0.5779702970297029,6820.512820512821
2.47,208,30430,66.0,54.0,66.0,120.25,210.20000000000016,103955.42076553256,0.9749480789200415,0.7403846153846154,2963.562753036437
2.21,228,37034,66.0,66.0,66.0,124.0,340.90000000000003,91382.4906894429,0.54960458596594,0.7149122807017544,3203.619909502262
9.86,1915,321611,66.0,66.0,66.0,271.0,340.0,48786.3377523877,1.7916652199576404,0.612532637075718,6073.022312373225
5.94,559,61501,66.0,54.0,66.0,121.5,232.0,9002.917322973239,0.7062283257039811,0.7352415026833632,3272.7272727272725
0.35,24,3174,74.0,66.0,66.0,160.0,293.2,11644.354166666666,0.7203252032520325,0.6666666666666666,1714.2857142857144
0.18,17,1265,66.0,54.0,66.0,66.0,85.8,1071.5363321799307,0.8333333333333334,0.9411764705882353,4333.333333333333
5.09,590,78382,66.0,54.0,66.0,95.0,376.0,25035.069278942832,0.7926539200439118,0.7559322033898305,4243.614931237721
9.46,1290,169388,66.0,54.0,66.0,124.0,309.0,14885.10171023376,1.1916751847011786,0.6713178294573643,4636.363636363636
1.1,164,30095,66.0,54.0,66.0,103.0,220.0,186336.6036213563,1.4545306255607209,0.7439024390243902,4909.090909090909
5.36,506,74804,66.0,66.0,66.0,196.0,340.0,16051.027777343812,1.1223401237019803,0.5889328063241107,2988.805970149254
1.4,227,41671,66.0,66.0,66.0,302.5,476.80000000000007,28169.20506899027,2.522485207100592,0.5638766519823789,5100.000000000001
4.83,428,53871,66.0,66.0,66.0,124.0,304.0,15299.736936632018,0.43859321173925814,0.7383177570093458,3080.745341614907
6.38,1129,194139,66.0,66.0,66.0,232.0,320.20000000000005,44184.43655743068,1.5612005277044856,0.6111603188662533,5670.846394984326
0.24,25,2760,74.0,66.0,66.0,124.0,227.20000000000002,5929.280000000002,0.5350389321468298,0.72,3000.0
2.47,332,47075,66.0,54.400000000000006,66.0,196.0,304.0,20466.839336260702,1.4729459970582055,0.6807228915662651,4761.133603238866
5.35,433,61088,66.0,54.0,66.0,121.0,376.0,26198.864136029315,0.339414137870549,0.7367205542725174,2747.6635514018694
8.59,1168,161239,66.0,66.0,66.0,178.0,310.0,17597.572268923577,1.039683242463726,0.6498287671232876,4484.284051222352
1.52,325,43673,66.0,66.0,66.0,124.0,308.0,13456.185997633134,1.3357043534067814,0.6369230769230769,7263.1578947368425
2.65,208,23905,66.0,54.0,66.0,124.0,268.0,8605.932299371301,0.49070840608630584,0.7211538461538461,2694.3396226415093
3.77,497,98281,66.0,66.0,66.0,148.0,376.0,177392.43372508694,1.762487000028108,0.676056338028169,4472.148541114058
7.99,1051,178238,66.0,66.0,66.0,160.0,352.0,55898.329621284065,1.5303879952867019,0.6574690770694577,4302.878598247809
8.21,1230,187364,66.0,66.0,66.0,160.0,340.0,28304.768539890272,0.9537638557232088,0.6357723577235772,4903.775883069427
6.48,774,110088,66.0,66.0,66.0,148.0,321.0,30234.10095547143,1.0660998817634142,0.6795865633074936,4175.925925925925
2.67,222,34304,66.0,54.0,66.0,124.0,376.0,36916.01525850174,0.3646272575383881,0.7252252252252253,2921.3483146067415
4.25,476,83904,66.0,66.0,66.0,160.0,412.0,52460.52852905869,0.763874873864783,0.6617647058823529,3487.0588235294117
7.89,907,142887,66.0,54.0,66.0,124.0,308.0,99479.67082437343,1.234320026270113,0.7034178610804851,4091.2547528517107
0.99,82,11884,66.0,55.199999999999996,66.0,229.0,374.80000000000007,18041.750743604996,0.5257414302221081,0.7073170731707317,2848.4848484848485
1.41,130,14978,66.0,54.0,66.0,90.0,232.0,16405.5074556213,0.3978534764349043,0.7769230769230769,3617.021276595745
0.1,10,1212,70.0,66.0,66.0,86.0,249.99999999999994,11750.56,0.8878504672897196,0.8,3000.0
3.83,719,116336,66.0,66.0,66.0,197.5,322.0,31253.9192705059,1.318882178237557,0.6411682892906815,6313.315926892949
0.64,63,7792,66.0,66.0,66.0,118.0,307.20000000000005,11986.756361803979,0.36869840154575795,0.7301587301587301,3375.0
4.65,526,75321,66.0,66.0,66.0,143.5,321.0,24094.127054749963,1.2422302929268874,0.6958174904942965,3793.548387096774
2.82,282,32978,66.0,66.0,66.0,97.25,290.70000000000005,10041.6634475127,0.4949229374433364,0.75177304964539,3617.021276595745
6.8,643,95115,66.0,54.0,66.0,124.0,376.0,32917.644270514626,0.382545750541448,0.7262830482115086,3291.1764705882356
8.27,1320,238575,66.0,66.0,66.0,267.25,431.5000000000007,50127.76881026171,1.271472232007693,0.6303030303030303,5114.8730350665055
7.53,1296,240661,66.0,66.0,66.0,196.0,313.0,113877.7674462496,1.9389043571707698,0.6103395061728395,5370.517928286853
2.29,560,86304,66.0,54.0,66.0,220.0,340.0,20684.933367346937,1.9387087986924543,0.6196428571428572,8200.873362445414
1.04,85,7794,66.0,66.0,66.0,95.0,149.20000000000022,2821.129965397924,0.7962664208342937,0.7647058823529411,3057.6923076923076
3.76,485,66795,66.0,66.0,66.0,160.0,304.0,24918.980252949303,1.2549880152594444,0.6659793814432989,4340.425531914894
6.07,754,96939,66.0,66.0,66.0,148.0,316.3000000000004,12285.723056167282,0.9335593896479505,0.6750663129973474,4240.527182866556
2.74,257,30316,66.0,66.0,66.0,124.0,268.0,13586.340898423898,0.46567395087990715,0.708171206225681,3197.080291970803
0.59,57,5195,66.0,54.0,66.0,90.0,161.2,3373.699599876885,0.5031828703703703,0.8245614035087719,3457.627118644068
6.5,943,114731,66.0,66.0,66.0,124.0,278.0,12470.599975934749,1.0694251546689273,0.6702014846235419,5049.2307692307695
5.81,447,54049,66.0,54.0,66.0,124.0,307.80000000000007,13544.753399496522,0.42914936936460507,0.7293064876957495,2643.7177280550777
9.76,1356,199192,66.0,66.0,66.0,148.75,376.0,24610.259252007898,0.9945528097088157,0.6541297935103245,4653.688524590164
5.48,782,116599,66.0,54.0,66.0,126.25,361.8999999999995,31018.54297950694,0.8620386783564093,0.7084398976982097,5080.291970802919
7.4,659,106452,66.0,66.0,66.0,124.0,340.0,89915.3018391318,0.6035308649414033,0.7298937784522003,3032.4324324324325
1.82,123,15071,66.0,54.0,66.0,124.0,232.0,19225.907726882146,0.37133757961783437,0.7073170731707317,2241.7582417582416
5.09,638,85869,66.0,66.0,66.0,160.0,309.0,15945.179039612423,1.2872173241349918,0.6630094043887147,4243.614931237721
3.01,483,73804,66.0,66.0,66.0,196.0,308.0,27999.309140165205,1.3995058196241628,0.6045548654244306,5142.857142857143
6.47,551,71812,66.0,54.0,66.0,124.0,322.0,23070.674925313157,0.3929472009931334,0.7368421052631579,3004.6367851622877
6.51,1027,140067,66.0,66.0,66.0,160.0,310.0,16959.083813946523,1.561482754837058,0.6582278481012658,5244.239631336405
7.94,782,92405,66.0,54.0,66.0,124.0,255.0999999999998,23309.43186694226,0.7451039640422277,0.7263427109974424,3506.2972292191434
8.39,722,91747,66.0,54.0,66.0,124.0,304.0,16119.55555321092,0.6796096953719977,0.721606648199446,3067.938021454112
7.09,1373,217019,66.0,66.0,66.0,160.0,309.0,71502.5897580484,1.8369238411461737,0.6285506190823015,6169.252468265162
0.35,25,2989,66.0,58.800000000000004,66.0,124.0,188.80000000000015,13594.966400000001,0.9638633377135348,0.68,2400.0000000000005
2.25,498,72906,66.0,66.0,66.0,160.0,292.0,22769.52866889244,1.768827617637006,0.5903614457831325,6746.666666666667
6.03,3867,5081151,160.0,66.0,66.0,2962.0,2962.0,2030960.6669362993,35.495704825248154,0.47271786914921127,14228.855721393034
2.42,351,213252,66.0,66.0,66.0,305.5,2946.0,1070142.8338081671,9.61272021498955,0.6438746438746439,4512.396694214876
5.54,871,187902,66.0,66.0,66.0,232.0,405.0,142707.50072827595,2.8480851935285685,0.6371986222732492,4927.7978339350175
0.2,39,3440,66.0,66.0,66.0,74.0,167.2000000000001,2472.3681788297176,0.44903117101937656,0.8461538461538461,6900.0
6.3,766,98464,66.0,54.0,66.0,124.0,307.5,17226.141094424256,0.7786127167630058,0.7245430809399478,4352.380952380952
8.59,788,124253,66.0,66.0,66.0,125.5,416.500000000001,46054.64346382283,0.4129614046259865,0.7093908629441624,3087.310826542491
6.4,473,66359,66.0,54.0,66.0,115.0,340.0,29906.44429644794,0.34963797591929713,0.7315010570824524,2475.0
6.54,679,79841,66.0,66.0,66.0,124.0,236.8000000000011,15775.297069024231,1.1687673167816592,0.7142857142857143,3422.0183486238534
0.14,14,1788,74.0,66.0,66.0,115.5,296.8000000000002,11611.91836734694,0.5935828877005348,0.7142857142857143,2142.8571428571427
0.37,44,4039,66.0,54.0,66.0,90.0,149.2000000000001,4488.708161157025,0.7006315789473684,0.8181818181818182,4702.7027027027025
3.24,250,34035,66.0,54.0,66.0,122.5,376.0,20257.6484,0.37215771649733914,0.728,2629.629629629629
4.15,697,127842,66.0,54.0,66.0,124.0,399.0,116593.94764197452,1.3681022506251737,0.6571018651362984,5609.638554216867
7.92,1704,259388,66.0,66.0,66.0,232.0,361.0,19628.966700830963,1.5811035374894273,0.6244131455399061,6962.121212121212
0.61,50,4362,66.0,54.0,66.0,83.0,163.00000000000006,2457.9824000000003,0.7454981992797118,0.84,2950.819672131148
6.38,1034,147879,66.0,66.0,66.0,196.0,328.0,19774.98715715948,1.1342656737097332,0.6779497098646035,5473.354231974921
1.96,184,20687,66.0,54.0,66.0,78.0,284.8000000000004,14158.429790879016,0.473957962237264,0.842391304347826,3581.632653061225
4.46,505,70023,66.0,66.0,66.0,90.0,355.6000000000005,34580.291916478775,0.33836009174311926,0.7881188118811882,4170.403587443946
2.66,454,82700,66.0,66.0,66.0,124.0,340.0,84035.43299889383,2.3857365102759354,0.6696035242290749,5774.436090225564
7.41,870,105610,66.0,54.0,66.0,112.0,304.0,12019.92773153653,0.8382941688424718,0.7425287356321839,4186.234817813765
9.73,1063,159481,66.0,66.0,66.0,131.5,376.0,31313.247503250095,0.5996730059380517,0.6999059266227657,3669.0647482014383
2.21,548,205603,66.0,66.0,66.0,232.0,637.0000000000011,532855.7365702754,6.160125370015671,0.6441605839416058,7737.556561085972
6.31,1561,584746,66.0,66.0,66.0,298.0,520.0,564215.2924704963,2.89301217011531,0.57847533632287,7464.342313787639
5.62,782,103382,66.0,66.0,66.0,124.0,309.0,31263.36838456054,0.8996012715212318,0.7135549872122762,4911.032028469751
8.48,1236,201799,66.0,54.0,66.0,177.25,412.0,37953.00838059405,1.0642076083509784,0.6828478964401294,4832.547169811321
8.78,1312,190848,66.0,66.0,66.0,124.0,340.0,32226.2623810232,0.7548757275661361,0.7073170731707317,5118.451025056948
4.17,781,158427,66.0,66.0,66.0,232.0,520.0,70443.90367580878,1.3111834043298127,0.647887323943662,6071.9424460431665
8.24,828,107377,66.0,54.0,66.0,95.0,304.0,21239.31577603912,0.499218117338248,0.7596618357487923,3487.864077669903
4.49,597,100072,66.0,66.0,66.0,188.0,439.5999999999998,44918.552685257666,1.101469970600588,0.6716917922948074,4262.806236080178
8.99,1218,158288,66.0,66.0,66.0,124.0,304.0,20394.397192091263,0.7344729344729345,0.7208538587848933,4758.620689655172
8.5,1032,150911,66.0,55.2000000000001,66.0,124.0,319.89999999999975,40737.457025381584,0.876885765810584,0.7383720930232558,4291.764705882353
6.85,719,112981,66.0,54.0,66.0,90.0,404.00000000000045,49713.60590063854,0.2985724794262333,0.7691237830319889,3757.6642335766423
3.79,704,116584,66.0,55.19999999999999,66.0,166.0,376.0,54769.56056301652,0.9700897308075773,0.6775568181818182,6300.7915567282325
1.26,188,22896,66.0,62.39999999999999,66.0,148.0,282.90000000000015,16207.305794477135,0.7980210460185331,0.723404255319149,5523.809523809524
7.92,1143,178172,66.0,54.0,66.0,189.5,334.0,35191.660383222,0.6418356063398452,0.6920384951881015,4901.515151515151
9.24,1479,294878,66.0,54.0,66.0,169.5,457.0,110452.50657914889,0.8586934597347587,0.6842461122379987,5409.090909090909
2.62,596,108932,66.0,66.0,66.0,278.0,467.0,34085.87074906536,1.8811129625221508,0.6157718120805369,7236.641221374046
5.76,782,92002,66.0,54.0,66.0,116.5,268.0,11141.966745377124,0.8078245662297853,0.7301790281329923,4864.583333333333
3.03,383,67295,66.0,54.0,66.0,95.0,460.00000000000017,79686.15577173475,0.26832899845452146,0.7780678851174935,4455.445544554455
6.05,583,131078,66.0,54.0,66.0,97.0,589.6000000000008,192791.74418707285,0.5066263606165446,0.7632933104631218,3361.9834710743803
2.24,328,52752,66.0,66.0,66.0,124.0,310.0,78222.97694824506,1.5809481872890063,0.7164634146341463,4982.142857142857
7.24,848,114954,66.0,66.0,66.0,124.0,340.0,21628.520108357065,0.6142957449796377,0.7193396226415094,4127.07182320442
9.97,1202,165714,66.0,54.0,66.0,124.0,313.0,26120.575845581818,0.6900451796477415,0.7362728785357737,4326.980942828485
7.28,1018,135666,66.0,54.0,66.0,124.0,310.0,22576.91878601673,0.744025504891437,0.7170923379174853,4978.021978021978
9.28,1499,216911,66.0,54.0,66.0,124.0,312.0,30255.33321435994,0.9178521852149848,0.6971314209472982,5521.551724137932
2.02,493,98923,66.0,66.0,66.0,278.0,467.0,65150.5180107715,2.2541530971413533,0.6247464503042597,7544.5544554455455
7.0,1141,167074,66.0,54.0,66.0,160.0,376.0,23840.7285581401,1.0078113733596117,0.6809815950920245,5468.571428571428
4.84,923,151893,66.0,66.0,66.0,160.0,340.0,67956.46902969615,0.9124801692226335,0.6738894907908992,6446.280991735537
7.87,1261,245308,66.0,66.0,66.0,238.0,412.0,87282.45499556322,0.673143948436381,0.6574147501982553,5207.115628970774
4.63,505,68659,66.0,54.0,66.0,124.0,371.2000000000003,20183.47747867856,0.5528089379410168,0.7148514851485148,3809.9352051835854
9.16,932,144970,66.0,54.0,66.0,95.0,410.7999999999997,53996.73489565105,0.3363260941705689,0.7650214592274678,3582.9694323144104
0.62,55,7799,66.0,54.0,66.0,90.0,376.0,30773.905454545456,0.3711322081575246,0.8181818181818182,3290.3225806451615
8.92,1234,190129,66.0,66.0,66.0,124.0,340.0,51315.283623246265,0.9186538170442504,0.7025931928687196,4681.614349775785
6.6,783,118404,66.0,54.0,66.0,103.0,411.80000000000007,39148.78883163782,0.5765758568347048,0.7471264367816092,4254.545454545455
0.22,16,1275,66.0,54.0,63.0,66.0,98.5,2662.96484375,0.5,0.875,3818.1818181818185
8.91,1329,301629,66.0,54.0,66.0,160.0,484.0,226032.43175761407,1.8529581461338378,0.6975169300225733,4969.69696969697
8.74,1308,203316,66.0,54.0,66.0,160.0,439.0,33591.738798642094,1.2073892320887663,0.7048929663608563,5176.201372997712
9.89,1160,160157,66.0,54.0,66.0,95.0,313.2000000000003,40642.24473171819,0.5943158628241502,0.7637931034482759,4295.247724974722
0.51,53,9037,66.0,66.0,66.0,115.0,568.0000000000002,44885.23104307583,0.2376061353053958,0.7358490566037735,3647.0588235294117
0.18,20,3904,95.0,64.8,66.0,160.0,725.2,55035.75999999997,0.19461444308445533,0.5,3333.3333333333335
0.72,71,8429,66.0,54.0,66.0,78.5,135.0,26744.174171791314,0.4379051518253156,0.8591549295774648,3583.3333333333335
7.0,1418,183563,66.0,62.400000000000205,66.0,160.0,279.0,13887.174357594578,1.4445731788520442,0.6339915373765868,6660.0
4.29,578,72508,66.0,54.0,66.0,124.0,313.0,14097.928784377582,1.175392277459422,0.7283737024221453,4867.132867132867
0.94,115,10672,66.0,66.0,66.0,95.0,135.0,4402.699130434782,0.6769327467001885,0.782608695652174,4085.1063829787236
7.81,772,104922,66.0,66.0,66.0,90.0,340.0,30552.33892856184,0.36267646791433433,0.7797927461139896,3633.8028169014087
8.58,1148,162794,66.0,54.0,66.0,124.0,340.0,30380.934729692,1.277221351835273,0.7247386759581882,4727.272727272728
5.57,730,86359,66.0,54.0,66.0,93.75,257.0000000000002,16551.70863013699,0.5586579070858751,0.7698630136986301,4804.308797127468
7.07,774,94451,66.0,54.0,66.0,90.0,270.10000000000014,23520.615396043242,0.3777806952285093,0.7868217054263565,4056.577086280057
2.08,230,27352,66.0,54.0,66.0,90.0,268.0,19869.78517958412,0.416468151216986,0.8,4038.4615384615386
4.63,510,61349,66.0,54.0,66.0,90.0,280.3000000000003,15743.504840445983,0.4110679209697081,0.788235294117647,4004.319654427646
5.18,593,73755,66.0,54.0,66.0,90.0,268.0,24113.97831360248,0.4170028818443804,0.7790893760539629,4227.799227799228
4.81,496,68864,66.0,54.0,66.0,90.0,340.0,32473.760275754423,0.3552170661628685,0.7741935483870968,3841.995841995842
1.36,141,18928,66.0,66.0,66.0,103.0,376.0,21144.15461998893,0.3676300578034682,0.7446808510638298,3705.882352941176
8.53,1425,189422,66.0,66.0,66.0,148.0,300.60000000000014,23704.92881058787,0.9569601421575717,0.6764912280701755,5655.334114888628
9.8,1234,186374,66.0,66.0,66.0,124.0,304.0,67713.93898168846,0.8103175296985945,0.713128038897893,4206.122448979591
7.27,939,131433,66.0,54.0,66.0,124.0,313.0,28731.8554032398,0.9852128205902788,0.7220447284345048,4514.442916093535
1.06,162,20471,66.0,54.0,66.0,152.5,268.0,13807.182174973328,1.0222266126642299,0.7160493827160493,5150.943396226415
6.24,627,92278,66.0,54.0,66.0,95.0,340.0,44009.55351042533,0.3371103994899512,0.7575757575757576,3576.9230769230767
8.75,1181,167975,66.0,66.0,66.0,160.0,313.0,25064.299655639927,0.9113697913110762,0.6968670618120237,4587.428571428572
6.8,928,110500,66.0,62.400000000000034,66.0,124.0,281.0,14555.740320303212,0.6226376305085244,0.7370689655172413,4985.2941176470595
4.83,530,71869,66.0,66.0,66.0,90.0,340.0,33652.66603417586,0.33523455643288436,0.7981132075471699,4049.6894409937886
6.97,943,130159,66.0,54.0,66.0,95.0,337.6000000000008,31877.595267467277,0.735175705220498,0.76033934252386,4837.876614060258
1.49,155,19308,66.0,58.800000000000004,66.0,90.0,303.99999999999966,21391.858314255984,0.3283797729618163,0.7741935483870968,3825.503355704698
1.33,110,13425,66.0,54.0,66.0,99.75,239.20000000000027,16977.152479338845,0.4660915146882167,0.7454545454545455,3022.5563909774432
9.28,3519,4050143,78.0,66.0,66.0,2962.0,2962.0,1977012.536369892,27.11135172653132,0.5311167945439045,9543.103448275864
8.57,1708,604629,66.0,66.0,66.0,278.0,710.7999999999984,492835.43617958465,5.152419231747647,0.6358313817330211,6133.022170361726
7.68,1011,128096,66.0,66.0,66.0,124.0,311.0,15185.49691866227,0.8321152223350544,0.6923837784371909,4500.0
6.88,1528,229635,66.0,66.0,66.0,184.0,312.0,41157.26777594843,1.9751247003951544,0.6276178010471204,7186.046511627907
6.1,855,120082,66.0,66.0,66.0,148.0,281.0,37711.00038439177,1.4082868717660744,0.6842105263157895,4760.6557377049185
0.45,43,4409,74.0,66.0,66.0,90.0,172.00000000000026,6701.969713358574,0.4584849487264307,0.813953488372093,2800.0
3.95,366,38470,66.0,66.0,66.0,90.0,196.0,9428.009913703007,0.4523557837511326,0.8005464480874317,3478.4810126582274
9.43,1774,278398,66.0,66.0,66.0,148.0,309.0,73915.65156863068,1.9481632091156507,0.6651634723788049,6362.672322375399
2.33,320,49564,66.0,66.0,66.0,196.0,412.0,23082.56234375,0.9926828287701523,0.659375,4248.927038626609
5.07,931,623518,74.0,66.0,66.0,196.0,1514.0,3448014.1286675343,8.14222456819448,0.6831364124597207,5502.958579881656
5.63,524,74340,66.0,54.0,66.0,91.25,376.0,33486.98697628344,0.35109592526625716,0.7767175572519084,3346.3587921847247
8.43,1679,293305,66.0,66.0,66.0,268.0,340.0,54421.263223202506,1.8002348605634744,0.6128648004764741,6099.64412811388
6.29,1002,164288,66.0,54.0,66.0,148.0,304.0,114082.54531256846,1.5691275587595979,0.716566866267465,5523.052464228935
8.76,1652,223498,66.0,54.0,66.0,160.0,309.0,22362.08334896728,1.1937161983097928,0.677360774818402,6397.2602739726035
4.98,703,94142,66.0,54.0,66.0,112.0,328.0,24290.723867837292,0.7649418822647169,0.7439544807965861,4915.6626506024095
5.99,972,146740,66.0,54.0,66.0,146.5,376.0,46374.13471862351,1.2673753824283815,0.6923868312757202,5519.198664440734
5.4,638,80292,66.0,66.0,66.0,112.0,220.0,35271.290838336885,0.6742498488229038,0.7413793103448276,4055.555555555555
6.43,856,125453,66.0,66.0,66.0,112.75,376.0,51853.11120922132,0.6659982470585111,0.7441588785046729,4749.611197511665
0.97,322,59892,66.0,66.0,66.0,196.0,412.0,90880.55279503105,2.185067007019783,0.6708074534161491,11319.58762886598
0.21,18,1528,66.0,66.0,66.0,84.0,134.8,1417.4320987654323,0.4174397031539889,0.7777777777777778,3714.285714285714
9.02,937,121029,66.0,54.0,66.0,90.0,268.0,33552.31806589982,0.3781641785946094,0.7950907150480256,3745.0110864745016
7.77,1192,173424,66.0,54.0,66.0,124.0,338.8000000000011,45734.49150939147,0.7984071677451469,0.7298657718120806,5266.409266409266
3.25,345,44195,66.0,54.0,66.0,90.0,307.60000000000014,25476.0215921025,0.3652652065120015,0.7710144927536232,3950.7692307692305
5.31,873,143704,66.0,66.0,66.0,268.0,399.80000000000007,31172.75578806213,1.1819617370179167,0.6403207331042382,5288.13559322034
1.36,159,24206,66.0,54.0,66.0,90.0,417.00000000000017,44042.01835370438,0.3429126213592233,0.7861635220125787,4147.058823529412
9.18,1314,225142,66.0,66.0,66.0,160.0,472.0,53718.198825897896,0.8930631463886319,0.7009132420091324,4758.169934640523
4.15,433,62475,66.0,54.0,66.0,95.0,340.0,39720.24494236995,0.30851398052152057,0.7575057736720554,3701.2048192771085
5.52,1126,209830,66.0,66.0,66.0,131.0,340.0,96245.54896535625,1.096685552124864,0.6651865008880995,6771.739130434783
6.0,614,81168,66.0,66.0,66.0,95.0,332.9000000000003,26225.57092382943,0.41558101815518234,0.7671009771986971,3640.0
3.9,420,51641,66.0,54.0,66.0,90.0,304.30000000000007,21973.60509637188,0.3762859122648046,0.8023809523809524,3984.6153846153843
1.17,494,127075,78.0,66.0,66.0,311.0,700.0,88423.38317707225,3.571043165467626,0.548582995951417,11641.02564102564
6.71,741,90181,66.0,54.0,66.0,90.0,266.0,26079.537230390415,0.5161312015601621,0.8070175438596491,4041.728763040239
9.82,1760,294117,66.0,66.0,66.0,256.0,448.0,30843.613039449898,1.5963718220338983,0.6477272727272727,5682.281059063136
5.8,985,390810,66.0,54.0,66.0,163.0,1514.0,708796.2649076243,6.696898079763663,0.6619289340101523,5503.448275862069
8.31,1561,231485,66.0,54.0,66.0,232.0,321.0,18973.193599103055,1.4132628594066012,0.6406149903907752,6072.202166064982
5.67,2058,2113835,78.0,66.0,66.0,2842.0,2842.0,1871077.9075992054,17.699554148015782,0.5641399416909622,9523.809523809523
3.46,586,107023,66.0,66.0,66.0,184.0,448.0,80519.72716339154,1.3910945284747203,0.6945392491467577,5739.884393063584
5.27,1085,194692,66.0,66.0,66.0,278.0,446.80000000000007,40417.80580262906,2.154950575271431,0.6294930875576037,6546.489563567363
1.63,154,15609,66.0,54.0,66.0,90.0,160.0,9218.463358070501,0.5119139868268113,0.8181818181818182,3607.3619631901843
7.81,821,120523,66.0,54.0,66.0,90.0,415.0,45221.68482332677,0.34930924072456954,0.8148599269183922,3933.4186939820747
2.48,374,57683,66.0,66.0,66.0,121.0,344.0,46881.408454631244,1.011192078379415,0.7406417112299465,5104.8387096774195
8.42,985,124252,66.0,54.0,66.0,95.0,305.80000000000007,19148.340638511683,0.5485044865403789,0.7573604060913706,4232.779097387173
8.69,1078,167142,66.0,54.0,66.0,124.0,376.0,43788.77132806234,0.887501129279971,0.7217068645640075,4294.591484464902
7.93,906,139723,66.0,66.0,66.0,127.0,421.0,39711.47824534986,0.6270698930991918,0.7064017660044151,3957.1248423707443
7.38,1594,322770,66.0,66.0,66.0,268.0,492.0,108808.51465423194,1.6531367133556916,0.6248431618569636,6967.479674796748
6.59,1021,159263,66.0,54.0,66.0,127.0,364.0,53848.157526421164,0.8409566413519668,0.7071498530852106,5344.461305007588
9.73,1255,148547,66.0,54.0,66.0,90.0,235.60000000000082,18459.1765629117,0.7654742096505823,0.7856573705179283,4760.534429599177
0.83,93,9689,66.0,56.40000000000001,66.0,90.0,215.19999999999993,9442.687015839983,0.4607266696818936,0.8172043010752689,4265.060240963856
2.93,572,75037,66.0,54.0,66.0,124.0,308.4999999999999,14495.597422245588,1.195219706278158,0.6835664335664335,6798.634812286689
4.78,563,60284,66.0,54.0,66.0,90.0,232.0,11428.55722168414,0.444412497603987,0.8134991119005328,4506.276150627615
6.06,807,107340,66.0,54.0,66.0,90.0,304.0,41231.371622835504,0.9351000540832882,0.7868649318463445,4940.594059405941
7.42,1495,2031325,66.0,66.0,66.0,66.0,232.0,60632826.93070995,16.377198535450315,0.8655518394648829,9347.708894878706
3.92,766,220715,66.0,54.0,66.0,130.0,562.0,386099.5248740533,2.8478905160390515,0.7114882506527415,6428.571428571429
4.62,625,76944,66.0,54.0,66.0,124.0,279.6,16759.842211839998,0.5520726172465961,0.7376,4779.220779220779
3.0,660,124212,66.0,66.0,66.0,268.0,482.20000000000005,41236.99333333333,2.319401389631213,0.5954545454545455,6720.0
7.51,1097,127503,66.0,54.0,66.0,124.0,238.0,11121.062506595845,0.9906169986885656,0.7146763901549681,5041.278295605858
0.06,12,1266,66.0,66.0,66.0,66.0,118.20000000000002,13997.416666666666,0.6398963730569949,0.8333333333333334,10000.0
2.83,667,89220,66.0,54.0,66.0,124.0,269.19999999999993,31830.870423858534,1.3296255679147737,0.6776611694152923,8120.141342756183
6.57,886,107531,66.0,54.0,66.0,124.0,278.0,18779.3631878379,0.8614284725107326,0.7358916478555305,4611.8721461187215
5.63,718,83931,66.0,54.0,66.0,90.0,292.0,13183.438949496047,0.9082166242269917,0.7743732590529248,4667.85079928952
9.93,1846,269570,66.0,66.0,66.0,160.0,309.0,52222.8138788561,1.7157148182102093,0.6625135427952329,6138.972809667674
6.6,719,90803,66.0,54.0,66.0,90.0,340.0,23177.900205237922,0.4040108853635155,0.8094575799721836,3945.4545454545455
4.32,429,48822,66.0,54.0,66.0,90.0,262.3999999999999,17494.371917127162,0.4844476876767308,0.8158508158508159,3666.666666666666
2.99,513,83875,66.0,56.400000000000034,66.0,160.0,400.0,61332.62036942041,1.414363845710996,0.6686159844054581,5438.127090301004
2.31,468,51901,66.0,54.0,66.0,92.75,232.0,13931.611709219082,1.1511584531852281,0.7521367521367521,7636.363636363636
4.97,1001,140283,66.0,54.0,66.0,184.0,310.0,17372.08248893963,1.427083513555598,0.6533466533466533,6676.056338028169
5.5,538,64109,66.0,54.0,66.0,90.0,289.30000000000024,15301.682028302537,0.4426292220797048,0.7899628252788105,3490.909090909091
5.19,546,67224,66.0,54.0,66.0,90.0,268.0,25933.835205087948,0.3918588761439397,0.8205128205128205,3988.439306358381
7.27,1070,180004,66.0,54.0,66.0,124.0,400.0,54262.979774652806,1.4911634858906404,0.7093457943925233,4968.363136176066
0.29,44,5362,66.0,54.0,66.0,90.0,325.60000000000014,15853.254132231405,0.6730109204368174,0.7954545454545454,5172.413793103449
4.47,506,77160,66.0,54.0,66.0,90.0,376.0,66241.7993094721,0.44488970450544923,0.8122529644268774,4214.765100671141
7.22,1105,138601,66.0,54.0,66.0,124.0,300.0,25840.86602158023,1.1023085790559397,0.7321266968325791,5401.662049861496
0.42,42,4460,74.0,66.0,66.0,93.75,227.7999999999999,5711.439909297052,0.5300171526586621,0.7857142857142857,2714.285714285714
9.42,1525,291899,66.0,54.0,66.0,131.0,344.8000000000011,173826.40568621337,2.107027291693277,0.7049180327868853,5649.6815286624205
1.36,165,16691,74.0,66.0,66.0,124.0,196.0,2755.502442607897,1.4480786154297447,0.6606060606060606,3529.411764705882
8.51,922,94115,66.0,54.0,66.0,90.0,196.0,8995.574330301477,0.5385307003204081,0.8156182212581344,4110.458284371328
9.14,1273,145949,66.0,54.0,66.0,112.0,268.0,12763.858399325158,0.8170036352771276,0.7431264728986646,4969.365426695842
1.04,160,14658,66.0,54.0,66.0,74.0,124.0,6600.387343749999,0.7273155786000471,0.85,6865.384615384616
7.62,1128,131468,66.0,66.0,66.0,95.0,297.0,11424.112783562196,0.9338364002765397,0.750886524822695,5440.944881889764
5.13,566,58219,66.0,54.0,66.0,90.0,196.0,22169.052956710657,0.48882467266775775,0.8144876325088339,4222.222222222223
6.03,996,124733,66.0,54.0,66.0,117.25,310.0,17422.295675674588,1.1982094707717252,0.7349397590361446,5930.348258706467
9.66,1457,372783,66.0,54.0,66.0,124.0,292.0,422578.36995189014,1.2790286786777607,0.7426218256691832,5385.093167701863
3.13,329,49903,66.0,54.0,66.0,95.0,412.0,38406.72185216323,0.3370217554388597,0.7537993920972644,3680.511182108626
6.28,880,154624,66.0,66.0,66.0,160.0,448.30000000000007,55942.94946280991,0.9659508461430878,0.6943181818181818,4700.636942675159
4.78,577,81601,66.0,54.0,66.0,95.0,376.0,35725.73451997273,0.8208412361932389,0.7538994800693241,4343.096234309623
5.76,638,74285,66.0,54.0,66.0,95.0,304.0,11321.562280736232,0.6618196460929285,0.7570532915360502,3958.333333333333
2.94,246,43813,66.0,54.0,66.0,122.75,520.0,57880.67666402274,0.30024335232668564,0.7357723577235772,2918.3673469387754
5.45,564,95951,66.0,54.0,66.0,124.0,412.0,68293.84408166088,0.4998905771274933,0.7287234042553191,3555.9633027522937
7.02,1142,199738,66.0,66.0,66.0,270.25,386.40000000000055,39431.589330789684,1.1374011492899871,0.6243432574430823,5000.0
2.01,209,32252,66.0,60.400000000000006,66.0,103.0,383.2000000000006,42916.60841097961,0.3300890795117123,0.7464114832535885,3641.79104477612
7.09,1194,282671,66.0,66.0,66.0,309.0,556.0,111032.02182955538,1.3718586640039605,0.6323283082077052,5289.139633286319
1.97,537,129588,74.0,66.0,66.0,297.0,376.0,149207.24124299077,1.810348940599857,0.5735567970204841,7979.6954314720815
3.44,349,75714,66.0,66.0,66.0,90.0,680.8,153702.12024531822,0.2768390164929677,0.7851002865329513,3784.8837209302324
4.75,497,123922,66.0,66.0,66.0,105.0,844.0,208657.53225995813,0.18682181678877555,0.7464788732394366,3814.7368421052633
6.56,765,167302,66.0,66.0,66.0,90.0,623.2000000000003,162186.22488102867,0.2311756740845402,0.7869281045751634,4262.19512195122
9.48,980,196625,66.0,66.0,66.0,90.0,536.8000000000002,127921.78204394001,0.21429674231897483,0.7806122448979592,3867.0886075949365
4.83,521,87055,66.0,66.0,66.0,124.0,434.0,64483.807250931146,0.3760155533778017,0.7293666026871402,3838.509316770186
1.81,317,54377,66.0,66.0,66.0,160.0,376.0,93018.6209236832,0.8431007016235637,0.694006309148265,6066.298342541436
0.56,37,5477,74.0,61.2,66.0,160.0,390.4,17192.13440467494,0.2544663307375172,0.6486486486486487,1821.4285714285713
8.69,1604,397380,66.0,66.0,66.0,278.0,457.0,235614.28938563808,3.076821273583454,0.6153366583541147,5730.724971231301
8.6,1296,434455,66.0,66.0,66.0,169.0,733.5,507327.32241595694,1.2081126686115657,0.6635802469135802,4897.674418604651
4.32,316,63827,66.0,66.0,66.0,199.0,610.0,67824.30671166479,0.29874860107844137,0.6392405063291139,2374.9999999999995
2.52,737,188262,124.0,66.0,66.0,308.0,565.5999999999995,118145.72579804811,2.5132028290443578,0.49118046132971505,7738.095238095238
5.8,1111,233246,66.0,66.0,66.0,267.0,412.0,132040.6465465628,1.2451462618756557,0.603060306030603,5989.6551724137935
0.34,66,19344,74.0,66.0,66.0,369.25,1054.0,170229.71900826448,0.13601127554615927,0.6363636363636364,5647.058823529412
7.21,973,282704,66.0,66.0,66.0,286.0,1160.0,209781.67824372125,0.2133427183299284,0.6700924974306269,4335.644937586685
2.65,622,185245,74.0,66.0,66.0,304.0,732.3999999999992,266167.58069343783,2.626211216599785,0.5964630225080386,6950.943396226415
9.47,1030,220318,66.0,54.0,66.0,160.0,590.2,117162.59601847488,0.4830736091010064,0.7126213592233009,3744.4561774023227
3.92,378,90269,66.0,66.0,66.0,160.0,664.0,164107.8436563926,0.36144124034749037,0.7222222222222222,3367.3469387755104
4.31,485,137430,66.0,66.0,66.0,133.0,1042.4000000000003,236756.30485705181,0.19628136941704893,0.7319587628865979,3689.0951276102087
4.64,885,334119,66.0,66.0,66.0,452.0,988.0,479763.62274442223,2.5069641976215715,0.6271186440677966,5754.310344827587
0.56,79,11395,66.0,54.0,66.0,82.0,390.4000000000002,40648.511776958825,0.42295204795204794,0.7974683544303798,5678.571428571428
3.05,267,49962,66.0,54.0,66.0,124.0,484.0,87183.37423725962,0.2889760326100978,0.7378277153558053,3029.508196721312
2.22,223,42233,66.0,66.0,66.0,90.0,592.0,75770.27279856824,0.3492109130407003,0.7713004484304933,3540.54054054054
5.77,912,223809,66.0,54.0,66.0,268.0,580.0,190709.77598756348,1.3855656697009102,0.6567982456140351,5074.523396880416
5.97,1044,220411,66.0,66.0,66.0,232.0,412.0,159014.9363513087,0.8046505915585213,0.6561302681992337,5648.241206030151
8.41,1196,195314,66.0,66.0,66.0,124.0,364.0,70471.76755573203,0.8599384826351525,0.6705685618729097,4758.620689655173
8.1,1469,316226,66.0,66.0,66.0,232.0,448.0,146724.05100648254,2.137442827236559,0.6466984343090538,5955.555555555557
1.38,154,20589,66.0,66.0,66.0,95.0,268.0,33983.35490807893,0.41407967032967036,0.7857142857142857,3869.5652173913045
5.76,677,163405,66.0,54.0,66.0,99.0,534.3999999999992,256831.11543890962,0.992257985857108,0.7533234859675036,4031.25
0.73,253,46153,66.0,66.0,66.0,256.0,435.0,43547.76184599041,2.390362153823551,0.5928853754940712,10931.506849315068
3.02,484,56071,66.0,54.0,66.0,124.0,268.0,8349.413201796326,1.1001161092175737,0.6838842975206612,5582.781456953642
0.49,248,64294,78.0,66.0,66.0,299.5,457.0,152003.30040322582,3.8516450347117415,0.5483870967741935,14326.5306122449
9.72,3386,2540358,78.0,66.0,66.0,493.0,2962.0,1345246.449670981,14.088128385441413,0.5478440637920851,9216.04938271605
3.97,510,124673,66.0,66.0,66.0,124.0,495.7000000000006,253533.25206074587,1.8647288602941177,0.7352941176470589,4518.891687657431
5.76,886,203284,66.0,66.0,66.0,267.0,592.0,141769.05003337597,1.3844791385640387,0.6636568848758465,4947.916666666667
4.55,481,73410,66.0,54.0,66.0,95.0,400.0,43171.13799646441,0.3377676537585421,0.762993762993763,3771.428571428571
7.55,1470,309272,66.0,66.0,66.0,268.0,427.0,148968.64314683693,2.4737173151226526,0.6306122448979592,6031.788079470199
0.07,5,592,66.0,58.8,66.0,66.0,230.40000000000003,12298.24,0.2542372881355932,0.8,3428.5714285714284
9.83,1179,185861,66.0,54.0,66.0,104.0,412.0,46147.57138962088,0.5568986170096918,0.7480916030534351,4205.493387589013
0.91,94,13172,66.0,66.0,66.0,90.0,376.0,24733.004979628786,0.4057630736392743,0.7659574468085106,3692.3076923076924
4.76,738,132624,66.0,54.0,66.0,268.0,461.0,45364.05254808645,1.412573673870334,0.6558265582655827,5042.01680672269
4.3,647,106267,66.0,66.0,66.0,278.0,412.0,25922.163718410262,1.434636180351906,0.6460587326120556,4841.860465116279
3.82,417,65055,66.0,54.0,66.0,90.0,448.0,48148.06469644427,0.3141627780134537,0.7889688249400479,3958.1151832460737
1.64,342,82865,66.0,55.20000000000002,66.0,281.25,624.7000000000012,127338.48296056906,1.7531729683035417,0.6169590643274854,6329.2682926829275
8.97,918,131341,66.0,54.0,66.0,90.0,376.0,40140.62974947907,0.34566560454084405,0.7908496732026143,3799.331103678929
8.57,1298,239665,66.0,66.0,66.0,160.0,411.0,74723.24377256939,1.3196155670192895,0.6741140215716487,5089.8483080513415
9.9,1441,207158,66.0,66.0,66.0,196.0,312.0,18024.691826219452,1.3092992664927652,0.6398334489937544,4654.545454545454
7.08,675,88461,66.0,54.0,66.0,90.0,292.0,33838.53937777778,0.34609005280216687,0.8059259259259259,3550.8474576271183
8.12,1289,233366,66.0,54.0,66.0,278.0,427.0,52905.994165586824,1.1613366304539097,0.6594259115593484,5157.635467980295
7.91,1134,229516,66.0,54.0,66.0,232.0,457.3000000000004,162763.5423389292,0.5194502555411381,0.673721340388007,4687.737041719342
1.08,103,14438,66.0,66.0,66.0,86.5,232.0,48014.10538222264,0.4217626784835057,0.8349514563106796,3388.8888888888887
4.23,935,284843,74.0,66.0,66.0,308.0,719.2000000000003,279385.24504103634,2.404565828004542,0.6021390374331551,6326.241134751773
9.55,1502,298121,66.0,66.0,66.0,232.0,444.1000000000008,108453.11654456287,1.148170832762882,0.666444740346205,5107.853403141361
2.3,462,68619,66.0,66.0,66.0,160.0,309.0,40114.12378422444,1.5478612802613991,0.6363636363636364,6626.08695652174
6.66,1243,321992,66.0,66.0,66.0,268.0,403.1999999999998,264393.68830762,2.3787907406241473,0.6436041834271923,5666.666666666667
9.72,972,175446,66.0,54.0,66.0,92.0,414.69999999999993,98474.32201646091,0.3331560310633577,0.7654320987654321,3512.3456790123455
7.29,1023,203216,66.0,54.0,66.0,131.0,487.2000000000003,121241.58906059938,0.708113742004354,0.7067448680351907,4748.971193415638
1.68,211,36977,66.0,54.0,66.0,90.0,493.0,71949.88239257879,0.42647172286089036,0.7582938388625592,4714.285714285714
0.96,109,22366,66.0,66.0,66.0,103.0,476.8000000000004,125092.59590943524,0.19406331749506167,0.7431192660550459,4000.0
4.32,463,95085,66.0,54.0,66.0,95.0,580.0,122193.98613605513,0.272618983885647,0.7516198704103672,3722.2222222222217
7.57,1795,515206,74.0,66.0,66.0,297.0,574.0,306403.59335014474,3.518399635164527,0.588857938718663,6982.826948480845
4.85,1061,256351,66.0,66.0,66.0,308.0,495.0,175776.74626839155,1.1658218009158345,0.6069745523091423,6705.154639175258
1.55,198,34902,66.0,54.0,66.0,93.75,376.0,89989.09733700643,0.4583820825672739,0.7676767676767676,4606.451612903225
7.4,1475,390033,74.0,66.0,66.0,308.0,521.8000000000004,222717.6537941971,2.0629741318381,0.6108474576271187,5878.378378378378
8.22,853,168069,66.0,54.0,66.0,124.0,520.0,105460.85003621451,0.3838192551851333,0.7268464243845252,3525.547445255474
4.78,539,88936,66.0,54.0,66.0,95.0,376.0,82126.8552841275,0.33393328533717304,0.7551020408163265,3916.3179916317986
7.25,1617,410627,74.0,66.0,66.0,268.0,402.40000000000055,233923.70802646125,2.270182452395932,0.6103896103896104,6628.9655172413795
7.3,998,172821,66.0,66.0,66.0,232.0,376.0,51476.20947405833,1.068672045198822,0.6352705410821643,4389.041095890411
6.61,698,144547,66.0,54.0,66.0,112.0,536.0000000000014,124314.07975509233,0.2686906454614075,0.7406876790830945,3721.6338880484113
3.31,375,61655,66.0,54.0,66.0,90.0,360.4000000000002,71129.11715555555,0.32170725433030356,0.7546666666666667,4114.803625377644
4.86,616,129934,66.0,54.0,66.0,124.0,452.5,134840.69340318773,0.3403410321742091,0.7337662337662337,4469.135802469135
1.56,219,66422,66.0,66.0,66.0,280.0,664.0,303017.8068847605,1.2808969472202192,0.6666666666666666,4307.692307692308
0.76,561,164973,90.0,66.0,66.0,308.0,376.0,260854.07894611423,4.207316688235851,0.5062388591800356,19973.684210526317
2.63,255,47036,66.0,54.0,66.0,95.0,304.0,153208.5381622453,1.0242726803236357,0.7529411764705882,3353.6121673003804
8.39,1447,310508,66.0,66.0,66.0,179.5,436.0,187742.56854947135,1.8066997496180999,0.6821008984105045,5570.917759237187
0.52,55,24905,66.0,66.0,66.0,90.0,2809.6000000000004,896320.8033057852,6.58373934226553,0.8,3923.0769230769233
5.81,628,99184,66.0,54.0,66.0,95.0,340.0,61889.601038581684,0.3634476596329645,0.7659235668789809,3862.306368330465
2.88,798,211726,74.0,66.0,66.0,310.0,589.2000000000003,139815.7567351964,3.1264081075813683,0.568922305764411,8083.333333333333
6.19,1236,317930,66.0,60.0,66.0,196.0,445.0,301990.6921298478,3.2161309144918313,0.6561488673139159,6474.959612277868
7.91,2314,1950344,66.0,66.0,66.0,268.0,494.0,23317704.0417518,11.309669275435496,0.6983578219533275,9989.886219974716
5.1,929,215291,66.0,66.0,66.0,196.0,340.0,235929.33750076764,2.0341051622813815,0.6781485468245425,6023.529411764706
2.84,302,50942,66.0,66.0,66.0,95.0,412.0,95157.03802464803,0.26075335346235706,0.7649006622516556,3718.3098591549297
7.26,1238,257982,66.0,54.0,66.0,232.0,447.29999999999995,135618.75560665102,1.8385542168674698,0.6478190630048465,5504.1322314049585
9.6,1749,346603,66.0,66.0,66.0,266.0,484.0,72263.49067947347,1.875609796568546,0.6335048599199543,5656.25
6.1,867,138616,66.0,54.0,66.0,196.0,309.0,52366.20475755265,0.7426987339862461,0.6966551326412919,4760.6557377049185
6.72,960,160939,66.0,66.0,66.0,160.0,412.0,57982.374868706596,1.4196623216514066,0.6895833333333333,4714.285714285714
4.35,912,120120,66.0,54.0,66.0,160.0,297.0,16104.940327793167,1.2139486877027426,0.6699561403508771,7255.172413793104
6.52,647,88683,66.0,54.0,66.0,95.0,309.0,30907.534787833036,0.43923853419455355,0.7635239567233385,3542.9447852760736
4.45,1190,261926,74.0,66.0,66.0,304.0,376.0,123049.40559565004,3.013330473155185,0.584873949579832,7833.707865168539
1.73,440,89596,66.0,54.0,66.0,275.25,321.0,86226.35198347108,3.0918889294848375,0.5909090909090909,8011.560693641619
2.58,276,29746,66.0,54.0,66.0,90.0,268.0,10712.297363999161,0.49560058323696515,0.8115942028985508,4069.7674418604647
8.43,850,138608,66.0,54.0,66.0,93.75,376.0,64135.74593217995,0.3214227832171832,0.7588235294117647,3572.9537366548047
3.2,595,103029,66.0,66.0,66.0,160.0,312.6,84556.06579761318,1.844611944007289,0.6890756302521008,5887.5
0.39,123,22287,148.0,66.0,66.0,297.0,340.0,14237.864366448543,3.3393691588785046,0.4146341463414634,7230.7692307692305
8.78,1211,149787,66.0,54.0,66.0,154.0,279.0,10836.216048730294,1.1212983812720398,0.6969446738232865,4708.428246013668
6.18,790,90045,66.0,54.0,66.0,124.0,257.2000000000003,9957.357867328952,0.8194952413667683,0.7177215189873418,4553.398058252427
8.26,1008,138851,66.0,54.0,66.0,124.0,310.0,30883.50545536501,0.7631201351059642,0.7281746031746031,4343.825665859565
4.16,493,58096,66.0,54.0,66.0,90.0,268.0,21408.09261506939,0.5005294831727665,0.7971602434077079,4355.769230769231
5.22,541,78379,66.0,54.0,66.0,90.0,376.0,36790.617279563754,0.33363393510404793,0.7726432532347505,3735.632183908046
6.14,763,129437,66.0,66.0,66.0,124.0,389.0,79031.17866461458,0.6460272648659647,0.7247706422018348,4231.270358306189
6.5,1075,193336,66.0,54.0,66.0,241.0,340.0,67711.39812136292,1.642899129222315,0.6595348837209303,5326.153846153846
8.07,1273,259486,66.0,66.0,66.0,256.0,412.0,104506.01151969512,1.6620501456768846,0.6582875098193244,5130.111524163569
9.35,1183,163465,66.0,54.0,66.0,131.0,304.0,26297.409438730854,0.8919341211328573,0.7117497886728656,4331.550802139038
7.96,860,120266,66.0,54.0,66.0,90.0,342.40000000000055,31473.387349918885,0.36210841053752235,0.7709302325581395,3859.296482412061
3.63,582,102122,66.0,54.0,66.0,160.0,421.0,80106.26611636613,0.8096790771030108,0.7044673539518901,5520.661157024793
8.82,758,122800,66.0,54.0,66.0,124.0,407.8000000000004,58581.116067139614,0.29291738173701554,0.7203166226912929,2891.156462585034
8.84,836,133287,66.0,54.0,66.0,95.0,406.0,52393.963375094434,0.2845206429975714,0.7643540669856459,3414.0271493212667
2.96,275,38880,66.0,54.0,66.0,95.0,304.0,37309.95239669422,0.344212418752593,0.7563636363636363,3304.054054054054
9.25,1395,256381,66.0,66.0,66.0,232.0,446.0,60501.04868334169,1.3856496817657349,0.6415770609318996,4825.945945945946
9.09,990,141802,66.0,54.0,66.0,137.25,340.0,33272.85013365983,0.7950983619009039,0.7191919191919192,3801.980198019802
4.78,626,88868,66.0,54.0,66.0,160.0,310.0,20780.548050914065,0.8909694442080177,0.6837060702875399,4543.933054393305
4.92,456,64257,66.0,54.0,66.0,90.0,358.0,31488.959790512465,0.3267467789890981,0.7697368421052632,3439.0243902439024
0.41,27,6127,66.0,66.0,66.0,269.5,642.4000000000001,78678.58710562417,0.22908726178535607,0.6296296296296297,2195.1219512195125
7.49,2129,2478450,103.0,66.0,66.0,2962.0,2962.0,1838496.204509468,18.642022174495366,0.49788633161108503,6825.100133511348
9.84,864,114381,66.0,54.0,66.0,90.0,338.2000000000003,31203.591037326394,0.38256518112920185,0.7800925925925926,3250.0
7.74,779,140987,66.0,54.0,66.0,95.0,510.40000000000055,78791.35277939362,0.2809314411353188,0.766367137355584,3542.6356589147285
7.08,1187,225162,66.0,66.0,66.0,268.0,407.0,80940.32174448125,2.1508375197660263,0.6402695871946082,5347.457627118643
4.37,658,159727,66.0,66.0,66.0,232.75,511.6000000000008,206796.50549468317,1.8314867667653472,0.6367781155015197,4764.302059496567
8.34,1585,522596,74.0,66.0,66.0,332.0,857.0,323087.212592025,3.2861384270916205,0.5810725552050473,5661.8705035971225
5.87,455,77367,66.0,54.0,66.0,95.0,509.6000000000006,57334.45354908827,0.30760390082309397,0.7582417582417582,2770.0170357751276
4.45,327,60044,66.0,66.0,66.0,160.0,520.0,62041.733879490115,0.26304718231346896,0.709480122324159,2548.314606741573
6.75,1283,281409,66.0,54.0,66.0,297.0,419.0,115008.61928364748,1.5617336209957124,0.612626656274357,5840.0
5.06,1062,217982,66.0,66.0,66.0,267.0,412.0,155230.1246094318,2.880962130788541,0.6120527306967984,6462.450592885376
3.42,426,52100,66.0,66.0,66.0,124.0,278.5,16318.81582137583,0.7419505834364238,0.7253521126760564,4403.508771929824
5.12,493,80022,66.0,54.0,66.0,103.0,484.0,45544.845105307984,0.2910105833763552,0.7464503042596349,3398.4375
9.94,928,124094,66.0,54.0,66.0,90.0,304.9000000000002,31357.81925813764,0.38568908144806485,0.7823275862068966,3368.209255533199
6.23,1040,165252,66.0,66.0,66.0,124.0,399.0,43464.88536982248,1.052947388036524,0.6913461538461538,5701.444622792937
1.15,143,17815,66.0,54.0,66.0,124.0,333.9999999999999,14948.215560663113,0.8161892139871546,0.7342657342657343,4434.782608695653
1.47,476,75854,74.0,66.0,66.0,256.0,309.0,22620.92286914766,1.7823056890290871,0.5483193277310925,9510.204081632653
7.7,895,117612,66.0,54.0,66.0,95.0,309.0,21709.115653069508,0.5673658679602335,0.7575418994413408,4207.792207792208
9.13,1009,173766,66.0,54.0,66.0,95.0,385.6000000000015,109397.97710594736,0.6613857788911092,0.7740336967294351,3975.9036144578313
9.09,1369,200249,66.0,54.0,66.0,134.0,370.0,29706.548048966983,1.017256316234839,0.6880934989043097,5207.920792079208
0.69,64,8740,66.0,66.0,66.0,95.0,422.80000000000024,25254.52734375,0.3115246098439376,0.796875,3130.4347826086955
2.31,260,34885,66.0,54.0,66.0,90.0,342.39999999999986,27425.620044378702,0.35291836338956756,0.7961538461538461,4051.948051948052
3.56,395,55757,66.0,54.0,66.0,90.0,376.0,30449.631059125142,0.3574106534229234,0.7746835443037975,4196.629213483146
1.61,376,67026,66.0,66.0,66.0,249.0,464.0,35064.910791081944,2.4331813758131435,0.5957446808510638,7267.080745341615
4.88,751,121704,66.0,66.0,66.0,196.0,412.0,32218.550800441837,1.1526814772888072,0.6591211717709721,5053.2786885245905
6.76,783,96811,66.0,54.0,66.0,107.5,280.4000000000002,17455.69368558235,0.5169858033783572,0.7458492975734355,4073.96449704142
9.83,1175,184522,66.0,54.0,66.0,124.0,412.0,44984.17116595745,0.6210883277985697,0.7319148936170212,4126.144455747711
2.78,328,49091,66.0,54.0,66.0,124.0,484.0,31543.142614143366,0.45830734040341026,0.7286585365853658,4122.302158273382
8.43,1059,142655,66.0,54.0,66.0,124.0,328.0,20124.382676122023,0.7617818505162278,0.7252124645892352,4434.163701067616
3.07,719,92779,66.0,66.0,66.0,124.0,279.0,12888.031863138613,1.5116134271792094,0.6300417246175244,7817.589576547231
2.55,469,66011,66.0,66.0,66.0,196.0,309.0,14086.32475757066,1.2505540213426067,0.6119402985074627,5952.941176470589
6.68,633,84066,66.0,54.0,66.0,95.0,311.60000000000014,25513.66366433818,0.40856539660199054,0.7551342812006319,3413.173652694611
5.26,531,77175,66.0,54.0,66.0,95.0,376.0,32024.860608382005,0.3357853742968412,0.7532956685499058,3627.376425855514
7.65,839,119253,66.0,66.0,66.0,96.5,304.60000000000014,38549.30540785116,0.7092058305026444,0.7508939213349225,3976.470588235294
5.39,542,98500,66.0,54.0,66.0,109.75,552.7000000000012,89659.41280755981,0.436949291007761,0.7453874538745388,3461.9666048237477
2.34,269,83439,66.0,54.0,66.0,124.0,743.2000000000006,436378.25306449604,1.4948869752421958,0.7211895910780669,4025.641025641026
0.62,52,8632,66.0,54.0,66.0,90.0,426.39999999999986,51936.42307692308,0.29221556886227545,0.7692307692307693,3096.7741935483873
6.44,937,194493,66.0,66.0,66.0,281.0,457.0,82712.3561059673,1.1492601637695734,0.6286019210245464,4500.0
4.96,742,98165,66.0,66.0,66.0,124.0,304.0,17228.820992654804,0.9746741229481816,0.6536388140161725,5092.741935483871
9.11,1190,170963,66.0,54.0,66.0,160.0,340.0,34515.72315585058,0.8532976324689966,0.6966386554621848,4498.353457738749
7.56,1123,236719,66.0,66.0,66.0,244.0,484.0,109250.2201614585,1.56344754396604,0.6571682991985752,4793.650793650793
0.83,92,9158,66.0,54.0,66.0,95.0,209.50000000000009,4348.92202268431,0.5493148367450515,0.7608695652173914,3686.7469879518076
2.03,145,18899,66.0,54.0,66.0,160.0,304.0,14135.975457788349,0.44908756325716914,0.7034482758620689,2571.4285714285716
6.6,526,75454,66.0,54.0,66.0,124.0,376.0,27055.570559065476,0.328251799954231,0.7338403041825095,2772.7272727272725
5.52,674,112816,66.0,66.0,66.0,226.0,383.7000000000005,64823.63982248677,1.1268380966744589,0.6676557863501483,4010.8695652173915
4.98,635,91679,66.0,66.0,66.0,148.0,304.0,42724.15597743196,0.96088035248321,0.6960629921259842,4301.204819277108
9.1,1110,214524,66.0,54.0,66.0,196.0,376.0,145772.02534209887,1.4206630407799419,0.690990990990991,4134.065934065934
4.0,466,113477,66.0,54.0,66.0,196.0,564.0,192620.32708743945,0.23711666139740753,0.6952789699570815,3645.0
5.36,897,221911,66.0,54.0,66.0,196.0,480.9999999999999,237852.09349882987,1.7453360055423595,0.6521739130434783,5451.492537313433
7.7,1270,187370,66.0,66.0,66.0,124.0,340.0,40488.40307520615,1.4512676940788614,0.6637795275590551,5563.636363636364
8.66,815,119056,66.0,54.0,66.0,90.0,412.0,37587.43638676654,0.3157103704358589,0.7754601226993865,3457.2748267898382
5.39,696,102687,66.0,54.0,66.0,148.0,376.0,31611.3232077388,0.8477525461546767,0.6968390804597702,4307.9777365491655
7.81,1084,166080,66.0,66.0,66.0,196.0,321.0,38885.83583420705,1.4881644393839515,0.6549815498154982,4578.745198463509
9.87,1497,213772,66.0,54.0,66.0,196.0,328.0,18496.297448158395,1.4603450458641685,0.657314629258517,4917.933130699089
1.71,169,17025,66.0,54.0,66.0,95.0,196.0,4433.364167921292,0.5366910370972109,0.757396449704142,3403.5087719298244
0.3,57,8345,160.0,66.0,66.0,196.0,260.79999999999995,5744.767005232379,3.664617104527669,0.3684210526315789,3200.0
7.62,1172,179664,66.0,54.0,66.0,160.0,412.0,30032.63026360237,1.1575818712396873,0.6919795221843004,5236.220472440945
6.25,1137,242293,66.0,54.0,66.0,266.0,592.0,84898.25414903977,0.9455034527059579,0.6561125769569042,5836.8
9.55,1781,719413,66.0,66.0,66.0,268.0,1506.0,658715.3857843776,3.680570194272033,0.6546883773161145,6106.806282722513
0.72,142,111390,78.0,55.20000000000002,66.0,1514.0,2962.0,1257445.992461813,6.626840123245464,0.5774647887323944,4750.0
7.41,1057,644296,74.0,66.0,66.0,520.0,2962.0,1009455.1404351223,3.4899301732428327,0.6357615894039735,4186.234817813765
8.09,1106,223109,66.0,54.0,66.0,124.0,412.0,177913.78480113405,1.488139713836443,0.7151898734177216,4613.102595797281
6.51,761,162606,66.0,66.0,66.0,232.0,506.0,120165.77290410812,1.0883603251865457,0.6241787122207622,3695.852534562212
0.66,59,8435,66.0,54.0,66.0,82.0,325.6000000000003,36071.964952599825,0.2962962962962963,0.7966101694915254,3363.6363636363635
0.18,15,2947,74.0,66.0,66.0,145.5,411.99999999999994,80280.91555555558,0.2719033232628399,0.6666666666666666,2333.3333333333335
7.14,1062,182437,66.0,54.0,66.0,160.0,340.0,89675.64640233933,0.9993972338513469,0.6958568738229756,5117.64705882353
2.77,271,38822,66.0,54.0,66.0,90.0,448.0,29641.93148241445,0.3220500595947557,0.7822878228782287,3530.6859205776173
9.84,1789,290545,66.0,66.0,66.0,196.0,402.00000000000045,44444.85274866188,1.524590306379577,0.6467300167691448,5817.073170731707
4.38,490,72424,66.0,54.0,66.0,124.0,340.30000000000007,40336.30039150354,0.34225401708768094,0.7326530612244898,3931.506849315069
8.87,1228,239482,66.0,54.0,66.0,196.0,493.29999999999905,96851.06482562148,1.115266393442623,0.6954397394136808,4478.015783540023
4.96,932,166995,66.0,66.0,66.0,268.0,455.29999999999984,45380.39385856251,2.0626111834504006,0.6051502145922747,5758.064516129032
6.27,775,103888,66.0,66.0,66.0,127.0,340.0,21361.246628095734,1.205081400038206,0.7161290322580646,4392.344497607655
4.18,643,121353,66.0,54.0,66.0,124.0,376.0,130737.34201316246,1.4611219274762717,0.7153965785381027,5282.296650717703
5.61,769,121516,66.0,63.600000000000136,66.0,196.0,412.0,35890.30395984855,0.8280779877241545,0.6710013003901171,4481.283422459893
5.95,561,61028,66.0,54.0,66.0,90.0,232.0,9351.616581035267,0.48906890493851257,0.7789661319073083,3378.1512605042017
3.61,352,46738,66.0,54.0,66.0,90.0,337.9000000000007,24834.28612474173,0.38585618977020014,0.7784090909090909,3506.925207756233
0.25,37,5802,66.0,54.0,66.0,124.0,443.19999999999976,32222.531775018262,0.30177249270809964,0.7027027027027027,5280.0
1.47,130,22294,66.0,54.0,66.0,119.5,451.6000000000003,59699.08071005916,0.2557877541823917,0.7307692307692307,2979.591836734694
9.56,1580,310979,66.0,66.0,66.0,160.0,412.0,128132.11963587566,1.644514175893328,0.670253164556962,5403.765690376568
3.25,337,57657,66.0,54.0,66.0,95.0,328.0,150867.49949369987,1.2131506218332566,0.7566765578635015,3784.6153846153843
7.7,978,132833,66.0,54.0,66.0,124.0,340.0,22253.359597233197,0.7113023537444764,0.7229038854805726,4488.311688311688
4.47,1005,178020,66.0,66.0,66.0,277.0,426.0,33483.700363852375,1.727857799570947,0.5940298507462687,6885.906040268456
3.93,385,46746,66.0,54.0,66.0,95.0,269.80000000000007,17257.432916174734,0.4064446249661522,0.7584415584415585,3374.0458015267172
5.67,791,109464,66.0,66.0,66.0,160.0,308.0,19841.83517479354,1.0279748781888582,0.6687737041719343,4666.666666666667
7.57,759,110827,66.0,66.0,66.0,196.0,376.0,21013.173619681955,0.9049640757674723,0.6706192358366272,3336.8560105680313
5.41,610,130330,66.0,66.0,66.0,162.5,376.0,192112.91754904596,1.8132015195993783,0.6622950819672131,3804.0665434380776
9.66,1144,180379,66.0,66.0,66.0,223.0,387.40000000000055,29961.027433340263,1.0138777241872097,0.6398601398601399,3937.888198757764
3.33,250,35261,66.0,66.0,66.0,109.25,378.39999999999986,22911.698064,0.3201422688131786,0.744,2684.6846846846847
8.06,1226,225463,66.0,66.0,66.0,279.0,415.0,42710.000862897155,1.1078400209416253,0.6011419249592169,4771.712158808933
7.91,1313,255420,66.0,66.0,66.0,283.0,409.59999999999945,75229.25280907021,2.1147640939965613,0.6176694592536177,5309.734513274337
7.3,731,80888,66.0,54.0,66.0,95.0,220.0,15067.528640750352,0.5400784433189901,0.7578659370725034,3591.780821917808
3.25,447,58866,66.0,54.0,66.0,124.0,328.0,15985.922586069697,1.0199711756228125,0.7046979865771812,4818.461538461538
3.98,508,61938,66.0,66.0,66.0,124.0,196.0,29745.51408952818,1.0959696795370715,0.7145669291338582,4356.7839195979905
3.5,361,49625,66.0,54.0,66.0,124.0,343.0,23029.234950621925,0.4419584483510097,0.739612188365651,3685.714285714286
0.51,35,5433,66.0,66.0,66.0,94.0,361.60000000000014,40340.34775510205,0.3139056831922612,0.7714285714285715,2352.9411764705883
7.96,989,149300,66.0,54.0,66.0,148.0,330.40000000000055,34733.29773719202,0.8490537996631329,0.7007077856420627,4236.180904522614
8.21,1174,150177,66.0,54.0,66.0,124.0,268.0,32924.3554621861,1.02668016194332,0.7333901192504259,5152.253349573691
7.55,1057,140679,66.0,54.0,66.0,124.0,309.0,18535.001810697522,1.095308310991957,0.7076631977294229,4792.052980132451
7.93,866,101571,66.0,54.0,66.0,90.0,274.5,16491.292615833463,0.43941669973357517,0.7967667436489607,4047.9192938209335
9.32,1317,186273,66.0,54.0,66.0,133.0,308.0,35449.655339411205,0.7904151327867435,0.7031131359149583,4886.2660944206
0.45,54,7291,66.0,54.0,66.0,90.0,296.50000000000006,32802.4255829904,0.4655276381909548,0.7592592592592593,4800.0
5.78,1009,189017,66.0,66.0,66.0,267.0,466.0,76285.42858181224,1.5697369315478213,0.6392467789890981,5750.865051903113
5.31,790,124841,66.0,54.0,66.0,160.0,310.0,60311.32714148373,0.7447590563506261,0.7,5062.146892655367
7.25,599,82143,66.0,54.0,66.0,90.0,340.60000000000014,26556.92707099479,0.375975744581058,0.7729549248747913,2921.3793103448274
9.16,981,141219,66.0,54.0,66.0,124.0,304.0,45295.189536982485,0.5784832057229083,0.7298674821610601,3740.1746724890827
0.93,84,12265,66.0,66.0,66.0,90.0,343.6000000000003,106534.46414399093,0.3779350634760139,0.8214285714285714,3354.838709677419
9.58,803,120656,66.0,54.0,66.0,95.0,412.0,37601.9242256234,0.3291472509556385,0.7521793275217933,3025.0521920668057
8.53,1006,160494,66.0,66.0,66.0,232.0,376.0,31247.546858016904,0.8295752490823283,0.6540755467196819,3784.290738569754
1.78,144,18674,66.0,54.0,66.0,95.0,294.1000000000006,21201.495177469136,0.5391082172587159,0.7569444444444444,2764.0449438202245
1.45,107,13389,66.0,54.0,66.0,90.0,282.4000000000002,18625.048301161674,0.3309145129224652,0.7850467289719626,2689.655172413793
4.74,402,56355,66.0,54.0,66.0,101.0,343.0,28966.63932204649,0.3297232250300842,0.7487562189054726,3025.3164556962024
4.31,921,149394,66.0,66.0,66.0,268.0,321.0,27522.681839241446,1.8412704450361355,0.6036916395222585,6584.686774941995
2.0,206,22948,66.0,54.0,66.0,93.75,250.0,10348.035724384956,0.5198357507119676,0.7524271844660194,3780.0
4.35,609,89286,66.0,66.0,66.0,160.0,340.0,22012.526713420208,1.0178083120522499,0.6683087027914614,4744.827586206897
6.77,654,84563,66.0,54.0,66.0,95.0,304.0,18634.082047433345,0.3802598504880358,0.7553516819571865,3367.7991137370755
7.46,1134,213269,66.0,66.0,66.0,214.25,412.0,109236.32431358458,1.3796766382879013,0.6296296296296297,4857.908847184986
9.23,646,87343,66.0,66.0,66.0,124.0,305.5,27990.49786013477,0.3789330765223157,0.6919504643962848,2346.6955579631635
8.53,897,116173,66.0,54.0,66.0,119.0,292.0,23144.23199839922,0.6964515186915888,0.7335562987736901,3685.814771395076
2.11,203,29225,66.0,54.0,66.0,118.0,345.6000000000001,32507.540682860534,0.3416425653032181,0.7389162561576355,3355.450236966825
5.66,534,62235,66.0,54.0,66.0,95.0,268.0,13933.532624247782,0.40905180220974463,0.7696629213483146,3381.625441696113
3.89,412,56205,66.0,66.0,66.0,97.0,340.0,25412.9571766896,0.35127662643650526,0.75,3794.3444730077117
3.73,513,73325,66.0,66.0,66.0,160.0,337.60000000000014,26830.576504071527,1.362807334128186,0.7076023391812866,4713.1367292225195
6.34,588,82005,66.0,54.0,66.0,90.0,367.6000000000008,31293.843962585026,0.3575862925254532,0.7704081632653061,3369.0851735015776
3.06,278,44326,66.0,54.0,66.0,118.75,448.90000000000003,45873.829822472966,0.2753114480536295,0.7446043165467626,3215.6862745098038
3.21,798,158690,66.0,66.0,66.0,309.0,513.0000000000007,47027.10561491447,1.9860379346680717,0.6015037593984962,7794.392523364486
6.23,556,64528,66.0,54.0,66.0,90.0,277.0,15213.892370995289,0.4682472866276821,0.7841726618705036,3216.6934189406097
8.0,838,120777,66.0,54.0,66.0,124.0,340.0,33489.22654376542,0.5823834604197783,0.7315035799522673,3757.5
8.75,780,115343,66.0,54.0,66.0,95.0,340.0,47336.385816896785,0.3448255759723906,0.764102564102564,3120.0
5.31,835,137973,66.0,66.0,66.0,196.0,376.0,52324.2311965291,1.4625722852859284,0.6706586826347305,5220.338983050848
4.44,367,41973,66.0,54.0,66.0,90.0,292.0,13921.425996183802,0.44794397681799364,0.779291553133515,2986.4864864864862
4.79,446,65172,66.0,54.0,66.0,121.0,412.0,30550.715176255304,0.3382066076671937,0.7331838565022422,3244.258872651357
8.37,1176,212759,66.0,66.0,66.0,124.0,321.0,154797.04336662384,1.4945070406021737,0.6921768707482994,4788.5304659498215
6.8,1109,480997,66.0,66.0,66.0,275.0,1514.0,721484.0963963179,4.331792535443894,0.6357078449053201,4932.352941176471
6.14,931,128111,66.0,54.0,66.0,130.0,310.0,17955.14965486449,1.433812074926859,0.6659505907626209,5052.117263843648
7.16,799,164362,66.0,54.0,66.0,95.0,376.0,227907.48264805353,1.2921332645348431,0.7709637046307884,3863.1284916201116
6.38,759,112829,66.0,54.0,66.0,124.0,330.40000000000055,38371.97570480541,1.0515855698596261,0.7075098814229249,4072.1003134796238
6.55,664,91204,66.0,54.0,66.0,90.0,340.0,44721.105603135424,0.3323399655242937,0.7650602409638554,3618.320610687023
1.76,205,29081,66.0,54.0,66.0,90.0,299.19999999999993,48426.69706127306,0.3191653436153323,0.7707317073170732,4159.090909090909
7.17,1218,266589,66.0,66.0,66.0,232.0,417.0999999999992,189695.52362954695,3.19997164193213,0.6420361247947455,5456.066945606694
5.27,499,53123,66.0,54.0,66.0,90.0,232.0,7597.238292215693,0.49469626628401003,0.7715430861723447,3370.0189753320683
8.35,1350,216692,66.0,54.0,66.0,124.0,309.0,111219.42613772291,1.765763006075458,0.6822222222222222,5461.077844311378
0.58,372,83073,124.0,66.0,66.0,321.0,493.0,43518.60806885189,3.483646373056995,0.4731182795698925,16758.620689655174
5.07,531,58263,66.0,54.0,66.0,90.0,232.0,12780.90076287146,0.5713206936540899,0.7815442561205274,3822.4852071005917
7.01,778,88588,66.0,54.0,66.0,90.0,268.0,13051.563107566037,0.4447778720073064,0.7750642673521851,4099.857346647646
6.83,725,100210,66.0,54.0,66.0,90.0,376.0,27935.239571938164,0.3452270683151437,0.776551724137931,3803.8067349926796
7.94,913,149429,66.0,54.0,66.0,146.0,416.8000000000004,47684.80004654684,0.8869203959995959,0.7108433734939759,3861.4609571788415
1.03,161,17294,66.0,54.0,66.0,90.0,232.0,11228.640484549207,0.8478469922000214,0.8136645962732919,6291.26213592233
4.9,541,56108,66.0,54.0,66.0,90.0,220.0,7200.870640731718,0.5860918727915194,0.7781885397412199,4016.3265306122444
4.37,759,115840,66.0,54.0,66.0,232.0,376.0,21328.830667909548,1.17470478908142,0.6600790513833992,5615.560640732266
2.59,485,95009,66.0,66.0,66.0,281.0,448.0,75140.56832394518,1.5928988592325746,0.6144329896907217,5722.007722007722
8.25,956,134110,66.0,54.0,66.0,99.0,320.0,40474.275883650495,0.6665838200571642,0.7552301255230126,4029.0909090909086
2.59,618,106096,66.0,66.0,66.0,270.0,331.6000000000008,37068.56840627979,2.6355412397628757,0.6132686084142395,7482.625482625483
1.65,130,17710,66.0,54.0,66.0,127.75,314.50000000000045,27951.900591715977,0.377781235413101,0.6923076923076923,2509.090909090909
4.54,676,107590,66.0,66.0,66.0,196.0,448.0,34068.084879731105,1.3597403167083388,0.6671597633136095,4889.867841409691
8.11,1034,142023,66.0,66.0,66.0,124.0,309.70000000000005,22649.183903003865,0.9918515609660318,0.7117988394584139,4357.583230579532
3.9,413,52316,66.0,54.0,66.0,90.0,290.0000000000001,29485.086856345522,0.3972917390026976,0.7772397094430993,3830.7692307692305
7.3,713,100237,66.0,54.0,66.0,95.0,343.0,31341.0085784145,0.37333534279607605,0.7531556802244039,3410.958904109589
1.41,110,14775,66.0,54.0,66.0,90.0,321.1000000000002,31780.198760330582,0.34147448701652444,0.7818181818181819,2765.9574468085107
4.66,555,96418,66.0,54.0,66.0,124.0,448.0,76288.33580391204,0.6763974615317743,0.7333333333333333,3888.4120171673817
5.91,1212,201529,66.0,66.0,66.0,160.0,376.0,47163.05717508632,0.826022742717347,0.6534653465346535,6761.421319796954
3.88,501,69355,66.0,54.0,66.0,112.0,308.0,32972.78045904199,0.9197021700620017,0.7405189620758483,4731.958762886598
5.5,949,181792,66.0,66.0,66.0,161.0,428.0,112897.12923481096,1.5464630900686371,0.6807165437302424,5738.181818181819
2.7,314,40046,66.0,54.0,66.0,124.0,295.49999999999994,22695.650046655035,0.5124254097741521,0.7292993630573248,4177.777777777777
1.52,155,20524,66.0,54.0,66.0,124.0,308.0,17795.184349635798,0.48713861314397505,0.6967741935483871,3434.2105263157896
6.09,1059,233181,66.0,66.0,66.0,285.0,590.2,106309.59475907305,1.9751961722488038,0.6326723323890463,5586.206896551725
1.88,218,24842,66.0,66.0,66.0,90.0,232.0,17327.53000589176,0.40899551925585614,0.8165137614678899,4372.340425531916
6.85,683,95097,66.0,54.0,66.0,95.0,368.0000000000024,37362.36679107117,0.4698145285935085,0.7598828696925329,3529.92700729927
7.18,805,117326,66.0,54.0,66.0,99.0,376.0,42751.02894795726,0.7452733358125697,0.7577639751552795,3902.506963788301
5.61,1325,196470,66.0,66.0,66.0,160.0,309.0,23274.231456034173,1.8830745751768263,0.6196226415094339,7465.24064171123
8.25,1296,252653,66.0,54.0,66.0,239.5,445.0,79623.83297551345,1.5123353055237905,0.6774691358024691,5025.454545454545
3.74,390,44448,66.0,54.0,66.0,90.0,232.0,14627.865719921103,0.4587941842528472,0.8,3946.5240641711225
8.0,1335,185186,66.0,66.0,66.0,196.0,309.0,14351.433261232449,1.4475106723233284,0.6134831460674157,5377.5
4.62,387,50670,66.0,66.0,66.0,124.0,319.0,20057.599783666847,0.3861684083821196,0.7390180878552972,2974.025974025974
9.84,1199,170532,66.0,66.0,66.0,103.0,340.0,32397.877718504646,0.6682677727668483,0.7456213511259383,4335.365853658536
3.56,512,96294,66.0,66.0,66.0,160.0,397.6000000000008,126666.08433532715,1.4915648933968122,0.69921875,4988.76404494382
0.0,1,66,66.0,66.0,66.0,66.0,66.0,0.0,0.0,1.0,0
9.48,1516,268106,66.0,66.0,66.0,232.0,340.0,66854.70600838201,1.3445266453294156,0.6662269129287599,5398.734177215189
8.61,1390,174631,66.0,66.0,66.0,124.0,278.0,16427.840727188035,1.2811479478538026,0.6971223021582734,5679.442508710802
1.16,111,12566,66.0,54.0,66.0,90.0,268.0,9616.650758866977,0.3827024647887324,0.7567567567567568,3413.7931034482763
2.97,403,70419,66.0,66.0,66.0,203.5,496.0,39097.59334765931,1.078482880755608,0.6674937965260546,4666.666666666666
6.61,769,93155,66.0,66.0,66.0,112.0,292.0,19632.259283246614,0.6110092695074709,0.7321196358907672,4257.186081694402
2.13,221,27548,66.0,54.0,66.0,90.0,268.0,24814.77000880408,0.4017198392102987,0.8009049773755657,3943.661971830986
3.93,655,93633,66.0,66.0,66.0,160.0,309.0,24497.622040673617,1.0813808740497044,0.6870229007633588,5679.389312977099
8.14,831,90502,66.0,54.0,66.0,90.0,232.0,12391.458321567537,0.44560338631099755,0.7954271961492179,3803.4398034398027
2.64,509,77310,66.0,66.0,66.0,184.0,412.0,24884.24634766733,1.2866015971606033,0.6483300589390962,6431.818181818181
0.11,8,632,66.0,66.0,66.0,72.0,106.79999999999998,703.0,0.264,0.875,3272.727272727273
4.25,638,83428,66.0,54.0,66.0,124.0,311.0,17026.104598028713,1.0794616151545364,0.7068965517241379,5209.411764705883
3.6,408,43832,66.0,54.0,66.0,90.0,249.7000000000001,7945.936466743561,0.59024779595835,0.7622549019607843,4183.333333333333
1.43,410,61361,66.0,66.0,66.0,225.0,310.0,18513.887501487214,1.7353006731154994,0.6268292682926829,9440.559440559442
9.91,1026,129895,66.0,54.0,66.0,95.0,305.5,20798.4537512017,0.4088241993036952,0.7592592592592593,3741.6750756811302
5.73,557,76679,66.0,54.0,66.0,90.0,340.0,30387.853175997345,0.34576503211765947,0.7863554757630161,3507.853403141361
3.9,412,53036,66.0,54.0,66.0,90.0,270.7000000000001,26145.377556791398,0.38028315636060794,0.7815533980582524,3769.230769230769
4.04,412,45999,66.0,54.0,66.0,95.0,230.8000000000004,13187.53875836554,0.47607739948015276,0.7621359223300971,3668.3168316831684
7.2,910,121899,66.0,54.0,66.0,90.0,268.30000000000007,47953.81225576621,0.7702182657817923,0.7791208791208791,4591.666666666666
6.48,618,81559,66.0,54.0,66.0,90.0,317.500000000001,30655.589858191684,0.397587264595507,0.7944983818770227,3564.8148148148143
2.51,281,37970,66.0,54.0,66.0,90.0,304.0,34730.60014437508,0.48152483514768424,0.7864768683274022,4015.9362549800803
5.65,742,108874,66.0,55.2000000000001,66.0,107.75,266.7999999999997,104722.60389709461,1.3312991156506284,0.7493261455525606,4736.283185840707
9.67,1103,124345,66.0,54.0,66.0,95.0,268.0,10722.164674106472,0.7101028716030366,0.7552130553037172,4082.730093071355
4.81,1410,1877588,66.0,66.0,66.0,74.0,309.0,72102608.69735728,20.677399988454656,0.7914893617021277,12898.128898128898
0.76,92,9392,66.0,54.0,66.0,90.0,196.0,7295.7315689981115,0.48819521470448424,0.8152173913043478,4500.0
2.14,442,78976,74.0,66.0,66.0,309.0,381.0,19697.91941196945,2.7854575085078848,0.5452488687782805,5775.7009345794395
4.88,756,108286,66.0,66.0,66.0,196.0,321.0,27674.48953696705,1.9520200643367318,0.6653439153439153,5200.819672131148
3.75,425,51394,66.0,66.0,66.0,124.0,268.0,13577.046444290658,1.367405223639965,0.7152941176470589,4016.0
5.3,429,47029,66.0,54.0,66.0,90.0,232.0,9550.654028178504,0.5303937520338432,0.7645687645687645,2977.3584905660377
8.17,1023,146084,66.0,66.0,66.0,160.0,376.0,26512.38701841994,0.9766991867718496,0.696969696969697,4303.5495716034275
0.79,84,11333,66.0,66.0,66.0,115.0,304.0,33710.29067460318,0.6834521687462864,0.7380952380952381,3797.46835443038
4.86,651,84108,66.0,66.0,66.0,124.0,304.0,24525.41541902922,1.305971376871196,0.6789554531490015,4617.283950617284
5.02,490,53107,66.0,54.0,66.0,93.75,232.0,10001.71762182424,0.46801747014595313,0.763265306122449,3490.0398406374507
3.18,427,63215,66.0,66.0,66.0,160.0,309.0,41583.53197790806,0.9187458265039762,0.667447306791569,4509.43396226415
1.52,172,23834,66.0,66.0,66.0,99.0,300.70000000000016,48719.16373715521,0.47442004330343335,0.7616279069767442,3750.0
7.34,697,86807,66.0,54.0,66.0,95.0,268.0,28294.144785296274,0.3926554578707566,0.7733142037302726,3441.41689373297
6.09,704,104448,66.0,66.0,66.0,124.0,304.0,70935.77117768595,0.8341908859425762,0.7159090909090909,4009.8522167487686
8.2,727,85644,66.0,54.0,66.0,90.0,268.0,15626.137914854247,0.4182053022901522,0.7757909215955984,3256.09756097561
3.14,424,55781,66.0,66.0,66.0,124.0,310.0,16801.59558005518,1.0808370947886745,0.6792452830188679,4719.745222929936
6.95,842,101114,66.0,66.0,66.0,124.0,278.0,12672.068285554697,0.9119960668633235,0.7232779097387173,4247.482014388489
4.44,442,48219,66.0,54.0,66.0,90.0,268.0,8748.075105956063,0.8478960680616233,0.7669683257918553,3783.7837837837833
5.18,579,61400,66.0,66.0,66.0,124.0,196.0,6682.882266787178,0.9963584341266745,0.7271157167530224,3903.4749034749034
1.96,150,15983,66.0,54.0,66.0,90.75,257.19999999999993,7184.247155555555,0.44590193595078703,0.78,2846.9387755102043
0.31,48,5401,66.0,66.0,66.0,108.25,259.6,7487.582899305556,0.46606948968512485,0.7291666666666666,5032.258064516129
1.4,137,15806,66.0,54.0,66.0,95.0,304.0,9800.365070062337,0.4531580399007079,0.7591240875912408,3214.2857142857147
0.35,41,5236,66.0,54.0,66.0,90.0,268.0,36655.865556216544,0.272108843537415,0.8536585365853658,5142.857142857143
0.04,3,292,66.0,66.0,66.0,113.0,141.2,1963.5555555555557,0.825,0.6666666666666666,3000.0
6.32,577,70102,66.0,54.0,66.0,112.0,268.0,18411.383412078852,0.4454020618556701,0.7435008665511266,3256.3291139240505
9.8,1219,177532,66.0,66.0,66.0,160.0,312.60000000000036,26935.22537670908,0.9359876119126291,0.694011484823626,4144.897959183673
0.04,3,198,66.0,66.0,66.0,66.0,66.0,0.0,2.0,1.0,4500.0
9.28,1151,148992,66.0,54.0,66.0,112.0,305.0,20547.211430244995,0.6422737343341821,0.7419635099913119,4474.137931034484
1.84,235,30481,66.0,66.0,66.0,99.0,263.19999999999993,28735.084001810774,0.5219193129618535,0.7531914893617021,3880.4347826086955
8.19,976,120322,66.0,66.0,66.0,95.0,268.0,19872.017497816447,1.010392648287385,0.7510245901639344,4380.952380952382
3.18,465,62457,66.0,66.0,66.0,127.0,304.0,20259.35597641346,0.9294717330861909,0.6903225806451613,5075.471698113207
2.01,226,42168,66.0,66.0,66.0,90.0,484.0,105778.1367374109,0.21929215822345594,0.7566371681415929,4059.701492537314
5.55,1070,193020,66.0,66.0,66.0,268.0,387.0,47338.98424316534,2.037197885196375,0.5831775700934579,5913.513513513513
9.63,1092,140025,66.0,66.0,66.0,124.0,232.0,28761.75844553798,0.8265480492036368,0.7289377289377289,4068.535825545171
8.61,972,125780,66.0,54.0,66.0,105.25,303.39999999999986,34606.24476282409,0.6342918025544743,0.7448559670781894,4076.6550522648085
7.43,740,130012,66.0,54.0,66.0,124.0,508.0,58850.823988312644,0.38775684474569033,0.7297297297297297,3472.4091520861375
5.65,879,159297,66.0,66.0,66.0,236.0,376.0,59297.87417442254,1.3091876377130929,0.6143344709897611,4831.858407079645
7.71,555,80783,66.0,66.0,66.0,154.0,337.60000000000014,27242.225358331307,0.36308107652071203,0.6792792792792792,2498.0544747081713
5.17,549,76031,66.0,54.0,66.0,90.0,340.0,33764.796347722804,0.3545278010368602,0.7795992714025501,3806.576402321083
3.18,297,40451,66.0,54.0,66.0,90.0,313.6000000000008,31552.037977984106,0.37247650391884096,0.7777777777777778,3396.2264150943392
0.92,78,11044,66.0,54.0,66.0,115.5,386.7999999999999,25063.011176857326,0.35842558425584253,0.7435897435897436,3000.0
4.86,489,81023,66.0,63.60000000000005,66.0,90.0,474.39999999999986,59899.21139506776,0.2670336372308318,0.7709611451942741,3567.901234567901
6.44,1221,191833,66.0,66.0,66.0,196.0,313.0,35932.744350336485,1.5445079651417277,0.6396396396396397,6149.068322981367
1.79,152,16297,66.0,54.0,66.0,90.0,230.80000000000007,8842.27523372576,0.4553491694945526,0.7960526315789473,3150.8379888268155
7.97,1325,225435,74.0,66.0,66.0,299.0,376.0,22007.34276966892,2.012709146308868,0.5916981132075472,4938.519447929737
2.26,198,25359,66.0,54.0,66.0,95.0,196.0,63243.383149678615,0.9653568937456406,0.8131313131313131,2946.9026548672573
8.7,995,127506,66.0,54.0,66.0,124.0,304.0,16597.134248125047,0.6443263737539172,0.7135678391959799,4013.7931034482763
7.74,745,81396,66.0,54.0,66.0,95.0,196.0,11471.892660690959,0.5730823493032874,0.7530201342281879,3488.3720930232557
6.21,601,73741,66.0,54.0,66.0,95.0,268.0,33807.395815626194,0.5792731244512025,0.7653910149750416,3410.6280193236717
9.25,1218,157785,66.0,54.0,66.0,124.0,309.0,17174.661827513406,0.8306010928961749,0.7126436781609196,4534.054054054054
7.16,1003,175477,66.0,54.0,66.0,127.0,376.0,115763.49322322165,0.98062011129045,0.7178464606181456,4751.3966480446925
4.92,479,62683,66.0,54.0,66.0,90.0,364.0,21745.06660971666,0.4042519826157086,0.7745302713987474,3560.9756097560976
2.55,221,24462,66.0,54.0,66.0,90.0,211.0,13003.943244405318,0.4905855828407775,0.8099547511312217,3082.3529411764707
3.31,514,77692,66.0,66.0,66.0,160.0,401.1999999999996,33504.17930627262,1.4486888552697932,0.669260700389105,5365.558912386707
3.84,664,153563,66.0,66.0,66.0,256.0,432.7000000000005,159218.30533958125,1.4755448800619035,0.6671686746987951,5734.375
1.78,188,22144,66.0,54.0,66.0,93.25,268.0,18690.518560434586,0.5127749692580954,0.75,3943.820224719101
7.19,810,99001,66.0,54.0,66.0,90.0,292.0,21844.348832495045,0.597176736307171,0.762962962962963,4155.771905424201
7.48,941,126090,66.0,54.0,66.0,124.0,309.0,24454.28903612839,0.8211624010630308,0.7236981934112646,4451.871657754011
3.96,703,101072,66.0,54.0,66.0,160.0,340.0,21852.38063248545,1.0253692162795824,0.6884779516358464,5984.848484848485
4.61,522,103013,66.0,54.0,66.0,95.0,484.0,173450.6621049309,0.8612546525494164,0.7681992337164751,3930.58568329718
8.5,838,120100,66.0,54.0,66.0,90.0,304.0,48456.60568691225,0.3091059710928473,0.7637231503579952,3515.294117647059
6.4,638,78127,66.0,54.0,66.0,90.0,232.0,24110.93145949824,0.41087133182844243,0.7931034482758621,3656.2499999999995
0.29,29,3319,66.0,63.6,66.0,148.0,239.2,6802.040428061832,0.40278951817413355,0.6896551724137931,3931.0344827586214
4.95,966,238611,74.0,66.0,66.0,319.0,494.0,117326.39639352905,2.247954808412169,0.5766045548654244,5733.333333333333
9.4,1112,186179,66.0,54.0,66.0,160.0,466.79999999999995,42567.96052142099,1.181205773466423,0.6870503597122302,3887.234042553191
8.85,885,123107,66.0,54.0,66.0,118.0,340.0,29990.13834594146,0.3524377650341661,0.7401129943502824,3532.2033898305085
4.73,706,112855,66.0,54.0,66.0,160.0,477.0,36583.93397146273,0.9279917997779107,0.6883852691218131,4947.145877378435
0.35,11,1238,66.0,54.0,66.0,78.0,304.0,9886.611570247933,0.3283261802575107,0.8181818181818182,1371.4285714285716
0.64,65,9340,66.0,66.0,66.0,131.0,376.0,21366.982248520715,0.4994381120565099,0.7384615384615385,3281.25
7.96,967,133405,66.0,66.0,66.0,124.0,343.0,23574.307406033015,0.6406759233068097,0.7352637021716649,4409.547738693468
9.44,1395,224050,66.0,66.0,66.0,160.0,376.0,70819.21295975127,1.2946773318038898,0.6745519713261648,5116.525423728814
2.24,231,24582,66.0,66.0,66.0,90.0,196.0,10101.732051498286,0.4188744588744589,0.7965367965367965,3857.142857142857
1.94,197,24249,66.0,66.0,66.0,95.0,340.0,13730.824138730708,0.3669109357384442,0.751269035532995,3773.1958762886597
8.13,787,84167,66.0,66.0,66.0,90.0,232.0,10272.73921038993,0.4518059819919274,0.7878017789072427,3675.2767527675273
9.69,1393,284655,66.0,66.0,66.0,136.0,278.0,304161.7469688717,1.6785260602410772,0.6898779612347452,5046.439628482972
4.29,753,245679,66.0,66.0,66.0,160.0,484.0,534954.7481362731,1.415841486798761,0.6852589641434262,6139.86013986014
0.77,57,7667,66.0,61.2,66.0,124.0,311.1999999999998,20050.425361649744,0.7167487684729064,0.7368421052631579,2649.3506493506493
4.91,1444,321720,84.0,66.0,66.0,333.0,520.0,57011.73196184805,3.2248749162825514,0.5318559556786704,8285.132382892056
0.9,53,6991,74.0,66.0,66.0,160.0,232.0,15187.292986828052,0.41920422249289485,0.7169811320754716,1666.6666666666665
5.46,565,78687,66.0,54.0,66.0,90.0,340.0,28202.89045657451,0.3552937529065261,0.7628318584070797,3846.153846153846
4.2,949,183399,66.0,66.0,66.0,278.0,459.0,60429.03297020545,1.6196489022839922,0.6280295047418335,7042.857142857142
4.69,514,77326,66.0,66.0,66.0,124.0,343.0,41411.72496177081,0.48151128482201017,0.7140077821011673,3633.2622601279313
6.37,996,196018,66.0,66.0,66.0,275.75,412.0,92753.22310527248,1.3133061898861156,0.6616465863453815,5048.665620094192
5.97,758,120882,66.0,66.0,66.0,174.75,481.30000000000007,34115.41032156556,1.6809048569527612,0.6675461741424802,4211.05527638191
1.25,96,10974,66.0,66.0,66.0,101.5,286.0,9640.46484375,0.3793363499245852,0.75,2688.0
1.33,114,15328,66.0,54.0,66.0,118.75,365.2000000000001,21150.441058787317,0.31412894375857336,0.7368421052631579,2932.330827067669
7.04,1020,169061,66.0,66.0,66.0,160.0,448.0,36326.263955209535,1.000816606703276,0.6813725490196079,5028.409090909091
8.29,811,122956,66.0,66.0,66.0,92.5,340.0,48592.279744755,0.3575198180493298,0.7620221948212084,3640.530759951749
9.18,1426,243490,66.0,66.0,66.0,232.0,406.0,44729.87736663723,1.4195840330706626,0.6563814866760168,5137.254901960784
9.13,1260,236605,66.0,66.0,66.0,232.0,448.0,73193.1071271101,0.9984711933982583,0.6777777777777778,4534.501642935377
4.12,353,43343,66.0,54.0,66.0,124.0,296.80000000000007,14000.72418525147,0.4189419236561252,0.7422096317280453,3014.5631067961162
8.45,1706,362031,74.0,66.0,66.0,304.0,483.5,66747.33613967117,2.388502541159293,0.5679953106682297,6000.000000000001
1.27,100,13929,66.0,66.0,66.0,202.0,342.4000000000002,16040.0059,0.3788358740843397,0.68,2834.6456692913384
6.75,996,164475,66.0,66.0,66.0,266.0,376.0,27530.131226714086,1.2069182980664726,0.6134538152610441,4764.444444444444
3.05,735,172594,66.0,66.0,66.0,278.0,520.0,126084.08660095332,2.2558762497641953,0.6068027210884354,7436.065573770493
5.96,948,191779,66.0,66.0,66.0,196.0,492.0,120714.99421722833,1.7119221686440318,0.669831223628692,5255.03355704698
1.45,147,14264,66.0,54.0,66.0,93.0,135.40000000000012,8156.264149197095,0.6382221201332261,0.7891156462585034,3600.0
9.83,1210,206132,66.0,54.0,66.0,124.0,458.0,57429.25931015641,0.6174446615349607,0.7256198347107438,4297.0498474059
4.46,471,52443,66.0,54.0,66.0,90.0,232.0,23754.068535572773,0.4216818477553676,0.8089171974522293,3995.5156950672645
0.63,51,6462,66.0,54.0,66.0,115.0,304.0,18282.75663206459,0.39087386999569523,0.7254901960784313,3238.095238095238
1.27,124,13259,66.0,54.0,66.0,90.0,196.0,8795.051183662848,0.4379134584101507,0.782258064516129,3637.7952755905512
5.59,744,129724,66.0,54.0,66.0,124.0,438.1000000000015,82567.34067522257,0.744633923287966,0.728494623655914,4593.91771019678
8.73,1605,302996,66.0,66.0,66.0,309.0,426.0,45946.2586364651,1.5843639651319492,0.6348909657320873,5938.144329896906
3.54,376,73608,66.0,54.0,66.0,117.25,592.0,87142.08352195565,0.3577555198937524,0.7393617021276596,3711.864406779661
9.88,1116,195380,66.0,54.0,66.0,90.0,448.0,78193.8712054059,0.27209630898046083,0.7697132616487455,4099.19028340081
2.16,443,100320,66.0,66.0,66.0,285.0,584.8000000000004,87252.31578250081,2.0880044325422475,0.6252821670428894,6583.333333333332
7.44,1180,235437,66.0,66.0,66.0,282.0,493.0,67262.45625610458,1.406224130001533,0.6516949152542373,5112.903225806451
1.22,145,17054,66.0,54.0,66.0,90.0,290.79999999999995,14267.892223543398,0.505473163841808,0.7862068965517242,4327.868852459017
1.56,158,24231,66.0,54.0,66.0,140.5,412.0,36882.31921967633,0.3555045871559633,0.7151898734177216,3615.3846153846152
7.68,1192,219461,66.0,66.0,66.0,160.0,448.0,79725.79879214337,1.0307864565501033,0.6803691275167785,5265.625
7.82,1303,245882,66.0,66.0,66.0,268.0,428.0,63077.54354818475,1.6787741450500604,0.6369915579432079,5317.135549872123
1.98,204,26651,66.0,57.60000000000001,66.0,115.0,376.0,16587.670967896964,0.3492127778059029,0.7450980392156863,3424.242424242424
0.76,68,7790,66.0,54.0,66.0,90.0,278.8000000000002,14938.246539792382,0.3890870185449358,0.8088235294117647,3631.5789473684213
6.17,849,114830,66.0,54.0,66.0,127.0,366.00000000000045,19214.090169131283,0.9498072776051483,0.7067137809187279,4852.512155591572
0.36,206,63202,279.0,66.0,66.0,462.0,766.0,65289.43802431899,5.360909822866344,0.3932038834951456,11833.333333333334
0.92,326,65432,66.0,66.0,66.0,281.0,462.0,48009.76961872859,2.805734892107253,0.6042944785276073,12000.0
4.75,437,53387,66.0,54.0,66.0,90.0,304.0,16751.67690043934,0.4104515072257008,0.7711670480549199,3372.631578947369
0.05,10,1466,80.5,64.8,66.0,95.0,271.89999999999986,28448.439999999995,0.431640625,0.8,6000.0
4.31,670,82561,66.0,54.0,66.0,124.0,268.1,16378.17756515928,1.1502500260443795,0.6955223880597015,5512.76102088167
3.89,379,36796,66.0,54.0,66.0,90.0,196.0,6996.78133680495,0.5788209044881146,0.8179419525065963,3640.102827763496
1.61,171,21052,66.0,54.0,66.0,90.0,340.0,16534.414554905783,0.3987110490997276,0.7777777777777778,3913.0434782608695
3.91,568,77058,66.0,54.0,66.0,124.75,310.0,21771.5923303908,0.9437003405221339,0.7095070422535211,5125.31969309463
0.94,60,6286,66.0,54.0,66.0,90.0,232.0,8642.67888888889,0.49063315152952336,0.8,2361.7021276595747
9.78,1602,219529,66.0,66.0,66.0,157.0,310.0,18859.5937027062,1.1690874239190578,0.6760299625468165,5601.226993865032
2.01,293,40699,66.0,56.400000000000034,66.0,103.0,309.40000000000003,38107.779263590724,0.5087114472123369,0.7474402730375427,5492.5373134328365
6.04,930,187623,66.0,54.0,66.0,278.0,530.0,68518.80925078044,1.1711353090248446,0.6602150537634408,4837.748344370861
1.07,227,26949,66.0,66.0,66.0,160.0,232.0,7482.466766286945,1.2064024889471099,0.6784140969162996,7009.345794392523
2.9,1126,1829265,66.0,66.0,66.0,78.0,190.0,52321575.351773344,23.845029676613198,0.8801065719360568,16075.862068965518
8.32,1119,232274,66.0,63.600000000000136,66.0,196.0,462.0,136966.3108258443,1.8513171785617835,0.6738159070598749,4420.673076923077
9.36,1848,399288,66.0,66.0,66.0,267.0,415.0,183399.64296958453,1.8999266462825644,0.6217532467532467,5987.179487179487
7.18,719,95504,66.0,54.0,66.0,90.5,315.2000000000007,29614.45334947897,0.39603280174240985,0.7719054242002782,3543.1754874651815
7.21,1023,144317,66.0,66.0,66.0,124.0,340.0,26938.993789947534,0.8516898047165696,0.6930596285434996,4809.98613037448
1.64,306,48914,66.0,54.0,66.0,135.0,425.5,55187.787859370335,1.3162231271900748,0.6830065359477124,6475.609756097561
6.32,794,120308,66.0,54.0,66.0,122.75,340.0,74674.36037282135,0.6171082167291692,0.7367758186397985,4424.050632911392
3.51,480,102130,66.0,66.0,66.0,95.0,412.0,221405.73498263882,1.1176494982168035,0.7625,4974.358974358975
5.32,527,69146,66.0,66.0,66.0,95.0,304.0,23773.234260736182,0.3992350810449845,0.7609108159392789,3620.300751879699
2.82,651,209933,66.0,66.0,66.0,284.5,616.0,421881.5889816211,3.807809458376274,0.6298003072196621,7446.808510638298
2.48,205,19368,66.0,66.0,66.0,90.0,160.0,4281.498298631767,0.6348442643707267,0.7804878048780488,3145.1612903225805
5.33,574,73855,66.0,66.0,66.0,101.0,308.2000000000003,18524.438056186187,0.3412330881685281,0.7491289198606271,3951.2195121951218
7.74,826,151342,66.0,66.0,66.0,160.0,370.0,101269.59444564956,0.5892594615029193,0.6791767554479419,3534.8837209302324
1.87,157,20044,66.0,66.0,66.0,95.0,328.00000000000034,19393.036796624605,0.413041945717307,0.7515923566878981,3208.5561497326203
6.74,1264,220104,66.0,66.0,66.0,160.0,322.0,77200.22442316936,2.156472730923119,0.6186708860759493,5991.097922848664
3.27,271,33377,66.0,66.0,66.0,118.0,304.0,13093.634155308342,0.4026896406808153,0.7269372693726938,2954.1284403669724
3.78,338,49896,66.0,54.0,66.0,109.75,386.8000000000004,31400.892090613077,0.3148172547366202,0.7455621301775148,3190.4761904761904
8.96,4630,7196648,310.0,66.0,66.0,2962.0,2962.0,3579157.373987657,29.39625614015822,0.44362850971922246,11229.910714285714
8.29,930,173535,66.0,66.0,66.0,232.0,451.0,74644.35676378773,0.7763299315201704,0.6655913978494624,3669.481302774427
5.18,724,147273,66.0,66.0,66.0,304.0,423.0,83333.41140952657,1.4767999192748187,0.6077348066298343,4389.96138996139
9.32,1531,324993,66.0,66.0,66.0,292.0,447.0,137784.83032780836,2.029136258143892,0.6080992815153494,5124.4635193133045
4.29,366,47248,66.0,66.0,66.0,124.0,304.0,16114.811042431842,0.3801080765298671,0.7240437158469946,2937.062937062937
0.41,45,6258,66.0,54.0,66.0,90.0,225.20000000000002,55084.55111111112,0.3489976287993102,0.7777777777777778,3804.878048780488
7.05,1067,195330,66.0,66.0,66.0,274.5,444.4,39970.800879059876,1.4538019923872216,0.6007497656982193,4672.340425531916
9.36,1313,239755,66.0,66.0,66.0,278.0,425.59999999999945,49368.19716595832,1.4346788525006346,0.6138613861386139,4416.666666666667
2.57,225,33932,66.0,66.0,66.0,139.0,448.0,27376.287920987656,0.2854978026973784,0.7155555555555555,3105.0583657587554
0.71,73,10762,66.0,54.0,66.0,90.0,333.7999999999999,35950.189528992305,0.2790587116710245,0.7534246575342466,3718.3098591549297
8.4,1218,278773,66.0,66.0,66.0,282.0,652.0,116154.28963265846,1.751438525844116,0.6174055829228243,4507.142857142857
7.69,787,151935,66.0,66.0,66.0,232.0,484.0,55614.586454924276,0.8934833813137922,0.6429479034307497,3308.192457737321
1.46,356,77667,121.0,66.0,66.0,310.0,494.0,37301.1888255902,3.2295376572455483,0.47191011235955055,6739.726027397261
3.08,148,20462,66.0,56.800000000000004,66.0,151.0,275.2000000000003,20568.6773192111,0.46188468957633777,0.6554054054054054,1500.0
7.23,1129,219589,66.0,66.0,66.0,269.0,448.0,74647.44751816394,1.362442173211404,0.6306465899025686,5029.045643153527
8.15,1019,218882,66.0,54.0,66.0,196.0,484.0,179233.6394105711,1.4554582066613568,0.662414131501472,4144.78527607362
0.02,11,1200,66.0,66.0,66.0,66.0,124.0,15115.173553719005,0.875,0.8181818181818182,27000.0
8.26,1308,288410,66.0,66.0,66.0,278.0,472.0,142602.0099294859,1.8645352244172304,0.617737003058104,5062.953995157385
2.57,212,32092,66.0,54.0,66.0,124.0,392.8000000000004,49739.40477038092,0.3361089137765935,0.7122641509433962,2871.5953307393
4.48,419,60562,66.0,54.0,66.0,124.0,348.7999999999999,34124.82124161972,0.33634899269622015,0.7136038186157518,3200.892857142857
4.58,622,107762,66.0,66.0,66.0,267.0,412.0,37274.52230642777,1.1325918742949872,0.639871382636656,4152.838427947598
1.43,149,19848,66.0,66.0,66.0,124.0,332.8000000000002,18394.594297554162,0.32709280556298476,0.7315436241610739,3818.1818181818185
0.85,64,11183,66.0,57.60000000000001,66.0,183.25,494.50000000000006,39652.038818359375,0.3286206486871807,0.703125,2611.764705882353
5.62,569,87608,66.0,54.0,66.0,124.0,376.0,51081.98845444634,0.8001150653406756,0.7135325131810193,3405.693950177936
0.36,20,2392,74.0,66.0,66.0,92.0,181.6000000000003,13246.239999999996,0.2943722943722944,0.8,1333.3333333333333
9.63,1074,184167,66.0,54.0,66.0,176.0,443.00000000000045,46997.67966823757,0.7907761420431342,0.6852886405959032,3775.700934579439
6.98,1184,198145,66.0,66.0,66.0,202.0,340.0,50778.49842423188,1.8446629818390639,0.6165540540540541,5467.048710601719
2.6,348,52993,66.0,66.0,66.0,232.0,331.60000000000014,14240.06885817149,1.4771186836815782,0.5689655172413793,4130.7692307692305
9.0,1931,586408,78.0,66.0,66.0,328.0,484.0,296865.3399753967,4.211125921976362,0.5282237182806836,6146.666666666667
6.86,985,156186,66.0,66.0,66.0,232.0,331.0000000000001,21701.05396583267,1.4231037746094295,0.582741116751269,4443.148688046647
4.65,567,88491,66.0,66.0,66.0,190.0,340.0,34277.90179446265,0.9618889258397073,0.6261022927689595,4000.0
5.98,561,77316,66.0,66.0,66.0,148.0,304.0,26827.17906336088,0.697722930985266,0.6702317290552585,3210.7023411371238
0.99,77,9557,66.0,66.0,66.0,90.0,327.4000000000001,13246.700624051271,0.3305025755255464,0.7662337662337663,2727.272727272727
4.16,276,53008,66.0,66.0,66.0,232.0,502.0,60603.4459147238,0.24009825710609428,0.6376811594202898,2120.1923076923076
2.36,328,62771,66.0,66.0,66.0,163.0,379.0,127104.51486280488,1.39063868682637,0.6585365853658537,4728.813559322034
3.97,859,214888,74.0,66.0,66.0,298.0,341.0,213683.26406290443,3.6072768594155358,0.5552968568102444,6317.380352644836
5.8,613,78723,66.0,54.0,66.0,131.0,303.2000000000003,12451.366344749033,0.8822446442234124,0.6623164763458401,3579.3103448275865
2.63,202,27659,66.0,66.0,66.0,124.0,337.10000000000014,18389.256862072347,0.3416929420325006,0.7128712871287128,2555.133079847909
1.21,110,14724,66.0,54.0,66.0,94.0,376.0,22776.415206611568,0.4412685982772122,0.7636363636363637,3223.1404958677685
8.32,1019,191974,66.0,66.0,66.0,268.0,415.0,55703.869881476676,1.3140828602080545,0.633954857703631,4016.8269230769233
2.41,484,108858,74.0,66.0,66.0,303.0,592.0,55729.818916057644,2.7563146997929606,0.5392561983471075,5775.933609958506
5.5,724,159121,66.0,66.0,66.0,309.0,552.4000000000005,75994.81502968469,1.4871594479265986,0.5939226519337016,3960.0000000000005
7.33,1126,165111,66.0,66.0,66.0,196.0,309.0,22805.837461234376,1.3720118377198023,0.5941385435168739,4870.395634379263
9.39,1141,153914,66.0,66.0,66.0,148.0,310.0,19999.251681221253,0.8736639641613713,0.6713409290096407,4134.185303514377
3.74,268,46535,66.0,54.0,66.0,129.25,494.8000000000004,51634.64884996659,0.2933574207893274,0.7126865671641791,2438.5026737967914
0.2,19,3174,74.0,66.0,66.0,143.0,419.1999999999998,36360.155124653735,0.23405909797822705,0.7368421052631579,2700.0
1.99,164,29987,66.0,57.60000000000001,66.0,95.0,558.1,81347.4828599048,0.23969572946380585,0.7621951219512195,2984.924623115578
5.95,896,235180,66.0,66.0,66.0,256.0,784.0,182370.01959103954,2.232492612191602,0.6439732142857143,4568.0672268907565
2.48,196,33155,66.0,54.0,66.0,124.0,466.0,60327.102535401915,0.3121339243311699,0.7193877551020408,2733.8709677419356
3.68,625,106515,66.0,66.0,66.0,196.0,419.0,35565.837824,1.4975379853685988,0.5984,5298.913043478261
0.35,25,3276,95.0,66.0,66.0,124.0,269.2000000000001,10535.2384,0.44190140845070425,0.56,2057.1428571428573
0.58,340,84750,124.0,66.0,66.0,310.0,484.0,80758.9240484429,3.794365559766929,0.46176470588235297,14586.206896551726
9.9,1535,285504,66.0,66.0,66.0,232.0,412.0,67071.90356778321,1.8093321656646364,0.6123778501628665,4915.151515151515
8.09,1016,162026,66.0,54.0,66.0,196.0,376.0,31278.53871520243,0.8335370269780916,0.6515748031496063,4190.358467243511
9.38,906,126726,66.0,66.0,66.0,160.0,310.0,22802.92897972311,0.6069947628044992,0.6821192052980133,3191.8976545842215
4.72,764,157544,66.0,66.0,66.0,268.0,448.0,72886.47184835942,1.650471063257066,0.599476439790576,5046.610169491526
5.2,632,83611,66.0,66.0,66.0,124.0,310.0,18872.246312189553,0.6490345738910912,0.7041139240506329,4165.384615384615
7.19,1001,173012,66.0,66.0,66.0,232.0,414.0,36823.34376113397,1.193829806119473,0.6323676323676324,4556.328233657858
4.86,770,231049,74.0,66.0,66.0,280.0,520.0,330152.30114521843,3.614519672458558,0.5987012987012987,4654.320987654321
1.05,213,66623,66.0,66.0,66.0,103.0,893.6000000000042,453389.60594238364,4.1537866481008745,0.7464788732394366,6857.142857142857
3.15,294,27888,66.0,54.0,66.0,90.0,160.0,9245.510204081631,0.5963365769891242,0.7993197278911565,3561.904761904762
0.29,20,2395,66.0,66.0,66.0,133.0,239.5000000000001,8868.7875,0.9298952457695407,0.7,2275.8620689655177
5.85,860,110204,66.0,66.0,66.0,135.0,309.0,14421.030373174688,1.0541286113699906,0.7093023255813954,5323.076923076924
2.5,236,24502,66.0,66.0,66.0,90.0,232.0,6799.010700948002,0.44528991918834426,0.7838983050847458,3744.0
6.11,776,132956,66.0,66.0,66.0,187.0,448.0,43542.78207035817,1.1280110116999311,0.6829896907216495,4418.985270049099
6.41,783,101718,66.0,66.0,66.0,103.0,310.60000000000014,31161.35552913198,0.5850591370202421,0.7471264367816092,4567.86271450858
3.7,384,52235,66.0,66.0,66.0,90.0,299.4,33996.4080335829,0.34834796076406815,0.8098958333333334,3989.189189189189
7.08,823,105361,66.0,66.0,66.0,108.5,278.0,22762.299694830726,0.741504132231405,0.7448359659781288,4254.237288135593
7.85,1508,274386,66.0,66.0,66.0,297.0,458.0,29426.602619803136,2.0385710014285556,0.5961538461538461,5946.496815286624
8.14,971,138888,66.0,54.0,66.0,160.0,340.0,21426.366362939243,0.8107716978918137,0.6848609680741503,4024.570024570024
8.74,1141,165030,66.0,54.0,66.0,124.0,328.0,46480.4487798808,1.1055653372119727,0.7239263803680982,4627.00228832952
0.25,30,3284,74.0,66.0,66.0,90.0,242.80000000000015,7377.582222222222,0.39152542372881355,0.8,3360.0
5.41,776,112730,66.0,54.0,66.0,124.0,376.0,31200.187074875117,0.9550137005306788,0.7164948453608248,5079.482439926062
3.69,680,118422,66.0,54.0,66.0,268.0,411.0,43622.92455882353,1.7288690201861923,0.6470588235294118,6000.0
0.37,28,3115,74.0,62.400000000000006,66.0,95.0,242.8,7611.330357142857,0.6165023352361183,0.7857142857142857,2108.108108108108
3.88,606,92970,66.0,54.0,66.0,232.0,364.0,23830.813874456755,1.1325840119279733,0.6716171617161716,5134.020618556701
8.99,1283,261493,66.0,54.0,66.0,268.0,534.5999999999999,82105.52960137636,1.110414346359337,0.6695245518316446,4631.8131256952165
3.23,307,50836,66.0,54.0,66.0,95.0,322.6000000000003,72921.48627571645,0.2629748329234056,0.758957654723127,3362.2291021671826
7.27,1001,173781,66.0,66.0,66.0,232.0,400.0,61279.64506023448,0.9986084116341387,0.6503496503496503,4456.6712517193955
2.88,512,109580,66.0,66.0,66.0,268.0,446.0000000000007,117586.0971069336,1.3038432427886637,0.5703125,5687.5
6.89,663,135301,66.0,66.0,66.0,160.0,564.0,76994.51489982233,0.21738152436994448,0.6877828054298643,3213.3526850507983
1.62,206,32389,66.0,66.0,66.0,90.0,424.0,48850.079013102084,0.24157626403955992,0.7669902912621359,4518.518518518518
8.77,1221,195829,66.0,54.0,66.0,127.0,376.0,52937.9302635224,0.5551611314940995,0.7010647010647011,4775.370581527936
5.89,1034,240256,66.0,66.0,66.0,267.75,592.0,129478.7688868603,0.4958410121034019,0.6479690522243714,5602.716468590832
1.13,126,27081,66.0,66.0,66.0,95.0,585.0,150599.24092970524,0.20109105424224952,0.753968253968254,3610.6194690265493
1.39,138,14499,66.0,54.0,66.0,74.0,196.0,14177.727630749843,0.4775298073983491,0.7971014492753623,3971.223021582734
6.2,1058,174192,66.0,59.60000000000002,66.0,232.0,399.6000000000008,34624.29390260897,0.9980271156890184,0.6559546313799622,5632.258064516129
7.48,886,122665,66.0,54.0,66.0,103.0,310.0,35109.87710128459,0.5908206671162525,0.7471783295711061,4267.379679144385
0.58,55,8062,66.0,66.0,66.0,214.0,307.6,20386.352396694212,0.7668200745123822,0.6181818181818182,3310.3448275862074
5.12,612,77553,66.0,54.0,66.0,95.0,304.0,21339.083693771623,0.4874563657984579,0.7516339869281046,4171.875
8.25,1076,215724,66.0,54.0,66.0,124.0,412.0,167646.89481212257,0.8157363140529257,0.7146840148698885,4363.636363636363
9.15,1191,164956,66.0,54.0,66.0,148.0,321.0,23110.844454032165,0.9394951264535396,0.6977329974811083,4472.131147540984
2.76,335,38792,66.0,54.0,66.0,124.0,268.0,7918.478200044555,1.086040008604001,0.7104477611940299,4108.695652173913
1.41,257,25429,66.0,61.20000000000002,66.0,124.0,160.0,3279.7013126618112,1.1167901440106551,0.6926070038910506,6510.63829787234
7.31,1058,193794,66.0,66.0,66.0,214.75,376.0,80326.08825726039,1.0556245027844073,0.6720226843100189,4744.186046511629
3.06,278,33388,66.0,54.0,66.0,90.0,304.0,17233.82438797164,0.5302259498602135,0.7877697841726619,3372.549019607843
8.41,883,116581,66.0,66.0,66.0,95.0,304.0,32652.37632184114,0.36108484232893184,0.7621744054360136,3759.8097502972655
3.29,345,39758,66.0,54.0,66.0,90.0,232.0,16340.397193866833,0.42557997776901285,0.782608695652174,3884.4984802431613
7.05,843,113909,66.0,54.0,66.0,95.0,268.0,37283.13780502048,0.901811503464396,0.7520759193357058,4170.212765957447
6.78,744,103981,66.0,54.0,66.0,95.0,340.0,31278.736470617994,0.4012289945692455,0.7594086021505376,4008.8495575221236
6.27,827,110723,66.0,66.0,66.0,124.0,286.1999999999998,25461.10288641072,0.8997803781613534,0.6952841596130592,4555.023923444976
8.66,1324,253325,66.0,54.0,66.0,124.0,376.0,179872.85355817765,1.5263530561566923,0.7122356495468278,5341.801385681293
0.46,37,4016,66.0,54.0,66.0,95.0,246.39999999999995,7477.437545653762,0.5131876412961568,0.7567567567567568,3000.0
4.77,517,61761,66.0,61.20000000000002,66.0,90.0,304.0,15711.455390981297,0.38192517676541665,0.7911025145067698,3974.842767295598
2.47,413,57514,66.0,56.400000000000034,66.0,124.0,309.0,27356.342078572306,1.2757993035770814,0.6997578692493946,5587.044534412955
1.79,180,19811,66.0,66.0,66.0,90.0,268.0,10892.190709876544,0.42936507936507934,0.8111111111111111,3720.6703910614524
9.81,1638,287988,66.0,66.0,66.0,160.0,387.0,69052.34008238405,1.8355881136645595,0.6648351648351648,5522.935779816514
7.81,852,103586,66.0,54.0,66.0,90.0,304.0,17632.28353611497,0.42173238721365924,0.7828638497652582,4017.9257362355957
4.34,429,54043,66.0,66.0,66.0,90.0,304.0,19412.742932281395,0.3952701830480469,0.7622377622377622,3608.294930875576
3.22,393,49810,66.0,66.0,66.0,95.0,304.0,18978.007743656482,0.3779843417157717,0.7659033078880407,4341.614906832298
7.75,1448,236962,66.0,66.0,66.0,268.0,412.0,25687.110754784655,1.7299769585253457,0.6049723756906077,5636.129032258064
2.96,356,40750,66.0,54.0,66.0,90.0,232.0,15643.001672768589,0.44467685326337436,0.7724719101123596,4317.5675675675675
5.77,839,133724,66.0,64.40000000000009,66.0,160.0,426.0,33610.76358852768,1.6123581238156635,0.6555423122765197,4689.774696707106
7.85,1037,122225,66.0,54.0,66.0,124.0,281.0,10747.166661862115,0.7639121399295734,0.7299903567984571,4585.987261146497
7.59,1085,164754,66.0,54.0,66.0,232.0,312.0,22812.054011764954,1.2179830643098504,0.6645161290322581,4679.841897233202
5.37,505,78817,66.0,54.0,66.0,95.0,448.0,47034.867899225566,0.28584246932915686,0.7603960396039604,3296.0893854748606
2.38,207,25533,66.0,54.0,66.0,90.0,332.80000000000007,20626.70027305188,0.3906862745098039,0.7777777777777778,3025.210084033614
6.92,2366,2983985,124.0,66.0,66.0,2962.0,2962.0,2391618.008433971,15.283594632498595,0.48985629754860527,8384.393063583815
2.01,359,56538,66.0,63.60000000000005,66.0,160.0,376.0,39403.91001000923,1.0644855035419558,0.6796657381615598,6238.805970149255
4.58,851,195547,66.0,66.0,66.0,328.0,575.0,89572.6999382768,2.5179181808369013,0.5969447708578144,5737.991266375546
6.55,1285,274749,66.0,66.0,66.0,266.0,400.0,147098.3220239519,2.4661208321243393,0.6,6009.160305343512
5.88,1323,247577,74.0,66.0,66.0,301.0,445.79999999999995,38924.68071545407,1.9189205121554387,0.5714285714285714,6693.877551020408
3.67,627,115522,66.0,66.0,66.0,197.5,448.0,63839.75466577129,1.658550617909005,0.6044657097288676,5231.607629427793
3.89,1527,523312,131.0,66.0,66.0,309.0,664.0,304807.2697942171,2.9600447982565004,0.48264571054354943,9809.768637532132
7.87,1244,256527,66.0,66.0,66.0,196.0,444.40000000000055,121572.78568963821,0.8552346100439713,0.6302250803858521,4947.903430749682
3.09,1695,824829,124.0,66.0,66.0,309.0,1655.2000000000057,674977.5831028272,4.217167724021025,0.479646017699115,13165.048543689321
1.42,669,225250,268.0,66.0,66.0,308.0,600.6000000000024,300843.74499565427,1.7751084171101912,0.47085201793721976,11154.929577464789
1.9,876,383658,90.0,66.0,66.0,308.0,1405.5,549723.5604710076,3.656269721831157,0.5125570776255708,12031.578947368424
2.16,689,210210,267.0,66.0,66.0,309.0,701.0,177280.3612016321,3.4219361353022846,0.45428156748911463,7416.666666666666
7.17,1652,710269,74.0,66.0,66.0,308.0,1580.0000000000027,579541.9963603439,3.4712907063852287,0.6004842615012107,6518.828451882845
0.39,43,5278,66.0,56.400000000000006,66.0,95.0,318.40000000000043,15192.469442942129,0.3951890034364261,0.7906976744186046,3538.461538461538
1.82,165,44936,66.0,58.800000000000026,66.0,259.0,685.5999999999998,267281.9211753903,0.34910532004323286,0.6787878787878788,3065.934065934066
0.55,106,15278,66.0,54.0,66.0,74.0,221.5,74355.30331078677,0.5468259592993824,0.8679245283018868,7418.181818181818
6.97,1978,670024,78.0,66.0,66.0,308.0,772.0,373819.1528542993,2.4692182629676807,0.5566228513650152,7635.581061692969
2.73,1198,568734,160.0,66.0,66.0,308.0,1514.0,630629.3360999553,4.095452264908257,0.4741235392320534,10197.802197802199
0.17,39,15359,66.0,66.0,66.0,90.0,1162.4000000000046,711967.0703484549,0.29099773052029926,0.7692307692307693,9882.35294117647
8.72,1396,435743,66.0,66.0,66.0,308.0,808.0,343336.6023406006,0.523683474368837,0.6346704871060171,4864.678899082569
9.14,1458,450313,66.0,66.0,66.0,308.0,1053.7999999999997,296965.515116918,0.4523367982429264,0.6659807956104252,5048.140043763676
8.58,1458,483527,66.0,66.0,66.0,308.0,814.5999999999995,366522.08989379817,1.2375461019819802,0.607681755829904,5125.874125874127
0.33,59,9614,66.0,54.0,66.0,86.5,144.00000000000068,104378.21775351911,0.6358686404628212,0.8983050847457628,6181.818181818181
1.92,215,65839,66.0,66.0,66.0,308.0,841.5999999999999,289959.8410816657,0.2654045742840669,0.6465116279069767,3593.75
4.52,728,203813,66.0,66.0,66.0,160.0,710.8000000000025,288646.64560250874,0.7379066297164784,0.6717032967032966,5163.716814159293
1.44,450,193118,124.0,66.0,66.0,308.75,1348.0,591395.7682765431,4.971305772857982,0.4822222222222222,8166.666666666666
2.46,234,48355,66.0,66.0,66.0,304.0,451.0,87725.3399992695,0.2703270721134901,0.6324786324786325,3195.121951219512
0.27,25,2888,66.0,54.0,66.0,98.0,212.00000000000017,14978.329600000003,0.32234432234432236,0.76,3777.7777777777774
8.42,825,158705,66.0,54.0,66.0,95.0,520.0,97773.17362718089,0.22411279685921218,0.7527272727272727,3406.1757719714965
4.7,767,148974,66.0,66.0,66.0,184.0,373.0,121915.58228693718,1.3625291403016317,0.666232073011734,5272.340425531915
5.68,817,135414,66.0,66.0,66.0,139.0,377.19999999999993,84568.57410683921,1.4503112333526347,0.7001223990208079,4827.4647887323945
1.88,207,25595,66.0,54.0,66.0,90.0,332.80000000000007,17772.42152675675,0.36383012735120157,0.7922705314009661,3957.4468085106387
9.81,1200,170493,66.0,54.0,66.0,105.25,340.0,37755.54816041667,0.6552718446601942,0.745,4238.532110091743
0.22,35,5009,66.0,58.800000000000004,66.0,124.0,275.8000000000002,35309.64408163265,0.24015845506313444,0.7142857142857143,4909.090909090909
9.5,1614,310639,66.0,66.0,66.0,297.0,462.0,65842.06168339607,1.6055509889114425,0.6047087980173482,5103.1578947368425
4.92,439,72301,66.0,54.0,66.0,95.0,453.1999999999997,50886.53553063755,0.3320252768105529,0.7562642369020501,3048.780487804878
2.89,578,113548,66.0,66.0,66.0,303.25,458.0,62666.69038924341,1.4699919514476518,0.6089965397923875,6249.134948096886
2.23,418,68366,66.0,66.0,66.0,184.0,340.0,51309.76371877933,1.9051119704245103,0.631578947368421,5811.659192825112
6.42,765,107619,66.0,66.0,66.0,131.0,340.0,28976.526658977316,0.5532799307209353,0.6967320261437908,3962.6168224299067
7.19,1128,176227,66.0,66.0,66.0,160.0,344.20000000000095,40801.37547076983,0.9679832936893475,0.6817375886524822,5282.336578581363
0.56,56,7325,66.0,66.0,66.0,160.0,208.0,21045.836415816324,1.3774748458292763,0.6785714285714286,3535.7142857142853
0.96,86,9298,66.0,54.0,66.0,93.75,246.5,8510.009734991889,0.4635605225877538,0.7558139534883721,3437.5
4.62,821,144936,66.0,66.0,66.0,220.0,328.0,90238.16101097707,1.9699391405913813,0.6467722289890377,5701.298701298701
0.35,45,3658,66.0,54.0,66.0,74.0,112.20000000000005,2078.9165432098766,1.110790536641662,0.8888888888888888,4971.428571428572
2.72,376,48011,66.0,66.0,66.0,148.0,273.0,13740.74625820507,0.810369532428356,0.7127659574468085,4830.882352941177
0.13,14,2208,66.0,66.0,66.0,241.0,293.20000000000005,19485.061224489797,0.2646048109965636,0.5714285714285714,3692.3076923076924
9.77,884,132324,66.0,54.0,66.0,90.0,412.0,37789.99528060441,0.3194137002692193,0.7624434389140271,3261.00307062436
6.37,702,104476,66.0,54.0,66.0,147.5,328.0,35150.57093692421,0.625933764940239,0.707977207977208,3701.7268445839873
1.42,166,21152,66.0,66.0,66.0,109.75,273.0,23688.460734504282,0.41978789099207947,0.7409638554216867,4014.084507042254
2.03,363,65892,66.0,66.0,66.0,233.5,427.8,44996.44792022403,1.6990537828206282,0.6528925619834711,5763.546798029557
0.31,23,2660,66.0,54.0,66.0,66.0,268.0,13705.270321361062,0.22693726937269373,0.782608695652174,3483.8709677419356
4.34,402,56607,66.0,66.0,66.0,131.0,374.8000000000004,21562.097033489274,0.4276310811833245,0.7089552238805971,3110.599078341014
7.1,1302,220852,66.0,66.0,66.0,196.0,376.0,40878.049995162815,1.826001279590531,0.6228878648233487,5864.788732394366
4.84,823,150416,66.0,66.0,66.0,278.0,495.0,42327.423742376304,1.7861522218311816,0.6269744835965978,5392.561983471074
8.79,1251,180629,66.0,54.0,66.0,160.0,365.0,24103.282949978944,0.9882551074321945,0.6858513189448441,4880.546075085324
9.8,1115,173522,66.0,57.200000000000045,66.0,196.0,371.2000000000003,30530.241521848424,0.8527194687052895,0.6923766816143497,3857.1428571428564
6.78,962,177029,66.0,66.0,66.0,229.0,412.0,60948.62010559257,1.4117078088387554,0.6538461538461539,4681.415929203539
4.16,506,71508,66.0,66.0,66.0,124.0,364.0,26589.814494836664,0.759980310115678,0.7114624505928854,4269.2307692307695
2.85,621,80585,66.0,66.0,66.0,160.0,278.0,11544.368990849001,1.4384229000242073,0.6167471819645732,7178.9473684210525
3.3,656,89807,66.0,66.0,66.0,160.0,310.0,23100.28438940734,1.2562305295950156,0.6112804878048781,6327.272727272727
7.05,872,123631,66.0,54.0,66.0,124.0,307.0,37540.835187221186,0.8552349224928345,0.7087155963302753,4280.851063829788
4.03,336,38223,66.0,54.0,66.0,95.0,268.0,10622.665098852041,0.4463616755590873,0.7738095238095238,2992.555831265509
8.7,1446,253605,66.0,66.0,66.0,160.0,446.5,61959.75932318658,1.1110528418739387,0.6632088520055325,5696.551724137931
4.42,365,53285,66.0,54.0,66.0,112.0,376.0,33504.32583974479,0.34161693984943475,0.7479452054794521,2904.9773755656106
9.52,1325,244455,66.0,66.0,66.0,160.0,493.0,66163.72770380919,0.5222684418317911,0.6784905660377358,4689.075630252101
3.25,541,78144,66.0,54.0,66.0,160.0,292.0,32494.220943621218,0.9467862481315397,0.6876155268022182,5630.7692307692305
7.93,1260,209378,66.0,66.0,66.0,170.5,331.0,71734.36847820609,1.1849811115981048,0.6579365079365079,5152.585119798235
4.68,455,59070,66.0,66.0,66.0,95.0,304.0,27705.44161333172,0.3660014337580649,0.7714285714285715,3551.2820512820513
1.83,201,33830,66.0,54.0,66.0,146.0,415.0,52396.282963293,0.2774232526526451,0.7114427860696517,3606.55737704918
3.68,337,51305,66.0,66.0,66.0,112.0,384.80000000000075,41118.44964735095,0.2700200509938857,0.7299703264094956,3081.5217391304345
2.53,242,44602,66.0,54.0,66.0,124.0,448.0,75901.66682603647,0.32795426802036504,0.7066115702479339,3154.1501976284585
5.54,465,79768,66.0,66.0,66.0,160.0,448.0,57573.985690831316,0.2787226879979481,0.7010752688172043,2880.8664259927796
3.16,517,119766,66.0,66.0,66.0,196.0,584.0000000000003,173367.3127962617,1.3578769145962122,0.6576402321083172,5069.620253164557
3.75,425,74675,66.0,54.0,66.0,148.0,412.0,87516.22643598617,0.6002700154294531,0.7152941176470589,3920.0
4.89,431,66784,66.0,54.0,66.0,103.0,340.0,55613.220363800785,0.3006407385046838,0.7447795823665894,3190.184049079755
7.74,1335,200899,66.0,66.0,66.0,131.0,380.0,31262.892504593976,1.1056388219264228,0.6449438202247191,5697.674418604651
0.24,41,4644,66.0,66.0,66.0,90.0,148.0,39578.92801903629,0.46129641283826306,0.8780487804878049,6250.0
3.63,329,48442,66.0,54.0,66.0,112.0,382.1999999999999,37066.04264557792,0.4328561287269285,0.7446808510638298,3190.0826446280994
8.82,801,117805,66.0,54.0,66.0,95.0,376.0,38370.3118604865,0.31379087299817104,0.7590511860174781,3258.5034013605446
8.88,1002,151825,66.0,54.0,66.0,124.0,376.0,40283.267482002055,0.6163632492281487,0.7245508982035929,3905.405405405405
3.08,310,42979,66.0,54.0,66.0,109.75,304.60000000000014,28043.468563995848,0.3313198897252424,0.7451612903225806,3564.935064935065
8.49,1206,186236,66.0,66.0,66.0,160.0,344.5,33388.52291334923,1.2893459046822948,0.6550580431177446,4763.250883392226
0.57,79,7331,66.0,66.0,66.0,90.0,160.0,3699.8070821983656,0.5433684210526316,0.7848101265822784,4842.105263157895
3.86,396,49406,66.0,54.0,66.0,124.0,304.0,16895.837593102748,0.5463536776212833,0.7297979797979798,3512.953367875648
5.55,520,73891,66.0,54.0,66.0,91.0,340.30000000000007,36105.12307322485,0.3202365637507147,0.7634615384615384,3405.4054054054054
8.09,988,145576,66.0,63.60000000000002,66.0,139.0,340.0,35222.83501614515,0.9029542483660131,0.6953441295546559,4071.6934487021013
6.44,1665,1128307,74.0,66.0,66.0,458.0,2962.0,1201156.2165935305,9.036711202832286,0.590990990990991,7649.068322981367
8.92,831,226168,66.0,66.0,66.0,199.0,520.0,303666.7241185066,1.4359739350530454,0.6534296028880866,2946.188340807175
1.96,144,24629,66.0,66.0,66.0,166.0,423.2000000000003,49651.53351658952,0.2436376489598061,0.6875,2448.979591836735
1.56,150,26019,66.0,54.0,66.0,160.0,379.5999999999998,54968.4084,0.3859798646993022,0.7066666666666667,3346.1538461538457
0.82,319,55586,66.0,66.0,66.0,238.0,366.39999999999986,47257.278800326254,1.9088910984352923,0.5893416927899686,11707.317073170732
3.19,532,96379,66.0,66.0,66.0,196.0,494.0,53007.046564955635,1.50471685854622,0.6522556390977443,5529.780564263323
3.96,521,66425,66.0,54.0,66.0,124.0,268.0,17290.372817665717,0.8242612325606943,0.7216890595009597,4560.60606060606
7.89,813,113148,66.0,66.0,66.0,95.0,376.0,27234.711618850506,0.3734553664635479,0.7515375153751538,3650.190114068441
6.14,900,235072,66.0,66.0,66.0,196.0,418.00000000000045,312754.2101432099,2.0911410049048613,0.6744444444444444,4817.589576547231
7.94,953,126153,66.0,66.0,66.0,124.0,309.0,21643.657151602773,0.678436955335879,0.7030430220356768,4201.511335012595
9.49,1134,208746,66.0,54.0,66.0,124.0,448.0,117039.78911564626,0.7809420617518834,0.7292768959435626,4046.3645943097995
0.78,75,9444,66.0,54.0,66.0,136.0,275.2000000000001,15667.886933333333,0.805736137667304,0.6933333333333334,3307.6923076923076
6.06,606,75167,66.0,54.0,66.0,90.0,280.0,22607.623972050675,0.40727912680433603,0.8036303630363036,3732.673267326733
5.19,649,99795,66.0,54.0,66.0,131.0,400.0,36831.90118257079,0.6118065089235242,0.7211093990755008,4265.8959537572255
2.73,376,34712,66.0,66.0,66.0,95.0,124.0,3659.6906971480303,1.0605484981598006,0.7553191489361702,5010.989010989011
3.79,965,126328,66.0,66.0,66.0,160.0,299.0,11306.386690649411,1.273763026692345,0.6145077720207254,8200.527704485488
7.47,771,90108,66.0,66.0,66.0,90.0,268.0,15283.128778129369,0.5121075330167307,0.7665369649805448,3927.710843373494
7.5,902,156913,66.0,66.0,66.0,268.0,412.0,40653.259026504296,1.0047399419963972,0.6607538802660754,3976.0
3.24,470,93118,66.0,66.0,66.0,279.0,448.0,60189.44434585787,1.2046546866491465,0.6042553191489362,4629.629629629629
9.92,1483,267973,66.0,66.0,66.0,266.0,415.0,49680.820938948906,1.9258527317989256,0.6041807147673635,4735.887096774193
4.59,257,34170,66.0,66.0,66.0,127.0,364.0,15158.834743902258,0.35983763132760266,0.6848249027237354,1882.3529411764707
8.61,3691,5571055,169.0,66.0,66.0,2962.0,2962.0,3977738.70236234,24.86736778567117,0.44838797073963693,9853.658536585366
3.39,277,43122,66.0,56.400000000000006,66.0,232.0,376.0,22389.91609430593,0.709765671464256,0.6462093862815884,2778.7610619469024
9.54,1091,238807,66.0,54.0,66.0,268.0,520.0,123593.61902609552,0.9427365098476281,0.6452795600366636,3748.4276729559756
6.4,678,158308,66.0,54.0,66.0,138.0,602.8000000000025,173335.40038809268,0.26122738390203876,0.7212389380530974,3628.1249999999995
4.71,594,178635,66.0,66.0,66.0,304.0,912.4000000000005,269891.0377767575,0.3801668855752144,0.664983164983165,4203.821656050955
0.06,2,1354,677.0,178.60000000000002,365.5,988.5,1175.4,388129.0,0.04153846153846154,0.5,1000.0
1.04,185,78295,74.0,66.0,66.0,309.0,1492.0,501152.73162892624,1.5259710930442638,0.6162162162162163,5307.692307692308
1.6,584,269354,99.0,66.0,66.0,308.0,1514.0,628782.1764754177,4.401664494134162,0.5,9037.5
1.86,219,61648,74.0,66.0,66.0,308.0,546.4000000000053,258788.1678030066,0.6899122807017544,0.6301369863013698,3516.129032258064
5.87,2469,1007266,124.0,66.0,66.0,309.0,1019.8000000000052,502003.7209414562,3.6490201327413208,0.48602673147023084,10405.451448040885
2.57,286,75571,66.0,54.0,66.0,225.0,628.0,239374.9556090763,0.6311813335060114,0.6888111888111889,3968.8715953307396
0.08,6,525,84.5,70.0,74.0,95.0,108.0,343.5833333333333,2.106508875739645,0.8333333333333334,750.0
6.8,2438,3302277,66.0,66.0,66.0,184.0,736.0,58706380.05803332,12.643404863618711,0.7251845775225595,14426.470588235296
5.42,1360,545391,78.0,66.0,66.0,308.0,1188.200000000007,496386.64433336933,1.6483519151581074,0.5558823529411765,7051.660516605166
4.07,1201,541178,90.0,66.0,66.0,308.0,1514.0,615810.5851077473,2.727788722498519,0.5312239800166528,7724.815724815724
2.64,896,428534,90.0,66.0,66.0,308.0,1641.0,636631.3197096222,2.640189257834068,0.5066964285714286,8318.181818181818
3.18,319,83778,66.0,66.0,66.0,226.0,620.7999999999988,222537.7448531363,0.588871187983614,0.6677115987460815,3094.3396226415093
7.76,900,226813,66.0,54.0,66.0,178.0,592.0,228028.6542358025,0.3654878871068728,0.7066666666666667,3943.298969072165
1.64,177,60967,66.0,54.0,66.0,304.0,1348.0,300603.7951418813,0.19872198191112858,0.6779661016949152,3512.19512195122
6.35,2598,1157113,95.0,66.0,66.0,309.0,1514.0,597970.9529544252,3.1001552024719006,0.5046189376443418,10299.212598425198
2.85,399,130510,74.0,66.0,66.0,284.0,1103.9999999999995,324258.7157115847,0.6212019577153363,0.6967418546365914,4147.368421052632
4.27,1661,780301,124.0,66.0,66.0,320.0,1514.0,599554.3510082384,3.1153596649912716,0.48344370860927155,9723.653395784544
1.66,224,47859,66.0,66.0,66.0,90.0,311.80000000000007,243328.30594308037,1.4187092535503107,0.7991071428571429,5204.819277108434
9.16,3263,1135231,103.0,66.0,66.0,309.0,736.0,352672.15405766555,3.642539913629523,0.49800796812749004,9019.650655021835
5.94,1779,451764,90.0,66.0,66.0,308.0,376.0,140721.15916344614,3.109373720835039,0.5053400786958966,7717.171717171716
6.19,577,95561,66.0,66.0,66.0,124.0,400.0,54047.70598536025,0.3138422195946875,0.7400346620450606,3208.400646203554
9.85,981,212371,66.0,66.0,66.0,160.0,551.0,135205.41182986426,0.31334801053790307,0.7033639143730887,3380.7106598984774
0.16,9,2386,66.0,63.6,66.0,340.0,620.8000000000001,74687.2098765432,0.9027113237639554,0.5555555555555556,1875.0
7.72,1670,449705,90.0,66.0,66.0,309.0,520.0,181300.78436838902,2.6286431268760286,0.5215568862275449,5743.5233160621765
4.89,482,92199,66.0,54.0,66.0,124.0,541.8000000000008,82694.24078872608,0.25364062818682437,0.7178423236514523,3423.3128834355834
0.84,92,16253,66.0,66.0,66.0,95.0,484.0,73921.52776465028,0.29774832321941874,0.7608695652173914,3714.285714285714
7.33,1294,252045,66.0,66.0,66.0,297.0,412.0,74874.281475673,1.3609445839109746,0.6352395672333848,5435.197817189632
2.44,306,46474,66.0,54.0,66.0,142.0,309.0,38052.2002648554,0.6396993966764281,0.7254901960784313,4303.2786885245905
9.88,1343,242473,66.0,54.0,66.0,128.5,340.0,126809.57627232347,1.1748798076923077,0.6939687267311988,4554.655870445344
8.88,1240,176069,66.0,65.20000000000005,66.0,124.0,340.0,39556.29105033819,0.6781901711845667,0.7225806451612903,4864.864864864864
0.85,151,16448,66.0,54.0,66.0,78.0,268.0,10265.789395201964,0.74292677757762,0.8013245033112583,6705.882352941177
5.99,585,74950,66.0,54.0,66.0,90.0,324.8000000000002,22663.431835780557,0.42666793566193967,0.7777777777777778,3515.859766277128
0.93,109,13776,66.0,54.0,66.0,90.0,305.20000000000005,27235.48455517212,0.4231404958677686,0.8256880733944955,4322.58064516129
6.1,703,109790,66.0,54.0,66.0,124.0,403.0,44498.52180352846,0.7431134397078669,0.7268847795163584,3963.9344262295085
2.02,236,26069,66.0,54.0,66.0,90.0,232.0,12694.155325337544,0.45693846755714523,0.809322033898305,4336.633663366337
8.11,1368,287564,66.0,66.0,66.0,281.0,436.0,111101.87649191203,2.204055710306407,0.6461988304093568,5237.977805178792
5.56,716,126329,66.0,66.0,66.0,232.0,412.0,44635.19577065323,0.8332196601413417,0.6452513966480447,4111.510791366907
2.36,441,118635,90.0,66.0,66.0,313.0,678.0,98144.38076727289,2.221763571680743,0.5238095238095238,5288.13559322034
5.17,897,210886,66.0,66.0,66.0,220.0,458.0,211900.62181506795,2.201111127977049,0.6265328874024526,5396.51837524178
6.28,646,101182,66.0,66.0,66.0,95.0,304.0,106135.40377076365,0.9759407893452067,0.7662538699690402,3745.2229299363057
1.99,186,24079,66.0,58.0,66.0,90.0,273.0,28869.172881257946,0.3892799446111239,0.8118279569892473,3497.48743718593
7.4,1490,333608,66.0,66.0,66.0,279.0,535.9000000000012,96384.6835529931,2.141436588948736,0.6187919463087248,6275.675675675676
5.88,673,78369,66.0,54.0,66.0,124.0,267.0,10946.808881745263,0.7689720554376778,0.7206537890044576,4020.408163265306
3.02,372,153381,66.0,66.0,66.0,196.0,1514.0,676990.8930150886,4.117647058823529,0.7016129032258065,3973.5099337748343
6.1,772,405418,74.0,66.0,66.0,282.25,2962.0,928179.6268960242,4.274759302628155,0.6567357512953368,3767.2131147540986
1.1,126,17809,66.0,66.0,66.0,116.75,365.5,24320.812106324007,0.3736212880833012,0.746031746031746,4090.909090909091
4.95,598,81766,66.0,66.0,66.0,95.0,307.60000000000014,32342.115703403764,0.7691758443862647,0.7508361204013378,4193.939393939394
5.56,1024,183720,66.0,66.0,66.0,157.0,300.40000000000055,172244.3500366211,1.239313530709506,0.6787109375,6334.53237410072
2.45,224,31753,66.0,54.0,66.0,98.75,340.0,39475.13167649873,0.5154393165656469,0.75,3134.69387755102
7.21,1239,213675,66.0,66.0,66.0,164.5,484.0,46786.27887443401,1.2219622523787241,0.6836158192090396,5766.9902912621355
9.84,1442,227207,66.0,54.0,66.0,163.0,340.0,43949.60515282557,1.0201385245974517,0.688626907073509,4853.658536585365
4.71,1077,187910,66.0,66.0,66.0,216.0,310.0,108924.46666477,2.0689705858335103,0.6155988857938719,7082.802547770701
1.61,141,11036,66.0,54.0,66.0,74.0,124.0,765.7287862783563,0.7123351435221101,0.8368794326241135,3391.304347826087
8.74,1074,151578,66.0,66.0,66.0,124.0,412.0,23576.51647368476,0.8522392619294923,0.7271880819366853,4215.102974828375
6.17,960,140867,66.0,66.0,66.0,124.0,412.0,26441.537837456603,1.0078823210798638,0.6927083333333334,5367.909238249595
1.06,107,13255,66.0,54.0,66.0,90.0,318.4000000000002,19941.508603371472,0.38592639063153494,0.7850467289719626,3849.056603773585
2.99,343,49650,66.0,54.0,66.0,90.0,412.0,41984.51876344041,0.32438848728960495,0.8046647230320699,4254.180602006689
5.22,543,94642,66.0,54.0,66.0,95.0,486.40000000000003,65301.59641714913,0.30359085963003263,0.7550644567219152,3643.6781609195405
1.54,146,21012,66.0,54.0,66.0,90.0,412.0,38858.993244511155,0.42802772869376104,0.8082191780821918,3428.5714285714284
7.84,1238,204456,66.0,66.0,66.0,148.0,389.0,47854.096974900895,1.1153611372642338,0.6906300484652665,5380.102040816327
5.33,611,87297,66.0,54.0,66.0,124.0,340.0,35152.02053460695,0.9065475670481349,0.7250409165302782,3872.420262664165
3.18,379,40957,66.0,66.0,66.0,124.0,196.0,7991.65000243663,0.6731484129253646,0.7387862796833773,4320.754716981131
6.16,1023,198083,66.0,66.0,66.0,268.0,412.0,84416.39158207754,1.9828183351403446,0.6441837732160313,5357.142857142857
7.29,691,91527,66.0,54.0,66.0,95.0,268.0,37477.909412102264,0.43405302080721986,0.7713458755426917,3341.5637860082306
1.36,436,219012,78.0,66.0,66.0,340.0,2748.0,784039.5987290632,6.6703673869645925,0.555045871559633,9088.235294117647
3.36,633,105789,66.0,66.0,66.0,232.0,447.80000000000075,30968.506143168393,1.8118919780979215,0.6429699842022117,6089.285714285714
4.17,483,55300,66.0,66.0,66.0,90.0,268.0,15325.773757013834,0.7263986013986014,0.8074534161490683,4618.705035971224
3.23,342,54907,66.0,66.0,66.0,119.5,480.7000000000011,41868.2595071988,0.7857677171756594,0.7426900584795322,3659.4427244582043
6.54,1144,198467,66.0,66.0,66.0,298.0,441.0,41036.539988966455,1.9380754996299037,0.6398601398601399,5532.1100917431195
9.32,1052,170955,66.0,54.0,66.0,112.0,376.0,75070.30130820889,0.4780056369200975,0.7423954372623575,3939.914163090128
3.11,372,39080,66.0,55.20000000000002,66.0,90.0,232.0,8128.685281535438,0.6816558371702741,0.7768817204301075,4553.054662379422
1.32,136,21022,66.0,60.0,66.0,95.0,376.0,78978.21518166091,0.42570362834859277,0.7573529411764706,3681.8181818181815
2.78,550,104059,66.0,66.0,66.0,181.75,484.9000000000002,121748.3152694215,2.4465752517223107,0.6309090909090909,6388.489208633094
9.78,2085,336308,66.0,66.0,66.0,238.0,386.20000000000164,24579.087216787724,1.7976940162550226,0.60431654676259,6558.282208588958
3.95,880,161163,74.0,66.0,66.0,270.25,425.0,28408.427054493808,2.0514626526554958,0.5522727272727272,6273.417721518987
3.28,453,67128,66.0,56.400000000000034,66.0,160.0,425.0,21510.70733739748,1.233951213018736,0.6843267108167771,4682.926829268293
0.55,207,35751,66.0,66.0,66.0,278.0,476.80000000000007,25065.742070993485,2.2069429494079658,0.6280193236714976,12218.181818181818
5.76,923,132082,66.0,66.0,66.0,160.0,328.0,33029.12202542701,0.9083133470107204,0.6706392199349945,5406.25
8.25,994,152925,66.0,54.0,66.0,124.0,376.0,62802.64191284528,0.6433299662576027,0.7394366197183099,4247.272727272727
6.68,944,148536,66.0,60.40000000000009,66.0,124.0,340.0,62814.88986641769,0.9847936181300694,0.7266949152542372,4895.209580838324
0.5,50,5277,66.0,54.0,66.0,74.0,122.90000000000015,14083.888399999996,0.48063973063973064,0.88,4200.0
8.81,1348,201492,66.0,54.0,66.0,124.0,340.0,49796.572805959375,1.0590663832570308,0.6965875370919882,5244.040862656072
0.15,18,1584,66.0,54.0,66.0,72.0,111.00000000000006,5416.888888888889,0.7639198218262806,0.8888888888888888,5200.0
3.16,552,91853,66.0,55.20000000000002,66.0,235.75,399.0,30410.203840448434,1.2996019327541748,0.6612318840579711,5829.113924050633
2.24,206,18229,66.0,54.0,66.0,90.0,160.0,4161.084857196719,0.6499818971759594,0.8058252427184466,3562.4999999999995
6.73,1104,144331,66.0,66.0,66.0,160.0,301.0,24160.287353464344,1.3170441957907242,0.6621376811594203,5393.759286775631
9.26,1095,157630,66.0,54.0,66.0,124.0,364.0,30448.922115885824,0.6427663255309836,0.730593607305936,4205.183585313175
1.06,128,18281,66.0,54.0,66.0,90.0,386.7999999999999,44601.522399902344,0.38094878380420005,0.7890625,4641.509433962264
3.99,655,122710,66.0,66.0,66.0,281.0,467.2000000000003,48207.694213623916,1.8370942384167206,0.6335877862595419,5203.007518796992
2.01,210,22305,66.0,54.0,66.0,90.0,232.0,10359.949319727892,0.5427445013141513,0.8047619047619048,3850.746268656717
4.39,490,64951,66.0,54.0,66.0,90.0,340.0,24008.58187838401,0.38579871556892614,0.7755102040816326,4086.560364464693
8.73,1384,385992,66.0,66.0,66.0,160.0,356.0,408697.338885362,3.143234365943196,0.6871387283236994,5374.570446735394
8.2,1057,248881,66.0,54.0,66.0,124.0,461.79999999999995,262577.3477210541,1.2951244478462545,0.7256385998107853,4463.414634146342
0.54,72,11896,66.0,55.2,66.0,90.0,519.0999999999999,42052.867283950625,0.3725625937463944,0.7638888888888888,4222.222222222222
6.73,801,130075,66.0,54.0,66.0,124.0,436.0,58313.17939030644,0.7651648799022934,0.7378277153558053,4172.362555720653
7.55,1073,221136,66.0,54.0,66.0,124.0,328.0,247612.37003671407,2.0712906765183816,0.7157502329916123,4966.887417218543
6.13,1286,198827,66.0,66.0,66.0,244.75,309.5,38551.137059830835,1.5942980167014613,0.6003110419906688,6440.456769983686
3.2,274,37014,66.0,66.0,66.0,109.75,365.2000000000006,21131.53247375993,0.4299953639313862,0.7445255474452555,3056.25
9.55,1038,148952,66.0,66.0,66.0,160.0,340.60000000000014,22153.082369014075,0.7289040555284723,0.6657032755298651,3687.958115183246
5.84,1168,260020,66.0,66.0,66.0,196.0,412.0,192182.68255066616,2.217870181300662,0.636986301369863,6349.315068493151
1.17,130,13840,66.0,66.0,66.0,90.0,250.90000000000015,7006.140828402367,0.4287189016207288,0.7769230769230769,4205.128205128205
2.99,318,33036,66.0,54.0,66.0,90.0,196.0,9381.936869585854,0.49911512456323454,0.8113207547169812,4113.71237458194
4.78,649,89998,66.0,54.0,66.0,124.0,376.0,25961.283657921038,0.5853649943630215,0.7195685670261941,4794.979079497907
9.24,1133,154915,66.0,59.60000000000002,66.0,124.0,310.0,22225.618142712134,0.6888518227803943,0.7210944395410415,4253.2467532467535
3.93,412,53032,66.0,54.0,66.0,90.0,304.0,20579.284805353942,0.3929031071888215,0.7766990291262136,3709.9236641221373
7.38,764,102264,66.0,54.0,66.0,90.0,317.2000000000003,28613.373797319156,0.37647723907717984,0.7787958115183246,3747.967479674797
9.96,1456,261470,66.0,54.0,66.0,160.0,412.0,103868.57447583323,1.4646752193954018,0.6998626373626373,4987.951807228916
6.61,953,128826,66.0,54.0,66.0,135.0,302.8000000000004,22564.60473965795,1.032661175802329,0.7082896117523609,5019.667170953101
9.74,1240,143795,66.0,54.0,66.0,124.0,256.0,11419.688199141518,0.8340965038711241,0.7298387096774194,4546.201232032854
3.01,343,41953,66.0,54.0,66.0,90.0,260.8000000000004,23604.202976650886,0.44198116450127173,0.7755102040816326,4026.5780730897013
9.22,1262,213472,66.0,54.0,66.0,160.0,413.0,47307.442295955654,1.0,0.7099841521394612,4672.451193058568
0.16,16,1776,74.0,66.0,66.0,107.5,232.0,6212.0,0.44155844155844154,0.75,2625.0
0.7,350,58685,66.0,66.0,66.0,238.0,457.0,21467.877755102043,2.5109183368232126,0.5542857142857143,15428.57142857143
3.76,389,36541,66.0,54.0,66.0,98.0,134.19999999999993,4780.8621936148975,0.7469522398049433,0.7506426735218509,3829.7872340425533
6.49,736,80607,66.0,54.0,66.0,90.0,220.0,16698.99414985527,0.7389437804720197,0.7853260869565217,4178.736517719568
1.12,107,10690,66.0,54.0,66.0,90.0,196.0,7898.458555332347,0.697094776948722,0.794392523364486,3642.8571428571427
9.35,4054,5816407,95.0,66.0,66.0,2962.0,2962.0,3939267.6205435432,16.236505288237858,0.5019733596447953,11018.181818181818
9.23,1173,348891,66.0,66.0,66.0,196.0,592.0,400416.54242188367,2.3510157037890793,0.6743393009377664,4218.851570964247
6.34,1948,660341,78.0,66.0,66.0,309.0,779.1999999999989,337537.4591923376,2.9843423799582465,0.5400410677618069,8252.36593059937
4.72,1324,939993,78.0,66.0,66.0,706.0,2962.0,1153939.8182262622,5.468969361631844,0.5438066465256798,7538.13559322034
2.89,331,78787,66.0,66.0,66.0,268.0,520.0,167797.65787095777,0.3133136637162241,0.6555891238670695,3487.889273356401
2.86,838,390750,90.0,66.0,66.0,309.0,1514.0,624104.5395161795,3.1289784014539923,0.5071599045346062,7468.531468531469
3.85,1114,469196,84.0,66.0,66.0,308.0,1345.3000000000004,546606.4357016461,3.1435598534022167,0.5224416517055656,7636.363636363637
6.12,707,182413,66.0,66.0,66.0,308.0,564.0,209360.66609716133,0.39157334228433677,0.6647807637906648,3598.0392156862745
2.85,278,76294,66.0,56.80000000000001,66.0,109.75,672.4000000000003,292666.1311526319,0.3702227011494253,0.7410071942446043,3305.2631578947367
7.81,1858,776608,78.0,66.0,66.0,309.0,1314.0999999999997,491124.1804641958,1.947379606893594,0.5360602798708288,6345.710627400769
3.29,1588,735098,232.0,66.0,66.0,309.0,1510.6,579091.062076087,3.6203519798868635,0.46977329974811083,11179.331306990882
9.68,3305,2930380,66.0,66.0,66.0,308.0,1348.0,22805820.983770516,6.823421835996423,0.6562783661119516,10710.743801652892
3.89,559,142022,66.0,54.0,66.0,197.5,592.0,213373.94218528486,0.322094170654056,0.6994633273703041,4781.491002570694
9.72,2477,1053859,78.0,66.0,66.0,309.0,1348.0,535255.2147118856,1.9788961910819023,0.5421881308033912,6759.259259259259
9.65,4995,2149982,124.0,66.0,66.0,309.0,1321.0,519283.49349453556,3.5356356271887264,0.4856856856856857,12627.9792746114
8.92,2818,1304508,78.0,66.0,66.0,308.0,1937.0000000000018,665484.0134404147,3.3033185986672824,0.5500354861603974,8670.403587443947
4.31,602,165722,66.0,66.0,66.0,171.25,518.7999999999997,307657.6193640247,0.7987062322269738,0.7126245847176079,4524.361948955917
0.53,67,25676,66.0,66.0,66.0,454.0,1348.0,343121.0095789708,0.11016949152542373,0.6119402985074627,4301.88679245283
3.28,1052,465528,78.0,66.0,66.0,308.0,1506.0,594338.5690988738,2.506538113889726,0.5522813688212928,8725.609756097561
7.68,980,281413,66.0,66.0,66.0,160.0,1060.0,277330.26644210744,0.22106610548239428,0.7091836734693877,4226.5625
6.57,1407,582359,74.0,66.0,66.0,308.0,1348.0,532957.8601762232,1.6692410644714768,0.605543710021322,6127.853881278539
1.84,241,63858,66.0,66.0,66.0,160.0,776.0,209121.09044265767,0.2513079771912292,0.7136929460580913,4695.652173913043
6.95,1539,627932,78.0,66.0,66.0,321.0,1267.2000000000019,485362.5820273495,1.8285989711433643,0.5432098765432098,5870.503597122302
6.7,1611,597731,74.0,66.0,66.0,308.0,980.0,444619.8450950769,2.1867769211904076,0.5828677839851024,7029.850746268657
7.94,1670,639302,74.0,66.0,66.0,309.0,1168.0,461707.7468234787,2.070069199998079,0.5808383233532934,6037.783375314862
8.5,1893,657454,74.0,66.0,66.0,309.0,719.1999999999989,374014.8935285531,2.2996602241416517,0.5747490755414686,6395.294117647059
8.89,1485,462196,74.0,66.0,66.0,308.0,772.0,318505.59679579176,1.1846318187619052,0.6121212121212121,5001.124859392576
2.55,829,364153,78.0,66.0,66.0,308.0,1514.0,582169.0115199763,3.080145658263305,0.5392038600723763,8705.882352941177
9.85,2548,965555,90.0,66.0,66.0,309.0,1024.0,437650.6340792113,2.366461424746179,0.5270800627943485,6761.421319796955
4.5,1141,482493,90.0,66.0,66.0,309.0,1348.0,532448.0177742819,2.8236650658551663,0.5100788781770377,6293.333333333334
4.87,1299,365420,78.0,66.0,66.0,308.0,480.0,282043.20493587473,2.8516347998397875,0.5596612779060816,7540.041067761807
0.32,35,7656,66.0,66.0,66.0,107.0,319.6,205776.19102040815,0.13321492007104796,0.7428571428571429,4312.5
4.83,526,116523,66.0,66.0,66.0,198.25,520.0,137365.86906345328,0.2427661821013001,0.6901140684410646,3503.105590062112
2.55,251,62635,66.0,54.0,66.0,124.0,808.0,190322.9255408644,0.3426293112687831,0.7410358565737052,3341.1764705882356
8.47,1208,445181,74.0,66.0,66.0,308.0,1256.3999999999987,426459.3386577069,1.5445457403332286,0.5894039735099338,4207.792207792207
7.68,817,178567,66.0,54.0,66.0,95.0,559.0,167093.0096406083,0.29125960850103766,0.7552019583843329,3742.1875
5.44,1036,355273,66.0,66.0,66.0,308.0,796.0,420486.6134850032,1.9617436684062224,0.6235521235521235,5757.35294117647
2.81,302,59611,66.0,54.0,66.0,95.0,416.80000000000007,127365.59494101135,0.3905710553326491,0.7549668874172185,3758.0071174377226
0.27,51,8751,66.0,66.0,66.0,113.0,309.0,54409.1049596309,0.7229769639692853,0.7450980392156863,5777.777777777777
2.91,386,91512,66.0,66.0,66.0,259.0,628.0,154290.14421863673,0.29828195270049795,0.6839378238341969,4371.134020618557
3.71,1004,411517,78.0,66.0,66.0,309.0,1310.8000000000002,523141.8425610308,2.679778596466128,0.5747011952191236,7617.250673854448
9.17,1385,373812,66.0,66.0,66.0,304.0,590.0,248697.86588434622,0.8853018756588006,0.6657039711191336,4802.617230098146
0.39,69,12156,66.0,54.0,66.0,90.0,140.00000000000006,198442.46250787657,0.7777127815150628,0.8260869565217391,7076.923076923076
0.09,14,2772,228.0,57.6,72.0,296.75,297.0,13277.142857142857,0.2875058058522991,0.35714285714285715,2666.6666666666665
9.9,2727,977901,74.0,66.0,66.0,308.0,826.0000000000009,431322.53565070475,2.817659046191324,0.5775577557755776,7860.60606060606
2.99,339,85863,66.0,66.0,66.0,134.5,592.0,225710.45077923095,0.6670808659353461,0.7050147492625368,4033.4448160535117
4.25,1162,458435,78.0,66.0,66.0,308.0,1239.1000000000108,539503.9396886785,3.0681793979838137,0.5783132530120482,7694.117647058823
5.31,1818,722545,90.0,66.0,66.0,309.0,1128.4999999999998,480648.6478791719,4.333970663142897,0.5099009900990099,8700.564971751413
4.78,1115,388306,74.0,66.0,66.0,308.0,628.0,414982.8723231918,2.771242655271209,0.568609865470852,6778.242677824267
2.06,162,28500,66.0,66.0,66.0,112.25,448.0,69414.59945130316,0.391126079953141,0.7469135802469136,2825.242718446602
1.17,119,20223,66.0,54.0,66.0,95.0,376.0,69137.08057340582,0.2542951063697823,0.7647058823529411,3384.6153846153848
5.58,1119,352479,74.0,66.0,66.0,308.0,793.0,317734.2037246009,1.7158267006710997,0.5987488829311886,6000.0
6.58,789,165973,66.0,54.0,66.0,124.0,556.0,129077.07920536013,0.4663739331719471,0.7325728770595691,4176.29179331307
0.79,382,114316,232.0,66.0,66.0,309.0,309.0,241689.5258079548,5.032188275025065,0.45287958115183247,11468.354430379746
2.85,300,46680,66.0,54.0,66.0,97.0,342.40000000000055,54177.24,0.34041636755204596,0.75,3600.0
8.51,936,161338,66.0,54.0,66.0,95.0,412.0,73793.0513870626,0.31442677442481914,0.7574786324786325,3905.99294947121
3.16,562,128884,74.0,66.0,66.0,308.0,410.8000000000004,144767.6591481871,1.8324908795217794,0.6014234875444839,5316.455696202532
3.55,802,175600,66.0,66.0,66.0,160.0,309.0,214727.64364027587,1.9394532884715179,0.6583541147132169,7335.211267605634
7.46,1408,282312,66.0,66.0,66.0,296.0,376.0,107028.4332063533,1.5234817741387632,0.625,5959.785522788204
9.97,978,151214,66.0,54.0,66.0,95.0,352.9000000000002,48459.88082184333,0.3332804302781819,0.7535787321063395,3484.45336008024
3.25,300,52346,66.0,54.0,66.0,124.0,448.0,63773.7364888889,0.3334522111269615,0.7366666666666667,3378.4615384615386
1.46,479,112393,74.0,66.0,66.0,308.0,494.0,123549.35331523138,2.8738841209113155,0.5490605427974948,9534.246575342466
3.07,334,38826,66.0,54.0,66.0,95.0,232.0,19114.26307863315,0.4681237238145655,0.7724550898203593,3908.7947882736157
4.81,405,50140,66.0,54.0,66.0,91.0,304.0,21801.773327236704,0.4553581794961105,0.7679012345679013,3043.6590436590436
2.03,192,24313,66.0,54.0,66.0,90.0,269.5000000000001,27594.587212456594,0.4004377628016819,0.7916666666666666,3546.7980295566504
0.67,48,13193,113.5,66.0,66.0,331.0,595.600000000001,179731.12456597225,1.3251674303842087,0.4791666666666667,1880.597014925373
0.82,261,49700,66.0,66.0,66.0,196.0,385.0,98347.14038255457,1.332895230942546,0.6666666666666666,11121.951219512195
6.72,573,86667,66.0,54.80000000000001,66.0,90.0,342.4000000000002,53122.82340579115,0.32971753839544626,0.7713787085514834,3098.214285714286
0.58,79,6643,66.0,54.0,66.0,86.5,95.0,2352.080756289057,0.6699346405228758,0.9113924050632911,4862.068965517242
4.38,415,47776,66.0,54.0,66.0,90.0,232.0,20433.780078385833,0.47179692554141894,0.7807228915662651,3356.164383561644
0.91,97,9684,66.0,54.0,66.0,90.0,159.40000000000035,8049.065575512806,0.4905340926581499,0.8350515463917526,3824.1758241758243
8.05,1207,190325,66.0,66.0,66.0,124.0,309.0,75333.79679705997,1.4980968131464272,0.6785418392709196,5053.416149068323
0.66,48,7162,66.0,66.0,66.0,140.75,328.30000000000024,30292.914930555547,0.4029382957884427,0.7291666666666666,2454.5454545454545
9.51,1425,319403,66.0,66.0,66.0,160.0,435.0,241838.80146063404,2.3649350512531475,0.6912280701754386,4889.589905362776
6.04,1067,192577,66.0,66.0,66.0,256.0,392.19999999999925,72493.25444690287,1.8243722867534906,0.6354264292408622,5672.185430463576
9.04,914,123691,66.0,54.0,66.0,95.0,376.0,28066.52940282213,0.4150021735648752,0.774617067833698,3623.893805309735
9.2,2213,1711859,78.0,66.0,66.0,556.0,2962.0,1383692.6978804332,5.030114306849605,0.5666516041572526,6704.347826086957
2.13,2711,5220324,2962.0,66.0,66.0,2962.0,4410.0,4724281.6805514265,63.22484682955636,0.4345260051641461,26507.04225352113
7.57,800,163283,66.0,54.0,66.0,124.0,556.0,118880.73548593749,0.7067136331803786,0.73125,3677.675033025099
8.12,2223,643854,78.0,66.0,66.0,309.0,619.0,236740.03439929627,2.954221351495759,0.5636527215474584,7684.7290640394085
5.46,1924,660389,90.0,66.0,66.0,309.0,659.8000000000006,347733.7590699707,3.717974180734856,0.5187110187110187,9109.89010989011
1.66,157,25274,66.0,54.0,66.0,124.0,350.40000000000015,56717.80218264432,0.42734511775004236,0.7133757961783439,3180.722891566265
2.13,281,62561,66.0,54.0,66.0,124.0,736.0,131992.34510707817,0.2995907683998421,0.7437722419928826,4535.211267605634
6.0,633,141651,66.0,66.0,66.0,95.0,578.2000000000006,174890.11310018494,0.3576946670244987,0.7677725118483413,3640.0
8.43,1794,573856,74.0,66.0,66.0,308.0,794.0,326130.1215335647,1.7259236739851225,0.5997770345596433,6199.288256227758
7.75,1504,505919,66.0,66.0,66.0,308.0,762.1000000000015,399371.2361499654,1.7236701139710038,0.6150265957446809,5876.1290322580635
6.59,2612,1101390,90.0,66.0,66.0,308.0,1348.0,532250.498296823,3.0213005998780527,0.5141653905053599,10124.43095599393
8.72,1858,657303,66.0,66.0,66.0,308.0,818.7999999999984,441462.5726300951,2.0221939197763596,0.6071044133476857,6447.247706422018
9.64,3268,1399567,83.0,66.0,66.0,308.0,1358.8000000000065,567946.1294683319,2.8464119737373683,0.5211138310893513,8962.65560165975
2.66,980,412137,90.0,66.0,66.0,308.0,1348.0,541889.0476999168,3.0145821157218,0.523469387755102,9451.127819548872
2.21,350,99283,66.0,66.0,66.0,159.5,742.0000000000014,287734.66825306125,0.4665356947665401,0.7171428571428572,5212.669683257918
3.55,1234,546497,78.0,66.0,66.0,308.0,1348.0,581447.1206949768,2.2719864928782263,0.5299837925445705,9414.084507042253
3.94,1210,580793,78.0,66.0,66.0,308.0,1970.400000000006,676690.2503797556,2.4636780553551088,0.5487603305785124,8345.177664974619
3.31,521,153904,66.0,66.0,66.0,232.0,606.0,351771.4187318791,0.3802182822603065,0.690978886756238,5401.812688821752
1.81,291,93308,66.0,66.0,66.0,268.0,880.0,356138.2767799152,1.014030089145028,0.6632302405498282,5171.270718232044
8.6,3247,1471570,78.0,66.0,66.0,309.0,1514.0,607176.5959378391,2.947365597454922,0.5438866646134893,10262.790697674418
5.58,1323,564929,78.0,66.0,66.0,308.0,1367.199999999999,565708.4020798376,2.513043424186457,0.5313681027966742,6322.580645161291
8.42,2090,964167,78.0,66.0,66.0,308.0,1564.0,663927.3893319749,2.2153905155739344,0.5636363636363636,6954.869358669834
1.55,2832,2667098,308.0,66.0,66.0,2572.0,2962.0,1513327.4211308814,9.551189388275041,0.379590395480226,33677.41935483871
8.88,4417,2307361,95.0,66.0,66.0,309.0,2608.0,771553.7556437149,5.392715051975974,0.5030563731039167,12641.89189189189
3.7,1163,545988,78.0,66.0,66.0,309.0,1651.199999999997,624282.7354597067,3.8733699290400323,0.532244196044712,8383.783783783783
0.74,83,15355,66.0,56.40000000000001,66.0,90.0,447.9999999999995,100243.30120481928,0.3264512785072564,0.7590361445783133,4216.216216216216
3.61,1201,508413,78.0,66.0,66.0,309.0,1348.0,546447.8079563173,3.599191272253582,0.5345545378850958,8875.346260387812
4.8,1861,1500047,78.0,66.0,66.0,988.0,2962.0,1368911.9782237913,8.997447398412454,0.5206878022568512,10087.5
1.42,153,36917,66.0,66.0,66.0,299.0,655.6000000000004,136329.51206800804,0.2213657116389863,0.673202614379085,3676.056338028169
1.58,205,72175,66.0,54.800000000000004,66.0,340.0,1206.3999999999996,336039.23854848306,1.2857550038003547,0.6682926829268293,4139.2405063291135
0.94,543,236778,90.0,66.0,66.0,309.0,1276.0,557576.652564533,4.717618081715445,0.5119705340699816,15191.489361702128
7.57,921,251127,66.0,66.0,66.0,297.0,664.0,235488.834236968,0.37346452128066854,0.6883821932681867,4081.9022457067367
9.2,2478,1086757,78.0,66.0,66.0,309.0,1348.0,550032.175919846,2.0455789995824354,0.5488297013720742,7310.869565217392
8.65,1772,698053,74.0,66.0,66.0,309.0,1319.0,473107.69048345473,1.303470783120603,0.5795711060948081,5778.0346820809245
3.69,426,119367,66.0,54.0,66.0,296.0,610.0,253760.1343483436,0.2729492812353368,0.6666666666666666,3821.1382113821137
5.74,1415,610955,78.0,66.0,66.0,309.0,1348.0,535882.9387656233,1.816836795854196,0.5434628975265018,6637.630662020906
5.41,545,171135,66.0,66.0,66.0,308.0,1160.0,294801.319181887,0.3348335114307331,0.671559633027523,3238.447319778188
3.89,1104,534327,78.0,66.0,66.0,309.0,1514.0,629752.678375571,1.7968938929979115,0.5471014492753623,7789.203084832904
2.04,313,103835,66.0,66.0,66.0,309.0,1219.2000000000012,310057.8403780788,0.2982133703411975,0.6485623003194888,4617.647058823529
0.24,32,7026,66.0,54.0,66.0,189.75,531.7000000000005,116800.55859375,0.20638736263736263,0.6875,5500.0
5.68,754,227162,66.0,66.0,66.0,308.0,941.2000000000016,268254.25546510564,0.3496883670910895,0.6551724137931034,4172.5352112676055
4.36,612,200131,66.0,66.0,66.0,309.0,1200.3999999999992,334120.85771231155,0.3482100753156115,0.6601307189542484,4486.238532110092
4.27,1325,686289,91.0,66.0,66.0,312.0,2554.400000000006,725248.3835409041,2.274232716134788,0.5056603773584906,7995.316159250587
4.03,944,431106,78.0,66.0,66.0,309.0,1482.6000000000035,623927.891298298,2.282441353160191,0.5370762711864406,6282.87841191067
7.22,1513,693904,78.0,66.0,66.0,309.0,1506.0,613010.6910132018,1.7206053596283155,0.5485789821546596,5717.451523545707
1.76,580,318895,190.0,66.0,66.0,309.0,2608.0,755990.3586058264,2.8628655183273977,0.47758620689655173,7738.636363636364
2.16,630,334584,66.0,66.0,66.0,309.0,2608.0,836409.916462585,2.2582580243066377,0.6111111111111112,9388.888888888889
0.41,68,14839,74.0,54.0,66.0,278.75,442.0,141754.3778114187,0.26537051249253857,0.7058823529411765,4682.926829268293
9.24,3362,1887523,95.0,66.0,66.0,376.0,2608.0,829024.1907695839,3.4196936809102,0.5005948839976204,9331.168831168832
0.79,117,36127,74.0,66.0,66.0,308.0,602.4000000000001,294657.2497625831,0.827919449504149,0.5897435897435898,4101.26582278481
0.77,104,38637,148.0,54.0,66.0,430.0,738.7000000000007,329571.5768306214,0.25196850393700787,0.49038461538461536,3896.103896103896
1.86,231,72468,74.0,66.0,66.0,309.0,880.0,261387.65862708716,0.26714460570029724,0.6406926406926406,3709.6774193548385
7.42,2053,1061841,90.0,66.0,66.0,309.0,2276.5999999999985,714295.1903063697,2.490108235850948,0.5172917681441792,7196.765498652291
6.04,1007,392525,78.0,66.0,66.0,309.0,1254.3999999999992,472600.2832841411,1.6906651860382222,0.5461767626613704,4519.867549668874
3.23,1315,773842,232.0,66.0,66.0,442.0,2766.4000000000033,841449.1876742473,3.96116168739582,0.467680608365019,9455.108359133128
8.9,2794,1390341,95.0,66.0,66.0,310.0,1832.3000000000025,678645.7653767994,2.3772371745044696,0.5053686471009305,8062.921348314606
2.15,272,82725,70.0,66.0,66.0,308.0,980.8000000000004,265107.76458423445,0.2664962185002603,0.6360294117647058,3795.348837209302
4.78,1023,443804,83.0,66.0,66.0,309.0,1348.0,560704.0420609462,1.7195872245508248,0.5405669599217986,5686.192468619246
5.52,736,207402,66.0,66.0,66.0,160.0,592.0,350228.20302900515,1.17859243697479,0.7133152173913043,4619.565217391304
4.84,1041,457655,74.0,66.0,66.0,308.0,1514.0,649588.795977783,2.74359918200409,0.5878962536023055,6272.727272727273
9.26,971,217647,66.0,66.0,66.0,135.0,590.0,159130.1976727783,0.27305003948176526,0.7270854788877446,3524.8380129589636
8.47,1357,478757,74.0,66.0,66.0,309.0,808.0,421689.0380542714,2.5239255404500254,0.5733235077376566,4604.48642266824
6.19,1593,697250,88.0,66.0,66.0,309.0,1348.0,611846.1550198628,4.455406113810452,0.5279347143753923,6911.147011308562
8.1,1650,640188,78.0,66.0,66.0,309.0,808.0,533362.8799471074,3.3294560012984555,0.5466666666666666,5725.925925925927
7.06,1616,544378,90.0,66.0,66.0,309.0,628.0,365230.8785030266,3.137742847587486,0.5228960396039604,6127.478753541077
1.7,204,53717,66.0,66.0,66.0,125.5,309.0,347514.86416282196,2.1830410049774827,0.7156862745098039,4094.117647058824
2.28,591,206082,74.0,66.0,66.0,309.0,520.0,441335.9762941586,3.7940540163305183,0.583756345177665,7421.0526315789475
8.06,917,243717,66.0,66.0,66.0,160.0,413.19999999999993,337567.261909717,1.1266939502089897,0.6892039258451472,3878.4119106699754
1.81,248,60695,66.0,66.0,66.0,160.0,436.0,297190.2821117326,2.0692793931731983,0.6774193548387096,4541.436464088398
4.88,697,155095,66.0,66.0,66.0,139.0,492.0,207603.88525943324,1.412878434301005,0.697274031563845,5028.688524590164
1.48,123,30213,66.0,66.0,66.0,181.0,728.8,141859.33769581598,0.26551897461673785,0.7235772357723578,2959.4594594594596
5.01,1707,750881,78.0,66.0,66.0,442.0,1348.0,547336.5423554893,4.042244725285056,0.546572934973638,9401.19760479042
5.7,626,161647,66.0,66.0,66.0,196.0,642.0,213571.29414661785,0.2897812956299021,0.6980830670926518,3663.157894736842
3.32,1393,692418,124.0,66.0,66.0,442.0,1514.0,637477.6125236994,4.050717396220084,0.4895908111988514,10572.289156626506
0.44,197,95842,66.0,66.0,66.0,442.0,2572.0,754323.183952176,3.5789498829487365,0.6598984771573604,15545.454545454546
7.81,2132,938682,78.0,66.0,66.0,442.0,1312.0,555273.1210210532,3.6830137095647664,0.550187617260788,7644.046094750321
2.01,185,48005,66.0,66.0,66.0,133.0,799.5999999999997,194478.68224981742,0.1921376775603457,0.7351351351351352,3194.029850746269
1.11,100,23136,66.0,54.0,66.0,91.25,523.6000000000004,214020.97040000002,0.3194935553781225,0.78,3189.1891891891887
3.71,352,86849,66.0,54.0,66.0,232.0,682.000000000002,161201.75954771438,0.3564645612719833,0.6960227272727273,3072.7762803234505
4.01,527,179412,66.0,66.0,66.0,336.0,1163.2000000000003,349968.81568723463,0.6840188477350805,0.6565464895635673,4129.675810473816
1.92,738,384661,90.0,66.0,66.0,442.0,2228.400000000002,698344.5731688956,4.8484894558392,0.510840108401084,10187.5
4.67,1500,682976,78.0,66.0,66.0,442.0,1348.0,575601.7339662223,3.2116635730715393,0.5366666666666666,8723.768736616701
2.14,637,304666,124.0,66.0,66.0,442.0,1319.199999999999,549255.3895393683,4.310082788671024,0.48822605965463106,7514.018691588785
5.05,1093,471709,74.0,66.0,66.0,442.0,1348.0,553642.0855146574,2.5937542854530773,0.565416285452882,6249.504950495049
6.35,2017,928233,90.0,66.0,66.0,442.0,1389.2000000000012,564480.0230214717,3.292049679101855,0.5131383242439266,8437.795275590552
6.78,1540,658059,76.0,66.0,66.0,442.0,1348.0,565628.4831248946,2.671343769875364,0.5772727272727273,6371.6814159292035
1.31,154,37959,66.0,66.0,66.0,198.25,522.1,195406.56151964923,0.5045780649252843,0.6753246753246753,3984.732824427481
7.81,2102,955301,78.0,66.0,66.0,442.0,1382.800000000001,580970.285394681,3.539476247725037,0.5480494766888677,7405.889884763125
1.21,964,530035,308.0,66.0,66.0,442.0,1816.0,678980.9219484426,6.867405857119532,0.4221991701244813,17652.89256198347
7.42,2400,1141285,124.0,66.0,66.0,442.0,1442.1999999999998,570826.6112456596,5.579793949946095,0.4766666666666667,8272.2371967655
0.57,42,14895,78.0,66.0,66.0,306.25,1200.3999999999999,281979.2772108844,0.5236292962356792,0.6190476190476191,2000.0
8.75,1609,604624,74.0,66.0,66.0,442.0,833.6000000000006,464637.43160539254,2.9868648370633153,0.6028589185829708,5382.857142857142
9.2,2928,1341509,78.0,66.0,66.0,442.0,1514.0,632718.3123851068,4.844412883326,0.5413251366120219,8667.391304347826
5.94,1409,684540,78.0,66.0,66.0,442.0,2176.0,675678.9930009908,3.837294100188675,0.5684882895670689,6616.161616161616
3.84,1080,495617,78.0,66.0,66.0,442.0,1428.600000000002,623544.0992378258,5.159946804543986,0.5407407407407407,7578.125
3.54,349,67428,66.0,54.0,66.0,103.0,442.0,121453.39987356425,0.3545198875050221,0.7478510028653295,3338.9830508474574
7.57,1536,639316,78.0,66.0,66.0,442.0,1309.0,527247.212721083,2.5061752769551386,0.56640625,5801.849405548216
0.74,98,29941,66.0,66.0,66.0,90.0,442.0,544871.1067263639,4.779000193012932,0.7653061224489796,5027.027027027027
3.64,375,55714,66.0,66.0,66.0,103.0,318.40000000000055,50555.13033955556,0.4651939513477975,0.744,3741.7582417582416
3.09,446,126456,66.0,66.0,66.0,229.0,466.0,372898.3923666271,2.7989605551716887,0.6547085201793722,4912.621359223302
0.35,29,4167,74.0,66.0,66.0,160.0,347.2,15529.869203329366,0.36220987250735537,0.6896551724137931,2057.1428571428573
1.25,135,20075,66.0,54.0,66.0,90.0,412.0,33158.164060356656,0.2922433215320245,0.7555555555555555,3936.0
8.66,1028,208428,66.0,66.0,66.0,160.0,484.0,149506.82709049343,1.1944871443913327,0.683852140077821,4032.3325635103924
7.63,1102,179216,66.0,66.0,66.0,160.0,304.0,110953.47137855279,1.3667626317318613,0.6941923774954628,5127.129750982962
1.49,134,12455,66.0,54.0,66.0,90.0,160.7,3329.9301069280464,0.5038638010142478,0.7761194029850746,3382.55033557047
6.2,716,134220,66.0,66.0,66.0,196.0,353.0,122730.89349583347,1.313619361177667,0.6885474860335196,3900.0
7.48,673,102435,66.0,54.0,66.0,103.0,414.4000000000002,43135.09107166906,0.3467834181359208,0.7488855869242199,3208.5561497326203
8.56,1204,227652,66.0,66.0,66.0,196.0,412.0,108747.30427368352,1.394799128980339,0.675249169435216,4724.2990654205605
3.02,620,154376,66.0,66.0,66.0,272.75,520.0,190089.5999583767,2.2416950149090757,0.632258064516129,6456.9536423841055
2.38,182,19064,66.0,66.0,66.0,90.0,232.0,7492.166888056999,0.46612320233792204,0.8021978021978022,2798.319327731093
7.99,803,103602,66.0,54.0,66.0,95.0,304.0,24040.284831632314,0.41039533870616424,0.7696139476961394,3574.4680851063827
1.18,122,15868,66.0,66.0,66.0,90.0,358.00000000000034,19797.94651975275,0.3761165553724742,0.7704918032786885,3762.71186440678
4.45,638,98327,66.0,66.0,66.0,196.0,340.0,42238.32003665452,1.3314601413192964,0.6598746081504702,4746.0674157303365
1.1,166,22692,66.0,66.0,66.0,126.25,376.0,17344.17433589781,0.664612676056338,0.6566265060240963,4854.545454545455
2.24,437,91958,66.0,61.20000000000002,66.0,220.0,434.2000000000001,133444.03917913378,2.850515032241856,0.6498855835240275,6214.285714285714
8.27,1388,506732,66.0,66.0,66.0,279.0,665.4999999999998,522968.5669758905,3.2026290690441632,0.6145533141210374,5071.342200725514
5.48,802,131719,66.0,54.0,66.0,160.0,457.0,48964.69764646986,1.234949776028234,0.6807980049875312,4729.92700729927
0.67,224,39669,66.0,66.0,66.0,232.0,340.0,76687.8349609375,2.099382764278459,0.5803571428571429,10388.059701492537
9.29,1332,335693,66.0,66.0,66.0,196.0,342.7000000000003,335964.2300064704,3.042886563173678,0.6674174174174174,4682.454251883746
4.74,629,76205,66.0,54.0,66.0,112.0,237.40000000000055,31482.132509017018,1.0294274300932091,0.7456279809220986,4797.46835443038
5.43,452,52215,66.0,54.0,66.0,90.0,268.0,15513.112435390398,0.4386675483551,0.7765486725663717,2994.475138121547
7.73,691,102672,66.0,54.0,66.0,95.0,412.0,35495.36873718535,0.3391417764445024,0.7597684515195369,3143.5963777490297
9.44,1348,197185,66.0,66.0,66.0,124.0,292.0,61931.61837021987,1.093881408486599,0.7010385756676558,4849.576271186441
7.81,860,116061,66.0,66.0,66.0,124.0,310.0,43321.88515278529,1.130654281098546,0.7209302325581395,3895.006402048656
3.66,640,92031,66.0,66.0,66.0,160.0,340.0,32230.989060058597,1.2561041380662874,0.6703125,5672.131147540983
9.43,1667,369906,66.0,66.0,66.0,268.0,390.4000000000033,169420.763688654,2.2401850002627843,0.6130773845230953,5312.831389183458
0.62,59,7079,66.0,54.0,66.0,84.0,277.6000000000001,18453.40649238724,0.3369216241737488,0.8305084745762712,3387.0967741935483
6.05,607,77348,66.0,54.0,66.0,90.5,304.0,22982.969501884927,0.3850727025284722,0.7693574958813838,3560.3305785123966
2.25,162,36003,66.0,66.0,66.0,93.75,412.0,272217.8124142661,1.4398888587693142,0.7592592592592593,2666.666666666667
4.91,727,119327,66.0,66.0,66.0,196.0,340.0,49083.50965415332,1.3199121238043394,0.6533700137551581,4887.983706720977
0.6,76,41975,82.0,66.0,66.0,569.25,1514.0,705928.421572022,4.309930423782416,0.5789473684210527,2700.0
2.39,373,253839,78.0,66.0,66.0,556.0,2962.0,1130961.5357402123,6.989141724105372,0.5951742627345844,4192.468619246862
1.05,221,39208,66.0,66.0,66.0,196.0,376.0,94482.0702688315,2.0523939275982874,0.6425339366515838,6799.999999999999
0.6,50,5553,66.0,54.0,66.0,90.75,304.0,7933.896400000001,0.41477707006369424,0.76,2900.0
2.29,178,28951,66.0,62.39999999999999,66.0,130.0,460.9000000000004,38778.01518116399,0.36175917215428033,0.6910112359550562,2462.882096069869
8.18,1175,293514,66.0,66.0,66.0,304.0,490.00000000000136,182937.66178650974,1.7408417297761676,0.6314893617021277,4422.982885085575
4.41,425,70044,66.0,55.60000000000002,66.0,95.0,367.60000000000105,70561.79191141868,0.3056705066547366,0.7694117647058824,3428.571428571429
6.18,576,69900,66.0,54.0,66.0,90.0,258.5,24907.159288194445,0.3866021304873936,0.7847222222222222,3378.640776699029
0.45,67,6358,66.0,66.0,66.0,90.0,160.0,4403.1681889062165,0.5185096727967519,0.8208955223880597,5200.0
3.82,331,40403,66.0,66.0,66.0,107.5,304.0,13110.343406869233,0.4529794656021865,0.743202416918429,3031.4136125654454
4.2,651,103825,66.0,54.0,66.0,190.0,364.0,46634.07159964229,1.2094186244467144,0.685099846390169,5085.714285714285
8.99,1059,137991,66.0,54.0,66.0,124.0,329.0000000000002,21984.636165927022,0.8056685989453161,0.7233238904627006,4117.908787541713
8.2,993,134288,66.0,54.0,66.0,124.0,304.0,26663.17052195175,0.6351061757256965,0.7341389728096677,4178.048780487805
0.67,258,58975,74.0,66.0,66.0,309.0,448.0,115188.41327143801,3.0546579580611892,0.5891472868217055,11373.134328358208
6.82,817,98374,66.0,54.0,66.0,95.0,268.0,23610.701905199938,0.959758551307847,0.7503059975520195,4258.064516129032
0.23,10,1670,95.0,66.0,66.0,205.0,386.79999999999995,20309.8,0.2462686567164179,0.5,1304.3478260869565
1.29,145,16961,66.0,54.0,66.0,103.0,282.39999999999986,11327.571652794291,0.45363387041480974,0.7448275862068966,4139.53488372093
7.43,736,93015,66.0,54.0,66.0,95.0,307.0,17959.947333928994,0.3856363961387201,0.7676630434782609,3472.4091520861375
8.02,899,125858,66.0,54.0,66.0,148.0,310.0,28637.804221969538,0.730030653342314,0.7007786429365962,3807.980049875312
7.38,1267,177545,66.0,66.0,66.0,124.0,278.0,42613.693379821336,1.4816197025606619,0.6771902131018153,5569.1056910569105
6.28,934,109791,66.0,57.600000000000136,66.0,124.0,200.4000000000001,17409.048430915816,1.2627988458367683,0.6905781584582441,5073.248407643312
9.05,1058,151946,66.0,54.0,66.0,121.0,304.0,75826.58620073543,0.9905937221610858,0.7372400756143668,4103.867403314916
0.46,54,5986,66.0,66.0,66.0,74.0,265.60000000000014,12182.459533607682,0.3901532745006967,0.8333333333333334,4304.347826086956
6.07,943,151196,66.0,66.0,66.0,184.0,376.0,44354.528216506296,1.0433824821266877,0.6818663838812301,5179.571663920922
3.99,732,146579,90.0,66.0,66.0,310.0,433.0,27342.19293462032,2.9695336619184314,0.523224043715847,5127.81954887218
0.64,50,4633,66.0,64.80000000000001,66.0,90.0,124.30000000000001,4973.104400000001,0.9926881720430107,0.78,2718.75
8.51,1207,176558,66.0,54.0,66.0,160.0,340.0,46099.213310370535,1.2288736839447572,0.6851698425849213,4794.359576968272
4.77,760,115841,66.0,66.0,66.0,160.75,344.0,42793.50713123268,1.218581223426667,0.6644736842105263,5320.754716981133
9.33,756,134464,66.0,66.0,66.0,141.25,305.0,112185.93345651019,0.6777799960071871,0.7076719576719577,2823.151125401929
2.46,213,24639,66.0,54.0,66.0,95.0,229.60000000000014,15261.815248297296,0.41676729342763497,0.7511737089201878,3097.560975609756
7.54,1013,147437,66.0,66.0,66.0,160.0,304.0,33293.3970447363,0.970898445332656,0.7068114511352419,4591.511936339522
3.61,506,75462,66.0,66.0,66.0,171.25,377.5,24175.642019091065,0.842333984375,0.6719367588932806,4786.703601108034
2.85,285,35110,66.0,54.0,66.0,90.0,299.19999999999993,21634.759248999693,0.4111736334405145,0.7789473684210526,3473.684210526316
7.26,1400,264943,66.0,66.0,66.0,278.0,412.0,53764.38354642859,2.376403420459035,0.61,5958.677685950413
6.02,681,107462,66.0,66.0,66.0,95.0,376.0,85248.84411151434,0.8751984923307798,0.7547723935389133,4136.212624584718
7.81,1121,208302,66.0,66.0,66.0,232.0,399.0,98548.69123639925,1.7412486182028741,0.6610169491525424,4747.759282970551
7.12,1193,173298,66.0,66.0,66.0,196.0,312.0,19601.638625426753,1.3218467804603553,0.6563285834031852,5603.932584269663
4.26,505,66131,66.0,66.0,66.0,124.0,340.0,19192.160117635525,0.5910643826388221,0.7465346534653465,4436.619718309859
4.56,723,97221,66.0,66.0,66.0,160.0,313.0,15425.054010778049,1.2253479216260759,0.686030428769018,5328.9473684210525
7.47,640,82520,66.0,66.0,66.0,95.75,340.0,21568.28671875,0.3854005775300517,0.7515625,2995.983935742972
1.59,132,14134,66.0,54.0,66.0,74.0,196.0,14840.176078971532,0.4487494874948749,0.8333333333333334,3396.2264150943392
6.34,1250,220364,66.0,66.0,66.0,268.0,463.0,38604.64160256,1.8029356771263945,0.6192,6208.20189274448
4.64,914,168685,66.0,66.0,66.0,196.0,297.0,145328.22050500597,2.6590312574564545,0.6159737417943107,6129.310344827587
5.63,1000,198905,66.0,66.0,66.0,160.0,309.0,182937.37997499996,2.2868167096305108,0.645,5840.142095914742
9.09,1210,169149,66.0,54.0,66.0,127.0,310.0,26155.80077112219,1.2703040064425206,0.7107438016528925,4508.2508250825085
6.11,598,68144,66.0,54.0,66.0,90.0,256.0,14276.603158801356,0.45432815434522794,0.7876254180602007,3495.9083469721763
8.87,1162,184213,66.0,66.0,66.0,124.0,311.0,87964.77916065541,1.0395141825911738,0.7134251290877797,4457.72266065389
9.75,1217,232902,66.0,54.0,66.0,119.0,448.0,134619.21026217868,0.712741392243091,0.7428101889893179,4295.384615384615
4.64,710,99096,66.0,54.0,66.0,124.0,313.60000000000036,25233.40540368974,0.8155435857975156,0.7295774647887324,5418.103448275862
9.08,1460,260672,66.0,66.0,66.0,238.0,310.2000000000003,78837.8002514543,1.785671539711037,0.6273972602739726,5015.418502202643
3.59,328,38096,66.0,54.0,66.0,90.0,304.0,13427.960291493162,0.40503061149221803,0.8048780487804879,3342.6183844011143
8.96,2117,1910803,66.0,66.0,66.0,124.0,310.0,35598970.43850698,13.92698226701039,0.7458667926310817,9508.92857142857
1.19,102,11681,66.0,54.0,66.0,90.0,227.20000000000027,15796.112360630525,0.5601709630025378,0.7941176470588235,3025.210084033614
8.74,777,103347,66.0,54.0,66.0,90.0,268.0,66124.8416392123,0.7085537627297976,0.7644787644787645,3233.4096109839816
0.89,100,10849,66.0,54.0,66.0,90.0,232.0,9573.1699,0.45214830678624013,0.81,3842.696629213483
0.12,19,1705,66.0,66.0,66.0,95.0,160.0,1573.562326869806,0.4339781328847771,0.7894736842105263,6000.0
2.92,353,41805,66.0,66.0,66.0,124.0,268.0,15934.103138617596,0.7531242137046046,0.7365439093484419,4438.356164383562
2.38,243,26862,66.0,54.0,66.0,90.0,287.2000000000003,10611.128791342784,0.42678068731077706,0.8148148148148148,3756.302521008404
7.13,1108,233860,66.0,66.0,66.0,306.0,494.0,97331.64559684083,1.6612196592965167,0.6290613718411552,4872.370266479664
7.37,1197,180774,66.0,66.0,66.0,148.0,304.0,82878.15571510227,1.6746859603178126,0.670843776106934,5495.251017639077
0.99,108,13515,66.0,66.0,66.0,115.0,206.7999999999999,60704.15663580246,1.3130241314393292,0.7314814814814815,4000.0
4.04,536,71510,66.0,66.0,66.0,124.0,268.0,25642.14561984852,0.9025701058904911,0.6940298507462687,4514.851485148515
2.86,233,30296,66.0,66.0,66.0,95.0,340.0,19038.737534307136,0.39259940243622155,0.7510729613733905,2790.2097902097903
1.47,123,15859,66.0,54.0,66.0,90.0,268.0,23704.1421111772,0.3619890072140158,0.7642276422764228,3142.8571428571427
0.07,4,296,70.0,66.0,66.0,78.0,85.2,96.0,0.8048780487804879,1.0,1714.2857142857142
4.69,823,144298,66.0,66.0,66.0,282.0,376.0,46968.36019718631,1.5606090181534258,0.6257594167679222,5513.859275053304
8.31,1313,198685,66.0,66.0,66.0,196.0,304.0,25367.844911364416,1.3201377941262333,0.635948210205636,4989.169675090252
9.26,1429,189577,66.0,66.0,66.0,160.0,321.0,14524.242665059124,1.1514725075185837,0.6773967809657103,5209.503239740821
5.48,760,117939,66.0,54.0,66.0,124.0,400.0,71805.85733898892,1.9073361928708772,0.7197368421052631,4861.313868613139
2.97,237,20113,66.0,54.0,66.0,90.0,135.0,1730.2686891345759,0.6688516428808496,0.8143459915611815,2969.6969696969695
3.16,346,45099,66.0,54.0,66.0,160.0,304.0,13883.196740619464,0.8021578421578421,0.6936416184971098,3512.6582278481014
0.17,84,11136,66.0,66.0,66.0,130.0,308.0,16981.22108843537,1.0885221305326331,0.6666666666666666,18705.882352941175
1.88,256,27722,66.0,54.0,66.0,90.0,214.0,13862.135192871094,0.5521836506159015,0.8046875,4819.148936170213
6.29,1159,193612,66.0,66.0,66.0,232.0,329.2000000000003,65046.2674689808,1.7900796910351189,0.639344262295082,6009.538950715421
7.61,1296,215914,66.0,66.0,66.0,196.0,340.0,65848.50382706523,1.539537290786982,0.6373456790123457,5455.978975032852
1.57,180,33596,66.0,66.0,66.0,96.0,449.4999999999999,129116.75135802467,0.5768328170468413,0.7777777777777778,3554.140127388535
7.4,850,106867,66.0,54.0,66.0,98.0,268.0,33185.86956539793,0.8330531732418525,0.7517647058823529,4127.027027027027
3.85,618,79260,66.0,66.0,66.0,160.0,298.0,11157.198416438872,1.224280181848796,0.6440129449838188,5329.87012987013
6.59,1072,141065,66.0,66.0,66.0,124.0,281.0,23741.69703633187,1.2318292567161346,0.6902985074626866,5608.497723823976
5.34,779,124213,66.0,54.0,66.0,160.0,340.0,96910.93831168297,1.8995308013725811,0.7047496790757382,5022.47191011236
7.32,1246,153706,66.0,66.0,66.0,148.0,309.0,9924.681317293993,1.2919300966241203,0.6773675762439807,5827.868852459016
0.49,57,5985,66.0,54.0,66.0,115.0,232.0,6406.8421052631575,0.5381649961449498,0.7192982456140351,4897.95918367347
8.51,895,109959,66.0,54.0,66.0,90.0,304.0,19262.384649667612,0.450703853714527,0.7810055865921788,3821.3866039952995
8.11,1334,199218,66.0,66.0,66.0,182.0,340.0,23086.182045409078,1.5647634373994206,0.6319340329835083,5437.731196054255
8.23,1291,179164,66.0,66.0,66.0,160.0,309.0,16719.930351398976,1.187754902679073,0.6491092176607282,5219.927095990279
5.94,698,100206,66.0,62.400000000000034,66.0,124.0,400.0,22399.630159029894,0.6914974426495164,0.7220630372492837,4040.40404040404
2.87,416,53537,66.0,54.0,66.0,124.0,308.0,18875.64477972448,1.3599136031032355,0.7163461538461539,5080.1393728223
3.26,247,24045,66.0,66.0,66.0,90.0,196.0,4528.372699109967,0.5014049328754293,0.7692307692307693,2742.3312883435583
4.74,529,83376,66.0,66.0,66.0,268.0,340.0,18925.950436140523,1.3138789443010574,0.5897920604914934,3556.9620253164558
8.85,896,118606,66.0,54.0,66.0,131.0,304.0,17983.450329838965,0.6852230747371413,0.7064732142857143,3464.406779661017
7.96,1241,159983,66.0,66.0,66.0,124.0,292.0,23886.09907011384,1.1675563624539345,0.6792908944399678,5419.597989949749
1.46,135,13613,66.0,58.800000000000004,66.0,90.0,187.6000000000002,6457.9882578875195,0.5331681495663926,0.7851851851851852,3410.958904109589
6.48,824,162931,66.0,54.0,66.0,184.0,448.0,127577.77636764778,1.28092451562325,0.6783980582524272,4175.925925925925
5.89,590,79884,66.0,66.0,66.0,90.0,268.0,63148.5749037633,0.8302708151949778,0.7779661016949152,3667.23259762309
1.51,139,14375,66.0,66.0,66.0,90.0,196.0,9064.50214792195,0.4490927419354839,0.8345323741007195,3496.688741721854
8.14,1106,169881,66.0,54.0,66.0,160.0,353.5,35992.303399344026,1.0242484181928673,0.7025316455696202,4687.960687960687
8.74,1238,191819,66.0,66.0,66.0,196.0,310.0,38069.75357682541,1.4138803246712388,0.6437802907915994,4469.107551487415
7.77,998,149874,66.0,66.0,66.0,196.0,376.0,22547.127919164985,1.1856761604760029,0.657314629258517,4185.328185328185
5.82,588,76566,66.0,54.0,66.0,95.25,304.0,39809.787414965984,0.5241868057490943,0.7602040816326531,3618.556701030928
3.01,273,32227,66.0,54.0,66.0,90.0,232.0,17947.766963195532,0.3920950323974082,0.8021978021978022,3348.837209302326
6.02,636,71169,66.0,66.0,66.0,124.0,232.0,11451.193017977928,0.7070590774987408,0.7327044025157232,3747.5083056478406
9.22,1147,183467,66.0,66.0,66.0,135.0,305.2000000000003,93745.33439494562,1.0512169761747705,0.6878814298169137,4255.965292841648
1.66,410,108579,74.0,66.0,66.0,295.0,487.6000000000008,174981.40659726353,3.1314637951371713,0.5365853658536586,7156.626506024097
6.8,512,74136,66.0,66.0,66.0,124.0,376.0,25885.978271484375,0.3500382416141603,0.70703125,2567.6470588235297
8.38,1098,179119,66.0,66.0,66.0,160.0,381.40000000000055,40725.500775544875,1.0586261191371007,0.6693989071038251,4317.422434367541
0.88,161,16371,66.0,66.0,66.0,124.0,232.0,5440.216426835385,0.7798434442270059,0.7453416149068323,7022.727272727273
7.11,844,103704,66.0,54.0,66.0,95.0,268.0,26581.71348352463,0.7133793741532565,0.754739336492891,4295.358649789029
5.97,618,81235,66.0,66.0,66.0,95.0,293.8000000000004,25007.104924016297,0.3770277829573,0.7669902912621359,3597.989949748744
1.52,136,14428,66.0,66.0,66.0,91.25,218.5,7958.051038062282,0.4757082949780096,0.7720588235294118,3236.842105263158
5.55,971,154230,66.0,66.0,66.0,196.0,448.0,28008.680704381757,1.3170530174421224,0.6580844490216272,5859.459459459459
0.52,58,5822,66.0,62.400000000000006,66.0,86.0,145.6000000000003,9743.37336504162,0.5994505494505494,0.8448275862068966,3923.0769230769233
3.26,348,47631,66.0,54.0,66.0,90.0,350.8000000000004,27345.848221363445,0.3551167885288344,0.7672413793103449,3883.435582822086
2.44,263,38688,66.0,66.0,66.0,92.5,340.0,43834.708091775225,0.3237075307079071,0.7870722433460076,3762.2950819672133
7.2,746,100140,66.0,54.0,66.0,90.0,287.5,47036.46712762975,0.4063224121224037,0.8056300268096515,3874.9999999999995
9.46,1074,121425,66.0,66.0,66.0,95.0,267.70000000000005,14938.835479021673,0.7393639879673399,0.7560521415270018,4097.251585623679
0.17,30,2778,66.0,54.0,66.0,72.0,163.60000000000005,7966.439999999999,0.80859375,0.8666666666666667,7764.7058823529405
4.31,598,83984,66.0,66.0,66.0,147.25,364.0,21139.66797910538,1.4646808510638298,0.6822742474916388,4774.941995359629
7.57,1232,194227,66.0,66.0,66.0,160.0,376.0,39283.92501304499,1.2718999660783006,0.6883116883116883,5500.660501981505
6.22,838,97667,66.0,54.0,66.0,124.0,278.0,9770.109296768645,0.8869933150430851,0.7255369928400954,4832.797427652734
5.53,1094,199847,66.0,66.0,66.0,278.0,412.0,52265.66892456444,1.8598188348764328,0.6197440585009141,6216.998191681735
9.64,1541,271583,66.0,66.0,66.0,268.0,436.0,40961.280724442564,1.818947084345353,0.6294613887086308,5053.941908713692
9.09,1045,127012,66.0,54.0,66.0,105.0,256.0,23234.554406721454,0.5270086682616588,0.7444976076555024,4052.805280528053
0.12,21,3559,66.0,54.0,66.0,74.0,520.0,72424.91609977324,0.2679016743854649,0.8095238095238095,7000.0
6.66,1062,160344,66.0,66.0,66.0,193.0,340.0,26960.282198601933,1.2419776562871405,0.67984934086629,5306.306306306306
4.56,680,92265,66.0,54.0,66.0,160.0,304.5000000000001,16727.15444420415,1.6448330227891643,0.6852941176470588,4934.21052631579
2.35,276,75188,66.0,54.0,66.0,90.0,268.0,475726.9030665826,0.5043617446978792,0.7644927536231884,4391.489361702127
3.06,283,39714,66.0,54.0,66.0,90.0,196.0,112312.95681054828,0.7260202529445,0.7915194346289752,3352.941176470588
7.22,1235,192112,66.0,66.0,66.0,220.0,376.0,21999.22982904162,1.8362712965423569,0.6218623481781377,5451.523545706371
3.56,469,58777,66.0,54.0,66.0,148.0,304.0,12103.33206341124,0.9281894826624676,0.7078891257995735,4719.101123595506
4.4,374,42507,66.0,54.0,66.0,90.0,268.0,11494.364987560411,0.46449612403100776,0.7647058823529411,3013.6363636363635
1.4,298,45347,66.0,66.0,66.0,196.0,333.3,19539.24252285933,2.043218575934501,0.5738255033557047,6557.142857142858
8.09,796,102588,66.0,56.0,66.0,124.0,309.5,18307.163846872554,0.530090831804555,0.7248743718592965,3522.867737948084
3.76,707,119119,66.0,66.0,66.0,196.0,457.0,33017.799991597465,1.6816524088248537,0.6393210749646393,6239.3617021276605
1.92,166,17646,66.0,54.0,66.0,118.75,251.5,5832.451444331543,0.47652916073968704,0.7409638554216867,3062.5
9.68,880,115494,66.0,54.0,66.0,95.0,268.0,42549.96813533058,0.42567584248858165,0.7647727272727273,3309.917355371901
0.18,11,1106,66.0,66.0,66.0,112.5,163.0,2704.6115702479333,0.636094674556213,0.7272727272727273,2000.0
2.72,234,28605,66.0,54.0,66.0,95.0,232.0,21114.192800788955,0.3752403846153846,0.7863247863247863,3110.2941176470586
4.08,441,54030,66.0,54.0,66.0,99.0,220.0,38872.118191494286,0.5267887419464226,0.7596371882086168,3735.2941176470586
5.91,670,86375,66.0,54.0,66.0,124.0,304.0,21816.863410559145,0.5864342651434449,0.7313432835820896,4050.7614213197967
9.74,1557,209562,66.0,61.20000000000027,66.0,163.0,304.0,14985.095474103528,1.4758045460989557,0.6589595375722543,5334.702258726899
6.63,752,82149,66.0,54.0,66.0,95.0,232.0,8968.719993138862,0.5986338957323837,0.7566489361702128,4072.3981900452486
5.25,837,126590,66.0,66.0,66.0,196.0,372.0,19655.497928112723,1.5412534628819208,0.6391875746714456,5097.142857142858
7.27,1136,205476,66.0,66.0,66.0,196.0,412.0,72550.86157260466,1.9544912073849339,0.6602112676056338,5232.462173314993
1.02,90,8549,66.0,54.0,66.0,93.75,178.00000000000017,3450.455432098766,0.5666116914055341,0.7777777777777778,3176.4705882352937
0.53,38,3470,66.0,62.400000000000006,66.0,90.0,170.80000000000015,2381.6897506925197,0.6445497630331753,0.8157894736842105,2264.1509433962265
2.51,200,19345,66.0,54.0,66.0,90.0,176.19999999999987,7128.519375,0.5734038226921513,0.825,3107.5697211155384
0.96,104,10489,66.0,54.0,66.0,95.0,186.10000000000008,5879.546505177516,0.4848527746319366,0.7884615384615384,4000.0
5.85,374,63848,66.0,66.0,66.0,160.0,448.0,55141.69507277875,0.2746910499311226,0.6550802139037433,2041.0256410256413
4.19,406,62335,66.0,66.0,66.0,196.0,330.5,25987.982801087142,0.8422685896678095,0.603448275862069,3107.3985680190926
1.89,115,10610,66.0,54.0,66.0,95.0,191.2000000000001,2264.8362948960303,0.6396229330860763,0.7652173913043478,2158.7301587301586
2.19,205,21689,66.0,66.0,66.0,95.0,217.5999999999998,7546.003902439024,0.43020112100230795,0.7853658536585366,3342.4657534246576
2.91,392,50917,66.0,66.0,66.0,124.0,309.0,19184.38337541649,0.8214566788295056,0.7168367346938775,4742.268041237113
2.28,196,33337,66.0,66.0,66.0,133.0,456.0,41803.313905664305,0.2769861334559105,0.7244897959183674,3026.315789473684
3.24,320,43739,66.0,54.0,66.0,90.0,322.90000000000043,33691.084755859374,0.35578562350826076,0.803125,3685.1851851851848
0.28,25,4640,66.0,66.0,66.0,199.0,412.0,42692.32,0.23109578137436987,0.56,2999.9999999999995
4.15,686,83665,66.0,66.0,66.0,124.0,269.5,15944.568421746042,1.1243937739633851,0.6720116618075802,5638.55421686747
4.47,370,38020,66.0,54.0,66.0,90.0,196.30000000000007,7287.048940832723,0.45877297318037064,0.8027027027027027,3114.0939597315437
2.01,199,24289,66.0,54.0,66.0,106.5,285.4000000000002,13911.57985909447,0.38493556847987226,0.7487437185929648,3582.0895522388064
7.68,803,114223,66.0,54.0,66.0,124.0,309.80000000000007,38148.80531754364,0.48147235444417064,0.7310087173100872,3609.375
2.14,267,26687,66.0,54.0,66.0,84.0,196.0,6979.37216120299,0.5171688459351904,0.8164794007490637,4794.392523364486
4.15,716,107211,66.0,66.0,66.0,124.0,413.5,25140.56858985363,1.2477985575310298,0.6354748603351955,5869.879518072289
0.24,140,22904,66.0,66.0,66.0,160.0,332.0,41691.06857142857,2.2373144876325086,0.5214285714285715,18250.0
4.62,406,41573,66.0,54.0,66.0,90.0,196.0,8688.490529981316,0.6622550979608157,0.7783251231527094,3259.7402597402597
6.21,733,92719,66.0,54.0,66.0,124.0,278.0,24059.24857944235,0.6802703829216579,0.7407912687585266,4241.545893719807
8.73,770,118072,66.0,66.0,66.0,103.0,283.9000000000002,107433.25824928319,0.889847463866703,0.7454545454545455,3030.927835051546
7.27,1188,181343,66.0,66.0,66.0,204.25,374.5999999999999,21197.50320474668,1.8800603509886444,0.6355218855218855,5273.7276478679505
9.89,1151,219968,66.0,54.0,66.0,148.0,340.0,176832.5151928478,1.717130292998666,0.7098175499565595,3979.777553083923
2.51,447,81473,66.0,66.0,66.0,278.0,430.00000000000034,36426.826219039176,1.4193912397921307,0.610738255033557,5545.81673306773
7.0,981,142972,66.0,66.0,66.0,160.0,321.0,44451.96354174785,1.2351249101084951,0.6768603465851172,4654.285714285714
8.82,1088,155744,66.0,66.0,66.0,160.0,328.0,27066.36440311419,1.1710717073714731,0.6838235294117647,4136.0544217687075
3.91,415,40342,66.0,66.0,66.0,103.0,160.0,4787.172919146466,1.0658541581319132,0.744578313253012,3805.6265984654733
1.2,221,21676,66.0,66.0,66.0,124.0,124.0,3967.7942712065687,1.0828288651868934,0.665158371040724,6550.0
1.54,134,11819,66.0,66.0,66.0,90.0,160.0,1994.4892515036756,0.5887888157010351,0.7910447761194029,3311.6883116883114
1.42,145,13400,66.0,66.0,66.0,90.0,196.0,2653.2632580261597,0.4947016174010039,0.7862068965517242,4014.084507042254
7.08,993,133344,66.0,66.0,66.0,160.0,279.0,15809.204345828657,1.306630455465412,0.6344410876132931,4669.4915254237285
6.34,648,100909,66.0,66.0,66.0,160.0,328.0,78986.26165742645,0.7798257372654156,0.6620370370370371,3473.1861198738175
4.74,337,47383,66.0,66.0,66.0,160.0,376.0,19760.197976560507,0.3490974318091225,0.712166172106825,2506.3291139240505
9.12,1561,1860740,66.0,66.0,66.0,78.0,311.0,38992430.103457876,13.324293115526439,0.8283151825752723,6756.578947368421
9.93,1320,242528,66.0,66.0,66.0,232.0,427.0,85874.88494949497,1.6227749540391478,0.6484848484848484,4163.141993957704
1.08,104,13004,66.0,66.0,66.0,133.0,304.0,10839.113905325443,0.8018567271719551,0.6826923076923077,3055.555555555555
2.34,369,50348,66.0,66.0,66.0,184.0,309.0,11558.252333634447,1.4129205405923513,0.6151761517615176,4974.358974358975
9.16,1081,143862,66.0,66.0,66.0,124.0,279.0,27984.830409366736,1.425757933430007,0.6882516188714154,3995.633187772926
0.1,10,1066,70.0,66.0,66.0,138.5,199.6,3693.640000000001,0.6102719033232629,0.7,3000.0
2.89,532,86671,66.0,66.0,66.0,238.0,310.80000000000007,21602.280439114707,2.4542664700490215,0.5939849624060151,5854.671280276816
4.65,389,36318,66.0,54.0,66.0,90.0,160.0,4093.2850694880403,0.5783572359843546,0.7763496143958869,3032.2580645161293
3.52,320,41183,66.0,54.0,66.0,90.0,340.0,22208.73624023438,0.3757474528144313,0.778125,3340.909090909091
2.64,479,90789,66.0,54.0,66.0,304.0,381.1999999999999,56376.71197388436,2.0100457529341558,0.605427974947808,5749.999999999999
0.02,2,156,78.0,68.4,72.0,84.0,87.6,144.0,0.7333333333333333,1.0,3000.0
3.06,314,57608,66.0,57.60000000000001,66.0,95.0,289.2999999999999,216585.6818937888,1.6429325136486672,0.7707006369426752,3686.2745098039213
1.76,181,26036,66.0,54.0,66.0,90.0,304.0,80238.59485363695,0.31761133603238867,0.7679558011049724,3750.0
2.23,557,89717,66.0,66.0,66.0,160.0,309.0,86962.3036399795,1.655213235076504,0.6499102333931778,8152.466367713005
4.35,404,42019,66.0,54.0,66.0,90.0,232.0,6991.126182482111,0.5179177805071888,0.7995049504950495,3351.724137931035
4.91,680,164850,66.0,54.0,66.0,196.0,386.0,265814.03576989623,3.4401648396046003,0.6544117647058824,4448.065173116089
1.33,241,64720,66.0,66.0,66.0,124.0,450.0,349339.74979769625,4.145083074966213,0.7095435684647303,6586.466165413533
6.26,839,107207,66.0,66.0,66.0,124.0,313.0,24309.5830838972,0.9499627130358864,0.7103694874851013,4648.562300319489
5.99,595,81094,66.0,66.0,66.0,90.0,340.0,29185.45061506956,0.344285122254455,0.7714285714285715,3646.0767946577625
8.64,1760,249347,66.0,66.0,66.0,160.0,310.0,29250.194573540804,1.6432077171781416,0.6528409090909091,6652.777777777777
7.68,1116,174636,66.0,66.0,66.0,196.0,292.0,57852.579488958254,1.420826460028556,0.6702508960573477,4796.875
7.79,918,124241,66.0,66.0,66.0,124.0,304.0,26352.725097422164,1.1134453781512605,0.7026143790849673,3966.6238767650834
2.19,359,53148,66.0,66.0,66.0,226.0,335.19999999999993,17588.254281081,1.2246965257429887,0.6406685236768802,5397.2602739726035
9.34,1392,192012,66.0,66.0,66.0,124.0,309.0,26220.471933214427,1.4223447336218098,0.6745689655172413,4985.010706638115
2.18,253,32772,66.0,54.0,66.0,124.0,310.0,15746.541361371057,0.42990531873118376,0.7351778656126482,4238.532110091743
9.9,1200,159359,66.0,54.0,66.0,124.0,309.0,26184.30383263889,0.9620901513192726,0.705,4096.969696969697
8.66,1430,197185,66.0,66.0,66.0,160.0,313.0,18422.421118392096,1.5139604263348463,0.6517482517482518,5397.228637413395
1.61,140,15471,66.0,54.0,66.0,90.0,232.0,11321.135663265308,0.3975609756097561,0.7857142857142857,3204.968944099379
0.68,59,5572,66.0,54.0,66.0,74.0,130.80000000000007,6868.449870726803,0.7599494630448516,0.864406779661017,3441.176470588235
7.51,686,77769,66.0,54.0,66.0,90.0,268.0,12216.392364150992,0.4270588667058133,0.7784256559766763,3243.675099866844
1.46,354,69863,66.0,66.0,66.0,268.0,446.19999999999993,70338.28491972294,3.102348796241926,0.5847457627118644,7520.54794520548
2.52,284,29218,66.0,57.60000000000001,66.0,90.0,196.0,7159.619470343186,0.7914163090128755,0.7570422535211268,4095.238095238095
1.99,220,24372,66.0,66.0,66.0,95.0,268.0,8964.216033057852,0.4465811965811966,0.7772727272727272,3949.7487437185932
2.46,246,27316,66.0,54.0,66.0,90.0,233.5,13926.876396324937,0.4753443154199298,0.8008130081300813,3682.9268292682927
2.16,173,26040,66.0,56.39999999999999,66.0,124.0,306.40000000000003,114445.6599953223,0.32870701091948157,0.7398843930635838,2861.111111111111
6.04,756,110786,66.0,54.0,66.0,124.0,278.0,62577.30640939503,1.0957191230160983,0.7037037037037037,4370.860927152318
0.01,2,120,60.0,55.2,57.0,63.0,64.8,36.0,120,1.0,12000.0
7.87,1426,306464,66.0,66.0,66.0,232.0,484.0,99425.42417023856,2.4276255452410247,0.6395511921458625,5878.017789072426
5.85,842,114949,66.0,66.0,66.0,124.0,313.0,27770.613059337287,1.0500249678984164,0.6959619952494062,4912.820512820514
1.84,157,19704,66.0,66.0,66.0,95.0,318.4000000000002,18293.625786035944,0.37905935050391937,0.7707006369426752,2869.565217391304
1.69,121,14530,66.0,54.0,66.0,119.0,196.0,16847.89399631173,0.47677609513161906,0.71900826446281,2520.7100591715975
2.78,431,56680,66.0,66.0,66.0,124.0,232.0,37137.19192941468,1.6696811266544205,0.6728538283062645,5287.769784172662
5.79,801,117885,66.0,66.0,66.0,196.0,310.0,14933.226248088766,1.2391589264345546,0.5867665418227216,4269.430051813471
3.61,560,99186,66.0,66.0,66.0,232.0,372.0,66694.62539540816,1.2610618460346046,0.5982142857142857,4903.047091412743
0.2,17,2244,112.0,66.0,66.0,124.0,308.0,7897.411764705882,1.3974358974358974,0.47058823529411764,2400.0
9.65,1271,176733,66.0,66.0,66.0,148.0,304.0,36395.38534802571,0.8180911036128714,0.6915814319433516,4513.9896373057
6.18,751,118929,66.0,66.0,66.0,124.0,340.0,74823.01359394753,1.128292770221904,0.7363515312916112,4300.970873786408
4.14,398,41894,66.0,66.0,66.0,90.0,196.0,9877.906593267848,0.5303744292237443,0.7814070351758794,3652.1739130434785
6.58,745,77466,66.0,66.0,66.0,95.0,196.0,7340.265418674834,0.7378409906676239,0.7543624161073825,4139.817629179332
5.35,526,62075,66.0,54.0,66.0,90.0,304.0,14952.062560540126,0.41236831926463563,0.7927756653992395,3667.289719626169
3.0,268,29318,66.0,54.0,66.0,90.0,196.0,12277.40326353308,0.4246562029253122,0.7761194029850746,3240.0
5.45,472,47843,66.0,54.0,66.0,90.0,196.0,7128.167476120368,0.5189218363070671,0.777542372881356,3115.5963302752293
7.41,1419,214204,66.0,66.0,66.0,232.0,308.0,32774.52714767519,1.5512625059552168,0.6286116983791402,6097.165991902834
9.3,916,125626,66.0,58.0,66.0,95.0,352.0,25821.33667836235,0.3611059947777284,0.7521834061135371,3483.8709677419356
0.69,76,9697,66.0,54.0,66.0,74.0,196.0,32936.794148199435,0.35717284814555633,0.8421052631578947,4260.869565217391
9.25,1464,224741,66.0,66.0,66.0,160.0,372.40000000000055,48152.64740614455,1.3182080745982299,0.6728142076502732,5202.162162162162
3.56,556,60204,66.0,66.0,66.0,148.0,196.0,6497.709047150768,1.2043057996485063,0.7068345323741008,5426.966292134832
0.85,254,34063,66.0,66.0,66.0,160.0,344.0,13334.764291028583,1.5799439521320913,0.5984251968503937,9882.35294117647
7.05,819,106578,66.0,54.0,66.0,124.0,309.0,38705.26710408029,1.3465510028842556,0.7228327228327228,4085.1063829787236
6.73,841,94099,66.0,62.0,66.0,124.0,249.0,8480.70715316826,0.8565819588035672,0.7205707491082045,4439.821693907875
2.34,502,101097,66.0,66.0,66.0,278.0,448.0,56415.249507944325,1.6559741488020177,0.5816733067729084,6538.461538461538
6.64,618,80897,66.0,66.0,66.0,90.0,340.0,29273.9368591657,0.35315469021811857,0.8090614886731392,3578.3132530120483
1.41,100,19543,66.0,54.0,66.0,130.0,667.6000000000004,62054.68509999998,0.24003807106598984,0.69,2510.6382978723404
1.26,345,91751,66.0,66.0,66.0,237.0,628.0,185017.2984162991,2.900314572351641,0.5768115942028985,8523.809523809523
2.34,248,26472,66.0,66.0,66.0,90.0,206.8000000000004,15463.965660770033,0.5360334223047464,0.8145161290322581,3974.358974358974
9.71,1156,151073,66.0,66.0,66.0,112.0,278.0,32368.604682505003,0.6248077522881511,0.740484429065744,4325.437693099896
7.42,1030,150275,66.0,66.0,66.0,160.0,310.0,27274.821646715052,1.354484919702311,0.6398058252427185,4592.991913746631
0.6,52,6182,66.0,66.0,66.0,97.0,126.69999999999999,15311.90976331361,1.2374230908432864,0.75,2900.0
3.28,303,32318,66.0,66.0,66.0,124.0,160.0,5230.9372501606595,0.8471650663008687,0.6435643564356436,3219.5121951219517
2.03,163,21531,66.0,66.0,66.0,127.5,317.6000000000001,14263.040611238659,0.3677423453182569,0.6932515337423313,2837.43842364532
3.78,681,111816,66.0,66.0,66.0,232.0,311.0,31874.66433788093,1.6993047508690615,0.580029368575624,5619.047619047619
3.33,382,38862,66.0,66.0,66.0,124.0,160.0,6553.206189523315,0.6530690373899358,0.6963350785340314,4000.0
0.8,66,6674,66.0,66.0,66.0,95.0,214.0,5493.136822773186,0.5363720073664825,0.803030303030303,2850.0
0.41,27,3553,66.0,54.0,60.0,119.0,387.40000000000003,15904.537722908091,0.30962034647991155,0.7407407407407407,2780.487804878049
9.67,1052,148673,66.0,66.0,66.0,135.0,310.0,38066.05177445821,0.8808415353085545,0.685361216730038,3667.0113753877977
6.28,1115,204514,66.0,66.0,66.0,304.0,401.0,42665.26432785698,2.0744738424533975,0.5847533632286995,5426.751592356688
6.67,916,138508,66.0,66.0,66.0,148.0,256.0,78128.41894700711,1.5709141531322506,0.675764192139738,4641.679160419791
9.17,882,104867,66.0,54.0,66.0,124.0,268.0,13576.620874275635,0.6342314824915458,0.7233560090702947,3336.9683751363145
0.15,16,2217,74.0,66.0,66.0,148.0,250.0,15985.74609375,0.3804483188044832,0.625,2800.0
7.19,801,112267,66.0,66.0,66.0,160.0,309.0,26935.23703360811,1.1512445628221588,0.6566791510611736,3621.6968011126564
4.98,584,106852,66.0,54.0,66.0,124.0,340.0,130206.58444361042,1.155360564800807,0.7174657534246576,4012.048192771084
7.14,928,136044,66.0,66.0,66.0,177.25,312.0,38364.830688912014,1.3756089894703756,0.6853448275862069,4352.941176470588
3.17,416,46850,66.0,66.0,66.0,124.0,238.0,8017.024015347633,1.2709646146388753,0.6778846153846154,4485.804416403786
2.96,267,32920,66.0,54.0,66.0,124.0,304.0,12164.15590062983,0.649711851666249,0.700374531835206,2878.3783783783783
0.23,25,3084,66.0,66.0,66.0,90.0,289.6,11791.1904,0.25980392156862747,0.76,4434.782608695652
8.81,651,67515,66.0,54.0,66.0,95.0,196.0,6692.8174025073085,0.4976043653786434,0.7557603686635944,2628.83087400681
4.52,424,46080,66.0,54.0,66.0,107.5,242.49999999999983,8073.915984336064,0.4662084765177549,0.7405660377358491,3212.389380530974
2.19,478,81388,66.0,66.0,66.0,250.75,312.0,58710.2923093083,2.304425497360942,0.5836820083682008,6684.931506849315
8.99,1697,265275,66.0,66.0,66.0,232.0,342.0,20715.992488390722,1.5895140664961638,0.5827931644077784,5753.05895439377
9.17,1222,206358,66.0,66.0,66.0,193.0,340.0,82051.35928865509,1.4976458769562218,0.6407528641571195,4109.051254089422
6.91,655,87687,66.0,66.0,66.0,96.0,305.80000000000007,27411.683179301912,0.3730485570674726,0.7618320610687023,3282.1997105643995
2.03,172,21077,66.0,66.0,66.0,90.0,304.0,17404.91113439697,0.3722898626212644,0.7790697674418605,3073.8916256157636
6.82,634,98236,66.0,54.0,66.0,95.0,270.10000000000014,119563.87725024631,0.9335892136600729,0.7634069400630915,3246.33431085044
7.16,983,196209,66.0,66.0,66.0,148.0,310.0,192578.68105297687,1.521934165370625,0.6937945066124109,4365.921787709497
5.06,870,121937,66.0,66.0,66.0,160.0,309.0,19949.53957061699,1.1879564335827457,0.6586206896551724,5644.268774703558
4.04,519,91295,66.0,66.0,66.0,130.5,310.0,77389.71555644655,2.424932472989196,0.674373795761079,4173.267326732674
5.13,883,456803,66.0,66.0,66.0,169.0,2866.0,1023849.0843015614,2.0511301397312245,0.638731596828992,5473.684210526316
5.15,662,88226,66.0,54.0,66.0,124.0,298.0,30434.898878250475,1.0478622162388005,0.7114803625377644,4392.233009708737
1.37,152,33416,66.0,66.0,66.0,270.5,538.0000000000003,115909.39612188366,0.5551728952389817,0.6513157894736842,3766.4233576642337
1.66,175,31751,66.0,66.0,66.0,138.0,484.0,61471.319967346935,0.3226276764142298,0.7028571428571428,3542.1686746987953
4.15,920,250738,74.0,66.0,66.0,310.0,628.3000000000001,190035.8722069943,2.293334208970907,0.5826086956521739,6549.3975903614455
3.4,330,54791,66.0,54.0,66.0,134.0,445.30000000000007,39702.09888888889,0.30036786519520586,0.7151515151515152,3352.9411764705883
3.62,316,52032,66.0,66.0,66.0,124.0,376.0,62060.97179939112,0.27682756251380336,0.7310126582278481,3016.574585635359
0.4,46,8044,66.0,54.0,66.0,115.5,432.0,61953.20037807183,0.22584577872599818,0.7391304347826086,4500.0
3.67,546,102724,66.0,66.0,66.0,196.0,343.0,111147.59967261067,1.2833644527429537,0.663003663003663,4822.888283378747
6.65,442,67294,66.0,54.0,66.0,160.0,376.0,32849.56702360722,0.35209965842877233,0.6855203619909502,2228.5714285714284
1.13,83,24206,90.0,66.0,66.0,412.0,728.8,104851.84526056031,0.6900090763108288,0.5301204819277109,2017.6991150442482
2.35,495,108907,74.0,66.0,66.0,308.0,427.0,81915.2503050709,2.258639777385476,0.5393939393939394,6102.1276595744675
8.19,1353,266233,66.0,66.0,66.0,279.0,458.0,61923.22090626672,1.6662760886111445,0.6038433111603844,5135.531135531136
1.55,121,18916,66.0,66.0,66.0,95.0,448.0,33014.3535277645,0.3245571038442686,0.7520661157024794,2825.8064516129034
2.18,155,29072,66.0,66.0,66.0,190.0,520.0,65594.1430176899,0.26372527711367094,0.6967741935483871,2422.018348623853
8.18,2393,1241674,98.0,66.0,66.0,442.0,1742.0000000000018,661464.813675281,2.920625949233193,0.5002089427496866,7386.308068459658
9.02,3097,1528679,103.0,66.0,66.0,442.0,1514.0,612830.7346851751,3.956500734390553,0.49886987407168226,8534.368070953438
8.12,1340,633962,78.0,66.0,66.0,442.0,1514.0,642916.2648897305,2.745602788691619,0.5634328358208955,4633.004926108374
3.32,1776,887940,127.0,66.0,66.0,442.0,1514.0,631472.4842190163,5.334103749357987,0.48423423423423423,13048.192771084337
5.95,1510,531059,78.0,66.0,66.0,428.0,798.8000000000011,352505.00414411654,4.183996798188243,0.5562913907284768,6927.731092436975
0.88,82,12957,66.0,66.0,66.0,187.0,408.4000000000002,25126.329119571685,0.409441966713804,0.6951219512195121,2863.6363636363635
7.97,741,107557,66.0,54.0,66.0,95.0,343.0,36884.606034446646,0.3748817589160169,0.7543859649122807,3289.8368883312423
3.84,516,96034,66.0,66.0,66.0,196.0,458.0,97473.20441980651,1.2252241814769331,0.6744186046511628,4359.375
5.69,1022,144606,66.0,66.0,66.0,220.0,321.0,15748.733319036004,1.3577577773429856,0.6291585127201565,5715.289982425307
4.96,613,87983,66.0,66.0,66.0,160.0,340.0,19221.16598761473,1.0852016874437125,0.6688417618270799,4173.387096774193
6.6,886,195971,66.0,66.0,66.0,196.0,520.0,158799.84906547292,1.0758320445734382,0.662528216704289,4281.818181818182
9.0,1605,279901,66.0,66.0,66.0,225.0,391.60000000000286,51427.36630816859,1.6308215766074836,0.5956386292834891,5473.333333333334
6.36,794,138949,66.0,66.0,66.0,181.75,322.9000000000008,97443.6234241065,1.180173536472471,0.6372795969773299,3915.094339622641
3.34,339,51684,66.0,54.0,66.0,95.0,330.39999999999986,67202.96227843474,0.37023781118269306,0.7581120943952803,3610.7784431137725
2.57,275,51011,66.0,66.0,66.0,125.5,592.0,64424.540879338834,0.29818801852700155,0.72,3642.0233463035024
2.94,256,49724,66.0,66.0,66.0,232.75,446.5,72270.85131835938,0.4259822196730714,0.67578125,2979.591836734694
3.1,257,45803,66.0,66.0,66.0,124.0,484.0,63027.51112053173,0.3706906870960019,0.7276264591439688,2883.8709677419356
8.73,1073,247265,66.0,66.0,66.0,268.0,512.8000000000025,167609.9149348275,1.0681593870757289,0.6756756756756757,4041.2371134020614
0.52,37,8281,90.0,66.0,66.0,304.0,603.1999999999999,56666.42366691015,0.41555555555555557,0.5135135135135135,1846.1538461538462
5.52,1269,283749,74.0,66.0,66.0,280.0,463.0000000000002,84242.23675312554,2.386309118900147,0.5460992907801419,6586.956521739131
2.79,270,36152,66.0,54.0,66.0,95.0,329.19999999999993,24858.041097393692,0.37350404619885264,0.7592592592592593,3354.8387096774195
7.07,1596,337014,74.0,66.0,66.0,279.0,459.0,67962.10795315357,1.9706735303710103,0.5494987468671679,6543.140028288543
6.29,828,133810,66.0,54.0,66.0,124.0,279.0,126046.0478832645,1.1541260182233812,0.7222222222222222,4616.852146263911
1.45,95,17072,66.0,58.800000000000004,66.0,226.0,520.0,39370.54470914127,0.22740671507656912,0.6631578947368421,2151.7241379310344
7.56,825,139534,66.0,54.0,66.0,160.0,412.0,69495.68557428835,0.8034871847897737,0.6703030303030303,3658.7301587301586
7.17,722,106361,66.0,66.0,66.0,124.0,340.0,34872.113061210395,0.6713441654357459,0.6994459833795014,3338.9121338912137
3.29,305,48405,66.0,66.0,66.0,124.0,282.6,128620.28013974741,1.186413117123628,0.7180327868852459,3282.674772036474
9.0,1092,178005,66.0,66.0,66.0,266.0,376.0,34890.20414452764,0.8605757170331968,0.6565934065934066,4006.666666666667
9.13,988,160296,66.0,54.0,66.0,124.0,403.6000000000008,57891.73653887132,0.451588365269678,0.7348178137651822,3713.0339539978095
3.3,291,43010,66.0,54.0,66.0,103.0,376.0,41894.26955279224,0.341170600891827,0.7457044673539519,3218.181818181818
7.9,862,150378,66.0,66.0,66.0,160.0,456.0999999999998,56488.53544070069,0.6149187052986533,0.6890951276102089,3599.9999999999995
1.54,223,54655,66.0,66.0,66.0,143.5,491.2000000000001,291833.2565303947,2.047563287610126,0.7130044843049327,5220.779220779221
1.4,90,15173,66.0,54.0,66.0,157.0,523.6000000000004,38497.35320987655,0.30587830277992945,0.7111111111111111,2142.857142857143
4.75,369,70431,66.0,66.0,66.0,160.0,601.5999999999997,71301.84215744595,0.2756697035011139,0.7154471544715447,2665.263157894737
7.67,1064,247579,74.0,66.0,66.0,278.0,490.3000000000004,149670.56652351038,1.7035063389278968,0.5939849624060151,4153.846153846154
2.19,153,23577,66.0,66.0,66.0,184.0,405.4000000000004,20948.650519031136,0.5298812536499903,0.6209150326797386,2246.5753424657537
6.49,423,71640,66.0,66.0,66.0,196.0,445.60000000000014,35540.59966802475,0.29216117744670106,0.6477541371158393,2126.348228043143
2.55,120,17614,66.0,66.0,66.0,128.0,340.0,27637.519722222223,0.33409073695372266,0.625,1458.8235294117649
9.7,1300,195720,66.0,66.0,66.0,128.0,340.0,50792.1347928994,1.1605749169306854,0.6415384615384615,4428.865979381444
5.49,561,88299,66.0,66.0,66.0,199.0,328.0,42908.47798526313,1.0601245887870092,0.6648841354723708,3344.2622950819673
7.54,608,82334,66.0,62.400000000000034,66.0,132.0,314.8000000000004,19898.565605522854,0.3512440097157487,0.694078947368421,2729.442970822281
1.75,123,17536,66.0,56.40000000000001,66.0,129.0,395.19999999999993,21530.245224403465,0.36658354114713215,0.6829268292682927,2365.714285714286
4.89,592,103234,66.0,66.0,66.0,196.0,439.5999999999999,48811.33736988678,0.8705539147293845,0.660472972972973,3852.7607361963196
3.53,431,77561,66.0,66.0,66.0,124.0,375.0,149124.5433002622,1.2882050979466604,0.7146171693735499,4198.300283286119
3.9,670,201750,74.0,66.0,66.0,310.0,823.9000000000011,233120.48723546453,2.65787326624966,0.5671641791044776,5000.0
3.94,319,35051,66.0,66.0,66.0,95.0,232.0,13896.627686441761,0.4566952040561882,0.7586206896551724,2802.0304568527918
9.41,1358,183818,66.0,66.0,66.0,160.0,309.0,17041.249363939434,1.258705856331867,0.634020618556701,4660.998937300744
6.14,782,159264,66.0,66.0,66.0,196.0,433.8999999999995,144255.45636148378,1.7690381806801585,0.6547314578005116,4016.2866449511403
2.53,224,27688,66.0,66.0,66.0,124.75,304.0,12045.87244897959,0.43938448741942193,0.6919642857142857,3035.5731225296445
6.33,944,153740,66.0,66.0,66.0,237.0,400.0,32102.7240914967,1.3055351438897471,0.6207627118644068,4834.123222748815
4.78,376,55657,66.0,66.0,66.0,125.5,412.0,26446.996767485285,0.32324481110767694,0.7021276595744681,2673.640167364016
5.99,1609,370703,78.0,66.0,66.0,278.0,457.0,137251.76878195637,3.161508324071891,0.5425730267246737,7622.70450751252
5.33,564,74794,66.0,66.0,66.0,160.0,309.0,13119.03499572456,0.6475175117846601,0.6560283687943262,3433.3958724202625
5.38,530,74386,66.0,66.0,66.0,148.0,309.30000000000007,27719.291933072265,0.77846315688806,0.6849056603773584,3356.877323420075
6.56,511,72269,66.0,66.0,66.0,135.0,364.0,24307.403127285826,0.3499645085366309,0.7064579256360078,2579.268292682927
5.41,977,325133,74.0,66.0,66.0,310.0,772.0,365320.91066274565,2.958567706430954,0.5854657113613101,5201.478743068392
8.34,871,185828,66.0,66.0,66.0,135.0,412.0,230096.53294773155,1.8706841950782445,0.7152698048220436,3633.0935251798564
7.42,1416,287957,74.0,66.0,66.0,304.0,448.5,53683.48731157634,2.1125775558293878,0.5635593220338984,5579.514824797844
3.45,261,27002,66.0,54.0,66.0,90.0,196.0,9085.029667797005,0.5254505395175414,0.7816091954022989,2678.2608695652175
2.0,515,99399,90.0,66.0,66.0,298.0,412.0,35798.49702705251,2.3431656128077494,0.5475728155339806,7200.0
5.75,498,60924,66.0,66.0,66.0,112.0,277.30000000000024,17447.1151110466,0.4383454918903605,0.7409638554216867,3026.086956521739
9.36,1184,187926,66.0,66.0,66.0,131.5,376.0,54363.888533487036,0.8070850241360078,0.6959459459459459,4346.153846153846
6.51,626,88627,66.0,54.0,66.0,95.0,341.5,31430.531660525266,0.3280039558266029,0.7539936102236422,3419.3548387096776
1.05,106,15242,66.0,54.0,66.0,102.5,387.5,27846.032395870407,0.3032920051303976,0.7452830188679245,3371.428571428571
0.46,29,5750,78.0,66.0,66.0,232.0,491.2,81919.51010701546,0.2640140690261596,0.6551724137931034,1695.6521739130433
4.9,896,166224,66.0,66.0,66.0,232.0,412.0,75182.40593112246,1.6008668304360751,0.6361607142857143,5840.816326530611
8.83,920,152743,66.0,54.0,66.0,103.0,412.60000000000014,78738.14394021739,0.46147369226794754,0.7467391304347826,3676.1041902604757
1.85,1107,652483,124.0,66.0,66.0,454.0,2608.0,803767.4822518114,5.81643718267483,0.49232158988256547,14497.297297297297
7.13,1975,817914,106.0,66.0,66.0,454.0,1096.0,418224.6383346259,3.1470901402452007,0.4982278481012658,7169.705469845722
3.8,683,164396,66.0,66.0,66.0,424.0,454.0,141795.16583242046,1.583583473464192,0.6061493411420205,5415.789473684211
0.89,64,11590,66.0,66.0,66.0,138.25,372.40000000000003,69684.2412109375,0.20390568193622105,0.6875,2494.38202247191
6.17,749,146094,66.0,66.0,66.0,160.0,441.4000000000003,113703.81170800052,1.21660167807128,0.6862483311081442,3928.6871961102106
8.93,1326,229743,66.0,66.0,66.0,160.0,316.5,74421.66307508037,1.7201075052391044,0.6312217194570136,4790.5935050391945
0.44,28,2829,66.0,66.0,66.0,95.0,181.30000000000004,5550.177295918367,0.35618408437200383,0.7857142857142857,2590.909090909091
5.67,663,114400,66.0,66.0,66.0,180.0,430.40000000000157,57220.700085765835,1.1562935876653975,0.6681749622926093,3936.5079365079364
5.93,920,125088,66.0,66.0,66.0,124.0,302.0,32774.231398865784,1.5128163921253515,0.6565217391304348,5150.08431703204
3.84,399,39604,66.0,66.0,66.0,124.0,160.0,3492.021080269596,1.027439336541415,0.6942355889724311,3562.5
6.98,1009,163377,66.0,54.0,66.0,196.0,376.0,56416.11942271784,1.879803285623634,0.6699702675916749,4822.349570200573
3.01,282,38288,66.0,54.0,66.0,123.25,376.0,21271.565514813137,0.36091561811331485,0.7411347517730497,3289.0365448504986
4.98,503,73090,66.0,54.0,66.0,90.0,340.0,37133.648581671,0.3496943844293022,0.7733598409542743,3638.5542168674697
2.63,555,124886,66.0,66.0,66.0,268.0,454.0000000000002,168844.7689765441,2.4857095009489782,0.6270270270270271,6615.96958174905
0.09,6,598,66.0,66.0,66.0,66.0,167.0,5667.222222222222,0.12406015037593984,0.8333333333333334,3333.3333333333335
9.06,1205,146099,66.0,66.0,66.0,124.0,268.0,16348.27242230678,1.0274069551219782,0.6829875518672199,4509.933774834437
3.98,527,69235,66.0,54.0,66.0,135.0,268.0,45392.7317060876,1.2177199782183927,0.7305502846299811,4658.291457286433
5.77,1262,174230,66.0,66.0,66.0,160.0,292.0,15256.586102104426,1.4844569929272189,0.6125198098256736,6987.86828422877
2.05,197,29528,66.0,66.0,66.0,124.0,304.0,64427.24641191477,0.6007806570530196,0.7106598984771574,3160.9756097560976
2.11,153,25273,66.0,66.0,66.0,160.0,448.0,38055.84886154898,0.28530743019885063,0.7058823529411765,2672.9857819905214
3.11,355,53403,66.0,54.0,66.0,95.0,426.40000000000055,37268.17763142233,0.3441818319111984,0.7549295774647887,4051.446945337621
3.5,812,158274,74.0,66.0,66.0,278.0,376.0,84706.3185165862,1.6401441225041284,0.5874384236453202,6805.714285714285
8.62,1020,120408,66.0,54.0,66.0,95.0,268.0,15788.138961937717,0.5882236555735824,0.7519607843137255,4225.058004640371
7.49,966,121161,66.0,54.0,66.0,124.0,301.0,28688.78688772296,1.0165939882161046,0.7142857142857143,4566.088117489987
5.06,754,109812,66.0,54.0,66.0,196.0,340.0,21140.944135257407,0.9040122065402088,0.6816976127320955,5039.525691699605
9.21,1304,203586,66.0,66.0,66.0,196.0,340.0,32818.312786988594,1.276408037301667,0.6579754601226994,4697.068403908794
7.29,1092,173269,66.0,66.0,66.0,160.0,375.4999999999999,45610.78294606797,1.7190967154716508,0.6474358974358975,4921.810699588477
9.52,822,86712,66.0,66.0,66.0,95.0,220.0,7228.186619780844,0.5139325371883512,0.7603406326034063,3081.932773109244
4.5,395,58024,66.0,54.0,66.0,103.0,371.2000000000003,35810.2196058324,0.33391572220051036,0.7443037974683544,3026.666666666667
8.24,913,139565,66.0,66.0,66.0,124.0,294.20000000000095,83519.6201082334,0.8769584571728284,0.7086527929901424,3735.4368932038833
2.28,239,29254,66.0,66.0,66.0,124.0,294.4000000000002,13144.583428161273,0.8792317081004689,0.7112970711297071,3605.263157894737
7.16,951,143754,66.0,66.0,66.0,160.0,333.0,40085.346356317605,1.0175150519978107,0.6803364879074658,4458.100558659218
1.18,200,19911,66.0,66.0,66.0,124.0,124.29999999999998,4909.046975,0.8325816843074091,0.65,5542.372881355933
1.55,301,37754,66.0,66.0,66.0,124.0,196.0,21727.128618889416,1.2021698553429772,0.6445182724252492,6503.225806451613
5.75,1439,286596,66.0,66.0,66.0,196.0,310.0,171659.052552227,2.2402035048049744,0.592077831827658,7857.391304347826
8.97,876,99840,66.0,54.0,66.0,112.0,268.0,11336.542628385563,0.6923181232625941,0.7420091324200914,3478.260869565217
9.17,1531,220124,66.0,66.0,66.0,160.0,310.0,20598.72795153162,1.2580757670568201,0.6244284781188766,5352.235550708833
9.49,1602,253670,66.0,66.0,66.0,220.0,340.0,30881.562058039188,1.5935506298053328,0.634207240948814,5443.6248682824025
6.99,994,146498,66.0,66.0,66.0,196.0,336.40000000000055,23257.376990312092,1.2860308345296798,0.6488933601609658,4600.8583690987125
2.64,224,26437,66.0,54.0,66.0,124.0,268.0,12011.44146603954,0.5009935842843354,0.7366071428571429,2954.545454545454
9.32,896,141556,66.0,66.0,66.0,160.0,412.0,38144.77437420281,0.7808698277705788,0.6696428571428571,3212.44635193133
1.8,319,43658,66.0,66.0,66.0,160.0,304.0,14633.249692907893,1.5361914720576275,0.5893416927899686,5400.0
8.78,1177,183590,66.0,66.0,66.0,196.0,404.8000000000011,23212.881553768093,1.1463477366255144,0.6193712829226848,4325.740318906606
2.38,336,45475,66.0,66.0,66.0,124.0,308.0,19594.695356788547,0.8253522257455946,0.6785714285714286,4789.915966386555
7.76,1315,175171,66.0,66.0,66.0,160.0,304.0,16851.13465512007,1.3715662781094728,0.6395437262357414,5559.278350515464
0.65,71,8924,66.0,66.0,66.0,124.0,268.0,29314.32652251537,0.603882099209202,0.704225352112676,3692.3076923076924
7.09,847,102166,66.0,54.0,66.0,124.0,304.0,11181.803241944275,0.6333232082620581,0.6977567886658795,3918.194640338505
9.59,951,128491,66.0,66.0,66.0,124.0,304.0,30077.058028463034,0.8873808369688156,0.6961093585699264,3366.0062565172057
5.02,679,118647,66.0,66.0,66.0,196.0,472.0,40015.024060766824,1.549300616660579,0.658321060382916,4314.741035856575
4.39,529,56915,66.0,63.60000000000005,66.0,124.0,232.0,7363.327003548444,0.756202172303135,0.7069943289224953,4332.574031890661
5.77,710,105962,66.0,66.0,66.0,184.0,376.0,22222.499059710375,1.3476160935838355,0.6633802816901408,4024.263431542461
5.66,486,60647,66.0,54.0,66.0,95.0,304.0,18210.348088028582,0.3837816870878682,0.7654320987654321,3063.604240282685
7.01,791,107876,66.0,66.0,66.0,124.0,300.0,46083.93201008181,0.6540832285565334,0.6965865992414665,3851.6405135520686
5.51,458,53498,66.0,66.0,66.0,109.75,268.0,11257.094086687895,0.4225164858540736,0.7445414847161572,2907.441016333938
4.29,358,39929,66.0,54.0,66.0,90.0,232.0,11061.114798227272,0.4424695639608396,0.7653631284916201,2923.0769230769233
4.18,756,126609,66.0,66.0,66.0,268.0,412.0,25688.836529982364,1.7392687148420598,0.6124338624338624,5612.44019138756
4.99,424,51323,66.0,54.0,66.0,95.0,304.0,17921.104124021003,0.4381427410541654,0.7594339622641509,3078.1563126252504
0.05,8,1706,100.0,66.0,66.0,304.0,476.79999999999995,38440.9375,0.5565693430656934,0.5,4800.0
1.27,251,53117,74.0,66.0,66.0,309.0,498.0,60824.5938000984,2.286536319762406,0.5537848605577689,5669.291338582677
6.0,887,129304,66.0,66.0,66.0,160.0,300.0,38901.136191181904,1.7210437710437712,0.6561443066516347,4910.0
8.42,870,154606,66.0,66.0,66.0,268.0,415.9000000000002,38068.868785836974,1.2009538045412484,0.603448275862069,3206.6508313539193
1.59,138,15839,66.0,54.0,66.0,124.0,232.0,12292.98576979626,0.44621986851716583,0.717391304347826,2867.9245283018863
8.72,974,137188,66.0,66.0,66.0,124.0,310.0,46937.21777719685,0.8329614536709199,0.7135523613963038,3784.40366972477
8.44,745,87577,66.0,66.0,66.0,95.0,268.0,15005.219000945903,0.5513808435634444,0.7543624161073825,3156.398104265403
6.65,1308,253414,74.0,66.0,66.0,309.0,484.0,36158.7879644437,2.1534058385804236,0.5749235474006116,5810.526315789473
6.99,663,63030,66.0,66.0,66.0,95.0,196.0,3322.633402264491,0.7175790936588822,0.7616892911010558,3467.811158798283
9.17,1068,134296,66.0,54.0,66.0,124.0,271.0,23582.201054861198,0.7939620625166979,0.7125468164794008,3932.3882224645586
0.72,72,8655,66.0,66.0,66.0,95.0,300.4,13285.081597222223,0.4386635638297872,0.7916666666666666,3416.6666666666665
4.83,733,159037,66.0,66.0,66.0,196.0,450.4000000000002,127510.99210666888,2.141968113479661,0.6657571623465212,4906.8322981366455
5.61,703,75443,66.0,54.0,66.0,124.0,232.0,5335.169124803474,0.8656000395657657,0.6927453769559033,4278.07486631016
4.05,694,104003,66.0,66.0,66.0,232.0,326.2000000000003,15157.13176133013,1.8556562328390993,0.6023054755043228,5362.9629629629635
0.79,76,7311,66.0,54.0,66.0,95.5,167.5,6473.842624653742,0.5139780492855663,0.75,3189.8734177215188
2.45,321,35875,66.0,66.0,66.0,124.0,196.0,9957.77735076329,0.8726836143446259,0.7040498442367601,4530.612244897959
7.49,555,62943,66.0,54.0,66.0,124.0,256.0,8741.971775018263,0.44576901874310915,0.7279279279279279,2579.4392523364486
4.55,1230,2382666,66.0,66.0,66.0,66.0,135.0,100085714.41968669,27.75254621808177,0.8886178861788618,13503.296703296703
7.52,652,81350,66.0,54.0,66.0,99.0,268.0,19323.394924536115,0.44401448452144276,0.7607361963190185,3023.9361702127662
2.5,301,36200,66.0,66.0,66.0,90.0,232.0,22926.733347314046,0.8050361505858888,0.7740863787375415,4200.0
0.22,19,1441,66.0,54.0,66.0,78.0,98.99999999999997,740.027700831025,0.738238841978287,0.8947368421052632,3818.1818181818185
2.76,260,24748,66.0,54.0,66.0,90.0,185.19999999999993,4966.404378698225,0.6020196789228379,0.8076923076923077,3456.521739130435
1.13,133,14481,66.0,56.40000000000001,66.0,90.0,232.0,18397.65470066143,0.4486794717887155,0.7969924812030075,4407.0796460177
4.8,527,63840,66.0,54.0,66.0,90.0,269.2000000000001,23229.84608737294,0.4626769921642304,0.7874762808349146,4050.0
9.41,1121,149982,66.0,66.0,66.0,124.0,310.0,25582.581610818044,0.8894655950011339,0.7091882247992863,4125.3985122210415
0.46,51,5532,66.0,54.0,66.0,101.0,174.0,10603.033448673586,0.38646616541353385,0.7450980392156863,4304.347826086956
2.85,275,30211,66.0,54.0,66.0,90.0,233.79999999999998,16274.594433057853,0.47651629930110945,0.8109090909090909,3663.157894736842
4.57,925,138906,66.0,66.0,66.0,232.0,310.0,19791.77047655223,1.6240365724648633,0.6064864864864865,6341.356673960612
2.28,262,30740,66.0,66.0,66.0,109.75,232.0,12558.945690810559,0.9662274529870795,0.7366412213740458,4000.0
6.18,603,73474,66.0,66.0,66.0,131.5,268.0,10795.741233027786,1.0242444279141527,0.703150912106136,3281.5533980582527
1.02,157,18625,66.0,54.0,66.0,90.0,278.0,14193.889001582213,0.987090579323589,0.7643312101910829,6000.0
2.81,238,25214,66.0,54.0,66.0,90.0,259.60000000000014,7538.004943153731,0.5258093797276854,0.7815126050420168,3053.3807829181496
9.54,1201,145227,66.0,66.0,66.0,124.0,268.0,16246.45515636775,1.1158396223666192,0.7094088259783514,4427.672955974844
2.38,356,40694,66.0,54.0,66.0,148.0,256.0,7142.078683247064,0.9590795301367225,0.6853932584269663,5243.697478991598
7.63,787,89783,66.0,54.0,66.0,124.0,259.9999999999998,10625.702200142403,0.7601058615957655,0.7153748411689962,3617.3001310615987
3.22,856,217197,66.0,66.0,66.0,268.0,353.5,263945.0827132829,3.3784421239366207,0.572429906542056,8031.055900621118
9.82,1308,188924,66.0,66.0,66.0,196.0,304.0,20325.033531595735,1.3110534814307384,0.6422018348623854,4393.075356415478
3.63,339,37830,66.0,66.0,66.0,95.0,232.59999999999997,10638.931631294541,0.4245368278355174,0.7669616519174042,3289.2561983471073
8.63,1211,144756,66.0,66.0,66.0,124.0,268.0,11701.637760386657,1.1294223215993175,0.6985962014863749,4859.791425260718
0.3,57,5610,66.0,66.0,66.0,66.0,181.5999999999998,9829.331486611263,0.2411504424778761,0.8596491228070176,9400.0
9.48,1328,166660,66.0,66.0,66.0,160.0,298.0,10522.674689722748,1.2702319815831415,0.6618975903614458,4658.227848101265
8.17,934,115151,66.0,66.0,66.0,124.0,256.0,16715.601205241896,0.8899830945229537,0.683083511777302,3929.0085679314566
5.47,634,78412,66.0,66.0,66.0,124.0,304.0,11932.328642936043,0.8226023894751523,0.6529968454258676,3904.936014625229
9.4,914,139405,66.0,66.0,66.0,124.0,408.40000000000055,32742.927858165476,0.6194818773234201,0.7035010940919038,3382.978723404255
9.95,1282,234604,66.0,66.0,66.0,196.0,412.0,84676.20904592815,2.0029312,0.6365054602184087,4130.653266331658
2.51,228,25545,66.0,54.0,66.0,124.0,232.0,10570.520371652818,0.43826361128314845,0.7280701754385965,3227.091633466136
8.46,743,82946,66.0,54.0,66.0,124.0,232.0,9290.815456598963,0.6182375090231578,0.7281292059219381,3106.382978723404
1.97,315,38408,66.0,66.0,66.0,160.0,268.0,9887.836392038296,1.2183204343305996,0.6603174603174603,5573.604060913705
7.59,836,101440,66.0,66.0,66.0,124.0,232.0,15245.669284128107,1.0824010017859709,0.680622009569378,3786.5612648221345
2.7,275,31809,66.0,66.0,66.0,127.5,216.39999999999995,11498.548680991735,0.9784177136459759,0.6945454545454546,3533.333333333333
1.9,160,16934,66.0,66.0,66.0,124.0,220.0,5285.59859375,0.507790935802689,0.7375,2873.6842105263163
8.82,733,97845,66.0,66.0,66.0,124.0,317.0000000000007,21684.795497395255,0.3805485791686655,0.732605729877217,2884.353741496599
7.7,751,84868,66.0,66.0,66.0,124.0,232.0,12994.387439029364,0.6010715565868658,0.7270306258322237,3467.5324675324678
0.55,40,4311,66.0,54.0,66.0,96.25,239.2000000000001,7116.974375,0.452004041764904,0.75,2618.181818181818
8.32,1537,2442366,66.0,66.0,66.0,124.0,2842.0,37228833.12916906,23.196455284875025,0.7137280416395576,5826.923076923077
6.57,1106,162758,66.0,66.0,66.0,160.0,310.0,32495.905960910244,1.2221038978769883,0.604882459312839,5369.86301369863
0.11,3,259,66.0,66.0,66.0,96.5,114.8,826.8888888888888,0.34196891191709844,0.6666666666666666,1090.909090909091
6.17,712,87430,66.0,66.0,66.0,160.0,277.29999999999984,7763.247277805833,1.218810273068724,0.6502808988764045,3889.7893030794166
6.59,710,95707,66.0,66.0,66.0,160.0,364.0,16306.425631819084,0.7534856451878859,0.6690140845070423,3550.834597875569
3.86,818,132347,66.0,66.0,66.0,238.0,371.0,24694.264161799605,1.5755458685245007,0.6075794621026895,6761.658031088084
3.83,309,35901,66.0,66.0,66.0,124.0,258.39999999999986,8993.995098501273,0.4652871311375046,0.6957928802588996,2772.8459530026107
3.1,610,138547,66.0,66.0,66.0,220.0,309.0,221736.6119349637,3.4732984631279864,0.5918032786885246,6077.419354838709
9.62,987,132381,66.0,66.0,66.0,124.0,278.0,58062.36440905019,1.3180003502013657,0.7001013171225937,3561.3305613305615
7.57,665,92072,66.0,66.0,66.0,148.0,268.0,33201.282482898976,0.9591037725812286,0.6150375939849624,2892.9986789960367
2.07,221,39601,83.0,66.0,66.0,322.0,412.0,20894.534018549988,1.7617686031103983,0.5294117647058824,3159.420289855073
4.61,337,40708,66.0,66.0,66.0,124.0,268.0,22562.42988843787,0.40887381463279576,0.7270029673590505,2459.869848156182
5.03,867,139230,66.0,66.0,66.0,297.0,351.0,16236.46366782007,1.8658172611818948,0.5790080738177624,5188.86679920477
7.57,1231,203813,66.0,66.0,66.0,268.0,351.0,50388.443721331096,1.8767643405600722,0.6035743298131601,5033.025099075297
9.36,781,97488,66.0,54.0,66.0,95.0,304.0,18836.861674762815,0.3546585145556868,0.7592829705505761,3044.871794871795
5.73,941,171714,66.0,66.0,66.0,196.0,389.0,58632.071080011876,2.146501016986422,0.6227417640807651,5277.486910994764
2.99,266,43438,66.0,66.0,66.0,124.0,364.0,109417.42082650235,0.45623386637165175,0.706766917293233,3030.1003344481605
4.06,417,47260,66.0,66.0,66.0,112.0,232.0,10473.253397282173,0.7901515151515152,0.7314148681055156,3679.8029556650245
0.07,4,280,70.0,66.0,66.0,74.0,74.0,16.0,2.7837837837837838,1.0,1714.2857142857142
8.51,943,106783,66.0,54.0,66.0,124.0,268.0,9137.481220670476,1.0660746072285427,0.7327677624602333,3927.144535840188
5.23,845,103084,66.0,66.0,66.0,124.0,268.0,13386.376280942546,1.1205463671521434,0.6875739644970414,5724.665391969407
8.92,1085,179528,66.0,66.0,66.0,124.0,340.0,107265.62747648069,1.1474384277700027,0.7188940092165899,4278.026905829596
9.88,1040,156392,66.0,54.0,66.0,124.0,340.0,41755.41946745562,0.4727147740434869,0.7375,3704.4534412955463
2.15,320,39048,66.0,66.0,66.0,138.25,304.0,9629.699375,0.963789981894991,0.703125,5274.418604651162
8.24,1448,273556,74.0,66.0,66.0,278.0,376.0,48331.576455236405,1.5509479004448092,0.5780386740331491,5257.281553398058
2.69,303,31400,66.0,66.0,66.0,95.0,229.60000000000014,6462.556437822001,0.47210501640881386,0.7557755775577558,4148.698884758364
8.24,1339,191875,66.0,66.0,66.0,196.0,352.0,14462.9840924391,1.4699423304670203,0.6355489171023152,5206.310679611651
7.24,1336,237451,66.0,66.0,66.0,196.0,340.0,94020.67784733676,1.5517274729998387,0.655688622754491,6099.447513812154
1.12,419,63973,66.0,66.0,66.0,232.0,309.0,29005.267650560207,1.9900911427903716,0.6276849642004774,12696.42857142857
9.14,1267,187522,66.0,66.0,66.0,160.0,340.0,26949.767933375235,1.3225414912063413,0.6929755327545383,4706.783369803063
5.68,565,58937,66.0,54.0,66.0,90.0,196.0,10734.600974234474,0.515869341563786,0.7716814159292036,3633.8028169014087
3.0,436,55974,66.0,66.0,66.0,160.0,297.0,14250.240362764078,1.1434479589492226,0.694954128440367,5040.0
6.75,755,74815,66.0,54.0,66.0,90.0,160.0,5997.906635673873,0.7084170624771647,0.7748344370860927,4204.444444444444
4.15,623,80463,66.0,66.0,66.0,148.0,310.0,15092.056512139008,1.1245478309085628,0.6982343499197432,5161.44578313253
2.89,311,31637,66.0,66.0,66.0,95.0,160.0,8177.63912697346,0.7248391669392651,0.7620578778135049,3861.5916955017296
8.31,889,119753,66.0,54.0,66.0,124.0,268.0,62564.378835941345,0.9320920927380971,0.7311586051743532,3747.292418772563
4.84,705,104304,66.0,66.0,66.0,196.0,340.0,19178.6158322016,0.9419124218051832,0.6269503546099291,4561.98347107438
3.12,843,175316,66.0,66.0,66.0,298.0,427.0,119635.43661920301,3.2189921547865428,0.5954922894424673,8269.230769230768
7.77,838,95082,66.0,54.0,66.0,94.75,232.0,12642.74266494267,0.465482961113423,0.7637231503579952,3907.335907335907
6.52,836,104749,66.0,66.0,66.0,124.0,304.0,16042.88855995742,0.653522549685078,0.7200956937799043,4527.607361963191
1.01,139,16831,66.0,63.60000000000001,66.0,95.0,309.2,15099.863050566742,0.4330353341847595,0.7697841726618705,5108.910891089109
8.09,1356,186477,66.0,66.0,66.0,124.0,310.5,28094.367597632285,0.8652363090772693,0.6902654867256637,5903.584672435105
6.72,896,130166,66.0,54.0,66.0,124.0,340.0,30574.38667390784,1.0619049881987677,0.71875,4607.142857142857
2.21,224,25240,66.0,54.0,66.0,90.0,268.0,10903.164540816328,0.42478125882020884,0.7857142857142857,3746.6063348416287
0.69,73,8043,66.0,54.0,66.0,74.0,243.99999999999966,14629.817601801464,0.4120435393258427,0.8493150684931506,3913.0434782608695
7.17,791,105760,66.0,66.0,66.0,118.0,340.0,21690.655848587376,0.9083363406712378,0.7395701643489254,3916.3179916317995
7.98,1134,178511,66.0,66.0,66.0,135.0,412.0,50446.719319323514,0.8662937794040774,0.6957671957671958,4902.255639097744
9.0,916,139144,66.0,54.0,66.0,95.0,376.0,42860.07810682481,0.31798850084775465,0.7620087336244541,3640.0
3.85,362,44071,66.0,54.0,66.0,90.0,268.0,21866.52792191935,0.3703243058362613,0.7734806629834254,3412.9870129870133
9.94,1635,218891,66.0,66.0,66.0,160.0,309.0,17153.16010960544,1.1757034798771457,0.673394495412844,5480.885311871228
1.34,405,127268,78.0,66.0,66.0,298.0,376.0,387188.64762078953,4.9051596139569416,0.5654320987654321,8686.567164179105
5.02,451,49294,66.0,54.0,66.0,95.0,232.0,10052.821706874598,0.4668214009403083,0.7627494456762749,3286.852589641435
2.28,243,31067,66.0,54.0,66.0,103.5,304.0,17832.869819980016,0.3434378378378378,0.7489711934156379,3736.842105263158
3.57,352,39059,66.0,54.0,66.0,90.0,232.0,10581.973067858988,0.4329896907216495,0.7755681818181818,3613.4453781512607
9.56,945,115728,66.0,54.0,66.0,90.0,304.0,17629.645492567397,0.4195226062851115,0.764021164021164,3621.3389121338905
7.14,1058,171621,66.0,66.0,66.0,232.0,340.0,37101.513374559116,1.342533065804021,0.6531190926275993,4798.319327731093
0.74,67,6122,66.0,61.2,66.0,84.0,174.39999999999995,3519.189128981955,0.5240229026636793,0.8507462686567164,3243.2432432432433
1.11,130,13878,66.0,66.0,66.0,90.0,221.2000000000001,7844.016331360947,0.5208767123287671,0.7692307692307693,4216.216216216216
9.93,1487,228912,66.0,66.0,66.0,196.0,364.0,28615.482869016345,1.3943267158964918,0.6503026227303296,4918.429003021148
1.45,120,11255,66.0,54.0,66.0,90.0,160.0,5049.964930555556,0.7022081064730793,0.775,3144.8275862068967
2.43,207,19346,66.0,66.0,66.0,90.0,160.0,3006.4608742327705,0.573741153501993,0.782608695652174,3086.41975308642
3.01,273,35811,66.0,66.0,66.0,124.0,312.20000000000005,17393.822565712675,0.3966303966303966,0.7362637362637363,3089.700996677741
3.22,285,39615,66.0,66.0,66.0,131.0,340.0,26227.733333333334,0.41552919316801257,0.7192982456140351,3130.4347826086955
8.06,1353,445819,66.0,66.0,66.0,232.0,605.0,493051.7503530245,2.1131742130108098,0.6289726533628973,5411.9106699751865
3.15,285,29614,66.0,54.0,66.0,95.0,232.0,6955.591677439211,0.5375908618899273,0.7789473684210526,3295.2380952380954
2.79,556,96312,66.0,66.0,66.0,280.0,341.5,25986.10853475493,1.7770024796724526,0.5953237410071942,6258.064516129032
7.66,776,130533,66.0,54.0,66.0,124.0,484.0,60930.914840511745,0.31784957092377586,0.7358247422680413,3634.464751958224
4.4,502,100860,66.0,66.0,66.0,232.0,432.0,85960.62248218282,0.8901799100449775,0.5936254980079682,3436.3636363636365
3.23,653,451421,78.0,66.0,66.0,656.0,2962.0,1111848.8881519856,5.787877420907013,0.5298621745788668,5591.331269349846
9.19,1285,254820,66.0,66.0,66.0,304.0,432.0,61990.98648579085,1.1305485648353302,0.6116731517509728,4250.2720348204575
1.06,134,17666,66.0,57.60000000000001,66.0,160.0,296.7000000000001,15027.76408999777,0.8554773658229178,0.6343283582089553,4075.4716981132074
7.61,746,100021,66.0,66.0,66.0,124.0,340.0,22514.124188702568,0.42854490402193784,0.7305630026809652,3413.929040735874
7.87,2169,2014868,66.0,66.0,66.0,160.0,520.0,13691343.381671105,12.983011089982927,0.6924850161364684,9628.970775095297
7.66,1654,495132,78.0,66.0,66.0,279.0,705.0,240574.60724578134,2.34845031751077,0.5634824667472793,5999.999999999999
4.32,769,161047,74.0,66.0,66.0,308.0,426.0,82549.44577339392,2.0804705432287682,0.5474642392717816,5124.999999999999
9.49,1237,270986,66.0,66.0,66.0,160.0,592.0,127394.26469755953,0.5923960628764507,0.7049312853678253,4514.22550052687
9.1,1617,311479,66.0,66.0,66.0,281.0,440.8000000000011,51605.35304810629,1.2912133583434477,0.5936920222634509,5340.65934065934
3.99,642,93786,66.0,66.0,66.0,160.0,307.5999999999999,40256.18918682854,1.3635584677419355,0.6806853582554517,5443.60902255639
9.05,1151,149166,66.0,66.0,66.0,160.0,308.0,12376.893960677871,0.9919342992588636,0.6741963509991312,4282.8729281767955
9.03,1199,178444,66.0,66.0,66.0,206.0,309.0,23338.036082334387,1.4490008783487045,0.6638865721434529,4345.5149501661135
0.44,52,12774,66.0,66.0,66.0,305.0,340.0,209267.11094674555,0.3327073552425665,0.5961538461538461,3818.1818181818185
4.09,1138,585847,78.0,66.0,66.0,337.0,2678.8000000000025,804050.8412138892,4.109516998377784,0.554481546572935,7819.070904645477
1.72,210,28347,66.0,64.80000000000003,66.0,124.0,308.1,40540.91884353741,0.4658703071672355,0.7428571428571429,4325.581395348837
6.06,950,194316,66.0,66.0,66.0,268.0,592.0,78543.51550581717,0.9763226948190639,0.6389473684210526,4881.188118811881
0.29,76,31706,66.0,54.0,66.0,285.25,1514.0,408686.4923822715,0.07634857589028075,0.6710526315789473,8482.758620689656
8.88,931,151908,66.0,54.0,66.0,124.0,308.0,115428.48463417249,0.8355244079265346,0.7314715359828142,3459.459459459459
4.26,973,168787,66.0,66.0,66.0,232.0,448.0,47474.50402385477,1.5957646407480315,0.6156217882836588,7309.859154929578
9.29,1068,150596,66.0,54.0,66.0,103.0,331.6000000000008,34354.11604875927,0.44911136129634444,0.7462546816479401,4068.8912809472554
7.04,1108,178958,66.0,66.0,66.0,163.0,419.6000000000008,46837.067481004575,0.9720107108618277,0.6904332129963899,5105.113636363636
7.23,955,154569,66.0,54.0,66.0,124.0,412.0,42872.01275622928,0.8645685058746894,0.7130890052356021,4705.394190871369
7.37,1264,222944,66.0,54.0,66.0,202.0,448.0,54786.211804999206,1.5750652590727436,0.6693037974683544,5633.649932157395
4.29,434,61650,66.0,54.0,66.0,90.0,333.69999999999976,59758.41678523646,0.33975139082058414,0.783410138248848,3720.2797202797206
5.89,952,175555,66.0,66.0,66.0,160.0,346.0,121234.50176430866,1.7291028650488909,0.6701680672268907,5388.794567062819
4.34,848,248653,66.0,66.0,66.0,282.0,448.0,381722.2180143624,3.898118782625825,0.6285377358490566,6248.847926267281
8.23,1035,137344,66.0,54.0,66.0,124.0,321.0,17623.56864710962,0.7771336887324672,0.7246376811594203,4366.950182260023
9.56,914,109488,66.0,54.0,66.0,90.0,256.0,21697.81801684471,0.4157808984405307,0.7800875273522976,3514.6443514644347
5.31,576,63436,66.0,54.0,66.0,95.0,232.0,10979.881896219136,0.48485557792238193,0.7673611111111112,3954.8022598870057
1.03,113,13025,66.0,54.0,66.0,90.0,304.0,13832.761375205577,0.4416159380188157,0.8407079646017699,4194.174757281553
5.83,603,146619,66.0,54.0,66.0,124.0,486.4000000000002,355667.24140491575,0.17380653115468062,0.7429519071310116,3715.2658662092626
1.6,209,41160,66.0,54.0,66.0,99.0,466.40000000000055,138364.4219683615,0.37695704536330793,0.7607655502392344,4800.0
8.3,1054,179368,66.0,55.200000000000045,66.0,160.0,438.1000000000015,52186.791714225015,1.171499134393046,0.6925996204933587,4265.060240963855
5.29,867,122691,66.0,66.0,66.0,160.0,304.0,24810.028400043102,0.8951929315085422,0.6793540945790081,5364.8393194707
8.62,1402,194835,66.0,54.799999999999955,66.0,160.0,309.0,26452.10105646916,1.191545842097567,0.6754636233951498,5498.839907192575
1.06,110,11846,66.0,66.0,66.0,90.0,232.0,8190.159008264463,0.3784035373516407,0.7727272727272727,3962.264150943396
9.54,1447,264185,66.0,66.0,66.0,160.0,340.0,131783.5188414989,1.5827817806759412,0.6551485832757429,5012.578616352202
5.75,1046,150642,66.0,66.0,66.0,184.0,310.0,30701.382113048345,1.8429992262253005,0.6644359464627151,6073.043478260869
9.92,1206,167387,66.0,66.0,66.0,160.0,310.0,17542.229197434604,1.2082426353214337,0.6807628524046434,3997.983870967742
2.14,170,20343,66.0,54.0,66.0,90.0,185.19999999999993,65504.269930795854,0.39240246406570845,0.7764705882352941,2943.92523364486
5.52,787,126047,66.0,54.0,66.0,124.0,340.0,58783.34244690968,1.3301905976743755,0.7001270648030495,4923.913043478261
1.1,74,7573,66.0,54.0,66.0,90.0,268.0,6637.196676406136,0.4673512885099787,0.8243243243243243,2454.5454545454545
6.18,770,97249,66.0,54.0,66.0,124.0,328.0,15888.131032214538,0.6880576288838743,0.7168831168831169,4436.8932038834955
2.47,222,24356,66.0,54.0,66.0,95.0,196.0,11015.727700673648,0.4136630100412096,0.7747747747747747,3255.060728744939
4.24,414,48654,66.0,54.0,66.0,95.0,276.5999999999999,12722.43793320731,0.41703800786369594,0.7632850241545893,3438.6792452830186
4.86,460,58289,66.0,64.80000000000007,66.0,124.0,304.0,14950.725420604913,0.3823368985225413,0.7347826086956522,3308.641975308642
2.41,230,29953,66.0,54.0,66.0,95.0,285.0999999999999,26572.238204158784,0.3460207612456747,0.7565217391304347,3410.7883817427382
2.31,218,36662,66.0,54.0,66.0,124.0,520.0,44398.786129113716,0.26477386414599646,0.7339449541284404,3428.5714285714284
7.41,1215,235947,66.0,66.0,66.0,196.0,421.00000000000205,130296.18664228014,1.6379593707724474,0.6567901234567901,5255.060728744939
6.84,901,115394,66.0,66.0,66.0,135.0,298.0,14855.57288054585,1.1515083715553567,0.6825749167591565,4403.508771929824
9.92,1346,240120,66.0,66.0,66.0,268.0,412.0,49623.12164158179,1.2348178137651822,0.6233283803863299,4336.693548387097
9.26,941,127416,66.0,66.0,66.0,148.0,268.0,21523.954024987546,1.0883760571690815,0.6514346439957492,3414.686825053996
0.25,4,632,131.0,66.0,66.0,223.0,271.6,9922.0,0.264,0.5,480.0
1.37,214,42239,90.0,66.0,66.0,304.0,448.0,37226.41280897896,2.9821815782030736,0.5186915887850467,3897.810218978102
8.94,1310,234026,66.0,54.0,66.0,196.0,434.0,69377.98446710565,1.3846867134719831,0.667175572519084,4879.194630872484
3.56,506,62005,66.0,54.0,66.0,124.0,269.5,13163.872943648548,0.8188084831773782,0.7015810276679841,5056.179775280899
2.48,545,85752,66.0,58.80000000000007,66.0,269.0,376.0,20760.416214123394,1.4101180438448566,0.6311926605504588,7112.903225806452
1.55,186,21032,66.0,54.0,66.0,90.0,268.0,10799.574979766447,0.4561063417335918,0.7795698924731183,4722.580645161291
1.73,291,44411,66.0,54.0,66.0,180.5,412.0,24641.21956519172,1.7331528094036557,0.6563573883161512,5791.907514450867
7.13,696,77221,66.0,54.0,66.0,90.0,241.0,9934.00465508984,0.4288013914073197,0.771551724137931,3576.437587657784
9.3,1568,351372,66.0,66.0,66.0,160.0,340.0,275793.44610969385,1.0313808015170085,0.6811224489795918,5761.290322580645
9.7,1652,299612,66.0,66.0,66.0,237.0,480.0,50716.779710850155,1.2578826792066076,0.6386198547215496,5567.010309278351
6.49,1483,323171,66.0,66.0,66.0,220.0,458.0,170197.6984479984,2.2111585850556437,0.6102494942683749,7109.39907550077
7.58,884,102477,66.0,66.0,66.0,121.0,248.8000000000011,16020.46371260826,0.5738331823138236,0.7352941176470589,4234.828496042217
5.13,715,117842,66.0,66.0,66.0,249.0,352.0,26789.28148271309,1.2495370812255417,0.586013986013986,4350.877192982456
4.32,684,121053,66.0,66.0,66.0,281.0,445.0,27756.597472299174,1.3322929310444482,0.5760233918128655,4902.777777777777
3.63,314,57897,66.0,57.60000000000001,66.0,148.0,558.0999999999999,58439.612651628864,0.23878297708453688,0.7070063694267515,2909.090909090909
0.13,15,2622,66.0,66.0,66.0,114.5,505.59999999999997,40769.36,0.6584440227703985,0.7333333333333333,4153.846153846154
2.36,204,39053,66.0,54.0,66.0,99.25,474.1000000000006,93977.36358612074,0.3382564594613118,0.75,2898.305084745763
0.04,5,306,66.0,54.0,54.0,66.0,66.0,34.56,1.3181818181818181,1.0,7500.0
1.13,119,21335,66.0,66.0,66.0,124.0,455.2000000000001,67727.31332533012,0.21470052379867913,0.7226890756302521,3610.6194690265493
8.58,1446,564966,74.0,66.0,66.0,292.0,1514.0,556594.869991908,1.3951923688394277,0.607192254495159,4916.083916083917
5.16,537,142800,66.0,66.0,66.0,185.0,988.0,170166.86911561224,0.18711136235161108,0.6927374301675978,3441.8604651162786
1.03,99,20336,66.0,54.0,66.0,168.0,415.00000000000006,108450.56586062649,0.2130032806441992,0.6868686868686869,3262.135922330097
7.8,1836,359678,66.0,66.0,66.0,232.0,409.0,74650.28145039183,1.9696984708874137,0.5925925925925926,7269.230769230769
3.59,554,72889,66.0,54.0,66.0,160.0,292.0,17800.46551173611,1.126966062622195,0.6750902527075813,5047.353760445683
0.9,90,10041,66.0,54.0,66.0,83.0,268.0,14821.156666666668,0.41842068088713097,0.8111111111111111,3999.9999999999995
1.42,154,33685,66.0,54.0,66.0,90.0,616.0,200391.97457412718,0.6542258016991602,0.7857142857142857,4098.591549295775
6.21,640,115673,66.0,54.0,66.0,95.0,412.0,117056.2709741211,0.5650520903801921,0.7609375,3574.8792270531403
6.03,830,106117,66.0,66.0,66.0,124.0,271.9000000000002,26887.644303962836,0.8498884317690537,0.7192771084337349,4706.467661691542
3.13,379,89766,66.0,54.0,66.0,93.0,488.7999999999997,267215.119861321,0.941768154188929,0.7546174142480211,4178.91373801917
4.02,722,163669,66.0,66.0,66.0,304.0,468.0,109111.11479538985,1.801448059839447,0.590027700831025,5417.9104477611945
5.15,475,61641,66.0,66.0,66.0,124.0,335.2000000000003,16917.637868144044,0.36749046055550627,0.7263157894736842,3203.8834951456306
4.4,352,52300,66.0,66.0,66.0,131.5,340.0,42240.70389979339,0.2921875772100608,0.7073863636363636,2727.2727272727275
4.48,1048,237399,90.0,66.0,66.0,309.0,496.0,74183.53177899744,2.917281322706797,0.5143129770992366,6468.749999999999
8.24,666,82924,66.0,66.0,66.0,124.0,304.0,14175.354994634272,0.36793137578356977,0.7207207207207207,2912.6213592233007
2.78,385,76503,74.0,66.0,66.0,292.0,556.0,47435.49459268005,1.0289343871001964,0.5948051948051948,4122.302158273382
0.29,180,36764,66.0,66.0,66.0,278.0,604.0,58630.69580246914,2.226327336551119,0.5611111111111111,20482.75862068966
3.98,349,43712,66.0,66.0,66.0,95.0,330.39999999999986,15581.33900378486,0.59074202117981,0.7621776504297995,3301.5075376884424
2.37,232,34343,66.0,54.0,66.0,95.0,448.0,32712.132710315094,0.2999848588083882,0.7586206896551724,3645.5696202531644
1.81,129,16368,66.0,66.0,66.0,124.0,272.80000000000007,19474.831440418246,0.46745562130177515,0.7131782945736435,2585.635359116022
8.12,1324,252569,66.0,66.0,66.0,196.0,428.0,112869.05744459707,1.7231452630217037,0.6200906344410876,5179.8029556650245
8.55,773,152914,66.0,54.0,66.0,131.0,482.40000000000055,98657.17547767557,0.26604350021940537,0.7166882276843467,3087.7192982456136
8.29,1361,287725,66.0,66.0,66.0,340.0,484.0,61734.07677610954,1.2572331879373646,0.5900073475385745,5022.91917973462
8.35,760,161280,66.0,66.0,66.0,160.0,634.3000000000008,100341.7425207756,0.2370469798657718,0.6947368421052632,3061.0778443113772
0.42,36,6884,74.0,66.0,66.0,181.0,490.5,56705.33950617286,0.2934986847049981,0.6388888888888888,2428.5714285714284
2.87,671,204689,74.0,66.0,66.0,281.0,632.0,339011.17179910315,2.629237588652482,0.5827123695976155,6898.954703832753
0.9,70,9902,74.0,66.0,66.0,135.0,346.30000000000007,22639.01959183673,0.28413954091557514,0.6714285714285714,2200.0
9.1,3429,3552340,90.0,66.0,66.0,2962.0,2962.0,2162846.628418118,10.21730178979677,0.515602216389618,10668.131868131868
4.98,3190,4215300,94.0,66.0,66.0,2962.0,2962.0,2320455.437002388,26.75688934250815,0.5172413793103449,14108.433734939757
6.18,1765,490138,90.0,66.0,66.0,309.0,556.0,182927.0094314215,2.7593324078264136,0.5308781869688385,7699.0291262135925
8.4,3810,2015287,124.0,66.0,66.0,412.0,2737.6999999999957,782171.0142215196,6.141039360480773,0.4805774278215223,11357.142857142857
5.38,2944,3469315,124.0,66.0,66.0,2962.0,2962.0,1806333.6650361782,18.184975253684296,0.49252717391304346,12546.46840148699
5.77,714,347337,66.0,66.0,66.0,307.75,2962.0,815132.1648365229,2.712412223041652,0.6568627450980392,3753.899480069324
5.75,874,308879,66.0,66.0,66.0,308.0,1289.3000000000009,358751.9418505098,0.6880201985976839,0.6372997711670481,4622.608695652174
8.62,1529,619956,74.0,66.0,66.0,309.0,1348.0,525456.3337985775,1.6897539134358406,0.6069326357096141,5317.865429234339
5.15,2768,1165753,127.0,66.0,66.0,309.0,1428.0,505167.8264975807,4.2839860393436675,0.4754335260115607,12582.524271844659
3.6,1970,934583,112.0,66.0,66.0,309.0,1528.9000000000012,626106.2384191811,4.017841419152546,0.4918781725888325,13449.999999999998
6.0,1589,685821,78.0,66.0,66.0,308.0,1507.6000000000004,566377.5264905319,2.1171273128894583,0.5531780994336061,7240.0
0.16,29,5316,66.0,54.0,66.0,90.0,401.99999999999966,93095.17954815693,0.5306651310106536,0.7586206896551724,6375.0
5.99,1729,702264,78.0,66.0,66.0,309.0,1348.0,486008.2564251979,2.1974575653820936,0.5355696934644303,7652.754590984974
7.83,1070,331771,74.0,66.0,66.0,308.0,794.7000000000002,271823.05821381777,0.48102797146606907,0.5906542056074766,4030.6513409961685
6.76,2054,1014536,124.0,66.0,66.0,309.0,1708.0,658926.0654613649,2.4386388286334055,0.48296007789678674,7366.863905325444
2.54,961,486939,124.0,66.0,66.0,309.0,2036.0,692940.3930175925,2.5965654775094174,0.48803329864724243,9354.330708661417
8.03,1736,684062,78.0,66.0,66.0,308.0,1348.0,501119.7399167003,1.8267024793388429,0.5714285714285714,6037.359900373599
1.54,195,67553,66.0,54.0,66.0,296.0,1348.0,357153.2701117686,0.1960940543220369,0.6564102564102564,4012.987012987013
2.02,323,104599,74.0,54.0,66.0,297.0,1074.4000000000012,273572.40960806684,0.310173355378526,0.5572755417956656,4485.148514851486
0.34,106,42458,74.0,66.0,66.0,308.0,1330.0,515603.1534353864,2.5505937447733733,0.5849056603773585,8823.529411764704
8.76,3306,1507419,90.0,66.0,66.0,309.0,1514.0,599300.0982635652,2.6132933193028545,0.5133091349062311,9650.68493150685
0.71,66,20296,131.5,66.0,66.0,308.75,787.5,211174.31037649218,0.20515408823704057,0.4696969696969697,2028.1690140845071
5.64,884,264932,66.0,66.0,66.0,308.0,654.1000000000015,306180.1886325014,0.45230290206225127,0.6289592760180995,4872.340425531915
5.0,1936,956796,103.0,66.0,66.0,309.0,2140.0,688783.6726871458,3.2509152301403947,0.49741735537190085,9648.0
2.39,1808,882213,296.0,66.0,66.0,309.0,1796.3999999999987,649449.795586173,4.142389992830371,0.439712389380531,17171.54811715481
4.37,550,134024,66.0,66.0,66.0,296.0,493.0,187263.41760000002,0.6772078238996859,0.6163636363636363,3844.3935926773456
3.39,777,296592,78.0,66.0,66.0,308.0,1348.0,482835.21051663905,1.3333857821694937,0.5868725868725869,6460.1769911504425
8.42,2381,1057407,78.0,66.0,66.0,309.0,1514.0,628985.5028139084,3.266783147649734,0.5690886182276355,7966.745843230404
0.05,9,1056,66.0,63.6,66.0,90.0,168.60000000000008,15114.444444444447,0.4894217207334274,0.8888888888888888,6000.0
7.62,1355,464622,74.0,66.0,66.0,308.0,952.0,404376.8693051565,1.5916864687573211,0.6125461254612546,5244.094488188976
3.64,1703,693970,148.0,66.0,66.0,309.0,849.5999999999997,482074.16896437464,4.253010771408458,0.4744568408690546,11769.23076923077
9.15,2437,1018961,90.0,66.0,66.0,309.0,1348.0,522878.4338490401,2.847647709636857,0.5186704965121051,6878.688524590164
3.81,489,95199,66.0,66.0,66.0,232.0,450.99999999999983,82712.73258308554,0.41223854027592344,0.6809815950920245,4267.716535433071
3.45,1108,376086,78.0,66.0,66.0,311.0,695.3000000000008,313269.2032706017,2.5309260928346102,0.5270758122743683,8643.478260869564
4.84,1273,380027,78.0,66.0,66.0,308.0,555.1999999999998,268180.67337270733,2.135536303630363,0.5443833464257659,7326.446280991736
0.06,14,2588,70.0,66.0,66.0,86.0,517.0000000000007,81897.55102040817,1.1109298531810767,0.8571428571428571,7000.0
9.74,3128,1370094,95.0,66.0,66.0,309.25,1312.0,522742.1054067378,3.195560972323446,0.5057544757033248,8205.338809034907
6.88,2099,902731,74.0,54.0,66.0,308.0,1514.0,612314.3147454913,3.6924856272546758,0.5750357313006194,9000.0
0.43,67,16252,66.0,66.0,66.0,160.0,785.1999999999997,151278.39474270437,0.15311480062437915,0.7164179104477612,5023.2558139534885
8.54,1717,638044,74.0,54.0,66.0,308.0,1081.6000000000004,453047.06388647016,1.569204688676548,0.5713453698311007,5740.046838407495
6.17,1850,571661,78.0,66.0,66.0,308.0,556.0,294904.02645113226,2.8797711477902053,0.5551351351351351,8226.904376012966
8.32,1569,328076,74.0,66.0,66.0,308.0,340.0,108398.49310879486,1.8482775385470205,0.5965583173996176,5653.846153846154
4.22,914,201259,74.0,66.0,66.0,308.0,388.0,120290.00431531873,1.4045280764635604,0.5722100656455142,6213.270142180095
9.4,1054,198664,66.0,66.0,66.0,127.0,448.0,92265.05245401092,0.4070485579919542,0.7125237191650854,3842.5531914893613
3.5,310,70197,66.0,54.0,66.0,124.0,597.1000000000005,163581.67243496358,0.30540781790456356,0.7225806451612903,3034.285714285714
9.89,1952,655249,74.0,66.0,66.0,308.0,1040.0,371938.4908624089,1.474608084172681,0.6157786885245902,5817.997977755308
7.93,2351,1017544,90.0,66.0,66.0,308.0,1490.0,569315.6703640776,3.771288168654813,0.5180774138664398,7649.432534678437
6.13,1500,613164,78.0,66.0,66.0,308.0,1171.000000000004,554107.993824,3.178659779060496,0.5613333333333334,6704.730831973899
4.68,595,131120,66.0,66.0,66.0,160.0,534.4000000000005,140862.1590848104,0.356563482867075,0.719327731092437,4307.692307692308
3.19,1037,402678,98.0,66.0,66.0,309.0,1024.0,434089.75314891915,2.895463911541922,0.5004821600771456,8200.62695924765
3.34,1108,407704,78.0,66.0,66.0,308.0,1240.0,439743.7983357009,2.1699322012813336,0.5658844765342961,9161.676646706588
0.64,272,55462,213.5,66.0,66.0,309.0,309.0,57535.961451124575,2.8058052562958897,0.46691176470588236,10500.0
2.2,287,43323,66.0,54.0,66.0,124.0,309.0,56584.01852638734,0.5449326010983525,0.735191637630662,4690.909090909091
4.41,460,91132,66.0,54.0,66.0,118.0,551.0,106682.25678638942,0.353834269245625,0.7347826086956522,3619.0476190476193
8.94,2215,818704,78.0,66.0,66.0,308.0,887.0,449570.7642788498,2.7726208688920426,0.5575620767494357,6859.060402684564
0.12,32,9364,308.0,66.0,66.0,308.0,309.0,81436.484375,2.0521512385919167,0.3125,4500.0
6.51,2093,849698,78.0,66.0,66.0,308.0,1278.8,507543.29970376537,2.9124677106691776,0.5365504061156235,8516.129032258064
7.0,803,193830,66.0,54.0,66.0,148.0,520.0,215193.03814307804,0.3096710112906168,0.7235367372353674,3848.5714285714284
1.85,199,60139,66.0,66.0,66.0,135.0,1160.0,338513.07815459196,0.3183462305719359,0.7035175879396985,3600.0
3.62,1179,532270,78.0,66.0,66.0,308.0,1517.0000000000007,622814.1329557905,3.059256434699714,0.5436810856658185,8734.806629834255
3.5,1307,588309,90.0,66.0,66.0,310.0,1416.4000000000005,554252.6485518211,3.012255503723709,0.5110941086457537,9685.714285714286
8.07,1034,315706,66.0,66.0,66.0,306.25,977.2000000000016,338989.05688225105,0.5800310294780041,0.6914893617021277,4141.263940520445
9.9,2717,1315456,78.0,66.0,66.0,308.0,2027.2000000000007,677188.9888033047,2.424088375930886,0.5410379094589621,7339.393939393939
3.06,426,142121,66.0,60.0,66.0,308.0,1074.0,379863.99209261837,0.5506251772972265,0.6455399061032864,4431.3725490196075
3.98,577,155861,66.0,54.0,66.0,272.0,831.9999999999995,216971.8271463285,0.2726983219695423,0.6932409012131716,4673.366834170854
3.56,1032,459375,78.0,66.0,66.0,308.0,1484.7999999999984,582745.2086629034,2.5711231692527754,0.5455426356589147,7938.202247191011
5.82,692,205480,66.0,66.0,66.0,200.25,1024.0,301057.96705536434,0.28791250117521705,0.684971098265896,3855.6701030927834
5.06,2053,917497,124.0,66.0,66.0,309.0,1506.0,596394.8181528511,3.0480249544457827,0.4934242571846079,10233.201581027668
0.82,701,418034,308.0,66.0,66.0,309.0,2608.0,857995.8419335737,4.750044703649193,0.4322396576319544,18658.536585365855
8.18,1597,480420,66.0,66.0,66.0,296.0,458.0,374911.06384113303,2.0285952038732127,0.6211646837820914,6066.014669926651
6.98,715,142612,66.0,54.0,66.0,124.0,343.0,181380.93069783365,0.21859352302828336,0.73006993006993,3515.7593123209167
1.9,194,29710,66.0,54.0,66.0,122.5,412.0,47709.71112764374,0.33121247423604266,0.7319587628865979,3726.3157894736846
1.88,335,82456,66.0,66.0,66.0,304.0,441.60000000000036,198578.918458454,2.3924133958693328,0.5761194029850746,5393.6170212765965
8.5,949,185108,66.0,66.0,66.0,232.0,389.0,93878.95262385896,1.267119009418364,0.6364594309799789,3550.5882352941176
2.65,185,21309,66.0,66.0,66.0,124.0,189.5999999999999,28603.87973703433,0.4490989459367562,0.7297297297297297,2603.7735849056603
1.77,341,72734,66.0,66.0,66.0,196.0,376.0,170442.7304546744,2.623113325031133,0.624633431085044,5932.203389830508
7.78,1165,209442,66.0,66.0,66.0,232.0,340.0,101430.63421761311,1.839121594143961,0.630901287553648,4804.627249357326
6.49,577,93815,66.0,66.0,66.0,148.0,449.19999999999993,46974.876036632435,0.2967365612948705,0.7019064124783362,3171.032357473035
0.82,81,24803,66.0,66.0,66.0,196.0,484.0,426880.09175430576,0.13754356998715833,0.6419753086419753,3292.6829268292686
4.24,382,53299,66.0,66.0,66.0,124.0,268.0,57744.406382774585,0.2989301294080374,0.7408376963350786,3254.7169811320755
2.58,257,27138,66.0,54.0,66.0,90.0,260.80000000000007,8404.131962633805,0.5033237314424994,0.7898832684824902,3744.1860465116274
2.79,251,33261,66.0,66.0,66.0,90.0,340.0,40752.09044300884,0.36092471358428807,0.7689243027888446,3354.8387096774195
7.92,814,110221,66.0,54.0,66.0,90.0,333.70000000000095,31911.48698301831,0.3554650991194845,0.769041769041769,3734.8484848484845
3.98,429,59720,66.0,54.0,66.0,90.0,376.0,29820.826424546703,0.3392837119598125,0.7692307692307693,3904.522613065327
2.07,539,93148,66.0,66.0,66.0,232.0,402.39999999999986,47383.40040134792,2.371385138803431,0.6122448979591837,8405.797101449276
7.4,705,88856,66.0,54.0,66.0,95.0,340.0,17893.754668276244,0.4108605906637028,0.7546099290780142,3413.5135135135133
5.3,668,91876,66.0,66.0,66.0,160.0,298.30000000000007,35729.81135931729,1.101175501989663,0.6841317365269461,4335.8490566037735
8.74,824,95944,66.0,66.0,66.0,95.0,270.10000000000014,13362.326114619662,0.42659172688613317,0.7706310679611651,3405.034324942792
8.41,1329,205359,66.0,66.0,66.0,196.0,396.0,33773.75443102046,1.3828249190675654,0.6568848758465011,5222.354340071344
0.23,21,2561,74.0,66.0,66.0,119.0,211.0,12191.378684807254,0.3359415753781951,0.6666666666666666,2347.8260869565215
7.33,688,90975,66.0,54.0,66.0,95.0,340.0,22478.99164877974,0.35075945420261023,0.7601744186046512,3380.6275579809003
6.26,580,85514,66.0,54.0,66.0,124.0,412.0,32865.47718192628,0.3439258211535439,0.7396551724137931,3249.2012779552715
0.58,61,7405,66.0,66.0,66.0,90.0,160.0,22381.451760279495,0.3692677514792899,0.8032786885245902,3620.6896551724144
8.57,770,115833,66.0,54.0,66.0,101.75,340.30000000000007,55290.21427053466,0.31571594084372656,0.7493506493506493,3199.5332555425903
4.13,684,262662,66.0,66.0,66.0,232.0,1103.0,598319.2601569713,5.160713029201361,0.6096491228070176,5070.217917675545
5.28,820,111320,66.0,66.0,66.0,160.0,309.0,24620.142950624628,1.3662953830456595,0.6439024390243903,4954.545454545454
9.09,791,102450,66.0,54.0,66.0,103.0,304.0,21190.216746233302,0.38836188204683436,0.7471554993678887,3036.3036303630365
2.78,249,29456,66.0,66.0,66.0,106.0,304.0,11595.164690892081,0.4184725031301165,0.7429718875502008,3107.9136690647483
4.35,698,138298,66.0,66.0,66.0,160.0,367.6000000000008,171700.96467188283,2.141922439057637,0.666189111747851,5379.310344827587
1.65,516,127692,66.0,66.0,66.0,196.0,575.0,229775.44645754463,3.929241459177765,0.5891472868217055,9745.454545454546
5.4,632,103966,66.0,66.0,66.0,124.0,306.69999999999993,74209.38290137799,0.8950802938335065,0.7151898734177216,3899.9999999999995
2.91,1710,1423715,78.0,66.0,66.0,1514.0,2962.0,1448383.6479754457,1.233015723640356,0.5403508771929825,15938.144329896906
7.2,9965,17699413,2866.0,66.0,66.0,2962.0,2962.0,2425914.8626892166,1.810107737070615,0.3686904164576016,21258.333333333332
4.11,2346,3959179,107.5,66.0,66.0,4410.0,4410.0,4244506.280949271,38.57002648543301,0.49957374254049447,11518.248175182482
8.68,3044,3317577,78.0,66.0,66.0,788.5,4410.0,2996938.6513831955,15.481333180984933,0.5394218134034166,8453.917050691245
5.61,617,115219,66.0,66.0,66.0,135.0,376.0,102741.44004686241,0.5425056227910464,0.713128038897893,3732.620320855615
8.74,1634,354181,74.0,66.0,66.0,308.0,376.0,93671.75431093245,1.647013542196048,0.5930232558139535,5498.855835240274
6.72,1394,358432,74.0,66.0,66.0,308.0,448.0,178594.1608903911,1.8420368226581456,0.5581061692969871,5875.0
6.24,801,167498,66.0,66.0,66.0,127.0,556.0,126776.78291025107,0.38733082644491196,0.7290886392009988,4519.230769230769
5.09,497,106462,66.0,54.0,66.0,103.0,628.0,127908.0608398884,0.20968548313789656,0.7464788732394366,3536.3457760314345
4.32,821,240216,74.0,66.0,66.0,309.0,724.0,226710.8485626245,1.7376602655421962,0.5797807551766139,5486.11111111111
1.2,126,20098,66.0,66.0,66.0,95.0,370.0,59749.23406399599,0.4390663038808535,0.7619047619047619,3500.0
6.85,1250,341393,74.0,66.0,66.0,308.0,628.0,239003.66131264,1.5587075788463844,0.6232,5395.620437956204
5.18,518,85232,66.0,54.0,66.0,95.0,340.0,78651.7773139935,0.31944207935353036,0.750965250965251,3579.1505791505792
7.23,898,157632,66.0,66.0,66.0,198.25,340.0,70377.91011949345,1.0452298470281423,0.6737193763919822,3975.1037344398337
3.95,408,78291,66.0,54.0,66.0,124.0,520.9000000000001,100383.88244305077,0.24864037256184113,0.7401960784313726,3493.670886075949
2.34,269,61449,66.0,63.60000000000001,66.0,124.0,673.6000000000006,149269.79223614928,0.23914095583787054,0.7323420074349443,4025.641025641026
5.78,553,123043,66.0,66.0,66.0,145.0,664.0,136611.78706970692,0.21969666931007137,0.72875226039783,3269.8961937716263
4.73,512,113090,66.0,54.0,66.0,112.0,664.0,135603.3173675537,0.20532907007727152,0.74609375,3742.071881606765
0.02,3,2870,196.0,92.0,131.0,1402.0,2125.6,1366267.5555555557,13.642857142857142,0.3333333333333333,3000.0
3.11,286,54077,66.0,54.0,66.0,90.0,479.5,113268.39563059316,0.2326365936495635,0.7587412587412588,3183.2797427652736
4.89,1509,538305,103.0,66.0,66.0,321.0,916.0,294414.77911589446,2.669677551298657,0.4970178926441352,7570.552147239265
6.19,1378,286675,74.0,66.0,66.0,308.0,309.0,113108.0037100739,2.344825976874701,0.5921625544267054,6649.434571890145
8.17,1530,432321,78.0,66.0,66.0,308.0,628.0,195132.46567089582,1.5454304588970926,0.5797385620915033,5148.102815177479
9.75,2048,499604,74.0,66.0,66.0,308.0,412.0,179218.1153831482,1.8709903573193578,0.59326171875,6073.846153846153
9.15,1454,302137,66.0,66.0,66.0,296.0,376.0,119235.77933140851,1.213133606797539,0.6485557083906465,4931.147540983607
8.04,1643,362532,74.0,66.0,66.0,308.0,376.0,138757.04842210392,1.7982216459037652,0.603164942178941,6067.1641791044785
4.1,1458,399427,90.0,66.0,66.0,309.0,514.3999999999996,157432.7298368963,2.8583779293290315,0.5157750342935528,9526.829268292684
8.05,1422,289815,66.0,66.0,66.0,304.0,309.0,105942.75146878172,1.637535151664073,0.630098452883263,5411.1801242236015
6.85,1129,325375,74.0,66.0,66.0,308.0,605.6000000000008,236411.06550314953,1.6166063530357861,0.5783879539415412,4800.0
7.15,631,119845,66.0,54.0,66.0,121.5,451.0,111483.92042917313,0.2876866874395616,0.7353407290015848,3020.979020979021
3.79,571,138684,66.0,54.0,66.0,160.0,656.0,184876.988900169,0.5907777013076394,0.702276707530648,4955.14511873351
6.41,1534,360014,74.0,66.0,66.0,308.0,411.10000000000014,128969.07711685922,2.295262329293743,0.5769230769230769,6898.595943837753
3.7,394,62025,66.0,66.0,66.0,90.0,308.0,88909.19851709655,0.2782071097372488,0.7918781725888325,3940.5405405405404
1.17,154,22197,66.0,66.0,66.0,95.0,309.0,40241.10478158206,0.41517373286579534,0.7532467532467533,4564.102564102564
6.8,1069,272073,74.0,66.0,66.0,304.0,458.60000000000014,220494.01038712382,1.4580393361460695,0.6407857811038353,4711.764705882353
2.43,745,216829,74.0,66.0,66.0,308.0,340.0,332087.7455682177,3.519153814089204,0.5906040268456376,8938.27160493827
6.49,734,111991,66.0,54.0,66.0,95.0,316.00000000000045,53460.12428817498,0.4218190589848412,0.7534059945504087,3975.3466872110935
3.74,1456,452238,124.0,66.0,66.0,309.0,716.0,215513.3369139446,3.4882691544263595,0.4965659340659341,10139.03743315508
6.05,1607,372997,74.0,66.0,66.0,308.0,412.0,125259.99898933143,2.528526426321316,0.568139390168015,7537.190082644628
6.15,1124,271302,74.0,66.0,66.0,308.0,457.0,168804.68376476996,2.19991979618796,0.6076512455516014,5356.09756097561
6.88,1237,288308,74.0,66.0,66.0,304.0,376.0,170504.50354176565,1.818067189928353,0.6176232821341956,5372.093023255814
3.05,893,226491,78.0,66.0,66.0,308.0,498.0,154668.0093071783,2.964762104820922,0.5453527435610303,8242.622950819674
8.55,2284,584800,78.0,66.0,66.0,308.0,520.0,142308.19875874504,3.021150923805791,0.5472854640980735,7171.929824561403
4.67,720,96036,66.0,66.0,66.0,160.0,309.0,13014.216944444443,1.0252641346295788,0.6652777777777777,5023.55460385439
4.27,665,99671,66.0,66.0,66.0,127.0,309.0,58292.170849680595,1.579811052154782,0.6962406015037594,5269.3208430913355
4.33,601,83936,66.0,66.0,66.0,146.0,309.0,34008.294102175794,1.0229441820109901,0.6772046589018302,4794.457274826789
6.1,794,90872,66.0,54.0,66.0,95.0,264.40000000000055,19402.67806406995,0.7845682527837238,0.7506297229219143,4593.44262295082
6.53,1196,179642,66.0,66.0,66.0,160.0,376.0,31141.944007897007,1.1627198632363387,0.6588628762541806,6202.143950995405
9.87,2250,2106925,66.0,66.0,66.0,112.0,340.0,37967887.7265432,12.735022620894666,0.7462222222222222,9015.19756838906
4.77,824,126537,66.0,66.0,66.0,124.0,264.40000000000055,99759.90848424683,1.3512022000074324,0.6771844660194175,5660.377358490567
6.64,891,112831,66.0,66.0,66.0,124.0,304.0,20321.228645099203,0.9063476776994949,0.7272727272727273,4897.590361445783
9.48,1036,143521,66.0,66.0,66.0,97.0,309.0,36849.243067150164,0.42492206270725363,0.75,3879.746835443038
5.81,774,132651,66.0,66.0,66.0,129.25,322.6000000000008,85301.32950243376,1.1255788613456823,0.7028423772609819,4502.581755593804
1.29,115,10823,66.0,66.0,66.0,90.0,124.0,7744.6741776937615,0.4725170068027211,0.782608695652174,3581.395348837209
3.54,368,42428,66.0,66.0,66.0,95.0,268.0,16766.39756616257,0.4432765248154574,0.7581521739130435,3881.35593220339
5.7,713,91837,66.0,66.0,66.0,124.0,304.0,16554.853450938197,0.9568932452588962,0.697054698457223,4273.684210526316
2.26,177,17168,66.0,54.0,66.0,90.0,196.0,4301.689233617415,0.5661375661375662,0.7740112994350282,2946.9026548672573
0.61,174,20597,66.0,66.0,66.0,160.0,267.70000000000005,7393.394933280487,1.2385610259754374,0.6551724137931034,9934.426229508197
7.84,1043,152818,66.0,54.0,66.0,127.0,376.0,35792.76550513904,0.8728843679147007,0.7200383509108341,4553.571428571429
3.52,606,108761,66.0,54.0,66.0,241.0,458.0,44590.28230620092,1.764360512403416,0.6485148514851485,5590.909090909091
0.91,125,26075,66.0,66.0,66.0,131.0,469.6000000000003,147033.68000000002,0.21618470149253732,0.696,4417.582417582417
2.43,241,34290,66.0,66.0,66.0,118.0,376.0,26397.804204473057,0.38472721398861204,0.7344398340248963,3555.5555555555557
5.27,534,63996,66.0,54.0,66.0,90.0,268.0,20626.98649160459,0.42606292895980036,0.7940074906367042,3654.648956356736
0.49,47,5101,66.0,66.0,66.0,110.5,237.99999999999997,6421.312811226802,0.41301939058171744,0.723404255319149,3061.2244897959185
7.58,1342,190902,66.0,66.0,66.0,131.0,327.30000000000064,29238.19587954007,1.2274313050580479,0.6758569299552906,5968.337730870713
3.15,555,90807,66.0,66.0,66.0,238.0,382.0,25663.08694424154,1.371373358054997,0.6144144144144145,5600.0
4.06,850,192153,74.0,66.0,66.0,280.0,412.0,123988.78787681664,3.2887465404874563,0.5929411764705882,6192.1182266009855
1.77,182,18204,66.0,54.0,66.0,90.0,183.10000000000005,9647.010505977532,0.6899368733754178,0.7692307692307693,3559.3220338983047
2.4,262,61103,66.0,54.0,66.0,124.0,353.5000000000001,272945.9030505215,0.18589034449296457,0.7175572519083969,3750.0
0.09,4,644,143.0,57.6,63.0,241.0,278.8,11101.0,0.22900763358778625,0.5,1333.3333333333333
0.74,74,9842,66.0,57.60000000000001,66.0,93.75,329.2000000000001,32821.16216216216,0.4130653266331658,0.7567567567567568,3567.5675675675675
0.62,77,15344,66.0,66.0,66.0,304.0,376.0,103164.40613931524,0.3187795444778685,0.6623376623376623,4064.516129032258
0.3,36,5902,90.0,66.0,66.0,196.0,309.0,32988.38580246913,0.22702702702702704,0.5833333333333334,3000.0
5.98,1362,544402,74.0,66.0,66.0,308.0,1371.2000000000007,533675.314021662,2.691561788000434,0.591776798825257,6531.772575250836
4.85,1084,447356,78.0,66.0,66.0,308.0,1348.0,540676.5496793345,2.635533234187451,0.5654981549815498,6148.453608247423
9.11,1025,286951,66.0,57.200000000000045,66.0,196.0,829.6000000000008,268515.9752756692,0.38064742732320367,0.704390243902439,3622.392974753019
1.04,127,32005,66.0,61.20000000000002,66.0,300.0,590.0,183041.09442618882,0.3414225239951381,0.6614173228346457,3750.0
1.09,150,43018,66.0,66.0,66.0,265.0,779.1999999999996,258202.82115555555,0.38785649761259516,0.7,4678.899082568807
1.41,172,61371,66.0,54.0,66.0,205.0,1348.0,398964.95737560844,0.15910249872514023,0.7034883720930233,4127.659574468085
1.23,174,58845,74.0,66.0,66.0,308.0,1160.0,323179.6939159731,0.2086140322050608,0.6494252873563219,4195.121951219512
1.69,206,49534,66.0,66.0,66.0,152.75,454.5,213628.7917805636,0.4976718872830622,0.7184466019417476,4224.852071005917
0.82,115,42615,74.0,66.0,66.0,308.0,1348.0,361878.12400756136,0.24908403435237564,0.6521739130434783,4170.731707317073
8.95,1185,347671,66.0,66.0,66.0,199.0,1006.400000000006,295307.9398700351,0.3851930945731122,0.6936708860759494,4270.391061452515
8.51,1170,328675,66.0,54.0,66.0,160.0,1024.6000000000008,279515.2113558332,0.3374908439814438,0.7085470085470086,4526.439482961222
8.67,3063,1284964,90.0,66.0,66.0,309.0,1348.0,546530.4346518305,2.9755089412783864,0.514854717597127,9044.982698961938
5.32,522,82765,66.0,66.0,66.0,95.0,338.8000000000004,60638.319919701695,0.3627008693361433,0.7547892720306514,3451.127819548872
7.38,1175,288887,66.0,66.0,66.0,199.0,372.0,256970.2233090086,1.689197114265767,0.6289361702127659,4943.089430894309
3.11,295,32913,66.0,58.800000000000026,66.0,95.0,211.60000000000048,16620.618052283826,0.47097206703910616,0.7559322033898305,3318.3279742765276
6.04,570,69173,66.0,54.0,66.0,95.0,237.10000000000048,33613.87140966451,0.5820735082222172,0.7649122807017544,3397.3509933774835
5.07,481,57409,66.0,54.0,66.0,95.0,268.0,20851.60897471916,0.43404191541977866,0.7588357588357588,3278.1065088757396
3.58,517,88308,66.0,66.0,66.0,124.0,304.0,119163.578418865,1.2376282782212087,0.7040618955512572,4944.134078212291
6.73,674,87078,66.0,54.0,66.0,95.0,268.0,37851.23464149547,0.378579909760152,0.7566765578635015,3610.6983655274885
1.87,185,27233,66.0,54.0,66.0,139.0,341.79999999999995,43058.0226734843,0.30846105799260076,0.7189189189189189,3401.0695187165775
2.27,417,88845,66.0,66.0,66.0,281.0,448.40000000000003,112793.03745492814,1.5415510484309294,0.5947242206235012,5629.955947136564
6.96,700,114286,66.0,66.0,66.0,160.0,304.0,90478.08368163266,0.8123661967363898,0.6357142857142857,3155.1724137931033
7.85,766,123543,66.0,66.0,66.0,124.0,286.5,125767.10381998651,1.0059263829579956,0.7258485639686684,3340.127388535032
9.35,874,106143,66.0,54.0,66.0,95.0,268.0,17581.30190371212,0.4225995818367019,0.7585812356979404,3324.064171122995
0.26,46,4205,66.0,54.0,66.0,86.0,178.0,3043.89461247637,0.6464369616288176,0.8260869565217391,6923.076923076924
7.58,1059,138652,66.0,66.0,66.0,124.0,304.0,29510.396035242673,1.0293605374471262,0.7016052880075543,4741.424802110818
8.08,861,98813,66.0,54.0,66.0,112.0,256.0,16363.313134256283,0.7667894435703047,0.7375145180023229,3742.574257425743
5.9,525,75637,66.0,54.0,66.0,95.0,268.0,93267.28455691611,0.9576312860729352,0.7523809523809524,3162.7118644067796
6.3,792,138253,66.0,66.0,66.0,232.0,420.0,56042.92293994235,1.433089296399282,0.6515151515151515,4114.285714285715
8.38,901,120473,66.0,66.0,66.0,124.0,256.0,63447.28900555679,1.1363491275358206,0.7314095449500555,3766.1097852028633
8.41,1096,142315,66.0,66.0,66.0,124.0,268.0,22763.954525247755,1.2049641324388392,0.7016423357664233,4437.574316290131
9.05,883,129214,66.0,54.0,66.0,90.0,268.0,56505.5025760271,0.32407673074558346,0.7712344280860702,3493.922651933701
4.78,550,113088,66.0,54.0,66.0,95.0,342.40000000000055,187860.1132429752,0.7181925916922423,0.7563636363636363,4041.8410041841
5.56,634,71982,66.0,66.0,66.0,124.0,206.50000000000068,17373.807043557,0.8917242648025019,0.7208201892744479,3820.1438848920866
3.95,624,73807,66.0,66.0,66.0,124.0,278.0,11619.153720311471,1.0206148876173788,0.7035256410256411,5559.493670886075
6.91,749,70105,66.0,66.0,66.0,95.0,160.0,3377.3858977078476,0.8136544730170229,0.7676902536715621,3968.162083936324
5.88,757,117582,66.0,66.0,66.0,160.0,376.0,51157.18151501878,1.183509749303621,0.7054161162483488,4285.714285714285
8.98,1218,186154,66.0,66.0,66.0,189.0,340.0,31166.513267058708,0.8850083540073921,0.6576354679802956,4483.296213808463
1.31,149,16813,66.0,54.0,66.0,90.0,160.60000000000005,25637.78613575964,0.7170138888888888,0.7718120805369127,3893.1297709923665
1.01,117,12271,66.0,54.0,66.0,90.0,196.0,9183.558331507049,0.5290965732087227,0.7948717948717948,4277.227722772278
5.92,803,95456,66.0,66.0,66.0,124.0,256.0,11386.742585788972,1.299867485845079,0.7123287671232876,4702.7027027027025
6.79,1247,165281,66.0,66.0,66.0,160.0,309.0,20208.312313304938,1.1659437287869059,0.652766639935846,6141.38438880707
9.99,1120,134016,66.0,66.0,66.0,124.0,304.0,13443.480663265305,0.6870515370477606,0.7223214285714286,3873.8738738738734
6.04,708,98235,66.0,66.0,66.0,116.0,268.0,50006.00388418079,1.0527635565771603,0.730225988700565,4092.7152317880796
1.56,244,49629,66.0,66.0,66.0,268.0,354.4000000000012,90610.50179723192,3.0971683315446215,0.5901639344262295,4923.076923076923
6.23,885,108971,66.0,66.0,66.0,160.0,279.0,9970.839316926811,1.440013434841021,0.6519774011299435,4680.577849117174
9.83,1216,174246,66.0,62.0,66.0,131.0,304.0,43502.0218766231,1.3636190992946284,0.6850328947368421,4211.597151576806
5.32,745,92790,66.0,66.0,66.0,124.0,268.0,13822.54008378001,1.130654420206659,0.6630872483221476,4827.067669172932
9.8,1409,209700,66.0,66.0,66.0,184.0,310.0,24590.02539287889,1.1991274801795377,0.6458481192334989,4714.285714285714
6.01,1065,162606,66.0,66.0,66.0,124.0,321.0,77887.97097930303,1.8724407779681675,0.6600938967136151,5880.199667221298
0.46,37,6465,66.0,66.0,66.0,232.0,400.0,53915.38641344046,0.14729370008873113,0.6756756756756757,2869.565217391304
2.02,205,25834,66.0,66.0,66.0,95.0,304.0,19452.760594884,0.3820885940509309,0.7609756097560976,3742.574257425743
0.52,47,3667,66.0,61.2,66.0,82.0,101.79999999999998,735.2548664554098,1.1344586728754364,0.8936170212765957,3346.153846153846
7.98,784,86420,66.0,54.0,66.0,90.0,196.0,37566.12841003749,0.6716960693283813,0.7793367346938775,3639.097744360902
7.13,653,65210,66.0,54.0,66.0,90.0,160.0,7782.7313870016815,0.5512155668680717,0.7886676875957122,3307.152875175316
0.21,21,2205,66.0,54.0,66.0,117.0,268.0,5829.047619047619,0.7334905660377359,0.7142857142857143,3714.285714285714
8.36,904,143602,66.0,66.0,66.0,124.0,323.2000000000007,68597.68820483201,0.7964846437730656,0.7123893805309734,3610.047846889952
9.17,993,164620,66.0,66.0,66.0,124.0,276.6000000000005,134208.60235748932,0.9725600623090288,0.7180261832829808,3631.4067611777537
9.81,853,108729,66.0,66.0,66.0,95.0,304.0,26069.87842646256,0.3982818709088337,0.753810082063306,3113.1498470948013
8.25,1031,163205,66.0,66.0,66.0,196.0,376.0,29544.957890270667,1.1020736733642453,0.6644034917555771,4079.9999999999995
8.42,787,101256,66.0,54.0,66.0,95.0,304.0,24251.858216991808,0.37947194899321546,0.7674714104193139,3384.7980997624704
2.44,440,89755,66.0,66.0,66.0,279.0,472.5000000000001,62403.39305268595,1.8045808205480736,0.6136363636363636,5459.016393442624
1.97,140,13415,66.0,54.0,66.0,84.0,124.0,14778.960969387754,0.6683248352195,0.8857142857142857,2741.116751269036
5.66,761,111727,66.0,66.0,66.0,160.0,304.0,29265.514118811094,1.527760180995475,0.6517739816031537,4293.286219081272
4.82,502,56120,66.0,66.0,66.0,103.0,268.0,8791.335566102125,0.6711333452444762,0.7470119521912351,3796.680497925311
9.78,1081,120681,66.0,54.0,66.0,124.0,232.0,9648.656405613398,0.6958629605688429,0.7354301572617946,3895.7055214723932
0.56,343,85383,124.0,66.0,66.0,311.0,448.0,115386.54320903705,3.8690123175182483,0.48104956268221577,17142.85714285714
8.48,1022,118048,66.0,54.0,66.0,124.0,280.0,10297.134493204301,1.0639566395663957,0.7367906066536204,4273.584905660377
7.38,685,74608,66.0,54.0,66.0,90.0,232.0,10337.886506473442,0.49007389654483724,0.7795620437956204,3317.0731707317073
5.65,747,109052,66.0,66.0,66.0,124.0,340.0,24739.627665503598,1.080509768009768,0.6519410977242303,4353.982300884955
9.45,984,130590,66.0,66.0,66.0,124.0,307.0,21085.824372893116,0.6049306852816833,0.693089430894309,3669.84126984127
9.13,775,108885,66.0,54.0,66.0,93.0,340.0,41110.63192507804,0.4238172450767581,0.7716129032258064,3082.146768893757
5.54,564,66259,66.0,54.0,66.0,90.0,232.0,18827.306357200338,0.4048043081881016,0.7836879432624113,3747.292418772563
0.32,46,6469,66.0,54.0,66.0,115.5,286.0,30682.624291115302,0.4011262724713017,0.7391304347826086,4875.0
8.44,1076,131517,66.0,54.0,66.0,112.0,232.0,23675.002987624546,0.9584096493187402,0.7369888475836431,4492.890995260664
2.24,443,67101,66.0,66.0,66.0,196.0,376.0,20824.91272821772,1.3362231042406518,0.6388261851015802,6589.285714285714
2.06,179,17389,66.0,54.0,66.0,90.0,196.60000000000005,4689.788957897693,0.5372171145685997,0.8044692737430168,3291.26213592233
9.5,1121,122880,66.0,66.0,66.0,112.0,232.0,8569.988454936612,0.6185884770410179,0.7413024085637824,4124.21052631579
9.28,900,98255,66.0,66.0,66.0,103.0,232.0,8032.531450617284,0.8534832393276867,0.7477777777777778,3497.8448275862074
3.77,794,143696,66.0,66.0,66.0,232.0,340.0,48515.337017556114,2.377903149976493,0.6133501259445844,6779.840848806365
3.51,674,123524,66.0,66.0,66.0,279.0,413.0,46067.565066171235,2.5423130968426486,0.5786350148367952,5829.059829059829
6.13,600,70133,66.0,54.0,66.0,90.0,267.1,22012.57586388889,0.46336018027792847,0.78,3553.017944535073
2.72,330,39999,66.0,54.0,66.0,90.0,268.0,21199.498705234157,0.39822421085748244,0.803030303030303,4522.058823529412
1.15,125,17523,66.0,54.0,66.0,124.0,304.0,32193.510144000003,0.34968805360856503,0.72,3704.347826086957
5.66,567,68394,66.0,54.0,66.0,90.0,268.0,19673.186920858876,0.4039041812919515,0.7742504409171076,3699.6466431095405
6.34,688,82926,66.0,54.0,66.0,90.0,268.0,17650.85362865062,0.4051681775819707,0.7790697674418605,3965.299684542587
9.0,1364,198827,66.0,66.0,66.0,160.0,328.0,27806.671061372883,1.0928056418083258,0.6796187683284457,5066.666666666667
9.1,1913,314376,66.0,66.0,66.0,124.0,310.0,69345.86053384976,0.8247121099554234,0.6272869837950863,6857.142857142857
9.15,1464,429331,66.0,66.0,66.0,222.75,656.0,324033.69049492007,1.6797680573240457,0.6434426229508197,5213.114754098361
6.47,1512,1822160,66.0,66.0,66.0,78.0,232.0,36771001.3330324,16.690702032019107,0.8511904761904762,9384.853168469861
9.78,1305,158369,66.0,54.0,66.0,124.0,297.60000000000014,14918.095802469135,0.879416127692399,0.724904214559387,4754.601226993866
9.46,1567,237748,66.0,66.0,66.0,196.0,310.0,32725.940451779665,1.5300145789658512,0.6566687938736439,5511.627906976744
3.53,292,27591,66.0,54.0,66.0,90.0,196.0,5124.0923601989125,0.6342474678670852,0.8047945205479452,3093.4844192634564
1.56,181,23771,66.0,54.0,66.0,90.0,304.0,33279.85696407313,0.35524515393386547,0.7790055248618785,4230.7692307692305
4.55,587,78529,66.0,66.0,66.0,124.0,282.59999999999934,23993.05051237924,0.917305532496704,0.7206132879045997,4575.824175824176
1.47,184,22246,66.0,54.0,66.0,124.0,232.0,11203.794777882798,1.0546781195160249,0.6793478260869565,4000.0
2.72,785,128095,66.0,66.0,66.0,232.0,309.0,36282.82169662055,2.1489994591671175,0.6140127388535032,9551.470588235294
3.63,363,34662,66.0,54.0,66.0,90.0,160.0,4570.17822097762,0.5708329556784193,0.7878787878787878,3735.537190082645
6.88,834,103857,66.0,54.0,66.0,103.0,304.0,17472.752769007813,0.6392348122543681,0.7482014388489209,4281.976744186047
5.66,886,122432,66.0,66.0,66.0,124.0,321.0,23079.92059067817,1.0230675171023498,0.6760722347629797,5480.565371024734
6.1,1004,227534,66.0,66.0,66.0,292.0,484.0,168568.49669449695,2.8459484128325614,0.6215139442231076,5085.245901639345
7.56,938,101288,66.0,54.0,66.0,112.0,196.0,9312.27049795191,0.7238456694521503,0.7281449893390192,4476.190476190476
4.17,633,89961,66.0,66.0,66.0,160.0,344.0,17250.388805282902,1.4361189341421143,0.65086887835703,4964.028776978418
2.48,230,21322,66.0,54.0,66.0,90.0,160.29999999999998,3645.373459357277,0.572650833456262,0.808695652173913,3387.0967741935483
2.58,272,29840,66.0,54.0,66.0,112.0,196.0,12600.001730103806,0.48887336593154374,0.7463235294117647,3558.1395348837204
5.29,486,55373,66.0,54.0,66.0,90.0,262.0,21380.878647394544,0.43075293266497855,0.7674897119341564,3323.251417769376
1.02,153,25810,66.0,66.0,66.0,220.0,448.0,33092.500405826824,1.4627862595419847,0.6339869281045751,4882.35294117647
3.92,527,62560,66.0,61.20000000000002,66.0,124.0,272.6000000000003,19307.94417579727,0.8858710397009616,0.7343453510436433,4806.122448979592
4.16,429,43734,66.0,54.0,66.0,90.0,196.0,6928.351182616917,0.5052142488384099,0.7808857808857809,3750.0
8.1,1060,131804,66.0,66.0,66.0,124.0,268.0,25187.52170167319,0.7132978031977122,0.7254716981132076,4614.814814814816
0.87,264,52536,74.0,57.60000000000001,66.0,241.0,459.0,90908.31818181818,2.3898567557104142,0.5757575757575758,9034.482758620688
8.4,966,120086,66.0,54.0,66.0,90.75,292.0,26733.33704546721,0.5750222968364723,0.7701863354037267,4214.285714285714
9.7,1331,163401,66.0,54.0,66.0,124.0,298.0,18276.989379423005,0.9276714720524739,0.7107438016528925,4787.628865979382
5.55,1387,244005,66.0,66.0,66.0,196.0,329.0,55232.01207317511,2.10612811242935,0.5811103100216294,7686.486486486487
9.87,1269,168909,66.0,54.0,66.0,124.0,304.0,27329.924562256532,0.9064436393187282,0.727344365642238,4601.823708206687
4.6,462,48303,66.0,54.0,66.0,90.0,232.0,8508.15639230899,0.48423672566371684,0.8051948051948052,3665.217391304348
3.45,333,39516,66.0,66.0,66.0,90.0,289.20000000000016,14447.921921921921,0.4636097633245676,0.7807807807807807,3565.2173913043475
4.64,468,59556,66.0,66.0,66.0,91.25,340.0,19031.284681130834,0.3772720965727765,0.7585470085470085,3711.2068965517246
4.05,593,83681,66.0,66.0,66.0,124.0,278.0,38426.81315743824,1.0403530587862384,0.7284991568296796,5007.407407407408
1.2,134,11718,66.0,66.0,66.0,90.0,124.0,3522.9039875250614,0.5463182897862233,0.8208955223880597,4350.0
9.45,1158,167323,66.0,54.0,66.0,124.0,311.0,32811.1929574545,0.8391791331875089,0.7115716753022453,4241.269841269841
5.72,753,86611,66.0,66.0,66.0,124.0,268.0,9658.913227126905,0.9174027584069425,0.7184594953519257,4594.4055944055945
8.41,940,102745,66.0,54.0,66.0,112.0,232.0,9210.013394069716,0.7022598495642666,0.7414893617021276,4009.5124851367423
5.3,377,48089,66.0,66.0,66.0,130.0,304.0,12777.848869688803,0.4014396456256921,0.6949602122015915,2433.9622641509436
8.1,1030,120073,66.0,66.0,66.0,124.0,268.0,11759.611255537751,0.7879979152706426,0.7,4459.25925925926
4.21,536,64967,66.0,54.0,66.0,112.0,292.0,13407.235098991981,0.7275241311457973,0.7481343283582089,4589.073634204276
1.48,155,15966,66.0,66.0,66.0,90.0,219.39999999999978,8226.148345473466,0.590872857712236,0.8064516129032258,4054.054054054054
1.89,344,41503,66.0,66.0,66.0,124.0,304.0,11374.204764399676,1.1810394660780914,0.7093023255813954,6444.444444444444
9.15,1033,127923,66.0,54.0,66.0,95.0,232.0,49797.2016954537,0.92142932243868,0.7531461761858664,4091.8032786885246
4.38,443,57077,66.0,54.0,66.0,90.5,340.0,22316.95471569282,0.4483239869065442,0.7832957110609481,3712.328767123288
2.43,369,57338,66.0,66.0,66.0,124.0,340.0,46635.99886898598,0.8318849840255591,0.7154471544715447,5382.716049382716
6.13,855,101263,66.0,66.0,66.0,124.0,269.20000000000005,11478.557047980576,0.9579458226183801,0.7192982456140351,4903.752039151713
0.25,31,3536,66.0,66.0,66.0,118.0,307.0,9558.640998959418,0.5195530726256983,0.7096774193548387,5040.0
8.35,1141,142594,66.0,66.0,66.0,124.0,304.0,12416.687254825902,1.001909334681099,0.7072743207712533,4728.143712574851
3.35,323,37556,66.0,54.0,66.0,90.0,268.0,12255.40564943592,0.42928908509666613,0.7801857585139319,3582.089552238806
0.7,92,11481,66.0,66.0,66.0,90.0,289.9000000000001,19983.642131379962,0.32483267943687977,0.7717391304347826,4714.285714285715
7.42,1094,160013,66.0,66.0,66.0,124.0,340.0,30738.62217129164,0.6771972118861694,0.696526508226691,5053.908355795148
1.98,300,40846,66.0,64.80000000000003,66.0,124.0,340.0,23185.48315555556,0.797641052724232,0.7033333333333334,5575.757575757575
2.37,230,25681,66.0,54.0,66.0,90.0,232.0,11841.095066162572,0.4391145979265901,0.7956521739130434,3594.9367088607596
1.94,197,24982,66.0,54.0,66.0,90.0,268.0,20174.15254193615,0.3706040489383881,0.7614213197969543,3773.1958762886597
8.93,1685,258842,66.0,66.0,66.0,196.0,346.0,21921.564865764427,1.564264627211666,0.6207715133531158,6026.875699888019
1.15,127,14413,66.0,54.0,66.0,90.0,210.4000000000002,15161.824663649326,0.3655139744197063,0.7795275590551181,4121.739130434783
2.96,444,52647,66.0,54.0,66.0,112.0,257.1999999999996,15619.316547966886,0.8283382531689529,0.7342342342342343,5351.351351351352
5.25,692,85691,66.0,55.2000000000001,66.0,160.0,304.0,9677.293667930768,1.130821832649509,0.6893063583815029,4514.285714285715
6.82,830,100876,66.0,54.0,66.0,95.0,304.0,13765.537761649004,0.6342281335558183,0.7518072289156627,4363.636363636364
4.87,481,64197,66.0,54.0,66.0,95.0,328.0,24298.352773371487,0.3815016462587962,0.7567567567567568,3498.9733059548257
3.57,289,36609,66.0,54.0,66.0,90.0,271.0,25580.323271991474,0.43289365532897567,0.7958477508650519,2991.5966386554624
1.18,122,19430,66.0,55.20000000000002,66.0,90.0,268.0,107150.73447997848,0.24264517779483244,0.7540983606557377,3661.0169491525426
6.94,713,89635,66.0,54.0,66.0,95.0,304.0,19786.75063585702,0.41675096415249413,0.7699859747545582,3639.769452449568
2.24,605,125995,74.0,66.0,66.0,268.0,472.0,63413.268246704465,2.0176274758699972,0.5867768595041323,7928.5714285714275
3.96,477,54540,66.0,61.20000000000002,66.0,112.0,224.8000000000004,12852.685495035797,0.9566621224079788,0.740041928721174,4257.575757575757
8.29,896,120252,66.0,54.0,66.0,90.0,340.0,26057.50954639668,0.3668417104276069,0.7678571428571429,3893.848009650181
3.81,350,42799,66.0,54.0,66.0,90.0,268.0,21540.705706122448,0.3881807271901657,0.7828571428571428,3385.8267716535433
0.32,149,26255,74.0,66.0,66.0,160.0,328.6000000000015,60315.97684788974,3.11843137254902,0.6241610738255033,13875.0
6.16,885,150574,66.0,66.0,66.0,196.0,484.0,42871.58036834882,0.9476904370771838,0.6779661016949152,4811.688311688312
7.75,746,83426,66.0,54.0,66.0,90.0,234.0,15814.086754019649,0.5114774889029804,0.8016085790884718,3623.2258064516127
0.83,49,7201,66.0,66.0,66.0,112.0,383.20000000000005,26092.855476884633,0.27248630500088356,0.7346938775510204,2024.0963855421687
6.34,1006,222909,66.0,66.0,66.0,160.0,309.0,251823.8858232316,2.449002011449791,0.6520874751491054,5365.930599369086
4.58,611,96608,66.0,66.0,66.0,124.0,309.0,79209.6202624551,1.4799260704384434,0.7004909983633388,4650.655021834061
1.12,104,13438,66.0,66.0,66.0,108.25,268.0,17694.18602071006,0.4406089193825043,0.7403846153846154,3160.7142857142853
1.41,130,17318,66.0,64.80000000000001,66.0,124.0,293.2000000000001,20151.353609467453,0.3226915145497594,0.7230769230769231,3191.4893617021276
9.32,874,102628,66.0,54.0,66.0,90.0,268.0,16197.468379684662,0.4016388964763726,0.7757437070938215,3476.394849785407
7.59,1080,133758,66.0,66.0,66.0,124.0,278.0,17098.32935185185,1.1386566042562716,0.7018518518518518,4909.090909090909
2.36,262,31273,66.0,55.20000000000002,66.0,103.25,304.0,11431.483028378301,0.42851269870272246,0.7480916030534351,3813.5593220338983
2.06,229,29195,66.0,54.0,66.0,90.0,292.0,25548.686562041155,0.3742703822255696,0.7685589519650655,4048.5436893203882
2.56,245,29462,66.0,54.0,66.0,90.0,268.0,16253.960449812581,0.48243936801851667,0.7795918367346939,3375.0
9.38,1070,141904,66.0,66.0,66.0,124.0,298.60000000000014,33871.58125949864,0.7175918080805636,0.7121495327102804,4036.247334754797
1.37,132,17524,66.0,54.0,66.0,103.0,304.0,27583.274563820018,0.3778896052838497,0.7424242424242424,3328.4671532846714
3.98,399,47657,66.0,54.0,66.0,90.0,232.0,17574.82798474884,0.396133001318295,0.7719298245614035,3663.3165829145732
4.54,582,87126,66.0,66.0,66.0,160.0,361.59999999999945,31866.051510964684,0.7907263534344555,0.6993127147766323,4440.528634361233
5.05,460,48171,66.0,54.0,66.0,95.0,232.0,6616.093095463138,0.5430026586373683,0.7521739130434782,3267.326732673267
5.32,573,87265,66.0,66.0,66.0,95.0,304.0,99976.34058520567,0.3335319916257889,0.7661431064572426,3812.03007518797
0.64,43,4357,66.0,56.400000000000006,66.0,90.0,160.0,7212.266089778258,0.4645378151260504,0.7906976744186046,2718.75
2.58,258,28211,66.0,54.0,66.0,95.0,234.7000000000001,8179.985652905474,0.47547071129707114,0.751937984496124,3581.395348837209
2.34,213,26835,66.0,54.0,66.0,95.0,304.0,18244.69933214309,0.37186237922396603,0.7605633802816901,3333.3333333333335
1.91,213,29784,66.0,66.0,66.0,90.0,395.2000000000003,25654.008992924682,0.3762765121759623,0.7511737089201878,3958.1151832460737
1.0,91,10650,66.0,54.0,66.0,90.0,268.0,12893.30660548243,0.4777299847370612,0.7802197802197802,3480.0
4.28,634,89641,66.0,66.0,66.0,135.0,304.0,42298.367147150435,0.9878257012972613,0.7003154574132492,4906.542056074766
8.22,860,93048,66.0,66.0,66.0,95.0,232.0,8691.210676041104,0.7021805941753256,0.7697674418604651,3773.722627737226
6.86,1030,132278,66.0,66.0,66.0,124.0,309.0,14962.483246300313,1.5081152825180129,0.6805825242718446,5090.379008746355
1.33,115,10502,66.0,54.0,66.0,90.0,169.0000000000001,2527.400831758034,0.6330275229357798,0.7739130434782608,3203.0075187969924
3.97,375,41841,66.0,54.0,66.0,90.0,268.0,11755.534890666664,0.4568593314763231,0.8053333333333333,3476.0705289672546
1.28,134,18056,66.0,54.0,66.0,95.0,365.2000000000001,21717.875918912898,0.342453531598513,0.753731343283582,3890.625
8.71,933,132918,66.0,54.0,66.0,90.0,292.0,64888.67521358686,0.34112946351996287,0.7620578778135049,3898.9667049368536
8.03,1266,216891,66.0,66.0,66.0,124.0,376.0,72460.30919303998,0.5231858307641527,0.693522906793049,5282.689912826899
3.3,553,95649,66.0,66.0,66.0,184.0,443.2000000000001,51686.16867391083,0.7493461601770397,0.674502712477396,5509.090909090909
3.84,597,122953,66.0,66.0,66.0,268.0,412.0,124835.92896363449,1.5498869740143926,0.6683417085427136,5031.25
4.28,662,125060,66.0,66.0,66.0,160.0,481.8999999999995,117637.07389490788,1.1620967463089105,0.6842900302114804,5186.915887850468
0.76,124,17852,66.0,66.0,66.0,124.0,438.5000000000005,30221.35379812694,1.5189784111753915,0.7258064516129032,6236.842105263158
7.58,1189,160975,66.0,54.0,66.0,160.0,309.0,16007.08665712683,1.5097443093233551,0.6703111858704794,5303.430079155673
6.6,891,147346,66.0,66.0,66.0,268.0,378.0,26030.73853638014,1.3540708077709611,0.6161616161616161,4218.181818181818
9.71,1008,113330,66.0,66.0,66.0,124.0,220.0,8492.532875881836,0.6843779260734509,0.7053571428571429,3571.5756951596286
4.52,422,47814,66.0,66.0,66.0,90.0,268.0,10976.358235439453,0.41654322450672515,0.7654028436018957,3331.8584070796464
1.43,191,23387,66.0,66.0,66.0,124.0,232.0,20053.5977632192,0.9839667458432304,0.7225130890052356,4993.006993006993
8.03,769,84296,66.0,54.0,66.0,90.0,226.40000000000032,13504.597658621382,0.4671400724032303,0.7932379713914174,3489.414694894147
9.3,1677,223517,66.0,66.0,66.0,160.0,309.0,15086.584908806899,1.2273519944993074,0.6535480023852117,6051.612903225807
5.98,753,108075,66.0,66.0,66.0,124.0,309.0,33572.37681941556,0.6908911696601789,0.6985391766268261,4454.849498327759
5.76,1428,205037,66.0,66.0,66.0,196.0,305.1999999999998,33202.12820961718,1.573643118943616,0.6113445378151261,8010.416666666666
9.77,1343,171025,66.0,66.0,66.0,124.0,308.0,13705.094333764495,0.9516940738796517,0.6708860759493671,4544.524053224156
2.81,388,59849,66.0,66.0,66.0,160.0,376.0,26879.141108247422,1.2051952837140751,0.6494845360824743,4633.451957295374
2.61,223,24032,66.0,54.0,66.0,113.5,196.0,7167.228136499828,0.5458638878168017,0.7354260089686099,2942.528735632184
4.85,455,59028,66.0,66.0,66.0,95.0,340.0,19833.668764641956,0.3910871255862183,0.7758241758241758,3315.4639175257735
6.31,644,76560,66.0,66.0,66.0,124.0,232.0,14422.420855676864,0.6720172967306558,0.7158385093167702,3632.329635499208
4.14,478,50715,66.0,66.0,66.0,101.75,196.0,20286.695352847462,0.8139060767552487,0.7489539748953975,4159.420289855073
3.35,294,36199,66.0,66.0,66.0,116.75,304.0,13248.43654264427,0.3920550684510075,0.7482993197278912,3044.776119402985
1.82,344,53589,66.0,66.0,66.0,126.5,412.0,29792.013512371548,1.0318104265402843,0.6540697674418605,6494.505494505494
3.43,631,80082,66.0,66.0,66.0,124.0,304.0,11873.299851065274,1.1281424395429178,0.6370839936608558,6227.405247813411
6.5,646,80708,66.0,54.0,66.0,95.0,304.0,17183.36109806477,0.4120158158088107,0.7585139318885449,3470.7692307692305
3.24,256,33552,66.0,66.0,66.0,94.5,304.0,26339.88671875,0.3552530597406794,0.75,2851.8518518518517
3.96,542,77061,66.0,66.0,66.0,196.0,322.0,19384.648782696313,1.1534441805225653,0.6752767527675276,4666.666666666666
2.55,236,30594,66.0,54.0,66.0,124.75,304.0,19847.807885665043,0.4930457273925138,0.7330508474576272,3341.1764705882356
5.99,858,144080,66.0,66.0,66.0,160.0,350.80000000000246,74015.24618427416,1.9239386313824174,0.6631701631701632,4707.846410684474
8.87,775,84899,66.0,66.0,66.0,103.0,232.0,9014.314878668054,0.4581944969255608,0.7470967741935484,3084.5546786922214
3.17,245,29612,66.0,58.800000000000026,66.0,95.0,307.0,13715.194102457308,0.42092130518234167,0.7510204081632653,2687.697160883281
8.96,1254,220350,66.0,66.0,66.0,196.0,378.10000000000014,90964.65077112094,1.297346608976698,0.645933014354067,4600.446428571428
9.21,998,138416,66.0,66.0,66.0,160.0,345.0,22514.16650937145,1.145452290904582,0.6613226452905812,3713.3550488599344
9.26,1388,210926,66.0,66.0,66.0,196.0,323.0999999999997,26212.75374556719,1.3243046678714683,0.6325648414985591,4969.76241900648
9.59,1176,176661,66.0,66.0,66.0,196.0,310.0,22767.454994880605,1.529908777155623,0.6369047619047619,3916.579770594369
1.5,313,76164,66.0,66.0,66.0,196.0,322.0,250488.4337902806,0.32443006938285773,0.6038338658146964,6920.0
4.41,382,51479,66.0,66.0,66.0,124.0,328.0,19456.783565417616,0.33902978280660684,0.7094240837696335,3006.8027210884356
5.21,712,110619,66.0,66.0,66.0,124.0,310.0,62720.29604650613,1.1165429358640746,0.6980337078651685,4618.042226487524
0.62,54,5701,66.0,66.0,66.0,124.0,192.40000000000003,8892.763031550066,0.4199252801992528,0.7222222222222222,3387.0967741935483
2.57,246,23803,66.0,54.0,66.0,90.0,220.0,4569.653860136163,0.5074730842305256,0.8089430894308943,3548.6381322957204
0.24,41,3096,66.0,66.0,66.0,74.0,90.0,881.5181439619271,0.72,0.926829268292683,7250.0
9.53,1368,200570,66.0,66.0,66.0,151.0,321.0,32646.73373644882,1.5084419320143074,0.6878654970760234,4791.1857292759705
4.58,456,49158,66.0,54.0,66.0,90.0,241.0,10436.215431671284,0.4601675280698628,0.8092105263157895,3786.026200873362
0.86,49,5212,66.0,54.0,66.0,90.0,239.20000000000005,9030.558933777593,0.46569178852643417,0.8163265306122449,2023.2558139534883
2.23,246,26085,66.0,54.0,66.0,90.0,232.0,8862.189718421576,0.48336650554449817,0.7845528455284553,4035.8744394618834
6.17,730,81841,66.0,54.0,66.0,95.0,232.0,12547.079468943515,0.8582067524918829,0.7520547945205479,4181.523500810373
8.99,968,101459,66.0,54.0,66.0,90.0,232.0,6815.734665280718,0.7209858533772093,0.7613636363636364,3937.708565072302
9.94,1719,248324,66.0,66.0,66.0,196.0,311.0,17710.278520088756,1.7927931980745873,0.641652123327516,5571.428571428572
4.79,443,46034,66.0,54.0,66.0,90.0,232.0,6936.2725517072695,0.5141268953721673,0.7855530474040632,3356.993736951983
6.88,817,84360,66.0,54.0,66.0,90.0,220.0,7513.512282599413,0.7544662354678369,0.7784577723378213,4438.953488372093
2.63,400,58612,66.0,64.80000000000007,66.0,196.0,310.0,25592.8041,1.643633575391277,0.665,5019.011406844107
1.17,137,14220,74.0,54.0,66.0,124.0,196.0,2998.950929724546,1.1998762376237624,0.6131386861313869,3384.6153846153848
1.66,183,14754,66.0,66.0,66.0,74.0,124.0,1625.7977246259968,0.629555997349238,0.8579234972677595,4662.650602409639
0.86,76,6089,66.0,54.0,66.0,90.0,124.0,967.3675554016621,0.7441993698080779,0.8289473684210527,3279.0697674418607
8.33,730,87674,66.0,66.0,66.0,112.0,232.0,25446.778765246763,0.39761840238478585,0.7465753424657534,3054.0216086434575
2.94,272,27125,66.0,54.0,66.0,90.0,160.0,8374.067352400521,0.5080335798076389,0.7904411764705882,3408.1632653061224
8.15,782,81915,66.0,54.0,66.0,90.0,160.0,33351.09255074208,0.9860107646802114,0.7762148337595908,3541.1042944785277
8.04,1127,207396,66.0,66.0,66.0,160.0,309.0,148323.37471548168,2.115270225613603,0.6557231588287489,4507.462686567165
0.91,87,8104,66.0,54.0,66.0,90.0,174.4000000000002,3467.3454881754515,0.6088941830454636,0.7931034482758621,3692.3076923076924
1.89,159,16841,66.0,54.0,66.0,90.0,239.2000000000006,7930.9681579051485,0.41795066094131517,0.8050314465408805,3269.84126984127
0.5,43,6549,74.0,66.0,66.0,214.0,388.00000000000006,17923.00162249865,0.4014551679863043,0.6511627906976745,2520.0
8.46,1440,203770,66.0,66.0,66.0,148.0,309.0,36392.49995177469,1.5487179487179488,0.6506944444444445,5666.666666666666
2.68,241,26564,66.0,66.0,66.0,95.0,271.0,8565.443570186464,0.47988857938718665,0.7717842323651453,3268.6567164179105
5.42,614,94982,66.0,66.0,66.0,124.0,294.1000000000015,66473.28084117603,0.3992840200945801,0.7117263843648208,4040.590405904059
0.35,32,4534,66.0,66.0,66.0,130.0,230.8,36750.02734375,0.22806067172264355,0.6875,3257.1428571428573
1.06,96,18075,66.0,54.0,66.0,112.0,232.0,120448.66048177083,0.2034755975764032,0.71875,3169.8113207547167
7.26,747,177242,66.0,66.0,66.0,160.0,610.0,151991.5954939795,0.15943716515447867,0.6720214190093708,3347.107438016529
2.71,191,52569,66.0,66.0,66.0,240.0,1058.0,162627.45478468243,0.1331235315672623,0.5706806282722513,2191.8819188191883
6.77,548,59329,66.0,66.0,66.0,124.0,202.60000000000014,8515.493856225692,0.48601127113337506,0.7226277372262774,2853.766617429838
4.79,786,409116,66.0,66.0,66.0,232.0,2572.0,838824.9980770351,11.342102087607095,0.6157760814249363,4947.807933194154
9.8,1218,163451,66.0,66.0,66.0,147.5,304.0,25277.781693454235,1.3980135267968485,0.6798029556650246,4095.9183673469383
2.76,408,63028,66.0,66.0,66.0,140.75,310.0,57081.25941945405,1.597379048874969,0.7009803921568627,5173.913043478261
6.51,1005,153120,66.0,66.0,66.0,127.0,335.2000000000003,33135.8637261454,1.0672616074201082,0.6567164179104478,5133.640552995392
1.58,163,16551,66.0,56.39999999999999,66.0,90.0,232.0,6147.524483420529,0.48426150121065376,0.7852760736196319,4101.26582278481
3.01,350,47151,66.0,66.0,66.0,124.0,340.0,16839.71713469388,0.8714427465767017,0.6857142857142857,4026.5780730897013
3.46,369,41404,66.0,66.0,66.0,95.0,232.0,9490.673026784469,0.6259179265658747,0.7533875338753387,4040.462427745665
6.29,881,129884,66.0,66.0,66.0,160.0,313.0,32757.67726798951,1.0351295028282226,0.637911464245176,4664.546899841018
1.66,120,13793,66.0,66.0,66.0,115.0,232.0,9393.73826388889,0.47046908315565034,0.7416666666666667,2566.265060240964
9.83,817,105340,66.0,66.0,66.0,124.0,304.0,20981.617578716654,0.37247237856993953,0.7294981640146879,2948.118006103764
2.83,395,66529,66.0,66.0,66.0,232.0,376.0,51511.606819419976,0.9410357403355215,0.6177215189873417,4643.109540636042
3.11,334,43436,66.0,66.0,66.0,155.5,292.0,13691.045609380044,0.8289612194197651,0.6437125748502994,3395.4983922829583
3.35,330,33570,66.0,66.0,66.0,97.25,160.0,9205.616528925619,0.7921204356181935,0.7515151515151515,3779.10447761194
7.5,750,90222,66.0,66.0,66.0,124.0,268.0,13353.408384,0.6957428813081478,0.7066666666666667,3512.0
1.23,269,43217,66.0,66.0,66.0,232.0,310.0,41727.987120133774,1.8484708673872923,0.5724907063197026,6682.926829268293
3.63,497,60833,66.0,66.0,66.0,148.0,279.0,12125.873883137861,1.050181989754651,0.6338028169014085,4462.809917355372
2.04,147,18753,66.0,54.0,66.0,119.5,304.0,17773.8231292517,0.3948973519785778,0.7278911564625851,2705.882352941176
4.6,619,90132,66.0,66.0,66.0,196.0,340.0,17989.149255795866,1.1869267724559616,0.6397415185783522,4460.869565217392
4.82,574,87420,66.0,66.0,66.0,196.0,342.10000000000014,23732.126236812393,1.2257300710339385,0.6341463414634146,3846.4730290456428
0.11,4,596,95.0,66.0,66.0,178.0,275.20000000000005,12721.0,0.28448275862068967,0.5,1090.909090909091
2.18,163,20986,66.0,56.39999999999999,66.0,124.0,302.80000000000007,15617.906055929845,0.45453285278624894,0.7300613496932515,2587.1559633027523
1.95,304,47508,66.0,66.0,66.0,220.0,401.1999999999996,25229.96970221607,1.342834599072887,0.5986842105263158,5138.461538461538
7.09,1024,223114,66.0,66.0,66.0,160.0,376.0,216783.46914291382,2.75240081400629,0.646484375,4671.368124118477
3.97,287,33068,66.0,54.0,66.0,110.5,292.0,9085.523242967622,0.47842804131085975,0.7456445993031359,2539.04282115869
8.85,1147,163178,66.0,66.0,66.0,160.0,314.400000000001,23454.20176815452,1.713121840915137,0.6451612903225806,4264.406779661017
7.95,808,98862,66.0,66.0,66.0,124.0,268.0,12223.387088275658,0.9420500530389345,0.6881188118811881,3433.962264150943
7.67,846,135136,66.0,66.0,66.0,124.0,304.0,104136.70767175808,1.340219932461685,0.6950354609929078,3809.647979139505
9.31,1140,150759,66.0,66.0,66.0,160.0,304.0,16892.632209141273,1.2418695257781016,0.6675438596491228,4143.931256713211
9.93,1004,106160,66.0,66.0,66.0,124.0,196.0,5926.711734734369,0.8241176672737894,0.6982071713147411,3480.3625377643502
0.51,47,4695,66.0,61.2,66.0,103.0,160.0,4516.22272521503,0.48811410459587956,0.723404255319149,3058.8235294117644
5.36,419,42858,66.0,54.0,66.0,90.0,196.0,6865.163800616309,0.4918027080650214,0.766109785202864,2854.4776119402986
3.04,448,54643,66.0,66.0,66.0,124.0,293.50000000000006,11869.79603296397,1.1755384799140025,0.6852678571428571,5171.0526315789475
1.06,136,15051,66.0,60.0,66.0,124.0,304.0,7208.015516868512,0.796919770773639,0.7279411764705882,4471.698113207547
0.99,250,33140,66.0,66.0,66.0,196.0,304.0,10807.0224,1.5203437523766066,0.64,8545.454545454546
5.93,715,91523,66.0,66.0,66.0,124.0,304.0,18152.009772605023,0.6626941593241893,0.7076923076923077,4290.050590219224
3.19,771,131986,66.0,66.0,66.0,266.0,341.0,30017.094332322304,1.717270911823441,0.5732814526588845,7561.128526645768
2.2,211,24800,66.0,54.0,66.0,90.0,256.0,14488.239257878304,0.44429561469920215,0.7725118483412322,3572.7272727272725
8.17,1229,140521,66.0,66.0,66.0,124.0,232.0,9152.990126724577,0.8152588133469404,0.7021969080553295,5419.828641370869
4.17,563,64767,66.0,66.0,66.0,124.0,220.0,12327.103268773919,1.151870556183135,0.7353463587921847,4935.251798561151
7.24,724,83771,66.0,66.0,66.0,112.0,232.0,16188.36510446873,0.7047762469728729,0.7417127071823204,3530.3867403314916
2.24,375,47652,66.0,66.0,66.0,143.5,232.0,21036.253482666667,1.4177786797909584,0.6426666666666667,5651.785714285714
0.12,9,750,74.0,66.0,66.0,90.0,124.0,525.3333333333334,0.5690376569037657,0.7777777777777778,2000.0
3.99,339,36530,66.0,54.0,66.0,95.0,232.0,7743.457714429912,0.4976835718092739,0.7522123893805309,3007.518796992481
8.61,1105,131135,66.0,66.0,66.0,127.0,268.0,11497.546348354868,0.9824484489326963,0.6877828054298643,4480.836236933798
6.4,641,131578,66.0,66.0,66.0,124.0,304.0,267538.1876893796,0.19847342150326083,0.7301092043681747,3506.25
1.49,105,14186,66.0,54.0,66.0,117.0,326.8000000000003,20490.01759637188,0.37701417200543585,0.7428571428571429,2577.1812080536915
6.36,520,69581,66.0,66.0,66.0,124.0,283.9000000000002,34243.934907544375,0.36642315698519307,0.7230769230769231,2783.018867924528
4.61,385,43016,66.0,66.0,66.0,112.0,232.0,11484.129627255863,0.4675719013339702,0.7402597402597403,2915.4013015184382
7.33,836,114096,66.0,66.0,66.0,124.75,304.0,30906.601211052868,0.8699051084124096,0.6794258373205742,3683.492496589359
6.41,863,151324,66.0,66.0,66.0,196.0,491.2000000000006,55829.51959063816,1.6774478927067482,0.6778679026651216,4586.583463338534
8.06,682,74310,66.0,66.0,66.0,95.0,220.0,10386.637610615664,0.4575160834771693,0.7565982404692082,3066.997518610422
5.02,969,158759,66.0,66.0,66.0,268.0,310.0,21382.137835330755,1.8358936801114645,0.5841073271413829,5904.382470119523
2.27,165,17168,66.0,66.0,66.0,95.0,124.0,27054.482497704328,0.5701481616974575,0.8181818181818182,2484.5814977973564
3.5,494,60400,66.0,66.0,66.0,157.0,268.7,9254.458965070726,1.3364666744033113,0.6275303643724697,4577.142857142857
2.87,292,37508,66.0,66.0,66.0,124.0,290.70000000000044,18084.939482079186,0.5226110254120322,0.6746575342465754,3365.8536585365855
2.38,186,24932,66.0,66.0,66.0,124.0,340.0,16576.148687709563,0.40946350839504775,0.7096774193548387,2722.6890756302523
4.64,731,117471,66.0,66.0,66.0,160.0,388.0,29906.538699493412,1.1073677412410527,0.6114911080711354,5159.48275862069
5.35,866,167195,66.0,66.0,66.0,297.75,459.0,45957.8674922262,1.6425636162478268,0.5600461893764435,4968.224299065421
7.71,1213,195198,66.0,66.0,66.0,196.0,309.0,41012.20408884516,1.744937563280459,0.6125309150865622,5143.968871595331
9.94,1115,144812,66.0,66.0,66.0,160.0,304.0,10841.930870116032,1.2183890437819787,0.6071748878923767,3712.2736418511067
5.87,676,88431,66.0,66.0,66.0,160.0,304.0,12091.05604451875,0.8243728338009573,0.658284023668639,3822.8279386712093
9.04,860,164471,66.0,66.0,66.0,163.0,412.0,146999.99445511086,1.3412908552556657,0.6534883720930232,3179.203539823009
8.64,750,115663,66.0,66.0,66.0,124.0,268.0,102288.11143288888,1.1198841663459247,0.6533333333333333,2861.111111111111
5.65,335,32212,66.0,66.0,66.0,112.0,170.20000000000027,3077.0266518155495,0.5068531599382514,0.7343283582089553,2038.938053097345
9.28,1308,256870,66.0,66.0,66.0,160.0,309.0,185195.84352935132,2.76553887650991,0.6261467889908257,4642.241379310345
3.41,288,29326,66.0,54.0,66.0,106.75,196.0,5714.1087480709875,0.5061373324431205,0.7430555555555556,3008.7976539589445
4.79,445,55290,66.0,54.0,66.0,124.0,304.0,15779.795076379245,0.5356200527704486,0.7191011235955056,3231.7327766179537
6.25,616,71583,66.0,66.0,66.0,95.0,232.0,15602.134442465001,0.6364072787125091,0.7581168831168831,3513.6
1.74,444,61164,66.0,66.0,66.0,124.0,268.0,26017.508400292187,1.7597346929567297,0.6216216216216216,8482.758620689654
4.15,346,41629,66.0,54.0,66.0,96.25,232.0,42127.59728858298,0.402641598436605,0.7543352601156069,2963.855421686747
9.23,1339,295966,66.0,66.0,66.0,135.0,469.60000000000286,149709.7560494857,0.2805562406164683,0.6743838685586259,4901.408450704224
3.02,553,384497,66.0,66.0,66.0,268.0,2946.0,1240444.8255741328,14.416880513231757,0.5949367088607594,5721.854304635762
6.44,773,97207,66.0,66.0,66.0,127.0,296.00000000000034,15879.601301359435,1.0640181756412435,0.7115135834411385,4043.478260869565
1.69,101,13516,66.0,54.0,66.0,90.0,189.0,66536.1068522694,0.36608045279967655,0.8217821782178217,2059.171597633136
5.63,862,97842,66.0,66.0,66.0,124.0,199.0,12484.672240136517,1.1412907885234063,0.6867749419953596,5253.996447602131
3.81,337,36782,66.0,54.0,66.0,90.0,268.0,10997.412093088786,0.4123022577177085,0.8041543026706232,3433.070866141732
3.32,753,101530,66.0,66.0,66.0,148.0,310.0,11850.42529836387,1.6405721716514954,0.6082337317397079,7355.421686746989
3.15,336,31741,66.0,54.0,66.0,95.75,160.0,4382.5108329790255,0.7372338678780581,0.7529761904761905,3885.714285714286
6.25,544,69503,66.0,54.0,66.0,90.0,336.39999999999986,22234.725018247187,0.38922646412152706,0.7665441176470589,3187.2
3.96,344,46986,66.0,66.0,66.0,99.0,234.09999999999997,37687.55053407247,0.4186594202898551,0.7587209302325582,3030.30303030303
4.92,711,115045,66.0,54.0,66.0,124.0,304.0,117688.17524890162,1.6420402351644314,0.6638537271448663,4768.292682926829
9.95,1534,185414,66.0,66.0,66.0,124.0,232.0,17286.262010678427,1.299708527131783,0.6492829204693612,5155.778894472362
0.38,32,4370,66.0,66.0,66.0,135.0,289.6,15780.30859375,0.2608193883439123,0.625,2842.105263157895
4.08,407,47120,66.0,62.80000000000001,66.0,95.0,268.0,11265.02507108404,0.4536928487690504,0.7616707616707616,3544.1176470588234
2.97,258,29679,66.0,66.0,66.0,90.0,268.0,14271.390255994233,0.3897916178880824,0.7829457364341085,3171.7171717171714
9.48,1345,210759,66.0,66.0,66.0,232.0,376.0,25679.12226420309,1.7278481012658229,0.6386617100371748,4575.949367088608
1.65,154,14898,66.0,57.60000000000001,66.0,95.0,160.0,4233.101366166301,0.8645807259073842,0.7597402597402597,3127.2727272727275
1.15,138,12702,66.0,54.0,66.0,90.0,167.19999999999993,3236.824196597354,0.6449106449106449,0.7971014492753623,4330.434782608696
5.65,881,125040,66.0,66.0,66.0,196.0,292.0,20256.710143900564,1.5878018998737558,0.5981838819523269,4906.194690265486
3.51,425,44201,66.0,54.0,66.0,124.0,196.0,4641.494112110727,0.986829684901335,0.6705882352941176,4085.470085470086
3.46,328,31357,66.0,54.0,66.0,91.25,184.0,3738.2337801160024,0.5337996478184308,0.7560975609756098,3572.2543352601156
7.24,1093,155493,66.0,66.0,66.0,160.0,309.80000000000007,29467.776431403698,1.017189040527217,0.6303751143641354,4930.939226519336
5.65,417,51806,66.0,66.0,66.0,124.0,250.6000000000003,17435.35004514374,0.37547790994052677,0.7002398081534772,2559.29203539823
4.96,444,57504,66.0,66.0,66.0,124.0,268.0,27360.515583150718,0.7110720980748059,0.713963963963964,3120.967741935484
1.38,418,104996,74.0,66.0,66.0,300.0,527.2000000000003,135778.7594377418,3.6800089146423,0.5382775119617225,8782.608695652174
7.88,784,110437,66.0,66.0,66.0,160.0,304.0,29120.334689647538,0.9472273648946486,0.6454081632653061,3319.796954314721
1.3,97,11243,66.0,66.0,66.0,124.0,210.4000000000002,8834.55840153045,0.6386824078122723,0.6907216494845361,2400.0
5.73,759,100364,66.0,66.0,66.0,148.0,304.0,16680.84741555441,1.3405237750985284,0.6363636363636364,4408.376963350785
6.5,396,41969,66.0,66.0,66.0,124.0,226.0,4653.562818845016,0.5011982687698966,0.6893939393939394,2040.0
6.67,1145,1796341,66.0,66.0,66.0,66.0,196.0,69188500.98035811,20.381448330040232,0.834061135371179,8014.992503748126
4.45,472,69294,66.0,66.0,66.0,124.0,317.5000000000005,56987.35770970985,0.38876863876863876,0.7351694915254238,3613.4831460674154
7.64,1054,138695,66.0,66.0,66.0,130.0,279.0,18879.169939941454,1.2218929223671142,0.6451612903225806,4429.319371727749
8.94,1307,323862,66.0,66.0,66.0,160.0,376.0,314755.56737454544,2.971671388101983,0.6610558530986993,4899.3288590604025
8.65,1092,138841,66.0,66.0,66.0,148.0,304.0,18684.870354996037,1.2446930625838681,0.6565934065934066,4189.595375722543
4.2,354,36560,66.0,54.0,66.0,90.0,232.0,5947.618276995754,0.5133703121119298,0.7598870056497176,3042.8571428571427
5.96,445,49956,66.0,54.0,66.0,90.0,268.0,10014.992723141018,0.4470772261166792,0.7775280898876404,2728.1879194630874
6.11,688,124969,66.0,66.0,66.0,131.5,376.0,133830.0905873952,1.4846213491858362,0.7020348837209303,3810.147299509001
6.07,958,122062,66.0,66.0,66.0,148.0,304.0,12076.51389246037,1.2064714389009399,0.6461377870563675,5377.265238879736
9.23,818,100293,66.0,66.0,66.0,124.0,268.0,11443.243316634884,0.7133266139364847,0.6858190709046454,3029.252437703142
5.09,342,44019,66.0,66.0,66.0,160.0,288.5000000000005,13667.141351184982,0.4239179659701106,0.6900584795321637,2263.2612966601178
3.8,612,113101,66.0,66.0,66.0,309.0,438.0,31119.359250181555,2.0277339044304643,0.5637254901960784,4847.368421052633
3.24,465,80927,66.0,66.0,66.0,268.0,412.0,28858.34489998844,1.958074420644784,0.578494623655914,4518.518518518518
5.84,457,56319,66.0,66.0,66.0,127.0,281.0000000000005,11645.357717776958,0.4069198101423932,0.6936542669584245,2702.054794520548
8.26,957,165961,83.0,66.0,66.0,232.0,458.0,27234.38956203479,1.8279005571932456,0.5412748171368861,3421.3075060532688
1.9,119,15229,66.0,54.0,66.0,129.5,305.0,11349.453145964268,0.3823182354542979,0.6386554621848739,1926.3157894736844
2.89,183,24829,66.0,66.0,66.0,124.0,395.2000000000003,18371.23485323539,0.42466146431030527,0.6939890710382514,2138.40830449827
6.56,463,54611,66.0,66.0,66.0,124.0,232.0,10442.016970737375,0.3988115058528214,0.6846652267818575,2469.512195121951
4.83,507,86917,66.0,66.0,66.0,124.0,304.0,145381.51585106342,1.3381755575283136,0.6765285996055227,3639.751552795031
4.8,313,37443,66.0,66.0,66.0,124.0,268.0,9293.128642733924,0.4446159188240287,0.6773162939297125,2250.0
6.04,760,99270,66.0,66.0,66.0,160.0,300.0,13975.183344875348,1.2392402779030949,0.6486842105263158,4311.258278145695
1.72,137,15110,66.0,66.0,66.0,124.0,196.0,8791.199424583088,0.4767396403440188,0.7153284671532847,2755.813953488372
0.65,45,8976,66.0,66.0,66.0,163.0,276.4000000000001,113780.96,0.27427597955706984,0.6444444444444445,2215.3846153846152
8.03,1387,551996,78.0,66.0,66.0,442.0,1155.400000000002,503115.4688904958,3.307589059268797,0.5695746214852199,4819.4271481942715
0.57,47,8441,66.0,66.0,66.0,107.0,390.4,90736.41104572201,0.6728101466508125,0.7446808510638298,2631.5789473684213
7.55,587,100303,66.0,66.0,66.0,124.0,376.0,76892.33504464998,0.2927810071274827,0.7308347529812607,2749.6688741721855
5.67,710,93159,66.0,66.0,66.0,124.0,268.0,39343.11793096607,0.8974092631064402,0.7140845070422536,4370.37037037037
5.19,536,74644,66.0,66.0,66.0,160.0,341.5,18620.614613499667,1.049308148473534,0.6847014925373134,3595.3757225433524
5.88,758,140933,66.0,66.0,66.0,196.0,376.0,119298.47890400371,1.6358382583975462,0.6569920844327177,4295.918367346939
7.14,436,45427,66.0,54.0,66.0,124.0,196.0,4974.709173259827,0.5154456898852415,0.7110091743119266,2142.857142857143
1.13,1452,2336570,2946.0,66.0,66.0,2962.0,2962.0,2064768.3024706119,55.36536884257249,0.3822314049586777,24530.973451327438
1.17,710,764250,74.0,66.0,66.0,2946.0,2962.0,1773567.8444356278,25.284564589352044,0.6098591549295774,18000.0
1.97,255,112274,66.0,66.0,66.0,160.0,1514.0,726131.8216685889,5.367265921851074,0.6509803921568628,4050.761421319797
9.45,2101,797000,78.0,66.0,66.0,454.0,952.0,423999.507650875,3.6649653493163514,0.5616373155640171,6304.761904761905
0.61,89,12454,66.0,66.0,66.0,135.0,407.40000000000026,17876.557252872117,0.9410847880299252,0.6292134831460674,4524.5901639344265
0.88,446,130175,124.0,66.0,66.0,454.0,556.0,100093.88276961129,5.04930526511455,0.4730941704035874,13500.0
6.64,921,146584,66.0,66.0,66.0,232.0,310.0,51608.26511569235,1.620285295484609,0.6102062975027145,4319.2771084337355
3.59,227,26967,66.0,66.0,66.0,160.0,268.0,6844.161578916727,0.47837289622279483,0.6387665198237885,2055.7103064066855
2.83,200,38155,66.0,66.0,66.0,124.0,272.19999999999993,215920.004375,1.446460630931008,0.725,2459.363957597173
0.89,56,7341,66.0,66.0,66.0,124.0,281.5,19571.188456632655,0.7072093023255814,0.7321428571428571,1955.056179775281
4.54,295,33191,66.0,66.0,66.0,124.0,232.0,9219.822740591784,0.49428236989014945,0.7152542372881356,2273.1277533039647
3.98,545,108277,74.0,66.0,66.0,184.0,315.0,165024.94287012873,2.369651137459932,0.6055045871559633,4100.502512562814
7.58,822,126073,66.0,66.0,66.0,124.0,232.0,114873.9736518846,1.0828872587893206,0.6849148418491484,3672.823218997362
5.01,644,92263,66.0,66.0,66.0,196.0,310.0,18842.55216571506,0.9893270661290671,0.6708074534161491,4299.4011976047905
6.15,1427,286867,95.0,66.0,66.0,300.0,448.0,32107.437196052306,2.3798762886597937,0.5052557813594954,6282.926829268292
3.25,780,104777,66.0,66.0,66.0,184.0,304.0,11829.526053583171,1.4514974262985494,0.5871794871794872,7772.307692307692
9.63,1500,235365,66.0,66.0,66.0,196.0,321.0,30388.2419,1.5589549561303369,0.6066666666666667,4847.352024922118
0.48,44,4023,66.0,54.0,66.0,90.0,185.2000000000001,3059.699896694215,0.7856191744340879,0.7727272727272727,3500.0
3.41,243,27840,66.0,66.0,66.0,95.0,254.2000000000001,13752.05608901082,0.46272263962591287,0.757201646090535,2568.9149560117303
8.72,1029,222529,66.0,66.0,66.0,160.0,364.0,190615.47595153571,2.020372984418264,0.6550048590864918,3873.853211009174
8.53,754,93586,66.0,66.0,66.0,124.0,268.0,22870.176733812248,0.5703929925831459,0.7294429708222812,3094.958968347011
2.85,265,36618,66.0,66.0,66.0,130.0,305.79999999999995,26502.20115343538,0.3401895838670717,0.7132075471698113,3178.9473684210525
1.42,124,18326,66.0,66.0,66.0,117.25,408.40000000000003,30054.56893860562,0.32883764774128055,0.7338709677419355,3126.760563380282
3.78,340,84648,66.0,66.0,66.0,160.0,556.0,227690.32228373695,0.1671722464287684,0.6794117647058824,2968.253968253968
4.52,581,103799,66.0,66.0,66.0,163.0,412.0,99007.30663198652,1.120077614379085,0.6660929432013769,4261.061946902655
5.22,479,74236,66.0,66.0,66.0,124.0,448.0,36604.50695385742,0.3245311970310632,0.7286012526096033,3229.8850574712646
4.8,540,83038,66.0,66.0,66.0,160.0,308.0,38602.10451303154,0.618390535773451,0.6722222222222223,3775.0
4.67,594,111422,66.0,66.0,66.0,232.0,376.0,98627.29761135482,1.5774827083670684,0.6077441077441077,4034.2612419700213
7.48,538,66693,66.0,66.0,66.0,124.0,256.0,15436.889087353688,0.43068903380813456,0.7026022304832714,2438.5026737967914
4.24,634,90013,66.0,66.0,66.0,196.0,308.70000000000005,14238.90638030033,1.4401040960719997,0.5662460567823344,4627.358490566037
6.99,923,125262,66.0,66.0,66.0,124.0,297.0,42423.37090062669,1.2539676827293338,0.647887323943662,4326.1802575107295
4.42,473,53416,66.0,66.0,66.0,124.0,244.60000000000014,7509.109297408917,0.913317572892041,0.6765327695560254,3570.1357466063346
5.08,617,69901,66.0,66.0,66.0,124.0,232.0,7539.334664253498,0.8087044272517918,0.6564019448946515,4133.858267716535
6.13,708,81089,66.0,66.0,66.0,124.0,268.0,8559.486232803472,0.9192208468438617,0.6892655367231638,3993.4747145187603
4.58,471,56861,66.0,54.0,66.0,124.0,268.0,24914.730613367232,1.12492993011697,0.7197452229299363,3655.0218340611355
2.57,648,137639,66.0,66.0,66.0,187.0,448.0,135033.8337310433,2.9067582526752007,0.6018518518518519,8101.167315175098
3.79,401,39818,66.0,66.0,66.0,95.0,196.0,6075.884503205826,1.120234291799787,0.7531172069825436,3941.952506596306
3.66,638,93632,66.0,66.0,66.0,232.0,311.0,15513.841422548914,1.5373150506747602,0.6285266457680251,5622.950819672131
0.13,11,892,66.0,54.0,60.0,66.0,66.0,3520.9917355371904,1.7030303030303031,0.9090909090909091,4615.384615384615
0.41,187,23711,90.0,66.0,66.0,124.0,309.0,11463.177957619606,1.045638857734449,0.5080213903743316,13317.073170731708
5.77,938,115827,66.0,66.0,66.0,160.0,278.0,9356.857384945512,1.1150980606990248,0.6567164179104478,5459.272097053727
4.4,576,70657,66.0,66.0,66.0,151.0,308.0,9372.39872383777,1.2164815860468035,0.6961805555555556,4527.272727272727
2.34,233,25349,66.0,54.0,66.0,124.0,232.0,7346.721508961299,0.46797544591151263,0.7124463519313304,3512.8205128205127
4.48,475,57739,66.0,54.0,66.0,112.0,268.0,15819.526887534625,0.6040393377041894,0.7410526315789474,3709.8214285714284
9.36,1452,223341,66.0,66.0,66.0,179.5,310.0,29051.964120449422,1.384975172192856,0.6549586776859504,5166.666666666667
2.09,180,22659,66.0,66.0,66.0,124.0,268.0,15044.291944444443,0.384770518853511,0.7111111111111111,2956.937799043062
8.42,1106,205868,66.0,66.0,66.0,148.75,309.0,161106.45308346057,1.5936125984251968,0.689873417721519,4375.296912114014
2.89,322,37996,66.0,66.0,66.0,124.0,232.0,12362.0,0.4314885280488264,0.7360248447204969,3923.875432525951
5.71,509,65557,66.0,66.0,66.0,127.0,268.0,18674.96021707497,0.5914210807399136,0.6836935166994106,3057.7933450087567
5.71,582,90647,66.0,66.0,66.0,196.0,376.0,23219.51353018977,0.9606134013929143,0.6185567010309279,3320.490367775832
4.07,660,79840,66.0,66.0,66.0,124.0,268.0,10679.44150596878,1.027734037689846,0.6515151515151515,5601.965601965601
9.35,890,105070,66.0,66.0,66.0,103.0,268.0,13483.864259563186,0.43489245476271765,0.744943820224719,3311.2299465240644
8.7,1341,197065,66.0,66.0,66.0,196.0,340.0,16348.05751937545,1.4061366772078485,0.6137211036539896,4951.724137931034
8.02,798,90635,66.0,66.0,66.0,112.0,232.0,13642.035943555635,0.9562073728740396,0.7393483709273183,3433.9152119700752
3.36,519,77069,66.0,66.0,66.0,165.5,340.0,20041.17097872372,1.3003611616870132,0.653179190751445,5035.714285714285
7.09,914,127393,66.0,66.0,66.0,163.0,340.0,16094.08453116845,1.2306601295745054,0.6673960612691466,4282.087447108604
8.15,771,98582,66.0,66.0,66.0,124.0,292.0,18887.817674083715,0.38440365684112965,0.7392996108949417,3290.79754601227
6.63,536,61009,66.0,60.0,66.0,95.0,232.0,13642.61970580864,0.44410253982531306,0.7518656716417911,2886.877828054299
7.23,1131,175318,66.0,66.0,66.0,160.0,321.0,71210.10331615801,1.243783195750944,0.6772767462422635,5203.319502074688
5.27,692,86580,66.0,66.0,66.0,148.0,279.0,10973.53865815764,0.9544900446972775,0.684971098265896,4565.464895635674
9.55,1226,188569,66.0,66.0,66.0,160.0,313.0,36949.28870729092,1.3223641267534514,0.6761827079934747,4309.947643979057
2.25,163,18760,66.0,66.0,66.0,132.0,266.80000000000007,7144.439384244798,0.5275629020438075,0.6871165644171779,2480.0
4.51,552,64814,66.0,55.20000000000002,66.0,124.0,267.80000000000007,10816.884359903383,0.8554334134890644,0.7010869565217391,4310.421286031043
1.89,224,120322,66.0,66.0,66.0,231.25,2962.0,1032733.8073182396,0.059564275524401626,0.6339285714285714,3587.3015873015875
3.61,817,667885,78.0,66.0,66.0,1180.0,2962.0,1490800.1298148734,16.47703781237734,0.5495716034271726,6182.825484764543
3.32,461,93150,66.0,66.0,66.0,124.0,451.0,194673.2848142066,1.2517949089854232,0.7266811279826464,4987.951807228916
9.76,1155,151244,66.0,66.0,66.0,124.0,297.0,31717.11149641124,1.1121988687940787,0.6718614718614718,4026.6393442622953
1.52,151,16933,66.0,54.0,66.0,95.0,232.0,10943.788605762904,0.4534763948497854,0.7947019867549668,3513.157894736842
8.55,656,73540,66.0,54.0,66.0,104.75,251.5,9640.836815883402,0.44624279730181515,0.7469512195121951,2701.7543859649118
5.93,806,112221,66.0,66.0,66.0,176.5,340.0,16889.79852871454,1.159009580976567,0.6550868486352357,4543.001686340641
5.32,484,49272,66.0,54.0,66.0,103.0,199.0,5630.245782391913,0.5280982508373651,0.7479338842975206,3372.180451127819
0.56,63,5410,66.0,54.0,66.0,74.0,136.00000000000006,3084.777525825146,0.6077265973254086,0.873015873015873,4178.571428571428
8.12,769,92273,66.0,54.0,66.0,95.0,268.0,15610.747641457587,0.4084470494856061,0.7659297789336801,3435.960591133005
7.54,830,164496,66.0,66.0,66.0,160.0,376.0,165502.65142110616,0.7055054432348367,0.6686746987951807,3628.647214854111
3.28,283,33978,66.0,66.0,66.0,135.0,268.0,7834.469452733833,0.5590529503533083,0.6678445229681979,2853.658536585366
0.83,80,8085,66.0,57.6,66.0,91.25,221.2000000000001,5684.40859375,0.5402933892169937,0.775,3469.879518072289
8.5,994,173622,66.0,66.0,66.0,196.0,311.0,82980.64966458712,1.5090246968886833,0.630784708249497,3762.3529411764707
3.33,449,62742,66.0,66.0,66.0,184.0,330.39999999999986,17034.220465176266,0.8169234333371945,0.6458797327394209,4576.576576576576
4.53,754,135229,74.0,66.0,66.0,298.0,387.0,29451.561357991686,1.2236491597329562,0.5610079575596817,4927.152317880795
3.8,471,57427,66.0,66.0,66.0,124.0,268.0,11418.395751912405,1.2336444963049398,0.673036093418259,4200.000000000001
5.62,608,66209,66.0,66.0,66.0,124.0,232.0,8083.056697433344,0.8796559164206224,0.6957236842105263,3790.035587188612
2.85,390,41680,66.0,66.0,66.0,124.0,196.0,5469.337409598948,0.9859913279649307,0.6410256410256411,4694.736842105263
3.24,297,40650,66.0,66.0,66.0,124.0,241.60000000000082,45992.262218141004,0.6002676954570506,0.67003367003367,3037.0370370370365
6.22,871,126148,66.0,66.0,66.0,160.0,341.0,19903.635121223342,1.2553008903350378,0.6337543053960965,4601.286173633441
0.83,83,10952,66.0,54.0,66.0,90.0,332.7999999999999,25182.52779793874,0.3007125890736342,0.7590361445783133,4120.481927710844
0.39,33,4544,66.0,66.0,66.0,232.0,340.0,11617.483930211201,0.6817172464840858,0.696969696969697,2615.3846153846152
8.33,1147,184790,66.0,66.0,66.0,160.0,313.0,87689.80802958933,1.5053893189798935,0.6669572798605057,4537.81512605042
5.73,805,104750,66.0,66.0,66.0,160.0,301.60000000000014,12123.308792099073,1.4562102844279785,0.6322981366459627,4680.628272251309
4.84,388,42109,66.0,66.0,66.0,110.5,196.0,10364.991464289511,0.42636000270984353,0.7422680412371134,2925.619834710744
2.37,234,31269,66.0,66.0,66.0,123.25,293.2000000000006,35875.01134122288,0.45362837617962903,0.7307692307692307,3544.3037974683543
1.6,220,57227,66.0,54.0,66.0,95.75,559.5999999999998,342274.980392562,1.631489400836897,0.759090909090909,4650.0
7.12,2102,1999996,66.0,66.0,66.0,124.0,458.0,21768877.570863143,12.178155845182715,0.7331113225499524,10685.393258426966
8.27,1024,123206,66.0,66.0,66.0,124.0,292.0,11243.23263168335,0.8891120685689753,0.7109375,4440.145102781136
6.58,861,90845,66.0,66.0,66.0,124.0,232.0,5509.253362578424,0.7988396499148549,0.727061556329849,4705.16717325228
1.26,130,16398,66.0,54.0,66.0,124.0,304.6,12922.82698224852,0.4171635986518019,0.7153846153846154,3476.190476190476
8.92,977,123030,66.0,66.0,66.0,124.0,301.0,14843.161406306148,0.7194247620644837,0.6693961105424769,3800.4484304932735
3.42,267,37191,66.0,66.0,66.0,160.0,313.60000000000014,19585.682447502422,0.8097810218978102,0.6441947565543071,2684.2105263157896
9.66,1609,334534,74.0,66.0,66.0,271.0,376.0,118297.02931266444,2.3400960492027516,0.550652579241765,4925.465838509316
1.72,76,8850,66.0,66.0,66.0,160.0,196.0,10394.641966759005,0.44915670542000985,0.618421052631579,1430.2325581395348
4.19,632,102486,70.0,66.0,66.0,298.0,321.0,16847.049901858678,1.4715074637663685,0.5617088607594937,4525.059665871121
4.72,515,64286,66.0,66.0,66.0,160.0,278.0,9268.445862946557,0.9865883807169344,0.6135922330097088,3559.322033898305
3.64,405,76895,66.0,66.0,66.0,124.0,232.0,212369.88032312144,1.5834033260540903,0.6962962962962963,3560.4395604395604
1.49,123,13274,66.0,56.40000000000001,66.0,124.0,232.0,5868.237292616829,0.45182106529585475,0.6991869918699187,2939.597315436242
1.36,87,10217,66.0,66.0,66.0,124.0,283.6000000000001,8945.372440216672,0.3690205011389522,0.735632183908046,2382.3529411764703
8.21,877,117410,66.0,66.0,66.0,160.0,310.0,13243.934663756017,0.734115144891147,0.6408209806157354,3529.8416565164434
4.94,653,141502,74.0,66.0,66.0,297.0,448.0,112142.20881360384,2.183898476700493,0.5482388973966309,3935.222672064777
4.64,269,45886,90.0,66.0,66.0,232.0,412.0,28772.987106314173,0.30632579855377784,0.5390334572490706,1719.8275862068967
6.04,582,80420,66.0,66.0,66.0,171.25,303.39999999999986,17961.675972177938,0.7537891178715517,0.6597938144329897,3278.1456953642382
2.83,656,158858,124.0,66.0,66.0,376.0,428.0,60731.937304803694,3.580548427092644,0.49085365853658536,6318.021201413428
8.51,747,115726,66.0,66.0,66.0,160.0,376.0,32580.82508705056,0.7766826332596414,0.643908969210174,2968.2726204465334
8.87,1092,168690,66.0,66.0,66.0,124.0,268.0,88084.11032282736,1.305642119074955,0.6620879120879121,3903.0439684329203
7.46,1308,204808,66.0,66.0,66.0,160.0,309.0,71463.21896772625,2.1230253125953036,0.6414373088685015,6024.128686327078
5.05,673,92029,66.0,66.0,66.0,124.0,232.0,54416.041666574674,0.9999782679561012,0.7147102526002972,4764.3564356435645
8.03,1450,224120,66.0,66.0,66.0,196.0,340.0,27275.543638525563,1.473403081269589,0.6117241379310345,5723.536737235368
2.21,138,13108,66.0,54.0,66.0,90.0,203.3,3806.5070363369036,0.5911629036173829,0.7898550724637681,2307.6923076923076
8.49,1170,131496,66.0,66.0,66.0,124.0,232.0,8008.318185404338,0.8693013007321061,0.6735042735042736,4756.183745583038
9.37,852,112110,66.0,66.0,66.0,124.0,328.0,18877.31562851286,0.38192441387471343,0.7147887323943662,3163.287086446105
7.99,968,148109,66.0,66.0,66.0,160.0,412.0,25850.89150224541,1.2288788562829196,0.6601239669421488,3949.937421777221
2.62,163,15601,66.0,66.0,66.0,95.0,148.0,7044.389250630435,0.6156793703396851,0.7852760736196319,2244.2748091603053
8.36,686,72152,66.0,66.0,66.0,124.0,196.0,6090.586447823611,0.5148117822426571,0.7361516034985423,2849.282296650718
5.57,613,76055,66.0,66.0,66.0,124.0,304.0,12718.12395381205,0.789782086882854,0.6965742251223491,3942.549371633752
5.19,688,113536,66.0,66.0,66.0,196.0,376.0,35081.26980800432,1.3559585814778694,0.627906976744186,4312.138728323699
7.78,657,73501,66.0,66.0,66.0,124.0,232.0,9999.236703895987,0.5308562264386728,0.7351598173515982,2953.727506426735
6.84,759,85548,66.0,66.0,66.0,124.0,268.0,8597.628208533177,1.1789562160923053,0.6837944664031621,3833.333333333333
9.27,912,142189,66.0,66.0,66.0,124.0,268.0,101912.42044547362,1.1405946556266466,0.706140350877193,3307.443365695793
1.13,95,9389,66.0,58.800000000000004,66.0,124.0,196.0,3239.087423822714,0.5918955578162088,0.7157894736842105,2814.1592920353987
4.72,329,33859,66.0,66.0,66.0,124.0,199.0,5732.035310095066,0.5583835780365444,0.7325227963525835,2453.389830508475
1.35,211,22572,66.0,54.0,66.0,124.0,232.0,6282.402282069135,0.8533541341653667,0.7014218009478673,5688.888888888888
8.17,1265,201682,66.0,66.0,66.0,220.0,304.0,55776.265985095844,1.332527612328688,0.6300395256916996,5140.758873929009
9.02,1167,160099,66.0,66.0,66.0,160.0,340.0,22011.24466678268,0.9569134112355155,0.6829477292202228,4396.89578713969
0.16,28,3626,66.0,62.400000000000006,66.0,124.0,284.8000000000002,17296.75,1.7181409295352323,0.7142857142857143,6000.0
9.36,1018,143262,66.0,66.0,66.0,124.0,232.0,89670.10920522928,1.305026386922384,0.7367387033398821,3788.4615384615386
2.92,282,27492,66.0,55.20000000000002,66.0,90.0,196.0,5509.810170514561,0.550417324610873,0.7907801418439716,3595.8904109589043
4.01,476,51890,66.0,66.0,66.0,124.0,232.0,7255.91580749947,0.6945333420416694,0.7184873949579832,4234.413965087282
5.89,766,107943,66.0,66.0,66.0,196.0,313.0,15515.354854488067,1.010411234448335,0.6305483028720626,4135.823429541596
7.89,1021,142895,66.0,66.0,66.0,160.0,290.0,22168.780623555675,1.3520649186048426,0.6444662095984329,4334.600760456274
0.98,86,10022,66.0,66.0,66.0,103.0,268.0,8745.109248242294,0.4391154508902929,0.7325581395348837,3061.2244897959185
3.61,323,41592,66.0,66.0,66.0,124.0,304.0,17507.9306041465,0.37512398333663954,0.7244582043343654,3207.7562326869806
1.16,90,10939,66.0,66.0,66.0,106.5,239.2000000000006,14862.048024691358,0.3348383160463697,0.7444444444444445,2896.5517241379316
2.57,206,23818,66.0,66.0,66.0,115.75,232.0,12544.769252521444,0.4039493073975833,0.7427184466019418,2941.6342412451368
6.55,701,80319,66.0,66.0,66.0,124.0,235.0,12150.004297915553,0.7128142793167423,0.7360912981455064,3911.4503816793895
2.84,247,26929,66.0,66.0,66.0,124.0,232.0,6924.290907898835,0.4791277600790948,0.7165991902834008,3063.380281690141
0.46,38,5361,66.0,66.0,66.0,171.25,300.40000000000043,15472.86218836565,0.3721525467110315,0.631578947368421,2739.1304347826085
3.58,288,32633,66.0,66.0,66.0,112.0,256.1000000000002,9704.699640721452,0.47935083186001176,0.7361111111111112,2815.6424581005585
0.4,39,3716,66.0,63.6,66.0,78.5,131.2000000000001,7518.202498356343,0.4612662209988203,0.8461538461538461,3599.9999999999995
1.41,109,12942,66.0,66.0,66.0,98.0,268.0,11576.580590859354,0.4044492674986435,0.7522935779816514,2851.063829787234
3.4,363,42412,66.0,66.0,66.0,124.0,251.80000000000024,10470.901957213002,0.4399891352324042,0.7079889807162535,3564.7058823529414
0.01,3,328,66.0,66.0,66.0,131.0,170.0,3755.555555555556,0.25190839694656486,0.6666666666666666,12000.0
9.2,1389,226088,66.0,66.0,66.0,196.0,309.20000000000005,46021.68447655937,1.0389596334908553,0.593952483801296,4708.695652173913
0.12,2,262,131.0,79.0,98.5,163.5,183.0,4225.0,0.336734693877551,0.5,500.0
9.99,1223,146717,66.0,54.80000000000001,66.0,124.0,232.0,30287.412500526498,0.9689592699456485,0.7179067865903516,4336.336336336336
5.83,728,130841,66.0,66.0,66.0,268.0,457.0,40074.132696458764,1.7981394354148845,0.6291208791208791,3756.432246998285
0.46,333,76370,66.0,66.0,66.0,328.0,607.0,47953.53349746143,3.5425886271710683,0.5615615615615616,22434.782608695652
3.97,366,35284,66.0,54.0,66.0,90.0,161.5,5547.432112036787,0.5518318159827594,0.7923497267759563,3521.410579345088
4.24,335,34845,66.0,54.0,66.0,95.0,211.0,7124.169926486967,0.4772968160427354,0.7701492537313432,2858.490566037736
7.67,808,125819,66.0,54.0,66.0,99.0,268.0,113314.39121011419,0.8384914372552458,0.7524752475247525,3684.485006518905
7.1,664,76613,66.0,54.0,66.0,90.0,258.10000000000014,16166.238856782553,0.4247484797203057,0.7680722891566265,3490.1408450704225
6.91,826,90599,66.0,58.0,66.0,124.0,196.0,9972.826306362822,0.883515935219642,0.7094430992736077,4211.287988422576
1.96,300,42844,66.0,54.0,66.0,124.0,221.00000000000023,98900.52515555554,1.8966263268203638,0.72,5326.530612244898
4.75,405,38854,66.0,54.0,66.0,90.0,160.0,5130.13415028197,0.5729090761881629,0.7728395061728395,3094.7368421052633
3.34,342,32297,66.0,66.0,66.0,90.0,160.0,3894.614283027256,0.8132158095665843,0.7865497076023392,3826.3473053892217
1.8,207,19604,66.0,61.20000000000002,66.0,124.0,160.0,2788.3044645149253,0.9045953560672302,0.7246376811594203,4466.666666666666
8.97,972,108557,66.0,66.0,66.0,105.25,232.0,9733.28193004962,0.7575811543754554,0.742798353909465,3866.2207357859525
8.51,1274,204236,66.0,66.0,66.0,148.0,292.0,75050.22520448828,1.6506943543153796,0.6138147566718996,4780.258519388954
8.82,696,88213,66.0,66.0,66.0,160.0,302.0,10731.487017356983,0.497648596798017,0.6566091954022989,2666.666666666667
0.53,48,5508,66.0,66.0,66.0,97.0,268.0,8570.520833333334,0.34834761321909424,0.75,3169.8113207547167
5.0,635,93954,66.0,66.0,66.0,196.0,308.0,16447.642418004838,1.4026083621020329,0.573228346456693,3912.0
8.89,1226,195277,66.0,66.0,66.0,160.0,340.0,44720.733310225165,1.6134502141327622,0.6272430668841762,4474.690663667042
1.04,104,13680,66.0,66.0,66.0,95.0,310.0,23933.613905325452,1.4764663287472846,0.7596153846153846,3923.0769230769233
8.05,910,133699,66.0,66.0,66.0,157.0,340.30000000000007,26104.249956526994,0.7043443897713076,0.7065934065934066,3905.5900621118008
1.52,144,22305,66.0,66.0,66.0,124.0,433.6000000000008,35820.829427083336,0.3009623797025372,0.7361111111111112,3434.2105263157896
6.27,698,100754,66.0,66.0,66.0,124.0,328.0,28213.384093726647,0.7488674037944143,0.7048710601719198,3837.32057416268
9.04,1186,172403,66.0,66.0,66.0,124.0,310.0,29044.432474569807,1.0619162092019183,0.657672849915683,4347.345132743363
9.91,991,134318,66.0,66.0,66.0,124.0,310.0,24063.52001107852,0.6141468280196604,0.7043390514631686,3481.3319878910193
8.53,946,134377,66.0,66.0,66.0,160.0,311.0,20943.520993031747,0.9402659658951442,0.6543340380549683,3664.7127784290738
1.59,194,31011,66.0,54.0,66.0,112.0,278.5000000000002,163061.31270591985,0.3295176848874598,0.7371134020618557,4490.566037735849
0.88,60,7335,66.0,66.0,66.0,124.0,307.6,11178.754166666668,0.4794271883824123,0.7,2181.818181818182
7.37,736,86404,66.0,66.0,66.0,124.0,250.0,10020.891511105861,0.7822239640271447,0.7065217391304348,3411.1261872455902
2.91,356,40072,66.0,66.0,66.0,124.0,196.0,20069.57202373438,0.7697301594311707,0.7162921348314607,4453.6082474226805
8.32,1206,161949,66.0,66.0,66.0,160.0,268.0,37152.607218880716,1.10657145087021,0.693200663349917,5062.5
9.76,1670,475214,66.0,66.0,66.0,160.0,493.0,380816.1626533759,2.9312547050404945,0.6485029940119761,5545.081967213116
8.42,743,92492,66.0,54.0,66.0,122.0,301.6000000000008,15993.140742941298,0.4030308086707219,0.7375504710632571,3085.5106888361042
9.33,1020,113270,66.0,54.0,66.0,112.0,232.0,11653.372106881967,0.7564235761137559,0.7441176470588236,3954.983922829582
5.28,543,55118,66.0,54.0,66.0,90.0,196.0,8538.386238379644,0.6245100061893955,0.7642725598526704,3784.0909090909086
9.3,1423,215808,66.0,66.0,66.0,124.0,309.0,66003.88379938259,1.4055912875790038,0.6718200983836964,5154.8387096774195
8.7,1123,171483,66.0,66.0,66.0,160.0,306.0,56484.036927229485,1.0114364135407137,0.667853962600178,4310.344827586207
2.46,361,50995,66.0,66.0,66.0,135.0,313.0,22965.8712563593,0.6007973380210949,0.6869806094182825,4975.60975609756
7.91,1048,188554,66.0,66.0,66.0,160.0,416.500000000001,101858.37685376727,1.2370737726312793,0.6889312977099237,4573.9570164348925
1.72,196,22993,66.0,54.0,66.0,160.0,286.0,9115.449057684298,0.9638708575333106,0.6938775510204082,3906.9767441860463
3.67,629,84926,66.0,66.0,66.0,184.0,304.0,12526.986975566233,1.2840007530322997,0.6375198728139905,5574.931880108992
8.02,766,78253,66.0,54.0,66.0,103.0,196.0,6182.023350421639,0.6940078798112309,0.7454308093994778,3448.8778054862846
1.82,180,24312,74.0,66.0,66.0,187.0,293.19999999999993,11320.339999999998,1.3983427049422905,0.5944444444444444,2901.098901098901
7.97,804,83863,66.0,54.0,66.0,95.0,160.0,12285.580992735328,0.8395849785031149,0.7711442786069652,3779.171894604768
7.06,739,73870,66.0,63.599999999999966,66.0,93.0,196.0,4903.54909626255,0.647486506980686,0.7672530446549392,3849.8583569405105
9.59,1011,120374,66.0,54.0,66.0,124.0,268.0,12926.41228582526,0.6904323891642911,0.7250247279920871,3753.910323253389
2.88,277,34685,66.0,54.0,66.0,95.0,318.4000000000002,20200.328532888478,0.3920773799967892,0.7581227436823105,3395.8333333333335
0.38,35,3671,74.0,66.0,66.0,124.0,181.60000000000005,4771.529795918366,0.49959150326797386,0.7142857142857143,2684.2105263157896
8.46,957,110907,66.0,66.0,66.0,124.0,268.0,10932.944074842031,0.8325677461996034,0.7168234064785789,4028.3687943262407
1.31,119,11895,66.0,54.0,66.0,90.0,196.0,5187.97302450392,0.48483335413806017,0.7647058823529411,3389.312977099237
2.79,232,19349,66.0,54.0,66.0,90.0,124.0,1717.1884475326992,0.666867677463818,0.8146551724137931,3290.3225806451615
8.57,1111,134108,66.0,66.0,66.0,103.0,196.0,63895.804765535046,1.1523745325565347,0.7479747974797479,4830.805134189031
8.76,933,119259,66.0,66.0,66.0,124.0,308.60000000000014,15338.460685890346,0.695416678513548,0.714898177920686,3904.109589041096
1.71,414,81512,66.0,66.0,66.0,289.25,510.09999999999997,51484.13741277508,1.7850211835451688,0.6086956521739131,7754.3859649122805
4.51,727,109408,66.0,66.0,66.0,160.0,309.0,36585.87580246306,1.4233725385961415,0.6946354883081155,5747.2283813747235
3.06,664,84586,66.0,66.0,66.0,160.0,304.0,8955.285772608506,1.3057380400708736,0.6159638554216867,7176.470588235294
6.3,674,71979,66.0,66.0,66.0,124.0,207.40000000000055,6360.4099908425715,0.8185699848408287,0.7077151335311572,3780.952380952381
6.11,488,49794,66.0,66.0,66.0,124.0,196.0,4908.240442757322,0.5213100730194616,0.7295081967213115,2887.0703764320783
4.84,670,89687,66.0,66.0,66.0,160.0,309.0,12585.803120962353,1.2085498288556724,0.6388059701492538,4524.793388429752
6.57,503,53200,66.0,54.0,66.0,95.0,196.0,21611.94894252774,0.6713266941032326,0.7614314115308151,2785.388127853881
5.96,714,103750,66.0,66.0,66.0,159.5,376.0,24812.381250539434,0.8305485470296593,0.6890756302521008,4077.1812080536915
7.05,878,144364,66.0,66.0,66.0,131.0,310.0,102316.27606747582,1.2394862168996168,0.6810933940774487,4153.191489361702
1.58,150,16941,66.0,54.0,66.0,95.0,232.0,12679.989733333334,0.4408062595679537,0.7733333333333333,3417.721518987342
2.46,247,27456,66.0,54.0,66.0,93.0,232.0,10636.51353079054,0.42747218467297493,0.7732793522267206,3707.3170731707314
0.22,22,2076,66.0,66.0,66.0,90.0,157.50000000000006,2778.322314049586,0.5597295266716754,0.7727272727272727,3545.4545454545455
0.32,51,4474,66.0,54.0,66.0,74.0,135.0,4308.35601691657,0.5698245614035088,0.8627450980392157,6562.5
8.81,1145,146184,66.0,66.0,66.0,124.0,304.0,14007.371639747525,0.9143553076137346,0.662882096069869,4385.925085130533
7.21,822,133903,66.0,66.0,66.0,160.0,268.0,90357.85233481924,1.4030113238698563,0.6472019464720195,3703.1900138696255
1.0,232,37864,95.0,66.0,66.0,232.0,304.0,22990.646848989298,2.142240663900415,0.521551724137931,6300.0
9.44,1438,166904,66.0,66.0,66.0,124.0,241.0,10212.325167662551,1.0376013282547123,0.6717663421418637,5224.576271186441
2.08,377,49046,66.0,66.0,66.0,160.0,306.00000000000017,10395.407327146466,1.239645645919905,0.6259946949602122,6028.846153846154
3.2,479,71057,66.0,66.0,66.0,196.0,340.0,18093.04418129279,1.223936652999906,0.6388308977035491,4800.0
7.66,776,131810,66.0,66.0,66.0,124.0,484.0,53289.446401052184,0.2934722876432721,0.7358247422680413,3540.469973890339
7.21,665,94280,66.0,66.0,66.0,120.0,320.00000000000045,35796.89047430606,0.3387101354613353,0.7368421052631579,3228.8488210818305
0.44,46,6424,66.0,54.0,66.0,90.0,330.5,35367.70510396976,0.34084742225005216,0.7608695652173914,3954.5454545454545
7.44,728,101248,66.0,54.0,66.0,124.0,355.0,27532.6259509721,0.32796453444906415,0.7321428571428571,3451.612903225806
8.85,1264,188282,66.0,66.0,66.0,160.0,334.0,34827.08361790979,1.073932918433662,0.6772151898734177,4691.525423728814
3.37,413,59324,66.0,66.0,66.0,160.0,307.20000000000005,24456.975698983988,1.473791751803511,0.6610169491525424,4005.9347181008898
6.41,795,92926,66.0,66.0,66.0,124.0,206.20000000000027,25454.14218424905,1.020393964430143,0.7345911949685534,4567.86271450858
2.18,213,20464,66.0,66.0,66.0,90.0,196.0,3404.5295686481963,0.5351837959489872,0.7887323943661971,3633.0275229357794
7.54,1249,174045,66.0,66.0,66.0,196.0,309.0,14391.879259051759,1.2115836690089838,0.6285028022417934,5442.970822281167
4.65,443,81217,66.0,54.0,66.0,103.0,412.0,118045.45046344184,0.504185650257436,0.7426636568848759,3445.1612903225805
9.72,1315,167817,66.0,66.0,66.0,124.0,271.0,18164.651405109224,0.8849700659335722,0.7003802281368822,4716.049382716049
6.6,606,75458,66.0,54.0,66.0,124.0,298.0,13106.563201864741,0.4138919597519159,0.7079207920792079,3127.2727272727275
1.95,164,20177,66.0,66.0,66.0,124.0,304.0,14212.395411957168,0.40040255413659076,0.7317073170731707,2923.076923076923
5.75,852,117786,66.0,66.0,66.0,135.0,310.0,25239.030797460822,1.3421356134420361,0.6291079812206573,4852.173913043478
3.23,489,63951,66.0,66.0,66.0,160.0,308.0,11118.04938085739,1.0400995310556034,0.6114519427402862,4773.993808049536
7.49,876,107017,66.0,66.0,66.0,124.0,304.0,11287.868720158045,0.8219691165704752,0.7009132420091324,4157.543391188251
0.27,41,6313,66.0,54.0,66.0,106.0,400.0,29956.0237953599,0.28026769417967956,0.7317073170731707,5333.333333333333
3.1,302,49389,66.0,54.0,66.0,124.0,304.0,103711.3676264199,0.7217109391340724,0.7284768211920529,3348.3870967741937
2.09,594,125401,74.0,66.0,66.0,309.0,464.0,39851.67246256051,3.052121368791805,0.5370370370370371,8296.650717703349
2.18,147,14541,66.0,66.0,66.0,90.5,191.80000000000004,4652.945717062335,0.55104,0.7551020408163265,2422.018348623853
1.33,221,23607,66.0,66.0,66.0,148.0,196.0,4326.48307774206,0.7520409677898174,0.6606334841628959,5729.3233082706765
0.52,265,43182,74.0,66.0,66.0,268.0,308.0,21184.944763260944,2.190159574468085,0.5283018867924528,15115.384615384615
0.01,2,190,95.0,71.8,80.5,109.5,118.2,841.0,190,0.5,6000.0
8.22,824,128234,66.0,66.0,66.0,124.0,292.0,103558.6157448864,0.9051255385529638,0.7269417475728155,3430.656934306569
8.24,809,99417,66.0,54.0,66.0,91.0,278.0,18452.922110802298,0.40570386290368193,0.761433868974042,3582.5242718446602
0.77,325,62610,66.0,66.0,66.0,304.0,459.0,39448.20402366864,2.885682368274064,0.5846153846153846,12935.064935064935
3.67,360,39394,66.0,66.0,66.0,112.0,160.0,18623.505895061728,0.6806313993174061,0.7361111111111112,3531.3351498637603
7.45,783,136806,66.0,66.0,66.0,124.0,376.0,128331.900060187,0.9951581618515656,0.7151979565772669,3495.3020134228186
4.71,669,76569,66.0,66.0,66.0,124.0,266.4000000000001,17432.427155181085,0.6376644209175489,0.7204783258594918,5273.885350318471
8.58,890,142795,66.0,66.0,66.0,103.0,311.0000000000002,105380.10302360811,0.7553381111015501,0.744943820224719,3566.4335664335667
3.04,493,80107,66.0,66.0,66.0,196.0,412.0,35004.886792375204,1.3855568790946993,0.6308316430020284,5328.9473684210525
0.66,75,6774,66.0,54.0,66.0,74.0,196.0,3677.6309333333334,0.632289156626506,0.84,4545.454545454545
7.58,1496,272955,74.0,66.0,66.0,308.0,382.0,29389.675919653833,2.16139680333565,0.5628342245989305,5833.77308707124
6.21,514,55310,66.0,66.0,66.0,124.0,232.0,6356.888355614771,0.49325053995680346,0.72568093385214,2946.8599033816427
8.71,936,130483,66.0,66.0,66.0,124.0,304.0,27780.826428838845,0.9126515295876636,0.7136752136752137,3788.748564867967
7.28,1170,143051,66.0,66.0,66.0,148.0,270.0,8799.793446562933,1.1814868471216164,0.6094017094017095,5142.857142857143
4.54,402,50203,66.0,54.0,66.0,95.0,266.8000000000004,43307.81468899285,0.5525420583869372,0.7512437810945274,3092.511013215859
3.91,353,60249,66.0,54.0,66.0,124.0,268.0,184182.1166689404,0.3107867026368462,0.7280453257790368,2946.291560102302
3.44,257,27673,66.0,54.0,66.0,112.0,196.0,8607.868461293887,0.48963772406739514,0.7392996108949417,2581.3953488372094
0.29,21,2398,74.0,66.0,66.0,160.0,196.0,3546.154195011338,0.6946996466431096,0.5714285714285714,2068.9655172413795
3.15,252,26377,66.0,66.0,66.0,124.0,196.0,4788.5780265810035,0.5110563703024747,0.7103174603174603,2723.809523809524
8.34,720,82377,66.0,54.0,66.0,112.0,256.0,10390.320121527777,0.47652847233424744,0.7319444444444444,3050.3597122302162
8.36,1139,154530,66.0,66.0,66.0,137.0,307.0,32526.243366136834,0.976592478894858,0.6953467954345918,4622.00956937799
5.96,522,49746,66.0,54.0,66.0,93.75,163.0,4313.757431629013,0.6096424526775602,0.7662835249042146,3201.3422818791946
3.28,298,31620,66.0,54.0,66.0,95.0,196.0,17247.619341471105,0.515093435553426,0.7516778523489933,3201.219512195122
9.39,1214,162530,66.0,66.0,66.0,124.0,232.0,32567.64945759115,1.2359334158756363,0.6820428336079077,4428.115015974441
4.41,378,45051,66.0,66.0,66.0,101.0,232.0,25161.022234819848,0.6840236244019139,0.7486772486772487,3047.6190476190477
4.44,451,53068,66.0,66.0,66.0,99.0,184.0,46828.82064493293,0.6346219005082396,0.7671840354767184,3499.9999999999995
9.35,1225,201514,66.0,58.80000000000007,66.0,133.0,268.0,120557.62305972513,1.6877134016218522,0.6848979591836735,4447.058823529412
7.98,1149,166610,66.0,66.0,66.0,184.0,320.8000000000004,17884.885098556962,1.802570270315733,0.6422976501305483,4691.72932330827
6.89,1111,171068,66.0,66.0,66.0,196.0,309.0,78387.43239562481,1.6887760715464533,0.6408640864086409,5085.631349782293
6.84,548,64623,66.0,66.0,66.0,124.0,241.30000000000024,14980.404986280573,0.470977874897569,0.7281021897810219,2850.877192982456
9.63,1274,188355,66.0,66.0,66.0,196.0,309.0,23573.68017086076,1.437684423047057,0.6153846153846154,4174.454828660436
3.19,331,35249,66.0,54.0,66.0,96.5,211.0,9854.110970144486,0.45747364068637586,0.7522658610271903,3799.3730407523512
2.14,238,29962,66.0,66.0,66.0,124.0,304.0,19337.35781371372,0.37705671477157826,0.7394957983193278,3953.271028037383
3.18,599,114022,74.0,66.0,66.0,304.0,470.0,33076.415639867235,1.9082793449982145,0.5592654424040067,5245.283018867924
9.77,1044,116565,66.0,66.0,66.0,103.0,232.0,10745.102283987317,0.6919224907467886,0.7432950191570882,3924.257932446264
9.38,1074,137594,66.0,66.0,66.0,124.0,279.0,17412.359535872445,0.9098076229075868,0.7011173184357542,3927.5053304904045
5.91,661,75355,66.0,66.0,66.0,124.0,256.0,8556.652040071318,0.9870003164223183,0.6838124054462935,3857.8680203045683
1.94,265,27718,66.0,66.0,66.0,124.0,160.0,6006.550174439302,0.9759053321927573,0.6943396226415094,4701.030927835051
4.98,500,57767,66.0,66.0,66.0,124.0,293.2000000000003,9899.048844,0.6060218521504629,0.73,3686.746987951807
4.69,408,50849,66.0,66.0,66.0,103.0,249.7000000000001,46773.708615676675,0.5057893334123013,0.7475490196078431,2993.603411513859
9.92,1191,141744,66.0,66.0,66.0,130.5,232.0,10996.961218373739,0.9944560919669617,0.6884970612930311,4179.435483870968
8.23,1210,235515,66.0,66.0,66.0,198.25,410.0,80187.41373198552,1.589727518638253,0.6520661157024793,4869.987849331713
5.89,1062,142577,66.0,66.0,66.0,160.0,309.0,13282.111924166818,1.4541620765629304,0.6487758945386064,6040.747028862479
1.64,178,22017,66.0,66.0,66.0,124.0,253.30000000000024,12910.48317762909,1.034654837815359,0.6853932584269663,3804.878048780488
0.06,8,1170,66.0,66.0,66.0,214.0,300.4,12785.4375,0.12716763005780346,0.625,5000.0
0.06,8,776,66.0,62.4,66.0,80.5,167.2,4578.0,0.34256055363321797,0.75,6000.0
2.46,249,29371,66.0,66.0,66.0,90.0,275.2000000000004,15795.865518298093,0.450849634459593,0.7911646586345381,3756.0975609756097
4.1,550,74817,66.0,66.0,66.0,133.0,310.0,16820.520862809917,1.162216056875325,0.6709090909090909,4726.829268292683
7.22,1231,198446,66.0,66.0,66.0,232.0,410.0,25589.350265712263,1.5559433804304428,0.6133225020308692,5501.385041551246
0.18,15,1370,66.0,66.0,66.0,107.0,145.6,1569.4222222222222,0.6426858513189448,0.7333333333333333,2666.6666666666665
2.3,175,18903,66.0,54.0,66.0,124.0,232.0,6883.8797061224495,0.5309791852271807,0.7085714285714285,2765.217391304348
2.85,248,26193,66.0,66.0,66.0,112.0,206.70000000000022,7109.41374544745,0.47732656514382404,0.7379032258064516,2926.315789473684
3.2,497,101469,66.0,66.0,66.0,127.0,304.0,210882.78430340593,2.097911705440557,0.6921529175050302,4950.0
9.23,1347,197455,66.0,66.0,66.0,124.0,304.0,74763.88281253015,1.3645889467696546,0.6703786191536748,5018.418201516793
8.9,779,81154,66.0,54.0,66.0,95.0,196.0,6938.654112032641,0.5014060534300303,0.7689345314505777,3134.831460674157
3.36,489,80760,66.0,66.0,66.0,256.0,412.0,29803.741302520484,2.0,0.6605316973415133,4821.428571428572
0.61,28,2204,66.0,54.0,66.0,95.0,124.0,522.9897959183673,0.9232111692844677,0.8571428571428571,1770.4918032786886
1.74,150,14067,66.0,66.0,66.0,90.0,160.0,4333.224933333335,0.7285573851069058,0.78,3000.0
5.66,646,72808,66.0,54.0,66.0,124.0,232.0,8684.876343106904,0.8003511288049256,0.6873065015479877,3943.4628975265014
5.97,822,101227,66.0,66.0,66.0,124.0,290.7999999999997,15155.281251294988,0.7664293442222455,0.7116788321167883,4834.170854271357
3.07,278,27028,66.0,66.0,66.0,95.0,196.0,3851.935872884427,0.7399253250933436,0.7553956834532374,3263.843648208469
2.03,197,27585,66.0,66.0,66.0,124.0,268.0,70823.710015718,0.3058606324559742,0.7309644670050761,3576.3546798029556
4.14,431,47786,66.0,54.0,66.0,90.0,232.0,12279.461673871261,0.45153549406154125,0.7842227378190255,3898.5507246376815
5.43,623,85891,66.0,54.0,66.0,124.0,309.80000000000007,24911.563310136575,0.7506267452051444,0.6982343499197432,3988.950276243094
6.99,737,81922,66.0,54.0,66.0,112.0,196.0,14894.104553094894,1.2129119394921664,0.7394843962008141,3699.5708154506437
6.65,895,169488,66.0,66.0,66.0,220.5,412.0,70855.25709684467,1.9820011612154054,0.6312849162011173,4222.556390977444
5.19,517,73345,66.0,54.0,66.0,95.0,268.0,61450.111781629625,1.1886190021484841,0.7562862669245648,3572.254335260115
2.08,152,19889,66.0,55.20000000000002,66.0,124.0,304.0,14489.102103531854,0.3417661741887607,0.6907894736842105,2538.4615384615386
8.42,1257,239807,66.0,66.0,66.0,160.0,340.0,135603.8787822403,2.111669067175315,0.6706443914081146,4859.857482185273
2.82,226,20137,66.0,54.0,66.0,90.0,160.0,7789.914421646178,0.785036787518837,0.8053097345132744,2957.446808510638
9.43,1031,129684,66.0,54.0,66.0,124.0,268.0,36573.623858260085,0.8524168666438121,0.7206595538312318,3843.0540827147406
0.66,85,9227,66.0,54.0,66.0,90.0,211.6000000000002,10726.011903114188,0.5025240188894317,0.7647058823529411,4727.272727272727
5.97,674,98348,66.0,66.0,66.0,114.25,325.60000000000036,52597.4441352834,0.7336459306527525,0.7373887240356083,4020.1005025125633
0.95,57,5629,66.0,61.2,66.0,90.0,137.2,17656.044936903665,0.5865276211950394,0.8421052631578947,2400.0000000000005
3.28,338,31421,66.0,66.0,66.0,90.0,160.0,4090.2973372781066,0.5765679879578525,0.7751479289940828,3896.3414634146343
0.4,32,3177,66.0,66.0,66.0,124.0,192.4000000000001,2964.6396484375,0.6359423274974253,0.6875,2700.0
7.93,679,96631,66.0,63.599999999999966,66.0,95.0,232.0,111939.99143243222,1.156460611470654,0.7746686303387335,2973.518284993695
5.83,505,52947,66.0,54.0,66.0,90.0,196.0,8635.1919850995,0.5032366134802112,0.7722772277227723,3097.770154373928
6.81,601,67352,66.0,54.0,66.0,103.0,232.0,23079.03716767118,0.5349483807744023,0.7470881863560732,3198.2378854625554
8.99,1261,391026,66.0,66.0,66.0,169.0,455.0,472598.3658438573,1.2694881512736729,0.6677240285487708,4578.4204671857615
0.33,75,10562,66.0,66.0,66.0,160.0,279.0,24906.036622222222,1.3000871080139373,0.6666666666666666,8181.818181818181
8.19,770,115718,66.0,66.0,66.0,124.0,385.90000000000066,37654.09906560971,0.415891738449491,0.7350649350649351,3267.399267399268
1.78,189,27718,66.0,54.0,66.0,95.0,340.6,42628.0669074214,0.3740828871703351,0.783068783068783,3741.573033707865
4.79,748,135830,66.0,66.0,66.0,278.5,340.0,50546.09467671366,1.1735929973916244,0.6216577540106952,4784.968684759916
7.61,1920,1109871,74.0,66.0,66.0,332.0,2962.0,1062447.0086368814,8.161508935573073,0.5895833333333333,7371.879106438897
9.28,1474,312464,66.0,66.0,66.0,238.0,490.5000000000002,102766.64152593391,1.5704930979450138,0.6377204884667571,5172.413793103449
8.64,1313,180675,66.0,66.0,66.0,160.0,304.0,24350.977799484794,1.6243354733753594,0.6313785224676314,4847.222222222222
9.96,1991,443616,74.0,66.0,66.0,279.0,436.0,103110.5522924481,1.820979803632294,0.5896534404821697,5951.807228915663
8.68,1170,288964,66.0,66.0,66.0,268.0,628.0,168486.0815574549,0.6626524048171142,0.6196581196581197,4251.152073732719
5.23,388,649462,66.0,66.0,66.0,83.0,448.0,67966309.0040121,15.405112531258682,0.8015463917525774,3246.6539196940726
