duration_sec,packet_count,total_bytes,median_pkt_size,p10_size,p25_size,p75_size,p90_size,size_variance,up_down_ratio,pct_packets_under_100b,packets_smaller_equal_66b_per_min
8.41,706,69833,86.0,74.0,86.0,94.0,110.0,6916.141259860845,0.0,0.8796033994334278,0.0
4.64,330,32333,86.0,74.0,86.0,94.0,110.0,3237.6874288337917,0.0,0.8757575757575757,0.0
1.34,93,8460,86.0,74.0,86.0,94.0,110.0,489.5150884495318,0.0,0.8817204301075269,0.0
9.05,665,63425,86.0,74.0,86.0,94.0,110.0,1997.557917349766,0.0,0.8676691729323308,0.0
3.48,265,25266,86.0,74.0,86.0,94.0,110.0,2599.010380918476,0.0,0.879245283018868,0.0
7.09,579,54665,86.0,74.0,86.0,94.0,110.0,4862.788161352579,0.0,0.8877374784110535,0.0
1.13,69,6200,86.0,86.0,86.0,94.0,110.0,117.83406847300986,0.0,0.8840579710144928,0.0
3.94,303,27214,86.0,74.0,86.0,94.0,94.0,1083.477393283883,0.0,0.900990099009901,0.0
8.11,621,55364,86.0,74.0,86.0,86.0,94.0,1245.227805134827,0.0,0.9082125603864735,0.0
3.23,175,16334,86.0,74.0,86.0,94.0,110.0,662.7834775510204,0.0,0.8514285714285714,0.0
6.78,621,91758,86.0,74.0,86.0,94.0,110.0,128292.32168778733,0.0,0.8454106280193237,0.0
1.02,109,10476,86.0,74.0,86.0,94.0,110.0,2315.8777880649777,0.0,0.8715596330275229,0.0
2.21,181,17250,86.0,74.0,86.0,94.0,110.0,1773.7695430542415,0.0,0.8784530386740331,0.0
0.62,67,6124,86.0,74.0,86.0,94.0,110.0,917.7331254176873,0.0,0.8805970149253731,0.0
9.84,832,77062,86.0,74.0,86.0,94.0,110.0,1182.7493932599853,0.0,0.875,0.0
9.37,837,78934,86.0,74.0,86.0,94.0,110.0,3677.5719251065925,0.0,0.8805256869772998,0.0
8.71,716,67094,86.0,74.0,86.0,94.0,110.0,4222.668167348085,0.0,0.888268156424581,0.0
1.87,146,13622,86.0,74.0,86.0,94.0,110.0,1379.210546068681,0.0,0.8904109589041096,0.0
4.72,379,36283,86.0,74.0,86.0,94.0,110.0,4147.620275548068,0.0,0.8812664907651715,0.0
5.21,515,47353,86.0,74.0,86.0,94.0,110.0,1194.7525911961543,0.0,0.8796116504854369,0.0
9.15,781,73103,86.0,74.0,86.0,94.0,110.0,2969.8427112553095,0.0,0.8873239436619719,0.0
2.28,209,21120,86.0,74.0,86.0,94.0,110.0,12838.96852178293,0.0,0.8755980861244019,0.0
2.34,197,18286,86.0,74.0,86.0,94.0,110.0,1133.83137931923,0.0,0.868020304568528,0.0
2.93,331,30366,86.0,74.0,86.0,94.0,94.0,2137.6847600879873,0.0,0.9003021148036254,0.0
3.62,306,28084,86.0,74.0,86.0,94.0,110.0,1277.5388525780681,0.0,0.8856209150326797,0.0
0.95,96,8562,86.0,74.0,86.0,94.0,110.0,298.0481770833333,0.0,0.8854166666666666,0.0
8.56,829,75083,86.0,74.0,86.0,94.0,110.0,1430.0447790513078,0.0,0.8902291917973462,0.0
4.15,342,31562,86.0,74.0,86.0,94.0,110.0,1721.4968366334942,0.0,0.8888888888888888,0.0
3.29,288,25654,86.0,74.0,86.0,94.0,110.0,311.18860918209873,0.0,0.8958333333333334,0.0
3.01,293,26050,86.0,74.0,86.0,86.0,94.0,718.5614742163569,0.0,0.9044368600682594,0.0
8.87,856,81782,86.0,74.0,86.0,94.0,110.0,3134.8255251550354,0.0,0.8808411214953271,0.0
5.15,439,38933,86.0,74.0,86.0,94.0,94.0,484.46154804095033,0.0,0.9020501138952164,0.0
4.77,452,48453,86.0,74.0,86.0,94.0,110.0,19773.46344173389,0.0,0.8738938053097345,0.0
9.6,1041,94942,86.0,74.0,86.0,94.0,110.0,2082.8647766270706,0.0,0.8943323727185398,0.0
6.56,756,69579,86.0,74.0,86.0,94.0,102.0,2213.3942271352994,0.0,0.8994708994708994,0.0
5.28,639,63202,86.0,74.0,86.0,94.0,110.0,7099.0165139681785,0.0,0.8841940532081377,0.0
6.59,781,69266,86.0,74.0,86.0,94.0,110.0,218.80588103173807,0.0,0.8950064020486556,0.0
9.81,617,59870,86.0,74.0,86.0,94.0,110.0,3920.6293115903013,0.0,0.8719611021069692,0.0
7.51,560,70238,86.0,74.0,86.0,94.0,110.0,90718.48008928569,0.0,0.8625,0.0
9.68,1009,89632,86.0,74.0,86.0,94.0,94.0,991.3782891538092,0.0,0.9028741328047571,0.0
8.59,841,87604,86.0,74.0,86.0,94.0,110.0,22857.667888717497,0.0,0.8596908442330559,0.0
5.34,543,54135,86.0,74.0,86.0,94.0,110.0,17440.08630180194,0.0,0.8821362799263351,0.0
3.49,344,31084,86.0,74.0,86.0,94.0,110.0,810.8584369929691,0.0,0.8895348837209303,0.0
7.71,859,80317,86.0,74.0,86.0,94.0,110.0,2045.3605933748127,0.0,0.8789289871944121,0.0
3.95,444,43357,86.0,74.0,86.0,94.0,110.0,2937.875877566756,0.0,0.8648648648648649,0.0
3.13,320,28670,86.0,74.0,86.0,94.0,94.0,438.3974609375,0.0,0.903125,0.0
5.6,535,48093,86.0,74.0,86.0,94.0,110.0,1027.8559385099138,0.0,0.8953271028037383,0.0
1.02,75,7342,86.0,74.0,86.0,86.0,103.60000000000014,7511.988622222221,0.0,0.8933333333333333,0.0
9.98,887,97603,86.0,74.0,86.0,94.0,110.0,45120.292866139884,0.0,0.8816234498308907,0.0
7.52,766,91115,86.0,74.0,86.0,94.0,110.0,48984.969992637496,0.0,0.8694516971279374,0.0
0.38,36,5808,86.0,86.0,86.0,86.0,98.0,174095.33333333328,0.0,0.9166666666666666,0.0
3.06,270,23746,86.0,74.0,86.0,94.0,94.0,241.37508916323725,0.0,0.9037037037037037,0.0
0.78,109,10256,86.0,74.0,86.0,94.0,110.0,4607.4411244844705,0.0,0.8899082568807339,0.0
0.98,113,9842,86.0,74.0,86.0,94.0,94.0,98.05247082778604,0.0,0.9026548672566371,0.0
7.04,677,72230,86.0,74.0,86.0,94.0,110.0,40420.062745320494,0.0,0.8936484490398818,0.0
5.97,556,57380,86.0,74.0,86.0,94.0,110.0,25375.344314476482,0.0,0.8812949640287769,0.0
7.5,724,103130,86.0,74.0,86.0,94.0,110.0,111633.31324593266,0.0,0.8549723756906077,0.0
0.23,35,7863,86.0,86.0,86.0,329.0,494.00000000000006,30649.996734693872,0.0,0.5714285714285714,0.0
2.05,212,25942,86.0,74.0,86.0,94.0,110.0,62248.15708437167,0.0,0.8679245283018868,0.0
1.32,110,9620,86.0,74.0,86.0,94.0,94.0,88.06611570247932,0.0,0.9090909090909091,0.0
7.37,681,67936,86.0,74.0,86.0,94.0,110.0,20823.75110886857,0.0,0.8854625550660793,0.0
8.4,788,84956,86.0,74.0,86.0,94.0,110.0,35126.92665361128,0.0,0.881979695431472,0.0
9.24,558,66066,86.0,74.0,86.0,94.0,110.0,51592.142791074104,0.0,0.8835125448028673,0.0
1.76,152,19304,86.0,74.0,86.0,94.0,110.0,96705.84210526316,0.0,0.875,0.0
1.64,174,31383,86.0,74.0,86.0,94.0,234.60000000000304,190105.1620095125,0.0,0.8218390804597702,0.0
3.36,331,49437,86.0,74.0,86.0,94.0,110.0,127745.37140040708,0.0,0.851963746223565,0.0
5.6,596,83208,86.0,74.0,86.0,94.0,110.0,92678.65720012614,0.0,0.8355704697986577,0.0
9.05,932,111108,86.0,74.0,86.0,94.0,110.0,57942.30588148611,0.0,0.8648068669527897,0.0
6.3,705,79712,86.0,74.0,86.0,94.0,110.0,44196.75158392435,0.0,0.8652482269503546,0.0
8.74,930,125721,86.0,74.0,86.0,94.0,110.0,87061.57371834893,0.0,0.843010752688172,0.0
2.76,261,28940,86.0,74.0,86.0,94.0,110.0,47968.771333362696,0.0,0.8850574712643678,0.0
8.64,798,118396,86.0,74.0,86.0,94.0,110.0,127020.12675799773,0.0,0.8546365914786967,0.0
9.17,724,72128,86.0,74.0,86.0,94.0,110.0,21647.67377369432,0.0,0.8770718232044199,0.0
4.58,342,31112,86.0,74.0,86.0,94.0,110.0,1092.6424198898808,0.0,0.8918128654970761,0.0
2.78,214,19282,86.0,74.0,86.0,86.0,94.0,1952.4567211110138,0.0,0.9018691588785047,0.0
1.12,101,9106,86.0,74.0,86.0,86.0,94.0,839.4996568963829,0.0,0.900990099009901,0.0
0.86,86,13244,86.0,74.0,86.0,94.0,110.0,168274.41860465117,0.0,0.872093023255814,0.0
6.98,725,72327,86.0,74.0,86.0,94.0,110.0,21518.876853269918,0.0,0.8827586206896552,0.0
5.46,511,46042,86.0,74.0,86.0,94.0,94.0,1444.2009949410437,0.0,0.9021526418786693,0.0
5.34,491,43914,86.0,74.0,86.0,94.0,110.0,1013.3500109921562,0.0,0.8961303462321792,0.0
8.88,809,99238,86.0,74.0,86.0,94.0,110.0,90207.54456737476,0.0,0.8850432632880099,0.0
0.01,2,160,80.0,75.2,77.0,83.0,84.8,36.0,0.0,1.0,0.0
6.17,607,81657,86.0,74.0,86.0,94.0,110.0,117817.92644843656,0.0,0.8731466227347611,0.0
3.0,329,57017,86.0,74.0,86.0,94.0,110.0,214496.33922450824,0.0,0.8601823708206687,0.0
0.44,49,4408,86.0,74.0,86.0,94.0,110.0,272.07996668054983,0.0,0.8571428571428571,0.0
7.4,695,87900,86.0,74.0,86.0,94.0,110.0,103159.55008539933,0.0,0.8906474820143885,0.0
7.09,618,57085,86.0,74.0,86.0,94.0,110.0,2723.10702914716,0.0,0.8948220064724919,0.0
1.58,153,13966,86.0,74.0,86.0,94.0,110.0,995.2739544619591,0.0,0.8888888888888888,0.0
1.98,189,17051,86.0,74.0,86.0,94.0,110.0,523.4291313233111,0.0,0.8888888888888888,0.0
6.5,568,52755,86.0,74.0,86.0,94.0,110.0,2058.613764010117,0.0,0.8855633802816901,0.0
0.82,93,8694,86.0,74.0,86.0,94.0,110.0,1778.744363510233,0.0,0.8817204301075269,0.0
5.62,576,82888,86.0,74.0,86.0,94.0,110.0,127061.76832561725,0.0,0.8489583333333334,0.0
1.98,195,43674,86.0,74.0,86.0,94.0,110.0,356192.7170019723,0.0,0.8615384615384616,0.0
0.73,21,4656,86.0,74.0,86.0,94.0,110.0,338524.29931972787,0.0,0.8571428571428571,0.0
4.53,380,58038,86.0,74.0,86.0,94.0,110.0,168266.92795013852,0.0,0.8578947368421053,0.0
6.27,576,51768,86.0,74.0,86.0,94.0,110.0,695.6892361111111,0.0,0.8888888888888888,0.0
1.53,99,9214,86.0,74.0,86.0,94.0,110.0,2293.0354045505564,0.0,0.8888888888888888,0.0
3.7,336,51964,86.0,74.0,86.0,94.0,110.0,171308.2796201814,0.0,0.8720238095238095,0.0
2.82,289,65896,86.0,74.0,86.0,94.0,110.0,373354.07593299897,0.0,0.8546712802768166,0.0
9.12,893,176621,86.0,74.0,86.0,94.0,110.0,287369.30267390143,0.0,0.8465845464725644,0.0
0.95,92,8724,86.0,74.0,86.0,94.0,110.0,2102.0132325141776,0.0,0.8804347826086957,0.0
1.5,151,13947,86.0,74.0,86.0,94.0,110.0,1311.1852111749483,0.0,0.8874172185430463,0.0
9.63,771,70452,86.0,74.0,86.0,94.0,110.0,2356.945742302432,0.0,0.8897535667963683,0.0
5.2,437,40035,86.0,74.0,86.0,94.0,110.0,2323.111311259943,0.0,0.897025171624714,0.0
0.23,9,798,86.0,86.0,86.0,86.0,90.80000000000001,56.888888888888886,0.0,0.8888888888888888,0.0
7.65,650,59074,86.0,74.0,86.0,94.0,110.0,942.7094059171598,0.0,0.8892307692307693,0.0
0.43,37,3468,86.0,86.0,86.0,94.0,110.0,765.4404674945215,0.0,0.8648648648648649,0.0
9.54,982,88721,86.0,74.0,86.0,94.0,110.0,1248.7073193242109,0.0,0.8961303462321792,0.0
4.3,498,90788,86.0,74.0,86.0,94.0,110.0,251471.18394864598,0.0,0.8734939759036144,0.0
3.96,363,32628,86.0,74.0,86.0,94.0,110.0,434.53206748172926,0.0,0.8953168044077136,0.0
6.61,607,78419,86.0,74.0,86.0,94.0,110.0,106197.85804276846,0.0,0.8780889621087314,0.0
7.12,687,85329,86.0,74.0,86.0,94.0,110.0,93617.8516173732,0.0,0.8777292576419214,0.0
3.04,355,55237,86.0,74.0,86.0,94.0,110.0,176589.28280896653,0.0,0.8647887323943662,0.0
5.52,557,96626,86.0,74.0,86.0,94.0,110.0,223445.94420610543,0.0,0.8653500897666068,0.0
2.23,174,15530,86.0,74.0,86.0,94.0,110.0,276.2004227771171,0.0,0.8908045977011494,0.0
9.79,757,68951,86.0,74.0,86.0,94.0,110.0,1295.1315576852937,0.0,0.8969616908850726,0.0
6.49,564,76117,86.0,74.0,86.0,94.0,110.0,113574.0391171219,0.0,0.8652482269503546,0.0
7.91,700,85980,86.0,74.0,86.0,94.0,110.0,91039.11632653061,0.0,0.8828571428571429,0.0
3.97,400,86367,86.0,74.0,86.0,94.0,133.20000000000027,306981.16069374996,0.0,0.8175,0.0
8.94,767,115708,86.0,74.0,86.0,94.0,110.0,164045.269243518,0.0,0.8657105606258149,0.0
8.39,660,104920,86.0,74.0,86.0,94.0,110.0,189075.35968778696,0.0,0.8742424242424243,0.0
4.84,431,64044,86.0,74.0,86.0,94.0,110.0,151770.89082207784,0.0,0.8793503480278422,0.0
1.94,105,31870,86.0,74.0,86.0,86.0,123.20000000000019,560893.3732426304,0.0,0.8666666666666667,0.0
5.04,302,50751,86.0,74.0,86.0,94.0,110.0,206388.57038068504,0.0,0.8741721854304636,0.0
9.45,918,114380,86.0,74.0,86.0,94.0,110.0,90321.8135854681,0.0,0.8779956427015251,0.0
5.35,514,58625,86.0,74.0,86.0,94.0,110.0,54592.05323699071,0.0,0.8735408560311284,0.0
3.24,301,32106,86.0,74.0,86.0,94.0,110.0,45929.23292237394,0.0,0.8903654485049833,0.0
6.4,566,63137,86.0,74.0,86.0,94.0,110.0,49817.28995554946,0.0,0.8745583038869258,0.0
3.73,354,31666,86.0,74.0,86.0,94.0,110.0,327.8691627565515,0.0,0.884180790960452,0.0
1.82,140,23396,86.0,74.0,86.0,94.0,110.0,192721.6726530612,0.0,0.8857142857142857,0.0
0.23,43,9224,86.0,86.0,86.0,94.0,97.20000000000002,306494.9010275826,0.0,0.9069767441860465,0.0
3.14,274,27146,86.0,74.0,86.0,92.0,110.0,27253.578613671474,0.0,0.8868613138686131,0.0
1.23,120,13114,86.0,74.0,86.0,94.0,99.2000000000001,53391.11972222225,0.0,0.9,0.0
7.18,696,68652,86.0,74.0,86.0,94.0,110.0,20797.176377328575,0.0,0.8850574712643678,0.0
0.75,74,6688,86.0,86.0,86.0,94.0,110.0,72.28926223520817,0.0,0.8783783783783784,0.0
2.49,241,27856,86.0,74.0,86.0,94.0,110.0,59202.34234947746,0.0,0.8713692946058091,0.0
4.08,388,46138,86.0,74.0,86.0,94.0,110.0,61893.7706716973,0.0,0.8737113402061856,0.0
3.45,292,25968,86.0,74.0,86.0,94.0,108.40000000000055,291.8172264965284,0.0,0.8972602739726028,0.0
3.62,351,32892,86.0,74.0,86.0,94.0,110.0,4075.687632405582,0.0,0.8803418803418803,0.0
1.3,104,9390,86.0,86.0,86.0,94.0,105.20000000000005,328.1090976331361,0.0,0.8942307692307693,0.0
7.66,247,68370,86.0,86.0,86.0,94.0,360.0,357059.5841269321,0.0,0.7651821862348178,0.0
5.01,496,49972,86.0,74.0,86.0,94.0,110.0,26425.566532258064,0.0,0.8850806451612904,0.0
0.18,31,3919,86.0,86.0,86.0,98.0,98.0,24008.50156087408,0.0,0.9032258064516129,0.0
0.64,58,5305,86.0,82.4,86.0,94.0,110.0,307.86950059453034,0.0,0.8793103448275862,0.0
2.41,268,29380,86.0,74.0,86.0,94.0,110.0,48747.084651369994,0.0,0.8917910447761194,0.0
6.76,759,77858,86.0,74.0,86.0,94.0,110.0,26836.609917702554,0.0,0.8853754940711462,0.0
6.52,632,59856,86.0,74.0,86.0,94.0,110.0,11094.260174651497,0.0,0.8924050632911392,0.0
4.94,482,43536,86.0,74.0,86.0,94.0,110.0,1250.0363285756096,0.0,0.8858921161825726,0.0
5.5,604,66724,86.0,74.0,86.0,94.0,110.0,39727.63984035788,0.0,0.8791390728476821,0.0
6.24,647,79917,86.0,74.0,86.0,94.0,110.0,61394.01469629177,0.0,0.874806800618238,0.0
3.53,358,32208,86.0,74.0,86.0,94.0,110.0,819.3731781155394,0.0,0.8966480446927374,0.0
3.08,315,33649,86.0,74.0,86.0,94.0,110.0,41368.241410934745,0.0,0.8857142857142857,0.0
2.03,190,22309,86.0,74.0,86.0,94.0,110.0,67841.1797506925,0.0,0.8789473684210526,0.0
4.49,472,56054,86.0,74.0,86.0,94.0,110.0,55866.35268241885,0.0,0.8601694915254238,0.0
2.11,212,19043,86.0,74.0,86.0,94.0,110.0,320.37048326806695,0.0,0.8867924528301887,0.0
4.82,499,52291,86.0,74.0,86.0,94.0,110.0,27261.231111521647,0.0,0.875751503006012,0.0
1.19,117,10210,86.0,74.0,86.0,94.0,94.0,84.41697713492584,0.0,0.9145299145299145,0.0
4.94,532,53316,86.0,74.0,86.0,94.0,110.0,25506.644185652094,0.0,0.8928571428571429,0.0
7.67,1466,1803355,86.0,86.0,86.0,86.0,98.0,45747254.076473296,0.0,0.902455661664393,0.0
8.98,957,124796,86.0,74.0,86.0,94.0,110.0,77588.4308352141,0.0,0.8589341692789969,0.0
1.19,119,10739,86.0,74.0,86.0,94.0,110.0,636.7893510345316,0.0,0.8823529411764706,0.0
2.34,248,27974,86.0,74.0,86.0,94.0,98.0,54471.152900624365,0.0,0.9032258064516129,0.0
2.29,250,27744,86.0,74.0,86.0,94.0,110.0,52088.519424,0.0,0.888,0.0
1.47,154,13814,86.0,74.0,86.0,86.0,105.20000000000027,853.2354528588294,0.0,0.8961038961038961,0.0
9.42,1034,112975,86.0,74.0,86.0,94.0,110.0,44716.37235819657,0.0,0.8945841392649904,0.0
0.7,94,14064,86.0,74.0,86.0,94.0,110.0,137271.68311453148,0.0,0.8723404255319149,0.0
5.12,609,75646,86.0,74.0,86.0,94.0,110.0,63584.827996041866,0.0,0.8620689655172413,0.0
6.49,624,56294,86.0,74.0,86.0,94.0,94.0,2748.280808267587,0.0,0.905448717948718,0.0
9.0,997,132969,86.0,74.0,86.0,94.0,110.0,81037.7614528641,0.0,0.8525576730190572,0.0
0.12,17,1570,94.0,86.0,86.0,94.0,110.0,92.34602076124565,0.0,0.8235294117647058,0.0
9.3,969,106240,86.0,74.0,86.0,94.0,110.0,40569.4567399498,0.0,0.8833849329205367,0.0
5.54,518,55014,86.0,74.0,86.0,94.0,110.0,31017.65310594653,0.0,0.8783783783783784,0.0
1.47,178,15480,86.0,74.0,86.0,94.0,94.0,89.0438076000505,0.0,0.9157303370786517,0.0
1.09,94,8584,86.0,74.0,86.0,94.0,110.0,880.1960162969673,0.0,0.8723404255319149,0.0
3.74,382,42644,86.0,74.0,86.0,94.0,110.0,39068.88139031277,0.0,0.8743455497382199,0.0
1.4,125,11126,86.0,74.0,86.0,94.0,110.0,84.90393600000002,0.0,0.888,0.0
3.6,354,38720,86.0,74.0,86.0,94.0,110.0,43476.60812665581,0.0,0.8870056497175142,0.0
1.02,74,6850,86.0,74.0,86.0,94.0,105.20000000000005,1661.7859751643534,0.0,0.8918918918918919,0.0
1.61,170,15256,86.0,74.0,86.0,94.0,110.0,413.7094809688579,0.0,0.888235294117647,0.0
1.07,94,8626,86.0,74.0,86.0,94.0,105.20000000000005,1610.3707559981885,0.0,0.8936170212765957,0.0
0.43,60,5144,86.0,74.0,74.0,86.0,94.0,93.79555555555554,0.0,0.9166666666666666,0.0
0.86,87,7574,86.0,74.0,86.0,86.0,94.0,79.61738670894437,0.0,0.9195402298850575,0.0
8.94,835,98129,86.0,74.0,86.0,94.0,110.0,54634.70469934382,0.0,0.8694610778443114,0.0
3.35,345,36779,86.0,74.0,86.0,94.0,110.0,40655.867792480574,0.0,0.8840579710144928,0.0
5.44,477,48662,86.0,74.0,86.0,94.0,110.0,30678.574142197256,0.0,0.8930817610062893,0.0
5.48,542,48484,86.0,74.0,86.0,92.0,94.0,916.2146621097213,0.0,0.9040590405904059,0.0
5.81,617,82812,86.0,74.0,86.0,94.0,110.0,96884.05007762244,0.0,0.86709886547812,0.0
6.81,635,58856,86.0,74.0,86.0,94.0,110.0,3047.881316882633,0.0,0.8976377952755905,0.0
6.07,647,69221,86.0,74.0,86.0,94.0,110.0,43349.2054112549,0.0,0.8902627511591963,0.0
7.64,740,77460,86.0,74.0,86.0,94.0,110.0,29508.970489408326,0.0,0.8851351351351351,0.0
3.97,389,40478,86.0,74.0,86.0,94.0,110.0,36326.01222566597,0.0,0.8920308483290489,0.0
0.59,69,12971,86.0,86.0,86.0,94.0,131.2000000000003,200592.30413778618,0.0,0.855072463768116,0.0
1.01,54,5126,86.0,86.0,86.0,86.0,94.0,2194.7722908093274,0.0,0.9074074074074074,0.0
5.64,317,29684,86.0,74.0,86.0,94.0,94.0,4439.681397963955,0.0,0.9148264984227129,0.0
3.51,338,30177,86.0,74.0,86.0,94.0,110.0,291.9831325933966,0.0,0.8875739644970414,0.0
4.17,424,43460,86.0,74.0,86.0,94.0,110.0,33439.02830188679,0.0,0.8867924528301887,0.0
5.97,664,71588,86.0,74.0,86.0,94.0,110.0,42456.09464363477,0.0,0.8780120481927711,0.0
3.03,286,39832,86.0,74.0,86.0,94.0,110.0,99469.80673871581,0.0,0.8531468531468531,0.0
1.52,212,18658,86.0,74.0,86.0,94.0,110.0,110.8489676041296,0.0,0.8915094339622641,0.0
2.81,267,30708,86.0,74.0,86.0,94.0,110.0,53393.05230821022,0.0,0.8726591760299626,0.0
8.27,884,79497,86.0,74.0,86.0,94.0,110.0,1057.3806676255604,0.0,0.8925339366515838,0.0
4.64,386,34624,86.0,74.0,86.0,94.0,110.0,542.1273054310183,0.0,0.8963730569948186,0.0
1.16,92,7992,86.0,74.0,86.0,94.0,94.0,91.76559546313798,0.0,0.9130434782608695,0.0
4.46,396,47004,86.0,74.0,86.0,94.0,110.0,72011.16069788799,0.0,0.8888888888888888,0.0
0.67,22,1984,86.0,86.0,86.0,94.0,98.0,39.96694214876032,0.0,0.9545454545454546,0.0
6.03,554,57380,86.0,74.0,86.0,94.0,110.0,26509.70661679418,0.0,0.8754512635379061,0.0
2.6,301,84399,86.0,74.0,86.0,94.0,328.0,447991.70748667227,0.0,0.8205980066445183,0.0
6.47,648,69170,86.0,74.0,86.0,94.0,110.0,32447.820177945436,0.0,0.8719135802469136,0.0
0.71,33,2842,86.0,74.0,86.0,86.0,92.4,60.591368227731856,0.0,0.9393939393939394,0.0
9.22,297,39896,86.0,74.0,86.0,94.0,110.0,40691.345667675625,0.0,0.8484848484848485,0.0
1.07,142,23845,86.0,74.0,86.0,94.0,110.0,105427.49399920646,0.0,0.8661971830985915,0.0
3.07,328,32265,86.0,74.0,86.0,94.0,110.0,12326.6596426978,0.0,0.8932926829268293,0.0
8.21,890,90761,86.0,74.0,86.0,94.0,110.0,32427.07033076632,0.0,0.8977528089887641,0.0
8.24,861,89524,86.0,74.0,86.0,94.0,110.0,33616.62199236227,0.0,0.8896631823461092,0.0
3.86,372,33552,86.0,74.0,86.0,94.0,110.0,696.9517863336802,0.0,0.8844086021505376,0.0
2.16,249,27746,86.0,74.0,86.0,94.0,100.4000000000002,56479.30530152738,0.0,0.8995983935742972,0.0
8.27,801,78580,86.0,74.0,86.0,94.0,110.0,17585.702378892798,0.0,0.8888888888888888,0.0
6.04,569,51372,86.0,74.0,86.0,94.0,110.0,2223.265161647017,0.0,0.8963093145869947,0.0
2.43,277,38035,86.0,74.0,86.0,94.0,110.0,101008.74837414797,0.0,0.8736462093862816,0.0
2.25,206,22250,86.0,74.0,86.0,94.0,110.0,34349.68922612876,0.0,0.8883495145631068,0.0
8.02,752,69420,86.0,74.0,86.0,94.0,98.0,9075.082361928473,0.0,0.9029255319148937,0.0
4.72,481,52363,86.0,74.0,86.0,94.0,110.0,41800.28054857991,0.0,0.8877338877338877,0.0
0.99,75,6486,86.0,74.0,86.0,86.0,94.0,88.7296,0.0,0.92,0.0
3.1,315,35086,86.0,74.0,86.0,94.0,110.0,44218.763557571176,0.0,0.8761904761904762,0.0
4.48,409,36932,86.0,74.0,86.0,94.0,110.0,773.6909750659072,0.0,0.8948655256723717,0.0
6.26,614,58908,86.0,74.0,86.0,94.0,110.0,14017.074738193509,0.0,0.8957654723127035,0.0
4.58,422,40018,86.0,74.0,86.0,94.0,108.80000000000041,15591.77657734552,0.0,0.8981042654028436,0.0
5.2,501,44436,86.0,74.0,86.0,94.0,94.0,408.18817454910544,0.0,0.9021956087824351,0.0
1.37,143,15360,86.0,74.0,86.0,94.0,110.0,45339.4031982004,0.0,0.8811188811188811,0.0
0.44,66,5776,86.0,74.0,86.0,86.0,98.0,68.73461891643709,0.0,0.9393939393939394,0.0
1.77,144,12598,86.0,74.0,86.0,94.0,94.0,153.81925154320984,0.0,0.9027777777777778,0.0
4.14,382,38974,86.0,74.0,86.0,94.0,110.0,18914.035963926424,0.0,0.8743455497382199,0.0
5.25,531,51278,86.0,74.0,86.0,94.0,110.0,13492.482563191359,0.0,0.8907721280602636,0.0
2.79,307,33323,86.0,74.0,86.0,94.0,110.0,28418.840900168696,0.0,0.8697068403908795,0.0
3.54,350,36619,86.0,74.0,86.0,94.0,110.0,14531.051338775509,0.0,0.8742857142857143,0.0
3.19,302,27683,86.0,74.0,86.0,94.0,94.0,5516.156363755977,0.0,0.9006622516556292,0.0
3.42,320,34382,86.0,74.0,86.0,94.0,110.0,42455.39683593749,0.0,0.890625,0.0
2.05,178,15818,86.0,74.0,86.0,94.0,110.0,179.0492362075495,0.0,0.8932584269662921,0.0
8.49,808,78290,86.0,74.0,86.0,94.0,110.0,17314.312928879524,0.0,0.8910891089108911,0.0
5.64,563,66396,86.0,74.0,86.0,94.0,110.0,68676.89064861235,0.0,0.8863232682060391,0.0
2.26,213,18828,86.0,74.0,86.0,86.0,94.0,532.7271044105006,0.0,0.9107981220657277,0.0
8.0,418,46810,86.0,74.0,86.0,94.0,110.0,34229.13854994161,0.0,0.868421052631579,0.0
0.92,4,1463,194.5,117.7,153.25,407.0,750.8000000000002,127682.1875,0.0,0.25,0.0
7.52,13,3380,94.0,94.0,94.0,181.0,458.40000000000015,139754.3076923077,0.0,0.6153846153846154,0.0
0.83,1,1494,1494.0,1494.0,1494.0,1494.0,1494.0,0.0,0.0,0.0,0.0
8.42,861,125052,86.0,74.0,86.0,94.0,110.0,112412.75636869855,0.0,0.8571428571428571,0.0
8.55,690,78669,86.0,74.0,86.0,94.0,110.0,57048.72881537491,0.0,0.8855072463768116,0.0
2.21,160,19160,86.0,74.0,86.0,94.0,98.0,79710.8875,0.0,0.90625,0.0
7.72,577,53448,86.0,74.0,86.0,94.0,110.0,2502.7874712025687,0.0,0.8769497400346621,0.0
1.05,68,5908,86.0,74.0,86.0,94.0,94.0,93.10380622837367,0.0,0.9117647058823529,0.0
7.29,532,53919,86.0,74.0,86.0,94.0,110.0,26143.073813528194,0.0,0.8872180451127819,0.0
7.9,621,62636,86.0,74.0,86.0,94.0,110.0,23740.308157068357,0.0,0.8824476650563607,0.0
9.97,849,79599,86.0,74.0,86.0,94.0,110.0,7184.719116649395,0.0,0.8798586572438163,0.0
7.9,641,76386,86.0,74.0,86.0,94.0,110.0,71085.21238509442,0.0,0.8829953198127926,0.0
9.51,566,58730,86.0,74.0,86.0,94.0,110.0,27318.615327947653,0.0,0.8692579505300353,0.0
2.0,122,11430,86.0,74.0,86.0,94.0,110.0,722.3128191346412,0.0,0.8524590163934426,0.0
7.52,640,69450,86.0,74.0,86.0,94.0,110.0,47522.28413085938,0.0,0.88125,0.0
0.58,65,11686,86.0,86.0,86.0,94.0,110.0,222091.092071006,0.0,0.8769230769230769,0.0
2.92,221,20250,86.0,74.0,86.0,94.0,110.0,850.1609713150835,0.0,0.8778280542986425,0.0
6.21,554,56748,86.0,74.0,86.0,94.0,110.0,28304.025322889644,0.0,0.8808664259927798,0.0
1.81,108,10080,86.0,74.0,86.0,94.0,110.0,2345.703703703704,0.0,0.8796296296296297,0.0
8.16,667,72618,86.0,74.0,86.0,94.0,110.0,46409.754374686716,0.0,0.8785607196401799,0.0
5.08,1057,1766122,86.0,86.0,86.0,86.0,110.0,49359814.386203974,0.0,0.8949858088930936,0.0
9.34,768,75236,86.0,74.0,86.0,94.0,110.0,20095.386691623255,0.0,0.8776041666666666,0.0
5.62,473,61715,86.0,74.0,86.0,94.0,110.0,98011.30226300568,0.0,0.864693446088795,0.0
5.76,454,40946,86.0,74.0,86.0,94.0,110.0,536.4002406411922,0.0,0.8810572687224669,0.0
2.99,224,20610,86.0,74.0,86.0,94.0,110.0,808.9017059948981,0.0,0.8705357142857143,0.0
7.97,704,64168,86.0,74.0,86.0,94.0,110.0,1645.9412448347105,0.0,0.8877840909090909,0.0
8.34,738,72614,86.0,74.0,86.0,94.0,110.0,21289.520383957235,0.0,0.8875338753387534,0.0
9.42,881,91180,86.0,74.0,86.0,94.0,110.0,34271.664286146806,0.0,0.8785471055618616,0.0
8.35,831,86299,86.0,74.0,86.0,94.0,110.0,36217.4490942871,0.0,0.8856799037304453,0.0
2.1,206,18372,86.0,74.0,86.0,94.0,102.0,583.1407295692336,0.0,0.8980582524271845,0.0
9.28,892,96961,86.0,74.0,86.0,94.0,110.0,50259.579685646204,0.0,0.8912556053811659,0.0
3.95,399,42554,86.0,74.0,86.0,94.0,110.0,38913.17437704538,0.0,0.8696741854636592,0.0
1.99,194,17440,86.0,74.0,86.0,94.0,110.0,433.59761930066963,0.0,0.8865979381443299,0.0
7.21,710,68280,86.0,74.0,86.0,94.0,98.0,21430.44467367586,0.0,0.9014084507042254,0.0
0.47,57,5524,86.0,74.0,86.0,94.0,100.39999999999998,4824.150200061557,0.0,0.8947368421052632,0.0
7.07,636,88432,86.0,74.0,86.0,94.0,110.0,136909.43831335788,0.0,0.8726415094339622,0.0
4.44,437,85292,86.0,74.0,86.0,94.0,110.0,258302.6668935796,0.0,0.8260869565217391,0.0
7.19,650,65865,86.0,74.0,86.0,94.0,110.0,21398.578284023675,0.0,0.8815384615384615,0.0
6.54,586,68210,86.0,74.0,86.0,94.0,110.0,48816.18866847604,0.0,0.8617747440273038,0.0
3.02,353,36272,86.0,74.0,86.0,94.0,98.0,36913.73245913216,0.0,0.9065155807365439,0.0
5.75,471,41718,86.0,74.0,86.0,94.0,110.0,378.2786049467864,0.0,0.8980891719745223,0.0
8.13,709,68167,86.0,74.0,86.0,94.0,110.0,18470.987357787544,0.0,0.8871650211565585,0.0
5.97,509,50611,86.0,74.0,86.0,94.0,110.0,26043.907488391666,0.0,0.8958742632612967,0.0
9.84,872,84802,86.0,74.0,86.0,94.0,110.0,16933.15997706422,0.0,0.8818807339449541,0.0
1.81,200,18056,86.0,74.0,86.0,94.0,110.0,540.2716000000003,0.0,0.885,0.0
1.59,103,9346,86.0,74.0,86.0,94.0,110.0,580.911867282496,0.0,0.8737864077669902,0.0
8.38,724,68511,86.0,74.0,86.0,94.0,110.0,11277.664439043372,0.0,0.8812154696132597,0.0
8.96,794,85220,86.0,74.0,86.0,94.0,110.0,46681.314290427574,0.0,0.8790931989924433,0.0
9.22,900,120931,86.0,74.0,86.0,94.0,110.0,94412.86807283948,0.0,0.83,0.0
5.5,476,42564,86.0,74.0,86.0,94.0,110.0,328.7394251818374,0.0,0.8928571428571429,0.0
2.68,314,39052,86.0,74.0,86.0,94.0,110.0,67247.10556209176,0.0,0.8407643312101911,0.0
6.47,520,66691,86.0,74.0,86.0,94.0,110.0,74824.93845784024,0.0,0.8365384615384616,0.0
0.45,58,5116,86.0,74.0,86.0,94.0,110.0,100.5089179548157,0.0,0.8793103448275862,0.0
0.92,90,13668,86.0,74.0,86.0,94.0,110.0,161062.47111111114,0.0,0.8666666666666667,0.0
1.7,143,19171,86.0,74.0,86.0,98.0,208.9999999999999,59876.26876619883,0.0,0.7622377622377622,0.0
4.02,446,68130,86.0,74.0,86.0,94.0,110.0,129155.12970299022,0.0,0.8363228699551569,0.0
2.2,259,36780,86.0,74.0,86.0,94.0,158.40000000000123,90040.62542299609,0.0,0.8301158301158301,0.0
2.49,181,16394,86.0,74.0,86.0,94.0,110.0,553.3825585299594,0.0,0.8729281767955801,0.0
4.43,427,52505,86.0,74.0,86.0,94.0,110.0,63447.21639453954,0.0,0.8524590163934426,0.0
0.28,21,1870,86.0,86.0,86.0,86.0,110.0,92.80725623582765,0.0,0.8571428571428571,0.0
6.27,531,47510,86.0,74.0,86.0,94.0,110.0,1332.1324935008747,0.0,0.8945386064030132,0.0
9.84,548,82762,86.0,74.0,86.0,94.0,110.0,159091.28766849588,0.0,0.8576642335766423,0.0
0.76,3,1203,540.0,183.2,317.0,554.5,563.2,47264.666666666664,0.0,0.3333333333333333,0.0
5.41,14,3429,94.0,94.0,94.0,467.5,540.0,41628.92346938776,0.0,0.6428571428571429,0.0
1.68,2,230,115.0,115.0,115.0,115.0,115.0,0.0,0.0,0.0,0.0
7.59,89,51790,94.0,86.0,86.0,466.0,2043.600000000003,825287.362706729,0.0,0.5842696629213483,0.0
5.78,108,15263,86.0,86.0,86.0,94.0,110.0,59060.774605624116,0.0,0.8611111111111112,0.0
0.97,60,13112,86.0,86.0,86.0,98.0,276.0,154598.38222222222,0.0,0.85,0.0
7.49,109,25842,86.0,86.0,86.0,94.0,116.8000000000001,358269.1766686305,0.0,0.8256880733944955,0.0
1.97,210,36173,86.0,74.0,86.0,94.0,110.0,226045.35058956916,0.0,0.8476190476190476,0.0
7.83,773,99608,86.0,74.0,86.0,94.0,110.0,113966.10301424698,0.0,0.8926261319534282,0.0
8.26,819,105894,86.0,74.0,86.0,94.0,110.0,108513.2660575078,0.0,0.8778998778998779,0.0
1.67,167,14648,86.0,74.0,86.0,94.0,100.40000000000009,147.70181792104415,0.0,0.8982035928143712,0.0
8.15,850,110372,86.0,74.0,86.0,94.0,110.0,104481.01967612456,0.0,0.8694117647058823,0.0
2.7,264,24190,86.0,74.0,86.0,94.0,110.0,3541.4228076216714,0.0,0.8901515151515151,0.0
9.18,844,77085,86.0,74.0,86.0,94.0,110.0,1085.3073984748771,0.0,0.8898104265402843,0.0
3.63,374,33815,86.0,74.0,86.0,94.0,94.0,2273.7025722783033,0.0,0.9010695187165776,0.0
6.36,566,54018,86.0,74.0,86.0,94.0,110.0,15434.108366941777,0.0,0.8886925795053003,0.0
7.35,815,133984,86.0,74.0,86.0,94.0,110.0,203737.01987127852,0.0,0.8711656441717791,0.0
5.58,597,89879,86.0,74.0,86.0,94.0,110.0,161150.72645191342,0.0,0.8693467336683417,0.0
7.32,753,162640,86.0,74.0,86.0,94.0,110.0,338627.7661553874,0.0,0.848605577689243,0.0
0.97,91,8060,86.0,74.0,86.0,94.0,94.0,176.11302982731553,0.0,0.9010989010989011,0.0
9.54,876,144108,86.0,74.0,86.0,94.0,110.0,198859.06958779012,0.0,0.863013698630137,0.0
5.7,481,43897,86.0,74.0,86.0,94.0,110.0,1046.4968685301328,0.0,0.8877338877338877,0.0
5.85,543,80074,86.0,74.0,86.0,94.0,110.0,160614.70556115164,0.0,0.8747697974217311,0.0
7.74,805,135698,86.0,74.0,86.0,94.0,110.0,215378.16325913358,0.0,0.8658385093167702,0.0
9.79,873,78935,86.0,74.0,86.0,94.0,110.0,1103.9179771403528,0.0,0.8934707903780069,0.0
9.17,979,214706,86.0,74.0,86.0,94.0,110.0,347224.0796522686,0.0,0.8529111338100103,0.0
1.36,140,12426,86.0,74.0,86.0,86.0,95.60000000000014,775.3981632653063,0.0,0.9,0.0
7.64,863,140325,86.0,74.0,86.0,94.0,110.0,191464.87239667602,0.0,0.8574739281575898,0.0
9.0,1007,152215,86.0,74.0,86.0,94.0,110.0,165264.90288930808,0.0,0.8709036742800397,0.0
7.51,890,193012,86.0,74.0,86.0,94.0,110.0,343655.64309556875,0.0,0.8606741573033708,0.0
0.52,51,4508,86.0,74.0,86.0,90.0,94.0,209.5717031910804,0.0,0.9019607843137255,0.0
6.88,644,67596,86.0,74.0,86.0,94.0,110.0,39173.90544346284,0.0,0.8850931677018633,0.0
9.19,945,134574,86.0,74.0,86.0,94.0,110.0,141984.53540942297,0.0,0.8751322751322751,0.0
5.65,500,45504,86.0,74.0,86.0,94.0,110.0,1185.1119360000002,0.0,0.888,0.0
6.37,591,81496,86.0,74.0,86.0,94.0,110.0,134193.9314649237,0.0,0.8849407783417935,0.0
3.61,326,30917,86.0,74.0,86.0,94.0,110.0,3461.534918514058,0.0,0.8742331288343558,0.0
0.67,65,5590,86.0,74.0,86.0,86.0,94.0,81.23076923076923,0.0,0.9230769230769231,0.0
1.79,183,16756,86.0,74.0,86.0,94.0,106.80000000000018,889.8635372808981,0.0,0.8961748633879781,0.0
7.44,742,165591,86.0,74.0,86.0,94.0,110.0,342841.73846637266,0.0,0.839622641509434,0.0
7.27,803,106524,86.0,74.0,86.0,94.0,110.0,108359.0570634095,0.0,0.8692403486924035,0.0
7.4,715,88802,86.0,74.0,86.0,94.0,110.0,93848.06685119077,0.0,0.8881118881118881,0.0
2.97,242,21882,86.0,74.0,86.0,94.0,110.0,546.5330920019125,0.0,0.8760330578512396,0.0
6.6,600,59298,86.0,74.0,86.0,94.0,110.0,25385.797766666674,0.0,0.895,0.0
8.87,931,117101,86.0,74.0,86.0,94.0,110.0,89938.01059115489,0.0,0.874328678839957,0.0
7.04,582,53702,86.0,74.0,86.0,94.0,110.0,1690.242451081116,0.0,0.8831615120274914,0.0
8.23,406,54732,86.0,74.0,86.0,94.0,110.0,102674.38180979883,0.0,0.8645320197044335,0.0
0.04,1,216,216.0,216.0,216.0,216.0,216.0,0.0,0.0,0.0,0.0
5.19,30,5954,94.0,86.0,86.5,276.0,412.0000000000001,31612.182222222218,0.0,0.6333333333333333,0.0
0.91,3,686,216.0,112.0,151.0,300.0,350.4,14880.88888888889,0.0,0.3333333333333333,0.0
8.0,17,3058,94.0,90.8,94.0,134.0,254.4,58078.92733564014,0.0,0.6470588235294118,0.0
0.17,1,86,86.0,86.0,86.0,86.0,86.0,0.0,0.0,1.0,0.0
0.67,6,528,86.0,86.0,86.0,86.0,92.0,20.0,0.0,1.0,0.0
5.75,202,80496,86.0,86.0,86.0,218.0,1491.4,576187.2400745025,0.0,0.6683168316831684,0.0
3.19,130,21421,86.0,86.0,86.0,98.0,255.6000000000003,128195.60408284022,0.0,0.823076923076923,0.0
0.46,16,1392,86.0,80.0,86.0,86.0,94.0,61.0,0.0,0.9375,0.0
0.48,4,344,86.0,86.0,86.0,86.0,86.0,0.0,0.0,1.0,0.0
1.67,151,13718,86.0,74.0,86.0,94.0,110.0,1081.0827595280912,0.0,0.8940397350993378,0.0
7.88,896,82464,86.0,74.0,86.0,94.0,110.0,7663.880420918367,0.0,0.8928571428571429,0.0
4.1,510,45654,86.0,74.0,86.0,94.0,110.0,1262.8340023068054,0.0,0.8980392156862745,0.0
2.2,277,28459,86.0,74.0,86.0,94.0,110.0,25213.896336456874,0.0,0.8844765342960289,0.0
0.6,43,3905,86.0,74.0,86.0,94.0,106.80000000000007,234.80259599783673,0.0,0.8837209302325582,0.0
7.48,788,71699,86.0,74.0,86.0,94.0,110.0,1468.4808340204586,0.0,0.8908629441624365,0.0
9.23,1002,102188,86.0,74.0,86.0,94.0,110.0,26898.75224003091,0.0,0.8902195608782435,0.0
1.32,139,12385,86.0,74.0,86.0,94.0,110.0,295.68769732415507,0.0,0.8920863309352518,0.0
8.77,815,74768,86.0,74.0,86.0,94.0,110.0,2841.976507960406,0.0,0.8920245398773006,0.0
5.56,539,49754,86.0,74.0,86.0,94.0,110.0,1014.1463370978347,0.0,0.8738404452690167,0.0
7.65,67,8635,94.0,94.0,94.0,187.0,206.0,2119.5678324793935,0.0,0.5671641791044776,0.0
4.88,127,35877,86.0,86.0,86.0,98.0,257.40000000000066,402498.23423646844,0.0,0.7874015748031497,0.0
4.55,332,32320,86.0,74.0,86.0,94.0,110.0,12502.468282769632,0.0,0.8825301204819277,0.0
9.76,1122,99283,86.0,74.0,86.0,94.0,94.0,301.92542362918266,0.0,0.9001782531194296,0.0
5.12,552,50429,86.0,74.0,86.0,94.0,110.0,2202.8816917401805,0.0,0.8913043478260869,0.0
1.69,184,16370,86.0,74.0,86.0,94.0,110.0,309.30328449905477,0.0,0.8913043478260869,0.0
8.07,873,79359,86.0,74.0,86.0,94.0,110.0,1442.3343843365092,0.0,0.8946162657502864,0.0
8.71,969,87924,86.0,74.0,86.0,94.0,110.0,1820.8419966324482,0.0,0.891640866873065,0.0
3.13,400,35952,86.0,74.0,86.0,94.0,110.0,1600.4456,0.0,0.8975,0.0
4.6,505,46184,86.0,74.0,86.0,94.0,110.0,1573.6418939319676,0.0,0.8950495049504951,0.0
8.34,957,85866,86.0,74.0,86.0,94.0,110.0,1249.8967318848408,0.0,0.8986415882967607,0.0
9.63,1055,95955,86.0,74.0,86.0,94.0,94.0,2501.0688439163537,0.0,0.9033175355450237,0.0
6.63,788,70581,86.0,74.0,86.0,94.0,110.0,762.9710167100415,0.0,0.8972081218274112,0.0
0.18,24,2092,86.0,74.0,86.0,86.0,105.19999999999999,105.97222222222221,0.0,0.875,0.0
3.13,372,33286,86.0,74.0,86.0,86.0,94.0,1545.1796450456698,0.0,0.9139784946236559,0.0
9.88,970,88702,86.0,74.0,86.0,94.0,110.0,2805.4614475502176,0.0,0.8886597938144329,0.0
7.76,752,68307,86.0,74.0,86.0,94.0,110.0,1275.9125293543464,0.0,0.8962765957446809,0.0
8.89,811,74422,86.0,74.0,86.0,94.0,110.0,2548.7687879815303,0.0,0.8951911220715166,0.0
7.04,619,54724,86.0,74.0,86.0,94.0,94.0,379.7857976151018,0.0,0.901453957996769,0.0
2.5,213,19638,86.0,74.0,86.0,86.0,94.0,4180.14891225286,0.0,0.9154929577464789,0.0
5.22,471,45388,86.0,74.0,86.0,94.0,110.0,7391.998278045988,0.0,0.881104033970276,0.0
2.43,192,16748,86.0,74.0,86.0,86.0,94.0,83.57248263888887,0.0,0.9114583333333334,0.0
3.89,324,28866,86.0,74.0,86.0,94.0,96.79999999999995,596.4173525377229,0.0,0.9012345679012346,0.0
7.86,671,60832,86.0,74.0,86.0,86.0,94.0,2814.4453748103792,0.0,0.9046199701937406,0.0
7.08,675,61026,86.0,74.0,86.0,94.0,96.40000000000009,1606.063920987654,0.0,0.9007407407407407,0.0
5.76,564,53617,86.0,74.0,86.0,94.0,110.0,2318.8839941401343,0.0,0.8794326241134752,0.0
3.92,336,29483,86.0,74.0,86.0,86.0,94.0,142.43897923752834,0.0,0.9017857142857143,0.0
9.12,925,84942,86.0,74.0,86.0,94.0,103.60000000000036,3265.099472315559,0.0,0.8994594594594595,0.0
1.2,118,10394,86.0,74.0,86.0,86.0,110.0,164.63688595231258,0.0,0.8898305084745762,0.0
1.05,102,9012,86.0,86.0,86.0,94.0,94.0,70.69896193771625,0.0,0.9117647058823529,0.0
4.7,481,45295,86.0,74.0,86.0,94.0,110.0,4088.7138454622864,0.0,0.893970893970894,0.0
4.69,447,39814,86.0,74.0,86.0,94.0,100.40000000000055,502.27483246500395,0.0,0.8993288590604027,0.0
0.86,62,5392,86.0,74.0,86.0,94.0,94.0,102.03121748178982,0.0,0.9032258064516129,0.0
2.66,303,28637,86.0,74.0,86.0,94.0,110.0,3949.371978782036,0.0,0.8910891089108911,0.0
1.57,171,15696,86.0,74.0,86.0,86.0,94.0,1873.7217605417054,0.0,0.9005847953216374,0.0
0.01,1,86,86.0,86.0,86.0,86.0,86.0,0.0,0.0,1.0,0.0
0.69,78,6780,86.0,74.0,86.0,86.0,94.0,90.22485207100593,0.0,0.9102564102564102,0.0
5.53,545,50238,86.0,74.0,86.0,94.0,103.60000000000036,3357.200693544314,0.0,0.8990825688073395,0.0
9.35,1001,95203,86.0,74.0,86.0,94.0,110.0,4135.586760891457,0.0,0.8841158841158842,0.0
3.43,330,30204,86.0,74.0,86.0,94.0,110.0,1179.388650137741,0.0,0.8848484848484849,0.0
4.15,403,35608,86.0,74.0,86.0,86.0,94.0,266.88969207371514,0.0,0.9057071960297767,0.0
1.88,1001,1749176,98.0,86.0,86.0,2822.0,5558.0,6403834.031111746,0.0,0.6383616383616384,0.0
4.04,384,33878,86.0,74.0,86.0,86.0,94.0,284.50192599826397,0.0,0.9036458333333334,0.0
9.11,865,82392,86.0,74.0,86.0,94.0,110.0,5796.95093855458,0.0,0.8959537572254336,0.0
1.31,114,10002,86.0,74.0,86.0,86.0,105.20000000000005,169.36934441366574,0.0,0.8947368421052632,0.0
4.43,400,35162,86.0,74.0,86.0,86.0,94.0,470.7609750000001,0.0,0.91,0.0
1.33,56,5016,86.0,74.0,86.0,86.0,102.0,577.9234693877553,0.0,0.8928571428571429,0.0
4.64,269,24209,86.0,74.0,86.0,86.0,94.0,683.8326999350476,0.0,0.9070631970260223,0.0
3.66,275,24632,86.0,74.0,86.0,86.0,94.0,2497.714062809917,0.0,0.9127272727272727,0.0
4.02,321,28725,86.0,74.0,86.0,94.0,94.0,1077.209305033918,0.0,0.9003115264797508,0.0
3.41,306,31629,86.0,74.0,86.0,94.0,110.0,23630.62985390234,0.0,0.8888888888888888,0.0
7.06,645,59986,86.0,74.0,86.0,94.0,110.0,1592.8790673637402,0.0,0.8775193798449612,0.0
4.15,343,31184,86.0,74.0,86.0,94.0,110.0,1180.1881868949163,0.0,0.892128279883382,0.0
2.21,239,22076,86.0,74.0,86.0,94.0,110.0,1566.4167293989951,0.0,0.8828451882845189,0.0
7.29,724,65172,86.0,74.0,86.0,94.0,105.20000000000073,1209.668233570404,0.0,0.899171270718232,0.0
1.68,137,12256,86.0,74.0,86.0,94.0,100.40000000000009,626.1899941392722,0.0,0.8978102189781022,0.0
7.4,716,71059,86.0,74.0,86.0,94.0,110.0,12081.371826331888,0.0,0.8743016759776536,0.0
8.51,833,79891,86.0,74.0,86.0,94.0,110.0,7779.046677494527,0.0,0.8883553421368547,0.0
7.41,758,72398,86.0,74.0,86.0,94.0,110.0,13195.313183561799,0.0,0.8931398416886543,0.0
0.62,43,3884,86.0,74.0,86.0,86.0,106.80000000000007,711.8009734991889,0.0,0.8837209302325582,0.0
7.26,770,73689,86.0,74.0,86.0,94.0,110.0,5025.311298701299,0.0,0.8844155844155844,0.0
1.91,166,15486,86.0,74.0,86.0,94.0,110.0,2127.6995209754677,0.0,0.8734939759036144,0.0
3.1,377,47909,86.0,74.0,86.0,94.0,110.0,84050.16873403739,0.0,0.870026525198939,0.0
8.4,950,88478,86.0,74.0,86.0,94.0,110.0,2499.379740720222,0.0,0.888421052631579,0.0
5.54,567,51155,86.0,74.0,86.0,94.0,110.0,795.946107020769,0.0,0.8888888888888888,0.0
8.43,959,90361,86.0,74.0,86.0,94.0,110.0,8701.564962198849,0.0,0.8905109489051095,0.0
9.68,963,91374,86.0,74.0,86.0,94.0,110.0,11054.347046321367,0.0,0.8920041536863966,0.0
7.56,718,70318,86.0,74.0,86.0,94.0,110.0,8940.00982301503,0.0,0.8871866295264624,0.0
9.04,737,68645,86.0,74.0,86.0,94.0,110.0,7523.073710023954,0.0,0.8968792401628223,0.0
8.84,673,61736,86.0,74.0,86.0,94.0,110.0,1168.2939930982561,0.0,0.8870728083209509,0.0
9.87,546,52253,86.0,74.0,86.0,94.0,110.0,3499.802818366005,0.0,0.8827838827838828,0.0
0.52,31,2654,86.0,74.0,74.0,90.0,94.0,91.20499479708639,0.0,0.9354838709677419,0.0
5.58,485,45961,86.0,74.0,86.0,94.0,110.0,7869.503513657136,0.0,0.8865979381443299,0.0
1.49,119,10731,86.0,74.0,86.0,94.0,110.0,333.47305981215993,0.0,0.8739495798319328,0.0
2.57,239,21311,86.0,74.0,86.0,94.0,110.0,420.23140351184304,0.0,0.8828451882845189,0.0
0.32,22,1932,86.0,74.0,86.0,86.0,108.40000000000003,107.23966942148759,0.0,0.8636363636363636,0.0
4.13,347,30500,86.0,74.0,86.0,94.0,100.40000000000055,139.1707928809308,0.0,0.899135446685879,0.0
0.06,7,626,86.0,86.0,86.0,86.0,95.60000000000001,70.53061224489795,0.0,0.8571428571428571,0.0
5.38,453,42184,86.0,74.0,86.0,94.0,110.0,2747.2280845382024,0.0,0.8940397350993378,0.0
5.19,393,37875,86.0,74.0,86.0,94.0,110.0,4971.282481595865,0.0,0.8804071246819338,0.0
0.02,2,188,94.0,94.0,94.0,94.0,94.0,0.0,0.0,1.0,0.0
5.08,496,47305,86.0,74.0,86.0,94.0,110.0,2811.6693507739337,0.0,0.8810483870967742,0.0
1.45,111,10752,86.0,74.0,86.0,94.0,110.0,3792.116873630385,0.0,0.8918918918918919,0.0
9.49,858,76986,86.0,74.0,86.0,94.0,110.0,602.1960161051071,0.0,0.8974358974358975,0.0
8.34,742,67589,86.0,74.0,86.0,94.0,110.0,1032.3085581331145,0.0,0.8921832884097035,0.0
7.89,618,56836,86.0,74.0,86.0,94.0,110.0,1842.6656193378785,0.0,0.8915857605177994,0.0
9.72,797,73108,86.0,74.0,86.0,94.0,110.0,2455.311744638379,0.0,0.8858218318695107,0.0
4.15,332,29918,86.0,74.0,86.0,94.0,110.0,776.3362969952098,0.0,0.891566265060241,0.0
5.35,487,45561,86.0,74.0,86.0,94.0,110.0,3757.1710636718967,0.0,0.8870636550308009,0.0
5.72,481,43620,86.0,74.0,86.0,94.0,110.0,1143.0552945397026,0.0,0.893970893970894,0.0
6.27,613,55554,86.0,74.0,86.0,94.0,110.0,1235.822923125644,0.0,0.8923327895595432,0.0
6.47,621,57610,86.0,74.0,86.0,94.0,110.0,2749.2239466239325,0.0,0.8872785829307569,0.0
5.66,554,50280,86.0,74.0,86.0,94.0,110.0,1453.4360802304213,0.0,0.8953068592057761,0.0
6.47,615,54225,86.0,74.0,86.0,94.0,103.60000000000036,311.4554035296451,0.0,0.8991869918699187,0.0
8.51,934,86006,86.0,74.0,86.0,94.0,110.0,6155.609728138512,0.0,0.8950749464668094,0.0
5.08,505,45206,86.0,74.0,86.0,94.0,110.0,371.1051622389961,0.0,0.8930693069306931,0.0
1.75,161,14094,86.0,74.0,86.0,94.0,94.0,92.83222097912888,0.0,0.9006211180124224,0.0
9.25,898,80828,86.0,74.0,86.0,94.0,110.0,859.7282057132652,0.0,0.8930957683741648,0.0
0.35,31,2738,86.0,74.0,86.0,94.0,94.0,81.31529656607697,0.0,0.9032258064516129,0.0
3.57,336,31960,86.0,74.0,86.0,94.0,110.0,6799.581065759638,0.0,0.8869047619047619,0.0
5.96,425,39433,86.0,74.0,86.0,94.0,110.0,1742.4284346020759,0.0,0.8894117647058823,0.0
2.33,79,7330,86.0,86.0,86.0,86.0,94.0,1078.7258452171125,0.0,0.9113924050632911,0.0
9.02,666,61203,86.0,74.0,86.0,86.0,102.0,1265.7805575846116,0.0,0.8993993993993994,0.0
4.65,484,43964,86.0,74.0,86.0,94.0,110.0,873.4520183047605,0.0,0.8884297520661157,0.0
1.12,105,9214,86.0,74.0,86.0,94.0,103.60000000000014,96.89106575963721,0.0,0.8952380952380953,0.0
4.62,414,38405,86.0,74.0,86.0,94.0,110.0,1562.6721568764733,0.0,0.8840579710144928,0.0
0.95,96,8720,86.0,74.0,86.0,94.0,110.0,333.13888888888886,0.0,0.875,0.0
5.5,507,44950,86.0,74.0,86.0,94.0,94.0,326.59559850456526,0.0,0.903353057199211,0.0
7.09,633,57779,86.0,74.0,86.0,94.0,110.0,1802.6715083269069,0.0,0.8894154818325435,0.0
9.27,795,71124,86.0,74.0,86.0,94.0,110.0,430.0348783671532,0.0,0.8867924528301887,0.0
4.26,448,39600,86.0,74.0,86.0,94.0,110.0,267.32780612244903,0.0,0.890625,0.0
7.0,689,61502,86.0,74.0,86.0,94.0,110.0,910.8061703611176,0.0,0.8969521044992743,0.0
6.17,673,63659,86.0,74.0,86.0,94.0,110.0,10594.429140108052,0.0,0.8945022288261516,0.0
0.16,19,1632,86.0,74.0,80.0,86.0,86.0,214.93628808864264,0.0,0.9473684210526315,0.0
2.15,226,20062,86.0,74.0,86.0,94.0,94.0,614.3629884877437,0.0,0.9026548672566371,0.0
4.28,462,41646,86.0,74.0,86.0,94.0,94.0,1292.784786641929,0.0,0.9004329004329005,0.0
9.73,1021,115398,86.0,74.0,86.0,94.0,110.0,65865.8338764496,0.0,0.8873653281096964,0.0
5.72,648,61249,86.0,74.0,86.0,94.0,110.0,6620.437869131992,0.0,0.8935185185185185,0.0
3.77,385,37062,86.0,74.0,86.0,94.0,105.20000000000027,21435.223315904877,0.0,0.8987012987012987,0.0
3.52,431,45539,86.0,74.0,86.0,94.0,110.0,23236.414995612642,0.0,0.8700696055684455,0.0
9.68,1031,94369,86.0,74.0,86.0,94.0,110.0,2457.9696658673265,0.0,0.8913676042677012,0.0
6.31,740,67290,86.0,74.0,86.0,94.0,110.0,2325.000840029218,0.0,0.8959459459459459,0.0
2.77,338,30614,86.0,74.0,86.0,86.0,94.0,825.0788487798046,0.0,0.9023668639053254,0.0
9.35,1041,94360,86.0,74.0,86.0,94.0,110.0,1889.9719308541903,0.0,0.899135446685879,0.0
5.79,554,55000,86.0,74.0,86.0,94.0,110.0,6922.926338151156,0.0,0.8844765342960289,0.0
2.06,231,20709,86.0,74.0,86.0,86.0,94.0,914.1670883229325,0.0,0.9004329004329005,0.0
8.82,862,77358,86.0,74.0,86.0,86.0,94.0,1840.6622111207412,0.0,0.9083526682134571,0.0
2.57,278,26108,86.0,74.0,86.0,92.0,98.80000000000018,7119.301899487603,0.0,0.8992805755395683,0.0
9.2,1040,97641,86.0,74.0,86.0,94.0,110.0,1547.7474842825443,0.0,0.8836538461538461,0.0
2.94,315,28450,86.0,74.0,86.0,86.0,110.0,580.36271101033,0.0,0.8920634920634921,0.0
2.8,339,30394,86.0,74.0,86.0,86.0,94.0,771.4935303382322,0.0,0.9026548672566371,0.0
0.34,30,2754,86.0,74.0,86.0,86.0,94.0,931.8266666666665,0.0,0.9333333333333333,0.0
9.57,1033,92651,86.0,74.0,86.0,86.0,94.0,1101.2957307216175,0.0,0.904162633107454,0.0
2.85,341,29960,86.0,74.0,86.0,86.0,94.0,309.16493666205133,0.0,0.9090909090909091,0.0
8.17,794,73705,86.0,74.0,86.0,94.0,110.0,1648.5432763991905,0.0,0.8916876574307305,0.0
1.63,158,14421,86.0,74.0,86.0,94.0,110.0,1101.0715029642683,0.0,0.8924050632911392,0.0
4.99,467,41253,86.0,74.0,86.0,90.0,100.40000000000055,259.238155065134,0.0,0.8993576017130621,0.0
7.55,718,63963,86.0,74.0,86.0,86.0,94.0,873.3312222127387,0.0,0.9066852367688022,0.0
7.52,654,58508,86.0,74.0,86.0,94.0,110.0,539.3341656613267,0.0,0.8914373088685015,0.0
8.36,661,62446,86.0,74.0,86.0,94.0,110.0,8084.001107751743,0.0,0.8880484114977307,0.0
1.08,119,10972,86.0,74.0,86.0,94.0,110.0,1192.295459360215,0.0,0.8907563025210085,0.0
5.01,427,57355,86.0,74.0,86.0,94.0,110.0,118118.9907365257,0.0,0.8711943793911007,0.0
5.26,524,46532,86.0,74.0,86.0,94.0,94.0,398.42244041722495,0.0,0.9026717557251909,0.0
3.12,312,27896,86.0,74.0,86.0,94.0,108.40000000000055,1581.934253780408,0.0,0.8974358974358975,0.0
1.63,263,26600,86.0,74.0,86.0,94.0,110.0,9844.196937934625,0.0,0.8745247148288974,0.0
9.14,997,90300,86.0,74.0,86.0,94.0,110.0,1044.8827706791387,0.0,0.8956870611835507,0.0
5.22,594,52960,86.0,74.0,86.0,94.0,110.0,447.7493679783242,0.0,0.8922558922558923,0.0
6.63,1329,1770548,86.0,86.0,86.0,86.0,110.0,39249064.128630236,0.0,0.8969149736644093,0.0
2.08,199,20756,86.0,74.0,86.0,94.0,110.0,4739.748289184615,0.0,0.8442211055276382,0.0
6.82,698,62292,86.0,74.0,86.0,94.0,110.0,374.90056731882333,0.0,0.8925501432664756,0.0
6.26,626,56348,86.0,74.0,86.0,94.0,110.0,969.6995171942146,0.0,0.8977635782747604,0.0
4.44,483,44833,86.0,74.0,86.0,90.0,94.0,4241.247799939132,0.0,0.906832298136646,0.0
5.0,514,48014,86.0,74.0,86.0,94.0,110.0,1765.1995336795408,0.0,0.8793774319066148,0.0
5.4,465,41196,86.0,74.0,86.0,94.0,103.60000000000036,353.66060353798133,0.0,0.8989247311827957,0.0
8.31,846,79759,86.0,74.0,86.0,94.0,110.0,2990.411019175204,0.0,0.8877068557919622,0.0
9.9,1051,117664,86.0,74.0,86.0,86.0,98.0,64519.00647745204,0.0,0.9019980970504282,0.0
7.95,393,36036,86.0,74.0,86.0,94.0,107.60000000000014,1527.4996406580813,0.0,0.8982188295165394,0.0
8.21,847,75410,86.0,74.0,86.0,94.0,110.0,308.4653356732352,0.0,0.89728453364817,0.0
1.6,177,16924,86.0,74.0,86.0,94.0,110.0,5576.6659644418905,0.0,0.8926553672316384,0.0
3.01,255,22456,86.0,74.0,86.0,94.0,94.0,91.19606305267206,0.0,0.9058823529411765,0.0
3.96,418,37474,86.0,74.0,86.0,94.0,98.80000000000018,788.6148439825096,0.0,0.8995215311004785,0.0
4.42,464,41040,86.0,74.0,86.0,94.0,110.0,372.51887633769326,0.0,0.896551724137931,0.0
4.96,503,45451,86.0,74.0,86.0,94.0,94.0,1507.8804548454798,0.0,0.9025844930417495,0.0
7.13,756,68410,86.0,74.0,86.0,94.0,110.0,1627.7419515131155,0.0,0.8888888888888888,0.0
8.22,762,66800,86.0,74.0,86.0,94.0,94.0,207.88713221870896,0.0,0.9081364829396326,0.0
1.39,137,12083,86.0,74.0,86.0,94.0,110.0,114.43561191326123,0.0,0.8905109489051095,0.0
5.81,555,49594,86.0,74.0,86.0,94.0,110.0,1275.5957600844085,0.0,0.8954954954954955,0.0
0.78,78,6848,86.0,74.0,86.0,94.0,98.79999999999995,96.6758711374096,0.0,0.8974358974358975,0.0
8.29,740,67250,86.0,74.0,86.0,94.0,98.0,4929.850073046019,0.0,0.9067567567567567,0.0
7.62,662,59542,86.0,74.0,86.0,86.0,108.39999999999964,797.7550131889994,0.0,0.8987915407854985,0.0
2.1,205,17914,86.0,74.0,86.0,94.0,94.0,88.07100535395598,0.0,0.9073170731707317,0.0
4.47,436,38975,86.0,74.0,86.0,86.0,94.0,909.605352032657,0.0,0.908256880733945,0.0
7.88,749,67413,86.0,74.0,86.0,94.0,110.0,1007.8571268143908,0.0,0.8985313751668892,0.0
9.91,885,77246,86.0,74.0,86.0,94.0,94.0,90.84498579590793,0.0,0.9073446327683616,0.0
1.1,106,10230,86.0,74.0,86.0,94.0,110.0,8004.306514773943,0.0,0.8867924528301887,0.0
5.45,481,42790,86.0,74.0,86.0,94.0,94.0,673.5306642001027,0.0,0.9022869022869023,0.0
4.2,373,34638,86.0,74.0,86.0,94.0,98.0,7579.27621128593,0.0,0.9088471849865952,0.0
9.8,985,87704,86.0,74.0,86.0,94.0,94.0,1036.7649297843282,0.0,0.9025380710659898,0.0
0.17,30,2966,86.0,86.0,86.0,94.0,110.0,1821.2488888888888,0.0,0.8333333333333334,0.0
8.21,840,75324,86.0,74.0,86.0,94.0,110.0,1425.6348979591842,0.0,0.8988095238095238,0.0
9.41,904,82959,86.0,74.0,86.0,94.0,110.0,3006.9919029974935,0.0,0.8949115044247787,0.0
3.97,417,36844,86.0,74.0,86.0,94.0,110.0,141.20736791861475,0.0,0.8968824940047961,0.0
0.07,15,1230,86.0,74.0,74.0,86.0,86.0,89.6,0.0,0.9333333333333333,0.0
2.77,225,19816,86.0,74.0,86.0,94.0,94.0,212.68827654320987,0.0,0.9022222222222223,0.0
0.92,98,8612,86.0,74.0,86.0,94.0,110.0,103.57684298209078,0.0,0.8877551020408163,0.0
2.91,272,25082,86.0,74.0,86.0,94.0,108.40000000000009,3003.733942474048,0.0,0.8970588235294118,0.0
3.43,362,31938,86.0,74.0,86.0,94.0,110.0,90.60614755349349,0.0,0.8922651933701657,0.0
4.36,432,39206,86.0,74.0,86.0,94.0,94.0,1663.458311899863,0.0,0.9004629629629629,0.0
8.12,856,83308,86.0,74.0,86.0,94.0,110.0,21789.7348240021,0.0,0.8936915887850467,0.0
5.6,631,56630,86.0,74.0,86.0,94.0,110.0,853.6536124833924,0.0,0.8985736925515055,0.0
9.14,1042,93740,86.0,74.0,86.0,94.0,110.0,700.8104265752041,0.0,0.8934740882917467,0.0
9.62,1179,164348,86.0,74.0,86.0,94.0,114.0,101772.87194406494,0.0,0.818490245971162,0.0
6.26,721,66567,86.0,74.0,86.0,94.0,110.0,1480.211380018121,0.0,0.8890429958391124,0.0
1.27,135,11902,86.0,74.0,86.0,94.0,103.60000000000014,89.78085048010975,0.0,0.8962962962962963,0.0
2.9,265,23566,86.0,74.0,86.0,94.0,94.0,635.9231612673549,0.0,0.909433962264151,0.0
4.79,547,51356,86.0,74.0,86.0,86.0,100.40000000000055,4501.347299045149,0.0,0.8994515539305301,0.0
7.26,747,67496,86.0,74.0,86.0,94.0,110.0,1132.7727975713651,0.0,0.892904953145917,0.0
2.69,290,25560,86.0,74.0,86.0,94.0,95.60000000000036,176.36718192627822,0.0,0.9,0.0
0.12,5,430,86.0,86.0,86.0,86.0,86.0,0.0,0.0,1.0,0.0
0.56,57,5204,86.0,74.0,86.0,86.0,94.0,1727.5075407817799,0.0,0.9298245614035088,0.0
7.64,841,81913,86.0,74.0,86.0,94.0,110.0,10813.036575279133,0.0,0.8894173602853745,0.0
3.59,260,25288,86.0,74.0,86.0,94.0,110.0,8839.516213017752,0.0,0.8807692307692307,0.0
5.25,401,38760,86.0,74.0,86.0,94.0,110.0,7392.918190807273,0.0,0.885286783042394,0.0
4.73,570,53119,86.0,74.0,86.0,94.0,110.0,5044.6283441058795,0.0,0.8894736842105263,0.0
2.23,257,27627,86.0,74.0,86.0,94.0,110.0,9207.541825008708,0.0,0.867704280155642,0.0
6.0,672,61681,86.0,74.0,86.0,94.0,110.0,3601.8401338399945,0.0,0.8883928571428571,0.0
1.94,201,18954,86.0,74.0,86.0,86.0,110.0,3157.0850226479547,0.0,0.8905472636815921,0.0
0.54,96,8396,86.0,74.0,86.0,94.0,102.0,97.03993055555554,0.0,0.8958333333333334,0.0
7.24,764,68484,86.0,74.0,86.0,94.0,110.0,511.66006962528434,0.0,0.8900523560209425,0.0
6.46,797,74374,86.0,74.0,86.0,94.0,110.0,1977.8226945776898,0.0,0.8808030112923463,0.0
8.44,1020,99194,86.0,74.0,86.0,94.0,110.0,13898.116420607463,0.0,0.8803921568627451,0.0
1.65,152,13256,86.0,74.0,86.0,94.0,94.0,85.2714681440443,0.0,0.9144736842105263,0.0
6.81,868,78486,86.0,74.0,86.0,94.0,110.0,1008.5526184459217,0.0,0.8905529953917051,0.0
1.03,125,10962,86.0,74.0,86.0,94.0,103.60000000000014,94.78758400000001,0.0,0.896,0.0
8.17,784,71654,86.0,74.0,86.0,86.0,94.0,2317.841101364015,0.0,0.9107142857142857,0.0
4.8,323,29369,86.0,76.40000000000003,86.0,86.0,94.0,1456.390763833642,0.0,0.913312693498452,0.0
7.88,871,79367,86.0,74.0,86.0,94.0,110.0,1886.9909298337423,0.0,0.8886337543053962,0.0
0.75,111,9806,86.0,74.0,86.0,94.0,110.0,91.52244136027919,0.0,0.8918918918918919,0.0
6.77,722,65054,86.0,74.0,86.0,94.0,110.0,1299.424398216711,0.0,0.889196675900277,0.0
9.47,963,95435,86.0,74.0,86.0,94.0,110.0,12030.004181722701,0.0,0.885773624091381,0.0
4.36,438,39562,86.0,74.0,86.0,94.0,98.80000000000018,1158.9177248180806,0.0,0.8995433789954338,0.0
2.85,295,26062,86.0,74.0,86.0,94.0,94.0,396.7482447572538,0.0,0.9050847457627119,0.0
3.91,418,37785,86.0,74.0,86.0,94.0,110.0,876.2676278015612,0.0,0.8971291866028708,0.0
7.48,817,72950,86.0,74.0,86.0,86.0,94.0,804.4213582545929,0.0,0.9020807833537332,0.0
8.73,986,94955,86.0,74.0,86.0,94.0,110.0,4689.026703463088,0.0,0.8813387423935092,0.0
5.32,564,52733,86.0,74.0,86.0,94.0,110.0,2066.721628061969,0.0,0.8882978723404256,0.0
3.08,279,25680,86.0,74.0,86.0,94.0,110.0,1711.8476124407443,0.0,0.8817204301075269,0.0
4.19,430,38614,86.0,74.0,86.0,86.0,94.0,1620.9320930232561,0.0,0.9093023255813953,0.0
9.52,930,85724,86.0,74.0,86.0,94.0,110.0,3006.728042548272,0.0,0.8913978494623656,0.0
4.91,402,35774,86.0,74.0,86.0,94.0,110.0,415.2486572114552,0.0,0.8955223880597015,0.0
6.3,533,49156,86.0,74.0,86.0,94.0,106.80000000000018,5010.635990833856,0.0,0.8986866791744841,0.0
2.07,238,26827,86.0,74.0,86.0,94.0,110.0,31955.261086787657,0.0,0.8823529411764706,0.0
1.11,115,10456,86.0,74.0,86.0,90.0,110.0,1434.037353497164,0.0,0.8869565217391304,0.0
6.24,712,62686,86.0,74.0,86.0,86.0,94.0,511.3072134200228,0.0,0.9058988764044944,0.0
4.91,600,55011,86.0,74.0,86.0,94.0,110.0,1950.0591083333334,0.0,0.8933333333333333,0.0
6.99,888,80087,86.0,74.0,86.0,94.0,98.0,4460.80810075278,0.0,0.9042792792792793,0.0
4.32,500,45251,86.0,74.0,86.0,86.0,94.0,2038.7339960000004,0.0,0.91,0.0
2.68,382,34235,86.0,74.0,86.0,94.0,110.0,610.3820961596448,0.0,0.8952879581151832,0.0
5.75,670,60233,86.0,74.0,86.0,94.0,110.0,1083.6541791044776,0.0,0.8925373134328358,0.0
7.56,1499,1770232,86.0,74.0,86.0,86.0,98.0,50070962.133389354,0.0,0.9039359573048699,0.0
6.43,747,69280,86.0,74.0,86.0,94.0,110.0,3567.569161070879,0.0,0.8875502008032129,0.0
0.26,41,3670,86.0,74.0,86.0,94.0,110.0,97.71326591314693,0.0,0.8780487804878049,0.0
6.63,774,71501,86.0,74.0,86.0,94.0,110.0,3402.147395322129,0.0,0.8953488372093024,0.0
0.0,1,74,74.0,74.0,74.0,74.0,74.0,0.0,0.0,1.0,0
6.56,704,63180,86.0,74.0,86.0,94.0,105.20000000000073,1016.1278086260331,0.0,0.8991477272727273,0.0
9.56,1065,98130,86.0,74.0,86.0,94.0,110.0,2611.061852806983,0.0,0.8929577464788733,0.0
9.69,1057,99227,86.0,74.0,86.0,94.0,110.0,2538.763258682711,0.0,0.8883632923368022,0.0
6.02,624,56472,86.0,74.0,86.0,94.0,110.0,545.7211538461538,0.0,0.8798076923076923,0.0
6.68,717,65211,86.0,74.0,86.0,94.0,110.0,1540.5274650887293,0.0,0.8967921896792189,0.0
0.25,31,3160,86.0,74.0,86.0,94.0,110.0,5477.802289281999,0.0,0.8709677419354839,0.0
8.77,929,82886,86.0,74.0,86.0,94.0,100.40000000000055,673.9394652166003,0.0,0.8998923573735199,0.0
1.21,131,11688,86.0,74.0,86.0,94.0,110.0,294.01969582192186,0.0,0.8931297709923665,0.0
4.14,454,40762,86.0,74.0,86.0,94.0,105.19999999999982,1104.6494401210966,0.0,0.8986784140969163,0.0
1.88,188,16590,86.0,74.0,86.0,94.0,98.80000000000018,394.47204617473966,0.0,0.898936170212766,0.0
1.96,220,19646,86.0,74.0,86.0,94.0,95.59999999999991,514.800909090909,0.0,0.9,0.0
7.4,784,73776,86.0,74.0,86.0,94.0,110.0,8353.7701999167,0.0,0.8928571428571429,0.0
9.94,601,58337,86.0,74.0,86.0,94.0,110.0,4851.948981315112,0.0,0.8685524126455907,0.0
7.63,28,5059,118.0,94.0,94.0,216.0,275.40000000000003,22692.718112244893,0.0,0.39285714285714285,0.0
9.76,25,4198,118.0,94.0,94.0,118.0,157.8,73762.4736,0.0,0.44,0.0
7.96,133,33321,86.0,86.0,86.0,118.0,411.3999999999997,226159.99321612305,0.0,0.6541353383458647,0.0
8.08,615,55427,86.0,74.0,86.0,94.0,94.0,845.2900152025911,0.0,0.9008130081300812,0.0
8.43,1031,92022,86.0,74.0,86.0,94.0,110.0,1100.5508348848168,0.0,0.8981571290009699,0.0
8.44,629,58048,86.0,74.0,86.0,86.0,94.0,3335.2567403277217,0.0,0.9093799682034976,0.0
8.18,732,64660,86.0,74.0,86.0,94.0,94.0,241.34244080145717,0.0,0.9002732240437158,0.0
7.0,664,63223,86.0,74.0,86.0,94.0,110.0,4874.605727881405,0.0,0.8810240963855421,0.0
3.32,328,29638,86.0,74.0,86.0,94.0,110.0,894.1022828673407,0.0,0.8963414634146342,0.0
7.19,670,63227,86.0,74.0,86.0,94.0,110.0,2864.295435509022,0.0,0.8820895522388059,0.0
5.88,526,48557,86.0,74.0,86.0,94.0,110.0,1199.0289761309257,0.0,0.8783269961977186,0.0
4.77,523,48139,86.0,74.0,86.0,94.0,110.0,3852.1147008178286,0.0,0.8852772466539197,0.0
2.22,183,16738,86.0,74.0,86.0,94.0,110.0,768.1722356594706,0.0,0.8852459016393442,0.0
6.43,568,51846,86.0,74.0,86.0,94.0,110.0,1166.9226219996033,0.0,0.8908450704225352,0.0
1.71,224,21410,86.0,74.0,86.0,94.0,110.0,2792.9399713010207,0.0,0.8839285714285714,0.0
4.1,341,31570,86.0,74.0,86.0,94.0,110.0,1163.023555008987,0.0,0.8797653958944281,0.0
2.61,272,24471,86.0,74.0,86.0,94.0,110.0,365.840816933391,0.0,0.8786764705882353,0.0
5.02,425,38440,86.0,74.0,86.0,94.0,94.0,1211.5366089965396,0.0,0.9011764705882352,0.0
4.02,391,34959,86.0,74.0,86.0,94.0,110.0,719.3466159954477,0.0,0.8976982097186701,0.0
7.62,737,69719,86.0,74.0,86.0,94.0,110.0,5089.447921365175,0.0,0.8887381275440976,0.0
5.86,612,56338,86.0,74.0,86.0,94.0,110.0,1351.95116194626,0.0,0.8839869281045751,0.0
1.07,97,8583,86.0,74.0,86.0,94.0,110.0,113.58996705282176,0.0,0.8865979381443299,0.0
5.41,456,41398,86.0,74.0,86.0,94.0,110.0,1358.5459179747618,0.0,0.8881578947368421,0.0
5.34,563,51216,86.0,74.0,86.0,94.0,110.0,1941.6172054680428,0.0,0.8916518650088809,0.0
5.77,541,48259,86.0,74.0,86.0,94.0,110.0,373.33388911476993,0.0,0.8927911275415896,0.0
7.34,499,45656,86.0,74.0,86.0,94.0,110.0,1081.412299548998,0.0,0.8837675350701403,0.0
6.86,35,5476,94.0,94.0,94.0,183.0,281.0,10834.076734693876,0.0,0.5428571428571428,0.0
5.94,217,23899,86.0,86.0,86.0,94.0,110.0,11646.143430525175,0.0,0.880184331797235,0.0
1.2,97,8550,86.0,74.0,86.0,94.0,100.40000000000009,91.7317462004464,0.0,0.8969072164948454,0.0
5.61,551,49706,86.0,74.0,86.0,94.0,110.0,1059.9048619734453,0.0,0.896551724137931,0.0
7.69,887,80370,86.0,74.0,86.0,94.0,110.0,1584.3125720510086,0.0,0.8985343855693348,0.0
7.44,867,79134,86.0,74.0,86.0,94.0,110.0,1638.8399244900484,0.0,0.895040369088812,0.0
7.0,712,63750,86.0,74.0,86.0,94.0,110.0,592.7795653957834,0.0,0.8946629213483146,0.0
0.46,36,3192,86.0,80.0,86.0,94.0,102.0,83.55555555555559,0.0,0.8888888888888888,0.0
4.88,468,42164,86.0,74.0,86.0,94.0,110.0,731.7518445467165,0.0,0.8931623931623932,0.0
0.46,42,3740,86.0,74.0,86.0,94.0,108.39999999999998,95.09297052154196,0.0,0.8809523809523809,0.0
5.19,563,50394,86.0,74.0,86.0,94.0,110.0,933.3262811189738,0.0,0.8969804618117229,0.0
7.32,722,64292,86.0,74.0,86.0,94.0,110.0,373.92853032128363,0.0,0.8961218836565097,0.0
8.8,944,87079,86.0,74.0,86.0,94.0,106.40000000000055,5970.326772793381,0.0,0.899364406779661,0.0
4.08,153,17141,86.0,74.0,86.0,94.0,110.0,10758.580631381092,0.0,0.8496732026143791,0.0
5.99,29,6254,94.0,94.0,94.0,183.0,350.19999999999993,97861.74316290129,0.0,0.7241379310344828,0.0
4.02,77,23121,86.0,86.0,86.0,110.0,1478.0000000000005,230261.39315230225,0.0,0.7142857142857143,0.0
5.4,388,42245,86.0,74.0,86.0,94.0,110.0,17791.843573971728,0.0,0.8634020618556701,0.0
7.66,857,77569,86.0,74.0,86.0,94.0,110.0,1016.8379479038028,0.0,0.8926487747957993,0.0
4.4,512,46562,86.0,74.0,86.0,94.0,110.0,1361.512191772461,0.0,0.896484375,0.0
6.23,665,60030,86.0,74.0,86.0,94.0,101.60000000000014,1724.2575611962234,0.0,0.8992481203007519,0.0
2.36,292,26594,86.0,74.0,86.0,94.0,110.0,1128.3641865265529,0.0,0.886986301369863,0.0
0.05,18,1572,86.0,74.0,86.0,86.0,110.0,126.22222222222223,0.0,0.8333333333333334,0.0
5.57,648,58953,86.0,74.0,86.0,94.0,98.0,4620.294217249657,0.0,0.9074074074074074,0.0
3.21,367,32730,86.0,74.0,86.0,86.0,94.0,503.6587694615002,0.0,0.9019073569482289,0.0
9.33,1147,101806,86.0,74.0,86.0,94.0,110.0,332.06809469986905,0.0,0.8953792502179599,0.0
0.37,35,3524,86.0,86.0,86.0,94.0,110.0,1813.7012244897955,0.0,0.8,0.0
0.33,49,4230,86.0,74.0,86.0,86.0,94.0,92.62807163681799,0.0,0.9183673469387755,0.0
7.25,831,75533,86.0,74.0,86.0,94.0,94.0,2782.802263666787,0.0,0.901323706377858,0.0
0.2,22,1936,86.0,75.2,86.0,92.0,94.0,79.63636363636364,0.0,0.9090909090909091,0.0
8.83,1056,102117,86.0,74.0,86.0,94.0,110.0,13107.809694064224,0.0,0.8929924242424242,0.0
9.87,962,86970,86.0,74.0,86.0,94.0,94.0,1675.7483283699496,0.0,0.9033264033264033,0.0
3.48,346,40281,86.0,74.0,86.0,94.0,110.0,38338.03535868221,0.0,0.8670520231213873,0.0
4.77,465,42792,86.0,74.0,86.0,94.0,94.0,4902.038043704474,0.0,0.9053763440860215,0.0
4.08,371,33163,86.0,74.0,86.0,86.0,94.0,1106.4099941151255,0.0,0.9137466307277629,0.0
1.5,85,9736,86.0,74.0,86.0,86.0,94.0,34393.895363321804,0.0,0.9058823529411765,0.0
8.8,783,75465,86.0,74.0,86.0,94.0,110.0,8514.128154313645,0.0,0.89272030651341,0.0
5.88,541,49062,86.0,74.0,86.0,94.0,110.0,1114.9578688059696,0.0,0.8909426987060998,0.0
4.38,384,37138,86.0,74.0,86.0,94.0,110.0,3841.641899956597,0.0,0.8802083333333334,0.0
0.09,23,2114,86.0,86.0,86.0,94.0,106.80000000000001,62.427221172022676,0.0,0.8695652173913043,0.0
1.94,151,13500,86.0,74.0,86.0,94.0,110.0,879.1414411648609,0.0,0.8940397350993378,0.0
8.76,868,80008,86.0,74.0,86.0,94.0,110.0,1489.4532056318887,0.0,0.880184331797235,0.0
9.14,1081,99704,86.0,74.0,86.0,94.0,110.0,1964.2028255264386,0.0,0.8908418131359852,0.0
2.58,358,31946,86.0,74.0,86.0,94.0,94.0,613.3024874379702,0.0,0.9022346368715084,0.0
4.81,580,53006,86.0,74.0,86.0,94.0,110.0,2212.958513674198,0.0,0.8982758620689655,0.0
9.77,968,92508,86.0,74.0,86.0,94.0,110.0,2624.1216617717364,0.0,0.8677685950413223,0.0
2.35,278,25161,86.0,74.0,86.0,94.0,110.0,493.12764608457115,0.0,0.8884892086330936,0.0
1.24,145,13220,86.0,74.0,86.0,94.0,110.0,626.4599286563616,0.0,0.8896551724137931,0.0
2.7,306,27364,86.0,74.0,86.0,94.0,110.0,199.14631124781064,0.0,0.8921568627450981,0.0
9.21,1061,98092,86.0,74.0,86.0,94.0,110.0,1049.150656334918,0.0,0.8727615457115928,0.0
0.63,51,4186,86.0,74.0,74.0,86.0,86.0,71.83698577470203,0.0,0.9607843137254902,0.0
6.29,685,61769,86.0,74.0,86.0,94.0,110.0,749.1712803026268,0.0,0.8875912408759125,0.0
9.45,899,82558,86.0,74.0,86.0,94.0,110.0,3454.7574774097043,0.0,0.8854282536151279,0.0
4.87,539,48418,86.0,74.0,86.0,94.0,110.0,1324.0673410872196,0.0,0.8979591836734694,0.0
5.98,594,53822,86.0,74.0,86.0,94.0,110.0,1785.9787663390362,0.0,0.8922558922558923,0.0
8.31,953,90054,86.0,74.0,86.0,94.0,110.0,4226.942527545974,0.0,0.8856243441762854,0.0
7.92,858,97909,86.0,74.0,86.0,94.0,110.0,60323.55481794817,0.0,0.8776223776223776,0.0
5.24,583,52398,86.0,74.0,86.0,94.0,110.0,448.76347866509354,0.0,0.8833619210977701,0.0
6.3,665,60844,86.0,74.0,86.0,94.0,110.0,1651.7477166600715,0.0,0.8902255639097745,0.0
2.64,278,25690,86.0,74.0,86.0,92.0,98.80000000000018,2966.205941721442,0.0,0.8992805755395683,0.0
6.72,722,64470,86.0,74.0,86.0,94.0,110.0,797.2683527597242,0.0,0.8947368421052632,0.0
0.28,17,1474,86.0,74.0,86.0,86.0,95.60000000000001,92.67820069204151,0.0,0.8823529411764706,0.0
4.82,504,45366,86.0,74.0,86.0,94.0,102.19999999999993,1850.309382086168,0.0,0.8988095238095238,0.0
4.48,501,48269,86.0,74.0,86.0,94.0,110.0,14771.890741471147,0.0,0.8962075848303394,0.0
9.37,981,88736,86.0,74.0,86.0,94.0,110.0,1559.732142096365,0.0,0.8990825688073395,0.0
8.11,895,80366,86.0,74.0,86.0,94.0,110.0,1257.3074548235077,0.0,0.8960893854748604,0.0
4.33,533,52338,86.0,74.0,86.0,94.0,110.0,13669.248981833154,0.0,0.8818011257035647,0.0
4.63,486,44220,86.0,74.0,86.0,94.0,110.0,801.2796829751563,0.0,0.8909465020576132,0.0
2.82,297,27124,86.0,74.0,86.0,94.0,110.0,1126.3613463478785,0.0,0.8888888888888888,0.0
4.13,401,35678,86.0,74.0,86.0,94.0,110.0,624.2012425295864,0.0,0.8927680798004988,0.0
7.51,889,80499,86.0,74.0,86.0,94.0,94.0,1345.246369513148,0.0,0.9010123734533183,0.0
5.43,754,66942,86.0,74.0,86.0,94.0,110.0,853.1569348971708,0.0,0.896551724137931,0.0
8.53,1043,94728,86.0,74.0,86.0,94.0,110.0,1072.9838791964694,0.0,0.887823585810163,0.0
1.11,121,10470,86.0,74.0,86.0,86.0,94.0,91.2243699200874,0.0,0.9173553719008265,0.0
2.28,278,26343,86.0,74.0,86.0,94.0,110.0,3565.2980306402346,0.0,0.8884892086330936,0.0
2.66,373,34228,86.0,74.0,86.0,94.0,110.0,1191.9014439836415,0.0,0.8847184986595175,0.0
5.88,785,69602,86.0,74.0,86.0,86.0,94.0,573.1781995212789,0.0,0.9082802547770701,0.0
7.31,917,82288,86.0,74.0,86.0,94.0,110.0,776.5017832317941,0.0,0.8974918211559433,0.0
6.88,741,68232,86.0,74.0,86.0,94.0,98.0,4833.580488124701,0.0,0.9001349527665317,0.0
6.56,682,61744,86.0,74.0,86.0,94.0,108.39999999999964,993.3221764518707,0.0,0.8988269794721407,0.0
9.47,1030,94288,86.0,74.0,86.0,94.0,110.0,1961.698742577056,0.0,0.8883495145631068,0.0
2.71,257,24572,86.0,74.0,86.0,94.0,110.0,3176.9692198216485,0.0,0.8832684824902723,0.0
1.46,212,20682,86.0,74.0,86.0,94.0,110.0,2815.067550729798,0.0,0.8773584905660378,0.0
0.23,41,3586,86.0,74.0,86.0,94.0,110.0,109.07792980368828,0.0,0.8780487804878049,0.0
2.35,296,26584,86.0,74.0,86.0,86.0,110.0,580.8560993425858,0.0,0.8952702702702703,0.0
6.64,826,89738,86.0,74.0,86.0,94.0,110.0,52038.498701405304,0.0,0.8922518159806295,0.0
9.67,1161,111508,86.0,74.0,86.0,94.0,110.0,10310.05656414582,0.0,0.892334194659776,0.0
0.67,113,10092,86.0,74.0,86.0,94.0,106.79999999999995,444.3022946197821,0.0,0.8938053097345132,0.0
2.13,116,10916,86.0,74.0,86.0,94.0,110.0,1053.834126040428,0.0,0.8620689655172413,0.0
1.44,20,3996,114.0,94.0,94.0,291.0,468.0,18529.159999999996,0.0,0.4,0.0
0.77,10,1915,111.0,94.0,94.0,178.0,328.89999999999986,29031.05,0.0,0.4,0.0
7.06,346,35544,86.0,86.0,86.0,94.0,110.0,9513.04179892412,0.0,0.8583815028901735,0.0
0.13,7,602,86.0,86.0,86.0,86.0,86.0,0.0,0.0,1.0,0.0
5.61,596,55264,86.0,74.0,86.0,94.0,110.0,1659.4410612134584,0.0,0.8825503355704698,0.0
9.74,1098,101140,86.0,74.0,86.0,94.0,110.0,1811.2750422195018,0.0,0.8706739526411658,0.0
9.25,975,87768,86.0,74.0,86.0,94.0,110.0,527.6427360946745,0.0,0.8810256410256411,0.0
5.8,641,57864,86.0,74.0,86.0,94.0,110.0,441.4489353365086,0.0,0.875195007800312,0.0
4.22,596,56393,86.0,74.0,86.0,94.0,110.0,6460.782788500517,0.0,0.8825503355704698,0.0
2.42,253,22760,86.0,74.0,86.0,94.0,110.0,419.0182005655455,0.0,0.8774703557312253,0.0
1.3,148,13881,86.0,74.0,86.0,94.0,110.0,1720.3682888970052,0.0,0.8851351351351351,0.0
7.28,836,74668,86.0,74.0,86.0,94.0,110.0,416.3356837068749,0.0,0.8875598086124402,0.0
5.27,534,47656,86.0,74.0,86.0,94.0,110.0,269.8545918725189,0.0,0.8820224719101124,0.0
8.9,987,106792,86.0,74.0,86.0,94.0,110.0,51568.61710031831,0.0,0.8814589665653495,0.0
4.11,501,43848,86.0,74.0,86.0,94.0,94.0,125.32740507009935,0.0,0.9001996007984032,0.0
3.78,394,35704,86.0,74.0,86.0,94.0,110.0,1279.7992218299878,0.0,0.8730964467005076,0.0
7.03,801,71869,86.0,74.0,86.0,94.0,110.0,673.9151372893743,0.0,0.8938826466916354,0.0
5.63,717,68166,86.0,74.0,86.0,94.0,110.0,11050.710421736314,0.0,0.8800557880055788,0.0
3.98,443,39782,86.0,74.0,86.0,94.0,110.0,706.5609913935867,0.0,0.8826185101580135,0.0
0.99,117,10194,86.0,74.0,86.0,94.0,95.60000000000002,110.72715318869164,0.0,0.905982905982906,0.0
7.03,803,74736,86.0,74.0,86.0,94.0,110.0,2666.0609637892785,0.0,0.8916562889165629,0.0
1.38,221,21774,86.0,74.0,86.0,94.0,134.0,3874.475624987203,0.0,0.8371040723981901,0.0
2.21,271,23630,86.0,74.0,86.0,94.0,94.0,123.41193611198105,0.0,0.9040590405904059,0.0
8.99,1095,99062,86.0,74.0,86.0,94.0,110.0,989.355798252747,0.0,0.8931506849315068,0.0
4.44,478,42269,86.0,74.0,86.0,94.0,94.0,455.2742292676949,0.0,0.9037656903765691,0.0
2.31,257,25271,86.0,74.0,86.0,94.0,110.0,9369.419794395068,0.0,0.8287937743190662,0.0
9.16,864,77931,86.0,74.0,86.0,94.0,110.0,917.1656901041666,0.0,0.8912037037037037,0.0
8.87,957,86033,86.0,74.0,86.0,94.0,110.0,876.1934882278628,0.0,0.8975966562173459,0.0
9.8,1166,106992,86.0,74.0,86.0,94.0,110.0,1255.7845296552696,0.0,0.8833619210977701,0.0
3.93,483,44291,86.0,74.0,86.0,94.0,110.0,962.814637638294,0.0,0.8840579710144928,0.0
1.59,163,14492,86.0,74.0,86.0,94.0,94.0,418.0712860852872,0.0,0.9141104294478528,0.0
2.95,314,28192,86.0,74.0,86.0,94.0,110.0,434.9594709724532,0.0,0.8853503184713376,0.0
8.43,973,89662,86.0,74.0,86.0,94.0,110.0,1566.7318525153455,0.0,0.8766700924974307,0.0
6.82,628,57292,86.0,74.0,86.0,94.0,110.0,867.2117530122927,0.0,0.8837579617834395,0.0
1.72,158,14510,86.0,74.0,86.0,94.0,110.0,479.9982374619451,0.0,0.8417721518987342,0.0
8.21,849,82990,86.0,74.0,86.0,94.0,110.0,10232.26509119715,0.0,0.8716136631330977,0.0
2.32,200,17966,86.0,74.0,86.0,94.0,110.0,283.19110000000006,0.0,0.88,0.0
9.05,848,82089,86.0,74.0,86.0,94.0,110.0,6394.155792486207,0.0,0.8856132075471698,0.0
4.21,373,35346,86.0,74.0,86.0,94.0,110.0,5897.1575444371765,0.0,0.8900804289544236,0.0
6.88,619,55892,86.0,74.0,86.0,94.0,110.0,793.1348754179054,0.0,0.8804523424878837,0.0
1.11,102,8944,86.0,74.0,86.0,94.0,94.0,114.01922337562475,0.0,0.9019607843137255,0.0
9.11,887,85615,86.0,74.0,86.0,94.0,110.0,6929.521219061759,0.0,0.8816234498308907,0.0
7.5,782,70092,86.0,74.0,86.0,94.0,110.0,612.5804776263892,0.0,0.8900255754475703,0.0
6.39,630,59982,86.0,74.0,86.0,94.0,110.0,8346.854512471655,0.0,0.8857142857142857,0.0
4.47,433,40198,86.0,74.0,86.0,94.0,110.0,2972.354175444959,0.0,0.8914549653579676,0.0
2.48,253,24270,86.0,74.0,86.0,86.0,110.0,3419.900076551735,0.0,0.8932806324110671,0.0
2.13,196,17610,86.0,74.0,86.0,94.0,94.0,527.6296334860475,0.0,0.9030612244897959,0.0
9.33,815,76126,86.0,74.0,86.0,94.0,110.0,1251.5148089879178,0.0,0.8736196319018404,0.0
3.68,330,31315,86.0,74.0,86.0,94.0,110.0,2434.646326905418,0.0,0.8636363636363636,0.0
7.46,715,65265,86.0,74.0,86.0,94.0,110.0,1149.55532299868,0.0,0.8811188811188811,0.0
4.2,491,48518,86.0,74.0,86.0,94.0,110.0,3003.9921271273975,0.0,0.8513238289205702,0.0
0.15,7,660,86.0,86.0,86.0,86.0,109.20000000000002,411.91836734693885,0.0,0.8571428571428571,0.0
5.17,450,41464,86.0,74.0,86.0,94.0,110.0,1420.8864395061732,0.0,0.8822222222222222,0.0
9.07,830,78101,86.0,74.0,86.0,94.0,110.0,2024.309753229786,0.0,0.8746987951807229,0.0
1.89,196,18454,86.0,74.0,86.0,94.0,110.0,1351.374531445231,0.0,0.8571428571428571,0.0
5.72,512,45905,86.0,74.0,86.0,94.0,110.0,280.44372177124023,0.0,0.880859375,0.0
7.41,700,65268,86.0,74.0,86.0,94.0,110.0,3178.5624000000003,0.0,0.8785714285714286,0.0
5.24,364,33158,86.0,74.0,86.0,86.0,94.0,1396.1341323511656,0.0,0.9065934065934066,0.0
4.86,216,21444,86.0,80.0,86.0,86.0,94.0,4994.070987654321,0.0,0.9074074074074074,0.0
5.72,522,49284,86.0,74.0,86.0,94.0,110.0,3498.9207292905267,0.0,0.8754789272030651,0.0
3.4,371,33820,86.0,74.0,86.0,94.0,110.0,1082.6997769559944,0.0,0.889487870619946,0.0
0.2,14,1310,86.0,77.6,86.0,86.0,86.0,1170.387755102041,0.0,0.9285714285714286,0.0
7.16,712,64560,86.0,74.0,86.0,94.0,110.0,622.2393321550309,0.0,0.8876404494382022,0.0
0.29,16,1456,86.0,86.0,86.0,94.0,102.0,63.0,0.0,0.875,0.0
9.07,825,74042,86.0,74.0,86.0,94.0,110.0,452.840677318641,0.0,0.8896969696969697,0.0
3.99,416,39213,86.0,74.0,86.0,94.0,110.0,5024.837595922707,0.0,0.8774038461538461,0.0
3.94,338,30286,86.0,74.0,86.0,94.0,110.0,465.20377437764785,0.0,0.893491124260355,0.0
2.59,238,21299,86.0,74.0,86.0,86.0,98.80000000000018,656.7373243415011,0.0,0.8991596638655462,0.0
2.15,197,18250,86.0,74.0,86.0,94.0,110.0,1521.8041176015877,0.0,0.883248730964467,0.0
9.32,992,88972,86.0,74.0,86.0,94.0,110.0,525.7100513787722,0.0,0.8860887096774194,0.0
8.76,953,93932,86.0,74.0,86.0,94.0,110.0,10278.02967598868,0.0,0.8793284365162645,0.0
6.5,702,64256,86.0,74.0,86.0,94.0,110.0,1024.8614621634567,0.0,0.8789173789173789,0.0
2.91,385,34948,86.0,74.0,86.0,94.0,110.0,853.2086759993254,0.0,0.8805194805194805,0.0
5.91,630,56419,86.0,74.0,86.0,94.0,95.60000000000036,930.1804207608968,0.0,0.9,0.0
1.32,137,12038,86.0,74.0,86.0,94.0,100.40000000000009,92.74186158026534,0.0,0.8978102189781022,0.0
1.48,188,18018,86.0,74.0,86.0,88.0,98.80000000000018,4622.634110457219,0.0,0.898936170212766,0.0
4.06,374,32848,86.0,74.0,86.0,94.0,94.0,185.42526237524666,0.0,0.9037433155080213,0.0
9.47,1046,95520,86.0,74.0,86.0,94.0,110.0,1805.7010993349882,0.0,0.8881453154875717,0.0
6.93,745,68741,86.0,74.0,86.0,94.0,110.0,1283.144658348723,0.0,0.8832214765100671,0.0
6.24,733,65067,86.0,74.0,86.0,94.0,110.0,332.58741198870626,0.0,0.8963165075034106,0.0
0.14,18,1480,86.0,74.0,74.0,86.0,88.4,48.839506172839506,0.0,1.0,0.0
7.72,91,15258,94.0,86.0,94.0,165.5,219.0,37662.242965825375,0.0,0.6263736263736264,0.0
6.27,23,5384,94.0,94.0,94.0,134.0,217.4,152658.86200378073,0.0,0.6956521739130435,0.0
7.94,23,2456,94.0,86.0,90.0,94.0,174.00000000000006,1562.6049149338376,0.0,0.8695652173913043,0.0
8.47,182,37331,86.0,86.0,86.0,110.0,324.0,152788.3218512257,0.0,0.7362637362637363,0.0
8.96,725,68433,86.0,74.0,86.0,94.0,110.0,2289.203492984542,0.0,0.8827586206896552,0.0
2.35,287,25652,86.0,74.0,86.0,94.0,110.0,179.19722225594586,0.0,0.8885017421602788,0.0
2.56,284,25684,86.0,74.0,86.0,94.0,105.20000000000027,894.4572505455264,0.0,0.897887323943662,0.0
9.49,1095,99365,86.0,74.0,86.0,94.0,110.0,1290.8697733575198,0.0,0.8922374429223744,0.0
8.19,945,87076,86.0,74.0,86.0,94.0,110.0,2059.2300820245796,0.0,0.8846560846560847,0.0
7.18,750,68772,86.0,74.0,86.0,94.0,98.0,3942.4889173333345,0.0,0.904,0.0
9.23,1041,101171,86.0,74.0,86.0,94.0,110.0,4785.340870606757,0.0,0.8818443804034583,0.0
8.3,913,82910,86.0,74.0,86.0,94.0,110.0,790.7406561424431,0.0,0.891566265060241,0.0
4.0,80,14774,94.0,86.0,94.0,233.0,291.6000000000003,28361.119375,0.0,0.5125,0.0
3.43,16,4524,228.0,94.0,94.0,306.0,363.0,84795.1875,0.0,0.3125,0.0
4.03,255,27590,86.0,74.0,86.0,86.0,110.0,14602.047827758555,0.0,0.8745098039215686,0.0
1.19,94,8668,86.0,74.0,86.0,86.0,105.20000000000005,2274.678134902671,0.0,0.8936170212765957,0.0
9.65,1077,96328,86.0,74.0,86.0,94.0,110.0,600.6086407012843,0.0,0.8978644382544104,0.0
2.37,285,45414,86.0,74.0,86.0,94.0,110.0,180919.9389843029,0.0,0.8701754385964913,0.0
2.83,341,32128,86.0,74.0,86.0,94.0,110.0,2020.686045011653,0.0,0.8797653958944281,0.0
4.55,463,41835,86.0,74.0,86.0,94.0,106.80000000000018,842.7606883457963,0.0,0.8984881209503239,0.0
2.92,269,24478,86.0,74.0,86.0,94.0,110.0,1067.0520307900667,0.0,0.8921933085501859,0.0
2.29,244,22889,86.0,74.0,86.0,94.0,94.0,4820.180109513571,0.0,0.9016393442622951,0.0
9.14,964,85419,86.0,74.0,86.0,94.0,110.0,447.4393809937845,0.0,0.8983402489626556,0.0
4.38,459,42231,86.0,74.0,86.0,94.0,110.0,2840.6644452988166,0.0,0.8954248366013072,0.0
1.44,184,16301,86.0,74.0,86.0,86.0,105.20000000000027,419.9588551512287,0.0,0.8967391304347826,0.0
5.21,623,55582,86.0,74.0,86.0,94.0,94.0,996.4715030312086,0.0,0.9069020866773676,0.0
1.77,240,21490,86.0,74.0,86.0,94.0,110.0,588.673263888889,0.0,0.8916666666666667,0.0
9.52,1043,93589,86.0,74.0,86.0,94.0,110.0,1126.0798603482656,0.0,0.8935762224352828,0.0
0.59,210,30005,98.0,86.0,86.0,134.0,182.0,36545.33344671202,0.0,0.5238095238095238,0.0
2.71,283,26217,86.0,74.0,86.0,94.0,110.0,1045.1563136011189,0.0,0.872791519434629,0.0
8.01,839,74331,86.0,74.0,86.0,94.0,110.0,223.11348858749778,0.0,0.8951132300357568,0.0
2.5,327,36351,86.0,74.0,86.0,94.0,110.0,39968.51707207586,0.0,0.8776758409785933,0.0
8.86,744,67114,86.0,74.0,86.0,86.0,94.0,813.5539296450456,0.0,0.907258064516129,0.0
0.12,8,728,86.0,86.0,86.0,94.0,98.8,63.0,0.0,0.875,0.0
2.89,135,13426,86.0,86.0,86.0,86.0,94.0,6346.810644718793,0.0,0.9259259259259259,0.0
7.92,471,43233,86.0,74.0,86.0,94.0,110.0,1121.9876668424688,0.0,0.8959660297239915,0.0
7.94,618,55440,86.0,74.0,86.0,94.0,110.0,1102.7857165299904,0.0,0.8964401294498382,0.0
1.8,196,18098,86.0,74.0,86.0,94.0,110.0,3003.2539566847145,0.0,0.8826530612244898,0.0
4.73,446,41751,86.0,74.0,86.0,94.0,110.0,4356.228463270929,0.0,0.8946188340807175,0.0
8.51,857,78997,86.0,74.0,86.0,94.0,110.0,1226.0533079900713,0.0,0.8786464410735122,0.0
7.26,638,57412,86.0,74.0,86.0,94.0,110.0,1012.8775857155491,0.0,0.8949843260188087,0.0
8.73,756,69431,86.0,74.0,86.0,94.0,110.0,1562.5524253940262,0.0,0.8783068783068783,0.0
4.93,477,45165,86.0,74.0,86.0,94.0,110.0,2705.1254301649456,0.0,0.8742138364779874,0.0
2.15,143,12618,86.0,74.0,86.0,94.0,94.0,81.37004254486769,0.0,0.9090909090909091,0.0
4.86,455,42094,86.0,74.0,86.0,94.0,110.0,3936.254191522763,0.0,0.8967032967032967,0.0
5.45,515,47842,86.0,74.0,86.0,94.0,110.0,3504.476787633142,0.0,0.8893203883495145,0.0
1.11,111,9720,86.0,74.0,86.0,86.0,94.0,161.61480399318245,0.0,0.9099099099099099,0.0
1.84,135,12330,86.0,74.0,86.0,94.0,103.60000000000014,776.1185185185185,0.0,0.8962962962962963,0.0
3.75,394,37206,86.0,74.0,86.0,94.0,110.0,4144.189466360896,0.0,0.8857868020304569,0.0
8.47,566,51042,86.0,74.0,86.0,94.0,110.0,1006.8438487183008,0.0,0.8939929328621908,0.0
8.87,676,61518,86.0,74.0,86.0,94.0,110.0,1116.1952575189944,0.0,0.886094674556213,0.0
5.5,1088,1714460,86.0,86.0,86.0,86.0,94.0,59763898.59579098,0.0,0.9108455882352942,0.0
1.31,148,20408,86.0,74.0,86.0,94.0,111.50000000000006,47374.28560993425,0.0,0.8243243243243243,0.0
6.73,659,60962,86.0,74.0,86.0,94.0,110.0,2683.71581073084,0.0,0.8892261001517451,0.0
6.19,543,48408,86.0,74.0,86.0,94.0,110.0,525.1766429596165,0.0,0.8913443830570903,0.0
7.79,698,63534,86.0,74.0,86.0,94.0,110.0,2343.853342747596,0.0,0.8939828080229226,0.0
4.74,490,46676,86.0,74.0,86.0,94.0,110.0,6774.676734693875,0.0,0.8857142857142857,0.0
2.35,190,17158,86.0,74.0,86.0,94.0,110.0,1156.6436565096956,0.0,0.8947368421052632,0.0
6.31,635,58707,86.0,74.0,86.0,94.0,110.0,1823.4193465186931,0.0,0.8818897637795275,0.0
6.98,697,64230,86.0,74.0,86.0,94.0,110.0,1819.6038443091832,0.0,0.8852223816355811,0.0
0.57,53,4690,86.0,74.0,86.0,94.0,94.0,81.6461374154503,0.0,0.9056603773584906,0.0
6.01,695,95766,86.0,74.0,86.0,94.0,110.0,114681.30383313491,0.0,0.8532374100719424,0.0
2.26,243,21291,86.0,74.0,86.0,94.0,94.0,91.14982472184116,0.0,0.9053497942386831,0.0
9.53,1097,101686,86.0,74.0,86.0,94.0,98.0,6005.770919113949,0.0,0.9006381039197813,0.0
5.46,665,64569,86.0,74.0,86.0,94.0,110.0,3484.2884821075245,0.0,0.8721804511278195,0.0
1.75,276,77079,86.0,74.0,86.0,94.0,332.5,431308.6761578449,0.0,0.7753623188405797,0.0
8.74,982,92099,86.0,74.0,86.0,94.0,110.0,2734.3813832280443,0.0,0.879837067209776,0.0
2.07,224,20040,86.0,74.0,86.0,94.0,110.0,454.5344387755102,0.0,0.8928571428571429,0.0
1.59,170,15428,86.0,74.0,86.0,94.0,110.0,1331.1507266435988,0.0,0.8941176470588236,0.0
5.56,577,53619,86.0,74.0,86.0,94.0,110.0,2185.7901955071497,0.0,0.8890814558058926,0.0
3.73,373,33821,86.0,74.0,86.0,94.0,94.0,1023.7321622379236,0.0,0.900804289544236,0.0
0.78,60,5378,86.0,74.0,86.0,94.0,110.0,148.99888888888893,0.0,0.8666666666666667,0.0
6.42,630,62878,86.0,74.0,86.0,94.0,110.0,11798.546626354248,0.0,0.8809523809523809,0.0
3.1,298,27021,86.0,74.0,86.0,94.0,110.0,898.3000878338813,0.0,0.8859060402684564,0.0
9.61,1003,90543,86.0,74.0,86.0,94.0,94.0,932.3775612345418,0.0,0.901296111665005,0.0
4.08,394,38281,86.0,74.0,86.0,94.0,110.0,3154.4388994820793,0.0,0.8756345177664975,0.0
2.28,227,20252,86.0,74.0,86.0,94.0,100.40000000000009,513.5877661122863,0.0,0.8986784140969163,0.0
2.34,185,17267,86.0,74.0,86.0,94.0,110.0,2115.584981738494,0.0,0.8864864864864865,0.0
3.04,313,29492,86.0,74.0,86.0,94.0,110.0,3139.886086415091,0.0,0.8817891373801917,0.0
0.8,70,6140,86.0,74.0,86.0,92.0,94.0,77.97551020408164,0.0,0.9142857142857143,0.0
9.76,832,75651,86.0,74.0,86.0,94.0,94.0,1948.8299611108544,0.0,0.9014423076923077,0.0
2.42,262,23900,86.0,74.0,86.0,94.0,110.0,567.8822912417692,0.0,0.8816793893129771,0.0
6.88,619,56589,86.0,74.0,86.0,94.0,110.0,1745.377692406065,0.0,0.8966074313408724,0.0
9.42,915,116071,86.0,74.0,86.0,94.0,110.0,86693.7293726298,0.0,0.8590163934426229,0.0
3.99,425,41420,86.0,74.0,86.0,94.0,110.0,7917.537716262978,0.0,0.8776470588235294,0.0
8.13,839,78520,86.0,74.0,86.0,94.0,110.0,3069.212528110399,0.0,0.8820023837902264,0.0
4.24,446,40581,86.0,74.0,86.0,94.0,110.0,828.6119819421261,0.0,0.8856502242152466,0.0
4.4,382,34703,86.0,74.0,86.0,94.0,110.0,981.9421137030236,0.0,0.887434554973822,0.0
4.09,427,40390,86.0,74.0,86.0,90.0,110.0,3666.180980535186,0.0,0.8899297423887588,0.0
0.67,30,2552,86.0,74.0,74.0,86.0,94.0,89.2622222222222,0.0,0.9333333333333333,0.0
9.32,1085,101281,86.0,74.0,86.0,94.0,110.0,2440.3610134001574,0.0,0.8857142857142857,0.0
9.04,847,75909,86.0,74.0,86.0,94.0,110.0,368.78080983093326,0.0,0.8807556080283353,0.0
4.37,251,23638,86.0,74.0,86.0,94.0,110.0,2134.8856049903966,0.0,0.8804780876494024,0.0
8.45,810,75231,86.0,74.0,86.0,94.0,110.0,1491.0677777777782,0.0,0.8864197530864197,0.0
0.14,7,602,86.0,86.0,86.0,86.0,86.0,0.0,0.0,1.0,0.0
9.49,1005,91618,86.0,74.0,86.0,94.0,110.0,2478.378669834905,0.0,0.8965174129353234,0.0
3.18,367,34962,86.0,74.0,86.0,94.0,110.0,4640.450578740654,0.0,0.8746594005449592,0.0
6.06,630,56010,86.0,74.0,86.0,94.0,95.60000000000036,447.9496598639455,0.0,0.9,0.0
7.23,729,64756,86.0,74.0,86.0,94.0,110.0,402.32039304457135,0.0,0.8943758573388203,0.0
5.05,509,45306,86.0,74.0,86.0,94.0,110.0,361.4556991828809,0.0,0.8939096267190569,0.0
7.61,723,65349,86.0,74.0,86.0,94.0,94.0,1324.1263293216941,0.0,0.9004149377593361,0.0
1.58,158,13848,86.0,74.0,86.0,94.0,94.0,87.92501201730492,0.0,0.9050632911392406,0.0
2.54,253,26698,86.0,74.0,86.0,94.0,110.0,27300.4153478417,0.0,0.8735177865612648,0.0
9.23,944,83989,86.0,74.0,86.0,94.0,110.0,505.3286310955904,0.0,0.8972457627118644,0.0
5.88,429,40018,86.0,74.0,86.0,94.0,110.0,3676.477556631404,0.0,0.8974358974358975,0.0
4.94,38,7406,118.0,94.0,94.0,288.0,468.0,25423.67313019391,0.0,0.4473684210526316,0.0
5.73,23,3880,118.0,94.0,94.0,126.5,273.00000000000006,38297.34215500945,0.0,0.4782608695652174,0.0
1.07,1,115,115.0,115.0,115.0,115.0,115.0,0.0,0.0,0.0,0.0
1.6,12,1332,94.0,94.0,94.0,100.0,118.0,2421.6666666666665,0.0,0.75,0.0
9.03,22,3679,94.0,86.0,86.0,118.0,118.0,84594.17561983471,0.0,0.5909090909090909,0.0
6.97,204,35881,86.0,86.0,86.0,110.0,178.0,132639.46277873893,0.0,0.7058823529411765,0.0
9.54,1002,91450,86.0,74.0,86.0,94.0,110.0,1208.4274644324125,0.0,0.8872255489021956,0.0
8.18,991,92988,86.0,74.0,86.0,94.0,110.0,2542.801406401305,0.0,0.8779011099899092,0.0
3.68,408,36438,86.0,74.0,86.0,94.0,110.0,318.21835351787774,0.0,0.8946078431372549,0.0
0.99,107,9408,86.0,74.0,86.0,86.0,94.0,151.8448772818587,0.0,0.9158878504672897,0.0
6.1,659,59153,86.0,74.0,86.0,94.0,94.80000000000018,1013.6078852171754,0.0,0.9013657056145675,0.0
4.43,468,43170,86.0,74.0,86.0,94.0,110.0,1592.3765614727154,0.0,0.8867521367521367,0.0
1.94,166,14786,86.0,74.0,86.0,94.0,94.0,799.7417622296412,0.0,0.9096385542168675,0.0
6.2,700,64502,86.0,74.0,86.0,94.0,110.0,1909.584481632653,0.0,0.8857142857142857,0.0
9.43,846,75390,86.0,74.0,86.0,94.0,97.0,880.7979980886272,0.0,0.9018912529550828,0.0
5.79,565,53221,86.0,74.0,86.0,94.0,110.0,6962.483527292661,0.0,0.8938053097345132,0.0
7.56,724,66124,86.0,74.0,86.0,94.0,110.0,2057.5724336863955,0.0,0.8977900552486188,0.0
9.73,1059,95706,86.0,74.0,86.0,94.0,110.0,871.7902933709977,0.0,0.8951841359773371,0.0
3.14,305,27318,86.0,74.0,86.0,94.0,103.60000000000036,669.9766299381887,0.0,0.898360655737705,0.0
0.86,70,6040,86.0,74.0,86.0,86.0,94.0,81.0612244897959,0.0,0.9285714285714286,0.0
1.3,147,13718,86.0,74.0,86.0,94.0,110.0,819.8365495858208,0.0,0.8639455782312925,0.0
3.75,442,42792,86.0,74.0,86.0,94.0,110.0,7886.739337851394,0.0,0.8823529411764706,0.0
3.25,332,30143,86.0,74.0,86.0,94.0,110.0,930.9658422848019,0.0,0.8855421686746988,0.0
1.49,124,11276,86.0,74.0,86.0,94.0,105.20000000000005,1501.124869927159,0.0,0.8951612903225806,0.0
0.19,7,650,94.0,90.8,94.0,94.0,94.0,7.836734693877547,0.0,1.0,0.0
2.69,301,26922,86.0,74.0,86.0,86.0,94.0,710.1203739473074,0.0,0.9036544850498339,0.0
4.88,599,56429,86.0,74.0,86.0,94.0,110.0,5757.729120041471,0.0,0.8898163606010017,0.0
3.2,389,34578,86.0,74.0,86.0,94.0,110.0,706.2628452098519,0.0,0.897172236503856,0.0
5.3,609,56226,86.0,74.0,86.0,94.0,110.0,1860.95176619994,0.0,0.8866995073891626,0.0
5.72,599,54463,86.0,74.0,86.0,94.0,110.0,1271.8104631815409,0.0,0.8881469115191987,0.0
1.68,213,20000,86.0,74.0,86.0,94.0,110.0,1564.881350702021,0.0,0.8497652582159625,0.0
2.4,223,19658,86.0,74.0,86.0,94.0,94.0,137.17854772868952,0.0,0.9013452914798207,0.0
6.03,695,69242,86.0,74.0,86.0,94.0,110.0,5185.387373324361,0.0,0.8618705035971223,0.0
1.58,183,16398,86.0,74.0,86.0,94.0,110.0,529.1129624652871,0.0,0.8907103825136612,0.0
7.28,730,67605,86.0,74.0,86.0,94.0,110.0,1507.3119628448112,0.0,0.8808219178082192,0.0
1.31,155,13732,86.0,74.0,86.0,94.0,103.59999999999991,265.2993132154007,0.0,0.896774193548387,0.0
4.64,503,46394,86.0,74.0,86.0,94.0,110.0,1044.5294594263448,0.0,0.8687872763419483,0.0
3.24,335,29767,86.0,74.0,86.0,94.0,110.0,314.7018578748051,0.0,0.8895522388059701,0.0
9.57,1028,92268,86.0,74.0,86.0,94.0,110.0,1014.6928265378733,0.0,0.896887159533074,0.0
1.56,197,22983,86.0,74.0,86.0,94.0,110.0,19023.014661547582,0.0,0.8477157360406091,0.0
6.84,816,77828,86.0,74.0,86.0,86.0,110.0,10080.661452326029,0.0,0.8970588235294118,0.0
6.57,766,73488,86.0,74.0,86.0,94.0,110.0,12115.071791340863,0.0,0.8955613577023499,0.0
3.88,1115,1728764,86.0,86.0,86.0,86.0,94.0,78974408.54264838,0.0,0.9130044843049328,0.0
5.03,573,51783,86.0,74.0,86.0,86.0,110.0,922.5092879398406,0.0,0.8970331588132635,0.0
6.42,590,59843,86.0,74.0,86.0,94.0,110.0,8815.119508761853,0.0,0.8576271186440678,0.0
4.92,528,47354,86.0,74.0,86.0,94.0,110.0,713.5147928145088,0.0,0.8977272727272727,0.0
9.52,986,89630,86.0,74.0,86.0,92.0,110.0,997.4124271237488,0.0,0.8914807302231237,0.0
4.52,467,41486,86.0,74.0,86.0,94.0,110.0,267.2683170632173,0.0,0.8907922912205567,0.0
9.26,650,63097,86.0,74.0,86.0,94.0,110.0,5565.553233136094,0.0,0.8861538461538462,0.0
7.42,654,59390,86.0,74.0,86.0,94.0,110.0,748.0313291997494,0.0,0.8868501529051988,0.0
7.6,746,68722,86.0,74.0,86.0,94.0,110.0,2003.827268218703,0.0,0.8806970509383378,0.0
8.17,773,71625,86.0,74.0,86.0,94.0,110.0,1806.3154424304091,0.0,0.8809831824062095,0.0
4.71,577,53734,86.0,74.0,86.0,94.0,110.0,1324.332347137077,0.0,0.8769497400346621,0.0
0.67,45,4017,86.0,86.0,86.0,86.0,94.0,181.70666666666665,0.0,0.9111111111111111,0.0
2.79,306,26854,86.0,74.0,86.0,94.0,94.0,146.2552437096843,0.0,0.9019607843137255,0.0
8.94,998,90427,86.0,74.0,86.0,94.0,110.0,893.7112350954416,0.0,0.8917835671342685,0.0
7.7,831,76668,86.0,74.0,86.0,94.0,110.0,1974.8758791764951,0.0,0.8880866425992779,0.0
1.01,102,8956,86.0,74.0,86.0,94.0,108.40000000000009,99.6478277585544,0.0,0.8921568627450981,0.0
3.83,491,45549,86.0,74.0,86.0,94.0,110.0,1215.4410011572872,0.0,0.879837067209776,0.0
6.78,777,72835,86.0,74.0,86.0,94.0,110.0,2553.0475726691943,0.0,0.8828828828828829,0.0
7.65,748,78545,86.0,74.0,86.0,94.0,110.0,25934.610917884413,0.0,0.8756684491978609,0.0
3.24,271,23990,86.0,74.0,86.0,86.0,110.0,346.54462766029883,0.0,0.8966789667896679,0.0
6.83,694,65731,86.0,74.0,86.0,94.0,110.0,3072.250631182055,0.0,0.8861671469740634,0.0
5.1,514,47416,86.0,74.0,86.0,94.0,110.0,863.3465457463398,0.0,0.8638132295719845,0.0
0.03,7,908,110.0,86.0,86.0,162.0,194.4,2328.4897959183677,0.0,0.42857142857142855,0.0
7.34,734,69620,86.0,74.0,86.0,94.0,110.0,3899.514325594517,0.0,0.8841961852861036,0.0
0.98,66,5694,86.0,74.0,74.0,86.0,94.0,222.77410468319562,0.0,0.9090909090909091,0.0
6.86,636,56682,86.0,74.0,86.0,94.0,110.0,425.057286104189,0.0,0.8946540880503144,0.0
2.37,263,24422,86.0,74.0,86.0,86.0,106.80000000000018,2921.8927554251186,0.0,0.8973384030418251,0.0
5.78,505,45246,86.0,74.0,86.0,94.0,110.0,494.9972120380355,0.0,0.8930693069306931,0.0
4.81,440,41614,86.0,74.0,86.0,94.0,110.0,2544.6031198347105,0.0,0.8795454545454545,0.0
6.85,655,60232,86.0,74.0,86.0,94.0,110.0,1533.2103863411223,0.0,0.8870229007633588,0.0
1.36,127,11880,86.0,74.0,86.0,94.0,110.0,1367.44497488995,0.0,0.8818897637795275,0.0
5.8,565,52038,86.0,74.0,86.0,94.0,110.0,2231.203621270264,0.0,0.8884955752212389,0.0
4.86,379,33587,86.0,74.0,86.0,94.0,110.0,234.21447915288815,0.0,0.8944591029023746,0.0
4.67,416,38054,86.0,74.0,86.0,94.0,110.0,1324.0378836908285,0.0,0.8870192307692307,0.0
0.16,15,2260,86.0,86.0,86.0,102.0,309.59999999999997,18368.355555555554,0.0,0.7333333333333333,0.0
2.1,202,17870,86.0,74.0,86.0,86.0,94.0,116.83295755318109,0.0,0.905940594059406,0.0
8.84,765,80877,86.0,74.0,86.0,94.0,110.0,25021.52116878124,0.0,0.8627450980392157,0.0
7.42,549,49684,86.0,74.0,86.0,94.0,110.0,1217.9439882415786,0.0,0.8961748633879781,0.0
2.74,244,22392,86.0,74.0,86.0,94.0,110.0,800.6358505778019,0.0,0.889344262295082,0.0
0.88,89,7842,86.0,74.0,86.0,94.0,110.0,96.03231915162225,0.0,0.8876404494382022,0.0
4.72,449,41115,86.0,74.0,86.0,94.0,110.0,1049.8575503097707,0.0,0.8864142538975501,0.0
8.91,1057,96978,86.0,74.0,86.0,94.0,110.0,985.7304253572838,0.0,0.8807947019867549,0.0
5.19,628,57116,86.0,74.0,86.0,94.0,110.0,1353.0738366668018,0.0,0.8901273885350318,0.0
8.95,965,85989,86.0,74.0,86.0,94.0,110.0,427.8101468495798,0.0,0.8974093264248705,0.0
0.26,13,1106,86.0,74.0,86.0,86.0,86.0,76.6863905325444,0.0,0.9230769230769231,0.0
6.09,752,69489,86.0,74.0,86.0,94.0,110.0,2504.8554475299907,0.0,0.886968085106383,0.0
5.53,557,50120,86.0,74.0,86.0,94.0,94.0,1070.5418679834586,0.0,0.9012567324955116,0.0
8.11,961,95657,86.0,74.0,86.0,94.0,110.0,19704.602275422007,0.0,0.8855359001040582,0.0
9.23,923,84263,86.0,74.0,86.0,94.0,110.0,2881.355382901627,0.0,0.8873239436619719,0.0
1.51,177,18448,86.0,74.0,86.0,94.0,110.0,24549.67774266654,0.0,0.8926553672316384,0.0
1.93,217,19713,86.0,74.0,86.0,94.0,110.0,1347.9570175624876,0.0,0.8894009216589862,0.0
9.73,928,86055,86.0,74.0,86.0,94.0,110.0,1576.9657204499852,0.0,0.8857758620689655,0.0
9.27,899,83117,86.0,74.0,86.0,94.0,110.0,2217.3625422388736,0.0,0.8843159065628476,0.0
5.41,512,64472,86.0,74.0,86.0,94.0,110.0,98449.05639648438,0.0,0.875,0.0
4.69,441,44720,86.0,74.0,86.0,94.0,110.0,14442.549534401816,0.0,0.8752834467120182,0.0
0.86,108,11434,86.0,74.0,86.0,94.0,110.0,12275.798010973936,0.0,0.8796296296296297,0.0
1.79,194,17398,86.0,74.0,86.0,94.0,107.00000000000017,512.908173025826,0.0,0.8917525773195877,0.0
6.62,701,72695,86.0,74.0,86.0,94.0,110.0,18078.594418814777,0.0,0.8701854493580599,0.0
7.33,711,70303,86.0,74.0,86.0,94.0,110.0,12272.834877285017,0.0,0.8846694796061885,0.0
9.08,952,92206,86.0,74.0,86.0,94.0,110.0,8197.33192835958,0.0,0.8813025210084033,0.0
6.24,729,68514,86.0,74.0,86.0,94.0,110.0,2204.4716083252893,0.0,0.8765432098765432,0.0
2.2,238,21058,86.0,74.0,86.0,94.0,110.0,122.34199562177811,0.0,0.8949579831932774,0.0
1.69,153,13648,86.0,74.0,86.0,94.0,110.0,197.24652911273444,0.0,0.8758169934640523,0.0
4.52,293,29779,86.0,74.0,86.0,88.0,110.0,7256.784726671247,0.0,0.8839590443686007,0.0
9.22,856,85118,86.0,74.0,86.0,94.0,110.0,3913.348824133113,0.0,0.8259345794392523,0.0
3.01,250,23788,86.0,74.0,86.0,94.0,110.0,4203.984896,0.0,0.88,0.0
8.14,966,103128,86.0,74.0,86.0,94.0,110.0,22736.253951107847,0.0,0.8768115942028986,0.0
5.96,648,59456,86.0,74.0,86.0,94.0,110.0,2320.4328608443825,0.0,0.8966049382716049,0.0
8.98,965,91683,86.0,74.0,86.0,94.0,110.0,4879.2579623614065,0.0,0.8974093264248705,0.0
5.17,517,45784,86.0,74.0,86.0,86.0,110.0,732.3627983194217,0.0,0.8974854932301741,0.0
0.19,27,3512,98.0,81.2,86.0,178.0,270.0,4900.290809327847,0.0,0.6296296296296297,0.0
9.87,1007,99431,86.0,74.0,86.0,94.0,110.0,10040.826050812144,0.0,0.8828202581926514,0.0
0.42,50,6748,86.0,86.0,86.0,86.0,110.0,33779.238399999995,0.0,0.86,0.0
8.96,813,73511,86.0,74.0,86.0,94.0,110.0,1077.7392041079083,0.0,0.8929889298892989,0.0
2.91,306,29924,86.0,74.0,86.0,94.0,110.0,10847.616386859756,0.0,0.8921568627450981,0.0
4.12,429,38698,86.0,74.0,86.0,94.0,110.0,1060.9555914171299,0.0,0.8951048951048951,0.0
9.07,922,85687,86.0,74.0,86.0,94.0,110.0,2318.5045819001416,0.0,0.8720173535791758,0.0
1.44,199,17378,86.0,74.0,86.0,94.0,110.0,106.78275801116129,0.0,0.8894472361809045,0.0
1.73,202,18406,86.0,74.0,86.0,94.0,110.0,2303.4017253210473,0.0,0.8861386138613861,0.0
8.6,930,88075,86.0,74.0,86.0,94.0,110.0,8553.257723436238,0.0,0.8817204301075269,0.0
7.65,838,79452,86.0,74.0,86.0,94.0,110.0,9518.823639646624,0.0,0.8794749403341289,0.0
2.22,268,27066,86.0,74.0,86.0,94.0,110.0,4833.1118846068175,0.0,0.8432835820895522,0.0
3.89,362,34183,86.0,74.0,86.0,94.0,110.0,1797.1453939134954,0.0,0.8674033149171271,0.0
9.5,1013,93993,86.0,74.0,86.0,94.0,110.0,7711.01080231424,0.0,0.8923988153998026,0.0
2.96,263,26052,86.0,74.0,86.0,94.0,110.0,4525.6279258049135,0.0,0.8631178707224335,0.0
4.46,392,37082,86.0,74.0,86.0,94.0,110.0,2036.0314192003334,0.0,0.8724489795918368,0.0
4.73,425,42055,86.0,74.0,86.0,94.0,110.0,4751.400138408303,0.0,0.8658823529411764,0.0
2.13,153,14232,86.0,74.0,86.0,86.0,94.0,5168.738177623989,0.0,0.9019607843137255,0.0
3.39,325,31623,86.0,74.0,86.0,94.0,110.0,7664.278305325443,0.0,0.88,0.0
5.5,479,45557,86.0,74.0,86.0,86.0,110.0,5812.952724229758,0.0,0.8956158663883089,0.0
4.64,432,40881,86.0,74.0,86.0,94.0,110.0,4913.769627700618,0.0,0.8888888888888888,0.0
9.68,897,82167,86.0,74.0,86.0,94.0,110.0,1268.4536414581491,0.0,0.8795986622073578,0.0
2.04,185,16356,86.0,74.0,86.0,94.0,94.0,491.24745069393725,0.0,0.9081081081081082,0.0
6.44,553,54034,86.0,74.0,86.0,94.0,110.0,16098.607065194288,0.0,0.8878842676311031,0.0
7.04,684,61615,86.0,74.0,86.0,94.0,110.0,594.275698078041,0.0,0.8918128654970761,0.0
5.08,434,39620,86.0,74.0,86.0,94.0,110.0,1302.5885238590756,0.0,0.8917050691244239,0.0
3.83,384,34042,86.0,74.0,86.0,94.0,110.0,228.46156141493051,0.0,0.8932291666666666,0.0
3.09,254,24581,86.0,74.0,86.0,94.0,110.0,2486.6307427614856,0.0,0.8228346456692913,0.0
5.15,497,42954,86.0,74.0,86.0,86.0,94.0,90.44178957042053,0.0,0.9175050301810865,0.0
2.92,349,39795,86.0,74.0,86.0,94.0,110.0,29696.082429536702,0.0,0.8681948424068768,0.0
9.79,1028,94824,86.0,74.0,86.0,94.0,110.0,1721.8309058426319,0.0,0.8939688715953308,0.0
4.96,564,54226,86.0,74.0,86.0,94.0,110.0,6071.900847542878,0.0,0.8687943262411347,0.0
0.85,86,7496,86.0,74.0,86.0,86.0,94.0,81.06652244456465,0.0,0.9186046511627907,0.0
0.62,44,3876,86.0,74.0,86.0,94.0,94.0,85.44628099173552,0.0,0.9090909090909091,0.0
1.92,237,21753,86.0,74.0,86.0,94.0,110.0,826.2617101960158,0.0,0.8649789029535865,0.0
4.99,527,46980,86.0,74.0,86.0,94.0,110.0,735.5668871453828,0.0,0.8975332068311196,0.0
4.8,545,52704,86.0,74.0,86.0,94.0,110.0,12088.164107398366,0.0,0.8862385321100917,0.0
2.49,303,27722,86.0,74.0,86.0,94.0,110.0,697.4116480955029,0.0,0.8679867986798679,0.0
7.12,707,65726,86.0,74.0,86.0,94.0,110.0,2705.745567161283,0.0,0.8797736916548797,0.0
4.89,533,53942,86.0,74.0,86.0,94.0,110.0,16770.60545814868,0.0,0.8911819887429644,0.0
3.99,465,42096,86.0,74.0,86.0,86.0,94.0,2086.042705515089,0.0,0.9032258064516129,0.0
1.24,145,12930,86.0,74.0,86.0,86.0,94.0,469.7702734839476,0.0,0.903448275862069,0.0
0.09,5,446,86.0,86.0,86.0,94.0,94.0,15.360000000000003,0.0,1.0,0.0
5.58,577,53631,86.0,74.0,86.0,94.0,110.0,4542.874246460956,0.0,0.8873483535528596,0.0
6.55,695,65986,86.0,74.0,86.0,94.0,110.0,10343.690376274522,0.0,0.8906474820143885,0.0
0.2,12,1056,86.0,86.0,86.0,86.0,86.0,44.0,0.0,0.9166666666666666,0.0
8.87,839,76090,86.0,74.0,86.0,94.0,110.0,1696.008398669737,0.0,0.8927294398092968,0.0
6.07,649,62419,86.0,74.0,86.0,94.0,110.0,11997.751344370025,0.0,0.8921417565485362,0.0
1.4,159,13782,86.0,74.0,86.0,86.0,94.0,97.04805980776077,0.0,0.9056603773584906,0.0
5.11,507,47176,86.0,74.0,86.0,94.0,110.0,3205.967982758151,0.0,0.893491124260355,0.0
3.18,336,32558,86.0,74.0,86.0,94.0,110.0,4252.251665249434,0.0,0.8779761904761905,0.0
2.27,229,21161,86.0,74.0,86.0,94.0,110.0,1801.9005739783754,0.0,0.8864628820960698,0.0
4.97,253,26959,86.0,74.0,86.0,94.0,110.0,6316.5866362542765,0.0,0.849802371541502,0.0
8.29,30,7360,94.0,94.0,94.0,286.25,634.0,87623.6888888889,0.0,0.6666666666666666,0.0
0.82,1,94,94.0,94.0,94.0,94.0,94.0,0.0,0.0,1.0,0.0
6.11,69,18389,94.0,86.0,86.0,173.0,484.8000000000002,239164.1340054611,0.0,0.7246376811594203,0.0
3.35,74,6858,86.0,86.0,86.0,86.0,94.0,1973.2191380569761,0.0,0.9324324324324325,0.0
4.14,139,13291,86.0,86.0,86.0,89.0,110.0,1286.0776357331395,0.0,0.8848920863309353,0.0
6.92,207,18950,86.0,74.0,86.0,86.0,94.0,1173.803449322038,0.0,0.9227053140096618,0.0
7.86,755,73837,86.0,74.0,86.0,94.0,110.0,8951.724496294024,0.0,0.8874172185430463,0.0
7.51,817,75059,86.0,74.0,86.0,94.0,110.0,2591.0275465213663,0.0,0.8959608323133414,0.0
7.5,774,69728,86.0,74.0,86.0,94.0,110.0,1008.7984829971488,0.0,0.8979328165374677,0.0
1.7,169,16529,86.0,74.0,86.0,86.0,110.0,11471.281397710165,0.0,0.8875739644970414,0.0
9.93,968,89393,86.0,74.0,86.0,94.0,110.0,2460.2868560463767,0.0,0.8863636363636364,0.0
3.11,306,28314,86.0,74.0,86.0,94.0,102.0,2160.20338331411,0.0,0.8986928104575164,0.0
8.44,830,76408,86.0,74.0,86.0,94.0,110.0,1948.5147278269706,0.0,0.8903614457831325,0.0
8.14,832,75310,86.0,74.0,86.0,94.0,110.0,1132.559813008506,0.0,0.8930288461538461,0.0
5.85,649,59327,86.0,74.0,86.0,86.0,110.0,1442.488954204762,0.0,0.8967642526964561,0.0
5.78,709,65510,86.0,74.0,86.0,94.0,110.0,1281.5427875730334,0.0,0.8871650211565585,0.0
9.69,1205,108528,86.0,74.0,86.0,86.0,94.0,1463.5476772094144,0.0,0.9029045643153527,0.0
1.03,106,9292,86.0,74.0,86.0,92.0,102.0,91.1299394802421,0.0,0.8962264150943396,0.0
2.9,312,29392,86.0,74.0,86.0,94.0,110.0,3178.1117685733075,0.0,0.8814102564102564,0.0
6.37,697,61834,86.0,74.0,86.0,94.0,94.0,494.32451024991303,0.0,0.9038737446197992,0.0
2.41,238,21938,86.0,74.0,86.0,94.0,110.0,2618.6411270390518,0.0,0.8949579831932774,0.0
8.89,1001,92090,86.0,74.0,86.0,94.0,110.0,1515.2327632407557,0.0,0.8881118881118881,0.0
3.97,413,37403,86.0,74.0,86.0,94.0,110.0,974.7834131641741,0.0,0.8934624697336562,0.0
0.21,39,3302,86.0,74.0,74.0,86.0,94.0,97.09401709401709,0.0,0.9230769230769231,0.0
2.3,222,19888,86.0,74.0,86.0,94.0,110.0,407.6570895219544,0.0,0.8828828828828829,0.0
5.25,528,47737,86.0,74.0,86.0,94.0,110.0,1517.7345005452248,0.0,0.8920454545454546,0.0
5.07,516,48900,86.0,74.0,86.0,94.0,110.0,9188.635839192355,0.0,0.8895348837209303,0.0
0.27,39,3551,86.0,86.0,86.0,92.0,98.0,138.20249835634445,0.0,0.9230769230769231,0.0
5.25,551,49707,86.0,74.0,86.0,94.0,110.0,804.9658005079035,0.0,0.8929219600725953,0.0
6.99,725,69535,86.0,74.0,86.0,94.0,110.0,3852.2057550535083,0.0,0.8772413793103448,0.0
2.08,220,19610,86.0,74.0,86.0,86.0,110.0,413.9268595041323,0.0,0.8954545454545455,0.0
2.04,191,16922,86.0,74.0,86.0,94.0,94.0,79.8741262575039,0.0,0.900523560209424,0.0
0.08,23,1978,86.0,74.0,80.0,86.0,105.20000000000002,112.69565217391305,0.0,0.8695652173913043,0.0
5.15,450,41100,86.0,74.0,86.0,94.0,110.0,1854.2711111111118,0.0,0.8933333333333333,0.0
0.57,47,4158,86.0,74.0,86.0,94.0,100.39999999999998,90.24898143956543,0.0,0.8936170212765957,0.0
6.83,633,58906,86.0,74.0,86.0,94.0,110.0,4091.19563551782,0.0,0.8894154818325435,0.0
6.43,577,50966,86.0,74.0,86.0,94.0,110.0,262.7442547810494,0.0,0.8977469670710572,0.0
7.02,680,65657,86.0,74.0,86.0,94.0,110.0,6767.952921712804,0.0,0.8823529411764706,0.0
1.19,125,11522,86.0,74.0,86.0,94.0,94.0,2274.4970239999984,0.0,0.912,0.0
5.95,619,56433,86.0,74.0,86.0,94.0,110.0,772.9798492017715,0.0,0.8820678513731826,0.0
1.45,136,12294,86.0,74.0,86.0,86.0,94.0,1334.2246972318342,0.0,0.9191176470588235,0.0
4.33,437,39134,86.0,74.0,86.0,94.0,110.0,1080.5402552246694,0.0,0.8924485125858124,0.0
2.17,217,19794,86.0,74.0,86.0,94.0,110.0,1381.8931809976857,0.0,0.8847926267281107,0.0
1.48,128,11382,86.0,74.0,86.0,94.0,98.79999999999995,206.618896484375,0.0,0.8984375,0.0
8.0,881,80265,86.0,74.0,86.0,86.0,110.0,2832.812679328129,0.0,0.8989784335981839,0.0
2.94,300,26380,86.0,74.0,86.0,86.0,94.0,540.6622222222221,0.0,0.9166666666666666,0.0
1.52,188,20547,86.0,74.0,86.0,88.0,110.0,14483.632497736531,0.0,0.8670212765957447,0.0
5.33,597,57463,86.0,74.0,86.0,94.0,110.0,5684.259308827781,0.0,0.8793969849246231,0.0
9.28,777,71394,86.0,74.0,86.0,94.0,110.0,1895.5490029466864,0.0,0.8918918918918919,0.0
9.82,842,78619,86.0,74.0,86.0,94.0,110.0,3769.8249967558304,0.0,0.8966745843230404,0.0
2.42,145,14923,86.0,74.0,86.0,94.0,110.0,4776.0759096313905,0.0,0.8344827586206897,0.0
3.23,27,6662,94.0,94.0,94.0,363.0,756.0,54652.63648834019,0.0,0.5555555555555556,0.0
7.4,19,5816,94.0,94.0,94.0,307.5,779.1999999999994,171446.83102493073,0.0,0.5789473684210527,0.0
1.05,1,134,134.0,134.0,134.0,134.0,134.0,0.0,0.0,0.0,0.0
9.01,854,82810,86.0,74.0,86.0,94.0,110.0,6619.00126694053,0.0,0.8793911007025761,0.0
7.85,861,86765,86.0,74.0,86.0,94.0,110.0,10249.581163895262,0.0,0.8815331010452961,0.0
2.98,346,31312,86.0,74.0,86.0,94.0,110.0,766.1979685255102,0.0,0.8901734104046243,0.0
0.9,87,8320,86.0,74.0,86.0,94.0,110.0,1781.3819527018095,0.0,0.8505747126436781,0.0
0.97,97,8442,86.0,74.0,86.0,86.0,94.0,63.102136252524176,0.0,0.9381443298969072,0.0
0.93,84,7248,86.0,74.0,74.0,86.0,94.0,101.63265306122449,0.0,0.9047619047619048,0.0
8.45,886,82466,86.0,74.0,86.0,94.0,110.0,1771.6916264541474,0.0,0.881489841986456,0.0
0.37,11,986,86.0,86.0,86.0,90.0,94.0,50.77685950413224,0.0,0.9090909090909091,0.0
8.16,616,64382,86.0,74.0,86.0,94.0,110.0,20780.879606594703,0.0,0.8685064935064936,0.0
7.25,388,35313,86.0,86.0,86.0,94.0,110.0,610.2446792964183,0.0,0.8917525773195877,0.0
4.56,390,34921,86.0,74.0,86.0,94.0,110.0,686.1201117685733,0.0,0.8871794871794871,0.0
3.28,196,17574,86.0,74.0,86.0,94.0,110.0,364.24375260308204,0.0,0.8928571428571429,0.0
1.43,83,8240,86.0,74.0,86.0,94.0,94.0,10967.862969952097,0.0,0.9036144578313253,0.0
6.16,540,49380,86.0,74.0,86.0,94.0,110.0,1003.2543209876546,0.0,0.8777777777777778,0.0
6.58,543,49486,86.0,74.0,86.0,94.0,110.0,1575.788556176213,0.0,0.8968692449355433,0.0
3.19,287,29070,86.0,74.0,86.0,94.0,110.0,23960.721242214913,0.0,0.89198606271777,0.0
2.29,200,18042,86.0,74.0,86.0,86.0,95.59999999999991,630.1659000000001,0.0,0.9,0.0
6.87,640,61764,86.0,74.0,86.0,94.0,110.0,6196.465585937501,0.0,0.88125,0.0
4.26,376,34806,86.0,74.0,86.0,94.0,110.0,2124.218622679945,0.0,0.8936170212765957,0.0
1.5,127,11242,86.0,74.0,86.0,90.0,110.0,332.35984871969737,0.0,0.889763779527559,0.0
1.71,168,16088,86.0,74.0,86.0,94.0,110.0,2983.7528344671205,0.0,0.8809523809523809,0.0
3.27,280,26072,86.0,74.0,86.0,94.0,110.0,1736.3297959183672,0.0,0.8964285714285715,0.0
5.91,448,41105,86.0,74.0,86.0,94.0,110.0,1163.3515575175384,0.0,0.8883928571428571,0.0
9.84,765,70408,86.0,74.0,86.0,94.0,94.0,2967.946372762612,0.0,0.9032679738562092,0.0
7.73,666,60565,86.0,74.0,86.0,94.0,110.0,1588.1628768408045,0.0,0.8948948948948949,0.0
1.2,106,9552,86.0,74.0,86.0,86.0,110.0,327.76076895692415,0.0,0.8867924528301887,0.0
8.57,923,103716,86.0,74.0,86.0,94.0,110.0,49421.38110100726,0.0,0.8634886240520043,0.0
3.85,481,61903,86.0,74.0,86.0,94.0,110.0,102241.45464447334,0.0,0.8877338877338877,0.0
4.54,581,56480,86.0,74.0,86.0,94.0,110.0,4854.690121192911,0.0,0.882960413080895,0.0
1.72,192,17384,86.0,74.0,86.0,88.0,94.0,1525.1649305555559,0.0,0.9114583333333334,0.0
0.93,93,8526,86.0,74.0,86.0,86.0,94.0,2053.0142212972596,0.0,0.9139784946236559,0.0
4.83,501,47830,86.0,74.0,86.0,94.0,98.0,8978.520499918328,0.0,0.906187624750499,0.0
1.39,183,16248,86.0,74.0,86.0,94.0,106.80000000000018,377.3480247245364,0.0,0.8961748633879781,0.0
4.44,482,44616,86.0,74.0,86.0,94.0,110.0,2541.503124946196,0.0,0.8962655601659751,0.0
7.58,795,76907,86.0,74.0,86.0,94.0,110.0,3309.209534432973,0.0,0.879245283018868,0.0
9.87,870,82735,86.0,74.0,86.0,94.0,110.0,5267.290454485401,0.0,0.8850574712643678,0.0
6.63,539,48944,86.0,74.0,86.0,94.0,110.0,1969.1846854444261,0.0,0.8923933209647495,0.0
6.19,552,55122,86.0,74.0,86.0,94.0,110.0,14526.342351921865,0.0,0.875,0.0
6.98,633,60889,86.0,74.0,86.0,94.0,110.0,2544.4863672324423,0.0,0.8720379146919431,0.0
0.11,11,998,86.0,86.0,86.0,94.0,110.0,107.10743801652892,0.0,0.8181818181818182,0.0
7.09,689,66430,86.0,74.0,86.0,94.0,110.0,3592.245693786455,0.0,0.8824383164005806,0.0
2.69,253,22804,86.0,74.0,86.0,94.0,110.0,412.54320486181626,0.0,0.8814229249011858,0.0
3.58,327,30226,86.0,74.0,86.0,94.0,110.0,2035.1019461511842,0.0,0.8929663608562691,0.0
9.77,892,82376,86.0,74.0,86.0,94.0,110.0,2703.4202577972615,0.0,0.8968609865470852,0.0
8.51,941,91106,86.0,74.0,86.0,94.0,110.0,4924.8522057503205,0.0,0.8629117959617428,0.0
0.88,115,10334,86.0,74.0,86.0,94.0,110.0,312.2589035916824,0.0,0.8782608695652174,0.0
0.28,13,1166,86.0,86.0,86.0,86.0,105.20000000000002,74.98224852071006,0.0,0.8461538461538461,0.0
6.64,694,64215,86.0,74.0,86.0,94.0,110.0,1916.0445585462878,0.0,0.8890489913544669,0.0
9.36,992,91512,86.0,74.0,86.0,94.0,110.0,2274.9173387096776,0.0,0.8870967741935484,0.0
6.44,717,69999,86.0,74.0,86.0,94.0,110.0,6159.369000309284,0.0,0.8758716875871687,0.0
5.48,570,51562,86.0,74.0,86.0,94.0,110.0,997.0799507540781,0.0,0.8894736842105263,0.0
3.16,429,42906,86.0,74.0,86.0,94.0,110.0,3767.4590118506203,0.0,0.8624708624708625,0.0
0.79,69,6287,86.0,74.0,86.0,86.0,97.20000000000005,950.4793110691029,0.0,0.8985507246376812,0.0
8.53,978,94261,86.0,74.0,86.0,94.0,110.0,5257.759449190995,0.0,0.8885480572597138,0.0
7.7,863,80018,86.0,74.0,86.0,94.0,110.0,1310.961412196265,0.0,0.8760139049826188,0.0
4.12,413,39466,86.0,74.0,86.0,94.0,110.0,3038.4450281117906,0.0,0.8861985472154964,0.0
5.17,594,65269,86.0,74.0,86.0,94.0,110.0,23904.657430080828,0.0,0.8619528619528619,0.0
7.95,951,96277,86.0,74.0,86.0,94.0,110.0,9729.781590245919,0.0,0.8748685594111462,0.0
9.16,996,146246,86.0,74.0,86.0,94.0,110.0,138566.8376840696,0.0,0.8694779116465864,0.0
6.31,676,80156,86.0,74.0,86.0,94.0,110.0,74738.1764819159,0.0,0.8846153846153846,0.0
2.94,289,27595,86.0,74.0,86.0,94.0,110.0,4942.651141629051,0.0,0.8788927335640139,0.0
4.58,509,60012,86.0,74.0,86.0,94.0,110.0,34403.29879844527,0.0,0.8683693516699411,0.0
8.24,211,31022,86.0,74.0,86.0,94.0,199.0,34709.17953325398,0.0,0.7819905213270142,0.0
2.38,17,3099,94.0,94.0,94.0,180.0,333.20000000000005,37324.56055363322,0.0,0.6470588235294118,0.0
7.01,26,6360,94.0,94.0,94.0,118.0,567.0,142824.15976331363,0.0,0.5769230769230769,0.0
4.58,5,1515,199.0,116.2,118.0,219.0,606.0,80432.4,0.0,0.0,0.0
0.79,3,274,94.0,87.6,90.0,94.0,94.0,14.222222222222221,0.0,1.0,0.0
3.22,167,48590,86.0,86.0,86.0,161.0,846.0,329966.04015920253,0.0,0.6826347305389222,0.0
9.89,477,60806,86.0,74.0,86.0,94.0,129.00000000000085,33131.72530974074,0.0,0.8238993710691824,0.0
6.9,988,338358,86.0,74.0,86.0,94.0,478.0,636065.0546189907,0.0,0.8228744939271255,0.0
4.79,599,54781,86.0,74.0,86.0,86.0,97.20000000000073,1545.5066568933755,0.0,0.8998330550918197,0.0
9.18,1109,111453,86.0,74.0,86.0,86.0,110.0,9531.285164987505,0.0,0.8954012623985572,0.0
9.97,1145,106120,86.0,74.0,86.0,94.0,98.0,4554.309734749528,0.0,0.9039301310043668,0.0
9.31,1028,102067,86.0,74.0,86.0,86.0,98.0,16779.6306861194,0.0,0.9017509727626459,0.0
7.69,888,85511,86.0,74.0,86.0,94.0,110.0,6137.343588943674,0.0,0.8918918918918919,0.0
3.4,366,32810,86.0,74.0,86.0,86.0,102.0,814.9612708650604,0.0,0.8989071038251366,0.0
8.08,868,83973,86.0,74.0,86.0,94.0,110.0,9839.11487157298,0.0,0.8963133640552995,0.0
4.0,388,35636,86.0,74.0,86.0,94.0,110.0,1516.986396003826,0.0,0.8943298969072165,0.0
3.24,282,25860,86.0,74.0,86.0,86.0,94.0,2171.6843217141995,0.0,0.900709219858156,0.0
0.02,10,828,86.0,74.0,74.0,86.0,94.0,60.160000000000004,0.0,1.0,0.0
9.17,806,73204,86.0,74.0,86.0,94.0,110.0,1421.996256365103,0.0,0.8945409429280397,0.0
5.23,295,49993,86.0,74.0,86.0,94.0,110.0,86897.78116633152,0.0,0.8372881355932204,0.0
5.81,1274,1720506,86.0,86.0,86.0,86.0,94.0,46531691.11596992,0.0,0.9065934065934066,0.0
8.38,787,78202,86.0,74.0,86.0,94.0,110.0,10061.314960871467,0.0,0.8792884371029225,0.0
2.59,207,18616,86.0,74.0,86.0,94.0,110.0,359.47368666713334,0.0,0.8840579710144928,0.0
8.29,816,78683,86.0,74.0,86.0,94.0,110.0,5981.599803861496,0.0,0.8884803921568627,0.0
1.35,155,16515,86.0,74.0,86.0,90.0,110.0,9227.93798126951,0.0,0.864516129032258,0.0
1.12,129,11712,86.0,74.0,86.0,86.0,97.20000000000005,544.2120064899947,0.0,0.8992248062015504,0.0
4.26,397,37600,86.0,74.0,86.0,94.0,110.0,6000.35185807917,0.0,0.8916876574307305,0.0
2.11,176,16402,86.0,74.0,86.0,86.0,94.0,8857.280862603306,0.0,0.9204545454545454,0.0
2.41,230,22012,86.0,74.0,86.0,94.0,110.0,4711.182155009452,0.0,0.8956521739130435,0.0
6.3,643,74035,86.0,74.0,86.0,94.0,110.0,20534.621155208988,0.0,0.8475894245723172,0.0
2.77,259,23756,86.0,74.0,86.0,94.0,110.0,1293.7605581312146,0.0,0.8841698841698842,0.0
9.76,844,80442,86.0,74.0,86.0,94.0,110.0,6508.714061903371,0.0,0.8909952606635071,0.0
5.9,669,64514,86.0,74.0,86.0,94.0,110.0,3001.8479670927536,0.0,0.866965620328849,0.0
2.23,268,30571,86.0,74.0,86.0,94.0,110.0,13069.177809645797,0.0,0.8395522388059702,0.0
4.04,412,37606,86.0,74.0,86.0,94.0,110.0,840.4962531812611,0.0,0.8859223300970874,0.0
4.85,480,43098,86.0,74.0,86.0,94.0,94.0,1361.2798437499998,0.0,0.9083333333333333,0.0
9.88,1053,103378,86.0,74.0,86.0,94.0,110.0,6337.895392263229,0.0,0.8698955365622032,0.0
6.65,690,66100,86.0,74.0,86.0,94.0,110.0,2797.7849191346354,0.0,0.8826086956521739,0.0
4.78,423,40775,86.0,74.0,86.0,94.0,110.0,3879.2696656215608,0.0,0.8888888888888888,0.0
5.72,620,56552,86.0,74.0,86.0,86.0,110.0,1142.980478668054,0.0,0.8935483870967742,0.0
4.71,497,47976,86.0,74.0,86.0,94.0,110.0,5522.277196377462,0.0,0.8913480885311871,0.0
2.32,245,21428,86.0,74.0,86.0,86.0,94.0,196.1505372761349,0.0,0.9142857142857143,0.0
2.46,267,24900,86.0,74.0,86.0,94.0,110.0,1807.3152379750031,0.0,0.8838951310861424,0.0
8.9,979,92543,86.0,74.0,86.0,86.0,110.0,3727.3360342472834,0.0,0.8937691521961185,0.0
7.76,756,73144,86.0,74.0,86.0,94.0,110.0,6580.795302483131,0.0,0.8822751322751323,0.0
0.68,28,2448,86.0,74.0,86.0,86.0,98.0,74.53061224489797,0.0,0.9285714285714286,0.0
1.94,234,81504,86.0,74.0,86.0,94.0,419.4000000000007,640874.6660092045,0.0,0.8034188034188035,0.0
4.14,354,32992,86.0,74.0,86.0,94.0,110.0,1938.045644610425,0.0,0.8926553672316384,0.0
7.52,607,61755,86.0,74.0,86.0,94.0,110.0,9502.328419944142,0.0,0.8764415156507414,0.0
1.59,154,15014,86.0,74.0,86.0,94.0,110.0,4950.678529262944,0.0,0.8831168831168831,0.0
9.07,703,64950,86.0,74.0,86.0,94.0,110.0,1819.6773915489198,0.0,0.8890469416785206,0.0
5.87,485,50401,86.0,74.0,86.0,94.0,110.0,12959.85951323201,0.0,0.8742268041237113,0.0
6.87,603,57044,86.0,74.0,86.0,94.0,110.0,2026.9198672200084,0.0,0.8772802653399668,0.0
2.69,254,23396,86.0,74.0,86.0,94.0,105.20000000000027,1618.161076322153,0.0,0.8976377952755905,0.0
5.88,505,47418,86.0,74.0,86.0,94.0,110.0,2676.4725654347617,0.0,0.8871287128712871,0.0
3.64,299,30301,86.0,74.0,86.0,94.0,110.0,13524.672923121663,0.0,0.8729096989966555,0.0
5.33,493,52160,86.0,74.0,86.0,94.0,110.0,34766.5933453748,0.0,0.8762677484787018,0.0
3.61,336,32371,86.0,74.0,86.0,94.0,110.0,2393.766785359977,0.0,0.875,0.0
5.42,415,38027,86.0,74.0,86.0,94.0,103.60000000000036,1882.3146813761057,0.0,0.8987951807228916,0.0
9.12,568,54349,86.0,74.0,86.0,94.0,110.0,2318.2827285012895,0.0,0.8785211267605634,0.0
6.11,470,44202,86.0,74.0,86.0,94.0,110.0,2099.631851516524,0.0,0.8872340425531915,0.0
9.93,841,87781,86.0,74.0,86.0,94.0,110.0,14268.265769899092,0.0,0.8763376932223543,0.0
6.95,543,53605,86.0,74.0,86.0,94.0,110.0,8595.969523383157,0.0,0.8784530386740331,0.0
3.34,245,22566,86.0,74.0,86.0,94.0,110.0,1620.1846563931697,0.0,0.889795918367347,0.0
5.69,450,41190,86.0,74.0,86.0,94.0,110.0,1358.6800000000003,0.0,0.8777777777777778,0.0
3.13,280,27568,86.0,74.0,86.0,94.0,99.19999999999993,14654.648163265309,0.0,0.9,0.0
5.2,498,45852,86.0,74.0,86.0,94.0,110.0,1170.516862631248,0.0,0.8875502008032129,0.0
1.44,99,9212,86.0,74.0,86.0,94.0,110.0,2843.744923987351,0.0,0.8888888888888888,0.0
7.82,657,64179,86.0,74.0,86.0,94.0,110.0,7576.964658785261,0.0,0.8751902587519026,0.0
3.22,276,25496,86.0,74.0,86.0,94.0,110.0,1868.2058391094313,0.0,0.8876811594202898,0.0
0.25,56,5028,86.0,74.0,86.0,94.0,110.0,93.95408163265304,0.0,0.875,0.0
3.81,279,25710,86.0,74.0,86.0,94.0,110.0,2150.8447219331715,0.0,0.8888888888888888,0.0
9.98,933,98047,86.0,74.0,86.0,94.0,110.0,10928.832575713193,0.0,0.864951768488746,0.0
0.74,102,9182,86.0,74.0,86.0,94.0,108.40000000000009,635.0192233756248,0.0,0.8921568627450981,0.0
0.31,6,540,86.0,86.0,86.0,86.0,98.0,80.0,0.0,0.8333333333333334,0.0
4.57,384,36932,86.0,74.0,86.0,94.0,110.0,3080.91134982639,0.0,0.8723958333333334,0.0
6.44,554,50922,86.0,74.0,86.0,94.0,110.0,1491.9822752805328,0.0,0.8808664259927798,0.0
5.52,464,43463,86.0,74.0,86.0,94.0,110.0,2190.807218898633,0.0,0.8685344827586207,0.0
0.98,74,6586,86.0,74.0,86.0,94.0,110.0,137.86486486486487,0.0,0.8783783783783784,0.0
5.45,525,55049,86.0,74.0,86.0,94.0,110.0,25433.285710657594,0.0,0.8647619047619047,0.0
4.27,396,36032,86.0,74.0,86.0,94.0,110.0,1006.6514131211103,0.0,0.8787878787878788,0.0
2.24,193,17918,86.0,74.0,86.0,94.0,110.0,1341.74104002792,0.0,0.8860103626943006,0.0
8.52,806,76643,86.0,74.0,86.0,94.0,110.0,4105.122069897605,0.0,0.8784119106699751,0.0
4.54,396,35992,86.0,74.0,86.0,94.0,110.0,623.351290684624,0.0,0.8838383838383839,0.0
4.91,474,45794,86.0,74.0,86.0,94.0,110.0,3551.6594384803,0.0,0.8628691983122363,0.0
6.48,568,53955,86.0,74.0,86.0,94.0,110.0,2381.2023872991463,0.0,0.8855633802816901,0.0
7.75,671,60454,86.0,74.0,86.0,94.0,110.0,854.0803214278575,0.0,0.8926974664679582,0.0
0.27,52,4870,86.0,86.0,86.0,94.0,110.0,735.9571005917157,0.0,0.8653846153846154,0.0
7.7,722,77281,86.0,74.0,86.0,94.0,110.0,17110.12187022813,0.0,0.871191135734072,0.0
5.63,444,40579,86.0,74.0,86.0,94.0,110.0,1898.1757314747183,0.0,0.8873873873873874,0.0
7.02,636,58556,86.0,74.0,86.0,94.0,110.0,1919.9637672560416,0.0,0.8820754716981132,0.0
3.31,293,32540,86.0,74.0,86.0,94.0,110.0,40032.40277696887,0.0,0.8532423208191127,0.0
5.95,634,65788,86.0,74.0,86.0,94.0,110.0,15774.910806157888,0.0,0.8738170347003155,0.0
4.08,373,34226,86.0,74.0,86.0,94.0,110.0,1140.4940594699883,0.0,0.8793565683646113,0.0
1.02,73,6426,86.0,74.0,86.0,94.0,94.0,85.09513980108835,0.0,0.9041095890410958,0.0
1.14,105,9352,86.0,74.0,86.0,94.0,103.60000000000014,475.2050793650793,0.0,0.8952380952380953,0.0
9.98,936,87466,86.0,74.0,86.0,94.0,110.0,2967.561248995544,0.0,0.8856837606837606,0.0
2.59,256,23512,86.0,74.0,86.0,94.0,94.0,3011.8193359375,0.0,0.90625,0.0
7.13,684,66601,86.0,74.0,86.0,94.0,110.0,6058.437747939537,0.0,0.8786549707602339,0.0
4.79,391,35762,86.0,74.0,86.0,94.0,110.0,2060.6322564609072,0.0,0.8900255754475703,0.0
5.75,558,58667,86.0,74.0,86.0,94.0,110.0,17932.294578050125,0.0,0.8781362007168458,0.0
1.01,90,7916,86.0,74.0,86.0,94.0,95.60000000000014,87.55358024691357,0.0,0.9,0.0
7.47,660,63775,86.0,74.0,86.0,94.0,110.0,4693.242504591368,0.0,0.8742424242424243,0.0
1.36,133,12124,86.0,86.0,86.0,94.0,110.0,296.91491887613773,0.0,0.8721804511278195,0.0
9.37,822,84645,86.0,74.0,86.0,94.0,110.0,17437.175746354802,0.0,0.8807785888077859,0.0
8.46,718,70998,86.0,74.0,86.0,94.0,110.0,8847.31500376316,0.0,0.883008356545961,0.0
6.74,610,59218,86.0,74.0,86.0,94.0,110.0,4158.187250739049,0.0,0.8754098360655738,0.0
1.93,171,15874,86.0,74.0,86.0,94.0,110.0,2464.643753633597,0.0,0.8888888888888888,0.0
1.88,133,12970,86.0,74.0,86.0,94.0,110.0,6532.821075244502,0.0,0.8796992481203008,0.0
2.36,225,21784,86.0,74.0,86.0,94.0,110.0,3084.5845728395057,0.0,0.8666666666666667,0.0
9.26,944,102859,86.0,74.0,86.0,94.0,110.0,22349.25376036879,0.0,0.8569915254237288,0.0
3.75,367,39396,86.0,74.0,86.0,94.0,110.0,28625.730386297324,0.0,0.8746594005449592,0.0
3.98,260,26722,86.0,74.0,86.0,94.0,110.0,3963.61946745562,0.0,0.8269230769230769,0.0
7.38,57,20388,211.0,94.0,94.0,504.0,1008.0,126981.9704524469,0.0,0.2807017543859649,0.0
4.4,13,5361,211.0,94.0,94.0,233.0,1109.8,210941.6213017752,0.0,0.3076923076923077,0.0
8.18,25,6537,94.0,94.0,94.0,211.0,737.0000000000011,134444.00960000002,0.0,0.56,0.0
1.57,3,1261,94.0,94.0,94.0,583.5,877.2,212986.8888888889,0.0,0.6666666666666666,0.0
8.93,115,26754,86.0,86.0,86.0,94.0,127.60000000000014,268314.8902835538,0.0,0.8434782608695652,0.0
7.29,635,83657,86.0,74.0,86.0,98.0,134.0,59109.98607725216,0.0,0.768503937007874,0.0
0.53,40,3566,86.0,86.0,86.0,86.0,94.4,120.17750000000001,0.0,0.925,0.0
8.83,1501,1786418,86.0,86.0,86.0,86.0,94.0,35568542.67113063,0.0,0.9007328447701533,0.0
0.18,13,1186,86.0,86.0,86.0,94.0,106.80000000000001,92.02366863905326,0.0,0.8461538461538461,0.0
9.76,1065,94909,86.0,74.0,86.0,94.0,94.0,922.8859741233001,0.0,0.9023474178403755,0.0
3.18,371,33641,86.0,74.0,86.0,94.0,94.0,4264.073277584441,0.0,0.9056603773584906,0.0
7.74,1103,376265,86.0,74.0,86.0,94.0,216.0,636694.0813408417,0.0,0.8123300090661831,0.0
1.83,159,14132,86.0,74.0,86.0,94.0,110.0,256.0800601242039,0.0,0.8930817610062893,0.0
9.92,1176,111021,86.0,74.0,86.0,94.0,110.0,2851.681567142163,0.0,0.8818027210884354,0.0
5.31,649,59639,86.0,74.0,86.0,94.0,110.0,1382.9547983029483,0.0,0.8952234206471494,0.0
7.47,1024,343671,86.0,74.0,86.0,94.0,288.0,626564.941573143,0.0,0.8046875,0.0
3.41,392,35901,86.0,74.0,86.0,94.0,110.0,813.1867906601415,0.0,0.8801020408163265,0.0
2.97,283,24808,86.0,74.0,86.0,86.0,94.0,209.35489268189139,0.0,0.901060070671378,0.0
9.07,885,80521,86.0,74.0,86.0,94.0,110.0,2536.5353429729644,0.0,0.8926553672316384,0.0
7.51,774,84812,86.0,74.0,86.0,94.0,110.0,33510.45349171056,0.0,0.872093023255814,0.0
2.61,265,37360,86.0,74.0,86.0,94.0,110.0,132295.55058739768,0.0,0.8830188679245283,0.0
7.07,829,98828,86.0,74.0,86.0,94.0,110.0,36381.28975715944,0.0,0.8624849215922799,0.0
4.67,466,43893,86.0,74.0,86.0,94.0,94.0,14236.08584151486,0.0,0.9034334763948498,0.0
2.8,326,29144,86.0,74.0,86.0,94.0,102.0,1319.2642929730137,0.0,0.8987730061349694,0.0
1.29,157,15244,86.0,74.0,86.0,94.0,110.0,5424.264757190962,0.0,0.8853503184713376,0.0
6.69,690,76103,86.0,74.0,86.0,94.0,110.0,42852.265618567544,0.0,0.8956521739130435,0.0
0.17,24,2144,86.0,86.0,86.0,94.0,105.19999999999999,83.55555555555556,0.0,0.875,0.0
0.76,92,7912,86.0,74.0,86.0,86.0,94.0,80.34782608695652,0.0,0.9347826086956522,0.0
4.93,512,57794,86.0,74.0,86.0,94.0,110.0,33686.43064880371,0.0,0.87109375,0.0
7.26,670,60527,86.0,74.0,86.0,94.0,110.0,1742.3284940966807,0.0,0.8985074626865671,0.0
1.12,87,7570,86.0,74.0,86.0,86.0,94.0,82.10331615801296,0.0,0.9195402298850575,0.0
5.55,497,47771,86.0,74.0,86.0,94.0,110.0,6948.583492909164,0.0,0.8933601609657947,0.0
7.29,633,58873,86.0,74.0,86.0,94.0,110.0,2163.943088030867,0.0,0.8941548183254344,0.0
2.95,276,24682,86.0,74.0,86.0,94.0,110.0,340.556343205209,0.0,0.894927536231884,0.0
3.72,358,55520,86.0,74.0,86.0,94.0,110.0,145631.40638556847,0.0,0.8659217877094972,0.0
8.03,620,56304,86.0,74.0,86.0,94.0,110.0,1161.077898022893,0.0,0.896774193548387,0.0
6.43,560,51213,86.0,74.0,86.0,86.0,94.0,2263.108389668367,0.0,0.9035714285714286,0.0
4.8,416,38660,86.0,74.0,86.0,86.0,94.0,2503.687777366864,0.0,0.9014423076923077,0.0
1.43,114,10804,86.0,74.0,86.0,86.0,94.0,5042.421668205602,0.0,0.9035087719298246,0.0
4.47,372,37908,86.0,74.0,86.0,94.0,110.0,12258.022892819978,0.0,0.8844086021505376,0.0
6.62,530,54321,86.0,74.0,86.0,94.0,110.0,7120.253716625134,0.0,0.8754716981132076,0.0
4.6,377,36810,86.0,74.0,86.0,94.0,110.0,2899.1324641698734,0.0,0.883289124668435,0.0
6.08,586,57933,86.0,74.0,86.0,94.0,110.0,6703.634477396358,0.0,0.8771331058020477,0.0
0.18,16,1416,86.0,80.0,86.0,88.0,102.0,91.75,0.0,0.875,0.0
4.12,412,37752,86.0,74.0,86.0,94.0,110.0,1425.1794231313029,0.0,0.8859223300970874,0.0
7.89,702,63141,86.0,74.0,86.0,94.0,94.0,2095.303181386515,0.0,0.9045584045584045,0.0
4.0,346,31080,86.0,74.0,86.0,94.0,110.0,1011.5710849009323,0.0,0.8959537572254336,0.0
6.07,610,60170,86.0,74.0,86.0,94.0,110.0,14149.066648750333,0.0,0.8836065573770492,0.0
8.39,827,76788,86.0,74.0,86.0,94.0,110.0,2305.0528490530455,0.0,0.8851269649334945,0.0
4.42,429,39828,86.0,74.0,86.0,94.0,110.0,1473.3983731885826,0.0,0.8881118881118881,0.0
3.01,247,22575,86.0,74.0,86.0,94.0,110.0,1178.061204084643,0.0,0.8825910931174089,0.0
2.97,247,21952,86.0,74.0,86.0,86.0,110.0,381.2919405333641,0.0,0.8947368421052632,0.0
9.29,818,77015,86.0,74.0,86.0,94.0,110.0,2768.2842358068156,0.0,0.8777506112469438,0.0
6.01,645,62520,86.0,74.0,86.0,94.0,110.0,11929.50365963584,0.0,0.8914728682170543,0.0
0.4,34,2968,86.0,74.0,86.0,86.0,94.0,77.85467128027682,0.0,0.9117647058823529,0.0
8.15,760,73157,86.0,74.0,86.0,94.0,110.0,4405.794652008311,0.0,0.8789473684210526,0.0
1.25,139,13331,86.0,74.0,86.0,94.0,110.0,3767.9408933285026,0.0,0.8776978417266187,0.0
1.32,133,12030,86.0,74.0,86.0,94.0,94.0,1030.9543784272712,0.0,0.9022556390977443,0.0
8.69,833,76633,86.0,74.0,86.0,94.0,110.0,1424.5678141604783,0.0,0.8871548619447779,0.0
1.68,155,14586,86.0,74.0,86.0,94.0,110.0,2712.144183142559,0.0,0.8838709677419355,0.0
4.01,332,30340,86.0,74.0,86.0,86.0,110.0,2047.2368994048481,0.0,0.891566265060241,0.0
5.94,636,61910,86.0,74.0,86.0,94.0,110.0,11540.656095486727,0.0,0.8789308176100629,0.0
1.28,99,8794,86.0,74.0,86.0,94.0,110.0,153.2129374553617,0.0,0.8787878787878788,0.0
5.65,582,58577,86.0,74.0,86.0,94.0,110.0,6080.001360990069,0.0,0.8642611683848798,0.0
2.07,117,10260,86.0,74.0,86.0,86.0,94.0,92.48652202498357,0.0,0.9230769230769231,0.0
3.41,167,16248,86.0,74.0,86.0,86.0,94.0,5511.261214098747,0.0,0.9041916167664671,0.0
3.17,285,26876,86.0,74.0,86.0,86.0,94.0,3043.0106986765154,0.0,0.9017543859649123,0.0
3.88,380,34226,86.0,74.0,86.0,94.0,110.0,733.6058448753462,0.0,0.8868421052631579,0.0
0.09,15,1330,86.0,78.8,86.0,90.0,103.6,97.42222222222222,0.0,0.8666666666666667,0.0
6.9,701,69812,86.0,74.0,86.0,94.0,110.0,5274.9381991489645,0.0,0.8630527817403709,0.0
7.83,632,61392,86.0,74.0,86.0,94.0,110.0,6170.227447524436,0.0,0.8829113924050633,0.0
7.88,669,62461,86.0,74.0,86.0,94.0,110.0,1647.6756464481932,0.0,0.8819133034379671,0.0
2.02,187,19106,86.0,74.0,86.0,94.0,110.0,10337.371786439415,0.0,0.8823529411764706,0.0
0.69,68,6016,86.0,74.0,86.0,94.0,110.0,106.83737024221453,0.0,0.8676470588235294,0.0
9.21,334,35985,86.0,74.0,86.0,94.0,110.0,11041.276462045967,0.0,0.8532934131736527,0.0
6.92,509,52338,86.0,74.0,86.0,94.0,110.0,14279.240546392823,0.0,0.8840864440078585,0.0
5.76,528,54035,86.0,74.0,86.0,94.0,110.0,14145.667265696737,0.0,0.8768939393939394,0.0
0.26,22,2418,86.0,86.0,86.0,94.0,108.40000000000003,8880.173553719009,0.0,0.8636363636363636,0.0
2.97,274,24852,86.0,74.0,86.0,86.0,94.0,2334.1951089562563,0.0,0.9014598540145985,0.0
1.93,165,14422,86.0,74.0,86.0,86.0,94.0,84.90784205693295,0.0,0.9090909090909091,0.0
9.07,816,81461,86.0,74.0,86.0,94.0,110.0,6850.342306745001,0.0,0.8725490196078431,0.0
1.16,87,7728,86.0,74.0,86.0,94.0,94.0,396.64843440348767,0.0,0.9080459770114943,0.0
2.8,250,24010,86.0,74.0,86.0,86.0,110.0,2681.6784,0.0,0.884,0.0
8.0,600,56987,86.0,74.0,86.0,94.0,110.0,2053.1645305555553,0.0,0.8716666666666667,0.0
0.43,76,6680,86.0,74.0,86.0,94.0,110.0,101.25207756232686,0.0,0.881578947368421,0.0
9.98,726,70835,86.0,74.0,86.0,94.0,110.0,5478.250766492879,0.0,0.8705234159779615,0.0
8.29,713,69463,86.0,74.0,86.0,94.0,110.0,2452.30025827696,0.0,0.8555399719495091,0.0
2.59,233,22664,86.0,74.0,86.0,94.0,110.0,2200.540625172687,0.0,0.8626609442060086,0.0
3.96,372,35892,86.0,74.0,86.0,94.0,110.0,3450.583073187651,0.0,0.8817204301075269,0.0
1.08,86,7536,86.0,74.0,86.0,94.0,94.0,87.9545700378583,0.0,0.9069767441860465,0.0
9.72,929,88560,86.0,74.0,86.0,94.0,110.0,2543.141943430265,0.0,0.8751345532831001,0.0
8.3,811,80010,86.0,74.0,86.0,94.0,110.0,5908.802735506392,0.0,0.8791615289765722,0.0
4.82,394,36481,86.0,74.0,86.0,94.0,110.0,1670.3533265479657,0.0,0.883248730964467,0.0
8.12,639,58748,86.0,74.0,86.0,94.0,110.0,2070.7691644563956,0.0,0.892018779342723,0.0
4.63,420,41987,86.0,74.0,86.0,94.0,110.0,10704.21570861678,0.0,0.8714285714285714,0.0
9.35,790,76017,86.0,74.0,86.0,94.0,110.0,6318.951067136676,0.0,0.8759493670886076,0.0
8.58,739,66354,86.0,74.0,86.0,94.0,110.0,638.8214736294703,0.0,0.8890392422192152,0.0
9.56,959,91198,86.0,74.0,86.0,94.0,110.0,5750.969740594837,0.0,0.8894681960375391,0.0
0.03,3,282,86.0,86.0,86.0,98.0,105.2,128.0,0.0,0.6666666666666666,0.0
9.79,973,102309,86.0,74.0,86.0,94.0,110.0,24240.95445898457,0.0,0.8756423432682425,0.0
6.52,543,50009,86.0,74.0,86.0,94.0,110.0,1988.460086349283,0.0,0.8784530386740331,0.0
2.61,257,23004,86.0,74.0,86.0,94.0,110.0,458.8569092643341,0.0,0.8832684824902723,0.0
6.21,568,57746,86.0,74.0,86.0,94.0,110.0,11709.54303461615,0.0,0.8714788732394366,0.0
9.07,839,77762,86.0,74.0,86.0,94.0,110.0,1176.9717510913865,0.0,0.8772348033373063,0.0
6.19,283,32602,86.0,74.0,86.0,94.0,188.8,8815.553072207167,0.0,0.7950530035335689,0.0
5.46,42,12544,189.0,94.0,94.0,270.0,675.9999999999999,96947.746031746,0.0,0.35714285714285715,0.0
0.16,1,1304,1304.0,1304.0,1304.0,1304.0,1304.0,0.0,0.0,0.0,0.0
2.95,20,5351,86.0,86.0,86.0,305.75,655.2000000000007,108276.84749999999,0.0,0.6,0.0
3.14,134,33820,86.0,86.0,86.0,110.0,549.0,181593.89418578747,0.0,0.7388059701492538,0.0
1.0,92,8199,86.0,74.0,86.0,86.0,108.40000000000009,338.71396502835535,0.0,0.8913043478260869,0.0
9.86,955,89557,86.0,74.0,86.0,94.0,110.0,2270.4266944436827,0.0,0.8827225130890053,0.0
1.75,149,13096,86.0,74.0,86.0,94.0,94.0,277.46497905499746,0.0,0.9060402684563759,0.0
7.44,811,88142,86.0,74.0,86.0,94.0,110.0,17174.162217718454,0.0,0.8618988902589396,0.0
6.44,698,66687,86.0,74.0,86.0,94.0,110.0,2933.560711734715,0.0,0.8724928366762178,0.0
6.68,751,69310,86.0,74.0,86.0,90.0,110.0,2844.405751053633,0.0,0.8961384820239681,0.0
1.56,150,13290,86.0,74.0,86.0,86.0,95.59999999999991,354.33333333333337,0.0,0.9,0.0
3.48,372,37178,86.0,74.0,86.0,94.0,110.0,4735.668545496587,0.0,0.8709677419354839,0.0
5.23,497,43804,86.0,74.0,86.0,94.0,110.0,178.02554562789211,0.0,0.8933601609657947,0.0
0.59,54,4744,86.0,74.0,86.0,92.0,105.20000000000005,94.05212620027432,0.0,0.8888888888888888,0.0
6.42,661,59444,86.0,74.0,86.0,94.0,110.0,900.9845670041036,0.0,0.8956127080181543,0.0
1.53,150,14286,86.0,74.0,86.0,94.0,95.59999999999991,3860.942399999999,0.0,0.9,0.0
1.05,114,10042,86.0,74.0,86.0,86.0,94.0,577.5712526931364,0.0,0.9122807017543859,0.0
2.96,301,27490,86.0,74.0,86.0,94.0,110.0,1748.2406595953694,0.0,0.893687707641196,0.0
2.69,231,23284,86.0,74.0,86.0,86.0,98.0,13414.188039954273,0.0,0.9004329004329005,0.0
4.88,338,34281,86.0,74.0,86.0,86.0,110.0,3129.445266272189,0.0,0.8609467455621301,0.0
0.83,22,2156,86.0,75.2,86.0,86.0,108.40000000000003,1561.8181818181818,0.0,0.8636363636363636,0.0
6.12,560,52668,86.0,74.0,86.0,94.0,110.0,3149.547499999999,0.0,0.8732142857142857,0.0
5.41,491,51355,86.0,74.0,86.0,94.0,110.0,6640.823897362296,0.0,0.8553971486761711,0.0
0.91,103,8933,86.0,74.0,86.0,86.0,94.0,104.17852766518993,0.0,0.9029126213592233,0.0
2.03,189,17134,86.0,74.0,86.0,94.0,110.0,513.4743148288122,0.0,0.8835978835978836,0.0
9.91,1002,96556,86.0,74.0,86.0,94.0,110.0,3600.9558567495747,0.0,0.8782435129740519,0.0
3.59,362,33915,86.0,74.0,86.0,94.0,110.0,1304.3749351362903,0.0,0.8729281767955801,0.0
5.79,588,58725,86.0,74.0,86.0,94.0,110.0,4898.842574274608,0.0,0.8707482993197279,0.0
3.37,348,32388,86.0,74.0,86.0,94.0,110.0,2780.029726516052,0.0,0.896551724137931,0.0
2.67,289,26896,86.0,74.0,86.0,94.0,110.0,2551.279414757965,0.0,0.8927335640138409,0.0
0.56,33,2858,86.0,74.0,86.0,86.0,94.0,90.29935720844811,0.0,0.9090909090909091,0.0
8.18,828,78226,86.0,74.0,86.0,94.0,110.0,3349.135889985764,0.0,0.8804347826086957,0.0
6.71,674,62202,86.0,74.0,86.0,94.0,110.0,2423.2287243878172,0.0,0.884272997032641,0.0
9.63,1024,101239,86.0,74.0,86.0,94.0,110.0,12130.063155174255,0.0,0.87890625,0.0
9.48,955,89719,86.0,74.0,86.0,94.0,110.0,1549.5081428688907,0.0,0.8670157068062827,0.0
2.66,329,34433,86.0,74.0,86.0,94.0,110.0,5451.48289465175,0.0,0.8358662613981763,0.0
4.66,385,35201,86.0,74.0,86.0,94.0,110.0,1073.8192882442231,0.0,0.8857142857142857,0.0
2.15,177,16273,86.0,74.0,86.0,94.0,110.0,941.3577196846372,0.0,0.8700564971751412,0.0
6.14,554,52028,86.0,74.0,86.0,94.0,110.0,2373.9961031682938,0.0,0.868231046931408,0.0
9.25,955,92574,86.0,74.0,86.0,94.0,110.0,5369.739375565364,0.0,0.8691099476439791,0.0
7.83,946,276159,86.0,74.0,86.0,94.0,110.0,525922.3989078305,0.0,0.8319238900634249,0.0
8.26,895,85949,86.0,74.0,86.0,94.0,110.0,5161.629117692953,0.0,0.8715083798882681,0.0
5.43,494,50307,86.0,74.0,86.0,94.0,110.0,7476.942750249963,0.0,0.8603238866396761,0.0
2.58,272,25257,86.0,74.0,86.0,94.0,110.0,2460.711059147924,0.0,0.8676470588235294,0.0
7.61,537,53376,86.0,74.0,86.0,94.0,110.0,3700.7309384850664,0.0,0.8715083798882681,0.0
3.52,366,33732,86.0,74.0,86.0,94.0,110.0,1291.1862402579952,0.0,0.8879781420765027,0.0
0.24,30,2588,86.0,74.0,77.0,92.0,98.0,94.86222222222221,0.0,0.9333333333333333,0.0
0.45,88,11585,86.0,74.0,86.0,94.0,324.0,18043.728176652894,0.0,0.8068181818181818,0.0
7.75,844,77653,86.0,74.0,86.0,94.0,110.0,1004.1907231980413,0.0,0.8803317535545023,0.0
0.53,73,6528,86.0,74.0,86.0,94.0,106.79999999999995,461.09363858134725,0.0,0.8904109589041096,0.0
1.3,124,11272,86.0,74.0,86.0,94.0,108.20000000000002,650.8616024973984,0.0,0.8870967741935484,0.0
6.52,616,55000,86.0,74.0,86.0,94.0,110.0,452.13914656771806,0.0,0.8944805194805194,0.0
8.05,778,74081,86.0,74.0,86.0,94.0,110.0,6163.333438518116,0.0,0.8920308483290489,0.0
6.27,620,59929,86.0,74.0,86.0,94.0,110.0,2901.40837408949,0.0,0.8774193548387097,0.0
3.2,344,39369,86.0,74.0,86.0,94.0,110.0,25063.0609028529,0.0,0.8546511627906976,0.0
5.62,577,52386,86.0,74.0,86.0,94.0,110.0,901.8191085787059,0.0,0.8873483535528596,0.0
2.59,299,28102,86.0,74.0,86.0,94.0,110.0,2610.862697285264,0.0,0.8795986622073578,0.0
3.95,445,40096,86.0,74.0,86.0,94.0,110.0,625.7241459411689,0.0,0.8943820224719101,0.0
3.95,412,42354,86.0,74.0,86.0,94.0,110.0,4908.251649542842,0.0,0.8470873786407767,0.0
9.46,989,110520,86.0,74.0,86.0,94.0,110.0,36877.40931438952,0.0,0.8503538928210314,0.0
0.47,35,2946,86.0,74.0,74.0,86.0,94.0,86.25632653061226,0.0,0.9428571428571428,0.0
5.0,419,38873,86.0,74.0,86.0,94.0,110.0,3602.9806961682843,0.0,0.8949880668257757,0.0
6.56,643,65360,86.0,74.0,86.0,94.0,110.0,5306.921564691171,0.0,0.8538102643856921,0.0
5.03,590,58741,86.0,74.0,86.0,94.0,110.0,3033.9717006607298,0.0,0.8542372881355932,0.0
3.45,351,32247,86.0,74.0,86.0,94.0,110.0,1047.7926802542188,0.0,0.886039886039886,0.0
9.32,822,74478,86.0,74.0,86.0,94.0,110.0,760.1609391372299,0.0,0.8844282238442822,0.0
6.27,688,66095,86.0,74.0,86.0,94.0,110.0,2562.4095773898052,0.0,0.872093023255814,0.0
0.94,98,8652,86.0,74.0,86.0,94.0,98.79999999999995,81.63265306122449,0.0,0.8979591836734694,0.0
3.53,305,27164,86.0,74.0,86.0,94.0,110.0,331.17316850309055,0.0,0.8950819672131147,0.0
0.49,39,3864,86.0,74.0,86.0,86.0,94.0,6039.968441814593,0.0,0.9230769230769231,0.0
6.45,609,54924,86.0,74.0,86.0,94.0,110.0,408.3721840698229,0.0,0.8801313628899836,0.0
9.17,789,73143,86.0,74.0,86.0,94.0,110.0,1572.6471492527967,0.0,0.8846641318124208,0.0
6.65,721,80864,86.0,74.0,86.0,94.0,110.0,27508.87739520353,0.0,0.8529819694868238,0.0
1.75,205,21263,86.0,74.0,86.0,94.0,110.0,6321.644640095181,0.0,0.8536585365853658,0.0
9.91,995,94246,86.0,74.0,86.0,94.0,110.0,2113.3294149137646,0.0,0.8834170854271357,0.0
8.66,878,86298,86.0,74.0,86.0,94.0,110.0,2969.8821405036297,0.0,0.8644646924829157,0.0
5.57,355,32983,86.0,74.0,86.0,94.0,110.0,1757.4622971632616,0.0,0.8845070422535212,0.0
9.82,636,64620,86.0,74.0,86.0,94.0,110.0,7252.393319093391,0.0,0.8710691823899371,0.0
2.9,244,22057,86.0,74.0,86.0,94.0,110.0,874.403436576189,0.0,0.8811475409836066,0.0
8.75,851,77618,86.0,74.0,86.0,94.0,110.0,869.5442839764102,0.0,0.881316098707403,0.0
7.92,741,67720,86.0,74.0,86.0,94.0,110.0,2149.3229232116946,0.0,0.8879892037786775,0.0
3.02,269,28095,86.0,74.0,86.0,94.0,110.0,27089.22065753651,0.0,0.8847583643122676,0.0
3.71,359,32673,86.0,74.0,86.0,94.0,110.0,877.2087895034953,0.0,0.8857938718662952,0.0
9.11,893,100550,86.0,74.0,86.0,94.0,110.0,36418.80254912854,0.0,0.8701007838745801,0.0
1.7,174,22003,86.0,74.0,86.0,94.0,133.80000000000058,33818.270874620146,0.0,0.8275862068965517,0.0
1.56,135,11842,86.0,74.0,86.0,94.0,103.60000000000014,96.83928669410149,0.0,0.8962962962962963,0.0
2.16,203,19249,86.0,74.0,86.0,94.0,110.0,3417.7320973573733,0.0,0.8866995073891626,0.0
8.38,817,78770,86.0,74.0,86.0,94.0,110.0,3328.7615256581007,0.0,0.8727050183598531,0.0
7.02,720,71138,86.0,74.0,86.0,94.0,110.0,6611.549992283951,0.0,0.8763888888888889,0.0
5.51,530,48050,86.0,74.0,86.0,94.0,110.0,735.1789960840158,0.0,0.8886792452830189,0.0
4.33,419,38656,86.0,74.0,86.0,94.0,110.0,2756.286783511144,0.0,0.8878281622911695,0.0
7.41,676,62567,86.0,74.0,86.0,94.0,110.0,2661.581323745667,0.0,0.8831360946745562,0.0
3.37,349,31174,86.0,74.0,86.0,94.0,110.0,422.5112109095984,0.0,0.8968481375358166,0.0
5.24,498,46472,86.0,74.0,86.0,94.0,110.0,2358.9876937468744,0.0,0.8855421686746988,0.0
3.38,392,37631,86.0,74.0,86.0,94.0,110.0,6760.691320022906,0.0,0.8801020408163265,0.0
5.03,506,46970,86.0,74.0,86.0,94.0,110.0,1526.6140230280112,0.0,0.8893280632411067,0.0
4.75,463,43322,86.0,74.0,86.0,94.0,110.0,1872.4872719469693,0.0,0.8812095032397408,0.0
8.47,731,67568,86.0,74.0,86.0,94.0,110.0,1119.42735716117,0.0,0.8809849521203831,0.0
0.74,71,6150,86.0,74.0,86.0,86.0,94.0,87.72862527276337,0.0,0.9154929577464789,0.0
6.13,556,49754,86.0,74.0,86.0,94.0,94.0,1497.2821670720975,0.0,0.9028776978417267,0.0
6.71,595,54942,86.0,74.0,86.0,94.0,110.0,4090.550288821411,0.0,0.8957983193277311,0.0
2.14,151,13884,86.0,74.0,86.0,94.0,110.0,1784.7918950923204,0.0,0.8807947019867549,0.0
9.27,806,76960,86.0,74.0,86.0,94.0,110.0,4925.15296566077,0.0,0.8560794044665012,0.0
5.09,428,38302,86.0,74.0,86.0,94.0,110.0,696.2452397589307,0.0,0.8948598130841121,0.0
7.38,655,64631,86.0,74.0,86.0,94.0,110.0,9973.819973195034,0.0,0.8732824427480916,0.0
2.6,210,19973,86.0,74.0,86.0,94.0,110.0,1670.9641950113378,0.0,0.8761904761904762,0.0
1.72,127,11408,86.0,74.0,86.0,94.0,110.0,395.969991939984,0.0,0.889763779527559,0.0
9.16,789,76888,86.0,74.0,86.0,94.0,110.0,4777.274109628431,0.0,0.8783269961977186,0.0
2.95,235,21190,86.0,74.0,86.0,86.0,94.0,1068.839112720688,0.0,0.902127659574468,0.0
0.45,64,5600,86.0,74.0,86.0,94.0,94.0,90.75,0.0,0.90625,0.0
6.07,574,56963,86.0,74.0,86.0,94.0,110.0,3640.606796853185,0.0,0.8641114982578397,0.0
7.6,630,57748,86.0,74.0,86.0,94.0,110.0,2169.258190980095,0.0,0.8904761904761904,0.0
5.79,610,60670,86.0,74.0,86.0,94.0,110.0,5481.559795753828,0.0,0.8721311475409836,0.0
5.15,506,46532,86.0,74.0,86.0,94.0,110.0,1668.4371728975614,0.0,0.8932806324110671,0.0
3.66,408,38684,86.0,74.0,86.0,94.0,110.0,4476.8035371011165,0.0,0.8897058823529411,0.0
8.43,841,81539,86.0,74.0,86.0,94.0,110.0,4632.904022587912,0.0,0.8775267538644471,0.0
0.32,73,6314,86.0,74.0,74.0,94.0,94.0,102.98967911428034,0.0,0.9041095890410958,0.0
6.29,539,51999,86.0,74.0,86.0,94.0,110.0,4159.510871847473,0.0,0.8831168831168831,0.0
5.93,582,55815,86.0,74.0,86.0,94.0,110.0,1808.9371435150742,0.0,0.8608247422680413,0.0
2.32,196,17756,86.0,74.0,86.0,94.0,110.0,720.6701374427322,0.0,0.8928571428571429,0.0
2.33,211,18950,86.0,74.0,86.0,94.0,110.0,512.9877585858361,0.0,0.8862559241706162,0.0
0.16,8,664,86.0,74.0,83.0,86.0,86.0,27.0,0.0,1.0,0.0
1.33,97,8736,86.0,81.20000000000002,86.0,94.0,110.0,243.83122542246772,0.0,0.8865979381443299,0.0
3.07,330,30717,86.0,74.0,86.0,94.0,110.0,1670.020578512397,0.0,0.8909090909090909,0.0
3.98,375,33987,86.0,74.0,86.0,94.0,110.0,768.072576,0.0,0.8906666666666667,0.0
1.19,124,10906,86.0,74.0,86.0,88.0,94.0,306.54604578564,0.0,0.9112903225806451,0.0
7.83,751,67340,86.0,74.0,86.0,94.0,110.0,794.3019675497029,0.0,0.8948069241011984,0.0
6.99,650,59118,86.0,74.0,86.0,94.0,110.0,2234.8406532544377,0.0,0.8938461538461538,0.0
8.31,898,87095,86.0,74.0,86.0,94.0,110.0,7568.767110530205,0.0,0.8875278396436526,0.0
5.64,525,47501,86.0,74.0,86.0,94.0,110.0,564.0628535147392,0.0,0.88,0.0
8.47,812,77346,86.0,74.0,86.0,94.0,110.0,3425.216427236769,0.0,0.8793103448275862,0.0
8.91,860,82362,86.0,74.0,86.0,94.0,110.0,2643.5097836668474,0.0,0.8790697674418605,0.0
9.31,823,77324,86.0,74.0,86.0,94.0,110.0,2044.2506019969617,0.0,0.8736330498177399,0.0
5.76,239,22314,86.0,74.0,86.0,94.0,94.0,4468.449081773779,0.0,0.9163179916317992,0.0
2.3,205,20228,86.0,78.80000000000003,86.0,94.0,103.59999999999991,8186.015133848897,0.0,0.8975609756097561,0.0
4.86,499,44682,86.0,74.0,86.0,94.0,110.0,735.1218910767428,0.0,0.8917835671342685,0.0
3.69,401,41680,86.0,74.0,86.0,94.0,110.0,18560.210881773117,0.0,0.8653366583541147,0.0
2.27,263,23964,86.0,74.0,86.0,94.0,110.0,617.1686159984965,0.0,0.8821292775665399,0.0
3.2,277,25012,86.0,74.0,86.0,94.0,110.0,906.1217531832817,0.0,0.8880866425992779,0.0
3.25,297,28306,86.0,74.0,86.0,94.0,110.0,2725.296693081205,0.0,0.8653198653198653,0.0
1.54,211,19859,86.0,74.0,86.0,94.0,110.0,960.6162934345588,0.0,0.8625592417061612,0.0
0.83,62,6749,86.0,74.0,86.0,86.0,114.5,8522.414412070757,0.0,0.8709677419354839,0.0
0.2,31,2779,86.0,74.0,86.0,94.0,94.0,99.00312174817897,0.0,0.9032258064516129,0.0
1.92,185,16878,86.0,74.0,86.0,94.0,110.0,748.8702994886778,0.0,0.8648648648648649,0.0
9.02,816,73955,86.0,74.0,86.0,94.0,110.0,894.2499624543445,0.0,0.8848039215686274,0.0
3.76,382,36261,86.0,74.0,86.0,94.0,110.0,4150.78219484115,0.0,0.8848167539267016,0.0
4.54,510,47172,86.0,74.0,86.0,86.0,110.0,2550.120553633218,0.0,0.8921568627450981,0.0
2.96,235,21958,86.0,74.0,86.0,94.0,110.0,2663.718533272975,0.0,0.8936170212765957,0.0
0.15,7,626,86.0,86.0,86.0,86.0,95.60000000000001,70.53061224489794,0.0,0.8571428571428571,0.0
9.94,970,92227,86.0,74.0,86.0,92.0,110.0,6787.188543947283,0.0,0.8917525773195877,0.0
7.91,796,102903,86.0,74.0,86.0,94.0,110.0,93015.61902950682,0.0,0.8479899497487438,0.0
0.76,90,7904,86.0,74.0,86.0,86.0,95.60000000000014,194.1017283950617,0.0,0.9,0.0
2.52,254,24106,86.0,74.0,86.0,94.0,110.0,1693.1800483600966,0.0,0.8818897637795275,0.0
3.18,328,29863,86.0,74.0,86.0,88.0,110.0,1039.1046159280188,0.0,0.8902439024390244,0.0
4.09,413,36693,86.0,74.0,86.0,94.0,110.0,521.0946303255575,0.0,0.8934624697336562,0.0
5.81,550,53230,86.0,74.0,86.0,94.0,110.0,5681.839669421487,0.0,0.889090909090909,0.0
3.84,389,37853,86.0,74.0,86.0,94.0,110.0,3443.60663754535,0.0,0.8740359897172236,0.0
4.5,437,43723,86.0,74.0,86.0,94.0,110.0,3933.605925569071,0.0,0.8581235697940504,0.0
1.26,149,13388,86.0,74.0,86.0,94.0,110.0,512.0855817305527,0.0,0.8791946308724832,0.0
6.93,716,67714,86.0,74.0,86.0,94.0,110.0,3456.107853999563,0.0,0.8924581005586593,0.0
5.97,652,71320,86.0,74.0,86.0,94.0,110.0,16275.755523354284,0.0,0.8634969325153374,0.0
8.9,865,78663,86.0,74.0,86.0,94.0,110.0,1298.9073687727623,0.0,0.8959537572254336,0.0
0.31,41,6586,86.0,86.0,86.0,94.0,348.0,60218.42712671029,0.0,0.8048780487804879,0.0
6.5,687,70090,86.0,74.0,86.0,94.0,110.0,5379.056226150446,0.0,0.8617176128093159,0.0
0.07,3,258,86.0,86.0,86.0,86.0,86.0,0.0,0.0,1.0,0.0
9.28,965,96543,86.0,74.0,86.0,94.0,110.0,10349.124439313808,0.0,0.883937823834197,0.0
6.73,703,64233,86.0,74.0,86.0,86.0,110.0,680.7992043851892,0.0,0.887624466571835,0.0
6.58,630,77600,86.0,74.0,86.0,94.0,110.0,81880.76633912824,0.0,0.8809523809523809,0.0
4.31,403,37388,86.0,74.0,86.0,94.0,110.0,1445.2467781957898,0.0,0.8734491315136477,0.0
1.53,159,15210,86.0,74.0,86.0,90.0,110.0,2522.173964637475,0.0,0.8742138364779874,0.0
3.92,963,1722262,86.0,86.0,86.0,86.0,94.0,81722104.70463431,0.0,0.9179646936656283,0.0
7.85,719,69781,86.0,74.0,86.0,94.0,110.0,9423.855343052957,0.0,0.8901251738525731,0.0
5.63,581,55666,86.0,74.0,86.0,94.0,110.0,1926.1362716664546,0.0,0.8691910499139415,0.0
8.12,692,63966,86.0,74.0,86.0,94.0,110.0,1188.1187894684085,0.0,0.880057803468208,0.0
4.21,379,34682,86.0,74.0,86.0,94.0,110.0,1171.5902841110824,0.0,0.8839050131926122,0.0
6.09,675,65244,86.0,74.0,86.0,94.0,110.0,2230.7702913580247,0.0,0.8622222222222222,0.0
9.55,972,93640,86.0,74.0,86.0,94.0,110.0,2706.019873325544,0.0,0.8693415637860082,0.0
5.59,594,55215,86.0,74.0,86.0,94.0,110.0,1526.824533210897,0.0,0.8787878787878788,0.0
6.28,704,68342,86.0,74.0,86.0,94.0,110.0,4287.53673004907,0.0,0.8735795454545454,0.0
7.61,858,77231,86.0,74.0,86.0,94.0,110.0,485.7818869165022,0.0,0.8904428904428905,0.0
6.5,701,62772,86.0,74.0,86.0,94.0,110.0,971.4176080227757,0.0,0.8958630527817404,0.0
5.77,656,61780,86.0,74.0,86.0,94.0,110.0,2942.477877751339,0.0,0.875,0.0
8.85,1018,94132,86.0,74.0,86.0,94.0,110.0,2570.773507127114,0.0,0.8889980353634578,0.0
3.54,412,45080,86.0,74.0,86.0,94.0,110.0,17718.791733433878,0.0,0.8592233009708737,0.0
4.87,462,42401,86.0,74.0,86.0,94.0,110.0,1554.7186943647987,0.0,0.8874458874458875,0.0
4.27,454,41918,86.0,74.0,86.0,94.0,110.0,1332.8335694463312,0.0,0.8788546255506607,0.0
9.01,595,58741,86.0,74.0,86.0,94.0,110.0,3785.9038598969,0.0,0.865546218487395,0.0
0.78,2,650,325.0,153.0,217.5,432.5,497.0,46225.0,0.0,0.0,0.0
9.84,60,17203,94.0,86.0,86.0,333.0,892.0,113193.83638888887,0.0,0.5666666666666667,0.0
1.51,176,16812,86.0,74.0,86.0,94.0,110.0,4695.95402892562,0.0,0.8806818181818182,0.0
2.66,286,30439,86.0,74.0,86.0,94.0,110.0,12768.308046848259,0.0,0.8531468531468531,0.0
3.16,320,35403,86.0,74.0,86.0,94.0,110.0,29488.619443359385,0.0,0.8625,0.0
0.55,50,4392,86.0,74.0,86.0,94.0,94.0,75.65440000000001,0.0,0.92,0.0
7.14,629,59668,86.0,74.0,86.0,94.0,110.0,2290.5039214843755,0.0,0.875993640699523,0.0
1.48,118,10632,86.0,74.0,86.0,86.0,101.59999999999997,525.3455903476012,0.0,0.8983050847457628,0.0
7.23,555,52325,86.0,74.0,86.0,94.0,110.0,2043.3508319129942,0.0,0.8846846846846846,0.0
2.46,201,18570,86.0,74.0,86.0,94.0,110.0,1253.2424444939484,0.0,0.8756218905472637,0.0
9.59,775,75490,86.0,74.0,86.0,94.0,110.0,4201.730280957336,0.0,0.8748387096774194,0.0
2.47,180,15697,86.0,74.0,86.0,86.0,94.0,103.97441358024695,0.0,0.9166666666666666,0.0
7.82,558,53517,86.0,74.0,86.0,94.0,110.0,3617.5418256445837,0.0,0.8817204301075269,0.0
3.52,201,19988,86.0,86.0,86.0,86.0,110.0,3469.8984678597067,0.0,0.8855721393034826,0.0
4.36,402,39163,86.0,74.0,86.0,94.0,110.0,3350.581971980891,0.0,0.8805970149253731,0.0
5.58,590,56556,86.0,74.0,86.0,94.0,110.0,2074.542441827061,0.0,0.8711864406779661,0.0
7.39,726,65927,86.0,74.0,86.0,94.0,110.0,1211.9922686671368,0.0,0.8911845730027548,0.0
9.99,1179,109739,86.0,74.0,86.0,94.0,110.0,2665.2101959582487,0.0,0.8846480067854113,0.0
9.99,1076,102198,86.0,74.0,86.0,94.0,110.0,2503.32486076754,0.0,0.8736059479553904,0.0
1.63,167,15532,86.0,86.0,86.0,94.0,110.0,1062.9879880956653,0.0,0.8802395209580839,0.0
8.38,852,79179,86.0,74.0,86.0,94.0,110.0,1445.2408293658666,0.0,0.8791079812206573,0.0
7.95,805,79553,86.0,74.0,86.0,94.0,110.0,5241.3452814320435,0.0,0.8757763975155279,0.0
6.75,642,59962,86.0,74.0,86.0,94.0,110.0,1329.679001562485,0.0,0.881619937694704,0.0
4.68,374,35355,86.0,74.0,86.0,94.0,110.0,3073.1152806771724,0.0,0.8796791443850267,0.0
2.99,255,22758,86.0,74.0,86.0,94.0,110.0,417.15072664359883,0.0,0.8901960784313725,0.0
1.38,119,10664,86.0,74.0,86.0,94.0,110.0,311.2791469528988,0.0,0.8907563025210085,0.0
3.24,291,27368,86.0,74.0,86.0,94.0,110.0,3821.8121184208976,0.0,0.8969072164948454,0.0
8.2,778,70976,86.0,74.0,86.0,94.0,110.0,1024.698296997773,0.0,0.884318766066838,0.0
9.59,1085,103952,86.0,74.0,86.0,94.0,110.0,8131.7309911019565,0.0,0.8811059907834101,0.0
6.66,702,68760,86.0,74.0,86.0,94.0,110.0,9831.04010519395,0.0,0.886039886039886,0.0
0.66,40,3654,86.0,86.0,86.0,94.0,94.0,438.2775,0.0,0.95,0.0
0.77,106,9208,86.0,74.0,86.0,86.0,102.0,93.58632965468138,0.0,0.8962264150943396,0.0
9.92,1148,109451,86.0,74.0,86.0,94.0,110.0,2594.6200595794535,0.0,0.8745644599303136,0.0
9.19,994,89760,86.0,74.0,86.0,94.0,110.0,1191.1644434008479,0.0,0.8903420523138833,0.0
2.87,447,78121,86.0,74.0,86.0,94.0,119.0,170156.7467631588,0.0,0.7941834451901566,0.0
9.71,1129,100975,86.0,74.0,86.0,94.0,110.0,401.3107596570329,0.0,0.8866253321523472,0.0
9.61,1211,116127,86.0,74.0,86.0,94.0,110.0,2879.398231597093,0.0,0.8695293146160198,0.0
1.43,191,17513,86.0,74.0,86.0,94.0,110.0,852.9988213042407,0.0,0.8795811518324608,0.0
5.35,628,59706,86.0,74.0,86.0,94.0,110.0,2546.6666091930706,0.0,0.8757961783439491,0.0
7.07,794,75018,86.0,74.0,86.0,94.0,110.0,3041.8894415928025,0.0,0.8753148614609572,0.0
2.88,287,25502,86.0,74.0,86.0,94.0,94.0,422.7496266799402,0.0,0.9024390243902439,0.0
3.02,346,35242,86.0,74.0,86.0,94.0,110.0,11081.256573891544,0.0,0.8728323699421965,0.0
8.32,936,85876,86.0,74.0,86.0,94.0,110.0,1325.6693330411276,0.0,0.8867521367521367,0.0
5.06,489,43276,86.0,74.0,86.0,94.0,94.0,489.55061245143673,0.0,0.9079754601226994,0.0
7.52,841,76485,86.0,74.0,86.0,94.0,110.0,1274.251467238622,0.0,0.8894173602853745,0.0
1.52,131,11729,86.0,74.0,86.0,94.0,110.0,586.0198123652468,0.0,0.8931297709923665,0.0
9.16,952,88563,86.0,74.0,86.0,94.0,110.0,1791.1683132811943,0.0,0.8718487394957983,0.0
9.11,928,83228,86.0,74.0,86.0,94.0,110.0,363.7609059155767,0.0,0.8836206896551724,0.0
1.29,174,15958,86.0,74.0,86.0,94.0,110.0,2122.699035539701,0.0,0.8850574712643678,0.0
9.67,1045,96248,86.0,74.0,86.0,94.0,110.0,1926.2342950024033,0.0,0.8870813397129187,0.0
0.41,100,10202,86.0,74.0,86.0,94.0,110.0,4898.119600000001,0.0,0.85,0.0
6.57,727,67379,86.0,74.0,86.0,94.0,110.0,1528.4841323749501,0.0,0.8872077028885832,0.0
0.1,19,1602,86.0,74.0,74.0,86.0,94.0,79.68975069252076,0.0,0.9473684210526315,0.0
2.68,299,27044,86.0,74.0,86.0,94.0,110.0,444.41453675014833,0.0,0.8862876254180602,0.0
6.78,714,66202,86.0,74.0,86.0,94.0,110.0,2032.955150687726,0.0,0.8809523809523809,0.0
7.7,851,79524,86.0,74.0,86.0,94.0,110.0,2060.216713315778,0.0,0.881316098707403,0.0
4.49,508,46048,86.0,74.0,86.0,94.0,110.0,525.7405914811832,0.0,0.8759842519685039,0.0
4.95,535,49030,86.0,74.0,86.0,94.0,110.0,1529.0925670364227,0.0,0.874766355140187,0.0
2.67,340,31565,86.0,74.0,86.0,94.0,110.0,4223.4532439446375,0.0,0.8764705882352941,0.0
7.13,922,84744,86.0,74.0,86.0,94.0,110.0,957.05320885936,0.0,0.8741865509761388,0.0
5.93,720,65338,86.0,74.0,86.0,94.0,110.0,537.3694367283953,0.0,0.8833333333333333,0.0
1.62,222,20116,86.0,74.0,86.0,94.0,110.0,298.18326434542655,0.0,0.8558558558558559,0.0
7.62,852,79844,86.0,74.0,86.0,94.0,110.0,3445.6339460865347,0.0,0.8814553990610329,0.0
2.67,477,53744,86.0,74.0,86.0,94.0,132.80000000000007,10252.89166655679,0.0,0.8218029350104822,0.0
6.61,749,70423,86.0,74.0,86.0,94.0,110.0,1471.5228493353843,0.0,0.8638184245660881,0.0
7.42,920,286968,86.0,74.0,86.0,94.0,115.0,573247.9177882798,0.0,0.8184782608695652,0.0
5.57,455,42822,86.0,74.0,86.0,94.0,110.0,1996.5891365777081,0.0,0.8791208791208791,0.0
9.33,849,80253,86.0,74.0,86.0,94.0,110.0,3970.3859289873362,0.0,0.8904593639575972,0.0
2.75,339,30854,86.0,74.0,86.0,94.0,110.0,602.7106969135318,0.0,0.8702064896755162,0.0
8.41,969,90526,86.0,74.0,86.0,94.0,110.0,1310.289336830816,0.0,0.8658410732714138,0.0
5.69,633,62534,86.0,74.0,86.0,94.0,110.0,8893.36343648066,0.0,0.8799368088467614,0.0
2.87,356,35714,86.0,74.0,86.0,94.0,110.0,7935.431163994445,0.0,0.8455056179775281,0.0
3.8,433,42199,86.0,74.0,86.0,94.0,110.0,4329.730853543409,0.0,0.8729792147806005,0.0
8.7,1114,122953,86.0,74.0,86.0,94.0,110.0,38346.80420645998,0.0,0.8626570915619389,0.0
5.33,607,63514,86.0,74.0,86.0,94.0,110.0,18292.48523404868,0.0,0.8698517298187809,0.0
6.11,666,59148,86.0,74.0,86.0,94.0,110.0,560.087330573817,0.0,0.8948948948948949,0.0
5.72,636,59382,86.0,74.0,86.0,94.0,110.0,3263.8426189628576,0.0,0.8805031446540881,0.0
9.38,1814,2046553,86.0,74.0,86.0,86.0,96.80000000000018,53053735.98299792,0.0,0.9068357221609702,0.0
6.44,739,65763,86.0,74.0,86.0,94.0,110.0,635.7914930940213,0.0,0.8944519621109608,0.0
5.93,753,69799,86.0,74.0,86.0,94.0,110.0,6746.892095187202,0.0,0.8911022576361222,0.0
3.02,348,31758,86.0,74.0,86.0,94.0,110.0,3726.31242568371,0.0,0.896551724137931,0.0
4.38,571,56377,86.0,74.0,86.0,94.0,110.0,15846.563113228083,0.0,0.8914185639229422,0.0
7.35,863,84525,86.0,74.0,86.0,94.0,110.0,9174.860043852523,0.0,0.8771726535341831,0.0
4.7,484,47358,86.0,74.0,86.0,94.0,110.0,8577.480756095894,0.0,0.8698347107438017,0.0
6.64,709,69927,86.0,74.0,86.0,94.0,110.0,11466.63709191316,0.0,0.8829337094499294,0.0
0.97,115,10144,86.0,74.0,86.0,86.0,103.60000000000014,142.2694896030246,0.0,0.8956521739130435,0.0
9.01,947,101840,86.0,74.0,86.0,94.0,110.0,17864.46173711459,0.0,0.8637803590285111,0.0
5.11,507,47314,86.0,74.0,86.0,86.0,110.0,2127.2753366089732,0.0,0.8915187376725838,0.0
7.87,751,68394,86.0,74.0,86.0,94.0,110.0,1376.555605397863,0.0,0.8934753661784287,0.0
5.79,566,50930,86.0,74.0,86.0,86.0,104.0,739.027956398507,0.0,0.8992932862190812,0.0
7.54,888,88299,86.0,74.0,86.0,94.0,110.0,7000.664798666908,0.0,0.8761261261261262,0.0
2.01,230,20648,86.0,74.0,86.0,94.0,110.0,364.9923629489603,0.0,0.8913043478260869,0.0
3.69,385,36132,86.0,74.0,86.0,94.0,110.0,2111.5253567212008,0.0,0.8649350649350649,0.0
1.27,121,10530,86.0,74.0,86.0,94.0,94.0,91.64401338706375,0.0,0.9090909090909091,0.0
7.82,798,74378,86.0,74.0,86.0,94.0,110.0,2235.584330500437,0.0,0.8822055137844611,0.0
1.24,118,10636,86.0,74.0,86.0,94.0,110.0,345.8121229531744,0.0,0.8728813559322034,0.0
9.21,1088,107403,86.0,74.0,86.0,94.0,110.0,12371.73643541171,0.0,0.8897058823529411,0.0
8.53,959,95509,86.0,74.0,86.0,94.0,110.0,11357.323861208391,0.0,0.8644421272158499,0.0
6.71,746,69263,86.0,74.0,86.0,94.0,110.0,2022.4842789785027,0.0,0.8887399463806971,0.0
7.42,894,93273,86.0,74.0,86.0,94.0,110.0,8400.931020374459,0.0,0.860178970917226,0.0
9.8,1045,94945,86.0,74.0,86.0,94.0,110.0,1245.6348984684416,0.0,0.8832535885167464,0.0
1.42,176,17076,86.0,74.0,86.0,94.0,110.0,2956.817665289256,0.0,0.8352272727272727,0.0
9.47,953,89848,86.0,74.0,86.0,94.0,110.0,5516.72796900273,0.0,0.8866736621196223,0.0
3.71,408,40550,86.0,74.0,86.0,94.0,110.0,4045.001994425221,0.0,0.8455882352941176,0.0
3.7,437,40029,86.0,74.0,86.0,94.0,110.0,2299.4391759919145,0.0,0.88558352402746,0.0
9.32,986,89923,86.0,74.0,86.0,94.0,110.0,1617.914442149525,0.0,0.8813387423935092,0.0
2.38,307,33423,86.0,74.0,86.0,94.0,110.0,16498.256639327738,0.0,0.8599348534201955,0.0
4.68,524,47535,86.0,74.0,86.0,94.0,110.0,678.9630375560865,0.0,0.8797709923664122,0.0
8.48,928,85643,86.0,74.0,86.0,94.0,110.0,1556.7739008156211,0.0,0.8760775862068966,0.0
4.75,508,45726,86.0,74.0,86.0,94.0,110.0,673.2636400272798,0.0,0.889763779527559,0.0
0.85,120,13370,86.0,74.0,86.0,94.0,110.50000000000004,10207.976388888892,0.0,0.8166666666666667,0.0
0.65,21,2116,86.0,86.0,86.0,94.0,94.0,2525.1337868480723,0.0,0.9047619047619048,0.0
4.88,531,51154,86.0,74.0,86.0,94.0,110.0,2364.9271778721177,0.0,0.8662900188323918,0.0
3.45,410,42197,86.0,74.0,86.0,94.0,110.0,7551.8008387864365,0.0,0.8609756097560975,0.0
4.32,454,41039,86.0,74.0,86.0,94.0,110.0,471.6881610355335,0.0,0.8810572687224669,0.0
5.94,630,56304,86.0,74.0,86.0,94.0,110.0,755.5255328798186,0.0,0.8920634920634921,0.0
5.46,677,68338,86.0,74.0,86.0,94.0,110.0,7627.543210226713,0.0,0.8611521418020679,0.0
1.67,125,10990,86.0,74.0,86.0,94.0,94.0,86.9376,0.0,0.904,0.0
6.59,734,67427,86.0,74.0,86.0,94.0,110.0,1346.3965969752542,0.0,0.8760217983651226,0.0
5.73,672,63703,86.0,74.0,86.0,94.0,110.0,3479.284330268565,0.0,0.8660714285714286,0.0
8.67,952,90489,86.0,74.0,86.0,94.0,110.0,2766.5005020390504,0.0,0.8771008403361344,0.0
7.08,422,39268,86.0,74.0,86.0,94.0,110.0,966.9404101435277,0.0,0.8791469194312796,0.0
0.58,20,1808,86.0,86.0,86.0,94.0,95.60000000000002,73.44000000000001,0.0,0.9,0.0
9.25,942,89136,86.0,74.0,86.0,94.0,110.0,2946.4405182089886,0.0,0.8768577494692145,0.0
4.46,454,42346,86.0,74.0,86.0,94.0,110.0,2215.2866347105514,0.0,0.8854625550660793,0.0
2.65,277,27218,86.0,74.0,86.0,94.0,110.0,4152.279007937025,0.0,0.8628158844765343,0.0
4.52,616,198014,86.0,74.0,86.0,94.0,283.0,574400.1145113005,0.0,0.801948051948052,0.0
1.39,154,13616,86.0,74.0,86.0,94.0,110.0,129.07404284027658,0.0,0.8896103896103896,0.0
3.7,374,37084,86.0,74.0,86.0,94.0,110.0,2995.2219394320687,0.0,0.8502673796791443,0.0
3.78,391,42972,86.0,74.0,86.0,94.0,110.0,13765.064723543153,0.0,0.8491048593350383,0.0
9.65,1063,99915,86.0,74.0,86.0,94.0,110.0,3089.2652435597793,0.0,0.8758231420507996,0.0
7.55,837,86574,86.0,74.0,86.0,94.0,110.0,22175.110597243092,0.0,0.8637992831541219,0.0
7.63,740,69822,86.0,74.0,86.0,94.0,110.0,3816.93680788897,0.0,0.8891891891891892,0.0
6.04,643,63722,86.0,74.0,86.0,94.0,110.0,4892.000667555127,0.0,0.8538102643856921,0.0
5.93,275,31054,86.0,74.0,86.0,94.0,110.0,10979.750532231406,0.0,0.8327272727272728,0.0
9.16,41,12562,94.0,94.0,94.0,432.0,800.0,139938.67697798926,0.0,0.5853658536585366,0.0
0.38,1,134,134.0,134.0,134.0,134.0,134.0,0.0,0.0,0.0,0.0
2.81,11,2410,94.0,94.0,94.0,94.0,94.0,156477.35537190083,0.0,0.9090909090909091,0.0
5.65,213,32365,86.0,86.0,86.0,98.0,134.0,84840.16165222952,0.0,0.7746478873239436,0.0
1.15,49,4484,86.0,74.0,86.0,94.0,110.0,627.3519366930444,0.0,0.8775510204081632,0.0
8.93,149,16107,86.0,86.0,86.0,94.0,110.0,6499.620737804604,0.0,0.8523489932885906,0.0
9.11,569,52584,86.0,74.0,86.0,94.0,110.0,1618.8473040298243,0.0,0.8840070298769771,0.0
4.16,562,238515,86.0,86.0,86.0,98.0,2942.0,818575.1553583414,0.0,0.7900355871886121,0.0
3.12,320,29136,86.0,74.0,86.0,94.0,110.0,954.41625,0.0,0.8875,0.0
9.6,1031,96889,86.0,74.0,86.0,94.0,110.0,4629.220556539704,0.0,0.8942774005819593,0.0
1.65,194,17664,86.0,74.0,86.0,94.0,110.0,855.3066213200127,0.0,0.8814432989690721,0.0
1.52,152,13998,86.0,74.0,86.0,86.0,94.0,1381.9125692520777,0.0,0.9013157894736842,0.0
0.26,13,1182,86.0,86.0,86.0,94.0,106.80000000000001,74.22485207100593,0.0,0.8461538461538461,0.0
3.45,379,33583,86.0,74.0,86.0,94.0,110.0,293.9847118858821,0.0,0.8970976253298153,0.0
6.85,712,64491,86.0,74.0,86.0,94.0,110.0,1063.746841860245,0.0,0.8918539325842697,0.0
5.76,638,62542,86.0,74.0,86.0,94.0,110.0,8583.597950098761,0.0,0.8793103448275862,0.0
3.62,334,29743,86.0,74.0,86.0,94.0,105.19999999999982,816.0962117680806,0.0,0.8982035928143712,0.0
0.76,48,4164,86.0,74.0,86.0,86.0,98.80000000000007,100.4375,0.0,0.8958333333333334,0.0
0.09,16,1336,86.0,74.0,74.0,88.0,94.0,63.75,0.0,1.0,0.0
9.74,1065,99376,86.0,74.0,86.0,94.0,110.0,4046.358803588352,0.0,0.888262910798122,0.0
6.73,632,58022,86.0,74.0,86.0,94.0,110.0,1545.725394568178,0.0,0.8781645569620253,0.0
0.29,71,6323,86.0,74.0,86.0,94.0,110.0,117.43344574489187,0.0,0.8732394366197183,0.0
7.71,707,68123,86.0,74.0,86.0,94.0,110.0,8518.305360218788,0.0,0.884016973125884,0.0
1.89,198,17176,86.0,74.0,86.0,86.0,94.0,90.51198857259465,0.0,0.9141414141414141,0.0
7.06,719,68813,86.0,74.0,86.0,94.0,110.0,4575.32278063529,0.0,0.8762169680111266,0.0
9.17,884,83446,86.0,74.0,86.0,94.0,110.0,2386.662245859012,0.0,0.8733031674208145,0.0
7.99,868,86460,86.0,74.0,86.0,94.0,110.0,5854.865000318546,0.0,0.869815668202765,0.0
7.81,840,80748,86.0,74.0,86.0,94.0,110.0,8470.914421768708,0.0,0.8976190476190476,0.0
0.31,38,3212,86.0,74.0,77.0,86.0,88.40000000000003,69.40720221606648,0.0,0.9473684210526315,0.0
0.01,1,86,86.0,86.0,86.0,86.0,86.0,0.0,0.0,1.0,0.0
3.45,215,24047,86.0,74.0,86.0,94.0,110.0,8269.776441319633,0.0,0.8325581395348837,0.0
4.14,34,8933,243.0,94.0,94.0,360.0,471.0,23812.371107266434,0.0,0.3235294117647059,0.0
0.54,2,1030,515.0,391.0,437.5,592.5,639.0,24025.0,0.0,0.0,0.0
4.86,23,6887,98.0,86.0,94.0,463.0,681.2,78782.33270321363,0.0,0.5217391304347826,0.0
0.62,28,6839,86.0,86.0,86.0,267.0,623.3000000000004,98842.75892857143,0.0,0.7142857142857143,0.0
5.46,328,33946,86.0,74.0,86.0,94.0,110.0,3804.4024018441405,0.0,0.8567073170731707,0.0
3.89,403,36346,86.0,74.0,86.0,90.0,97.20000000000005,967.0264702079318,0.0,0.9007444168734491,0.0
4.89,522,47255,86.0,74.0,86.0,94.0,110.0,1273.5941082779175,0.0,0.89272030651341,0.0
1.25,126,10932,86.0,74.0,86.0,86.0,94.0,81.70521541950113,0.0,0.9206349206349206,0.0
3.8,363,35743,86.0,74.0,86.0,94.0,98.0,14917.670301816052,0.0,0.90633608815427,0.0
8.7,928,85748,86.0,74.0,86.0,94.0,110.0,2499.2983613258025,0.0,0.8900862068965517,0.0
1.5,124,11144,86.0,86.0,86.0,94.0,105.20000000000005,201.72528616024985,0.0,0.8951612903225806,0.0
3.88,376,34188,86.0,74.0,86.0,94.0,110.0,1279.5529651425982,0.0,0.8936170212765957,0.0
4.77,398,41235,86.0,74.0,86.0,94.0,110.0,10540.575547334663,0.0,0.8768844221105527,0.0
9.12,771,74001,86.0,74.0,86.0,94.0,110.0,4831.030749897804,0.0,0.880674448767834,0.0
2.13,189,17694,86.0,74.0,86.0,94.0,110.0,1942.5744520030237,0.0,0.8835978835978836,0.0
4.12,364,34524,86.0,74.0,86.0,94.0,110.0,2443.16314454776,0.0,0.8818681318681318,0.0
3.97,272,26247,86.0,74.0,86.0,94.0,110.0,5124.522045307095,0.0,0.8933823529411765,0.0
6.49,620,58890,86.0,74.0,86.0,94.0,110.0,4173.073933402705,0.0,0.8806451612903226,0.0
1.11,99,8868,86.0,74.0,86.0,94.0,97.20000000000005,649.7190082644629,0.0,0.898989898989899,0.0
8.25,929,95666,86.0,74.0,86.0,94.0,110.0,8641.212621416595,0.0,0.8589881593110872,0.0
7.13,581,69567,86.0,74.0,86.0,94.0,110.0,65493.48142706059,0.0,0.8777969018932874,0.0
4.24,247,29651,86.0,74.0,86.0,94.0,144.0,12235.483846645577,0.0,0.8259109311740891,0.0
5.36,425,39008,86.0,74.0,86.0,86.0,94.0,2367.200199307959,0.0,0.908235294117647,0.0
7.8,729,70452,86.0,74.0,86.0,94.0,110.0,7846.281969212011,0.0,0.887517146776406,0.0
1.49,150,14345,86.0,74.0,86.0,94.0,110.0,2223.2455555555557,0.0,0.8666666666666667,0.0
5.86,615,60771,86.0,74.0,86.0,94.0,110.0,16624.355883402735,0.0,0.865040650406504,0.0
1.85,193,19655,86.0,74.0,86.0,94.0,110.0,4684.321350908748,0.0,0.8549222797927462,0.0
5.6,514,46675,86.0,74.0,86.0,94.0,110.0,1297.6457819194839,0.0,0.8949416342412452,0.0
9.7,861,79740,86.0,74.0,86.0,94.0,110.0,2921.8631928678665,0.0,0.8896631823461092,0.0
4.09,432,41605,86.0,74.0,86.0,94.0,110.0,5106.476975094306,0.0,0.8842592592592593,0.0
5.57,522,50448,86.0,74.0,86.0,94.0,110.0,4547.14889681596,0.0,0.8754789272030651,0.0
7.06,680,63810,86.0,74.0,86.0,94.0,110.0,3628.697361591697,0.0,0.888235294117647,0.0
5.23,582,53236,86.0,74.0,86.0,94.0,110.0,1101.18729112788,0.0,0.8865979381443299,0.0
8.09,967,88118,86.0,74.0,86.0,94.0,110.0,1153.7847563173134,0.0,0.890382626680455,0.0
9.46,1045,93376,86.0,74.0,86.0,94.0,94.0,906.7112785879444,0.0,0.9033492822966507,0.0
2.93,398,37870,86.0,74.0,86.0,86.0,110.0,5342.153152698164,0.0,0.8969849246231156,0.0
5.99,695,63664,86.0,74.0,86.0,94.0,110.0,2071.3530852440354,0.0,0.8935251798561151,0.0
0.79,77,7076,86.0,74.0,86.0,94.0,110.0,794.3788159892052,0.0,0.8831168831168831,0.0
5.95,653,58869,86.0,74.0,86.0,94.0,106.80000000000109,774.8575663271648,0.0,0.8989280245022971,0.0
5.18,576,51826,86.0,74.0,86.0,94.0,110.0,1116.4889925733023,0.0,0.8958333333333334,0.0
3.16,339,32866,86.0,74.0,86.0,94.0,110.0,8643.026983754056,0.0,0.8938053097345132,0.0
6.34,678,61988,86.0,74.0,86.0,94.0,110.0,1249.3598210944906,0.0,0.8893805309734514,0.0
6.16,663,61614,86.0,74.0,86.0,94.0,110.0,1510.304593818035,0.0,0.8868778280542986,0.0
5.44,607,59495,86.0,74.0,86.0,94.0,110.0,4058.1134539651352,0.0,0.8632619439868204,0.0
2.54,264,23342,86.0,74.0,86.0,94.0,98.0,145.75063131313132,0.0,0.9015151515151515,0.0
7.89,819,77756,86.0,74.0,86.0,94.0,110.0,3900.639888127067,0.0,0.8913308913308914,0.0
1.02,87,7712,86.0,74.0,86.0,86.0,94.0,258.8040692297531,0.0,0.9195402298850575,0.0
5.27,565,51610,86.0,74.0,86.0,94.0,110.0,1942.6260161328216,0.0,0.8920353982300885,0.0
1.51,140,12534,86.0,74.0,86.0,94.0,110.0,247.29204081632653,0.0,0.8857142857142857,0.0
1.75,206,18250,86.0,74.0,86.0,86.0,94.0,790.0376095767749,0.0,0.9077669902912622,0.0
8.09,998,126942,86.0,74.0,86.0,94.0,110.0,67990.32415532466,0.0,0.8476953907815631,0.0
6.6,652,58326,86.0,74.0,86.0,94.0,110.0,284.7297508374421,0.0,0.8895705521472392,0.0
4.57,397,35937,86.0,74.0,86.0,94.0,95.60000000000014,1255.7356876828098,0.0,0.9017632241813602,0.0
7.59,589,53680,86.0,74.0,86.0,94.0,110.0,1254.468354466867,0.0,0.8845500848896435,0.0
4.54,135,35323,94.0,86.0,86.0,220.0,514.8000000000005,144922.83434842248,0.0,0.6148148148148148,0.0
9.99,850,76016,86.0,74.0,86.0,86.0,110.0,675.4875349480968,0.0,0.8964705882352941,0.0
6.8,624,55774,86.0,74.0,86.0,94.0,110.0,635.1429877547668,0.0,0.8974358974358975,0.0
8.4,746,90194,86.0,74.0,86.0,94.0,110.0,74439.5134731077,0.0,0.8820375335120644,0.0
8.81,852,93128,86.0,74.0,86.0,94.0,110.0,20431.7871564284,0.0,0.8779342723004695,0.0
1.1,103,9152,86.0,74.0,86.0,90.0,94.0,344.8234517862193,0.0,0.9029126213592233,0.0
6.89,570,53567,86.0,74.0,86.0,94.0,110.0,2465.7170236996003,0.0,0.8789473684210526,0.0
3.08,265,24418,86.0,74.0,86.0,94.0,110.0,1930.6133997864008,0.0,0.8943396226415095,0.0
4.21,448,45528,86.0,74.0,86.0,94.0,110.0,4595.453125,0.0,0.8660714285714286,0.0
1.14,98,8596,86.0,74.0,86.0,94.0,98.79999999999995,94.04081632653062,0.0,0.8979591836734694,0.0
0.04,5,446,86.0,86.0,86.0,94.0,94.0,15.360000000000003,0.0,1.0,0.0
6.1,648,61433,86.0,74.0,86.0,94.0,110.0,3665.4230085924405,0.0,0.8919753086419753,0.0
4.07,250,30667,86.0,74.0,86.0,94.0,110.0,21187.109776,0.0,0.848,0.0
8.41,41,17146,118.0,94.0,94.0,958.0,1155.0,215727.9131469363,0.0,0.4634146341463415,0.0
9.71,22,7555,94.0,94.0,94.0,193.75,1135.3000000000004,197961.7871900826,0.0,0.5909090909090909,0.0
7.27,26,4349,94.0,86.0,86.0,117.25,126.0,52309.04289940829,0.0,0.5384615384615384,0.0
9.54,1066,165827,86.0,74.0,86.0,106.0,134.0,119118.2520240136,0.0,0.7354596622889306,0.0
2.94,368,32647,86.0,74.0,86.0,94.0,94.0,632.5571759806239,0.0,0.904891304347826,0.0
2.28,309,34070,86.0,74.0,86.0,94.0,110.0,39731.687016265016,0.0,0.889967637540453,0.0
9.24,1091,102234,86.0,74.0,86.0,94.0,110.0,6369.712320031995,0.0,0.8909257561869844,0.0
1.64,190,16641,86.0,74.0,86.0,94.0,95.59999999999991,95.22185595567868,0.0,0.9,0.0
6.92,862,82680,86.0,74.0,86.0,94.0,110.0,4240.807408444184,0.0,0.8758700696055685,0.0
0.97,61,5684,86.0,74.0,86.0,94.0,94.0,1989.9510884170918,0.0,0.9016393442622951,0.0
2.89,238,22652,86.0,74.0,86.0,86.0,94.0,3458.010874938211,0.0,0.907563025210084,0.0
0.49,37,3324,86.0,86.0,86.0,86.0,94.0,121.59532505478448,0.0,0.918918918918919,0.0
7.34,883,99682,86.0,74.0,86.0,86.0,110.0,33741.92564471219,0.0,0.8674971687429218,0.0
8.2,1052,104512,86.0,74.0,86.0,94.0,110.0,10369.724385201464,0.0,0.8906844106463878,0.0
4.37,477,49146,86.0,74.0,86.0,94.0,110.0,21465.73695660774,0.0,0.8805031446540881,0.0
3.9,387,37594,86.0,74.0,86.0,94.0,110.0,4482.561197577604,0.0,0.8785529715762274,0.0
7.82,808,87960,86.0,74.0,86.0,94.0,110.0,29802.983261444955,0.0,0.8836633663366337,0.0
3.4,440,66254,86.0,74.0,86.0,94.0,474.0,35851.08948347108,0.0,0.7818181818181819,0.0
5.9,658,95492,86.0,74.0,86.0,94.0,110.0,138589.75650631462,0.0,0.8677811550151976,0.0
9.79,856,91891,86.0,74.0,86.0,94.0,110.0,33012.49364436851,0.0,0.883177570093458,0.0
5.93,479,46641,86.0,74.0,86.0,94.0,110.0,4118.855644806291,0.0,0.8768267223382046,0.0
8.49,752,70294,86.0,74.0,86.0,94.0,110.0,2256.353150464011,0.0,0.8776595744680851,0.0
7.67,703,65373,86.0,74.0,86.0,94.0,110.0,2795.280154752342,0.0,0.8918918918918919,0.0
3.59,326,30534,86.0,74.0,86.0,94.0,110.0,2151.082464526328,0.0,0.8803680981595092,0.0
4.5,513,54217,86.0,74.0,86.0,94.0,110.0,33611.41222560409,0.0,0.884990253411306,0.0
5.78,599,53148,86.0,74.0,86.0,94.0,110.0,308.7322945030811,0.0,0.8931552587646077,0.0
9.11,1055,109642,86.0,74.0,86.0,94.0,110.0,23846.80590822309,0.0,0.8786729857819905,0.0
7.27,764,70512,86.0,74.0,86.0,94.0,110.0,3836.448068857761,0.0,0.8926701570680629,0.0
7.7,758,70254,86.0,74.0,86.0,94.0,110.0,2978.7546313378484,0.0,0.8891820580474934,0.0
8.54,928,90594,86.0,74.0,86.0,94.0,110.0,11031.799564320749,0.0,0.8868534482758621,0.0
4.19,494,163476,86.0,74.0,86.0,94.0,385.1999999999996,578039.8928682652,0.0,0.8036437246963563,0.0
2.74,305,27956,86.0,74.0,86.0,94.0,110.0,1948.3558613276002,0.0,0.8754098360655738,0.0
9.47,1014,99268,86.0,74.0,86.0,94.0,110.0,8908.042735042734,0.0,0.8875739644970414,0.0
9.1,936,90384,86.0,74.0,86.0,94.0,110.0,4586.350591715976,0.0,0.8803418803418803,0.0
8.85,968,93714,86.0,74.0,86.0,94.0,110.0,4859.582418379891,0.0,0.8739669421487604,0.0
2.91,347,39768,86.0,74.0,86.0,94.0,110.0,11694.53288375454,0.0,0.8270893371757925,0.0
0.45,47,4134,86.0,74.0,86.0,94.0,94.0,80.25350837483025,0.0,0.9148936170212766,0.0
7.41,1336,1625576,86.0,74.0,86.0,98.0,2822.0,20876441.272078592,0.0,0.8173652694610778,0.0
4.7,487,44244,86.0,74.0,86.0,94.0,110.0,1127.3676745274465,0.0,0.8891170431211499,0.0
3.93,428,41136,86.0,74.0,86.0,94.0,110.0,9830.772469211284,0.0,0.8925233644859814,0.0
4.15,445,45824,86.0,74.0,86.0,94.0,110.0,6352.442085595252,0.0,0.8651685393258427,0.0
3.41,347,31389,86.0,74.0,86.0,94.0,110.0,986.352000265761,0.0,0.8789625360230547,0.0
8.3,833,81031,86.0,74.0,86.0,94.0,110.0,5257.702874667275,0.0,0.8775510204081632,0.0
9.61,909,86990,86.0,74.0,86.0,94.0,110.0,5056.239172872183,0.0,0.8778877887788779,0.0
1.83,256,35309,86.0,74.0,86.0,94.0,110.0,59620.17808532715,0.0,0.83984375,0.0
6.57,656,83416,86.0,74.0,86.0,94.0,110.0,100848.46267102915,0.0,0.8871951219512195,0.0
4.78,561,56099,86.0,74.0,86.0,94.0,110.0,18276.244203596198,0.0,0.8894830659536542,0.0
1.72,157,14894,86.0,74.0,86.0,94.0,110.0,2486.791026005111,0.0,0.8662420382165605,0.0
3.13,274,26172,86.0,74.0,86.0,94.0,106.4000000000002,8616.99419255155,0.0,0.8978102189781022,0.0
1.4,191,17798,86.0,74.0,86.0,94.0,110.0,1854.6208711384008,0.0,0.8848167539267016,0.0
9.16,1094,116357,86.0,74.0,86.0,94.0,110.0,19862.252122262365,0.0,0.8756855575868373,0.0
9.46,1055,103963,86.0,74.0,86.0,94.0,110.0,10195.400746613957,0.0,0.8777251184834123,0.0
2.41,269,23658,86.0,74.0,86.0,94.0,94.80000000000007,224.27981923964566,0.0,0.9070631970260223,0.0
0.07,10,836,86.0,74.0,74.0,86.0,88.39999999999999,109.43999999999998,0.0,0.9,0.0
9.25,1002,98944,86.0,74.0,86.0,94.0,110.0,9117.211190393664,0.0,0.8822355289421158,0.0
6.06,649,82941,86.0,74.0,86.0,94.0,110.0,72276.90686869217,0.0,0.8613251155624037,0.0
0.84,86,8440,86.0,74.0,86.0,94.0,110.0,4373.46890210925,0.0,0.872093023255814,0.0
0.48,31,2746,86.0,86.0,86.0,86.0,94.0,66.630593132154,0.0,0.9032258064516129,0.0
1.9,219,22764,86.0,74.0,86.0,94.0,110.0,13384.325764683805,0.0,0.8812785388127854,0.0
9.26,960,92293,86.0,74.0,86.0,94.0,110.0,5263.140181206598,0.0,0.8854166666666666,0.0
3.5,336,30642,86.0,74.0,86.0,88.0,102.0,1796.580463435374,0.0,0.8988095238095238,0.0
6.87,766,80849,86.0,74.0,86.0,94.0,110.0,30697.307843464747,0.0,0.8864229765013055,0.0
2.33,286,30185,86.0,74.0,86.0,94.0,110.0,9590.499987774461,0.0,0.8496503496503497,0.0
4.37,400,35454,86.0,74.0,86.0,94.0,95.60000000000036,294.246775,0.0,0.9,0.0
2.29,284,33390,86.0,74.0,86.0,94.0,110.0,44076.35771672288,0.0,0.8873239436619719,0.0
8.94,463,47179,86.0,74.0,86.0,94.0,110.0,15356.441099226095,0.0,0.8898488120950324,0.0
9.98,918,99029,86.0,74.0,86.0,94.0,110.0,29856.366659784224,0.0,0.8660130718954249,0.0
1.7,151,13600,86.0,74.0,86.0,94.0,110.0,978.4591903863868,0.0,0.8874172185430463,0.0
9.37,797,76875,86.0,74.0,86.0,94.0,110.0,10687.500211741333,0.0,0.8833124215809285,0.0
9.16,774,78200,86.0,74.0,86.0,94.0,110.0,20147.88000854649,0.0,0.8772609819121447,0.0
9.33,876,97647,86.0,74.0,86.0,94.0,110.0,27745.326675580156,0.0,0.8698630136986302,0.0
2.02,203,18918,86.0,74.0,86.0,94.0,110.0,2962.8547162027708,0.0,0.8866995073891626,0.0
2.02,241,28208,86.0,74.0,86.0,94.0,110.0,41144.32571753241,0.0,0.8464730290456431,0.0
8.94,865,90504,86.0,74.0,86.0,94.0,110.0,5461.4958120886095,0.0,0.846242774566474,0.0
0.09,20,1696,86.0,74.0,74.0,86.0,88.40000000000003,99.36,0.0,0.9,0.0
4.01,315,29324,86.0,74.0,86.0,94.0,110.0,1666.9470798689842,0.0,0.8761904761904762,0.0
0.03,1,86,86.0,86.0,86.0,86.0,86.0,0.0,0.0,1.0,0.0
0.81,122,17357,86.0,74.0,86.0,94.0,324.9000000000002,43111.131752217145,0.0,0.819672131147541,0.0
1.87,230,47422,86.0,74.0,86.0,94.0,189.8999999999996,274954.89708884683,0.0,0.8043478260869565,0.0
5.38,547,64315,86.0,74.0,86.0,94.0,110.0,34566.48162321321,0.0,0.8555758683729433,0.0
9.09,783,70651,86.0,74.0,86.0,94.0,110.0,631.5085052904228,0.0,0.8863346104725415,0.0
1.21,124,13460,86.0,86.0,86.0,94.0,110.0,20061.570239334036,0.0,0.8709677419354839,0.0
4.71,457,47466,86.0,74.0,86.0,94.0,110.0,25377.018793482373,0.0,0.8971553610503282,0.0
3.48,298,26925,86.0,74.0,86.0,94.0,110.0,501.0872595829017,0.0,0.8825503355704698,0.0
3.77,329,30633,86.0,74.0,86.0,94.0,110.0,1013.7387865965765,0.0,0.8723404255319149,0.0
4.18,373,34962,86.0,74.0,86.0,94.0,110.0,2240.3302690308997,0.0,0.8766756032171582,0.0
2.44,211,18950,86.0,74.0,86.0,94.0,110.0,356.9308865479211,0.0,0.8909952606635071,0.0
4.05,461,51710,86.0,74.0,86.0,94.0,110.0,20522.322782219166,0.0,0.8459869848156182,0.0
9.34,783,72788,86.0,74.0,86.0,94.0,110.0,1436.377742872568,0.0,0.8812260536398467,0.0
1.12,93,8344,86.0,74.0,86.0,94.0,94.0,511.62076540640516,0.0,0.9032258064516129,0.0
9.98,803,73638,86.0,74.0,86.0,94.0,110.0,3080.8735486012133,0.0,0.8941469489414695,0.0
7.4,713,70135,86.0,74.0,86.0,94.0,110.0,11987.564458100316,0.0,0.876577840112202,0.0
7.15,631,58172,86.0,74.0,86.0,94.0,110.0,1273.92579886026,0.0,0.8906497622820919,0.0
8.71,840,79801,86.0,74.0,86.0,94.0,110.0,1957.827379535148,0.0,0.8726190476190476,0.0
3.18,289,26442,86.0,74.0,86.0,94.0,110.0,997.9316339603213,0.0,0.8788927335640139,0.0
6.41,653,65811,86.0,74.0,86.0,94.0,110.0,11010.081349127244,0.0,0.8790199081163859,0.0
3.64,909,1547463,86.0,86.0,86.0,86.0,94.0,64240691.35980131,0.0,0.9053905390539054,0.0
0.76,105,10124,86.0,74.0,86.0,94.0,110.0,3408.0529705215426,0.0,0.8857142857142857,0.0
4.75,493,48477,86.0,74.0,86.0,94.0,110.0,3184.8785142090687,0.0,0.8661257606490872,0.0
9.62,984,97894,86.0,74.0,86.0,94.0,110.0,7321.625813834358,0.0,0.8699186991869918,0.0
8.48,756,70676,86.0,74.0,86.0,94.0,110.0,1492.7815710646398,0.0,0.8796296296296297,0.0
6.49,593,57346,86.0,74.0,86.0,94.0,110.0,3671.8066708564515,0.0,0.8718381112984823,0.0
2.54,218,19844,86.0,74.0,86.0,94.0,110.0,1059.8432791852538,0.0,0.8853211009174312,0.0
2.7,262,24739,86.0,74.0,86.0,94.0,110.0,5026.954096497877,0.0,0.8816793893129771,0.0
7.39,744,71796,86.0,74.0,86.0,94.0,110.0,4720.451612903225,0.0,0.8776881720430108,0.0
0.39,71,6470,86.0,74.0,86.0,90.0,110.0,986.1106923229519,0.0,0.8873239436619719,0.0
6.18,582,52923,86.0,74.0,86.0,94.0,110.0,1175.5917295497218,0.0,0.8917525773195877,0.0
1.51,186,16246,86.0,74.0,86.0,94.0,102.0,113.31171233668633,0.0,0.8978494623655914,0.0
7.26,656,62750,86.0,74.0,86.0,94.0,110.0,7876.030701591315,0.0,0.8902439024390244,0.0
3.33,354,38163,86.0,74.0,86.0,94.0,110.0,12717.134324427847,0.0,0.8587570621468926,0.0
4.94,499,48500,86.0,74.0,86.0,94.0,110.0,3894.361010598351,0.0,0.875751503006012,0.0
6.57,678,63288,86.0,74.0,86.0,86.0,110.0,2192.6330957788396,0.0,0.887905604719764,0.0
4.66,437,40991,86.0,74.0,86.0,94.0,110.0,2116.749838979101,0.0,0.8810068649885584,0.0
3.9,339,30088,86.0,74.0,86.0,94.0,110.0,439.429729988427,0.0,0.8938053097345132,0.0
4.08,448,44885,86.0,74.0,86.0,94.0,110.0,7148.537662428253,0.0,0.8616071428571429,0.0
4.22,420,53646,86.0,74.0,86.0,98.0,270.0,16432.75013605442,0.0,0.7595238095238095,0.0
6.48,607,58614,86.0,74.0,86.0,94.0,110.0,4298.4436706301285,0.0,0.8813838550247117,0.0
7.23,676,75162,86.0,74.0,86.0,94.0,110.0,28607.817329575297,0.0,0.8742603550295858,0.0
4.84,504,53291,86.0,74.0,86.0,94.0,110.0,6667.634727733686,0.0,0.8511904761904762,0.0
0.12,13,1082,86.0,74.0,74.0,86.0,86.0,92.02366863905326,0.0,0.9230769230769231,0.0
7.91,680,73086,86.0,74.0,86.0,94.0,110.0,13500.77898788927,0.0,0.8632352941176471,0.0
7.91,571,53752,86.0,74.0,86.0,94.0,110.0,2893.228274971553,0.0,0.8844133099824869,0.0
5.4,404,38670,86.0,74.0,86.0,94.0,110.0,6437.771860601903,0.0,0.8886138613861386,0.0
6.61,228,26959,86.0,86.0,86.0,94.0,110.0,34331.74444059709,0.0,0.8421052631578947,0.0
3.66,109,11990,86.0,83.60000000000001,86.0,94.0,110.0,14837.284403669724,0.0,0.8715596330275229,0.0
9.78,767,77578,86.0,74.0,86.0,94.0,110.0,11821.338899758453,0.0,0.8657105606258149,0.0
1.81,158,15142,86.0,74.0,86.0,94.0,110.0,3764.83368049992,0.0,0.8670886075949367,0.0
9.31,733,70087,86.0,74.0,86.0,94.0,110.0,4401.728890783173,0.0,0.8813096862210096,0.0
9.65,843,81541,86.0,74.0,86.0,94.0,110.0,3123.458182590842,0.0,0.867141162514828,0.0
9.99,822,77923,86.0,74.0,86.0,94.0,110.0,3501.444126248365,0.0,0.8868613138686131,0.0
7.23,680,67218,86.0,74.0,86.0,94.0,110.0,5887.501029411765,0.0,0.8720588235294118,0.0
9.94,845,87365,86.0,74.0,86.0,94.0,110.0,5585.570561254859,0.0,0.8544378698224852,0.0
9.4,810,75743,86.0,74.0,86.0,94.0,110.0,2731.9165691205612,0.0,0.8839506172839506,0.0
0.3,17,1542,86.0,86.0,86.0,94.0,100.4,60.678200692041536,0.0,0.8823529411764706,0.0
8.27,757,71457,86.0,74.0,86.0,94.0,110.0,3498.4424054487486,0.0,0.8916776750330251,0.0
6.2,509,46851,86.0,74.0,86.0,86.0,110.0,2368.8722214288205,0.0,0.8958742632612967,0.0
8.73,834,88468,86.0,74.0,86.0,94.0,110.0,14033.092432528803,0.0,0.8561151079136691,0.0
3.54,272,24902,86.0,74.0,86.0,94.0,110.0,1609.9605860726645,0.0,0.8933823529411765,0.0
3.89,343,33286,86.0,74.0,86.0,86.0,110.0,8372.449982575288,0.0,0.8950437317784257,0.0
0.75,44,4118,86.0,74.0,86.0,88.0,105.20000000000005,1732.6508264462807,0.0,0.8863636363636364,0.0
1.24,93,8090,86.0,74.0,86.0,94.0,94.0,88.99988437969711,0.0,0.9139784946236559,0.0
2.31,219,23052,86.0,74.0,86.0,94.0,110.0,8868.192531431789,0.0,0.8721461187214612,0.0
0.44,58,5150,86.0,74.0,86.0,94.0,110.0,145.64684898929843,0.0,0.8793103448275862,0.0
8.38,603,59201,86.0,74.0,86.0,94.0,110.0,4733.538993809285,0.0,0.8689883913764511,0.0
3.45,355,32850,86.0,74.0,86.0,94.0,110.0,1150.5304503074785,0.0,0.8732394366197183,0.0
0.75,80,8374,86.0,74.0,86.0,94.0,110.0,4812.319375000001,0.0,0.8375,0.0
9.24,783,73172,86.0,74.0,86.0,94.0,110.0,3929.4889616352602,0.0,0.8914431673052363,0.0
2.97,263,25672,86.0,74.0,86.0,94.0,110.0,1923.279243591782,0.0,0.8517110266159695,0.0
4.41,416,40369,86.0,74.0,86.0,94.0,110.0,4477.265156943417,0.0,0.8653846153846154,0.0
5.1,508,51066,86.0,74.0,86.0,94.0,110.0,5284.296686093374,0.0,0.8700787401574803,0.0
4.33,405,36536,86.0,74.0,86.0,94.0,110.0,1016.4339216582837,0.0,0.8938271604938272,0.0
9.97,870,84224,86.0,74.0,86.0,94.0,110.0,7129.007271766414,0.0,0.8908045977011494,0.0
9.12,859,79578,86.0,74.0,86.0,94.0,110.0,2202.8030807135565,0.0,0.8882421420256111,0.0
9.42,928,95502,86.0,74.0,86.0,94.0,110.0,10684.548226627525,0.0,0.8588362068965517,0.0
6.67,562,50868,86.0,74.0,86.0,94.0,110.0,1085.2605210167042,0.0,0.896797153024911,0.0
8.16,857,83049,86.0,74.0,86.0,94.0,110.0,2974.8337597300833,0.0,0.8669778296382731,0.0
5.03,425,40418,86.0,74.0,86.0,94.0,110.0,3072.933292733564,0.0,0.8870588235294118,0.0
6.87,594,87796,86.0,74.0,86.0,94.0,110.0,249216.96859730865,0.0,0.8838383838383839,0.0
2.99,206,21288,86.0,74.0,86.0,86.0,110.0,13332.923366952582,0.0,0.8932038834951457,0.0
0.9,76,7578,86.0,74.0,86.0,94.0,110.0,2798.074099722992,0.0,0.8552631578947368,0.0
1.48,124,11756,86.0,74.0,86.0,94.0,110.0,1989.0270551508845,0.0,0.8870967741935484,0.0
7.37,598,78204,86.0,74.0,86.0,94.0,110.0,111610.72570776615,0.0,0.8862876254180602,0.0
1.03,66,6098,86.0,74.0,86.0,86.0,94.0,2690.5720844811763,0.0,0.9090909090909091,0.0
1.3,127,14200,86.0,74.0,86.0,94.0,110.0,21285.31861863724,0.0,0.8818897637795275,0.0
5.65,472,43714,86.0,74.0,86.0,86.0,94.0,1864.3597924447,0.0,0.9004237288135594,0.0
4.58,427,38362,86.0,74.0,86.0,94.0,110.0,674.7662083376749,0.0,0.8946135831381733,0.0
3.81,376,35526,86.0,74.0,86.0,94.0,110.0,4963.116766636486,0.0,0.8936170212765957,0.0
6.05,585,53688,86.0,74.0,86.0,94.0,110.0,1474.0687442472058,0.0,0.8923076923076924,0.0
0.5,24,2138,86.0,74.0,86.0,88.0,110.0,137.90972222222223,0.0,0.8333333333333334,0.0
3.77,393,35745,86.0,74.0,86.0,94.0,110.0,827.5093526018297,0.0,0.8854961832061069,0.0
7.35,649,58898,86.0,74.0,86.0,94.0,110.0,1784.519352992989,0.0,0.8983050847457628,0.0
8.52,855,85145,86.0,74.0,86.0,94.0,110.0,7542.8369618002125,0.0,0.8654970760233918,0.0
0.35,26,2722,86.0,86.0,86.0,94.0,127.0,1958.7514792899417,0.0,0.8076923076923077,0.0
7.43,700,66890,86.0,74.0,86.0,94.0,110.0,6179.786734693878,0.0,0.8971428571428571,0.0
4.72,542,54325,86.0,74.0,86.0,94.0,110.0,15375.158988167372,0.0,0.8856088560885609,0.0
6.23,704,68320,86.0,74.0,86.0,86.0,110.0,4148.020661157026,0.0,0.8792613636363636,0.0
9.72,988,96235,86.0,74.0,86.0,94.0,110.0,4217.1982443164125,0.0,0.8714574898785425,0.0
4.79,345,32221,86.0,74.0,86.0,94.0,110.0,1218.1634446544845,0.0,0.8695652173913043,0.0
0.91,34,4228,86.0,86.0,86.0,94.0,110.0,23366.463667820066,0.0,0.8529411764705882,0.0
3.31,143,18602,86.0,86.0,86.0,94.0,288.0,19129.657293755197,0.0,0.8181818181818182,0.0
8.37,632,60103,86.0,74.0,86.0,94.0,110.0,2863.618227747957,0.0,0.8813291139240507,0.0
9.7,854,82483,86.0,74.0,86.0,94.0,110.0,3861.0133837732888,0.0,0.8723653395784543,0.0
5.75,448,42007,86.0,74.0,86.0,94.0,110.0,2238.5455147879466,0.0,0.8861607142857143,0.0
3.33,338,38787,86.0,74.0,86.0,94.0,110.0,11870.32727320472,0.0,0.8372781065088757,0.0
9.03,747,70275,86.0,74.0,86.0,94.0,110.0,2542.9647263753814,0.0,0.8835341365461847,0.0
9.03,838,79030,86.0,74.0,86.0,94.0,110.0,3412.554377111089,0.0,0.8806682577565632,0.0
1.49,142,13523,86.0,75.20000000000002,86.0,94.0,110.0,4055.7558520134894,0.0,0.8802816901408451,0.0
9.52,919,88510,86.0,74.0,86.0,94.0,110.0,5258.06854685452,0.0,0.8781284004352558,0.0
7.87,756,69247,86.0,74.0,86.0,94.0,110.0,1194.5766548388901,0.0,0.8862433862433863,0.0
4.73,455,49134,86.0,74.0,86.0,94.0,110.0,16388.2591667673,0.0,0.8681318681318682,0.0
8.12,726,66268,86.0,74.0,86.0,94.0,110.0,1326.5644574975902,0.0,0.8898071625344353,0.0
8.68,867,86043,86.0,74.0,86.0,94.0,110.0,6251.740640078542,0.0,0.8685121107266436,0.0
0.5,64,5640,86.0,74.0,86.0,94.0,105.20000000000005,99.484375,0.0,0.890625,0.0
8.55,757,72770,86.0,74.0,86.0,94.0,110.0,4031.5235311465512,0.0,0.8797886393659181,0.0
1.48,168,14888,86.0,74.0,86.0,86.0,98.80000000000018,413.47392290249434,0.0,0.8988095238095238,0.0
5.52,1124,1830181,86.0,86.0,86.0,86.0,94.0,79652787.31321396,0.0,0.9065836298932385,0.0
5.77,47,14078,209.0,94.0,94.0,540.0,576.0,53304.589406971485,0.0,0.3404255319148936,0.0
0.63,3,1282,468.0,168.8,281.0,594.0,669.6,66139.55555555556,0.0,0.3333333333333333,0.0
2.97,16,5800,210.0,94.0,94.0,493.5,922.0,140689.0,0.0,0.375,0.0
6.22,192,36177,86.0,74.0,86.0,94.0,265.5000000000001,108383.05639648438,0.0,0.8020833333333334,0.0
7.01,738,72034,86.0,74.0,86.0,94.0,110.0,6209.994638699775,0.0,0.8766937669376694,0.0
9.32,1056,105860,86.0,74.0,86.0,94.0,110.0,7920.337106864095,0.0,0.884469696969697,0.0
5.34,541,51946,86.0,74.0,86.0,94.0,110.0,3127.6928191443926,0.0,0.8835489833641405,0.0
0.44,66,6247,86.0,86.0,86.0,86.0,102.0,2476.984618916438,0.0,0.8939393939393939,0.0
9.21,995,94737,86.0,74.0,86.0,94.0,110.0,4329.108372010808,0.0,0.8854271356783919,0.0
7.8,710,69384,86.0,74.0,86.0,94.0,110.0,5545.039285855981,0.0,0.8690140845070422,0.0
4.6,357,32783,86.0,74.0,86.0,94.0,110.0,1933.2509160526959,0.0,0.8879551820728291,0.0
8.09,633,57941,86.0,74.0,86.0,94.0,110.0,1429.95184794192,0.0,0.8878357030015798,0.0
5.52,467,42073,86.0,74.0,86.0,86.0,110.0,1345.2570464351709,0.0,0.8950749464668094,0.0
7.17,507,47078,86.0,74.0,86.0,94.0,110.0,2168.48222712401,0.0,0.8856015779092702,0.0
1.95,125,11046,86.0,74.0,86.0,94.0,110.0,184.152576,0.0,0.888,0.0
1.0,80,7522,86.0,74.0,86.0,88.0,110.0,3031.2493750000003,0.0,0.875,0.0
4.87,422,42310,86.0,86.0,86.0,94.0,110.0,16975.538689607158,0.0,0.8815165876777251,0.0
1.39,94,8694,86.0,74.0,86.0,94.0,110.0,1003.1222272521502,0.0,0.8829787234042553,0.0
1.78,178,15912,86.0,74.0,86.0,86.0,94.0,541.159954551193,0.0,0.9101123595505618,0.0
6.23,469,42240,86.0,74.0,86.0,94.0,110.0,913.2411109242094,0.0,0.8912579957356077,0.0
2.28,175,15552,86.0,74.0,86.0,94.0,103.59999999999991,516.5027265306121,0.0,0.8971428571428571,0.0
5.61,475,49373,86.0,74.0,86.0,94.0,110.0,20022.19255844875,0.0,0.8842105263157894,0.0
2.61,213,19692,86.0,74.0,86.0,94.0,110.0,1620.8672882364608,0.0,0.892018779342723,0.0
6.07,605,62851,86.0,74.0,86.0,94.0,110.0,5130.296083600845,0.0,0.859504132231405,0.0
1.07,95,8626,86.0,74.0,86.0,86.0,94.0,772.6652631578943,0.0,0.9052631578947369,0.0
4.05,465,46299,86.0,74.0,86.0,94.0,110.0,6588.258314255983,0.0,0.8688172043010752,0.0
0.72,15,1461,86.0,74.0,74.0,86.0,124.99999999999997,2036.7733333333333,0.0,0.8666666666666667,0.0
7.63,726,68722,86.0,74.0,86.0,94.0,110.0,4980.21113463713,0.0,0.8884297520661157,0.0
0.56,55,4879,86.0,74.0,86.0,94.0,103.60000000000002,95.22446280991733,0.0,0.8909090909090909,0.0
9.05,782,73345,86.0,74.0,86.0,86.0,110.0,2666.8325118883313,0.0,0.8938618925831202,0.0
6.11,580,57777,86.0,74.0,86.0,94.0,110.0,3992.8194143876335,0.0,0.8637931034482759,0.0
6.67,575,52687,86.0,74.0,86.0,94.0,110.0,1879.6766911153122,0.0,0.8973913043478261,0.0
5.31,439,40912,86.0,74.0,86.0,86.0,97.19999999999982,3503.6458818706838,0.0,0.8997722095671982,0.0
0.35,12,1306,86.0,86.0,86.0,86.0,86.0,5734.972222222223,0.0,0.9166666666666666,0.0
7.7,578,52052,86.0,74.0,86.0,94.0,98.80000000000109,863.1664850756098,0.0,0.8996539792387543,0.0
3.82,296,32337,86.0,74.0,86.0,94.0,110.0,13574.51688047845,0.0,0.8614864864864865,0.0
6.79,593,72672,86.0,74.0,86.0,94.0,110.0,85796.70283720415,0.0,0.8819561551433389,0.0
3.01,257,24746,86.0,74.0,86.0,94.0,110.0,5684.127208587562,0.0,0.8910505836575876,0.0
2.44,122,11452,86.0,86.0,86.0,86.0,110.0,1234.7368986831493,0.0,0.8852459016393442,0.0
0.54,28,2690,86.0,86.0,86.0,88.0,98.80000000000001,1406.1377551020407,0.0,0.8928571428571429,0.0
8.72,418,46095,86.0,86.0,86.0,86.0,110.0,23144.984117808657,0.0,0.8827751196172249,0.0
6.55,432,39727,86.0,74.0,86.0,94.0,110.0,1492.6118773576818,0.0,0.8819444444444444,0.0
8.91,766,73518,86.0,74.0,86.0,94.0,110.0,3933.814069221278,0.0,0.8668407310704961,0.0
6.66,574,51372,86.0,74.0,86.0,94.0,110.0,551.9155021913584,0.0,0.89198606271777,0.0
4.27,388,35027,86.0,74.0,86.0,94.0,110.0,856.514155330003,0.0,0.8917525773195877,0.0
2.9,304,57484,86.0,74.0,86.0,94.0,110.0,249842.76783240997,0.0,0.8552631578947368,0.0
3.92,370,33592,86.0,74.0,86.0,94.0,110.0,726.4258290723157,0.0,0.8810810810810811,0.0
1.56,112,9966,86.0,74.0,86.0,94.0,94.0,321.99968112244886,0.0,0.9017857142857143,0.0
2.19,201,18056,86.0,74.0,86.0,94.0,98.0,940.7276057523328,0.0,0.9054726368159204,0.0
2.99,318,29944,86.0,74.0,86.0,94.0,101.60000000000014,7238.992128475931,0.0,0.89937106918239,0.0
2.85,271,25359,86.0,74.0,86.0,94.0,110.0,3112.7682629593833,0.0,0.8892988929889298,0.0
1.68,157,13852,86.0,74.0,86.0,86.0,94.0,253.90920524159196,0.0,0.9044585987261147,0.0
6.14,597,57654,86.0,74.0,86.0,94.0,110.0,12087.95993367171,0.0,0.8911222780569514,0.0
7.33,792,77108,86.0,74.0,86.0,94.0,110.0,8228.810810121417,0.0,0.8926767676767676,0.0
3.71,398,37187,86.0,74.0,86.0,92.0,110.0,2800.1100540390394,0.0,0.8894472361809045,0.0
3.94,385,36811,86.0,74.0,86.0,94.0,110.0,2578.9021689998317,0.0,0.8805194805194805,0.0
5.97,563,53766,86.0,74.0,86.0,94.0,110.0,2952.306837577176,0.0,0.8845470692717584,0.0
1.58,140,12232,86.0,74.0,86.0,94.0,94.0,89.31918367346938,0.0,0.9071428571428571,0.0
0.39,37,3248,86.0,74.0,86.0,86.0,100.39999999999998,172.49379108838576,0.0,0.8918918918918919,0.0
8.64,807,73325,86.0,74.0,86.0,94.0,110.0,2103.517293692581,0.0,0.8946716232961586,0.0
2.41,276,29493,86.0,74.0,86.0,94.0,110.0,11790.447424385635,0.0,0.8659420289855072,0.0
1.84,154,13654,86.0,74.0,86.0,94.0,105.20000000000027,264.0028672626074,0.0,0.8961038961038961,0.0
4.8,452,40975,86.0,74.0,86.0,94.0,110.0,607.3904133056622,0.0,0.8849557522123894,0.0
3.37,304,27110,86.0,74.0,86.0,94.0,94.0,488.8894996537397,0.0,0.9013157894736842,0.0
3.9,377,35178,86.0,74.0,86.0,94.0,110.0,3604.595993780298,0.0,0.8938992042440318,0.0
2.53,226,20654,86.0,74.0,86.0,92.0,110.0,1196.4944005012142,0.0,0.8893805309734514,0.0
9.52,902,84103,86.0,74.0,86.0,94.0,110.0,3313.484251552353,0.0,0.8869179600886918,0.0
9.14,807,74270,86.0,74.0,86.0,94.0,110.0,2109.875046257269,0.0,0.8921933085501859,0.0
9.12,911,89911,86.0,74.0,86.0,94.0,110.0,5753.322904228235,0.0,0.8726673984632273,0.0
0.61,63,5642,86.0,74.0,86.0,86.0,110.0,238.11992945326273,0.0,0.8571428571428571,0.0
8.76,892,86693,86.0,74.0,86.0,94.0,110.0,2632.427108679041,0.0,0.8688340807174888,0.0
7.94,715,66222,86.0,74.0,86.0,94.0,110.0,2078.8346344564525,0.0,0.8825174825174825,0.0
2.83,274,25849,86.0,74.0,86.0,94.0,110.0,1385.3920960093774,0.0,0.8722627737226277,0.0
7.88,753,71188,86.0,74.0,86.0,94.0,110.0,2516.3759552317515,0.0,0.8791500664010624,0.0
9.88,895,82551,86.0,74.0,86.0,94.0,110.0,1520.1958166099685,0.0,0.88268156424581,0.0
2.3,224,20000,86.0,74.0,86.0,86.0,105.20000000000027,443.7665816326531,0.0,0.8973214285714286,0.0
5.97,584,55342,86.0,74.0,86.0,94.0,110.0,2056.564024676299,0.0,0.8767123287671232,0.0
7.31,696,68493,86.0,74.0,86.0,94.0,110.0,4408.802151456598,0.0,0.875,0.0
2.74,222,20516,86.0,74.0,86.0,94.0,110.0,1924.0444769093415,0.0,0.8873873873873874,0.0
2.44,186,16506,86.0,74.0,86.0,94.0,102.0,399.2559833506763,0.0,0.8978494623655914,0.0
3.72,352,34490,86.0,74.0,86.0,94.0,110.0,4851.278118543388,0.0,0.8778409090909091,0.0
0.84,74,6706,86.0,74.0,86.0,86.0,94.0,1363.775748721695,0.0,0.9054054054054054,0.0
6.21,623,64049,86.0,74.0,86.0,94.0,110.0,16707.837698291023,0.0,0.8812199036918138,0.0
7.67,734,69161,86.0,74.0,86.0,94.0,110.0,1598.8472870835776,0.0,0.8692098092643051,0.0
4.08,445,60630,86.0,74.0,86.0,94.0,110.0,101894.6445145815,0.0,0.8674157303370786,0.0
6.64,675,61480,86.0,74.0,86.0,94.0,110.0,1532.6911385459534,0.0,0.8962962962962963,0.0
0.36,58,6847,86.0,86.0,86.0,92.0,144.0,18253.80766944114,0.0,0.8103448275862069,0.0
4.09,478,47051,86.0,74.0,86.0,94.0,110.0,3375.868949248087,0.0,0.8661087866108786,0.0
6.16,629,60276,86.0,74.0,86.0,94.0,110.0,4346.975288203194,0.0,0.8823529411764706,0.0
8.52,947,91086,86.0,74.0,86.0,94.0,110.0,3597.7677186558126,0.0,0.8743400211193242,0.0
4.55,478,45573,86.0,74.0,86.0,94.0,110.0,3999.6514985732038,0.0,0.8891213389121339,0.0
6.55,674,61748,86.0,74.0,86.0,94.0,110.0,2279.5307170090427,0.0,0.8931750741839762,0.0
1.72,217,21259,86.0,74.0,86.0,94.0,110.0,7409.174074624648,0.0,0.8755760368663594,0.0
6.38,719,77764,86.0,74.0,86.0,94.0,110.0,9352.598822735175,0.0,0.8609179415855355,0.0
1.88,227,20514,86.0,74.0,86.0,90.0,110.0,832.1714374429938,0.0,0.8898678414096917,0.0
7.5,721,69602,86.0,74.0,86.0,94.0,110.0,3677.178014046603,0.0,0.8807212205270458,0.0
4.85,473,44105,86.0,74.0,86.0,94.0,110.0,1171.0096232495566,0.0,0.879492600422833,0.0
4.26,341,31692,86.0,74.0,86.0,94.0,110.0,1429.6179083427216,0.0,0.8856304985337243,0.0
1.31,111,9934,86.0,74.0,86.0,86.0,94.0,586.9166463761056,0.0,0.9099099099099099,0.0
0.86,62,5714,86.0,86.0,86.0,94.0,94.0,948.4255983350674,0.0,0.9032258064516129,0.0
6.52,543,53182,86.0,74.0,86.0,94.0,110.0,5002.044409172153,0.0,0.8729281767955801,0.0
7.49,354,33914,86.0,74.0,86.0,86.0,94.0,4934.113441220595,0.0,0.9067796610169492,0.0
9.0,802,78226,86.0,74.0,86.0,94.0,110.0,2964.211099433461,0.0,0.8678304239401496,0.0
6.26,55,12585,110.0,94.0,94.0,374.5,489.0,42138.40330578513,0.0,0.4727272727272727,0.0
8.06,100,19094,86.0,86.0,86.0,98.0,488.1,88562.93639999999,0.0,0.76,0.0
2.05,183,20703,86.0,86.0,86.0,94.0,110.0,10080.507390486428,0.0,0.8415300546448088,0.0
7.84,710,65793,86.0,74.0,86.0,94.0,110.0,1473.4364630033722,0.0,0.8802816901408451,0.0
4.4,404,36908,86.0,74.0,86.0,94.0,110.0,2698.33830016665,0.0,0.8960396039603961,0.0
8.58,839,82736,86.0,74.0,86.0,94.0,110.0,4765.4268248851795,0.0,0.8688915375446961,0.0
5.58,533,47968,86.0,74.0,86.0,94.0,110.0,677.2795356384794,0.0,0.8874296435272045,0.0
6.64,683,63203,86.0,74.0,86.0,94.0,110.0,1554.775692460058,0.0,0.8887262079062958,0.0
1.19,136,13963,86.0,74.0,86.0,86.0,110.0,6965.29492863322,0.0,0.875,0.0
6.15,592,54760,86.0,74.0,86.0,94.0,110.0,1707.2533783783783,0.0,0.8902027027027027,0.0
4.22,434,39675,86.0,74.0,86.0,94.0,110.0,862.9942714859097,0.0,0.880184331797235,0.0
4.01,396,35628,86.0,74.0,86.0,94.0,110.0,761.2718089990817,0.0,0.8914141414141414,0.0
2.76,278,25532,86.0,74.0,86.0,94.0,110.0,1968.4641581698675,0.0,0.8920863309352518,0.0
1.92,60,6340,86.0,74.0,86.0,94.0,115.0,3770.888888888889,0.0,0.8166666666666667,0.0
8.02,688,63813,86.0,74.0,86.0,94.0,110.0,1953.3873525385343,0.0,0.8895348837209303,0.0
5.53,560,50167,86.0,74.0,86.0,94.0,94.0,1218.8608131377553,0.0,0.9035714285714286,0.0
8.5,885,80646,86.0,74.0,86.0,94.0,110.0,1884.1707095662168,0.0,0.8915254237288136,0.0
9.26,987,95496,86.0,74.0,86.0,94.0,110.0,12125.421654764212,0.0,0.8926038500506586,0.0
6.26,552,49778,86.0,74.0,86.0,94.0,110.0,630.0880461037598,0.0,0.8913043478260869,0.0
3.83,362,33433,86.0,74.0,86.0,94.0,110.0,977.6547800738683,0.0,0.8729281767955801,0.0
4.77,394,36086,86.0,74.0,86.0,94.0,110.0,712.2268803628025,0.0,0.8807106598984772,0.0
8.8,786,75954,86.0,74.0,86.0,94.0,110.0,3350.1659965425483,0.0,0.8651399491094147,0.0
4.57,402,36000,86.0,74.0,86.0,94.0,110.0,497.6701566792901,0.0,0.8930348258706468,0.0
4.55,393,36072,86.0,74.0,86.0,94.0,110.0,1329.2723811743683,0.0,0.8854961832061069,0.0
7.44,680,62604,86.0,74.0,86.0,94.0,110.0,1192.695813148789,0.0,0.8808823529411764,0.0
7.54,695,63793,86.0,74.0,86.0,94.0,110.0,2388.6329610268617,0.0,0.8892086330935252,0.0
7.29,685,64361,86.0,74.0,86.0,94.0,110.0,3761.6259449091585,0.0,0.8817518248175182,0.0
9.99,1022,94139,86.0,74.0,86.0,94.0,110.0,1862.9746180889313,0.0,0.8864970645792564,0.0
3.79,374,33602,86.0,74.0,86.0,94.0,110.0,648.093597186079,0.0,0.893048128342246,0.0
5.33,492,47143,86.0,74.0,86.0,94.0,110.0,4866.066870744927,0.0,0.8841463414634146,0.0
6.95,711,69134,86.0,74.0,86.0,94.0,110.0,6740.944831174176,0.0,0.8804500703234881,0.0
0.72,39,3462,86.0,86.0,86.0,90.0,97.20000000000005,72.33136094674558,0.0,0.8974358974358975,0.0
4.46,435,40067,86.0,74.0,86.0,94.0,110.0,898.3998203197252,0.0,0.8804597701149425,0.0
4.88,545,51348,86.0,74.0,86.0,94.0,110.0,2121.707250231462,0.0,0.8788990825688073,0.0
9.1,907,80987,86.0,74.0,86.0,94.0,110.0,424.86566445713794,0.0,0.8952590959206174,0.0
6.67,664,62027,86.0,74.0,86.0,94.0,110.0,2122.1492574212507,0.0,0.8885542168674698,0.0
1.74,195,17200,86.0,74.0,86.0,94.0,103.59999999999991,177.06561472715316,0.0,0.8974358974358975,0.0
2.25,243,22575,86.0,74.0,86.0,94.0,110.0,964.4511507392167,0.0,0.8683127572016461,0.0
8.02,838,76987,86.0,74.0,86.0,94.0,110.0,1486.7837973695753,0.0,0.8866348448687351,0.0
8.89,911,82144,86.0,74.0,86.0,94.0,110.0,745.747494038589,0.0,0.8902305159165752,0.0
3.7,392,35934,86.0,74.0,86.0,94.0,110.0,2316.9818565181167,0.0,0.8877551020408163,0.0
0.62,95,8610,86.0,74.0,86.0,94.0,110.0,595.0537396121883,0.0,0.8842105263157894,0.0
3.71,179,16523,86.0,74.0,86.0,94.0,110.0,330.8608969757498,0.0,0.8659217877094972,0.0
7.02,44,6978,94.0,94.0,94.0,202.0,327.0,10030.423553719009,0.0,0.5681818181818182,0.0
6.01,19,5728,94.0,86.0,94.0,419.5,796.7999999999997,114351.72299168976,0.0,0.5263157894736842,0.0
1.65,223,24700,86.0,74.0,86.0,94.0,110.0,26215.535442096163,0.0,0.8834080717488789,0.0
5.61,691,70513,86.0,74.0,86.0,94.0,110.0,26771.76209734,0.0,0.8842257597684515,0.0
5.93,746,88806,86.0,74.0,86.0,94.0,110.0,65894.16169885502,0.0,0.853887399463807,0.0
6.59,728,66432,86.0,74.0,86.0,94.0,110.0,889.3207342108441,0.0,0.8832417582417582,0.0
6.13,635,60552,86.0,74.0,86.0,94.0,110.0,3124.110003100006,0.0,0.8755905511811024,0.0
6.88,636,59084,86.0,74.0,86.0,94.0,110.0,2498.156540484949,0.0,0.8789308176100629,0.0
9.83,803,79476,86.0,74.0,86.0,94.0,110.0,7527.988108106433,0.0,0.8829389788293898,0.0
9.96,1228,114170,86.0,74.0,86.0,94.0,110.0,2493.3265949771353,0.0,0.8900651465798045,0.0
2.34,276,24876,86.0,74.0,86.0,94.0,110.0,1136.7366099558915,0.0,0.894927536231884,0.0
6.34,806,74697,86.0,74.0,86.0,94.0,110.0,2792.923675719942,0.0,0.8883374689826302,0.0
9.12,995,89983,86.0,74.0,86.0,94.0,110.0,997.986501350976,0.0,0.8964824120603015,0.0
9.85,1171,104379,86.0,74.0,86.0,86.0,94.0,1100.1196740762566,0.0,0.9043552519214346,0.0
8.01,821,74477,86.0,74.0,86.0,94.0,110.0,655.1246111141608,0.0,0.879415347137637,0.0
3.19,354,31758,86.0,74.0,86.0,94.0,110.0,349.71358804941104,0.0,0.884180790960452,0.0
2.6,276,24658,86.0,74.0,86.0,94.0,110.0,255.10864314219705,0.0,0.8840579710144928,0.0
7.14,803,72670,86.0,74.0,86.0,94.0,110.0,940.4044174321389,0.0,0.8916562889165629,0.0
0.57,47,4386,86.0,74.0,86.0,94.0,110.0,628.6428248076053,0.0,0.851063829787234,0.0
8.57,1013,89953,86.0,74.0,86.0,94.0,110.0,421.7620119103189,0.0,0.8963474827245804,0.0
1.88,208,19930,86.0,74.0,86.0,94.0,110.0,4215.101238905325,0.0,0.8701923076923077,0.0
6.46,764,71354,86.0,74.0,86.0,94.0,107.60000000000036,9137.49296208985,0.0,0.8979057591623036,0.0
7.3,841,77276,86.0,74.0,86.0,94.0,110.0,2065.2545084626904,0.0,0.8763376932223543,0.0
2.12,244,22070,86.0,74.0,86.0,94.0,110.0,2121.7311878527285,0.0,0.8934426229508197,0.0
5.22,571,51000,86.0,74.0,86.0,87.0,94.0,531.8977674586939,0.0,0.9036777583187391,0.0
4.16,539,51378,86.0,74.0,86.0,86.0,98.0,14740.503660664808,0.0,0.9035250463821892,0.0
9.73,1251,115040,86.0,74.0,86.0,94.0,110.0,6131.83520266121,0.0,0.8976818545163869,0.0
3.8,482,42724,86.0,74.0,86.0,94.0,110.0,233.42984797093712,0.0,0.8921161825726142,0.0
4.66,630,59730,86.0,74.0,86.0,94.0,110.0,7588.5541950113375,0.0,0.8968253968253969,0.0
4.74,700,65513,86.0,74.0,86.0,94.0,110.0,1635.0533285714287,0.0,0.8842857142857142,0.0
9.1,1038,95313,86.0,74.0,86.0,94.0,110.0,1991.5190144452984,0.0,0.8921001926782274,0.0
7.27,742,71470,86.0,74.0,86.0,94.0,110.0,6471.6329654681385,0.0,0.8827493261455526,0.0
1.76,155,15284,86.0,74.0,86.0,94.0,110.0,2920.0709261186257,0.0,0.864516129032258,0.0
3.91,411,36524,86.0,74.0,86.0,94.0,94.0,422.7825788386287,0.0,0.9002433090024331,0.0
3.79,390,36526,86.0,74.0,86.0,92.0,110.0,2091.712715318869,0.0,0.8871794871794871,0.0
0.94,109,9732,86.0,74.0,86.0,94.0,110.0,334.49709620402314,0.0,0.8899082568807339,0.0
3.68,419,43608,86.0,74.0,86.0,94.0,110.0,20379.965527651355,0.0,0.883054892601432,0.0
0.04,11,1018,86.0,86.0,86.0,98.0,110.0,114.2479338842975,0.0,0.7272727272727273,0.0
1.1,129,11658,86.0,74.0,86.0,94.0,110.0,429.38092662700564,0.0,0.8837209302325582,0.0
3.34,384,36846,86.0,74.0,86.0,94.0,110.0,4442.253011067708,0.0,0.8802083333333334,0.0
6.04,524,50074,86.0,74.0,86.0,94.0,110.0,3741.9447438960437,0.0,0.8759541984732825,0.0
2.48,24,7020,154.5,94.0,94.0,509.5,728.0999999999999,61624.25,0.0,0.375,0.0
2.77,16,4608,115.0,94.0,94.0,279.0,689.5,112663.125,0.0,0.5,0.0
2.61,13,4071,94.0,94.0,94.0,173.0,1100.0000000000007,186485.82248520709,0.0,0.6153846153846154,0.0
6.65,140,24290,86.0,86.0,86.0,98.0,270.2000000000005,78976.93571428572,0.0,0.7571428571428571,0.0
6.74,705,73683,86.0,74.0,86.0,94.0,110.0,19541.265381017052,0.0,0.8921985815602836,0.0
1.69,190,17585,86.0,74.0,86.0,92.0,110.0,1409.4788088642656,0.0,0.8842105263157894,0.0
8.16,958,87099,86.0,74.0,86.0,94.0,110.0,863.7687738895838,0.0,0.8893528183716075,0.0
4.05,498,45246,86.0,74.0,86.0,86.0,110.0,884.4369284366383,0.0,0.8875502008032129,0.0
3.26,379,35231,86.0,74.0,86.0,94.0,110.0,1506.7264499690198,0.0,0.8812664907651715,0.0
6.04,642,61161,86.0,74.0,86.0,94.0,110.0,2311.01160945643,0.0,0.8785046728971962,0.0
4.86,516,48023,86.0,74.0,86.0,94.0,110.0,1684.4547014902948,0.0,0.8546511627906976,0.0
5.7,677,64840,86.0,74.0,86.0,94.0,110.0,6430.912663174272,0.0,0.8818316100443131,0.0
1.51,153,13973,86.0,74.0,86.0,94.0,110.0,1655.8409158870522,0.0,0.8888888888888888,0.0
8.59,949,85935,86.0,74.0,86.0,94.0,110.0,1251.1175581639375,0.0,0.8946259220231823,0.0
8.97,561,56827,86.0,74.0,86.0,94.0,110.0,8272.194083013208,0.0,0.8502673796791443,0.0
2.02,6,2081,276.5,94.0,100.0,486.75,670.0,75328.80555555556,0.0,0.3333333333333333,0.0
9.1,18,5135,94.0,94.0,94.0,134.0,809.4000000000003,154758.42283950618,0.0,0.6111111111111112,0.0
7.61,263,47837,86.0,86.0,86.0,110.0,182.0,147400.54677673522,0.0,0.7110266159695817,0.0
8.06,278,35444,86.0,86.0,86.0,86.0,144.0,33271.95502303194,0.0,0.8489208633093526,0.0
9.18,541,54672,86.0,74.0,86.0,94.0,110.0,14061.296162033068,0.0,0.8724584103512015,0.0
3.37,351,32317,86.0,74.0,86.0,94.0,110.0,2853.069001063303,0.0,0.8945868945868946,0.0
4.27,445,40532,86.0,74.0,86.0,94.0,103.60000000000036,1906.3593788663045,0.0,0.898876404494382,0.0
6.5,481,49092,86.0,74.0,86.0,86.0,98.0,16968.125008104213,0.0,0.9022869022869023,0.0
0.98,58,5538,86.0,86.0,86.0,86.0,94.0,4098.560047562425,0.0,0.9310344827586207,0.0
1.13,115,10945,86.0,74.0,86.0,86.0,94.0,2529.3088846880905,0.0,0.9130434782608695,0.0
4.22,387,35397,86.0,74.0,86.0,86.0,110.0,1828.455501472267,0.0,0.896640826873385,0.0
4.98,646,63493,86.0,74.0,86.0,94.0,110.0,8641.049566755168,0.0,0.8885448916408669,0.0
8.56,1094,108154,86.0,74.0,86.0,94.0,110.0,7185.459672001845,0.0,0.8793418647166362,0.0
3.07,339,30038,86.0,74.0,86.0,94.0,97.19999999999982,276.69268453981437,0.0,0.8997050147492626,0.0
1.21,169,16106,86.0,74.0,86.0,86.0,110.0,4230.589405132874,0.0,0.8875739644970414,0.0
4.89,416,38907,86.0,74.0,86.0,94.0,110.0,4418.989685419749,0.0,0.8846153846153846,0.0
5.34,460,42367,86.0,74.0,86.0,94.0,110.0,2606.696082230624,0.0,0.8891304347826087,0.0
3.43,279,26384,86.0,74.0,86.0,94.0,110.0,3483.822664148714,0.0,0.8853046594982079,0.0
1.19,103,8980,86.0,74.0,86.0,86.0,94.0,96.32519558865113,0.0,0.9029126213592233,0.0
6.75,616,68877,86.0,74.0,86.0,94.0,110.0,24141.17131630544,0.0,0.8555194805194806,0.0
1.17,110,9840,86.0,74.0,86.0,94.0,110.0,178.82975206611573,0.0,0.8909090909090909,0.0
6.46,695,69502,86.0,74.0,86.0,94.0,110.0,8431.582725531805,0.0,0.8776978417266187,0.0
1.59,149,17544,86.0,74.0,86.0,94.0,110.0,40573.94838070359,0.0,0.825503355704698,0.0
2.91,319,31041,86.0,74.0,86.0,94.0,110.0,3632.1940232505576,0.0,0.8683385579937304,0.0
6.91,654,65126,86.0,74.0,86.0,94.0,110.0,5846.876460080989,0.0,0.8792048929663608,0.0
1.13,113,10392,86.0,74.0,86.0,94.0,110.0,1041.4854726290237,0.0,0.8849557522123894,0.0
2.54,252,23980,86.0,74.0,86.0,94.0,110.0,4403.958931720837,0.0,0.8849206349206349,0.0
6.39,549,52324,86.0,74.0,86.0,94.0,110.0,6326.515439563903,0.0,0.8870673952641166,0.0
5.46,485,45190,86.0,74.0,86.0,94.0,110.0,3645.492996067593,0.0,0.8886597938144329,0.0
9.05,824,87334,86.0,74.0,86.0,94.0,110.0,14985.439173107736,0.0,0.8604368932038835,0.0
5.9,466,42882,86.0,74.0,86.0,94.0,110.0,1128.9694965831015,0.0,0.8819742489270386,0.0
4.91,575,74418,86.0,74.0,86.0,94.0,110.0,91198.93618449905,0.0,0.8730434782608696,0.0
3.19,257,23701,86.0,74.0,86.0,94.0,110.0,1089.5733773410648,0.0,0.8793774319066148,0.0
2.15,233,40796,86.0,74.0,86.0,94.0,110.0,213919.4983145757,0.0,0.8497854077253219,0.0
8.15,847,78445,86.0,74.0,86.0,94.0,110.0,1691.3465484821072,0.0,0.8866587957497049,0.0
1.47,127,11374,86.0,74.0,86.0,86.0,94.0,729.6953313906627,0.0,0.9133858267716536,0.0
8.14,786,74170,86.0,74.0,86.0,94.0,110.0,2463.259457814554,0.0,0.8804071246819338,0.0
3.43,288,27058,86.0,74.0,86.0,94.0,110.0,3188.3934702932092,0.0,0.8854166666666666,0.0
6.17,707,79705,86.0,74.0,86.0,94.0,110.0,16049.94493136927,0.0,0.8557284299858557,0.0
6.59,687,62743,86.0,74.0,86.0,94.0,110.0,1278.5118683642352,0.0,0.8864628820960698,0.0
3.31,313,28164,86.0,74.0,86.0,94.0,110.0,903.8079392460878,0.0,0.8881789137380192,0.0
2.17,195,17915,86.0,74.0,86.0,94.0,103.59999999999991,2114.6553583168975,0.0,0.8974358974358975,0.0
1.04,97,9080,86.0,74.0,86.0,94.0,110.0,3726.898076309917,0.0,0.8865979381443299,0.0
0.02,6,536,94.0,80.0,88.0,94.0,94.0,55.555555555555564,0.0,1.0,0.0
0.13,19,1666,86.0,74.0,86.0,94.0,97.19999999999999,101.58448753462605,0.0,0.8947368421052632,0.0
2.02,198,18690,86.0,74.0,86.0,94.0,110.0,3694.208448117539,0.0,0.8939393939393939,0.0
3.74,443,44638,86.0,74.0,86.0,94.0,110.0,10166.397545974758,0.0,0.8758465011286681,0.0
8.76,838,78135,86.0,74.0,86.0,94.0,110.0,2241.084473487848,0.0,0.8842482100238663,0.0
9.56,955,87196,86.0,74.0,86.0,94.0,110.0,1611.4286165401174,0.0,0.8910994764397906,0.0
6.28,699,68068,86.0,74.0,86.0,94.0,110.0,5189.053698211833,0.0,0.8726752503576538,0.0
9.6,154,21633,94.0,86.0,86.0,144.0,319.80000000000024,13347.236338336987,0.0,0.6363636363636364,0.0
8.67,338,40658,86.0,74.0,86.0,94.0,110.0,28795.957354434362,0.0,0.8402366863905325,0.0
1.73,189,16607,86.0,74.0,86.0,94.0,97.20000000000027,93.06715937403769,0.0,0.8994708994708994,0.0
7.9,881,87129,86.0,74.0,86.0,94.0,110.0,5802.4799158937385,0.0,0.8785471055618616,0.0
1.47,154,17460,86.0,74.0,86.0,94.0,110.0,17859.208804182825,0.0,0.8441558441558441,0.0
4.21,423,40707,86.0,74.0,86.0,94.0,110.0,3598.62843921332,0.0,0.8699763593380615,0.0
5.91,662,66198,86.0,74.0,86.0,94.0,110.0,10210.93050446783,0.0,0.8746223564954683,0.0
4.1,481,51726,86.0,74.0,86.0,94.0,110.0,8542.988645450183,0.0,0.8503118503118503,0.0
8.64,927,86855,86.0,74.0,86.0,94.0,110.0,2491.288677561213,0.0,0.8824163969795038,0.0
0.12,14,1300,94.0,86.0,86.0,94.0,105.20000000000002,62.6938775510204,0.0,0.8571428571428571,0.0
5.76,589,55120,86.0,74.0,86.0,94.0,110.0,2047.4452569893433,0.0,0.8794567062818336,0.0
8.68,1720,2302197,86.0,86.0,86.0,86.0,98.0,56123133.68354211,0.0,0.9058139534883721,0.0
4.42,481,52522,86.0,74.0,86.0,94.0,110.0,23400.80877070898,0.0,0.8586278586278586,0.0
0.41,17,1558,86.0,86.0,86.0,94.0,100.4,58.4636678200692,0.0,0.8823529411764706,0.0
6.48,572,53320,86.0,74.0,86.0,94.0,110.0,3283.638319722236,0.0,0.8916083916083916,0.0
4.52,470,42618,86.0,74.0,86.0,94.0,99.20000000000027,1249.1294522408332,0.0,0.9,0.0
2.04,246,26626,86.0,74.0,86.0,94.0,110.0,17983.676118712407,0.0,0.8495934959349594,0.0
8.11,803,82717,86.0,74.0,86.0,94.0,110.0,13800.610112451905,0.0,0.8493150684931506,0.0
8.85,820,76505,86.0,74.0,86.0,94.0,110.0,2440.394876561571,0.0,0.8792682926829268,0.0
4.52,474,48284,86.0,74.0,86.0,94.0,110.0,10543.905819936263,0.0,0.869198312236287,0.0
0.2,4,332,86.0,77.6,83.0,86.0,86.0,27.0,0.0,1.0,0.0
4.24,495,52736,86.0,74.0,86.0,94.0,110.0,7240.143552698705,0.0,0.8565656565656565,0.0
7.89,424,42824,86.0,86.0,86.0,94.0,110.0,5119.495283018868,0.0,0.8844339622641509,0.0
8.55,877,92274,86.0,74.0,86.0,94.0,110.0,17378.768835916995,0.0,0.8768529076396807,0.0
8.76,855,78093,86.0,74.0,86.0,94.0,110.0,1174.742677746999,0.0,0.8830409356725146,0.0
8.72,776,72617,86.0,74.0,86.0,94.0,110.0,4134.94742899086,0.0,0.8878865979381443,0.0
1.24,141,12830,86.0,74.0,86.0,94.0,110.0,1331.7233539560386,0.0,0.8865248226950354,0.0
4.46,447,53848,86.0,74.0,86.0,94.0,110.0,36334.26669469345,0.0,0.8456375838926175,0.0
8.38,894,86186,86.0,74.0,86.0,94.0,110.0,3182.918812465905,0.0,0.8680089485458613,0.0
0.93,135,13192,86.0,74.0,86.0,94.0,110.0,4362.794842249659,0.0,0.8518518518518519,0.0
3.52,365,35394,86.0,74.0,86.0,94.0,110.0,4154.757995871647,0.0,0.8712328767123287,0.0
8.73,865,77847,86.0,74.0,86.0,94.0,110.0,1270.1236873934977,0.0,0.8901734104046243,0.0
4.75,426,43059,86.0,74.0,86.0,94.0,110.0,11177.658318455335,0.0,0.8755868544600939,0.0
2.09,20,4075,94.0,94.0,94.0,252.0,615.0,33663.8875,0.0,0.65,0.0
0.57,2,709,354.5,146.1,224.25,484.75,562.9,67860.25,0.0,0.5,0.0
8.37,39,16416,252.0,94.0,94.0,720.0,995.6000000000006,156498.63510848128,0.0,0.358974358974359,0.0
1.96,6,1949,118.0,118.0,118.0,218.5,738.5,164454.1388888889,0.0,0.0,0.0
9.59,160,43634,86.0,86.0,86.0,276.0,609.2999999999993,186780.01734374996,0.0,0.61875,0.0
9.81,239,24472,86.0,86.0,86.0,94.0,110.0,4461.092172756078,0.0,0.8535564853556485,0.0
7.03,650,64888,86.0,74.0,86.0,94.0,110.0,4912.385694674555,0.0,0.8738461538461538,0.0
1.85,170,15570,86.0,74.0,86.0,94.0,110.0,1102.006920415225,0.0,0.8823529411764706,0.0
8.34,708,65945,86.0,74.0,86.0,94.0,110.0,2463.8511183727533,0.0,0.882768361581921,0.0
4.67,462,50406,86.0,74.0,86.0,94.0,110.0,9091.816045426434,0.0,0.8484848484848485,0.0
1.82,223,23144,86.0,74.0,86.0,94.0,110.0,11739.316897584913,0.0,0.8699551569506726,0.0
0.23,9,868,86.0,74.0,86.0,86.0,124.00000000000001,968.6913580246912,0.0,0.7777777777777778,0.0
2.71,326,34436,86.0,74.0,86.0,94.0,110.0,5611.735669389138,0.0,0.8374233128834356,0.0
3.23,267,25882,86.0,74.0,86.0,94.0,110.0,2659.392949823956,0.0,0.8614232209737828,0.0
7.07,498,46500,86.0,74.0,86.0,94.0,110.0,3567.924759278077,0.0,0.8835341365461847,0.0
8.47,628,58043,86.0,74.0,86.0,94.0,110.0,1604.5724243377012,0.0,0.8757961783439491,0.0
2.31,167,16144,86.0,74.0,86.0,94.0,110.0,3493.0591989673344,0.0,0.8682634730538922,0.0
3.59,393,41678,86.0,74.0,86.0,94.0,110.0,20125.10682490661,0.0,0.8625954198473282,0.0
1.75,107,10348,86.0,74.0,86.0,94.0,110.0,2149.102978426063,0.0,0.8691588785046729,0.0
0.71,95,8344,86.0,74.0,86.0,94.0,103.60000000000014,126.2032132963989,0.0,0.8947368421052632,0.0
8.21,677,65803,86.0,74.0,86.0,94.0,110.0,5266.2148849407295,0.0,0.8729689807976366,0.0
6.24,576,52925,86.0,74.0,86.0,94.0,110.0,3097.7312614535103,0.0,0.8923611111111112,0.0
5.99,614,58867,86.0,74.0,86.0,94.0,110.0,5878.402839817929,0.0,0.8811074918566775,0.0
0.92,112,10272,86.0,74.0,86.0,86.0,94.0,1628.2755102040817,0.0,0.9017857142857143,0.0
1.67,202,18821,86.0,74.0,86.0,94.0,108.40000000000009,3420.628394275071,0.0,0.8960396039603961,0.0
3.69,343,32446,86.0,74.0,86.0,94.0,110.0,3654.719156133924,0.0,0.8862973760932945,0.0
1.1,115,10886,86.0,74.0,86.0,94.0,110.0,1338.27629489603,0.0,0.8695652173913043,0.0
4.35,447,48036,86.0,74.0,86.0,94.0,110.0,11867.26877167695,0.0,0.8523489932885906,0.0
9.7,842,82839,86.0,74.0,86.0,94.0,110.0,5188.008424969392,0.0,0.8729216152019003,0.0
3.55,308,34173,86.0,74.0,86.0,94.0,110.0,14540.409965845847,0.0,0.8506493506493507,0.0
2.44,187,17870,86.0,86.0,86.0,94.0,110.0,2410.8665389344856,0.0,0.8663101604278075,0.0
8.08,654,63315,86.0,74.0,86.0,94.0,110.0,4740.617533597059,0.0,0.8700305810397554,0.0
1.91,214,19793,86.0,74.0,86.0,86.0,110.0,2466.6985107869677,0.0,0.8925233644859814,0.0
7.95,634,66593,86.0,74.0,86.0,94.0,110.0,5657.460829045965,0.0,0.8517350157728707,0.0
2.03,21,2899,94.0,94.0,94.0,147.0,180.0,4319.950113378685,0.0,0.5238095238095238,0.0
4.94,29,5557,94.0,94.0,94.0,324.0,360.0,23058.442330558853,0.0,0.5517241379310345,0.0
3.57,8,3850,580.0,91.6,133.75,731.25,830.4,91367.6875,0.0,0.25,0.0
5.83,329,37417,86.0,74.0,86.0,98.0,134.0,15191.24293012814,0.0,0.78419452887538,0.0
1.13,98,8472,86.0,74.0,86.0,86.0,94.0,91.06372344856311,0.0,0.9183673469387755,0.0
0.68,72,6514,86.0,74.0,74.0,86.0,94.0,2090.054783950618,0.0,0.9166666666666666,0.0
4.15,401,43141,86.0,74.0,86.0,94.0,110.0,8063.405115639829,0.0,0.8603491271820449,0.0
4.24,375,34820,86.0,74.0,86.0,94.0,110.0,1507.367822222222,0.0,0.872,0.0
8.73,813,76217,86.0,74.0,86.0,94.0,110.0,1938.4591743334404,0.0,0.8819188191881919,0.0
2.74,287,29311,86.0,74.0,86.0,94.0,110.0,5600.453762944798,0.0,0.8641114982578397,0.0
6.85,564,51977,86.0,74.0,86.0,94.0,110.0,2727.9378646697855,0.0,0.8953900709219859,0.0
7.37,708,73608,86.0,74.0,86.0,94.0,110.0,8878.213540170449,0.0,0.8686440677966102,0.0
3.95,383,40239,86.0,74.0,86.0,94.0,110.0,10005.69842319465,0.0,0.8537859007832899,0.0
8.29,745,71265,86.0,74.0,86.0,94.0,110.0,3859.629151840006,0.0,0.8818791946308725,0.0
7.85,700,73409,86.0,74.0,86.0,94.0,110.0,25710.313099999996,0.0,0.8585714285714285,0.0
5.32,498,52165,86.0,74.0,86.0,94.0,110.0,34335.53739859035,0.0,0.8815261044176707,0.0
4.65,416,39349,86.0,74.0,86.0,94.0,110.0,3461.424781573596,0.0,0.875,0.0
4.49,380,35180,86.0,74.0,86.0,94.0,110.0,3464.5490304709156,0.0,0.8868421052631579,0.0
2.47,164,16628,86.0,86.0,86.0,98.0,134.0,2864.116002379536,0.0,0.7560975609756098,0.0
0.64,17,1992,86.0,86.0,86.0,86.0,100.4,13192.968858131488,0.0,0.8823529411764706,0.0
4.93,198,21202,86.0,86.0,86.0,94.0,111.50000000000006,9482.922762983371,0.0,0.8434343434343434,0.0
7.38,772,88812,86.0,74.0,86.0,94.0,110.0,53594.234033128414,0.0,0.8743523316062176,0.0
2.63,222,20574,86.0,74.0,86.0,94.0,110.0,1141.7957146335527,0.0,0.8648648648648649,0.0
0.14,23,2252,86.0,86.0,86.0,94.0,110.0,1154.2533081285442,0.0,0.8260869565217391,0.0
1.28,110,9830,86.0,74.0,86.0,94.0,110.0,230.0314049586777,0.0,0.8909090909090909,0.0
8.22,704,67865,86.0,74.0,86.0,94.0,110.0,6698.779601546357,0.0,0.8721590909090909,0.0
5.69,564,51695,86.0,74.0,86.0,94.0,110.0,1279.6719072229766,0.0,0.8829787234042553,0.0
6.3,657,66016,86.0,74.0,86.0,94.0,110.0,11099.640810009985,0.0,0.8736681887366818,0.0
0.98,85,7376,86.0,74.0,74.0,86.0,103.60000000000014,137.98532871972319,0.0,0.8941176470588236,0.0
0.87,100,9420,86.0,74.0,86.0,94.0,110.0,1949.4799999999998,0.0,0.85,0.0
9.09,789,72851,86.0,74.0,86.0,94.0,110.0,1169.4795099281794,0.0,0.8580481622306717,0.0
6.6,651,64208,86.0,74.0,86.0,94.0,110.0,7892.47892760989,0.0,0.8617511520737328,0.0
1.97,214,19094,86.0,74.0,86.0,94.0,110.0,248.53847497598048,0.0,0.8925233644859814,0.0
1.78,231,21684,86.0,74.0,86.0,94.0,110.0,2376.5199302861633,0.0,0.8917748917748918,0.0
7.67,613,56596,86.0,74.0,86.0,94.0,110.0,1525.6716919171088,0.0,0.8809135399673735,0.0
4.13,350,31454,86.0,74.0,86.0,94.0,110.0,288.3598693877551,0.0,0.88,0.0
4.09,436,46458,86.0,74.0,86.0,94.0,110.0,9962.14605252083,0.0,0.8348623853211009,0.0
2.32,184,17138,86.0,74.0,86.0,94.0,110.0,1598.8061200378072,0.0,0.875,0.0
3.09,267,25050,86.0,74.0,86.0,94.0,110.0,1878.4695535075537,0.0,0.8764044943820225,0.0
0.63,33,2902,86.0,86.0,86.0,86.0,94.0,61.20844811753902,0.0,0.9090909090909091,0.0
1.77,182,18694,86.0,74.0,86.0,94.0,110.0,4119.951334379906,0.0,0.8571428571428571,0.0
0.67,61,5792,86.0,74.0,86.0,94.0,110.0,1320.44020424617,0.0,0.8524590163934426,0.0
5.51,502,48666,86.0,74.0,86.0,94.0,110.0,3346.8295582609803,0.0,0.8685258964143426,0.0
9.18,851,79119,86.0,74.0,86.0,94.0,110.0,1261.2236464738382,0.0,0.8777908343125734,0.0
8.64,763,79471,86.0,74.0,86.0,94.0,110.0,7616.841992617265,0.0,0.8479685452162516,0.0
7.75,553,53243,86.0,74.0,86.0,94.0,110.0,3032.5163745998325,0.0,0.8679927667269439,0.0
2.71,249,22796,86.0,74.0,86.0,94.0,110.0,891.1310140159028,0.0,0.891566265060241,0.0
2.52,297,30849,86.0,74.0,86.0,94.0,110.0,5254.215080093868,0.0,0.8552188552188552,0.0
3.55,318,28570,86.0,74.0,86.0,94.0,110.0,285.2645860527669,0.0,0.8836477987421384,0.0
2.22,238,23579,86.0,74.0,86.0,94.0,110.0,4305.982292917168,0.0,0.8697478991596639,0.0
5.54,549,50225,86.0,74.0,86.0,94.0,110.0,980.4027657506113,0.0,0.8870673952641166,0.0
4.35,526,50531,86.0,74.0,86.0,94.0,110.0,2438.7161047579116,0.0,0.870722433460076,0.0
4.96,476,43733,86.0,74.0,86.0,94.0,110.0,601.6548045688864,0.0,0.8676470588235294,0.0
1.53,126,11454,86.0,74.0,86.0,94.0,110.0,368.80045351473916,0.0,0.873015873015873,0.0
3.78,382,35108,86.0,74.0,86.0,94.0,110.0,1354.8183437954006,0.0,0.8795811518324608,0.0
5.68,522,49139,86.0,74.0,86.0,94.0,110.0,5213.538971095551,0.0,0.8773946360153256,0.0
3.66,304,28488,86.0,74.0,86.0,94.0,110.0,1680.0675207756233,0.0,0.8618421052631579,0.0
2.23,206,18918,86.0,74.0,86.0,94.0,110.0,796.2931473277406,0.0,0.8737864077669902,0.0
7.27,1504,2277583,86.0,86.0,86.0,86.0,94.0,71206084.43373653,0.0,0.9055851063829787,0.0
5.68,546,50645,86.0,74.0,86.0,94.0,110.0,1046.7886493848032,0.0,0.8791208791208791,0.0
6.26,447,40939,86.0,74.0,86.0,94.0,110.0,1021.0032080637012,0.0,0.8747203579418344,0.0
4.85,368,36538,86.0,74.0,86.0,94.0,110.0,4630.569204867675,0.0,0.8614130434782609,0.0
5.22,447,41777,86.0,74.0,86.0,94.0,110.0,1874.4005925659003,0.0,0.8657718120805369,0.0
5.47,421,39264,86.0,74.0,86.0,94.0,110.0,2235.286779018399,0.0,0.8788598574821853,0.0
1.64,158,19076,86.0,82.4,86.0,94.0,124.20000000000016,17928.245793943282,0.0,0.8227848101265823,0.0
4.07,379,35165,86.0,74.0,86.0,94.0,110.0,735.4940859503902,0.0,0.8707124010554089,0.0
0.17,15,1346,86.0,78.8,86.0,94.0,103.6,99.12888888888888,0.0,0.8666666666666667,0.0
6.99,662,62454,86.0,74.0,86.0,94.0,110.0,1598.273181150227,0.0,0.8610271903323263,0.0
7.94,695,68666,86.0,74.0,86.0,94.0,110.0,13512.122589928056,0.0,0.8848920863309353,0.0
7.3,680,64476,86.0,74.0,86.0,86.0,110.0,4314.052041522492,0.0,0.8926470588235295,0.0
2.99,316,32506,86.0,74.0,86.0,94.0,110.0,14149.84309405544,0.0,0.8607594936708861,0.0
4.09,421,44595,86.0,74.0,86.0,94.0,110.0,22400.044459239118,0.0,0.8693586698337292,0.0
3.81,301,28828,86.0,74.0,86.0,94.0,94.0,8157.424046092209,0.0,0.9036544850498339,0.0
1.52,112,13292,86.0,74.0,86.0,98.0,134.0,28060.89668367348,0.0,0.7589285714285714,0.0
0.44,77,6900,86.0,74.0,86.0,94.0,110.0,176.9391128352167,0.0,0.8571428571428571,0.0
4.98,486,70443,86.0,74.0,86.0,94.0,115.0,97793.25823045267,0.0,0.8374485596707819,0.0
0.93,116,14573,86.0,86.0,86.0,94.0,110.0,38941.30224435194,0.0,0.8620689655172413,0.0
2.43,203,20912,86.0,74.0,86.0,94.0,110.0,11363.600766822781,0.0,0.8669950738916257,0.0
0.72,71,6214,86.0,74.0,86.0,94.0,94.0,91.65800436421345,0.0,0.9014084507042254,0.0
2.64,245,25466,86.0,74.0,86.0,94.0,110.0,27592.143673469378,0.0,0.8530612244897959,0.0
9.23,812,114720,86.0,74.0,86.0,94.0,110.0,107581.55416292562,0.0,0.8522167487684729,0.0
4.85,472,73154,86.0,86.0,86.0,95.0,182.0,105362.0337367136,0.0,0.815677966101695,0.0
2.81,270,34472,86.0,86.0,86.0,94.0,134.0,45225.160438957464,0.0,0.8222222222222222,0.0
5.25,393,41685,86.0,74.0,86.0,94.0,110.0,21155.824796534776,0.0,0.821882951653944,0.0
2.85,224,33324,86.0,86.0,86.0,94.0,110.0,119997.18718112244,0.0,0.8660714285714286,0.0
4.15,353,44781,86.0,74.0,86.0,94.0,110.0,60171.86095707372,0.0,0.8385269121813032,0.0
10.0,1038,136506,86.0,74.0,86.0,94.0,110.0,68680.56013676815,0.0,0.8477842003853564,0.0
1.2,78,6808,86.0,74.0,86.0,94.0,98.79999999999995,100.30506245890862,0.0,0.8974358974358975,0.0
4.52,519,87374,86.0,74.0,86.0,94.0,298.0,139163.12558239687,0.0,0.8053949903660886,0.0
6.75,461,53705,86.0,86.0,86.0,94.0,110.0,39637.5601846406,0.0,0.8568329718004338,0.0
4.38,128,24750,86.0,86.0,86.0,98.0,144.0,188719.73022460938,0.0,0.8125,0.0
0.31,2,266,133.0,95.4,109.5,156.5,170.6,2209.0,0.0,0.5,0.0
5.66,457,52860,86.0,74.0,86.0,94.0,110.0,29573.136639390184,0.0,0.8358862144420132,0.0
6.84,547,59156,86.0,74.0,86.0,94.0,110.0,9912.706215387905,0.0,0.8446069469835467,0.0
2.7,208,18674,86.0,74.0,86.0,94.0,110.0,926.6626294378698,0.0,0.8894230769230769,0.0
0.3,9,798,86.0,86.0,86.0,86.0,90.80000000000001,56.888888888888886,0.0,0.8888888888888888,0.0
6.7,488,46623,86.0,74.0,86.0,94.0,110.0,1950.7689759137324,0.0,0.8463114754098361,0.0
8.78,647,62679,86.0,74.0,86.0,94.0,110.0,4418.176365056652,0.0,0.8763523956723338,0.0
1.72,143,13382,86.0,74.0,86.0,94.0,110.0,1241.3903858379383,0.0,0.8531468531468531,0.0
3.53,254,25120,86.0,74.0,86.0,94.0,110.0,4987.493458986916,0.0,0.8307086614173228,0.0
0.23,2,172,86.0,86.0,86.0,86.0,86.0,0.0,0.0,1.0,0.0
0.59,67,6156,86.0,74.0,86.0,94.0,100.39999999999998,1490.732011583872,0.0,0.8955223880597015,0.0
1.07,85,7660,86.0,74.0,86.0,94.0,110.0,237.02145328719723,0.0,0.8705882352941177,0.0
2.57,209,19662,86.0,74.0,86.0,94.0,110.0,1411.975000572331,0.0,0.8564593301435407,0.0
7.49,628,58426,86.0,74.0,86.0,94.0,110.0,2967.0242504766925,0.0,0.8869426751592356,0.0
9.33,738,75739,86.0,74.0,86.0,94.0,110.0,13303.20667628763,0.0,0.8631436314363143,0.0
5.58,451,41638,86.0,74.0,86.0,94.0,110.0,1176.2100579643172,0.0,0.8736141906873615,0.0
1.65,103,10044,86.0,74.0,86.0,94.0,110.0,2691.376001508153,0.0,0.8543689320388349,0.0
7.93,622,60448,86.0,74.0,86.0,94.0,110.0,12838.043578953902,0.0,0.8842443729903537,0.0
3.24,288,28636,86.0,74.0,86.0,86.0,110.0,7128.9743441358005,0.0,0.8715277777777778,0.0
2.2,157,14092,86.0,74.0,86.0,94.0,110.0,300.7057487119152,0.0,0.8789808917197452,0.0
8.03,695,79093,86.0,74.0,86.0,94.0,110.0,48943.96258164691,0.0,0.8676258992805755,0.0
1.34,105,9790,86.0,74.0,86.0,94.0,110.0,786.6956916099774,0.0,0.8380952380952381,0.0
3.18,197,19314,86.0,74.0,86.0,94.0,110.0,4485.582107243166,0.0,0.868020304568528,0.0
7.74,528,48805,86.0,74.0,86.0,94.0,110.0,952.230454401974,0.0,0.8503787878787878,0.0
6.77,533,53060,86.0,74.0,86.0,94.0,110.0,9863.437021496786,0.0,0.874296435272045,0.0
0.79,64,5596,86.0,74.0,86.0,88.0,94.0,86.68359375,0.0,0.90625,0.0
3.44,46,7081,118.0,94.0,94.0,172.5,231.5,12934.756616257091,0.0,0.391304347826087,0.0
4.54,28,7910,127.0,94.0,94.0,414.0,658.8000000000001,85860.25,0.0,0.42857142857142855,0.0
8.29,171,29776,86.0,86.0,86.0,110.0,183.0,93336.18227830788,0.0,0.695906432748538,0.0
1.13,119,11725,86.0,74.0,86.0,94.0,110.0,2060.2659416707866,0.0,0.8487394957983193,0.0
8.79,760,70559,86.0,74.0,86.0,94.0,110.0,1499.183862534626,0.0,0.8802631578947369,0.0
3.26,250,22450,86.0,74.0,86.0,94.0,110.0,501.928,0.0,0.888,0.0
3.64,320,30476,86.0,74.0,86.0,94.0,110.0,5433.28109375,0.0,0.88125,0.0
0.42,23,2472,98.0,86.0,86.0,134.0,134.0,416.77126654064267,0.0,0.5217391304347826,0.0
1.12,97,8692,86.0,74.0,86.0,86.0,94.0,845.9083855882666,0.0,0.9072164948453608,0.0
0.49,86,7564,86.0,74.0,86.0,94.0,102.0,96.64899945916711,0.0,0.8953488372093024,0.0
2.56,223,20650,86.0,74.0,86.0,94.0,110.0,2187.89004403869,0.0,0.874439461883408,0.0
3.24,294,26623,86.0,74.0,86.0,94.0,110.0,533.8048614003425,0.0,0.8741496598639455,0.0
2.14,234,22501,86.0,74.0,86.0,94.0,110.0,5545.500639199359,0.0,0.8803418803418803,0.0
8.54,855,81723,86.0,74.0,86.0,94.0,110.0,5724.799926131116,0.0,0.8865497076023392,0.0
3.22,311,28939,86.0,74.0,86.0,94.0,110.0,2285.4442985494356,0.0,0.8971061093247589,0.0
4.87,406,38433,86.0,74.0,86.0,94.0,110.0,3088.6669234875876,0.0,0.8866995073891626,0.0
1.27,97,10234,86.0,74.0,86.0,94.0,119.60000000000014,6976.724200233816,0.0,0.8144329896907216,0.0
3.55,280,25515,86.0,74.0,86.0,94.0,110.0,1709.0379464285713,0.0,0.8892857142857142,0.0
6.06,525,53713,86.0,74.0,86.0,94.0,110.0,10261.97789024943,0.0,0.878095238095238,0.0
0.07,3,258,86.0,86.0,86.0,86.0,86.0,0.0,0.0,1.0,0.0
8.54,707,69695,86.0,74.0,86.0,94.0,110.0,5543.279198317892,0.0,0.8656294200848657,0.0
3.16,241,22451,86.0,74.0,86.0,94.0,110.0,1927.394225306038,0.0,0.8796680497925311,0.0
8.02,692,63505,86.0,74.0,86.0,94.0,110.0,1287.8503854956732,0.0,0.8713872832369942,0.0
1.25,105,10781,86.0,74.0,86.0,94.0,110.0,11717.914195011339,0.0,0.8761904761904762,0.0
4.1,392,38594,86.0,74.0,86.0,94.0,110.0,9849.130544564765,0.0,0.8852040816326531,0.0
2.44,213,22869,86.0,74.0,86.0,94.0,110.0,6474.523176618395,0.0,0.8450704225352113,0.0
2.11,229,21668,86.0,74.0,86.0,94.0,110.0,1877.3272820884422,0.0,0.8777292576419214,0.0
6.14,602,61669,86.0,74.0,86.0,94.0,110.0,17049.681639827373,0.0,0.8604651162790697,0.0
7.26,593,57807,86.0,74.0,86.0,94.0,110.0,7987.241254773937,0.0,0.8836424957841484,0.0
7.9,700,64863,86.0,74.0,86.0,94.0,110.0,2982.395369387756,0.0,0.8714285714285714,0.0
0.96,105,10076,86.0,74.0,86.0,94.0,110.0,711.0842630385489,0.0,0.8,0.0
8.08,722,66274,86.0,74.0,86.0,94.0,110.0,1261.0233193422393,0.0,0.8739612188365651,0.0
2.98,347,37817,86.0,74.0,86.0,94.0,110.0,23823.060219751012,0.0,0.861671469740634,0.0
8.48,818,83228,86.0,74.0,86.0,94.0,110.0,7048.441454797613,0.0,0.8581907090464548,0.0
0.06,15,1362,86.0,86.0,86.0,86.0,110.0,92.16,0.0,0.8,0.0
1.45,178,16468,86.0,74.0,86.0,94.0,110.0,1955.7328620123722,0.0,0.8651685393258427,0.0
5.95,509,46815,86.0,74.0,86.0,94.0,110.0,2289.1643771638987,0.0,0.888015717092338,0.0
0.72,84,7369,86.0,74.0,86.0,94.0,105.20000000000005,103.22264739229026,0.0,0.8928571428571429,0.0
6.04,600,71355,86.0,74.0,86.0,94.0,110.0,57525.77270833333,0.0,0.845,0.0
6.25,579,52839,86.0,74.0,86.0,94.0,110.0,993.8707079384681,0.0,0.8842832469775475,0.0
1.35,165,14696,86.0,74.0,86.0,94.0,110.0,159.78343434343432,0.0,0.8727272727272727,0.0
0.38,20,1898,86.0,74.0,83.0,86.0,86.0,2788.99,0.0,0.95,0.0
2.91,314,27930,86.0,74.0,86.0,94.0,110.0,591.0483589597955,0.0,0.8949044585987261,0.0
3.95,400,45496,86.0,74.0,86.0,94.0,111.00000000000023,13375.527399999999,0.0,0.82,0.0
6.94,617,62073,86.0,74.0,86.0,94.0,110.0,4812.488666601872,0.0,0.8589951377633711,0.0
9.2,528,54898,86.0,86.0,86.0,94.0,110.0,6369.434903007348,0.0,0.8617424242424242,0.0
3.44,304,28259,86.0,74.0,86.0,94.0,110.0,530.4290923649584,0.0,0.8421052631578947,0.0
7.77,589,59665,86.0,74.0,86.0,94.0,110.0,9422.963343239528,0.0,0.8505942275042445,0.0
2.98,210,19080,86.0,74.0,86.0,94.0,110.0,1601.7414965986382,0.0,0.8857142857142857,0.0
8.33,794,92887,86.0,74.0,86.0,94.0,134.0,37921.97084081493,0.0,0.7947103274559194,0.0
5.67,465,46552,86.0,74.0,86.0,94.0,110.0,5310.073516013411,0.0,0.8731182795698925,0.0
1.24,90,8016,86.0,86.0,86.0,94.0,95.60000000000014,72.19555555555556,0.0,0.9,0.0
5.79,503,59474,86.0,74.0,86.0,94.0,209.40000000000038,10729.58125600275,0.0,0.8091451292246521,0.0
6.32,487,44836,86.0,74.0,86.0,86.0,110.0,2094.4515345597447,0.0,0.8952772073921971,0.0
3.2,293,28853,86.0,74.0,86.0,94.0,110.0,5539.989959114258,0.0,0.8771331058020477,0.0
3.65,318,30632,86.0,74.0,86.0,94.0,110.0,3584.597444721333,0.0,0.8773584905660378,0.0
2.28,207,20042,86.0,74.0,86.0,94.0,110.0,2563.499451562463,0.0,0.8647342995169082,0.0
5.66,465,42118,86.0,74.0,86.0,94.0,110.0,726.2914834084866,0.0,0.886021505376344,0.0
3.83,132,15899,86.0,86.0,86.0,94.0,110.0,10683.489612029383,0.0,0.8106060606060606,0.0
4.94,29,8909,288.0,94.0,94.0,435.0,616.8,51604.508917954816,0.0,0.27586206896551724,0.0
2.24,11,3781,216.0,94.0,94.0,306.0,1060.0,144060.7438016529,0.0,0.45454545454545453,0.0
7.4,14,5594,129.5,94.0,94.0,393.75,1196.0,231369.10204081636,0.0,0.42857142857142855,0.0
5.29,6,2687,331.0,104.5,143.0,573.75,908.0,145717.1388888889,0.0,0.16666666666666666,0.0
6.82,133,27232,86.0,86.0,86.0,98.0,270.0,162301.55497766976,0.0,0.7894736842105263,0.0
7.84,388,38226,86.0,74.0,86.0,94.0,110.0,3087.9506058029547,0.0,0.8582474226804123,0.0
0.61,81,7114,86.0,74.0,86.0,94.0,94.0,87.72321292485901,0.0,0.9012345679012346,0.0
9.53,846,78451,86.0,74.0,86.0,94.0,110.0,1482.870083943911,0.0,0.8853427895981087,0.0
0.24,49,4278,86.0,74.0,86.0,94.0,97.20000000000005,96.90628904623075,0.0,0.8979591836734694,0.0
3.02,286,35263,86.0,74.0,86.0,94.0,110.0,28369.334747420406,0.0,0.8391608391608392,0.0
1.14,123,12349,86.0,74.0,86.0,86.0,110.0,3744.337233128428,0.0,0.8780487804878049,0.0
5.97,529,48610,86.0,74.0,86.0,94.0,110.0,1317.2129316290323,0.0,0.8790170132325141,0.0
3.74,376,55077,86.0,74.0,86.0,94.0,112.5,75161.7177385129,0.0,0.8138297872340425,0.0
2.94,335,52179,86.0,86.0,86.0,94.0,222.4000000000027,108735.80123858321,0.0,0.8208955223880597,0.0
6.31,585,69604,86.0,74.0,86.0,94.0,110.0,38547.99793702974,0.0,0.8632478632478633,0.0
3.44,242,24846,86.0,74.0,86.0,94.0,110.0,28080.684106276887,0.0,0.8801652892561983,0.0
2.51,176,18424,86.0,74.0,86.0,94.0,110.0,37623.85330578513,0.0,0.8920454545454546,0.0
0.77,98,15891,86.0,86.0,86.0,94.0,110.0,148267.2724906289,0.0,0.8673469387755102,0.0
5.2,391,39550,86.0,74.0,86.0,94.0,110.0,5454.117895618161,0.0,0.8542199488491049,0.0
7.37,550,69064,86.0,74.0,86.0,94.0,110.0,65143.397699173554,0.0,0.8618181818181818,0.0
7.98,577,70474,86.0,74.0,86.0,94.0,110.0,57890.219944793025,0.0,0.8596187175043327,0.0
6.27,473,52469,86.0,74.0,86.0,94.0,110.0,52530.7686173898,0.0,0.8816067653276956,0.0
1.62,147,38537,86.0,86.0,86.0,98.0,328.0,338857.9006895275,0.0,0.7687074829931972,0.0
7.59,511,50792,86.0,74.0,86.0,94.0,110.0,16413.444924000753,0.0,0.8747553816046967,0.0
0.29,12,1254,86.0,86.0,86.0,92.0,117.2,2087.4166666666665,0.0,0.75,0.0
6.16,585,80714,86.0,74.0,86.0,94.0,110.0,98945.83856819345,0.0,0.8598290598290599,0.0
9.28,840,98957,86.0,74.0,86.0,94.0,110.0,54507.23020266442,0.0,0.8773809523809524,0.0
1.92,158,14624,86.0,74.0,86.0,94.0,110.0,1715.2340970998225,0.0,0.879746835443038,0.0
4.07,367,35996,86.0,74.0,86.0,94.0,110.0,9663.263072708247,0.0,0.8746594005449592,0.0
7.77,353,48320,86.0,74.0,86.0,94.0,110.0,52055.898691105765,0.0,0.8158640226628895,0.0
9.35,644,84459,86.0,74.0,86.0,94.0,110.0,68180.43320811311,0.0,0.8385093167701864,0.0
7.53,620,56563,86.0,74.0,86.0,94.0,110.0,1216.3968028095733,0.0,0.8903225806451613,0.0
2.73,273,37218,86.0,74.0,86.0,94.0,110.0,77346.93893652136,0.0,0.8388278388278388,0.0
1.08,119,16088,86.0,86.0,86.0,94.0,110.0,106993.29877833495,0.0,0.8739495798319328,0.0
0.86,77,7380,86.0,74.0,86.0,94.0,110.0,4641.2224658458435,0.0,0.8831168831168831,0.0
2.21,196,23026,86.0,74.0,86.0,94.0,110.0,66072.72917534363,0.0,0.8826530612244898,0.0
8.68,658,66727,86.0,74.0,86.0,94.0,110.0,22640.800955737657,0.0,0.8814589665653495,0.0
2.78,282,43337,86.0,74.0,86.0,94.0,110.0,136856.96324380065,0.0,0.8581560283687943,0.0
8.44,772,87262,86.0,74.0,86.0,94.0,110.0,47479.014409782816,0.0,0.8743523316062176,0.0
4.37,357,35460,86.0,74.0,86.0,94.0,110.0,18871.071864039735,0.0,0.8711484593837535,0.0
9.31,865,89165,86.0,74.0,86.0,94.0,110.0,24087.059347121518,0.0,0.8774566473988439,0.0
4.65,436,44994,86.0,74.0,86.0,94.0,110.0,24599.54824930562,0.0,0.8876146788990825,0.0
2.54,213,19220,86.0,74.0,86.0,94.0,110.0,517.5974784544513,0.0,0.8779342723004695,0.0
6.99,544,50994,86.0,74.0,86.0,94.0,110.0,3457.7259812932525,0.0,0.8841911764705882,0.0
4.15,378,41103,86.0,74.0,86.0,94.0,110.0,11879.288548752833,0.0,0.8518518518518519,0.0
6.3,365,41981,86.0,74.0,86.0,94.0,110.0,9358.328496903738,0.0,0.8273972602739726,0.0
0.14,10,888,86.0,84.8,86.0,92.0,95.6,76.96,0.0,0.9,0.0
8.31,398,42027,86.0,74.0,86.0,94.0,110.0,10716.758472008287,0.0,0.8567839195979899,0.0
3.82,338,34216,86.0,74.0,86.0,94.0,110.0,5050.917159763314,0.0,0.8461538461538461,0.0
2.7,301,28738,86.0,74.0,86.0,94.0,110.0,1364.7875851259923,0.0,0.8571428571428571,0.0
7.62,717,66152,86.0,74.0,86.0,94.0,110.0,2857.4570512109776,0.0,0.8884239888423989,0.0
3.59,373,36020,86.0,74.0,86.0,94.0,110.0,6023.88607695017,0.0,0.8847184986595175,0.0
2.81,249,23496,86.0,74.0,86.0,94.0,110.0,1751.058111965936,0.0,0.8755020080321285,0.0
3.88,411,37184,86.0,74.0,86.0,94.0,110.0,707.0375382575286,0.0,0.8856447688564477,0.0
3.99,289,25996,86.0,74.0,86.0,94.0,110.0,585.2225667796123,0.0,0.889273356401384,0.0
8.47,691,65609,86.0,74.0,86.0,94.0,110.0,6240.133320488147,0.0,0.8856729377713459,0.0
1.04,78,6792,86.0,74.0,86.0,86.0,94.0,88.07100591715977,0.0,0.9102564102564102,0.0
1.38,151,14692,86.0,74.0,86.0,86.0,110.0,1912.9906583044599,0.0,0.8609271523178808,0.0
6.3,581,53346,86.0,74.0,86.0,94.0,110.0,1558.8135299990224,0.0,0.882960413080895,0.0
0.19,22,2344,86.0,74.0,77.0,86.0,108.40000000000003,8050.975206611573,0.0,0.8636363636363636,0.0
4.13,369,39460,86.0,74.0,86.0,94.0,110.0,22784.324028172527,0.0,0.8482384823848238,0.0
5.09,518,49121,86.0,74.0,86.0,92.0,110.0,4618.590170838241,0.0,0.8957528957528957,0.0
5.61,574,57399,86.0,74.0,86.0,94.0,110.0,3730.391983027596,0.0,0.8536585365853658,0.0
0.67,101,9878,86.0,74.0,86.0,94.0,110.0,1562.554847563965,0.0,0.8316831683168316,0.0
0.53,26,2164,86.0,74.0,74.0,86.0,86.0,58.79289940828403,0.0,0.9615384615384616,0.0
6.55,702,66960,86.0,74.0,86.0,94.0,110.0,1589.9859741398204,0.0,0.8646723646723646,0.0
5.36,472,42270,86.0,74.0,86.0,94.0,110.0,413.2173046538351,0.0,0.8898305084745762,0.0
3.54,320,32507,86.0,74.0,86.0,94.0,110.0,9143.886630859375,0.0,0.865625,0.0
2.77,201,19548,86.0,74.0,86.0,94.0,110.0,4038.388356723844,0.0,0.8805970149253731,0.0
9.44,795,78145,86.0,74.0,86.0,94.0,110.0,7491.320169297101,0.0,0.8754716981132076,0.0
8.32,695,70777,86.0,74.0,86.0,94.0,110.0,12406.815291133997,0.0,0.8690647482014389,0.0
5.25,560,54048,86.0,74.0,86.0,94.0,110.0,3350.971224489796,0.0,0.8714285714285714,0.0
9.84,925,84720,86.0,74.0,86.0,94.0,110.0,1352.4279912344773,0.0,0.8875675675675676,0.0
0.38,25,3472,94.0,86.0,86.0,110.0,233.20000000000013,12447.705600000001,0.0,0.68,0.0
3.9,375,33346,86.0,74.0,86.0,94.0,110.0,383.18068622222233,0.0,0.8906666666666667,0.0
5.75,507,46811,86.0,74.0,86.0,94.0,110.0,1931.2544223085874,0.0,0.8895463510848126,0.0
8.13,743,72606,86.0,74.0,86.0,94.0,110.0,11669.636300400873,0.0,0.8802153432032301,0.0
0.09,8,990,96.0,86.0,92.0,176.5,178.0,1737.4375,0.0,0.625,0.0
1.31,116,10508,86.0,74.0,86.0,94.0,110.0,450.07015457788333,0.0,0.8879310344827587,0.0
1.77,165,15038,86.0,74.0,86.0,94.0,105.99999999999994,1032.9320844811757,0.0,0.8909090909090909,0.0
3.69,320,29871,86.0,74.0,86.0,94.0,110.0,3779.489052734374,0.0,0.8875,0.0
2.55,243,21764,86.0,74.0,86.0,94.0,110.0,189.32412064556559,0.0,0.8806584362139918,0.0
8.71,844,139429,86.0,74.0,86.0,94.0,110.0,177486.05824638932,0.0,0.8483412322274881,0.0
7.88,690,62452,86.0,74.0,86.0,94.0,110.0,615.5426507036336,0.0,0.8869565217391304,0.0
0.55,85,7576,86.0,74.0,86.0,94.0,94.0,750.1597231833908,0.0,0.9058823529411765,0.0
4.84,391,38740,86.0,74.0,86.0,94.0,110.0,5585.955350893831,0.0,0.8695652173913043,0.0
8.49,738,73508,86.0,74.0,86.0,94.0,110.0,6975.561607214988,0.0,0.8712737127371274,0.0
7.95,705,73236,86.0,74.0,86.0,94.0,110.0,7384.034030481366,0.0,0.8595744680851064,0.0
8.32,751,73838,86.0,74.0,86.0,94.0,110.0,3393.277366529492,0.0,0.8641810918774967,0.0
0.62,72,6734,86.0,74.0,86.0,94.0,108.39999999999998,2058.499228395061,0.0,0.8888888888888888,0.0
3.81,394,42122,86.0,74.0,86.0,94.0,110.0,7167.1287072586265,0.0,0.817258883248731,0.0
9.69,917,85274,86.0,74.0,86.0,94.0,110.0,1334.5942710631248,0.0,0.8767720828789531,0.0
5.88,538,52488,86.0,74.0,86.0,94.0,110.0,4405.08638631307,0.0,0.8736059479553904,0.0
3.87,325,29150,86.0,74.0,86.0,94.0,110.0,494.8468639053254,0.0,0.8953846153846153,0.0
9.58,784,71618,86.0,74.0,86.0,94.0,110.0,953.2809181070387,0.0,0.8788265306122449,0.0
2.63,224,23526,86.0,74.0,86.0,94.0,110.0,16221.642139668364,0.0,0.8660714285714286,0.0
1.93,248,27449,86.0,82.40000000000003,86.0,94.0,178.60000000000002,4652.055784989593,0.0,0.8145161290322581,0.0
9.83,978,91297,86.0,74.0,86.0,94.0,110.0,1833.6796569519195,0.0,0.8834355828220859,0.0
7.86,720,69132,86.0,74.0,86.0,94.0,110.0,7298.235833333334,0.0,0.8819444444444444,0.0
7.62,673,60840,86.0,74.0,86.0,94.0,110.0,668.0500431634981,0.0,0.8915304606240714,0.0
9.35,946,90798,86.0,74.0,86.0,94.0,110.0,5459.955240491846,0.0,0.8890063424947146,0.0
1.78,144,12726,86.0,74.0,86.0,94.0,96.80000000000007,215.94270833333334,0.0,0.9027777777777778,0.0
6.0,549,52943,86.0,74.0,86.0,94.0,110.0,4057.557294103204,0.0,0.8724954462659381,0.0
7.81,667,61847,86.0,74.0,86.0,94.0,110.0,1243.4711265057126,0.0,0.881559220389805,0.0
9.8,399,47269,86.0,86.0,86.0,86.0,115.0,20188.855534827046,0.0,0.8471177944862155,0.0
4.42,349,33924,86.0,74.0,86.0,94.0,110.0,5151.629099925289,0.0,0.8681948424068768,0.0
8.7,917,114006,86.0,74.0,86.0,94.0,110.0,83333.9554614224,0.0,0.8680479825517994,0.0
5.32,542,53360,86.0,74.0,86.0,94.0,110.0,2406.384049781457,0.0,0.8653136531365314,0.0
1.82,200,17858,86.0,74.0,86.0,94.0,95.59999999999991,959.2759,0.0,0.9,0.0
2.86,339,31778,86.0,74.0,86.0,94.0,110.0,2634.8824670860854,0.0,0.8908554572271387,0.0
5.0,414,38559,86.0,74.0,86.0,94.0,110.0,1689.505198487713,0.0,0.8671497584541062,0.0
5.7,543,50601,86.0,74.0,86.0,94.0,110.0,2584.321988543289,0.0,0.8876611418047882,0.0
4.09,435,39830,86.0,74.0,86.0,94.0,110.0,1212.508072400581,0.0,0.8827586206896552,0.0
0.78,111,10158,86.0,74.0,86.0,94.0,110.0,1410.393961529098,0.0,0.8828828828828829,0.0
1.26,99,8682,86.0,74.0,86.0,94.0,97.20000000000005,93.12029384756657,0.0,0.898989898989899,0.0
2.65,245,22278,86.0,74.0,86.0,94.0,94.0,2706.627838400667,0.0,0.9020408163265307,0.0
6.92,690,62925,86.0,74.0,86.0,94.0,110.0,1891.334183994959,0.0,0.8884057971014493,0.0
7.64,738,73288,86.0,74.0,86.0,94.0,110.0,8274.797820227524,0.0,0.8672086720867209,0.0
8.94,806,74240,86.0,74.0,86.0,94.0,110.0,1938.2808834485775,0.0,0.8895781637717122,0.0
5.52,543,49030,86.0,74.0,86.0,94.0,110.0,922.5061777384357,0.0,0.8913443830570903,0.0
3.14,307,27667,86.0,74.0,86.0,94.0,110.0,1302.1646277414086,0.0,0.8892508143322475,0.0
2.14,209,20694,86.0,74.0,86.0,94.0,110.0,8815.20075089856,0.0,0.861244019138756,0.0
1.11,104,9250,86.0,74.0,86.0,94.0,110.0,167.84282544378695,0.0,0.8846153846153846,0.0
0.44,16,1450,86.0,80.0,86.0,94.0,112.5,145.734375,0.0,0.8125,0.0
7.89,777,69368,86.0,74.0,86.0,94.0,110.0,362.0971793635886,0.0,0.8931788931788932,0.0
0.85,123,10774,86.0,74.0,86.0,94.0,107.59999999999997,100.35507964835747,0.0,0.8943089430894309,0.0
9.98,1161,111649,86.0,74.0,86.0,94.0,110.0,6738.59338195636,0.0,0.8794142980189492,0.0
1.33,146,14709,86.0,74.0,86.0,94.0,110.0,6475.791940326515,0.0,0.8561643835616438,0.0
6.91,818,80789,86.0,74.0,86.0,94.0,110.0,3270.769515067461,0.0,0.871638141809291,0.0
4.51,497,49981,86.0,74.0,86.0,94.0,110.0,10528.092806334993,0.0,0.8853118712273642,0.0
0.6,94,8270,86.0,74.0,86.0,94.0,94.0,179.10593028519693,0.0,0.9042553191489362,0.0
5.03,564,70542,86.0,74.0,86.0,94.0,110.0,45783.214312660326,0.0,0.8563829787234043,0.0
3.97,417,38877,86.0,74.0,86.0,94.0,110.0,3686.2251781308773,0.0,0.8800959232613909,0.0
9.98,962,108180,86.0,74.0,86.0,94.0,110.0,44760.11683473014,0.0,0.8690228690228691,0.0
2.52,295,43317,86.0,74.0,86.0,94.0,110.0,101320.53623671358,0.0,0.864406779661017,0.0
7.58,717,95467,86.0,74.0,86.0,94.0,110.0,86166.73686073814,0.0,0.8521617852161785,0.0
5.42,512,70199,86.0,74.0,86.0,94.0,110.0,76796.84978866577,0.0,0.837890625,0.0
8.07,875,110040,86.0,74.0,86.0,94.0,262.8000000000004,31400.664685714284,0.0,0.808,0.0
0.86,72,6728,86.0,74.0,86.0,86.0,108.39999999999998,2582.0246913580245,0.0,0.8888888888888888,0.0
2.14,284,51560,86.0,86.0,86.0,98.0,204.60000000000065,166375.07151358857,0.0,0.8098591549295775,0.0
4.52,412,42270,86.0,74.0,86.0,94.0,110.0,7973.6629041379965,0.0,0.8616504854368932,0.0
0.19,44,3916,86.0,74.0,86.0,94.0,105.20000000000005,96.81818181818181,0.0,0.8863636363636364,0.0
9.52,838,82676,86.0,74.0,86.0,94.0,110.0,13706.79998974715,0.0,0.8758949880668258,0.0
1.25,146,24467,86.0,86.0,86.0,94.0,110.0,178483.9692719084,0.0,0.8356164383561644,0.0
3.82,372,36808,86.0,74.0,86.0,94.0,110.0,20584.567001965537,0.0,0.8924731182795699,0.0
5.16,438,61889,86.0,74.0,86.0,94.0,110.0,106254.91283021621,0.0,0.863013698630137,0.0
3.98,337,35884,86.0,74.0,86.0,94.0,110.0,22669.26446477472,0.0,0.8694362017804155,0.0
9.66,1040,148713,86.0,74.0,86.0,94.0,110.0,95716.15668546598,0.0,0.8442307692307692,0.0
5.62,434,48830,86.0,74.0,86.0,94.0,110.0,52630.96876128181,0.0,0.8824884792626728,0.0
0.18,38,4774,86.0,74.0,86.0,94.0,110.0,49370.49584487534,0.0,0.868421052631579,0.0
8.37,858,139393,86.0,82.40000000000003,86.0,94.0,180.0,121411.86865562566,0.0,0.8275058275058275,0.0
1.67,127,11074,86.0,74.0,86.0,94.0,94.0,93.55967511935025,0.0,0.905511811023622,0.0
3.88,226,28265,86.0,74.0,86.0,94.0,110.0,45904.035417808744,0.0,0.831858407079646,0.0
3.38,179,16016,86.0,74.0,86.0,94.0,110.0,429.6348428575888,0.0,0.888268156424581,0.0
0.98,50,5620,86.0,74.0,86.0,94.0,110.0,10054.560000000003,0.0,0.84,0.0
6.28,396,55773,86.0,74.0,86.0,94.0,110.0,88993.97721533517,0.0,0.8535353535353535,0.0
6.47,355,35396,86.0,74.0,86.0,94.0,110.0,19669.024034913706,0.0,0.8816901408450705,0.0
3.07,261,47949,86.0,86.0,86.0,94.0,115.0,182303.90593209138,0.0,0.8199233716475096,0.0
5.25,354,36716,86.0,74.0,86.0,94.0,110.0,12128.95410003511,0.0,0.8615819209039548,0.0
0.53,9,1030,86.0,74.0,74.0,86.0,176.80000000000004,5856.691358024692,0.0,0.7777777777777778,0.0
3.69,302,38646,86.0,74.0,86.0,94.0,110.0,69866.23731415288,0.0,0.8741721854304636,0.0
9.53,629,65280,86.0,74.0,86.0,94.0,110.0,27265.733854681384,0.0,0.8728139904610492,0.0
5.2,1079,1927370,86.0,86.0,86.0,86.0,98.0,72110162.13475561,0.0,0.9026876737720111,0.0
5.62,421,88911,86.0,74.0,86.0,94.0,110.0,311737.403320902,0.0,0.8598574821852731,0.0
9.98,886,128840,86.0,74.0,86.0,94.0,110.0,144587.01522045973,0.0,0.873589164785553,0.0
6.13,560,53565,86.0,74.0,86.0,94.0,110.0,9179.03053252551,0.0,0.8910714285714286,0.0
8.41,377,80029,86.0,86.0,86.0,86.0,110.0,310062.48741636117,0.0,0.8726790450928382,0.0
8.17,745,134779,86.0,74.0,86.0,94.0,110.0,230362.60691680553,0.0,0.851006711409396,0.0
2.77,336,57145,86.0,74.0,86.0,94.0,110.0,191783.5569639314,0.0,0.8392857142857143,0.0
6.71,769,202664,86.0,86.0,86.0,94.0,178.0,423402.492687208,0.0,0.8140442132639792,0.0
8.45,981,270303,86.0,86.0,86.0,94.0,328.0,436393.8000168337,0.0,0.7757390417940877,0.0
7.1,691,111809,86.0,74.0,86.0,94.0,110.0,175988.87322846352,0.0,0.8523878437047757,0.0
9.01,190,23953,86.0,86.0,86.0,110.0,220.8999999999999,8631.147950138504,0.0,0.7210526315789474,0.0
2.02,15,2903,94.0,86.0,90.0,168.5,459.5999999999999,38994.51555555556,0.0,0.6666666666666666,0.0
2.33,4,832,110.0,86.0,86.0,232.0,408.4000000000001,34092.0,0.0,0.5,0.0
6.42,63,35765,86.0,86.0,86.0,552.5,1514.0,954858.8772990677,0.0,0.6507936507936508,0.0
1.49,46,6047,86.0,86.0,86.0,86.0,115.0,32539.204631379944,0.0,0.8913043478260869,0.0
6.96,290,97038,86.0,86.0,86.0,107.0,332.1000000000007,561970.5956718193,0.0,0.7482758620689656,0.0
7.09,383,171733,86.0,86.0,86.0,110.0,2819.2000000000003,806543.9191486749,0.0,0.7310704960835509,0.0
3.98,403,47271,86.0,74.0,86.0,94.0,110.0,43408.318282853776,0.0,0.858560794044665,0.0
3.99,286,26798,86.0,74.0,86.0,94.0,110.0,3324.0634260844035,0.0,0.8741258741258742,0.0
8.24,661,87105,86.0,74.0,86.0,94.0,110.0,79220.8385909581,0.0,0.8547655068078669,0.0
1.54,87,7828,86.0,74.0,86.0,94.0,110.0,398.57418417228183,0.0,0.8850574712643678,0.0
4.18,301,28320,86.0,74.0,86.0,94.0,110.0,4969.3347314047305,0.0,0.8803986710963455,0.0
8.21,735,99986,86.0,74.0,86.0,94.0,110.0,98734.47766023419,0.0,0.8666666666666667,0.0
0.55,93,14716,86.0,86.0,86.0,94.0,110.0,162032.1805989132,0.0,0.8817204301075269,0.0
8.94,871,115798,86.0,86.0,86.0,94.0,110.0,82475.97322053512,0.0,0.8576349024110218,0.0
1.91,117,11344,86.0,74.0,86.0,94.0,110.0,4754.844327562278,0.0,0.8717948717948718,0.0
8.29,633,69732,86.0,74.0,86.0,94.0,110.0,37902.141491281254,0.0,0.8736176935229067,0.0
4.06,421,53482,86.0,74.0,86.0,86.0,110.0,87345.60680655153,0.0,0.8859857482185273,0.0
3.85,331,37366,86.0,74.0,86.0,94.0,110.0,50705.62194576538,0.0,0.8882175226586103,0.0
7.81,556,51655,86.0,74.0,86.0,94.0,110.0,2283.9459493556233,0.0,0.8723021582733813,0.0
3.8,404,42412,86.0,74.0,86.0,86.0,110.0,35652.281786099404,0.0,0.8935643564356436,0.0
3.47,335,37160,86.0,74.0,86.0,94.0,110.0,44291.42428157718,0.0,0.8865671641791045,0.0
2.78,294,33374,86.0,74.0,86.0,94.0,110.0,52550.780323013554,0.0,0.891156462585034,0.0
3.16,323,29910,86.0,74.0,86.0,94.0,110.0,2230.9767178828515,0.0,0.8854489164086687,0.0
7.47,744,73237,86.0,74.0,86.0,94.0,110.0,20067.616977034922,0.0,0.8897849462365591,0.0
4.01,428,39121,86.0,74.0,86.0,94.0,110.0,1211.8623187614642,0.0,0.8925233644859814,0.0
9.11,775,71286,86.0,74.0,86.0,94.0,110.0,1912.1364478668054,0.0,0.8851612903225806,0.0
5.93,617,69862,86.0,74.0,86.0,94.0,110.0,47854.92508583122,0.0,0.8719611021069692,0.0
5.01,471,52792,86.0,74.0,86.0,94.0,110.0,33837.045866183435,0.0,0.861995753715499,0.0
3.38,407,65587,86.0,74.0,86.0,94.0,180.0,142528.57777589964,0.0,0.8181818181818182,0.0
1.71,197,17753,86.0,74.0,86.0,94.0,110.0,614.4279935066609,0.0,0.8781725888324873,0.0
9.19,820,77690,86.0,74.0,86.0,94.0,110.0,4277.649048185604,0.0,0.8829268292682927,0.0
2.93,232,29576,86.0,74.0,86.0,94.0,110.0,70853.21521997622,0.0,0.8706896551724138,0.0
1.63,176,17036,86.0,86.0,86.0,86.0,104.0,7755.605888429752,0.0,0.8977272727272727,0.0
2.81,270,33078,86.0,74.0,86.0,94.0,110.0,73013.82024691359,0.0,0.8740740740740741,0.0
2.58,358,54428,86.0,86.0,86.0,94.0,328.0,74512.55753565743,0.0,0.8156424581005587,0.0
8.77,866,108371,86.0,74.0,86.0,94.0,110.0,44677.173318167996,0.0,0.8464203233256351,0.0
1.03,112,10540,86.0,74.0,86.0,88.0,110.0,1564.5420918367345,0.0,0.875,0.0
4.61,357,32755,86.0,74.0,86.0,94.0,110.0,1360.5232838233333,0.0,0.8823529411764706,0.0
0.89,75,6538,86.0,74.0,86.0,86.0,103.60000000000014,93.76995555555557,0.0,0.8933333333333333,0.0
1.25,121,15110,86.0,74.0,86.0,94.0,110.0,44078.9350454204,0.0,0.8677685950413223,0.0
5.22,448,55746,86.0,74.0,86.0,94.0,110.0,64423.517837213,0.0,0.8549107142857143,0.0
2.13,182,26974,86.0,74.0,86.0,94.0,110.0,122847.01135128604,0.0,0.8626373626373627,0.0
3.17,409,59754,86.0,74.0,86.0,94.0,328.0,75020.22515408207,0.0,0.8092909535452323,0.0
9.68,918,111576,86.0,74.0,86.0,94.0,110.0,49426.4159511299,0.0,0.8529411764705882,0.0
0.14,30,2608,86.0,74.0,86.0,94.0,94.0,88.19555555555554,0.0,0.9333333333333333,0.0
3.29,258,22922,86.0,74.0,86.0,86.0,94.0,1015.1154978667146,0.0,0.9031007751937985,0.0
0.18,29,2514,86.0,74.0,86.0,86.0,97.19999999999999,102.69678953626634,0.0,0.896551724137931,0.0
5.74,614,78854,86.0,74.0,86.0,94.0,110.0,61071.23159927426,0.0,0.8452768729641694,0.0
5.06,521,70202,86.0,74.0,86.0,94.0,110.0,80906.1824337517,0.0,0.8560460652591171,0.0
0.23,18,1657,86.0,86.0,86.0,94.0,98.80000000000001,252.27469135802463,0.0,0.8888888888888888,0.0
2.56,291,39361,86.0,74.0,86.0,94.0,110.0,79810.52285636682,0.0,0.8556701030927835,0.0
5.84,130,27150,94.0,86.0,86.0,97.0,339.30000000000086,125516.36094674555,0.0,0.7538461538461538,0.0
3.36,20,7586,115.0,94.0,94.0,648.0,759.0,138977.11,0.0,0.45,0.0
8.85,548,161742,86.0,86.0,86.0,110.0,520.4000000000003,323881.21118599817,0.0,0.7244525547445255,0.0
0.59,78,7418,86.0,74.0,86.0,94.0,98.79999999999995,4590.835634451018,0.0,0.8974358974358975,0.0
1.27,125,13658,86.0,74.0,86.0,86.0,110.0,51573.922304000014,0.0,0.88,0.0
9.61,747,111309,86.0,86.0,86.0,94.0,110.0,109182.14719117436,0.0,0.8607764390896921,0.0
2.81,304,47545,86.0,86.0,86.0,94.0,216.0,112782.13433820984,0.0,0.8388157894736842,0.0
3.64,451,72298,86.0,74.0,86.0,94.0,110.0,140999.73342313946,0.0,0.835920177383592,0.0
1.4,196,36636,86.0,74.0,86.0,94.0,328.0,156392.79945855893,0.0,0.8061224489795918,0.0
5.67,591,74971,86.0,74.0,86.0,94.0,110.0,68770.1784866626,0.0,0.8646362098138748,0.0
9.3,1111,239515,86.0,74.0,86.0,94.0,328.0,269438.3705778318,0.0,0.8001800180018002,0.0
1.23,128,19977,86.0,74.0,86.0,94.0,110.0,116977.14349365234,0.0,0.8515625,0.0
4.69,474,52562,86.0,74.0,86.0,94.0,98.0,44860.00906193808,0.0,0.9008438818565401,0.0
8.06,871,100676,86.0,74.0,86.0,94.0,110.0,51576.825723893126,0.0,0.8828932261768083,0.0
2.84,337,43793,86.0,74.0,86.0,94.0,110.0,55639.66214371881,0.0,0.8456973293768546,0.0
6.91,667,70285,86.0,74.0,86.0,94.0,110.0,26146.714088233246,0.0,0.8770614692653673,0.0
3.98,437,46216,86.0,74.0,86.0,94.0,110.0,8852.46290235588,0.0,0.8558352402745996,0.0
1.78,190,17204,86.0,74.0,86.0,94.0,110.0,985.7635457063712,0.0,0.8894736842105263,0.0
0.16,10,848,86.0,74.0,77.0,86.0,88.39999999999999,99.36000000000001,0.0,0.9,0.0
1.77,132,14430,86.0,74.0,86.0,94.0,110.0,25026.29269972452,0.0,0.8863636363636364,0.0
2.11,218,23583,86.0,74.0,86.0,94.0,110.0,24207.807444659546,0.0,0.8807339449541285,0.0
7.81,726,79880,86.0,74.0,86.0,94.0,110.0,11325.723759002498,0.0,0.849862258953168,0.0
6.39,760,135627,86.0,74.0,86.0,94.0,115.0,173602.34021987536,0.0,0.8210526315789474,0.0
5.47,450,78514,86.0,74.0,86.0,94.0,219.0,165997.778291358,0.0,0.8177777777777778,0.0
0.81,6,946,106.0,94.0,94.0,193.75,273.0,7694.88888888889,0.0,0.5,0.0
0.03,1,720,720.0,720.0,720.0,720.0,720.0,0.0,0.0,0.0,0.0
6.18,37,16061,118.0,94.0,94.0,720.0,1274.0,325285.2096420744,0.0,0.43243243243243246,0.0
6.65,26,13796,94.0,86.0,88.0,1456.5,1494.0,399099.0059171598,0.0,0.5769230769230769,0.0
2.9,7,3848,219.0,105.2,118.0,906.5,1489.2,359295.0612244898,0.0,0.14285714285714285,0.0
8.66,102,84452,150.0,86.0,86.0,1484.5,2886.0,1803428.4886582089,0.0,0.46078431372549017,0.0
6.75,656,172388,86.0,86.0,86.0,98.0,462.0,328402.9117712671,0.0,0.7621951219512195,0.0
4.93,655,110421,86.0,74.0,86.0,94.0,110.0,176262.07233611098,0.0,0.8427480916030534,0.0
9.79,1074,172955,86.0,74.0,86.0,94.0,110.0,160840.5581329824,0.0,0.8482309124767226,0.0
3.86,397,39640,86.0,74.0,86.0,94.0,110.0,19895.23156672525,0.0,0.889168765743073,0.0
9.56,1176,257137,86.0,74.0,86.0,94.0,328.0,286028.268828237,0.0,0.8052721088435374,0.0
6.12,804,197170,86.0,74.0,86.0,94.0,230.40000000000327,372775.3570889334,0.0,0.822139303482587,0.0
9.14,1183,232765,86.0,74.0,86.0,94.0,110.0,258287.09117256367,0.0,0.8461538461538461,0.0
9.73,1094,139906,86.0,74.0,86.0,94.0,110.0,94816.61927615815,0.0,0.8793418647166362,0.0
6.48,679,98345,86.0,74.0,86.0,94.0,110.0,144550.01499215903,0.0,0.8762886597938144,0.0
3.24,326,30531,86.0,74.0,86.0,94.0,110.0,2688.189666528661,0.0,0.8834355828220859,0.0
8.38,877,117670,86.0,74.0,86.0,94.0,110.0,112695.74191065477,0.0,0.8745724059293044,0.0
2.03,260,66163,86.0,86.0,86.0,94.0,147.5999999999998,414225.472352071,0.0,0.823076923076923,0.0
6.11,699,135927,86.0,74.0,86.0,94.0,110.0,275784.7089956836,0.0,0.8597997138769671,0.0
4.34,523,96389,86.0,74.0,86.0,94.0,110.0,228221.5026194663,0.0,0.8508604206500956,0.0
3.52,1034,1733959,86.0,86.0,86.0,86.0,94.0,76149313.84297241,0.0,0.9168278529980658,0.0
3.42,441,112036,86.0,74.0,86.0,86.0,110.0,432284.50091268565,0.0,0.8752834467120182,0.0
4.94,559,88289,86.0,74.0,86.0,94.0,110.0,173991.27558475555,0.0,0.8604651162790697,0.0
7.57,615,56407,86.0,74.0,86.0,94.0,110.0,2669.5810324542267,0.0,0.8975609756097561,0.0
7.99,335,41250,86.0,74.0,86.0,94.0,212.0,13285.298373802629,0.0,0.7701492537313432,0.0
6.48,158,60637,86.0,86.0,86.0,137.5,1326.400000000003,520683.6787774397,0.0,0.6962025316455697,0.0
0.32,55,25088,86.0,86.0,86.0,96.0,2888.4,889266.8879338842,0.0,0.8181818181818182,0.0
8.79,793,151505,86.0,74.0,86.0,94.0,110.0,254256.82443321045,0.0,0.8600252206809584,0.0
9.08,838,119725,86.0,74.0,86.0,94.0,110.0,134566.85062314526,0.0,0.8723150357995226,0.0
1.96,141,12864,86.0,74.0,86.0,94.0,110.0,1308.2360042251398,0.0,0.8865248226950354,0.0
6.88,672,144799,86.0,74.0,86.0,94.0,110.0,312851.0826933638,0.0,0.8377976190476191,0.0
6.73,586,93347,86.0,74.0,86.0,94.0,110.0,174176.24560856854,0.0,0.8617747440273038,0.0
0.41,37,3074,86.0,74.0,74.0,86.0,86.0,96.5609934258583,0.0,0.918918918918919,0.0
2.98,298,98733,86.0,74.0,86.0,94.0,300.30000000000047,603093.331257601,0.0,0.8120805369127517,0.0
7.92,729,129807,86.0,74.0,86.0,94.0,110.0,186591.45160798656,0.0,0.8271604938271605,0.0
2.97,232,60763,86.0,74.0,86.0,94.0,110.0,411575.7633583533,0.0,0.8275862068965517,0.0
8.69,919,165596,86.0,74.0,86.0,94.0,110.0,216268.23971033478,0.0,0.8509249183895539,0.0
6.81,533,93265,86.0,74.0,86.0,94.0,110.0,193882.87769677816,0.0,0.8424015009380863,0.0
5.96,268,30340,86.0,86.0,86.0,94.0,110.0,50197.07574069949,0.0,0.8843283582089553,0.0
6.28,262,64175,86.0,86.0,86.0,94.0,180.0,366758.10740924196,0.0,0.8358778625954199,0.0
1.19,109,9910,86.0,74.0,86.0,94.0,110.0,590.1858429425135,0.0,0.8807339449541285,0.0
5.1,466,116381,86.0,74.0,86.0,94.0,110.0,399505.6193381716,0.0,0.8369098712446352,0.0
5.69,534,108204,86.0,74.0,86.0,94.0,110.0,275539.1808694188,0.0,0.8445692883895131,0.0
9.66,916,278683,86.0,86.0,86.0,94.0,462.0,512703.4417476306,0.0,0.8078602620087336,0.0
1.01,58,7056,86.0,74.0,86.0,94.0,110.0,35420.43281807373,0.0,0.8620689655172413,0.0
7.17,650,167644,86.0,74.0,86.0,94.0,110.0,427197.5833467456,0.0,0.8369230769230769,0.0
6.33,101,17595,94.0,86.0,86.0,110.0,363.0,46601.59043231056,0.0,0.7425742574257426,0.0
0.39,2,829,414.5,373.3,388.75,440.25,455.7,2652.25,0.0,0.0,0.0
0.7,4,1052,137.0,94.0,94.0,306.0,532.8000000000001,60313.0,0.0,0.5,0.0
5.38,138,48327,86.0,86.0,86.0,119.0,1494.3999999999999,394611.5921550095,0.0,0.7028985507246377,0.0
5.29,357,40873,86.0,74.0,86.0,94.0,110.0,30874.165870269688,0.0,0.8823529411764706,0.0
9.65,601,55191,86.0,74.0,86.0,94.0,110.0,1704.878580070376,0.0,0.8901830282861897,0.0
4.2,310,29823,86.0,74.0,86.0,94.0,110.0,7962.742570239334,0.0,0.8838709677419355,0.0
1.84,145,13344,86.0,74.0,86.0,86.0,110.0,3157.847514863258,0.0,0.8827586206896552,0.0
8.64,683,141159,86.0,74.0,86.0,94.0,110.0,306346.34823114803,0.0,0.8448023426061494,0.0
6.36,620,76694,86.0,86.0,86.0,94.0,110.0,75504.3841935484,0.0,0.8758064516129033,0.0
5.48,497,52162,86.0,74.0,86.0,94.0,110.0,32592.10852236155,0.0,0.8853118712273642,0.0
5.66,640,71496,86.0,74.0,86.0,94.0,110.0,45677.27671875,0.0,0.878125,0.0
1.09,53,4748,86.0,76.4,86.0,86.0,106.80000000000007,231.7522249911,0.0,0.8867924528301887,0.0
8.3,853,105702,86.0,74.0,86.0,94.0,110.0,81428.93582129963,0.0,0.8827667057444314,0.0
0.2,7,566,86.0,74.0,74.0,86.0,86.0,35.265306122448976,0.0,1.0,0.0
5.46,441,40156,86.0,74.0,86.0,94.0,110.0,984.2530221461224,0.0,0.8934240362811792,0.0
7.76,752,78694,86.0,74.0,86.0,94.0,110.0,24056.816369114975,0.0,0.8723404255319149,0.0
9.76,781,72973,86.0,74.0,86.0,94.0,110.0,1810.8988279578534,0.0,0.882202304737516,0.0
8.86,826,90158,86.0,74.0,86.0,94.0,110.0,24208.6070036173,0.0,0.8631961259079903,0.0
3.79,322,28568,86.0,74.0,86.0,94.0,110.0,338.0895798773196,0.0,0.8944099378881988,0.0
6.63,491,50340,86.0,74.0,86.0,94.0,110.0,28996.94588955579,0.0,0.8859470468431772,0.0
4.29,410,43060,86.0,74.0,86.0,94.0,110.0,34814.94574657942,0.0,0.8804878048780488,0.0
5.46,420,39278,86.0,74.0,86.0,94.0,110.0,2049.0877324263042,0.0,0.8809523809523809,0.0
4.24,528,59005,86.0,74.0,86.0,94.0,110.0,53140.62594338268,0.0,0.8863636363636364,0.0
4.73,448,45281,86.0,74.0,86.0,94.0,110.0,31158.50127052774,0.0,0.8883928571428571,0.0
6.62,587,52597,86.0,74.0,86.0,94.0,110.0,626.6175715168806,0.0,0.8943781942078365,0.0
9.06,802,87108,86.0,74.0,86.0,94.0,110.0,34757.8480979596,0.0,0.8753117206982544,0.0
6.23,605,58004,86.0,74.0,86.0,94.0,105.20000000000027,13577.769343624072,0.0,0.8991735537190083,0.0
6.77,593,53352,86.0,74.0,86.0,86.0,97.20000000000027,1061.9484884074743,0.0,0.9005059021922428,0.0
2.37,212,19378,86.0,74.0,86.0,86.0,94.0,3125.0618547525814,0.0,0.9056603773584906,0.0
8.93,697,69121,86.0,74.0,86.0,86.0,110.0,20298.370190753983,0.0,0.8952654232424677,0.0
7.07,678,61812,86.0,74.0,86.0,94.0,110.0,2198.6708434489783,0.0,0.8982300884955752,0.0
4.8,361,32756,86.0,74.0,86.0,86.0,94.0,1666.1052631578948,0.0,0.9002770083102493,0.0
2.67,186,18842,86.0,74.0,86.0,94.0,110.0,13238.113654757777,0.0,0.8817204301075269,0.0
8.09,642,57856,86.0,74.0,86.0,94.0,110.0,544.7429955066431,0.0,0.8847352024922118,0.0
0.02,10,848,86.0,74.0,77.0,86.0,88.39999999999999,99.36000000000001,0.0,0.9,0.0
8.07,828,82975,86.0,74.0,86.0,94.0,110.0,17388.637697204136,0.0,0.8768115942028986,0.0
2.67,235,21216,86.0,74.0,86.0,94.0,110.0,525.3849524671797,0.0,0.8893617021276595,0.0
1.31,166,15222,86.0,74.0,86.0,86.0,102.0,2472.8008419219045,0.0,0.8975903614457831,0.0
0.45,43,4128,86.0,74.0,86.0,86.0,94.0,3362.7906976744184,0.0,0.9069767441860465,0.0
1.09,114,10486,86.0,74.0,86.0,92.0,94.0,2475.8242536164994,0.0,0.9035087719298246,0.0
6.86,745,76483,86.0,74.0,86.0,94.0,110.0,26805.99565064637,0.0,0.876510067114094,0.0
7.5,871,84838,86.0,74.0,86.0,94.0,110.0,15718.213033569242,0.0,0.8874856486796785,0.0
2.25,222,20228,86.0,74.0,86.0,94.0,110.0,1326.4997970943919,0.0,0.8918918918918919,0.0
4.84,370,33476,86.0,74.0,86.0,86.0,94.0,855.622381300219,0.0,0.9054054054054054,0.0
6.77,738,66222,86.0,74.0,86.0,94.0,110.0,863.6515962720601,0.0,0.8929539295392954,0.0
4.89,446,47099,86.0,74.0,86.0,94.0,110.0,21063.94339821835,0.0,0.8811659192825112,0.0
5.87,669,63031,86.0,74.0,86.0,94.0,110.0,10335.88276905271,0.0,0.8878923766816144,0.0
0.2,9,714,74.0,74.0,74.0,86.0,86.0,35.55555555555556,0.0,1.0,0.0
8.75,878,84221,86.0,74.0,86.0,94.0,110.0,15090.414450163706,0.0,0.8872437357630979,0.0
9.3,982,100883,86.0,74.0,86.0,94.0,110.0,27417.65230461962,0.0,0.8808553971486762,0.0
6.9,694,65930,86.0,74.0,86.0,94.0,110.0,11266.544668587896,0.0,0.8948126801152738,0.0
5.72,639,60578,86.0,74.0,86.0,94.0,110.0,10768.879122063272,0.0,0.8841940532081377,0.0
6.81,769,73082,86.0,74.0,86.0,94.0,110.0,9429.079391437714,0.0,0.8842652795838751,0.0
4.29,458,41042,86.0,74.0,86.0,94.0,110.0,467.3511374687745,0.0,0.8973799126637555,0.0
7.88,709,82757,86.0,74.0,86.0,94.0,110.0,33643.53147622448,0.0,0.8674188998589563,0.0
3.56,358,32067,86.0,74.0,86.0,94.0,110.0,282.2894182453731,0.0,0.88268156424581,0.0
7.2,765,71074,86.0,74.0,86.0,94.0,110.0,1516.2881182451197,0.0,0.8745098039215686,0.0
0.26,48,4232,86.0,74.0,86.0,94.0,98.80000000000007,92.63888888888887,0.0,0.8958333333333334,0.0
1.42,76,8928,86.0,86.0,86.0,94.0,110.0,18181.82825484764,0.0,0.881578947368421,0.0
5.77,653,62408,86.0,74.0,86.0,94.0,110.0,2243.6813763311748,0.0,0.8713629402756509,0.0
6.16,750,71944,86.0,74.0,86.0,94.0,110.0,4175.57575822222,0.0,0.884,0.0
1.94,221,20288,86.0,74.0,86.0,94.0,110.0,720.539546692328,0.0,0.8778280542986425,0.0
2.19,36,4386,94.0,90.0,94.0,144.0,203.0,2939.9166666666665,0.0,0.6944444444444444,0.0
6.32,43,8021,94.0,94.0,94.0,275.0,360.0,12510.574364521362,0.0,0.5116279069767442,0.0
7.15,25,8529,144.0,94.0,94.0,360.0,848.4000000000004,142153.97439999998,0.0,0.4,0.0
6.09,133,33866,106.0,86.0,86.0,134.0,286.0,200161.3304313415,0.0,0.44360902255639095,0.0
4.44,72,8645,86.0,86.0,86.0,118.0,146.7,10330.425733024693,0.0,0.7083333333333334,0.0
7.04,150,18813,86.0,86.0,86.0,94.0,216.0,13124.176933333336,0.0,0.78,0.0
2.48,168,15974,86.0,74.0,86.0,94.0,110.0,1224.4454365079368,0.0,0.8571428571428571,0.0
9.7,1219,114168,86.0,74.0,86.0,94.0,110.0,3131.1949681048163,0.0,0.8900738310090238,0.0
4.98,530,47902,86.0,74.0,86.0,94.0,110.0,618.0132289070845,0.0,0.8924528301886793,0.0
1.34,167,15034,86.0,74.0,86.0,94.0,110.0,264.28685144680685,0.0,0.874251497005988,0.0
6.83,727,68369,86.0,74.0,86.0,94.0,110.0,2971.476861250754,0.0,0.8775790921595599,0.0
6.62,788,70920,86.0,74.0,86.0,94.0,110.0,612.4873096446701,0.0,0.881979695431472,0.0
6.72,733,67686,86.0,74.0,86.0,94.0,110.0,1998.7186002319052,0.0,0.8935879945429741,0.0
8.68,963,114172,86.0,74.0,86.0,94.0,110.0,55745.01291287502,0.0,0.8608515057113187,0.0
8.39,66,13462,94.0,94.0,94.0,209.0,504.0,37173.271808999074,0.0,0.5454545454545454,0.0
1.75,22,3105,86.0,86.0,86.0,115.0,313.5000000000002,14864.663223140493,0.0,0.6818181818181818,0.0
0.42,10,876,86.0,74.0,86.0,92.0,95.6,96.64,0.0,0.9,0.0
6.92,678,73544,86.0,74.0,86.0,94.0,110.0,20538.868683704462,0.0,0.8539823008849557,0.0
0.06,3,258,86.0,86.0,86.0,86.0,86.0,0.0,0.0,1.0,0.0
8.69,931,85754,86.0,74.0,86.0,94.0,110.0,1901.463829129368,0.0,0.8775510204081632,0.0
5.42,462,45125,86.0,74.0,86.0,94.0,110.0,2054.7091930436086,0.0,0.854978354978355,0.0
9.11,724,67098,86.0,74.0,86.0,94.0,110.0,2272.351340007936,0.0,0.8895027624309392,0.0
7.6,740,74343,86.0,74.0,86.0,94.0,110.0,4192.843263330898,0.0,0.8527027027027027,0.0
8.96,705,64764,86.0,74.0,86.0,94.0,110.0,1466.5459966802478,0.0,0.8879432624113475,0.0
9.2,639,58814,86.0,74.0,86.0,94.0,110.0,2403.084416427273,0.0,0.8779342723004695,0.0
5.47,515,51962,86.0,74.0,86.0,94.0,110.0,14302.018535205958,0.0,0.8718446601941747,0.0
0.37,58,4924,86.0,74.0,74.0,86.0,94.0,97.5410225921522,0.0,0.9137931034482759,0.0
1.2,96,8468,86.0,74.0,86.0,94.0,110.0,94.28993055555554,0.0,0.8854166666666666,0.0
0.47,14,1260,86.0,86.0,86.0,94.0,94.0,43.42857142857143,0.0,0.9285714285714286,0.0
0.3,66,5821,86.0,74.0,86.0,94.0,110.0,117.00665748393021,0.0,0.8787878787878788,0.0
2.59,248,24269,86.0,74.0,86.0,94.0,110.0,7095.822824531737,0.0,0.8669354838709677,0.0
8.05,811,76250,86.0,74.0,86.0,94.0,110.0,5644.1549745256725,0.0,0.8865598027127004,0.0
7.03,675,63760,86.0,74.0,86.0,94.0,110.0,2649.7920438957476,0.0,0.8859259259259259,0.0
7.95,692,62975,86.0,74.0,86.0,94.0,110.0,786.4840852517624,0.0,0.884393063583815,0.0
1.71,221,22589,86.0,74.0,86.0,94.0,110.0,6493.5158575786745,0.0,0.8552036199095022,0.0
7.57,809,78827,86.0,74.0,86.0,94.0,110.0,2942.7257078509533,0.0,0.8529048207663782,0.0
9.49,946,85288,86.0,74.0,86.0,94.0,110.0,904.7006825221583,0.0,0.8868921775898521,0.0
1.01,113,10680,86.0,74.0,86.0,94.0,110.0,1304.9046910486336,0.0,0.8584070796460177,0.0
0.85,120,11370,86.0,74.0,86.0,94.0,110.0,5056.004166666667,0.0,0.8916666666666667,0.0
5.79,563,54327,86.0,74.0,86.0,94.0,110.0,8842.338790228696,0.0,0.8792184724689165,0.0
0.9,75,6886,86.0,74.0,86.0,94.0,110.0,515.0051555555555,0.0,0.8666666666666667,0.0
5.58,415,36860,86.0,74.0,86.0,94.0,110.0,311.69505007983736,0.0,0.8939759036144578,0.0
4.94,439,42110,86.0,74.0,86.0,94.0,110.0,3302.3630221927037,0.0,0.8724373576309795,0.0
3.65,353,32504,86.0,74.0,86.0,94.0,110.0,1242.390308886196,0.0,0.8753541076487252,0.0
4.14,388,35180,86.0,74.0,86.0,94.0,110.0,983.3860133914337,0.0,0.8943298969072165,0.0
3.48,350,32064,86.0,74.0,86.0,94.0,110.0,840.5804408163265,0.0,0.8828571428571429,0.0
1.86,233,23501,86.0,74.0,86.0,94.0,110.0,3747.2257731768864,0.0,0.8540772532188842,0.0
5.72,638,63854,86.0,74.0,86.0,94.0,110.0,3136.8266919546777,0.0,0.8589341692789969,0.0
6.7,648,62489,86.0,74.0,86.0,94.0,110.0,3612.723991674288,0.0,0.8703703703703703,0.0
4.16,381,34122,86.0,74.0,86.0,94.0,110.0,401.75832351664707,0.0,0.8923884514435696,0.0
8.74,869,83704,86.0,74.0,86.0,94.0,110.0,3343.157400872132,0.0,0.8722669735327964,0.0
6.23,612,58059,86.0,74.0,86.0,94.0,110.0,2374.323985966936,0.0,0.8741830065359477,0.0
0.68,75,6470,86.0,74.0,86.0,86.0,94.0,87.18222222222224,0.0,0.92,0.0
1.25,118,10820,86.0,74.0,86.0,94.0,110.0,747.7035334673943,0.0,0.8728813559322034,0.0
3.73,297,26332,86.0,74.0,86.0,94.0,94.0,311.1335124533778,0.0,0.9023569023569024,0.0
6.81,400,37818,86.0,74.0,86.0,86.0,110.0,1617.2879749999995,0.0,0.8875,0.0
7.89,723,65856,86.0,74.0,86.0,94.0,110.0,1217.3132923560772,0.0,0.8852005532503457,0.0
7.19,703,65877,86.0,74.0,86.0,94.0,110.0,5160.203727572751,0.0,0.8790896159317212,0.0
9.49,780,74680,86.0,74.0,86.0,94.0,110.0,4816.716305062459,0.0,0.8756410256410256,0.0
7.45,678,61971,86.0,74.0,86.0,94.0,110.0,977.482411830736,0.0,0.8805309734513275,0.0
4.63,392,35126,86.0,74.0,86.0,94.0,110.0,335.9477040816325,0.0,0.8724489795918368,0.0
3.95,393,47786,86.0,74.0,86.0,94.0,110.0,61441.070890714735,0.0,0.8727735368956743,0.0
6.47,454,40710,86.0,74.0,86.0,94.0,110.0,485.3974460983136,0.0,0.8832599118942731,0.0
0.03,2,188,94.0,94.0,94.0,94.0,94.0,0.0,0.0,1.0,0.0
1.58,168,15244,86.0,74.0,86.0,94.0,110.0,815.6933106575965,0.0,0.8809523809523809,0.0
3.91,280,26261,86.0,74.0,86.0,94.0,110.0,1065.380599489796,0.0,0.8571428571428571,0.0
1.11,71,6775,86.0,74.0,86.0,94.0,110.0,3453.9341400515764,0.0,0.8732394366197183,0.0
0.25,33,2950,86.0,76.4,86.0,94.0,106.80000000000001,91.26905417814508,0.0,0.8787878787878788,0.0
4.59,332,29758,86.0,74.0,86.0,94.0,110.0,529.0095442008999,0.0,0.8855421686746988,0.0
7.83,728,69015,86.0,74.0,86.0,94.0,110.0,6173.901263057,0.0,0.8804945054945055,0.0
7.84,763,68442,86.0,74.0,86.0,94.0,110.0,452.51358969646265,0.0,0.8872870249017037,0.0
0.29,57,5010,86.0,74.0,86.0,94.0,94.0,83.14681440443213,0.0,0.9122807017543859,0.0
9.21,952,91240,86.0,74.0,86.0,94.0,110.0,4659.737112492056,0.0,0.8802521008403361,0.0
8.21,794,76433,86.0,74.0,86.0,94.0,110.0,2969.768244516493,0.0,0.8677581863979849,0.0
5.18,639,60517,86.0,74.0,86.0,94.0,110.0,2327.171656613301,0.0,0.8763693270735524,0.0
6.2,669,61179,86.0,74.0,86.0,94.0,110.0,1979.0694631569775,0.0,0.8938714499252616,0.0
9.05,1087,100478,86.0,74.0,86.0,94.0,110.0,1273.2449920402444,0.0,0.8666053357865685,0.0
5.04,585,62733,86.0,74.0,86.0,94.0,110.0,11340.710164365551,0.0,0.8478632478632478,0.0
6.39,755,74093,86.0,74.0,86.0,94.0,110.0,3457.61185211175,0.0,0.8649006622516556,0.0
9.11,364,41736,86.0,74.0,86.0,94.0,144.0,7836.241094070763,0.0,0.7967032967032966,0.0
0.34,1,94,94.0,94.0,94.0,94.0,94.0,0.0,0.0,1.0,0.0
1.53,131,17116,86.0,86.0,86.0,94.0,252.0,19569.675893013224,0.0,0.7786259541984732,0.0
9.74,959,90229,86.0,74.0,86.0,94.0,110.0,1964.9132601412884,0.0,0.8779979144942649,0.0
7.08,830,76024,86.0,74.0,86.0,94.0,110.0,1288.9397358107128,0.0,0.8795180722891566,0.0
3.21,353,31466,86.0,74.0,86.0,94.0,110.0,264.86175155887616,0.0,0.8838526912181303,0.0
5.58,642,60733,86.0,74.0,86.0,94.0,110.0,5476.850654108559,0.0,0.8878504672897196,0.0
4.94,576,54623,86.0,74.0,86.0,94.0,110.0,2662.521987726659,0.0,0.875,0.0
2.95,307,30821,86.0,74.0,86.0,94.0,110.0,4671.6329297923585,0.0,0.8664495114006515,0.0
8.03,787,77348,86.0,74.0,86.0,94.0,110.0,5609.300352455482,0.0,0.8678526048284625,0.0
3.5,424,45340,86.0,74.0,86.0,94.0,110.0,20753.29280882877,0.0,0.8608490566037735,0.0
6.85,789,71748,86.0,74.0,86.0,94.0,110.0,955.193540458876,0.0,0.8833967046894804,0.0
0.72,73,6334,86.0,74.0,86.0,86.0,94.0,94.97316569712892,0.0,0.9041095890410958,0.0
5.0,547,51095,86.0,74.0,86.0,94.0,110.0,2160.457533028752,0.0,0.8756855575868373,0.0
0.29,42,3636,86.0,74.0,86.0,86.0,94.0,77.38775510204083,0.0,0.9285714285714286,0.0
0.67,18,1778,94.0,86.0,86.0,94.0,110.0,876.0617283950619,0.0,0.8333333333333334,0.0
7.39,539,51541,86.0,74.0,86.0,94.0,110.0,1404.7616798785634,0.0,0.8571428571428571,0.0
9.02,1066,98883,86.0,74.0,86.0,94.0,110.0,1695.9118207674355,0.0,0.8818011257035647,0.0
7.09,765,70947,86.0,74.0,86.0,94.0,110.0,1502.7199384851974,0.0,0.8745098039215686,0.0
2.28,229,20894,86.0,74.0,86.0,94.0,110.0,338.5842375240746,0.0,0.851528384279476,0.0
8.07,841,76708,86.0,74.0,86.0,94.0,110.0,1376.7773459205036,0.0,0.882282996432818,0.0
0.57,13,1662,86.0,76.4,86.0,134.0,252.8000000000001,4946.130177514793,0.0,0.6153846153846154,0.0
0.73,138,14501,86.0,74.0,86.0,94.0,110.0,9262.551617307287,0.0,0.855072463768116,0.0
8.88,992,90806,86.0,74.0,86.0,94.0,110.0,766.5428874544746,0.0,0.8719758064516129,0.0
9.25,889,80010,86.0,74.0,86.0,94.0,110.0,1317.1833520809898,0.0,0.8931383577052868,0.0
2.3,275,28893,86.0,74.0,86.0,94.0,110.0,4889.202988429752,0.0,0.84,0.0
3.01,309,27718,86.0,74.0,86.0,94.0,110.0,327.4712246415517,0.0,0.883495145631068,0.0
5.84,531,50188,86.0,74.0,86.0,94.0,110.0,1889.0972013860076,0.0,0.8700564971751412,0.0
5.05,527,48891,86.0,74.0,86.0,94.0,110.0,2094.445304595488,0.0,0.8747628083491461,0.0
7.1,691,62912,86.0,74.0,86.0,94.0,110.0,750.5059468334865,0.0,0.8813314037626628,0.0
7.14,768,76023,86.0,74.0,86.0,94.0,110.0,6130.850123087565,0.0,0.86328125,0.0
9.3,721,66416,86.0,74.0,86.0,94.0,110.0,839.1764404885339,0.0,0.8640776699029126,0.0
9.97,58,15582,209.0,94.0,94.0,291.0,720.0,53778.467300832344,0.0,0.27586206896551724,0.0
7.42,27,4945,94.0,94.0,94.0,163.5,252.60000000000014,43327.459533607675,0.0,0.5185185185185185,0.0
0.47,4,344,86.0,86.0,86.0,86.0,86.0,0.0,0.0,1.0,0.0
4.21,18,2606,94.0,86.0,86.0,112.0,122.80000000000001,37766.72839506172,0.0,0.7222222222222222,0.0
7.01,67,12368,86.0,86.0,86.0,94.0,112.0,158847.49431944755,0.0,0.8656716417910447,0.0
5.3,454,65190,86.0,74.0,86.0,94.0,134.0,66900.18898096216,0.0,0.8039647577092511,0.0
1.4,119,10820,86.0,74.0,86.0,86.0,94.0,1953.397641409504,0.0,0.9159663865546218,0.0
7.1,628,58353,86.0,74.0,86.0,88.0,110.0,2514.243404904864,0.0,0.893312101910828,0.0
2.3,316,29733,86.0,74.0,86.0,94.0,110.0,2158.6972740746673,0.0,0.8829113924050633,0.0
3.33,430,37964,86.0,74.0,86.0,94.0,110.0,243.76800432666306,0.0,0.8976744186046511,0.0
0.87,131,13767,86.0,74.0,86.0,94.0,110.0,4670.510692850067,0.0,0.8549618320610687,0.0
1.12,119,10480,86.0,74.0,86.0,86.0,97.20000000000005,106.41564861238615,0.0,0.8991596638655462,0.0
3.71,457,40442,86.0,74.0,86.0,94.0,110.0,298.2499700740727,0.0,0.8905908096280087,0.0
0.35,24,2112,86.0,86.0,86.0,94.0,94.0,48.0,0.0,0.9583333333333334,0.0
2.9,379,34536,86.0,74.0,86.0,94.0,110.0,1456.013645129176,0.0,0.8891820580474934,0.0
7.07,878,80520,86.0,74.0,86.0,94.0,110.0,1729.0220474156945,0.0,0.8895216400911162,0.0
4.56,494,44094,86.0,74.0,86.0,94.0,110.0,582.0502712714518,0.0,0.8967611336032388,0.0
4.87,562,50802,86.0,74.0,86.0,94.0,110.0,857.9863096971922,0.0,0.891459074733096,0.0
7.68,899,82756,86.0,74.0,86.0,90.0,110.0,3406.170675364173,0.0,0.8987764182424917,0.0
5.71,670,61315,86.0,74.0,86.0,94.0,110.0,3094.676642904878,0.0,0.8925373134328358,0.0
8.32,779,73009,86.0,74.0,86.0,94.0,110.0,5381.872338882838,0.0,0.8806161745827985,0.0
1.87,27,4066,110.0,94.0,94.0,192.5,232.20000000000007,4692.167352537723,0.0,0.4444444444444444,0.0
8.45,46,8829,118.0,94.0,94.0,273.0,360.0,18009.75661625709,0.0,0.391304347826087,0.0
4.89,19,3799,144.0,94.0,94.0,239.5,374.4,26056.997229916906,0.0,0.47368421052631576,0.0
6.33,53,10637,86.0,86.0,86.0,178.0,344.00000000000034,77537.00320398719,0.0,0.6226415094339622,0.0
9.76,250,48973,86.0,74.0,86.0,94.0,255.5999999999998,209736.264336,0.0,0.78,0.0
2.33,68,8190,86.0,86.0,86.0,101.0,216.9,5616.981833910034,0.0,0.75,0.0
2.46,225,24638,86.0,74.0,86.0,94.0,110.0,9567.707772839505,0.0,0.8355555555555556,0.0
7.16,741,65619,86.0,74.0,86.0,94.0,94.0,425.6424243417638,0.0,0.9041835357624831,0.0
5.78,604,53808,86.0,74.0,86.0,94.0,110.0,467.94623042849014,0.0,0.8973509933774835,0.0
2.99,225,20074,86.0,74.0,86.0,94.0,103.59999999999991,373.1125728395062,0.0,0.8977777777777778,0.0
3.08,346,34307,86.0,74.0,86.0,94.0,110.0,7143.077692204884,0.0,0.8728323699421965,0.0
4.36,484,43159,86.0,74.0,86.0,94.0,110.0,202.5553027457141,0.0,0.8801652892561983,0.0
7.51,756,67562,86.0,74.0,86.0,94.0,110.0,439.5102810671594,0.0,0.8902116402116402,0.0
3.73,405,35864,86.0,74.0,86.0,94.0,110.0,394.5187867703095,0.0,0.8962962962962963,0.0
3.4,327,29222,86.0,74.0,86.0,94.0,110.0,436.0908079192736,0.0,0.8929663608562691,0.0
0.73,67,6212,86.0,86.0,86.0,94.0,110.0,287.84495433281353,0.0,0.8656716417910447,0.0
5.05,508,46626,86.0,74.0,86.0,94.0,110.0,3582.7798840597675,0.0,0.8917322834645669,0.0
5.46,588,56790,86.0,74.0,86.0,94.0,110.0,8463.09367624601,0.0,0.8792517006802721,0.0
6.44,474,43108,86.0,74.0,86.0,94.0,110.0,795.1024764549842,0.0,0.8818565400843882,0.0
3.2,23,6156,110.0,94.0,94.0,505.5,507.0,50432.74858223062,0.0,0.43478260869565216,0.0
2.57,12,4269,94.0,94.0,94.0,756.0,756.0,101142.35416666667,0.0,0.5833333333333334,0.0
6.35,133,20546,86.0,86.0,86.0,98.0,247.59999999999994,46694.33987223698,0.0,0.7669172932330827,0.0
3.61,274,25102,86.0,74.0,86.0,94.0,110.0,917.3466886887956,0.0,0.8795620437956204,0.0
6.91,732,66921,86.0,74.0,86.0,94.0,110.0,2100.0335539281555,0.0,0.889344262295082,0.0
4.29,462,40973,86.0,74.0,86.0,94.0,110.0,297.12444013418036,0.0,0.8939393939393939,0.0
4.13,450,40503,86.0,74.0,86.0,94.0,110.0,852.9666222222228,0.0,0.8777777777777778,0.0
2.85,325,31418,86.0,74.0,86.0,94.0,110.0,8808.417760946752,0.0,0.8892307692307693,0.0
7.49,754,69731,86.0,74.0,86.0,94.0,110.0,1238.5493899907829,0.0,0.8779840848806366,0.0
9.31,1619,1790811,86.0,86.0,86.0,86.0,94.80000000000018,41999957.263143316,0.0,0.9011735639283508,0.0
4.36,468,43845,86.0,74.0,86.0,94.0,110.0,3081.3351002629847,0.0,0.8739316239316239,0.0
2.06,207,19697,86.0,74.0,86.0,94.0,110.0,1572.2756190342825,0.0,0.855072463768116,0.0
0.17,22,1928,86.0,74.0,86.0,94.0,94.0,99.86776859504134,0.0,0.9090909090909091,0.0
8.2,895,83390,86.0,74.0,86.0,94.0,110.0,1913.7476608095872,0.0,0.8793296089385475,0.0
4.24,361,32106,86.0,74.0,86.0,94.0,110.0,278.8962178006615,0.0,0.8975069252077562,0.0
9.1,921,85212,86.0,74.0,86.0,94.0,110.0,2192.36464401037,0.0,0.8805646036916395,0.0
4.19,391,35301,86.0,74.0,86.0,94.0,110.0,709.210968007797,0.0,0.8900255754475703,0.0
8.55,920,86177,86.0,74.0,86.0,94.0,110.0,1673.6817474007562,0.0,0.8717391304347826,0.0
7.05,710,63338,86.0,74.0,86.0,94.0,110.0,413.56499900813327,0.0,0.895774647887324,0.0
2.54,285,26296,86.0,74.0,86.0,94.0,110.0,1726.4411695906433,0.0,0.8736842105263158,0.0
6.39,714,65024,86.0,74.0,86.0,94.0,110.0,1805.3424350132211,0.0,0.8781512605042017,0.0
5.07,580,54483,86.0,74.0,86.0,94.0,110.0,9086.845930439955,0.0,0.896551724137931,0.0
5.73,504,62193,86.0,74.0,86.0,94.0,110.0,49010.94610969388,0.0,0.8531746031746031,0.0
7.82,579,53627,86.0,74.0,86.0,94.0,110.0,1320.335764420223,0.0,0.8842832469775475,0.0
0.37,13,1158,86.0,86.0,86.0,86.0,94.0,44.68639053254439,0.0,0.9230769230769231,0.0
2.73,334,30716,86.0,74.0,86.0,94.0,110.0,1534.7292480906453,0.0,0.8772455089820359,0.0
2.78,317,30415,86.0,74.0,86.0,94.0,110.0,9811.079142990775,0.0,0.889589905362776,0.0
9.9,582,58938,86.0,74.0,86.0,94.0,110.0,4182.319906472526,0.0,0.8556701030927835,0.0
3.66,361,34831,86.0,74.0,86.0,94.0,110.0,2723.7566930886037,0.0,0.8642659279778393,0.0
0.53,83,7258,86.0,74.0,86.0,94.0,94.0,98.53621715778779,0.0,0.9036144578313253,0.0
1.19,137,12165,86.0,74.0,86.0,94.0,110.0,208.74655016250202,0.0,0.8832116788321168,0.0
9.52,1011,94812,86.0,74.0,86.0,94.0,110.0,3189.23170348716,0.0,0.8793273986152325,0.0
8.18,868,78152,86.0,74.0,86.0,94.0,110.0,1132.9364288899744,0.0,0.8986175115207373,0.0
5.87,628,58168,86.0,74.0,86.0,94.0,110.0,2798.0403058947627,0.0,0.8964968152866242,0.0
6.24,610,55975,86.0,74.0,86.0,94.0,110.0,2013.7156275194836,0.0,0.8918032786885246,0.0
6.8,687,62222,86.0,74.0,86.0,94.0,110.0,804.4458894546041,0.0,0.8820960698689956,0.0
3.6,306,28948,86.0,74.0,86.0,94.0,110.0,4602.278952539621,0.0,0.8888888888888888,0.0
1.48,118,10748,86.0,74.0,86.0,94.0,110.0,624.111462223499,0.0,0.8728813559322034,0.0
6.24,551,53401,86.0,74.0,86.0,94.0,110.0,7695.463084772449,0.0,0.8820326678765881,0.0
2.55,178,16250,86.0,74.0,86.0,94.0,110.0,275.73488195934857,0.0,0.8595505617977528,0.0
9.07,294,33358,86.0,74.0,86.0,94.0,134.0,10255.711185154334,0.0,0.8061224489795918,0.0
0.27,2,468,234.0,219.6,225.0,243.0,248.4,324.0,0.0,0.0,0.0
6.5,19,5184,138.0,94.0,94.0,327.0,645.1999999999999,78769.29085872576,0.0,0.42105263157894735,0.0
3.58,12,3304,94.0,94.0,94.0,104.0,760.4000000000002,175726.22222222225,0.0,0.75,0.0
4.52,11,2287,118.0,94.0,94.0,204.0,327.0,43586.26446280992,0.0,0.36363636363636365,0.0
0.33,10,860,86.0,86.0,86.0,86.0,86.0,0.0,0.0,1.0,0.0
9.19,349,64012,94.0,86.0,86.0,118.0,170.0,133710.9362648911,0.0,0.6074498567335244,0.0
1.85,95,9299,86.0,74.0,86.0,94.0,110.0,2642.4813296398893,0.0,0.8631578947368421,0.0
5.48,561,51032,86.0,74.0,86.0,94.0,110.0,628.8919010806397,0.0,0.8912655971479501,0.0
0.78,87,7550,86.0,74.0,86.0,94.0,94.0,88.95230545646717,0.0,0.9195402298850575,0.0
6.16,836,77458,86.0,74.0,86.0,94.0,110.0,2279.8772750165977,0.0,0.8923444976076556,0.0
0.61,81,7791,86.0,74.0,86.0,86.0,110.0,1574.150891632373,0.0,0.8641975308641975,0.0
0.67,89,8220,86.0,74.0,86.0,94.0,110.0,861.0842065395786,0.0,0.8764044943820225,0.0
9.39,1122,100195,86.0,74.0,86.0,94.0,110.0,464.63973249322413,0.0,0.8948306595365418,0.0
7.99,920,83815,86.0,74.0,86.0,94.0,94.0,2415.8752067580344,0.0,0.9032608695652173,0.0
5.92,718,65768,86.0,74.0,86.0,94.0,110.0,1895.9700266136979,0.0,0.8941504178272981,0.0
0.59,74,6854,86.0,74.0,86.0,94.0,110.0,1067.9919649379108,0.0,0.8783783783783784,0.0
5.63,636,56510,86.0,74.0,86.0,94.0,98.0,393.015891380879,0.0,0.9009433962264151,0.0
4.85,541,47732,86.0,74.0,86.0,94.0,110.0,264.3910879079954,0.0,0.8983364140480592,0.0
3.29,329,31495,86.0,74.0,86.0,94.0,110.0,4784.695817666135,0.0,0.8905775075987842,0.0
0.66,57,5240,86.0,74.0,86.0,94.0,100.39999999999998,1044.2056017236073,0.0,0.8947368421052632,0.0
1.43,197,17742,86.0,74.0,86.0,94.0,110.0,666.2297920585432,0.0,0.8934010152284264,0.0
6.27,678,64217,86.0,74.0,86.0,94.0,110.0,5407.203629014714,0.0,0.8790560471976401,0.0
1.64,157,14268,86.0,74.0,86.0,94.0,110.0,373.5713416365776,0.0,0.8789808917197452,0.0
2.01,162,14714,86.0,86.0,86.0,94.0,110.0,275.24173144337755,0.0,0.8888888888888888,0.0
0.38,61,5302,86.0,74.0,86.0,86.0,94.0,85.1900026874496,0.0,0.9180327868852459,0.0
8.07,875,82098,86.0,74.0,86.0,94.0,110.0,2232.191537632653,0.0,0.8765714285714286,0.0
4.26,393,35022,86.0,74.0,86.0,94.0,110.0,374.86984052988356,0.0,0.8956743002544529,0.0
8.58,825,74510,86.0,74.0,86.0,94.0,110.0,1576.8873461891642,0.0,0.8981818181818182,0.0
5.69,655,65009,86.0,74.0,86.0,94.0,110.0,3313.2899807703516,0.0,0.8580152671755725,0.0
2.93,302,27195,86.0,74.0,86.0,94.0,110.0,535.3121025393623,0.0,0.8807947019867549,0.0
1.91,224,21802,86.0,74.0,86.0,94.0,110.0,1940.6408641581634,0.0,0.8571428571428571,0.0
2.1,232,21786,86.0,74.0,86.0,94.0,110.0,1879.180662901308,0.0,0.875,0.0
7.37,788,71571,86.0,74.0,86.0,94.0,110.0,756.6436313097478,0.0,0.8845177664974619,0.0
6.87,695,63602,86.0,74.0,86.0,94.0,110.0,1117.1677987681796,0.0,0.8848920863309353,0.0
5.43,499,44600,86.0,74.0,86.0,94.0,110.0,891.3695687969124,0.0,0.8937875751503006,0.0
1.56,163,16290,86.0,74.0,86.0,94.0,107.60000000000014,9094.548383454397,0.0,0.8957055214723927,0.0
1.97,195,18412,86.0,78.80000000000003,86.0,94.0,110.0,1881.5257330703478,0.0,0.8923076923076924,0.0
5.79,560,49758,86.0,74.0,86.0,94.0,110.0,269.94998724489795,0.0,0.8875,0.0
8.54,700,65524,86.0,74.0,86.0,94.0,110.0,3320.127395918367,0.0,0.8885714285714286,0.0
9.41,881,79853,86.0,74.0,86.0,94.0,110.0,547.5836740057798,0.0,0.8819523269012486,0.0
4.47,408,40220,86.0,74.0,86.0,94.0,110.0,4467.861495578622,0.0,0.8676470588235294,0.0
1.89,170,15314,86.0,74.0,86.0,94.0,110.0,651.9696885813147,0.0,0.8823529411764706,0.0
5.03,434,44486,86.0,74.0,86.0,94.0,110.0,10929.936630635608,0.0,0.8594470046082949,0.0
2.78,274,25885,86.0,74.0,86.0,94.0,110.0,4868.190753369918,0.0,0.8795620437956204,0.0
7.27,528,49448,86.0,74.0,86.0,94.0,110.0,4483.6209825528,0.0,0.8882575757575758,0.0
6.23,668,68306,86.0,74.0,86.0,94.0,110.0,12670.306491806805,0.0,0.8667664670658682,0.0
5.0,444,43996,86.0,74.0,86.0,94.0,110.0,4206.158550442335,0.0,0.8603603603603603,0.0
7.58,733,72117,86.0,74.0,86.0,94.0,110.0,7422.313421640868,0.0,0.8731241473396999,0.0
5.06,555,75258,86.0,74.0,86.0,94.0,110.0,53300.870630630634,0.0,0.8450450450450451,0.0
8.35,1155,163892,86.0,86.0,86.0,95.0,144.0,58601.21207323702,0.0,0.793939393939394,0.0
3.68,362,34436,86.0,74.0,86.0,94.0,110.0,3184.8512560666645,0.0,0.8674033149171271,0.0
4.47,450,137994,86.0,86.0,86.0,115.0,462.0,422552.1864888889,0.0,0.7177777777777777,0.0
0.14,18,1572,86.0,86.0,86.0,86.0,86.0,30.222222222222214,0.0,0.9444444444444444,0.0
1.53,58,5506,86.0,86.0,86.0,92.0,110.0,1152.960760998811,0.0,0.8448275862068966,0.0
1.78,85,18022,86.0,86.0,86.0,98.0,166.80000000000032,204391.2935640139,0.0,0.8,0.0
9.01,830,128844,86.0,74.0,86.0,94.0,134.0,122823.30199448396,0.0,0.7975903614457831,0.0
1.05,79,7060,86.0,74.0,86.0,94.0,110.0,201.16904342252843,0.0,0.8734177215189873,0.0
0.11,11,986,86.0,86.0,86.0,90.0,94.0,50.77685950413224,0.0,0.9090909090909091,0.0
7.79,708,95175,86.0,74.0,86.0,94.0,110.0,109840.79565857515,0.0,0.867231638418079,0.0
6.62,540,56244,86.0,74.0,86.0,94.0,110.0,26126.50172839506,0.0,0.8611111111111112,0.0
0.81,39,3410,86.0,74.0,86.0,86.0,97.20000000000005,85.73307034845496,0.0,0.8974358974358975,0.0
5.28,480,47281,86.0,74.0,86.0,94.0,110.0,14603.749995659726,0.0,0.8645833333333334,0.0
4.14,344,30873,86.0,74.0,86.0,94.0,110.0,838.9389450378584,0.0,0.8953488372093024,0.0
2.6,225,21749,86.0,74.0,86.0,94.0,110.0,6215.654795061727,0.0,0.8622222222222222,0.0
1.81,126,11512,86.0,74.0,86.0,94.0,102.0,889.1206853111612,0.0,0.8968253968253969,0.0
7.65,777,79457,86.0,74.0,86.0,94.0,110.0,17789.35130497293,0.0,0.8558558558558559,0.0
0.44,54,4712,86.0,74.0,86.0,94.0,94.0,92.93278463648834,0.0,0.9074074074074074,0.0
4.31,430,40282,86.0,74.0,86.0,94.0,110.0,2715.441189832343,0.0,0.8651162790697674,0.0
4.17,467,42639,86.0,74.0,86.0,94.0,110.0,726.0617179224995,0.0,0.867237687366167,0.0
1.19,109,11726,86.0,74.0,86.0,94.0,110.0,21564.482450972144,0.0,0.8715596330275229,0.0
5.92,655,58228,86.0,74.0,86.0,94.0,102.80000000000018,355.9788497173824,0.0,0.899236641221374,0.0
2.77,294,27924,86.0,74.0,86.0,94.0,110.0,7308.530195751768,0.0,0.8877551020408163,0.0
2.05,244,22500,86.0,74.0,86.0,94.0,110.0,867.20048374093,0.0,0.860655737704918,0.0
3.99,316,29511,86.0,74.0,86.0,94.0,110.0,2153.541529802916,0.0,0.8765822784810127,0.0
2.05,235,20976,86.0,74.0,86.0,94.0,110.0,836.0304934359438,0.0,0.8936170212765957,0.0
6.59,614,60423,86.0,74.0,86.0,94.0,110.0,18725.59998779828,0.0,0.8908794788273615,0.0
2.47,293,28076,86.0,74.0,86.0,94.0,110.0,7200.4531444746,0.0,0.8805460750853242,0.0
3.47,432,51881,86.0,74.0,86.0,94.0,110.0,31858.11830739884,0.0,0.8356481481481481,0.0
2.78,316,29368,86.0,74.0,86.0,94.0,110.0,1253.299791700048,0.0,0.8765822784810127,0.0
4.92,525,49809,86.0,74.0,86.0,94.0,110.0,3774.128957823129,0.0,0.8819047619047619,0.0
3.56,410,39360,86.0,74.0,86.0,94.0,110.0,4978.770731707317,0.0,0.8829268292682927,0.0
3.65,430,38672,86.0,74.0,86.0,94.0,110.0,847.5864575446188,0.0,0.8906976744186047,0.0
3.51,299,32288,86.0,74.0,86.0,94.0,110.0,7203.966376215033,0.0,0.8394648829431438,0.0
0.94,94,8842,86.0,86.0,86.0,94.0,110.0,2023.7193300135798,0.0,0.8829787234042553,0.0
2.17,176,15826,86.0,74.0,86.0,94.0,102.0,461.69821797520655,0.0,0.8977272727272727,0.0
1.7,165,15256,86.0,74.0,86.0,94.0,110.0,1687.6908723599634,0.0,0.8606060606060606,0.0
3.56,316,29314,86.0,74.0,86.0,94.0,110.0,1675.597059766063,0.0,0.8670886075949367,0.0
3.7,251,22644,86.0,74.0,86.0,94.0,110.0,387.18080665386265,0.0,0.8764940239043825,0.0
6.83,675,62296,86.0,74.0,86.0,94.0,110.0,3111.0653146776403,0.0,0.882962962962963,0.0
1.69,204,18730,86.0,74.0,86.0,94.0,110.0,1422.6515763168013,0.0,0.8823529411764706,0.0
4.77,437,42297,86.0,74.0,86.0,94.0,110.0,6549.923642057092,0.0,0.88558352402746,0.0
0.12,15,1374,86.0,86.0,86.0,94.0,110.0,131.83999999999997,0.0,0.8,0.0
3.97,490,45100,86.0,74.0,86.0,94.0,110.0,2158.365680966264,0.0,0.8918367346938776,0.0
3.69,363,32446,86.0,74.0,86.0,94.0,110.0,1198.6715540073915,0.0,0.8953168044077136,0.0
9.04,923,95502,86.0,74.0,86.0,94.0,110.0,14700.385557951427,0.0,0.8645720476706392,0.0
6.57,1513,2415378,86.0,86.0,86.0,86.0,94.0,79221594.60388201,0.0,0.9015201586252478,0.0
0.63,26,2216,86.0,74.0,77.0,86.0,94.0,87.40828402366863,0.0,0.9230769230769231,0.0
4.5,459,42251,86.0,74.0,86.0,94.0,110.0,1474.7883387680902,0.0,0.8823529411764706,0.0
7.18,802,81414,86.0,74.0,86.0,94.0,110.0,9837.945572477785,0.0,0.8665835411471322,0.0
0.13,5,470,94.0,86.0,86.0,94.0,103.6,76.8,0.0,0.8,0.0
0.81,126,11298,86.0,74.0,86.0,94.0,110.0,221.25396825396828,0.0,0.873015873015873,0.0
4.24,506,47368,86.0,74.0,86.0,94.0,110.0,1435.940867690481,0.0,0.8735177865612648,0.0
9.03,961,94791,86.0,74.0,86.0,94.0,110.0,7895.18000132103,0.0,0.8626430801248699,0.0
1.0,125,10930,86.0,74.0,86.0,94.0,94.0,94.31039999999996,0.0,0.904,0.0
5.73,561,51174,86.0,74.0,86.0,94.0,110.0,1042.3030874965443,0.0,0.8841354723707665,0.0
8.23,890,83403,86.0,74.0,86.0,94.0,110.0,2121.149199596011,0.0,0.8741573033707866,0.0
1.81,129,12070,86.0,74.0,86.0,94.0,110.0,1303.5634877711677,0.0,0.8604651162790697,0.0
3.12,266,24501,86.0,74.0,86.0,94.0,110.0,592.2399937814461,0.0,0.8759398496240601,0.0
5.89,669,60780,86.0,74.0,86.0,94.0,110.0,1438.275560202967,0.0,0.8878923766816144,0.0
6.23,712,82044,86.0,74.0,86.0,94.0,116.0,18034.241888650424,0.0,0.8146067415730337,0.0
3.94,455,45635,86.0,74.0,86.0,94.0,110.0,3588.516362758121,0.0,0.8571428571428571,0.0
8.12,792,71950,86.0,74.0,86.0,94.0,110.0,1239.6833422609939,0.0,0.88510101010101,0.0
7.24,834,75638,86.0,74.0,86.0,94.0,110.0,886.7666902449264,0.0,0.8884892086330936,0.0
4.05,423,39439,86.0,74.0,86.0,94.0,110.0,1719.5422206573553,0.0,0.8770685579196218,0.0
8.16,930,84772,86.0,74.0,86.0,94.0,110.0,1073.8196970748065,0.0,0.8817204301075269,0.0
2.35,285,27184,86.0,74.0,86.0,94.0,110.0,3496.5800430901813,0.0,0.8596491228070176,0.0
3.15,295,27180,86.0,74.0,86.0,94.0,94.0,2520.1714449870724,0.0,0.9016949152542373,0.0
5.99,626,58143,86.0,74.0,86.0,94.0,110.0,6021.003217854629,0.0,0.8881789137380192,0.0
5.15,614,55910,86.0,74.0,86.0,94.0,110.0,2475.8630118091437,0.0,0.8941368078175895,0.0
0.06,2,188,94.0,94.0,94.0,94.0,94.0,0.0,0.0,1.0,0.0
3.67,374,36907,86.0,74.0,86.0,94.0,110.0,7428.783787068546,0.0,0.8582887700534759,0.0
4.91,587,54071,86.0,74.0,86.0,94.0,110.0,1051.0551152309115,0.0,0.8858603066439523,0.0
4.96,589,55812,86.0,74.0,86.0,94.0,110.0,3458.530189870317,0.0,0.8777589134125636,0.0
6.03,660,63867,86.0,74.0,86.0,94.0,110.0,2518.0720179063364,0.0,0.8666666666666667,0.0
6.68,705,63470,86.0,74.0,86.0,94.0,110.0,964.3084150696642,0.0,0.8936170212765957,0.0
2.51,192,21334,86.0,74.0,86.0,94.0,110.0,11729.622287326392,0.0,0.859375,0.0
5.93,545,49496,86.0,74.0,86.0,94.0,110.0,1110.677094520663,0.0,0.8935779816513761,0.0
5.98,579,60019,86.0,74.0,86.0,94.0,110.0,8671.816878007163,0.0,0.8566493955094991,0.0
4.36,414,43498,86.0,74.0,86.0,94.0,110.0,11621.637937874866,0.0,0.8647342995169082,0.0
7.34,696,67684,86.0,74.0,86.0,94.0,110.0,3433.5251354207953,0.0,0.8692528735632183,0.0
6.89,700,63809,86.0,74.0,86.0,94.0,110.0,1177.0114673469386,0.0,0.8814285714285715,0.0
4.94,532,48488,86.0,74.0,86.0,94.0,108.40000000000055,2360.708915145005,0.0,0.8984962406015038,0.0
7.91,913,88199,86.0,74.0,86.0,94.0,110.0,5712.407961428508,0.0,0.8707557502738226,0.0
5.41,447,100221,86.0,86.0,86.0,98.0,474.0,235867.1401588517,0.0,0.7740492170022372,0.0
7.1,670,70723,86.0,74.0,86.0,94.0,110.0,8986.17812653152,0.0,0.8507462686567164,0.0
1.58,262,35658,86.0,74.0,86.0,94.0,110.0,71924.97488491345,0.0,0.8435114503816794,0.0
9.32,998,94114,86.0,74.0,86.0,94.0,110.0,2845.5296725715966,0.0,0.8707414829659319,0.0
4.74,460,43340,86.0,74.0,86.0,94.0,110.0,3420.126654064272,0.0,0.8826086956521739,0.0
9.12,863,77889,86.0,74.0,86.0,94.0,110.0,709.2809099197201,0.0,0.8910776361529548,0.0
9.4,882,81085,86.0,74.0,86.0,94.0,110.0,1881.8968858140386,0.0,0.8866213151927438,0.0
6.33,630,57489,86.0,74.0,86.0,94.0,110.0,917.6807482993197,0.0,0.8746031746031746,0.0
6.79,729,70370,86.0,74.0,86.0,94.0,110.0,6144.762161745143,0.0,0.879286694101509,0.0
7.29,686,66429,86.0,74.0,86.0,94.0,110.0,3268.0122249232886,0.0,0.8702623906705539,0.0
9.44,1072,98808,86.0,74.0,86.0,94.0,110.0,1303.1738973045221,0.0,0.8899253731343284,0.0
2.42,234,20767,86.0,74.0,86.0,86.0,94.0,597.3595039812988,0.0,0.9017094017094017,0.0
3.48,312,32305,86.0,74.0,86.0,94.0,110.0,9694.152110042736,0.0,0.8653846153846154,0.0
3.13,265,27916,86.0,86.0,86.0,94.0,110.0,7252.376418654326,0.0,0.8566037735849057,0.0
9.97,1058,98103,86.0,74.0,86.0,94.0,110.0,1639.1067686650633,0.0,0.8724007561436673,0.0
3.24,339,30195,86.0,74.0,86.0,94.0,110.0,428.87404390842426,0.0,0.8849557522123894,0.0
3.04,359,34514,86.0,74.0,86.0,94.0,110.0,3466.025170506127,0.0,0.8802228412256268,0.0
6.27,625,57475,86.0,74.0,86.0,94.0,110.0,1172.7296,0.0,0.8816,0.0
9.65,1038,96994,86.0,74.0,86.0,94.0,110.0,2063.398985005253,0.0,0.8757225433526011,0.0
1.63,188,16866,86.0,74.0,86.0,94.0,98.80000000000018,852.1940923494797,0.0,0.898936170212766,0.0
8.55,882,83019,86.0,74.0,86.0,94.0,110.0,3076.2959530751077,0.0,0.8741496598639455,0.0
2.32,267,31193,86.0,74.0,86.0,94.0,110.0,63282.21001837591,0.0,0.8651685393258427,0.0
2.05,188,16549,86.0,74.0,86.0,88.0,110.0,162.1748245812585,0.0,0.8882978723404256,0.0
9.0,910,114032,86.0,74.0,86.0,94.0,110.0,78405.67319888904,0.0,0.856043956043956,0.0
2.98,363,39037,86.0,74.0,86.0,94.0,110.0,26128.601021484574,0.0,0.8732782369146006,0.0
0.58,110,19130,86.0,86.0,86.0,95.5,252.0,131261.93719008262,0.0,0.7727272727272727,0.0
8.68,800,79511,86.0,74.0,86.0,94.0,110.0,8186.432623437501,0.0,0.87375,0.0
3.29,403,46146,86.0,74.0,86.0,94.0,110.0,13908.790904444952,0.0,0.8238213399503722,0.0
8.0,861,79950,86.0,74.0,86.0,94.0,110.0,1278.5963165754101,0.0,0.875725900116144,0.0
6.79,730,70726,86.0,74.0,86.0,94.0,110.0,3783.197718145993,0.0,0.863013698630137,0.0
4.04,444,39342,86.0,74.0,86.0,94.0,110.0,136.1437180423667,0.0,0.8873873873873874,0.0
1.78,188,21243,86.0,74.0,86.0,94.0,110.0,11319.228695110916,0.0,0.8404255319148937,0.0
2.82,213,21912,86.0,74.0,86.0,94.0,110.0,6244.589565562386,0.0,0.8591549295774648,0.0
6.2,703,68041,86.0,74.0,86.0,94.0,110.0,4577.561869573398,0.0,0.8705547652916074,0.0
5.49,552,50520,86.0,74.0,86.0,94.0,110.0,1793.0321361058607,0.0,0.8894927536231884,0.0
5.64,592,56720,86.0,74.0,86.0,94.0,110.0,5582.639883126369,0.0,0.8733108108108109,0.0
2.2,178,15568,86.0,74.0,86.0,94.0,94.0,93.41699280393891,0.0,0.9044943820224719,0.0
1.27,101,10096,86.0,74.0,86.0,94.0,110.0,5502.4934810312725,0.0,0.8514851485148515,0.0
8.73,845,88056,86.0,74.0,86.0,94.0,110.0,9090.766085221105,0.0,0.8532544378698225,0.0
1.2,88,8372,86.0,74.0,86.0,94.0,110.0,1691.254132231405,0.0,0.8636363636363636,0.0
4.11,402,37900,86.0,74.0,86.0,94.0,110.0,2286.330338357961,0.0,0.8731343283582089,0.0
0.75,99,8780,86.0,74.0,86.0,94.0,110.0,121.14437302316088,0.0,0.8888888888888888,0.0
5.64,467,43639,86.0,74.0,86.0,94.0,110.0,1198.1528000036683,0.0,0.8758029978586723,0.0
1.7,126,13682,86.0,74.0,86.0,94.0,110.0,8086.57571176619,0.0,0.8492063492063492,0.0
3.0,352,34392,86.0,74.0,86.0,94.0,110.0,3504.003615702479,0.0,0.8636363636363636,0.0
1.88,180,16386,86.0,74.0,86.0,94.0,110.0,614.2433333333335,0.0,0.8777777777777778,0.0
7.68,714,65786,86.0,74.0,86.0,94.0,110.0,871.000768935025,0.0,0.876750700280112,0.0
0.62,77,7576,86.0,74.0,86.0,94.0,110.0,5150.96508686119,0.0,0.8831168831168831,0.0
6.88,688,63181,86.0,74.0,86.0,94.0,110.0,1241.04328141901,0.0,0.876453488372093,0.0
8.92,917,87085,86.0,74.0,86.0,94.0,110.0,9029.048002768497,0.0,0.8865866957470011,0.0
7.85,628,58722,86.0,74.0,86.0,94.0,110.0,2147.0684307679826,0.0,0.8773885350318471,0.0
6.66,579,52803,86.0,74.0,86.0,94.0,110.0,845.28420449766,0.0,0.8791018998272885,0.0
9.55,784,73089,86.0,74.0,86.0,94.0,110.0,1649.7895912510414,0.0,0.8686224489795918,0.0
3.64,320,29279,86.0,74.0,86.0,94.0,110.0,859.999990234375,0.0,0.871875,0.0
2.88,211,19342,86.0,74.0,86.0,94.0,110.0,845.7477594842887,0.0,0.8672985781990521,0.0
5.73,498,50111,86.0,74.0,86.0,94.0,110.0,6804.266628764051,0.0,0.8694779116465864,0.0
5.35,548,53047,86.0,74.0,86.0,94.0,110.0,2429.195838217273,0.0,0.8613138686131386,0.0
4.25,393,34812,86.0,74.0,86.0,94.0,106.80000000000018,348.01965697414676,0.0,0.8982188295165394,0.0
7.97,637,61503,86.0,74.0,86.0,94.0,110.0,3867.1233780796456,0.0,0.8759811616954474,0.0
4.41,265,25726,86.0,74.0,86.0,86.0,110.0,2854.186173015308,0.0,0.8830188679245283,0.0
9.59,868,77603,86.0,74.0,86.0,94.0,110.0,457.95514212448774,0.0,0.8963133640552995,0.0
2.96,288,26531,86.0,74.0,86.0,94.0,110.0,1258.655369888117,0.0,0.8680555555555556,0.0
2.27,246,23292,86.0,74.0,86.0,94.0,110.0,4548.411659726352,0.0,0.8699186991869918,0.0
9.16,1083,104839,86.0,74.0,86.0,94.0,110.0,2956.327331912909,0.0,0.8716528162511542,0.0
1.1,131,11802,86.0,74.0,86.0,90.0,108.0,585.335120330983,0.0,0.8931297709923665,0.0
2.53,253,29738,86.0,74.0,86.0,94.0,110.0,37814.42219062945,0.0,0.8735177865612648,0.0
1.86,206,18706,86.0,74.0,86.0,94.0,110.0,613.2244320859646,0.0,0.8932038834951457,0.0
1.7,150,13998,86.0,74.0,86.0,94.0,110.0,1194.8042666666668,0.0,0.8666666666666667,0.0
8.64,1040,97896,86.0,74.0,86.0,94.0,110.0,2468.8098224852074,0.0,0.8817307692307692,0.0
4.73,577,51386,86.0,74.0,86.0,94.0,110.0,639.4681328451412,0.0,0.8977469670710572,0.0
3.51,387,35592,86.0,74.0,86.0,94.0,110.0,1681.5700979508442,0.0,0.8940568475452196,0.0
6.66,732,67399,86.0,74.0,86.0,94.0,110.0,1363.809928260026,0.0,0.8743169398907104,0.0
4.77,531,70584,86.0,74.0,86.0,94.0,110.0,121551.84959622075,0.0,0.8832391713747646,0.0
9.77,919,95840,86.0,74.0,86.0,94.0,110.0,32389.179718220472,0.0,0.8824809575625681,0.0
7.16,782,75723,86.0,74.0,86.0,94.0,110.0,9764.947640648606,0.0,0.8759590792838875,0.0
7.15,612,67066,86.0,74.0,86.0,94.0,110.0,40061.955198855125,0.0,0.8660130718954249,0.0
2.05,223,20263,86.0,74.0,86.0,94.0,110.0,777.766655271572,0.0,0.8834080717488789,0.0
9.69,1038,96614,86.0,74.0,86.0,94.0,110.0,1147.76284614328,0.0,0.8757225433526011,0.0
4.31,215,19960,86.0,86.0,86.0,90.0,110.0,1084.3223363980528,0.0,0.8930232558139535,0.0
1.86,173,15320,86.0,74.0,86.0,94.0,110.0,89.2065221023088,0.0,0.8901734104046243,0.0
8.53,877,83034,86.0,74.0,86.0,94.0,110.0,3597.547280105157,0.0,0.8802736602052451,0.0
9.56,824,74958,86.0,74.0,86.0,94.0,110.0,1159.8606548685077,0.0,0.8859223300970874,0.0
10.0,940,87455,86.0,74.0,86.0,94.0,110.0,2393.91244341331,0.0,0.875531914893617,0.0
2.7,293,26809,86.0,74.0,86.0,94.0,110.0,678.8916353131663,0.0,0.8805460750853242,0.0
3.36,372,33661,86.0,74.0,86.0,86.0,110.0,800.6207870852123,0.0,0.8924731182795699,0.0
6.54,619,55200,86.0,74.0,86.0,94.0,110.0,356.71697276079766,0.0,0.8917609046849758,0.0
9.64,910,116855,86.0,74.0,86.0,94.0,110.0,95555.89062311317,0.0,0.8758241758241758,0.0
8.36,761,72033,86.0,74.0,86.0,94.0,110.0,1616.769773501565,0.0,0.871222076215506,0.0
8.57,828,75166,86.0,74.0,86.0,94.0,110.0,803.7318782235292,0.0,0.8804347826086957,0.0
1.96,214,20696,86.0,74.0,86.0,94.0,110.0,2416.2431653419517,0.0,0.8691588785046729,0.0
3.82,357,31934,86.0,74.0,86.0,94.0,110.0,538.1411545010162,0.0,0.8907563025210085,0.0
7.87,848,77934,86.0,74.0,86.0,94.0,110.0,1426.6604607956567,0.0,0.8797169811320755,0.0
2.74,339,35710,86.0,74.0,86.0,94.0,110.0,7766.4542424796155,0.0,0.8466076696165191,0.0
3.25,377,33444,86.0,74.0,86.0,94.0,110.0,279.0861681993119,0.0,0.8885941644562334,0.0
0.27,65,5846,86.0,74.0,86.0,94.0,110.0,247.01159763313603,0.0,0.8769230769230769,0.0
8.2,1007,111379,86.0,74.0,86.0,94.0,110.0,26870.626312929653,0.0,0.8490566037735849,0.0
4.88,446,41371,86.0,74.0,86.0,94.0,110.0,2441.6083623237946,0.0,0.8834080717488789,0.0
4.51,502,46408,86.0,74.0,86.0,94.0,110.0,3238.6853542007266,0.0,0.8904382470119522,0.0
7.01,696,67979,86.0,74.0,86.0,94.0,110.0,6446.4678932983215,0.0,0.8764367816091954,0.0
5.95,593,52988,86.0,74.0,86.0,94.0,110.0,834.7722132012321,0.0,0.8920741989881956,0.0
4.02,394,37077,86.0,74.0,86.0,94.0,110.0,1933.702369295782,0.0,0.8705583756345178,0.0
0.93,97,8534,86.0,74.0,86.0,94.0,100.40000000000009,91.0923583802742,0.0,0.8969072164948454,0.0
4.49,451,44884,86.0,74.0,86.0,94.0,110.0,3395.6597558517415,0.0,0.8558758314855875,0.0
7.6,741,66148,86.0,74.0,86.0,94.0,110.0,690.890090897336,0.0,0.8920377867746289,0.0
7.51,857,80768,86.0,74.0,86.0,94.0,110.0,3188.553723948157,0.0,0.8786464410735122,0.0
5.76,559,50304,86.0,74.0,86.0,94.0,110.0,450.6188472259113,0.0,0.8819320214669052,0.0
6.57,728,67788,86.0,74.0,86.0,94.0,110.0,2508.324598478445,0.0,0.8722527472527473,0.0
7.6,851,80093,86.0,74.0,86.0,94.0,110.0,1895.4447508357487,0.0,0.8754406580493537,0.0
1.5,161,14692,86.0,74.0,86.0,94.0,110.0,724.3140310944796,0.0,0.8944099378881988,0.0
6.16,770,71097,86.0,74.0,86.0,94.0,110.0,1300.3314572440543,0.0,0.8779220779220779,0.0
8.08,931,91013,86.0,74.0,86.0,94.0,110.0,7923.779401703586,0.0,0.8732545649838883,0.0
8.05,913,85066,86.0,74.0,86.0,94.0,110.0,2433.7415138998686,0.0,0.8806133625410734,0.0
1.71,222,20099,86.0,74.0,86.0,94.0,110.0,812.3478005032059,0.0,0.8828828828828829,0.0
3.17,326,30010,86.0,74.0,86.0,94.0,110.0,1039.0276261808874,0.0,0.8865030674846626,0.0
8.9,857,77143,86.0,74.0,86.0,94.0,110.0,517.0604466749903,0.0,0.882147024504084,0.0
1.66,183,15961,86.0,74.0,86.0,94.0,94.0,116.09429962077103,0.0,0.9016393442622951,0.0
7.53,394,49689,86.0,74.0,86.0,86.0,105.19999999999982,89880.21791981242,0.0,0.8984771573604061,0.0
5.74,618,61716,86.0,74.0,86.0,94.0,110.0,27172.70644421402,0.0,0.8851132686084142,0.0
7.25,814,94629,86.0,74.0,86.0,94.0,110.0,63555.23264402442,0.0,0.8734643734643734,0.0
4.78,555,52634,86.0,74.0,86.0,94.0,110.0,3314.4722149176205,0.0,0.8864864864864865,0.0
9.72,1047,95862,86.0,74.0,86.0,94.0,110.0,1310.556005287313,0.0,0.8844317096466093,0.0
5.7,692,104078,86.0,74.0,86.0,94.0,110.0,138870.44265595239,0.0,0.8569364161849711,0.0
4.6,472,42845,86.0,74.0,86.0,94.0,110.0,638.9380161950592,0.0,0.875,0.0
2.92,375,33489,86.0,74.0,86.0,94.0,110.0,390.6702506666666,0.0,0.8853333333333333,0.0
6.81,747,67170,86.0,74.0,86.0,94.0,110.0,792.5611522394801,0.0,0.8862115127175368,0.0
3.68,438,41035,86.0,74.0,86.0,94.0,110.0,1679.4249963512023,0.0,0.8744292237442922,0.0
1.19,121,10712,86.0,74.0,86.0,94.0,110.0,230.59627074653378,0.0,0.8925619834710744,0.0
9.21,1108,104510,86.0,74.0,86.0,94.0,110.0,2089.9010185197253,0.0,0.8655234657039711,0.0
2.47,279,25552,86.0,74.0,86.0,94.0,110.0,1182.7375290656596,0.0,0.8566308243727598,0.0
6.48,617,75188,86.0,74.0,86.0,94.0,110.0,83109.10861096591,0.0,0.8752025931928687,0.0
4.89,530,49686,86.0,74.0,86.0,94.0,110.0,5567.641737273052,0.0,0.8830188679245283,0.0
5.58,538,50966,86.0,74.0,86.0,94.0,110.0,4596.939511615374,0.0,0.8810408921933085,0.0
3.6,396,38928,86.0,74.0,86.0,94.0,110.0,2168.7213039485764,0.0,0.851010101010101,0.0
3.35,301,26906,86.0,74.0,86.0,94.0,110.0,423.80571958366903,0.0,0.8870431893687708,0.0
5.75,536,50890,86.0,74.0,86.0,94.0,110.0,5701.623733014034,0.0,0.8880597014925373,0.0
6.01,579,70145,86.0,74.0,86.0,94.0,110.0,77787.23182426966,0.0,0.8791018998272885,0.0
5.34,541,51586,86.0,74.0,86.0,94.0,110.0,4835.951141345014,0.0,0.8687615526802218,0.0
1.04,112,10476,86.0,74.0,86.0,86.0,94.0,2533.7130102040824,0.0,0.9017857142857143,0.0
8.5,857,83442,86.0,74.0,86.0,94.0,110.0,4728.49788072419,0.0,0.8739789964994166,0.0
0.24,31,2662,86.0,74.0,86.0,86.0,94.0,77.9188345473465,0.0,0.9354838709677419,0.0
3.02,317,27866,86.0,74.0,86.0,86.0,94.0,162.70397754978157,0.0,0.9053627760252366,0.0
3.21,313,28236,86.0,74.0,86.0,94.0,110.0,598.1025018117977,0.0,0.8817891373801917,0.0
7.9,961,109569,86.0,74.0,86.0,94.0,110.0,55236.614740758465,0.0,0.8803329864724245,0.0
9.16,1038,93305,86.0,74.0,86.0,94.0,110.0,622.713159106181,0.0,0.8892100192678227,0.0
6.96,807,73856,86.0,74.0,86.0,94.0,110.0,953.1715641789855,0.0,0.8822800495662949,0.0
6.35,774,70640,86.0,74.0,86.0,94.0,110.0,1553.7741254865834,0.0,0.8863049095607235,0.0
6.92,796,72360,86.0,74.0,86.0,86.0,110.0,924.7170147218504,0.0,0.8932160804020101,0.0
1.94,246,21780,86.0,74.0,77.0,86.0,94.0,722.273051754908,0.0,0.9065040650406504,0.0
0.85,117,10352,86.0,74.0,86.0,94.0,100.40000000000009,325.2409964204836,0.0,0.8974358974358975,0.0
6.15,700,68213,86.0,74.0,86.0,94.0,110.0,5068.5786346938785,0.0,0.8742857142857143,0.0
8.6,874,80510,86.0,74.0,86.0,94.0,110.0,2288.3822609952404,0.0,0.8844393592677345,0.0
0.03,1,86,86.0,86.0,86.0,86.0,86.0,0.0,0.0,1.0,0.0
9.38,877,82487,86.0,74.0,86.0,94.0,110.0,2210.305886268753,0.0,0.8688711516533637,0.0
1.88,227,20255,86.0,74.0,86.0,94.0,110.0,449.31316346135196,0.0,0.8898678414096917,0.0
8.3,928,111756,86.0,74.0,86.0,94.0,110.0,53572.18428582045,0.0,0.8502155172413793,0.0
2.75,398,49961,86.0,74.0,86.0,94.0,119.0,26071.821955253654,0.0,0.7914572864321608,0.0
2.24,252,23372,86.0,74.0,86.0,94.0,110.0,1717.8878810783576,0.0,0.8928571428571429,0.0
1.75,234,24588,86.0,74.0,86.0,94.0,110.0,4737.677843523998,0.0,0.8333333333333334,0.0
6.78,824,75199,86.0,74.0,86.0,94.0,110.0,1007.7438127415402,0.0,0.8762135922330098,0.0
7.03,886,84493,86.0,74.0,86.0,94.0,110.0,3289.859195460869,0.0,0.8781038374717833,0.0
9.54,1050,98062,86.0,74.0,86.0,94.0,110.0,1862.322227664399,0.0,0.8742857142857143,0.0
8.02,935,91042,86.0,74.0,86.0,94.0,110.0,3395.5488987388826,0.0,0.8716577540106952,0.0
8.59,986,91215,86.0,74.0,86.0,94.0,110.0,1306.454765294241,0.0,0.8803245436105477,0.0
5.69,646,61388,86.0,74.0,86.0,94.0,110.0,4902.113774693517,0.0,0.8777089783281734,0.0
0.83,90,8158,86.0,74.0,86.0,94.0,110.0,531.0069135802466,0.0,0.8777777777777778,0.0
1.09,118,10269,86.0,74.0,86.0,86.0,94.0,99.63494685435222,0.0,0.9067796610169492,0.0
7.08,821,80658,86.0,74.0,86.0,94.0,110.0,6818.766478596999,0.0,0.876979293544458,0.0
9.82,1027,95441,86.0,74.0,86.0,94.0,110.0,1560.3945752890077,0.0,0.8734177215189873,0.0
1.84,190,16746,86.0,74.0,86.0,94.0,110.0,89.42337950138504,0.0,0.8947368421052632,0.0
1.55,137,12449,86.0,74.0,86.0,94.0,110.0,1144.391496616762,0.0,0.8905109489051095,0.0
4.04,396,36680,86.0,74.0,86.0,94.0,110.0,1611.1229466380983,0.0,0.8787878787878788,0.0
2.18,213,18906,86.0,74.0,86.0,94.0,106.80000000000018,242.25722409574823,0.0,0.8967136150234741,0.0
0.28,32,3244,86.0,86.0,86.0,101.0,134.0,1077.359375,0.0,0.75,0.0
7.04,786,72824,86.0,74.0,86.0,94.0,110.0,2563.5120654714497,0.0,0.8778625954198473,0.0
1.61,194,19564,86.0,74.0,86.0,92.0,110.0,4374.037942395578,0.0,0.8711340206185567,0.0
0.9,98,8572,86.0,74.0,86.0,94.0,98.79999999999995,97.75926697209495,0.0,0.8979591836734694,0.0
5.42,611,62355,86.0,74.0,86.0,94.0,110.0,7740.594464281412,0.0,0.8690671031096563,0.0
3.87,184,16814,86.0,86.0,86.0,86.0,94.0,887.4965737240076,0.0,0.9130434782608695,0.0
2.18,152,17954,86.0,74.0,86.0,86.0,131.60000000000014,15148.328081717451,0.0,0.8552631578947368,0.0
6.45,704,67622,86.0,74.0,86.0,94.0,110.0,2124.7840182722107,0.0,0.8678977272727273,0.0
3.39,315,28614,86.0,74.0,86.0,94.0,110.0,1355.8944217687076,0.0,0.8825396825396825,0.0
7.52,746,71351,86.0,74.0,86.0,94.0,110.0,4717.038692508391,0.0,0.871313672922252,0.0
2.03,187,17444,86.0,74.0,86.0,94.0,110.0,1207.8394578054847,0.0,0.8609625668449198,0.0
4.76,462,44294,86.0,74.0,86.0,94.0,110.0,5535.971252412812,0.0,0.8701298701298701,0.0
6.1,544,52228,86.0,74.0,86.0,94.0,110.0,4903.099210640137,0.0,0.8584558823529411,0.0
4.07,454,55109,86.0,74.0,86.0,94.0,110.0,53822.1355595878,0.0,0.8303964757709251,0.0
6.43,658,62521,86.0,74.0,86.0,94.0,110.0,2019.9830032058094,0.0,0.8693009118541033,0.0
7.31,728,69768,86.0,74.0,86.0,94.0,110.0,6154.807994203598,0.0,0.8736263736263736,0.0
1.5,183,22527,86.0,74.0,86.0,94.0,110.0,43081.935680372655,0.0,0.8142076502732241,0.0
7.32,743,84494,86.0,74.0,86.0,94.0,110.0,32077.77358169293,0.0,0.8438761776581427,0.0
1.04,110,11206,86.0,74.0,86.0,94.0,110.0,10190.347438016528,0.0,0.8636363636363636,0.0
8.12,742,68848,86.0,74.0,86.0,94.0,110.0,3395.798323174055,0.0,0.8787061994609164,0.0
3.43,305,28813,86.0,74.0,86.0,94.0,110.0,2948.924439666756,0.0,0.8819672131147541,0.0
8.09,766,69679,86.0,74.0,86.0,94.0,110.0,930.4334834241149,0.0,0.8851174934725848,0.0
0.01,4,348,90.0,77.6,83.0,94.0,94.0,67.0,0.0,1.0,0.0
0.88,56,4804,86.0,74.0,74.0,86.0,94.0,96.81122448979593,0.0,0.9107142857142857,0.0
4.73,482,43605,86.0,74.0,86.0,94.0,110.0,577.7053296258674,0.0,0.8775933609958506,0.0
7.98,766,70986,86.0,74.0,86.0,94.0,110.0,2399.802998179822,0.0,0.8772845953002611,0.0
2.98,270,31991,86.0,74.0,86.0,94.0,110.0,37319.783113854595,0.0,0.8592592592592593,0.0
1.63,204,24819,86.0,74.0,86.0,94.0,110.0,60687.73363610148,0.0,0.8529411764705882,0.0
5.81,575,54607,86.0,74.0,86.0,94.0,110.0,2595.734672211721,0.0,0.8747826086956522,0.0
7.76,809,76106,86.0,74.0,86.0,94.0,110.0,1524.8721261579785,0.0,0.8677379480840544,0.0
6.17,662,65232,86.0,74.0,86.0,94.0,110.0,8610.511413732987,0.0,0.8761329305135952,0.0
3.96,1395,1791026,94.0,86.0,86.0,2822.0,4190.0,3430860.875268304,0.0,0.6372759856630824,0.0
3.39,348,32787,86.0,74.0,86.0,94.0,110.0,2410.7667707094733,0.0,0.8706896551724138,0.0
5.49,1222,1718178,86.0,86.0,86.0,86.0,94.0,60710255.52395124,0.0,0.9140752864157119,0.0
9.58,974,90719,86.0,74.0,86.0,94.0,110.0,1855.0798049070497,0.0,0.8747433264887063,0.0
6.27,625,56853,86.0,74.0,86.0,94.0,110.0,486.69316096,0.0,0.8688,0.0
9.74,932,88980,86.0,74.0,86.0,94.0,110.0,6764.671968538745,0.0,0.878755364806867,0.0
9.98,1041,99711,86.0,74.0,86.0,94.0,110.0,2602.021487873277,0.0,0.8722382324687801,0.0
8.71,990,96552,86.0,74.0,86.0,94.0,110.0,10989.313902662994,0.0,0.8727272727272727,0.0
8.79,965,88440,86.0,74.0,86.0,94.0,110.0,1459.5297484496232,0.0,0.883937823834197,0.0
6.14,647,61224,86.0,74.0,86.0,94.0,110.0,7343.093091643993,0.0,0.8964451313755796,0.0
5.96,719,71464,86.0,74.0,86.0,94.0,110.0,5461.117678122721,0.0,0.8609179415855355,0.0
4.87,560,53587,86.0,74.0,86.0,94.0,110.0,3075.763491709184,0.0,0.8714285714285714,0.0
1.41,186,16865,86.0,74.0,86.0,94.0,110.0,488.2634119551392,0.0,0.8817204301075269,0.0
6.11,581,53036,86.0,74.0,86.0,94.0,110.0,830.1517059138939,0.0,0.8760757314974182,0.0
0.91,103,9078,86.0,74.0,86.0,94.0,106.79999999999995,93.14657366387034,0.0,0.8932038834951457,0.0
9.97,1137,114991,86.0,74.0,86.0,94.0,110.0,9118.44251679921,0.0,0.8566402814423922,0.0
6.26,651,58195,86.0,74.0,86.0,94.0,110.0,511.05273465612385,0.0,0.8878648233486943,0.0
5.78,611,56913,86.0,74.0,86.0,94.0,110.0,1747.4152913980195,0.0,0.8821603927986906,0.0
5.27,563,50663,86.0,74.0,86.0,94.0,110.0,890.6161864409455,0.0,0.8952042628774423,0.0
8.78,895,80411,86.0,74.0,86.0,94.0,110.0,679.3423601011206,0.0,0.8804469273743016,0.0
7.9,834,77663,86.0,74.0,86.0,94.0,110.0,3318.082456337088,0.0,0.8932853717026379,0.0
8.26,959,89388,86.0,74.0,86.0,94.0,110.0,1788.0363626083392,0.0,0.8832116788321168,0.0
3.29,344,31584,86.0,74.0,86.0,94.0,110.0,1440.7793401838833,0.0,0.8808139534883721,0.0
0.81,70,6092,86.0,74.0,86.0,94.0,95.60000000000002,100.4277551020408,0.0,0.9,0.0
7.63,827,79879,86.0,74.0,86.0,94.0,110.0,4346.858787973605,0.0,0.871825876662636,0.0
8.5,898,82586,86.0,74.0,86.0,94.0,110.0,2100.1169240231943,0.0,0.8953229398663697,0.0
8.74,539,53182,86.0,74.0,86.0,94.0,110.0,3601.954646996259,0.0,0.8682745825602969,0.0
7.85,695,68389,86.0,74.0,86.0,94.0,110.0,5252.033091454894,0.0,0.8661870503597122,0.0
8.19,871,79676,86.0,74.0,86.0,94.0,110.0,1347.3539236608622,0.0,0.8909299655568312,0.0
5.54,563,54091,86.0,74.0,86.0,94.0,110.0,2830.7881275455948,0.0,0.8632326820603907,0.0
1.71,126,11046,86.0,74.0,86.0,94.0,110.0,173.38095238095232,0.0,0.8888888888888888,0.0
6.61,656,63315,86.0,74.0,86.0,94.0,110.0,2255.539352970702,0.0,0.8582317073170732,0.0
2.36,205,18748,86.0,74.0,86.0,94.0,110.0,1135.5063890541344,0.0,0.8829268292682927,0.0
6.92,578,53836,86.0,74.0,86.0,94.0,110.0,1550.9175895882474,0.0,0.8650519031141869,0.0
9.7,92,21064,187.0,94.0,94.0,209.0,577.0,50127.12854442342,0.0,0.3695652173913043,0.0
2.43,5,3035,134.0,94.0,94.0,1219.0,1384.0,382276.0,0.0,0.4,0.0
4.45,15,1737,94.0,94.0,94.0,104.5,190.0,1652.6933333333334,0.0,0.7333333333333333,0.0
4.87,182,37566,94.0,86.0,86.0,134.0,271.10000000000025,157804.7138026808,0.0,0.6318681318681318,0.0
5.61,72,7536,86.0,86.0,86.0,94.0,115.0,4068.4444444444434,0.0,0.8055555555555556,0.0
3.72,141,17445,86.0,74.0,86.0,94.0,144.0,21872.455409687645,0.0,0.8085106382978723,0.0
2.38,194,19562,86.0,77.60000000000001,86.0,94.0,134.0,2348.3439260282703,0.0,0.8298969072164949,0.0
6.8,640,63064,86.0,74.0,86.0,94.0,110.0,5813.72359375,0.0,0.871875,0.0
0.74,89,11612,86.0,74.0,86.0,94.0,110.0,34647.732357025605,0.0,0.8314606741573034,0.0
6.87,783,70958,86.0,74.0,86.0,94.0,110.0,1004.0764456710202,0.0,0.8863346104725415,0.0
6.31,699,68010,86.0,74.0,86.0,94.0,110.0,8320.597567340223,0.0,0.8640915593705293,0.0
9.61,1089,104106,86.0,74.0,86.0,94.0,110.0,6333.0338243441165,0.0,0.8769513314967861,0.0
0.94,85,7434,86.0,74.0,86.0,94.0,94.0,89.16595155709341,0.0,0.9176470588235294,0.0
8.46,907,95852,86.0,74.0,86.0,94.0,110.0,15499.955101142772,0.0,0.8621830209481808,0.0
4.66,478,44046,86.0,74.0,86.0,94.0,110.0,1133.945081493671,0.0,0.8744769874476988,0.0
6.53,728,69260,86.0,74.0,86.0,94.0,110.0,5392.0662963410205,0.0,0.8653846153846154,0.0
5.18,523,49879,86.0,74.0,86.0,94.0,110.0,3454.504853233113,0.0,0.869980879541109,0.0
1.62,122,12174,86.0,74.0,86.0,94.0,110.0,4263.790647675356,0.0,0.860655737704918,0.0
6.75,233,27486,94.0,86.0,86.0,110.0,209.0,7135.809979922266,0.0,0.7296137339055794,0.0
5.34,26,7751,198.5,94.0,94.0,569.25,724.0,67347.71745562131,0.0,0.38461538461538464,0.0
5.91,20,5053,94.0,94.0,94.0,209.0,713.5000000000003,120175.82749999998,0.0,0.65,0.0
3.05,36,3525,86.0,74.0,86.0,95.0,118.0,1043.7986111111113,0.0,0.7777777777777778,0.0
5.55,205,36135,86.0,86.0,86.0,114.0,199.99999999999983,113936.82070196311,0.0,0.6487804878048781,0.0
2.65,78,7605,86.0,74.0,86.0,94.0,110.0,3075.096153846154,0.0,0.8717948717948718,0.0
3.48,79,8809,86.0,74.0,86.0,90.0,110.0,9986.705656144844,0.0,0.8607594936708861,0.0
8.61,722,67278,86.0,74.0,86.0,94.0,110.0,3450.005356005555,0.0,0.8864265927977839,0.0
3.74,390,41522,86.0,74.0,86.0,94.0,110.0,31953.038632478627,0.0,0.8717948717948718,0.0
6.94,750,85021,86.0,74.0,86.0,94.0,110.0,26169.90543822222,0.0,0.856,0.0
5.51,520,48076,86.0,74.0,86.0,94.0,110.0,2864.7094082840235,0.0,0.8826923076923077,0.0
2.35,238,24403,86.0,74.0,86.0,94.0,110.0,8678.89592895982,0.0,0.8739495798319328,0.0
2.23,236,27485,86.0,74.0,86.0,94.0,110.0,34827.7570202528,0.0,0.8432203389830508,0.0
3.12,317,30656,86.0,74.0,86.0,94.0,110.0,2631.4565176287942,0.0,0.8706624605678234,0.0
5.72,564,51548,86.0,74.0,86.0,94.0,110.0,2206.3458075549524,0.0,0.8953900709219859,0.0
8.45,920,108694,86.0,74.0,86.0,94.0,110.0,35625.552698487714,0.0,0.842391304347826,0.0
4.96,466,42578,86.0,74.0,86.0,94.0,110.0,1253.5676288014151,0.0,0.8884120171673819,0.0
8.41,928,91426,86.0,74.0,86.0,94.0,110.0,9749.305658256539,0.0,0.884698275862069,0.0
1.58,215,23781,86.0,74.0,86.0,94.0,110.0,28685.475262303968,0.0,0.8697674418604651,0.0
2.35,323,49230,86.0,74.0,86.0,94.0,328.0,71188.74429928401,0.0,0.8018575851393189,0.0
3.86,384,36972,86.0,74.0,86.0,94.0,110.0,8976.6708984375,0.0,0.8828125,0.0
0.68,103,28271,86.0,86.0,86.0,98.0,469.59999999999985,329684.5600904893,0.0,0.7766990291262136,0.0
2.86,311,30700,86.0,74.0,86.0,94.0,110.0,11965.625500149921,0.0,0.8713826366559485,0.0
0.02,5,418,86.0,78.8,86.0,86.0,86.0,23.040000000000003,0.0,1.0,0.0
8.14,823,75867,86.0,74.0,86.0,94.0,110.0,1884.1255106454917,0.0,0.8772782503037667,0.0
6.28,736,78414,86.0,74.0,86.0,94.0,110.0,38515.01464289935,0.0,0.8845108695652174,0.0
9.45,988,119290,86.0,74.0,86.0,94.0,110.0,60718.344764706824,0.0,0.8623481781376519,0.0
5.21,631,78894,86.0,74.0,86.0,94.0,110.0,58302.34299190528,0.0,0.8573692551505546,0.0
8.35,1036,128065,86.0,74.0,86.0,94.0,110.0,60384.15186397788,0.0,0.8532818532818532,0.0
3.3,439,65835,86.0,74.0,86.0,94.0,116.79999999999961,102474.69359332917,0.0,0.8246013667425968,0.0
1.66,142,16914,86.0,74.0,86.0,94.0,110.0,35546.79012100775,0.0,0.8309859154929577,0.0
0.8,105,9272,86.0,74.0,86.0,94.0,94.0,166.45950113378686,0.0,0.9047619047619048,0.0
1.24,214,47824,94.0,86.0,86.0,328.0,329.0,133522.9971176522,0.0,0.6214953271028038,0.0
5.7,338,41339,86.0,74.0,86.0,94.0,110.0,48225.95743321313,0.0,0.8668639053254438,0.0
4.67,600,73619,86.0,74.0,86.0,94.0,110.0,52036.97066388889,0.0,0.8466666666666667,0.0
0.94,102,9158,86.0,74.0,86.0,94.0,94.0,631.2083813917725,0.0,0.9019607843137255,0.0
0.37,31,2610,86.0,74.0,74.0,86.0,94.0,84.47866805411029,0.0,0.9354838709677419,0.0
8.09,1104,177308,86.0,74.0,86.0,94.0,328.0,114894.29511919766,0.0,0.8061594202898551,0.0
9.42,1079,124030,86.0,74.0,86.0,94.0,110.0,49520.163296087325,0.0,0.865616311399444,0.0
3.31,412,54709,86.0,74.0,86.0,94.0,328.0,42687.85104039023,0.0,0.8058252427184466,0.0
8.44,162,14238,86.0,74.0,86.0,94.0,110.0,117.14814814814815,0.0,0.8888888888888888,0.0
